2026-09-04 00:10:51,593 | INFO | 
🚀 Starting run for 2026-09-04

2026-09-04 00:10:51,597 | INFO | 📌 Total cities: 1901

2026-09-04 00:10:51,780 | INFO | 🌐 Session warmed
2026-09-04 00:10:51,780 | INFO | [1/1901] Fetching Mumbai (MUMBAI)
2026-09-04 00:10:51,782 | INFO | 🌐 Session warmed
2026-09-04 00:10:51,782 | INFO | [2/1901] Fetching Delhi-NCR (NCR)
2026-09-04 00:10:51,785 | INFO | 🌐 Session warmed
2026-09-04 00:10:51,785 | INFO | [4/1901] Fetching Hyderabad (HYD)
2026-09-04 00:10:51,793 | INFO | 🌐 Session warmed
2026-09-04 00:10:51,793 | INFO | [3/1901] Fetching Bengaluru (BANG)
2026-09-04 00:10:52,549 | INFO |    ↳ Status 403
2026-09-04 00:10:52,549 | WARNING |    ⚠ Blocked (403) retry 1
2026-09-04 00:10:52,640 | INFO | 🌐 Session warmed
2026-09-04 00:10:52,673 | INFO |    ↳ Status 403
2026-09-04 00:10:52,673 | WARNING |    ⚠ Blocked (403) retry 1
2026-09-04 00:10:52,774 | INFO | 🌐 Session warmed
2026-09-04 00:10:52,817 | INFO |    ↳ Status 403
2026-09-04 00:10:52,817 | WARNING |    ⚠ Blocked (403) retry 1
2026-09-04 00:10:52,904 | INFO | 🌐 Session warmed
2026-09-04 00:10:53,189 | INFO |    ↳ Status 403
2026-09-04 00:10:53,189 | WARNING |    ⚠ Blocked (403) retry 1
2026-09-04 00:10:53,294 | INFO | 🌐 Session warmed
2026-09-04 00:10:54,499 | INFO |    ↳ Status 403
2026-09-04 00:10:54,499 | WARNING |    ⚠ Blocked (403) retry 2
2026-09-04 00:10:54,579 | INFO |    ↳ Status 403
2026-09-04 00:10:54,579 | WARNING |    ⚠ Blocked (403) retry 2
2026-09-04 00:10:54,601 | INFO | 🌐 Session warmed
2026-09-04 00:10:54,653 | INFO |    ↳ Status 403
2026-09-04 00:10:54,653 | WARNING |    ⚠ Blocked (403) retry 2
2026-09-04 00:10:54,697 | INFO | 🌐 Session warmed
2026-09-04 00:10:54,777 | INFO | 🌐 Session warmed
2026-09-04 00:10:55,032 | INFO |    ↳ Status 403
2026-09-04 00:10:55,033 | WARNING |    ⚠ Blocked (403) retry 2
2026-09-04 00:10:55,125 | INFO | 🌐 Session warmed
2026-09-04 00:10:57,401 | INFO |    ↳ Status 403
2026-09-04 00:10:57,401 | WARNING |    ⚠ Blocked (403) retry 3
2026-09-04 00:10:57,493 | INFO | 🌐 Session warmed
2026-09-04 00:10:57,602 | INFO |    ↳ Status 403
2026-09-04 00:10:57,602 | WARNING |    ⚠ Blocked (403) retry 3
2026-09-04 00:10:57,642 | INFO |    ↳ Status 403
2026-09-04 00:10:57,642 | WARNING |    ⚠ Blocked (403) retry 3
2026-09-04 00:10:57,707 | INFO | 🌐 Session warmed
2026-09-04 00:10:57,731 | INFO | 🌐 Session warmed
2026-09-04 00:10:58,541 | INFO |    ↳ Status 403
2026-09-04 00:10:58,541 | WARNING |    ⚠ Blocked (403) retry 3
2026-09-04 00:10:58,634 | INFO | 🌐 Session warmed
2026-09-04 00:11:01,493 | INFO | [5/1901] Fetching Chandigarh (CHD)
2026-09-04 00:11:01,707 | INFO | [6/1901] Fetching Ahmedabad (AHD)
2026-09-04 00:11:01,731 | INFO | [7/1901] Fetching Pune (PUNE)
2026-09-04 00:11:02,540 | INFO |    ↳ Status 403
2026-09-04 00:11:02,540 | WARNING |    ⚠ Blocked (403) retry 1
2026-09-04 00:11:02,635 | INFO | [8/1901] Fetching Chennai (CHEN)
2026-09-04 00:11:02,701 | INFO | 🌐 Session warmed
2026-09-04 00:11:02,731 | INFO |    ↳ Status 403
2026-09-04 00:11:02,731 | WARNING |    ⚠ Blocked (403) retry 1
2026-09-04 00:11:02,768 | INFO |    ↳ Status 403
2026-09-04 00:11:02,768 | WARNING |    ⚠ Blocked (403) retry 1
2026-09-04 00:11:02,853 | INFO | 🌐 Session warmed
2026-09-04 00:11:02,878 | INFO | 🌐 Session warmed
2026-09-04 00:11:03,322 | INFO |    ↳ Status 403
2026-09-04 00:11:03,322 | WARNING |    ⚠ Blocked (403) retry 1
2026-09-04 00:11:03,413 | INFO | 🌐 Session warmed
2026-09-04 00:11:04,605 | INFO |    ↳ Status 403
2026-09-04 00:11:04,605 | WARNING |    ⚠ Blocked (403) retry 2
2026-09-04 00:11:04,701 | INFO | 🌐 Session warmed
2026-09-04 00:11:04,880 | INFO |    ↳ Status 403
2026-09-04 00:11:04,880 | WARNING |    ⚠ Blocked (403) retry 2
2026-09-04 00:11:04,893 | INFO |    ↳ Status 403
2026-09-04 00:11:04,893 | WARNING |    ⚠ Blocked (403) retry 2
2026-09-04 00:11:04,989 | INFO | 🌐 Session warmed
2026-09-04 00:11:04,997 | INFO | 🌐 Session warmed
2026-09-04 00:11:05,534 | INFO |    ↳ Status 403
2026-09-04 00:11:05,534 | WARNING |    ⚠ Blocked (403) retry 2
2026-09-04 00:11:05,639 | INFO | 🌐 Session warmed
2026-09-04 00:11:07,958 | INFO |    ↳ Status 403
2026-09-04 00:11:07,959 | WARNING |    ⚠ Blocked (403) retry 3
2026-09-04 00:11:08,063 | INFO | 🌐 Session warmed
2026-09-04 00:11:08,068 | INFO |    ↳ Status 403
2026-09-04 00:11:08,068 | WARNING |    ⚠ Blocked (403) retry 3
2026-09-04 00:11:08,114 | INFO |    ↳ Status 403
2026-09-04 00:11:08,114 | WARNING |    ⚠ Blocked (403) retry 3
2026-09-04 00:11:08,180 | INFO | 🌐 Session warmed
2026-09-04 00:11:08,233 | INFO | 🌐 Session warmed
2026-09-04 00:11:08,998 | INFO |    ↳ Status 403
2026-09-04 00:11:08,998 | WARNING |    ⚠ Blocked (403) retry 3
2026-09-04 00:11:09,095 | INFO | 🌐 Session warmed
2026-09-04 00:11:12,064 | INFO | [9/1901] Fetching Kolkata (KOLK)
2026-09-04 00:11:12,181 | INFO | [10/1901] Fetching Kochi (KOCH)
2026-09-04 00:11:12,233 | INFO | [11/1901] Fetching Aalo (AALU)
2026-09-04 00:11:12,762 | INFO |    ↳ Status 403
2026-09-04 00:11:12,763 | WARNING |    ⚠ Blocked (403) retry 1
2026-09-04 00:11:12,866 | INFO | 🌐 Session warmed
2026-09-04 00:11:13,095 | INFO | [12/1901] Fetching Abohar (ABOR)
2026-09-04 00:11:13,299 | INFO |    ↳ Status 403
2026-09-04 00:11:13,299 | WARNING |    ⚠ Blocked (403) retry 1
2026-09-04 00:11:13,405 | INFO | 🌐 Session warmed
2026-09-04 00:11:13,576 | INFO |    ↳ Status 403
2026-09-04 00:11:13,576 | WARNING |    ⚠ Blocked (403) retry 1
2026-09-04 00:11:13,679 | INFO | 🌐 Session warmed
2026-09-04 00:11:14,063 | INFO |    ↳ Status 403
2026-09-04 00:11:14,063 | WARNING |    ⚠ Blocked (403) retry 1
2026-09-04 00:11:14,167 | INFO | 🌐 Session warmed
2026-09-04 00:11:15,040 | INFO |    ↳ Status 403
2026-09-04 00:11:15,040 | WARNING |    ⚠ Blocked (403) retry 2
2026-09-04 00:11:15,136 | INFO | 🌐 Session warmed
2026-09-04 00:11:15,328 | INFO |    ↳ Status 403
2026-09-04 00:11:15,329 | WARNING |    ⚠ Blocked (403) retry 2
2026-09-04 00:11:15,429 | INFO |    ↳ Status 403
2026-09-04 00:11:15,429 | WARNING |    ⚠ Blocked (403) retry 2
2026-09-04 00:11:15,441 | INFO | 🌐 Session warmed
2026-09-04 00:11:15,522 | INFO | 🌐 Session warmed
2026-09-04 00:11:16,450 | INFO |    ↳ Status 403
2026-09-04 00:11:16,451 | WARNING |    ⚠ Blocked (403) retry 2
2026-09-04 00:11:16,549 | INFO | 🌐 Session warmed
2026-09-04 00:11:17,828 | INFO |    ↳ Status 403
2026-09-04 00:11:17,828 | WARNING |    ⚠ Blocked (403) retry 3
2026-09-04 00:11:17,925 | INFO | 🌐 Session warmed
2026-09-04 00:11:18,272 | INFO |    ↳ Status 403
2026-09-04 00:11:18,273 | WARNING |    ⚠ Blocked (403) retry 3
2026-09-04 00:11:18,383 | INFO | 🌐 Session warmed
2026-09-04 00:11:18,855 | INFO |    ↳ Status 403
2026-09-04 00:11:18,855 | WARNING |    ⚠ Blocked (403) retry 3
2026-09-04 00:11:18,951 | INFO | 🌐 Session warmed
2026-09-04 00:11:19,955 | INFO |    ↳ Status 403
2026-09-04 00:11:19,955 | WARNING |    ⚠ Blocked (403) retry 3
2026-09-04 00:11:20,072 | INFO | 🌐 Session warmed
2026-09-04 00:11:21,925 | INFO | [13/1901] Fetching Abu Road (ABRD)
2026-09-04 00:11:22,384 | INFO | [14/1901] Fetching Achampet (ACHM)
2026-09-04 00:11:22,952 | INFO | [15/1901] Fetching Acharapakkam (ACHA)
2026-09-04 00:11:23,223 | INFO |    ↳ Status 403
2026-09-04 00:11:23,224 | WARNING |    ⚠ Blocked (403) retry 1
2026-09-04 00:11:23,328 | INFO | 🌐 Session warmed
2026-09-04 00:11:23,500 | INFO |    ↳ Status 403
2026-09-04 00:11:23,500 | WARNING |    ⚠ Blocked (403) retry 1
2026-09-04 00:11:23,594 | INFO | 🌐 Session warmed
2026-09-04 00:11:23,845 | INFO |    ↳ Status 403
2026-09-04 00:11:23,845 | WARNING |    ⚠ Blocked (403) retry 1
2026-09-04 00:11:23,949 | INFO | 🌐 Session warmed
2026-09-04 00:11:24,073 | INFO | [16/1901] Fetching Addanki (ADKI)
2026-09-04 00:11:25,143 | INFO |    ↳ Status 403
2026-09-04 00:11:25,144 | WARNING |    ⚠ Blocked (403) retry 1
2026-09-04 00:11:25,224 | INFO | 🌐 Session warmed
2026-09-04 00:11:25,483 | INFO |    ↳ Status 403
2026-09-04 00:11:25,483 | WARNING |    ⚠ Blocked (403) retry 2
2026-09-04 00:11:25,596 | INFO | 🌐 Session warmed
2026-09-04 00:11:25,647 | INFO |    ↳ Status 403
2026-09-04 00:11:25,647 | WARNING |    ⚠ Blocked (403) retry 2
2026-09-04 00:11:25,738 | INFO | 🌐 Session warmed
2026-09-04 00:11:26,199 | INFO |    ↳ Status 403
2026-09-04 00:11:26,199 | WARNING |    ⚠ Blocked (403) retry 2
2026-09-04 00:11:26,309 | INFO | 🌐 Session warmed
2026-09-04 00:11:27,186 | INFO |    ↳ Status 403
2026-09-04 00:11:27,186 | WARNING |    ⚠ Blocked (403) retry 2
2026-09-04 00:11:27,289 | INFO | 🌐 Session warmed
2026-09-04 00:11:28,315 | INFO |    ↳ Status 403
2026-09-04 00:11:28,315 | WARNING |    ⚠ Blocked (403) retry 3
2026-09-04 00:11:28,404 | INFO | 🌐 Session warmed
2026-09-04 00:11:28,952 | INFO |    ↳ Status 403
2026-09-04 00:11:28,952 | WARNING |    ⚠ Blocked (403) retry 3
2026-09-04 00:11:28,981 | INFO |    ↳ Status 403
2026-09-04 00:11:28,981 | WARNING |    ⚠ Blocked (403) retry 3
2026-09-04 00:11:29,074 | INFO | 🌐 Session warmed
2026-09-04 00:11:29,089 | INFO | 🌐 Session warmed
2026-09-04 00:11:30,451 | INFO |    ↳ Status 403
2026-09-04 00:11:30,451 | WARNING |    ⚠ Blocked (403) retry 3
2026-09-04 00:11:30,542 | INFO | 🌐 Session warmed
2026-09-04 00:11:32,405 | INFO | [17/1901] Fetching Adilabad (ADIL)
2026-09-04 00:11:33,075 | INFO | [18/1901] Fetching Adimali (ADIM)
2026-09-04 00:11:33,089 | INFO | [19/1901] Fetching Adipur (ADPR)
2026-09-04 00:11:33,158 | INFO |    ↳ Status 403
2026-09-04 00:11:33,158 | WARNING |    ⚠ Blocked (403) retry 1
2026-09-04 00:11:33,265 | INFO | 🌐 Session warmed
2026-09-04 00:11:34,199 | INFO |    ↳ Status 403
2026-09-04 00:11:34,199 | WARNING |    ⚠ Blocked (403) retry 1
2026-09-04 00:11:34,240 | INFO |    ↳ Status 403
2026-09-04 00:11:34,240 | WARNING |    ⚠ Blocked (403) retry 1
2026-09-04 00:11:34,301 | INFO | 🌐 Session warmed
2026-09-04 00:11:34,350 | INFO | 🌐 Session warmed
2026-09-04 00:11:34,543 | INFO | [20/1901] Fetching Adoni (ADNI)
2026-09-04 00:11:35,031 | INFO |    ↳ Status 403
2026-09-04 00:11:35,031 | WARNING |    ⚠ Blocked (403) retry 2
2026-09-04 00:11:35,123 | INFO | 🌐 Session warmed
2026-09-04 00:11:35,569 | INFO |    ↳ Status 403
2026-09-04 00:11:35,569 | WARNING |    ⚠ Blocked (403) retry 1
2026-09-04 00:11:35,672 | INFO | 🌐 Session warmed
2026-09-04 00:11:36,170 | INFO |    ↳ Status 403
2026-09-04 00:11:36,170 | WARNING |    ⚠ Blocked (403) retry 2
2026-09-04 00:11:36,266 | INFO | 🌐 Session warmed
2026-09-04 00:11:36,634 | INFO |    ↳ Status 403
2026-09-04 00:11:36,634 | WARNING |    ⚠ Blocked (403) retry 2
2026-09-04 00:11:36,731 | INFO | 🌐 Session warmed
2026-09-04 00:11:37,954 | INFO |    ↳ Status 403
2026-09-04 00:11:37,954 | WARNING |    ⚠ Blocked (403) retry 2
2026-09-04 00:11:38,053 | INFO | 🌐 Session warmed
2026-09-04 00:11:38,440 | INFO |    ↳ Status 403
2026-09-04 00:11:38,440 | WARNING |    ⚠ Blocked (403) retry 3
2026-09-04 00:11:38,536 | INFO | 🌐 Session warmed
2026-09-04 00:11:39,260 | INFO |    ↳ Status 403
2026-09-04 00:11:39,260 | WARNING |    ⚠ Blocked (403) retry 3
2026-09-04 00:11:39,355 | INFO | 🌐 Session warmed
2026-09-04 00:11:40,032 | INFO |    ↳ Status 403
2026-09-04 00:11:40,032 | WARNING |    ⚠ Blocked (403) retry 3
2026-09-04 00:11:40,120 | INFO | 🌐 Session warmed
2026-09-04 00:11:41,201 | INFO |    ↳ Status 403
2026-09-04 00:11:41,201 | WARNING |    ⚠ Blocked (403) retry 3
2026-09-04 00:11:41,301 | INFO | 🌐 Session warmed
2026-09-04 00:11:42,537 | INFO | [21/1901] Fetching Agar Malwa (AGOR)
2026-09-04 00:11:43,356 | INFO | [22/1901] Fetching Agartala (AGAR)
2026-09-04 00:11:43,841 | INFO |    ↳ Status 403
2026-09-04 00:11:43,841 | WARNING |    ⚠ Blocked (403) retry 1
2026-09-04 00:11:43,935 | INFO | 🌐 Session warmed
2026-09-04 00:11:44,121 | INFO | [23/1901] Fetching Agiripalli (AGIR)
2026-09-04 00:11:44,583 | INFO |    ↳ Status 403
2026-09-04 00:11:44,584 | WARNING |    ⚠ Blocked (403) retry 1
2026-09-04 00:11:44,677 | INFO | 🌐 Session warmed
2026-09-04 00:11:44,799 | INFO |    ↳ Status 403
2026-09-04 00:11:44,800 | WARNING |    ⚠ Blocked (403) retry 1
2026-09-04 00:11:44,889 | INFO | 🌐 Session warmed
2026-09-04 00:11:45,302 | INFO | [24/1901] Fetching Agra (AGRA)
2026-09-04 00:11:45,771 | INFO |    ↳ Status 403
2026-09-04 00:11:45,771 | WARNING |    ⚠ Blocked (403) retry 2
2026-09-04 00:11:45,868 | INFO | 🌐 Session warmed
2026-09-04 00:11:46,538 | INFO |    ↳ Status 403
2026-09-04 00:11:46,538 | WARNING |    ⚠ Blocked (403) retry 2
2026-09-04 00:11:46,645 | INFO | 🌐 Session warmed
2026-09-04 00:11:46,692 | INFO |    ↳ Status 403
2026-09-04 00:11:46,692 | WARNING |    ⚠ Blocked (403) retry 1
2026-09-04 00:11:46,775 | INFO | 🌐 Session warmed
2026-09-04 00:11:47,219 | INFO |    ↳ Status 403
2026-09-04 00:11:47,219 | WARNING |    ⚠ Blocked (403) retry 2
2026-09-04 00:11:47,329 | INFO | 🌐 Session warmed
2026-09-04 00:11:48,875 | INFO |    ↳ Status 403
2026-09-04 00:11:48,875 | WARNING |    ⚠ Blocked (403) retry 2
2026-09-04 00:11:48,980 | INFO | 🌐 Session warmed
2026-09-04 00:11:49,256 | INFO |    ↳ Status 403
2026-09-04 00:11:49,256 | WARNING |    ⚠ Blocked (403) retry 3
2026-09-04 00:11:49,363 | INFO | 🌐 Session warmed
2026-09-04 00:11:49,498 | INFO |    ↳ Status 403
2026-09-04 00:11:49,498 | WARNING |    ⚠ Blocked (403) retry 3
2026-09-04 00:11:49,577 | INFO | 🌐 Session warmed
2026-09-04 00:11:50,720 | INFO |    ↳ Status 403
2026-09-04 00:11:50,720 | WARNING |    ⚠ Blocked (403) retry 3
2026-09-04 00:11:50,816 | INFO | 🌐 Session warmed
2026-09-04 00:11:52,185 | INFO |    ↳ Status 403
2026-09-04 00:11:52,185 | WARNING |    ⚠ Blocked (403) retry 3
2026-09-04 00:11:52,315 | INFO | 🌐 Session warmed
2026-09-04 00:11:53,363 | INFO | [25/1901] Fetching Ahilyanagar (Ahmednagar) (AHMED)
2026-09-04 00:11:53,577 | INFO | [26/1901] Fetching Ahmedgarh (AHMG)
2026-09-04 00:11:54,228 | INFO |    ↳ Status 403
2026-09-04 00:11:54,228 | WARNING |    ⚠ Blocked (403) retry 1
2026-09-04 00:11:54,273 | INFO |    ↳ Status 403
2026-09-04 00:11:54,273 | WARNING |    ⚠ Blocked (403) retry 1
2026-09-04 00:11:54,338 | INFO | 🌐 Session warmed
2026-09-04 00:11:54,389 | INFO | 🌐 Session warmed
2026-09-04 00:11:54,817 | INFO | [27/1901] Fetching Ahore (AHOR)
2026-09-04 00:11:56,162 | INFO |    ↳ Status 403
2026-09-04 00:11:56,162 | WARNING |    ⚠ Blocked (403) retry 1
2026-09-04 00:11:56,254 | INFO | 🌐 Session warmed
2026-09-04 00:11:56,316 | INFO | [28/1901] Fetching Aizawl (AIZW)
2026-09-04 00:11:56,467 | INFO |    ↳ Status 403
2026-09-04 00:11:56,467 | WARNING |    ⚠ Blocked (403) retry 2
2026-09-04 00:11:56,519 | INFO |    ↳ Status 403
2026-09-04 00:11:56,519 | WARNING |    ⚠ Blocked (403) retry 2
2026-09-04 00:11:56,587 | INFO | 🌐 Session warmed
2026-09-04 00:11:56,619 | INFO | 🌐 Session warmed
2026-09-04 00:11:57,631 | INFO |    ↳ Status 403
2026-09-04 00:11:57,631 | WARNING |    ⚠ Blocked (403) retry 1
2026-09-04 00:11:57,724 | INFO | 🌐 Session warmed
2026-09-04 00:11:58,242 | INFO |    ↳ Status 403
2026-09-04 00:11:58,242 | WARNING |    ⚠ Blocked (403) retry 2
2026-09-04 00:11:58,332 | INFO | 🌐 Session warmed
2026-09-04 00:11:59,290 | INFO |    ↳ Status 403
2026-09-04 00:11:59,290 | WARNING |    ⚠ Blocked (403) retry 3
2026-09-04 00:11:59,396 | INFO | 🌐 Session warmed
2026-09-04 00:11:59,723 | INFO |    ↳ Status 403
2026-09-04 00:11:59,723 | WARNING |    ⚠ Blocked (403) retry 2
2026-09-04 00:11:59,815 | INFO | 🌐 Session warmed
2026-09-04 00:11:59,968 | INFO |    ↳ Status 403
2026-09-04 00:11:59,968 | WARNING |    ⚠ Blocked (403) retry 3
2026-09-04 00:12:00,068 | INFO | 🌐 Session warmed
2026-09-04 00:12:01,576 | INFO |    ↳ Status 403
2026-09-04 00:12:01,576 | WARNING |    ⚠ Blocked (403) retry 3
2026-09-04 00:12:01,668 | INFO | 🌐 Session warmed
2026-09-04 00:12:02,606 | INFO |    ↳ Status 403
2026-09-04 00:12:02,606 | WARNING |    ⚠ Blocked (403) retry 3
2026-09-04 00:12:02,698 | INFO | 🌐 Session warmed
2026-09-04 00:12:03,397 | INFO | [29/1901] Fetching Ajmer (AJMER)
2026-09-04 00:12:04,069 | INFO | [30/1901] Fetching Akaltara (AKAL)
2026-09-04 00:12:04,416 | INFO |    ↳ Status 403
2026-09-04 00:12:04,416 | WARNING |    ⚠ Blocked (403) retry 1
2026-09-04 00:12:04,507 | INFO | 🌐 Session warmed
2026-09-04 00:12:05,102 | INFO |    ↳ Status 403
2026-09-04 00:12:05,102 | WARNING |    ⚠ Blocked (403) retry 1
2026-09-04 00:12:05,208 | INFO | 🌐 Session warmed
2026-09-04 00:12:05,668 | INFO | [31/1901] Fetching Akbarpur (AKBR)
2026-09-04 00:12:06,285 | INFO |    ↳ Status 403
2026-09-04 00:12:06,286 | WARNING |    ⚠ Blocked (403) retry 2
2026-09-04 00:12:06,345 | INFO |    ↳ Status 403
2026-09-04 00:12:06,345 | WARNING |    ⚠ Blocked (403) retry 1
2026-09-04 00:12:06,394 | INFO | 🌐 Session warmed
2026-09-04 00:12:06,437 | INFO | 🌐 Session warmed
2026-09-04 00:12:06,698 | INFO | [32/1901] Fetching Akividu (AKVD)
2026-09-04 00:12:07,176 | INFO |    ↳ Status 403
2026-09-04 00:12:07,176 | WARNING |    ⚠ Blocked (403) retry 2
2026-09-04 00:12:07,277 | INFO | 🌐 Session warmed
2026-09-04 00:12:07,395 | INFO |    ↳ Status 403
2026-09-04 00:12:07,395 | WARNING |    ⚠ Blocked (403) retry 1
2026-09-04 00:12:07,487 | INFO | 🌐 Session warmed
2026-09-04 00:12:08,435 | INFO |    ↳ Status 403
2026-09-04 00:12:08,435 | WARNING |    ⚠ Blocked (403) retry 2
2026-09-04 00:12:08,527 | INFO | 🌐 Session warmed
2026-09-04 00:12:09,459 | INFO |    ↳ Status 403
2026-09-04 00:12:09,459 | WARNING |    ⚠ Blocked (403) retry 3
2026-09-04 00:12:09,551 | INFO | 🌐 Session warmed
2026-09-04 00:12:09,624 | INFO |    ↳ Status 403
2026-09-04 00:12:09,624 | WARNING |    ⚠ Blocked (403) retry 2
2026-09-04 00:12:09,713 | INFO | 🌐 Session warmed
2026-09-04 00:12:10,379 | INFO |    ↳ Status 403
2026-09-04 00:12:10,379 | WARNING |    ⚠ Blocked (403) retry 3
2026-09-04 00:12:10,489 | INFO | 🌐 Session warmed
2026-09-04 00:12:11,265 | INFO |    ↳ Status 403
2026-09-04 00:12:11,265 | WARNING |    ⚠ Blocked (403) retry 3
2026-09-04 00:12:11,360 | INFO | 🌐 Session warmed
2026-09-04 00:12:13,077 | INFO |    ↳ Status 200
2026-09-04 00:12:13,077 | INFO |    ✓ Found 7 movies
2026-09-04 00:12:13,077 | INFO | [33/1901] Fetching Akluj (AKLJ)
2026-09-04 00:12:13,551 | INFO | [34/1901] Fetching Akola (AKOL)
2026-09-04 00:12:14,192 | INFO |    ↳ Status 403
2026-09-04 00:12:14,192 | WARNING |    ⚠ Blocked (403) retry 1
2026-09-04 00:12:14,288 | INFO | 🌐 Session warmed
2026-09-04 00:12:14,444 | INFO |    ↳ Status 200
2026-09-04 00:12:14,444 | INFO |    ✓ Found 6 movies
2026-09-04 00:12:14,444 | INFO | [35/1901] Fetching Akot (TKOT)
2026-09-04 00:12:14,489 | INFO | [36/1901] Fetching Alakode (ALAK)
2026-09-04 00:12:15,243 | INFO |    ↳ Status 403
2026-09-04 00:12:15,243 | WARNING |    ⚠ Blocked (403) retry 1
2026-09-04 00:12:15,351 | INFO | 🌐 Session warmed
2026-09-04 00:12:15,361 | INFO | [37/1901] Fetching Alangudi (ALNI)
2026-09-04 00:12:16,236 | INFO |    ↳ Status 403
2026-09-04 00:12:16,236 | WARNING |    ⚠ Blocked (403) retry 2
2026-09-04 00:12:16,327 | INFO | 🌐 Session warmed
2026-09-04 00:12:16,377 | INFO |    ↳ Status 403
2026-09-04 00:12:16,377 | WARNING |    ⚠ Blocked (403) retry 1
2026-09-04 00:12:16,481 | INFO | 🌐 Session warmed
2026-09-04 00:12:16,773 | INFO |    ↳ Status 200
2026-09-04 00:12:16,773 | INFO |    ✓ Found 6 movies
2026-09-04 00:12:16,773 | INFO | [38/1901] Fetching Alangulam (ALKM)
2026-09-04 00:12:17,714 | INFO |    ↳ Status 403
2026-09-04 00:12:17,714 | WARNING |    ⚠ Blocked (403) retry 2
2026-09-04 00:12:17,834 | INFO | 🌐 Session warmed
2026-09-04 00:12:18,138 | INFO |    ↳ Status 200
2026-09-04 00:12:18,138 | INFO |    ✓ Found 8 movies
2026-09-04 00:12:18,138 | INFO | [39/1901] Fetching Alappuzha (ALPZ)
2026-09-04 00:12:18,423 | INFO |    ↳ Status 403
2026-09-04 00:12:18,423 | WARNING |    ⚠ Blocked (403) retry 2
2026-09-04 00:12:18,524 | INFO | 🌐 Session warmed
2026-09-04 00:12:19,042 | INFO |    ↳ Status 403
2026-09-04 00:12:19,042 | WARNING |    ⚠ Blocked (403) retry 3
2026-09-04 00:12:19,161 | INFO | 🌐 Session warmed
2026-09-04 00:12:19,898 | INFO |    ↳ Status 200
2026-09-04 00:12:19,898 | INFO |    ✓ Found 7 movies
2026-09-04 00:12:19,898 | INFO | [40/1901] Fetching Alathur (ALAR)
2026-09-04 00:12:20,757 | INFO |    ↳ Status 403
2026-09-04 00:12:20,757 | WARNING |    ⚠ Blocked (403) retry 3
2026-09-04 00:12:20,850 | INFO | 🌐 Session warmed
2026-09-04 00:12:20,855 | INFO |    ↳ Status 200
2026-09-04 00:12:20,855 | INFO |    ✓ Found 7 movies
2026-09-04 00:12:20,855 | INFO | [41/1901] Fetching Alibaug (ALBG)
2026-09-04 00:12:21,406 | INFO |    ↳ Status 403
2026-09-04 00:12:21,406 | WARNING |    ⚠ Blocked (403) retry 3
2026-09-04 00:12:21,508 | INFO | 🌐 Session warmed
2026-09-04 00:12:22,140 | INFO |    ↳ Status 200
2026-09-04 00:12:22,140 | INFO |    ✓ Found 6 movies
2026-09-04 00:12:22,140 | INFO | [42/1901] Fetching Aligarh (ALI)
2026-09-04 00:12:23,161 | INFO | [43/1901] Fetching Alipurduar (ALIP)
2026-09-04 00:12:23,995 | INFO |    ↳ Status 200
2026-09-04 00:12:23,995 | INFO |    ✓ Found 5 movies
2026-09-04 00:12:23,995 | INFO | [44/1901] Fetching Allagadda (ALGD)
2026-09-04 00:12:24,531 | INFO |    ↳ Status 403
2026-09-04 00:12:24,531 | WARNING |    ⚠ Blocked (403) retry 1
2026-09-04 00:12:24,612 | INFO | 🌐 Session warmed
2026-09-04 00:12:24,851 | INFO | [45/1901] Fetching Almora (ALMO)
2026-09-04 00:12:25,509 | INFO | [46/1901] Fetching Alsisar (Rajasthan) (ALSR)
2026-09-04 00:12:25,855 | INFO |    ↳ Status 200
2026-09-04 00:12:25,855 | INFO |    ✓ Found 7 movies
2026-09-04 00:12:25,856 | INFO | [47/1901] Fetching Alur (ALUR)
2026-09-04 00:12:26,052 | INFO |    ↳ Status 403
2026-09-04 00:12:26,052 | WARNING |    ⚠ Blocked (403) retry 1
2026-09-04 00:12:26,157 | INFO | 🌐 Session warmed
2026-09-04 00:12:26,391 | INFO |    ↳ Status 403
2026-09-04 00:12:26,392 | WARNING |    ⚠ Blocked (403) retry 1
2026-09-04 00:12:26,489 | INFO | 🌐 Session warmed
2026-09-04 00:12:26,747 | INFO |    ↳ Status 403
2026-09-04 00:12:26,747 | WARNING |    ⚠ Blocked (403) retry 2
2026-09-04 00:12:26,855 | INFO | 🌐 Session warmed
2026-09-04 00:12:27,678 | INFO |    ↳ Status 200
2026-09-04 00:12:27,678 | INFO |    ✓ Found 4 movies
2026-09-04 00:12:27,678 | INFO | [48/1901] Fetching Alwar (ALWR)
2026-09-04 00:12:27,893 | INFO |    ↳ Status 403
2026-09-04 00:12:27,893 | WARNING |    ⚠ Blocked (403) retry 2
2026-09-04 00:12:27,982 | INFO | 🌐 Session warmed
2026-09-04 00:12:28,523 | INFO |    ↳ Status 403
2026-09-04 00:12:28,523 | WARNING |    ⚠ Blocked (403) retry 2
2026-09-04 00:12:28,637 | INFO | 🌐 Session warmed
2026-09-04 00:12:29,456 | INFO |    ↳ Status 200
2026-09-04 00:12:29,456 | INFO |    ✓ Found 4 movies
2026-09-04 00:12:29,456 | INFO | [49/1901] Fetching Amadalavalasa (ADAM)
2026-09-04 00:12:29,603 | INFO |    ↳ Status 403
2026-09-04 00:12:29,603 | WARNING |    ⚠ Blocked (403) retry 3
2026-09-04 00:12:29,687 | INFO | 🌐 Session warmed
2026-09-04 00:12:30,686 | INFO |    ↳ Status 403
2026-09-04 00:12:30,687 | WARNING |    ⚠ Blocked (403) retry 3
2026-09-04 00:12:30,786 | INFO | 🌐 Session warmed
2026-09-04 00:12:31,582 | INFO |    ↳ Status 403
2026-09-04 00:12:31,582 | WARNING |    ⚠ Blocked (403) retry 3
2026-09-04 00:12:31,682 | INFO | 🌐 Session warmed
2026-09-04 00:12:32,003 | INFO |    ↳ Status 200
2026-09-04 00:12:32,003 | INFO |    ✓ Found 7 movies
2026-09-04 00:12:32,003 | INFO | [50/1901] Fetching Amalapuram (AMAP)
2026-09-04 00:12:33,687 | INFO | [51/1901] Fetching Amalner (AMLN)
2026-09-04 00:12:34,039 | INFO |    ↳ Status 200
2026-09-04 00:12:34,039 | INFO |    ✓ Found 7 movies
2026-09-04 00:12:34,039 | INFO | [52/1901] Fetching Amangal (AMAN)
2026-09-04 00:12:34,786 | INFO | [53/1901] Fetching Amanpur (ZAMA)
2026-09-04 00:12:34,887 | INFO |    ↳ Status 403
2026-09-04 00:12:34,887 | WARNING |    ⚠ Blocked (403) retry 1
2026-09-04 00:12:34,995 | INFO | 🌐 Session warmed
2026-09-04 00:12:35,084 | INFO |    ↳ Status 200
2026-09-04 00:12:35,084 | INFO |    ✓ Found 8 movies
2026-09-04 00:12:35,084 | INFO | [54/1901] Fetching Amaravathi (AVTI)
2026-09-04 00:12:35,683 | INFO | [55/1901] Fetching Ambajogai (AMBG)
2026-09-04 00:12:35,697 | INFO |    ↳ Status 403
2026-09-04 00:12:35,697 | WARNING |    ⚠ Blocked (403) retry 1
2026-09-04 00:12:35,799 | INFO | 🌐 Session warmed
2026-09-04 00:12:36,214 | INFO |    ↳ Status 200
2026-09-04 00:12:36,214 | INFO |    ✓ Found 7 movies
2026-09-04 00:12:36,214 | INFO | [56/1901] Fetching Ambala (AMB)
2026-09-04 00:12:36,583 | INFO |    ↳ Status 403
2026-09-04 00:12:36,583 | WARNING |    ⚠ Blocked (403) retry 1
2026-09-04 00:12:36,689 | INFO | 🌐 Session warmed
2026-09-04 00:12:37,353 | INFO |    ↳ Status 403
2026-09-04 00:12:37,353 | WARNING |    ⚠ Blocked (403) retry 2
2026-09-04 00:12:37,459 | INFO | 🌐 Session warmed
2026-09-04 00:12:37,542 | INFO |    ↳ Status 403
2026-09-04 00:12:37,542 | WARNING |    ⚠ Blocked (403) retry 2
2026-09-04 00:12:37,572 | INFO |    ↳ Status 200
2026-09-04 00:12:37,572 | INFO |    ✓ Found 7 movies
2026-09-04 00:12:37,572 | INFO | [57/1901] Fetching Ambikapur (AMBI)
2026-09-04 00:12:37,635 | INFO | 🌐 Session warmed
2026-09-04 00:12:38,832 | INFO |    ↳ Status 403
2026-09-04 00:12:38,832 | WARNING |    ⚠ Blocked (403) retry 2
2026-09-04 00:12:38,924 | INFO | 🌐 Session warmed
2026-09-04 00:12:39,121 | INFO |    ↳ Status 200
2026-09-04 00:12:39,121 | INFO |    ✓ Found 7 movies
2026-09-04 00:12:39,121 | INFO | [58/1901] Fetching Ambur (AMBR)
2026-09-04 00:12:40,376 | INFO |    ↳ Status 403
2026-09-04 00:12:40,376 | WARNING |    ⚠ Blocked (403) retry 3
2026-09-04 00:12:40,473 | INFO | 🌐 Session warmed
2026-09-04 00:12:40,525 | INFO |    ↳ Status 403
2026-09-04 00:12:40,525 | WARNING |    ⚠ Blocked (403) retry 3
2026-09-04 00:12:40,635 | INFO | 🌐 Session warmed
2026-09-04 00:12:41,094 | INFO |    ↳ Status 200
2026-09-04 00:12:41,094 | INFO |    ✓ Found 8 movies
2026-09-04 00:12:41,094 | INFO | [59/1901] Fetching Amgaon (AMGN)
2026-09-04 00:12:42,079 | INFO |    ↳ Status 403
2026-09-04 00:12:42,079 | WARNING |    ⚠ Blocked (403) retry 3
2026-09-04 00:12:42,187 | INFO | 🌐 Session warmed
2026-09-04 00:12:42,370 | INFO |    ↳ Status 403
2026-09-04 00:12:42,370 | WARNING |    ⚠ Blocked (403) retry 1
2026-09-04 00:12:42,469 | INFO | 🌐 Session warmed
2026-09-04 00:12:44,347 | INFO |    ↳ Status 403
2026-09-04 00:12:44,347 | WARNING |    ⚠ Blocked (403) retry 2
2026-09-04 00:12:44,439 | INFO | 🌐 Session warmed
2026-09-04 00:12:44,473 | INFO | [60/1901] Fetching Amravati (AMRA)
2026-09-04 00:12:44,635 | INFO | [61/1901] Fetching Amreli (AMRE)
2026-09-04 00:12:45,705 | INFO |    ↳ Status 403
2026-09-04 00:12:45,705 | WARNING |    ⚠ Blocked (403) retry 1
2026-09-04 00:12:45,789 | INFO |    ↳ Status 403
2026-09-04 00:12:45,789 | WARNING |    ⚠ Blocked (403) retry 1
2026-09-04 00:12:45,795 | INFO | 🌐 Session warmed
2026-09-04 00:12:45,897 | INFO | 🌐 Session warmed
2026-09-04 00:12:46,187 | INFO | [62/1901] Fetching Amritsar (AMRI)
2026-09-04 00:12:47,550 | INFO |    ↳ Status 403
2026-09-04 00:12:47,551 | WARNING |    ⚠ Blocked (403) retry 1
2026-09-04 00:12:47,637 | INFO |    ↳ Status 403
2026-09-04 00:12:47,637 | WARNING |    ⚠ Blocked (403) retry 3
2026-09-04 00:12:47,645 | INFO | 🌐 Session warmed
2026-09-04 00:12:47,729 | INFO | 🌐 Session warmed
2026-09-04 00:12:48,089 | INFO |    ↳ Status 403
2026-09-04 00:12:48,089 | WARNING |    ⚠ Blocked (403) retry 2
2026-09-04 00:12:48,181 | INFO | 🌐 Session warmed
2026-09-04 00:12:48,263 | INFO |    ↳ Status 403
2026-09-04 00:12:48,263 | WARNING |    ⚠ Blocked (403) retry 2
2026-09-04 00:12:48,377 | INFO | 🌐 Session warmed
2026-09-04 00:12:49,494 | INFO |    ↳ Status 403
2026-09-04 00:12:49,494 | WARNING |    ⚠ Blocked (403) retry 2
2026-09-04 00:12:49,588 | INFO | 🌐 Session warmed
2026-09-04 00:12:51,030 | INFO |    ↳ Status 403
2026-09-04 00:12:51,031 | WARNING |    ⚠ Blocked (403) retry 3
2026-09-04 00:12:51,144 | INFO | 🌐 Session warmed
2026-09-04 00:12:51,729 | INFO | [63/1901] Fetching Amroha (AMRO)
2026-09-04 00:12:51,805 | INFO |    ↳ Status 403
2026-09-04 00:12:51,805 | WARNING |    ⚠ Blocked (403) retry 3
2026-09-04 00:12:51,897 | INFO | 🌐 Session warmed
2026-09-04 00:12:52,611 | INFO |    ↳ Status 403
2026-09-04 00:12:52,611 | WARNING |    ⚠ Blocked (403) retry 1
2026-09-04 00:12:52,762 | INFO | 🌐 Session warmed
2026-09-04 00:12:52,942 | INFO |    ↳ Status 403
2026-09-04 00:12:52,942 | WARNING |    ⚠ Blocked (403) retry 3
2026-09-04 00:12:53,047 | INFO | 🌐 Session warmed
2026-09-04 00:12:54,447 | INFO |    ↳ Status 403
2026-09-04 00:12:54,447 | WARNING |    ⚠ Blocked (403) retry 2
2026-09-04 00:12:54,549 | INFO | 🌐 Session warmed
2026-09-04 00:12:55,145 | INFO | [64/1901] Fetching Anaikatti (ANAI)
2026-09-04 00:12:55,897 | INFO | [65/1901] Fetching Anakapalle (ANKP)
2026-09-04 00:12:56,538 | INFO |    ↳ Status 403
2026-09-04 00:12:56,539 | WARNING |    ⚠ Blocked (403) retry 1
2026-09-04 00:12:56,642 | INFO | 🌐 Session warmed
2026-09-04 00:12:57,043 | INFO |    ↳ Status 403
2026-09-04 00:12:57,043 | WARNING |    ⚠ Blocked (403) retry 1
2026-09-04 00:12:57,048 | INFO | [66/1901] Fetching Anand (AND)
2026-09-04 00:12:57,140 | INFO | 🌐 Session warmed
2026-09-04 00:12:57,734 | INFO |    ↳ Status 403
2026-09-04 00:12:57,734 | WARNING |    ⚠ Blocked (403) retry 3
2026-09-04 00:12:57,838 | INFO | 🌐 Session warmed
2026-09-04 00:12:57,879 | INFO |    ↳ Status 403
2026-09-04 00:12:57,879 | WARNING |    ⚠ Blocked (403) retry 1
2026-09-04 00:12:57,980 | INFO | 🌐 Session warmed
2026-09-04 00:12:58,890 | INFO |    ↳ Status 403
2026-09-04 00:12:58,890 | WARNING |    ⚠ Blocked (403) retry 2
2026-09-04 00:12:58,983 | INFO | 🌐 Session warmed
2026-09-04 00:12:59,348 | INFO |    ↳ Status 403
2026-09-04 00:12:59,348 | WARNING |    ⚠ Blocked (403) retry 2
2026-09-04 00:12:59,454 | INFO | 🌐 Session warmed
2026-09-04 00:13:00,211 | INFO |    ↳ Status 403
2026-09-04 00:13:00,212 | WARNING |    ⚠ Blocked (403) retry 2
2026-09-04 00:13:00,309 | INFO | 🌐 Session warmed
2026-09-04 00:13:01,839 | INFO | [67/1901] Fetching Anandapur (ANPR)
2026-09-04 00:13:02,160 | INFO |    ↳ Status 403
2026-09-04 00:13:02,161 | WARNING |    ⚠ Blocked (403) retry 3
2026-09-04 00:13:02,261 | INFO | 🌐 Session warmed
2026-09-04 00:13:02,264 | INFO |    ↳ Status 403
2026-09-04 00:13:02,264 | WARNING |    ⚠ Blocked (403) retry 3
2026-09-04 00:13:02,368 | INFO | 🌐 Session warmed
2026-09-04 00:13:03,010 | INFO |    ↳ Status 403
2026-09-04 00:13:03,010 | WARNING |    ⚠ Blocked (403) retry 1
2026-09-04 00:13:03,062 | INFO |    ↳ Status 403
2026-09-04 00:13:03,062 | WARNING |    ⚠ Blocked (403) retry 3
2026-09-04 00:13:03,127 | INFO | 🌐 Session warmed
2026-09-04 00:13:03,174 | INFO | 🌐 Session warmed
2026-09-04 00:13:05,491 | INFO |    ↳ Status 403
2026-09-04 00:13:05,491 | WARNING |    ⚠ Blocked (403) retry 2
2026-09-04 00:13:05,582 | INFO | 🌐 Session warmed
2026-09-04 00:13:06,261 | INFO | [68/1901] Fetching Anantapalli (ANTT)
2026-09-04 00:13:06,368 | INFO | [69/1901] Fetching Anantapur (ANAN)
2026-09-04 00:13:06,979 | INFO |    ↳ Status 403
2026-09-04 00:13:06,979 | WARNING |    ⚠ Blocked (403) retry 1
2026-09-04 00:13:07,083 | INFO | 🌐 Session warmed
2026-09-04 00:13:07,174 | INFO | [70/1901] Fetching Anaparthi (ANPT)
2026-09-04 00:13:07,244 | INFO |    ↳ Status 403
2026-09-04 00:13:07,244 | WARNING |    ⚠ Blocked (403) retry 1
2026-09-04 00:13:07,358 | INFO | 🌐 Session warmed
2026-09-04 00:13:08,283 | INFO |    ↳ Status 403
2026-09-04 00:13:08,284 | WARNING |    ⚠ Blocked (403) retry 1
2026-09-04 00:13:08,410 | INFO |    ↳ Status 403
2026-09-04 00:13:08,410 | WARNING |    ⚠ Blocked (403) retry 3
2026-09-04 00:13:08,414 | INFO | 🌐 Session warmed
2026-09-04 00:13:08,518 | INFO | 🌐 Session warmed
2026-09-04 00:13:08,845 | INFO |    ↳ Status 403
2026-09-04 00:13:08,845 | WARNING |    ⚠ Blocked (403) retry 2
2026-09-04 00:13:08,939 | INFO | 🌐 Session warmed
2026-09-04 00:13:09,475 | INFO |    ↳ Status 403
2026-09-04 00:13:09,475 | WARNING |    ⚠ Blocked (403) retry 2
2026-09-04 00:13:09,593 | INFO | 🌐 Session warmed
2026-09-04 00:13:10,667 | INFO |    ↳ Status 403
2026-09-04 00:13:10,667 | WARNING |    ⚠ Blocked (403) retry 2
2026-09-04 00:13:10,768 | INFO | 🌐 Session warmed
2026-09-04 00:13:11,862 | INFO |    ↳ Status 403
2026-09-04 00:13:11,862 | WARNING |    ⚠ Blocked (403) retry 3
2026-09-04 00:13:11,974 | INFO | 🌐 Session warmed
2026-09-04 00:13:12,361 | INFO |    ↳ Status 403
2026-09-04 00:13:12,361 | WARNING |    ⚠ Blocked (403) retry 3
2026-09-04 00:13:12,452 | INFO | 🌐 Session warmed
2026-09-04 00:13:12,519 | INFO | [71/1901] Fetching Anchal (ANHL)
2026-09-04 00:13:13,464 | INFO |    ↳ Status 403
2026-09-04 00:13:13,464 | WARNING |    ⚠ Blocked (403) retry 3
2026-09-04 00:13:13,524 | INFO |    ↳ Status 403
2026-09-04 00:13:13,524 | WARNING |    ⚠ Blocked (403) retry 1
2026-09-04 00:13:13,577 | INFO | 🌐 Session warmed
2026-09-04 00:13:13,629 | INFO | 🌐 Session warmed
2026-09-04 00:13:15,668 | INFO |    ↳ Status 403
2026-09-04 00:13:15,668 | WARNING |    ⚠ Blocked (403) retry 2
2026-09-04 00:13:15,782 | INFO | 🌐 Session warmed
2026-09-04 00:13:15,974 | INFO | [72/1901] Fetching Andaman And Nicobar (AANI)
2026-09-04 00:13:16,452 | INFO | [73/1901] Fetching Anekal (ANEK)
2026-09-04 00:13:17,191 | INFO |    ↳ Status 403
2026-09-04 00:13:17,191 | WARNING |    ⚠ Blocked (403) retry 1
2026-09-04 00:13:17,292 | INFO | 🌐 Session warmed
2026-09-04 00:13:17,295 | INFO |    ↳ Status 403
2026-09-04 00:13:17,295 | WARNING |    ⚠ Blocked (403) retry 1
2026-09-04 00:13:17,383 | INFO | 🌐 Session warmed
2026-09-04 00:13:17,578 | INFO | [74/1901] Fetching Angadipuram (ANDM)
2026-09-04 00:13:18,602 | INFO |    ↳ Status 403
2026-09-04 00:13:18,603 | WARNING |    ⚠ Blocked (403) retry 3
2026-09-04 00:13:18,706 | INFO | 🌐 Session warmed
2026-09-04 00:13:18,748 | INFO |    ↳ Status 403
2026-09-04 00:13:18,748 | WARNING |    ⚠ Blocked (403) retry 1
2026-09-04 00:13:18,852 | INFO | 🌐 Session warmed
2026-09-04 00:13:19,212 | INFO |    ↳ Status 403
2026-09-04 00:13:19,212 | WARNING |    ⚠ Blocked (403) retry 2
2026-09-04 00:13:19,338 | INFO | 🌐 Session warmed
2026-09-04 00:13:19,745 | INFO |    ↳ Status 403
2026-09-04 00:13:19,745 | WARNING |    ⚠ Blocked (403) retry 2
2026-09-04 00:13:19,856 | INFO | 🌐 Session warmed
2026-09-04 00:13:20,866 | INFO |    ↳ Status 403
2026-09-04 00:13:20,866 | WARNING |    ⚠ Blocked (403) retry 2
2026-09-04 00:13:20,968 | INFO | 🌐 Session warmed
2026-09-04 00:13:22,487 | INFO |    ↳ Status 403
2026-09-04 00:13:22,487 | WARNING |    ⚠ Blocked (403) retry 3
2026-09-04 00:13:22,584 | INFO | 🌐 Session warmed
2026-09-04 00:13:22,707 | INFO | [75/1901] Fetching Angamaly (ANGA)
2026-09-04 00:13:23,248 | INFO |    ↳ Status 403
2026-09-04 00:13:23,248 | WARNING |    ⚠ Blocked (403) retry 3
2026-09-04 00:13:23,393 | INFO | 🌐 Session warmed
2026-09-04 00:13:23,756 | INFO |    ↳ Status 403
2026-09-04 00:13:23,756 | WARNING |    ⚠ Blocked (403) retry 1
2026-09-04 00:13:23,860 | INFO | 🌐 Session warmed
2026-09-04 00:13:24,284 | INFO |    ↳ Status 403
2026-09-04 00:13:24,284 | WARNING |    ⚠ Blocked (403) retry 3
2026-09-04 00:13:24,380 | INFO | 🌐 Session warmed
2026-09-04 00:13:26,270 | INFO |    ↳ Status 200
2026-09-04 00:13:26,270 | INFO |    ✓ Found 7 movies
2026-09-04 00:13:26,270 | INFO | [76/1901] Fetching Angara (ANGR)
2026-09-04 00:13:26,584 | INFO | [77/1901] Fetching Angul (ANGL)
2026-09-04 00:13:27,393 | INFO | [78/1901] Fetching Anjad (ANJA)
2026-09-04 00:13:27,889 | INFO |    ↳ Status 403
2026-09-04 00:13:27,889 | WARNING |    ⚠ Blocked (403) retry 1
2026-09-04 00:13:27,980 | INFO | 🌐 Session warmed
2026-09-04 00:13:28,381 | INFO | [79/1901] Fetching Anjar (ANJR)
2026-09-04 00:13:28,488 | INFO |    ↳ Status 403
2026-09-04 00:13:28,488 | WARNING |    ⚠ Blocked (403) retry 1
2026-09-04 00:13:28,583 | INFO | 🌐 Session warmed
2026-09-04 00:13:28,626 | INFO |    ↳ Status 200
2026-09-04 00:13:28,626 | INFO |    ✓ Found 7 movies
2026-09-04 00:13:28,626 | INFO | [80/1901] Fetching Anklav (ANKV)
2026-09-04 00:13:29,155 | INFO |    ↳ Status 403
2026-09-04 00:13:29,155 | WARNING |    ⚠ Blocked (403) retry 1
2026-09-04 00:13:29,252 | INFO | 🌐 Session warmed
2026-09-04 00:13:29,867 | INFO |    ↳ Status 200
2026-09-04 00:13:29,867 | INFO |    ✓ Found 7 movies
2026-09-04 00:13:29,867 | INFO | [81/1901] Fetching Ankleshwar (ANKL)
2026-09-04 00:13:30,251 | INFO |    ↳ Status 403
2026-09-04 00:13:30,251 | WARNING |    ⚠ Blocked (403) retry 2
2026-09-04 00:13:30,343 | INFO | 🌐 Session warmed
2026-09-04 00:13:30,971 | INFO |    ↳ Status 403
2026-09-04 00:13:30,971 | WARNING |    ⚠ Blocked (403) retry 2
2026-09-04 00:13:31,086 | INFO | 🌐 Session warmed
2026-09-04 00:13:31,414 | INFO |    ↳ Status 200
2026-09-04 00:13:31,415 | INFO |    ✓ Found 7 movies
2026-09-04 00:13:31,415 | INFO | [82/1901] Fetching Ankola (ANKO)
2026-09-04 00:13:31,447 | INFO |    ↳ Status 403
2026-09-04 00:13:31,447 | WARNING |    ⚠ Blocked (403) retry 2
2026-09-04 00:13:31,551 | INFO | 🌐 Session warmed
2026-09-04 00:13:33,095 | INFO |    ↳ Status 200
2026-09-04 00:13:33,095 | INFO |    ✓ Found 8 movies
2026-09-04 00:13:33,095 | INFO | [83/1901] Fetching Annavaram (ANVR)
2026-09-04 00:13:33,711 | INFO |    ↳ Status 403
2026-09-04 00:13:33,712 | WARNING |    ⚠ Blocked (403) retry 3
2026-09-04 00:13:33,818 | INFO | 🌐 Session warmed
2026-09-04 00:13:34,351 | INFO |    ↳ Status 200
2026-09-04 00:13:34,351 | INFO |    ✓ Found 8 movies
2026-09-04 00:13:34,351 | INFO | [84/1901] Fetching Annigeri (ANGI)
2026-09-04 00:13:34,395 | INFO |    ↳ Status 403
2026-09-04 00:13:34,395 | WARNING |    ⚠ Blocked (403) retry 3
2026-09-04 00:13:34,460 | INFO |    ↳ Status 403
2026-09-04 00:13:34,461 | WARNING |    ⚠ Blocked (403) retry 3
2026-09-04 00:13:34,488 | INFO | 🌐 Session warmed
2026-09-04 00:13:34,552 | INFO | 🌐 Session warmed
2026-09-04 00:13:36,681 | INFO |    ↳ Status 200
2026-09-04 00:13:36,681 | INFO |    ✓ Found 4 movies
2026-09-04 00:13:36,682 | INFO | [85/1901] Fetching Anthiyur (ATYR)
2026-09-04 00:13:37,818 | INFO | [86/1901] Fetching Apra (APRA)
2026-09-04 00:13:38,367 | INFO |    ↳ Status 200
2026-09-04 00:13:38,367 | INFO |    ✓ Found 8 movies
2026-09-04 00:13:38,367 | INFO | [87/1901] Fetching Arakkonam (ARAK)
2026-09-04 00:13:38,489 | INFO | [88/1901] Fetching Arambagh (AMBH)
2026-09-04 00:13:38,552 | INFO | [89/1901] Fetching Arambol (ARMB)
2026-09-04 00:13:39,135 | INFO |    ↳ Status 403
2026-09-04 00:13:39,136 | WARNING |    ⚠ Blocked (403) retry 1
2026-09-04 00:13:39,232 | INFO | 🌐 Session warmed
2026-09-04 00:13:39,356 | INFO |    ↳ Status 403
2026-09-04 00:13:39,356 | WARNING |    ⚠ Blocked (403) retry 1
2026-09-04 00:13:39,462 | INFO | 🌐 Session warmed
2026-09-04 00:13:39,639 | INFO |    ↳ Status 403
2026-09-04 00:13:39,639 | WARNING |    ⚠ Blocked (403) retry 1
2026-09-04 00:13:39,642 | INFO |    ↳ Status 200
2026-09-04 00:13:39,642 | INFO |    ✓ Found 8 movies
2026-09-04 00:13:39,642 | INFO | [90/1901] Fetching Aranthangi (ARNT)
2026-09-04 00:13:39,751 | INFO | 🌐 Session warmed
2026-09-04 00:13:40,882 | INFO |    ↳ Status 200
2026-09-04 00:13:40,882 | INFO |    ✓ Found 8 movies
2026-09-04 00:13:40,882 | INFO | [91/1901] Fetching Aravakurichi (ARAV)
2026-09-04 00:13:41,418 | INFO |    ↳ Status 403
2026-09-04 00:13:41,418 | WARNING |    ⚠ Blocked (403) retry 2
2026-09-04 00:13:41,469 | INFO |    ↳ Status 403
2026-09-04 00:13:41,469 | WARNING |    ⚠ Blocked (403) retry 2
2026-09-04 00:13:41,538 | INFO | 🌐 Session warmed
2026-09-04 00:13:41,580 | INFO | 🌐 Session warmed
2026-09-04 00:13:41,588 | INFO |    ↳ Status 403
2026-09-04 00:13:41,588 | WARNING |    ⚠ Blocked (403) retry 2
2026-09-04 00:13:41,703 | INFO | 🌐 Session warmed
2026-09-04 00:13:42,068 | INFO |    ↳ Status 200
2026-09-04 00:13:42,068 | INFO |    ✓ Found 8 movies
2026-09-04 00:13:42,068 | INFO | [92/1901] Fetching Ariyalur (ARIY)
2026-09-04 00:13:43,431 | INFO |    ↳ Status 200
2026-09-04 00:13:43,431 | INFO |    ✓ Found 8 movies
2026-09-04 00:13:43,432 | INFO | [93/1901] Fetching Arkalgud (ARGU)
2026-09-04 00:13:44,308 | INFO |    ↳ Status 403
2026-09-04 00:13:44,308 | WARNING |    ⚠ Blocked (403) retry 3
2026-09-04 00:13:44,409 | INFO | 🌐 Session warmed
2026-09-04 00:13:44,845 | INFO |    ↳ Status 403
2026-09-04 00:13:44,845 | WARNING |    ⚠ Blocked (403) retry 3
2026-09-04 00:13:44,921 | INFO |    ↳ Status 403
2026-09-04 00:13:44,921 | WARNING |    ⚠ Blocked (403) retry 3
2026-09-04 00:13:44,928 | INFO |    ↳ Status 200
2026-09-04 00:13:44,928 | INFO |    ✓ Found 4 movies
2026-09-04 00:13:44,928 | INFO | [94/1901] Fetching Armoor (ARMO)
2026-09-04 00:13:44,958 | INFO | 🌐 Session warmed
2026-09-04 00:13:45,037 | INFO | 🌐 Session warmed
2026-09-04 00:13:46,426 | INFO |    ↳ Status 200
2026-09-04 00:13:46,426 | INFO |    ✓ Found 8 movies
2026-09-04 00:13:46,426 | INFO | [95/1901] Fetching Arni (ARNI)
2026-09-04 00:13:47,620 | INFO |    ↳ Status 200
2026-09-04 00:13:47,620 | INFO |    ✓ Found 8 movies
2026-09-04 00:13:47,620 | INFO | [96/1901] Fetching Arsikere (ARSI)
2026-09-04 00:13:48,409 | INFO | [97/1901] Fetching Aruppukottai (ARUP)
2026-09-04 00:13:48,589 | INFO |    ↳ Status 200
2026-09-04 00:13:48,590 | INFO |    ✓ Found 4 movies
2026-09-04 00:13:48,590 | INFO | [98/1901] Fetching Asansol (ASANSOL)
2026-09-04 00:13:48,958 | INFO | [99/1901] Fetching Ashoknagar (AKMP)
2026-09-04 00:13:49,038 | INFO | [100/1901] Fetching Ashoknagar (West Bengal) (ASNA)
2026-09-04 00:13:49,559 | INFO |    ↳ Status 200
2026-09-04 00:13:49,560 | INFO |    ✓ Found 6 movies
2026-09-04 00:13:49,560 | INFO | [101/1901] Fetching Ashta (ASTA)
2026-09-04 00:13:49,653 | INFO |    ↳ Status 403
2026-09-04 00:13:49,653 | WARNING |    ⚠ Blocked (403) retry 1
2026-09-04 00:13:49,742 | INFO | 🌐 Session warmed
2026-09-04 00:13:49,755 | INFO |    ↳ Status 403
2026-09-04 00:13:49,755 | WARNING |    ⚠ Blocked (403) retry 1
2026-09-04 00:13:49,838 | INFO | 🌐 Session warmed
2026-09-04 00:13:50,168 | INFO |    ↳ Status 403
2026-09-04 00:13:50,169 | WARNING |    ⚠ Blocked (403) retry 1
2026-09-04 00:13:50,265 | INFO | 🌐 Session warmed
2026-09-04 00:13:50,763 | INFO |    ↳ Status 200
2026-09-04 00:13:50,763 | INFO |    ✓ Found 6 movies
2026-09-04 00:13:50,763 | INFO | [102/1901] Fetching Ashta (Maharashtra) (ASMA)
2026-09-04 00:13:51,777 | INFO |    ↳ Status 200
2026-09-04 00:13:51,777 | INFO |    ✓ Found 8 movies
2026-09-04 00:13:51,777 | INFO | [103/1901] Fetching Asika (ASIK)
2026-09-04 00:13:52,121 | INFO |    ↳ Status 403
2026-09-04 00:13:52,122 | WARNING |    ⚠ Blocked (403) retry 2
2026-09-04 00:13:52,133 | INFO |    ↳ Status 403
2026-09-04 00:13:52,133 | WARNING |    ⚠ Blocked (403) retry 2
2026-09-04 00:13:52,218 | INFO | 🌐 Session warmed
2026-09-04 00:13:52,231 | INFO | 🌐 Session warmed
2026-09-04 00:13:52,629 | INFO |    ↳ Status 403
2026-09-04 00:13:52,629 | WARNING |    ⚠ Blocked (403) retry 2
2026-09-04 00:13:52,729 | INFO | 🌐 Session warmed
2026-09-04 00:13:53,575 | INFO |    ↳ Status 200
2026-09-04 00:13:53,575 | INFO |    ✓ Found 8 movies
2026-09-04 00:13:53,575 | INFO | [104/1901] Fetching Aswaraopeta (ASWA)
2026-09-04 00:13:54,706 | INFO |    ↳ Status 200
2026-09-04 00:13:54,706 | INFO |    ✓ Found 8 movies
2026-09-04 00:13:54,706 | INFO | [105/1901] Fetching Athagarh (ATHG)
2026-09-04 00:13:55,068 | INFO |    ↳ Status 403
2026-09-04 00:13:55,069 | WARNING |    ⚠ Blocked (403) retry 3
2026-09-04 00:13:55,168 | INFO | 🌐 Session warmed
2026-09-04 00:13:55,377 | INFO |    ↳ Status 403
2026-09-04 00:13:55,377 | WARNING |    ⚠ Blocked (403) retry 3
2026-09-04 00:13:55,458 | INFO | 🌐 Session warmed
2026-09-04 00:13:55,917 | INFO |    ↳ Status 403
2026-09-04 00:13:55,917 | WARNING |    ⚠ Blocked (403) retry 3
2026-09-04 00:13:55,999 | INFO |    ↳ Status 403
2026-09-04 00:13:55,999 | WARNING |    ⚠ Blocked (403) retry 1
2026-09-04 00:13:56,036 | INFO | 🌐 Session warmed
2026-09-04 00:13:56,099 | INFO | 🌐 Session warmed
2026-09-04 00:13:58,310 | INFO |    ↳ Status 403
2026-09-04 00:13:58,310 | WARNING |    ⚠ Blocked (403) retry 2
2026-09-04 00:13:58,400 | INFO | 🌐 Session warmed
2026-09-04 00:13:59,169 | INFO | [106/1901] Fetching Athani (ATHN)
2026-09-04 00:13:59,458 | INFO | [107/1901] Fetching Atmakur (Nellore) (ATMK)
2026-09-04 00:14:00,037 | INFO | [108/1901] Fetching Atpadi (ATPA)
2026-09-04 00:14:00,256 | INFO |    ↳ Status 403
2026-09-04 00:14:00,256 | WARNING |    ⚠ Blocked (403) retry 1
2026-09-04 00:14:00,355 | INFO | 🌐 Session warmed
2026-09-04 00:14:00,654 | INFO |    ↳ Status 403
2026-09-04 00:14:00,654 | WARNING |    ⚠ Blocked (403) retry 1
2026-09-04 00:14:00,703 | INFO |    ↳ Status 403
2026-09-04 00:14:00,703 | WARNING |    ⚠ Blocked (403) retry 1
2026-09-04 00:14:00,754 | INFO | 🌐 Session warmed
2026-09-04 00:14:00,806 | INFO | 🌐 Session warmed
2026-09-04 00:14:01,755 | INFO |    ↳ Status 403
2026-09-04 00:14:01,755 | WARNING |    ⚠ Blocked (403) retry 3
2026-09-04 00:14:01,849 | INFO | 🌐 Session warmed
2026-09-04 00:14:02,671 | INFO |    ↳ Status 403
2026-09-04 00:14:02,671 | WARNING |    ⚠ Blocked (403) retry 2
2026-09-04 00:14:02,776 | INFO | 🌐 Session warmed
2026-09-04 00:14:02,851 | INFO |    ↳ Status 403
2026-09-04 00:14:02,851 | WARNING |    ⚠ Blocked (403) retry 2
2026-09-04 00:14:02,941 | INFO | 🌐 Session warmed
2026-09-04 00:14:03,038 | INFO |    ↳ Status 403
2026-09-04 00:14:03,038 | WARNING |    ⚠ Blocked (403) retry 2
2026-09-04 00:14:03,132 | INFO | 🌐 Session warmed
2026-09-04 00:14:05,849 | INFO | [109/1901] Fetching Atraulia (ATRA)
2026-09-04 00:14:05,884 | INFO |    ↳ Status 403
2026-09-04 00:14:05,884 | WARNING |    ⚠ Blocked (403) retry 3
2026-09-04 00:14:05,890 | INFO |    ↳ Status 403
2026-09-04 00:14:05,890 | WARNING |    ⚠ Blocked (403) retry 3
2026-09-04 00:14:05,986 | INFO | 🌐 Session warmed
2026-09-04 00:14:05,997 | INFO |    ↳ Status 403
2026-09-04 00:14:05,997 | WARNING |    ⚠ Blocked (403) retry 3
2026-09-04 00:14:06,012 | INFO | 🌐 Session warmed
2026-09-04 00:14:06,100 | INFO | 🌐 Session warmed
2026-09-04 00:14:06,630 | INFO |    ↳ Status 403
2026-09-04 00:14:06,630 | WARNING |    ⚠ Blocked (403) retry 1
2026-09-04 00:14:06,735 | INFO | 🌐 Session warmed
2026-09-04 00:14:08,527 | INFO |    ↳ Status 403
2026-09-04 00:14:08,527 | WARNING |    ⚠ Blocked (403) retry 2
2026-09-04 00:14:08,633 | INFO | 🌐 Session warmed
2026-09-04 00:14:09,987 | INFO | [110/1901] Fetching Attibele (ATTO)
2026-09-04 00:14:10,012 | INFO | [111/1901] Fetching Attili (ATLI)
2026-09-04 00:14:10,100 | INFO | [112/1901] Fetching Attingal (ATTI)
2026-09-04 00:14:10,815 | INFO |    ↳ Status 403
2026-09-04 00:14:10,815 | WARNING |    ⚠ Blocked (403) retry 1
2026-09-04 00:14:10,926 | INFO | 🌐 Session warmed
2026-09-04 00:14:10,945 | INFO |    ↳ Status 403
2026-09-04 00:14:10,946 | WARNING |    ⚠ Blocked (403) retry 1
2026-09-04 00:14:11,037 | INFO | 🌐 Session warmed
2026-09-04 00:14:11,371 | INFO |    ↳ Status 403
2026-09-04 00:14:11,371 | WARNING |    ⚠ Blocked (403) retry 3
2026-09-04 00:14:11,463 | INFO | 🌐 Session warmed
2026-09-04 00:14:11,510 | INFO |    ↳ Status 403
2026-09-04 00:14:11,510 | WARNING |    ⚠ Blocked (403) retry 1
2026-09-04 00:14:11,610 | INFO | 🌐 Session warmed
2026-09-04 00:14:13,301 | INFO |    ↳ Status 403
2026-09-04 00:14:13,301 | WARNING |    ⚠ Blocked (403) retry 2
2026-09-04 00:14:13,391 | INFO | 🌐 Session warmed
2026-09-04 00:14:13,402 | INFO |    ↳ Status 403
2026-09-04 00:14:13,402 | WARNING |    ⚠ Blocked (403) retry 2
2026-09-04 00:14:13,438 | INFO |    ↳ Status 403
2026-09-04 00:14:13,438 | WARNING |    ⚠ Blocked (403) retry 2
2026-09-04 00:14:13,502 | INFO | 🌐 Session warmed
2026-09-04 00:14:13,540 | INFO | 🌐 Session warmed
2026-09-04 00:14:15,463 | INFO | [113/1901] Fetching Attur (ATTR)
2026-09-04 00:14:16,134 | INFO |    ↳ Status 403
2026-09-04 00:14:16,135 | WARNING |    ⚠ Blocked (403) retry 1
2026-09-04 00:14:16,139 | INFO |    ↳ Status 403
2026-09-04 00:14:16,139 | WARNING |    ⚠ Blocked (403) retry 3
2026-09-04 00:14:16,234 | INFO | 🌐 Session warmed
2026-09-04 00:14:16,242 | INFO | 🌐 Session warmed
2026-09-04 00:14:16,246 | INFO |    ↳ Status 403
2026-09-04 00:14:16,246 | WARNING |    ⚠ Blocked (403) retry 3
2026-09-04 00:14:16,345 | INFO | 🌐 Session warmed
2026-09-04 00:14:16,389 | INFO |    ↳ Status 403
2026-09-04 00:14:16,389 | WARNING |    ⚠ Blocked (403) retry 3
2026-09-04 00:14:16,501 | INFO | 🌐 Session warmed
2026-09-04 00:14:17,903 | INFO |    ↳ Status 403
2026-09-04 00:14:17,903 | WARNING |    ⚠ Blocked (403) retry 2
2026-09-04 00:14:18,011 | INFO | 🌐 Session warmed
2026-09-04 00:14:20,243 | INFO | [114/1901] Fetching Aurangabad (Bihar) (AUBI)
2026-09-04 00:14:20,345 | INFO | [115/1901] Fetching Aurangabad (West Bengal) (AURW)
2026-09-04 00:14:20,501 | INFO | [116/1901] Fetching Auroville (AURV)
2026-09-04 00:14:20,979 | INFO |    ↳ Status 403
2026-09-04 00:14:20,979 | WARNING |    ⚠ Blocked (403) retry 1
2026-09-04 00:14:21,005 | INFO |    ↳ Status 403
2026-09-04 00:14:21,005 | WARNING |    ⚠ Blocked (403) retry 3
2026-09-04 00:14:21,042 | INFO |    ↳ Status 403
2026-09-04 00:14:21,042 | WARNING |    ⚠ Blocked (403) retry 1
2026-09-04 00:14:21,092 | INFO | 🌐 Session warmed
2026-09-04 00:14:21,112 | INFO | 🌐 Session warmed
2026-09-04 00:14:21,129 | INFO | 🌐 Session warmed
2026-09-04 00:14:21,407 | INFO |    ↳ Status 403
2026-09-04 00:14:21,407 | WARNING |    ⚠ Blocked (403) retry 1
2026-09-04 00:14:21,527 | INFO | 🌐 Session warmed
2026-09-04 00:14:22,812 | INFO |    ↳ Status 403
2026-09-04 00:14:22,812 | WARNING |    ⚠ Blocked (403) retry 2
2026-09-04 00:14:22,917 | INFO | 🌐 Session warmed
2026-09-04 00:14:23,322 | INFO |    ↳ Status 403
2026-09-04 00:14:23,322 | WARNING |    ⚠ Blocked (403) retry 2
2026-09-04 00:14:23,430 | INFO | 🌐 Session warmed
2026-09-04 00:14:23,457 | INFO |    ↳ Status 403
2026-09-04 00:14:23,457 | WARNING |    ⚠ Blocked (403) retry 2
2026-09-04 00:14:23,551 | INFO | 🌐 Session warmed
2026-09-04 00:14:25,113 | INFO | [117/1901] Fetching Aushapur (AUSH)
2026-09-04 00:14:25,789 | INFO |    ↳ Status 403
2026-09-04 00:14:25,789 | WARNING |    ⚠ Blocked (403) retry 1
2026-09-04 00:14:25,892 | INFO | 🌐 Session warmed
2026-09-04 00:14:26,145 | INFO |    ↳ Status 403
2026-09-04 00:14:26,145 | WARNING |    ⚠ Blocked (403) retry 3
2026-09-04 00:14:26,234 | INFO | 🌐 Session warmed
2026-09-04 00:14:26,240 | INFO |    ↳ Status 403
2026-09-04 00:14:26,240 | WARNING |    ⚠ Blocked (403) retry 3
2026-09-04 00:14:26,250 | INFO |    ↳ Status 403
2026-09-04 00:14:26,251 | WARNING |    ⚠ Blocked (403) retry 3
2026-09-04 00:14:26,356 | INFO | 🌐 Session warmed
2026-09-04 00:14:26,366 | INFO | 🌐 Session warmed
2026-09-04 00:14:27,523 | INFO |    ↳ Status 403
2026-09-04 00:14:27,523 | WARNING |    ⚠ Blocked (403) retry 2
2026-09-04 00:14:27,613 | INFO | 🌐 Session warmed
2026-09-04 00:14:30,235 | INFO | [118/1901] Fetching Avinashi (AVII)
2026-09-04 00:14:30,356 | INFO | [119/1901] Fetching Ayodhya (AYOD)
2026-09-04 00:14:30,366 | INFO | [120/1901] Fetching Azamgarh (AZMG)
2026-09-04 00:14:30,572 | INFO |    ↳ Status 403
2026-09-04 00:14:30,572 | WARNING |    ⚠ Blocked (403) retry 3
2026-09-04 00:14:30,658 | INFO | 🌐 Session warmed
2026-09-04 00:14:31,516 | INFO |    ↳ Status 403
2026-09-04 00:14:31,516 | WARNING |    ⚠ Blocked (403) retry 1
2026-09-04 00:14:31,606 | INFO |    ↳ Status 403
2026-09-04 00:14:31,606 | WARNING |    ⚠ Blocked (403) retry 1
2026-09-04 00:14:31,625 | INFO | 🌐 Session warmed
2026-09-04 00:14:31,644 | INFO |    ↳ Status 403
2026-09-04 00:14:31,644 | WARNING |    ⚠ Blocked (403) retry 1
2026-09-04 00:14:31,721 | INFO | 🌐 Session warmed
2026-09-04 00:14:31,763 | INFO | 🌐 Session warmed
2026-09-04 00:14:33,656 | INFO |    ↳ Status 403
2026-09-04 00:14:33,656 | WARNING |    ⚠ Blocked (403) retry 2
2026-09-04 00:14:33,756 | INFO | 🌐 Session warmed
2026-09-04 00:14:33,817 | INFO |    ↳ Status 403
2026-09-04 00:14:33,818 | WARNING |    ⚠ Blocked (403) retry 2
2026-09-04 00:14:33,921 | INFO | 🌐 Session warmed
2026-09-04 00:14:34,008 | INFO |    ↳ Status 403
2026-09-04 00:14:34,008 | WARNING |    ⚠ Blocked (403) retry 2
2026-09-04 00:14:34,111 | INFO | 🌐 Session warmed
2026-09-04 00:14:34,659 | INFO | [121/1901] Fetching B. Kothakota (BKOT)
2026-09-04 00:14:35,757 | INFO |    ↳ Status 403
2026-09-04 00:14:35,757 | WARNING |    ⚠ Blocked (403) retry 1
2026-09-04 00:14:35,861 | INFO | 🌐 Session warmed
2026-09-04 00:14:36,433 | INFO |    ↳ Status 403
2026-09-04 00:14:36,433 | WARNING |    ⚠ Blocked (403) retry 3
2026-09-04 00:14:36,535 | INFO | 🌐 Session warmed
2026-09-04 00:14:36,772 | INFO |    ↳ Status 403
2026-09-04 00:14:36,772 | WARNING |    ⚠ Blocked (403) retry 3
2026-09-04 00:14:36,876 | INFO | 🌐 Session warmed
2026-09-04 00:14:37,451 | INFO |    ↳ Status 403
2026-09-04 00:14:37,451 | WARNING |    ⚠ Blocked (403) retry 3
2026-09-04 00:14:37,528 | INFO | 🌐 Session warmed
2026-09-04 00:14:37,533 | INFO |    ↳ Status 403
2026-09-04 00:14:37,533 | WARNING |    ⚠ Blocked (403) retry 2
2026-09-04 00:14:37,646 | INFO | 🌐 Session warmed
2026-09-04 00:14:40,535 | INFO | [122/1901] Fetching Babra (BABT)
2026-09-04 00:14:40,870 | INFO |    ↳ Status 403
2026-09-04 00:14:40,870 | WARNING |    ⚠ Blocked (403) retry 3
2026-09-04 00:14:40,876 | INFO | [123/1901] Fetching Badami (BAMA)
2026-09-04 00:14:40,977 | INFO | 🌐 Session warmed
2026-09-04 00:14:41,529 | INFO | [124/1901] Fetching Badaun (BADN)
2026-09-04 00:14:41,915 | INFO |    ↳ Status 403
2026-09-04 00:14:41,915 | WARNING |    ⚠ Blocked (403) retry 1
2026-09-04 00:14:42,004 | INFO | 🌐 Session warmed
2026-09-04 00:14:42,310 | INFO |    ↳ Status 403
2026-09-04 00:14:42,311 | WARNING |    ⚠ Blocked (403) retry 1
2026-09-04 00:14:42,402 | INFO | 🌐 Session warmed
2026-09-04 00:14:42,680 | INFO |    ↳ Status 403
2026-09-04 00:14:42,681 | WARNING |    ⚠ Blocked (403) retry 1
2026-09-04 00:14:42,785 | INFO | 🌐 Session warmed
2026-09-04 00:14:43,632 | INFO |    ↳ Status 403
2026-09-04 00:14:43,632 | WARNING |    ⚠ Blocked (403) retry 2
2026-09-04 00:14:43,736 | INFO | 🌐 Session warmed
2026-09-04 00:14:44,568 | INFO |    ↳ Status 403
2026-09-04 00:14:44,568 | WARNING |    ⚠ Blocked (403) retry 2
2026-09-04 00:14:44,579 | INFO |    ↳ Status 403
2026-09-04 00:14:44,579 | WARNING |    ⚠ Blocked (403) retry 2
2026-09-04 00:14:44,669 | INFO | 🌐 Session warmed
2026-09-04 00:14:44,684 | INFO | 🌐 Session warmed
2026-09-04 00:14:44,977 | INFO | [125/1901] Fetching Baddi (BADD)
2026-09-04 00:14:45,691 | INFO |    ↳ Status 403
2026-09-04 00:14:45,691 | WARNING |    ⚠ Blocked (403) retry 1
2026-09-04 00:14:45,799 | INFO | 🌐 Session warmed
2026-09-04 00:14:46,523 | INFO |    ↳ Status 403
2026-09-04 00:14:46,523 | WARNING |    ⚠ Blocked (403) retry 3
2026-09-04 00:14:46,617 | INFO | 🌐 Session warmed
2026-09-04 00:14:47,526 | INFO |    ↳ Status 403
2026-09-04 00:14:47,526 | WARNING |    ⚠ Blocked (403) retry 3
2026-09-04 00:14:47,620 | INFO | 🌐 Session warmed
2026-09-04 00:14:47,970 | INFO |    ↳ Status 403
2026-09-04 00:14:47,970 | WARNING |    ⚠ Blocked (403) retry 2
2026-09-04 00:14:47,986 | INFO |    ↳ Status 403
2026-09-04 00:14:47,986 | WARNING |    ⚠ Blocked (403) retry 3
2026-09-04 00:14:48,075 | INFO | 🌐 Session warmed
2026-09-04 00:14:48,079 | INFO | 🌐 Session warmed
2026-09-04 00:14:50,617 | INFO | [126/1901] Fetching Badhra (BAHR)
2026-09-04 00:14:50,825 | INFO |    ↳ Status 403
2026-09-04 00:14:50,825 | WARNING |    ⚠ Blocked (403) retry 3
2026-09-04 00:14:50,921 | INFO | 🌐 Session warmed
2026-09-04 00:14:51,620 | INFO | [127/1901] Fetching Badnagar (BADA)
2026-09-04 00:14:51,971 | INFO |    ↳ Status 403
2026-09-04 00:14:51,971 | WARNING |    ⚠ Blocked (403) retry 1
2026-09-04 00:14:52,062 | INFO | 🌐 Session warmed
2026-09-04 00:14:52,080 | INFO | [128/1901] Fetching Badnawar (BADR)
2026-09-04 00:14:52,846 | INFO |    ↳ Status 403
2026-09-04 00:14:52,846 | WARNING |    ⚠ Blocked (403) retry 1
2026-09-04 00:14:52,943 | INFO | 🌐 Session warmed
2026-09-04 00:14:52,992 | INFO |    ↳ Status 403
2026-09-04 00:14:52,992 | WARNING |    ⚠ Blocked (403) retry 1
2026-09-04 00:14:53,081 | INFO | 🌐 Session warmed
2026-09-04 00:14:54,325 | INFO |    ↳ Status 403
2026-09-04 00:14:54,325 | WARNING |    ⚠ Blocked (403) retry 2
2026-09-04 00:14:54,414 | INFO | 🌐 Session warmed
2026-09-04 00:14:54,922 | INFO | [129/1901] Fetching Badvel (BADV)
2026-09-04 00:14:55,185 | INFO |    ↳ Status 403
2026-09-04 00:14:55,185 | WARNING |    ⚠ Blocked (403) retry 2
2026-09-04 00:14:55,278 | INFO | 🌐 Session warmed
2026-09-04 00:14:55,458 | INFO |    ↳ Status 403
2026-09-04 00:14:55,458 | WARNING |    ⚠ Blocked (403) retry 2
2026-09-04 00:14:55,562 | INFO | 🌐 Session warmed
2026-09-04 00:14:55,744 | INFO |    ↳ Status 403
2026-09-04 00:14:55,744 | WARNING |    ⚠ Blocked (403) retry 1
2026-09-04 00:14:55,833 | INFO | 🌐 Session warmed
2026-09-04 00:14:57,635 | INFO |    ↳ Status 403
2026-09-04 00:14:57,635 | WARNING |    ⚠ Blocked (403) retry 3
2026-09-04 00:14:57,736 | INFO | 🌐 Session warmed
2026-09-04 00:14:57,754 | INFO |    ↳ Status 403
2026-09-04 00:14:57,754 | WARNING |    ⚠ Blocked (403) retry 2
2026-09-04 00:14:57,875 | INFO | 🌐 Session warmed
2026-09-04 00:14:58,271 | INFO |    ↳ Status 403
2026-09-04 00:14:58,271 | WARNING |    ⚠ Blocked (403) retry 3
2026-09-04 00:14:58,360 | INFO | 🌐 Session warmed
2026-09-04 00:14:58,481 | INFO |    ↳ Status 403
2026-09-04 00:14:58,481 | WARNING |    ⚠ Blocked (403) retry 3
2026-09-04 00:14:58,586 | INFO | 🌐 Session warmed
2026-09-04 00:15:00,829 | INFO |    ↳ Status 403
2026-09-04 00:15:00,829 | WARNING |    ⚠ Blocked (403) retry 3
2026-09-04 00:15:00,925 | INFO | 🌐 Session warmed
2026-09-04 00:15:01,736 | INFO | [130/1901] Fetching Bagaha (BAAG)
2026-09-04 00:15:02,361 | INFO | [131/1901] Fetching Bagalkot (BAGA)
2026-09-04 00:15:02,586 | INFO | [132/1901] Fetching Bagbahara (BBHA)
2026-09-04 00:15:03,011 | INFO |    ↳ Status 403
2026-09-04 00:15:03,011 | WARNING |    ⚠ Blocked (403) retry 1
2026-09-04 00:15:03,036 | INFO |    ↳ Status 403
2026-09-04 00:15:03,036 | WARNING |    ⚠ Blocked (403) retry 1
2026-09-04 00:15:03,115 | INFO | 🌐 Session warmed
2026-09-04 00:15:03,160 | INFO | 🌐 Session warmed
2026-09-04 00:15:03,370 | INFO |    ↳ Status 403
2026-09-04 00:15:03,370 | WARNING |    ⚠ Blocked (403) retry 1
2026-09-04 00:15:03,478 | INFO | 🌐 Session warmed
2026-09-04 00:15:04,838 | INFO |    ↳ Status 403
2026-09-04 00:15:04,838 | WARNING |    ⚠ Blocked (403) retry 2
2026-09-04 00:15:04,925 | INFO | [133/1901] Fetching Bagepalli (BGPI)
2026-09-04 00:15:04,926 | INFO | 🌐 Session warmed
2026-09-04 00:15:05,423 | INFO |    ↳ Status 403
2026-09-04 00:15:05,423 | WARNING |    ⚠ Blocked (403) retry 2
2026-09-04 00:15:05,518 | INFO | 🌐 Session warmed
2026-09-04 00:15:05,675 | INFO |    ↳ Status 403
2026-09-04 00:15:05,675 | WARNING |    ⚠ Blocked (403) retry 2
2026-09-04 00:15:05,679 | INFO |    ↳ Status 403
2026-09-04 00:15:05,679 | WARNING |    ⚠ Blocked (403) retry 1
2026-09-04 00:15:05,785 | INFO | 🌐 Session warmed
2026-09-04 00:15:05,802 | INFO | 🌐 Session warmed
2026-09-04 00:15:07,479 | INFO |    ↳ Status 403
2026-09-04 00:15:07,479 | WARNING |    ⚠ Blocked (403) retry 2
2026-09-04 00:15:07,560 | INFO | 🌐 Session warmed
2026-09-04 00:15:08,039 | INFO |    ↳ Status 403
2026-09-04 00:15:08,039 | WARNING |    ⚠ Blocked (403) retry 3
2026-09-04 00:15:08,158 | INFO | 🌐 Session warmed
2026-09-04 00:15:08,363 | INFO |    ↳ Status 403
2026-09-04 00:15:08,364 | WARNING |    ⚠ Blocked (403) retry 3
2026-09-04 00:15:08,473 | INFO | 🌐 Session warmed
2026-09-04 00:15:08,664 | INFO |    ↳ Status 403
2026-09-04 00:15:08,664 | WARNING |    ⚠ Blocked (403) retry 3
2026-09-04 00:15:08,763 | INFO | 🌐 Session warmed
2026-09-04 00:15:10,201 | INFO |    ↳ Status 403
2026-09-04 00:15:10,201 | WARNING |    ⚠ Blocked (403) retry 3
2026-09-04 00:15:10,301 | INFO | 🌐 Session warmed
2026-09-04 00:15:12,158 | INFO | [134/1901] Fetching Bagha Purana (BAPU)
2026-09-04 00:15:12,473 | INFO | [135/1901] Fetching Baghmari (BGAM)
2026-09-04 00:15:12,763 | INFO | [136/1901] Fetching Bagnan (BAGN)
2026-09-04 00:15:13,211 | INFO |    ↳ Status 403
2026-09-04 00:15:13,212 | WARNING |    ⚠ Blocked (403) retry 1
2026-09-04 00:15:13,327 | INFO | 🌐 Session warmed
2026-09-04 00:15:13,535 | INFO |    ↳ Status 403
2026-09-04 00:15:13,535 | WARNING |    ⚠ Blocked (403) retry 1
2026-09-04 00:15:13,646 | INFO | 🌐 Session warmed
2026-09-04 00:15:13,927 | INFO |    ↳ Status 403
2026-09-04 00:15:13,927 | WARNING |    ⚠ Blocked (403) retry 1
2026-09-04 00:15:14,022 | INFO | 🌐 Session warmed
2026-09-04 00:15:14,301 | INFO | [137/1901] Fetching Bagru (BAGU)
2026-09-04 00:15:15,339 | INFO |    ↳ Status 403
2026-09-04 00:15:15,339 | WARNING |    ⚠ Blocked (403) retry 1
2026-09-04 00:15:15,387 | INFO |    ↳ Status 403
2026-09-04 00:15:15,387 | WARNING |    ⚠ Blocked (403) retry 2
2026-09-04 00:15:15,413 | INFO |    ↳ Status 403
2026-09-04 00:15:15,413 | WARNING |    ⚠ Blocked (403) retry 2
2026-09-04 00:15:15,470 | INFO | 🌐 Session warmed
2026-09-04 00:15:15,501 | INFO | 🌐 Session warmed
2026-09-04 00:15:15,510 | INFO | 🌐 Session warmed
2026-09-04 00:15:15,961 | INFO |    ↳ Status 403
2026-09-04 00:15:15,961 | WARNING |    ⚠ Blocked (403) retry 2
2026-09-04 00:15:16,056 | INFO | 🌐 Session warmed
2026-09-04 00:15:17,223 | INFO |    ↳ Status 403
2026-09-04 00:15:17,223 | WARNING |    ⚠ Blocked (403) retry 2
2026-09-04 00:15:17,328 | INFO | 🌐 Session warmed
2026-09-04 00:15:18,438 | INFO |    ↳ Status 403
2026-09-04 00:15:18,438 | WARNING |    ⚠ Blocked (403) retry 3
2026-09-04 00:15:18,550 | INFO | 🌐 Session warmed
2026-09-04 00:15:18,792 | INFO |    ↳ Status 403
2026-09-04 00:15:18,792 | WARNING |    ⚠ Blocked (403) retry 3
2026-09-04 00:15:18,893 | INFO | 🌐 Session warmed
2026-09-04 00:15:19,264 | INFO |    ↳ Status 403
2026-09-04 00:15:19,264 | WARNING |    ⚠ Blocked (403) retry 3
2026-09-04 00:15:19,356 | INFO | 🌐 Session warmed
2026-09-04 00:15:20,563 | INFO |    ↳ Status 403
2026-09-04 00:15:20,563 | WARNING |    ⚠ Blocked (403) retry 3
2026-09-04 00:15:20,659 | INFO | 🌐 Session warmed
2026-09-04 00:15:22,551 | INFO | [138/1901] Fetching Bahadurgarh (BAHD)
2026-09-04 00:15:22,894 | INFO | [139/1901] Fetching Bahraich (BHRH)
2026-09-04 00:15:23,356 | INFO | [140/1901] Fetching Baidyabati (BAID)
2026-09-04 00:15:23,436 | INFO |    ↳ Status 403
2026-09-04 00:15:23,436 | WARNING |    ⚠ Blocked (403) retry 1
2026-09-04 00:15:23,541 | INFO | 🌐 Session warmed
2026-09-04 00:15:23,814 | INFO |    ↳ Status 403
2026-09-04 00:15:23,814 | WARNING |    ⚠ Blocked (403) retry 1
2026-09-04 00:15:23,926 | INFO | 🌐 Session warmed
2026-09-04 00:15:24,600 | INFO |    ↳ Status 403
2026-09-04 00:15:24,600 | WARNING |    ⚠ Blocked (403) retry 1
2026-09-04 00:15:24,659 | INFO | [141/1901] Fetching Baihar (BIAH)
2026-09-04 00:15:24,737 | INFO | 🌐 Session warmed
2026-09-04 00:15:25,426 | INFO |    ↳ Status 403
2026-09-04 00:15:25,426 | WARNING |    ⚠ Blocked (403) retry 1
2026-09-04 00:15:25,431 | INFO |    ↳ Status 403
2026-09-04 00:15:25,431 | WARNING |    ⚠ Blocked (403) retry 2
2026-09-04 00:15:25,534 | INFO | 🌐 Session warmed
2026-09-04 00:15:25,534 | INFO | 🌐 Session warmed
2026-09-04 00:15:25,566 | INFO |    ↳ Status 403
2026-09-04 00:15:25,566 | WARNING |    ⚠ Blocked (403) retry 2
2026-09-04 00:15:25,667 | INFO | 🌐 Session warmed
2026-09-04 00:15:26,700 | INFO |    ↳ Status 403
2026-09-04 00:15:26,701 | WARNING |    ⚠ Blocked (403) retry 2
2026-09-04 00:15:26,801 | INFO | 🌐 Session warmed
2026-09-04 00:15:27,722 | INFO |    ↳ Status 403
2026-09-04 00:15:27,722 | WARNING |    ⚠ Blocked (403) retry 2
2026-09-04 00:15:27,840 | INFO | 🌐 Session warmed
2026-09-04 00:15:28,292 | INFO |    ↳ Status 403
2026-09-04 00:15:28,292 | WARNING |    ⚠ Blocked (403) retry 3
2026-09-04 00:15:28,381 | INFO | 🌐 Session warmed
2026-09-04 00:15:28,557 | INFO |    ↳ Status 403
2026-09-04 00:15:28,557 | WARNING |    ⚠ Blocked (403) retry 3
2026-09-04 00:15:28,652 | INFO | 🌐 Session warmed
2026-09-04 00:15:30,068 | INFO |    ↳ Status 403
2026-09-04 00:15:30,068 | WARNING |    ⚠ Blocked (403) retry 3
2026-09-04 00:15:30,154 | INFO | 🌐 Session warmed
2026-09-04 00:15:31,171 | INFO |    ↳ Status 403
2026-09-04 00:15:31,171 | WARNING |    ⚠ Blocked (403) retry 3
2026-09-04 00:15:31,276 | INFO | 🌐 Session warmed
2026-09-04 00:15:32,381 | INFO | [142/1901] Fetching Baijnath (BAIJ)
2026-09-04 00:15:32,653 | INFO | [143/1901] Fetching Baikunthpur (BKTH)
2026-09-04 00:15:33,703 | INFO |    ↳ Status 403
2026-09-04 00:15:33,703 | WARNING |    ⚠ Blocked (403) retry 1
2026-09-04 00:15:33,785 | INFO |    ↳ Status 403
2026-09-04 00:15:33,786 | WARNING |    ⚠ Blocked (403) retry 1
2026-09-04 00:15:33,797 | INFO | 🌐 Session warmed
2026-09-04 00:15:33,870 | INFO | 🌐 Session warmed
2026-09-04 00:15:34,155 | INFO | [144/1901] Fetching Baindur (BAND)
2026-09-04 00:15:35,276 | INFO | [145/1901] Fetching Bakhrahat (BART)
2026-09-04 00:15:35,570 | INFO |    ↳ Status 403
2026-09-04 00:15:35,570 | WARNING |    ⚠ Blocked (403) retry 1
2026-09-04 00:15:35,655 | INFO |    ↳ Status 403
2026-09-04 00:15:35,655 | WARNING |    ⚠ Blocked (403) retry 2
2026-09-04 00:15:35,659 | INFO |    ↳ Status 403
2026-09-04 00:15:35,659 | WARNING |    ⚠ Blocked (403) retry 2
2026-09-04 00:15:35,675 | INFO | 🌐 Session warmed
2026-09-04 00:15:35,778 | INFO | 🌐 Session warmed
2026-09-04 00:15:35,782 | INFO | 🌐 Session warmed
2026-09-04 00:15:36,352 | INFO |    ↳ Status 403
2026-09-04 00:15:36,352 | WARNING |    ⚠ Blocked (403) retry 1
2026-09-04 00:15:36,454 | INFO | 🌐 Session warmed
2026-09-04 00:15:37,940 | INFO |    ↳ Status 403
2026-09-04 00:15:37,940 | WARNING |    ⚠ Blocked (403) retry 2
2026-09-04 00:15:38,045 | INFO | 🌐 Session warmed
2026-09-04 00:15:38,769 | INFO |    ↳ Status 403
2026-09-04 00:15:38,769 | WARNING |    ⚠ Blocked (403) retry 3
2026-09-04 00:15:38,860 | INFO | 🌐 Session warmed
2026-09-04 00:15:38,885 | INFO |    ↳ Status 403
2026-09-04 00:15:38,885 | WARNING |    ⚠ Blocked (403) retry 2
2026-09-04 00:15:38,989 | INFO | 🌐 Session warmed
2026-09-04 00:15:39,184 | INFO |    ↳ Status 403
2026-09-04 00:15:39,184 | WARNING |    ⚠ Blocked (403) retry 3
2026-09-04 00:15:39,276 | INFO | 🌐 Session warmed
2026-09-04 00:15:41,405 | INFO |    ↳ Status 403
2026-09-04 00:15:41,405 | WARNING |    ⚠ Blocked (403) retry 3
2026-09-04 00:15:41,502 | INFO | 🌐 Session warmed
2026-09-04 00:15:42,085 | INFO |    ↳ Status 403
2026-09-04 00:15:42,085 | WARNING |    ⚠ Blocked (403) retry 3
2026-09-04 00:15:42,190 | INFO | 🌐 Session warmed
2026-09-04 00:15:42,860 | INFO | [146/1901] Fetching Balaghat (BLGT)
2026-09-04 00:15:43,277 | INFO | [147/1901] Fetching Balangir (BALG)
2026-09-04 00:15:44,176 | INFO |    ↳ Status 403
2026-09-04 00:15:44,176 | WARNING |    ⚠ Blocked (403) retry 1
2026-09-04 00:15:44,278 | INFO | 🌐 Session warmed
2026-09-04 00:15:44,678 | INFO |    ↳ Status 403
2026-09-04 00:15:44,678 | WARNING |    ⚠ Blocked (403) retry 1
2026-09-04 00:15:44,791 | INFO | 🌐 Session warmed
2026-09-04 00:15:45,503 | INFO | [148/1901] Fetching Balasore (BLSR)
2026-09-04 00:15:45,995 | INFO |    ↳ Status 403
2026-09-04 00:15:45,995 | WARNING |    ⚠ Blocked (403) retry 2
2026-09-04 00:15:46,121 | INFO | 🌐 Session warmed
2026-09-04 00:15:46,190 | INFO | [149/1901] Fetching Balijipeta (BLIJ)
2026-09-04 00:15:46,505 | INFO |    ↳ Status 403
2026-09-04 00:15:46,505 | WARNING |    ⚠ Blocked (403) retry 1
2026-09-04 00:15:46,590 | INFO | 🌐 Session warmed
2026-09-04 00:15:47,164 | INFO |    ↳ Status 403
2026-09-04 00:15:47,164 | WARNING |    ⚠ Blocked (403) retry 1
2026-09-04 00:15:47,206 | INFO |    ↳ Status 403
2026-09-04 00:15:47,206 | WARNING |    ⚠ Blocked (403) retry 2
2026-09-04 00:15:47,277 | INFO | 🌐 Session warmed
2026-09-04 00:15:47,327 | INFO | 🌐 Session warmed
2026-09-04 00:15:48,680 | INFO |    ↳ Status 403
2026-09-04 00:15:48,680 | WARNING |    ⚠ Blocked (403) retry 2
2026-09-04 00:15:48,769 | INFO | 🌐 Session warmed
2026-09-04 00:15:49,036 | INFO |    ↳ Status 403
2026-09-04 00:15:49,036 | WARNING |    ⚠ Blocked (403) retry 3
2026-09-04 00:15:49,144 | INFO | 🌐 Session warmed
2026-09-04 00:15:49,439 | INFO |    ↳ Status 403
2026-09-04 00:15:49,440 | WARNING |    ⚠ Blocked (403) retry 2
2026-09-04 00:15:49,535 | INFO | 🌐 Session warmed
2026-09-04 00:15:50,166 | INFO |    ↳ Status 403
2026-09-04 00:15:50,166 | WARNING |    ⚠ Blocked (403) retry 3
2026-09-04 00:15:50,254 | INFO | 🌐 Session warmed
2026-09-04 00:15:52,059 | INFO |    ↳ Status 403
2026-09-04 00:15:52,059 | WARNING |    ⚠ Blocked (403) retry 3
2026-09-04 00:15:52,211 | INFO | 🌐 Session warmed
2026-09-04 00:15:52,288 | INFO |    ↳ Status 403
2026-09-04 00:15:52,288 | WARNING |    ⚠ Blocked (403) retry 3
2026-09-04 00:15:52,402 | INFO | 🌐 Session warmed
2026-09-04 00:15:53,144 | INFO | [150/1901] Fetching Ballia (ALBI)
2026-09-04 00:15:53,896 | INFO |    ↳ Status 403
2026-09-04 00:15:53,896 | WARNING |    ⚠ Blocked (403) retry 1
2026-09-04 00:15:54,002 | INFO | 🌐 Session warmed
2026-09-04 00:15:54,254 | INFO | [151/1901] Fetching Balod (BALD)
2026-09-04 00:15:55,465 | INFO |    ↳ Status 403
2026-09-04 00:15:55,465 | WARNING |    ⚠ Blocked (403) retry 1
2026-09-04 00:15:55,564 | INFO | 🌐 Session warmed
2026-09-04 00:15:56,158 | INFO |    ↳ Status 403
2026-09-04 00:15:56,158 | WARNING |    ⚠ Blocked (403) retry 2
2026-09-04 00:15:56,211 | INFO | [152/1901] Fetching Baloda Bazar (BBCH)
2026-09-04 00:15:56,279 | INFO | 🌐 Session warmed
2026-09-04 00:15:56,403 | INFO | [153/1901] Fetching Balotra (BALO)
2026-09-04 00:15:57,605 | INFO |    ↳ Status 403
2026-09-04 00:15:57,605 | WARNING |    ⚠ Blocked (403) retry 1
2026-09-04 00:15:57,705 | INFO | 🌐 Session warmed
2026-09-04 00:15:57,789 | INFO |    ↳ Status 403
2026-09-04 00:15:57,789 | WARNING |    ⚠ Blocked (403) retry 1
2026-09-04 00:15:57,848 | INFO |    ↳ Status 403
2026-09-04 00:15:57,849 | WARNING |    ⚠ Blocked (403) retry 2
2026-09-04 00:15:57,884 | INFO | 🌐 Session warmed
2026-09-04 00:15:57,950 | INFO | 🌐 Session warmed
2026-09-04 00:15:59,479 | INFO |    ↳ Status 403
2026-09-04 00:15:59,479 | WARNING |    ⚠ Blocked (403) retry 3
2026-09-04 00:15:59,585 | INFO | 🌐 Session warmed
2026-09-04 00:16:00,055 | INFO |    ↳ Status 403
2026-09-04 00:16:00,055 | WARNING |    ⚠ Blocked (403) retry 2
2026-09-04 00:16:00,162 | INFO | 🌐 Session warmed
2026-09-04 00:16:00,279 | INFO |    ↳ Status 403
2026-09-04 00:16:00,279 | WARNING |    ⚠ Blocked (403) retry 2
2026-09-04 00:16:00,385 | INFO | 🌐 Session warmed
2026-09-04 00:16:01,375 | INFO |    ↳ Status 403
2026-09-04 00:16:01,375 | WARNING |    ⚠ Blocked (403) retry 3
2026-09-04 00:16:01,482 | INFO | 🌐 Session warmed
2026-09-04 00:16:03,097 | INFO |    ↳ Status 403
2026-09-04 00:16:03,097 | WARNING |    ⚠ Blocked (403) retry 3
2026-09-04 00:16:03,210 | INFO | 🌐 Session warmed
2026-09-04 00:16:03,387 | INFO |    ↳ Status 403
2026-09-04 00:16:03,387 | WARNING |    ⚠ Blocked (403) retry 3
2026-09-04 00:16:03,483 | INFO | 🌐 Session warmed
2026-09-04 00:16:03,585 | INFO | [154/1901] Fetching Balrampur (BLUR)
2026-09-04 00:16:04,527 | INFO |    ↳ Status 403
2026-09-04 00:16:04,528 | WARNING |    ⚠ Blocked (403) retry 1
2026-09-04 00:16:04,651 | INFO | 🌐 Session warmed
2026-09-04 00:16:05,483 | INFO | [155/1901] Fetching Balurghat (BALU)
2026-09-04 00:16:06,520 | INFO |    ↳ Status 403
2026-09-04 00:16:06,520 | WARNING |    ⚠ Blocked (403) retry 2
2026-09-04 00:16:06,619 | INFO | 🌐 Session warmed
2026-09-04 00:16:06,771 | INFO |    ↳ Status 403
2026-09-04 00:16:06,771 | WARNING |    ⚠ Blocked (403) retry 1
2026-09-04 00:16:06,862 | INFO | 🌐 Session warmed
2026-09-04 00:16:07,210 | INFO | [156/1901] Fetching Banaganapalli (BNPL)
2026-09-04 00:16:07,483 | INFO | [157/1901] Fetching Banahatti (BANZ)
2026-09-04 00:16:07,865 | INFO |    ↳ Status 403
2026-09-04 00:16:07,865 | WARNING |    ⚠ Blocked (403) retry 1
2026-09-04 00:16:07,965 | INFO | 🌐 Session warmed
2026-09-04 00:16:08,253 | INFO |    ↳ Status 403
2026-09-04 00:16:08,253 | WARNING |    ⚠ Blocked (403) retry 1
2026-09-04 00:16:08,347 | INFO | 🌐 Session warmed
2026-09-04 00:16:09,276 | INFO |    ↳ Status 403
2026-09-04 00:16:09,276 | WARNING |    ⚠ Blocked (403) retry 2
2026-09-04 00:16:09,351 | INFO | 🌐 Session warmed
2026-09-04 00:16:09,980 | INFO |    ↳ Status 403
2026-09-04 00:16:09,980 | WARNING |    ⚠ Blocked (403) retry 3
2026-09-04 00:16:10,085 | INFO | 🌐 Session warmed
2026-09-04 00:16:10,387 | INFO |    ↳ Status 403
2026-09-04 00:16:10,387 | WARNING |    ⚠ Blocked (403) retry 2
2026-09-04 00:16:10,503 | INFO | 🌐 Session warmed
2026-09-04 00:16:10,737 | INFO |    ↳ Status 403
2026-09-04 00:16:10,737 | WARNING |    ⚠ Blocked (403) retry 2
2026-09-04 00:16:10,829 | INFO | 🌐 Session warmed
2026-09-04 00:16:12,011 | INFO |    ↳ Status 403
2026-09-04 00:16:12,011 | WARNING |    ⚠ Blocked (403) retry 3
2026-09-04 00:16:12,122 | INFO | 🌐 Session warmed
2026-09-04 00:16:13,415 | INFO |    ↳ Status 403
2026-09-04 00:16:13,415 | WARNING |    ⚠ Blocked (403) retry 3
2026-09-04 00:16:13,519 | INFO | 🌐 Session warmed
2026-09-04 00:16:14,043 | INFO |    ↳ Status 403
2026-09-04 00:16:14,043 | WARNING |    ⚠ Blocked (403) retry 3
2026-09-04 00:16:14,085 | INFO | [158/1901] Fetching Banaskantha (BANA)
2026-09-04 00:16:14,169 | INFO | 🌐 Session warmed
2026-09-04 00:16:14,764 | INFO |    ↳ Status 403
2026-09-04 00:16:14,764 | WARNING |    ⚠ Blocked (403) retry 1
2026-09-04 00:16:14,859 | INFO | 🌐 Session warmed
2026-09-04 00:16:16,123 | INFO | [159/1901] Fetching Banga (BNGA)
2026-09-04 00:16:16,574 | INFO |    ↳ Status 403
2026-09-04 00:16:16,575 | WARNING |    ⚠ Blocked (403) retry 2
2026-09-04 00:16:16,679 | INFO | 🌐 Session warmed
2026-09-04 00:16:17,357 | INFO |    ↳ Status 403
2026-09-04 00:16:17,357 | WARNING |    ⚠ Blocked (403) retry 1
2026-09-04 00:16:17,486 | INFO | 🌐 Session warmed
2026-09-04 00:16:17,520 | INFO | [160/1901] Fetching Bangaon (BAGO)
2026-09-04 00:16:18,170 | INFO | [161/1901] Fetching Bangarpet (BAGT)
2026-09-04 00:16:18,736 | INFO |    ↳ Status 403
2026-09-04 00:16:18,736 | WARNING |    ⚠ Blocked (403) retry 1
2026-09-04 00:16:18,827 | INFO | 🌐 Session warmed
2026-09-04 00:16:19,527 | INFO |    ↳ Status 403
2026-09-04 00:16:19,527 | WARNING |    ⚠ Blocked (403) retry 1
2026-09-04 00:16:19,621 | INFO | 🌐 Session warmed
2026-09-04 00:16:19,714 | INFO |    ↳ Status 403
2026-09-04 00:16:19,714 | WARNING |    ⚠ Blocked (403) retry 2
2026-09-04 00:16:19,767 | INFO |    ↳ Status 403
2026-09-04 00:16:19,767 | WARNING |    ⚠ Blocked (403) retry 3
2026-09-04 00:16:19,856 | INFO | 🌐 Session warmed
2026-09-04 00:16:19,896 | INFO | 🌐 Session warmed
2026-09-04 00:16:20,524 | INFO |    ↳ Status 403
2026-09-04 00:16:20,524 | WARNING |    ⚠ Blocked (403) retry 2
2026-09-04 00:16:20,647 | INFO | 🌐 Session warmed
2026-09-04 00:16:21,882 | INFO |    ↳ Status 403
2026-09-04 00:16:21,882 | WARNING |    ⚠ Blocked (403) retry 2
2026-09-04 00:16:21,974 | INFO | 🌐 Session warmed
2026-09-04 00:16:23,243 | INFO |    ↳ Status 403
2026-09-04 00:16:23,243 | WARNING |    ⚠ Blocked (403) retry 3
2026-09-04 00:16:23,367 | INFO | 🌐 Session warmed
2026-09-04 00:16:23,796 | INFO |    ↳ Status 403
2026-09-04 00:16:23,797 | WARNING |    ⚠ Blocked (403) retry 3
2026-09-04 00:16:23,896 | INFO | [162/1901] Fetching Bangarupalem (BGPM)
2026-09-04 00:16:23,903 | INFO | 🌐 Session warmed
2026-09-04 00:16:24,695 | INFO |    ↳ Status 403
2026-09-04 00:16:24,695 | WARNING |    ⚠ Blocked (403) retry 3
2026-09-04 00:16:24,699 | INFO |    ↳ Status 403
2026-09-04 00:16:24,699 | WARNING |    ⚠ Blocked (403) retry 1
2026-09-04 00:16:24,799 | INFO | 🌐 Session warmed
2026-09-04 00:16:24,823 | INFO | 🌐 Session warmed
2026-09-04 00:16:27,167 | INFO |    ↳ Status 403
2026-09-04 00:16:27,167 | WARNING |    ⚠ Blocked (403) retry 2
2026-09-04 00:16:27,271 | INFO | 🌐 Session warmed
2026-09-04 00:16:27,367 | INFO | [163/1901] Fetching Banki (BANK)
2026-09-04 00:16:27,904 | INFO | [164/1901] Fetching Bankura (BNKU)
2026-09-04 00:16:28,388 | INFO |    ↳ Status 403
2026-09-04 00:16:28,388 | WARNING |    ⚠ Blocked (403) retry 1
2026-09-04 00:16:28,480 | INFO | 🌐 Session warmed
2026-09-04 00:16:28,800 | INFO | [165/1901] Fetching Banswada (BNSA)
2026-09-04 00:16:28,983 | INFO |    ↳ Status 403
2026-09-04 00:16:28,983 | WARNING |    ⚠ Blocked (403) retry 1
2026-09-04 00:16:29,081 | INFO | 🌐 Session warmed
2026-09-04 00:16:29,997 | INFO |    ↳ Status 403
2026-09-04 00:16:29,997 | WARNING |    ⚠ Blocked (403) retry 3
2026-09-04 00:16:30,045 | INFO |    ↳ Status 403
2026-09-04 00:16:30,045 | WARNING |    ⚠ Blocked (403) retry 1
2026-09-04 00:16:30,105 | INFO | 🌐 Session warmed
2026-09-04 00:16:30,160 | INFO |    ↳ Status 403
2026-09-04 00:16:30,161 | WARNING |    ⚠ Blocked (403) retry 2
2026-09-04 00:16:30,185 | INFO | 🌐 Session warmed
2026-09-04 00:16:30,271 | INFO | 🌐 Session warmed
2026-09-04 00:16:31,228 | INFO |    ↳ Status 403
2026-09-04 00:16:31,228 | WARNING |    ⚠ Blocked (403) retry 2
2026-09-04 00:16:31,325 | INFO | 🌐 Session warmed
2026-09-04 00:16:31,972 | INFO |    ↳ Status 403
2026-09-04 00:16:31,972 | WARNING |    ⚠ Blocked (403) retry 2
2026-09-04 00:16:32,078 | INFO | 🌐 Session warmed
2026-09-04 00:16:33,444 | INFO |    ↳ Status 403
2026-09-04 00:16:33,444 | WARNING |    ⚠ Blocked (403) retry 3
2026-09-04 00:16:33,578 | INFO | 🌐 Session warmed
2026-09-04 00:16:34,105 | INFO | [166/1901] Fetching Banswara (BANS)
2026-09-04 00:16:34,638 | INFO |    ↳ Status 403
2026-09-04 00:16:34,638 | WARNING |    ⚠ Blocked (403) retry 3
2026-09-04 00:16:34,741 | INFO | 🌐 Session warmed
2026-09-04 00:16:35,143 | INFO |    ↳ Status 403
2026-09-04 00:16:35,143 | WARNING |    ⚠ Blocked (403) retry 3
2026-09-04 00:16:35,245 | INFO | 🌐 Session warmed
2026-09-04 00:16:35,271 | INFO |    ↳ Status 403
2026-09-04 00:16:35,271 | WARNING |    ⚠ Blocked (403) retry 1
2026-09-04 00:16:35,368 | INFO | 🌐 Session warmed
2026-09-04 00:16:37,049 | INFO |    ↳ Status 403
2026-09-04 00:16:37,050 | WARNING |    ⚠ Blocked (403) retry 2
2026-09-04 00:16:37,157 | INFO | 🌐 Session warmed
2026-09-04 00:16:37,578 | INFO | [167/1901] Fetching Bantumilli (BANT)
2026-09-04 00:16:38,742 | INFO | [168/1901] Fetching Bapatla (BAPA)
2026-09-04 00:16:38,867 | INFO |    ↳ Status 403
2026-09-04 00:16:38,867 | WARNING |    ⚠ Blocked (403) retry 1
2026-09-04 00:16:38,971 | INFO | 🌐 Session warmed
2026-09-04 00:16:39,246 | INFO | [169/1901] Fetching Barabanki (BARK)
2026-09-04 00:16:39,423 | INFO |    ↳ Status 403
2026-09-04 00:16:39,423 | WARNING |    ⚠ Blocked (403) retry 1
2026-09-04 00:16:39,509 | INFO | 🌐 Session warmed
2026-09-04 00:16:39,911 | INFO |    ↳ Status 403
2026-09-04 00:16:39,911 | WARNING |    ⚠ Blocked (403) retry 3
2026-09-04 00:16:40,003 | INFO | 🌐 Session warmed
2026-09-04 00:16:40,342 | INFO |    ↳ Status 403
2026-09-04 00:16:40,342 | WARNING |    ⚠ Blocked (403) retry 1
2026-09-04 00:16:40,444 | INFO | 🌐 Session warmed
2026-09-04 00:16:40,784 | INFO |    ↳ Status 403
2026-09-04 00:16:40,784 | WARNING |    ⚠ Blocked (403) retry 2
2026-09-04 00:16:40,879 | INFO | 🌐 Session warmed
2026-09-04 00:16:41,746 | INFO |    ↳ Status 403
2026-09-04 00:16:41,746 | WARNING |    ⚠ Blocked (403) retry 2
2026-09-04 00:16:41,837 | INFO | 🌐 Session warmed
2026-09-04 00:16:42,757 | INFO |    ↳ Status 403
2026-09-04 00:16:42,757 | WARNING |    ⚠ Blocked (403) retry 2
2026-09-04 00:16:42,855 | INFO | 🌐 Session warmed
2026-09-04 00:16:44,004 | INFO | [170/1901] Fetching Baramati (BARA)
2026-09-04 00:16:44,107 | INFO |    ↳ Status 403
2026-09-04 00:16:44,107 | WARNING |    ⚠ Blocked (403) retry 3
2026-09-04 00:16:44,220 | INFO | 🌐 Session warmed
2026-09-04 00:16:44,750 | INFO |    ↳ Status 403
2026-09-04 00:16:44,750 | WARNING |    ⚠ Blocked (403) retry 1
2026-09-04 00:16:44,820 | INFO |    ↳ Status 403
2026-09-04 00:16:44,821 | WARNING |    ⚠ Blocked (403) retry 3
2026-09-04 00:16:44,855 | INFO | 🌐 Session warmed
2026-09-04 00:16:44,952 | INFO | 🌐 Session warmed
2026-09-04 00:16:45,557 | INFO |    ↳ Status 403
2026-09-04 00:16:45,558 | WARNING |    ⚠ Blocked (403) retry 3
2026-09-04 00:16:45,665 | INFO | 🌐 Session warmed
2026-09-04 00:16:47,228 | INFO |    ↳ Status 403
2026-09-04 00:16:47,228 | WARNING |    ⚠ Blocked (403) retry 2
2026-09-04 00:16:47,337 | INFO | 🌐 Session warmed
2026-09-04 00:16:48,220 | INFO | [171/1901] Fetching Baramulla (BRML)
2026-09-04 00:16:48,858 | INFO |    ↳ Status 403
2026-09-04 00:16:48,859 | WARNING |    ⚠ Blocked (403) retry 1
2026-09-04 00:16:48,953 | INFO | [172/1901] Fetching Baran (BARN)
2026-09-04 00:16:48,979 | INFO | 🌐 Session warmed
2026-09-04 00:16:49,666 | INFO | [173/1901] Fetching Barasat (BSRT)
2026-09-04 00:16:49,909 | INFO |    ↳ Status 403
2026-09-04 00:16:49,909 | WARNING |    ⚠ Blocked (403) retry 1
2026-09-04 00:16:50,023 | INFO | 🌐 Session warmed
2026-09-04 00:16:50,087 | INFO |    ↳ Status 403
2026-09-04 00:16:50,088 | WARNING |    ⚠ Blocked (403) retry 3
2026-09-04 00:16:50,173 | INFO | 🌐 Session warmed
2026-09-04 00:16:50,338 | INFO |    ↳ Status 403
2026-09-04 00:16:50,338 | WARNING |    ⚠ Blocked (403) retry 1
2026-09-04 00:16:50,430 | INFO | 🌐 Session warmed
2026-09-04 00:16:51,273 | INFO |    ↳ Status 403
2026-09-04 00:16:51,273 | WARNING |    ⚠ Blocked (403) retry 2
2026-09-04 00:16:51,385 | INFO | 🌐 Session warmed
2026-09-04 00:16:51,721 | INFO |    ↳ Status 403
2026-09-04 00:16:51,721 | WARNING |    ⚠ Blocked (403) retry 2
2026-09-04 00:16:51,822 | INFO | 🌐 Session warmed
2026-09-04 00:16:52,121 | INFO |    ↳ Status 403
2026-09-04 00:16:52,121 | WARNING |    ⚠ Blocked (403) retry 2
2026-09-04 00:16:52,235 | INFO | 🌐 Session warmed
2026-09-04 00:16:54,101 | INFO |    ↳ Status 403
2026-09-04 00:16:54,101 | WARNING |    ⚠ Blocked (403) retry 3
2026-09-04 00:16:54,173 | INFO | [174/1901] Fetching Baraut (BARL)
2026-09-04 00:16:54,197 | INFO | 🌐 Session warmed
2026-09-04 00:16:54,492 | INFO |    ↳ Status 403
2026-09-04 00:16:54,492 | WARNING |    ⚠ Blocked (403) retry 3
2026-09-04 00:16:54,586 | INFO | 🌐 Session warmed
2026-09-04 00:16:54,915 | INFO |    ↳ Status 403
2026-09-04 00:16:54,915 | WARNING |    ⚠ Blocked (403) retry 1
2026-09-04 00:16:55,024 | INFO | 🌐 Session warmed
2026-09-04 00:16:55,222 | INFO |    ↳ Status 403
2026-09-04 00:16:55,223 | WARNING |    ⚠ Blocked (403) retry 3
2026-09-04 00:16:55,325 | INFO | 🌐 Session warmed
2026-09-04 00:16:57,416 | INFO |    ↳ Status 403
2026-09-04 00:16:57,416 | WARNING |    ⚠ Blocked (403) retry 2
2026-09-04 00:16:57,518 | INFO | 🌐 Session warmed
2026-09-04 00:16:58,198 | INFO | [175/1901] Fetching Barbil (BABR)
2026-09-04 00:16:58,587 | INFO | [176/1901] Fetching Bardoli (BRDL)
2026-09-04 00:16:59,325 | INFO | [177/1901] Fetching Bareilly (BARE)
2026-09-04 00:16:59,595 | INFO |    ↳ Status 403
2026-09-04 00:16:59,595 | WARNING |    ⚠ Blocked (403) retry 1
2026-09-04 00:16:59,683 | INFO |    ↳ Status 403
2026-09-04 00:16:59,683 | WARNING |    ⚠ Blocked (403) retry 1
2026-09-04 00:16:59,687 | INFO | 🌐 Session warmed
2026-09-04 00:16:59,772 | INFO | 🌐 Session warmed
2026-09-04 00:17:00,012 | INFO |    ↳ Status 403
2026-09-04 00:17:00,013 | WARNING |    ⚠ Blocked (403) retry 1
2026-09-04 00:17:00,158 | INFO | 🌐 Session warmed
2026-09-04 00:17:00,809 | INFO |    ↳ Status 403
2026-09-04 00:17:00,809 | WARNING |    ⚠ Blocked (403) retry 3
2026-09-04 00:17:00,914 | INFO | 🌐 Session warmed
2026-09-04 00:17:01,491 | INFO |    ↳ Status 403
2026-09-04 00:17:01,491 | WARNING |    ⚠ Blocked (403) retry 2
2026-09-04 00:17:01,630 | INFO | 🌐 Session warmed
2026-09-04 00:17:01,816 | INFO |    ↳ Status 403
2026-09-04 00:17:01,816 | WARNING |    ⚠ Blocked (403) retry 2
2026-09-04 00:17:01,938 | INFO | 🌐 Session warmed
2026-09-04 00:17:02,140 | INFO |    ↳ Status 403
2026-09-04 00:17:02,140 | WARNING |    ⚠ Blocked (403) retry 2
2026-09-04 00:17:02,267 | INFO | 🌐 Session warmed
2026-09-04 00:17:04,853 | INFO |    ↳ Status 403
2026-09-04 00:17:04,853 | WARNING |    ⚠ Blocked (403) retry 3
2026-09-04 00:17:04,906 | INFO |    ↳ Status 403
2026-09-04 00:17:04,906 | WARNING |    ⚠ Blocked (403) retry 3
2026-09-04 00:17:04,915 | INFO | [178/1901] Fetching Bareja (BEJA)
2026-09-04 00:17:04,970 | INFO | 🌐 Session warmed
2026-09-04 00:17:05,009 | INFO | 🌐 Session warmed
2026-09-04 00:17:05,676 | INFO |    ↳ Status 403
2026-09-04 00:17:05,676 | WARNING |    ⚠ Blocked (403) retry 3
2026-09-04 00:17:05,773 | INFO | 🌐 Session warmed
2026-09-04 00:17:06,250 | INFO |    ↳ Status 403
2026-09-04 00:17:06,251 | WARNING |    ⚠ Blocked (403) retry 1
2026-09-04 00:17:06,339 | INFO | 🌐 Session warmed
2026-09-04 00:17:08,436 | INFO |    ↳ Status 403
2026-09-04 00:17:08,436 | WARNING |    ⚠ Blocked (403) retry 2
2026-09-04 00:17:08,530 | INFO | 🌐 Session warmed
2026-09-04 00:17:08,971 | INFO | [179/1901] Fetching Bargarh (BARG)
2026-09-04 00:17:09,009 | INFO | [180/1901] Fetching Barharwa (BRWA)
2026-09-04 00:17:09,668 | INFO |    ↳ Status 403
2026-09-04 00:17:09,668 | WARNING |    ⚠ Blocked (403) retry 1
2026-09-04 00:17:09,758 | INFO | 🌐 Session warmed
2026-09-04 00:17:09,774 | INFO | [181/1901] Fetching Barhi (BHAI)
2026-09-04 00:17:10,235 | INFO |    ↳ Status 403
2026-09-04 00:17:10,235 | WARNING |    ⚠ Blocked (403) retry 1
2026-09-04 00:17:10,328 | INFO | 🌐 Session warmed
2026-09-04 00:17:10,535 | INFO |    ↳ Status 403
2026-09-04 00:17:10,535 | WARNING |    ⚠ Blocked (403) retry 1
2026-09-04 00:17:10,653 | INFO | 🌐 Session warmed
2026-09-04 00:17:11,824 | INFO |    ↳ Status 403
2026-09-04 00:17:11,825 | WARNING |    ⚠ Blocked (403) retry 3
2026-09-04 00:17:11,924 | INFO | 🌐 Session warmed
2026-09-04 00:17:12,107 | INFO |    ↳ Status 403
2026-09-04 00:17:12,107 | WARNING |    ⚠ Blocked (403) retry 2
2026-09-04 00:17:12,184 | INFO |    ↳ Status 403
2026-09-04 00:17:12,184 | WARNING |    ⚠ Blocked (403) retry 2
2026-09-04 00:17:12,207 | INFO | 🌐 Session warmed
2026-09-04 00:17:12,289 | INFO | 🌐 Session warmed
2026-09-04 00:17:12,500 | INFO |    ↳ Status 403
2026-09-04 00:17:12,500 | WARNING |    ⚠ Blocked (403) retry 2
2026-09-04 00:17:12,589 | INFO | 🌐 Session warmed
2026-09-04 00:17:15,100 | INFO |    ↳ Status 403
2026-09-04 00:17:15,100 | WARNING |    ⚠ Blocked (403) retry 3
2026-09-04 00:17:15,212 | INFO | 🌐 Session warmed
2026-09-04 00:17:15,537 | INFO |    ↳ Status 403
2026-09-04 00:17:15,537 | WARNING |    ⚠ Blocked (403) retry 3
2026-09-04 00:17:15,632 | INFO | 🌐 Session warmed
2026-09-04 00:17:15,678 | INFO |    ↳ Status 403
2026-09-04 00:17:15,678 | WARNING |    ⚠ Blocked (403) retry 3
2026-09-04 00:17:15,772 | INFO | 🌐 Session warmed
2026-09-04 00:17:15,924 | INFO | [182/1901] Fetching Baripada (BARI)
2026-09-04 00:17:17,294 | INFO |    ↳ Status 403
2026-09-04 00:17:17,294 | WARNING |    ⚠ Blocked (403) retry 1
2026-09-04 00:17:17,372 | INFO | 🌐 Session warmed
2026-09-04 00:17:19,213 | INFO | [183/1901] Fetching Barmer (BARM)
2026-09-04 00:17:19,572 | INFO |    ↳ Status 403
2026-09-04 00:17:19,572 | WARNING |    ⚠ Blocked (403) retry 2
2026-09-04 00:17:19,633 | INFO | [184/1901] Fetching Barnala (BAR)
2026-09-04 00:17:19,667 | INFO | 🌐 Session warmed
2026-09-04 00:17:19,773 | INFO | [185/1901] Fetching Barpeta Road (BRPD)
2026-09-04 00:17:20,018 | INFO |    ↳ Status 403
2026-09-04 00:17:20,018 | WARNING |    ⚠ Blocked (403) retry 1
2026-09-04 00:17:20,111 | INFO | 🌐 Session warmed
2026-09-04 00:17:20,364 | INFO |    ↳ Status 403
2026-09-04 00:17:20,364 | WARNING |    ⚠ Blocked (403) retry 1
2026-09-04 00:17:20,464 | INFO | 🌐 Session warmed
2026-09-04 00:17:20,496 | INFO |    ↳ Status 403
2026-09-04 00:17:20,497 | WARNING |    ⚠ Blocked (403) retry 1
2026-09-04 00:17:20,602 | INFO | 🌐 Session warmed
2026-09-04 00:17:21,831 | INFO |    ↳ Status 403
2026-09-04 00:17:21,831 | WARNING |    ⚠ Blocked (403) retry 2
2026-09-04 00:17:21,922 | INFO | 🌐 Session warmed
2026-09-04 00:17:22,356 | INFO |    ↳ Status 403
2026-09-04 00:17:22,356 | WARNING |    ⚠ Blocked (403) retry 2
2026-09-04 00:17:22,387 | INFO |    ↳ Status 403
2026-09-04 00:17:22,387 | WARNING |    ⚠ Blocked (403) retry 3
2026-09-04 00:17:22,462 | INFO | 🌐 Session warmed
2026-09-04 00:17:22,490 | INFO | 🌐 Session warmed
2026-09-04 00:17:22,892 | INFO |    ↳ Status 403
2026-09-04 00:17:22,892 | WARNING |    ⚠ Blocked (403) retry 2
2026-09-04 00:17:22,992 | INFO | 🌐 Session warmed
2026-09-04 00:17:25,297 | INFO |    ↳ Status 403
2026-09-04 00:17:25,297 | WARNING |    ⚠ Blocked (403) retry 3
2026-09-04 00:17:25,389 | INFO | 🌐 Session warmed
2026-09-04 00:17:25,638 | INFO |    ↳ Status 403
2026-09-04 00:17:25,639 | WARNING |    ⚠ Blocked (403) retry 3
2026-09-04 00:17:25,693 | INFO |    ↳ Status 403
2026-09-04 00:17:25,693 | WARNING |    ⚠ Blocked (403) retry 3
2026-09-04 00:17:25,752 | INFO | 🌐 Session warmed
2026-09-04 00:17:25,808 | INFO | 🌐 Session warmed
2026-09-04 00:17:26,490 | INFO | [186/1901] Fetching Barrackpore (BARR)
2026-09-04 00:17:27,112 | INFO |    ↳ Status 403
2026-09-04 00:17:27,112 | WARNING |    ⚠ Blocked (403) retry 1
2026-09-04 00:17:27,214 | INFO | 🌐 Session warmed
2026-09-04 00:17:28,864 | INFO |    ↳ Status 403
2026-09-04 00:17:28,865 | WARNING |    ⚠ Blocked (403) retry 2
2026-09-04 00:17:28,960 | INFO | 🌐 Session warmed
2026-09-04 00:17:29,390 | INFO | [187/1901] Fetching Barshi (BRHI)
2026-09-04 00:17:29,753 | INFO | [188/1901] Fetching Baruipur (BARU)
2026-09-04 00:17:29,809 | INFO | [189/1901] Fetching Barwadih (BARQ)
2026-09-04 00:17:30,262 | INFO |    ↳ Status 403
2026-09-04 00:17:30,262 | WARNING |    ⚠ Blocked (403) retry 1
2026-09-04 00:17:30,386 | INFO | 🌐 Session warmed
2026-09-04 00:17:30,622 | INFO |    ↳ Status 403
2026-09-04 00:17:30,622 | WARNING |    ⚠ Blocked (403) retry 1
2026-09-04 00:17:30,659 | INFO |    ↳ Status 403
2026-09-04 00:17:30,659 | WARNING |    ⚠ Blocked (403) retry 1
2026-09-04 00:17:30,719 | INFO | 🌐 Session warmed
2026-09-04 00:17:30,775 | INFO | 🌐 Session warmed
2026-09-04 00:17:32,285 | INFO |    ↳ Status 403
2026-09-04 00:17:32,285 | WARNING |    ⚠ Blocked (403) retry 3
2026-09-04 00:17:32,373 | INFO | 🌐 Session warmed
2026-09-04 00:17:32,593 | INFO |    ↳ Status 403
2026-09-04 00:17:32,593 | WARNING |    ⚠ Blocked (403) retry 2
2026-09-04 00:17:32,683 | INFO | 🌐 Session warmed
2026-09-04 00:17:32,734 | INFO |    ↳ Status 403
2026-09-04 00:17:32,734 | WARNING |    ⚠ Blocked (403) retry 2
2026-09-04 00:17:32,853 | INFO | 🌐 Session warmed
2026-09-04 00:17:33,104 | INFO |    ↳ Status 403
2026-09-04 00:17:33,104 | WARNING |    ⚠ Blocked (403) retry 2
2026-09-04 00:17:33,205 | INFO | 🌐 Session warmed
2026-09-04 00:17:35,840 | INFO |    ↳ Status 403
2026-09-04 00:17:35,840 | WARNING |    ⚠ Blocked (403) retry 3
2026-09-04 00:17:35,958 | INFO | 🌐 Session warmed
2026-09-04 00:17:35,973 | INFO |    ↳ Status 403
2026-09-04 00:17:35,973 | WARNING |    ⚠ Blocked (403) retry 3
2026-09-04 00:17:35,980 | INFO |    ↳ Status 403
2026-09-04 00:17:35,981 | WARNING |    ⚠ Blocked (403) retry 3
2026-09-04 00:17:36,071 | INFO | 🌐 Session warmed
2026-09-04 00:17:36,097 | INFO | 🌐 Session warmed
2026-09-04 00:17:36,374 | INFO | [190/1901] Fetching Barwaha (BARH)
2026-09-04 00:17:37,415 | INFO |    ↳ Status 403
2026-09-04 00:17:37,416 | WARNING |    ⚠ Blocked (403) retry 1
2026-09-04 00:17:37,503 | INFO | 🌐 Session warmed
2026-09-04 00:17:39,607 | INFO |    ↳ Status 403
2026-09-04 00:17:39,607 | WARNING |    ⚠ Blocked (403) retry 2
2026-09-04 00:17:39,737 | INFO | 🌐 Session warmed
2026-09-04 00:17:39,958 | INFO | [191/1901] Fetching Barwani (BRWN)
2026-09-04 00:17:40,072 | INFO | [192/1901] Fetching Basantpur (BABA)
2026-09-04 00:17:40,098 | INFO | [193/1901] Fetching Basirhat (BIRH)
2026-09-04 00:17:40,644 | INFO |    ↳ Status 403
2026-09-04 00:17:40,644 | WARNING |    ⚠ Blocked (403) retry 1
2026-09-04 00:17:40,746 | INFO | 🌐 Session warmed
2026-09-04 00:17:40,971 | INFO |    ↳ Status 403
2026-09-04 00:17:40,971 | WARNING |    ⚠ Blocked (403) retry 1
2026-09-04 00:17:41,052 | INFO |    ↳ Status 403
2026-09-04 00:17:41,052 | WARNING |    ⚠ Blocked (403) retry 1
2026-09-04 00:17:41,062 | INFO | 🌐 Session warmed
2026-09-04 00:17:41,145 | INFO | 🌐 Session warmed
2026-09-04 00:17:42,385 | INFO |    ↳ Status 403
2026-09-04 00:17:42,385 | WARNING |    ⚠ Blocked (403) retry 2
2026-09-04 00:17:42,475 | INFO | 🌐 Session warmed
2026-09-04 00:17:42,818 | INFO |    ↳ Status 403
2026-09-04 00:17:42,818 | WARNING |    ⚠ Blocked (403) retry 3
2026-09-04 00:17:42,881 | INFO |    ↳ Status 403
2026-09-04 00:17:42,881 | WARNING |    ⚠ Blocked (403) retry 2
2026-09-04 00:17:42,922 | INFO | 🌐 Session warmed
2026-09-04 00:17:43,018 | INFO | 🌐 Session warmed
2026-09-04 00:17:43,054 | INFO |    ↳ Status 403
2026-09-04 00:17:43,054 | WARNING |    ⚠ Blocked (403) retry 2
2026-09-04 00:17:43,161 | INFO | 🌐 Session warmed
2026-09-04 00:17:45,164 | INFO |    ↳ Status 403
2026-09-04 00:17:45,164 | WARNING |    ⚠ Blocked (403) retry 3
2026-09-04 00:17:45,268 | INFO | 🌐 Session warmed
2026-09-04 00:17:46,128 | INFO |    ↳ Status 403
2026-09-04 00:17:46,128 | WARNING |    ⚠ Blocked (403) retry 3
2026-09-04 00:17:46,242 | INFO | 🌐 Session warmed
2026-09-04 00:17:46,295 | INFO |    ↳ Status 403
2026-09-04 00:17:46,295 | WARNING |    ⚠ Blocked (403) retry 3
2026-09-04 00:17:46,396 | INFO | 🌐 Session warmed
2026-09-04 00:17:46,923 | INFO | [194/1901] Fetching Basna (BASN)
2026-09-04 00:17:47,912 | INFO |    ↳ Status 403
2026-09-04 00:17:47,912 | WARNING |    ⚠ Blocked (403) retry 1
2026-09-04 00:17:48,030 | INFO | 🌐 Session warmed
2026-09-04 00:17:49,268 | INFO | [195/1901] Fetching Basti (BAST)
2026-09-04 00:17:50,236 | INFO |    ↳ Status 403
2026-09-04 00:17:50,236 | WARNING |    ⚠ Blocked (403) retry 2
2026-09-04 00:17:50,243 | INFO | [196/1901] Fetching Bathinda (BHAT)
2026-09-04 00:17:50,352 | INFO | 🌐 Session warmed
2026-09-04 00:17:50,396 | INFO | [197/1901] Fetching Batlagundu (BTGD)
2026-09-04 00:17:50,449 | INFO |    ↳ Status 403
2026-09-04 00:17:50,449 | WARNING |    ⚠ Blocked (403) retry 1
2026-09-04 00:17:50,544 | INFO | 🌐 Session warmed
2026-09-04 00:17:51,488 | INFO |    ↳ Status 403
2026-09-04 00:17:51,488 | WARNING |    ⚠ Blocked (403) retry 1
2026-09-04 00:17:51,600 | INFO | 🌐 Session warmed
2026-09-04 00:17:51,627 | INFO |    ↳ Status 403
2026-09-04 00:17:51,627 | WARNING |    ⚠ Blocked (403) retry 1
2026-09-04 00:17:51,734 | INFO | 🌐 Session warmed
2026-09-04 00:17:52,705 | INFO |    ↳ Status 403
2026-09-04 00:17:52,705 | WARNING |    ⚠ Blocked (403) retry 2
2026-09-04 00:17:52,817 | INFO | 🌐 Session warmed
2026-09-04 00:17:53,376 | INFO |    ↳ Status 403
2026-09-04 00:17:53,376 | WARNING |    ⚠ Blocked (403) retry 2
2026-09-04 00:17:53,423 | INFO |    ↳ Status 403
2026-09-04 00:17:53,423 | WARNING |    ⚠ Blocked (403) retry 3
2026-09-04 00:17:53,504 | INFO | 🌐 Session warmed
2026-09-04 00:17:53,547 | INFO | 🌐 Session warmed
2026-09-04 00:17:53,832 | INFO |    ↳ Status 403
2026-09-04 00:17:53,832 | WARNING |    ⚠ Blocked (403) retry 2
2026-09-04 00:17:53,940 | INFO | 🌐 Session warmed
2026-09-04 00:17:55,550 | INFO |    ↳ Status 403
2026-09-04 00:17:55,551 | WARNING |    ⚠ Blocked (403) retry 3
2026-09-04 00:17:55,644 | INFO | 🌐 Session warmed
2026-09-04 00:17:56,288 | INFO |    ↳ Status 403
2026-09-04 00:17:56,288 | WARNING |    ⚠ Blocked (403) retry 3
2026-09-04 00:17:56,400 | INFO | 🌐 Session warmed
2026-09-04 00:17:57,101 | INFO |    ↳ Status 403
2026-09-04 00:17:57,101 | WARNING |    ⚠ Blocked (403) retry 3
2026-09-04 00:17:57,208 | INFO | 🌐 Session warmed
2026-09-04 00:17:57,547 | INFO | [198/1901] Fetching Bavla (BAVL)
2026-09-04 00:17:58,296 | INFO |    ↳ Status 403
2026-09-04 00:17:58,296 | WARNING |    ⚠ Blocked (403) retry 1
2026-09-04 00:17:58,395 | INFO | 🌐 Session warmed
2026-09-04 00:17:59,645 | INFO | [199/1901] Fetching Bayad (BAYA)
2026-09-04 00:18:00,311 | INFO |    ↳ Status 403
2026-09-04 00:18:00,311 | WARNING |    ⚠ Blocked (403) retry 1
2026-09-04 00:18:00,387 | INFO |    ↳ Status 403
2026-09-04 00:18:00,387 | WARNING |    ⚠ Blocked (403) retry 2
2026-09-04 00:18:00,400 | INFO | [200/1901] Fetching Bayana (BANY)
2026-09-04 00:18:00,409 | INFO | 🌐 Session warmed
2026-09-04 00:18:00,481 | INFO | 🌐 Session warmed
2026-09-04 00:18:01,209 | INFO | [201/1901] Fetching Bazpur (BAZP)
2026-09-04 00:18:01,711 | INFO |    ↳ Status 403
2026-09-04 00:18:01,711 | WARNING |    ⚠ Blocked (403) retry 1
2026-09-04 00:18:01,812 | INFO | 🌐 Session warmed
2026-09-04 00:18:01,937 | INFO |    ↳ Status 403
2026-09-04 00:18:01,937 | WARNING |    ⚠ Blocked (403) retry 1
2026-09-04 00:18:02,057 | INFO | 🌐 Session warmed
2026-09-04 00:18:02,306 | INFO |    ↳ Status 403
2026-09-04 00:18:02,306 | WARNING |    ⚠ Blocked (403) retry 2
2026-09-04 00:18:02,433 | INFO | 🌐 Session warmed
2026-09-04 00:18:03,368 | INFO |    ↳ Status 403
2026-09-04 00:18:03,369 | WARNING |    ⚠ Blocked (403) retry 3
2026-09-04 00:18:03,496 | INFO | 🌐 Session warmed
2026-09-04 00:18:03,528 | INFO |    ↳ Status 403
2026-09-04 00:18:03,528 | WARNING |    ⚠ Blocked (403) retry 2
2026-09-04 00:18:03,622 | INFO | 🌐 Session warmed
2026-09-04 00:18:04,273 | INFO |    ↳ Status 403
2026-09-04 00:18:04,273 | WARNING |    ⚠ Blocked (403) retry 2
2026-09-04 00:18:04,371 | INFO | 🌐 Session warmed
2026-09-04 00:18:05,799 | INFO |    ↳ Status 403
2026-09-04 00:18:05,799 | WARNING |    ⚠ Blocked (403) retry 3
2026-09-04 00:18:05,895 | INFO | 🌐 Session warmed
2026-09-04 00:18:06,526 | INFO |    ↳ Status 403
2026-09-04 00:18:06,526 | WARNING |    ⚠ Blocked (403) retry 3
2026-09-04 00:18:06,625 | INFO | 🌐 Session warmed
2026-09-04 00:18:07,496 | INFO | [202/1901] Fetching Beawar (BEAW)
2026-09-04 00:18:07,580 | INFO |    ↳ Status 403
2026-09-04 00:18:07,580 | WARNING |    ⚠ Blocked (403) retry 3
2026-09-04 00:18:07,672 | INFO | 🌐 Session warmed
2026-09-04 00:18:08,588 | INFO |    ↳ Status 403
2026-09-04 00:18:08,588 | WARNING |    ⚠ Blocked (403) retry 1
2026-09-04 00:18:08,695 | INFO | 🌐 Session warmed
2026-09-04 00:18:09,895 | INFO | [203/1901] Fetching Beed (BEED)
2026-09-04 00:18:10,408 | INFO |    ↳ Status 403
2026-09-04 00:18:10,408 | WARNING |    ⚠ Blocked (403) retry 2
2026-09-04 00:18:10,523 | INFO | 🌐 Session warmed
2026-09-04 00:18:10,626 | INFO | [204/1901] Fetching Beguniapada (BEGU)
2026-09-04 00:18:10,980 | INFO |    ↳ Status 403
2026-09-04 00:18:10,980 | WARNING |    ⚠ Blocked (403) retry 1
2026-09-04 00:18:11,081 | INFO | 🌐 Session warmed
2026-09-04 00:18:11,673 | INFO | [205/1901] Fetching Begusarai (BEGS)
2026-09-04 00:18:11,684 | INFO |    ↳ Status 403
2026-09-04 00:18:11,684 | WARNING |    ⚠ Blocked (403) retry 1
2026-09-04 00:18:11,790 | INFO | 🌐 Session warmed
2026-09-04 00:18:12,453 | INFO |    ↳ Status 403
2026-09-04 00:18:12,453 | WARNING |    ⚠ Blocked (403) retry 1
2026-09-04 00:18:12,565 | INFO | 🌐 Session warmed
2026-09-04 00:18:12,910 | INFO |    ↳ Status 403
2026-09-04 00:18:12,911 | WARNING |    ⚠ Blocked (403) retry 2
2026-09-04 00:18:13,021 | INFO | 🌐 Session warmed
2026-09-04 00:18:13,535 | INFO |    ↳ Status 403
2026-09-04 00:18:13,535 | WARNING |    ⚠ Blocked (403) retry 2
2026-09-04 00:18:13,597 | INFO |    ↳ Status 403
2026-09-04 00:18:13,597 | WARNING |    ⚠ Blocked (403) retry 3
2026-09-04 00:18:13,641 | INFO | 🌐 Session warmed
2026-09-04 00:18:13,690 | INFO | 🌐 Session warmed
2026-09-04 00:18:14,741 | INFO |    ↳ Status 403
2026-09-04 00:18:14,741 | WARNING |    ⚠ Blocked (403) retry 2
2026-09-04 00:18:14,840 | INFO | 🌐 Session warmed
2026-09-04 00:18:15,806 | INFO |    ↳ Status 403
2026-09-04 00:18:15,806 | WARNING |    ⚠ Blocked (403) retry 3
2026-09-04 00:18:15,921 | INFO | 🌐 Session warmed
2026-09-04 00:18:16,325 | INFO |    ↳ Status 403
2026-09-04 00:18:16,325 | WARNING |    ⚠ Blocked (403) retry 3
2026-09-04 00:18:16,449 | INFO | 🌐 Session warmed
2026-09-04 00:18:17,491 | INFO |    ↳ Status 403
2026-09-04 00:18:17,491 | WARNING |    ⚠ Blocked (403) retry 3
2026-09-04 00:18:17,593 | INFO | 🌐 Session warmed
2026-09-04 00:18:17,690 | INFO | [206/1901] Fetching Behror (BEHR)
2026-09-04 00:18:18,398 | INFO |    ↳ Status 403
2026-09-04 00:18:18,398 | WARNING |    ⚠ Blocked (403) retry 1
2026-09-04 00:18:18,515 | INFO | 🌐 Session warmed
2026-09-04 00:18:19,921 | INFO | [207/1901] Fetching Belagavi (Belgaum) (BELG)
2026-09-04 00:18:20,449 | INFO | [208/1901] Fetching Belakavadi (BLVD)
2026-09-04 00:18:20,659 | INFO |    ↳ Status 403
2026-09-04 00:18:20,659 | WARNING |    ⚠ Blocked (403) retry 1
2026-09-04 00:18:20,694 | INFO |    ↳ Status 403
2026-09-04 00:18:20,694 | WARNING |    ⚠ Blocked (403) retry 2
2026-09-04 00:18:20,758 | INFO | 🌐 Session warmed
2026-09-04 00:18:20,818 | INFO | 🌐 Session warmed
2026-09-04 00:18:21,368 | INFO |    ↳ Status 403
2026-09-04 00:18:21,369 | WARNING |    ⚠ Blocked (403) retry 1
2026-09-04 00:18:21,487 | INFO | 🌐 Session warmed
2026-09-04 00:18:21,594 | INFO | [209/1901] Fetching Belghoria (BELB)
2026-09-04 00:18:22,560 | INFO |    ↳ Status 403
2026-09-04 00:18:22,560 | WARNING |    ⚠ Blocked (403) retry 2
2026-09-04 00:18:22,690 | INFO | 🌐 Session warmed
2026-09-04 00:18:23,000 | INFO |    ↳ Status 403
2026-09-04 00:18:23,000 | WARNING |    ⚠ Blocked (403) retry 1
2026-09-04 00:18:23,115 | INFO | 🌐 Session warmed
2026-09-04 00:18:23,373 | INFO |    ↳ Status 403
2026-09-04 00:18:23,373 | WARNING |    ⚠ Blocked (403) retry 2
2026-09-04 00:18:23,485 | INFO | 🌐 Session warmed
2026-09-04 00:18:24,085 | INFO |    ↳ Status 403
2026-09-04 00:18:24,085 | WARNING |    ⚠ Blocked (403) retry 3
2026-09-04 00:18:24,188 | INFO | 🌐 Session warmed
2026-09-04 00:18:25,277 | INFO |    ↳ Status 403
2026-09-04 00:18:25,277 | WARNING |    ⚠ Blocked (403) retry 2
2026-09-04 00:18:25,387 | INFO | 🌐 Session warmed
2026-09-04 00:18:25,393 | INFO |    ↳ Status 403
2026-09-04 00:18:25,393 | WARNING |    ⚠ Blocked (403) retry 3
2026-09-04 00:18:25,504 | INFO | 🌐 Session warmed
2026-09-04 00:18:26,668 | INFO |    ↳ Status 403
2026-09-04 00:18:26,669 | WARNING |    ⚠ Blocked (403) retry 3
2026-09-04 00:18:26,773 | INFO | 🌐 Session warmed
2026-09-04 00:18:28,070 | INFO |    ↳ Status 403
2026-09-04 00:18:28,070 | WARNING |    ⚠ Blocked (403) retry 3
2026-09-04 00:18:28,171 | INFO | 🌐 Session warmed
2026-09-04 00:18:28,189 | INFO | [210/1901] Fetching Bellampalli (BELL)
2026-09-04 00:18:28,857 | INFO |    ↳ Status 403
2026-09-04 00:18:28,858 | WARNING |    ⚠ Blocked (403) retry 1
2026-09-04 00:18:28,948 | INFO | 🌐 Session warmed
2026-09-04 00:18:29,504 | INFO | [211/1901] Fetching Bellary (BLRY)
2026-09-04 00:18:30,499 | INFO |    ↳ Status 403
2026-09-04 00:18:30,500 | WARNING |    ⚠ Blocked (403) retry 1
2026-09-04 00:18:30,605 | INFO | 🌐 Session warmed
2026-09-04 00:18:30,761 | INFO |    ↳ Status 403
2026-09-04 00:18:30,761 | WARNING |    ⚠ Blocked (403) retry 2
2026-09-04 00:18:30,773 | INFO | [212/1901] Fetching Belur (BELU)
2026-09-04 00:18:30,897 | INFO | 🌐 Session warmed
2026-09-04 00:18:31,691 | INFO |    ↳ Status 403
2026-09-04 00:18:31,691 | WARNING |    ⚠ Blocked (403) retry 1
2026-09-04 00:18:31,796 | INFO | 🌐 Session warmed
2026-09-04 00:18:32,172 | INFO | [213/1901] Fetching Bemetara (BMTA)
2026-09-04 00:18:32,343 | INFO |    ↳ Status 403
2026-09-04 00:18:32,343 | WARNING |    ⚠ Blocked (403) retry 2
2026-09-04 00:18:32,436 | INFO | 🌐 Session warmed
2026-09-04 00:18:33,002 | INFO |    ↳ Status 403
2026-09-04 00:18:33,002 | WARNING |    ⚠ Blocked (403) retry 1
2026-09-04 00:18:33,099 | INFO | 🌐 Session warmed
2026-09-04 00:18:33,911 | INFO |    ↳ Status 403
2026-09-04 00:18:33,911 | WARNING |    ⚠ Blocked (403) retry 3
2026-09-04 00:18:34,019 | INFO | 🌐 Session warmed
2026-09-04 00:18:34,092 | INFO |    ↳ Status 403
2026-09-04 00:18:34,093 | WARNING |    ⚠ Blocked (403) retry 2
2026-09-04 00:18:34,200 | INFO | 🌐 Session warmed
2026-09-04 00:18:34,743 | INFO |    ↳ Status 403
2026-09-04 00:18:34,743 | WARNING |    ⚠ Blocked (403) retry 2
2026-09-04 00:18:34,842 | INFO | 🌐 Session warmed
2026-09-04 00:18:35,350 | INFO |    ↳ Status 403
2026-09-04 00:18:35,350 | WARNING |    ⚠ Blocked (403) retry 3
2026-09-04 00:18:35,459 | INFO | 🌐 Session warmed
2026-09-04 00:18:37,133 | INFO |    ↳ Status 403
2026-09-04 00:18:37,133 | WARNING |    ⚠ Blocked (403) retry 3
2026-09-04 00:18:37,226 | INFO | 🌐 Session warmed
2026-09-04 00:18:38,019 | INFO | [214/1901] Fetching Berachampa (BRAC)
2026-09-04 00:18:38,253 | INFO |    ↳ Status 403
2026-09-04 00:18:38,253 | WARNING |    ⚠ Blocked (403) retry 3
2026-09-04 00:18:38,354 | INFO | 🌐 Session warmed
2026-09-04 00:18:38,742 | INFO |    ↳ Status 403
2026-09-04 00:18:38,742 | WARNING |    ⚠ Blocked (403) retry 1
2026-09-04 00:18:38,832 | INFO | 🌐 Session warmed
2026-09-04 00:18:39,460 | INFO | [215/1901] Fetching Berhampore (W.B.) (BEHA)
2026-09-04 00:18:40,670 | INFO |    ↳ Status 403
2026-09-04 00:18:40,670 | WARNING |    ⚠ Blocked (403) retry 1
2026-09-04 00:18:40,761 | INFO | 🌐 Session warmed
2026-09-04 00:18:40,998 | INFO |    ↳ Status 403
2026-09-04 00:18:40,998 | WARNING |    ⚠ Blocked (403) retry 2
2026-09-04 00:18:41,115 | INFO | 🌐 Session warmed
2026-09-04 00:18:41,226 | INFO | [216/1901] Fetching Berhampur (Odisha) (BERP)
2026-09-04 00:18:41,952 | INFO |    ↳ Status 403
2026-09-04 00:18:41,952 | WARNING |    ⚠ Blocked (403) retry 1
2026-09-04 00:18:42,075 | INFO | 🌐 Session warmed
2026-09-04 00:18:42,355 | INFO | [217/1901] Fetching Bestavaripeta (BEST)
2026-09-04 00:18:42,917 | INFO |    ↳ Status 403
2026-09-04 00:18:42,917 | WARNING |    ⚠ Blocked (403) retry 2
2026-09-04 00:18:43,025 | INFO | 🌐 Session warmed
2026-09-04 00:18:43,316 | INFO |    ↳ Status 403
2026-09-04 00:18:43,316 | WARNING |    ⚠ Blocked (403) retry 1
2026-09-04 00:18:43,417 | INFO | 🌐 Session warmed
2026-09-04 00:18:43,961 | INFO |    ↳ Status 403
2026-09-04 00:18:43,961 | WARNING |    ⚠ Blocked (403) retry 2
2026-09-04 00:18:44,078 | INFO | 🌐 Session warmed
2026-09-04 00:18:44,394 | INFO |    ↳ Status 403
2026-09-04 00:18:44,394 | WARNING |    ⚠ Blocked (403) retry 3
2026-09-04 00:18:44,502 | INFO | 🌐 Session warmed
2026-09-04 00:18:45,308 | INFO |    ↳ Status 403
2026-09-04 00:18:45,308 | WARNING |    ⚠ Blocked (403) retry 2
2026-09-04 00:18:45,425 | INFO | 🌐 Session warmed
2026-09-04 00:18:45,942 | INFO |    ↳ Status 403
2026-09-04 00:18:45,942 | WARNING |    ⚠ Blocked (403) retry 3
2026-09-04 00:18:46,049 | INFO | 🌐 Session warmed
2026-09-04 00:18:47,494 | INFO |    ↳ Status 403
2026-09-04 00:18:47,494 | WARNING |    ⚠ Blocked (403) retry 3
2026-09-04 00:18:47,594 | INFO | 🌐 Session warmed
2026-09-04 00:18:48,436 | INFO |    ↳ Status 403
2026-09-04 00:18:48,436 | WARNING |    ⚠ Blocked (403) retry 3
2026-09-04 00:18:48,502 | INFO | [218/1901] Fetching Betalbatim (BTBM)
2026-09-04 00:18:48,520 | INFO | 🌐 Session warmed
2026-09-04 00:18:49,150 | INFO |    ↳ Status 403
2026-09-04 00:18:49,150 | WARNING |    ⚠ Blocked (403) retry 1
2026-09-04 00:18:49,256 | INFO | 🌐 Session warmed
2026-09-04 00:18:50,050 | INFO | [219/1901] Fetching Betberia (BETB)
2026-09-04 00:18:50,905 | INFO |    ↳ Status 403
2026-09-04 00:18:50,905 | WARNING |    ⚠ Blocked (403) retry 1
2026-09-04 00:18:50,956 | INFO |    ↳ Status 403
2026-09-04 00:18:50,956 | WARNING |    ⚠ Blocked (403) retry 2
2026-09-04 00:18:51,017 | INFO | 🌐 Session warmed
2026-09-04 00:18:51,069 | INFO | 🌐 Session warmed
2026-09-04 00:18:51,595 | INFO | [220/1901] Fetching Bethamcherla (BETH)
2026-09-04 00:18:52,414 | INFO |    ↳ Status 403
2026-09-04 00:18:52,414 | WARNING |    ⚠ Blocked (403) retry 1
2026-09-04 00:18:52,511 | INFO | 🌐 Session warmed
2026-09-04 00:18:52,521 | INFO | [221/1901] Fetching Bettiah (BETA)
2026-09-04 00:18:52,986 | INFO |    ↳ Status 403
2026-09-04 00:18:52,986 | WARNING |    ⚠ Blocked (403) retry 2
2026-09-04 00:18:53,106 | INFO | 🌐 Session warmed
2026-09-04 00:18:53,773 | INFO |    ↳ Status 403
2026-09-04 00:18:53,773 | WARNING |    ⚠ Blocked (403) retry 1
2026-09-04 00:18:53,890 | INFO | 🌐 Session warmed
2026-09-04 00:18:54,412 | INFO |    ↳ Status 403
2026-09-04 00:18:54,413 | WARNING |    ⚠ Blocked (403) retry 3
2026-09-04 00:18:54,503 | INFO | 🌐 Session warmed
2026-09-04 00:18:54,834 | INFO |    ↳ Status 403
2026-09-04 00:18:54,834 | WARNING |    ⚠ Blocked (403) retry 2
2026-09-04 00:18:54,925 | INFO | 🌐 Session warmed
2026-09-04 00:18:56,260 | INFO |    ↳ Status 403
2026-09-04 00:18:56,260 | WARNING |    ⚠ Blocked (403) retry 2
2026-09-04 00:18:56,357 | INFO | 🌐 Session warmed
2026-09-04 00:18:56,513 | INFO |    ↳ Status 403
2026-09-04 00:18:56,513 | WARNING |    ⚠ Blocked (403) retry 3
2026-09-04 00:18:56,627 | INFO | 🌐 Session warmed
2026-09-04 00:18:58,059 | INFO |    ↳ Status 403
2026-09-04 00:18:58,059 | WARNING |    ⚠ Blocked (403) retry 3
2026-09-04 00:18:58,198 | INFO | 🌐 Session warmed
2026-09-04 00:18:58,504 | INFO | [222/1901] Fetching Betul (BETU)
2026-09-04 00:18:59,640 | INFO |    ↳ Status 403
2026-09-04 00:18:59,640 | WARNING |    ⚠ Blocked (403) retry 3
2026-09-04 00:18:59,683 | INFO |    ↳ Status 403
2026-09-04 00:18:59,683 | WARNING |    ⚠ Blocked (403) retry 1
2026-09-04 00:18:59,751 | INFO | 🌐 Session warmed
2026-09-04 00:18:59,786 | INFO | 🌐 Session warmed
2026-09-04 00:19:00,627 | INFO | [223/1901] Fetching Bhadrachalam (BHDR)
2026-09-04 00:19:01,573 | INFO |    ↳ Status 403
2026-09-04 00:19:01,574 | WARNING |    ⚠ Blocked (403) retry 1
2026-09-04 00:19:01,667 | INFO | 🌐 Session warmed
2026-09-04 00:19:01,694 | INFO |    ↳ Status 403
2026-09-04 00:19:01,694 | WARNING |    ⚠ Blocked (403) retry 2
2026-09-04 00:19:01,783 | INFO | 🌐 Session warmed
2026-09-04 00:19:02,198 | INFO | [224/1901] Fetching Bhadrak (BHAD)
2026-09-04 00:19:02,898 | INFO |    ↳ Status 403
2026-09-04 00:19:02,898 | WARNING |    ⚠ Blocked (403) retry 1
2026-09-04 00:19:03,018 | INFO | 🌐 Session warmed
2026-09-04 00:19:03,751 | INFO | [225/1901] Fetching Bhadravati (BDVT)
2026-09-04 00:19:03,924 | INFO |    ↳ Status 403
2026-09-04 00:19:03,924 | WARNING |    ⚠ Blocked (403) retry 2
2026-09-04 00:19:04,004 | INFO | 🌐 Session warmed
2026-09-04 00:19:04,488 | INFO |    ↳ Status 403
2026-09-04 00:19:04,488 | WARNING |    ⚠ Blocked (403) retry 1
2026-09-04 00:19:04,591 | INFO | 🌐 Session warmed
2026-09-04 00:19:05,181 | INFO |    ↳ Status 403
2026-09-04 00:19:05,181 | WARNING |    ⚠ Blocked (403) retry 3
2026-09-04 00:19:05,267 | INFO |    ↳ Status 403
2026-09-04 00:19:05,267 | WARNING |    ⚠ Blocked (403) retry 2
2026-09-04 00:19:05,289 | INFO | 🌐 Session warmed
2026-09-04 00:19:05,350 | INFO | 🌐 Session warmed
2026-09-04 00:19:06,526 | INFO |    ↳ Status 403
2026-09-04 00:19:06,526 | WARNING |    ⚠ Blocked (403) retry 2
2026-09-04 00:19:06,609 | INFO | 🌐 Session warmed
2026-09-04 00:19:07,000 | INFO |    ↳ Status 403
2026-09-04 00:19:07,000 | WARNING |    ⚠ Blocked (403) retry 3
2026-09-04 00:19:07,097 | INFO | 🌐 Session warmed
2026-09-04 00:19:08,570 | INFO |    ↳ Status 403
2026-09-04 00:19:08,570 | WARNING |    ⚠ Blocked (403) retry 3
2026-09-04 00:19:08,682 | INFO | 🌐 Session warmed
2026-09-04 00:19:09,290 | INFO | [226/1901] Fetching Bhagalpur (BHAG)
2026-09-04 00:19:10,030 | INFO |    ↳ Status 403
2026-09-04 00:19:10,030 | WARNING |    ⚠ Blocked (403) retry 3
2026-09-04 00:19:10,126 | INFO |    ↳ Status 403
2026-09-04 00:19:10,127 | WARNING |    ⚠ Blocked (403) retry 1
2026-09-04 00:19:10,140 | INFO | 🌐 Session warmed
2026-09-04 00:19:10,217 | INFO | 🌐 Session warmed
2026-09-04 00:19:11,097 | INFO | [227/1901] Fetching Bhainsa (BHAN)
2026-09-04 00:19:12,133 | INFO |    ↳ Status 403
2026-09-04 00:19:12,133 | WARNING |    ⚠ Blocked (403) retry 1
2026-09-04 00:19:12,223 | INFO | 🌐 Session warmed
2026-09-04 00:19:12,425 | INFO |    ↳ Status 403
2026-09-04 00:19:12,425 | WARNING |    ⚠ Blocked (403) retry 2
2026-09-04 00:19:12,539 | INFO | 🌐 Session warmed
2026-09-04 00:19:12,682 | INFO | [228/1901] Fetching Bhandara (BHAA)
2026-09-04 00:19:13,522 | INFO |    ↳ Status 403
2026-09-04 00:19:13,522 | WARNING |    ⚠ Blocked (403) retry 1
2026-09-04 00:19:13,618 | INFO | 🌐 Session warmed
2026-09-04 00:19:13,899 | INFO |    ↳ Status 403
2026-09-04 00:19:13,899 | WARNING |    ⚠ Blocked (403) retry 2
2026-09-04 00:19:14,001 | INFO | 🌐 Session warmed
2026-09-04 00:19:14,141 | INFO | [229/1901] Fetching Bharamasagara (BASA)
2026-09-04 00:19:14,961 | INFO |    ↳ Status 403
2026-09-04 00:19:14,961 | WARNING |    ⚠ Blocked (403) retry 1
2026-09-04 00:19:15,080 | INFO | 🌐 Session warmed
2026-09-04 00:19:15,471 | INFO |    ↳ Status 403
2026-09-04 00:19:15,471 | WARNING |    ⚠ Blocked (403) retry 3
2026-09-04 00:19:15,551 | INFO | 🌐 Session warmed
2026-09-04 00:19:15,771 | INFO |    ↳ Status 403
2026-09-04 00:19:15,771 | WARNING |    ⚠ Blocked (403) retry 2
2026-09-04 00:19:15,864 | INFO | 🌐 Session warmed
2026-09-04 00:19:17,329 | INFO |    ↳ Status 403
2026-09-04 00:19:17,330 | WARNING |    ⚠ Blocked (403) retry 2
2026-09-04 00:19:17,397 | INFO |    ↳ Status 403
2026-09-04 00:19:17,397 | WARNING |    ⚠ Blocked (403) retry 3
2026-09-04 00:19:17,430 | INFO | 🌐 Session warmed
2026-09-04 00:19:17,493 | INFO | 🌐 Session warmed
2026-09-04 00:19:18,744 | INFO |    ↳ Status 403
2026-09-04 00:19:18,744 | WARNING |    ⚠ Blocked (403) retry 3
2026-09-04 00:19:18,842 | INFO | 🌐 Session warmed
2026-09-04 00:19:19,552 | INFO | [230/1901] Fetching Bharatpur (BHRT)
2026-09-04 00:19:20,381 | INFO |    ↳ Status 403
2026-09-04 00:19:20,381 | WARNING |    ⚠ Blocked (403) retry 1
2026-09-04 00:19:20,439 | INFO |    ↳ Status 403
2026-09-04 00:19:20,439 | WARNING |    ⚠ Blocked (403) retry 3
2026-09-04 00:19:20,484 | INFO | 🌐 Session warmed
2026-09-04 00:19:20,542 | INFO | 🌐 Session warmed
2026-09-04 00:19:21,494 | INFO | [231/1901] Fetching Bharuch (BHAR)
2026-09-04 00:19:22,153 | INFO |    ↳ Status 403
2026-09-04 00:19:22,153 | WARNING |    ⚠ Blocked (403) retry 1
2026-09-04 00:19:22,257 | INFO | 🌐 Session warmed
2026-09-04 00:19:22,842 | INFO | [232/1901] Fetching Bhatapara (BTAP)
2026-09-04 00:19:22,849 | INFO |    ↳ Status 403
2026-09-04 00:19:22,849 | WARNING |    ⚠ Blocked (403) retry 2
2026-09-04 00:19:22,958 | INFO | 🌐 Session warmed
2026-09-04 00:19:23,994 | INFO |    ↳ Status 403
2026-09-04 00:19:23,994 | WARNING |    ⚠ Blocked (403) retry 2
2026-09-04 00:19:24,086 | INFO | 🌐 Session warmed
2026-09-04 00:19:24,246 | INFO |    ↳ Status 403
2026-09-04 00:19:24,246 | WARNING |    ⚠ Blocked (403) retry 1
2026-09-04 00:19:24,352 | INFO | 🌐 Session warmed
2026-09-04 00:19:24,543 | INFO | [233/1901] Fetching Bhatgaon (BHAZ)
2026-09-04 00:19:25,251 | INFO |    ↳ Status 403
2026-09-04 00:19:25,252 | WARNING |    ⚠ Blocked (403) retry 1
2026-09-04 00:19:25,346 | INFO | 🌐 Session warmed
2026-09-04 00:19:26,253 | INFO |    ↳ Status 403
2026-09-04 00:19:26,253 | WARNING |    ⚠ Blocked (403) retry 2
2026-09-04 00:19:26,375 | INFO | 🌐 Session warmed
2026-09-04 00:19:26,378 | INFO |    ↳ Status 403
2026-09-04 00:19:26,378 | WARNING |    ⚠ Blocked (403) retry 3
2026-09-04 00:19:26,483 | INFO | 🌐 Session warmed
2026-09-04 00:19:27,044 | INFO |    ↳ Status 403
2026-09-04 00:19:27,044 | WARNING |    ⚠ Blocked (403) retry 2
2026-09-04 00:19:27,153 | INFO | 🌐 Session warmed
2026-09-04 00:19:27,341 | INFO |    ↳ Status 403
2026-09-04 00:19:27,341 | WARNING |    ⚠ Blocked (403) retry 3
2026-09-04 00:19:27,442 | INFO | 🌐 Session warmed
2026-09-04 00:19:29,783 | INFO |    ↳ Status 403
2026-09-04 00:19:29,783 | WARNING |    ⚠ Blocked (403) retry 3
2026-09-04 00:19:29,876 | INFO | 🌐 Session warmed
2026-09-04 00:19:30,168 | INFO |    ↳ Status 403
2026-09-04 00:19:30,168 | WARNING |    ⚠ Blocked (403) retry 3
2026-09-04 00:19:30,288 | INFO | 🌐 Session warmed
2026-09-04 00:19:30,483 | INFO | [234/1901] Fetching Bhatkal (BAKL)
2026-09-04 00:19:31,442 | INFO | [235/1901] Fetching Bhattiprolu (BATT)
2026-09-04 00:19:31,690 | INFO |    ↳ Status 403
2026-09-04 00:19:31,690 | WARNING |    ⚠ Blocked (403) retry 1
2026-09-04 00:19:31,781 | INFO | 🌐 Session warmed
2026-09-04 00:19:32,522 | INFO |    ↳ Status 403
2026-09-04 00:19:32,522 | WARNING |    ⚠ Blocked (403) retry 1
2026-09-04 00:19:32,647 | INFO | 🌐 Session warmed
2026-09-04 00:19:33,522 | INFO |    ↳ Status 403
2026-09-04 00:19:33,522 | WARNING |    ⚠ Blocked (403) retry 2
2026-09-04 00:19:33,622 | INFO | 🌐 Session warmed
2026-09-04 00:19:33,877 | INFO | [236/1901] Fetching Bhavani (BHNI)
2026-09-04 00:19:34,288 | INFO | [237/1901] Fetching Bhavnagar (BHNG)
2026-09-04 00:19:34,992 | INFO |    ↳ Status 403
2026-09-04 00:19:34,992 | WARNING |    ⚠ Blocked (403) retry 1
2026-09-04 00:19:35,031 | INFO |    ↳ Status 403
2026-09-04 00:19:35,031 | WARNING |    ⚠ Blocked (403) retry 2
2026-09-04 00:19:35,101 | INFO | 🌐 Session warmed
2026-09-04 00:19:35,170 | INFO | 🌐 Session warmed
2026-09-04 00:19:35,200 | INFO |    ↳ Status 403
2026-09-04 00:19:35,200 | WARNING |    ⚠ Blocked (403) retry 1
2026-09-04 00:19:35,316 | INFO | 🌐 Session warmed
2026-09-04 00:19:36,668 | INFO |    ↳ Status 403
2026-09-04 00:19:36,668 | WARNING |    ⚠ Blocked (403) retry 3
2026-09-04 00:19:36,776 | INFO | 🌐 Session warmed
2026-09-04 00:19:37,056 | INFO |    ↳ Status 403
2026-09-04 00:19:37,056 | WARNING |    ⚠ Blocked (403) retry 2
2026-09-04 00:19:37,168 | INFO | 🌐 Session warmed
2026-09-04 00:19:37,207 | INFO |    ↳ Status 403
2026-09-04 00:19:37,207 | WARNING |    ⚠ Blocked (403) retry 2
2026-09-04 00:19:37,328 | INFO | 🌐 Session warmed
2026-09-04 00:19:38,164 | INFO |    ↳ Status 403
2026-09-04 00:19:38,164 | WARNING |    ⚠ Blocked (403) retry 3
2026-09-04 00:19:38,268 | INFO | 🌐 Session warmed
2026-09-04 00:19:40,392 | INFO |    ↳ Status 403
2026-09-04 00:19:40,392 | WARNING |    ⚠ Blocked (403) retry 3
2026-09-04 00:19:40,471 | INFO | 🌐 Session warmed
2026-09-04 00:19:40,652 | INFO |    ↳ Status 403
2026-09-04 00:19:40,652 | WARNING |    ⚠ Blocked (403) retry 3
2026-09-04 00:19:40,756 | INFO | 🌐 Session warmed
2026-09-04 00:19:40,776 | INFO | [238/1901] Fetching Bhawanipatna (BHAW)
2026-09-04 00:19:42,084 | INFO |    ↳ Status 403
2026-09-04 00:19:42,084 | WARNING |    ⚠ Blocked (403) retry 1
2026-09-04 00:19:42,197 | INFO | 🌐 Session warmed
2026-09-04 00:19:42,269 | INFO | [239/1901] Fetching Bheemgal (BHMG)
2026-09-04 00:19:43,231 | INFO |    ↳ Status 403
2026-09-04 00:19:43,231 | WARNING |    ⚠ Blocked (403) retry 1
2026-09-04 00:19:43,321 | INFO | 🌐 Session warmed
2026-09-04 00:19:44,179 | INFO |    ↳ Status 403
2026-09-04 00:19:44,179 | WARNING |    ⚠ Blocked (403) retry 2
2026-09-04 00:19:44,285 | INFO | 🌐 Session warmed
2026-09-04 00:19:44,471 | INFO | [240/1901] Fetching Bhilai (BHILAI)
2026-09-04 00:19:44,756 | INFO | [241/1901] Fetching Bhilwara (BHIL)
2026-09-04 00:19:45,122 | INFO |    ↳ Status 403
2026-09-04 00:19:45,122 | WARNING |    ⚠ Blocked (403) retry 2
2026-09-04 00:19:45,260 | INFO | 🌐 Session warmed
2026-09-04 00:19:45,409 | INFO |    ↳ Status 403
2026-09-04 00:19:45,409 | WARNING |    ⚠ Blocked (403) retry 1
2026-09-04 00:19:45,534 | INFO | 🌐 Session warmed
2026-09-04 00:19:45,915 | INFO |    ↳ Status 403
2026-09-04 00:19:45,916 | WARNING |    ⚠ Blocked (403) retry 1
2026-09-04 00:19:46,033 | INFO | 🌐 Session warmed
2026-09-04 00:19:47,202 | INFO |    ↳ Status 403
2026-09-04 00:19:47,202 | WARNING |    ⚠ Blocked (403) retry 3
2026-09-04 00:19:47,304 | INFO | 🌐 Session warmed
2026-09-04 00:19:47,692 | INFO |    ↳ Status 403
2026-09-04 00:19:47,692 | WARNING |    ⚠ Blocked (403) retry 2
2026-09-04 00:19:47,729 | INFO |    ↳ Status 403
2026-09-04 00:19:47,729 | WARNING |    ⚠ Blocked (403) retry 2
2026-09-04 00:19:47,785 | INFO | 🌐 Session warmed
2026-09-04 00:19:47,836 | INFO | 🌐 Session warmed
2026-09-04 00:19:48,569 | INFO |    ↳ Status 403
2026-09-04 00:19:48,570 | WARNING |    ⚠ Blocked (403) retry 3
2026-09-04 00:19:48,669 | INFO | 🌐 Session warmed
2026-09-04 00:19:50,458 | INFO |    ↳ Status 403
2026-09-04 00:19:50,458 | WARNING |    ⚠ Blocked (403) retry 3
2026-09-04 00:19:50,549 | INFO | 🌐 Session warmed
2026-09-04 00:19:51,065 | INFO |    ↳ Status 403
2026-09-04 00:19:51,065 | WARNING |    ⚠ Blocked (403) retry 3
2026-09-04 00:19:51,158 | INFO | 🌐 Session warmed
2026-09-04 00:19:51,304 | INFO | [242/1901] Fetching Bhimadole (BMDE)
2026-09-04 00:19:52,490 | INFO |    ↳ Status 403
2026-09-04 00:19:52,490 | WARNING |    ⚠ Blocked (403) retry 1
2026-09-04 00:19:52,581 | INFO | 🌐 Session warmed
2026-09-04 00:19:52,670 | INFO | [243/1901] Fetching Bhimavaram (BHIM)
2026-09-04 00:19:53,938 | INFO |    ↳ Status 403
2026-09-04 00:19:53,939 | WARNING |    ⚠ Blocked (403) retry 1
2026-09-04 00:19:54,041 | INFO | 🌐 Session warmed
2026-09-04 00:19:54,279 | INFO |    ↳ Status 403
2026-09-04 00:19:54,279 | WARNING |    ⚠ Blocked (403) retry 2
2026-09-04 00:19:54,385 | INFO | 🌐 Session warmed
2026-09-04 00:19:54,550 | INFO | [244/1901] Fetching Bhind (BIND)
2026-09-04 00:19:55,159 | INFO | [245/1901] Fetching Bhiwadi (BHWD)
2026-09-04 00:19:55,590 | INFO |    ↳ Status 403
2026-09-04 00:19:55,591 | WARNING |    ⚠ Blocked (403) retry 1
2026-09-04 00:19:55,687 | INFO | 🌐 Session warmed
2026-09-04 00:19:55,989 | INFO |    ↳ Status 403
2026-09-04 00:19:55,989 | WARNING |    ⚠ Blocked (403) retry 1
2026-09-04 00:19:56,105 | INFO | 🌐 Session warmed
2026-09-04 00:19:56,377 | INFO |    ↳ Status 403
2026-09-04 00:19:56,377 | WARNING |    ⚠ Blocked (403) retry 2
2026-09-04 00:19:56,480 | INFO | 🌐 Session warmed
2026-09-04 00:19:57,275 | INFO |    ↳ Status 403
2026-09-04 00:19:57,275 | WARNING |    ⚠ Blocked (403) retry 3
2026-09-04 00:19:57,374 | INFO | 🌐 Session warmed
2026-09-04 00:19:57,447 | INFO |    ↳ Status 403
2026-09-04 00:19:57,447 | WARNING |    ⚠ Blocked (403) retry 2
2026-09-04 00:19:57,549 | INFO | 🌐 Session warmed
2026-09-04 00:19:58,494 | INFO |    ↳ Status 403
2026-09-04 00:19:58,494 | WARNING |    ⚠ Blocked (403) retry 2
2026-09-04 00:19:58,585 | INFO | 🌐 Session warmed
2026-09-04 00:19:59,883 | INFO |    ↳ Status 403
2026-09-04 00:19:59,883 | WARNING |    ⚠ Blocked (403) retry 3
2026-09-04 00:19:59,976 | INFO | 🌐 Session warmed
2026-09-04 00:20:00,931 | INFO |    ↳ Status 403
2026-09-04 00:20:00,931 | WARNING |    ⚠ Blocked (403) retry 3
2026-09-04 00:20:01,057 | INFO | 🌐 Session warmed
2026-09-04 00:20:01,374 | INFO | [246/1901] Fetching Bhiwani (BHWN)
2026-09-04 00:20:01,870 | INFO |    ↳ Status 403
2026-09-04 00:20:01,870 | WARNING |    ⚠ Blocked (403) retry 3
2026-09-04 00:20:01,966 | INFO | 🌐 Session warmed
2026-09-04 00:20:02,739 | INFO |    ↳ Status 403
2026-09-04 00:20:02,740 | WARNING |    ⚠ Blocked (403) retry 1
2026-09-04 00:20:02,841 | INFO | 🌐 Session warmed
2026-09-04 00:20:03,977 | INFO | [247/1901] Fetching Bhogapuram (BHOG)
2026-09-04 00:20:04,478 | INFO |    ↳ Status 403
2026-09-04 00:20:04,478 | WARNING |    ⚠ Blocked (403) retry 2
2026-09-04 00:20:04,594 | INFO | 🌐 Session warmed
2026-09-04 00:20:05,058 | INFO | [248/1901] Fetching Bhongir (BHON)
2026-09-04 00:20:05,185 | INFO |    ↳ Status 403
2026-09-04 00:20:05,185 | WARNING |    ⚠ Blocked (403) retry 1
2026-09-04 00:20:05,278 | INFO | 🌐 Session warmed
2026-09-04 00:20:05,966 | INFO | [249/1901] Fetching Bhopal (BHOP)
2026-09-04 00:20:06,125 | INFO |    ↳ Status 403
2026-09-04 00:20:06,125 | WARNING |    ⚠ Blocked (403) retry 1
2026-09-04 00:20:06,228 | INFO | 🌐 Session warmed
2026-09-04 00:20:07,073 | INFO |    ↳ Status 403
2026-09-04 00:20:07,073 | WARNING |    ⚠ Blocked (403) retry 2
2026-09-04 00:20:07,189 | INFO | 🌐 Session warmed
2026-09-04 00:20:07,247 | INFO |    ↳ Status 403
2026-09-04 00:20:07,247 | WARNING |    ⚠ Blocked (403) retry 1
2026-09-04 00:20:07,336 | INFO | 🌐 Session warmed
2026-09-04 00:20:07,407 | INFO |    ↳ Status 403
2026-09-04 00:20:07,407 | WARNING |    ⚠ Blocked (403) retry 3
2026-09-04 00:20:07,505 | INFO | 🌐 Session warmed
2026-09-04 00:20:08,327 | INFO |    ↳ Status 403
2026-09-04 00:20:08,327 | WARNING |    ⚠ Blocked (403) retry 2
2026-09-04 00:20:08,446 | INFO | 🌐 Session warmed
2026-09-04 00:20:09,071 | INFO |    ↳ Status 403
2026-09-04 00:20:09,071 | WARNING |    ⚠ Blocked (403) retry 2
2026-09-04 00:20:09,159 | INFO | 🌐 Session warmed
2026-09-04 00:20:10,136 | INFO |    ↳ Status 403
2026-09-04 00:20:10,136 | WARNING |    ⚠ Blocked (403) retry 3
2026-09-04 00:20:10,247 | INFO | 🌐 Session warmed
2026-09-04 00:20:11,505 | INFO | [250/1901] Fetching Bhubaneswar (BHUB)
2026-09-04 00:20:11,841 | INFO |    ↳ Status 403
2026-09-04 00:20:11,841 | WARNING |    ⚠ Blocked (403) retry 3
2026-09-04 00:20:11,943 | INFO | 🌐 Session warmed
2026-09-04 00:20:12,281 | INFO |    ↳ Status 403
2026-09-04 00:20:12,282 | WARNING |    ⚠ Blocked (403) retry 1
2026-09-04 00:20:12,386 | INFO | 🌐 Session warmed
2026-09-04 00:20:12,468 | INFO |    ↳ Status 403
2026-09-04 00:20:12,468 | WARNING |    ⚠ Blocked (403) retry 3
2026-09-04 00:20:12,580 | INFO | 🌐 Session warmed
2026-09-04 00:20:14,248 | INFO | [251/1901] Fetching Bhuj (BHUJ)
2026-09-04 00:20:14,516 | INFO |    ↳ Status 403
2026-09-04 00:20:14,516 | WARNING |    ⚠ Blocked (403) retry 2
2026-09-04 00:20:14,614 | INFO | 🌐 Session warmed
2026-09-04 00:20:14,935 | INFO |    ↳ Status 403
2026-09-04 00:20:14,935 | WARNING |    ⚠ Blocked (403) retry 1
2026-09-04 00:20:15,028 | INFO | 🌐 Session warmed
2026-09-04 00:20:15,943 | INFO | [252/1901] Fetching Bhuntar (BHUN)
2026-09-04 00:20:16,580 | INFO | [253/1901] Fetching Bhupalpalle (BHUP)
2026-09-04 00:20:16,612 | INFO |    ↳ Status 403
2026-09-04 00:20:16,612 | WARNING |    ⚠ Blocked (403) retry 1
2026-09-04 00:20:16,702 | INFO | 🌐 Session warmed
2026-09-04 00:20:16,768 | INFO |    ↳ Status 403
2026-09-04 00:20:16,768 | WARNING |    ⚠ Blocked (403) retry 2
2026-09-04 00:20:16,866 | INFO | 🌐 Session warmed
2026-09-04 00:20:17,710 | INFO |    ↳ Status 403
2026-09-04 00:20:17,710 | WARNING |    ⚠ Blocked (403) retry 1
2026-09-04 00:20:17,800 | INFO | 🌐 Session warmed
2026-09-04 00:20:17,983 | INFO |    ↳ Status 403
2026-09-04 00:20:17,983 | WARNING |    ⚠ Blocked (403) retry 3
2026-09-04 00:20:18,074 | INFO | 🌐 Session warmed
2026-09-04 00:20:18,622 | INFO |    ↳ Status 403
2026-09-04 00:20:18,622 | WARNING |    ⚠ Blocked (403) retry 2
2026-09-04 00:20:18,727 | INFO | 🌐 Session warmed
2026-09-04 00:20:19,594 | INFO |    ↳ Status 403
2026-09-04 00:20:19,594 | WARNING |    ⚠ Blocked (403) retry 2
2026-09-04 00:20:19,696 | INFO | 🌐 Session warmed
2026-09-04 00:20:20,105 | INFO |    ↳ Status 403
2026-09-04 00:20:20,105 | WARNING |    ⚠ Blocked (403) retry 3
2026-09-04 00:20:20,232 | INFO | 🌐 Session warmed
2026-09-04 00:20:21,469 | INFO |    ↳ Status 403
2026-09-04 00:20:21,469 | WARNING |    ⚠ Blocked (403) retry 3
2026-09-04 00:20:21,604 | INFO | 🌐 Session warmed
2026-09-04 00:20:22,075 | INFO | [254/1901] Fetching Bhusawal (BHUS)
2026-09-04 00:20:22,606 | INFO |    ↳ Status 403
2026-09-04 00:20:22,607 | WARNING |    ⚠ Blocked (403) retry 3
2026-09-04 00:20:22,700 | INFO | 🌐 Session warmed
2026-09-04 00:20:22,799 | INFO |    ↳ Status 403
2026-09-04 00:20:22,799 | WARNING |    ⚠ Blocked (403) retry 1
2026-09-04 00:20:22,901 | INFO | 🌐 Session warmed
2026-09-04 00:20:24,232 | INFO | [255/1901] Fetching Bhutan (BHUT)
2026-09-04 00:20:24,579 | INFO |    ↳ Status 403
2026-09-04 00:20:24,579 | WARNING |    ⚠ Blocked (403) retry 2
2026-09-04 00:20:24,671 | INFO | 🌐 Session warmed
2026-09-04 00:20:25,088 | INFO |    ↳ Status 403
2026-09-04 00:20:25,088 | WARNING |    ⚠ Blocked (403) retry 1
2026-09-04 00:20:25,186 | INFO | 🌐 Session warmed
2026-09-04 00:20:25,604 | INFO | [256/1901] Fetching Bhuvanagiri (BHUV)
2026-09-04 00:20:26,675 | INFO |    ↳ Status 403
2026-09-04 00:20:26,676 | WARNING |    ⚠ Blocked (403) retry 1
2026-09-04 00:20:26,700 | INFO | [257/1901] Fetching Biaora (BIAR)
2026-09-04 00:20:26,763 | INFO | 🌐 Session warmed
2026-09-04 00:20:26,959 | INFO |    ↳ Status 403
2026-09-04 00:20:26,959 | WARNING |    ⚠ Blocked (403) retry 2
2026-09-04 00:20:27,074 | INFO | 🌐 Session warmed
2026-09-04 00:20:27,577 | INFO |    ↳ Status 403
2026-09-04 00:20:27,577 | WARNING |    ⚠ Blocked (403) retry 1
2026-09-04 00:20:27,668 | INFO | 🌐 Session warmed
2026-09-04 00:20:28,087 | INFO |    ↳ Status 403
2026-09-04 00:20:28,087 | WARNING |    ⚠ Blocked (403) retry 3
2026-09-04 00:20:28,198 | INFO | 🌐 Session warmed
2026-09-04 00:20:28,804 | INFO |    ↳ Status 403
2026-09-04 00:20:28,805 | WARNING |    ⚠ Blocked (403) retry 2
2026-09-04 00:20:28,898 | INFO | 🌐 Session warmed
2026-09-04 00:20:29,505 | INFO |    ↳ Status 403
2026-09-04 00:20:29,505 | WARNING |    ⚠ Blocked (403) retry 2
2026-09-04 00:20:29,597 | INFO | 🌐 Session warmed
2026-09-04 00:20:30,312 | INFO |    ↳ Status 403
2026-09-04 00:20:30,312 | WARNING |    ⚠ Blocked (403) retry 3
2026-09-04 00:20:30,494 | INFO | 🌐 Session warmed
2026-09-04 00:20:31,888 | INFO |    ↳ Status 403
2026-09-04 00:20:31,888 | WARNING |    ⚠ Blocked (403) retry 3
2026-09-04 00:20:31,986 | INFO | 🌐 Session warmed
2026-09-04 00:20:32,199 | INFO | [258/1901] Fetching Bibinagar (BBNG)
2026-09-04 00:20:32,328 | INFO |    ↳ Status 403
2026-09-04 00:20:32,329 | WARNING |    ⚠ Blocked (403) retry 3
2026-09-04 00:20:32,475 | INFO | 🌐 Session warmed
2026-09-04 00:20:32,892 | INFO |    ↳ Status 403
2026-09-04 00:20:32,892 | WARNING |    ⚠ Blocked (403) retry 1
2026-09-04 00:20:32,967 | INFO | 🌐 Session warmed
2026-09-04 00:20:34,494 | INFO | [259/1901] Fetching Bichkunda (BHCK)
2026-09-04 00:20:35,251 | INFO |    ↳ Status 403
2026-09-04 00:20:35,252 | WARNING |    ⚠ Blocked (403) retry 1
2026-09-04 00:20:35,268 | INFO |    ↳ Status 403
2026-09-04 00:20:35,268 | WARNING |    ⚠ Blocked (403) retry 2
2026-09-04 00:20:35,350 | INFO | 🌐 Session warmed
2026-09-04 00:20:35,379 | INFO | 🌐 Session warmed
2026-09-04 00:20:35,986 | INFO | [260/1901] Fetching Bidadi (BIDI)
2026-09-04 00:20:36,476 | INFO | [261/1901] Fetching Bidar (BIDR)
2026-09-04 00:20:36,832 | INFO |    ↳ Status 403
2026-09-04 00:20:36,833 | WARNING |    ⚠ Blocked (403) retry 1
2026-09-04 00:20:36,967 | INFO | 🌐 Session warmed
2026-09-04 00:20:37,405 | INFO |    ↳ Status 403
2026-09-04 00:20:37,405 | WARNING |    ⚠ Blocked (403) retry 1
2026-09-04 00:20:37,410 | INFO |    ↳ Status 403
2026-09-04 00:20:37,411 | WARNING |    ⚠ Blocked (403) retry 2
2026-09-04 00:20:37,532 | INFO | 🌐 Session warmed
2026-09-04 00:20:37,541 | INFO | 🌐 Session warmed
2026-09-04 00:20:38,107 | INFO |    ↳ Status 403
2026-09-04 00:20:38,107 | WARNING |    ⚠ Blocked (403) retry 3
2026-09-04 00:20:38,209 | INFO | 🌐 Session warmed
2026-09-04 00:20:38,831 | INFO |    ↳ Status 403
2026-09-04 00:20:38,831 | WARNING |    ⚠ Blocked (403) retry 2
2026-09-04 00:20:38,927 | INFO | 🌐 Session warmed
2026-09-04 00:20:39,233 | INFO |    ↳ Status 403
2026-09-04 00:20:39,233 | WARNING |    ⚠ Blocked (403) retry 2
2026-09-04 00:20:39,341 | INFO | 🌐 Session warmed
2026-09-04 00:20:40,551 | INFO |    ↳ Status 403
2026-09-04 00:20:40,551 | WARNING |    ⚠ Blocked (403) retry 3
2026-09-04 00:20:40,642 | INFO | 🌐 Session warmed
2026-09-04 00:20:41,876 | INFO |    ↳ Status 403
2026-09-04 00:20:41,876 | WARNING |    ⚠ Blocked (403) retry 3
2026-09-04 00:20:41,981 | INFO | 🌐 Session warmed
2026-09-04 00:20:42,164 | INFO |    ↳ Status 403
2026-09-04 00:20:42,164 | WARNING |    ⚠ Blocked (403) retry 3
2026-09-04 00:20:42,210 | INFO | [262/1901] Fetching Bihar Sharif (BIHS)
2026-09-04 00:20:42,253 | INFO | 🌐 Session warmed
2026-09-04 00:20:43,162 | INFO |    ↳ Status 403
2026-09-04 00:20:43,162 | WARNING |    ⚠ Blocked (403) retry 1
2026-09-04 00:20:43,260 | INFO | 🌐 Session warmed
2026-09-04 00:20:44,642 | INFO | [263/1901] Fetching Bihpuria (BIHP)
2026-09-04 00:20:45,622 | INFO |    ↳ Status 403
2026-09-04 00:20:45,622 | WARNING |    ⚠ Blocked (403) retry 2
2026-09-04 00:20:45,741 | INFO | 🌐 Session warmed
2026-09-04 00:20:45,982 | INFO | [264/1901] Fetching Bijainagar (BINW)
2026-09-04 00:20:46,000 | INFO |    ↳ Status 403
2026-09-04 00:20:46,000 | WARNING |    ⚠ Blocked (403) retry 1
2026-09-04 00:20:46,133 | INFO | 🌐 Session warmed
2026-09-04 00:20:46,254 | INFO | [265/1901] Fetching Bijnor (BIJ)
2026-09-04 00:20:46,945 | INFO |    ↳ Status 403
2026-09-04 00:20:46,945 | WARNING |    ⚠ Blocked (403) retry 1
2026-09-04 00:20:47,053 | INFO | 🌐 Session warmed
2026-09-04 00:20:47,359 | INFO |    ↳ Status 403
2026-09-04 00:20:47,359 | WARNING |    ⚠ Blocked (403) retry 1
2026-09-04 00:20:47,449 | INFO | 🌐 Session warmed
2026-09-04 00:20:48,490 | INFO |    ↳ Status 403
2026-09-04 00:20:48,490 | WARNING |    ⚠ Blocked (403) retry 2
2026-09-04 00:20:48,548 | INFO |    ↳ Status 403
2026-09-04 00:20:48,548 | WARNING |    ⚠ Blocked (403) retry 3
2026-09-04 00:20:48,588 | INFO | 🌐 Session warmed
2026-09-04 00:20:48,641 | INFO | 🌐 Session warmed
2026-09-04 00:20:49,340 | INFO |    ↳ Status 403
2026-09-04 00:20:49,340 | WARNING |    ⚠ Blocked (403) retry 2
2026-09-04 00:20:49,460 | INFO | 🌐 Session warmed
2026-09-04 00:20:49,644 | INFO |    ↳ Status 403
2026-09-04 00:20:49,644 | WARNING |    ⚠ Blocked (403) retry 2
2026-09-04 00:20:49,733 | INFO | 🌐 Session warmed
2026-09-04 00:20:51,735 | INFO |    ↳ Status 403
2026-09-04 00:20:51,735 | WARNING |    ⚠ Blocked (403) retry 3
2026-09-04 00:20:51,822 | INFO | 🌐 Session warmed
2026-09-04 00:20:52,382 | INFO |    ↳ Status 403
2026-09-04 00:20:52,382 | WARNING |    ⚠ Blocked (403) retry 3
2026-09-04 00:20:52,600 | INFO | 🌐 Session warmed
2026-09-04 00:20:52,621 | INFO |    ↳ Status 403
2026-09-04 00:20:52,621 | WARNING |    ⚠ Blocked (403) retry 3
2026-09-04 00:20:52,643 | INFO | [266/1901] Fetching Bijoynagar (BIJO)
2026-09-04 00:20:52,726 | INFO | 🌐 Session warmed
2026-09-04 00:20:53,622 | INFO |    ↳ Status 403
2026-09-04 00:20:53,623 | WARNING |    ⚠ Blocked (403) retry 1
2026-09-04 00:20:53,725 | INFO | 🌐 Session warmed
2026-09-04 00:20:55,705 | INFO |    ↳ Status 403
2026-09-04 00:20:55,705 | WARNING |    ⚠ Blocked (403) retry 2
2026-09-04 00:20:55,795 | INFO | 🌐 Session warmed
2026-09-04 00:20:55,822 | INFO | [267/1901] Fetching Bikaner (BIK)
2026-09-04 00:20:56,600 | INFO | [268/1901] Fetching Bikramganj (BANJ)
2026-09-04 00:20:56,727 | INFO | [269/1901] Fetching Bilara (BILR)
2026-09-04 00:20:56,831 | INFO |    ↳ Status 403
2026-09-04 00:20:56,831 | WARNING |    ⚠ Blocked (403) retry 1
2026-09-04 00:20:56,920 | INFO | 🌐 Session warmed
2026-09-04 00:20:57,478 | INFO |    ↳ Status 403
2026-09-04 00:20:57,478 | WARNING |    ⚠ Blocked (403) retry 1
2026-09-04 00:20:57,584 | INFO | 🌐 Session warmed
2026-09-04 00:20:57,997 | INFO |    ↳ Status 403
2026-09-04 00:20:57,997 | WARNING |    ⚠ Blocked (403) retry 1
2026-09-04 00:20:58,118 | INFO | 🌐 Session warmed
2026-09-04 00:20:58,787 | INFO |    ↳ Status 403
2026-09-04 00:20:58,787 | WARNING |    ⚠ Blocked (403) retry 2
2026-09-04 00:20:58,924 | INFO | 🌐 Session warmed
2026-09-04 00:20:58,945 | INFO |    ↳ Status 403
2026-09-04 00:20:58,945 | WARNING |    ⚠ Blocked (403) retry 3
2026-09-04 00:20:59,079 | INFO | 🌐 Session warmed
2026-09-04 00:20:59,682 | INFO |    ↳ Status 403
2026-09-04 00:20:59,682 | WARNING |    ⚠ Blocked (403) retry 2
2026-09-04 00:20:59,809 | INFO | 🌐 Session warmed
2026-09-04 00:20:59,876 | INFO |    ↳ Status 403
2026-09-04 00:20:59,876 | WARNING |    ⚠ Blocked (403) retry 2
2026-09-04 00:20:59,981 | INFO | 🌐 Session warmed
2026-09-04 00:21:01,738 | INFO |    ↳ Status 403
2026-09-04 00:21:01,738 | WARNING |    ⚠ Blocked (403) retry 3
2026-09-04 00:21:01,858 | INFO | 🌐 Session warmed
2026-09-04 00:21:03,025 | INFO |    ↳ Status 403
2026-09-04 00:21:03,025 | WARNING |    ⚠ Blocked (403) retry 3
2026-09-04 00:21:03,079 | INFO | [270/1901] Fetching Bilaspur (BILA)
2026-09-04 00:21:03,112 | INFO |    ↳ Status 403
2026-09-04 00:21:03,112 | WARNING |    ⚠ Blocked (403) retry 3
2026-09-04 00:21:03,119 | INFO | 🌐 Session warmed
2026-09-04 00:21:03,221 | INFO | 🌐 Session warmed
2026-09-04 00:21:04,276 | INFO |    ↳ Status 403
2026-09-04 00:21:04,276 | WARNING |    ⚠ Blocked (403) retry 1
2026-09-04 00:21:04,373 | INFO | 🌐 Session warmed
2026-09-04 00:21:05,859 | INFO | [271/1901] Fetching Bilaspur (Himachal Pradesh) (BIPS)
2026-09-04 00:21:06,637 | INFO |    ↳ Status 403
2026-09-04 00:21:06,637 | WARNING |    ⚠ Blocked (403) retry 2
2026-09-04 00:21:06,740 | INFO | 🌐 Session warmed
2026-09-04 00:21:07,120 | INFO | [272/1901] Fetching Bilgi (BILG)
2026-09-04 00:21:07,221 | INFO | [273/1901] Fetching Bilimora (BILI)
2026-09-04 00:21:07,275 | INFO |    ↳ Status 403
2026-09-04 00:21:07,275 | WARNING |    ⚠ Blocked (403) retry 1
2026-09-04 00:21:07,356 | INFO | 🌐 Session warmed
2026-09-04 00:21:08,060 | INFO |    ↳ Status 403
2026-09-04 00:21:08,060 | WARNING |    ⚠ Blocked (403) retry 1
2026-09-04 00:21:08,175 | INFO | 🌐 Session warmed
2026-09-04 00:21:08,375 | INFO |    ↳ Status 403
2026-09-04 00:21:08,375 | WARNING |    ⚠ Blocked (403) retry 1
2026-09-04 00:21:08,472 | INFO | 🌐 Session warmed
2026-09-04 00:21:09,563 | INFO |    ↳ Status 403
2026-09-04 00:21:09,563 | WARNING |    ⚠ Blocked (403) retry 2
2026-09-04 00:21:09,679 | INFO | 🌐 Session warmed
2026-09-04 00:21:09,856 | INFO |    ↳ Status 403
2026-09-04 00:21:09,856 | WARNING |    ⚠ Blocked (403) retry 3
2026-09-04 00:21:09,943 | INFO | 🌐 Session warmed
2026-09-04 00:21:10,341 | INFO |    ↳ Status 403
2026-09-04 00:21:10,341 | WARNING |    ⚠ Blocked (403) retry 2
2026-09-04 00:21:10,389 | INFO |    ↳ Status 403
2026-09-04 00:21:10,389 | WARNING |    ⚠ Blocked (403) retry 2
2026-09-04 00:21:10,460 | INFO | 🌐 Session warmed
2026-09-04 00:21:10,534 | INFO | 🌐 Session warmed
2026-09-04 00:21:12,902 | INFO |    ↳ Status 403
2026-09-04 00:21:12,902 | WARNING |    ⚠ Blocked (403) retry 3
2026-09-04 00:21:13,008 | INFO | 🌐 Session warmed
2026-09-04 00:21:13,157 | INFO |    ↳ Status 403
2026-09-04 00:21:13,157 | WARNING |    ⚠ Blocked (403) retry 3
2026-09-04 00:21:13,285 | INFO | 🌐 Session warmed
2026-09-04 00:21:13,772 | INFO |    ↳ Status 403
2026-09-04 00:21:13,772 | WARNING |    ⚠ Blocked (403) retry 3
2026-09-04 00:21:13,868 | INFO | 🌐 Session warmed
2026-09-04 00:21:13,944 | INFO | [274/1901] Fetching Billawar (BILL)
2026-09-04 00:21:14,772 | INFO |    ↳ Status 403
2026-09-04 00:21:14,772 | WARNING |    ⚠ Blocked (403) retry 1
2026-09-04 00:21:14,906 | INFO | 🌐 Session warmed
2026-09-04 00:21:16,934 | INFO |    ↳ Status 403
2026-09-04 00:21:16,935 | WARNING |    ⚠ Blocked (403) retry 2
2026-09-04 00:21:17,009 | INFO | [275/1901] Fetching Biraul (BIRL)
2026-09-04 00:21:17,027 | INFO | 🌐 Session warmed
2026-09-04 00:21:17,285 | INFO | [276/1901] Fetching Birra (BIRR)
2026-09-04 00:21:17,869 | INFO | [277/1901] Fetching Bishnupur (VVDF)
2026-09-04 00:21:17,930 | INFO |    ↳ Status 403
2026-09-04 00:21:17,930 | WARNING |    ⚠ Blocked (403) retry 1
2026-09-04 00:21:18,040 | INFO | 🌐 Session warmed
2026-09-04 00:21:18,603 | INFO |    ↳ Status 403
2026-09-04 00:21:18,603 | WARNING |    ⚠ Blocked (403) retry 1
2026-09-04 00:21:18,653 | INFO |    ↳ Status 403
2026-09-04 00:21:18,653 | WARNING |    ⚠ Blocked (403) retry 1
2026-09-04 00:21:18,703 | INFO | 🌐 Session warmed
2026-09-04 00:21:18,760 | INFO | 🌐 Session warmed
2026-09-04 00:21:20,088 | INFO |    ↳ Status 403
2026-09-04 00:21:20,088 | WARNING |    ⚠ Blocked (403) retry 3
2026-09-04 00:21:20,120 | INFO |    ↳ Status 403
2026-09-04 00:21:20,120 | WARNING |    ⚠ Blocked (403) retry 2
2026-09-04 00:21:20,189 | INFO | 🌐 Session warmed
2026-09-04 00:21:20,232 | INFO | 🌐 Session warmed
2026-09-04 00:21:20,844 | INFO |    ↳ Status 403
2026-09-04 00:21:20,844 | WARNING |    ⚠ Blocked (403) retry 2
2026-09-04 00:21:20,886 | INFO |    ↳ Status 403
2026-09-04 00:21:20,886 | WARNING |    ⚠ Blocked (403) retry 2
2026-09-04 00:21:20,960 | INFO | 🌐 Session warmed
2026-09-04 00:21:21,012 | INFO | 🌐 Session warmed
2026-09-04 00:21:23,415 | INFO |    ↳ Status 403
2026-09-04 00:21:23,415 | WARNING |    ⚠ Blocked (403) retry 3
2026-09-04 00:21:23,519 | INFO | 🌐 Session warmed
2026-09-04 00:21:23,844 | INFO |    ↳ Status 403
2026-09-04 00:21:23,844 | WARNING |    ⚠ Blocked (403) retry 3
2026-09-04 00:21:23,936 | INFO | 🌐 Session warmed
2026-09-04 00:21:24,190 | INFO | [278/1901] Fetching Bishrampur (BSRM)
2026-09-04 00:21:24,193 | INFO |    ↳ Status 403
2026-09-04 00:21:24,193 | WARNING |    ⚠ Blocked (403) retry 3
2026-09-04 00:21:24,297 | INFO | 🌐 Session warmed
2026-09-04 00:21:25,410 | INFO |    ↳ Status 403
2026-09-04 00:21:25,410 | WARNING |    ⚠ Blocked (403) retry 1
2026-09-04 00:21:25,513 | INFO | 🌐 Session warmed
2026-09-04 00:21:27,520 | INFO | [279/1901] Fetching Biswanath Chariali (BICH)
2026-09-04 00:21:27,758 | INFO |    ↳ Status 403
2026-09-04 00:21:27,759 | WARNING |    ⚠ Blocked (403) retry 2
2026-09-04 00:21:27,891 | INFO | 🌐 Session warmed
2026-09-04 00:21:27,936 | INFO | [280/1901] Fetching Bobbili (BOBB)
2026-09-04 00:21:28,151 | INFO |    ↳ Status 403
2026-09-04 00:21:28,151 | WARNING |    ⚠ Blocked (403) retry 1
2026-09-04 00:21:28,260 | INFO | 🌐 Session warmed
2026-09-04 00:21:28,298 | INFO | [281/1901] Fetching Bodhan (BODH)
2026-09-04 00:21:29,088 | INFO |    ↳ Status 403
2026-09-04 00:21:29,088 | WARNING |    ⚠ Blocked (403) retry 1
2026-09-04 00:21:29,181 | INFO | 🌐 Session warmed
2026-09-04 00:21:29,217 | INFO |    ↳ Status 403
2026-09-04 00:21:29,217 | WARNING |    ⚠ Blocked (403) retry 1
2026-09-04 00:21:29,292 | INFO | 🌐 Session warmed
2026-09-04 00:21:30,166 | INFO |    ↳ Status 403
2026-09-04 00:21:30,166 | WARNING |    ⚠ Blocked (403) retry 2
2026-09-04 00:21:30,268 | INFO | 🌐 Session warmed
2026-09-04 00:21:30,815 | INFO |    ↳ Status 403
2026-09-04 00:21:30,815 | WARNING |    ⚠ Blocked (403) retry 3
2026-09-04 00:21:30,930 | INFO | 🌐 Session warmed
2026-09-04 00:21:31,002 | INFO |    ↳ Status 403
2026-09-04 00:21:31,002 | WARNING |    ⚠ Blocked (403) retry 2
2026-09-04 00:21:31,125 | INFO | 🌐 Session warmed
2026-09-04 00:21:31,518 | INFO |    ↳ Status 403
2026-09-04 00:21:31,518 | WARNING |    ⚠ Blocked (403) retry 2
2026-09-04 00:21:31,608 | INFO | 🌐 Session warmed
2026-09-04 00:21:33,256 | INFO |    ↳ Status 403
2026-09-04 00:21:33,256 | WARNING |    ⚠ Blocked (403) retry 3
2026-09-04 00:21:33,359 | INFO | 🌐 Session warmed
2026-09-04 00:21:34,269 | INFO |    ↳ Status 403
2026-09-04 00:21:34,269 | WARNING |    ⚠ Blocked (403) retry 3
2026-09-04 00:21:34,359 | INFO | 🌐 Session warmed
2026-09-04 00:21:34,521 | INFO |    ↳ Status 403
2026-09-04 00:21:34,521 | WARNING |    ⚠ Blocked (403) retry 3
2026-09-04 00:21:34,610 | INFO | 🌐 Session warmed
2026-09-04 00:21:34,930 | INFO | [282/1901] Fetching Bodinayakanur (BODI)
2026-09-04 00:21:36,119 | INFO |    ↳ Status 403
2026-09-04 00:21:36,119 | WARNING |    ⚠ Blocked (403) retry 1
2026-09-04 00:21:36,209 | INFO | 🌐 Session warmed
2026-09-04 00:21:37,359 | INFO | [283/1901] Fetching Boisar (BOIS)
2026-09-04 00:21:38,352 | INFO |    ↳ Status 403
2026-09-04 00:21:38,352 | WARNING |    ⚠ Blocked (403) retry 2
2026-09-04 00:21:38,359 | INFO | [284/1901] Fetching Bokaro (BOKA)
2026-09-04 00:21:38,442 | INFO | 🌐 Session warmed
2026-09-04 00:21:38,487 | INFO |    ↳ Status 403
2026-09-04 00:21:38,487 | WARNING |    ⚠ Blocked (403) retry 1
2026-09-04 00:21:38,592 | INFO | 🌐 Session warmed
2026-09-04 00:21:38,610 | INFO | [285/1901] Fetching Bolpur (BLPR)
2026-09-04 00:21:39,407 | INFO |    ↳ Status 403
2026-09-04 00:21:39,407 | WARNING |    ⚠ Blocked (403) retry 1
2026-09-04 00:21:39,413 | INFO |    ↳ Status 403
2026-09-04 00:21:39,413 | WARNING |    ⚠ Blocked (403) retry 1
2026-09-04 00:21:39,507 | INFO | 🌐 Session warmed
2026-09-04 00:21:39,515 | INFO | 🌐 Session warmed
2026-09-04 00:21:40,560 | INFO |    ↳ Status 403
2026-09-04 00:21:40,560 | WARNING |    ⚠ Blocked (403) retry 2
2026-09-04 00:21:40,671 | INFO | 🌐 Session warmed
2026-09-04 00:21:41,325 | INFO |    ↳ Status 403
2026-09-04 00:21:41,325 | WARNING |    ⚠ Blocked (403) retry 2
2026-09-04 00:21:41,379 | INFO |    ↳ Status 403
2026-09-04 00:21:41,379 | WARNING |    ⚠ Blocked (403) retry 3
2026-09-04 00:21:41,429 | INFO | 🌐 Session warmed
2026-09-04 00:21:41,470 | INFO | 🌐 Session warmed
2026-09-04 00:21:41,770 | INFO |    ↳ Status 403
2026-09-04 00:21:41,770 | WARNING |    ⚠ Blocked (403) retry 2
2026-09-04 00:21:41,902 | INFO | 🌐 Session warmed
2026-09-04 00:21:43,946 | INFO |    ↳ Status 403
2026-09-04 00:21:43,947 | WARNING |    ⚠ Blocked (403) retry 3
2026-09-04 00:21:44,063 | INFO | 🌐 Session warmed
2026-09-04 00:21:44,226 | INFO |    ↳ Status 403
2026-09-04 00:21:44,226 | WARNING |    ⚠ Blocked (403) retry 3
2026-09-04 00:21:44,346 | INFO | 🌐 Session warmed
2026-09-04 00:21:44,925 | INFO |    ↳ Status 403
2026-09-04 00:21:44,925 | WARNING |    ⚠ Blocked (403) retry 3
2026-09-04 00:21:45,026 | INFO | 🌐 Session warmed
2026-09-04 00:21:45,470 | INFO | [286/1901] Fetching Bomdila (BMDA)
2026-09-04 00:21:46,644 | INFO |    ↳ Status 403
2026-09-04 00:21:46,645 | WARNING |    ⚠ Blocked (403) retry 1
2026-09-04 00:21:46,726 | INFO | 🌐 Session warmed
2026-09-04 00:21:48,063 | INFO | [287/1901] Fetching Bommidi (BOMM)
2026-09-04 00:21:48,347 | INFO | [288/1901] Fetching Bonakal (BNKL)
2026-09-04 00:21:48,773 | INFO |    ↳ Status 403
2026-09-04 00:21:48,773 | WARNING |    ⚠ Blocked (403) retry 2
2026-09-04 00:21:48,867 | INFO | 🌐 Session warmed
2026-09-04 00:21:49,026 | INFO | [289/1901] Fetching Bongaigaon (BONG)
2026-09-04 00:21:49,352 | INFO |    ↳ Status 403
2026-09-04 00:21:49,352 | WARNING |    ⚠ Blocked (403) retry 1
2026-09-04 00:21:49,467 | INFO | 🌐 Session warmed
2026-09-04 00:21:49,717 | INFO |    ↳ Status 403
2026-09-04 00:21:49,717 | WARNING |    ⚠ Blocked (403) retry 1
2026-09-04 00:21:49,823 | INFO | 🌐 Session warmed
2026-09-04 00:21:50,242 | INFO |    ↳ Status 403
2026-09-04 00:21:50,242 | WARNING |    ⚠ Blocked (403) retry 1
2026-09-04 00:21:50,355 | INFO | 🌐 Session warmed
2026-09-04 00:21:51,254 | INFO |    ↳ Status 403
2026-09-04 00:21:51,254 | WARNING |    ⚠ Blocked (403) retry 2
2026-09-04 00:21:51,349 | INFO | 🌐 Session warmed
2026-09-04 00:21:51,609 | INFO |    ↳ Status 403
2026-09-04 00:21:51,609 | WARNING |    ⚠ Blocked (403) retry 2
2026-09-04 00:21:51,707 | INFO | 🌐 Session warmed
2026-09-04 00:21:52,284 | INFO |    ↳ Status 403
2026-09-04 00:21:52,284 | WARNING |    ⚠ Blocked (403) retry 3
2026-09-04 00:21:52,295 | INFO |    ↳ Status 403
2026-09-04 00:21:52,295 | WARNING |    ⚠ Blocked (403) retry 2
2026-09-04 00:21:52,401 | INFO | 🌐 Session warmed
2026-09-04 00:21:52,401 | INFO | 🌐 Session warmed
2026-09-04 00:21:54,290 | INFO |    ↳ Status 403
2026-09-04 00:21:54,290 | WARNING |    ⚠ Blocked (403) retry 3
2026-09-04 00:21:54,390 | INFO | 🌐 Session warmed
2026-09-04 00:21:54,837 | INFO |    ↳ Status 403
2026-09-04 00:21:54,837 | WARNING |    ⚠ Blocked (403) retry 3
2026-09-04 00:21:54,944 | INFO | 🌐 Session warmed
2026-09-04 00:21:55,578 | INFO |    ↳ Status 403
2026-09-04 00:21:55,578 | WARNING |    ⚠ Blocked (403) retry 3
2026-09-04 00:21:55,676 | INFO | 🌐 Session warmed
2026-09-04 00:21:56,402 | INFO | [290/1901] Fetching Bongaon (BONI)
2026-09-04 00:21:57,390 | INFO |    ↳ Status 403
2026-09-04 00:21:57,391 | WARNING |    ⚠ Blocked (403) retry 1
2026-09-04 00:21:57,513 | INFO | 🌐 Session warmed
2026-09-04 00:21:58,391 | INFO | [291/1901] Fetching Borsad (BORM)
2026-09-04 00:21:58,945 | INFO | [292/1901] Fetching Botad (BOTA)
2026-09-04 00:21:59,098 | INFO |    ↳ Status 403
2026-09-04 00:21:59,098 | WARNING |    ⚠ Blocked (403) retry 1
2026-09-04 00:21:59,156 | INFO |    ↳ Status 403
2026-09-04 00:21:59,156 | WARNING |    ⚠ Blocked (403) retry 2
2026-09-04 00:21:59,231 | INFO | 🌐 Session warmed
2026-09-04 00:21:59,274 | INFO | 🌐 Session warmed
2026-09-04 00:21:59,595 | INFO |    ↳ Status 403
2026-09-04 00:21:59,595 | WARNING |    ⚠ Blocked (403) retry 1
2026-09-04 00:21:59,676 | INFO | [293/1901] Fetching Brahmapur (KHUB)
2026-09-04 00:21:59,681 | INFO | 🌐 Session warmed
2026-09-04 00:22:00,873 | INFO |    ↳ Status 403
2026-09-04 00:22:00,873 | WARNING |    ⚠ Blocked (403) retry 1
2026-09-04 00:22:01,000 | INFO | 🌐 Session warmed
2026-09-04 00:22:01,468 | INFO |    ↳ Status 403
2026-09-04 00:22:01,468 | WARNING |    ⚠ Blocked (403) retry 2
2026-09-04 00:22:01,584 | INFO | 🌐 Session warmed
2026-09-04 00:22:01,786 | INFO |    ↳ Status 403
2026-09-04 00:22:01,786 | WARNING |    ⚠ Blocked (403) retry 2
2026-09-04 00:22:01,897 | INFO | 🌐 Session warmed
2026-09-04 00:22:02,115 | INFO |    ↳ Status 403
2026-09-04 00:22:02,115 | WARNING |    ⚠ Blocked (403) retry 3
2026-09-04 00:22:02,218 | INFO | 🌐 Session warmed
2026-09-04 00:22:02,851 | INFO |    ↳ Status 403
2026-09-04 00:22:02,851 | WARNING |    ⚠ Blocked (403) retry 2
2026-09-04 00:22:02,973 | INFO | 🌐 Session warmed
2026-09-04 00:22:04,313 | INFO |    ↳ Status 403
2026-09-04 00:22:04,313 | WARNING |    ⚠ Blocked (403) retry 3
2026-09-04 00:22:04,416 | INFO | 🌐 Session warmed
2026-09-04 00:22:04,909 | INFO |    ↳ Status 403
2026-09-04 00:22:04,909 | WARNING |    ⚠ Blocked (403) retry 3
2026-09-04 00:22:05,026 | INFO | 🌐 Session warmed
2026-09-04 00:22:05,664 | INFO |    ↳ Status 403
2026-09-04 00:22:05,664 | WARNING |    ⚠ Blocked (403) retry 3
2026-09-04 00:22:05,765 | INFO | 🌐 Session warmed
2026-09-04 00:22:06,218 | INFO | [294/1901] Fetching Brahmapuri (BHMP)
2026-09-04 00:22:06,844 | INFO |    ↳ Status 403
2026-09-04 00:22:06,844 | WARNING |    ⚠ Blocked (403) retry 1
2026-09-04 00:22:06,946 | INFO | 🌐 Session warmed
2026-09-04 00:22:08,416 | INFO | [295/1901] Fetching Brajrajnagar (BJNG)
2026-09-04 00:22:09,027 | INFO | [296/1901] Fetching Buchireddypalem (BCHR)
2026-09-04 00:22:09,197 | INFO |    ↳ Status 403
2026-09-04 00:22:09,197 | WARNING |    ⚠ Blocked (403) retry 1
2026-09-04 00:22:09,281 | INFO |    ↳ Status 403
2026-09-04 00:22:09,281 | WARNING |    ⚠ Blocked (403) retry 2
2026-09-04 00:22:09,292 | INFO | 🌐 Session warmed
2026-09-04 00:22:09,390 | INFO | 🌐 Session warmed
2026-09-04 00:22:09,654 | INFO |    ↳ Status 403
2026-09-04 00:22:09,654 | WARNING |    ⚠ Blocked (403) retry 1
2026-09-04 00:22:09,765 | INFO | [297/1901] Fetching Budhlada (BUDL)
2026-09-04 00:22:09,777 | INFO | 🌐 Session warmed
2026-09-04 00:22:10,658 | INFO |    ↳ Status 403
2026-09-04 00:22:10,658 | WARNING |    ⚠ Blocked (403) retry 1
2026-09-04 00:22:10,786 | INFO | 🌐 Session warmed
2026-09-04 00:22:11,182 | INFO |    ↳ Status 403
2026-09-04 00:22:11,182 | WARNING |    ⚠ Blocked (403) retry 2
2026-09-04 00:22:11,280 | INFO | 🌐 Session warmed
2026-09-04 00:22:11,708 | INFO |    ↳ Status 403
2026-09-04 00:22:11,708 | WARNING |    ⚠ Blocked (403) retry 2
2026-09-04 00:22:11,805 | INFO | 🌐 Session warmed
2026-09-04 00:22:12,417 | INFO |    ↳ Status 403
2026-09-04 00:22:12,418 | WARNING |    ⚠ Blocked (403) retry 3
2026-09-04 00:22:12,507 | INFO | 🌐 Session warmed
2026-09-04 00:22:13,083 | INFO |    ↳ Status 403
2026-09-04 00:22:13,083 | WARNING |    ⚠ Blocked (403) retry 2
2026-09-04 00:22:13,180 | INFO | 🌐 Session warmed
2026-09-04 00:22:14,638 | INFO |    ↳ Status 403
2026-09-04 00:22:14,638 | WARNING |    ⚠ Blocked (403) retry 3
2026-09-04 00:22:14,742 | INFO | 🌐 Session warmed
2026-09-04 00:22:15,172 | INFO |    ↳ Status 403
2026-09-04 00:22:15,173 | WARNING |    ⚠ Blocked (403) retry 3
2026-09-04 00:22:15,282 | INFO | 🌐 Session warmed
2026-09-04 00:22:16,405 | INFO |    ↳ Status 403
2026-09-04 00:22:16,405 | WARNING |    ⚠ Blocked (403) retry 3
2026-09-04 00:22:16,508 | INFO | [298/1901] Fetching Buhari (BUHA)
2026-09-04 00:22:16,517 | INFO | 🌐 Session warmed
2026-09-04 00:22:17,498 | INFO |    ↳ Status 403
2026-09-04 00:22:17,498 | WARNING |    ⚠ Blocked (403) retry 1
2026-09-04 00:22:17,584 | INFO | 🌐 Session warmed
2026-09-04 00:22:18,742 | INFO | [299/1901] Fetching Bulandshahr (BULA)
2026-09-04 00:22:19,282 | INFO | [300/1901] Fetching Buldana (BULD)
2026-09-04 00:22:19,349 | INFO |    ↳ Status 403
2026-09-04 00:22:19,349 | WARNING |    ⚠ Blocked (403) retry 2
2026-09-04 00:22:19,446 | INFO | 🌐 Session warmed
2026-09-04 00:22:19,806 | INFO |    ↳ Status 403
2026-09-04 00:22:19,807 | WARNING |    ⚠ Blocked (403) retry 1
2026-09-04 00:22:19,907 | INFO | 🌐 Session warmed
2026-09-04 00:22:20,037 | INFO |    ↳ Status 403
2026-09-04 00:22:20,038 | WARNING |    ⚠ Blocked (403) retry 1
2026-09-04 00:22:20,169 | INFO | 🌐 Session warmed
2026-09-04 00:22:20,517 | INFO | [301/1901] Fetching Bundu (BUND)
2026-09-04 00:22:21,460 | INFO |    ↳ Status 403
2026-09-04 00:22:21,461 | WARNING |    ⚠ Blocked (403) retry 1
2026-09-04 00:22:21,587 | INFO | 🌐 Session warmed
2026-09-04 00:22:22,297 | INFO |    ↳ Status 403
2026-09-04 00:22:22,297 | WARNING |    ⚠ Blocked (403) retry 2
2026-09-04 00:22:22,356 | INFO |    ↳ Status 403
2026-09-04 00:22:22,356 | WARNING |    ⚠ Blocked (403) retry 3
2026-09-04 00:22:22,378 | INFO |    ↳ Status 403
2026-09-04 00:22:22,378 | WARNING |    ⚠ Blocked (403) retry 2
2026-09-04 00:22:22,425 | INFO | 🌐 Session warmed
2026-09-04 00:22:22,485 | INFO | 🌐 Session warmed
2026-09-04 00:22:22,491 | INFO | 🌐 Session warmed
2026-09-04 00:22:23,847 | INFO |    ↳ Status 403
2026-09-04 00:22:23,847 | WARNING |    ⚠ Blocked (403) retry 2
2026-09-04 00:22:23,938 | INFO | 🌐 Session warmed
2026-09-04 00:22:25,451 | INFO |    ↳ Status 403
2026-09-04 00:22:25,451 | WARNING |    ⚠ Blocked (403) retry 3
2026-09-04 00:22:25,552 | INFO | 🌐 Session warmed
2026-09-04 00:22:25,841 | INFO |    ↳ Status 403
2026-09-04 00:22:25,842 | WARNING |    ⚠ Blocked (403) retry 3
2026-09-04 00:22:25,965 | INFO | 🌐 Session warmed
2026-09-04 00:22:26,486 | INFO | [302/1901] Fetching Burdwan (BURD)
2026-09-04 00:22:27,286 | INFO |    ↳ Status 403
2026-09-04 00:22:27,287 | WARNING |    ⚠ Blocked (403) retry 3
2026-09-04 00:22:27,379 | INFO | 🌐 Session warmed
2026-09-04 00:22:27,836 | INFO |    ↳ Status 403
2026-09-04 00:22:27,836 | WARNING |    ⚠ Blocked (403) retry 1
2026-09-04 00:22:27,940 | INFO | 🌐 Session warmed
2026-09-04 00:22:29,553 | INFO | [303/1901] Fetching Burhanpur (BRHP)
2026-09-04 00:22:29,606 | INFO |    ↳ Status 403
2026-09-04 00:22:29,606 | WARNING |    ⚠ Blocked (403) retry 2
2026-09-04 00:22:29,689 | INFO | 🌐 Session warmed
2026-09-04 00:22:29,965 | INFO | [304/1901] Fetching Burhar (BRHR)
2026-09-04 00:22:30,977 | INFO |    ↳ Status 403
2026-09-04 00:22:30,977 | WARNING |    ⚠ Blocked (403) retry 1
2026-09-04 00:22:31,063 | INFO | 🌐 Session warmed
2026-09-04 00:22:31,336 | INFO |    ↳ Status 403
2026-09-04 00:22:31,336 | WARNING |    ⚠ Blocked (403) retry 1
2026-09-04 00:22:31,379 | INFO | [305/1901] Fetching Buttayagudem (BUTY)
2026-09-04 00:22:31,457 | INFO | 🌐 Session warmed
2026-09-04 00:22:32,584 | INFO |    ↳ Status 403
2026-09-04 00:22:32,584 | WARNING |    ⚠ Blocked (403) retry 3
2026-09-04 00:22:32,691 | INFO | 🌐 Session warmed
2026-09-04 00:22:32,700 | INFO |    ↳ Status 403
2026-09-04 00:22:32,701 | WARNING |    ⚠ Blocked (403) retry 1
2026-09-04 00:22:32,806 | INFO | 🌐 Session warmed
2026-09-04 00:22:33,302 | INFO |    ↳ Status 403
2026-09-04 00:22:33,302 | WARNING |    ⚠ Blocked (403) retry 2
2026-09-04 00:22:33,415 | INFO | 🌐 Session warmed
2026-09-04 00:22:33,550 | INFO |    ↳ Status 403
2026-09-04 00:22:33,550 | WARNING |    ⚠ Blocked (403) retry 2
2026-09-04 00:22:33,655 | INFO | 🌐 Session warmed
2026-09-04 00:22:35,192 | INFO |    ↳ Status 403
2026-09-04 00:22:35,193 | WARNING |    ⚠ Blocked (403) retry 2
2026-09-04 00:22:35,285 | INFO | 🌐 Session warmed
2026-09-04 00:22:36,392 | INFO |    ↳ Status 403
2026-09-04 00:22:36,393 | WARNING |    ⚠ Blocked (403) retry 3
2026-09-04 00:22:36,510 | INFO | 🌐 Session warmed
2026-09-04 00:22:36,636 | INFO |    ↳ Status 403
2026-09-04 00:22:36,636 | WARNING |    ⚠ Blocked (403) retry 3
2026-09-04 00:22:36,692 | INFO | [306/1901] Fetching Byadagi (BYAD)
2026-09-04 00:22:36,724 | INFO | 🌐 Session warmed
2026-09-04 00:22:37,972 | INFO |    ↳ Status 403
2026-09-04 00:22:37,972 | WARNING |    ⚠ Blocked (403) retry 1
2026-09-04 00:22:38,034 | INFO |    ↳ Status 403
2026-09-04 00:22:38,034 | WARNING |    ⚠ Blocked (403) retry 3
2026-09-04 00:22:38,071 | INFO | 🌐 Session warmed
2026-09-04 00:22:38,146 | INFO | 🌐 Session warmed
2026-09-04 00:22:40,173 | INFO |    ↳ Status 403
2026-09-04 00:22:40,174 | WARNING |    ⚠ Blocked (403) retry 2
2026-09-04 00:22:40,266 | INFO | 🌐 Session warmed
2026-09-04 00:22:40,511 | INFO | [307/1901] Fetching Byadgi (BYDA)
2026-09-04 00:22:40,724 | INFO | [308/1901] Fetching Byasanagar (BYAS)
2026-09-04 00:22:41,461 | INFO |    ↳ Status 403
2026-09-04 00:22:41,461 | WARNING |    ⚠ Blocked (403) retry 1
2026-09-04 00:22:41,567 | INFO | 🌐 Session warmed
2026-09-04 00:22:41,981 | INFO |    ↳ Status 403
2026-09-04 00:22:41,981 | WARNING |    ⚠ Blocked (403) retry 1
2026-09-04 00:22:42,082 | INFO | 🌐 Session warmed
2026-09-04 00:22:42,147 | INFO | [309/1901] Fetching Calicut (CALC)
2026-09-04 00:22:42,891 | INFO |    ↳ Status 403
2026-09-04 00:22:42,891 | WARNING |    ⚠ Blocked (403) retry 3
2026-09-04 00:22:42,986 | INFO |    ↳ Status 403
2026-09-04 00:22:42,986 | WARNING |    ⚠ Blocked (403) retry 1
2026-09-04 00:22:43,004 | INFO | 🌐 Session warmed
2026-09-04 00:22:43,110 | INFO | 🌐 Session warmed
2026-09-04 00:22:43,733 | INFO |    ↳ Status 403
2026-09-04 00:22:43,733 | WARNING |    ⚠ Blocked (403) retry 2
2026-09-04 00:22:43,824 | INFO | 🌐 Session warmed
2026-09-04 00:22:44,482 | INFO |    ↳ Status 403
2026-09-04 00:22:44,482 | WARNING |    ⚠ Blocked (403) retry 2
2026-09-04 00:22:44,592 | INFO | 🌐 Session warmed
2026-09-04 00:22:45,125 | INFO |    ↳ Status 403
2026-09-04 00:22:45,125 | WARNING |    ⚠ Blocked (403) retry 2
2026-09-04 00:22:45,228 | INFO | 🌐 Session warmed
2026-09-04 00:22:47,005 | INFO | [310/1901] Fetching Canning (CANN)
2026-09-04 00:22:47,037 | INFO |    ↳ Status 403
2026-09-04 00:22:47,037 | WARNING |    ⚠ Blocked (403) retry 3
2026-09-04 00:22:47,142 | INFO | 🌐 Session warmed
2026-09-04 00:22:47,252 | INFO |    ↳ Status 403
2026-09-04 00:22:47,252 | WARNING |    ⚠ Blocked (403) retry 3
2026-09-04 00:22:47,348 | INFO | 🌐 Session warmed
2026-09-04 00:22:48,214 | INFO |    ↳ Status 403
2026-09-04 00:22:48,214 | WARNING |    ⚠ Blocked (403) retry 1
2026-09-04 00:22:48,306 | INFO | 🌐 Session warmed
2026-09-04 00:22:48,573 | INFO |    ↳ Status 403
2026-09-04 00:22:48,573 | WARNING |    ⚠ Blocked (403) retry 3
2026-09-04 00:22:48,652 | INFO | 🌐 Session warmed
2026-09-04 00:22:50,650 | INFO |    ↳ Status 403
2026-09-04 00:22:50,650 | WARNING |    ⚠ Blocked (403) retry 2
2026-09-04 00:22:50,739 | INFO | 🌐 Session warmed
2026-09-04 00:22:51,142 | INFO | [311/1901] Fetching Chagallu (CHAG)
2026-09-04 00:22:51,349 | INFO | [312/1901] Fetching Chakan (CHAK)
2026-09-04 00:22:52,037 | INFO |    ↳ Status 403
2026-09-04 00:22:52,037 | WARNING |    ⚠ Blocked (403) retry 1
2026-09-04 00:22:52,128 | INFO | 🌐 Session warmed
2026-09-04 00:22:52,388 | INFO |    ↳ Status 403
2026-09-04 00:22:52,388 | WARNING |    ⚠ Blocked (403) retry 1
2026-09-04 00:22:52,483 | INFO | 🌐 Session warmed
2026-09-04 00:22:52,653 | INFO | [313/1901] Fetching Chalakudy (CHAL)
2026-09-04 00:22:53,464 | INFO |    ↳ Status 403
2026-09-04 00:22:53,464 | WARNING |    ⚠ Blocked (403) retry 3
2026-09-04 00:22:53,565 | INFO |    ↳ Status 403
2026-09-04 00:22:53,565 | WARNING |    ⚠ Blocked (403) retry 1
2026-09-04 00:22:53,575 | INFO | 🌐 Session warmed
2026-09-04 00:22:53,659 | INFO | 🌐 Session warmed
2026-09-04 00:22:54,131 | INFO |    ↳ Status 403
2026-09-04 00:22:54,131 | WARNING |    ⚠ Blocked (403) retry 2
2026-09-04 00:22:54,218 | INFO | 🌐 Session warmed
2026-09-04 00:22:54,576 | INFO |    ↳ Status 403
2026-09-04 00:22:54,577 | WARNING |    ⚠ Blocked (403) retry 2
2026-09-04 00:22:54,682 | INFO | 🌐 Session warmed
2026-09-04 00:22:55,815 | INFO |    ↳ Status 403
2026-09-04 00:22:55,816 | WARNING |    ⚠ Blocked (403) retry 2
2026-09-04 00:22:55,908 | INFO | 🌐 Session warmed
2026-09-04 00:22:56,875 | INFO |    ↳ Status 403
2026-09-04 00:22:56,876 | WARNING |    ⚠ Blocked (403) retry 3
2026-09-04 00:22:56,981 | INFO | 🌐 Session warmed
2026-09-04 00:22:57,407 | INFO |    ↳ Status 403
2026-09-04 00:22:57,407 | WARNING |    ⚠ Blocked (403) retry 3
2026-09-04 00:22:57,501 | INFO | 🌐 Session warmed
2026-09-04 00:22:57,576 | INFO | [314/1901] Fetching Chalisgaon (CHLS)
2026-09-04 00:22:58,403 | INFO |    ↳ Status 403
2026-09-04 00:22:58,403 | WARNING |    ⚠ Blocked (403) retry 1
2026-09-04 00:22:58,494 | INFO | 🌐 Session warmed
2026-09-04 00:22:59,173 | INFO |    ↳ Status 403
2026-09-04 00:22:59,174 | WARNING |    ⚠ Blocked (403) retry 3
2026-09-04 00:22:59,278 | INFO | 🌐 Session warmed
2026-09-04 00:23:00,509 | INFO |    ↳ Status 403
2026-09-04 00:23:00,509 | WARNING |    ⚠ Blocked (403) retry 2
2026-09-04 00:23:00,625 | INFO | 🌐 Session warmed
2026-09-04 00:23:00,982 | INFO | [315/1901] Fetching Challakere (CHLA)
2026-09-04 00:23:01,501 | INFO | [316/1901] Fetching Challapalli (CHAP)
2026-09-04 00:23:02,096 | INFO |    ↳ Status 403
2026-09-04 00:23:02,096 | WARNING |    ⚠ Blocked (403) retry 1
2026-09-04 00:23:02,148 | INFO |    ↳ Status 403
2026-09-04 00:23:02,149 | WARNING |    ⚠ Blocked (403) retry 1
2026-09-04 00:23:02,192 | INFO | 🌐 Session warmed
2026-09-04 00:23:02,247 | INFO | 🌐 Session warmed
2026-09-04 00:23:03,279 | INFO | [317/1901] Fetching Chamarajnagar (CHAJ)
2026-09-04 00:23:03,444 | INFO |    ↳ Status 403
2026-09-04 00:23:03,444 | WARNING |    ⚠ Blocked (403) retry 3
2026-09-04 00:23:03,600 | INFO | 🌐 Session warmed
2026-09-04 00:23:04,024 | INFO |    ↳ Status 403
2026-09-04 00:23:04,024 | WARNING |    ⚠ Blocked (403) retry 1
2026-09-04 00:23:04,122 | INFO | 🌐 Session warmed
2026-09-04 00:23:04,171 | INFO |    ↳ Status 403
2026-09-04 00:23:04,171 | WARNING |    ⚠ Blocked (403) retry 2
2026-09-04 00:23:04,263 | INFO | 🌐 Session warmed
2026-09-04 00:23:04,587 | INFO |    ↳ Status 403
2026-09-04 00:23:04,588 | WARNING |    ⚠ Blocked (403) retry 2
2026-09-04 00:23:04,682 | INFO | 🌐 Session warmed
2026-09-04 00:23:06,470 | INFO |    ↳ Status 403
2026-09-04 00:23:06,470 | WARNING |    ⚠ Blocked (403) retry 2
2026-09-04 00:23:06,581 | INFO | 🌐 Session warmed
2026-09-04 00:23:07,111 | INFO |    ↳ Status 403
2026-09-04 00:23:07,111 | WARNING |    ⚠ Blocked (403) retry 3
2026-09-04 00:23:07,213 | INFO | 🌐 Session warmed
2026-09-04 00:23:07,601 | INFO | [318/1901] Fetching Chamba (CHMB)
2026-09-04 00:23:08,099 | INFO |    ↳ Status 403
2026-09-04 00:23:08,099 | WARNING |    ⚠ Blocked (403) retry 3
2026-09-04 00:23:08,187 | INFO | 🌐 Session warmed
2026-09-04 00:23:08,238 | INFO |    ↳ Status 403
2026-09-04 00:23:08,239 | WARNING |    ⚠ Blocked (403) retry 1
2026-09-04 00:23:08,342 | INFO | 🌐 Session warmed
2026-09-04 00:23:09,318 | INFO |    ↳ Status 403
2026-09-04 00:23:09,318 | WARNING |    ⚠ Blocked (403) retry 3
2026-09-04 00:23:09,417 | INFO | 🌐 Session warmed
2026-09-04 00:23:10,630 | INFO |    ↳ Status 403
2026-09-04 00:23:10,630 | WARNING |    ⚠ Blocked (403) retry 2
2026-09-04 00:23:10,737 | INFO | 🌐 Session warmed
2026-09-04 00:23:11,213 | INFO | [319/1901] Fetching Chamoli (CHMK)
2026-09-04 00:23:12,187 | INFO | [320/1901] Fetching Champa (CHAM)
2026-09-04 00:23:12,273 | INFO |    ↳ Status 403
2026-09-04 00:23:12,273 | WARNING |    ⚠ Blocked (403) retry 1
2026-09-04 00:23:12,380 | INFO | 🌐 Session warmed
2026-09-04 00:23:12,934 | INFO |    ↳ Status 403
2026-09-04 00:23:12,934 | WARNING |    ⚠ Blocked (403) retry 1
2026-09-04 00:23:13,024 | INFO | 🌐 Session warmed
2026-09-04 00:23:13,417 | INFO | [321/1901] Fetching Champahati (CHAI)
2026-09-04 00:23:13,851 | INFO |    ↳ Status 403
2026-09-04 00:23:13,851 | WARNING |    ⚠ Blocked (403) retry 3
2026-09-04 00:23:13,959 | INFO | 🌐 Session warmed
2026-09-04 00:23:14,183 | INFO |    ↳ Status 403
2026-09-04 00:23:14,183 | WARNING |    ⚠ Blocked (403) retry 1
2026-09-04 00:23:14,277 | INFO | 🌐 Session warmed
2026-09-04 00:23:14,680 | INFO |    ↳ Status 403
2026-09-04 00:23:14,680 | WARNING |    ⚠ Blocked (403) retry 2
2026-09-04 00:23:14,801 | INFO | 🌐 Session warmed
2026-09-04 00:23:15,298 | INFO |    ↳ Status 403
2026-09-04 00:23:15,298 | WARNING |    ⚠ Blocked (403) retry 2
2026-09-04 00:23:15,412 | INFO | 🌐 Session warmed
2026-09-04 00:23:15,968 | INFO |    ↳ Status 403
2026-09-04 00:23:15,968 | WARNING |    ⚠ Blocked (403) retry 2
2026-09-04 00:23:16,047 | INFO | 🌐 Session warmed
2026-09-04 00:23:17,912 | INFO |    ↳ Status 403
2026-09-04 00:23:17,912 | WARNING |    ⚠ Blocked (403) retry 3
2026-09-04 00:23:17,960 | INFO | [322/1901] Fetching Chanchal (CCWC)
2026-09-04 00:23:18,025 | INFO | 🌐 Session warmed
2026-09-04 00:23:18,800 | INFO |    ↳ Status 403
2026-09-04 00:23:18,800 | WARNING |    ⚠ Blocked (403) retry 3
2026-09-04 00:23:18,835 | INFO |    ↳ Status 403
2026-09-04 00:23:18,836 | WARNING |    ⚠ Blocked (403) retry 3
2026-09-04 00:23:18,897 | INFO | 🌐 Session warmed
2026-09-04 00:23:18,963 | INFO | 🌐 Session warmed
2026-09-04 00:23:19,327 | INFO |    ↳ Status 403
2026-09-04 00:23:19,327 | WARNING |    ⚠ Blocked (403) retry 1
2026-09-04 00:23:19,426 | INFO | 🌐 Session warmed
2026-09-04 00:23:21,748 | INFO |    ↳ Status 403
2026-09-04 00:23:21,748 | WARNING |    ⚠ Blocked (403) retry 2
2026-09-04 00:23:21,839 | INFO | 🌐 Session warmed
2026-09-04 00:23:22,026 | INFO | [323/1901] Fetching Chandannagar (CHDD)
2026-09-04 00:23:22,897 | INFO | [324/1901] Fetching Chandausi (CHDN)
2026-09-04 00:23:22,963 | INFO | [325/1901] Fetching Chandbali (CHAZ)
2026-09-04 00:23:23,318 | INFO |    ↳ Status 403
2026-09-04 00:23:23,319 | WARNING |    ⚠ Blocked (403) retry 1
2026-09-04 00:23:23,410 | INFO | 🌐 Session warmed
2026-09-04 00:23:23,537 | INFO |    ↳ Status 403
2026-09-04 00:23:23,537 | WARNING |    ⚠ Blocked (403) retry 1
2026-09-04 00:23:23,632 | INFO | 🌐 Session warmed
2026-09-04 00:23:23,950 | INFO |    ↳ Status 403
2026-09-04 00:23:23,950 | WARNING |    ⚠ Blocked (403) retry 1
2026-09-04 00:23:24,053 | INFO | 🌐 Session warmed
2026-09-04 00:23:24,938 | INFO |    ↳ Status 403
2026-09-04 00:23:24,939 | WARNING |    ⚠ Blocked (403) retry 3
2026-09-04 00:23:25,041 | INFO | 🌐 Session warmed
2026-09-04 00:23:25,350 | INFO |    ↳ Status 403
2026-09-04 00:23:25,350 | WARNING |    ⚠ Blocked (403) retry 2
2026-09-04 00:23:25,446 | INFO | 🌐 Session warmed
2026-09-04 00:23:25,501 | INFO |    ↳ Status 403
2026-09-04 00:23:25,501 | WARNING |    ⚠ Blocked (403) retry 2
2026-09-04 00:23:25,614 | INFO | 🌐 Session warmed
2026-09-04 00:23:26,055 | INFO |    ↳ Status 403
2026-09-04 00:23:26,055 | WARNING |    ⚠ Blocked (403) retry 2
2026-09-04 00:23:26,171 | INFO | 🌐 Session warmed
2026-09-04 00:23:28,593 | INFO |    ↳ Status 403
2026-09-04 00:23:28,593 | WARNING |    ⚠ Blocked (403) retry 3
2026-09-04 00:23:28,686 | INFO | 🌐 Session warmed
2026-09-04 00:23:28,886 | INFO |    ↳ Status 403
2026-09-04 00:23:28,886 | WARNING |    ⚠ Blocked (403) retry 3
2026-09-04 00:23:28,907 | INFO |    ↳ Status 403
2026-09-04 00:23:28,907 | WARNING |    ⚠ Blocked (403) retry 3
2026-09-04 00:23:28,998 | INFO | 🌐 Session warmed
2026-09-04 00:23:29,008 | INFO | 🌐 Session warmed
2026-09-04 00:23:29,041 | INFO | [326/1901] Fetching Chandpur Siau (CHHA)
2026-09-04 00:23:29,911 | INFO |    ↳ Status 403
2026-09-04 00:23:29,911 | WARNING |    ⚠ Blocked (403) retry 1
2026-09-04 00:23:30,023 | INFO | 🌐 Session warmed
2026-09-04 00:23:31,806 | INFO |    ↳ Status 403
2026-09-04 00:23:31,806 | WARNING |    ⚠ Blocked (403) retry 2
2026-09-04 00:23:31,923 | INFO | 🌐 Session warmed
2026-09-04 00:23:32,686 | INFO | [327/1901] Fetching Chandrakona (CKNA)
2026-09-04 00:23:32,999 | INFO | [328/1901] Fetching Chandrapur (CHAN)
2026-09-04 00:23:33,008 | INFO | [329/1901] Fetching Chandur (CAND)
2026-09-04 00:23:33,471 | INFO |    ↳ Status 403
2026-09-04 00:23:33,471 | WARNING |    ⚠ Blocked (403) retry 1
2026-09-04 00:23:33,573 | INFO | 🌐 Session warmed
2026-09-04 00:23:33,803 | INFO |    ↳ Status 403
2026-09-04 00:23:33,803 | WARNING |    ⚠ Blocked (403) retry 1
2026-09-04 00:23:33,893 | INFO | 🌐 Session warmed
2026-09-04 00:23:34,311 | INFO |    ↳ Status 403
2026-09-04 00:23:34,311 | WARNING |    ⚠ Blocked (403) retry 1
2026-09-04 00:23:34,402 | INFO | 🌐 Session warmed
2026-09-04 00:23:35,234 | INFO |    ↳ Status 403
2026-09-04 00:23:35,234 | WARNING |    ⚠ Blocked (403) retry 3
2026-09-04 00:23:35,335 | INFO | 🌐 Session warmed
2026-09-04 00:23:35,580 | INFO |    ↳ Status 403
2026-09-04 00:23:35,580 | WARNING |    ⚠ Blocked (403) retry 2
2026-09-04 00:23:35,717 | INFO | 🌐 Session warmed
2026-09-04 00:23:35,958 | INFO |    ↳ Status 403
2026-09-04 00:23:35,958 | WARNING |    ⚠ Blocked (403) retry 2
2026-09-04 00:23:36,051 | INFO | 🌐 Session warmed
2026-09-04 00:23:36,492 | INFO |    ↳ Status 403
2026-09-04 00:23:36,493 | WARNING |    ⚠ Blocked (403) retry 2
2026-09-04 00:23:36,602 | INFO | 🌐 Session warmed
2026-09-04 00:23:38,522 | INFO |    ↳ Status 403
2026-09-04 00:23:38,522 | WARNING |    ⚠ Blocked (403) retry 3
2026-09-04 00:23:38,611 | INFO | 🌐 Session warmed
2026-09-04 00:23:38,818 | INFO |    ↳ Status 403
2026-09-04 00:23:38,818 | WARNING |    ⚠ Blocked (403) retry 3
2026-09-04 00:23:38,910 | INFO | 🌐 Session warmed
2026-09-04 00:23:39,336 | INFO | [330/1901] Fetching Changanassery (CNSY)
2026-09-04 00:23:39,414 | INFO |    ↳ Status 403
2026-09-04 00:23:39,414 | WARNING |    ⚠ Blocked (403) retry 3
2026-09-04 00:23:39,534 | INFO | 🌐 Session warmed
2026-09-04 00:23:40,718 | INFO |    ↳ Status 403
2026-09-04 00:23:40,718 | WARNING |    ⚠ Blocked (403) retry 1
2026-09-04 00:23:40,810 | INFO | 🌐 Session warmed
2026-09-04 00:23:42,611 | INFO | [331/1901] Fetching Changaramkulam (CHAA)
2026-09-04 00:23:42,728 | INFO |    ↳ Status 403
2026-09-04 00:23:42,728 | WARNING |    ⚠ Blocked (403) retry 2
2026-09-04 00:23:42,820 | INFO | 🌐 Session warmed
2026-09-04 00:23:42,910 | INFO | [332/1901] Fetching Channagiri (CHGI)
2026-09-04 00:23:43,405 | INFO |    ↳ Status 403
2026-09-04 00:23:43,405 | WARNING |    ⚠ Blocked (403) retry 1
2026-09-04 00:23:43,497 | INFO | 🌐 Session warmed
2026-09-04 00:23:43,535 | INFO | [333/1901] Fetching Channapatna (CPTN)
2026-09-04 00:23:43,676 | INFO |    ↳ Status 403
2026-09-04 00:23:43,676 | WARNING |    ⚠ Blocked (403) retry 1
2026-09-04 00:23:43,787 | INFO | 🌐 Session warmed
2026-09-04 00:23:44,344 | INFO |    ↳ Status 403
2026-09-04 00:23:44,344 | WARNING |    ⚠ Blocked (403) retry 1
2026-09-04 00:23:44,441 | INFO | 🌐 Session warmed
2026-09-04 00:23:45,460 | INFO |    ↳ Status 403
2026-09-04 00:23:45,460 | WARNING |    ⚠ Blocked (403) retry 2
2026-09-04 00:23:45,562 | INFO | 🌐 Session warmed
2026-09-04 00:23:45,750 | INFO |    ↳ Status 403
2026-09-04 00:23:45,750 | WARNING |    ⚠ Blocked (403) retry 3
2026-09-04 00:23:45,856 | INFO | 🌐 Session warmed
2026-09-04 00:23:45,999 | INFO |    ↳ Status 403
2026-09-04 00:23:45,999 | WARNING |    ⚠ Blocked (403) retry 2
2026-09-04 00:23:46,089 | INFO | 🌐 Session warmed
2026-09-04 00:23:46,228 | INFO |    ↳ Status 403
2026-09-04 00:23:46,228 | WARNING |    ⚠ Blocked (403) retry 2
2026-09-04 00:23:46,323 | INFO | 🌐 Session warmed
2026-09-04 00:23:48,855 | INFO |    ↳ Status 403
2026-09-04 00:23:48,855 | WARNING |    ⚠ Blocked (403) retry 3
2026-09-04 00:23:48,957 | INFO | 🌐 Session warmed
2026-09-04 00:23:49,103 | INFO |    ↳ Status 403
2026-09-04 00:23:49,103 | WARNING |    ⚠ Blocked (403) retry 3
2026-09-04 00:23:49,178 | INFO |    ↳ Status 403
2026-09-04 00:23:49,178 | WARNING |    ⚠ Blocked (403) retry 3
2026-09-04 00:23:49,189 | INFO | 🌐 Session warmed
2026-09-04 00:23:49,267 | INFO | 🌐 Session warmed
2026-09-04 00:23:49,856 | INFO | [334/1901] Fetching Channarayapatna (CHNN)
2026-09-04 00:23:50,534 | INFO |    ↳ Status 403
2026-09-04 00:23:50,534 | WARNING |    ⚠ Blocked (403) retry 1
2026-09-04 00:23:50,642 | INFO | 🌐 Session warmed
2026-09-04 00:23:52,752 | INFO |    ↳ Status 403
2026-09-04 00:23:52,752 | WARNING |    ⚠ Blocked (403) retry 2
2026-09-04 00:23:52,854 | INFO | 🌐 Session warmed
2026-09-04 00:23:52,957 | INFO | [335/1901] Fetching Chanpatia (CHAT)
2026-09-04 00:23:53,190 | INFO | [336/1901] Fetching Chapra (CHPR)
2026-09-04 00:23:53,267 | INFO | [337/1901] Fetching Charkhi Dadri (CCDD)
2026-09-04 00:23:53,978 | INFO |    ↳ Status 403
2026-09-04 00:23:53,978 | WARNING |    ⚠ Blocked (403) retry 1
2026-09-04 00:23:54,098 | INFO | 🌐 Session warmed
2026-09-04 00:23:54,257 | INFO |    ↳ Status 403
2026-09-04 00:23:54,257 | WARNING |    ⚠ Blocked (403) retry 1
2026-09-04 00:23:54,361 | INFO | 🌐 Session warmed
2026-09-04 00:23:54,497 | INFO |    ↳ Status 403
2026-09-04 00:23:54,497 | WARNING |    ⚠ Blocked (403) retry 1
2026-09-04 00:23:54,612 | INFO | 🌐 Session warmed
2026-09-04 00:23:55,657 | INFO |    ↳ Status 403
2026-09-04 00:23:55,657 | WARNING |    ⚠ Blocked (403) retry 3
2026-09-04 00:23:55,752 | INFO | 🌐 Session warmed
2026-09-04 00:23:56,080 | INFO |    ↳ Status 403
2026-09-04 00:23:56,081 | WARNING |    ⚠ Blocked (403) retry 2
2026-09-04 00:23:56,181 | INFO | 🌐 Session warmed
2026-09-04 00:23:56,311 | INFO |    ↳ Status 403
2026-09-04 00:23:56,311 | WARNING |    ⚠ Blocked (403) retry 2
2026-09-04 00:23:56,325 | INFO |    ↳ Status 403
2026-09-04 00:23:56,325 | WARNING |    ⚠ Blocked (403) retry 2
2026-09-04 00:23:56,405 | INFO | 🌐 Session warmed
2026-09-04 00:23:56,423 | INFO | 🌐 Session warmed
2026-09-04 00:23:59,253 | INFO |    ↳ Status 403
2026-09-04 00:23:59,253 | WARNING |    ⚠ Blocked (403) retry 3
2026-09-04 00:23:59,371 | INFO | 🌐 Session warmed
2026-09-04 00:23:59,575 | INFO |    ↳ Status 403
2026-09-04 00:23:59,575 | WARNING |    ⚠ Blocked (403) retry 3
2026-09-04 00:23:59,672 | INFO | 🌐 Session warmed
2026-09-04 00:23:59,753 | INFO | [338/1901] Fetching Chaygaon (CHOG)
2026-09-04 00:23:59,806 | INFO |    ↳ Status 403
2026-09-04 00:23:59,806 | WARNING |    ⚠ Blocked (403) retry 3
2026-09-04 00:23:59,910 | INFO | 🌐 Session warmed
2026-09-04 00:24:00,418 | INFO |    ↳ Status 403
2026-09-04 00:24:00,419 | WARNING |    ⚠ Blocked (403) retry 1
2026-09-04 00:24:00,507 | INFO | 🌐 Session warmed
2026-09-04 00:24:02,701 | INFO |    ↳ Status 403
2026-09-04 00:24:02,701 | WARNING |    ⚠ Blocked (403) retry 2
2026-09-04 00:24:02,779 | INFO | 🌐 Session warmed
2026-09-04 00:24:03,371 | INFO | [339/1901] Fetching Chebrolu (CHEB)
2026-09-04 00:24:03,672 | INFO | [340/1901] Fetching Cheeka (CHEK)
2026-09-04 00:24:03,911 | INFO | [341/1901] Fetching Cheepurupalli (CHEE)
2026-09-04 00:24:04,305 | INFO |    ↳ Status 403
2026-09-04 00:24:04,306 | WARNING |    ⚠ Blocked (403) retry 1
2026-09-04 00:24:04,394 | INFO | 🌐 Session warmed
2026-09-04 00:24:04,707 | INFO |    ↳ Status 403
2026-09-04 00:24:04,707 | WARNING |    ⚠ Blocked (403) retry 1
2026-09-04 00:24:04,811 | INFO | 🌐 Session warmed
2026-09-04 00:24:05,223 | INFO |    ↳ Status 403
2026-09-04 00:24:05,224 | WARNING |    ⚠ Blocked (403) retry 1
2026-09-04 00:24:05,316 | INFO | 🌐 Session warmed
2026-09-04 00:24:06,038 | INFO |    ↳ Status 403
2026-09-04 00:24:06,038 | WARNING |    ⚠ Blocked (403) retry 3
2026-09-04 00:24:06,126 | INFO |    ↳ Status 403
2026-09-04 00:24:06,126 | WARNING |    ⚠ Blocked (403) retry 2
2026-09-04 00:24:06,155 | INFO | 🌐 Session warmed
2026-09-04 00:24:06,249 | INFO | 🌐 Session warmed
2026-09-04 00:24:06,846 | INFO |    ↳ Status 403
2026-09-04 00:24:06,846 | WARNING |    ⚠ Blocked (403) retry 2
2026-09-04 00:24:06,939 | INFO | 🌐 Session warmed
2026-09-04 00:24:07,729 | INFO |    ↳ Status 403
2026-09-04 00:24:07,729 | WARNING |    ⚠ Blocked (403) retry 2
2026-09-04 00:24:07,847 | INFO | 🌐 Session warmed
2026-09-04 00:24:09,144 | INFO |    ↳ Status 403
2026-09-04 00:24:09,144 | WARNING |    ⚠ Blocked (403) retry 3
2026-09-04 00:24:09,254 | INFO | 🌐 Session warmed
2026-09-04 00:24:09,802 | INFO |    ↳ Status 403
2026-09-04 00:24:09,802 | WARNING |    ⚠ Blocked (403) retry 3
2026-09-04 00:24:09,883 | INFO | 🌐 Session warmed
2026-09-04 00:24:10,156 | INFO | [342/1901] Fetching Chelpur (CHEL)
2026-09-04 00:24:11,063 | INFO |    ↳ Status 403
2026-09-04 00:24:11,063 | WARNING |    ⚠ Blocked (403) retry 1
2026-09-04 00:24:11,074 | INFO |    ↳ Status 403
2026-09-04 00:24:11,075 | WARNING |    ⚠ Blocked (403) retry 3
2026-09-04 00:24:11,184 | INFO | 🌐 Session warmed
2026-09-04 00:24:11,190 | INFO | 🌐 Session warmed
2026-09-04 00:24:13,255 | INFO | [343/1901] Fetching Chelur (CHEO)
2026-09-04 00:24:13,330 | INFO |    ↳ Status 403
2026-09-04 00:24:13,331 | WARNING |    ⚠ Blocked (403) retry 2
2026-09-04 00:24:13,420 | INFO | 🌐 Session warmed
2026-09-04 00:24:13,883 | INFO | [344/1901] Fetching Chendrapinni (CNPI)
2026-09-04 00:24:14,012 | INFO |    ↳ Status 403
2026-09-04 00:24:14,012 | WARNING |    ⚠ Blocked (403) retry 1
2026-09-04 00:24:14,090 | INFO | 🌐 Session warmed
2026-09-04 00:24:15,024 | INFO |    ↳ Status 403
2026-09-04 00:24:15,024 | WARNING |    ⚠ Blocked (403) retry 1
2026-09-04 00:24:15,123 | INFO | 🌐 Session warmed
2026-09-04 00:24:15,184 | INFO | [345/1901] Fetching Chengalpattu (CHET)
2026-09-04 00:24:16,231 | INFO |    ↳ Status 403
2026-09-04 00:24:16,231 | WARNING |    ⚠ Blocked (403) retry 2
2026-09-04 00:24:16,334 | INFO | 🌐 Session warmed
2026-09-04 00:24:16,444 | INFO |    ↳ Status 403
2026-09-04 00:24:16,444 | WARNING |    ⚠ Blocked (403) retry 1
2026-09-04 00:24:16,521 | INFO | 🌐 Session warmed
2026-09-04 00:24:16,561 | INFO |    ↳ Status 403
2026-09-04 00:24:16,561 | WARNING |    ⚠ Blocked (403) retry 3
2026-09-04 00:24:16,670 | INFO | 🌐 Session warmed
2026-09-04 00:24:17,346 | INFO |    ↳ Status 403
2026-09-04 00:24:17,346 | WARNING |    ⚠ Blocked (403) retry 2
2026-09-04 00:24:17,446 | INFO | 🌐 Session warmed
2026-09-04 00:24:18,531 | INFO |    ↳ Status 403
2026-09-04 00:24:18,531 | WARNING |    ⚠ Blocked (403) retry 2
2026-09-04 00:24:18,635 | INFO | 🌐 Session warmed
2026-09-04 00:24:19,694 | INFO |    ↳ Status 403
2026-09-04 00:24:19,694 | WARNING |    ⚠ Blocked (403) retry 3
2026-09-04 00:24:19,810 | INFO | 🌐 Session warmed
2026-09-04 00:24:20,140 | INFO |    ↳ Status 403
2026-09-04 00:24:20,140 | WARNING |    ⚠ Blocked (403) retry 3
2026-09-04 00:24:20,230 | INFO | 🌐 Session warmed
2026-09-04 00:24:20,671 | INFO | [346/1901] Fetching Chengannur (CHEG)
2026-09-04 00:24:21,352 | INFO |    ↳ Status 403
2026-09-04 00:24:21,352 | WARNING |    ⚠ Blocked (403) retry 1
2026-09-04 00:24:21,453 | INFO | 🌐 Session warmed
2026-09-04 00:24:21,922 | INFO |    ↳ Status 403
2026-09-04 00:24:21,922 | WARNING |    ⚠ Blocked (403) retry 3
2026-09-04 00:24:22,012 | INFO | 🌐 Session warmed
2026-09-04 00:24:23,112 | INFO |    ↳ Status 403
2026-09-04 00:24:23,112 | WARNING |    ⚠ Blocked (403) retry 2
2026-09-04 00:24:23,208 | INFO | 🌐 Session warmed
2026-09-04 00:24:23,811 | INFO | [347/1901] Fetching Chennur (CHNU)
2026-09-04 00:24:24,230 | INFO | [348/1901] Fetching Chenthrapini (CHEI)
2026-09-04 00:24:24,790 | INFO |    ↳ Status 403
2026-09-04 00:24:24,790 | WARNING |    ⚠ Blocked (403) retry 1
2026-09-04 00:24:24,897 | INFO | 🌐 Session warmed
2026-09-04 00:24:25,560 | INFO |    ↳ Status 403
2026-09-04 00:24:25,561 | WARNING |    ⚠ Blocked (403) retry 1
2026-09-04 00:24:25,665 | INFO | 🌐 Session warmed
2026-09-04 00:24:25,860 | INFO |    ↳ Status 403
2026-09-04 00:24:25,860 | WARNING |    ⚠ Blocked (403) retry 3
2026-09-04 00:24:25,957 | INFO | 🌐 Session warmed
2026-09-04 00:24:26,013 | INFO | [349/1901] Fetching Cherial (CHRY)
2026-09-04 00:24:26,540 | INFO |    ↳ Status 403
2026-09-04 00:24:26,540 | WARNING |    ⚠ Blocked (403) retry 2
2026-09-04 00:24:26,642 | INFO | 🌐 Session warmed
2026-09-04 00:24:27,334 | INFO |    ↳ Status 403
2026-09-04 00:24:27,334 | WARNING |    ⚠ Blocked (403) retry 1
2026-09-04 00:24:27,442 | INFO | 🌐 Session warmed
2026-09-04 00:24:27,682 | INFO |    ↳ Status 403
2026-09-04 00:24:27,682 | WARNING |    ⚠ Blocked (403) retry 2
2026-09-04 00:24:27,816 | INFO | 🌐 Session warmed
2026-09-04 00:24:29,289 | INFO |    ↳ Status 403
2026-09-04 00:24:29,289 | WARNING |    ⚠ Blocked (403) retry 2
2026-09-04 00:24:29,381 | INFO | 🌐 Session warmed
2026-09-04 00:24:29,854 | INFO |    ↳ Status 403
2026-09-04 00:24:29,855 | WARNING |    ⚠ Blocked (403) retry 3
2026-09-04 00:24:29,955 | INFO | 🌐 Session warmed
2026-09-04 00:24:29,957 | INFO | [350/1901] Fetching Cherla (CHRL)
2026-09-04 00:24:31,055 | INFO |    ↳ Status 403
2026-09-04 00:24:31,055 | WARNING |    ⚠ Blocked (403) retry 3
2026-09-04 00:24:31,162 | INFO | 🌐 Session warmed
2026-09-04 00:24:31,210 | INFO |    ↳ Status 403
2026-09-04 00:24:31,210 | WARNING |    ⚠ Blocked (403) retry 1
2026-09-04 00:24:31,313 | INFO | 🌐 Session warmed
2026-09-04 00:24:32,755 | INFO |    ↳ Status 403
2026-09-04 00:24:32,755 | WARNING |    ⚠ Blocked (403) retry 3
2026-09-04 00:24:32,866 | INFO | 🌐 Session warmed
2026-09-04 00:24:33,352 | INFO |    ↳ Status 403
2026-09-04 00:24:33,352 | WARNING |    ⚠ Blocked (403) retry 2
2026-09-04 00:24:33,449 | INFO | 🌐 Session warmed
2026-09-04 00:24:33,955 | INFO | [351/1901] Fetching Cherpulassery (CHER)
2026-09-04 00:24:34,752 | INFO |    ↳ Status 403
2026-09-04 00:24:34,752 | WARNING |    ⚠ Blocked (403) retry 1
2026-09-04 00:24:34,857 | INFO | 🌐 Session warmed
2026-09-04 00:24:35,162 | INFO | [352/1901] Fetching Cherrapunji (CHPU)
2026-09-04 00:24:36,246 | INFO |    ↳ Status 403
2026-09-04 00:24:36,246 | WARNING |    ⚠ Blocked (403) retry 1
2026-09-04 00:24:36,338 | INFO | 🌐 Session warmed
2026-09-04 00:24:36,542 | INFO |    ↳ Status 403
2026-09-04 00:24:36,542 | WARNING |    ⚠ Blocked (403) retry 3
2026-09-04 00:24:36,578 | INFO |    ↳ Status 403
2026-09-04 00:24:36,578 | WARNING |    ⚠ Blocked (403) retry 2
2026-09-04 00:24:36,655 | INFO | 🌐 Session warmed
2026-09-04 00:24:36,686 | INFO | 🌐 Session warmed
2026-09-04 00:24:36,867 | INFO | [353/1901] Fetching Cherthala (CRTL)
2026-09-04 00:24:37,619 | INFO |    ↳ Status 403
2026-09-04 00:24:37,619 | WARNING |    ⚠ Blocked (403) retry 1
2026-09-04 00:24:37,718 | INFO | 🌐 Session warmed
2026-09-04 00:24:38,364 | INFO |    ↳ Status 403
2026-09-04 00:24:38,364 | WARNING |    ⚠ Blocked (403) retry 2
2026-09-04 00:24:38,469 | INFO | 🌐 Session warmed
2026-09-04 00:24:39,486 | INFO |    ↳ Status 403
2026-09-04 00:24:39,486 | WARNING |    ⚠ Blocked (403) retry 3
2026-09-04 00:24:39,508 | INFO |    ↳ Status 403
2026-09-04 00:24:39,509 | WARNING |    ⚠ Blocked (403) retry 2
2026-09-04 00:24:39,590 | INFO | 🌐 Session warmed
2026-09-04 00:24:39,614 | INFO | 🌐 Session warmed
2026-09-04 00:24:40,656 | INFO | [354/1901] Fetching Chetpet (PPPT)
2026-09-04 00:24:41,665 | INFO |    ↳ Status 403
2026-09-04 00:24:41,666 | WARNING |    ⚠ Blocked (403) retry 3
2026-09-04 00:24:41,788 | INFO | 🌐 Session warmed
2026-09-04 00:24:41,955 | INFO |    ↳ Status 403
2026-09-04 00:24:41,955 | WARNING |    ⚠ Blocked (403) retry 1
2026-09-04 00:24:42,803 | INFO |    ↳ Status 403
2026-09-04 00:24:42,803 | WARNING |    ⚠ Blocked (403) retry 3
2026-09-04 00:24:42,914 | INFO | 🌐 Session warmed
2026-09-04 00:24:43,590 | INFO | [355/1901] Fetching Chevella (CHEV)
2026-09-04 00:24:44,487 | INFO |    ↳ Status 403
2026-09-04 00:24:44,488 | WARNING |    ⚠ Blocked (403) retry 1
2026-09-04 00:24:44,601 | INFO | 🌐 Session warmed
2026-09-04 00:24:45,789 | INFO | [356/1901] Fetching Cheyyar (CHEY)
2026-09-04 00:24:46,732 | INFO |    ↳ Status 403
2026-09-04 00:24:46,732 | WARNING |    ⚠ Blocked (403) retry 1
2026-09-04 00:24:46,758 | INFO |    ↳ Status 403
2026-09-04 00:24:46,758 | WARNING |    ⚠ Blocked (403) retry 2
2026-09-04 00:24:46,849 | INFO | 🌐 Session warmed
2026-09-04 00:24:46,860 | INFO | 🌐 Session warmed
2026-09-04 00:24:46,914 | INFO | [357/1901] Fetching Cheyyur (CHYR)
2026-09-04 00:24:47,623 | INFO |    ↳ Status 403
2026-09-04 00:24:47,623 | WARNING |    ⚠ Blocked (403) retry 1
2026-09-04 00:24:47,722 | INFO | 🌐 Session warmed
2026-09-04 00:24:48,648 | INFO |    ↳ Status 403
2026-09-04 00:24:48,648 | WARNING |    ⚠ Blocked (403) retry 2
2026-09-04 00:24:48,758 | INFO | 🌐 Session warmed
2026-09-04 00:24:50,044 | INFO |    ↳ Status 403
2026-09-04 00:24:50,044 | WARNING |    ⚠ Blocked (403) retry 3
2026-09-04 00:24:50,110 | INFO |    ↳ Status 403
2026-09-04 00:24:50,110 | WARNING |    ⚠ Blocked (403) retry 2
2026-09-04 00:24:50,160 | INFO | 🌐 Session warmed
2026-09-04 00:24:50,234 | INFO | 🌐 Session warmed
2026-09-04 00:24:51,515 | INFO |    ↳ Status 403
2026-09-04 00:24:51,515 | WARNING |    ⚠ Blocked (403) retry 3
2026-09-04 00:24:51,631 | INFO | 🌐 Session warmed
2026-09-04 00:24:52,018 | WARNING | Warmup failed: HTTPSConnectionPool(host='in.bookmyshow.com', port=443): Read timed out. (read timeout=10)
2026-09-04 00:24:53,330 | INFO |    ↳ Status 403
2026-09-04 00:24:53,330 | WARNING |    ⚠ Blocked (403) retry 3
2026-09-04 00:24:53,428 | INFO | 🌐 Session warmed
2026-09-04 00:24:54,160 | INFO | [358/1901] Fetching Chhabra (CHHB)
2026-09-04 00:24:54,218 | INFO |    ↳ Status 403
2026-09-04 00:24:54,218 | WARNING |    ⚠ Blocked (403) retry 2
2026-09-04 00:24:54,326 | INFO | 🌐 Session warmed
2026-09-04 00:24:55,574 | INFO |    ↳ Status 403
2026-09-04 00:24:55,575 | WARNING |    ⚠ Blocked (403) retry 1
2026-09-04 00:24:55,631 | INFO | [359/1901] Fetching Chhatarpur (CHHT)
2026-09-04 00:24:55,685 | INFO | 🌐 Session warmed
2026-09-04 00:24:56,549 | INFO |    ↳ Status 403
2026-09-04 00:24:56,549 | WARNING |    ⚠ Blocked (403) retry 1
2026-09-04 00:24:56,666 | INFO | 🌐 Session warmed
2026-09-04 00:24:57,396 | INFO |    ↳ Status 403
2026-09-04 00:24:57,396 | WARNING |    ⚠ Blocked (403) retry 3
2026-09-04 00:24:57,428 | INFO | [360/1901] Fetching Chhatrapati Sambhajinagar (Aurangabad) (AURA)
2026-09-04 00:24:57,516 | INFO | 🌐 Session warmed
2026-09-04 00:24:57,817 | INFO |    ↳ Status 403
2026-09-04 00:24:57,817 | WARNING |    ⚠ Blocked (403) retry 2
2026-09-04 00:24:57,924 | INFO | 🌐 Session warmed
2026-09-04 00:24:58,328 | INFO |    ↳ Status 403
2026-09-04 00:24:58,328 | WARNING |    ⚠ Blocked (403) retry 2
2026-09-04 00:24:58,355 | INFO |    ↳ Status 403
2026-09-04 00:24:58,356 | WARNING |    ⚠ Blocked (403) retry 1
2026-09-04 00:24:58,426 | INFO | 🌐 Session warmed
2026-09-04 00:24:58,457 | INFO | 🌐 Session warmed
2026-09-04 00:25:00,133 | INFO |    ↳ Status 403
2026-09-04 00:25:00,133 | WARNING |    ⚠ Blocked (403) retry 2
2026-09-04 00:25:00,233 | INFO | 🌐 Session warmed
2026-09-04 00:25:01,050 | INFO |    ↳ Status 403
2026-09-04 00:25:01,050 | WARNING |    ⚠ Blocked (403) retry 3
2026-09-04 00:25:01,154 | INFO | 🌐 Session warmed
2026-09-04 00:25:01,188 | INFO |    ↳ Status 403
2026-09-04 00:25:01,188 | WARNING |    ⚠ Blocked (403) retry 3
2026-09-04 00:25:01,284 | INFO | 🌐 Session warmed
2026-09-04 00:25:01,517 | INFO | [361/1901] Fetching Chhibramau (CHHI)
2026-09-04 00:25:02,210 | INFO |    ↳ Status 403
2026-09-04 00:25:02,210 | WARNING |    ⚠ Blocked (403) retry 1
2026-09-04 00:25:02,295 | INFO | 🌐 Session warmed
2026-09-04 00:25:03,607 | INFO |    ↳ Status 403
2026-09-04 00:25:03,607 | WARNING |    ⚠ Blocked (403) retry 3
2026-09-04 00:25:03,697 | INFO | 🌐 Session warmed
2026-09-04 00:25:04,634 | INFO |    ↳ Status 403
2026-09-04 00:25:04,634 | WARNING |    ⚠ Blocked (403) retry 2
2026-09-04 00:25:04,725 | INFO | 🌐 Session warmed
2026-09-04 00:25:05,154 | INFO | [362/1901] Fetching Chhindwara (CHIN)
2026-09-04 00:25:05,284 | INFO | [363/1901] Fetching Chickmagaluru (CHKA)
2026-09-04 00:25:06,019 | INFO |    ↳ Status 403
2026-09-04 00:25:06,020 | WARNING |    ⚠ Blocked (403) retry 1
2026-09-04 00:25:06,142 | INFO | 🌐 Session warmed
2026-09-04 00:25:06,156 | INFO |    ↳ Status 403
2026-09-04 00:25:06,156 | WARNING |    ⚠ Blocked (403) retry 1
2026-09-04 00:25:06,265 | INFO | 🌐 Session warmed
2026-09-04 00:25:07,452 | INFO |    ↳ Status 403
2026-09-04 00:25:07,452 | WARNING |    ⚠ Blocked (403) retry 3
2026-09-04 00:25:07,562 | INFO | 🌐 Session warmed
2026-09-04 00:25:07,698 | INFO | [364/1901] Fetching Chidambaram (CHID)
2026-09-04 00:25:08,084 | INFO |    ↳ Status 403
2026-09-04 00:25:08,084 | WARNING |    ⚠ Blocked (403) retry 2
2026-09-04 00:25:08,166 | INFO |    ↳ Status 403
2026-09-04 00:25:08,166 | WARNING |    ⚠ Blocked (403) retry 2
2026-09-04 00:25:08,197 | INFO | 🌐 Session warmed
2026-09-04 00:25:08,262 | INFO | 🌐 Session warmed
2026-09-04 00:25:08,824 | INFO |    ↳ Status 403
2026-09-04 00:25:08,824 | WARNING |    ⚠ Blocked (403) retry 1
2026-09-04 00:25:08,916 | INFO | 🌐 Session warmed
2026-09-04 00:25:11,074 | INFO |    ↳ Status 403
2026-09-04 00:25:11,074 | WARNING |    ⚠ Blocked (403) retry 2
2026-09-04 00:25:11,150 | INFO |    ↳ Status 403
2026-09-04 00:25:11,150 | WARNING |    ⚠ Blocked (403) retry 3
2026-09-04 00:25:11,187 | INFO | 🌐 Session warmed
2026-09-04 00:25:11,255 | INFO | 🌐 Session warmed
2026-09-04 00:25:11,563 | INFO | [365/1901] Fetching Chikhli (CHIH)
2026-09-04 00:25:11,653 | INFO |    ↳ Status 403
2026-09-04 00:25:11,654 | WARNING |    ⚠ Blocked (403) retry 3
2026-09-04 00:25:11,746 | INFO | 🌐 Session warmed
2026-09-04 00:25:12,983 | INFO |    ↳ Status 403
2026-09-04 00:25:12,983 | WARNING |    ⚠ Blocked (403) retry 1
2026-09-04 00:25:13,117 | INFO | 🌐 Session warmed
2026-09-04 00:25:13,861 | INFO |    ↳ Status 403
2026-09-04 00:25:13,862 | WARNING |    ⚠ Blocked (403) retry 3
2026-09-04 00:25:13,940 | INFO | 🌐 Session warmed
2026-09-04 00:25:14,993 | INFO |    ↳ Status 403
2026-09-04 00:25:14,994 | WARNING |    ⚠ Blocked (403) retry 2
2026-09-04 00:25:15,104 | INFO | 🌐 Session warmed
2026-09-04 00:25:15,256 | INFO | [366/1901] Fetching Chikkaballapur (CHIK)
2026-09-04 00:25:15,746 | INFO | [367/1901] Fetching Chikmagalur (CHUR)
2026-09-04 00:25:15,939 | INFO |    ↳ Status 403
2026-09-04 00:25:15,940 | WARNING |    ⚠ Blocked (403) retry 1
2026-09-04 00:25:16,032 | INFO | 🌐 Session warmed
2026-09-04 00:25:16,375 | INFO |    ↳ Status 403
2026-09-04 00:25:16,375 | WARNING |    ⚠ Blocked (403) retry 1
2026-09-04 00:25:16,499 | INFO | 🌐 Session warmed
2026-09-04 00:25:17,941 | INFO | [368/1901] Fetching Chikodi (CHOK)
2026-09-04 00:25:17,947 | INFO |    ↳ Status 403
2026-09-04 00:25:17,947 | WARNING |    ⚠ Blocked (403) retry 3
2026-09-04 00:25:18,026 | INFO |    ↳ Status 403
2026-09-04 00:25:18,026 | WARNING |    ⚠ Blocked (403) retry 2
2026-09-04 00:25:18,056 | INFO | 🌐 Session warmed
2026-09-04 00:25:18,143 | INFO | 🌐 Session warmed
2026-09-04 00:25:18,272 | INFO |    ↳ Status 403
2026-09-04 00:25:18,272 | WARNING |    ⚠ Blocked (403) retry 2
2026-09-04 00:25:18,370 | INFO | 🌐 Session warmed
2026-09-04 00:25:18,957 | INFO |    ↳ Status 403
2026-09-04 00:25:18,957 | WARNING |    ⚠ Blocked (403) retry 1
2026-09-04 00:25:19,065 | INFO | 🌐 Session warmed
2026-09-04 00:25:21,022 | INFO |    ↳ Status 403
2026-09-04 00:25:21,022 | WARNING |    ⚠ Blocked (403) retry 3
2026-09-04 00:25:21,121 | INFO | 🌐 Session warmed
2026-09-04 00:25:21,152 | INFO |    ↳ Status 403
2026-09-04 00:25:21,152 | WARNING |    ⚠ Blocked (403) retry 2
2026-09-04 00:25:21,256 | INFO | 🌐 Session warmed
2026-09-04 00:25:21,667 | INFO |    ↳ Status 403
2026-09-04 00:25:21,667 | WARNING |    ⚠ Blocked (403) retry 3
2026-09-04 00:25:21,773 | INFO | 🌐 Session warmed
2026-09-04 00:25:22,056 | INFO | [369/1901] Fetching Chilakaluripet (CHIL)
2026-09-04 00:25:23,357 | INFO |    ↳ Status 403
2026-09-04 00:25:23,357 | WARNING |    ⚠ Blocked (403) retry 1
2026-09-04 00:25:23,479 | INFO | 🌐 Session warmed
2026-09-04 00:25:24,375 | INFO |    ↳ Status 403
2026-09-04 00:25:24,375 | WARNING |    ⚠ Blocked (403) retry 3
2026-09-04 00:25:24,469 | INFO | 🌐 Session warmed
2026-09-04 00:25:25,122 | INFO | [370/1901] Fetching Chinnalapatti (CNPT)
2026-09-04 00:25:25,220 | INFO |    ↳ Status 403
2026-09-04 00:25:25,220 | WARNING |    ⚠ Blocked (403) retry 2
2026-09-04 00:25:25,321 | INFO | 🌐 Session warmed
2026-09-04 00:25:25,773 | INFO | [371/1901] Fetching Chinnamandem (CHNA)
2026-09-04 00:25:26,433 | INFO |    ↳ Status 403
2026-09-04 00:25:26,433 | WARNING |    ⚠ Blocked (403) retry 1
2026-09-04 00:25:26,552 | INFO |    ↳ Status 403
2026-09-04 00:25:26,552 | WARNING |    ⚠ Blocked (403) retry 1
2026-09-04 00:25:26,564 | INFO | 🌐 Session warmed
2026-09-04 00:25:26,644 | INFO | 🌐 Session warmed
2026-09-04 00:25:28,270 | INFO |    ↳ Status 403
2026-09-04 00:25:28,270 | WARNING |    ⚠ Blocked (403) retry 3
2026-09-04 00:25:28,393 | INFO | 🌐 Session warmed
2026-09-04 00:25:28,470 | INFO | [372/1901] Fetching Chinnamanur (CHAR)
2026-09-04 00:25:28,560 | INFO |    ↳ Status 403
2026-09-04 00:25:28,560 | WARNING |    ⚠ Blocked (403) retry 2
2026-09-04 00:25:28,647 | INFO | 🌐 Session warmed
2026-09-04 00:25:28,676 | INFO |    ↳ Status 403
2026-09-04 00:25:28,676 | WARNING |    ⚠ Blocked (403) retry 2
2026-09-04 00:25:28,778 | INFO | 🌐 Session warmed
2026-09-04 00:25:29,552 | INFO |    ↳ Status 403
2026-09-04 00:25:29,552 | WARNING |    ⚠ Blocked (403) retry 1
2026-09-04 00:25:29,644 | INFO | 🌐 Session warmed
2026-09-04 00:25:31,320 | INFO |    ↳ Status 403
2026-09-04 00:25:31,321 | WARNING |    ⚠ Blocked (403) retry 3
2026-09-04 00:25:31,405 | INFO | 🌐 Session warmed
2026-09-04 00:25:31,852 | INFO |    ↳ Status 403
2026-09-04 00:25:31,853 | WARNING |    ⚠ Blocked (403) retry 3
2026-09-04 00:25:31,965 | INFO | 🌐 Session warmed
2026-09-04 00:25:32,039 | INFO |    ↳ Status 403
2026-09-04 00:25:32,040 | WARNING |    ⚠ Blocked (403) retry 2
2026-09-04 00:25:32,131 | INFO | 🌐 Session warmed
2026-09-04 00:25:32,393 | INFO | [373/1901] Fetching Chinsurah (CHSA)
2026-09-04 00:25:33,245 | INFO |    ↳ Status 403
2026-09-04 00:25:33,245 | WARNING |    ⚠ Blocked (403) retry 1
2026-09-04 00:25:33,341 | INFO | 🌐 Session warmed
2026-09-04 00:25:34,972 | INFO |    ↳ Status 403
2026-09-04 00:25:34,972 | WARNING |    ⚠ Blocked (403) retry 3
2026-09-04 00:25:35,074 | INFO | 🌐 Session warmed
2026-09-04 00:25:35,405 | INFO | [374/1901] Fetching Chintalapudi (CHPD)
2026-09-04 00:25:35,447 | INFO |    ↳ Status 403
2026-09-04 00:25:35,447 | WARNING |    ⚠ Blocked (403) retry 2
2026-09-04 00:25:35,551 | INFO | 🌐 Session warmed
2026-09-04 00:25:35,965 | INFO | [375/1901] Fetching Chintamani (CHTI)
2026-09-04 00:25:36,674 | INFO |    ↳ Status 403
2026-09-04 00:25:36,674 | WARNING |    ⚠ Blocked (403) retry 1
2026-09-04 00:25:36,795 | INFO | 🌐 Session warmed
2026-09-04 00:25:37,381 | INFO |    ↳ Status 403
2026-09-04 00:25:37,381 | WARNING |    ⚠ Blocked (403) retry 1
2026-09-04 00:25:37,487 | INFO | 🌐 Session warmed
2026-09-04 00:25:38,281 | INFO |    ↳ Status 403
2026-09-04 00:25:38,281 | WARNING |    ⚠ Blocked (403) retry 3
2026-09-04 00:25:38,372 | INFO | 🌐 Session warmed
2026-09-04 00:25:38,743 | INFO |    ↳ Status 403
2026-09-04 00:25:38,743 | WARNING |    ⚠ Blocked (403) retry 2
2026-09-04 00:25:38,834 | INFO | 🌐 Session warmed
2026-09-04 00:25:39,074 | INFO | [376/1901] Fetching Chinturu (CHTN)
2026-09-04 00:25:39,115 | INFO |    ↳ Status 403
2026-09-04 00:25:39,115 | WARNING |    ⚠ Blocked (403) retry 2
2026-09-04 00:25:39,227 | INFO | 🌐 Session warmed
2026-09-04 00:25:40,060 | INFO |    ↳ Status 403
2026-09-04 00:25:40,060 | WARNING |    ⚠ Blocked (403) retry 1
2026-09-04 00:25:40,161 | INFO | 🌐 Session warmed
2026-09-04 00:25:41,538 | INFO |    ↳ Status 403
2026-09-04 00:25:41,538 | WARNING |    ⚠ Blocked (403) retry 3
2026-09-04 00:25:41,634 | INFO | 🌐 Session warmed
2026-09-04 00:25:41,894 | INFO |    ↳ Status 403
2026-09-04 00:25:41,894 | WARNING |    ⚠ Blocked (403) retry 3
2026-09-04 00:25:41,908 | INFO |    ↳ Status 403
2026-09-04 00:25:41,908 | WARNING |    ⚠ Blocked (403) retry 2
2026-09-04 00:25:41,997 | INFO | 🌐 Session warmed
2026-09-04 00:25:42,024 | INFO | 🌐 Session warmed
2026-09-04 00:25:42,373 | INFO | [377/1901] Fetching Chiplun (CHPL)
2026-09-04 00:25:43,009 | INFO |    ↳ Status 403
2026-09-04 00:25:43,009 | WARNING |    ⚠ Blocked (403) retry 1
2026-09-04 00:25:43,103 | INFO | 🌐 Session warmed
2026-09-04 00:25:44,809 | INFO |    ↳ Status 403
2026-09-04 00:25:44,809 | WARNING |    ⚠ Blocked (403) retry 2
2026-09-04 00:25:44,907 | INFO | 🌐 Session warmed
2026-09-04 00:25:45,270 | INFO |    ↳ Status 403
2026-09-04 00:25:45,270 | WARNING |    ⚠ Blocked (403) retry 3
2026-09-04 00:25:45,359 | INFO | 🌐 Session warmed
2026-09-04 00:25:45,634 | INFO | [378/1901] Fetching Chiraiyakot (CHYO)
2026-09-04 00:25:45,997 | INFO | [379/1901] Fetching Chirala (CHIR)
2026-09-04 00:25:46,834 | INFO |    ↳ Status 403
2026-09-04 00:25:46,835 | WARNING |    ⚠ Blocked (403) retry 1
2026-09-04 00:25:46,942 | INFO | 🌐 Session warmed
2026-09-04 00:25:46,982 | INFO |    ↳ Status 403
2026-09-04 00:25:46,982 | WARNING |    ⚠ Blocked (403) retry 1
2026-09-04 00:25:47,079 | INFO | 🌐 Session warmed
2026-09-04 00:25:47,727 | INFO |    ↳ Status 403
2026-09-04 00:25:47,727 | WARNING |    ⚠ Blocked (403) retry 3
2026-09-04 00:25:47,820 | INFO | 🌐 Session warmed
2026-09-04 00:25:49,275 | INFO |    ↳ Status 403
2026-09-04 00:25:49,275 | WARNING |    ⚠ Blocked (403) retry 2
2026-09-04 00:25:49,360 | INFO | [380/1901] Fetching Chirawa (CWRJ)
2026-09-04 00:25:49,371 | INFO | 🌐 Session warmed
2026-09-04 00:25:49,490 | INFO |    ↳ Status 403
2026-09-04 00:25:49,490 | WARNING |    ⚠ Blocked (403) retry 2
2026-09-04 00:25:49,589 | INFO | 🌐 Session warmed
2026-09-04 00:25:50,434 | INFO |    ↳ Status 403
2026-09-04 00:25:50,434 | WARNING |    ⚠ Blocked (403) retry 1
2026-09-04 00:25:50,545 | INFO | 🌐 Session warmed
2026-09-04 00:25:51,820 | INFO | [381/1901] Fetching Chitradurga (CHIT)
2026-09-04 00:25:51,993 | INFO |    ↳ Status 403
2026-09-04 00:25:51,993 | WARNING |    ⚠ Blocked (403) retry 3
2026-09-04 00:25:52,152 | INFO | 🌐 Session warmed
2026-09-04 00:25:52,602 | INFO |    ↳ Status 403
2026-09-04 00:25:52,602 | WARNING |    ⚠ Blocked (403) retry 3
2026-09-04 00:25:52,750 | INFO | 🌐 Session warmed
2026-09-04 00:25:52,921 | INFO |    ↳ Status 403
2026-09-04 00:25:52,921 | WARNING |    ⚠ Blocked (403) retry 2
2026-09-04 00:25:53,033 | INFO | 🌐 Session warmed
2026-09-04 00:25:53,223 | INFO |    ↳ Status 403
2026-09-04 00:25:53,223 | WARNING |    ⚠ Blocked (403) retry 1
2026-09-04 00:25:53,331 | INFO | 🌐 Session warmed
2026-09-04 00:25:55,907 | INFO |    ↳ Status 403
2026-09-04 00:25:55,907 | WARNING |    ⚠ Blocked (403) retry 3
2026-09-04 00:25:55,990 | INFO | 🌐 Session warmed
2026-09-04 00:25:56,128 | INFO |    ↳ Status 200
2026-09-04 00:25:56,129 | INFO |    ✓ Found 4 movies
2026-09-04 00:25:56,129 | INFO | [382/1901] Fetching Chittoor (CHTT)
2026-09-04 00:25:56,152 | INFO | [383/1901] Fetching Chittorgarh (COTT)
2026-09-04 00:25:56,751 | INFO | [384/1901] Fetching Chodavaram (CDVM)
2026-09-04 00:25:56,980 | INFO |    ↳ Status 403
2026-09-04 00:25:56,980 | WARNING |    ⚠ Blocked (403) retry 1
2026-09-04 00:25:57,068 | INFO | 🌐 Session warmed
2026-09-04 00:25:57,536 | INFO |    ↳ Status 403
2026-09-04 00:25:57,536 | WARNING |    ⚠ Blocked (403) retry 1
2026-09-04 00:25:57,627 | INFO | 🌐 Session warmed
2026-09-04 00:25:58,050 | INFO |    ↳ Status 403
2026-09-04 00:25:58,051 | WARNING |    ⚠ Blocked (403) retry 1
2026-09-04 00:25:58,156 | INFO | 🌐 Session warmed
2026-09-04 00:25:58,883 | INFO |    ↳ Status 403
2026-09-04 00:25:58,883 | WARNING |    ⚠ Blocked (403) retry 2
2026-09-04 00:25:58,988 | INFO | 🌐 Session warmed
2026-09-04 00:25:59,481 | INFO |    ↳ Status 403
2026-09-04 00:25:59,481 | WARNING |    ⚠ Blocked (403) retry 2
2026-09-04 00:25:59,593 | INFO | 🌐 Session warmed
2026-09-04 00:25:59,990 | INFO | [385/1901] Fetching Chon Buri (CHBR)
2026-09-04 00:26:00,218 | INFO |    ↳ Status 403
2026-09-04 00:26:00,218 | WARNING |    ⚠ Blocked (403) retry 2
2026-09-04 00:26:00,339 | INFO | 🌐 Session warmed
2026-09-04 00:26:01,115 | INFO |    ↳ Status 403
2026-09-04 00:26:01,115 | WARNING |    ⚠ Blocked (403) retry 1
2026-09-04 00:26:01,233 | INFO | 🌐 Session warmed
2026-09-04 00:26:01,904 | INFO |    ↳ Status 403
2026-09-04 00:26:01,904 | WARNING |    ⚠ Blocked (403) retry 3
2026-09-04 00:26:01,993 | INFO | 🌐 Session warmed
2026-09-04 00:26:02,642 | INFO |    ↳ Status 403
2026-09-04 00:26:02,642 | WARNING |    ⚠ Blocked (403) retry 3
2026-09-04 00:26:02,748 | INFO | 🌐 Session warmed
2026-09-04 00:26:02,940 | INFO |    ↳ Status 403
2026-09-04 00:26:02,940 | WARNING |    ⚠ Blocked (403) retry 2
2026-09-04 00:26:03,039 | INFO | 🌐 Session warmed
2026-09-04 00:26:03,122 | INFO |    ↳ Status 403
2026-09-04 00:26:03,122 | WARNING |    ⚠ Blocked (403) retry 3
2026-09-04 00:26:03,217 | INFO | 🌐 Session warmed
2026-09-04 00:26:05,993 | INFO | [386/1901] Fetching Chotila (CHOT)
2026-09-04 00:26:06,167 | INFO |    ↳ Status 403
2026-09-04 00:26:06,167 | WARNING |    ⚠ Blocked (403) retry 3
2026-09-04 00:26:06,254 | INFO | 🌐 Session warmed
2026-09-04 00:26:06,659 | INFO |    ↳ Status 403
2026-09-04 00:26:06,659 | WARNING |    ⚠ Blocked (403) retry 1
2026-09-04 00:26:06,749 | INFO | [387/1901] Fetching Choutuppal (CHOU)
2026-09-04 00:26:06,781 | INFO | 🌐 Session warmed
2026-09-04 00:26:07,218 | INFO | [388/1901] Fetching Churachandpur (CHUC)
2026-09-04 00:26:07,681 | INFO |    ↳ Status 403
2026-09-04 00:26:07,681 | WARNING |    ⚠ Blocked (403) retry 1
2026-09-04 00:26:07,809 | INFO | 🌐 Session warmed
2026-09-04 00:26:07,960 | INFO |    ↳ Status 403
2026-09-04 00:26:07,960 | WARNING |    ⚠ Blocked (403) retry 1
2026-09-04 00:26:08,066 | INFO | 🌐 Session warmed
2026-09-04 00:26:08,464 | INFO |    ↳ Status 403
2026-09-04 00:26:08,464 | WARNING |    ⚠ Blocked (403) retry 2
2026-09-04 00:26:08,576 | INFO | 🌐 Session warmed
2026-09-04 00:26:09,504 | INFO |    ↳ Status 403
2026-09-04 00:26:09,504 | WARNING |    ⚠ Blocked (403) retry 2
2026-09-04 00:26:09,604 | INFO | 🌐 Session warmed
2026-09-04 00:26:10,035 | INFO |    ↳ Status 403
2026-09-04 00:26:10,035 | WARNING |    ⚠ Blocked (403) retry 2
2026-09-04 00:26:10,127 | INFO | 🌐 Session warmed
2026-09-04 00:26:10,255 | INFO | [389/1901] Fetching Churu (CHRU)
2026-09-04 00:26:11,207 | INFO |    ↳ Status 403
2026-09-04 00:26:11,208 | WARNING |    ⚠ Blocked (403) retry 3
2026-09-04 00:26:11,289 | INFO |    ↳ Status 403
2026-09-04 00:26:11,289 | WARNING |    ⚠ Blocked (403) retry 1
2026-09-04 00:26:11,306 | INFO | 🌐 Session warmed
2026-09-04 00:26:11,392 | INFO | 🌐 Session warmed
2026-09-04 00:26:12,640 | INFO |    ↳ Status 403
2026-09-04 00:26:12,640 | WARNING |    ⚠ Blocked (403) retry 3
2026-09-04 00:26:12,730 | INFO | 🌐 Session warmed
2026-09-04 00:26:12,884 | INFO |    ↳ Status 403
2026-09-04 00:26:12,884 | WARNING |    ⚠ Blocked (403) retry 3
2026-09-04 00:26:13,014 | INFO | 🌐 Session warmed
2026-09-04 00:26:13,665 | INFO |    ↳ Status 403
2026-09-04 00:26:13,665 | WARNING |    ⚠ Blocked (403) retry 2
2026-09-04 00:26:13,782 | INFO | 🌐 Session warmed
2026-09-04 00:26:15,306 | INFO | [390/1901] Fetching Coimbatore (COIM)
2026-09-04 00:26:16,228 | INFO |    ↳ Status 403
2026-09-04 00:26:16,228 | WARNING |    ⚠ Blocked (403) retry 1
2026-09-04 00:26:16,731 | INFO | [391/1901] Fetching Colombo (COLO)
2026-09-04 00:26:17,014 | INFO | [392/1901] Fetching Cooch Behar (COBE)
2026-09-04 00:26:17,087 | INFO |    ↳ Status 403
2026-09-04 00:26:17,087 | WARNING |    ⚠ Blocked (403) retry 3
2026-09-04 00:26:17,182 | INFO | 🌐 Session warmed
2026-09-04 00:26:17,682 | INFO |    ↳ Status 403
2026-09-04 00:26:17,683 | WARNING |    ⚠ Blocked (403) retry 1
2026-09-04 00:26:17,788 | INFO | 🌐 Session warmed
2026-09-04 00:26:18,330 | INFO |    ↳ Status 403
2026-09-04 00:26:18,331 | WARNING |    ⚠ Blocked (403) retry 1
2026-09-04 00:26:18,382 | INFO | 🌐 Session warmed
2026-09-04 00:26:18,432 | INFO | 🌐 Session warmed
2026-09-04 00:26:20,032 | INFO |    ↳ Status 403
2026-09-04 00:26:20,032 | WARNING |    ⚠ Blocked (403) retry 2
2026-09-04 00:26:20,140 | INFO | 🌐 Session warmed
2026-09-04 00:26:20,366 | INFO |    ↳ Status 403
2026-09-04 00:26:20,366 | WARNING |    ⚠ Blocked (403) retry 2
2026-09-04 00:26:20,395 | INFO |    ↳ Status 403
2026-09-04 00:26:20,395 | WARNING |    ⚠ Blocked (403) retry 2
2026-09-04 00:26:20,488 | INFO | 🌐 Session warmed
2026-09-04 00:26:20,505 | INFO | 🌐 Session warmed
2026-09-04 00:26:21,182 | INFO | [393/1901] Fetching Coonoor (CUNR)
2026-09-04 00:26:22,496 | INFO |    ↳ Status 403
2026-09-04 00:26:22,496 | WARNING |    ⚠ Blocked (403) retry 1
2026-09-04 00:26:22,601 | INFO | 🌐 Session warmed
2026-09-04 00:26:22,888 | INFO |    ↳ Status 403
2026-09-04 00:26:22,888 | WARNING |    ⚠ Blocked (403) retry 3
2026-09-04 00:26:22,979 | INFO | 🌐 Session warmed
2026-09-04 00:26:23,569 | INFO |    ↳ Status 403
2026-09-04 00:26:23,569 | WARNING |    ⚠ Blocked (403) retry 3
2026-09-04 00:26:23,661 | INFO | 🌐 Session warmed
2026-09-04 00:26:23,693 | INFO |    ↳ Status 403
2026-09-04 00:26:23,693 | WARNING |    ⚠ Blocked (403) retry 3
2026-09-04 00:26:23,797 | INFO | 🌐 Session warmed
2026-09-04 00:26:24,877 | INFO |    ↳ Status 403
2026-09-04 00:26:24,877 | WARNING |    ⚠ Blocked (403) retry 2
2026-09-04 00:26:24,979 | INFO | 🌐 Session warmed
2026-09-04 00:26:26,980 | INFO | [394/1901] Fetching Cuddalore (CUDD)
2026-09-04 00:26:27,661 | INFO | [395/1901] Fetching Cumbum (CMBM)
2026-09-04 00:26:27,684 | INFO |    ↳ Status 403
2026-09-04 00:26:27,684 | WARNING |    ⚠ Blocked (403) retry 3
2026-09-04 00:26:27,798 | INFO | [396/1901] Fetching Cumbum (AP) (CUMB)
2026-09-04 00:26:27,810 | INFO | 🌐 Session warmed
2026-09-04 00:26:27,842 | INFO |    ↳ Status 403
2026-09-04 00:26:27,842 | WARNING |    ⚠ Blocked (403) retry 1
2026-09-04 00:26:27,954 | INFO | 🌐 Session warmed
2026-09-04 00:26:28,378 | INFO |    ↳ Status 403
2026-09-04 00:26:28,378 | WARNING |    ⚠ Blocked (403) retry 1
2026-09-04 00:26:28,476 | INFO | 🌐 Session warmed
2026-09-04 00:26:28,647 | INFO |    ↳ Status 403
2026-09-04 00:26:28,647 | WARNING |    ⚠ Blocked (403) retry 1
2026-09-04 00:26:28,769 | INFO | 🌐 Session warmed
2026-09-04 00:26:29,900 | INFO |    ↳ Status 403
2026-09-04 00:26:29,900 | WARNING |    ⚠ Blocked (403) retry 2
2026-09-04 00:26:29,993 | INFO | 🌐 Session warmed
2026-09-04 00:26:30,228 | INFO |    ↳ Status 403
2026-09-04 00:26:30,228 | WARNING |    ⚠ Blocked (403) retry 2
2026-09-04 00:26:30,332 | INFO | 🌐 Session warmed
2026-09-04 00:26:31,091 | INFO |    ↳ Status 403
2026-09-04 00:26:31,092 | WARNING |    ⚠ Blocked (403) retry 2
2026-09-04 00:26:31,214 | INFO | 🌐 Session warmed
2026-09-04 00:26:31,811 | INFO | [397/1901] Fetching Cuttack (CUTT)
2026-09-04 00:26:32,665 | INFO |    ↳ Status 403
2026-09-04 00:26:32,665 | WARNING |    ⚠ Blocked (403) retry 1
2026-09-04 00:26:32,781 | INFO | 🌐 Session warmed
2026-09-04 00:26:33,195 | INFO |    ↳ Status 403
2026-09-04 00:26:33,195 | WARNING |    ⚠ Blocked (403) retry 3
2026-09-04 00:26:33,265 | INFO |    ↳ Status 403
2026-09-04 00:26:33,265 | WARNING |    ⚠ Blocked (403) retry 3
2026-09-04 00:26:33,295 | INFO | 🌐 Session warmed
2026-09-04 00:26:33,376 | INFO | 🌐 Session warmed
2026-09-04 00:26:34,085 | INFO |    ↳ Status 403
2026-09-04 00:26:34,085 | WARNING |    ⚠ Blocked (403) retry 3
2026-09-04 00:26:34,175 | INFO | 🌐 Session warmed
2026-09-04 00:26:34,917 | INFO |    ↳ Status 403
2026-09-04 00:26:34,917 | WARNING |    ⚠ Blocked (403) retry 2
2026-09-04 00:26:34,995 | INFO | 🌐 Session warmed
2026-09-04 00:26:37,295 | INFO | [398/1901] Fetching Dabhara (DABH)
2026-09-04 00:26:37,377 | INFO | [399/1901] Fetching Dabra (DABR)
2026-09-04 00:26:38,176 | INFO | [400/1901] Fetching Dahanu (DHAU)
2026-09-04 00:26:38,284 | INFO |    ↳ Status 403
2026-09-04 00:26:38,285 | WARNING |    ⚠ Blocked (403) retry 1
2026-09-04 00:26:38,355 | INFO |    ↳ Status 403
2026-09-04 00:26:38,356 | WARNING |    ⚠ Blocked (403) retry 3
2026-09-04 00:26:38,383 | INFO | 🌐 Session warmed
2026-09-04 00:26:38,461 | INFO | 🌐 Session warmed
2026-09-04 00:26:38,569 | INFO |    ↳ Status 403
2026-09-04 00:26:38,570 | WARNING |    ⚠ Blocked (403) retry 1
2026-09-04 00:26:38,671 | INFO | 🌐 Session warmed
2026-09-04 00:26:39,004 | INFO |    ↳ Status 403
2026-09-04 00:26:39,004 | WARNING |    ⚠ Blocked (403) retry 1
2026-09-04 00:26:39,091 | INFO | 🌐 Session warmed
2026-09-04 00:26:40,500 | INFO |    ↳ Status 403
2026-09-04 00:26:40,500 | WARNING |    ⚠ Blocked (403) retry 2
2026-09-04 00:26:40,600 | INFO | 🌐 Session warmed
2026-09-04 00:26:40,808 | INFO |    ↳ Status 403
2026-09-04 00:26:40,808 | WARNING |    ⚠ Blocked (403) retry 2
2026-09-04 00:26:40,902 | INFO | 🌐 Session warmed
2026-09-04 00:26:40,976 | INFO |    ↳ Status 403
2026-09-04 00:26:40,976 | WARNING |    ⚠ Blocked (403) retry 2
2026-09-04 00:26:41,068 | INFO | 🌐 Session warmed
2026-09-04 00:26:42,461 | INFO | [401/1901] Fetching Dahegam (DHGM)
2026-09-04 00:26:43,737 | INFO |    ↳ Status 403
2026-09-04 00:26:43,738 | WARNING |    ⚠ Blocked (403) retry 1
2026-09-04 00:26:43,826 | INFO | 🌐 Session warmed
2026-09-04 00:26:43,882 | INFO |    ↳ Status 403
2026-09-04 00:26:43,883 | WARNING |    ⚠ Blocked (403) retry 3
2026-09-04 00:26:43,922 | INFO |    ↳ Status 403
2026-09-04 00:26:43,922 | WARNING |    ⚠ Blocked (403) retry 3
2026-09-04 00:26:44,014 | INFO | 🌐 Session warmed
2026-09-04 00:26:44,053 | INFO | 🌐 Session warmed
2026-09-04 00:26:44,190 | INFO |    ↳ Status 403
2026-09-04 00:26:44,190 | WARNING |    ⚠ Blocked (403) retry 3
2026-09-04 00:26:44,287 | INFO | 🌐 Session warmed
2026-09-04 00:26:45,687 | INFO |    ↳ Status 403
2026-09-04 00:26:45,687 | WARNING |    ⚠ Blocked (403) retry 2
2026-09-04 00:26:45,788 | INFO | 🌐 Session warmed
2026-09-04 00:26:48,014 | INFO | [402/1901] Fetching Dahod (DAHO)
2026-09-04 00:26:48,054 | INFO | [403/1901] Fetching Dakshin Barasat (DAKS)
2026-09-04 00:26:48,287 | INFO | [404/1901] Fetching Dalli Rajhara (DALL)
2026-09-04 00:26:48,875 | INFO |    ↳ Status 403
2026-09-04 00:26:48,875 | WARNING |    ⚠ Blocked (403) retry 3
2026-09-04 00:26:48,886 | INFO |    ↳ Status 403
2026-09-04 00:26:48,886 | WARNING |    ⚠ Blocked (403) retry 1
2026-09-04 00:26:48,979 | INFO | 🌐 Session warmed
2026-09-04 00:26:49,013 | INFO | 🌐 Session warmed
2026-09-04 00:26:49,208 | INFO |    ↳ Status 403
2026-09-04 00:26:49,208 | WARNING |    ⚠ Blocked (403) retry 1
2026-09-04 00:26:49,341 | INFO | 🌐 Session warmed
2026-09-04 00:26:49,406 | INFO |    ↳ Status 403
2026-09-04 00:26:49,407 | WARNING |    ⚠ Blocked (403) retry 1
2026-09-04 00:26:49,502 | INFO | 🌐 Session warmed
2026-09-04 00:26:50,988 | INFO |    ↳ Status 403
2026-09-04 00:26:50,989 | WARNING |    ⚠ Blocked (403) retry 2
2026-09-04 00:26:51,103 | INFO | 🌐 Session warmed
2026-09-04 00:26:51,300 | INFO |    ↳ Status 403
2026-09-04 00:26:51,301 | WARNING |    ⚠ Blocked (403) retry 2
2026-09-04 00:26:51,407 | INFO | 🌐 Session warmed
2026-09-04 00:26:51,505 | INFO |    ↳ Status 403
2026-09-04 00:26:51,505 | WARNING |    ⚠ Blocked (403) retry 2
2026-09-04 00:26:51,611 | INFO | 🌐 Session warmed
2026-09-04 00:26:53,013 | INFO | [405/1901] Fetching Dalmianagar (DAAL)
2026-09-04 00:26:53,878 | INFO |    ↳ Status 403
2026-09-04 00:26:53,879 | WARNING |    ⚠ Blocked (403) retry 3
2026-09-04 00:26:53,969 | INFO | 🌐 Session warmed
2026-09-04 00:26:54,260 | INFO |    ↳ Status 403
2026-09-04 00:26:54,261 | WARNING |    ⚠ Blocked (403) retry 3
2026-09-04 00:26:54,321 | INFO |    ↳ Status 403
2026-09-04 00:26:54,321 | WARNING |    ⚠ Blocked (403) retry 1
2026-09-04 00:26:54,378 | INFO | 🌐 Session warmed
2026-09-04 00:26:54,426 | INFO | 🌐 Session warmed
2026-09-04 00:26:54,608 | INFO |    ↳ Status 403
2026-09-04 00:26:54,609 | WARNING |    ⚠ Blocked (403) retry 3
2026-09-04 00:26:54,699 | INFO | 🌐 Session warmed
2026-09-04 00:26:56,277 | INFO |    ↳ Status 403
2026-09-04 00:26:56,277 | WARNING |    ⚠ Blocked (403) retry 2
2026-09-04 00:26:56,368 | INFO | 🌐 Session warmed
2026-09-04 00:26:57,969 | INFO | [406/1901] Fetching Daltonganj (DATG)
2026-09-04 00:26:58,378 | INFO | [407/1901] Fetching Daman (DAMA)
2026-09-04 00:26:58,699 | INFO | [408/1901] Fetching Damarcherla (DAMC)
2026-09-04 00:26:59,081 | INFO |    ↳ Status 403
2026-09-04 00:26:59,081 | WARNING |    ⚠ Blocked (403) retry 3
2026-09-04 00:26:59,163 | INFO | 🌐 Session warmed
2026-09-04 00:26:59,271 | INFO |    ↳ Status 403
2026-09-04 00:26:59,271 | WARNING |    ⚠ Blocked (403) retry 1
2026-09-04 00:26:59,377 | INFO | 🌐 Session warmed
2026-09-04 00:26:59,398 | INFO |    ↳ Status 403
2026-09-04 00:26:59,398 | WARNING |    ⚠ Blocked (403) retry 1
2026-09-04 00:26:59,498 | INFO | 🌐 Session warmed
2026-09-04 00:26:59,972 | INFO |    ↳ Status 403
2026-09-04 00:26:59,972 | WARNING |    ⚠ Blocked (403) retry 1
2026-09-04 00:27:00,062 | INFO | 🌐 Session warmed
2026-09-04 00:27:01,288 | INFO |    ↳ Status 403
2026-09-04 00:27:01,288 | WARNING |    ⚠ Blocked (403) retry 2
2026-09-04 00:27:01,372 | INFO | 🌐 Session warmed
2026-09-04 00:27:01,889 | INFO |    ↳ Status 403
2026-09-04 00:27:01,889 | WARNING |    ⚠ Blocked (403) retry 2
2026-09-04 00:27:01,997 | INFO | 🌐 Session warmed
2026-09-04 00:27:02,334 | INFO |    ↳ Status 403
2026-09-04 00:27:02,334 | WARNING |    ⚠ Blocked (403) retry 2
2026-09-04 00:27:02,426 | INFO | 🌐 Session warmed
2026-09-04 00:27:03,164 | INFO | [409/1901] Fetching Dammapeta (DMPT)
2026-09-04 00:27:03,889 | INFO |    ↳ Status 403
2026-09-04 00:27:03,889 | WARNING |    ⚠ Blocked (403) retry 1
2026-09-04 00:27:03,993 | INFO | 🌐 Session warmed
2026-09-04 00:27:04,024 | INFO |    ↳ Status 403
2026-09-04 00:27:04,024 | WARNING |    ⚠ Blocked (403) retry 3
2026-09-04 00:27:04,134 | INFO | 🌐 Session warmed
2026-09-04 00:27:04,639 | INFO |    ↳ Status 403
2026-09-04 00:27:04,639 | WARNING |    ⚠ Blocked (403) retry 3
2026-09-04 00:27:04,733 | INFO | 🌐 Session warmed
2026-09-04 00:27:05,663 | INFO |    ↳ Status 403
2026-09-04 00:27:05,663 | WARNING |    ⚠ Blocked (403) retry 3
2026-09-04 00:27:05,783 | INFO | 🌐 Session warmed
2026-09-04 00:27:06,041 | INFO |    ↳ Status 403
2026-09-04 00:27:06,041 | WARNING |    ⚠ Blocked (403) retry 2
2026-09-04 00:27:06,154 | INFO | 🌐 Session warmed
2026-09-04 00:27:08,135 | INFO | [410/1901] Fetching Damoh (DAMO)
2026-09-04 00:27:08,733 | INFO | [411/1901] Fetching Danapur (DANA)
2026-09-04 00:27:09,010 | INFO |    ↳ Status 403
2026-09-04 00:27:09,011 | WARNING |    ⚠ Blocked (403) retry 3
2026-09-04 00:27:09,136 | INFO | 🌐 Session warmed
2026-09-04 00:27:09,280 | INFO |    ↳ Status 403
2026-09-04 00:27:09,280 | WARNING |    ⚠ Blocked (403) retry 1
2026-09-04 00:27:09,432 | INFO | 🌐 Session warmed
2026-09-04 00:27:09,438 | INFO |    ↳ Status 403
2026-09-04 00:27:09,438 | WARNING |    ⚠ Blocked (403) retry 1
2026-09-04 00:27:09,534 | INFO | 🌐 Session warmed
2026-09-04 00:27:09,784 | INFO | [412/1901] Fetching Dandeli (DAND)
2026-09-04 00:27:10,624 | INFO |    ↳ Status 403
2026-09-04 00:27:10,624 | WARNING |    ⚠ Blocked (403) retry 1
2026-09-04 00:27:10,729 | INFO | 🌐 Session warmed
2026-09-04 00:27:11,211 | INFO |    ↳ Status 403
2026-09-04 00:27:11,211 | WARNING |    ⚠ Blocked (403) retry 2
2026-09-04 00:27:11,301 | INFO |    ↳ Status 403
2026-09-04 00:27:11,301 | WARNING |    ⚠ Blocked (403) retry 2
2026-09-04 00:27:11,319 | INFO | 🌐 Session warmed
2026-09-04 00:27:11,392 | INFO | 🌐 Session warmed
2026-09-04 00:27:12,658 | INFO |    ↳ Status 403
2026-09-04 00:27:12,659 | WARNING |    ⚠ Blocked (403) retry 2
2026-09-04 00:27:12,762 | INFO | 🌐 Session warmed
2026-09-04 00:27:13,136 | INFO | [413/1901] Fetching Dang (DANG)
2026-09-04 00:27:14,447 | INFO |    ↳ Status 403
2026-09-04 00:27:14,447 | WARNING |    ⚠ Blocked (403) retry 1
2026-09-04 00:27:14,552 | INFO | 🌐 Session warmed
2026-09-04 00:27:14,570 | INFO |    ↳ Status 403
2026-09-04 00:27:14,570 | WARNING |    ⚠ Blocked (403) retry 3
2026-09-04 00:27:14,612 | INFO |    ↳ Status 403
2026-09-04 00:27:14,612 | WARNING |    ⚠ Blocked (403) retry 3
2026-09-04 00:27:14,684 | INFO | 🌐 Session warmed
2026-09-04 00:27:14,718 | INFO | 🌐 Session warmed
2026-09-04 00:27:16,014 | INFO |    ↳ Status 403
2026-09-04 00:27:16,014 | WARNING |    ⚠ Blocked (403) retry 3
2026-09-04 00:27:16,108 | INFO | 🌐 Session warmed
2026-09-04 00:27:16,183 | INFO |    ↳ Status 403
2026-09-04 00:27:16,183 | WARNING |    ⚠ Blocked (403) retry 2
2026-09-04 00:27:16,286 | INFO | 🌐 Session warmed
2026-09-04 00:27:18,685 | INFO | [414/1901] Fetching Dankaur (DAUK)
2026-09-04 00:27:18,718 | INFO | [415/1901] Fetching Dantewada (DTWD)
2026-09-04 00:27:19,296 | INFO |    ↳ Status 403
2026-09-04 00:27:19,296 | WARNING |    ⚠ Blocked (403) retry 3
2026-09-04 00:27:19,390 | INFO | 🌐 Session warmed
2026-09-04 00:27:19,561 | INFO |    ↳ Status 403
2026-09-04 00:27:19,561 | WARNING |    ⚠ Blocked (403) retry 1
2026-09-04 00:27:19,618 | INFO |    ↳ Status 403
2026-09-04 00:27:19,618 | WARNING |    ⚠ Blocked (403) retry 1
2026-09-04 00:27:19,653 | INFO | 🌐 Session warmed
2026-09-04 00:27:19,716 | INFO | 🌐 Session warmed
2026-09-04 00:27:20,109 | INFO | [416/1901] Fetching Daporijo (DAPO)
2026-09-04 00:27:21,503 | INFO |    ↳ Status 403
2026-09-04 00:27:21,503 | WARNING |    ⚠ Blocked (403) retry 1
2026-09-04 00:27:21,529 | INFO |    ↳ Status 403
2026-09-04 00:27:21,530 | WARNING |    ⚠ Blocked (403) retry 2
2026-09-04 00:27:21,556 | INFO |    ↳ Status 403
2026-09-04 00:27:21,556 | WARNING |    ⚠ Blocked (403) retry 2
2026-09-04 00:27:21,598 | INFO | 🌐 Session warmed
2026-09-04 00:27:21,642 | INFO | 🌐 Session warmed
2026-09-04 00:27:21,651 | INFO | 🌐 Session warmed
2026-09-04 00:27:23,391 | INFO | [417/1901] Fetching Darbhanga (DARB)
2026-09-04 00:27:23,515 | INFO |    ↳ Status 403
2026-09-04 00:27:23,515 | WARNING |    ⚠ Blocked (403) retry 2
2026-09-04 00:27:23,609 | INFO | 🌐 Session warmed
2026-09-04 00:27:24,640 | INFO |    ↳ Status 403
2026-09-04 00:27:24,640 | WARNING |    ⚠ Blocked (403) retry 1
2026-09-04 00:27:24,690 | INFO |    ↳ Status 403
2026-09-04 00:27:24,690 | WARNING |    ⚠ Blocked (403) retry 3
2026-09-04 00:27:24,759 | INFO | 🌐 Session warmed
2026-09-04 00:27:24,811 | INFO | 🌐 Session warmed
2026-09-04 00:27:25,030 | INFO |    ↳ Status 403
2026-09-04 00:27:25,030 | WARNING |    ⚠ Blocked (403) retry 3
2026-09-04 00:27:25,142 | INFO | 🌐 Session warmed
2026-09-04 00:27:26,408 | INFO |    ↳ Status 403
2026-09-04 00:27:26,408 | WARNING |    ⚠ Blocked (403) retry 3
2026-09-04 00:27:26,509 | INFO | 🌐 Session warmed
2026-09-04 00:27:27,100 | INFO |    ↳ Status 403
2026-09-04 00:27:27,101 | WARNING |    ⚠ Blocked (403) retry 2
2026-09-04 00:27:27,205 | INFO | 🌐 Session warmed
2026-09-04 00:27:28,811 | INFO | [418/1901] Fetching Darjeeling (DARJ)
2026-09-04 00:27:29,142 | INFO | [419/1901] Fetching Darlapudi (DRLA)
2026-09-04 00:27:29,810 | INFO |    ↳ Status 403
2026-09-04 00:27:29,810 | WARNING |    ⚠ Blocked (403) retry 1
2026-09-04 00:27:29,905 | INFO | 🌐 Session warmed
2026-09-04 00:27:30,217 | INFO |    ↳ Status 403
2026-09-04 00:27:30,217 | WARNING |    ⚠ Blocked (403) retry 1
2026-09-04 00:27:30,343 | INFO | 🌐 Session warmed
2026-09-04 00:27:30,401 | INFO |    ↳ Status 403
2026-09-04 00:27:30,401 | WARNING |    ⚠ Blocked (403) retry 3
2026-09-04 00:27:30,509 | INFO | [420/1901] Fetching Darsi (DARS)
2026-09-04 00:27:30,513 | INFO | 🌐 Session warmed
2026-09-04 00:27:31,681 | INFO |    ↳ Status 403
2026-09-04 00:27:31,681 | WARNING |    ⚠ Blocked (403) retry 1
2026-09-04 00:27:31,806 | INFO | 🌐 Session warmed
2026-09-04 00:27:32,153 | INFO |    ↳ Status 403
2026-09-04 00:27:32,153 | WARNING |    ⚠ Blocked (403) retry 2
2026-09-04 00:27:32,269 | INFO |    ↳ Status 403
2026-09-04 00:27:32,269 | WARNING |    ⚠ Blocked (403) retry 2
2026-09-04 00:27:32,289 | INFO | 🌐 Session warmed
2026-09-04 00:27:32,370 | INFO | 🌐 Session warmed
2026-09-04 00:27:34,148 | INFO |    ↳ Status 403
2026-09-04 00:27:34,148 | WARNING |    ⚠ Blocked (403) retry 2
2026-09-04 00:27:34,235 | INFO | 🌐 Session warmed
2026-09-04 00:27:34,513 | INFO | [421/1901] Fetching Darwha (DARA)
2026-09-04 00:27:35,108 | INFO |    ↳ Status 403
2026-09-04 00:27:35,108 | WARNING |    ⚠ Blocked (403) retry 3
2026-09-04 00:27:35,202 | INFO | 🌐 Session warmed
2026-09-04 00:27:35,267 | INFO |    ↳ Status 403
2026-09-04 00:27:35,268 | WARNING |    ⚠ Blocked (403) retry 1
2026-09-04 00:27:35,381 | INFO | 🌐 Session warmed
2026-09-04 00:27:35,609 | INFO |    ↳ Status 403
2026-09-04 00:27:35,610 | WARNING |    ⚠ Blocked (403) retry 3
2026-09-04 00:27:35,709 | INFO | 🌐 Session warmed
2026-09-04 00:27:37,087 | INFO |    ↳ Status 403
2026-09-04 00:27:37,087 | WARNING |    ⚠ Blocked (403) retry 2
2026-09-04 00:27:37,199 | INFO | 🌐 Session warmed
2026-09-04 00:27:37,358 | INFO |    ↳ Status 403
2026-09-04 00:27:37,359 | WARNING |    ⚠ Blocked (403) retry 3
2026-09-04 00:27:37,475 | INFO | 🌐 Session warmed
2026-09-04 00:27:39,202 | INFO | [422/1901] Fetching Dasuya (DASU)
2026-09-04 00:27:39,710 | INFO | [423/1901] Fetching Datia (DATI)
2026-09-04 00:27:39,873 | INFO |    ↳ Status 403
2026-09-04 00:27:39,873 | WARNING |    ⚠ Blocked (403) retry 1
2026-09-04 00:27:39,964 | INFO | 🌐 Session warmed
2026-09-04 00:27:40,276 | INFO |    ↳ Status 403
2026-09-04 00:27:40,276 | WARNING |    ⚠ Blocked (403) retry 3
2026-09-04 00:27:40,386 | INFO | 🌐 Session warmed
2026-09-04 00:27:41,012 | INFO |    ↳ Status 403
2026-09-04 00:27:41,012 | WARNING |    ⚠ Blocked (403) retry 1
2026-09-04 00:27:41,194 | INFO | 🌐 Session warmed
2026-09-04 00:27:41,475 | INFO | [424/1901] Fetching Daund (DAUN)
2026-09-04 00:27:42,014 | INFO |    ↳ Status 403
2026-09-04 00:27:42,014 | WARNING |    ⚠ Blocked (403) retry 2
2026-09-04 00:27:42,174 | INFO | 🌐 Session warmed
2026-09-04 00:27:42,696 | INFO |    ↳ Status 403
2026-09-04 00:27:42,696 | WARNING |    ⚠ Blocked (403) retry 1
2026-09-04 00:27:42,814 | INFO | 🌐 Session warmed
2026-09-04 00:27:43,494 | INFO |    ↳ Status 403
2026-09-04 00:27:43,494 | WARNING |    ⚠ Blocked (403) retry 2
2026-09-04 00:27:43,586 | INFO | 🌐 Session warmed
2026-09-04 00:27:44,387 | INFO | [425/1901] Fetching Dausa (DAUS)
2026-09-04 00:27:44,960 | INFO |    ↳ Status 403
2026-09-04 00:27:44,960 | WARNING |    ⚠ Blocked (403) retry 2
2026-09-04 00:27:45,048 | INFO | 🌐 Session warmed
2026-09-04 00:27:45,348 | INFO |    ↳ Status 403
2026-09-04 00:27:45,348 | WARNING |    ⚠ Blocked (403) retry 1
2026-09-04 00:27:45,439 | INFO | 🌐 Session warmed
2026-09-04 00:27:45,568 | INFO |    ↳ Status 403
2026-09-04 00:27:45,568 | WARNING |    ⚠ Blocked (403) retry 3
2026-09-04 00:27:45,668 | INFO | 🌐 Session warmed
2026-09-04 00:27:46,402 | INFO |    ↳ Status 403
2026-09-04 00:27:46,402 | WARNING |    ⚠ Blocked (403) retry 3
2026-09-04 00:27:46,492 | INFO | 🌐 Session warmed
2026-09-04 00:27:47,678 | INFO |    ↳ Status 403
2026-09-04 00:27:47,678 | WARNING |    ⚠ Blocked (403) retry 2
2026-09-04 00:27:47,780 | INFO | 🌐 Session warmed
2026-09-04 00:27:48,386 | INFO |    ↳ Status 403
2026-09-04 00:27:48,386 | WARNING |    ⚠ Blocked (403) retry 3
2026-09-04 00:27:48,494 | INFO | 🌐 Session warmed
2026-09-04 00:27:49,669 | INFO | [426/1901] Fetching Davanagere (DAVA)
2026-09-04 00:27:50,361 | INFO |    ↳ Status 403
2026-09-04 00:27:50,361 | WARNING |    ⚠ Blocked (403) retry 1
2026-09-04 00:27:50,471 | INFO | 🌐 Session warmed
2026-09-04 00:27:50,491 | INFO |    ↳ Status 403
2026-09-04 00:27:50,491 | WARNING |    ⚠ Blocked (403) retry 3
2026-09-04 00:27:50,494 | INFO | [427/1901] Fetching Davuluru (DVLR)
2026-09-04 00:27:50,568 | INFO | 🌐 Session warmed
2026-09-04 00:27:51,360 | INFO |    ↳ Status 403
2026-09-04 00:27:51,361 | WARNING |    ⚠ Blocked (403) retry 1
2026-09-04 00:27:51,460 | INFO | 🌐 Session warmed
2026-09-04 00:27:52,494 | INFO | [428/1901] Fetching Deesa (DEES)
2026-09-04 00:27:52,879 | INFO |    ↳ Status 403
2026-09-04 00:27:52,880 | WARNING |    ⚠ Blocked (403) retry 2
2026-09-04 00:27:52,977 | INFO | 🌐 Session warmed
2026-09-04 00:27:53,427 | INFO |    ↳ Status 403
2026-09-04 00:27:53,427 | WARNING |    ⚠ Blocked (403) retry 2
2026-09-04 00:27:53,528 | INFO | 🌐 Session warmed
2026-09-04 00:27:53,606 | INFO |    ↳ Status 403
2026-09-04 00:27:53,607 | WARNING |    ⚠ Blocked (403) retry 1
2026-09-04 00:27:53,695 | INFO | 🌐 Session warmed
2026-09-04 00:27:54,568 | INFO | [429/1901] Fetching Dehradun (DEH)
2026-09-04 00:27:55,447 | INFO |    ↳ Status 403
2026-09-04 00:27:55,447 | WARNING |    ⚠ Blocked (403) retry 1
2026-09-04 00:27:55,554 | INFO | 🌐 Session warmed
2026-09-04 00:27:55,590 | INFO |    ↳ Status 403
2026-09-04 00:27:55,590 | WARNING |    ⚠ Blocked (403) retry 2
2026-09-04 00:27:55,695 | INFO | 🌐 Session warmed
2026-09-04 00:27:56,404 | INFO |    ↳ Status 403
2026-09-04 00:27:56,404 | WARNING |    ⚠ Blocked (403) retry 3
2026-09-04 00:27:56,524 | INFO | 🌐 Session warmed
2026-09-04 00:27:56,662 | INFO |    ↳ Status 403
2026-09-04 00:27:56,663 | WARNING |    ⚠ Blocked (403) retry 3
2026-09-04 00:27:56,766 | INFO | 🌐 Session warmed
2026-09-04 00:27:57,640 | INFO |    ↳ Status 403
2026-09-04 00:27:57,640 | WARNING |    ⚠ Blocked (403) retry 2
2026-09-04 00:27:57,753 | INFO | 🌐 Session warmed
2026-09-04 00:27:58,879 | INFO |    ↳ Status 403
2026-09-04 00:27:58,879 | WARNING |    ⚠ Blocked (403) retry 3
2026-09-04 00:27:58,992 | INFO | 🌐 Session warmed
2026-09-04 00:28:00,525 | INFO | [430/1901] Fetching Deogadh (DEOD)
2026-09-04 00:28:00,766 | INFO | [431/1901] Fetching Deoghar (DOGH)
2026-09-04 00:28:00,854 | INFO |    ↳ Status 403
2026-09-04 00:28:00,854 | WARNING |    ⚠ Blocked (403) retry 3
2026-09-04 00:28:00,974 | INFO | 🌐 Session warmed
2026-09-04 00:28:01,861 | INFO |    ↳ Status 403
2026-09-04 00:28:01,861 | WARNING |    ⚠ Blocked (403) retry 1
2026-09-04 00:28:01,960 | INFO | 🌐 Session warmed
2026-09-04 00:28:02,023 | INFO |    ↳ Status 403
2026-09-04 00:28:02,023 | WARNING |    ⚠ Blocked (403) retry 1
2026-09-04 00:28:02,149 | INFO | 🌐 Session warmed
2026-09-04 00:28:02,992 | INFO | [432/1901] Fetching Deoli (DEOL)
2026-09-04 00:28:03,787 | INFO |    ↳ Status 403
2026-09-04 00:28:03,787 | WARNING |    ⚠ Blocked (403) retry 1
2026-09-04 00:28:03,889 | INFO | 🌐 Session warmed
2026-09-04 00:28:04,167 | INFO |    ↳ Status 403
2026-09-04 00:28:04,167 | WARNING |    ⚠ Blocked (403) retry 2
2026-09-04 00:28:04,259 | INFO | 🌐 Session warmed
2026-09-04 00:28:04,493 | INFO |    ↳ Status 403
2026-09-04 00:28:04,493 | WARNING |    ⚠ Blocked (403) retry 2
2026-09-04 00:28:04,600 | INFO | 🌐 Session warmed
2026-09-04 00:28:04,974 | INFO | [433/1901] Fetching Deoli (Rajasthan) (DEOY)
2026-09-04 00:28:05,591 | INFO |    ↳ Status 403
2026-09-04 00:28:05,592 | WARNING |    ⚠ Blocked (403) retry 2
2026-09-04 00:28:05,687 | INFO | 🌐 Session warmed
2026-09-04 00:28:05,972 | INFO |    ↳ Status 403
2026-09-04 00:28:05,972 | WARNING |    ⚠ Blocked (403) retry 1
2026-09-04 00:28:06,082 | INFO | 🌐 Session warmed
2026-09-04 00:28:07,611 | INFO |    ↳ Status 403
2026-09-04 00:28:07,611 | WARNING |    ⚠ Blocked (403) retry 3
2026-09-04 00:28:07,705 | INFO | 🌐 Session warmed
2026-09-04 00:28:07,743 | INFO |    ↳ Status 403
2026-09-04 00:28:07,743 | WARNING |    ⚠ Blocked (403) retry 3
2026-09-04 00:28:07,832 | INFO | 🌐 Session warmed
2026-09-04 00:28:08,203 | INFO |    ↳ Status 403
2026-09-04 00:28:08,203 | WARNING |    ⚠ Blocked (403) retry 2
2026-09-04 00:28:08,308 | INFO | 🌐 Session warmed
2026-09-04 00:28:08,658 | INFO |    ↳ Status 403
2026-09-04 00:28:08,658 | WARNING |    ⚠ Blocked (403) retry 3
2026-09-04 00:28:08,750 | INFO | 🌐 Session warmed
2026-09-04 00:28:11,545 | INFO |    ↳ Status 403
2026-09-04 00:28:11,545 | WARNING |    ⚠ Blocked (403) retry 3
2026-09-04 00:28:11,649 | INFO | 🌐 Session warmed
2026-09-04 00:28:11,706 | INFO | [434/1901] Fetching Deoli(Rajasthan) (DEOY)
2026-09-04 00:28:11,833 | INFO | [435/1901] Fetching Deoria (DEEO)
2026-09-04 00:28:12,750 | INFO | [436/1901] Fetching Deralakatte (DERA)
2026-09-04 00:28:12,906 | INFO |    ↳ Status 403
2026-09-04 00:28:12,906 | WARNING |    ⚠ Blocked (403) retry 1
2026-09-04 00:28:12,979 | INFO |    ↳ Status 403
2026-09-04 00:28:12,979 | WARNING |    ⚠ Blocked (403) retry 1
2026-09-04 00:28:13,047 | INFO | 🌐 Session warmed
2026-09-04 00:28:13,075 | INFO | 🌐 Session warmed
2026-09-04 00:28:13,530 | INFO |    ↳ Status 403
2026-09-04 00:28:13,530 | WARNING |    ⚠ Blocked (403) retry 1
2026-09-04 00:28:13,621 | INFO | 🌐 Session warmed
2026-09-04 00:28:14,997 | INFO |    ↳ Status 403
2026-09-04 00:28:14,997 | WARNING |    ⚠ Blocked (403) retry 2
2026-09-04 00:28:15,123 | INFO | 🌐 Session warmed
2026-09-04 00:28:15,133 | INFO |    ↳ Status 403
2026-09-04 00:28:15,134 | WARNING |    ⚠ Blocked (403) retry 2
2026-09-04 00:28:15,223 | INFO | 🌐 Session warmed
2026-09-04 00:28:15,650 | INFO | [437/1901] Fetching Devadurga (DEVD)
2026-09-04 00:28:16,024 | INFO |    ↳ Status 403
2026-09-04 00:28:16,024 | WARNING |    ⚠ Blocked (403) retry 2
2026-09-04 00:28:16,130 | INFO | 🌐 Session warmed
2026-09-04 00:28:16,676 | INFO |    ↳ Status 403
2026-09-04 00:28:16,676 | WARNING |    ⚠ Blocked (403) retry 1
2026-09-04 00:28:16,791 | INFO | 🌐 Session warmed
2026-09-04 00:28:17,773 | INFO |    ↳ Status 403
2026-09-04 00:28:17,773 | WARNING |    ⚠ Blocked (403) retry 3
2026-09-04 00:28:17,868 | INFO | 🌐 Session warmed
2026-09-04 00:28:18,381 | INFO |    ↳ Status 403
2026-09-04 00:28:18,381 | WARNING |    ⚠ Blocked (403) retry 3
2026-09-04 00:28:18,470 | INFO | 🌐 Session warmed
2026-09-04 00:28:18,616 | INFO |    ↳ Status 403
2026-09-04 00:28:18,616 | WARNING |    ⚠ Blocked (403) retry 2
2026-09-04 00:28:18,742 | INFO | 🌐 Session warmed
2026-09-04 00:28:19,190 | INFO |    ↳ Status 403
2026-09-04 00:28:19,191 | WARNING |    ⚠ Blocked (403) retry 3
2026-09-04 00:28:19,295 | INFO | 🌐 Session warmed
2026-09-04 00:28:21,784 | INFO |    ↳ Status 403
2026-09-04 00:28:21,784 | WARNING |    ⚠ Blocked (403) retry 3
2026-09-04 00:28:21,868 | INFO | [438/1901] Fetching Devakottai (DEVA)
2026-09-04 00:28:21,890 | INFO | 🌐 Session warmed
2026-09-04 00:28:22,471 | INFO | [439/1901] Fetching Devarakadra (DEVR)
2026-09-04 00:28:23,075 | INFO |    ↳ Status 403
2026-09-04 00:28:23,075 | WARNING |    ⚠ Blocked (403) retry 1
2026-09-04 00:28:23,129 | INFO |    ↳ Status 403
2026-09-04 00:28:23,129 | WARNING |    ⚠ Blocked (403) retry 1
2026-09-04 00:28:23,168 | INFO | 🌐 Session warmed
2026-09-04 00:28:23,219 | INFO | 🌐 Session warmed
2026-09-04 00:28:23,295 | INFO | [440/1901] Fetching Devarakonda (DEVK)
2026-09-04 00:28:24,234 | INFO |    ↳ Status 403
2026-09-04 00:28:24,234 | WARNING |    ⚠ Blocked (403) retry 1
2026-09-04 00:28:24,329 | INFO | 🌐 Session warmed
2026-09-04 00:28:25,404 | INFO |    ↳ Status 403
2026-09-04 00:28:25,404 | WARNING |    ⚠ Blocked (403) retry 2
2026-09-04 00:28:25,529 | INFO | 🌐 Session warmed
2026-09-04 00:28:25,552 | INFO |    ↳ Status 403
2026-09-04 00:28:25,552 | WARNING |    ⚠ Blocked (403) retry 2
2026-09-04 00:28:25,654 | INFO | 🌐 Session warmed
2026-09-04 00:28:25,890 | INFO | [441/1901] Fetching Devarapalle (DVRL)
2026-09-04 00:28:26,703 | INFO |    ↳ Status 403
2026-09-04 00:28:26,704 | WARNING |    ⚠ Blocked (403) retry 2
2026-09-04 00:28:26,804 | INFO | 🌐 Session warmed
2026-09-04 00:28:26,964 | INFO |    ↳ Status 403
2026-09-04 00:28:26,964 | WARNING |    ⚠ Blocked (403) retry 1
2026-09-04 00:28:27,048 | INFO | 🌐 Session warmed
2026-09-04 00:28:28,186 | INFO |    ↳ Status 403
2026-09-04 00:28:28,186 | WARNING |    ⚠ Blocked (403) retry 3
2026-09-04 00:28:28,275 | INFO | 🌐 Session warmed
2026-09-04 00:28:28,480 | INFO |    ↳ Status 403
2026-09-04 00:28:28,480 | WARNING |    ⚠ Blocked (403) retry 3
2026-09-04 00:28:28,579 | INFO | 🌐 Session warmed
2026-09-04 00:28:29,046 | INFO |    ↳ Status 403
2026-09-04 00:28:29,047 | WARNING |    ⚠ Blocked (403) retry 2
2026-09-04 00:28:29,155 | INFO | 🌐 Session warmed
2026-09-04 00:28:29,437 | INFO |    ↳ Status 403
2026-09-04 00:28:29,438 | WARNING |    ⚠ Blocked (403) retry 3
2026-09-04 00:28:29,529 | INFO | 🌐 Session warmed
2026-09-04 00:28:32,276 | INFO | [442/1901] Fetching Devarapalli (DVRP)
2026-09-04 00:28:32,351 | INFO |    ↳ Status 403
2026-09-04 00:28:32,351 | WARNING |    ⚠ Blocked (403) retry 3
2026-09-04 00:28:32,456 | INFO | 🌐 Session warmed
2026-09-04 00:28:32,579 | INFO | [443/1901] Fetching Devgad (DEGA)
2026-09-04 00:28:33,076 | INFO |    ↳ Status 403
2026-09-04 00:28:33,076 | WARNING |    ⚠ Blocked (403) retry 1
2026-09-04 00:28:33,182 | INFO | 🌐 Session warmed
2026-09-04 00:28:33,520 | INFO |    ↳ Status 403
2026-09-04 00:28:33,520 | WARNING |    ⚠ Blocked (403) retry 1
2026-09-04 00:28:33,529 | INFO | [444/1901] Fetching Dewas (DEWAS)
2026-09-04 00:28:33,613 | INFO | 🌐 Session warmed
2026-09-04 00:28:34,878 | INFO |    ↳ Status 403
2026-09-04 00:28:34,879 | WARNING |    ⚠ Blocked (403) retry 2
2026-09-04 00:28:34,900 | INFO |    ↳ Status 403
2026-09-04 00:28:34,900 | WARNING |    ⚠ Blocked (403) retry 1
2026-09-04 00:28:34,993 | INFO | 🌐 Session warmed
2026-09-04 00:28:34,993 | INFO | 🌐 Session warmed
2026-09-04 00:28:35,754 | INFO |    ↳ Status 403
2026-09-04 00:28:35,754 | WARNING |    ⚠ Blocked (403) retry 2
2026-09-04 00:28:35,874 | INFO | 🌐 Session warmed
2026-09-04 00:28:36,456 | INFO | [445/1901] Fetching Dhamnod (DMND)
2026-09-04 00:28:36,829 | INFO |    ↳ Status 403
2026-09-04 00:28:36,829 | WARNING |    ⚠ Blocked (403) retry 2
2026-09-04 00:28:36,933 | INFO | 🌐 Session warmed
2026-09-04 00:28:37,819 | INFO |    ↳ Status 403
2026-09-04 00:28:37,820 | WARNING |    ⚠ Blocked (403) retry 1
2026-09-04 00:28:37,907 | INFO | 🌐 Session warmed
2026-09-04 00:28:38,374 | INFO |    ↳ Status 403
2026-09-04 00:28:38,374 | WARNING |    ⚠ Blocked (403) retry 3
2026-09-04 00:28:38,497 | INFO | 🌐 Session warmed
2026-09-04 00:28:38,941 | INFO |    ↳ Status 403
2026-09-04 00:28:38,942 | WARNING |    ⚠ Blocked (403) retry 3
2026-09-04 00:28:39,042 | INFO | 🌐 Session warmed
2026-09-04 00:28:39,887 | INFO |    ↳ Status 403
2026-09-04 00:28:39,887 | WARNING |    ⚠ Blocked (403) retry 2
2026-09-04 00:28:40,003 | INFO |    ↳ Status 403
2026-09-04 00:28:40,003 | INFO | 🌐 Session warmed
2026-09-04 00:28:40,003 | WARNING |    ⚠ Blocked (403) retry 3
2026-09-04 00:28:40,094 | INFO | 🌐 Session warmed
2026-09-04 00:28:42,498 | INFO | [446/1901] Fetching Dhampur (DHPR)
2026-09-04 00:28:43,042 | INFO | [447/1901] Fetching Dhamtari (DHMT)
2026-09-04 00:28:43,150 | INFO |    ↳ Status 403
2026-09-04 00:28:43,150 | WARNING |    ⚠ Blocked (403) retry 1
2026-09-04 00:28:43,257 | INFO | 🌐 Session warmed
2026-09-04 00:28:43,284 | INFO |    ↳ Status 403
2026-09-04 00:28:43,284 | WARNING |    ⚠ Blocked (403) retry 3
2026-09-04 00:28:43,390 | INFO | 🌐 Session warmed
2026-09-04 00:28:44,059 | INFO |    ↳ Status 403
2026-09-04 00:28:44,059 | WARNING |    ⚠ Blocked (403) retry 1
2026-09-04 00:28:44,094 | INFO | [448/1901] Fetching Dhanaura (CFFG)
2026-09-04 00:28:44,164 | INFO | 🌐 Session warmed
2026-09-04 00:28:45,354 | INFO |    ↳ Status 403
2026-09-04 00:28:45,354 | WARNING |    ⚠ Blocked (403) retry 1
2026-09-04 00:28:45,444 | INFO | 🌐 Session warmed
2026-09-04 00:28:45,485 | INFO |    ↳ Status 403
2026-09-04 00:28:45,485 | WARNING |    ⚠ Blocked (403) retry 2
2026-09-04 00:28:45,608 | INFO | 🌐 Session warmed
2026-09-04 00:28:46,007 | INFO |    ↳ Status 403
2026-09-04 00:28:46,008 | WARNING |    ⚠ Blocked (403) retry 2
2026-09-04 00:28:46,098 | INFO | 🌐 Session warmed
2026-09-04 00:28:47,391 | INFO | [449/1901] Fetching Dhanbad (DHAN)
2026-09-04 00:28:47,415 | INFO |    ↳ Status 403
2026-09-04 00:28:47,415 | WARNING |    ⚠ Blocked (403) retry 2
2026-09-04 00:28:47,522 | INFO | 🌐 Session warmed
2026-09-04 00:28:48,087 | INFO |    ↳ Status 403
2026-09-04 00:28:48,087 | WARNING |    ⚠ Blocked (403) retry 1
2026-09-04 00:28:48,174 | INFO | 🌐 Session warmed
2026-09-04 00:28:48,952 | INFO |    ↳ Status 403
2026-09-04 00:28:48,952 | WARNING |    ⚠ Blocked (403) retry 3
2026-09-04 00:28:49,052 | INFO | 🌐 Session warmed
2026-09-04 00:28:49,335 | INFO |    ↳ Status 403
2026-09-04 00:28:49,335 | WARNING |    ⚠ Blocked (403) retry 3
2026-09-04 00:28:49,428 | INFO | 🌐 Session warmed
2026-09-04 00:28:50,388 | INFO |    ↳ Status 403
2026-09-04 00:28:50,388 | WARNING |    ⚠ Blocked (403) retry 3
2026-09-04 00:28:50,480 | INFO | 🌐 Session warmed
2026-09-04 00:28:50,521 | INFO |    ↳ Status 403
2026-09-04 00:28:50,521 | WARNING |    ⚠ Blocked (403) retry 2
2026-09-04 00:28:50,628 | INFO | 🌐 Session warmed
2026-09-04 00:28:53,052 | INFO | [450/1901] Fetching Dhanera (DHAC)
2026-09-04 00:28:53,412 | INFO |    ↳ Status 403
2026-09-04 00:28:53,412 | WARNING |    ⚠ Blocked (403) retry 3
2026-09-04 00:28:53,428 | INFO | [451/1901] Fetching Dhar (DARH)
2026-09-04 00:28:53,520 | INFO | 🌐 Session warmed
2026-09-04 00:28:53,850 | INFO |    ↳ Status 403
2026-09-04 00:28:53,850 | WARNING |    ⚠ Blocked (403) retry 1
2026-09-04 00:28:53,949 | INFO | 🌐 Session warmed
2026-09-04 00:28:54,122 | INFO |    ↳ Status 403
2026-09-04 00:28:54,122 | WARNING |    ⚠ Blocked (403) retry 1
2026-09-04 00:28:54,215 | INFO | 🌐 Session warmed
2026-09-04 00:28:54,480 | INFO | [452/1901] Fetching Dharamjaigarh (SHGA)
2026-09-04 00:28:55,450 | INFO |    ↳ Status 403
2026-09-04 00:28:55,450 | WARNING |    ⚠ Blocked (403) retry 1
2026-09-04 00:28:55,569 | INFO | 🌐 Session warmed
2026-09-04 00:28:55,992 | INFO |    ↳ Status 403
2026-09-04 00:28:55,992 | WARNING |    ⚠ Blocked (403) retry 2
2026-09-04 00:28:56,080 | INFO | 🌐 Session warmed
2026-09-04 00:28:56,462 | INFO |    ↳ Status 403
2026-09-04 00:28:56,462 | WARNING |    ⚠ Blocked (403) retry 2
2026-09-04 00:28:56,567 | INFO | 🌐 Session warmed
2026-09-04 00:28:57,521 | INFO | [453/1901] Fetching Dharampur (DPUR)
2026-09-04 00:28:57,991 | INFO |    ↳ Status 403
2026-09-04 00:28:57,991 | WARNING |    ⚠ Blocked (403) retry 2
2026-09-04 00:28:58,097 | INFO | 🌐 Session warmed
2026-09-04 00:28:58,205 | INFO |    ↳ Status 403
2026-09-04 00:28:58,205 | WARNING |    ⚠ Blocked (403) retry 1
2026-09-04 00:28:58,301 | INFO | 🌐 Session warmed
2026-09-04 00:28:58,768 | INFO |    ↳ Status 403
2026-09-04 00:28:58,769 | WARNING |    ⚠ Blocked (403) retry 3
2026-09-04 00:28:58,876 | INFO | 🌐 Session warmed
2026-09-04 00:28:59,347 | INFO |    ↳ Status 403
2026-09-04 00:28:59,347 | WARNING |    ⚠ Blocked (403) retry 3
2026-09-04 00:28:59,438 | INFO | 🌐 Session warmed
2026-09-04 00:28:59,968 | INFO |    ↳ Status 403
2026-09-04 00:28:59,968 | WARNING |    ⚠ Blocked (403) retry 2
2026-09-04 00:29:00,065 | INFO | 🌐 Session warmed
2026-09-04 00:29:01,080 | INFO |    ↳ Status 403
2026-09-04 00:29:01,080 | WARNING |    ⚠ Blocked (403) retry 3
2026-09-04 00:29:01,173 | INFO | 🌐 Session warmed
2026-09-04 00:29:02,762 | INFO |    ↳ Status 403
2026-09-04 00:29:02,762 | WARNING |    ⚠ Blocked (403) retry 3
2026-09-04 00:29:02,852 | INFO | 🌐 Session warmed
2026-09-04 00:29:02,877 | INFO | [454/1901] Fetching Dharamsala (DMSL)
2026-09-04 00:29:03,439 | INFO | [455/1901] Fetching Dharamshala (DMSL)
2026-09-04 00:29:03,878 | INFO |    ↳ Status 403
2026-09-04 00:29:03,878 | WARNING |    ⚠ Blocked (403) retry 1
2026-09-04 00:29:03,990 | INFO | 🌐 Session warmed
2026-09-04 00:29:04,583 | INFO |    ↳ Status 403
2026-09-04 00:29:04,583 | WARNING |    ⚠ Blocked (403) retry 1
2026-09-04 00:29:04,682 | INFO | 🌐 Session warmed
2026-09-04 00:29:05,174 | INFO | [456/1901] Fetching Dharapuram (DHAR)
2026-09-04 00:29:06,195 | INFO |    ↳ Status 403
2026-09-04 00:29:06,195 | WARNING |    ⚠ Blocked (403) retry 1
2026-09-04 00:29:06,301 | INFO | 🌐 Session warmed
2026-09-04 00:29:06,411 | INFO |    ↳ Status 403
2026-09-04 00:29:06,411 | WARNING |    ⚠ Blocked (403) retry 2
2026-09-04 00:29:06,496 | INFO |    ↳ Status 403
2026-09-04 00:29:06,496 | WARNING |    ⚠ Blocked (403) retry 2
2026-09-04 00:29:06,512 | INFO | 🌐 Session warmed
2026-09-04 00:29:06,601 | INFO | 🌐 Session warmed
2026-09-04 00:29:06,852 | INFO | [457/1901] Fetching Dharashiv (Osmanabad) (OSMA)
2026-09-04 00:29:07,689 | INFO |    ↳ Status 403
2026-09-04 00:29:07,689 | WARNING |    ⚠ Blocked (403) retry 1
2026-09-04 00:29:07,780 | INFO | 🌐 Session warmed
2026-09-04 00:29:08,464 | INFO |    ↳ Status 403
2026-09-04 00:29:08,464 | WARNING |    ⚠ Blocked (403) retry 2
2026-09-04 00:29:08,578 | INFO | 🌐 Session warmed
2026-09-04 00:29:09,454 | INFO |    ↳ Status 403
2026-09-04 00:29:09,455 | WARNING |    ⚠ Blocked (403) retry 3
2026-09-04 00:29:09,561 | INFO | 🌐 Session warmed
2026-09-04 00:29:09,614 | INFO |    ↳ Status 403
2026-09-04 00:29:09,614 | WARNING |    ⚠ Blocked (403) retry 3
2026-09-04 00:29:09,750 | INFO | 🌐 Session warmed
2026-09-04 00:29:09,970 | INFO |    ↳ Status 403
2026-09-04 00:29:09,970 | WARNING |    ⚠ Blocked (403) retry 2
2026-09-04 00:29:10,091 | INFO | 🌐 Session warmed
2026-09-04 00:29:11,816 | INFO |    ↳ Status 403
2026-09-04 00:29:11,816 | WARNING |    ⚠ Blocked (403) retry 3
2026-09-04 00:29:11,931 | INFO | 🌐 Session warmed
2026-09-04 00:29:12,981 | INFO |    ↳ Status 403
2026-09-04 00:29:12,981 | WARNING |    ⚠ Blocked (403) retry 3
2026-09-04 00:29:13,084 | INFO | 🌐 Session warmed
2026-09-04 00:29:13,561 | INFO | [458/1901] Fetching Dharmanagar (DHAT)
2026-09-04 00:29:13,750 | INFO | [459/1901] Fetching Dharmapuri (DMPI)
2026-09-04 00:29:14,814 | INFO |    ↳ Status 403
2026-09-04 00:29:14,814 | WARNING |    ⚠ Blocked (403) retry 1
2026-09-04 00:29:14,912 | INFO | 🌐 Session warmed
2026-09-04 00:29:15,021 | INFO |    ↳ Status 403
2026-09-04 00:29:15,021 | WARNING |    ⚠ Blocked (403) retry 1
2026-09-04 00:29:15,126 | INFO | 🌐 Session warmed
2026-09-04 00:29:15,931 | INFO | [460/1901] Fetching Dharmavaram (DDMA)
2026-09-04 00:29:16,629 | INFO |    ↳ Status 403
2026-09-04 00:29:16,629 | WARNING |    ⚠ Blocked (403) retry 1
2026-09-04 00:29:16,761 | INFO | 🌐 Session warmed
2026-09-04 00:29:16,978 | INFO |    ↳ Status 403
2026-09-04 00:29:16,978 | WARNING |    ⚠ Blocked (403) retry 2
2026-09-04 00:29:17,073 | INFO | 🌐 Session warmed
2026-09-04 00:29:17,085 | INFO | [461/1901] Fetching Dharpally (DPLL)
2026-09-04 00:29:17,182 | INFO |    ↳ Status 403
2026-09-04 00:29:17,182 | WARNING |    ⚠ Blocked (403) retry 2
2026-09-04 00:29:17,287 | INFO | 🌐 Session warmed
2026-09-04 00:29:18,348 | INFO |    ↳ Status 403
2026-09-04 00:29:18,348 | WARNING |    ⚠ Blocked (403) retry 1
2026-09-04 00:29:18,479 | INFO | 🌐 Session warmed
2026-09-04 00:29:18,495 | INFO |    ↳ Status 403
2026-09-04 00:29:18,495 | WARNING |    ⚠ Blocked (403) retry 2
2026-09-04 00:29:18,595 | INFO | 🌐 Session warmed
2026-09-04 00:29:20,246 | INFO |    ↳ Status 403
2026-09-04 00:29:20,246 | WARNING |    ⚠ Blocked (403) retry 3
2026-09-04 00:29:20,349 | INFO | 🌐 Session warmed
2026-09-04 00:29:20,443 | INFO |    ↳ Status 403
2026-09-04 00:29:20,443 | WARNING |    ⚠ Blocked (403) retry 3
2026-09-04 00:29:20,512 | INFO |    ↳ Status 403
2026-09-04 00:29:20,512 | WARNING |    ⚠ Blocked (403) retry 2
2026-09-04 00:29:20,562 | INFO | 🌐 Session warmed
2026-09-04 00:29:20,628 | INFO | 🌐 Session warmed
2026-09-04 00:29:21,351 | INFO |    ↳ Status 403
2026-09-04 00:29:21,351 | WARNING |    ⚠ Blocked (403) retry 3
2026-09-04 00:29:21,456 | INFO | 🌐 Session warmed
2026-09-04 00:29:23,599 | INFO |    ↳ Status 403
2026-09-04 00:29:23,599 | WARNING |    ⚠ Blocked (403) retry 3
2026-09-04 00:29:23,698 | INFO | 🌐 Session warmed
2026-09-04 00:29:24,349 | INFO | [462/1901] Fetching Dharpur (DUUU)
2026-09-04 00:29:24,562 | INFO | [463/1901] Fetching Dharuhera (DHRA)
2026-09-04 00:29:25,228 | INFO |    ↳ Status 403
2026-09-04 00:29:25,229 | WARNING |    ⚠ Blocked (403) retry 1
2026-09-04 00:29:25,333 | INFO | 🌐 Session warmed
2026-09-04 00:29:25,457 | INFO | [464/1901] Fetching Dharwad (DHAW)
2026-09-04 00:29:25,574 | INFO |    ↳ Status 403
2026-09-04 00:29:25,574 | WARNING |    ⚠ Blocked (403) retry 1
2026-09-04 00:29:25,662 | INFO | 🌐 Session warmed
2026-09-04 00:29:26,207 | INFO |    ↳ Status 403
2026-09-04 00:29:26,207 | WARNING |    ⚠ Blocked (403) retry 1
2026-09-04 00:29:26,318 | INFO | 🌐 Session warmed
2026-09-04 00:29:27,242 | INFO |    ↳ Status 403
2026-09-04 00:29:27,242 | WARNING |    ⚠ Blocked (403) retry 2
2026-09-04 00:29:27,341 | INFO | 🌐 Session warmed
2026-09-04 00:29:27,383 | INFO |    ↳ Status 403
2026-09-04 00:29:27,383 | WARNING |    ⚠ Blocked (403) retry 2
2026-09-04 00:29:27,473 | INFO | 🌐 Session warmed
2026-09-04 00:29:27,699 | INFO | [465/1901] Fetching Dhaulana (DHAL)
2026-09-04 00:29:28,452 | INFO |    ↳ Status 403
2026-09-04 00:29:28,452 | WARNING |    ⚠ Blocked (403) retry 1
2026-09-04 00:29:28,533 | INFO |    ↳ Status 403
2026-09-04 00:29:28,533 | WARNING |    ⚠ Blocked (403) retry 2
2026-09-04 00:29:28,552 | INFO | 🌐 Session warmed
2026-09-04 00:29:28,658 | INFO | 🌐 Session warmed
2026-09-04 00:29:30,469 | INFO |    ↳ Status 403
2026-09-04 00:29:30,469 | WARNING |    ⚠ Blocked (403) retry 3
2026-09-04 00:29:30,527 | INFO |    ↳ Status 403
2026-09-04 00:29:30,527 | WARNING |    ⚠ Blocked (403) retry 3
2026-09-04 00:29:30,578 | INFO | 🌐 Session warmed
2026-09-04 00:29:30,630 | INFO | 🌐 Session warmed
2026-09-04 00:29:30,672 | INFO |    ↳ Status 403
2026-09-04 00:29:30,672 | WARNING |    ⚠ Blocked (403) retry 2
2026-09-04 00:29:30,766 | INFO | 🌐 Session warmed
2026-09-04 00:29:31,944 | INFO |    ↳ Status 403
2026-09-04 00:29:31,944 | WARNING |    ⚠ Blocked (403) retry 3
2026-09-04 00:29:32,036 | INFO | 🌐 Session warmed
2026-09-04 00:29:33,661 | INFO |    ↳ Status 403
2026-09-04 00:29:33,661 | WARNING |    ⚠ Blocked (403) retry 3
2026-09-04 00:29:33,761 | INFO | 🌐 Session warmed
2026-09-04 00:29:34,578 | INFO | [466/1901] Fetching Dhekiajuli (DEKJ)
2026-09-04 00:29:34,630 | INFO | [467/1901] Fetching Dhemaji (DHEM)
2026-09-04 00:29:35,296 | INFO |    ↳ Status 403
2026-09-04 00:29:35,296 | WARNING |    ⚠ Blocked (403) retry 1
2026-09-04 00:29:35,320 | INFO |    ↳ Status 403
2026-09-04 00:29:35,320 | WARNING |    ⚠ Blocked (403) retry 1
2026-09-04 00:29:35,401 | INFO | 🌐 Session warmed
2026-09-04 00:29:35,420 | INFO | 🌐 Session warmed
2026-09-04 00:29:36,036 | INFO | [468/1901] Fetching Dhenkanal (DNAL)
2026-09-04 00:29:36,708 | INFO |    ↳ Status 403
2026-09-04 00:29:36,708 | WARNING |    ⚠ Blocked (403) retry 1
2026-09-04 00:29:36,794 | INFO | 🌐 Session warmed
2026-09-04 00:29:37,097 | INFO |    ↳ Status 403
2026-09-04 00:29:37,098 | WARNING |    ⚠ Blocked (403) retry 2
2026-09-04 00:29:37,209 | INFO | 🌐 Session warmed
2026-09-04 00:29:37,761 | INFO | [469/1901] Fetching Dholka (DHOL)
2026-09-04 00:29:37,820 | INFO |    ↳ Status 403
2026-09-04 00:29:37,820 | WARNING |    ⚠ Blocked (403) retry 2
2026-09-04 00:29:37,908 | INFO | 🌐 Session warmed
2026-09-04 00:29:38,614 | INFO |    ↳ Status 403
2026-09-04 00:29:38,615 | WARNING |    ⚠ Blocked (403) retry 2
2026-09-04 00:29:38,754 | INFO | 🌐 Session warmed
2026-09-04 00:29:38,822 | INFO |    ↳ Status 403
2026-09-04 00:29:38,822 | WARNING |    ⚠ Blocked (403) retry 1
2026-09-04 00:29:38,917 | INFO | 🌐 Session warmed
2026-09-04 00:29:39,986 | INFO |    ↳ Status 403
2026-09-04 00:29:39,986 | WARNING |    ⚠ Blocked (403) retry 3
2026-09-04 00:29:40,088 | INFO | 🌐 Session warmed
2026-09-04 00:29:41,088 | INFO |    ↳ Status 403
2026-09-04 00:29:41,088 | WARNING |    ⚠ Blocked (403) retry 2
2026-09-04 00:29:41,184 | INFO | 🌐 Session warmed
2026-09-04 00:29:41,195 | INFO |    ↳ Status 403
2026-09-04 00:29:41,195 | WARNING |    ⚠ Blocked (403) retry 3
2026-09-04 00:29:41,301 | INFO | 🌐 Session warmed
2026-09-04 00:29:42,178 | INFO |    ↳ Status 403
2026-09-04 00:29:42,178 | WARNING |    ⚠ Blocked (403) retry 3
2026-09-04 00:29:42,267 | INFO | 🌐 Session warmed
2026-09-04 00:29:44,089 | INFO | [470/1901] Fetching Dholpur (DHUR)
2026-09-04 00:29:44,449 | INFO |    ↳ Status 403
2026-09-04 00:29:44,449 | WARNING |    ⚠ Blocked (403) retry 3
2026-09-04 00:29:44,537 | INFO | 🌐 Session warmed
2026-09-04 00:29:45,166 | INFO |    ↳ Status 403
2026-09-04 00:29:45,166 | WARNING |    ⚠ Blocked (403) retry 1
2026-09-04 00:29:45,292 | INFO | 🌐 Session warmed
2026-09-04 00:29:45,302 | INFO | [471/1901] Fetching Dhone (DHON)
2026-09-04 00:29:46,267 | INFO | [472/1901] Fetching Dhoraji (DHOR)
2026-09-04 00:29:46,373 | INFO |    ↳ Status 403
2026-09-04 00:29:46,373 | WARNING |    ⚠ Blocked (403) retry 1
2026-09-04 00:29:46,485 | INFO | 🌐 Session warmed
2026-09-04 00:29:47,512 | INFO |    ↳ Status 403
2026-09-04 00:29:47,512 | WARNING |    ⚠ Blocked (403) retry 1
2026-09-04 00:29:47,527 | INFO |    ↳ Status 403
2026-09-04 00:29:47,527 | WARNING |    ⚠ Blocked (403) retry 2
2026-09-04 00:29:47,619 | INFO | 🌐 Session warmed
2026-09-04 00:29:47,647 | INFO | 🌐 Session warmed
2026-09-04 00:29:48,333 | INFO |    ↳ Status 403
2026-09-04 00:29:48,333 | WARNING |    ⚠ Blocked (403) retry 2
2026-09-04 00:29:48,451 | INFO | 🌐 Session warmed
2026-09-04 00:29:48,538 | INFO | [473/1901] Fetching Dhrangadhra (DHRN)
2026-09-04 00:29:49,440 | INFO |    ↳ Status 403
2026-09-04 00:29:49,440 | WARNING |    ⚠ Blocked (403) retry 2
2026-09-04 00:29:49,531 | INFO | 🌐 Session warmed
2026-09-04 00:29:49,533 | INFO |    ↳ Status 403
2026-09-04 00:29:49,533 | WARNING |    ⚠ Blocked (403) retry 1
2026-09-04 00:29:49,639 | INFO | 🌐 Session warmed
2026-09-04 00:29:50,319 | INFO |    ↳ Status 403
2026-09-04 00:29:50,319 | WARNING |    ⚠ Blocked (403) retry 3
2026-09-04 00:29:50,395 | INFO | 🌐 Session warmed
2026-09-04 00:29:51,437 | INFO |    ↳ Status 403
2026-09-04 00:29:51,437 | WARNING |    ⚠ Blocked (403) retry 3
2026-09-04 00:29:51,529 | INFO | 🌐 Session warmed
2026-09-04 00:29:51,599 | INFO |    ↳ Status 403
2026-09-04 00:29:51,599 | WARNING |    ⚠ Blocked (403) retry 2
2026-09-04 00:29:51,702 | INFO | 🌐 Session warmed
2026-09-04 00:29:52,877 | INFO |    ↳ Status 403
2026-09-04 00:29:52,877 | WARNING |    ⚠ Blocked (403) retry 3
2026-09-04 00:29:52,980 | INFO | 🌐 Session warmed
2026-09-04 00:29:54,396 | INFO | [474/1901] Fetching Dhubri (DHBR)
2026-09-04 00:29:54,505 | INFO |    ↳ Status 403
2026-09-04 00:29:54,505 | WARNING |    ⚠ Blocked (403) retry 3
2026-09-04 00:29:54,630 | INFO | 🌐 Session warmed
2026-09-04 00:29:55,088 | INFO |    ↳ Status 403
2026-09-04 00:29:55,088 | WARNING |    ⚠ Blocked (403) retry 1
2026-09-04 00:29:55,190 | INFO | 🌐 Session warmed
2026-09-04 00:29:55,529 | INFO | [475/1901] Fetching Dhule (DHLE)
2026-09-04 00:29:56,411 | INFO |    ↳ Status 403
2026-09-04 00:29:56,411 | WARNING |    ⚠ Blocked (403) retry 1
2026-09-04 00:29:56,503 | INFO | 🌐 Session warmed
2026-09-04 00:29:56,980 | INFO | [476/1901] Fetching Dhulian (DHAA)
2026-09-04 00:29:57,441 | INFO |    ↳ Status 403
2026-09-04 00:29:57,441 | WARNING |    ⚠ Blocked (403) retry 2
2026-09-04 00:29:57,564 | INFO | 🌐 Session warmed
2026-09-04 00:29:58,205 | INFO |    ↳ Status 403
2026-09-04 00:29:58,206 | WARNING |    ⚠ Blocked (403) retry 1
2026-09-04 00:29:58,299 | INFO | 🌐 Session warmed
2026-09-04 00:29:58,631 | INFO | [477/1901] Fetching Dhuliyan (DHUI)
2026-09-04 00:29:58,795 | INFO |    ↳ Status 403
2026-09-04 00:29:58,795 | WARNING |    ⚠ Blocked (403) retry 2
2026-09-04 00:29:58,884 | INFO | 🌐 Session warmed
2026-09-04 00:29:59,564 | INFO |    ↳ Status 403
2026-09-04 00:29:59,564 | WARNING |    ⚠ Blocked (403) retry 1
2026-09-04 00:29:59,674 | INFO | 🌐 Session warmed
2026-09-04 00:30:00,287 | INFO |    ↳ Status 403
2026-09-04 00:30:00,287 | WARNING |    ⚠ Blocked (403) retry 2
2026-09-04 00:30:00,400 | INFO | 🌐 Session warmed
2026-09-04 00:30:00,772 | INFO |    ↳ Status 403
2026-09-04 00:30:00,773 | WARNING |    ⚠ Blocked (403) retry 3
2026-09-04 00:30:00,870 | INFO | 🌐 Session warmed
2026-09-04 00:30:01,623 | INFO |    ↳ Status 403
2026-09-04 00:30:01,623 | WARNING |    ⚠ Blocked (403) retry 2
2026-09-04 00:30:01,724 | INFO | 🌐 Session warmed
2026-09-04 00:30:02,151 | INFO |    ↳ Status 403
2026-09-04 00:30:02,152 | WARNING |    ⚠ Blocked (403) retry 3
2026-09-04 00:30:02,262 | INFO | 🌐 Session warmed
2026-09-04 00:30:03,715 | INFO |    ↳ Status 403
2026-09-04 00:30:03,715 | WARNING |    ⚠ Blocked (403) retry 3
2026-09-04 00:30:03,813 | INFO | 🌐 Session warmed
2026-09-04 00:30:04,799 | INFO |    ↳ Status 403
2026-09-04 00:30:04,800 | WARNING |    ⚠ Blocked (403) retry 3
2026-09-04 00:30:04,871 | INFO | [478/1901] Fetching Dhuri (DHRI)
2026-09-04 00:30:04,924 | INFO | 🌐 Session warmed
2026-09-04 00:30:05,946 | INFO |    ↳ Status 403
2026-09-04 00:30:05,946 | WARNING |    ⚠ Blocked (403) retry 1
2026-09-04 00:30:06,066 | INFO | 🌐 Session warmed
2026-09-04 00:30:06,262 | INFO | [479/1901] Fetching Diamond Harbour (MNHR)
2026-09-04 00:30:07,307 | INFO |    ↳ Status 403
2026-09-04 00:30:07,307 | WARNING |    ⚠ Blocked (403) retry 1
2026-09-04 00:30:07,411 | INFO | 🌐 Session warmed
2026-09-04 00:30:07,814 | INFO | [480/1901] Fetching Dibrugarh (DIB)
2026-09-04 00:30:08,234 | INFO |    ↳ Status 403
2026-09-04 00:30:08,234 | WARNING |    ⚠ Blocked (403) retry 2
2026-09-04 00:30:08,336 | INFO | 🌐 Session warmed
2026-09-04 00:30:08,830 | INFO |    ↳ Status 403
2026-09-04 00:30:08,830 | WARNING |    ⚠ Blocked (403) retry 1
2026-09-04 00:30:08,924 | INFO | [481/1901] Fetching Digras (DIGR)
2026-09-04 00:30:08,937 | INFO | 🌐 Session warmed
2026-09-04 00:30:09,523 | INFO |    ↳ Status 403
2026-09-04 00:30:09,523 | WARNING |    ⚠ Blocked (403) retry 2
2026-09-04 00:30:09,637 | INFO | 🌐 Session warmed
2026-09-04 00:30:09,655 | INFO |    ↳ Status 403
2026-09-04 00:30:09,655 | WARNING |    ⚠ Blocked (403) retry 1
2026-09-04 00:30:09,749 | INFO | 🌐 Session warmed
2026-09-04 00:30:10,670 | INFO |    ↳ Status 403
2026-09-04 00:30:10,670 | WARNING |    ⚠ Blocked (403) retry 2
2026-09-04 00:30:10,761 | INFO | 🌐 Session warmed
2026-09-04 00:30:11,331 | INFO |    ↳ Status 403
2026-09-04 00:30:11,331 | WARNING |    ⚠ Blocked (403) retry 3
2026-09-04 00:30:11,443 | INFO | 🌐 Session warmed
2026-09-04 00:30:11,625 | INFO |    ↳ Status 403
2026-09-04 00:30:11,626 | WARNING |    ⚠ Blocked (403) retry 2
2026-09-04 00:30:11,718 | INFO | 🌐 Session warmed
2026-09-04 00:30:12,712 | INFO |    ↳ Status 403
2026-09-04 00:30:12,712 | WARNING |    ⚠ Blocked (403) retry 3
2026-09-04 00:30:12,806 | INFO | 🌐 Session warmed
2026-09-04 00:30:14,143 | INFO |    ↳ Status 403
2026-09-04 00:30:14,143 | WARNING |    ⚠ Blocked (403) retry 3
2026-09-04 00:30:14,233 | INFO | 🌐 Session warmed
2026-09-04 00:30:14,726 | INFO |    ↳ Status 403
2026-09-04 00:30:14,726 | WARNING |    ⚠ Blocked (403) retry 3
2026-09-04 00:30:14,834 | INFO | 🌐 Session warmed
2026-09-04 00:30:15,443 | INFO | [482/1901] Fetching Dildar Nagar (DLDR)
2026-09-04 00:30:16,326 | INFO |    ↳ Status 403
2026-09-04 00:30:16,326 | WARNING |    ⚠ Blocked (403) retry 1
2026-09-04 00:30:16,417 | INFO | 🌐 Session warmed
2026-09-04 00:30:16,806 | INFO | [483/1901] Fetching Dima Hasao (DMHO)
2026-09-04 00:30:17,810 | INFO |    ↳ Status 403
2026-09-04 00:30:17,811 | WARNING |    ⚠ Blocked (403) retry 1
2026-09-04 00:30:17,914 | INFO | 🌐 Session warmed
2026-09-04 00:30:18,158 | INFO |    ↳ Status 403
2026-09-04 00:30:18,158 | WARNING |    ⚠ Blocked (403) retry 2
2026-09-04 00:30:18,234 | INFO | [484/1901] Fetching Dimapur (DMPR)
2026-09-04 00:30:18,257 | INFO | 🌐 Session warmed
2026-09-04 00:30:18,834 | INFO | [485/1901] Fetching Dinanagar (DINA)
2026-09-04 00:30:19,585 | INFO |    ↳ Status 403
2026-09-04 00:30:19,585 | WARNING |    ⚠ Blocked (403) retry 1
2026-09-04 00:30:19,692 | INFO | 🌐 Session warmed
2026-09-04 00:30:19,816 | INFO |    ↳ Status 403
2026-09-04 00:30:19,816 | WARNING |    ⚠ Blocked (403) retry 1
2026-09-04 00:30:19,907 | INFO | 🌐 Session warmed
2026-09-04 00:30:20,307 | INFO |    ↳ Status 403
2026-09-04 00:30:20,307 | WARNING |    ⚠ Blocked (403) retry 2
2026-09-04 00:30:20,401 | INFO | 🌐 Session warmed
2026-09-04 00:30:21,510 | INFO |    ↳ Status 403
2026-09-04 00:30:21,510 | WARNING |    ⚠ Blocked (403) retry 3
2026-09-04 00:30:21,634 | INFO | 🌐 Session warmed
2026-09-04 00:30:22,006 | INFO |    ↳ Status 403
2026-09-04 00:30:22,006 | WARNING |    ⚠ Blocked (403) retry 2
2026-09-04 00:30:22,048 | INFO |    ↳ Status 403
2026-09-04 00:30:22,048 | WARNING |    ⚠ Blocked (403) retry 2
2026-09-04 00:30:22,101 | INFO | 🌐 Session warmed
2026-09-04 00:30:22,143 | INFO | 🌐 Session warmed
2026-09-04 00:30:23,215 | INFO |    ↳ Status 403
2026-09-04 00:30:23,215 | WARNING |    ⚠ Blocked (403) retry 3
2026-09-04 00:30:23,318 | INFO | 🌐 Session warmed
2026-09-04 00:30:24,767 | INFO |    ↳ Status 403
2026-09-04 00:30:24,767 | WARNING |    ⚠ Blocked (403) retry 3
2026-09-04 00:30:24,860 | INFO | 🌐 Session warmed
2026-09-04 00:30:25,051 | INFO |    ↳ Status 403
2026-09-04 00:30:25,051 | WARNING |    ⚠ Blocked (403) retry 3
2026-09-04 00:30:25,155 | INFO | 🌐 Session warmed
2026-09-04 00:30:25,635 | INFO | [486/1901] Fetching Dindigul (DIND)
2026-09-04 00:30:26,566 | INFO |    ↳ Status 403
2026-09-04 00:30:26,566 | WARNING |    ⚠ Blocked (403) retry 1
2026-09-04 00:30:26,660 | INFO | 🌐 Session warmed
2026-09-04 00:30:27,318 | INFO | [487/1901] Fetching Diphu (DIPH)
2026-09-04 00:30:28,223 | INFO |    ↳ Status 403
2026-09-04 00:30:28,223 | WARNING |    ⚠ Blocked (403) retry 1
2026-09-04 00:30:28,324 | INFO | 🌐 Session warmed
2026-09-04 00:30:28,759 | INFO |    ↳ Status 403
2026-09-04 00:30:28,759 | WARNING |    ⚠ Blocked (403) retry 2
2026-09-04 00:30:28,861 | INFO | [488/1901] Fetching Dirang (DGGD)
2026-09-04 00:30:28,866 | INFO | 🌐 Session warmed
2026-09-04 00:30:29,156 | INFO | [489/1901] Fetching Doddaballapura (DDBP)
2026-09-04 00:30:30,084 | INFO |    ↳ Status 403
2026-09-04 00:30:30,084 | WARNING |    ⚠ Blocked (403) retry 1
2026-09-04 00:30:30,191 | INFO | 🌐 Session warmed
2026-09-04 00:30:30,198 | INFO |    ↳ Status 403
2026-09-04 00:30:30,198 | WARNING |    ⚠ Blocked (403) retry 1
2026-09-04 00:30:30,279 | INFO | 🌐 Session warmed
2026-09-04 00:30:30,411 | INFO |    ↳ Status 403
2026-09-04 00:30:30,411 | WARNING |    ⚠ Blocked (403) retry 2
2026-09-04 00:30:30,510 | INFO | 🌐 Session warmed
2026-09-04 00:30:32,008 | INFO |    ↳ Status 403
2026-09-04 00:30:32,008 | WARNING |    ⚠ Blocked (403) retry 3
2026-09-04 00:30:32,126 | INFO | 🌐 Session warmed
2026-09-04 00:30:32,291 | INFO |    ↳ Status 403
2026-09-04 00:30:32,292 | WARNING |    ⚠ Blocked (403) retry 2
2026-09-04 00:30:32,386 | INFO | 🌐 Session warmed
2026-09-04 00:30:32,478 | INFO |    ↳ Status 403
2026-09-04 00:30:32,478 | WARNING |    ⚠ Blocked (403) retry 2
2026-09-04 00:30:32,602 | INFO | 🌐 Session warmed
2026-09-04 00:30:33,891 | INFO |    ↳ Status 403
2026-09-04 00:30:33,891 | WARNING |    ⚠ Blocked (403) retry 3
2026-09-04 00:30:34,009 | INFO | 🌐 Session warmed
2026-09-04 00:30:35,356 | INFO |    ↳ Status 403
2026-09-04 00:30:35,356 | WARNING |    ⚠ Blocked (403) retry 3
2026-09-04 00:30:35,477 | INFO | 🌐 Session warmed
2026-09-04 00:30:35,590 | INFO |    ↳ Status 403
2026-09-04 00:30:35,590 | WARNING |    ⚠ Blocked (403) retry 3
2026-09-04 00:30:35,745 | INFO | 🌐 Session warmed
2026-09-04 00:30:36,127 | INFO | [490/1901] Fetching Doimukh (MDHK)
2026-09-04 00:30:37,356 | INFO |    ↳ Status 403
2026-09-04 00:30:37,356 | WARNING |    ⚠ Blocked (403) retry 1
2026-09-04 00:30:37,448 | INFO | 🌐 Session warmed
2026-09-04 00:30:38,010 | INFO | [491/1901] Fetching Domkal (DMKL)
2026-09-04 00:30:39,291 | INFO |    ↳ Status 403
2026-09-04 00:30:39,291 | WARNING |    ⚠ Blocked (403) retry 1
2026-09-04 00:30:39,383 | INFO | 🌐 Session warmed
2026-09-04 00:30:39,477 | INFO | [492/1901] Fetching Dongargarh (DONG)
2026-09-04 00:30:39,551 | INFO |    ↳ Status 403
2026-09-04 00:30:39,551 | WARNING |    ⚠ Blocked (403) retry 2
2026-09-04 00:30:39,644 | INFO | 🌐 Session warmed
2026-09-04 00:30:39,746 | INFO | [493/1901] Fetching Doolahat Bazar (DLBZ)
2026-09-04 00:30:40,681 | INFO |    ↳ Status 403
2026-09-04 00:30:40,681 | WARNING |    ⚠ Blocked (403) retry 1
2026-09-04 00:30:40,712 | INFO |    ↳ Status 403
2026-09-04 00:30:40,712 | WARNING |    ⚠ Blocked (403) retry 1
2026-09-04 00:30:40,781 | INFO | 🌐 Session warmed
2026-09-04 00:30:40,822 | INFO | 🌐 Session warmed
2026-09-04 00:30:41,523 | INFO |    ↳ Status 403
2026-09-04 00:30:41,523 | WARNING |    ⚠ Blocked (403) retry 2
2026-09-04 00:30:41,619 | INFO | 🌐 Session warmed
2026-09-04 00:30:42,577 | INFO |    ↳ Status 403
2026-09-04 00:30:42,577 | WARNING |    ⚠ Blocked (403) retry 2
2026-09-04 00:30:42,628 | INFO |    ↳ Status 403
2026-09-04 00:30:42,629 | WARNING |    ⚠ Blocked (403) retry 3
2026-09-04 00:30:42,658 | INFO | 🌐 Session warmed
2026-09-04 00:30:42,725 | INFO | 🌐 Session warmed
2026-09-04 00:30:42,913 | INFO |    ↳ Status 403
2026-09-04 00:30:42,914 | WARNING |    ⚠ Blocked (403) retry 2
2026-09-04 00:30:43,021 | INFO | 🌐 Session warmed
2026-09-04 00:30:44,569 | INFO |    ↳ Status 403
2026-09-04 00:30:44,570 | WARNING |    ⚠ Blocked (403) retry 3
2026-09-04 00:30:44,677 | INFO | 🌐 Session warmed
2026-09-04 00:30:45,877 | INFO |    ↳ Status 403
2026-09-04 00:30:45,877 | WARNING |    ⚠ Blocked (403) retry 3
2026-09-04 00:30:45,921 | INFO |    ↳ Status 403
2026-09-04 00:30:45,921 | WARNING |    ⚠ Blocked (403) retry 3
2026-09-04 00:30:45,974 | INFO | 🌐 Session warmed
2026-09-04 00:30:46,037 | INFO | 🌐 Session warmed
2026-09-04 00:30:46,725 | INFO | [494/1901] Fetching Doraha (DORH)
2026-09-04 00:30:47,489 | INFO |    ↳ Status 403
2026-09-04 00:30:47,489 | WARNING |    ⚠ Blocked (403) retry 1
2026-09-04 00:30:47,596 | INFO | 🌐 Session warmed
2026-09-04 00:30:48,677 | INFO | [495/1901] Fetching Dornakal (DORN)
2026-09-04 00:30:49,649 | INFO |    ↳ Status 403
2026-09-04 00:30:49,649 | WARNING |    ⚠ Blocked (403) retry 1
2026-09-04 00:30:49,743 | INFO |    ↳ Status 403
2026-09-04 00:30:49,743 | WARNING |    ⚠ Blocked (403) retry 2
2026-09-04 00:30:49,760 | INFO | 🌐 Session warmed
2026-09-04 00:30:49,832 | INFO | 🌐 Session warmed
2026-09-04 00:30:49,975 | INFO | [496/1901] Fetching Dowlaiswaram (DOWL)
2026-09-04 00:30:50,038 | INFO | [497/1901] Fetching Draksharamam (DAKR)
2026-09-04 00:30:50,924 | INFO |    ↳ Status 403
2026-09-04 00:30:50,924 | WARNING |    ⚠ Blocked (403) retry 1
2026-09-04 00:30:51,018 | INFO | 🌐 Session warmed
2026-09-04 00:30:51,203 | INFO |    ↳ Status 403
2026-09-04 00:30:51,203 | WARNING |    ⚠ Blocked (403) retry 1
2026-09-04 00:30:51,282 | INFO | 🌐 Session warmed
2026-09-04 00:30:51,506 | INFO |    ↳ Status 403
2026-09-04 00:30:51,506 | WARNING |    ⚠ Blocked (403) retry 2
2026-09-04 00:30:51,599 | INFO | 🌐 Session warmed
2026-09-04 00:30:53,063 | INFO |    ↳ Status 403
2026-09-04 00:30:53,064 | WARNING |    ⚠ Blocked (403) retry 3
2026-09-04 00:30:53,179 | INFO |    ↳ Status 403
2026-09-04 00:30:53,179 | WARNING |    ⚠ Blocked (403) retry 2
2026-09-04 00:30:53,214 | INFO | 🌐 Session warmed
2026-09-04 00:30:53,280 | INFO | 🌐 Session warmed
2026-09-04 00:30:53,367 | INFO |    ↳ Status 403
2026-09-04 00:30:53,367 | WARNING |    ⚠ Blocked (403) retry 2
2026-09-04 00:30:53,463 | INFO | 🌐 Session warmed
2026-09-04 00:30:54,453 | INFO |    ↳ Status 403
2026-09-04 00:30:54,453 | WARNING |    ⚠ Blocked (403) retry 3
2026-09-04 00:30:54,556 | INFO | 🌐 Session warmed
2026-09-04 00:30:56,350 | INFO |    ↳ Status 403
2026-09-04 00:30:56,350 | WARNING |    ⚠ Blocked (403) retry 3
2026-09-04 00:30:56,466 | INFO | 🌐 Session warmed
2026-09-04 00:30:56,860 | INFO |    ↳ Status 403
2026-09-04 00:30:56,860 | WARNING |    ⚠ Blocked (403) retry 3
2026-09-04 00:30:56,985 | INFO | 🌐 Session warmed
2026-09-04 00:30:57,214 | INFO | [498/1901] Fetching Dubbaka (DBBK)
2026-09-04 00:30:58,087 | INFO |    ↳ Status 403
2026-09-04 00:30:58,087 | WARNING |    ⚠ Blocked (403) retry 1
2026-09-04 00:30:58,177 | INFO | 🌐 Session warmed
2026-09-04 00:30:58,556 | INFO | [499/1901] Fetching Dubrajpur (DUBR)
2026-09-04 00:30:59,426 | INFO |    ↳ Status 403
2026-09-04 00:30:59,426 | WARNING |    ⚠ Blocked (403) retry 1
2026-09-04 00:30:59,538 | INFO | 🌐 Session warmed
2026-09-04 00:31:00,213 | INFO |    ↳ Status 403
2026-09-04 00:31:00,213 | WARNING |    ⚠ Blocked (403) retry 2
2026-09-04 00:31:00,308 | INFO | 🌐 Session warmed
2026-09-04 00:31:00,466 | INFO | [500/1901] Fetching Dudhi (DUDH)
2026-09-04 00:31:00,985 | INFO | [501/1901] Fetching Dumka (DUMKA)
2026-09-04 00:31:01,415 | INFO |    ↳ Status 403
2026-09-04 00:31:01,415 | WARNING |    ⚠ Blocked (403) retry 2
2026-09-04 00:31:01,506 | INFO | 🌐 Session warmed
2026-09-04 00:31:01,542 | INFO |    ↳ Status 403
2026-09-04 00:31:01,542 | WARNING |    ⚠ Blocked (403) retry 1
2026-09-04 00:31:01,647 | INFO | 🌐 Session warmed
2026-09-04 00:31:02,359 | INFO |    ↳ Status 403
2026-09-04 00:31:02,359 | WARNING |    ⚠ Blocked (403) retry 1
2026-09-04 00:31:02,453 | INFO | 🌐 Session warmed
2026-09-04 00:31:03,515 | INFO |    ↳ Status 403
2026-09-04 00:31:03,515 | WARNING |    ⚠ Blocked (403) retry 3
2026-09-04 00:31:03,606 | INFO | 🌐 Session warmed
2026-09-04 00:31:03,873 | INFO |    ↳ Status 403
2026-09-04 00:31:03,873 | WARNING |    ⚠ Blocked (403) retry 2
2026-09-04 00:31:03,990 | INFO | 🌐 Session warmed
2026-09-04 00:31:04,581 | INFO |    ↳ Status 403
2026-09-04 00:31:04,581 | WARNING |    ⚠ Blocked (403) retry 2
2026-09-04 00:31:04,686 | INFO | 🌐 Session warmed
2026-09-04 00:31:04,790 | INFO |    ↳ Status 403
2026-09-04 00:31:04,791 | WARNING |    ⚠ Blocked (403) retry 3
2026-09-04 00:31:04,882 | INFO | 🌐 Session warmed
2026-09-04 00:31:06,848 | INFO |    ↳ Status 403
2026-09-04 00:31:06,848 | WARNING |    ⚠ Blocked (403) retry 3
2026-09-04 00:31:06,957 | INFO | 🌐 Session warmed
2026-09-04 00:31:07,403 | INFO |    ↳ Status 403
2026-09-04 00:31:07,403 | WARNING |    ⚠ Blocked (403) retry 3
2026-09-04 00:31:07,524 | INFO | 🌐 Session warmed
2026-09-04 00:31:07,606 | INFO | [502/1901] Fetching Dungarpur (DUNG)
2026-09-04 00:31:08,882 | INFO | [503/1901] Fetching Durg (DURG)
2026-09-04 00:31:08,885 | INFO |    ↳ Status 403
2026-09-04 00:31:08,885 | WARNING |    ⚠ Blocked (403) retry 1
2026-09-04 00:31:08,977 | INFO | 🌐 Session warmed
2026-09-04 00:31:09,902 | INFO |    ↳ Status 403
2026-09-04 00:31:09,902 | WARNING |    ⚠ Blocked (403) retry 1
2026-09-04 00:31:10,031 | INFO | 🌐 Session warmed
2026-09-04 00:31:10,752 | INFO |    ↳ Status 403
2026-09-04 00:31:10,752 | WARNING |    ⚠ Blocked (403) retry 2
2026-09-04 00:31:10,864 | INFO | 🌐 Session warmed
2026-09-04 00:31:10,958 | INFO | [504/1901] Fetching Durgapur (DURGA)
2026-09-04 00:31:11,524 | INFO | [505/1901] Fetching Dwarka (DWAR)
2026-09-04 00:31:11,611 | INFO |    ↳ Status 403
2026-09-04 00:31:11,612 | WARNING |    ⚠ Blocked (403) retry 1
2026-09-04 00:31:11,709 | INFO | 🌐 Session warmed
2026-09-04 00:31:11,728 | INFO |    ↳ Status 403
2026-09-04 00:31:11,729 | WARNING |    ⚠ Blocked (403) retry 2
2026-09-04 00:31:11,853 | INFO | 🌐 Session warmed
2026-09-04 00:31:12,260 | INFO |    ↳ Status 403
2026-09-04 00:31:12,260 | WARNING |    ⚠ Blocked (403) retry 1
2026-09-04 00:31:12,389 | INFO | 🌐 Session warmed
2026-09-04 00:31:13,996 | INFO |    ↳ Status 403
2026-09-04 00:31:13,996 | WARNING |    ⚠ Blocked (403) retry 2
2026-09-04 00:31:14,034 | INFO |    ↳ Status 403
2026-09-04 00:31:14,034 | WARNING |    ⚠ Blocked (403) retry 3
2026-09-04 00:31:14,100 | INFO | 🌐 Session warmed
2026-09-04 00:31:14,150 | INFO |    ↳ Status 403
2026-09-04 00:31:14,150 | WARNING |    ⚠ Blocked (403) retry 2
2026-09-04 00:31:14,157 | INFO | 🌐 Session warmed
2026-09-04 00:31:14,267 | INFO | 🌐 Session warmed
2026-09-04 00:31:15,097 | INFO |    ↳ Status 403
2026-09-04 00:31:15,097 | WARNING |    ⚠ Blocked (403) retry 3
2026-09-04 00:31:15,197 | INFO | 🌐 Session warmed
2026-09-04 00:31:17,200 | INFO |    ↳ Status 403
2026-09-04 00:31:17,200 | WARNING |    ⚠ Blocked (403) retry 3
2026-09-04 00:31:17,236 | INFO |    ↳ Status 403
2026-09-04 00:31:17,236 | WARNING |    ⚠ Blocked (403) retry 3
2026-09-04 00:31:17,324 | INFO | 🌐 Session warmed
2026-09-04 00:31:17,350 | INFO | 🌐 Session warmed
2026-09-04 00:31:18,158 | INFO | [506/1901] Fetching East Godavari (ESTG)
2026-09-04 00:31:19,198 | INFO | [507/1901] Fetching Edappal (EDPL)
2026-09-04 00:31:19,399 | INFO |    ↳ Status 403
2026-09-04 00:31:19,399 | WARNING |    ⚠ Blocked (403) retry 1
2026-09-04 00:31:19,510 | INFO | 🌐 Session warmed
2026-09-04 00:31:20,055 | INFO |    ↳ Status 403
2026-09-04 00:31:20,055 | WARNING |    ⚠ Blocked (403) retry 1
2026-09-04 00:31:20,150 | INFO | 🌐 Session warmed
2026-09-04 00:31:21,195 | INFO |    ↳ Status 403
2026-09-04 00:31:21,195 | WARNING |    ⚠ Blocked (403) retry 2
2026-09-04 00:31:21,301 | INFO | 🌐 Session warmed
2026-09-04 00:31:21,325 | INFO | [508/1901] Fetching Edlapadu (EDLP)
2026-09-04 00:31:21,350 | INFO | [509/1901] Fetching Ekma (EKMA)
2026-09-04 00:31:22,108 | INFO |    ↳ Status 403
2026-09-04 00:31:22,109 | WARNING |    ⚠ Blocked (403) retry 2
2026-09-04 00:31:22,207 | INFO | 🌐 Session warmed
2026-09-04 00:31:22,239 | INFO |    ↳ Status 403
2026-09-04 00:31:22,240 | WARNING |    ⚠ Blocked (403) retry 1
2026-09-04 00:31:22,341 | INFO | 🌐 Session warmed
2026-09-04 00:31:22,472 | INFO |    ↳ Status 403
2026-09-04 00:31:22,472 | WARNING |    ⚠ Blocked (403) retry 1
2026-09-04 00:31:22,594 | INFO | 🌐 Session warmed
2026-09-04 00:31:24,354 | INFO |    ↳ Status 403
2026-09-04 00:31:24,354 | WARNING |    ⚠ Blocked (403) retry 3
2026-09-04 00:31:24,472 | INFO | 🌐 Session warmed
2026-09-04 00:31:24,568 | INFO |    ↳ Status 403
2026-09-04 00:31:24,568 | WARNING |    ⚠ Blocked (403) retry 2
2026-09-04 00:31:24,657 | INFO | 🌐 Session warmed
2026-09-04 00:31:24,701 | INFO |    ↳ Status 403
2026-09-04 00:31:24,701 | WARNING |    ⚠ Blocked (403) retry 2
2026-09-04 00:31:24,789 | INFO | 🌐 Session warmed
2026-09-04 00:31:25,279 | INFO |    ↳ Status 403
2026-09-04 00:31:25,279 | WARNING |    ⚠ Blocked (403) retry 3
2026-09-04 00:31:25,372 | INFO | 🌐 Session warmed
2026-09-04 00:31:27,658 | INFO |    ↳ Status 403
2026-09-04 00:31:27,658 | WARNING |    ⚠ Blocked (403) retry 3
2026-09-04 00:31:27,781 | INFO | 🌐 Session warmed
2026-09-04 00:31:28,009 | INFO |    ↳ Status 403
2026-09-04 00:31:28,009 | WARNING |    ⚠ Blocked (403) retry 3
2026-09-04 00:31:28,136 | INFO | 🌐 Session warmed
2026-09-04 00:31:28,473 | INFO | [510/1901] Fetching Elesvaram (ELES)
2026-09-04 00:31:29,373 | INFO | [511/1901] Fetching Eluru (ELRU)
2026-09-04 00:31:29,818 | INFO |    ↳ Status 403
2026-09-04 00:31:29,818 | WARNING |    ⚠ Blocked (403) retry 1
2026-09-04 00:31:29,923 | INFO | 🌐 Session warmed
2026-09-04 00:31:30,109 | INFO |    ↳ Status 403
2026-09-04 00:31:30,109 | WARNING |    ⚠ Blocked (403) retry 1
2026-09-04 00:31:30,221 | INFO | 🌐 Session warmed
2026-09-04 00:31:31,782 | INFO | [512/1901] Fetching Enkoor (ENKR)
2026-09-04 00:31:31,879 | INFO |    ↳ Status 403
2026-09-04 00:31:31,879 | WARNING |    ⚠ Blocked (403) retry 2
2026-09-04 00:31:31,993 | INFO | 🌐 Session warmed
2026-09-04 00:31:32,087 | INFO |    ↳ Status 403
2026-09-04 00:31:32,087 | WARNING |    ⚠ Blocked (403) retry 2
2026-09-04 00:31:32,136 | INFO | [513/1901] Fetching Eramalloor (ERMR)
2026-09-04 00:31:32,176 | INFO | 🌐 Session warmed
2026-09-04 00:31:32,459 | INFO |    ↳ Status 403
2026-09-04 00:31:32,459 | WARNING |    ⚠ Blocked (403) retry 1
2026-09-04 00:31:32,551 | INFO | 🌐 Session warmed
2026-09-04 00:31:33,219 | INFO |    ↳ Status 403
2026-09-04 00:31:33,219 | WARNING |    ⚠ Blocked (403) retry 1
2026-09-04 00:31:33,329 | INFO | 🌐 Session warmed
2026-09-04 00:31:34,475 | INFO |    ↳ Status 403
2026-09-04 00:31:34,475 | WARNING |    ⚠ Blocked (403) retry 2
2026-09-04 00:31:34,592 | INFO | 🌐 Session warmed
2026-09-04 00:31:34,813 | INFO |    ↳ Status 403
2026-09-04 00:31:34,813 | WARNING |    ⚠ Blocked (403) retry 3
2026-09-04 00:31:34,817 | INFO |    ↳ Status 403
2026-09-04 00:31:34,817 | WARNING |    ⚠ Blocked (403) retry 3
2026-09-04 00:31:34,924 | INFO | 🌐 Session warmed
2026-09-04 00:31:34,956 | INFO | 🌐 Session warmed
2026-09-04 00:31:35,277 | INFO |    ↳ Status 403
2026-09-04 00:31:35,277 | WARNING |    ⚠ Blocked (403) retry 2
2026-09-04 00:31:35,370 | INFO | 🌐 Session warmed
2026-09-04 00:31:37,564 | INFO |    ↳ Status 403
2026-09-04 00:31:37,564 | WARNING |    ⚠ Blocked (403) retry 3
2026-09-04 00:31:37,664 | INFO | 🌐 Session warmed
2026-09-04 00:31:38,109 | INFO |    ↳ Status 403
2026-09-04 00:31:38,109 | WARNING |    ⚠ Blocked (403) retry 3
2026-09-04 00:31:38,240 | INFO | 🌐 Session warmed
2026-09-04 00:31:38,925 | INFO | [514/1901] Fetching Erandol (ERAN)
2026-09-04 00:31:38,956 | INFO | [515/1901] Fetching Erattupetta (ERAT)
2026-09-04 00:31:39,694 | INFO |    ↳ Status 403
2026-09-04 00:31:39,694 | WARNING |    ⚠ Blocked (403) retry 1
2026-09-04 00:31:39,794 | INFO | 🌐 Session warmed
2026-09-04 00:31:40,334 | INFO |    ↳ Status 403
2026-09-04 00:31:40,335 | WARNING |    ⚠ Blocked (403) retry 1
2026-09-04 00:31:40,421 | INFO | 🌐 Session warmed
2026-09-04 00:31:41,504 | INFO |    ↳ Status 403
2026-09-04 00:31:41,504 | WARNING |    ⚠ Blocked (403) retry 2
2026-09-04 00:31:41,609 | INFO | 🌐 Session warmed
2026-09-04 00:31:41,665 | INFO | [516/1901] Fetching Ernakulam (ERNK)
2026-09-04 00:31:42,228 | INFO |    ↳ Status 403
2026-09-04 00:31:42,229 | WARNING |    ⚠ Blocked (403) retry 2
2026-09-04 00:31:42,241 | INFO | [517/1901] Fetching Erode (EROD)
2026-09-04 00:31:42,325 | INFO | 🌐 Session warmed
2026-09-04 00:31:42,487 | INFO |    ↳ Status 403
2026-09-04 00:31:42,487 | WARNING |    ⚠ Blocked (403) retry 1
2026-09-04 00:31:42,600 | INFO | 🌐 Session warmed
2026-09-04 00:31:43,430 | INFO |    ↳ Status 403
2026-09-04 00:31:43,430 | WARNING |    ⚠ Blocked (403) retry 1
2026-09-04 00:31:43,525 | INFO | 🌐 Session warmed
2026-09-04 00:31:44,247 | INFO |    ↳ Status 403
2026-09-04 00:31:44,247 | WARNING |    ⚠ Blocked (403) retry 3
2026-09-04 00:31:44,363 | INFO | 🌐 Session warmed
2026-09-04 00:31:44,460 | INFO |    ↳ Status 403
2026-09-04 00:31:44,460 | WARNING |    ⚠ Blocked (403) retry 2
2026-09-04 00:31:44,588 | INFO | 🌐 Session warmed
2026-09-04 00:31:45,296 | INFO |    ↳ Status 403
2026-09-04 00:31:45,296 | WARNING |    ⚠ Blocked (403) retry 2
2026-09-04 00:31:45,388 | INFO | 🌐 Session warmed
2026-09-04 00:31:45,630 | INFO |    ↳ Status 403
2026-09-04 00:31:45,630 | WARNING |    ⚠ Blocked (403) retry 3
2026-09-04 00:31:45,745 | INFO | 🌐 Session warmed
2026-09-04 00:31:47,361 | INFO |    ↳ Status 403
2026-09-04 00:31:47,361 | WARNING |    ⚠ Blocked (403) retry 3
2026-09-04 00:31:47,466 | INFO | 🌐 Session warmed
2026-09-04 00:31:48,363 | INFO | [518/1901] Fetching Etah (ETAH)
2026-09-04 00:31:48,632 | INFO |    ↳ Status 403
2026-09-04 00:31:48,632 | WARNING |    ⚠ Blocked (403) retry 3
2026-09-04 00:31:48,735 | INFO | 🌐 Session warmed
2026-09-04 00:31:48,994 | INFO |    ↳ Status 403
2026-09-04 00:31:48,994 | WARNING |    ⚠ Blocked (403) retry 1
2026-09-04 00:31:49,118 | INFO | 🌐 Session warmed
2026-09-04 00:31:49,746 | INFO | [519/1901] Fetching Etawah (ETWH)
2026-09-04 00:31:50,507 | INFO |    ↳ Status 403
2026-09-04 00:31:50,507 | WARNING |    ⚠ Blocked (403) retry 1
2026-09-04 00:31:50,596 | INFO | 🌐 Session warmed
2026-09-04 00:31:51,341 | INFO |    ↳ Status 403
2026-09-04 00:31:51,341 | WARNING |    ⚠ Blocked (403) retry 2
2026-09-04 00:31:51,439 | INFO | 🌐 Session warmed
2026-09-04 00:31:51,466 | INFO | [520/1901] Fetching Ettumanoor (ETTU)
2026-09-04 00:31:52,107 | INFO |    ↳ Status 403
2026-09-04 00:31:52,107 | WARNING |    ⚠ Blocked (403) retry 1
2026-09-04 00:31:52,211 | INFO | 🌐 Session warmed
2026-09-04 00:31:52,667 | INFO |    ↳ Status 403
2026-09-04 00:31:52,667 | WARNING |    ⚠ Blocked (403) retry 2
2026-09-04 00:31:52,735 | INFO | [521/1901] Fetching Eturnagaram (ETNR)
2026-09-04 00:31:52,758 | INFO | 🌐 Session warmed
2026-09-04 00:31:53,550 | INFO |    ↳ Status 403
2026-09-04 00:31:53,550 | WARNING |    ⚠ Blocked (403) retry 1
2026-09-04 00:31:53,636 | INFO | 🌐 Session warmed
2026-09-04 00:31:54,120 | INFO |    ↳ Status 403
2026-09-04 00:31:54,120 | WARNING |    ⚠ Blocked (403) retry 2
2026-09-04 00:31:54,231 | INFO | 🌐 Session warmed
2026-09-04 00:31:54,261 | INFO |    ↳ Status 403
2026-09-04 00:31:54,261 | WARNING |    ⚠ Blocked (403) retry 3
2026-09-04 00:31:54,349 | INFO | 🌐 Session warmed
2026-09-04 00:31:55,645 | INFO |    ↳ Status 403
2026-09-04 00:31:55,645 | WARNING |    ⚠ Blocked (403) retry 3
2026-09-04 00:31:55,768 | INFO | 🌐 Session warmed
2026-09-04 00:31:55,981 | INFO |    ↳ Status 403
2026-09-04 00:31:55,981 | WARNING |    ⚠ Blocked (403) retry 2
2026-09-04 00:31:56,081 | INFO | 🌐 Session warmed
2026-09-04 00:31:57,190 | INFO |    ↳ Status 403
2026-09-04 00:31:57,190 | WARNING |    ⚠ Blocked (403) retry 3
2026-09-04 00:31:57,297 | INFO | 🌐 Session warmed
2026-09-04 00:31:58,350 | INFO | [522/1901] Fetching Faizabad (FAZA)
2026-09-04 00:31:59,197 | INFO |    ↳ Status 403
2026-09-04 00:31:59,197 | WARNING |    ⚠ Blocked (403) retry 3
2026-09-04 00:31:59,219 | INFO |    ↳ Status 403
2026-09-04 00:31:59,219 | WARNING |    ⚠ Blocked (403) retry 1
2026-09-04 00:31:59,304 | INFO | 🌐 Session warmed
2026-09-04 00:31:59,332 | INFO | 🌐 Session warmed
2026-09-04 00:31:59,768 | INFO | [523/1901] Fetching Falakata (FALA)
2026-09-04 00:32:00,995 | INFO |    ↳ Status 403
2026-09-04 00:32:00,995 | WARNING |    ⚠ Blocked (403) retry 1
2026-09-04 00:32:01,087 | INFO | 🌐 Session warmed
2026-09-04 00:32:01,297 | INFO | [524/1901] Fetching Falna (FALN)
2026-09-04 00:32:01,397 | INFO |    ↳ Status 403
2026-09-04 00:32:01,397 | WARNING |    ⚠ Blocked (403) retry 2
2026-09-04 00:32:01,531 | INFO | 🌐 Session warmed
2026-09-04 00:32:02,525 | INFO |    ↳ Status 403
2026-09-04 00:32:02,525 | WARNING |    ⚠ Blocked (403) retry 1
2026-09-04 00:32:02,626 | INFO | 🌐 Session warmed
2026-09-04 00:32:03,305 | INFO | [525/1901] Fetching Faridkot (DKOT)
2026-09-04 00:32:03,413 | INFO |    ↳ Status 403
2026-09-04 00:32:03,413 | WARNING |    ⚠ Blocked (403) retry 2
2026-09-04 00:32:03,506 | INFO | 🌐 Session warmed
2026-09-04 00:32:04,307 | INFO |    ↳ Status 403
2026-09-04 00:32:04,308 | WARNING |    ⚠ Blocked (403) retry 1
2026-09-04 00:32:04,416 | INFO | 🌐 Session warmed
2026-09-04 00:32:04,594 | INFO |    ↳ Status 403
2026-09-04 00:32:04,594 | WARNING |    ⚠ Blocked (403) retry 2
2026-09-04 00:32:04,603 | INFO |    ↳ Status 403
2026-09-04 00:32:04,603 | WARNING |    ⚠ Blocked (403) retry 3
2026-09-04 00:32:04,722 | INFO | 🌐 Session warmed
2026-09-04 00:32:04,729 | INFO | 🌐 Session warmed
2026-09-04 00:32:06,333 | INFO |    ↳ Status 403
2026-09-04 00:32:06,333 | WARNING |    ⚠ Blocked (403) retry 2
2026-09-04 00:32:06,378 | INFO |    ↳ Status 403
2026-09-04 00:32:06,378 | WARNING |    ⚠ Blocked (403) retry 3
2026-09-04 00:32:06,450 | INFO | 🌐 Session warmed
2026-09-04 00:32:06,498 | INFO | 🌐 Session warmed
2026-09-04 00:32:08,082 | INFO |    ↳ Status 403
2026-09-04 00:32:08,083 | WARNING |    ⚠ Blocked (403) retry 3
2026-09-04 00:32:08,202 | INFO | 🌐 Session warmed
2026-09-04 00:32:08,722 | INFO | [526/1901] Fetching Farrukhabad (FARU)
2026-09-04 00:32:09,150 | INFO |    ↳ Status 403
2026-09-04 00:32:09,150 | WARNING |    ⚠ Blocked (403) retry 3
2026-09-04 00:32:09,252 | INFO | 🌐 Session warmed
2026-09-04 00:32:09,575 | INFO |    ↳ Status 403
2026-09-04 00:32:09,575 | WARNING |    ⚠ Blocked (403) retry 1
2026-09-04 00:32:09,684 | INFO | 🌐 Session warmed
2026-09-04 00:32:10,499 | INFO | [527/1901] Fetching Fatehabad (FATD)
2026-09-04 00:32:11,751 | INFO |    ↳ Status 403
2026-09-04 00:32:11,751 | WARNING |    ⚠ Blocked (403) retry 1
2026-09-04 00:32:11,858 | INFO | 🌐 Session warmed
2026-09-04 00:32:11,919 | INFO |    ↳ Status 403
2026-09-04 00:32:11,919 | WARNING |    ⚠ Blocked (403) retry 2
2026-09-04 00:32:12,030 | INFO | 🌐 Session warmed
2026-09-04 00:32:12,202 | INFO | [528/1901] Fetching Fatehgarh Sahib (FASA)
2026-09-04 00:32:12,892 | INFO |    ↳ Status 403
2026-09-04 00:32:12,892 | WARNING |    ⚠ Blocked (403) retry 1
2026-09-04 00:32:13,004 | INFO | 🌐 Session warmed
2026-09-04 00:32:13,253 | INFO | [529/1901] Fetching Fatehpur (FATE)
2026-09-04 00:32:13,733 | INFO |    ↳ Status 403
2026-09-04 00:32:13,733 | WARNING |    ⚠ Blocked (403) retry 2
2026-09-04 00:32:13,838 | INFO | 🌐 Session warmed
2026-09-04 00:32:14,389 | INFO |    ↳ Status 403
2026-09-04 00:32:14,389 | WARNING |    ⚠ Blocked (403) retry 1
2026-09-04 00:32:14,499 | INFO | 🌐 Session warmed
2026-09-04 00:32:15,186 | INFO |    ↳ Status 403
2026-09-04 00:32:15,186 | WARNING |    ⚠ Blocked (403) retry 2
2026-09-04 00:32:15,312 | INFO | 🌐 Session warmed
2026-09-04 00:32:15,314 | INFO |    ↳ Status 403
2026-09-04 00:32:15,314 | WARNING |    ⚠ Blocked (403) retry 3
2026-09-04 00:32:15,426 | INFO | 🌐 Session warmed
2026-09-04 00:32:16,280 | INFO |    ↳ Status 403
2026-09-04 00:32:16,280 | WARNING |    ⚠ Blocked (403) retry 2
2026-09-04 00:32:16,376 | INFO | 🌐 Session warmed
2026-09-04 00:32:16,667 | INFO |    ↳ Status 403
2026-09-04 00:32:16,667 | WARNING |    ⚠ Blocked (403) retry 3
2026-09-04 00:32:16,776 | INFO | 🌐 Session warmed
2026-09-04 00:32:18,462 | INFO |    ↳ Status 403
2026-09-04 00:32:18,462 | WARNING |    ⚠ Blocked (403) retry 3
2026-09-04 00:32:18,573 | INFO | 🌐 Session warmed
2026-09-04 00:32:19,356 | INFO |    ↳ Status 403
2026-09-04 00:32:19,356 | WARNING |    ⚠ Blocked (403) retry 3
2026-09-04 00:32:19,426 | INFO | [530/1901] Fetching Fatehpur(Rajasthan) (FATR)
2026-09-04 00:32:19,456 | INFO | 🌐 Session warmed
2026-09-04 00:32:20,684 | INFO |    ↳ Status 403
2026-09-04 00:32:20,684 | WARNING |    ⚠ Blocked (403) retry 1
2026-09-04 00:32:20,776 | INFO | [531/1901] Fetching Fazilka (FAKA)
2026-09-04 00:32:20,778 | INFO | 🌐 Session warmed
2026-09-04 00:32:21,708 | INFO |    ↳ Status 403
2026-09-04 00:32:21,708 | WARNING |    ⚠ Blocked (403) retry 1
2026-09-04 00:32:21,811 | INFO | 🌐 Session warmed
2026-09-04 00:32:22,573 | INFO | [532/1901] Fetching Firozabad (FRZD)
2026-09-04 00:32:22,759 | INFO |    ↳ Status 403
2026-09-04 00:32:22,760 | WARNING |    ⚠ Blocked (403) retry 2
2026-09-04 00:32:22,857 | INFO | 🌐 Session warmed
2026-09-04 00:32:23,456 | INFO | [533/1901] Fetching Firozpur (FRZR)
2026-09-04 00:32:23,486 | INFO |    ↳ Status 403
2026-09-04 00:32:23,486 | WARNING |    ⚠ Blocked (403) retry 1
2026-09-04 00:32:23,579 | INFO | 🌐 Session warmed
2026-09-04 00:32:23,826 | INFO |    ↳ Status 403
2026-09-04 00:32:23,827 | WARNING |    ⚠ Blocked (403) retry 2
2026-09-04 00:32:23,927 | INFO | 🌐 Session warmed
2026-09-04 00:32:24,641 | INFO |    ↳ Status 403
2026-09-04 00:32:24,641 | WARNING |    ⚠ Blocked (403) retry 1
2026-09-04 00:32:24,739 | INFO | 🌐 Session warmed
2026-09-04 00:32:25,492 | INFO |    ↳ Status 403
2026-09-04 00:32:25,492 | WARNING |    ⚠ Blocked (403) retry 2
2026-09-04 00:32:25,592 | INFO | 🌐 Session warmed
2026-09-04 00:32:25,881 | INFO |    ↳ Status 403
2026-09-04 00:32:25,881 | WARNING |    ⚠ Blocked (403) retry 3
2026-09-04 00:32:25,977 | INFO | 🌐 Session warmed
2026-09-04 00:32:26,640 | INFO |    ↳ Status 403
2026-09-04 00:32:26,640 | WARNING |    ⚠ Blocked (403) retry 2
2026-09-04 00:32:26,647 | INFO |    ↳ Status 403
2026-09-04 00:32:26,647 | WARNING |    ⚠ Blocked (403) retry 3
2026-09-04 00:32:26,732 | INFO | 🌐 Session warmed
2026-09-04 00:32:26,753 | INFO | 🌐 Session warmed
2026-09-04 00:32:28,905 | INFO |    ↳ Status 403
2026-09-04 00:32:28,905 | WARNING |    ⚠ Blocked (403) retry 3
2026-09-04 00:32:29,002 | INFO | 🌐 Session warmed
2026-09-04 00:32:29,375 | INFO |    ↳ Status 403
2026-09-04 00:32:29,375 | WARNING |    ⚠ Blocked (403) retry 3
2026-09-04 00:32:29,500 | INFO | 🌐 Session warmed
2026-09-04 00:32:29,978 | INFO | [534/1901] Fetching Forbesganj (FORB)
2026-09-04 00:32:30,733 | INFO |    ↳ Status 403
2026-09-04 00:32:30,733 | WARNING |    ⚠ Blocked (403) retry 1
2026-09-04 00:32:30,754 | INFO | [535/1901] Fetching France (FCR)
2026-09-04 00:32:30,836 | INFO | 🌐 Session warmed
2026-09-04 00:32:31,941 | INFO |    ↳ Status 403
2026-09-04 00:32:31,941 | WARNING |    ⚠ Blocked (403) retry 1
2026-09-04 00:32:32,046 | INFO | 🌐 Session warmed
2026-09-04 00:32:33,002 | INFO | [536/1901] Fetching Fulkusma (FULK)
2026-09-04 00:32:33,214 | INFO |    ↳ Status 403
2026-09-04 00:32:33,214 | WARNING |    ⚠ Blocked (403) retry 2
2026-09-04 00:32:33,319 | INFO | 🌐 Session warmed
2026-09-04 00:32:33,500 | INFO | [537/1901] Fetching G.Mamidada (GMAD)
2026-09-04 00:32:34,122 | INFO |    ↳ Status 403
2026-09-04 00:32:34,122 | WARNING |    ⚠ Blocked (403) retry 2
2026-09-04 00:32:34,220 | INFO | 🌐 Session warmed
2026-09-04 00:32:34,387 | INFO |    ↳ Status 403
2026-09-04 00:32:34,388 | WARNING |    ⚠ Blocked (403) retry 1
2026-09-04 00:32:34,426 | INFO |    ↳ Status 403
2026-09-04 00:32:34,426 | WARNING |    ⚠ Blocked (403) retry 1
2026-09-04 00:32:34,506 | INFO | 🌐 Session warmed
2026-09-04 00:32:34,528 | INFO | 🌐 Session warmed
2026-09-04 00:32:36,470 | INFO |    ↳ Status 403
2026-09-04 00:32:36,470 | WARNING |    ⚠ Blocked (403) retry 3
2026-09-04 00:32:36,566 | INFO | 🌐 Session warmed
2026-09-04 00:32:36,577 | INFO |    ↳ Status 403
2026-09-04 00:32:36,577 | WARNING |    ⚠ Blocked (403) retry 2
2026-09-04 00:32:36,667 | INFO | 🌐 Session warmed
2026-09-04 00:32:36,889 | INFO |    ↳ Status 403
2026-09-04 00:32:36,889 | WARNING |    ⚠ Blocked (403) retry 2
2026-09-04 00:32:36,969 | INFO | 🌐 Session warmed
2026-09-04 00:32:36,982 | INFO |    ↳ Status 403
2026-09-04 00:32:36,982 | WARNING |    ⚠ Blocked (403) retry 3
2026-09-04 00:32:37,087 | INFO | 🌐 Session warmed
2026-09-04 00:32:39,323 | INFO |    ↳ Status 403
2026-09-04 00:32:39,323 | WARNING |    ⚠ Blocked (403) retry 3
2026-09-04 00:32:39,457 | INFO | 🌐 Session warmed
2026-09-04 00:32:39,715 | INFO |    ↳ Status 403
2026-09-04 00:32:39,715 | WARNING |    ⚠ Blocked (403) retry 3
2026-09-04 00:32:39,818 | INFO | 🌐 Session warmed
2026-09-04 00:32:40,567 | INFO | [538/1901] Fetching Gadag (GADG)
2026-09-04 00:32:41,088 | INFO | [539/1901] Fetching Gadarwara (GDWR)
2026-09-04 00:32:41,768 | INFO |    ↳ Status 403
2026-09-04 00:32:41,769 | WARNING |    ⚠ Blocked (403) retry 1
2026-09-04 00:32:41,877 | INFO | 🌐 Session warmed
2026-09-04 00:32:41,984 | INFO |    ↳ Status 403
2026-09-04 00:32:41,984 | WARNING |    ⚠ Blocked (403) retry 1
2026-09-04 00:32:42,078 | INFO | 🌐 Session warmed
2026-09-04 00:32:43,457 | INFO | [540/1901] Fetching Gadchiroli (GDRO)
2026-09-04 00:32:43,818 | INFO | [541/1901] Fetching Gadwal (GADW)
2026-09-04 00:32:44,174 | INFO |    ↳ Status 403
2026-09-04 00:32:44,174 | WARNING |    ⚠ Blocked (403) retry 1
2026-09-04 00:32:44,237 | INFO |    ↳ Status 403
2026-09-04 00:32:44,237 | WARNING |    ⚠ Blocked (403) retry 2
2026-09-04 00:32:44,303 | INFO | 🌐 Session warmed
2026-09-04 00:32:44,354 | INFO | 🌐 Session warmed
2026-09-04 00:32:44,476 | INFO |    ↳ Status 403
2026-09-04 00:32:44,476 | WARNING |    ⚠ Blocked (403) retry 2
2026-09-04 00:32:44,579 | INFO | 🌐 Session warmed
2026-09-04 00:32:45,193 | INFO |    ↳ Status 403
2026-09-04 00:32:45,194 | WARNING |    ⚠ Blocked (403) retry 1
2026-09-04 00:32:45,291 | INFO | 🌐 Session warmed
2026-09-04 00:32:46,077 | INFO |    ↳ Status 403
2026-09-04 00:32:46,077 | WARNING |    ⚠ Blocked (403) retry 2
2026-09-04 00:32:46,170 | INFO | 🌐 Session warmed
2026-09-04 00:32:47,101 | INFO |    ↳ Status 403
2026-09-04 00:32:47,101 | WARNING |    ⚠ Blocked (403) retry 3
2026-09-04 00:32:47,190 | INFO | 🌐 Session warmed
2026-09-04 00:32:47,446 | INFO |    ↳ Status 403
2026-09-04 00:32:47,446 | WARNING |    ⚠ Blocked (403) retry 3
2026-09-04 00:32:47,502 | INFO |    ↳ Status 403
2026-09-04 00:32:47,502 | WARNING |    ⚠ Blocked (403) retry 2
2026-09-04 00:32:47,529 | INFO | 🌐 Session warmed
2026-09-04 00:32:47,611 | INFO | 🌐 Session warmed
2026-09-04 00:32:49,221 | INFO |    ↳ Status 403
2026-09-04 00:32:49,221 | WARNING |    ⚠ Blocked (403) retry 3
2026-09-04 00:32:49,345 | INFO | 🌐 Session warmed
2026-09-04 00:32:50,807 | INFO |    ↳ Status 403
2026-09-04 00:32:50,807 | WARNING |    ⚠ Blocked (403) retry 3
2026-09-04 00:32:50,947 | INFO | 🌐 Session warmed
2026-09-04 00:32:51,191 | INFO | [542/1901] Fetching Gajapathinagaram (GJPT)
2026-09-04 00:32:51,530 | INFO | [543/1901] Fetching Gajendragarh (GJGH)
2026-09-04 00:32:51,928 | INFO |    ↳ Status 403
2026-09-04 00:32:51,928 | WARNING |    ⚠ Blocked (403) retry 1
2026-09-04 00:32:52,024 | INFO | 🌐 Session warmed
2026-09-04 00:32:52,881 | INFO |    ↳ Status 403
2026-09-04 00:32:52,882 | WARNING |    ⚠ Blocked (403) retry 1
2026-09-04 00:32:52,987 | INFO | 🌐 Session warmed
2026-09-04 00:32:53,345 | INFO | [544/1901] Fetching Gajwel (GAJW)
2026-09-04 00:32:54,361 | INFO |    ↳ Status 403
2026-09-04 00:32:54,361 | WARNING |    ⚠ Blocked (403) retry 2
2026-09-04 00:32:54,453 | INFO | 🌐 Session warmed
2026-09-04 00:32:54,536 | INFO |    ↳ Status 403
2026-09-04 00:32:54,537 | WARNING |    ⚠ Blocked (403) retry 1
2026-09-04 00:32:54,628 | INFO | 🌐 Session warmed
2026-09-04 00:32:54,948 | INFO | [545/1901] Fetching Gampalagudem (GMPL)
2026-09-04 00:32:55,249 | INFO |    ↳ Status 403
2026-09-04 00:32:55,249 | WARNING |    ⚠ Blocked (403) retry 2
2026-09-04 00:32:55,352 | INFO | 🌐 Session warmed
2026-09-04 00:32:55,639 | INFO |    ↳ Status 403
2026-09-04 00:32:55,639 | WARNING |    ⚠ Blocked (403) retry 1
2026-09-04 00:32:55,730 | INFO | 🌐 Session warmed
2026-09-04 00:32:56,259 | INFO |    ↳ Status 403
2026-09-04 00:32:56,260 | WARNING |    ⚠ Blocked (403) retry 2
2026-09-04 00:32:56,363 | INFO | 🌐 Session warmed
2026-09-04 00:32:57,361 | INFO |    ↳ Status 403
2026-09-04 00:32:57,361 | WARNING |    ⚠ Blocked (403) retry 3
2026-09-04 00:32:57,464 | INFO | 🌐 Session warmed
2026-09-04 00:32:57,492 | INFO |    ↳ Status 403
2026-09-04 00:32:57,492 | WARNING |    ⚠ Blocked (403) retry 2
2026-09-04 00:32:57,590 | INFO | 🌐 Session warmed
2026-09-04 00:32:58,593 | INFO |    ↳ Status 403
2026-09-04 00:32:58,593 | WARNING |    ⚠ Blocked (403) retry 3
2026-09-04 00:32:58,693 | INFO | 🌐 Session warmed
2026-09-04 00:32:59,744 | INFO |    ↳ Status 403
2026-09-04 00:32:59,744 | WARNING |    ⚠ Blocked (403) retry 3
2026-09-04 00:32:59,833 | INFO | 🌐 Session warmed
2026-09-04 00:33:00,910 | INFO |    ↳ Status 403
2026-09-04 00:33:00,910 | WARNING |    ⚠ Blocked (403) retry 3
2026-09-04 00:33:01,051 | INFO | 🌐 Session warmed
2026-09-04 00:33:01,465 | INFO | [546/1901] Fetching Ganapavaram (GANP)
2026-09-04 00:33:02,353 | INFO |    ↳ Status 403
2026-09-04 00:33:02,353 | WARNING |    ⚠ Blocked (403) retry 1
2026-09-04 00:33:02,473 | INFO | 🌐 Session warmed
2026-09-04 00:33:02,694 | INFO | [547/1901] Fetching Gandhidham (GDHAM)
2026-09-04 00:33:03,623 | INFO |    ↳ Status 403
2026-09-04 00:33:03,623 | WARNING |    ⚠ Blocked (403) retry 1
2026-09-04 00:33:03,718 | INFO | 🌐 Session warmed
2026-09-04 00:33:03,833 | INFO | [548/1901] Fetching Gandhinagar (GNAGAR)
2026-09-04 00:33:04,788 | INFO |    ↳ Status 403
2026-09-04 00:33:04,788 | WARNING |    ⚠ Blocked (403) retry 2
2026-09-04 00:33:04,803 | INFO |    ↳ Status 403
2026-09-04 00:33:04,803 | WARNING |    ⚠ Blocked (403) retry 1
2026-09-04 00:33:04,895 | INFO | 🌐 Session warmed
2026-09-04 00:33:04,916 | INFO | 🌐 Session warmed
2026-09-04 00:33:05,051 | INFO | [549/1901] Fetching Gangarampur (GNGR)
2026-09-04 00:33:05,713 | INFO |    ↳ Status 403
2026-09-04 00:33:05,714 | WARNING |    ⚠ Blocked (403) retry 2
2026-09-04 00:33:05,777 | INFO |    ↳ Status 403
2026-09-04 00:33:05,777 | WARNING |    ⚠ Blocked (403) retry 1
2026-09-04 00:33:05,836 | INFO | 🌐 Session warmed
2026-09-04 00:33:05,886 | INFO | 🌐 Session warmed
2026-09-04 00:33:06,607 | INFO |    ↳ Status 403
2026-09-04 00:33:06,607 | WARNING |    ⚠ Blocked (403) retry 2
2026-09-04 00:33:06,717 | INFO | 🌐 Session warmed
2026-09-04 00:33:07,970 | INFO |    ↳ Status 403
2026-09-04 00:33:07,970 | WARNING |    ⚠ Blocked (403) retry 2
2026-09-04 00:33:08,027 | INFO |    ↳ Status 403
2026-09-04 00:33:08,027 | WARNING |    ⚠ Blocked (403) retry 3
2026-09-04 00:33:08,104 | INFO | 🌐 Session warmed
2026-09-04 00:33:08,134 | INFO | 🌐 Session warmed
2026-09-04 00:33:08,954 | INFO |    ↳ Status 403
2026-09-04 00:33:08,954 | WARNING |    ⚠ Blocked (403) retry 3
2026-09-04 00:33:09,051 | INFO | 🌐 Session warmed
2026-09-04 00:33:09,795 | INFO |    ↳ Status 403
2026-09-04 00:33:09,795 | WARNING |    ⚠ Blocked (403) retry 3
2026-09-04 00:33:09,886 | INFO | 🌐 Session warmed
2026-09-04 00:33:10,979 | INFO |    ↳ Status 403
2026-09-04 00:33:10,979 | WARNING |    ⚠ Blocked (403) retry 3
2026-09-04 00:33:11,095 | INFO | 🌐 Session warmed
2026-09-04 00:33:12,134 | INFO | [550/1901] Fetching Gangavati (GAVT)
2026-09-04 00:33:12,810 | INFO |    ↳ Status 403
2026-09-04 00:33:12,810 | WARNING |    ⚠ Blocked (403) retry 1
2026-09-04 00:33:12,907 | INFO | 🌐 Session warmed
2026-09-04 00:33:13,052 | INFO | [551/1901] Fetching Gangoh (GANZ)
2026-09-04 00:33:13,682 | INFO |    ↳ Status 403
2026-09-04 00:33:13,682 | WARNING |    ⚠ Blocked (403) retry 1
2026-09-04 00:33:13,786 | INFO | 🌐 Session warmed
2026-09-04 00:33:13,887 | INFO | [552/1901] Fetching Gangtok (GANG)
2026-09-04 00:33:14,932 | INFO |    ↳ Status 403
2026-09-04 00:33:14,932 | WARNING |    ⚠ Blocked (403) retry 1
2026-09-04 00:33:15,052 | INFO | 🌐 Session warmed
2026-09-04 00:33:15,096 | INFO | [553/1901] Fetching Ganjam (GHZA)
2026-09-04 00:33:15,186 | INFO |    ↳ Status 403
2026-09-04 00:33:15,186 | WARNING |    ⚠ Blocked (403) retry 2
2026-09-04 00:33:15,299 | INFO | 🌐 Session warmed
2026-09-04 00:33:16,191 | INFO |    ↳ Status 403
2026-09-04 00:33:16,191 | WARNING |    ⚠ Blocked (403) retry 2
2026-09-04 00:33:16,215 | INFO |    ↳ Status 403
2026-09-04 00:33:16,215 | WARNING |    ⚠ Blocked (403) retry 1
2026-09-04 00:33:16,280 | INFO | 🌐 Session warmed
2026-09-04 00:33:16,311 | INFO | 🌐 Session warmed
2026-09-04 00:33:17,281 | INFO |    ↳ Status 403
2026-09-04 00:33:17,281 | WARNING |    ⚠ Blocked (403) retry 2
2026-09-04 00:33:17,373 | INFO | 🌐 Session warmed
2026-09-04 00:33:18,254 | INFO |    ↳ Status 403
2026-09-04 00:33:18,254 | WARNING |    ⚠ Blocked (403) retry 3
2026-09-04 00:33:18,328 | INFO |    ↳ Status 403
2026-09-04 00:33:18,328 | WARNING |    ⚠ Blocked (403) retry 2
2026-09-04 00:33:18,357 | INFO | 🌐 Session warmed
2026-09-04 00:33:18,433 | INFO | 🌐 Session warmed
2026-09-04 00:33:19,299 | INFO |    ↳ Status 403
2026-09-04 00:33:19,299 | WARNING |    ⚠ Blocked (403) retry 3
2026-09-04 00:33:19,432 | INFO | 🌐 Session warmed
2026-09-04 00:33:20,352 | INFO |    ↳ Status 403
2026-09-04 00:33:20,352 | WARNING |    ⚠ Blocked (403) retry 3
2026-09-04 00:33:20,456 | INFO | 🌐 Session warmed
2026-09-04 00:33:21,363 | INFO |    ↳ Status 403
2026-09-04 00:33:21,363 | WARNING |    ⚠ Blocked (403) retry 3
2026-09-04 00:33:21,467 | INFO | 🌐 Session warmed
2026-09-04 00:33:22,358 | INFO | [554/1901] Fetching Ganjbasoda (GANJ)
2026-09-04 00:33:23,051 | INFO |    ↳ Status 403
2026-09-04 00:33:23,052 | WARNING |    ⚠ Blocked (403) retry 1
2026-09-04 00:33:23,147 | INFO | 🌐 Session warmed
2026-09-04 00:33:23,433 | INFO | [555/1901] Fetching Gannavaram (GANN)
2026-09-04 00:33:24,221 | INFO |    ↳ Status 403
2026-09-04 00:33:24,221 | WARNING |    ⚠ Blocked (403) retry 1
2026-09-04 00:33:24,321 | INFO | 🌐 Session warmed
2026-09-04 00:33:24,457 | INFO | [556/1901] Fetching Garhwal (GRAH)
2026-09-04 00:33:24,859 | INFO |    ↳ Status 403
2026-09-04 00:33:24,859 | WARNING |    ⚠ Blocked (403) retry 2
2026-09-04 00:33:24,963 | INFO | 🌐 Session warmed
2026-09-04 00:33:25,467 | INFO | [557/1901] Fetching Garla (GALA)
2026-09-04 00:33:25,532 | INFO |    ↳ Status 403
2026-09-04 00:33:25,532 | WARNING |    ⚠ Blocked (403) retry 1
2026-09-04 00:33:25,639 | INFO | 🌐 Session warmed
2026-09-04 00:33:26,111 | INFO |    ↳ Status 403
2026-09-04 00:33:26,111 | WARNING |    ⚠ Blocked (403) retry 1
2026-09-04 00:33:26,221 | INFO | 🌐 Session warmed
2026-09-04 00:33:26,585 | INFO |    ↳ Status 403
2026-09-04 00:33:26,585 | WARNING |    ⚠ Blocked (403) retry 2
2026-09-04 00:33:26,699 | INFO | 🌐 Session warmed
2026-09-04 00:33:27,534 | INFO |    ↳ Status 403
2026-09-04 00:33:27,534 | WARNING |    ⚠ Blocked (403) retry 2
2026-09-04 00:33:27,645 | INFO | 🌐 Session warmed
2026-09-04 00:33:27,974 | INFO |    ↳ Status 403
2026-09-04 00:33:27,974 | WARNING |    ⚠ Blocked (403) retry 2
2026-09-04 00:33:28,067 | INFO | 🌐 Session warmed
2026-09-04 00:33:28,354 | INFO |    ↳ Status 403
2026-09-04 00:33:28,355 | WARNING |    ⚠ Blocked (403) retry 3
2026-09-04 00:33:28,455 | INFO | 🌐 Session warmed
2026-09-04 00:33:30,020 | INFO |    ↳ Status 403
2026-09-04 00:33:30,020 | WARNING |    ⚠ Blocked (403) retry 3
2026-09-04 00:33:30,133 | INFO | 🌐 Session warmed
2026-09-04 00:33:30,925 | INFO |    ↳ Status 403
2026-09-04 00:33:30,926 | WARNING |    ⚠ Blocked (403) retry 3
2026-09-04 00:33:31,031 | INFO | 🌐 Session warmed
2026-09-04 00:33:31,062 | INFO |    ↳ Status 403
2026-09-04 00:33:31,062 | WARNING |    ⚠ Blocked (403) retry 3
2026-09-04 00:33:31,158 | INFO | 🌐 Session warmed
2026-09-04 00:33:32,456 | INFO | [558/1901] Fetching Gauribidanur (GAUR)
2026-09-04 00:33:33,190 | INFO |    ↳ Status 403
2026-09-04 00:33:33,190 | WARNING |    ⚠ Blocked (403) retry 1
2026-09-04 00:33:33,279 | INFO | 🌐 Session warmed
2026-09-04 00:33:34,134 | INFO | [559/1901] Fetching Gauriganj (GNGJ)
2026-09-04 00:33:34,942 | INFO |    ↳ Status 403
2026-09-04 00:33:34,942 | WARNING |    ⚠ Blocked (403) retry 2
2026-09-04 00:33:35,031 | INFO | [560/1901] Fetching Gaya (GAYA)
2026-09-04 00:33:35,035 | INFO | 🌐 Session warmed
2026-09-04 00:33:35,116 | INFO |    ↳ Status 403
2026-09-04 00:33:35,117 | WARNING |    ⚠ Blocked (403) retry 1
2026-09-04 00:33:35,159 | INFO | [561/1901] Fetching Gazole (GAZP)
2026-09-04 00:33:35,209 | INFO | 🌐 Session warmed
2026-09-04 00:33:35,862 | INFO |    ↳ Status 403
2026-09-04 00:33:35,863 | WARNING |    ⚠ Blocked (403) retry 1
2026-09-04 00:33:35,953 | INFO | 🌐 Session warmed
2026-09-04 00:33:36,071 | INFO |    ↳ Status 403
2026-09-04 00:33:36,071 | WARNING |    ⚠ Blocked (403) retry 1
2026-09-04 00:33:36,184 | INFO | 🌐 Session warmed
2026-09-04 00:33:37,074 | INFO |    ↳ Status 403
2026-09-04 00:33:37,074 | WARNING |    ⚠ Blocked (403) retry 2
2026-09-04 00:33:37,187 | INFO | 🌐 Session warmed
2026-09-04 00:33:37,823 | INFO |    ↳ Status 403
2026-09-04 00:33:37,823 | WARNING |    ⚠ Blocked (403) retry 2
2026-09-04 00:33:37,926 | INFO | 🌐 Session warmed
2026-09-04 00:33:37,967 | INFO |    ↳ Status 403
2026-09-04 00:33:37,967 | WARNING |    ⚠ Blocked (403) retry 3
2026-09-04 00:33:38,050 | INFO |    ↳ Status 403
2026-09-04 00:33:38,050 | WARNING |    ⚠ Blocked (403) retry 2
2026-09-04 00:33:38,064 | INFO | 🌐 Session warmed
2026-09-04 00:33:38,181 | INFO | 🌐 Session warmed
2026-09-04 00:33:40,519 | INFO |    ↳ Status 403
2026-09-04 00:33:40,520 | WARNING |    ⚠ Blocked (403) retry 3
2026-09-04 00:33:40,625 | INFO | 🌐 Session warmed
2026-09-04 00:33:40,793 | INFO |    ↳ Status 403
2026-09-04 00:33:40,793 | WARNING |    ⚠ Blocked (403) retry 3
2026-09-04 00:33:40,896 | INFO | 🌐 Session warmed
2026-09-04 00:33:41,241 | INFO |    ↳ Status 403
2026-09-04 00:33:41,241 | WARNING |    ⚠ Blocked (403) retry 3
2026-09-04 00:33:41,369 | INFO | 🌐 Session warmed
2026-09-04 00:33:42,064 | INFO | [562/1901] Fetching Georai (GEOR)
2026-09-04 00:33:42,881 | INFO |    ↳ Status 403
2026-09-04 00:33:42,881 | WARNING |    ⚠ Blocked (403) retry 1
2026-09-04 00:33:42,984 | INFO | 🌐 Session warmed
2026-09-04 00:33:44,625 | INFO | [563/1901] Fetching Ghatanji (GHAT)
2026-09-04 00:33:44,695 | INFO |    ↳ Status 403
2026-09-04 00:33:44,695 | WARNING |    ⚠ Blocked (403) retry 2
2026-09-04 00:33:44,811 | INFO | 🌐 Session warmed
2026-09-04 00:33:44,896 | INFO | [564/1901] Fetching Ghazipur (GHAR)
2026-09-04 00:33:45,369 | INFO | [565/1901] Fetching Ghorasahan (GHOR)
2026-09-04 00:33:45,812 | INFO |    ↳ Status 403
2026-09-04 00:33:45,812 | WARNING |    ⚠ Blocked (403) retry 1
2026-09-04 00:33:45,912 | INFO | 🌐 Session warmed
2026-09-04 00:33:46,311 | INFO |    ↳ Status 403
2026-09-04 00:33:46,311 | WARNING |    ⚠ Blocked (403) retry 1
2026-09-04 00:33:46,426 | INFO | 🌐 Session warmed
2026-09-04 00:33:46,794 | INFO |    ↳ Status 403
2026-09-04 00:33:46,794 | WARNING |    ⚠ Blocked (403) retry 1
2026-09-04 00:33:46,878 | INFO | 🌐 Session warmed
2026-09-04 00:33:47,768 | INFO |    ↳ Status 403
2026-09-04 00:33:47,768 | WARNING |    ⚠ Blocked (403) retry 2
2026-09-04 00:33:47,805 | INFO |    ↳ Status 403
2026-09-04 00:33:47,805 | WARNING |    ⚠ Blocked (403) retry 3
2026-09-04 00:33:47,899 | INFO | 🌐 Session warmed
2026-09-04 00:33:47,922 | INFO | 🌐 Session warmed
2026-09-04 00:33:48,431 | INFO |    ↳ Status 403
2026-09-04 00:33:48,431 | WARNING |    ⚠ Blocked (403) retry 2
2026-09-04 00:33:48,526 | INFO | 🌐 Session warmed
2026-09-04 00:33:48,947 | INFO |    ↳ Status 403
2026-09-04 00:33:48,947 | WARNING |    ⚠ Blocked (403) retry 2
2026-09-04 00:33:49,040 | INFO | 🌐 Session warmed
2026-09-04 00:33:51,217 | INFO |    ↳ Status 403
2026-09-04 00:33:51,217 | WARNING |    ⚠ Blocked (403) retry 3
2026-09-04 00:33:51,310 | INFO | 🌐 Session warmed
2026-09-04 00:33:51,489 | INFO |    ↳ Status 403
2026-09-04 00:33:51,489 | WARNING |    ⚠ Blocked (403) retry 3
2026-09-04 00:33:51,571 | INFO | 🌐 Session warmed
2026-09-04 00:33:51,923 | INFO | [566/1901] Fetching Ghumarwin (GHUM)
2026-09-04 00:33:52,359 | INFO |    ↳ Status 403
2026-09-04 00:33:52,359 | WARNING |    ⚠ Blocked (403) retry 3
2026-09-04 00:33:52,455 | INFO | 🌐 Session warmed
2026-09-04 00:33:52,897 | INFO |    ↳ Status 403
2026-09-04 00:33:52,897 | WARNING |    ⚠ Blocked (403) retry 1
2026-09-04 00:33:53,006 | INFO | 🌐 Session warmed
2026-09-04 00:33:54,814 | INFO |    ↳ Status 403
2026-09-04 00:33:54,814 | WARNING |    ⚠ Blocked (403) retry 2
2026-09-04 00:33:54,939 | INFO | 🌐 Session warmed
2026-09-04 00:33:55,311 | INFO | [567/1901] Fetching Giddalur (GDAL)
2026-09-04 00:33:55,571 | INFO | [568/1901] Fetching Gingee (GING)
2026-09-04 00:33:56,384 | INFO |    ↳ Status 403
2026-09-04 00:33:56,384 | WARNING |    ⚠ Blocked (403) retry 1
2026-09-04 00:33:56,455 | INFO | [569/1901] Fetching Giridih (GIRI)
2026-09-04 00:33:56,469 | INFO |    ↳ Status 403
2026-09-04 00:33:56,469 | WARNING |    ⚠ Blocked (403) retry 1
2026-09-04 00:33:56,485 | INFO | 🌐 Session warmed
2026-09-04 00:33:56,577 | INFO | 🌐 Session warmed
2026-09-04 00:33:57,234 | INFO |    ↳ Status 403
2026-09-04 00:33:57,234 | WARNING |    ⚠ Blocked (403) retry 1
2026-09-04 00:33:57,344 | INFO | 🌐 Session warmed
2026-09-04 00:33:58,305 | INFO |    ↳ Status 403
2026-09-04 00:33:58,305 | WARNING |    ⚠ Blocked (403) retry 3
2026-09-04 00:33:58,411 | INFO | 🌐 Session warmed
2026-09-04 00:33:58,758 | INFO |    ↳ Status 403
2026-09-04 00:33:58,758 | WARNING |    ⚠ Blocked (403) retry 2
2026-09-04 00:33:58,816 | INFO |    ↳ Status 403
2026-09-04 00:33:58,816 | WARNING |    ⚠ Blocked (403) retry 2
2026-09-04 00:33:58,860 | INFO | 🌐 Session warmed
2026-09-04 00:33:58,915 | INFO | 🌐 Session warmed
2026-09-04 00:33:59,383 | INFO |    ↳ Status 403
2026-09-04 00:33:59,383 | WARNING |    ⚠ Blocked (403) retry 2
2026-09-04 00:33:59,488 | INFO | 🌐 Session warmed
2026-09-04 00:34:01,925 | INFO |    ↳ Status 403
2026-09-04 00:34:01,926 | WARNING |    ⚠ Blocked (403) retry 3
2026-09-04 00:34:02,048 | INFO | 🌐 Session warmed
2026-09-04 00:34:02,202 | INFO |    ↳ Status 403
2026-09-04 00:34:02,202 | WARNING |    ⚠ Blocked (403) retry 3
2026-09-04 00:34:02,274 | INFO |    ↳ Status 403
2026-09-04 00:34:02,274 | WARNING |    ⚠ Blocked (403) retry 3
2026-09-04 00:34:02,303 | INFO | 🌐 Session warmed
2026-09-04 00:34:02,365 | INFO | 🌐 Session warmed
2026-09-04 00:34:02,411 | INFO | [570/1901] Fetching Goa (GOA)
2026-09-04 00:34:03,737 | INFO |    ↳ Status 403
2026-09-04 00:34:03,737 | WARNING |    ⚠ Blocked (403) retry 1
2026-09-04 00:34:03,842 | INFO | 🌐 Session warmed
2026-09-04 00:34:05,851 | INFO |    ↳ Status 403
2026-09-04 00:34:05,851 | WARNING |    ⚠ Blocked (403) retry 2
2026-09-04 00:34:05,974 | INFO | 🌐 Session warmed
2026-09-04 00:34:06,048 | INFO | [571/1901] Fetching Goalpara (GOAL)
2026-09-04 00:34:06,303 | INFO | [572/1901] Fetching Gobichettipalayam (GOBI)
2026-09-04 00:34:06,366 | INFO | [573/1901] Fetching Godavarikhani (GDVK)
2026-09-04 00:34:07,114 | INFO |    ↳ Status 403
2026-09-04 00:34:07,114 | WARNING |    ⚠ Blocked (403) retry 1
2026-09-04 00:34:07,218 | INFO | 🌐 Session warmed
2026-09-04 00:34:07,518 | INFO |    ↳ Status 403
2026-09-04 00:34:07,518 | WARNING |    ⚠ Blocked (403) retry 1
2026-09-04 00:34:07,613 | INFO | 🌐 Session warmed
2026-09-04 00:34:07,633 | INFO |    ↳ Status 403
2026-09-04 00:34:07,634 | WARNING |    ⚠ Blocked (403) retry 1
2026-09-04 00:34:07,738 | INFO | 🌐 Session warmed
2026-09-04 00:34:09,153 | INFO |    ↳ Status 403
2026-09-04 00:34:09,153 | WARNING |    ⚠ Blocked (403) retry 3
2026-09-04 00:34:09,265 | INFO | 🌐 Session warmed
2026-09-04 00:34:09,352 | INFO |    ↳ Status 403
2026-09-04 00:34:09,352 | WARNING |    ⚠ Blocked (403) retry 2
2026-09-04 00:34:09,453 | INFO | 🌐 Session warmed
2026-09-04 00:34:09,922 | INFO |    ↳ Status 403
2026-09-04 00:34:09,922 | WARNING |    ⚠ Blocked (403) retry 2
2026-09-04 00:34:09,959 | INFO |    ↳ Status 403
2026-09-04 00:34:09,959 | WARNING |    ⚠ Blocked (403) retry 2
2026-09-04 00:34:10,030 | INFO | 🌐 Session warmed
2026-09-04 00:34:10,072 | INFO | 🌐 Session warmed
2026-09-04 00:34:12,192 | INFO |    ↳ Status 403
2026-09-04 00:34:12,192 | WARNING |    ⚠ Blocked (403) retry 3
2026-09-04 00:34:12,317 | INFO | 🌐 Session warmed
2026-09-04 00:34:13,198 | INFO |    ↳ Status 403
2026-09-04 00:34:13,198 | WARNING |    ⚠ Blocked (403) retry 3
2026-09-04 00:34:13,265 | INFO | [574/1901] Fetching Godda (GDDA)
2026-09-04 00:34:13,317 | INFO | 🌐 Session warmed
2026-09-04 00:34:13,320 | INFO |    ↳ Status 403
2026-09-04 00:34:13,320 | WARNING |    ⚠ Blocked (403) retry 3
2026-09-04 00:34:13,421 | INFO | 🌐 Session warmed
2026-09-04 00:34:13,971 | INFO |    ↳ Status 403
2026-09-04 00:34:13,971 | WARNING |    ⚠ Blocked (403) retry 1
2026-09-04 00:34:14,066 | INFO | 🌐 Session warmed
2026-09-04 00:34:16,161 | INFO |    ↳ Status 403
2026-09-04 00:34:16,161 | WARNING |    ⚠ Blocked (403) retry 2
2026-09-04 00:34:16,275 | INFO | 🌐 Session warmed
2026-09-04 00:34:16,317 | INFO | [575/1901] Fetching Godhra (GODH)
2026-09-04 00:34:17,318 | INFO | [576/1901] Fetching Gogawa (GOGA)
2026-09-04 00:34:17,379 | INFO |    ↳ Status 403
2026-09-04 00:34:17,379 | WARNING |    ⚠ Blocked (403) retry 1
2026-09-04 00:34:17,422 | INFO | [577/1901] Fetching Gohana (GOHA)
2026-09-04 00:34:17,480 | INFO | 🌐 Session warmed
2026-09-04 00:34:18,119 | INFO |    ↳ Status 403
2026-09-04 00:34:18,119 | WARNING |    ⚠ Blocked (403) retry 1
2026-09-04 00:34:18,232 | INFO | 🌐 Session warmed
2026-09-04 00:34:18,728 | INFO |    ↳ Status 403
2026-09-04 00:34:18,728 | WARNING |    ⚠ Blocked (403) retry 1
2026-09-04 00:34:18,868 | INFO | 🌐 Session warmed
2026-09-04 00:34:19,009 | INFO |    ↳ Status 403
2026-09-04 00:34:19,009 | WARNING |    ⚠ Blocked (403) retry 3
2026-09-04 00:34:19,097 | INFO | 🌐 Session warmed
2026-09-04 00:34:19,671 | INFO |    ↳ Status 403
2026-09-04 00:34:19,671 | WARNING |    ⚠ Blocked (403) retry 2
2026-09-04 00:34:19,783 | INFO | 🌐 Session warmed
2026-09-04 00:34:20,395 | INFO |    ↳ Status 403
2026-09-04 00:34:20,395 | WARNING |    ⚠ Blocked (403) retry 2
2026-09-04 00:34:20,497 | INFO | 🌐 Session warmed
2026-09-04 00:34:21,136 | INFO |    ↳ Status 403
2026-09-04 00:34:21,137 | WARNING |    ⚠ Blocked (403) retry 2
2026-09-04 00:34:21,242 | INFO | 🌐 Session warmed
2026-09-04 00:34:23,098 | INFO | [578/1901] Fetching Gokak (GKGK)
2026-09-04 00:34:23,136 | INFO |    ↳ Status 403
2026-09-04 00:34:23,136 | WARNING |    ⚠ Blocked (403) retry 3
2026-09-04 00:34:23,246 | INFO | 🌐 Session warmed
2026-09-04 00:34:23,824 | INFO |    ↳ Status 403
2026-09-04 00:34:23,824 | WARNING |    ⚠ Blocked (403) retry 3
2026-09-04 00:34:23,916 | INFO | 🌐 Session warmed
2026-09-04 00:34:24,333 | INFO |    ↳ Status 403
2026-09-04 00:34:24,333 | WARNING |    ⚠ Blocked (403) retry 1
2026-09-04 00:34:24,455 | INFO | 🌐 Session warmed
2026-09-04 00:34:24,585 | INFO |    ↳ Status 403
2026-09-04 00:34:24,585 | WARNING |    ⚠ Blocked (403) retry 3
2026-09-04 00:34:24,691 | INFO | 🌐 Session warmed
2026-09-04 00:34:26,168 | INFO |    ↳ Status 403
2026-09-04 00:34:26,168 | WARNING |    ⚠ Blocked (403) retry 2
2026-09-04 00:34:26,291 | INFO | 🌐 Session warmed
2026-09-04 00:34:27,247 | INFO | [579/1901] Fetching Gokarna (GOKA)
2026-09-04 00:34:27,917 | INFO | [580/1901] Fetching Gokavaram (GOKM)
2026-09-04 00:34:28,603 | INFO |    ↳ Status 403
2026-09-04 00:34:28,603 | WARNING |    ⚠ Blocked (403) retry 1
2026-09-04 00:34:28,692 | INFO | [581/1901] Fetching Gola Bazar (GABR)
2026-09-04 00:34:28,709 | INFO | 🌐 Session warmed
2026-09-04 00:34:28,844 | INFO |    ↳ Status 403
2026-09-04 00:34:28,845 | WARNING |    ⚠ Blocked (403) retry 1
2026-09-04 00:34:28,964 | INFO | 🌐 Session warmed
2026-09-04 00:34:29,563 | INFO |    ↳ Status 403
2026-09-04 00:34:29,563 | WARNING |    ⚠ Blocked (403) retry 3
2026-09-04 00:34:29,645 | INFO | 🌐 Session warmed
2026-09-04 00:34:29,968 | INFO |    ↳ Status 403
2026-09-04 00:34:29,968 | WARNING |    ⚠ Blocked (403) retry 1
2026-09-04 00:34:30,069 | INFO | 🌐 Session warmed
2026-09-04 00:34:30,708 | INFO |    ↳ Status 403
2026-09-04 00:34:30,708 | WARNING |    ⚠ Blocked (403) retry 2
2026-09-04 00:34:30,711 | INFO |    ↳ Status 403
2026-09-04 00:34:30,711 | WARNING |    ⚠ Blocked (403) retry 2
2026-09-04 00:34:30,821 | INFO | 🌐 Session warmed
2026-09-04 00:34:30,821 | INFO | 🌐 Session warmed
2026-09-04 00:34:31,957 | INFO |    ↳ Status 403
2026-09-04 00:34:31,957 | WARNING |    ⚠ Blocked (403) retry 2
2026-09-04 00:34:32,060 | INFO | 🌐 Session warmed
2026-09-04 00:34:33,645 | INFO | [582/1901] Fetching Golaghat (GHT)
2026-09-04 00:34:33,659 | INFO |    ↳ Status 403
2026-09-04 00:34:33,659 | WARNING |    ⚠ Blocked (403) retry 3
2026-09-04 00:34:33,763 | INFO | 🌐 Session warmed
2026-09-04 00:34:33,952 | INFO |    ↳ Status 403
2026-09-04 00:34:33,952 | WARNING |    ⚠ Blocked (403) retry 3
2026-09-04 00:34:34,039 | INFO | 🌐 Session warmed
2026-09-04 00:34:34,736 | INFO |    ↳ Status 403
2026-09-04 00:34:34,736 | WARNING |    ⚠ Blocked (403) retry 1
2026-09-04 00:34:34,772 | INFO |    ↳ Status 403
2026-09-04 00:34:34,772 | WARNING |    ⚠ Blocked (403) retry 3
2026-09-04 00:34:34,844 | INFO | 🌐 Session warmed
2026-09-04 00:34:34,887 | INFO | 🌐 Session warmed
2026-09-04 00:34:36,903 | INFO |    ↳ Status 403
2026-09-04 00:34:36,903 | WARNING |    ⚠ Blocked (403) retry 2
2026-09-04 00:34:36,998 | INFO | 🌐 Session warmed
2026-09-04 00:34:37,763 | INFO | [583/1901] Fetching Gollaprolu (GOLL)
2026-09-04 00:34:38,040 | INFO | [584/1901] Fetching Gonda (GOND)
2026-09-04 00:34:38,407 | INFO |    ↳ Status 403
2026-09-04 00:34:38,407 | WARNING |    ⚠ Blocked (403) retry 1
2026-09-04 00:34:38,541 | INFO | 🌐 Session warmed
2026-09-04 00:34:38,887 | INFO | [585/1901] Fetching Gondal (GONA)
2026-09-04 00:34:39,061 | INFO |    ↳ Status 403
2026-09-04 00:34:39,061 | WARNING |    ⚠ Blocked (403) retry 1
2026-09-04 00:34:39,158 | INFO | 🌐 Session warmed
2026-09-04 00:34:39,724 | INFO |    ↳ Status 403
2026-09-04 00:34:39,724 | WARNING |    ⚠ Blocked (403) retry 1
2026-09-04 00:34:39,848 | INFO | 🌐 Session warmed
2026-09-04 00:34:40,288 | INFO |    ↳ Status 403
2026-09-04 00:34:40,288 | WARNING |    ⚠ Blocked (403) retry 3
2026-09-04 00:34:40,389 | INFO | 🌐 Session warmed
2026-09-04 00:34:40,963 | INFO |    ↳ Status 403
2026-09-04 00:34:40,963 | WARNING |    ⚠ Blocked (403) retry 2
2026-09-04 00:34:41,057 | INFO | 🌐 Session warmed
2026-09-04 00:34:41,353 | INFO |    ↳ Status 403
2026-09-04 00:34:41,353 | WARNING |    ⚠ Blocked (403) retry 2
2026-09-04 00:34:41,460 | INFO | 🌐 Session warmed
2026-09-04 00:34:42,096 | INFO |    ↳ Status 403
2026-09-04 00:34:42,096 | WARNING |    ⚠ Blocked (403) retry 2
2026-09-04 00:34:42,185 | INFO | 🌐 Session warmed
2026-09-04 00:34:43,724 | INFO |    ↳ Status 403
2026-09-04 00:34:43,725 | WARNING |    ⚠ Blocked (403) retry 3
2026-09-04 00:34:43,823 | INFO | 🌐 Session warmed
2026-09-04 00:34:44,389 | INFO | [586/1901] Fetching Gondia (GNDA)
2026-09-04 00:34:44,810 | INFO |    ↳ Status 403
2026-09-04 00:34:44,811 | WARNING |    ⚠ Blocked (403) retry 3
2026-09-04 00:34:44,917 | INFO |    ↳ Status 403
2026-09-04 00:34:44,917 | WARNING |    ⚠ Blocked (403) retry 3
2026-09-04 00:34:44,925 | INFO | 🌐 Session warmed
2026-09-04 00:34:45,048 | INFO | 🌐 Session warmed
2026-09-04 00:34:45,659 | INFO |    ↳ Status 403
2026-09-04 00:34:45,659 | WARNING |    ⚠ Blocked (403) retry 1
2026-09-04 00:34:45,770 | INFO | 🌐 Session warmed
2026-09-04 00:34:47,454 | INFO |    ↳ Status 403
2026-09-04 00:34:47,454 | WARNING |    ⚠ Blocked (403) retry 2
2026-09-04 00:34:47,569 | INFO | 🌐 Session warmed
2026-09-04 00:34:47,823 | INFO | [587/1901] Fetching Goolikkadavu (GOOL)
2026-09-04 00:34:48,524 | INFO |    ↳ Status 403
2026-09-04 00:34:48,524 | WARNING |    ⚠ Blocked (403) retry 1
2026-09-04 00:34:48,616 | INFO | 🌐 Session warmed
2026-09-04 00:34:48,925 | INFO | [588/1901] Fetching Gooty (GOOT)
2026-09-04 00:34:49,049 | INFO | [589/1901] Fetching Gopalganj (GOPG)
2026-09-04 00:34:49,987 | INFO |    ↳ Status 403
2026-09-04 00:34:49,987 | WARNING |    ⚠ Blocked (403) retry 1
2026-09-04 00:34:50,098 | INFO | 🌐 Session warmed
2026-09-04 00:34:50,372 | INFO |    ↳ Status 403
2026-09-04 00:34:50,372 | WARNING |    ⚠ Blocked (403) retry 3
2026-09-04 00:34:50,390 | INFO |    ↳ Status 403
2026-09-04 00:34:50,390 | WARNING |    ⚠ Blocked (403) retry 1
2026-09-04 00:34:50,472 | INFO | 🌐 Session warmed
2026-09-04 00:34:50,500 | INFO | 🌐 Session warmed
2026-09-04 00:34:50,548 | INFO |    ↳ Status 403
2026-09-04 00:34:50,549 | WARNING |    ⚠ Blocked (403) retry 2
2026-09-04 00:34:50,673 | INFO | 🌐 Session warmed
2026-09-04 00:34:52,140 | INFO |    ↳ Status 403
2026-09-04 00:34:52,141 | WARNING |    ⚠ Blocked (403) retry 2
2026-09-04 00:34:52,225 | INFO | 🌐 Session warmed
2026-09-04 00:34:52,820 | INFO |    ↳ Status 403
2026-09-04 00:34:52,820 | WARNING |    ⚠ Blocked (403) retry 2
2026-09-04 00:34:52,927 | INFO | 🌐 Session warmed
2026-09-04 00:34:53,449 | INFO |    ↳ Status 403
2026-09-04 00:34:53,449 | WARNING |    ⚠ Blocked (403) retry 3
2026-09-04 00:34:53,545 | INFO | 🌐 Session warmed
2026-09-04 00:34:54,473 | INFO | [590/1901] Fetching Gopalpet (GOPA)
2026-09-04 00:34:54,857 | INFO |    ↳ Status 403
2026-09-04 00:34:54,857 | WARNING |    ⚠ Blocked (403) retry 3
2026-09-04 00:34:54,967 | INFO | 🌐 Session warmed
2026-09-04 00:34:55,263 | INFO |    ↳ Status 403
2026-09-04 00:34:55,263 | WARNING |    ⚠ Blocked (403) retry 1
2026-09-04 00:34:55,376 | INFO | 🌐 Session warmed
2026-09-04 00:34:56,135 | INFO |    ↳ Status 403
2026-09-04 00:34:56,135 | WARNING |    ⚠ Blocked (403) retry 3
2026-09-04 00:34:56,267 | INFO | 🌐 Session warmed
2026-09-04 00:34:57,272 | INFO |    ↳ Status 403
2026-09-04 00:34:57,272 | WARNING |    ⚠ Blocked (403) retry 2
2026-09-04 00:34:57,362 | INFO | 🌐 Session warmed
2026-09-04 00:34:57,545 | INFO | [591/1901] Fetching Gopiganj (GOPI)
2026-09-04 00:34:58,276 | INFO |    ↳ Status 403
2026-09-04 00:34:58,276 | WARNING |    ⚠ Blocked (403) retry 1
2026-09-04 00:34:58,402 | INFO | 🌐 Session warmed
2026-09-04 00:34:58,968 | INFO | [592/1901] Fetching Gorakhpur (GRKP)
2026-09-04 00:35:00,109 | INFO |    ↳ Status 403
2026-09-04 00:35:00,110 | WARNING |    ⚠ Blocked (403) retry 1
2026-09-04 00:35:00,141 | INFO |    ↳ Status 403
2026-09-04 00:35:00,141 | WARNING |    ⚠ Blocked (403) retry 3
2026-09-04 00:35:00,209 | INFO | 🌐 Session warmed
2026-09-04 00:35:00,263 | INFO | 🌐 Session warmed
2026-09-04 00:35:00,267 | INFO | [593/1901] Fetching Goramadagu (GMDU)
2026-09-04 00:35:00,409 | INFO |    ↳ Status 403
2026-09-04 00:35:00,409 | WARNING |    ⚠ Blocked (403) retry 2
2026-09-04 00:35:00,513 | INFO | 🌐 Session warmed
2026-09-04 00:35:01,273 | INFO |    ↳ Status 403
2026-09-04 00:35:01,273 | WARNING |    ⚠ Blocked (403) retry 1
2026-09-04 00:35:01,395 | INFO | 🌐 Session warmed
2026-09-04 00:35:02,203 | INFO |    ↳ Status 403
2026-09-04 00:35:02,203 | WARNING |    ⚠ Blocked (403) retry 2
2026-09-04 00:35:02,291 | INFO | 🌐 Session warmed
2026-09-04 00:35:03,268 | INFO |    ↳ Status 403
2026-09-04 00:35:03,269 | WARNING |    ⚠ Blocked (403) retry 2
2026-09-04 00:35:03,325 | INFO |    ↳ Status 403
2026-09-04 00:35:03,325 | WARNING |    ⚠ Blocked (403) retry 3
2026-09-04 00:35:03,378 | INFO | 🌐 Session warmed
2026-09-04 00:35:03,451 | INFO | 🌐 Session warmed
2026-09-04 00:35:04,264 | INFO | [594/1901] Fetching Gorantla (GORA)
2026-09-04 00:35:04,965 | INFO |    ↳ Status 403
2026-09-04 00:35:04,966 | WARNING |    ⚠ Blocked (403) retry 1
2026-09-04 00:35:05,070 | INFO | 🌐 Session warmed
2026-09-04 00:35:05,264 | INFO |    ↳ Status 403
2026-09-04 00:35:05,264 | WARNING |    ⚠ Blocked (403) retry 3
2026-09-04 00:35:05,374 | INFO | 🌐 Session warmed
2026-09-04 00:35:06,530 | INFO |    ↳ Status 403
2026-09-04 00:35:06,530 | WARNING |    ⚠ Blocked (403) retry 3
2026-09-04 00:35:06,626 | INFO | 🌐 Session warmed
2026-09-04 00:35:07,142 | INFO |    ↳ Status 403
2026-09-04 00:35:07,142 | WARNING |    ⚠ Blocked (403) retry 2
2026-09-04 00:35:07,245 | INFO | 🌐 Session warmed
2026-09-04 00:35:07,451 | INFO | [595/1901] Fetching Gotegaon (GTGN)
2026-09-04 00:35:08,694 | INFO |    ↳ Status 403
2026-09-04 00:35:08,694 | WARNING |    ⚠ Blocked (403) retry 1
2026-09-04 00:35:08,800 | INFO | 🌐 Session warmed
2026-09-04 00:35:09,375 | INFO | [596/1901] Fetching Gownipalli (GOWP)
2026-09-04 00:35:10,013 | INFO |    ↳ Status 403
2026-09-04 00:35:10,013 | WARNING |    ⚠ Blocked (403) retry 3
2026-09-04 00:35:10,130 | INFO | 🌐 Session warmed
2026-09-04 00:35:10,626 | INFO | [597/1901] Fetching Gudivada (GUDI)
2026-09-04 00:35:10,709 | INFO |    ↳ Status 403
2026-09-04 00:35:10,709 | WARNING |    ⚠ Blocked (403) retry 1
2026-09-04 00:35:10,841 | INFO | 🌐 Session warmed
2026-09-04 00:35:11,051 | INFO |    ↳ Status 403
2026-09-04 00:35:11,051 | WARNING |    ⚠ Blocked (403) retry 2
2026-09-04 00:35:11,141 | INFO | 🌐 Session warmed
2026-09-04 00:35:11,295 | INFO |    ↳ Status 403
2026-09-04 00:35:11,295 | WARNING |    ⚠ Blocked (403) retry 1
2026-09-04 00:35:11,390 | INFO | 🌐 Session warmed
2026-09-04 00:35:12,571 | INFO |    ↳ Status 403
2026-09-04 00:35:12,571 | WARNING |    ⚠ Blocked (403) retry 2
2026-09-04 00:35:12,673 | INFO | 🌐 Session warmed
2026-09-04 00:35:13,435 | INFO |    ↳ Status 403
2026-09-04 00:35:13,436 | WARNING |    ⚠ Blocked (403) retry 2
2026-09-04 00:35:13,539 | INFO | 🌐 Session warmed
2026-09-04 00:35:14,130 | INFO | [598/1901] Fetching Gudiyatham (GDTM)
2026-09-04 00:35:14,426 | INFO |    ↳ Status 403
2026-09-04 00:35:14,426 | WARNING |    ⚠ Blocked (403) retry 3
2026-09-04 00:35:14,536 | INFO | 🌐 Session warmed
2026-09-04 00:35:15,400 | INFO |    ↳ Status 403
2026-09-04 00:35:15,400 | WARNING |    ⚠ Blocked (403) retry 1
2026-09-04 00:35:15,514 | INFO | 🌐 Session warmed
2026-09-04 00:35:15,974 | INFO |    ↳ Status 403
2026-09-04 00:35:15,974 | WARNING |    ⚠ Blocked (403) retry 3
2026-09-04 00:35:16,078 | INFO | 🌐 Session warmed
2026-09-04 00:35:16,313 | INFO |    ↳ Status 403
2026-09-04 00:35:16,313 | WARNING |    ⚠ Blocked (403) retry 3
2026-09-04 00:35:16,421 | INFO | 🌐 Session warmed
2026-09-04 00:35:17,160 | INFO |    ↳ Status 403
2026-09-04 00:35:17,160 | WARNING |    ⚠ Blocked (403) retry 2
2026-09-04 00:35:17,260 | INFO | 🌐 Session warmed
2026-09-04 00:35:18,536 | INFO | [599/1901] Fetching Gudlavalleru (GULU)
2026-09-04 00:35:19,327 | INFO |    ↳ Status 403
2026-09-04 00:35:19,327 | WARNING |    ⚠ Blocked (403) retry 1
2026-09-04 00:35:19,431 | INFO | 🌐 Session warmed
2026-09-04 00:35:20,079 | INFO | [600/1901] Fetching Gudur (GUDR)
2026-09-04 00:35:20,375 | INFO |    ↳ Status 403
2026-09-04 00:35:20,376 | WARNING |    ⚠ Blocked (403) retry 3
2026-09-04 00:35:20,421 | INFO | [601/1901] Fetching Guhagar (GUHA)
2026-09-04 00:35:20,468 | INFO | 🌐 Session warmed
2026-09-04 00:35:21,367 | INFO |    ↳ Status 403
2026-09-04 00:35:21,368 | WARNING |    ⚠ Blocked (403) retry 1
2026-09-04 00:35:21,383 | INFO |    ↳ Status 403
2026-09-04 00:35:21,383 | WARNING |    ⚠ Blocked (403) retry 1
2026-09-04 00:35:21,414 | INFO |    ↳ Status 403
2026-09-04 00:35:21,415 | WARNING |    ⚠ Blocked (403) retry 2
2026-09-04 00:35:21,486 | INFO | 🌐 Session warmed
2026-09-04 00:35:21,490 | INFO | 🌐 Session warmed
2026-09-04 00:35:21,528 | INFO | 🌐 Session warmed
2026-09-04 00:35:23,448 | INFO |    ↳ Status 403
2026-09-04 00:35:23,448 | WARNING |    ⚠ Blocked (403) retry 2
2026-09-04 00:35:23,566 | INFO | 🌐 Session warmed
2026-09-04 00:35:23,808 | INFO |    ↳ Status 403
2026-09-04 00:35:23,808 | WARNING |    ⚠ Blocked (403) retry 2
2026-09-04 00:35:23,909 | INFO | 🌐 Session warmed
2026-09-04 00:35:24,468 | INFO | [602/1901] Fetching Gulaothi (GULL)
2026-09-04 00:35:24,752 | INFO |    ↳ Status 403
2026-09-04 00:35:24,752 | WARNING |    ⚠ Blocked (403) retry 3
2026-09-04 00:35:24,859 | INFO | 🌐 Session warmed
2026-09-04 00:35:25,760 | INFO |    ↳ Status 403
2026-09-04 00:35:25,761 | WARNING |    ⚠ Blocked (403) retry 1
2026-09-04 00:35:25,858 | INFO | 🌐 Session warmed
2026-09-04 00:35:26,506 | INFO |    ↳ Status 403
2026-09-04 00:35:26,506 | WARNING |    ⚠ Blocked (403) retry 3
2026-09-04 00:35:26,601 | INFO | 🌐 Session warmed
2026-09-04 00:35:26,928 | INFO |    ↳ Status 403
2026-09-04 00:35:26,928 | WARNING |    ⚠ Blocked (403) retry 3
2026-09-04 00:35:27,032 | INFO | 🌐 Session warmed
2026-09-04 00:35:27,971 | INFO |    ↳ Status 403
2026-09-04 00:35:27,971 | WARNING |    ⚠ Blocked (403) retry 2
2026-09-04 00:35:28,103 | INFO | 🌐 Session warmed
2026-09-04 00:35:28,860 | INFO | [603/1901] Fetching Guledgudda (GULD)
2026-09-04 00:35:29,883 | INFO |    ↳ Status 403
2026-09-04 00:35:29,883 | WARNING |    ⚠ Blocked (403) retry 1
2026-09-04 00:35:29,973 | INFO | 🌐 Session warmed
2026-09-04 00:35:30,601 | INFO | [604/1901] Fetching Gummadidala (GUMM)
2026-09-04 00:35:31,032 | INFO | [605/1901] Fetching Guna (GUNA)
2026-09-04 00:35:31,081 | INFO |    ↳ Status 403
2026-09-04 00:35:31,081 | WARNING |    ⚠ Blocked (403) retry 3
2026-09-04 00:35:31,183 | INFO | 🌐 Session warmed
2026-09-04 00:35:31,356 | INFO |    ↳ Status 403
2026-09-04 00:35:31,356 | WARNING |    ⚠ Blocked (403) retry 1
2026-09-04 00:35:31,468 | INFO | 🌐 Session warmed
2026-09-04 00:35:32,061 | INFO |    ↳ Status 403
2026-09-04 00:35:32,061 | WARNING |    ⚠ Blocked (403) retry 1
2026-09-04 00:35:32,141 | INFO | 🌐 Session warmed
2026-09-04 00:35:32,154 | INFO |    ↳ Status 403
2026-09-04 00:35:32,154 | WARNING |    ⚠ Blocked (403) retry 2
2026-09-04 00:35:32,256 | INFO | 🌐 Session warmed
2026-09-04 00:35:33,436 | INFO |    ↳ Status 403
2026-09-04 00:35:33,436 | WARNING |    ⚠ Blocked (403) retry 2
2026-09-04 00:35:33,527 | INFO | 🌐 Session warmed
2026-09-04 00:35:34,418 | INFO |    ↳ Status 403
2026-09-04 00:35:34,418 | WARNING |    ⚠ Blocked (403) retry 2
2026-09-04 00:35:34,509 | INFO | 🌐 Session warmed
2026-09-04 00:35:35,059 | INFO |    ↳ Status 403
2026-09-04 00:35:35,059 | WARNING |    ⚠ Blocked (403) retry 3
2026-09-04 00:35:35,183 | INFO | [606/1901] Fetching Gundlupet (GUND)
2026-09-04 00:35:35,208 | INFO | 🌐 Session warmed
2026-09-04 00:35:36,172 | INFO |    ↳ Status 403
2026-09-04 00:35:36,173 | WARNING |    ⚠ Blocked (403) retry 1
2026-09-04 00:35:36,294 | INFO | 🌐 Session warmed
2026-09-04 00:35:36,372 | INFO |    ↳ Status 403
2026-09-04 00:35:36,372 | WARNING |    ⚠ Blocked (403) retry 3
2026-09-04 00:35:36,465 | INFO | 🌐 Session warmed
2026-09-04 00:35:37,716 | INFO |    ↳ Status 403
2026-09-04 00:35:37,716 | WARNING |    ⚠ Blocked (403) retry 3
2026-09-04 00:35:37,827 | INFO | 🌐 Session warmed
2026-09-04 00:35:38,711 | INFO |    ↳ Status 403
2026-09-04 00:35:38,711 | WARNING |    ⚠ Blocked (403) retry 2
2026-09-04 00:35:38,816 | INFO | 🌐 Session warmed
2026-09-04 00:35:39,208 | INFO | [607/1901] Fetching Guntakal (GUNL)
2026-09-04 00:35:40,160 | INFO |    ↳ Status 403
2026-09-04 00:35:40,160 | WARNING |    ⚠ Blocked (403) retry 1
2026-09-04 00:35:40,272 | INFO | 🌐 Session warmed
2026-09-04 00:35:40,465 | INFO | [608/1901] Fetching Guntur (GUNT)
2026-09-04 00:35:41,674 | INFO |    ↳ Status 403
2026-09-04 00:35:41,675 | WARNING |    ⚠ Blocked (403) retry 1
2026-09-04 00:35:41,709 | INFO |    ↳ Status 403
2026-09-04 00:35:41,709 | WARNING |    ⚠ Blocked (403) retry 3
2026-09-04 00:35:41,791 | INFO | 🌐 Session warmed
2026-09-04 00:35:41,817 | INFO | 🌐 Session warmed
2026-09-04 00:35:41,828 | INFO | [609/1901] Fetching Gurap (GRAP)
2026-09-04 00:35:41,940 | INFO |    ↳ Status 403
2026-09-04 00:35:41,940 | WARNING |    ⚠ Blocked (403) retry 2
2026-09-04 00:35:42,034 | INFO | 🌐 Session warmed
2026-09-04 00:35:42,628 | INFO |    ↳ Status 403
2026-09-04 00:35:42,628 | WARNING |    ⚠ Blocked (403) retry 1
2026-09-04 00:35:42,715 | INFO | 🌐 Session warmed
2026-09-04 00:35:43,467 | INFO |    ↳ Status 403
2026-09-04 00:35:43,467 | WARNING |    ⚠ Blocked (403) retry 2
2026-09-04 00:35:43,561 | INFO | 🌐 Session warmed
2026-09-04 00:35:45,009 | INFO |    ↳ Status 403
2026-09-04 00:35:45,009 | WARNING |    ⚠ Blocked (403) retry 2
2026-09-04 00:35:45,117 | INFO | 🌐 Session warmed
2026-09-04 00:35:45,240 | INFO |    ↳ Status 403
2026-09-04 00:35:45,240 | WARNING |    ⚠ Blocked (403) retry 3
2026-09-04 00:35:45,329 | INFO | 🌐 Session warmed
2026-09-04 00:35:45,818 | INFO | [610/1901] Fetching Gurazala (GURZ)
2026-09-04 00:35:46,660 | INFO |    ↳ Status 403
2026-09-04 00:35:46,661 | WARNING |    ⚠ Blocked (403) retry 1
2026-09-04 00:35:46,674 | INFO |    ↳ Status 403
2026-09-04 00:35:46,674 | WARNING |    ⚠ Blocked (403) retry 3
2026-09-04 00:35:46,761 | INFO | 🌐 Session warmed
2026-09-04 00:35:46,775 | INFO | 🌐 Session warmed
2026-09-04 00:35:48,041 | INFO |    ↳ Status 403
2026-09-04 00:35:48,041 | WARNING |    ⚠ Blocked (403) retry 3
2026-09-04 00:35:48,135 | INFO | 🌐 Session warmed
2026-09-04 00:35:48,718 | INFO |    ↳ Status 403
2026-09-04 00:35:48,718 | WARNING |    ⚠ Blocked (403) retry 2
2026-09-04 00:35:48,808 | INFO | 🌐 Session warmed
2026-09-04 00:35:49,330 | INFO | [611/1901] Fetching Gurdaspur (GSPR)
2026-09-04 00:35:50,313 | INFO |    ↳ Status 403
2026-09-04 00:35:50,314 | WARNING |    ⚠ Blocked (403) retry 1
2026-09-04 00:35:50,413 | INFO | 🌐 Session warmed
2026-09-04 00:35:50,776 | INFO | [612/1901] Fetching Guruvayur (GUVY)
2026-09-04 00:35:51,423 | INFO |    ↳ Status 403
2026-09-04 00:35:51,424 | WARNING |    ⚠ Blocked (403) retry 1
2026-09-04 00:35:51,545 | INFO | 🌐 Session warmed
2026-09-04 00:35:52,025 | INFO |    ↳ Status 403
2026-09-04 00:35:52,025 | WARNING |    ⚠ Blocked (403) retry 3
2026-09-04 00:35:52,102 | INFO | 🌐 Session warmed
2026-09-04 00:35:52,136 | INFO | [613/1901] Fetching Guwahati (GUW)
2026-09-04 00:35:52,313 | INFO |    ↳ Status 403
2026-09-04 00:35:52,313 | WARNING |    ⚠ Blocked (403) retry 2
2026-09-04 00:35:52,413 | INFO | 🌐 Session warmed
2026-09-04 00:35:53,206 | INFO |    ↳ Status 403
2026-09-04 00:35:53,206 | WARNING |    ⚠ Blocked (403) retry 1
2026-09-04 00:35:53,311 | INFO | 🌐 Session warmed
2026-09-04 00:35:53,393 | INFO |    ↳ Status 403
2026-09-04 00:35:53,393 | WARNING |    ⚠ Blocked (403) retry 2
2026-09-04 00:35:53,487 | INFO | 🌐 Session warmed
2026-09-04 00:35:55,002 | INFO |    ↳ Status 403
2026-09-04 00:35:55,002 | WARNING |    ⚠ Blocked (403) retry 2
2026-09-04 00:35:55,084 | INFO | 🌐 Session warmed
2026-09-04 00:35:55,442 | INFO |    ↳ Status 403
2026-09-04 00:35:55,442 | WARNING |    ⚠ Blocked (403) retry 3
2026-09-04 00:35:55,534 | INFO | 🌐 Session warmed
2026-09-04 00:35:56,103 | INFO | [614/1901] Fetching Gwalior (GWAL)
2026-09-04 00:35:56,385 | INFO |    ↳ Status 403
2026-09-04 00:35:56,385 | WARNING |    ⚠ Blocked (403) retry 3
2026-09-04 00:35:56,490 | INFO | 🌐 Session warmed
2026-09-04 00:35:57,387 | INFO |    ↳ Status 403
2026-09-04 00:35:57,387 | WARNING |    ⚠ Blocked (403) retry 1
2026-09-04 00:35:57,501 | INFO | 🌐 Session warmed
2026-09-04 00:35:58,505 | INFO |    ↳ Status 403
2026-09-04 00:35:58,505 | WARNING |    ⚠ Blocked (403) retry 3
2026-09-04 00:35:58,602 | INFO | 🌐 Session warmed
2026-09-04 00:35:59,346 | INFO |    ↳ Status 403
2026-09-04 00:35:59,346 | WARNING |    ⚠ Blocked (403) retry 2
2026-09-04 00:35:59,451 | INFO | 🌐 Session warmed
2026-09-04 00:35:59,534 | INFO | [615/1901] Fetching Habra (HARR)
2026-09-04 00:36:00,490 | INFO | [616/1901] Fetching Haflong (HALG)
2026-09-04 00:36:00,942 | INFO |    ↳ Status 403
2026-09-04 00:36:00,942 | WARNING |    ⚠ Blocked (403) retry 1
2026-09-04 00:36:01,039 | INFO | 🌐 Session warmed
2026-09-04 00:36:01,504 | INFO |    ↳ Status 403
2026-09-04 00:36:01,504 | WARNING |    ⚠ Blocked (403) retry 1
2026-09-04 00:36:01,594 | INFO | 🌐 Session warmed
2026-09-04 00:36:02,590 | INFO |    ↳ Status 403
2026-09-04 00:36:02,590 | WARNING |    ⚠ Blocked (403) retry 3
2026-09-04 00:36:02,602 | INFO | [617/1901] Fetching Hagaribommanahalli (HHGG)
2026-09-04 00:36:02,680 | INFO | 🌐 Session warmed
2026-09-04 00:36:02,944 | INFO |    ↳ Status 403
2026-09-04 00:36:02,944 | WARNING |    ⚠ Blocked (403) retry 2
2026-09-04 00:36:03,046 | INFO | 🌐 Session warmed
2026-09-04 00:36:03,826 | INFO |    ↳ Status 403
2026-09-04 00:36:03,827 | WARNING |    ⚠ Blocked (403) retry 1
2026-09-04 00:36:03,901 | INFO |    ↳ Status 403
2026-09-04 00:36:03,902 | WARNING |    ⚠ Blocked (403) retry 2
2026-09-04 00:36:03,918 | INFO | 🌐 Session warmed
2026-09-04 00:36:04,015 | INFO | 🌐 Session warmed
2026-09-04 00:36:05,641 | INFO |    ↳ Status 403
2026-09-04 00:36:05,641 | WARNING |    ⚠ Blocked (403) retry 2
2026-09-04 00:36:05,734 | INFO | 🌐 Session warmed
2026-09-04 00:36:06,020 | INFO |    ↳ Status 403
2026-09-04 00:36:06,020 | WARNING |    ⚠ Blocked (403) retry 3
2026-09-04 00:36:06,111 | INFO | 🌐 Session warmed
2026-09-04 00:36:06,680 | INFO | [618/1901] Fetching Hajipur (HAJI)
2026-09-04 00:36:07,100 | INFO |    ↳ Status 403
2026-09-04 00:36:07,100 | WARNING |    ⚠ Blocked (403) retry 3
2026-09-04 00:36:07,199 | INFO | 🌐 Session warmed
2026-09-04 00:36:07,852 | INFO |    ↳ Status 403
2026-09-04 00:36:07,852 | WARNING |    ⚠ Blocked (403) retry 1
2026-09-04 00:36:07,979 | INFO | 🌐 Session warmed
2026-09-04 00:36:08,833 | INFO |    ↳ Status 403
2026-09-04 00:36:08,834 | WARNING |    ⚠ Blocked (403) retry 3
2026-09-04 00:36:08,945 | INFO | 🌐 Session warmed
2026-09-04 00:36:09,964 | INFO |    ↳ Status 403
2026-09-04 00:36:09,964 | WARNING |    ⚠ Blocked (403) retry 2
2026-09-04 00:36:10,044 | INFO | 🌐 Session warmed
2026-09-04 00:36:10,112 | INFO | [619/1901] Fetching Haldia (HLDI)
2026-09-04 00:36:10,951 | INFO |    ↳ Status 403
2026-09-04 00:36:10,951 | WARNING |    ⚠ Blocked (403) retry 1
2026-09-04 00:36:11,051 | INFO | 🌐 Session warmed
2026-09-04 00:36:11,199 | INFO | [620/1901] Fetching Halduchaur (HUCR)
2026-09-04 00:36:11,983 | INFO |    ↳ Status 403
2026-09-04 00:36:11,983 | WARNING |    ⚠ Blocked (403) retry 1
2026-09-04 00:36:12,108 | INFO | 🌐 Session warmed
2026-09-04 00:36:12,945 | INFO |    ↳ Status 403
2026-09-04 00:36:12,945 | WARNING |    ⚠ Blocked (403) retry 2
2026-09-04 00:36:12,948 | INFO | [621/1901] Fetching Haldwani (HALD)
2026-09-04 00:36:13,055 | INFO | 🌐 Session warmed
2026-09-04 00:36:13,190 | INFO |    ↳ Status 403
2026-09-04 00:36:13,191 | WARNING |    ⚠ Blocked (403) retry 3
2026-09-04 00:36:13,309 | INFO | 🌐 Session warmed
2026-09-04 00:36:13,962 | INFO |    ↳ Status 403
2026-09-04 00:36:13,962 | WARNING |    ⚠ Blocked (403) retry 1
2026-09-04 00:36:14,056 | INFO | 🌐 Session warmed
2026-09-04 00:36:14,209 | INFO |    ↳ Status 403
2026-09-04 00:36:14,209 | WARNING |    ⚠ Blocked (403) retry 2
2026-09-04 00:36:14,351 | INFO | 🌐 Session warmed
2026-09-04 00:36:16,043 | INFO |    ↳ Status 403
2026-09-04 00:36:16,043 | WARNING |    ⚠ Blocked (403) retry 2
2026-09-04 00:36:16,131 | INFO | 🌐 Session warmed
2026-09-04 00:36:16,475 | INFO |    ↳ Status 403
2026-09-04 00:36:16,475 | WARNING |    ⚠ Blocked (403) retry 3
2026-09-04 00:36:16,575 | INFO | 🌐 Session warmed
2026-09-04 00:36:17,309 | INFO | [622/1901] Fetching Haliya (HALI)
2026-09-04 00:36:17,468 | INFO |    ↳ Status 403
2026-09-04 00:36:17,468 | WARNING |    ⚠ Blocked (403) retry 3
2026-09-04 00:36:17,572 | INFO | 🌐 Session warmed
2026-09-04 00:36:17,984 | INFO |    ↳ Status 403
2026-09-04 00:36:17,984 | WARNING |    ⚠ Blocked (403) retry 1
2026-09-04 00:36:18,073 | INFO | 🌐 Session warmed
2026-09-04 00:36:19,490 | INFO |    ↳ Status 403
2026-09-04 00:36:19,490 | WARNING |    ⚠ Blocked (403) retry 3
2026-09-04 00:36:19,601 | INFO | 🌐 Session warmed
2026-09-04 00:36:20,481 | INFO |    ↳ Status 403
2026-09-04 00:36:20,481 | WARNING |    ⚠ Blocked (403) retry 2
2026-09-04 00:36:20,575 | INFO | [623/1901] Fetching Halol (HALO)
2026-09-04 00:36:20,584 | INFO | 🌐 Session warmed
2026-09-04 00:36:21,572 | INFO | [624/1901] Fetching Hamirpur (HP) (HAMI)
2026-09-04 00:36:21,765 | INFO |    ↳ Status 403
2026-09-04 00:36:21,765 | WARNING |    ⚠ Blocked (403) retry 1
2026-09-04 00:36:21,856 | INFO | 🌐 Session warmed
2026-09-04 00:36:22,665 | INFO |    ↳ Status 403
2026-09-04 00:36:22,665 | WARNING |    ⚠ Blocked (403) retry 1
2026-09-04 00:36:22,758 | INFO | 🌐 Session warmed
2026-09-04 00:36:23,422 | INFO |    ↳ Status 403
2026-09-04 00:36:23,422 | WARNING |    ⚠ Blocked (403) retry 3
2026-09-04 00:36:23,541 | INFO | 🌐 Session warmed
2026-09-04 00:36:23,601 | INFO | [625/1901] Fetching Hampi (HMPI)
2026-09-04 00:36:24,126 | INFO |    ↳ Status 403
2026-09-04 00:36:24,126 | WARNING |    ⚠ Blocked (403) retry 2
2026-09-04 00:36:24,223 | INFO | 🌐 Session warmed
2026-09-04 00:36:24,253 | INFO |    ↳ Status 403
2026-09-04 00:36:24,253 | WARNING |    ⚠ Blocked (403) retry 1
2026-09-04 00:36:24,365 | INFO | 🌐 Session warmed
2026-09-04 00:36:24,556 | INFO |    ↳ Status 403
2026-09-04 00:36:24,556 | WARNING |    ⚠ Blocked (403) retry 2
2026-09-04 00:36:24,644 | INFO | 🌐 Session warmed
2026-09-04 00:36:26,183 | INFO |    ↳ Status 403
2026-09-04 00:36:26,183 | WARNING |    ⚠ Blocked (403) retry 2
2026-09-04 00:36:26,288 | INFO | 🌐 Session warmed
2026-09-04 00:36:27,191 | INFO |    ↳ Status 403
2026-09-04 00:36:27,191 | WARNING |    ⚠ Blocked (403) retry 3
2026-09-04 00:36:27,319 | INFO | 🌐 Session warmed
2026-09-04 00:36:27,542 | INFO | [626/1901] Fetching Handwara (HNDW)
2026-09-04 00:36:28,027 | INFO |    ↳ Status 403
2026-09-04 00:36:28,027 | WARNING |    ⚠ Blocked (403) retry 3
2026-09-04 00:36:28,150 | INFO | 🌐 Session warmed
2026-09-04 00:36:28,773 | INFO |    ↳ Status 403
2026-09-04 00:36:28,773 | WARNING |    ⚠ Blocked (403) retry 1
2026-09-04 00:36:28,863 | INFO | 🌐 Session warmed
2026-09-04 00:36:28,957 | INFO |    ↳ Status 403
2026-09-04 00:36:28,957 | WARNING |    ⚠ Blocked (403) retry 3
2026-09-04 00:36:29,096 | INFO | 🌐 Session warmed
2026-09-04 00:36:30,801 | INFO |    ↳ Status 403
2026-09-04 00:36:30,801 | WARNING |    ⚠ Blocked (403) retry 2
2026-09-04 00:36:30,895 | INFO | 🌐 Session warmed
2026-09-04 00:36:31,319 | INFO | [627/1901] Fetching Hanuman Junction (HANU)
2026-09-04 00:36:31,950 | INFO |    ↳ Status 403
2026-09-04 00:36:31,950 | WARNING |    ⚠ Blocked (403) retry 1
2026-09-04 00:36:32,044 | INFO | 🌐 Session warmed
2026-09-04 00:36:32,150 | INFO | [628/1901] Fetching Hanumangarh (HNMG)
2026-09-04 00:36:33,046 | INFO |    ↳ Status 403
2026-09-04 00:36:33,046 | WARNING |    ⚠ Blocked (403) retry 1
2026-09-04 00:36:33,097 | INFO | [629/1901] Fetching Hapur (HAPR)
2026-09-04 00:36:33,131 | INFO | 🌐 Session warmed
2026-09-04 00:36:33,751 | INFO |    ↳ Status 403
2026-09-04 00:36:33,751 | WARNING |    ⚠ Blocked (403) retry 3
2026-09-04 00:36:33,848 | INFO | 🌐 Session warmed
2026-09-04 00:36:34,001 | INFO |    ↳ Status 403
2026-09-04 00:36:34,001 | WARNING |    ⚠ Blocked (403) retry 2
2026-09-04 00:36:34,096 | INFO | 🌐 Session warmed
2026-09-04 00:36:34,444 | INFO |    ↳ Status 403
2026-09-04 00:36:34,444 | WARNING |    ⚠ Blocked (403) retry 1
2026-09-04 00:36:34,556 | INFO | 🌐 Session warmed
2026-09-04 00:36:35,074 | INFO |    ↳ Status 403
2026-09-04 00:36:35,074 | WARNING |    ⚠ Blocked (403) retry 2
2026-09-04 00:36:35,179 | INFO | 🌐 Session warmed
2026-09-04 00:36:36,817 | INFO |    ↳ Status 403
2026-09-04 00:36:36,817 | WARNING |    ⚠ Blocked (403) retry 3
2026-09-04 00:36:36,882 | INFO |    ↳ Status 403
2026-09-04 00:36:36,882 | WARNING |    ⚠ Blocked (403) retry 2
2026-09-04 00:36:36,908 | INFO | 🌐 Session warmed
2026-09-04 00:36:36,983 | INFO | 🌐 Session warmed
2026-09-04 00:36:37,848 | INFO | [630/1901] Fetching Harda (HRDA)
2026-09-04 00:36:37,858 | INFO |    ↳ Status 403
2026-09-04 00:36:37,859 | WARNING |    ⚠ Blocked (403) retry 3
2026-09-04 00:36:37,960 | INFO | 🌐 Session warmed
2026-09-04 00:36:38,811 | INFO |    ↳ Status 403
2026-09-04 00:36:38,811 | WARNING |    ⚠ Blocked (403) retry 1
2026-09-04 00:36:38,892 | INFO | 🌐 Session warmed
2026-09-04 00:36:40,237 | INFO |    ↳ Status 403
2026-09-04 00:36:40,237 | WARNING |    ⚠ Blocked (403) retry 3
2026-09-04 00:36:40,310 | INFO | 🌐 Session warmed
2026-09-04 00:36:40,862 | INFO |    ↳ Status 403
2026-09-04 00:36:40,862 | WARNING |    ⚠ Blocked (403) retry 2
2026-09-04 00:36:40,909 | INFO | [631/1901] Fetching Hardoi (HRDI)
2026-09-04 00:36:40,956 | INFO | 🌐 Session warmed
2026-09-04 00:36:41,961 | INFO | [632/1901] Fetching Haria (HARI)
2026-09-04 00:36:42,205 | INFO |    ↳ Status 403
2026-09-04 00:36:42,205 | WARNING |    ⚠ Blocked (403) retry 1
2026-09-04 00:36:42,308 | INFO | 🌐 Session warmed
2026-09-04 00:36:42,886 | INFO |    ↳ Status 403
2026-09-04 00:36:42,886 | WARNING |    ⚠ Blocked (403) retry 1
2026-09-04 00:36:42,991 | INFO | 🌐 Session warmed
2026-09-04 00:36:43,809 | INFO |    ↳ Status 403
2026-09-04 00:36:43,809 | WARNING |    ⚠ Blocked (403) retry 3
2026-09-04 00:36:43,902 | INFO | 🌐 Session warmed
2026-09-04 00:36:43,999 | INFO |    ↳ Status 403
2026-09-04 00:36:43,999 | WARNING |    ⚠ Blocked (403) retry 2
2026-09-04 00:36:44,086 | INFO | 🌐 Session warmed
2026-09-04 00:36:44,310 | INFO | [633/1901] Fetching Haridwar (HRDR)
2026-09-04 00:36:45,038 | INFO |    ↳ Status 403
2026-09-04 00:36:45,039 | WARNING |    ⚠ Blocked (403) retry 2
2026-09-04 00:36:45,133 | INFO | 🌐 Session warmed
2026-09-04 00:36:45,205 | INFO |    ↳ Status 403
2026-09-04 00:36:45,205 | WARNING |    ⚠ Blocked (403) retry 1
2026-09-04 00:36:45,298 | INFO | 🌐 Session warmed
2026-09-04 00:36:47,181 | INFO |    ↳ Status 403
2026-09-04 00:36:47,181 | WARNING |    ⚠ Blocked (403) retry 3
2026-09-04 00:36:47,289 | INFO | 🌐 Session warmed
2026-09-04 00:36:47,579 | INFO |    ↳ Status 403
2026-09-04 00:36:47,579 | WARNING |    ⚠ Blocked (403) retry 2
2026-09-04 00:36:47,689 | INFO | 🌐 Session warmed
2026-09-04 00:36:47,902 | INFO | [634/1901] Fetching Harihar (HRRR)
2026-09-04 00:36:48,129 | INFO |    ↳ Status 403
2026-09-04 00:36:48,129 | WARNING |    ⚠ Blocked (403) retry 3
2026-09-04 00:36:48,235 | INFO | 🌐 Session warmed
2026-09-04 00:36:49,109 | INFO |    ↳ Status 403
2026-09-04 00:36:49,109 | WARNING |    ⚠ Blocked (403) retry 1
2026-09-04 00:36:49,198 | INFO | 🌐 Session warmed
2026-09-04 00:36:50,393 | INFO |    ↳ Status 403
2026-09-04 00:36:50,393 | WARNING |    ⚠ Blocked (403) retry 3
2026-09-04 00:36:50,486 | INFO | 🌐 Session warmed
2026-09-04 00:36:50,988 | INFO |    ↳ Status 403
2026-09-04 00:36:50,988 | WARNING |    ⚠ Blocked (403) retry 2
2026-09-04 00:36:51,077 | INFO | 🌐 Session warmed
2026-09-04 00:36:51,289 | INFO | [635/1901] Fetching Haripad (HRPD)
2026-09-04 00:36:52,235 | INFO | [636/1901] Fetching Harugeri (HARU)
2026-09-04 00:36:52,532 | INFO |    ↳ Status 403
2026-09-04 00:36:52,532 | WARNING |    ⚠ Blocked (403) retry 1
2026-09-04 00:36:52,624 | INFO | 🌐 Session warmed
2026-09-04 00:36:53,049 | INFO |    ↳ Status 403
2026-09-04 00:36:53,049 | WARNING |    ⚠ Blocked (403) retry 1
2026-09-04 00:36:53,165 | INFO | 🌐 Session warmed
2026-09-04 00:36:54,210 | INFO |    ↳ Status 403
2026-09-04 00:36:54,210 | WARNING |    ⚠ Blocked (403) retry 3
2026-09-04 00:36:54,319 | INFO | 🌐 Session warmed
2026-09-04 00:36:54,487 | INFO | [637/1901] Fetching Harur (HRUR)
2026-09-04 00:36:54,999 | INFO |    ↳ Status 403
2026-09-04 00:36:54,999 | WARNING |    ⚠ Blocked (403) retry 2
2026-09-04 00:36:55,106 | INFO | 🌐 Session warmed
2026-09-04 00:36:55,150 | INFO |    ↳ Status 403
2026-09-04 00:36:55,151 | WARNING |    ⚠ Blocked (403) retry 2
2026-09-04 00:36:55,249 | INFO | 🌐 Session warmed
2026-09-04 00:36:55,544 | INFO |    ↳ Status 403
2026-09-04 00:36:55,544 | WARNING |    ⚠ Blocked (403) retry 1
2026-09-04 00:36:55,669 | INFO | 🌐 Session warmed
2026-09-04 00:36:57,451 | INFO |    ↳ Status 403
2026-09-04 00:36:57,452 | WARNING |    ⚠ Blocked (403) retry 2
2026-09-04 00:36:57,562 | INFO | 🌐 Session warmed
2026-09-04 00:36:57,897 | INFO |    ↳ Status 403
2026-09-04 00:36:57,897 | WARNING |    ⚠ Blocked (403) retry 3
2026-09-04 00:36:58,014 | INFO | 🌐 Session warmed
2026-09-04 00:36:58,208 | INFO |    ↳ Status 403
2026-09-04 00:36:58,209 | WARNING |    ⚠ Blocked (403) retry 3
2026-09-04 00:36:58,320 | INFO | [638/1901] Fetching Hasanparthy (HASA)
2026-09-04 00:36:58,323 | INFO | 🌐 Session warmed
2026-09-04 00:36:59,135 | INFO |    ↳ Status 403
2026-09-04 00:36:59,135 | WARNING |    ⚠ Blocked (403) retry 1
2026-09-04 00:36:59,253 | INFO | 🌐 Session warmed
2026-09-04 00:37:00,834 | INFO |    ↳ Status 403
2026-09-04 00:37:00,834 | WARNING |    ⚠ Blocked (403) retry 3
2026-09-04 00:37:00,956 | INFO | 🌐 Session warmed
2026-09-04 00:37:01,273 | INFO |    ↳ Status 403
2026-09-04 00:37:01,274 | WARNING |    ⚠ Blocked (403) retry 2
2026-09-04 00:37:01,370 | INFO | 🌐 Session warmed
2026-09-04 00:37:02,015 | INFO | [639/1901] Fetching Hasanparthy (HASZ)
2026-09-04 00:37:02,323 | INFO | [640/1901] Fetching Hasanpur (HANS)
2026-09-04 00:37:03,142 | INFO |    ↳ Status 403
2026-09-04 00:37:03,142 | WARNING |    ⚠ Blocked (403) retry 1
2026-09-04 00:37:03,157 | INFO |    ↳ Status 403
2026-09-04 00:37:03,157 | WARNING |    ⚠ Blocked (403) retry 1
2026-09-04 00:37:03,266 | INFO | 🌐 Session warmed
2026-09-04 00:37:03,276 | INFO | 🌐 Session warmed
2026-09-04 00:37:04,687 | INFO |    ↳ Status 403
2026-09-04 00:37:04,687 | WARNING |    ⚠ Blocked (403) retry 3
2026-09-04 00:37:04,798 | INFO | 🌐 Session warmed
2026-09-04 00:37:04,957 | INFO | [641/1901] Fetching Hasnabad (HSNA)
2026-09-04 00:37:05,414 | INFO |    ↳ Status 403
2026-09-04 00:37:05,414 | WARNING |    ⚠ Blocked (403) retry 2
2026-09-04 00:37:05,515 | INFO | 🌐 Session warmed
2026-09-04 00:37:05,675 | INFO |    ↳ Status 403
2026-09-04 00:37:05,675 | WARNING |    ⚠ Blocked (403) retry 2
2026-09-04 00:37:05,769 | INFO | 🌐 Session warmed
2026-09-04 00:37:05,785 | INFO |    ↳ Status 403
2026-09-04 00:37:05,785 | WARNING |    ⚠ Blocked (403) retry 1
2026-09-04 00:37:05,891 | INFO | 🌐 Session warmed
2026-09-04 00:37:07,948 | INFO |    ↳ Status 403
2026-09-04 00:37:07,948 | WARNING |    ⚠ Blocked (403) retry 2
2026-09-04 00:37:08,053 | INFO | 🌐 Session warmed
2026-09-04 00:37:08,439 | INFO |    ↳ Status 403
2026-09-04 00:37:08,439 | WARNING |    ⚠ Blocked (403) retry 3
2026-09-04 00:37:08,557 | INFO | 🌐 Session warmed
2026-09-04 00:37:08,782 | INFO |    ↳ Status 403
2026-09-04 00:37:08,782 | WARNING |    ⚠ Blocked (403) retry 3
2026-09-04 00:37:08,799 | INFO | [642/1901] Fetching Hassan (HASN)
2026-09-04 00:37:08,898 | INFO | 🌐 Session warmed
2026-09-04 00:37:09,424 | INFO |    ↳ Status 403
2026-09-04 00:37:09,424 | WARNING |    ⚠ Blocked (403) retry 1
2026-09-04 00:37:09,531 | INFO | 🌐 Session warmed
2026-09-04 00:37:10,702 | INFO |    ↳ Status 403
2026-09-04 00:37:10,702 | WARNING |    ⚠ Blocked (403) retry 3
2026-09-04 00:37:10,807 | INFO | 🌐 Session warmed
2026-09-04 00:37:11,880 | INFO |    ↳ Status 403
2026-09-04 00:37:11,880 | WARNING |    ⚠ Blocked (403) retry 2
2026-09-04 00:37:11,968 | INFO | 🌐 Session warmed
2026-09-04 00:37:12,557 | INFO | [643/1901] Fetching Hathras (HATH)
2026-09-04 00:37:12,899 | INFO | [644/1901] Fetching Haveri (HRE)
2026-09-04 00:37:13,316 | INFO |    ↳ Status 403
2026-09-04 00:37:13,316 | WARNING |    ⚠ Blocked (403) retry 1
2026-09-04 00:37:13,415 | INFO | 🌐 Session warmed
2026-09-04 00:37:13,572 | INFO |    ↳ Status 403
2026-09-04 00:37:13,573 | WARNING |    ⚠ Blocked (403) retry 1
2026-09-04 00:37:13,676 | INFO | 🌐 Session warmed
2026-09-04 00:37:14,667 | INFO |    ↳ Status 403
2026-09-04 00:37:14,667 | WARNING |    ⚠ Blocked (403) retry 3
2026-09-04 00:37:14,791 | INFO | 🌐 Session warmed
2026-09-04 00:37:14,807 | INFO | [645/1901] Fetching Hazaribagh (HAZA)
2026-09-04 00:37:15,054 | INFO |    ↳ Status 403
2026-09-04 00:37:15,054 | WARNING |    ⚠ Blocked (403) retry 2
2026-09-04 00:37:15,145 | INFO | 🌐 Session warmed
2026-09-04 00:37:15,432 | INFO |    ↳ Status 403
2026-09-04 00:37:15,432 | WARNING |    ⚠ Blocked (403) retry 2
2026-09-04 00:37:15,531 | INFO |    ↳ Status 403
2026-09-04 00:37:15,531 | WARNING |    ⚠ Blocked (403) retry 1
2026-09-04 00:37:15,540 | INFO | 🌐 Session warmed
2026-09-04 00:37:15,625 | INFO | 🌐 Session warmed
2026-09-04 00:37:17,853 | INFO |    ↳ Status 403
2026-09-04 00:37:17,853 | WARNING |    ⚠ Blocked (403) retry 2
2026-09-04 00:37:17,885 | INFO |    ↳ Status 403
2026-09-04 00:37:17,885 | WARNING |    ⚠ Blocked (403) retry 3
2026-09-04 00:37:17,969 | INFO | 🌐 Session warmed
2026-09-04 00:37:17,977 | INFO | 🌐 Session warmed
2026-09-04 00:37:18,641 | INFO |    ↳ Status 403
2026-09-04 00:37:18,641 | WARNING |    ⚠ Blocked (403) retry 3
2026-09-04 00:37:18,733 | INFO | 🌐 Session warmed
2026-09-04 00:37:18,792 | INFO | [646/1901] Fetching Himmatnagar (HIMM)
2026-09-04 00:37:20,138 | INFO |    ↳ Status 403
2026-09-04 00:37:20,139 | WARNING |    ⚠ Blocked (403) retry 1
2026-09-04 00:37:20,242 | INFO | 🌐 Session warmed
2026-09-04 00:37:20,711 | INFO |    ↳ Status 403
2026-09-04 00:37:20,711 | WARNING |    ⚠ Blocked (403) retry 3
2026-09-04 00:37:20,808 | INFO | 🌐 Session warmed
2026-09-04 00:37:21,974 | INFO |    ↳ Status 403
2026-09-04 00:37:21,974 | WARNING |    ⚠ Blocked (403) retry 2
2026-09-04 00:37:21,978 | INFO | [647/1901] Fetching Hindaun City (HIND)
2026-09-04 00:37:22,069 | INFO | 🌐 Session warmed
2026-09-04 00:37:22,733 | INFO | [648/1901] Fetching Hindupur (HNDP)
2026-09-04 00:37:22,982 | INFO |    ↳ Status 403
2026-09-04 00:37:22,982 | WARNING |    ⚠ Blocked (403) retry 1
2026-09-04 00:37:23,073 | INFO | 🌐 Session warmed
2026-09-04 00:37:24,141 | INFO |    ↳ Status 403
2026-09-04 00:37:24,141 | WARNING |    ⚠ Blocked (403) retry 1
2026-09-04 00:37:24,255 | INFO | 🌐 Session warmed
2026-09-04 00:37:24,809 | INFO | [649/1901] Fetching Hindupuram (HINP)
2026-09-04 00:37:24,868 | INFO |    ↳ Status 403
2026-09-04 00:37:24,868 | WARNING |    ⚠ Blocked (403) retry 2
2026-09-04 00:37:24,993 | INFO | 🌐 Session warmed
2026-09-04 00:37:25,468 | INFO |    ↳ Status 403
2026-09-04 00:37:25,468 | WARNING |    ⚠ Blocked (403) retry 3
2026-09-04 00:37:25,569 | INFO | 🌐 Session warmed
2026-09-04 00:37:25,606 | INFO |    ↳ Status 403
2026-09-04 00:37:25,606 | WARNING |    ⚠ Blocked (403) retry 1
2026-09-04 00:37:25,694 | INFO | 🌐 Session warmed
2026-09-04 00:37:25,947 | INFO |    ↳ Status 403
2026-09-04 00:37:25,947 | WARNING |    ⚠ Blocked (403) retry 2
2026-09-04 00:37:26,041 | INFO | 🌐 Session warmed
2026-09-04 00:37:27,741 | INFO |    ↳ Status 403
2026-09-04 00:37:27,741 | WARNING |    ⚠ Blocked (403) retry 2
2026-09-04 00:37:27,834 | INFO |    ↳ Status 403
2026-09-04 00:37:27,834 | WARNING |    ⚠ Blocked (403) retry 3
2026-09-04 00:37:27,848 | INFO | 🌐 Session warmed
2026-09-04 00:37:27,942 | INFO | 🌐 Session warmed
2026-09-04 00:37:29,187 | INFO |    ↳ Status 403
2026-09-04 00:37:29,187 | WARNING |    ⚠ Blocked (403) retry 3
2026-09-04 00:37:29,294 | INFO | 🌐 Session warmed
2026-09-04 00:37:29,569 | INFO | [650/1901] Fetching Hinganghat (HINA)
2026-09-04 00:37:30,524 | INFO |    ↳ Status 403
2026-09-04 00:37:30,524 | WARNING |    ⚠ Blocked (403) retry 3
2026-09-04 00:37:30,620 | INFO | 🌐 Session warmed
2026-09-04 00:37:30,992 | INFO |    ↳ Status 403
2026-09-04 00:37:30,992 | WARNING |    ⚠ Blocked (403) retry 1
2026-09-04 00:37:31,093 | INFO | 🌐 Session warmed
2026-09-04 00:37:31,942 | INFO | [651/1901] Fetching Hingoli (HING)
2026-09-04 00:37:32,975 | INFO |    ↳ Status 403
2026-09-04 00:37:32,975 | WARNING |    ⚠ Blocked (403) retry 1
2026-09-04 00:37:33,069 | INFO | 🌐 Session warmed
2026-09-04 00:37:33,295 | INFO | [652/1901] Fetching Hiramandalam (HIRA)
2026-09-04 00:37:33,400 | INFO |    ↳ Status 403
2026-09-04 00:37:33,400 | WARNING |    ⚠ Blocked (403) retry 2
2026-09-04 00:37:33,541 | INFO | 🌐 Session warmed
2026-09-04 00:37:34,021 | INFO |    ↳ Status 403
2026-09-04 00:37:34,021 | WARNING |    ⚠ Blocked (403) retry 1
2026-09-04 00:37:34,120 | INFO | 🌐 Session warmed
2026-09-04 00:37:34,620 | INFO | [653/1901] Fetching Hirekerur (HIRE)
2026-09-04 00:37:34,833 | INFO |    ↳ Status 403
2026-09-04 00:37:34,833 | WARNING |    ⚠ Blocked (403) retry 2
2026-09-04 00:37:34,925 | INFO | 🌐 Session warmed
2026-09-04 00:37:35,431 | INFO |    ↳ Status 403
2026-09-04 00:37:35,431 | WARNING |    ⚠ Blocked (403) retry 1
2026-09-04 00:37:35,522 | INFO | 🌐 Session warmed
2026-09-04 00:37:36,464 | INFO |    ↳ Status 403
2026-09-04 00:37:36,464 | WARNING |    ⚠ Blocked (403) retry 2
2026-09-04 00:37:36,558 | INFO | 🌐 Session warmed
2026-09-04 00:37:36,925 | INFO |    ↳ Status 403
2026-09-04 00:37:36,925 | WARNING |    ⚠ Blocked (403) retry 3
2026-09-04 00:37:37,024 | INFO | 🌐 Session warmed
2026-09-04 00:37:37,224 | INFO |    ↳ Status 403
2026-09-04 00:37:37,224 | WARNING |    ⚠ Blocked (403) retry 2
2026-09-04 00:37:37,324 | INFO | 🌐 Session warmed
2026-09-04 00:37:37,969 | INFO |    ↳ Status 403
2026-09-04 00:37:37,969 | WARNING |    ⚠ Blocked (403) retry 3
2026-09-04 00:37:38,091 | INFO | 🌐 Session warmed
2026-09-04 00:37:39,876 | INFO |    ↳ Status 403
2026-09-04 00:37:39,877 | WARNING |    ⚠ Blocked (403) retry 3
2026-09-04 00:37:39,990 | INFO | 🌐 Session warmed
2026-09-04 00:37:40,425 | INFO |    ↳ Status 403
2026-09-04 00:37:40,425 | WARNING |    ⚠ Blocked (403) retry 3
2026-09-04 00:37:40,511 | INFO | 🌐 Session warmed
2026-09-04 00:37:41,025 | INFO | [654/1901] Fetching Hiriyur (HIRI)
2026-09-04 00:37:42,038 | INFO |    ↳ Status 403
2026-09-04 00:37:42,038 | WARNING |    ⚠ Blocked (403) retry 1
2026-09-04 00:37:42,092 | INFO | [655/1901] Fetching Hisar (HISR)
2026-09-04 00:37:42,134 | INFO | 🌐 Session warmed
2026-09-04 00:37:42,718 | INFO |    ↳ Status 403
2026-09-04 00:37:42,718 | WARNING |    ⚠ Blocked (403) retry 1
2026-09-04 00:37:42,815 | INFO | 🌐 Session warmed
2026-09-04 00:37:43,990 | INFO | [656/1901] Fetching Holenarasipura (HOLE)
2026-09-04 00:37:44,483 | INFO |    ↳ Status 403
2026-09-04 00:37:44,483 | WARNING |    ⚠ Blocked (403) retry 2
2026-09-04 00:37:44,511 | INFO | [657/1901] Fetching Honnali (HONV)
2026-09-04 00:37:44,585 | INFO | 🌐 Session warmed
2026-09-04 00:37:44,873 | INFO |    ↳ Status 403
2026-09-04 00:37:44,873 | WARNING |    ⚠ Blocked (403) retry 2
2026-09-04 00:37:44,980 | INFO | 🌐 Session warmed
2026-09-04 00:37:44,988 | INFO |    ↳ Status 403
2026-09-04 00:37:44,989 | WARNING |    ⚠ Blocked (403) retry 1
2026-09-04 00:37:45,083 | INFO | 🌐 Session warmed
2026-09-04 00:37:45,527 | INFO |    ↳ Status 403
2026-09-04 00:37:45,527 | WARNING |    ⚠ Blocked (403) retry 1
2026-09-04 00:37:45,629 | INFO | 🌐 Session warmed
2026-09-04 00:37:47,120 | INFO |    ↳ Status 403
2026-09-04 00:37:47,120 | WARNING |    ⚠ Blocked (403) retry 2
2026-09-04 00:37:47,231 | INFO | 🌐 Session warmed
2026-09-04 00:37:47,670 | INFO |    ↳ Status 403
2026-09-04 00:37:47,670 | WARNING |    ⚠ Blocked (403) retry 2
2026-09-04 00:37:47,761 | INFO | 🌐 Session warmed
2026-09-04 00:37:47,797 | INFO |    ↳ Status 403
2026-09-04 00:37:47,797 | WARNING |    ⚠ Blocked (403) retry 3
2026-09-04 00:37:47,891 | INFO | 🌐 Session warmed
2026-09-04 00:37:48,321 | INFO |    ↳ Status 403
2026-09-04 00:37:48,321 | WARNING |    ⚠ Blocked (403) retry 3
2026-09-04 00:37:48,438 | INFO | 🌐 Session warmed
2026-09-04 00:37:50,048 | INFO |    ↳ Status 403
2026-09-04 00:37:50,048 | WARNING |    ⚠ Blocked (403) retry 3
2026-09-04 00:37:50,153 | INFO | 🌐 Session warmed
2026-09-04 00:37:50,600 | INFO |    ↳ Status 403
2026-09-04 00:37:50,600 | WARNING |    ⚠ Blocked (403) retry 3
2026-09-04 00:37:50,692 | INFO | 🌐 Session warmed
2026-09-04 00:37:51,891 | INFO | [658/1901] Fetching Honnavara (HNVR)
2026-09-04 00:37:52,439 | INFO | [659/1901] Fetching Hooghly (HOOG)
2026-09-04 00:37:52,633 | INFO |    ↳ Status 403
2026-09-04 00:37:52,633 | WARNING |    ⚠ Blocked (403) retry 1
2026-09-04 00:37:52,725 | INFO | 🌐 Session warmed
2026-09-04 00:37:53,267 | INFO |    ↳ Status 403
2026-09-04 00:37:53,267 | WARNING |    ⚠ Blocked (403) retry 1
2026-09-04 00:37:53,357 | INFO | 🌐 Session warmed
2026-09-04 00:37:54,154 | INFO | [660/1901] Fetching Hoshangabad (HSGB)
2026-09-04 00:37:54,680 | INFO |    ↳ Status 403
2026-09-04 00:37:54,680 | WARNING |    ⚠ Blocked (403) retry 2
2026-09-04 00:37:54,692 | INFO | [661/1901] Fetching Hoshiarpur (HOSH)
2026-09-04 00:37:54,779 | INFO | 🌐 Session warmed
2026-09-04 00:37:55,150 | INFO |    ↳ Status 403
2026-09-04 00:37:55,150 | WARNING |    ⚠ Blocked (403) retry 1
2026-09-04 00:37:55,253 | INFO | 🌐 Session warmed
2026-09-04 00:37:55,772 | INFO |    ↳ Status 403
2026-09-04 00:37:55,772 | WARNING |    ⚠ Blocked (403) retry 2
2026-09-04 00:37:55,864 | INFO | 🌐 Session warmed
2026-09-04 00:37:55,897 | INFO |    ↳ Status 403
2026-09-04 00:37:55,897 | WARNING |    ⚠ Blocked (403) retry 1
2026-09-04 00:37:55,983 | INFO | 🌐 Session warmed
2026-09-04 00:37:57,488 | INFO |    ↳ Status 403
2026-09-04 00:37:57,488 | WARNING |    ⚠ Blocked (403) retry 2
2026-09-04 00:37:57,578 | INFO | 🌐 Session warmed
2026-09-04 00:37:57,637 | INFO |    ↳ Status 403
2026-09-04 00:37:57,637 | WARNING |    ⚠ Blocked (403) retry 2
2026-09-04 00:37:57,727 | INFO | 🌐 Session warmed
2026-09-04 00:37:57,921 | INFO |    ↳ Status 403
2026-09-04 00:37:57,921 | WARNING |    ⚠ Blocked (403) retry 3
2026-09-04 00:37:58,036 | INFO | 🌐 Session warmed
2026-09-04 00:37:58,666 | INFO |    ↳ Status 403
2026-09-04 00:37:58,666 | WARNING |    ⚠ Blocked (403) retry 3
2026-09-04 00:37:58,757 | INFO | 🌐 Session warmed
2026-09-04 00:38:00,401 | INFO |    ↳ Status 403
2026-09-04 00:38:00,402 | WARNING |    ⚠ Blocked (403) retry 3
2026-09-04 00:38:00,498 | INFO | 🌐 Session warmed
2026-09-04 00:38:00,773 | INFO |    ↳ Status 403
2026-09-04 00:38:00,773 | WARNING |    ⚠ Blocked (403) retry 3
2026-09-04 00:38:00,880 | INFO | 🌐 Session warmed
2026-09-04 00:38:02,037 | INFO | [662/1901] Fetching Hoskote (HOKT)
2026-09-04 00:38:02,758 | INFO | [663/1901] Fetching Hospet (HOSP)
2026-09-04 00:38:03,291 | INFO |    ↳ Status 403
2026-09-04 00:38:03,291 | WARNING |    ⚠ Blocked (403) retry 1
2026-09-04 00:38:03,364 | INFO | 🌐 Session warmed
2026-09-04 00:38:03,594 | INFO |    ↳ Status 403
2026-09-04 00:38:03,594 | WARNING |    ⚠ Blocked (403) retry 1
2026-09-04 00:38:03,701 | INFO | 🌐 Session warmed
2026-09-04 00:38:04,499 | INFO | [664/1901] Fetching Hosur (HSUR)
2026-09-04 00:38:04,881 | INFO | [665/1901] Fetching Howrah (HWRH)
2026-09-04 00:38:05,175 | INFO |    ↳ Status 403
2026-09-04 00:38:05,175 | WARNING |    ⚠ Blocked (403) retry 2
2026-09-04 00:38:05,255 | INFO | 🌐 Session warmed
2026-09-04 00:38:05,710 | INFO |    ↳ Status 403
2026-09-04 00:38:05,710 | WARNING |    ⚠ Blocked (403) retry 1
2026-09-04 00:38:05,814 | INFO | 🌐 Session warmed
2026-09-04 00:38:06,028 | INFO |    ↳ Status 403
2026-09-04 00:38:06,028 | WARNING |    ⚠ Blocked (403) retry 2
2026-09-04 00:38:06,038 | INFO |    ↳ Status 403
2026-09-04 00:38:06,038 | WARNING |    ⚠ Blocked (403) retry 1
2026-09-04 00:38:06,119 | INFO | 🌐 Session warmed
2026-09-04 00:38:06,145 | INFO | 🌐 Session warmed
2026-09-04 00:38:07,622 | INFO |    ↳ Status 403
2026-09-04 00:38:07,622 | WARNING |    ⚠ Blocked (403) retry 2
2026-09-04 00:38:07,715 | INFO | 🌐 Session warmed
2026-09-04 00:38:08,352 | INFO |    ↳ Status 403
2026-09-04 00:38:08,352 | WARNING |    ⚠ Blocked (403) retry 2
2026-09-04 00:38:08,356 | INFO |    ↳ Status 403
2026-09-04 00:38:08,356 | WARNING |    ⚠ Blocked (403) retry 3
2026-09-04 00:38:08,466 | INFO | 🌐 Session warmed
2026-09-04 00:38:08,476 | INFO | 🌐 Session warmed
2026-09-04 00:38:09,459 | INFO |    ↳ Status 403
2026-09-04 00:38:09,459 | WARNING |    ⚠ Blocked (403) retry 3
2026-09-04 00:38:09,562 | INFO | 🌐 Session warmed
2026-09-04 00:38:10,549 | INFO |    ↳ Status 403
2026-09-04 00:38:10,550 | WARNING |    ⚠ Blocked (403) retry 3
2026-09-04 00:38:10,640 | INFO | 🌐 Session warmed
2026-09-04 00:38:11,838 | INFO |    ↳ Status 403
2026-09-04 00:38:11,839 | WARNING |    ⚠ Blocked (403) retry 3
2026-09-04 00:38:11,929 | INFO | 🌐 Session warmed
2026-09-04 00:38:12,467 | INFO | [666/1901] Fetching Hubballi (Hubli) (HUBL)
2026-09-04 00:38:13,550 | INFO |    ↳ Status 403
2026-09-04 00:38:13,550 | WARNING |    ⚠ Blocked (403) retry 1
2026-09-04 00:38:13,562 | INFO | [667/1901] Fetching Hunagunda (HNGN)
2026-09-04 00:38:13,635 | INFO | 🌐 Session warmed
2026-09-04 00:38:14,640 | INFO | [668/1901] Fetching Hunsur (HUSR)
2026-09-04 00:38:14,930 | INFO |    ↳ Status 403
2026-09-04 00:38:14,930 | WARNING |    ⚠ Blocked (403) retry 1
2026-09-04 00:38:15,029 | INFO | 🌐 Session warmed
2026-09-04 00:38:15,852 | INFO |    ↳ Status 403
2026-09-04 00:38:15,852 | WARNING |    ⚠ Blocked (403) retry 2
2026-09-04 00:38:15,930 | INFO | [669/1901] Fetching Husnabad (HSBD)
2026-09-04 00:38:15,941 | INFO |    ↳ Status 403
2026-09-04 00:38:15,941 | WARNING |    ⚠ Blocked (403) retry 1
2026-09-04 00:38:15,985 | INFO | 🌐 Session warmed
2026-09-04 00:38:16,076 | INFO | 🌐 Session warmed
2026-09-04 00:38:16,616 | INFO |    ↳ Status 403
2026-09-04 00:38:16,616 | WARNING |    ⚠ Blocked (403) retry 1
2026-09-04 00:38:16,708 | INFO | 🌐 Session warmed
2026-09-04 00:38:17,367 | INFO |    ↳ Status 403
2026-09-04 00:38:17,367 | WARNING |    ⚠ Blocked (403) retry 2
2026-09-04 00:38:17,471 | INFO | 🌐 Session warmed
2026-09-04 00:38:18,120 | INFO |    ↳ Status 403
2026-09-04 00:38:18,120 | WARNING |    ⚠ Blocked (403) retry 2
2026-09-04 00:38:18,209 | INFO | 🌐 Session warmed
2026-09-04 00:38:18,932 | INFO |    ↳ Status 403
2026-09-04 00:38:18,932 | WARNING |    ⚠ Blocked (403) retry 2
2026-09-04 00:38:19,056 | INFO | 🌐 Session warmed
2026-09-04 00:38:19,153 | INFO |    ↳ Status 403
2026-09-04 00:38:19,153 | WARNING |    ⚠ Blocked (403) retry 3
2026-09-04 00:38:19,263 | INFO | 🌐 Session warmed
2026-09-04 00:38:20,641 | INFO |    ↳ Status 403
2026-09-04 00:38:20,641 | WARNING |    ⚠ Blocked (403) retry 3
2026-09-04 00:38:20,756 | INFO | 🌐 Session warmed
2026-09-04 00:38:21,015 | INFO |    ↳ Status 403
2026-09-04 00:38:21,015 | WARNING |    ⚠ Blocked (403) retry 3
2026-09-04 00:38:21,104 | INFO | 🌐 Session warmed
2026-09-04 00:38:21,774 | INFO |    ↳ Status 403
2026-09-04 00:38:21,774 | WARNING |    ⚠ Blocked (403) retry 3
2026-09-04 00:38:21,875 | INFO | 🌐 Session warmed
2026-09-04 00:38:23,263 | INFO | [670/1901] Fetching Huvinahadagali (HULI)
2026-09-04 00:38:23,909 | INFO |    ↳ Status 403
2026-09-04 00:38:23,909 | WARNING |    ⚠ Blocked (403) retry 1
2026-09-04 00:38:24,012 | INFO | 🌐 Session warmed
2026-09-04 00:38:24,756 | INFO | [671/1901] Fetching Huzurabad (HZUB)
2026-09-04 00:38:25,104 | INFO | [672/1901] Fetching Huzurnagar (HUZU)
2026-09-04 00:38:25,798 | INFO |    ↳ Status 403
2026-09-04 00:38:25,798 | WARNING |    ⚠ Blocked (403) retry 2
2026-09-04 00:38:25,875 | INFO | [673/1901] Fetching Ichalkaranji (ICHL)
2026-09-04 00:38:25,899 | INFO | 🌐 Session warmed
2026-09-04 00:38:26,030 | INFO |    ↳ Status 403
2026-09-04 00:38:26,030 | WARNING |    ⚠ Blocked (403) retry 1
2026-09-04 00:38:26,110 | INFO |    ↳ Status 403
2026-09-04 00:38:26,110 | WARNING |    ⚠ Blocked (403) retry 1
2026-09-04 00:38:26,115 | INFO | 🌐 Session warmed
2026-09-04 00:38:26,203 | INFO | 🌐 Session warmed
2026-09-04 00:38:27,044 | INFO |    ↳ Status 403
2026-09-04 00:38:27,044 | WARNING |    ⚠ Blocked (403) retry 1
2026-09-04 00:38:27,146 | INFO | 🌐 Session warmed
2026-09-04 00:38:27,851 | INFO |    ↳ Status 403
2026-09-04 00:38:27,851 | WARNING |    ⚠ Blocked (403) retry 2
2026-09-04 00:38:27,932 | INFO | 🌐 Session warmed
2026-09-04 00:38:28,458 | INFO |    ↳ Status 403
2026-09-04 00:38:28,458 | WARNING |    ⚠ Blocked (403) retry 2
2026-09-04 00:38:28,558 | INFO | 🌐 Session warmed
2026-09-04 00:38:28,700 | INFO |    ↳ Status 403
2026-09-04 00:38:28,700 | WARNING |    ⚠ Blocked (403) retry 3
2026-09-04 00:38:28,820 | INFO | 🌐 Session warmed
2026-09-04 00:38:29,282 | INFO |    ↳ Status 403
2026-09-04 00:38:29,282 | WARNING |    ⚠ Blocked (403) retry 2
2026-09-04 00:38:29,393 | INFO | 🌐 Session warmed
2026-09-04 00:38:30,911 | INFO |    ↳ Status 403
2026-09-04 00:38:30,911 | WARNING |    ⚠ Blocked (403) retry 3
2026-09-04 00:38:31,019 | INFO | 🌐 Session warmed
2026-09-04 00:38:31,757 | INFO |    ↳ Status 403
2026-09-04 00:38:31,757 | WARNING |    ⚠ Blocked (403) retry 3
2026-09-04 00:38:31,858 | INFO | 🌐 Session warmed
2026-09-04 00:38:32,138 | INFO |    ↳ Status 403
2026-09-04 00:38:32,138 | WARNING |    ⚠ Blocked (403) retry 3
2026-09-04 00:38:32,236 | INFO | 🌐 Session warmed
2026-09-04 00:38:32,821 | INFO | [674/1901] Fetching Ichchapuram (ICPR)
2026-09-04 00:38:33,779 | INFO |    ↳ Status 403
2026-09-04 00:38:33,780 | WARNING |    ⚠ Blocked (403) retry 1
2026-09-04 00:38:33,902 | INFO | 🌐 Session warmed
2026-09-04 00:38:35,020 | INFO | [675/1901] Fetching Idappadi (IDPI)
2026-09-04 00:38:35,859 | INFO | [676/1901] Fetching Idar (IDAR)
2026-09-04 00:38:35,965 | INFO |    ↳ Status 403
2026-09-04 00:38:35,965 | WARNING |    ⚠ Blocked (403) retry 2
2026-09-04 00:38:36,050 | INFO | 🌐 Session warmed
2026-09-04 00:38:36,220 | INFO |    ↳ Status 403
2026-09-04 00:38:36,220 | WARNING |    ⚠ Blocked (403) retry 1
2026-09-04 00:38:36,237 | INFO | [677/1901] Fetching Idukki (IDKI)
2026-09-04 00:38:36,315 | INFO | 🌐 Session warmed
2026-09-04 00:38:37,045 | INFO |    ↳ Status 403
2026-09-04 00:38:37,046 | WARNING |    ⚠ Blocked (403) retry 1
2026-09-04 00:38:37,147 | INFO | 🌐 Session warmed
2026-09-04 00:38:37,170 | INFO |    ↳ Status 403
2026-09-04 00:38:37,170 | WARNING |    ⚠ Blocked (403) retry 1
2026-09-04 00:38:37,293 | INFO | 🌐 Session warmed
2026-09-04 00:38:38,528 | INFO |    ↳ Status 403
2026-09-04 00:38:38,528 | WARNING |    ⚠ Blocked (403) retry 2
2026-09-04 00:38:38,631 | INFO | 🌐 Session warmed
2026-09-04 00:38:38,814 | INFO |    ↳ Status 403
2026-09-04 00:38:38,815 | WARNING |    ⚠ Blocked (403) retry 3
2026-09-04 00:38:38,846 | INFO |    ↳ Status 403
2026-09-04 00:38:38,846 | WARNING |    ⚠ Blocked (403) retry 2
2026-09-04 00:38:38,922 | INFO | 🌐 Session warmed
2026-09-04 00:38:38,944 | INFO | 🌐 Session warmed
2026-09-04 00:38:39,387 | INFO |    ↳ Status 403
2026-09-04 00:38:39,387 | WARNING |    ⚠ Blocked (403) retry 2
2026-09-04 00:38:39,498 | INFO | 🌐 Session warmed
2026-09-04 00:38:41,685 | INFO |    ↳ Status 403
2026-09-04 00:38:41,685 | WARNING |    ⚠ Blocked (403) retry 3
2026-09-04 00:38:41,797 | INFO | 🌐 Session warmed
2026-09-04 00:38:41,964 | INFO |    ↳ Status 403
2026-09-04 00:38:41,964 | WARNING |    ⚠ Blocked (403) retry 3
2026-09-04 00:38:42,042 | INFO | 🌐 Session warmed
2026-09-04 00:38:42,922 | INFO |    ↳ Status 403
2026-09-04 00:38:42,922 | INFO | [678/1901] Fetching Ieeja (IEEJ)
2026-09-04 00:38:42,922 | WARNING |    ⚠ Blocked (403) retry 3
2026-09-04 00:38:43,015 | INFO | 🌐 Session warmed
2026-09-04 00:38:43,661 | INFO |    ↳ Status 403
2026-09-04 00:38:43,661 | WARNING |    ⚠ Blocked (403) retry 1
2026-09-04 00:38:43,758 | INFO | 🌐 Session warmed
2026-09-04 00:38:45,751 | INFO |    ↳ Status 403
2026-09-04 00:38:45,751 | WARNING |    ⚠ Blocked (403) retry 2
2026-09-04 00:38:45,797 | INFO | [679/1901] Fetching Imphal (IMPH)
2026-09-04 00:38:45,850 | INFO | 🌐 Session warmed
2026-09-04 00:38:46,042 | INFO | [680/1901] Fetching Indapur (INDA)
2026-09-04 00:38:46,896 | INFO |    ↳ Status 403
2026-09-04 00:38:46,896 | WARNING |    ⚠ Blocked (403) retry 1
2026-09-04 00:38:46,984 | INFO | 🌐 Session warmed
2026-09-04 00:38:47,015 | INFO | [681/1901] Fetching Indi (IIND)
2026-09-04 00:38:47,161 | INFO |    ↳ Status 403
2026-09-04 00:38:47,161 | WARNING |    ⚠ Blocked (403) retry 1
2026-09-04 00:38:47,279 | INFO | 🌐 Session warmed
2026-09-04 00:38:47,978 | INFO |    ↳ Status 403
2026-09-04 00:38:47,978 | WARNING |    ⚠ Blocked (403) retry 1
2026-09-04 00:38:48,070 | INFO | 🌐 Session warmed
2026-09-04 00:38:48,680 | INFO |    ↳ Status 403
2026-09-04 00:38:48,680 | WARNING |    ⚠ Blocked (403) retry 2
2026-09-04 00:38:48,760 | INFO | 🌐 Session warmed
2026-09-04 00:38:48,930 | INFO |    ↳ Status 403
2026-09-04 00:38:48,930 | WARNING |    ⚠ Blocked (403) retry 3
2026-09-04 00:38:49,033 | INFO | 🌐 Session warmed
2026-09-04 00:38:49,068 | INFO |    ↳ Status 403
2026-09-04 00:38:49,068 | WARNING |    ⚠ Blocked (403) retry 2
2026-09-04 00:38:49,171 | INFO | 🌐 Session warmed
2026-09-04 00:38:49,890 | INFO |    ↳ Status 403
2026-09-04 00:38:49,890 | WARNING |    ⚠ Blocked (403) retry 2
2026-09-04 00:38:49,993 | INFO | 🌐 Session warmed
2026-09-04 00:38:51,703 | INFO |    ↳ Status 403
2026-09-04 00:38:51,703 | WARNING |    ⚠ Blocked (403) retry 3
2026-09-04 00:38:51,794 | INFO | 🌐 Session warmed
2026-09-04 00:38:52,471 | INFO |    ↳ Status 403
2026-09-04 00:38:52,472 | WARNING |    ⚠ Blocked (403) retry 3
2026-09-04 00:38:52,587 | INFO | 🌐 Session warmed
2026-09-04 00:38:52,792 | INFO |    ↳ Status 403
2026-09-04 00:38:52,792 | WARNING |    ⚠ Blocked (403) retry 3
2026-09-04 00:38:52,901 | INFO | 🌐 Session warmed
2026-09-04 00:38:53,033 | INFO | [682/1901] Fetching Indore (IND)
2026-09-04 00:38:54,202 | INFO |    ↳ Status 403
2026-09-04 00:38:54,202 | WARNING |    ⚠ Blocked (403) retry 1
2026-09-04 00:38:54,304 | INFO | 🌐 Session warmed
2026-09-04 00:38:55,794 | INFO | [683/1901] Fetching Indukurpeta (IDPA)
2026-09-04 00:38:55,931 | INFO |    ↳ Status 403
2026-09-04 00:38:55,932 | WARNING |    ⚠ Blocked (403) retry 2
2026-09-04 00:38:56,039 | INFO | 🌐 Session warmed
2026-09-04 00:38:56,588 | INFO | [684/1901] Fetching Irinjalakuda (IRNK)
2026-09-04 00:38:56,898 | INFO |    ↳ Status 403
2026-09-04 00:38:56,898 | WARNING |    ⚠ Blocked (403) retry 1
2026-09-04 00:38:56,902 | INFO | [685/1901] Fetching Itanagar (ITNG)
2026-09-04 00:38:56,986 | INFO | 🌐 Session warmed
2026-09-04 00:38:57,642 | INFO |    ↳ Status 403
2026-09-04 00:38:57,643 | WARNING |    ⚠ Blocked (403) retry 1
2026-09-04 00:38:57,738 | INFO | 🌐 Session warmed
2026-09-04 00:38:58,029 | INFO |    ↳ Status 403
2026-09-04 00:38:58,029 | WARNING |    ⚠ Blocked (403) retry 1
2026-09-04 00:38:58,153 | INFO | 🌐 Session warmed
2026-09-04 00:38:59,247 | INFO |    ↳ Status 403
2026-09-04 00:38:59,247 | WARNING |    ⚠ Blocked (403) retry 2
2026-09-04 00:38:59,344 | INFO | 🌐 Session warmed
2026-09-04 00:38:59,421 | INFO |    ↳ Status 403
2026-09-04 00:38:59,421 | WARNING |    ⚠ Blocked (403) retry 3
2026-09-04 00:38:59,513 | INFO | 🌐 Session warmed
2026-09-04 00:38:59,584 | INFO |    ↳ Status 403
2026-09-04 00:38:59,584 | WARNING |    ⚠ Blocked (403) retry 2
2026-09-04 00:38:59,685 | INFO | 🌐 Session warmed
2026-09-04 00:39:00,244 | INFO |    ↳ Status 403
2026-09-04 00:39:00,244 | WARNING |    ⚠ Blocked (403) retry 2
2026-09-04 00:39:00,346 | INFO | 🌐 Session warmed
2026-09-04 00:39:02,238 | INFO |    ↳ Status 403
2026-09-04 00:39:02,239 | WARNING |    ⚠ Blocked (403) retry 3
2026-09-04 00:39:02,340 | INFO | 🌐 Session warmed
2026-09-04 00:39:02,659 | INFO |    ↳ Status 403
2026-09-04 00:39:02,659 | WARNING |    ⚠ Blocked (403) retry 3
2026-09-04 00:39:02,755 | INFO | 🌐 Session warmed
2026-09-04 00:39:03,514 | INFO | [686/1901] Fetching Itarsi (ITAR)
2026-09-04 00:39:04,241 | INFO |    ↳ Status 403
2026-09-04 00:39:04,241 | WARNING |    ⚠ Blocked (403) retry 1
2026-09-04 00:39:04,350 | INFO | 🌐 Session warmed
2026-09-04 00:39:04,616 | INFO |    ↳ Status 200
2026-09-04 00:39:04,616 | INFO |    ✓ Found 3 movies
2026-09-04 00:39:04,616 | INFO | [687/1901] Fetching Jabalpur (JABL)
2026-09-04 00:39:05,696 | INFO |    ↳ Status 403
2026-09-04 00:39:05,696 | WARNING |    ⚠ Blocked (403) retry 1
2026-09-04 00:39:05,784 | INFO | 🌐 Session warmed
2026-09-04 00:39:06,254 | INFO |    ↳ Status 403
2026-09-04 00:39:06,254 | WARNING |    ⚠ Blocked (403) retry 2
2026-09-04 00:39:06,340 | INFO | [688/1901] Fetching Jadcherla (JADC)
2026-09-04 00:39:06,375 | INFO | 🌐 Session warmed
2026-09-04 00:39:06,755 | INFO | [689/1901] Fetching Jagalur (JAGA)
2026-09-04 00:39:07,608 | INFO |    ↳ Status 403
2026-09-04 00:39:07,608 | WARNING |    ⚠ Blocked (403) retry 1
2026-09-04 00:39:07,688 | INFO | 🌐 Session warmed
2026-09-04 00:39:07,833 | INFO |    ↳ Status 403
2026-09-04 00:39:07,833 | WARNING |    ⚠ Blocked (403) retry 1
2026-09-04 00:39:07,940 | INFO | 🌐 Session warmed
2026-09-04 00:39:07,980 | INFO |    ↳ Status 403
2026-09-04 00:39:07,980 | WARNING |    ⚠ Blocked (403) retry 2
2026-09-04 00:39:08,073 | INFO | 🌐 Session warmed
2026-09-04 00:39:09,437 | INFO |    ↳ Status 403
2026-09-04 00:39:09,437 | WARNING |    ⚠ Blocked (403) retry 3
2026-09-04 00:39:09,526 | INFO | 🌐 Session warmed
2026-09-04 00:39:09,778 | INFO |    ↳ Status 403
2026-09-04 00:39:09,778 | WARNING |    ⚠ Blocked (403) retry 2
2026-09-04 00:39:09,873 | INFO | 🌐 Session warmed
2026-09-04 00:39:10,053 | INFO |    ↳ Status 403
2026-09-04 00:39:10,054 | WARNING |    ⚠ Blocked (403) retry 2
2026-09-04 00:39:10,144 | INFO | 🌐 Session warmed
2026-09-04 00:39:10,861 | INFO |    ↳ Status 403
2026-09-04 00:39:10,861 | WARNING |    ⚠ Blocked (403) retry 3
2026-09-04 00:39:10,948 | INFO | 🌐 Session warmed
2026-09-04 00:39:12,968 | INFO |    ↳ Status 403
2026-09-04 00:39:12,968 | WARNING |    ⚠ Blocked (403) retry 3
2026-09-04 00:39:13,058 | INFO | 🌐 Session warmed
2026-09-04 00:39:13,268 | INFO |    ↳ Status 403
2026-09-04 00:39:13,268 | WARNING |    ⚠ Blocked (403) retry 3
2026-09-04 00:39:13,358 | INFO | 🌐 Session warmed
2026-09-04 00:39:13,526 | INFO | [690/1901] Fetching Jagatdal (JGDL)
2026-09-04 00:39:14,206 | INFO |    ↳ Status 403
2026-09-04 00:39:14,206 | WARNING |    ⚠ Blocked (403) retry 1
2026-09-04 00:39:14,293 | INFO | 🌐 Session warmed
2026-09-04 00:39:14,949 | INFO | [691/1901] Fetching Jagdalpur (JAGD)
2026-09-04 00:39:15,812 | INFO |    ↳ Status 403
2026-09-04 00:39:15,812 | WARNING |    ⚠ Blocked (403) retry 1
2026-09-04 00:39:15,907 | INFO | 🌐 Session warmed
2026-09-04 00:39:16,599 | INFO |    ↳ Status 403
2026-09-04 00:39:16,599 | WARNING |    ⚠ Blocked (403) retry 2
2026-09-04 00:39:16,699 | INFO | 🌐 Session warmed
2026-09-04 00:39:17,059 | INFO | [692/1901] Fetching Jaggampeta (JAGG)
2026-09-04 00:39:17,358 | INFO | [693/1901] Fetching Jaggayyapeta (JGGY)
2026-09-04 00:39:17,745 | INFO |    ↳ Status 403
2026-09-04 00:39:17,745 | WARNING |    ⚠ Blocked (403) retry 1
2026-09-04 00:39:17,838 | INFO | 🌐 Session warmed
2026-09-04 00:39:18,162 | INFO |    ↳ Status 403
2026-09-04 00:39:18,162 | WARNING |    ⚠ Blocked (403) retry 2
2026-09-04 00:39:18,252 | INFO | 🌐 Session warmed
2026-09-04 00:39:18,405 | INFO |    ↳ Status 403
2026-09-04 00:39:18,405 | WARNING |    ⚠ Blocked (403) retry 1
2026-09-04 00:39:18,506 | INFO | 🌐 Session warmed
2026-09-04 00:39:19,550 | INFO |    ↳ Status 403
2026-09-04 00:39:19,550 | WARNING |    ⚠ Blocked (403) retry 2
2026-09-04 00:39:19,657 | INFO | 🌐 Session warmed
2026-09-04 00:39:19,843 | INFO |    ↳ Status 403
2026-09-04 00:39:19,843 | WARNING |    ⚠ Blocked (403) retry 3
2026-09-04 00:39:19,940 | INFO | 🌐 Session warmed
2026-09-04 00:39:20,827 | INFO |    ↳ Status 403
2026-09-04 00:39:20,828 | WARNING |    ⚠ Blocked (403) retry 2
2026-09-04 00:39:20,914 | INFO | 🌐 Session warmed
2026-09-04 00:39:21,517 | INFO |    ↳ Status 403
2026-09-04 00:39:21,517 | WARNING |    ⚠ Blocked (403) retry 3
2026-09-04 00:39:21,623 | INFO | 🌐 Session warmed
2026-09-04 00:39:23,052 | INFO |    ↳ Status 403
2026-09-04 00:39:23,052 | WARNING |    ⚠ Blocked (403) retry 3
2026-09-04 00:39:23,141 | INFO | 🌐 Session warmed
2026-09-04 00:39:23,941 | INFO | [694/1901] Fetching Jagraon (JGRO)
2026-09-04 00:39:24,178 | INFO |    ↳ Status 403
2026-09-04 00:39:24,178 | WARNING |    ⚠ Blocked (403) retry 3
2026-09-04 00:39:24,295 | INFO | 🌐 Session warmed
2026-09-04 00:39:24,759 | INFO |    ↳ Status 403
2026-09-04 00:39:24,759 | WARNING |    ⚠ Blocked (403) retry 1
2026-09-04 00:39:24,847 | INFO | 🌐 Session warmed
2026-09-04 00:39:25,624 | INFO | [695/1901] Fetching Jagtial (JGTL)
2026-09-04 00:39:26,738 | INFO |    ↳ Status 403
2026-09-04 00:39:26,738 | WARNING |    ⚠ Blocked (403) retry 2
2026-09-04 00:39:26,847 | INFO | 🌐 Session warmed
2026-09-04 00:39:26,919 | INFO |    ↳ Status 403
2026-09-04 00:39:26,919 | WARNING |    ⚠ Blocked (403) retry 1
2026-09-04 00:39:27,015 | INFO | 🌐 Session warmed
2026-09-04 00:39:27,142 | INFO | [696/1901] Fetching Jaipur (JAIP)
2026-09-04 00:39:27,798 | INFO |    ↳ Status 403
2026-09-04 00:39:27,798 | WARNING |    ⚠ Blocked (403) retry 1
2026-09-04 00:39:27,889 | INFO | 🌐 Session warmed
2026-09-04 00:39:28,295 | INFO | [697/1901] Fetching Jaisalmer (JSMR)
2026-09-04 00:39:28,784 | INFO |    ↳ Status 403
2026-09-04 00:39:28,784 | WARNING |    ⚠ Blocked (403) retry 2
2026-09-04 00:39:28,875 | INFO | 🌐 Session warmed
2026-09-04 00:39:29,153 | INFO |    ↳ Status 403
2026-09-04 00:39:29,153 | WARNING |    ⚠ Blocked (403) retry 1
2026-09-04 00:39:29,257 | INFO | 🌐 Session warmed
2026-09-04 00:39:29,897 | INFO |    ↳ Status 403
2026-09-04 00:39:29,897 | WARNING |    ⚠ Blocked (403) retry 2
2026-09-04 00:39:29,991 | INFO |    ↳ Status 403
2026-09-04 00:39:29,991 | WARNING |    ⚠ Blocked (403) retry 3
2026-09-04 00:39:30,003 | INFO | 🌐 Session warmed
2026-09-04 00:39:30,093 | INFO | 🌐 Session warmed
2026-09-04 00:39:31,249 | INFO |    ↳ Status 403
2026-09-04 00:39:31,249 | WARNING |    ⚠ Blocked (403) retry 2
2026-09-04 00:39:31,349 | INFO | 🌐 Session warmed
2026-09-04 00:39:32,236 | INFO |    ↳ Status 403
2026-09-04 00:39:32,236 | WARNING |    ⚠ Blocked (403) retry 3
2026-09-04 00:39:32,338 | INFO | 🌐 Session warmed
2026-09-04 00:39:32,673 | INFO |    ↳ Status 403
2026-09-04 00:39:32,673 | WARNING |    ⚠ Blocked (403) retry 3
2026-09-04 00:39:32,767 | INFO | 🌐 Session warmed
2026-09-04 00:39:34,093 | INFO | [698/1901] Fetching Jajpur Road (JAJP)
2026-09-04 00:39:34,458 | INFO |    ↳ Status 403
2026-09-04 00:39:34,458 | WARNING |    ⚠ Blocked (403) retry 3
2026-09-04 00:39:34,551 | INFO | 🌐 Session warmed
2026-09-04 00:39:35,050 | INFO |    ↳ Status 403
2026-09-04 00:39:35,050 | WARNING |    ⚠ Blocked (403) retry 1
2026-09-04 00:39:35,160 | INFO | 🌐 Session warmed
2026-09-04 00:39:36,338 | INFO | [699/1901] Fetching Jajpur Town (Odisha) (JTTT)
2026-09-04 00:39:36,767 | INFO | [700/1901] Fetching Jalakandapuram (JAKA)
2026-09-04 00:39:37,003 | INFO |    ↳ Status 403
2026-09-04 00:39:37,003 | WARNING |    ⚠ Blocked (403) retry 2
2026-09-04 00:39:37,113 | INFO | 🌐 Session warmed
2026-09-04 00:39:37,367 | INFO |    ↳ Status 403
2026-09-04 00:39:37,367 | WARNING |    ⚠ Blocked (403) retry 1
2026-09-04 00:39:37,456 | INFO | 🌐 Session warmed
2026-09-04 00:39:37,757 | INFO |    ↳ Status 403
2026-09-04 00:39:37,757 | WARNING |    ⚠ Blocked (403) retry 1
2026-09-04 00:39:37,881 | INFO | 🌐 Session warmed
2026-09-04 00:39:38,552 | INFO | [701/1901] Fetching Jalalabad (JLAB)
2026-09-04 00:39:39,498 | INFO |    ↳ Status 403
2026-09-04 00:39:39,499 | WARNING |    ⚠ Blocked (403) retry 2
2026-09-04 00:39:39,519 | INFO |    ↳ Status 403
2026-09-04 00:39:39,519 | WARNING |    ⚠ Blocked (403) retry 1
2026-09-04 00:39:39,613 | INFO | 🌐 Session warmed
2026-09-04 00:39:39,628 | INFO | 🌐 Session warmed
2026-09-04 00:39:39,884 | INFO |    ↳ Status 403
2026-09-04 00:39:39,884 | WARNING |    ⚠ Blocked (403) retry 2
2026-09-04 00:39:39,977 | INFO | 🌐 Session warmed
2026-09-04 00:39:40,427 | INFO |    ↳ Status 403
2026-09-04 00:39:40,427 | WARNING |    ⚠ Blocked (403) retry 3
2026-09-04 00:39:40,521 | INFO | 🌐 Session warmed
2026-09-04 00:39:41,557 | INFO |    ↳ Status 403
2026-09-04 00:39:41,557 | WARNING |    ⚠ Blocked (403) retry 2
2026-09-04 00:39:41,653 | INFO | 🌐 Session warmed
2026-09-04 00:39:42,258 | INFO |    ↳ Status 403
2026-09-04 00:39:42,258 | WARNING |    ⚠ Blocked (403) retry 3
2026-09-04 00:39:42,348 | INFO | 🌐 Session warmed
2026-09-04 00:39:43,275 | INFO |    ↳ Status 403
2026-09-04 00:39:43,275 | WARNING |    ⚠ Blocked (403) retry 3
2026-09-04 00:39:43,367 | INFO | 🌐 Session warmed
2026-09-04 00:39:44,521 | INFO | [702/1901] Fetching Jalandhar (JALA)
2026-09-04 00:39:44,992 | INFO |    ↳ Status 403
2026-09-04 00:39:44,992 | WARNING |    ⚠ Blocked (403) retry 3
2026-09-04 00:39:45,067 | INFO | 🌐 Session warmed
2026-09-04 00:39:45,448 | INFO |    ↳ Status 403
2026-09-04 00:39:45,448 | WARNING |    ⚠ Blocked (403) retry 1
2026-09-04 00:39:45,559 | INFO | 🌐 Session warmed
2026-09-04 00:39:46,349 | INFO | [703/1901] Fetching Jalaun (JAUN)
2026-09-04 00:39:47,055 | INFO |    ↳ Status 403
2026-09-04 00:39:47,056 | WARNING |    ⚠ Blocked (403) retry 1
2026-09-04 00:39:47,132 | INFO | 🌐 Session warmed
2026-09-04 00:39:47,367 | INFO | [704/1901] Fetching Jalgaon (JALG)
2026-09-04 00:39:47,427 | INFO |    ↳ Status 403
2026-09-04 00:39:47,427 | WARNING |    ⚠ Blocked (403) retry 2
2026-09-04 00:39:47,526 | INFO | 🌐 Session warmed
2026-09-04 00:39:48,671 | INFO |    ↳ Status 403
2026-09-04 00:39:48,671 | WARNING |    ⚠ Blocked (403) retry 1
2026-09-04 00:39:48,789 | INFO | 🌐 Session warmed
2026-09-04 00:39:49,067 | INFO | [705/1901] Fetching Jalna (JALN)
2026-09-04 00:39:49,203 | INFO |    ↳ Status 403
2026-09-04 00:39:49,204 | WARNING |    ⚠ Blocked (403) retry 2
2026-09-04 00:39:49,315 | INFO | 🌐 Session warmed
2026-09-04 00:39:49,811 | INFO |    ↳ Status 403
2026-09-04 00:39:49,811 | WARNING |    ⚠ Blocked (403) retry 1
2026-09-04 00:39:49,902 | INFO | 🌐 Session warmed
2026-09-04 00:39:50,849 | INFO |    ↳ Status 403
2026-09-04 00:39:50,849 | WARNING |    ⚠ Blocked (403) retry 3
2026-09-04 00:39:50,958 | INFO | 🌐 Session warmed
2026-09-04 00:39:51,078 | INFO |    ↳ Status 403
2026-09-04 00:39:51,078 | WARNING |    ⚠ Blocked (403) retry 2
2026-09-04 00:39:51,184 | INFO | 🌐 Session warmed
2026-09-04 00:39:52,264 | INFO |    ↳ Status 403
2026-09-04 00:39:52,264 | WARNING |    ⚠ Blocked (403) retry 2
2026-09-04 00:39:52,352 | INFO | 🌐 Session warmed
2026-09-04 00:39:52,690 | INFO |    ↳ Status 403
2026-09-04 00:39:52,690 | WARNING |    ⚠ Blocked (403) retry 3
2026-09-04 00:39:52,788 | INFO | 🌐 Session warmed
2026-09-04 00:39:54,096 | INFO |    ↳ Status 403
2026-09-04 00:39:54,096 | WARNING |    ⚠ Blocked (403) retry 3
2026-09-04 00:39:54,196 | INFO | 🌐 Session warmed
2026-09-04 00:39:54,958 | INFO | [706/1901] Fetching Jalore (LALO)
2026-09-04 00:39:55,424 | INFO |    ↳ Status 403
2026-09-04 00:39:55,424 | WARNING |    ⚠ Blocked (403) retry 3
2026-09-04 00:39:55,511 | INFO | 🌐 Session warmed
2026-09-04 00:39:55,697 | INFO |    ↳ Status 403
2026-09-04 00:39:55,697 | WARNING |    ⚠ Blocked (403) retry 1
2026-09-04 00:39:55,819 | INFO | 🌐 Session warmed
2026-09-04 00:39:56,789 | INFO | [707/1901] Fetching Jalpaiguri (JPG)
2026-09-04 00:39:57,789 | INFO |    ↳ Status 403
2026-09-04 00:39:57,789 | WARNING |    ⚠ Blocked (403) retry 2
2026-09-04 00:39:57,877 | INFO | 🌐 Session warmed
2026-09-04 00:39:58,088 | INFO |    ↳ Status 403
2026-09-04 00:39:58,088 | WARNING |    ⚠ Blocked (403) retry 1
2026-09-04 00:39:58,170 | INFO | 🌐 Session warmed
2026-09-04 00:39:58,196 | INFO | [708/1901] Fetching Jami (JAMI)
2026-09-04 00:39:59,119 | INFO |    ↳ Status 403
2026-09-04 00:39:59,119 | WARNING |    ⚠ Blocked (403) retry 1
2026-09-04 00:39:59,230 | INFO | 🌐 Session warmed
2026-09-04 00:39:59,511 | INFO | [709/1901] Fetching Jamkhandi (JAAM)
2026-09-04 00:39:59,803 | INFO |    ↳ Status 403
2026-09-04 00:39:59,803 | WARNING |    ⚠ Blocked (403) retry 2
2026-09-04 00:39:59,898 | INFO | 🌐 Session warmed
2026-09-04 00:40:00,874 | INFO |    ↳ Status 403
2026-09-04 00:40:00,874 | WARNING |    ⚠ Blocked (403) retry 1
2026-09-04 00:40:00,978 | INFO | 🌐 Session warmed
2026-09-04 00:40:01,287 | INFO |    ↳ Status 403
2026-09-04 00:40:01,287 | WARNING |    ⚠ Blocked (403) retry 3
2026-09-04 00:40:01,380 | INFO | 🌐 Session warmed
2026-09-04 00:40:01,526 | INFO |    ↳ Status 403
2026-09-04 00:40:01,526 | WARNING |    ⚠ Blocked (403) retry 2
2026-09-04 00:40:01,623 | INFO | 🌐 Session warmed
2026-09-04 00:40:03,031 | INFO |    ↳ Status 403
2026-09-04 00:40:03,031 | WARNING |    ⚠ Blocked (403) retry 3
2026-09-04 00:40:03,121 | INFO | 🌐 Session warmed
2026-09-04 00:40:03,193 | INFO |    ↳ Status 403
2026-09-04 00:40:03,193 | WARNING |    ⚠ Blocked (403) retry 2
2026-09-04 00:40:03,272 | INFO | 🌐 Session warmed
2026-09-04 00:40:04,519 | INFO |    ↳ Status 403
2026-09-04 00:40:04,519 | WARNING |    ⚠ Blocked (403) retry 3
2026-09-04 00:40:04,622 | INFO | 🌐 Session warmed
2026-09-04 00:40:05,380 | INFO | [710/1901] Fetching Jamkhed (JAMK)
2026-09-04 00:40:05,907 | INFO |    ↳ Status 403
2026-09-04 00:40:05,907 | WARNING |    ⚠ Blocked (403) retry 3
2026-09-04 00:40:05,996 | INFO | 🌐 Session warmed
2026-09-04 00:40:06,440 | INFO |    ↳ Status 403
2026-09-04 00:40:06,440 | WARNING |    ⚠ Blocked (403) retry 1
2026-09-04 00:40:06,528 | INFO | 🌐 Session warmed
2026-09-04 00:40:07,121 | INFO | [711/1901] Fetching Jammalamadugu (JAMD)
2026-09-04 00:40:08,484 | INFO |    ↳ Status 403
2026-09-04 00:40:08,484 | WARNING |    ⚠ Blocked (403) retry 1
2026-09-04 00:40:08,576 | INFO | 🌐 Session warmed
2026-09-04 00:40:08,578 | INFO |    ↳ Status 403
2026-09-04 00:40:08,578 | WARNING |    ⚠ Blocked (403) retry 2
2026-09-04 00:40:08,622 | INFO | [712/1901] Fetching Jammikunta (JMKN)
2026-09-04 00:40:08,670 | INFO | 🌐 Session warmed
2026-09-04 00:40:09,700 | INFO |    ↳ Status 403
2026-09-04 00:40:09,701 | WARNING |    ⚠ Blocked (403) retry 1
2026-09-04 00:40:09,792 | INFO | 🌐 Session warmed
2026-09-04 00:40:09,997 | INFO | [713/1901] Fetching Jammu (JAMM)
2026-09-04 00:40:10,479 | INFO |    ↳ Status 403
2026-09-04 00:40:10,479 | WARNING |    ⚠ Blocked (403) retry 2
2026-09-04 00:40:10,608 | INFO | 🌐 Session warmed
2026-09-04 00:40:11,255 | INFO |    ↳ Status 403
2026-09-04 00:40:11,255 | WARNING |    ⚠ Blocked (403) retry 1
2026-09-04 00:40:11,345 | INFO | 🌐 Session warmed
2026-09-04 00:40:11,738 | INFO |    ↳ Status 403
2026-09-04 00:40:11,738 | WARNING |    ⚠ Blocked (403) retry 2
2026-09-04 00:40:11,847 | INFO | 🌐 Session warmed
2026-09-04 00:40:11,953 | INFO |    ↳ Status 403
2026-09-04 00:40:11,953 | WARNING |    ⚠ Blocked (403) retry 3
2026-09-04 00:40:12,050 | INFO | 🌐 Session warmed
2026-09-04 00:40:13,521 | INFO |    ↳ Status 403
2026-09-04 00:40:13,521 | WARNING |    ⚠ Blocked (403) retry 2
2026-09-04 00:40:13,596 | INFO | 🌐 Session warmed
2026-09-04 00:40:13,622 | INFO |    ↳ Status 403
2026-09-04 00:40:13,622 | WARNING |    ⚠ Blocked (403) retry 3
2026-09-04 00:40:13,710 | INFO | 🌐 Session warmed
2026-09-04 00:40:15,031 | INFO |    ↳ Status 403
2026-09-04 00:40:15,031 | WARNING |    ⚠ Blocked (403) retry 3
2026-09-04 00:40:15,123 | INFO | 🌐 Session warmed
2026-09-04 00:40:16,051 | INFO | [714/1901] Fetching Jamnagar (JAM)
2026-09-04 00:40:16,731 | INFO |    ↳ Status 403
2026-09-04 00:40:16,731 | WARNING |    ⚠ Blocked (403) retry 1
2026-09-04 00:40:16,776 | INFO |    ↳ Status 403
2026-09-04 00:40:16,776 | WARNING |    ⚠ Blocked (403) retry 3
2026-09-04 00:40:16,843 | INFO | 🌐 Session warmed
2026-09-04 00:40:16,873 | INFO | 🌐 Session warmed
2026-09-04 00:40:17,711 | INFO | [715/1901] Fetching Jamner (JAMN)
2026-09-04 00:40:18,619 | INFO |    ↳ Status 403
2026-09-04 00:40:18,619 | WARNING |    ⚠ Blocked (403) retry 1
2026-09-04 00:40:18,777 | INFO | 🌐 Session warmed
2026-09-04 00:40:19,076 | INFO |    ↳ Status 403
2026-09-04 00:40:19,076 | WARNING |    ⚠ Blocked (403) retry 2
2026-09-04 00:40:19,123 | INFO | [716/1901] Fetching Jamshedpur (JMDP)
2026-09-04 00:40:19,186 | INFO | 🌐 Session warmed
2026-09-04 00:40:19,907 | INFO |    ↳ Status 403
2026-09-04 00:40:19,907 | WARNING |    ⚠ Blocked (403) retry 1
2026-09-04 00:40:20,025 | INFO | 🌐 Session warmed
2026-09-04 00:40:20,424 | INFO |    ↳ Status 403
2026-09-04 00:40:20,424 | WARNING |    ⚠ Blocked (403) retry 2
2026-09-04 00:40:20,519 | INFO | 🌐 Session warmed
2026-09-04 00:40:20,873 | INFO | [717/1901] Fetching Jamui (JUMI)
2026-09-04 00:40:21,594 | INFO |    ↳ Status 403
2026-09-04 00:40:21,594 | WARNING |    ⚠ Blocked (403) retry 1
2026-09-04 00:40:21,697 | INFO | 🌐 Session warmed
2026-09-04 00:40:22,229 | INFO |    ↳ Status 403
2026-09-04 00:40:22,229 | WARNING |    ⚠ Blocked (403) retry 3
2026-09-04 00:40:22,305 | INFO |    ↳ Status 403
2026-09-04 00:40:22,305 | WARNING |    ⚠ Blocked (403) retry 2
2026-09-04 00:40:22,333 | INFO | 🌐 Session warmed
2026-09-04 00:40:22,434 | INFO | 🌐 Session warmed
2026-09-04 00:40:23,344 | INFO |    ↳ Status 403
2026-09-04 00:40:23,344 | WARNING |    ⚠ Blocked (403) retry 3
2026-09-04 00:40:23,444 | INFO | 🌐 Session warmed
2026-09-04 00:40:23,846 | INFO |    ↳ Status 403
2026-09-04 00:40:23,846 | WARNING |    ⚠ Blocked (403) retry 2
2026-09-04 00:40:23,943 | INFO | 🌐 Session warmed
2026-09-04 00:40:25,062 | INFO |    ↳ Status 403
2026-09-04 00:40:25,062 | WARNING |    ⚠ Blocked (403) retry 3
2026-09-04 00:40:25,154 | INFO | 🌐 Session warmed
2026-09-04 00:40:26,334 | INFO | [718/1901] Fetching Jangaon (JNGN)
2026-09-04 00:40:26,862 | INFO |    ↳ Status 403
2026-09-04 00:40:26,863 | WARNING |    ⚠ Blocked (403) retry 3
2026-09-04 00:40:26,962 | INFO | 🌐 Session warmed
2026-09-04 00:40:27,006 | INFO |    ↳ Status 403
2026-09-04 00:40:27,006 | WARNING |    ⚠ Blocked (403) retry 1
2026-09-04 00:40:27,101 | INFO | 🌐 Session warmed
2026-09-04 00:40:27,445 | INFO | [719/1901] Fetching Jangareddy Gudem (JANG)
2026-09-04 00:40:28,078 | INFO |    ↳ Status 403
2026-09-04 00:40:28,078 | WARNING |    ⚠ Blocked (403) retry 1
2026-09-04 00:40:28,178 | INFO | 🌐 Session warmed
2026-09-04 00:40:28,816 | INFO |    ↳ Status 403
2026-09-04 00:40:28,816 | WARNING |    ⚠ Blocked (403) retry 2
2026-09-04 00:40:28,920 | INFO | 🌐 Session warmed
2026-09-04 00:40:29,154 | INFO | [720/1901] Fetching Janjgir (JANR)
2026-09-04 00:40:30,038 | INFO |    ↳ Status 403
2026-09-04 00:40:30,039 | WARNING |    ⚠ Blocked (403) retry 1
2026-09-04 00:40:30,129 | INFO | 🌐 Session warmed
2026-09-04 00:40:30,274 | INFO |    ↳ Status 403
2026-09-04 00:40:30,274 | WARNING |    ⚠ Blocked (403) retry 2
2026-09-04 00:40:30,378 | INFO | 🌐 Session warmed
2026-09-04 00:40:30,962 | INFO | [721/1901] Fetching Jaora (JAOR)
2026-09-04 00:40:31,835 | INFO |    ↳ Status 403
2026-09-04 00:40:31,835 | WARNING |    ⚠ Blocked (403) retry 2
2026-09-04 00:40:31,923 | INFO | 🌐 Session warmed
2026-09-04 00:40:32,024 | INFO |    ↳ Status 403
2026-09-04 00:40:32,024 | WARNING |    ⚠ Blocked (403) retry 1
2026-09-04 00:40:32,147 | INFO | 🌐 Session warmed
2026-09-04 00:40:32,294 | INFO |    ↳ Status 403
2026-09-04 00:40:32,295 | WARNING |    ⚠ Blocked (403) retry 3
2026-09-04 00:40:32,391 | INFO | 🌐 Session warmed
2026-09-04 00:40:33,477 | INFO |    ↳ Status 403
2026-09-04 00:40:33,477 | WARNING |    ⚠ Blocked (403) retry 3
2026-09-04 00:40:33,582 | INFO | 🌐 Session warmed
2026-09-04 00:40:33,894 | INFO |    ↳ Status 403
2026-09-04 00:40:33,894 | WARNING |    ⚠ Blocked (403) retry 2
2026-09-04 00:40:33,989 | INFO | 🌐 Session warmed
2026-09-04 00:40:35,160 | INFO |    ↳ Status 403
2026-09-04 00:40:35,160 | WARNING |    ⚠ Blocked (403) retry 3
2026-09-04 00:40:35,267 | INFO | 🌐 Session warmed
2026-09-04 00:40:36,391 | INFO | [722/1901] Fetching Jasdan (JASD)
2026-09-04 00:40:36,905 | INFO |    ↳ Status 403
2026-09-04 00:40:36,905 | WARNING |    ⚠ Blocked (403) retry 3
2026-09-04 00:40:36,989 | INFO | 🌐 Session warmed
2026-09-04 00:40:37,564 | INFO |    ↳ Status 403
2026-09-04 00:40:37,564 | WARNING |    ⚠ Blocked (403) retry 1
2026-09-04 00:40:37,583 | INFO | [723/1901] Fetching Jashpur (JASH)
2026-09-04 00:40:37,653 | INFO | 🌐 Session warmed
2026-09-04 00:40:38,287 | INFO |    ↳ Status 403
2026-09-04 00:40:38,287 | WARNING |    ⚠ Blocked (403) retry 1
2026-09-04 00:40:38,406 | INFO | 🌐 Session warmed
2026-09-04 00:40:39,267 | INFO | [724/1901] Fetching Jatni (JATN)
2026-09-04 00:40:39,876 | INFO |    ↳ Status 403
2026-09-04 00:40:39,876 | WARNING |    ⚠ Blocked (403) retry 2
2026-09-04 00:40:39,969 | INFO | 🌐 Session warmed
2026-09-04 00:40:40,436 | INFO |    ↳ Status 403
2026-09-04 00:40:40,436 | WARNING |    ⚠ Blocked (403) retry 2
2026-09-04 00:40:40,538 | INFO | 🌐 Session warmed
2026-09-04 00:40:40,594 | INFO |    ↳ Status 403
2026-09-04 00:40:40,594 | WARNING |    ⚠ Blocked (403) retry 1
2026-09-04 00:40:40,671 | INFO | 🌐 Session warmed
2026-09-04 00:40:40,989 | INFO | [725/1901] Fetching Jaunpur (JANP)
2026-09-04 00:40:42,362 | INFO |    ↳ Status 403
2026-09-04 00:40:42,362 | WARNING |    ⚠ Blocked (403) retry 2
2026-09-04 00:40:42,382 | INFO |    ↳ Status 403
2026-09-04 00:40:42,382 | WARNING |    ⚠ Blocked (403) retry 1
2026-09-04 00:40:42,464 | INFO | 🌐 Session warmed
2026-09-04 00:40:42,473 | INFO | 🌐 Session warmed
2026-09-04 00:40:43,186 | INFO |    ↳ Status 403
2026-09-04 00:40:43,186 | WARNING |    ⚠ Blocked (403) retry 3
2026-09-04 00:40:43,275 | INFO | 🌐 Session warmed
2026-09-04 00:40:43,707 | INFO |    ↳ Status 403
2026-09-04 00:40:43,707 | WARNING |    ⚠ Blocked (403) retry 3
2026-09-04 00:40:43,803 | INFO | 🌐 Session warmed
2026-09-04 00:40:44,633 | INFO |    ↳ Status 403
2026-09-04 00:40:44,633 | WARNING |    ⚠ Blocked (403) retry 2
2026-09-04 00:40:44,726 | INFO | 🌐 Session warmed
2026-09-04 00:40:45,598 | INFO |    ↳ Status 403
2026-09-04 00:40:45,598 | WARNING |    ⚠ Blocked (403) retry 3
2026-09-04 00:40:45,685 | INFO | 🌐 Session warmed
2026-09-04 00:40:47,276 | INFO | [726/1901] Fetching Jayamkondacholapuram (JYAM)
2026-09-04 00:40:47,803 | INFO | [727/1901] Fetching Jaysingpur (JYSP)
2026-09-04 00:40:47,863 | INFO |    ↳ Status 403
2026-09-04 00:40:47,863 | WARNING |    ⚠ Blocked (403) retry 3
2026-09-04 00:40:47,965 | INFO | 🌐 Session warmed
2026-09-04 00:40:48,018 | INFO |    ↳ Status 403
2026-09-04 00:40:48,018 | WARNING |    ⚠ Blocked (403) retry 1
2026-09-04 00:40:48,108 | INFO | 🌐 Session warmed
2026-09-04 00:40:48,963 | INFO |    ↳ Status 403
2026-09-04 00:40:48,963 | WARNING |    ⚠ Blocked (403) retry 1
2026-09-04 00:40:49,049 | INFO | 🌐 Session warmed
2026-09-04 00:40:49,685 | INFO | [728/1901] Fetching Jehanabad (JEHA)
2026-09-04 00:40:49,801 | INFO |    ↳ Status 403
2026-09-04 00:40:49,801 | WARNING |    ⚠ Blocked (403) retry 2
2026-09-04 00:40:49,920 | INFO | 🌐 Session warmed
2026-09-04 00:40:50,448 | INFO |    ↳ Status 403
2026-09-04 00:40:50,449 | WARNING |    ⚠ Blocked (403) retry 1
2026-09-04 00:40:50,542 | INFO | 🌐 Session warmed
2026-09-04 00:40:50,852 | INFO |    ↳ Status 403
2026-09-04 00:40:50,852 | WARNING |    ⚠ Blocked (403) retry 2
2026-09-04 00:40:50,965 | INFO | 🌐 Session warmed
2026-09-04 00:40:51,965 | INFO | [729/1901] Fetching Jejuri (JEJU)
2026-09-04 00:40:52,173 | INFO |    ↳ Status 403
2026-09-04 00:40:52,173 | WARNING |    ⚠ Blocked (403) retry 2
2026-09-04 00:40:52,273 | INFO | 🌐 Session warmed
2026-09-04 00:40:52,662 | INFO |    ↳ Status 403
2026-09-04 00:40:52,662 | WARNING |    ⚠ Blocked (403) retry 3
2026-09-04 00:40:52,755 | INFO | 🌐 Session warmed
2026-09-04 00:40:53,283 | INFO |    ↳ Status 403
2026-09-04 00:40:53,284 | WARNING |    ⚠ Blocked (403) retry 1
2026-09-04 00:40:53,455 | INFO | 🌐 Session warmed
2026-09-04 00:40:54,276 | INFO |    ↳ Status 403
2026-09-04 00:40:54,276 | WARNING |    ⚠ Blocked (403) retry 3
2026-09-04 00:40:54,363 | INFO | 🌐 Session warmed
2026-09-04 00:40:55,067 | INFO |    ↳ Status 403
2026-09-04 00:40:55,067 | WARNING |    ⚠ Blocked (403) retry 3
2026-09-04 00:40:55,167 | INFO | 🌐 Session warmed
2026-09-04 00:40:55,469 | INFO |    ↳ Status 403
2026-09-04 00:40:55,470 | WARNING |    ⚠ Blocked (403) retry 2
2026-09-04 00:40:55,568 | INFO | 🌐 Session warmed
2026-09-04 00:40:56,755 | INFO | [730/1901] Fetching Jetpur (JETP)
2026-09-04 00:40:57,740 | INFO |    ↳ Status 403
2026-09-04 00:40:57,740 | WARNING |    ⚠ Blocked (403) retry 1
2026-09-04 00:40:57,834 | INFO | 🌐 Session warmed
2026-09-04 00:40:58,363 | INFO | [731/1901] Fetching Jewar (JEWR)
2026-09-04 00:40:58,390 | INFO |    ↳ Status 403
2026-09-04 00:40:58,390 | WARNING |    ⚠ Blocked (403) retry 3
2026-09-04 00:40:58,490 | INFO | 🌐 Session warmed
2026-09-04 00:40:59,017 | INFO |    ↳ Status 403
2026-09-04 00:40:59,018 | WARNING |    ⚠ Blocked (403) retry 1
2026-09-04 00:40:59,118 | INFO | 🌐 Session warmed
2026-09-04 00:40:59,167 | INFO | [732/1901] Fetching Jeypore (JEYP)
2026-09-04 00:40:59,557 | INFO |    ↳ Status 403
2026-09-04 00:40:59,557 | WARNING |    ⚠ Blocked (403) retry 2
2026-09-04 00:40:59,655 | INFO | 🌐 Session warmed
2026-09-04 00:41:00,466 | INFO |    ↳ Status 403
2026-09-04 00:41:00,466 | WARNING |    ⚠ Blocked (403) retry 1
2026-09-04 00:41:00,560 | INFO | 🌐 Session warmed
2026-09-04 00:41:01,057 | INFO |    ↳ Status 403
2026-09-04 00:41:01,057 | WARNING |    ⚠ Blocked (403) retry 2
2026-09-04 00:41:01,152 | INFO | 🌐 Session warmed
2026-09-04 00:41:02,491 | INFO | [733/1901] Fetching Jhabua (JHAB)
2026-09-04 00:41:02,840 | INFO |    ↳ Status 403
2026-09-04 00:41:02,840 | WARNING |    ⚠ Blocked (403) retry 2
2026-09-04 00:41:02,866 | INFO |    ↳ Status 403
2026-09-04 00:41:02,866 | WARNING |    ⚠ Blocked (403) retry 3
2026-09-04 00:41:02,945 | INFO | 🌐 Session warmed
2026-09-04 00:41:02,977 | INFO | 🌐 Session warmed
2026-09-04 00:41:03,746 | INFO |    ↳ Status 403
2026-09-04 00:41:03,746 | WARNING |    ⚠ Blocked (403) retry 1
2026-09-04 00:41:03,838 | INFO | 🌐 Session warmed
2026-09-04 00:41:03,936 | INFO |    ↳ Status 403
2026-09-04 00:41:03,936 | WARNING |    ⚠ Blocked (403) retry 3
2026-09-04 00:41:04,029 | INFO | 🌐 Session warmed
2026-09-04 00:41:05,602 | INFO |    ↳ Status 403
2026-09-04 00:41:05,602 | WARNING |    ⚠ Blocked (403) retry 3
2026-09-04 00:41:05,669 | INFO |    ↳ Status 403
2026-09-04 00:41:05,669 | WARNING |    ⚠ Blocked (403) retry 2
2026-09-04 00:41:05,695 | INFO | 🌐 Session warmed
2026-09-04 00:41:05,765 | INFO | 🌐 Session warmed
2026-09-04 00:41:06,977 | INFO | [734/1901] Fetching Jhajha (JHAA)
2026-09-04 00:41:08,029 | INFO | [735/1901] Fetching Jhajjar (JHAJ)
2026-09-04 00:41:08,035 | INFO |    ↳ Status 403
2026-09-04 00:41:08,035 | WARNING |    ⚠ Blocked (403) retry 1
2026-09-04 00:41:08,136 | INFO | 🌐 Session warmed
2026-09-04 00:41:08,799 | INFO |    ↳ Status 403
2026-09-04 00:41:08,799 | WARNING |    ⚠ Blocked (403) retry 1
2026-09-04 00:41:08,907 | INFO | 🌐 Session warmed
2026-09-04 00:41:09,146 | INFO |    ↳ Status 403
2026-09-04 00:41:09,146 | WARNING |    ⚠ Blocked (403) retry 3
2026-09-04 00:41:09,246 | INFO | 🌐 Session warmed
2026-09-04 00:41:09,695 | INFO | [736/1901] Fetching Jhansi (JNSI)
2026-09-04 00:41:10,544 | INFO |    ↳ Status 403
2026-09-04 00:41:10,544 | WARNING |    ⚠ Blocked (403) retry 2
2026-09-04 00:41:10,633 | INFO | 🌐 Session warmed
2026-09-04 00:41:10,830 | INFO |    ↳ Status 403
2026-09-04 00:41:10,830 | WARNING |    ⚠ Blocked (403) retry 2
2026-09-04 00:41:10,908 | INFO |    ↳ Status 403
2026-09-04 00:41:10,908 | WARNING |    ⚠ Blocked (403) retry 1
2026-09-04 00:41:10,921 | INFO | 🌐 Session warmed
2026-09-04 00:41:10,999 | INFO | 🌐 Session warmed
2026-09-04 00:41:13,077 | INFO |    ↳ Status 403
2026-09-04 00:41:13,078 | WARNING |    ⚠ Blocked (403) retry 2
2026-09-04 00:41:13,185 | INFO | 🌐 Session warmed
2026-09-04 00:41:13,247 | INFO | [737/1901] Fetching Jhargram (JARG)
2026-09-04 00:41:13,335 | INFO |    ↳ Status 403
2026-09-04 00:41:13,335 | WARNING |    ⚠ Blocked (403) retry 3
2026-09-04 00:41:13,437 | INFO | 🌐 Session warmed
2026-09-04 00:41:14,137 | INFO |    ↳ Status 403
2026-09-04 00:41:14,137 | WARNING |    ⚠ Blocked (403) retry 3
2026-09-04 00:41:14,235 | INFO | 🌐 Session warmed
2026-09-04 00:41:14,312 | INFO |    ↳ Status 403
2026-09-04 00:41:14,312 | WARNING |    ⚠ Blocked (403) retry 1
2026-09-04 00:41:14,399 | INFO | 🌐 Session warmed
2026-09-04 00:41:16,059 | INFO |    ↳ Status 403
2026-09-04 00:41:16,059 | WARNING |    ⚠ Blocked (403) retry 2
2026-09-04 00:41:16,163 | INFO | 🌐 Session warmed
2026-09-04 00:41:16,256 | INFO |    ↳ Status 403
2026-09-04 00:41:16,256 | WARNING |    ⚠ Blocked (403) retry 3
2026-09-04 00:41:16,354 | INFO | 🌐 Session warmed
2026-09-04 00:41:17,437 | INFO | [738/1901] Fetching Jharsuguda (JRSG)
2026-09-04 00:41:18,235 | INFO | [739/1901] Fetching Jhunjhunu (JHUN)
2026-09-04 00:41:18,276 | INFO |    ↳ Status 403
2026-09-04 00:41:18,276 | WARNING |    ⚠ Blocked (403) retry 1
2026-09-04 00:41:18,383 | INFO | 🌐 Session warmed
2026-09-04 00:41:18,976 | INFO |    ↳ Status 403
2026-09-04 00:41:18,976 | WARNING |    ⚠ Blocked (403) retry 3
2026-09-04 00:41:19,079 | INFO | 🌐 Session warmed
2026-09-04 00:41:19,137 | INFO |    ↳ Status 403
2026-09-04 00:41:19,137 | WARNING |    ⚠ Blocked (403) retry 1
2026-09-04 00:41:19,260 | INFO | 🌐 Session warmed
2026-09-04 00:41:20,354 | INFO | [740/1901] Fetching Jiaganj (JAGJ)
2026-09-04 00:41:20,776 | INFO |    ↳ Status 403
2026-09-04 00:41:20,776 | WARNING |    ⚠ Blocked (403) retry 2
2026-09-04 00:41:20,868 | INFO | 🌐 Session warmed
2026-09-04 00:41:21,044 | INFO |    ↳ Status 403
2026-09-04 00:41:21,044 | WARNING |    ⚠ Blocked (403) retry 1
2026-09-04 00:41:21,160 | INFO | 🌐 Session warmed
2026-09-04 00:41:21,376 | INFO |    ↳ Status 403
2026-09-04 00:41:21,376 | WARNING |    ⚠ Blocked (403) retry 2
2026-09-04 00:41:21,465 | INFO | 🌐 Session warmed
2026-09-04 00:41:23,080 | INFO | [741/1901] Fetching Jigani (JIIG)
2026-09-04 00:41:23,114 | INFO |    ↳ Status 403
2026-09-04 00:41:23,114 | WARNING |    ⚠ Blocked (403) retry 2
2026-09-04 00:41:23,225 | INFO | 🌐 Session warmed
2026-09-04 00:41:23,762 | INFO |    ↳ Status 403
2026-09-04 00:41:23,762 | WARNING |    ⚠ Blocked (403) retry 1
2026-09-04 00:41:23,852 | INFO | 🌐 Session warmed
2026-09-04 00:41:23,869 | INFO |    ↳ Status 403
2026-09-04 00:41:23,869 | WARNING |    ⚠ Blocked (403) retry 3
2026-09-04 00:41:23,964 | INFO | 🌐 Session warmed
2026-09-04 00:41:24,107 | INFO |    ↳ Status 403
2026-09-04 00:41:24,107 | WARNING |    ⚠ Blocked (403) retry 3
2026-09-04 00:41:24,214 | INFO | 🌐 Session warmed
2026-09-04 00:41:25,899 | INFO |    ↳ Status 403
2026-09-04 00:41:25,900 | WARNING |    ⚠ Blocked (403) retry 2
2026-09-04 00:41:25,990 | INFO | 🌐 Session warmed
2026-09-04 00:41:26,022 | INFO |    ↳ Status 403
2026-09-04 00:41:26,022 | WARNING |    ⚠ Blocked (403) retry 3
2026-09-04 00:41:26,114 | INFO | 🌐 Session warmed
2026-09-04 00:41:27,964 | INFO | [742/1901] Fetching Jind (JIND)
2026-09-04 00:41:28,215 | INFO | [743/1901] Fetching Jintur (JINT)
2026-09-04 00:41:28,825 | INFO |    ↳ Status 403
2026-09-04 00:41:28,825 | WARNING |    ⚠ Blocked (403) retry 1
2026-09-04 00:41:28,919 | INFO | 🌐 Session warmed
2026-09-04 00:41:29,021 | INFO |    ↳ Status 403
2026-09-04 00:41:29,021 | WARNING |    ⚠ Blocked (403) retry 3
2026-09-04 00:41:29,124 | INFO | 🌐 Session warmed
2026-09-04 00:41:29,130 | INFO |    ↳ Status 403
2026-09-04 00:41:29,130 | WARNING |    ⚠ Blocked (403) retry 1
2026-09-04 00:41:29,251 | INFO | 🌐 Session warmed
2026-09-04 00:41:30,115 | INFO | [744/1901] Fetching Jirapur (JIRA)
2026-09-04 00:41:30,886 | INFO |    ↳ Status 403
2026-09-04 00:41:30,887 | WARNING |    ⚠ Blocked (403) retry 1
2026-09-04 00:41:30,930 | INFO |    ↳ Status 403
2026-09-04 00:41:30,930 | WARNING |    ⚠ Blocked (403) retry 2
2026-09-04 00:41:31,000 | INFO | 🌐 Session warmed
2026-09-04 00:41:31,034 | INFO | 🌐 Session warmed
2026-09-04 00:41:31,138 | INFO |    ↳ Status 403
2026-09-04 00:41:31,138 | WARNING |    ⚠ Blocked (403) retry 2
2026-09-04 00:41:33,004 | INFO |    ↳ Status 403
2026-09-04 00:41:33,004 | WARNING |    ⚠ Blocked (403) retry 2
2026-09-04 00:41:33,106 | INFO | 🌐 Session warmed
2026-09-04 00:41:33,124 | INFO | [745/1901] Fetching Jodhpur (JODH)
2026-09-04 00:41:34,267 | INFO |    ↳ Status 403
2026-09-04 00:41:34,267 | WARNING |    ⚠ Blocked (403) retry 1
2026-09-04 00:41:34,387 | INFO | 🌐 Session warmed
2026-09-04 00:41:34,390 | INFO |    ↳ Status 403
2026-09-04 00:41:34,390 | WARNING |    ⚠ Blocked (403) retry 3
2026-09-04 00:41:34,486 | INFO | 🌐 Session warmed
2026-09-04 00:41:35,756 | INFO |    ↳ Status 403
2026-09-04 00:41:35,756 | WARNING |    ⚠ Blocked (403) retry 3
2026-09-04 00:41:35,871 | INFO | 🌐 Session warmed
2026-09-04 00:41:36,077 | INFO |    ↳ Status 403
2026-09-04 00:41:36,078 | WARNING |    ⚠ Blocked (403) retry 2
2026-09-04 00:41:36,185 | INFO | 🌐 Session warmed
2026-09-04 00:41:38,487 | INFO | [746/1901] Fetching Jolarpettai (JLPI)
2026-09-04 00:41:39,132 | INFO |    ↳ Status 403
2026-09-04 00:41:39,132 | WARNING |    ⚠ Blocked (403) retry 3
2026-09-04 00:41:39,244 | INFO | 🌐 Session warmed
2026-09-04 00:41:39,254 | INFO |    ↳ Status 403
2026-09-04 00:41:39,254 | WARNING |    ⚠ Blocked (403) retry 1
2026-09-04 00:41:39,348 | INFO | 🌐 Session warmed
2026-09-04 00:41:39,871 | INFO | [747/1901] Fetching Jorhat (JORT)
2026-09-04 00:41:40,930 | INFO |    ↳ Status 403
2026-09-04 00:41:40,930 | WARNING |    ⚠ Blocked (403) retry 1
2026-09-04 00:41:41,017 | INFO | 🌐 Session warmed
2026-09-04 00:41:41,194 | WARNING | Warmup failed: HTTPSConnectionPool(host='in.bookmyshow.com', port=443): Read timed out. (read timeout=10)
2026-09-04 00:41:41,244 | INFO |    ↳ Status 403
2026-09-04 00:41:41,244 | WARNING |    ⚠ Blocked (403) retry 2
2026-09-04 00:41:41,344 | INFO | 🌐 Session warmed
2026-09-04 00:41:43,244 | INFO | [748/1901] Fetching Joynagar Majilpur (MAPR)
2026-09-04 00:41:43,423 | INFO |    ↳ Status 403
2026-09-04 00:41:43,423 | WARNING |    ⚠ Blocked (403) retry 2
2026-09-04 00:41:43,518 | INFO | 🌐 Session warmed
2026-09-04 00:41:44,090 | INFO |    ↳ Status 403
2026-09-04 00:41:44,090 | WARNING |    ⚠ Blocked (403) retry 3
2026-09-04 00:41:44,141 | INFO |    ↳ Status 403
2026-09-04 00:41:44,141 | WARNING |    ⚠ Blocked (403) retry 1
2026-09-04 00:41:44,180 | INFO | 🌐 Session warmed
2026-09-04 00:41:44,255 | INFO | 🌐 Session warmed
2026-09-04 00:41:44,338 | INFO |    ↳ Status 403
2026-09-04 00:41:44,338 | WARNING |    ⚠ Blocked (403) retry 3
2026-09-04 00:41:44,428 | INFO | 🌐 Session warmed
2026-09-04 00:41:46,144 | INFO |    ↳ Status 403
2026-09-04 00:41:46,144 | WARNING |    ⚠ Blocked (403) retry 2
2026-09-04 00:41:46,232 | INFO | 🌐 Session warmed
2026-09-04 00:41:46,506 | INFO |    ↳ Status 403
2026-09-04 00:41:46,506 | WARNING |    ⚠ Blocked (403) retry 3
2026-09-04 00:41:46,638 | INFO | 🌐 Session warmed
2026-09-04 00:41:48,180 | INFO | [749/1901] Fetching Junagadh (JUGH)
2026-09-04 00:41:48,429 | INFO | [750/1901] Fetching Junagarh (JUNA)
2026-09-04 00:41:48,842 | INFO |    ↳ Status 403
2026-09-04 00:41:48,842 | WARNING |    ⚠ Blocked (403) retry 1
2026-09-04 00:41:48,933 | INFO | 🌐 Session warmed
2026-09-04 00:41:49,513 | INFO |    ↳ Status 403
2026-09-04 00:41:49,513 | WARNING |    ⚠ Blocked (403) retry 3
2026-09-04 00:41:49,615 | INFO | 🌐 Session warmed
2026-09-04 00:41:49,721 | INFO |    ↳ Status 403
2026-09-04 00:41:49,721 | WARNING |    ⚠ Blocked (403) retry 1
2026-09-04 00:41:49,819 | INFO | 🌐 Session warmed
2026-09-04 00:41:50,638 | INFO | [751/1901] Fetching K.D Peta (PTDK)
2026-09-04 00:41:50,984 | INFO |    ↳ Status 403
2026-09-04 00:41:50,984 | WARNING |    ⚠ Blocked (403) retry 2
2026-09-04 00:41:51,100 | INFO | 🌐 Session warmed
2026-09-04 00:41:51,710 | INFO |    ↳ Status 403
2026-09-04 00:41:51,710 | WARNING |    ⚠ Blocked (403) retry 2
2026-09-04 00:41:51,997 | INFO |    ↳ Status 403
2026-09-04 00:41:51,997 | WARNING |    ⚠ Blocked (403) retry 1
2026-09-04 00:41:52,101 | INFO | 🌐 Session warmed
2026-09-04 00:41:53,615 | INFO | [752/1901] Fetching Kadakkal (KDKL)
2026-09-04 00:41:53,853 | INFO |    ↳ Status 403
2026-09-04 00:41:53,853 | WARNING |    ⚠ Blocked (403) retry 2
2026-09-04 00:41:53,894 | INFO |    ↳ Status 403
2026-09-04 00:41:53,894 | WARNING |    ⚠ Blocked (403) retry 3
2026-09-04 00:41:53,950 | INFO | 🌐 Session warmed
2026-09-04 00:41:53,998 | INFO | 🌐 Session warmed
2026-09-04 00:41:54,851 | INFO |    ↳ Status 403
2026-09-04 00:41:54,851 | WARNING |    ⚠ Blocked (403) retry 1
2026-09-04 00:41:54,951 | INFO | 🌐 Session warmed
2026-09-04 00:41:56,659 | INFO |    ↳ Status 403
2026-09-04 00:41:56,659 | WARNING |    ⚠ Blocked (403) retry 3
2026-09-04 00:41:56,765 | INFO | 🌐 Session warmed
2026-09-04 00:41:56,845 | INFO |    ↳ Status 403
2026-09-04 00:41:56,845 | WARNING |    ⚠ Blocked (403) retry 2
2026-09-04 00:41:56,951 | INFO | 🌐 Session warmed
2026-09-04 00:41:57,999 | INFO | [753/1901] Fetching Kadapa (KDPA)
2026-09-04 00:41:59,218 | INFO |    ↳ Status 403
2026-09-04 00:41:59,218 | WARNING |    ⚠ Blocked (403) retry 1
2026-09-04 00:41:59,323 | INFO | 🌐 Session warmed
2026-09-04 00:42:00,286 | INFO |    ↳ Status 403
2026-09-04 00:42:00,286 | WARNING |    ⚠ Blocked (403) retry 3
2026-09-04 00:42:00,383 | INFO | 🌐 Session warmed
2026-09-04 00:42:00,765 | INFO | [754/1901] Fetching Kadi (KADI)
2026-09-04 00:42:01,735 | INFO |    ↳ Status 403
2026-09-04 00:42:01,736 | WARNING |    ⚠ Blocked (403) retry 2
2026-09-04 00:42:01,771 | WARNING | Warmup failed: HTTPSConnectionPool(host='in.bookmyshow.com', port=443): Read timed out. (read timeout=10)
2026-09-04 00:42:01,842 | INFO | 🌐 Session warmed
2026-09-04 00:42:02,029 | INFO |    ↳ Status 403
2026-09-04 00:42:02,029 | WARNING |    ⚠ Blocked (403) retry 1
2026-09-04 00:42:02,118 | INFO | 🌐 Session warmed
2026-09-04 00:42:04,054 | INFO |    ↳ Status 403
2026-09-04 00:42:04,055 | WARNING |    ⚠ Blocked (403) retry 2
2026-09-04 00:42:04,149 | INFO | 🌐 Session warmed
2026-09-04 00:42:04,383 | INFO | [755/1901] Fetching Kadiri (KADR)
2026-09-04 00:42:04,843 | INFO |    ↳ Status 403
2026-09-04 00:42:04,843 | WARNING |    ⚠ Blocked (403) retry 3
2026-09-04 00:42:04,930 | INFO | 🌐 Session warmed
2026-09-04 00:42:05,113 | INFO |    ↳ Status 403
2026-09-04 00:42:05,113 | WARNING |    ⚠ Blocked (403) retry 3
2026-09-04 00:42:05,215 | INFO | 🌐 Session warmed
2026-09-04 00:42:05,631 | INFO |    ↳ Status 403
2026-09-04 00:42:05,631 | WARNING |    ⚠ Blocked (403) retry 1
2026-09-04 00:42:05,723 | INFO | 🌐 Session warmed
2026-09-04 00:42:06,934 | INFO |    ↳ Status 403
2026-09-04 00:42:06,934 | WARNING |    ⚠ Blocked (403) retry 3
2026-09-04 00:42:07,036 | INFO | 🌐 Session warmed
2026-09-04 00:42:07,531 | INFO |    ↳ Status 403
2026-09-04 00:42:07,531 | WARNING |    ⚠ Blocked (403) retry 2
2026-09-04 00:42:07,624 | INFO | 🌐 Session warmed
2026-09-04 00:42:08,930 | INFO | [756/1901] Fetching Kadiyam (KADY)
2026-09-04 00:42:09,215 | INFO | [757/1901] Fetching Kadthal (KADT)
2026-09-04 00:42:09,938 | INFO |    ↳ Status 403
2026-09-04 00:42:09,938 | WARNING |    ⚠ Blocked (403) retry 1
2026-09-04 00:42:10,047 | INFO | 🌐 Session warmed
2026-09-04 00:42:10,487 | INFO |    ↳ Status 403
2026-09-04 00:42:10,487 | WARNING |    ⚠ Blocked (403) retry 3
2026-09-04 00:42:10,577 | INFO | 🌐 Session warmed
2026-09-04 00:42:10,617 | INFO |    ↳ Status 403
2026-09-04 00:42:10,617 | WARNING |    ⚠ Blocked (403) retry 1
2026-09-04 00:42:10,720 | INFO | 🌐 Session warmed
2026-09-04 00:42:11,036 | INFO | [758/1901] Fetching Kaikaluru (KAIK)
2026-09-04 00:42:12,002 | INFO |    ↳ Status 403
2026-09-04 00:42:12,002 | WARNING |    ⚠ Blocked (403) retry 1
2026-09-04 00:42:12,090 | INFO | 🌐 Session warmed
2026-09-04 00:42:12,207 | INFO |    ↳ Status 403
2026-09-04 00:42:12,207 | WARNING |    ⚠ Blocked (403) retry 2
2026-09-04 00:42:12,295 | INFO | 🌐 Session warmed
2026-09-04 00:42:12,760 | INFO |    ↳ Status 403
2026-09-04 00:42:12,760 | WARNING |    ⚠ Blocked (403) retry 2
2026-09-04 00:42:12,845 | INFO | 🌐 Session warmed
2026-09-04 00:42:13,722 | INFO |    ↳ Status 403
2026-09-04 00:42:13,722 | WARNING |    ⚠ Blocked (403) retry 2
2026-09-04 00:42:13,825 | INFO | 🌐 Session warmed
2026-09-04 00:42:14,578 | INFO | [759/1901] Fetching Kaithal (KAIT)
2026-09-04 00:42:15,110 | INFO |    ↳ Status 403
2026-09-04 00:42:15,110 | WARNING |    ⚠ Blocked (403) retry 3
2026-09-04 00:42:15,219 | INFO | 🌐 Session warmed
2026-09-04 00:42:15,507 | INFO |    ↳ Status 403
2026-09-04 00:42:15,507 | WARNING |    ⚠ Blocked (403) retry 1
2026-09-04 00:42:15,617 | INFO | 🌐 Session warmed
2026-09-04 00:42:16,069 | INFO |    ↳ Status 403
2026-09-04 00:42:16,069 | WARNING |    ⚠ Blocked (403) retry 3
2026-09-04 00:42:16,157 | INFO | 🌐 Session warmed
2026-09-04 00:42:16,724 | INFO |    ↳ Status 403
2026-09-04 00:42:16,724 | WARNING |    ⚠ Blocked (403) retry 3
2026-09-04 00:42:16,813 | INFO | 🌐 Session warmed
2026-09-04 00:42:17,693 | INFO |    ↳ Status 403
2026-09-04 00:42:17,693 | WARNING |    ⚠ Blocked (403) retry 2
2026-09-04 00:42:17,792 | INFO | 🌐 Session warmed
2026-09-04 00:42:19,219 | INFO | [760/1901] Fetching Kakarapalli (KAAP)
2026-09-04 00:42:20,157 | INFO | [761/1901] Fetching Kakinada (KAKI)
2026-09-04 00:42:20,607 | INFO |    ↳ Status 403
2026-09-04 00:42:20,607 | WARNING |    ⚠ Blocked (403) retry 1
2026-09-04 00:42:20,689 | INFO | 🌐 Session warmed
2026-09-04 00:42:20,813 | INFO | [762/1901] Fetching Kalaburagi (Gulbarga) (GULB)
2026-09-04 00:42:20,828 | INFO |    ↳ Status 403
2026-09-04 00:42:20,828 | WARNING |    ⚠ Blocked (403) retry 3
2026-09-04 00:42:20,924 | INFO |    ↳ Status 403
2026-09-04 00:42:20,924 | WARNING |    ⚠ Blocked (403) retry 1
2026-09-04 00:42:20,941 | INFO | 🌐 Session warmed
2026-09-04 00:42:21,025 | INFO | 🌐 Session warmed
2026-09-04 00:42:22,164 | INFO |    ↳ Status 403
2026-09-04 00:42:22,164 | WARNING |    ⚠ Blocked (403) retry 1
2026-09-04 00:42:22,289 | INFO | 🌐 Session warmed
2026-09-04 00:42:22,493 | INFO |    ↳ Status 403
2026-09-04 00:42:22,494 | WARNING |    ⚠ Blocked (403) retry 2
2026-09-04 00:42:22,583 | INFO | 🌐 Session warmed
2026-09-04 00:42:23,071 | INFO |    ↳ Status 403
2026-09-04 00:42:23,071 | WARNING |    ⚠ Blocked (403) retry 2
2026-09-04 00:42:23,173 | INFO | 🌐 Session warmed
2026-09-04 00:42:24,305 | INFO |    ↳ Status 403
2026-09-04 00:42:24,305 | WARNING |    ⚠ Blocked (403) retry 2
2026-09-04 00:42:24,408 | INFO | 🌐 Session warmed
2026-09-04 00:42:24,941 | INFO | [763/1901] Fetching Kalady (KLDY)
2026-09-04 00:42:25,541 | INFO |    ↳ Status 403
2026-09-04 00:42:25,541 | WARNING |    ⚠ Blocked (403) retry 3
2026-09-04 00:42:25,633 | INFO | 🌐 Session warmed
2026-09-04 00:42:25,801 | INFO |    ↳ Status 403
2026-09-04 00:42:25,801 | WARNING |    ⚠ Blocked (403) retry 1
2026-09-04 00:42:25,899 | INFO | 🌐 Session warmed
2026-09-04 00:42:26,377 | INFO |    ↳ Status 403
2026-09-04 00:42:26,378 | WARNING |    ⚠ Blocked (403) retry 3
2026-09-04 00:42:26,470 | INFO | 🌐 Session warmed
2026-09-04 00:42:27,827 | INFO |    ↳ Status 403
2026-09-04 00:42:27,827 | WARNING |    ⚠ Blocked (403) retry 3
2026-09-04 00:42:27,932 | INFO | 🌐 Session warmed
2026-09-04 00:42:28,165 | INFO |    ↳ Status 403
2026-09-04 00:42:28,165 | WARNING |    ⚠ Blocked (403) retry 2
2026-09-04 00:42:28,265 | INFO | 🌐 Session warmed
2026-09-04 00:42:29,634 | INFO | [764/1901] Fetching Kalanaur (KANR)
2026-09-04 00:42:30,274 | INFO |    ↳ Status 403
2026-09-04 00:42:30,274 | WARNING |    ⚠ Blocked (403) retry 1
2026-09-04 00:42:30,384 | INFO | 🌐 Session warmed
2026-09-04 00:42:30,470 | INFO | [765/1901] Fetching Kalimpong (KALI)
2026-09-04 00:42:31,070 | INFO |    ↳ Status 403
2026-09-04 00:42:31,070 | WARNING |    ⚠ Blocked (403) retry 3
2026-09-04 00:42:31,169 | INFO | 🌐 Session warmed
2026-09-04 00:42:31,729 | INFO |    ↳ Status 403
2026-09-04 00:42:31,729 | WARNING |    ⚠ Blocked (403) retry 1
2026-09-04 00:42:31,850 | INFO | 🌐 Session warmed
2026-09-04 00:42:31,932 | INFO | [766/1901] Fetching Kalla (KLLL)
2026-09-04 00:42:32,667 | INFO |    ↳ Status 403
2026-09-04 00:42:32,667 | WARNING |    ⚠ Blocked (403) retry 2
2026-09-04 00:42:32,790 | INFO | 🌐 Session warmed
2026-09-04 00:42:33,301 | INFO |    ↳ Status 403
2026-09-04 00:42:33,301 | WARNING |    ⚠ Blocked (403) retry 1
2026-09-04 00:42:33,393 | INFO | 🌐 Session warmed
2026-09-04 00:42:34,164 | INFO |    ↳ Status 403
2026-09-04 00:42:34,164 | WARNING |    ⚠ Blocked (403) retry 2
2026-09-04 00:42:34,267 | INFO | 🌐 Session warmed
2026-09-04 00:42:35,170 | INFO | [767/1901] Fetching Kallachi (KALC)
2026-09-04 00:42:35,171 | INFO |    ↳ Status 403
2026-09-04 00:42:35,171 | WARNING |    ⚠ Blocked (403) retry 2
2026-09-04 00:42:35,258 | INFO | 🌐 Session warmed
2026-09-04 00:42:35,705 | INFO |    ↳ Status 403
2026-09-04 00:42:35,705 | WARNING |    ⚠ Blocked (403) retry 3
2026-09-04 00:42:35,814 | INFO | 🌐 Session warmed
2026-09-04 00:42:36,577 | INFO |    ↳ Status 403
2026-09-04 00:42:36,577 | WARNING |    ⚠ Blocked (403) retry 1
2026-09-04 00:42:36,691 | INFO | 🌐 Session warmed
2026-09-04 00:42:37,031 | INFO |    ↳ Status 403
2026-09-04 00:42:37,031 | WARNING |    ⚠ Blocked (403) retry 3
2026-09-04 00:42:37,148 | INFO | 🌐 Session warmed
2026-09-04 00:42:38,287 | INFO |    ↳ Status 403
2026-09-04 00:42:38,287 | WARNING |    ⚠ Blocked (403) retry 3
2026-09-04 00:42:38,392 | INFO | 🌐 Session warmed
2026-09-04 00:42:38,625 | INFO |    ↳ Status 403
2026-09-04 00:42:38,625 | WARNING |    ⚠ Blocked (403) retry 2
2026-09-04 00:42:38,712 | INFO | 🌐 Session warmed
2026-09-04 00:42:39,814 | INFO | [768/1901] Fetching Kalladikode (KALD)
2026-09-04 00:42:40,485 | INFO |    ↳ Status 403
2026-09-04 00:42:40,485 | WARNING |    ⚠ Blocked (403) retry 1
2026-09-04 00:42:40,573 | INFO | 🌐 Session warmed
2026-09-04 00:42:41,148 | INFO | [769/1901] Fetching Kallakurichi (KALL)
2026-09-04 00:42:41,817 | INFO |    ↳ Status 403
2026-09-04 00:42:41,817 | WARNING |    ⚠ Blocked (403) retry 3
2026-09-04 00:42:41,921 | INFO | 🌐 Session warmed
2026-09-04 00:42:42,392 | INFO | [770/1901] Fetching Kallur (KLUR)
2026-09-04 00:42:42,579 | INFO |    ↳ Status 403
2026-09-04 00:42:42,580 | WARNING |    ⚠ Blocked (403) retry 1
2026-09-04 00:42:42,676 | INFO | 🌐 Session warmed
2026-09-04 00:42:42,865 | INFO |    ↳ Status 403
2026-09-04 00:42:42,865 | WARNING |    ⚠ Blocked (403) retry 2
2026-09-04 00:42:42,954 | INFO | 🌐 Session warmed
2026-09-04 00:42:43,781 | INFO |    ↳ Status 403
2026-09-04 00:42:43,781 | WARNING |    ⚠ Blocked (403) retry 1
2026-09-04 00:42:43,870 | INFO | 🌐 Session warmed
2026-09-04 00:42:44,969 | INFO |    ↳ Status 403
2026-09-04 00:42:44,969 | WARNING |    ⚠ Blocked (403) retry 2
2026-09-04 00:42:45,065 | INFO | 🌐 Session warmed
2026-09-04 00:42:45,845 | INFO |    ↳ Status 403
2026-09-04 00:42:45,845 | WARNING |    ⚠ Blocked (403) retry 3
2026-09-04 00:42:45,873 | INFO |    ↳ Status 403
2026-09-04 00:42:45,873 | WARNING |    ⚠ Blocked (403) retry 2
2026-09-04 00:42:45,921 | INFO | [771/1901] Fetching Kalluru (KALR)
2026-09-04 00:42:45,947 | INFO | 🌐 Session warmed
2026-09-04 00:42:45,995 | INFO | 🌐 Session warmed
2026-09-04 00:42:46,626 | INFO |    ↳ Status 403
2026-09-04 00:42:46,626 | WARNING |    ⚠ Blocked (403) retry 1
2026-09-04 00:42:46,728 | INFO | 🌐 Session warmed
2026-09-04 00:42:47,975 | INFO |    ↳ Status 403
2026-09-04 00:42:47,975 | WARNING |    ⚠ Blocked (403) retry 3
2026-09-04 00:42:48,064 | INFO | 🌐 Session warmed
2026-09-04 00:42:48,717 | INFO |    ↳ Status 403
2026-09-04 00:42:48,717 | WARNING |    ⚠ Blocked (403) retry 3
2026-09-04 00:42:48,819 | INFO |    ↳ Status 403
2026-09-04 00:42:48,819 | WARNING |    ⚠ Blocked (403) retry 2
2026-09-04 00:42:48,823 | INFO | 🌐 Session warmed
2026-09-04 00:42:48,936 | INFO | 🌐 Session warmed
2026-09-04 00:42:49,947 | INFO | [772/1901] Fetching Kalna (KALN)
2026-09-04 00:42:51,178 | INFO |    ↳ Status 403
2026-09-04 00:42:51,178 | WARNING |    ⚠ Blocked (403) retry 1
2026-09-04 00:42:51,273 | INFO | 🌐 Session warmed
2026-09-04 00:42:52,064 | INFO | [773/1901] Fetching Kalol (Gandhinagar) (KALG)
2026-09-04 00:42:52,202 | INFO |    ↳ Status 403
2026-09-04 00:42:52,203 | WARNING |    ⚠ Blocked (403) retry 3
2026-09-04 00:42:52,288 | INFO | 🌐 Session warmed
2026-09-04 00:42:52,823 | INFO | [774/1901] Fetching Kalol (Panchmahal) (PANH)
2026-09-04 00:42:53,157 | INFO |    ↳ Status 403
2026-09-04 00:42:53,157 | WARNING |    ⚠ Blocked (403) retry 2
2026-09-04 00:42:53,223 | INFO |    ↳ Status 403
2026-09-04 00:42:53,223 | WARNING |    ⚠ Blocked (403) retry 1
2026-09-04 00:42:53,246 | INFO | 🌐 Session warmed
2026-09-04 00:42:53,318 | INFO | 🌐 Session warmed
2026-09-04 00:42:54,056 | INFO |    ↳ Status 403
2026-09-04 00:42:54,056 | WARNING |    ⚠ Blocked (403) retry 1
2026-09-04 00:42:54,160 | INFO | 🌐 Session warmed
2026-09-04 00:42:55,133 | INFO |    ↳ Status 403
2026-09-04 00:42:55,134 | WARNING |    ⚠ Blocked (403) retry 2
2026-09-04 00:42:55,231 | INFO | 🌐 Session warmed
2026-09-04 00:42:56,220 | INFO |    ↳ Status 403
2026-09-04 00:42:56,220 | WARNING |    ⚠ Blocked (403) retry 2
2026-09-04 00:42:56,288 | INFO | [775/1901] Fetching Kalwakurthy (KALW)
2026-09-04 00:42:56,325 | INFO | 🌐 Session warmed
2026-09-04 00:42:56,641 | INFO |    ↳ Status 403
2026-09-04 00:42:56,641 | WARNING |    ⚠ Blocked (403) retry 3
2026-09-04 00:42:56,742 | INFO | 🌐 Session warmed
2026-09-04 00:42:57,179 | INFO |    ↳ Status 403
2026-09-04 00:42:57,179 | WARNING |    ⚠ Blocked (403) retry 1
2026-09-04 00:42:57,266 | INFO | 🌐 Session warmed
2026-09-04 00:42:58,319 | INFO |    ↳ Status 403
2026-09-04 00:42:58,319 | WARNING |    ⚠ Blocked (403) retry 3
2026-09-04 00:42:58,414 | INFO | 🌐 Session warmed
2026-09-04 00:42:59,058 | INFO |    ↳ Status 403
2026-09-04 00:42:59,058 | WARNING |    ⚠ Blocked (403) retry 2
2026-09-04 00:42:59,157 | INFO |    ↳ Status 403
2026-09-04 00:42:59,157 | WARNING |    ⚠ Blocked (403) retry 3
2026-09-04 00:42:59,183 | INFO | 🌐 Session warmed
2026-09-04 00:42:59,255 | INFO | 🌐 Session warmed
2026-09-04 00:43:00,743 | INFO | [776/1901] Fetching Kalyani (KALY)
2026-09-04 00:43:01,802 | INFO |    ↳ Status 403
2026-09-04 00:43:01,802 | WARNING |    ⚠ Blocked (403) retry 1
2026-09-04 00:43:01,880 | INFO | 🌐 Session warmed
2026-09-04 00:43:02,415 | INFO | [777/1901] Fetching Kamalaapur (KMLA)
2026-09-04 00:43:02,429 | INFO |    ↳ Status 403
2026-09-04 00:43:02,429 | WARNING |    ⚠ Blocked (403) retry 3
2026-09-04 00:43:02,508 | INFO | 🌐 Session warmed
2026-09-04 00:43:03,255 | INFO | [778/1901] Fetching Kamalapur (KMLR)
2026-09-04 00:43:03,580 | INFO |    ↳ Status 403
2026-09-04 00:43:03,580 | WARNING |    ⚠ Blocked (403) retry 1
2026-09-04 00:43:03,603 | INFO |    ↳ Status 403
2026-09-04 00:43:03,604 | WARNING |    ⚠ Blocked (403) retry 2
2026-09-04 00:43:03,676 | INFO | 🌐 Session warmed
2026-09-04 00:43:03,699 | INFO | 🌐 Session warmed
2026-09-04 00:43:04,367 | INFO |    ↳ Status 403
2026-09-04 00:43:04,367 | WARNING |    ⚠ Blocked (403) retry 1
2026-09-04 00:43:04,459 | INFO | 🌐 Session warmed
2026-09-04 00:43:05,569 | INFO |    ↳ Status 403
2026-09-04 00:43:05,569 | WARNING |    ⚠ Blocked (403) retry 2
2026-09-04 00:43:05,668 | INFO | 🌐 Session warmed
2026-09-04 00:43:06,439 | INFO |    ↳ Status 403
2026-09-04 00:43:06,440 | WARNING |    ⚠ Blocked (403) retry 3
2026-09-04 00:43:06,508 | INFO | [779/1901] Fetching Kamanaickenpalayam (KPLA)
2026-09-04 00:43:06,525 | INFO | 🌐 Session warmed
2026-09-04 00:43:06,632 | INFO |    ↳ Status 403
2026-09-04 00:43:06,632 | WARNING |    ⚠ Blocked (403) retry 2
2026-09-04 00:43:06,722 | INFO | 🌐 Session warmed
2026-09-04 00:43:07,797 | INFO |    ↳ Status 403
2026-09-04 00:43:07,797 | WARNING |    ⚠ Blocked (403) retry 1
2026-09-04 00:43:07,886 | INFO | 🌐 Session warmed
2026-09-04 00:43:08,504 | INFO |    ↳ Status 403
2026-09-04 00:43:08,504 | WARNING |    ⚠ Blocked (403) retry 3
2026-09-04 00:43:08,598 | INFO | 🌐 Session warmed
2026-09-04 00:43:09,860 | INFO |    ↳ Status 403
2026-09-04 00:43:09,860 | WARNING |    ⚠ Blocked (403) retry 3
2026-09-04 00:43:09,968 | INFO | 🌐 Session warmed
2026-09-04 00:43:10,213 | INFO |    ↳ Status 403
2026-09-04 00:43:10,213 | WARNING |    ⚠ Blocked (403) retry 2
2026-09-04 00:43:10,296 | INFO | 🌐 Session warmed
2026-09-04 00:43:10,526 | INFO | [780/1901] Fetching Kamareddy (KMRD)
2026-09-04 00:43:11,607 | INFO |    ↳ Status 403
2026-09-04 00:43:11,607 | WARNING |    ⚠ Blocked (403) retry 1
2026-09-04 00:43:11,715 | INFO | 🌐 Session warmed
2026-09-04 00:43:12,598 | INFO | [781/1901] Fetching Kamavarapukota (KPKT)
2026-09-04 00:43:13,467 | INFO |    ↳ Status 403
2026-09-04 00:43:13,467 | WARNING |    ⚠ Blocked (403) retry 3
2026-09-04 00:43:13,561 | INFO | 🌐 Session warmed
2026-09-04 00:43:13,969 | INFO | [782/1901] Fetching Kambainallur (KAMR)
2026-09-04 00:43:13,973 | INFO |    ↳ Status 403
2026-09-04 00:43:13,973 | WARNING |    ⚠ Blocked (403) retry 1
2026-09-04 00:43:14,058 | INFO | 🌐 Session warmed
2026-09-04 00:43:14,090 | INFO |    ↳ Status 403
2026-09-04 00:43:14,090 | WARNING |    ⚠ Blocked (403) retry 2
2026-09-04 00:43:14,182 | INFO | 🌐 Session warmed
2026-09-04 00:43:15,333 | INFO |    ↳ Status 403
2026-09-04 00:43:15,333 | WARNING |    ⚠ Blocked (403) retry 1
2026-09-04 00:43:15,426 | INFO | 🌐 Session warmed
2026-09-04 00:43:15,871 | INFO |    ↳ Status 403
2026-09-04 00:43:15,871 | WARNING |    ⚠ Blocked (403) retry 2
2026-09-04 00:43:15,992 | INFO | 🌐 Session warmed
2026-09-04 00:43:17,542 | INFO |    ↳ Status 403
2026-09-04 00:43:17,542 | WARNING |    ⚠ Blocked (403) retry 2
2026-09-04 00:43:17,561 | INFO | [783/1901] Fetching Kamptee (KAMP)
2026-09-04 00:43:17,572 | INFO |    ↳ Status 403
2026-09-04 00:43:17,572 | WARNING |    ⚠ Blocked (403) retry 3
2026-09-04 00:43:17,642 | INFO | 🌐 Session warmed
2026-09-04 00:43:17,702 | INFO | 🌐 Session warmed
2026-09-04 00:43:18,832 | INFO |    ↳ Status 403
2026-09-04 00:43:18,832 | WARNING |    ⚠ Blocked (403) retry 1
2026-09-04 00:43:18,931 | INFO | 🌐 Session warmed
2026-09-04 00:43:19,044 | INFO |    ↳ Status 403
2026-09-04 00:43:19,044 | WARNING |    ⚠ Blocked (403) retry 3
2026-09-04 00:43:19,143 | INFO | 🌐 Session warmed
2026-09-04 00:43:20,899 | INFO |    ↳ Status 403
2026-09-04 00:43:20,899 | WARNING |    ⚠ Blocked (403) retry 3
2026-09-04 00:43:21,000 | INFO | 🌐 Session warmed
2026-09-04 00:43:21,148 | INFO |    ↳ Status 403
2026-09-04 00:43:21,148 | WARNING |    ⚠ Blocked (403) retry 2
2026-09-04 00:43:21,259 | INFO | 🌐 Session warmed
2026-09-04 00:43:21,702 | INFO | [784/1901] Fetching Kamrej (KMRJ)
2026-09-04 00:43:22,878 | INFO |    ↳ Status 403
2026-09-04 00:43:22,878 | WARNING |    ⚠ Blocked (403) retry 1
2026-09-04 00:43:22,974 | INFO | 🌐 Session warmed
2026-09-04 00:43:23,144 | INFO | [785/1901] Fetching Kanakapura (KAKP)
2026-09-04 00:43:24,057 | INFO |    ↳ Status 403
2026-09-04 00:43:24,057 | WARNING |    ⚠ Blocked (403) retry 1
2026-09-04 00:43:24,111 | INFO |    ↳ Status 403
2026-09-04 00:43:24,111 | WARNING |    ⚠ Blocked (403) retry 3
2026-09-04 00:43:24,151 | INFO | 🌐 Session warmed
2026-09-04 00:43:24,205 | INFO | 🌐 Session warmed
2026-09-04 00:43:24,709 | INFO |    ↳ Status 403
2026-09-04 00:43:24,709 | WARNING |    ⚠ Blocked (403) retry 2
2026-09-04 00:43:24,808 | INFO | 🌐 Session warmed
2026-09-04 00:43:25,000 | INFO | [786/1901] Fetching Kanatal (KANA)
2026-09-04 00:43:25,652 | INFO |    ↳ Status 403
2026-09-04 00:43:25,652 | WARNING |    ⚠ Blocked (403) retry 1
2026-09-04 00:43:25,726 | INFO | 🌐 Session warmed
2026-09-04 00:43:26,494 | INFO |    ↳ Status 403
2026-09-04 00:43:26,494 | WARNING |    ⚠ Blocked (403) retry 2
2026-09-04 00:43:26,598 | INFO | 🌐 Session warmed
2026-09-04 00:43:27,712 | INFO |    ↳ Status 403
2026-09-04 00:43:27,712 | WARNING |    ⚠ Blocked (403) retry 3
2026-09-04 00:43:27,806 | INFO | 🌐 Session warmed
2026-09-04 00:43:27,990 | INFO |    ↳ Status 403
2026-09-04 00:43:27,990 | WARNING |    ⚠ Blocked (403) retry 2
2026-09-04 00:43:28,076 | INFO | 🌐 Session warmed
2026-09-04 00:43:28,205 | INFO | [787/1901] Fetching Kanchikacherla (KNCH)
2026-09-04 00:43:29,193 | INFO |    ↳ Status 403
2026-09-04 00:43:29,194 | WARNING |    ⚠ Blocked (403) retry 1
2026-09-04 00:43:29,294 | INFO | 🌐 Session warmed
2026-09-04 00:43:29,860 | INFO |    ↳ Status 403
2026-09-04 00:43:29,860 | WARNING |    ⚠ Blocked (403) retry 3
2026-09-04 00:43:29,944 | INFO | 🌐 Session warmed
2026-09-04 00:43:31,278 | INFO |    ↳ Status 403
2026-09-04 00:43:31,278 | WARNING |    ⚠ Blocked (403) retry 3
2026-09-04 00:43:31,325 | INFO |    ↳ Status 403
2026-09-04 00:43:31,325 | WARNING |    ⚠ Blocked (403) retry 2
2026-09-04 00:43:31,383 | INFO | 🌐 Session warmed
2026-09-04 00:43:31,421 | INFO | 🌐 Session warmed
2026-09-04 00:43:31,807 | INFO | [788/1901] Fetching Kanchipuram (KNPM)
2026-09-04 00:43:33,228 | INFO |    ↳ Status 403
2026-09-04 00:43:33,228 | WARNING |    ⚠ Blocked (403) retry 1
2026-09-04 00:43:33,316 | INFO | 🌐 Session warmed
2026-09-04 00:43:33,945 | INFO | [789/1901] Fetching Kandamangalam (KNDM)
2026-09-04 00:43:34,177 | INFO |    ↳ Status 403
2026-09-04 00:43:34,177 | WARNING |    ⚠ Blocked (403) retry 3
2026-09-04 00:43:34,274 | INFO | 🌐 Session warmed
2026-09-04 00:43:35,028 | INFO |    ↳ Status 403
2026-09-04 00:43:35,028 | WARNING |    ⚠ Blocked (403) retry 1
2026-09-04 00:43:35,124 | INFO | 🌐 Session warmed
2026-09-04 00:43:35,144 | INFO |    ↳ Status 403
2026-09-04 00:43:35,144 | WARNING |    ⚠ Blocked (403) retry 2
2026-09-04 00:43:35,243 | INFO | 🌐 Session warmed
2026-09-04 00:43:35,384 | INFO | [790/1901] Fetching Kandukur (KAND)
2026-09-04 00:43:36,805 | INFO |    ↳ Status 403
2026-09-04 00:43:36,805 | WARNING |    ⚠ Blocked (403) retry 1
2026-09-04 00:43:36,911 | INFO | 🌐 Session warmed
2026-09-04 00:43:37,197 | INFO |    ↳ Status 403
2026-09-04 00:43:37,197 | WARNING |    ⚠ Blocked (403) retry 2
2026-09-04 00:43:37,287 | INFO | 🌐 Session warmed
2026-09-04 00:43:38,275 | INFO | [791/1901] Fetching Kangayam (KGKM)
2026-09-04 00:43:38,664 | INFO |    ↳ Status 403
2026-09-04 00:43:38,664 | WARNING |    ⚠ Blocked (403) retry 3
2026-09-04 00:43:38,736 | INFO |    ↳ Status 403
2026-09-04 00:43:38,736 | WARNING |    ⚠ Blocked (403) retry 2
2026-09-04 00:43:38,796 | INFO | 🌐 Session warmed
2026-09-04 00:43:38,826 | INFO | 🌐 Session warmed
2026-09-04 00:43:39,114 | INFO |    ↳ Status 403
2026-09-04 00:43:39,114 | WARNING |    ⚠ Blocked (403) retry 1
2026-09-04 00:43:39,215 | INFO | 🌐 Session warmed
2026-09-04 00:43:40,646 | INFO |    ↳ Status 403
2026-09-04 00:43:40,646 | WARNING |    ⚠ Blocked (403) retry 3
2026-09-04 00:43:40,747 | INFO | 🌐 Session warmed
2026-09-04 00:43:41,523 | INFO |    ↳ Status 403
2026-09-04 00:43:41,523 | WARNING |    ⚠ Blocked (403) retry 2
2026-09-04 00:43:41,612 | INFO | 🌐 Session warmed
2026-09-04 00:43:42,189 | INFO |    ↳ Status 403
2026-09-04 00:43:42,189 | WARNING |    ⚠ Blocked (403) retry 3
2026-09-04 00:43:42,307 | INFO | 🌐 Session warmed
2026-09-04 00:43:42,796 | INFO | [792/1901] Fetching Kangra (KANG)
2026-09-04 00:43:43,782 | INFO |    ↳ Status 403
2026-09-04 00:43:43,782 | WARNING |    ⚠ Blocked (403) retry 1
2026-09-04 00:43:43,896 | INFO | 🌐 Session warmed
2026-09-04 00:43:44,534 | INFO |    ↳ Status 403
2026-09-04 00:43:44,534 | WARNING |    ⚠ Blocked (403) retry 3
2026-09-04 00:43:44,630 | INFO | 🌐 Session warmed
2026-09-04 00:43:44,748 | INFO | [793/1901] Fetching Kanhangad (KKNN)
2026-09-04 00:43:45,744 | INFO |    ↳ Status 403
2026-09-04 00:43:45,744 | WARNING |    ⚠ Blocked (403) retry 2
2026-09-04 00:43:45,846 | INFO | 🌐 Session warmed
2026-09-04 00:43:45,849 | INFO |    ↳ Status 403
2026-09-04 00:43:45,849 | WARNING |    ⚠ Blocked (403) retry 1
2026-09-04 00:43:45,963 | INFO | 🌐 Session warmed
2026-09-04 00:43:46,308 | INFO | [794/1901] Fetching Kanichar (KANC)
2026-09-04 00:43:47,514 | INFO |    ↳ Status 403
2026-09-04 00:43:47,514 | WARNING |    ⚠ Blocked (403) retry 1
2026-09-04 00:43:47,608 | INFO | 🌐 Session warmed
2026-09-04 00:43:47,658 | INFO |    ↳ Status 403
2026-09-04 00:43:47,658 | WARNING |    ⚠ Blocked (403) retry 2
2026-09-04 00:43:47,763 | INFO | 🌐 Session warmed
2026-09-04 00:43:48,630 | INFO | [795/1901] Fetching Kanigiri (KANI)
2026-09-04 00:43:48,803 | INFO |    ↳ Status 403
2026-09-04 00:43:48,804 | WARNING |    ⚠ Blocked (403) retry 3
2026-09-04 00:43:48,907 | INFO | 🌐 Session warmed
2026-09-04 00:43:49,878 | INFO |    ↳ Status 403
2026-09-04 00:43:49,878 | WARNING |    ⚠ Blocked (403) retry 1
2026-09-04 00:43:49,950 | INFO |    ↳ Status 403
2026-09-04 00:43:49,950 | WARNING |    ⚠ Blocked (403) retry 2
2026-09-04 00:43:49,965 | INFO | 🌐 Session warmed
2026-09-04 00:43:50,037 | INFO | 🌐 Session warmed
2026-09-04 00:43:50,915 | INFO |    ↳ Status 403
2026-09-04 00:43:50,915 | WARNING |    ⚠ Blocked (403) retry 3
2026-09-04 00:43:51,028 | INFO | 🌐 Session warmed
2026-09-04 00:43:52,243 | INFO |    ↳ Status 403
2026-09-04 00:43:52,243 | WARNING |    ⚠ Blocked (403) retry 2
2026-09-04 00:43:52,333 | INFO | 🌐 Session warmed
2026-09-04 00:43:52,907 | INFO | [796/1901] Fetching Kanipakam (KAAM)
2026-09-04 00:43:53,027 | INFO |    ↳ Status 403
2026-09-04 00:43:53,027 | WARNING |    ⚠ Blocked (403) retry 3
2026-09-04 00:43:53,118 | INFO | 🌐 Session warmed
2026-09-04 00:43:53,657 | INFO |    ↳ Status 403
2026-09-04 00:43:53,657 | WARNING |    ⚠ Blocked (403) retry 1
2026-09-04 00:43:53,748 | INFO | 🌐 Session warmed
2026-09-04 00:43:55,029 | INFO | [797/1901] Fetching Kanjirappally (KNNJ)
2026-09-04 00:43:55,695 | INFO |    ↳ Status 403
2026-09-04 00:43:55,695 | WARNING |    ⚠ Blocked (403) retry 3
2026-09-04 00:43:55,800 | INFO | 🌐 Session warmed
2026-09-04 00:43:55,978 | INFO |    ↳ Status 403
2026-09-04 00:43:55,978 | WARNING |    ⚠ Blocked (403) retry 2
2026-09-04 00:43:56,075 | INFO | 🌐 Session warmed
2026-09-04 00:43:56,084 | INFO |    ↳ Status 403
2026-09-04 00:43:56,084 | WARNING |    ⚠ Blocked (403) retry 1
2026-09-04 00:43:56,190 | INFO | 🌐 Session warmed
2026-09-04 00:43:57,118 | INFO | [798/1901] Fetching Kankavli (KNKS)
2026-09-04 00:43:57,999 | INFO |    ↳ Status 403
2026-09-04 00:43:57,999 | WARNING |    ⚠ Blocked (403) retry 2
2026-09-04 00:43:58,103 | INFO | 🌐 Session warmed
2026-09-04 00:43:58,501 | INFO |    ↳ Status 403
2026-09-04 00:43:58,501 | WARNING |    ⚠ Blocked (403) retry 1
2026-09-04 00:43:58,609 | INFO | 🌐 Session warmed
2026-09-04 00:43:58,838 | INFO |    ↳ Status 403
2026-09-04 00:43:58,838 | WARNING |    ⚠ Blocked (403) retry 3
2026-09-04 00:43:58,943 | INFO | 🌐 Session warmed
2026-09-04 00:43:59,800 | INFO | [799/1901] Fetching Kanker (KANK)
2026-09-04 00:44:00,308 | INFO |    ↳ Status 403
2026-09-04 00:44:00,309 | WARNING |    ⚠ Blocked (403) retry 2
2026-09-04 00:44:00,408 | INFO | 🌐 Session warmed
2026-09-04 00:44:00,504 | INFO |    ↳ Status 403
2026-09-04 00:44:00,504 | WARNING |    ⚠ Blocked (403) retry 1
2026-09-04 00:44:00,604 | INFO | 🌐 Session warmed
2026-09-04 00:44:01,223 | INFO |    ↳ Status 403
2026-09-04 00:44:01,224 | WARNING |    ⚠ Blocked (403) retry 3
2026-09-04 00:44:01,312 | INFO | 🌐 Session warmed
2026-09-04 00:44:02,581 | INFO |    ↳ Status 403
2026-09-04 00:44:02,581 | WARNING |    ⚠ Blocked (403) retry 2
2026-09-04 00:44:02,682 | INFO | 🌐 Session warmed
2026-09-04 00:44:02,943 | INFO | [800/1901] Fetching Kankipadu (KADU)
2026-09-04 00:44:03,375 | INFO |    ↳ Status 403
2026-09-04 00:44:03,375 | WARNING |    ⚠ Blocked (403) retry 3
2026-09-04 00:44:03,466 | INFO | 🌐 Session warmed
2026-09-04 00:44:03,915 | INFO |    ↳ Status 403
2026-09-04 00:44:03,915 | WARNING |    ⚠ Blocked (403) retry 1
2026-09-04 00:44:04,027 | INFO | 🌐 Session warmed
2026-09-04 00:44:05,313 | INFO | [801/1901] Fetching Kankroli (KANL)
2026-09-04 00:44:05,492 | INFO |    ↳ Status 403
2026-09-04 00:44:05,493 | WARNING |    ⚠ Blocked (403) retry 3
2026-09-04 00:44:05,591 | INFO | 🌐 Session warmed
2026-09-04 00:44:06,057 | INFO |    ↳ Status 403
2026-09-04 00:44:06,057 | WARNING |    ⚠ Blocked (403) retry 1
2026-09-04 00:44:06,131 | INFO | 🌐 Session warmed
2026-09-04 00:44:06,372 | INFO |    ↳ Status 403
2026-09-04 00:44:06,372 | WARNING |    ⚠ Blocked (403) retry 2
2026-09-04 00:44:06,463 | INFO | 🌐 Session warmed
2026-09-04 00:44:07,467 | INFO | [802/1901] Fetching Kannauj (KANJ)
2026-09-04 00:44:07,981 | INFO |    ↳ Status 403
2026-09-04 00:44:07,981 | WARNING |    ⚠ Blocked (403) retry 2
2026-09-04 00:44:08,076 | INFO | 🌐 Session warmed
2026-09-04 00:44:08,871 | INFO |    ↳ Status 403
2026-09-04 00:44:08,871 | WARNING |    ⚠ Blocked (403) retry 1
2026-09-04 00:44:08,962 | INFO | 🌐 Session warmed
2026-09-04 00:44:09,192 | INFO |    ↳ Status 403
2026-09-04 00:44:09,192 | WARNING |    ⚠ Blocked (403) retry 3
2026-09-04 00:44:09,313 | INFO | 🌐 Session warmed
2026-09-04 00:44:09,591 | INFO | [803/1901] Fetching Kannur (KANN)
2026-09-04 00:44:10,326 | INFO |    ↳ Status 403
2026-09-04 00:44:10,326 | WARNING |    ⚠ Blocked (403) retry 1
2026-09-04 00:44:10,426 | INFO | 🌐 Session warmed
2026-09-04 00:44:10,841 | INFO |    ↳ Status 403
2026-09-04 00:44:10,841 | WARNING |    ⚠ Blocked (403) retry 2
2026-09-04 00:44:10,937 | INFO | 🌐 Session warmed
2026-09-04 00:44:11,392 | INFO |    ↳ Status 403
2026-09-04 00:44:11,392 | WARNING |    ⚠ Blocked (403) retry 3
2026-09-04 00:44:11,503 | INFO | 🌐 Session warmed
2026-09-04 00:44:12,778 | INFO |    ↳ Status 403
2026-09-04 00:44:12,778 | WARNING |    ⚠ Blocked (403) retry 2
2026-09-04 00:44:12,900 | INFO | 🌐 Session warmed
2026-09-04 00:44:13,314 | INFO | [804/1901] Fetching Kanpur (KANP)
2026-09-04 00:44:13,841 | INFO |    ↳ Status 403
2026-09-04 00:44:13,841 | WARNING |    ⚠ Blocked (403) retry 3
2026-09-04 00:44:13,921 | INFO | 🌐 Session warmed
2026-09-04 00:44:14,426 | INFO |    ↳ Status 403
2026-09-04 00:44:14,426 | WARNING |    ⚠ Blocked (403) retry 1
2026-09-04 00:44:14,509 | INFO | 🌐 Session warmed
2026-09-04 00:44:15,504 | INFO | [805/1901] Fetching Kantabanji (KTBJ)
2026-09-04 00:44:15,790 | INFO |    ↳ Status 403
2026-09-04 00:44:15,790 | WARNING |    ⚠ Blocked (403) retry 3
2026-09-04 00:44:15,888 | INFO | 🌐 Session warmed
2026-09-04 00:44:16,454 | INFO |    ↳ Status 403
2026-09-04 00:44:16,454 | WARNING |    ⚠ Blocked (403) retry 2
2026-09-04 00:44:16,561 | INFO | 🌐 Session warmed
2026-09-04 00:44:16,731 | INFO |    ↳ Status 403
2026-09-04 00:44:16,731 | WARNING |    ⚠ Blocked (403) retry 1
2026-09-04 00:44:16,827 | INFO | 🌐 Session warmed
2026-09-04 00:44:17,922 | INFO | [806/1901] Fetching Kanyakumari (KAKM)
2026-09-04 00:44:18,583 | INFO |    ↳ Status 403
2026-09-04 00:44:18,584 | WARNING |    ⚠ Blocked (403) retry 1
2026-09-04 00:44:18,599 | INFO |    ↳ Status 403
2026-09-04 00:44:18,600 | WARNING |    ⚠ Blocked (403) retry 2
2026-09-04 00:44:18,685 | INFO | 🌐 Session warmed
2026-09-04 00:44:19,284 | INFO |    ↳ Status 403
2026-09-04 00:44:19,284 | WARNING |    ⚠ Blocked (403) retry 3
2026-09-04 00:44:19,376 | INFO | 🌐 Session warmed
2026-09-04 00:44:19,888 | INFO | [807/1901] Fetching Kapadvanj (KAPP)
2026-09-04 00:44:20,368 | INFO |    ↳ Status 403
2026-09-04 00:44:20,368 | WARNING |    ⚠ Blocked (403) retry 2
2026-09-04 00:44:20,462 | INFO | 🌐 Session warmed
2026-09-04 00:44:20,757 | INFO |    ↳ Status 403
2026-09-04 00:44:20,757 | WARNING |    ⚠ Blocked (403) retry 1
2026-09-04 00:44:20,897 | INFO | 🌐 Session warmed
2026-09-04 00:44:22,569 | INFO |    ↳ Status 403
2026-09-04 00:44:22,569 | WARNING |    ⚠ Blocked (403) retry 2
2026-09-04 00:44:22,668 | INFO | 🌐 Session warmed
2026-09-04 00:44:23,376 | INFO | [808/1901] Fetching Kapurthala (IKGP)
2026-09-04 00:44:23,835 | INFO |    ↳ Status 403
2026-09-04 00:44:23,835 | WARNING |    ⚠ Blocked (403) retry 3
2026-09-04 00:44:23,921 | INFO | 🌐 Session warmed
2026-09-04 00:44:24,337 | INFO |    ↳ Status 403
2026-09-04 00:44:24,337 | WARNING |    ⚠ Blocked (403) retry 1
2026-09-04 00:44:24,434 | INFO | 🌐 Session warmed
2026-09-04 00:44:25,772 | INFO |    ↳ Status 403
2026-09-04 00:44:25,772 | WARNING |    ⚠ Blocked (403) retry 3
2026-09-04 00:44:25,856 | INFO | 🌐 Session warmed
2026-09-04 00:44:26,810 | INFO |    ↳ Status 403
2026-09-04 00:44:26,810 | WARNING |    ⚠ Blocked (403) retry 2
2026-09-04 00:44:26,902 | INFO | 🌐 Session warmed
2026-09-04 00:44:27,922 | INFO | [809/1901] Fetching Karad (KARD)
2026-09-04 00:44:28,666 | WARNING | Warmup failed: HTTPSConnectionPool(host='in.bookmyshow.com', port=443): Read timed out. (read timeout=10)
2026-09-04 00:44:28,958 | INFO |    ↳ Status 403
2026-09-04 00:44:28,958 | WARNING |    ⚠ Blocked (403) retry 1
2026-09-04 00:44:29,056 | INFO | 🌐 Session warmed
2026-09-04 00:44:29,856 | INFO | [810/1901] Fetching Karaikal (KARA)
2026-09-04 00:44:30,035 | INFO |    ↳ Status 403
2026-09-04 00:44:30,035 | WARNING |    ⚠ Blocked (403) retry 3
2026-09-04 00:44:30,144 | INFO | 🌐 Session warmed
2026-09-04 00:44:31,032 | INFO |    ↳ Status 403
2026-09-04 00:44:31,032 | WARNING |    ⚠ Blocked (403) retry 1
2026-09-04 00:44:31,150 | INFO | 🌐 Session warmed
2026-09-04 00:44:31,220 | INFO |    ↳ Status 403
2026-09-04 00:44:31,220 | WARNING |    ⚠ Blocked (403) retry 2
2026-09-04 00:44:31,324 | INFO | 🌐 Session warmed
2026-09-04 00:44:31,648 | INFO |    ↳ Status 403
2026-09-04 00:44:31,648 | WARNING |    ⚠ Blocked (403) retry 3
2026-09-04 00:44:31,737 | INFO | 🌐 Session warmed
2026-09-04 00:44:33,449 | INFO |    ↳ Status 403
2026-09-04 00:44:33,449 | WARNING |    ⚠ Blocked (403) retry 2
2026-09-04 00:44:33,528 | INFO | 🌐 Session warmed
2026-09-04 00:44:34,096 | INFO |    ↳ Status 403
2026-09-04 00:44:34,097 | WARNING |    ⚠ Blocked (403) retry 3
2026-09-04 00:44:34,144 | INFO | [811/1901] Fetching Karambakkudi (KRBK)
2026-09-04 00:44:34,185 | INFO | 🌐 Session warmed
2026-09-04 00:44:35,082 | INFO |    ↳ Status 403
2026-09-04 00:44:35,082 | WARNING |    ⚠ Blocked (403) retry 1
2026-09-04 00:44:35,177 | INFO | 🌐 Session warmed
2026-09-04 00:44:35,738 | INFO | [812/1901] Fetching Karanja Lad (KLAD)
2026-09-04 00:44:36,821 | INFO |    ↳ Status 403
2026-09-04 00:44:36,822 | WARNING |    ⚠ Blocked (403) retry 1
2026-09-04 00:44:36,914 | INFO | 🌐 Session warmed
2026-09-04 00:44:36,944 | INFO |    ↳ Status 403
2026-09-04 00:44:36,944 | WARNING |    ⚠ Blocked (403) retry 3
2026-09-04 00:44:37,034 | INFO | 🌐 Session warmed
2026-09-04 00:44:37,539 | INFO |    ↳ Status 403
2026-09-04 00:44:37,539 | WARNING |    ⚠ Blocked (403) retry 2
2026-09-04 00:44:37,640 | INFO | 🌐 Session warmed
2026-09-04 00:44:38,185 | INFO | [813/1901] Fetching Karanjia (KARJ)
2026-09-04 00:44:39,143 | INFO |    ↳ Status 403
2026-09-04 00:44:39,143 | WARNING |    ⚠ Blocked (403) retry 2
2026-09-04 00:44:39,242 | INFO | 🌐 Session warmed
2026-09-04 00:44:39,471 | INFO |    ↳ Status 403
2026-09-04 00:44:39,471 | WARNING |    ⚠ Blocked (403) retry 1
2026-09-04 00:44:39,561 | INFO | 🌐 Session warmed
2026-09-04 00:44:41,016 | INFO |    ↳ Status 403
2026-09-04 00:44:41,016 | WARNING |    ⚠ Blocked (403) retry 3
2026-09-04 00:44:41,034 | INFO | [814/1901] Fetching Kareli (KARE)
2026-09-04 00:44:41,116 | INFO | 🌐 Session warmed
2026-09-04 00:44:41,582 | INFO |    ↳ Status 403
2026-09-04 00:44:41,583 | WARNING |    ⚠ Blocked (403) retry 2
2026-09-04 00:44:41,671 | INFO | 🌐 Session warmed
2026-09-04 00:44:41,776 | INFO |    ↳ Status 403
2026-09-04 00:44:41,776 | WARNING |    ⚠ Blocked (403) retry 1
2026-09-04 00:44:41,874 | INFO | 🌐 Session warmed
2026-09-04 00:44:42,506 | INFO |    ↳ Status 403
2026-09-04 00:44:42,506 | WARNING |    ⚠ Blocked (403) retry 3
2026-09-04 00:44:42,607 | INFO | 🌐 Session warmed
2026-09-04 00:44:44,188 | INFO |    ↳ Status 403
2026-09-04 00:44:44,188 | WARNING |    ⚠ Blocked (403) retry 2
2026-09-04 00:44:44,268 | INFO | 🌐 Session warmed
2026-09-04 00:44:44,626 | INFO |    ↳ Status 403
2026-09-04 00:44:44,626 | WARNING |    ⚠ Blocked (403) retry 3
2026-09-04 00:44:44,749 | INFO | 🌐 Session warmed
2026-09-04 00:44:45,117 | INFO | [815/1901] Fetching Karepalli (KRPL)
2026-09-04 00:44:46,080 | INFO |    ↳ Status 403
2026-09-04 00:44:46,080 | WARNING |    ⚠ Blocked (403) retry 1
2026-09-04 00:44:46,201 | INFO | 🌐 Session warmed
2026-09-04 00:44:46,608 | INFO | [816/1901] Fetching Kargi Road (KRRD)
2026-09-04 00:44:46,924 | INFO |    ↳ Status 403
2026-09-04 00:44:46,925 | WARNING |    ⚠ Blocked (403) retry 3
2026-09-04 00:44:47,015 | INFO | 🌐 Session warmed
2026-09-04 00:44:47,332 | INFO |    ↳ Status 403
2026-09-04 00:44:47,333 | WARNING |    ⚠ Blocked (403) retry 1
2026-09-04 00:44:47,435 | INFO | 🌐 Session warmed
2026-09-04 00:44:48,440 | INFO |    ↳ Status 403
2026-09-04 00:44:48,440 | WARNING |    ⚠ Blocked (403) retry 2
2026-09-04 00:44:48,530 | INFO | 🌐 Session warmed
2026-09-04 00:44:48,750 | INFO | [817/1901] Fetching Karimangalam (KARI)
2026-09-04 00:44:49,580 | INFO |    ↳ Status 403
2026-09-04 00:44:49,580 | WARNING |    ⚠ Blocked (403) retry 2
2026-09-04 00:44:49,671 | INFO | 🌐 Session warmed
2026-09-04 00:44:50,006 | INFO |    ↳ Status 403
2026-09-04 00:44:50,006 | WARNING |    ⚠ Blocked (403) retry 1
2026-09-04 00:44:50,096 | INFO | 🌐 Session warmed
2026-09-04 00:44:51,015 | INFO | [818/1901] Fetching Karimganj (KRNJ)
2026-09-04 00:44:51,408 | INFO |    ↳ Status 403
2026-09-04 00:44:51,408 | WARNING |    ⚠ Blocked (403) retry 3
2026-09-04 00:44:51,514 | INFO | 🌐 Session warmed
2026-09-04 00:44:52,287 | INFO |    ↳ Status 403
2026-09-04 00:44:52,287 | WARNING |    ⚠ Blocked (403) retry 1
2026-09-04 00:44:52,335 | INFO |    ↳ Status 403
2026-09-04 00:44:52,335 | WARNING |    ⚠ Blocked (403) retry 3
2026-09-04 00:44:52,383 | INFO | 🌐 Session warmed
2026-09-04 00:44:52,406 | INFO |    ↳ Status 403
2026-09-04 00:44:52,406 | WARNING |    ⚠ Blocked (403) retry 2
2026-09-04 00:44:52,437 | INFO | 🌐 Session warmed
2026-09-04 00:44:52,513 | INFO | 🌐 Session warmed
2026-09-04 00:44:54,129 | INFO |    ↳ Status 403
2026-09-04 00:44:54,129 | WARNING |    ⚠ Blocked (403) retry 2
2026-09-04 00:44:54,234 | INFO | 🌐 Session warmed
2026-09-04 00:44:55,515 | INFO | [819/1901] Fetching Karimnagar (KARIM)
2026-09-04 00:44:55,916 | INFO |    ↳ Status 403
2026-09-04 00:44:55,916 | WARNING |    ⚠ Blocked (403) retry 3
2026-09-04 00:44:56,011 | INFO | 🌐 Session warmed
2026-09-04 00:44:56,437 | INFO | [820/1901] Fetching Kariyad (KRYD)
2026-09-04 00:44:56,680 | INFO |    ↳ Status 403
2026-09-04 00:44:56,680 | WARNING |    ⚠ Blocked (403) retry 1
2026-09-04 00:44:56,769 | INFO | 🌐 Session warmed
2026-09-04 00:44:57,173 | INFO |    ↳ Status 403
2026-09-04 00:44:57,174 | WARNING |    ⚠ Blocked (403) retry 3
2026-09-04 00:44:57,258 | INFO | 🌐 Session warmed
2026-09-04 00:44:57,289 | INFO |    ↳ Status 403
2026-09-04 00:44:57,289 | WARNING |    ⚠ Blocked (403) retry 1
2026-09-04 00:44:57,377 | INFO | 🌐 Session warmed
2026-09-04 00:44:58,465 | INFO |    ↳ Status 403
2026-09-04 00:44:58,465 | WARNING |    ⚠ Blocked (403) retry 2
2026-09-04 00:44:58,563 | INFO | 🌐 Session warmed
2026-09-04 00:44:59,446 | INFO |    ↳ Status 403
2026-09-04 00:44:59,446 | WARNING |    ⚠ Blocked (403) retry 2
2026-09-04 00:44:59,544 | INFO | 🌐 Session warmed
2026-09-04 00:45:00,011 | INFO | [821/1901] Fetching Karjat (KART)
2026-09-04 00:45:01,218 | INFO |    ↳ Status 403
2026-09-04 00:45:01,218 | WARNING |    ⚠ Blocked (403) retry 1
2026-09-04 00:45:01,258 | INFO | [822/1901] Fetching Karkala (KARK)
2026-09-04 00:45:01,312 | INFO | 🌐 Session warmed
2026-09-04 00:45:01,452 | INFO |    ↳ Status 403
2026-09-04 00:45:01,452 | WARNING |    ⚠ Blocked (403) retry 3
2026-09-04 00:45:01,550 | INFO | 🌐 Session warmed
2026-09-04 00:45:02,426 | INFO |    ↳ Status 403
2026-09-04 00:45:02,426 | WARNING |    ⚠ Blocked (403) retry 1
2026-09-04 00:45:02,524 | INFO | 🌐 Session warmed
2026-09-04 00:45:02,645 | INFO |    ↳ Status 403
2026-09-04 00:45:02,645 | WARNING |    ⚠ Blocked (403) retry 3
2026-09-04 00:45:02,739 | INFO | 🌐 Session warmed
2026-09-04 00:45:03,679 | INFO |    ↳ Status 403
2026-09-04 00:45:03,679 | WARNING |    ⚠ Blocked (403) retry 2
2026-09-04 00:45:03,786 | INFO | 🌐 Session warmed
2026-09-04 00:45:04,549 | INFO |    ↳ Status 403
2026-09-04 00:45:04,549 | WARNING |    ⚠ Blocked (403) retry 2
2026-09-04 00:45:04,640 | INFO | 🌐 Session warmed
2026-09-04 00:45:05,551 | INFO | [823/1901] Fetching Karmala (KMML)
2026-09-04 00:45:06,313 | INFO |    ↳ Status 403
2026-09-04 00:45:06,313 | WARNING |    ⚠ Blocked (403) retry 1
2026-09-04 00:45:06,402 | INFO | 🌐 Session warmed
2026-09-04 00:45:06,584 | INFO |    ↳ Status 403
2026-09-04 00:45:06,584 | WARNING |    ⚠ Blocked (403) retry 3
2026-09-04 00:45:06,683 | INFO | 🌐 Session warmed
2026-09-04 00:45:06,739 | INFO | [824/1901] Fetching Karmamthody (KRMA)
2026-09-04 00:45:07,405 | INFO |    ↳ Status 403
2026-09-04 00:45:07,405 | WARNING |    ⚠ Blocked (403) retry 1
2026-09-04 00:45:07,497 | INFO | 🌐 Session warmed
2026-09-04 00:45:07,752 | INFO |    ↳ Status 403
2026-09-04 00:45:07,752 | WARNING |    ⚠ Blocked (403) retry 3
2026-09-04 00:45:07,857 | INFO | 🌐 Session warmed
2026-09-04 00:45:08,261 | INFO |    ↳ Status 403
2026-09-04 00:45:08,261 | WARNING |    ⚠ Blocked (403) retry 2
2026-09-04 00:45:08,366 | INFO | 🌐 Session warmed
2026-09-04 00:45:09,689 | INFO |    ↳ Status 403
2026-09-04 00:45:09,689 | WARNING |    ⚠ Blocked (403) retry 2
2026-09-04 00:45:09,777 | INFO | 🌐 Session warmed
2026-09-04 00:45:10,683 | INFO | [825/1901] Fetching Karnal (KARN)
2026-09-04 00:45:11,382 | INFO |    ↳ Status 403
2026-09-04 00:45:11,382 | WARNING |    ⚠ Blocked (403) retry 1
2026-09-04 00:45:11,472 | INFO | 🌐 Session warmed
2026-09-04 00:45:11,516 | INFO |    ↳ Status 403
2026-09-04 00:45:11,517 | WARNING |    ⚠ Blocked (403) retry 3
2026-09-04 00:45:11,624 | INFO | 🌐 Session warmed
2026-09-04 00:45:11,857 | INFO | [826/1901] Fetching Karunagapally (KARG)
2026-09-04 00:45:13,063 | INFO |    ↳ Status 403
2026-09-04 00:45:13,063 | WARNING |    ⚠ Blocked (403) retry 1
2026-09-04 00:45:13,125 | INFO |    ↳ Status 403
2026-09-04 00:45:13,125 | WARNING |    ⚠ Blocked (403) retry 3
2026-09-04 00:45:13,150 | INFO | 🌐 Session warmed
2026-09-04 00:45:13,221 | INFO | 🌐 Session warmed
2026-09-04 00:45:13,348 | INFO |    ↳ Status 403
2026-09-04 00:45:13,348 | WARNING |    ⚠ Blocked (403) retry 2
2026-09-04 00:45:13,445 | INFO | 🌐 Session warmed
2026-09-04 00:45:15,572 | INFO |    ↳ Status 403
2026-09-04 00:45:15,572 | WARNING |    ⚠ Blocked (403) retry 2
2026-09-04 00:45:15,624 | INFO | [827/1901] Fetching Karur (KARU)
2026-09-04 00:45:15,665 | INFO | 🌐 Session warmed
2026-09-04 00:45:16,305 | INFO |    ↳ Status 403
2026-09-04 00:45:16,305 | WARNING |    ⚠ Blocked (403) retry 3
2026-09-04 00:45:16,372 | INFO |    ↳ Status 403
2026-09-04 00:45:16,372 | WARNING |    ⚠ Blocked (403) retry 1
2026-09-04 00:45:16,397 | INFO | 🌐 Session warmed
2026-09-04 00:45:16,489 | INFO | 🌐 Session warmed
2026-09-04 00:45:17,222 | INFO | [828/1901] Fetching Karwar (KWAR)
2026-09-04 00:45:18,088 | INFO |    ↳ Status 403
2026-09-04 00:45:18,088 | WARNING |    ⚠ Blocked (403) retry 1
2026-09-04 00:45:18,183 | INFO | 🌐 Session warmed
2026-09-04 00:45:18,465 | INFO |    ↳ Status 403
2026-09-04 00:45:18,465 | WARNING |    ⚠ Blocked (403) retry 3
2026-09-04 00:45:18,560 | INFO | 🌐 Session warmed
2026-09-04 00:45:18,621 | INFO |    ↳ Status 403
2026-09-04 00:45:18,621 | WARNING |    ⚠ Blocked (403) retry 2
2026-09-04 00:45:18,719 | INFO | 🌐 Session warmed
2026-09-04 00:45:19,833 | INFO |    ↳ Status 403
2026-09-04 00:45:19,833 | WARNING |    ⚠ Blocked (403) retry 2
2026-09-04 00:45:19,955 | INFO | 🌐 Session warmed
2026-09-04 00:45:20,397 | INFO | [829/1901] Fetching Kasaragod (KASA)
2026-09-04 00:45:21,084 | INFO |    ↳ Status 403
2026-09-04 00:45:21,084 | WARNING |    ⚠ Blocked (403) retry 1
2026-09-04 00:45:21,184 | INFO | 🌐 Session warmed
2026-09-04 00:45:21,550 | INFO |    ↳ Status 403
2026-09-04 00:45:21,550 | WARNING |    ⚠ Blocked (403) retry 3
2026-09-04 00:45:21,670 | INFO | 🌐 Session warmed
2026-09-04 00:45:22,560 | INFO | [830/1901] Fetching Kasdol (KASD)
2026-09-04 00:45:22,986 | INFO |    ↳ Status 403
2026-09-04 00:45:22,986 | WARNING |    ⚠ Blocked (403) retry 3
2026-09-04 00:45:23,109 | INFO | 🌐 Session warmed
2026-09-04 00:45:23,250 | INFO |    ↳ Status 403
2026-09-04 00:45:23,250 | WARNING |    ⚠ Blocked (403) retry 2
2026-09-04 00:45:23,350 | INFO | 🌐 Session warmed
2026-09-04 00:45:23,795 | INFO |    ↳ Status 403
2026-09-04 00:45:23,795 | WARNING |    ⚠ Blocked (403) retry 1
2026-09-04 00:45:23,887 | INFO | 🌐 Session warmed
2026-09-04 00:45:25,615 | INFO |    ↳ Status 403
2026-09-04 00:45:25,615 | WARNING |    ⚠ Blocked (403) retry 2
2026-09-04 00:45:25,670 | INFO | [831/1901] Fetching Kasganj (KASG)
2026-09-04 00:45:25,720 | INFO | 🌐 Session warmed
2026-09-04 00:45:26,361 | INFO |    ↳ Status 403
2026-09-04 00:45:26,361 | WARNING |    ⚠ Blocked (403) retry 1
2026-09-04 00:45:26,453 | INFO | 🌐 Session warmed
2026-09-04 00:45:26,743 | INFO |    ↳ Status 403
2026-09-04 00:45:26,743 | WARNING |    ⚠ Blocked (403) retry 3
2026-09-04 00:45:26,845 | INFO | 🌐 Session warmed
2026-09-04 00:45:27,109 | INFO | [832/1901] Fetching Kashig (KSHG)
2026-09-04 00:45:28,388 | INFO |    ↳ Status 403
2026-09-04 00:45:28,388 | WARNING |    ⚠ Blocked (403) retry 1
2026-09-04 00:45:28,495 | INFO | 🌐 Session warmed
2026-09-04 00:45:28,769 | INFO |    ↳ Status 403
2026-09-04 00:45:28,770 | WARNING |    ⚠ Blocked (403) retry 2
2026-09-04 00:45:28,809 | INFO |    ↳ Status 403
2026-09-04 00:45:28,809 | WARNING |    ⚠ Blocked (403) retry 3
2026-09-04 00:45:28,897 | INFO | 🌐 Session warmed
2026-09-04 00:45:28,922 | INFO | 🌐 Session warmed
2026-09-04 00:45:30,781 | INFO |    ↳ Status 403
2026-09-04 00:45:30,781 | WARNING |    ⚠ Blocked (403) retry 2
2026-09-04 00:45:30,845 | INFO | [833/1901] Fetching Kashipur (KASH)
2026-09-04 00:45:30,871 | INFO | 🌐 Session warmed
2026-09-04 00:45:31,532 | INFO |    ↳ Status 403
2026-09-04 00:45:31,533 | WARNING |    ⚠ Blocked (403) retry 3
2026-09-04 00:45:31,654 | INFO | 🌐 Session warmed
2026-09-04 00:45:32,028 | INFO |    ↳ Status 403
2026-09-04 00:45:32,028 | WARNING |    ⚠ Blocked (403) retry 1
2026-09-04 00:45:32,134 | INFO | 🌐 Session warmed
2026-09-04 00:45:32,922 | INFO | [834/1901] Fetching Kashti (KAST)
2026-09-04 00:45:33,745 | INFO |    ↳ Status 403
2026-09-04 00:45:33,745 | WARNING |    ⚠ Blocked (403) retry 1
2026-09-04 00:45:33,831 | INFO |    ↳ Status 403
2026-09-04 00:45:33,831 | WARNING |    ⚠ Blocked (403) retry 2
2026-09-04 00:45:33,844 | INFO | 🌐 Session warmed
2026-09-04 00:45:33,949 | INFO | 🌐 Session warmed
2026-09-04 00:45:34,252 | INFO |    ↳ Status 403
2026-09-04 00:45:34,252 | WARNING |    ⚠ Blocked (403) retry 3
2026-09-04 00:45:34,342 | INFO | 🌐 Session warmed
2026-09-04 00:45:35,655 | INFO | [835/1901] Fetching Kasibugga (KSBG)
2026-09-04 00:45:35,831 | INFO |    ↳ Status 403
2026-09-04 00:45:35,831 | WARNING |    ⚠ Blocked (403) retry 2
2026-09-04 00:45:35,916 | INFO | 🌐 Session warmed
2026-09-04 00:45:36,416 | INFO |    ↳ Status 403
2026-09-04 00:45:36,416 | WARNING |    ⚠ Blocked (403) retry 1
2026-09-04 00:45:36,513 | INFO | 🌐 Session warmed
2026-09-04 00:45:37,142 | INFO |    ↳ Status 403
2026-09-04 00:45:37,142 | WARNING |    ⚠ Blocked (403) retry 3
2026-09-04 00:45:37,258 | INFO | 🌐 Session warmed
2026-09-04 00:45:38,343 | INFO | [836/1901] Fetching Katghora (KATG)
2026-09-04 00:45:38,479 | INFO |    ↳ Status 403
2026-09-04 00:45:38,479 | WARNING |    ⚠ Blocked (403) retry 2
2026-09-04 00:45:38,636 | INFO | 🌐 Session warmed
2026-09-04 00:45:38,971 | INFO |    ↳ Status 403
2026-09-04 00:45:38,971 | WARNING |    ⚠ Blocked (403) retry 3
2026-09-04 00:45:39,078 | INFO | 🌐 Session warmed
2026-09-04 00:45:39,555 | INFO |    ↳ Status 403
2026-09-04 00:45:39,555 | WARNING |    ⚠ Blocked (403) retry 1
2026-09-04 00:45:39,651 | INFO | 🌐 Session warmed
2026-09-04 00:45:41,259 | INFO | [837/1901] Fetching Kathipudi (KATP)
2026-09-04 00:45:41,886 | INFO |    ↳ Status 403
2026-09-04 00:45:41,886 | WARNING |    ⚠ Blocked (403) retry 3
2026-09-04 00:45:41,980 | INFO | 🌐 Session warmed
2026-09-04 00:45:42,001 | INFO |    ↳ Status 403
2026-09-04 00:45:42,001 | WARNING |    ⚠ Blocked (403) retry 2
2026-09-04 00:45:42,088 | INFO | 🌐 Session warmed
2026-09-04 00:45:42,618 | INFO |    ↳ Status 403
2026-09-04 00:45:42,618 | WARNING |    ⚠ Blocked (403) retry 1
2026-09-04 00:45:42,710 | INFO | 🌐 Session warmed
2026-09-04 00:45:43,079 | INFO | [838/1901] Fetching Kathmandu (KATM)
2026-09-04 00:45:43,864 | INFO |    ↳ Status 403
2026-09-04 00:45:43,864 | WARNING |    ⚠ Blocked (403) retry 1
2026-09-04 00:45:43,957 | INFO | 🌐 Session warmed
2026-09-04 00:45:44,796 | INFO |    ↳ Status 403
2026-09-04 00:45:44,796 | WARNING |    ⚠ Blocked (403) retry 3
2026-09-04 00:45:44,889 | INFO | 🌐 Session warmed
2026-09-04 00:45:44,942 | INFO |    ↳ Status 403
2026-09-04 00:45:44,942 | WARNING |    ⚠ Blocked (403) retry 2
2026-09-04 00:45:45,040 | INFO | 🌐 Session warmed
2026-09-04 00:45:45,981 | INFO | [839/1901] Fetching Kathua (KATH)
2026-09-04 00:45:46,033 | INFO |    ↳ Status 403
2026-09-04 00:45:46,033 | WARNING |    ⚠ Blocked (403) retry 2
2026-09-04 00:45:46,127 | INFO | 🌐 Session warmed
2026-09-04 00:45:47,007 | INFO |    ↳ Status 403
2026-09-04 00:45:47,007 | WARNING |    ⚠ Blocked (403) retry 1
2026-09-04 00:45:47,128 | INFO | 🌐 Session warmed
2026-09-04 00:45:48,195 | INFO |    ↳ Status 403
2026-09-04 00:45:48,195 | WARNING |    ⚠ Blocked (403) retry 3
2026-09-04 00:45:48,286 | INFO | 🌐 Session warmed
2026-09-04 00:45:48,890 | INFO | [840/1901] Fetching Katihar (KATI)
2026-09-04 00:45:49,178 | INFO |    ↳ Status 403
2026-09-04 00:45:49,178 | WARNING |    ⚠ Blocked (403) retry 2
2026-09-04 00:45:49,197 | INFO |    ↳ Status 403
2026-09-04 00:45:49,197 | WARNING |    ⚠ Blocked (403) retry 3
2026-09-04 00:45:49,274 | INFO | 🌐 Session warmed
2026-09-04 00:45:49,290 | INFO | 🌐 Session warmed
2026-09-04 00:45:49,808 | INFO |    ↳ Status 403
2026-09-04 00:45:49,808 | WARNING |    ⚠ Blocked (403) retry 1
2026-09-04 00:45:49,890 | INFO | 🌐 Session warmed
2026-09-04 00:45:51,911 | INFO |    ↳ Status 403
2026-09-04 00:45:51,911 | WARNING |    ⚠ Blocked (403) retry 3
2026-09-04 00:45:52,003 | INFO | 🌐 Session warmed
2026-09-04 00:45:52,126 | INFO |    ↳ Status 403
2026-09-04 00:45:52,126 | WARNING |    ⚠ Blocked (403) retry 2
2026-09-04 00:45:52,224 | INFO | 🌐 Session warmed
2026-09-04 00:45:52,287 | INFO | [841/1901] Fetching Katni (KATN)
2026-09-04 00:45:53,291 | INFO | [842/1901] Fetching Katra (KATR)
2026-09-04 00:45:53,376 | INFO |    ↳ Status 403
2026-09-04 00:45:53,376 | WARNING |    ⚠ Blocked (403) retry 1
2026-09-04 00:45:53,611 | INFO | 🌐 Session warmed
2026-09-04 00:45:54,104 | INFO |    ↳ Status 403
2026-09-04 00:45:54,104 | WARNING |    ⚠ Blocked (403) retry 1
2026-09-04 00:45:54,209 | INFO | 🌐 Session warmed
2026-09-04 00:45:55,275 | INFO |    ↳ Status 403
2026-09-04 00:45:55,275 | WARNING |    ⚠ Blocked (403) retry 2
2026-09-04 00:45:55,595 | INFO |    ↳ Status 403
2026-09-04 00:45:55,595 | WARNING |    ⚠ Blocked (403) retry 3
2026-09-04 00:45:55,712 | INFO | 🌐 Session warmed
2026-09-04 00:45:56,003 | INFO | [843/1901] Fetching Katrenikona (KTRN)
2026-09-04 00:45:56,060 | INFO |    ↳ Status 403
2026-09-04 00:45:56,060 | WARNING |    ⚠ Blocked (403) retry 2
2026-09-04 00:45:56,158 | INFO | 🌐 Session warmed
2026-09-04 00:45:56,710 | INFO |    ↳ Status 403
2026-09-04 00:45:56,710 | WARNING |    ⚠ Blocked (403) retry 1
2026-09-04 00:45:56,816 | INFO | 🌐 Session warmed
2026-09-04 00:45:58,562 | INFO |    ↳ Status 403
2026-09-04 00:45:58,562 | WARNING |    ⚠ Blocked (403) retry 2
2026-09-04 00:45:58,648 | INFO | 🌐 Session warmed
2026-09-04 00:45:59,201 | INFO |    ↳ Status 403
2026-09-04 00:45:59,201 | WARNING |    ⚠ Blocked (403) retry 3
2026-09-04 00:45:59,307 | INFO | 🌐 Session warmed
2026-09-04 00:45:59,713 | INFO | [844/1901] Fetching Kattappana (AWCK)
2026-09-04 00:46:00,743 | INFO |    ↳ Status 403
2026-09-04 00:46:00,743 | WARNING |    ⚠ Blocked (403) retry 1
2026-09-04 00:46:00,833 | INFO | 🌐 Session warmed
2026-09-04 00:46:01,527 | INFO |    ↳ Status 403
2026-09-04 00:46:01,527 | WARNING |    ⚠ Blocked (403) retry 3
2026-09-04 00:46:01,620 | INFO | 🌐 Session warmed
2026-09-04 00:46:02,729 | INFO |    ↳ Status 403
2026-09-04 00:46:02,729 | WARNING |    ⚠ Blocked (403) retry 2
2026-09-04 00:46:02,836 | INFO | 🌐 Session warmed
2026-09-04 00:46:03,307 | INFO | [845/1901] Fetching Katwa (KATW)
2026-09-04 00:46:04,071 | INFO |    ↳ Status 403
2026-09-04 00:46:04,072 | WARNING |    ⚠ Blocked (403) retry 1
2026-09-04 00:46:04,187 | INFO | 🌐 Session warmed
2026-09-04 00:46:05,338 | WARNING | Warmup failed: HTTPSConnectionPool(host='in.bookmyshow.com', port=443): Read timed out. (read timeout=10)
2026-09-04 00:46:05,620 | INFO | [846/1901] Fetching Kavali (KVLI)
2026-09-04 00:46:06,129 | INFO |    ↳ Status 403
2026-09-04 00:46:06,129 | WARNING |    ⚠ Blocked (403) retry 3
2026-09-04 00:46:06,255 | INFO | 🌐 Session warmed
2026-09-04 00:46:06,404 | INFO |    ↳ Status 403
2026-09-04 00:46:06,404 | WARNING |    ⚠ Blocked (403) retry 2
2026-09-04 00:46:06,496 | INFO | 🌐 Session warmed
2026-09-04 00:46:06,974 | INFO |    ↳ Status 403
2026-09-04 00:46:06,974 | WARNING |    ⚠ Blocked (403) retry 1
2026-09-04 00:46:07,073 | INFO | 🌐 Session warmed
2026-09-04 00:46:08,525 | INFO |    ↳ Status 403
2026-09-04 00:46:08,525 | WARNING |    ⚠ Blocked (403) retry 3
2026-09-04 00:46:08,616 | INFO | 🌐 Session warmed
2026-09-04 00:46:09,461 | INFO |    ↳ Status 403
2026-09-04 00:46:09,462 | WARNING |    ⚠ Blocked (403) retry 2
2026-09-04 00:46:09,577 | INFO | 🌐 Session warmed
2026-09-04 00:46:09,719 | INFO |    ↳ Status 403
2026-09-04 00:46:09,719 | WARNING |    ⚠ Blocked (403) retry 3
2026-09-04 00:46:09,818 | INFO | 🌐 Session warmed
2026-09-04 00:46:10,255 | INFO | [847/1901] Fetching Kaveripattinam (KANM)
2026-09-04 00:46:11,487 | INFO |    ↳ Status 403
2026-09-04 00:46:11,487 | WARNING |    ⚠ Blocked (403) retry 1
2026-09-04 00:46:11,599 | INFO | 🌐 Session warmed
2026-09-04 00:46:12,424 | INFO |    ↳ Status 403
2026-09-04 00:46:12,425 | WARNING |    ⚠ Blocked (403) retry 3
2026-09-04 00:46:12,517 | INFO | 🌐 Session warmed
2026-09-04 00:46:12,617 | INFO | [848/1901] Fetching Kaviti (KAVT)
2026-09-04 00:46:13,467 | INFO |    ↳ Status 403
2026-09-04 00:46:13,467 | WARNING |    ⚠ Blocked (403) retry 1
2026-09-04 00:46:13,561 | INFO | 🌐 Session warmed
2026-09-04 00:46:13,661 | INFO |    ↳ Status 403
2026-09-04 00:46:13,661 | WARNING |    ⚠ Blocked (403) retry 2
2026-09-04 00:46:13,769 | INFO | 🌐 Session warmed
2026-09-04 00:46:13,818 | INFO | [849/1901] Fetching Kawardha (KAWA)
2026-09-04 00:46:14,538 | INFO |    ↳ Status 403
2026-09-04 00:46:14,538 | WARNING |    ⚠ Blocked (403) retry 1
2026-09-04 00:46:14,637 | INFO | 🌐 Session warmed
2026-09-04 00:46:15,341 | INFO |    ↳ Status 403
2026-09-04 00:46:15,341 | WARNING |    ⚠ Blocked (403) retry 2
2026-09-04 00:46:15,418 | INFO | 🌐 Session warmed
2026-09-04 00:46:16,518 | INFO | [850/1901] Fetching Kayamkulam (KAYA)
2026-09-04 00:46:16,952 | INFO |    ↳ Status 403
2026-09-04 00:46:16,952 | WARNING |    ⚠ Blocked (403) retry 2
2026-09-04 00:46:17,029 | INFO |    ↳ Status 403
2026-09-04 00:46:17,029 | WARNING |    ⚠ Blocked (403) retry 3
2026-09-04 00:46:17,057 | INFO | 🌐 Session warmed
2026-09-04 00:46:17,121 | INFO | 🌐 Session warmed
2026-09-04 00:46:17,643 | INFO |    ↳ Status 403
2026-09-04 00:46:17,643 | WARNING |    ⚠ Blocked (403) retry 1
2026-09-04 00:46:17,732 | INFO | 🌐 Session warmed
2026-09-04 00:46:18,289 | INFO |    ↳ Status 403
2026-09-04 00:46:18,289 | WARNING |    ⚠ Blocked (403) retry 3
2026-09-04 00:46:18,382 | INFO | 🌐 Session warmed
2026-09-04 00:46:19,825 | INFO |    ↳ Status 403
2026-09-04 00:46:19,826 | WARNING |    ⚠ Blocked (403) retry 3
2026-09-04 00:46:19,943 | INFO | 🌐 Session warmed
2026-09-04 00:46:20,008 | INFO |    ↳ Status 403
2026-09-04 00:46:20,008 | WARNING |    ⚠ Blocked (403) retry 2
2026-09-04 00:46:20,121 | INFO | 🌐 Session warmed
2026-09-04 00:46:21,122 | INFO | [851/1901] Fetching Kazhakkoottam (KAZK)
2026-09-04 00:46:21,861 | INFO |    ↳ Status 403
2026-09-04 00:46:21,861 | WARNING |    ⚠ Blocked (403) retry 1
2026-09-04 00:46:21,953 | INFO | 🌐 Session warmed
2026-09-04 00:46:22,383 | INFO | [852/1901] Fetching Kazipet (KAZI)
2026-09-04 00:46:23,100 | INFO |    ↳ Status 403
2026-09-04 00:46:23,100 | WARNING |    ⚠ Blocked (403) retry 3
2026-09-04 00:46:23,198 | INFO | 🌐 Session warmed
2026-09-04 00:46:23,342 | INFO |    ↳ Status 403
2026-09-04 00:46:23,342 | WARNING |    ⚠ Blocked (403) retry 1
2026-09-04 00:46:23,438 | INFO | 🌐 Session warmed
2026-09-04 00:46:23,701 | INFO |    ↳ Status 403
2026-09-04 00:46:23,701 | WARNING |    ⚠ Blocked (403) retry 2
2026-09-04 00:46:23,784 | INFO | 🌐 Session warmed
2026-09-04 00:46:23,943 | INFO | [853/1901] Fetching Kekri (KEKR)
2026-09-04 00:46:24,613 | INFO |    ↳ Status 403
2026-09-04 00:46:24,613 | WARNING |    ⚠ Blocked (403) retry 1
2026-09-04 00:46:24,707 | INFO | 🌐 Session warmed
2026-09-04 00:46:25,213 | INFO |    ↳ Status 403
2026-09-04 00:46:25,213 | WARNING |    ⚠ Blocked (403) retry 2
2026-09-04 00:46:25,333 | INFO | 🌐 Session warmed
2026-09-04 00:46:26,603 | INFO |    ↳ Status 403
2026-09-04 00:46:26,604 | WARNING |    ⚠ Blocked (403) retry 2
2026-09-04 00:46:26,690 | INFO | 🌐 Session warmed
2026-09-04 00:46:27,017 | INFO |    ↳ Status 403
2026-09-04 00:46:27,017 | WARNING |    ⚠ Blocked (403) retry 3
2026-09-04 00:46:27,128 | INFO | 🌐 Session warmed
2026-09-04 00:46:27,199 | INFO | [854/1901] Fetching Kendrapara (KNDR)
2026-09-04 00:46:28,190 | INFO |    ↳ Status 403
2026-09-04 00:46:28,190 | WARNING |    ⚠ Blocked (403) retry 1
2026-09-04 00:46:28,299 | INFO | 🌐 Session warmed
2026-09-04 00:46:28,758 | INFO |    ↳ Status 403
2026-09-04 00:46:28,759 | WARNING |    ⚠ Blocked (403) retry 3
2026-09-04 00:46:28,878 | INFO | 🌐 Session warmed
2026-09-04 00:46:29,539 | INFO |    ↳ Status 403
2026-09-04 00:46:29,539 | WARNING |    ⚠ Blocked (403) retry 3
2026-09-04 00:46:29,632 | INFO | 🌐 Session warmed
2026-09-04 00:46:30,432 | INFO |    ↳ Status 403
2026-09-04 00:46:30,432 | WARNING |    ⚠ Blocked (403) retry 2
2026-09-04 00:46:30,531 | INFO | 🌐 Session warmed
2026-09-04 00:46:31,128 | INFO | [855/1901] Fetching Keonjhar (KNJH)
2026-09-04 00:46:32,158 | INFO |    ↳ Status 403
2026-09-04 00:46:32,158 | WARNING |    ⚠ Blocked (403) retry 1
2026-09-04 00:46:32,257 | INFO | 🌐 Session warmed
2026-09-04 00:46:32,879 | INFO | [856/1901] Fetching Kesamudram (KESA)
2026-09-04 00:46:33,632 | INFO | [857/1901] Fetching Kesinga (KEGA)
2026-09-04 00:46:33,951 | INFO |    ↳ Status 403
2026-09-04 00:46:33,952 | WARNING |    ⚠ Blocked (403) retry 3
2026-09-04 00:46:33,991 | INFO |    ↳ Status 403
2026-09-04 00:46:33,991 | WARNING |    ⚠ Blocked (403) retry 1
2026-09-04 00:46:34,065 | INFO | 🌐 Session warmed
2026-09-04 00:46:34,090 | INFO | 🌐 Session warmed
2026-09-04 00:46:34,280 | INFO |    ↳ Status 403
2026-09-04 00:46:34,280 | WARNING |    ⚠ Blocked (403) retry 2
2026-09-04 00:46:34,348 | INFO |    ↳ Status 403
2026-09-04 00:46:34,348 | WARNING |    ⚠ Blocked (403) retry 1
2026-09-04 00:46:34,383 | INFO | 🌐 Session warmed
2026-09-04 00:46:34,440 | INFO | 🌐 Session warmed
2026-09-04 00:46:36,457 | INFO |    ↳ Status 403
2026-09-04 00:46:36,457 | WARNING |    ⚠ Blocked (403) retry 2
2026-09-04 00:46:36,571 | INFO | 🌐 Session warmed
2026-09-04 00:46:36,860 | INFO |    ↳ Status 403
2026-09-04 00:46:36,860 | WARNING |    ⚠ Blocked (403) retry 2
2026-09-04 00:46:36,959 | INFO | 🌐 Session warmed
2026-09-04 00:46:37,407 | INFO |    ↳ Status 403
2026-09-04 00:46:37,407 | WARNING |    ⚠ Blocked (403) retry 3
2026-09-04 00:46:37,498 | INFO | 🌐 Session warmed
2026-09-04 00:46:38,065 | INFO | [858/1901] Fetching Kevadia (KEVA)
2026-09-04 00:46:39,294 | INFO |    ↳ Status 403
2026-09-04 00:46:39,294 | WARNING |    ⚠ Blocked (403) retry 1
2026-09-04 00:46:39,394 | INFO | 🌐 Session warmed
2026-09-04 00:46:39,414 | INFO |    ↳ Status 403
2026-09-04 00:46:39,414 | WARNING |    ⚠ Blocked (403) retry 3
2026-09-04 00:46:39,504 | INFO | 🌐 Session warmed
2026-09-04 00:46:39,712 | INFO |    ↳ Status 403
2026-09-04 00:46:39,712 | WARNING |    ⚠ Blocked (403) retry 3
2026-09-04 00:46:39,815 | INFO | 🌐 Session warmed
2026-09-04 00:46:41,434 | INFO |    ↳ Status 403
2026-09-04 00:46:41,434 | WARNING |    ⚠ Blocked (403) retry 2
2026-09-04 00:46:41,498 | INFO | [859/1901] Fetching Khachrod (KHCU)
2026-09-04 00:46:41,529 | INFO | 🌐 Session warmed
2026-09-04 00:46:42,808 | INFO |    ↳ Status 403
2026-09-04 00:46:42,808 | WARNING |    ⚠ Blocked (403) retry 1
2026-09-04 00:46:42,906 | INFO | 🌐 Session warmed
2026-09-04 00:46:43,505 | INFO | [860/1901] Fetching Khadda (KADA)
2026-09-04 00:46:43,816 | INFO | [861/1901] Fetching Khajani (KHAI)
2026-09-04 00:46:44,246 | INFO |    ↳ Status 403
2026-09-04 00:46:44,246 | WARNING |    ⚠ Blocked (403) retry 3
2026-09-04 00:46:44,343 | INFO | 🌐 Session warmed
2026-09-04 00:46:44,874 | INFO |    ↳ Status 403
2026-09-04 00:46:44,875 | WARNING |    ⚠ Blocked (403) retry 1
2026-09-04 00:46:44,878 | INFO |    ↳ Status 403
2026-09-04 00:46:44,878 | WARNING |    ⚠ Blocked (403) retry 1
2026-09-04 00:46:44,978 | INFO | 🌐 Session warmed
2026-09-04 00:46:44,994 | INFO | 🌐 Session warmed
2026-09-04 00:46:45,177 | INFO |    ↳ Status 403
2026-09-04 00:46:45,177 | WARNING |    ⚠ Blocked (403) retry 2
2026-09-04 00:46:45,270 | INFO | 🌐 Session warmed
2026-09-04 00:46:46,902 | INFO |    ↳ Status 403
2026-09-04 00:46:46,902 | WARNING |    ⚠ Blocked (403) retry 2
2026-09-04 00:46:46,996 | INFO | 🌐 Session warmed
2026-09-04 00:46:47,090 | INFO |    ↳ Status 403
2026-09-04 00:46:47,090 | WARNING |    ⚠ Blocked (403) retry 2
2026-09-04 00:46:47,209 | INFO | 🌐 Session warmed
2026-09-04 00:46:48,343 | INFO | [862/1901] Fetching Khajipet (KHAJ)
2026-09-04 00:46:48,443 | INFO |    ↳ Status 403
2026-09-04 00:46:48,443 | WARNING |    ⚠ Blocked (403) retry 3
2026-09-04 00:46:48,540 | INFO | 🌐 Session warmed
2026-09-04 00:46:49,553 | INFO |    ↳ Status 403
2026-09-04 00:46:49,553 | WARNING |    ⚠ Blocked (403) retry 1
2026-09-04 00:46:49,640 | INFO | 🌐 Session warmed
2026-09-04 00:46:50,021 | INFO |    ↳ Status 403
2026-09-04 00:46:50,021 | WARNING |    ⚠ Blocked (403) retry 3
2026-09-04 00:46:50,110 | INFO | 🌐 Session warmed
2026-09-04 00:46:50,172 | INFO |    ↳ Status 403
2026-09-04 00:46:50,173 | WARNING |    ⚠ Blocked (403) retry 3
2026-09-04 00:46:50,289 | INFO | 🌐 Session warmed
2026-09-04 00:46:51,413 | INFO |    ↳ Status 403
2026-09-04 00:46:51,413 | WARNING |    ⚠ Blocked (403) retry 2
2026-09-04 00:46:51,515 | INFO | 🌐 Session warmed
2026-09-04 00:46:52,540 | INFO | [863/1901] Fetching Khajuraho (KHRH)
2026-09-04 00:46:53,557 | INFO |    ↳ Status 403
2026-09-04 00:46:53,557 | WARNING |    ⚠ Blocked (403) retry 1
2026-09-04 00:46:53,657 | INFO | 🌐 Session warmed
2026-09-04 00:46:54,110 | INFO | [864/1901] Fetching Khalilabad (KHBD)
2026-09-04 00:46:54,289 | INFO | [865/1901] Fetching Khambhat (KHBH)
2026-09-04 00:46:54,361 | INFO |    ↳ Status 403
2026-09-04 00:46:54,361 | WARNING |    ⚠ Blocked (403) retry 3
2026-09-04 00:46:54,447 | INFO | 🌐 Session warmed
2026-09-04 00:46:54,838 | INFO |    ↳ Status 403
2026-09-04 00:46:54,838 | WARNING |    ⚠ Blocked (403) retry 1
2026-09-04 00:46:54,935 | INFO | 🌐 Session warmed
2026-09-04 00:46:55,463 | INFO |    ↳ Status 403
2026-09-04 00:46:55,463 | WARNING |    ⚠ Blocked (403) retry 2
2026-09-04 00:46:55,537 | INFO |    ↳ Status 403
2026-09-04 00:46:55,537 | INFO | 🌐 Session warmed
2026-09-04 00:46:55,537 | WARNING |    ⚠ Blocked (403) retry 1
2026-09-04 00:46:55,633 | INFO | 🌐 Session warmed
2026-09-04 00:46:56,579 | INFO |    ↳ Status 403
2026-09-04 00:46:56,580 | WARNING |    ⚠ Blocked (403) retry 2
2026-09-04 00:46:56,677 | INFO | 🌐 Session warmed
2026-09-04 00:46:57,328 | INFO |    ↳ Status 403
2026-09-04 00:46:57,328 | WARNING |    ⚠ Blocked (403) retry 2
2026-09-04 00:46:57,430 | INFO | 🌐 Session warmed
2026-09-04 00:46:58,447 | INFO | [866/1901] Fetching Khamgaon (KHMG)
2026-09-04 00:46:58,550 | INFO |    ↳ Status 403
2026-09-04 00:46:58,550 | WARNING |    ⚠ Blocked (403) retry 3
2026-09-04 00:46:58,653 | INFO | 🌐 Session warmed
2026-09-04 00:46:59,688 | INFO |    ↳ Status 403
2026-09-04 00:46:59,688 | WARNING |    ⚠ Blocked (403) retry 1
2026-09-04 00:46:59,747 | INFO |    ↳ Status 403
2026-09-04 00:46:59,747 | WARNING |    ⚠ Blocked (403) retry 3
2026-09-04 00:46:59,778 | INFO | 🌐 Session warmed
2026-09-04 00:46:59,845 | INFO | 🌐 Session warmed
2026-09-04 00:47:00,098 | INFO |    ↳ Status 403
2026-09-04 00:47:00,098 | WARNING |    ⚠ Blocked (403) retry 3
2026-09-04 00:47:00,183 | INFO | 🌐 Session warmed
2026-09-04 00:47:01,771 | INFO |    ↳ Status 403
2026-09-04 00:47:01,771 | WARNING |    ⚠ Blocked (403) retry 2
2026-09-04 00:47:01,873 | INFO | 🌐 Session warmed
2026-09-04 00:47:02,653 | INFO | [867/1901] Fetching Khammam (KHAM)
2026-09-04 00:47:03,845 | INFO | [868/1901] Fetching Khanapur (KHPR)
2026-09-04 00:47:04,047 | INFO |    ↳ Status 403
2026-09-04 00:47:04,048 | WARNING |    ⚠ Blocked (403) retry 1
2026-09-04 00:47:04,127 | INFO | 🌐 Session warmed
2026-09-04 00:47:04,183 | INFO | [869/1901] Fetching Khandela (KHND)
2026-09-04 00:47:04,862 | INFO |    ↳ Status 403
2026-09-04 00:47:04,863 | WARNING |    ⚠ Blocked (403) retry 3
2026-09-04 00:47:04,975 | INFO | 🌐 Session warmed
2026-09-04 00:47:04,993 | INFO |    ↳ Status 403
2026-09-04 00:47:04,993 | WARNING |    ⚠ Blocked (403) retry 1
2026-09-04 00:47:05,097 | INFO | 🌐 Session warmed
2026-09-04 00:47:05,483 | INFO |    ↳ Status 403
2026-09-04 00:47:05,483 | WARNING |    ⚠ Blocked (403) retry 1
2026-09-04 00:47:05,585 | INFO | 🌐 Session warmed
2026-09-04 00:47:06,074 | INFO |    ↳ Status 403
2026-09-04 00:47:06,074 | WARNING |    ⚠ Blocked (403) retry 2
2026-09-04 00:47:06,170 | INFO | 🌐 Session warmed
2026-09-04 00:47:07,148 | INFO |    ↳ Status 403
2026-09-04 00:47:07,148 | WARNING |    ⚠ Blocked (403) retry 2
2026-09-04 00:47:07,256 | INFO | 🌐 Session warmed
2026-09-04 00:47:07,844 | INFO |    ↳ Status 403
2026-09-04 00:47:07,844 | WARNING |    ⚠ Blocked (403) retry 2
2026-09-04 00:47:07,953 | INFO | 🌐 Session warmed
2026-09-04 00:47:08,902 | INFO |    ↳ Status 403
2026-09-04 00:47:08,902 | WARNING |    ⚠ Blocked (403) retry 3
2026-09-04 00:47:08,975 | INFO | [870/1901] Fetching Khandwa (KHDW)
2026-09-04 00:47:08,992 | INFO | 🌐 Session warmed
2026-09-04 00:47:09,928 | INFO |    ↳ Status 403
2026-09-04 00:47:09,928 | WARNING |    ⚠ Blocked (403) retry 1
2026-09-04 00:47:10,024 | INFO | 🌐 Session warmed
2026-09-04 00:47:10,243 | INFO |    ↳ Status 403
2026-09-04 00:47:10,243 | WARNING |    ⚠ Blocked (403) retry 3
2026-09-04 00:47:10,342 | INFO | 🌐 Session warmed
2026-09-04 00:47:11,135 | INFO |    ↳ Status 403
2026-09-04 00:47:11,135 | WARNING |    ⚠ Blocked (403) retry 3
2026-09-04 00:47:11,229 | INFO | 🌐 Session warmed
2026-09-04 00:47:11,730 | INFO |    ↳ Status 403
2026-09-04 00:47:11,730 | WARNING |    ⚠ Blocked (403) retry 2
2026-09-04 00:47:11,843 | INFO | 🌐 Session warmed
2026-09-04 00:47:12,992 | INFO | [871/1901] Fetching Khanna (KHAN)
2026-09-04 00:47:13,801 | INFO |    ↳ Status 403
2026-09-04 00:47:13,801 | WARNING |    ⚠ Blocked (403) retry 1
2026-09-04 00:47:13,903 | INFO | 🌐 Session warmed
2026-09-04 00:47:14,342 | INFO | [872/1901] Fetching Kharagpur (KGPR)
2026-09-04 00:47:14,818 | INFO |    ↳ Status 403
2026-09-04 00:47:14,818 | WARNING |    ⚠ Blocked (403) retry 3
2026-09-04 00:47:14,911 | INFO | 🌐 Session warmed
2026-09-04 00:47:15,229 | INFO | [873/1901] Fetching Kharghar (KHAG)
2026-09-04 00:47:15,350 | INFO |    ↳ Status 403
2026-09-04 00:47:15,350 | WARNING |    ⚠ Blocked (403) retry 1
2026-09-04 00:47:15,458 | INFO | 🌐 Session warmed
2026-09-04 00:47:15,601 | INFO |    ↳ Status 403
2026-09-04 00:47:15,601 | WARNING |    ⚠ Blocked (403) retry 2
2026-09-04 00:47:15,692 | INFO | 🌐 Session warmed
2026-09-04 00:47:16,153 | INFO |    ↳ Status 403
2026-09-04 00:47:16,153 | WARNING |    ⚠ Blocked (403) retry 1
2026-09-04 00:47:16,272 | INFO | 🌐 Session warmed
2026-09-04 00:47:17,828 | INFO |    ↳ Status 403
2026-09-04 00:47:17,828 | WARNING |    ⚠ Blocked (403) retry 2
2026-09-04 00:47:17,939 | INFO | 🌐 Session warmed
2026-09-04 00:47:18,151 | INFO |    ↳ Status 403
2026-09-04 00:47:18,151 | WARNING |    ⚠ Blocked (403) retry 2
2026-09-04 00:47:18,239 | INFO | 🌐 Session warmed
2026-09-04 00:47:18,779 | INFO |    ↳ Status 403
2026-09-04 00:47:18,779 | WARNING |    ⚠ Blocked (403) retry 3
2026-09-04 00:47:18,877 | INFO | 🌐 Session warmed
2026-09-04 00:47:18,911 | INFO | [874/1901] Fetching Khargone (KHAR)
2026-09-04 00:47:20,002 | INFO |    ↳ Status 403
2026-09-04 00:47:20,002 | WARNING |    ⚠ Blocked (403) retry 1
2026-09-04 00:47:20,094 | INFO | 🌐 Session warmed
2026-09-04 00:47:21,230 | INFO |    ↳ Status 403
2026-09-04 00:47:21,230 | WARNING |    ⚠ Blocked (403) retry 3
2026-09-04 00:47:21,333 | INFO | 🌐 Session warmed
2026-09-04 00:47:21,463 | INFO |    ↳ Status 403
2026-09-04 00:47:21,463 | WARNING |    ⚠ Blocked (403) retry 3
2026-09-04 00:47:21,569 | INFO | 🌐 Session warmed
2026-09-04 00:47:21,815 | INFO |    ↳ Status 403
2026-09-04 00:47:21,815 | WARNING |    ⚠ Blocked (403) retry 2
2026-09-04 00:47:21,919 | INFO | 🌐 Session warmed
2026-09-04 00:47:22,878 | INFO | [875/1901] Fetching Khariar Road (KHRR)
2026-09-04 00:47:24,057 | INFO |    ↳ Status 403
2026-09-04 00:47:24,057 | WARNING |    ⚠ Blocked (403) retry 1
2026-09-04 00:47:24,163 | INFO | 🌐 Session warmed
2026-09-04 00:47:25,099 | INFO |    ↳ Status 403
2026-09-04 00:47:25,099 | WARNING |    ⚠ Blocked (403) retry 3
2026-09-04 00:47:25,205 | INFO | 🌐 Session warmed
2026-09-04 00:47:25,333 | INFO | [876/1901] Fetching Kharsia (KHAS)
2026-09-04 00:47:25,569 | INFO | [877/1901] Fetching Khategaon (KTEG)
2026-09-04 00:47:26,212 | INFO |    ↳ Status 403
2026-09-04 00:47:26,212 | WARNING |    ⚠ Blocked (403) retry 2
2026-09-04 00:47:26,301 | INFO | 🌐 Session warmed
2026-09-04 00:47:26,439 | INFO |    ↳ Status 403
2026-09-04 00:47:26,439 | WARNING |    ⚠ Blocked (403) retry 1
2026-09-04 00:47:26,481 | INFO |    ↳ Status 403
2026-09-04 00:47:26,481 | WARNING |    ⚠ Blocked (403) retry 1
2026-09-04 00:47:26,532 | INFO | 🌐 Session warmed
2026-09-04 00:47:26,579 | INFO | 🌐 Session warmed
2026-09-04 00:47:28,460 | INFO |    ↳ Status 403
2026-09-04 00:47:28,460 | WARNING |    ⚠ Blocked (403) retry 2
2026-09-04 00:47:28,521 | INFO |    ↳ Status 403
2026-09-04 00:47:28,521 | WARNING |    ⚠ Blocked (403) retry 2
2026-09-04 00:47:28,550 | INFO | 🌐 Session warmed
2026-09-04 00:47:28,596 | INFO | 🌐 Session warmed
2026-09-04 00:47:29,205 | INFO | [878/1901] Fetching Khatima (KHTM)
2026-09-04 00:47:29,557 | INFO |    ↳ Status 403
2026-09-04 00:47:29,557 | WARNING |    ⚠ Blocked (403) retry 3
2026-09-04 00:47:29,648 | INFO | 🌐 Session warmed
2026-09-04 00:47:30,239 | INFO |    ↳ Status 403
2026-09-04 00:47:30,239 | WARNING |    ⚠ Blocked (403) retry 1
2026-09-04 00:47:30,344 | INFO | 🌐 Session warmed
2026-09-04 00:47:31,415 | INFO |    ↳ Status 403
2026-09-04 00:47:31,415 | WARNING |    ⚠ Blocked (403) retry 3
2026-09-04 00:47:31,514 | INFO | 🌐 Session warmed
2026-09-04 00:47:31,910 | INFO |    ↳ Status 403
2026-09-04 00:47:31,910 | WARNING |    ⚠ Blocked (403) retry 3
2026-09-04 00:47:32,014 | INFO | 🌐 Session warmed
2026-09-04 00:47:32,756 | INFO |    ↳ Status 403
2026-09-04 00:47:32,756 | WARNING |    ⚠ Blocked (403) retry 2
2026-09-04 00:47:32,854 | INFO | 🌐 Session warmed
2026-09-04 00:47:33,649 | INFO | [879/1901] Fetching Khatta (KHAT)
2026-09-04 00:47:34,926 | INFO |    ↳ Status 403
2026-09-04 00:47:34,926 | WARNING |    ⚠ Blocked (403) retry 1
2026-09-04 00:47:35,013 | INFO | 🌐 Session warmed
2026-09-04 00:47:35,514 | INFO | [880/1901] Fetching Khed (KHED)
2026-09-04 00:47:35,990 | INFO |    ↳ Status 403
2026-09-04 00:47:35,990 | WARNING |    ⚠ Blocked (403) retry 3
2026-09-04 00:47:36,015 | INFO | [881/1901] Fetching Kheda (KHDA)
2026-09-04 00:47:36,073 | INFO | 🌐 Session warmed
2026-09-04 00:47:36,660 | INFO |    ↳ Status 403
2026-09-04 00:47:36,660 | WARNING |    ⚠ Blocked (403) retry 1
2026-09-04 00:47:36,766 | INFO | 🌐 Session warmed
2026-09-04 00:47:37,266 | INFO |    ↳ Status 403
2026-09-04 00:47:37,266 | WARNING |    ⚠ Blocked (403) retry 1
2026-09-04 00:47:37,338 | INFO |    ↳ Status 403
2026-09-04 00:47:37,338 | WARNING |    ⚠ Blocked (403) retry 2
2026-09-04 00:47:37,363 | INFO | 🌐 Session warmed
2026-09-04 00:47:37,445 | INFO | 🌐 Session warmed
2026-09-04 00:47:38,713 | INFO |    ↳ Status 403
2026-09-04 00:47:38,713 | WARNING |    ⚠ Blocked (403) retry 2
2026-09-04 00:47:38,842 | INFO | 🌐 Session warmed
2026-09-04 00:47:39,362 | INFO |    ↳ Status 403
2026-09-04 00:47:39,362 | WARNING |    ⚠ Blocked (403) retry 2
2026-09-04 00:47:39,455 | INFO | 🌐 Session warmed
2026-09-04 00:47:40,073 | INFO | [882/1901] Fetching Khedbrahma (KHMA)
2026-09-04 00:47:40,655 | INFO |    ↳ Status 403
2026-09-04 00:47:40,655 | WARNING |    ⚠ Blocked (403) retry 3
2026-09-04 00:47:40,743 | INFO | 🌐 Session warmed
2026-09-04 00:47:41,287 | INFO |    ↳ Status 403
2026-09-04 00:47:41,287 | WARNING |    ⚠ Blocked (403) retry 1
2026-09-04 00:47:41,378 | INFO | 🌐 Session warmed
2026-09-04 00:47:41,475 | INFO |    ↳ Status 403
2026-09-04 00:47:41,476 | WARNING |    ⚠ Blocked (403) retry 3
2026-09-04 00:47:41,604 | INFO | 🌐 Session warmed
2026-09-04 00:47:42,766 | INFO |    ↳ Status 403
2026-09-04 00:47:42,766 | WARNING |    ⚠ Blocked (403) retry 3
2026-09-04 00:47:42,866 | INFO | 🌐 Session warmed
2026-09-04 00:47:43,167 | INFO |    ↳ Status 403
2026-09-04 00:47:43,167 | WARNING |    ⚠ Blocked (403) retry 2
2026-09-04 00:47:43,271 | INFO | 🌐 Session warmed
2026-09-04 00:47:44,743 | INFO | [883/1901] Fetching Khila (KHIL)
2026-09-04 00:47:45,384 | INFO |    ↳ Status 403
2026-09-04 00:47:45,384 | WARNING |    ⚠ Blocked (403) retry 1
2026-09-04 00:47:45,483 | INFO | 🌐 Session warmed
2026-09-04 00:47:45,605 | INFO | [884/1901] Fetching Khopoli (KHOP)
2026-09-04 00:47:46,651 | INFO |    ↳ Status 403
2026-09-04 00:47:46,651 | WARNING |    ⚠ Blocked (403) retry 3
2026-09-04 00:47:46,753 | INFO | 🌐 Session warmed
2026-09-04 00:47:46,792 | INFO |    ↳ Status 403
2026-09-04 00:47:46,792 | WARNING |    ⚠ Blocked (403) retry 1
2026-09-04 00:47:46,866 | INFO | [885/1901] Fetching Khowai (KHOW)
2026-09-04 00:47:46,889 | INFO | 🌐 Session warmed
2026-09-04 00:47:47,531 | INFO |    ↳ Status 403
2026-09-04 00:47:47,531 | WARNING |    ⚠ Blocked (403) retry 1
2026-09-04 00:47:47,615 | INFO | 🌐 Session warmed
2026-09-04 00:47:47,883 | INFO |    ↳ Status 403
2026-09-04 00:47:47,883 | WARNING |    ⚠ Blocked (403) retry 2
2026-09-04 00:47:47,987 | INFO | 🌐 Session warmed
2026-09-04 00:47:48,537 | INFO |    ↳ Status 403
2026-09-04 00:47:48,537 | WARNING |    ⚠ Blocked (403) retry 2
2026-09-04 00:47:48,626 | INFO | 🌐 Session warmed
2026-09-04 00:47:49,852 | INFO |    ↳ Status 403
2026-09-04 00:47:49,852 | WARNING |    ⚠ Blocked (403) retry 2
2026-09-04 00:47:49,954 | INFO | 🌐 Session warmed
2026-09-04 00:47:50,712 | INFO |    ↳ Status 403
2026-09-04 00:47:50,712 | WARNING |    ⚠ Blocked (403) retry 3
2026-09-04 00:47:50,754 | INFO | [886/1901] Fetching Khurja (KHUR)
2026-09-04 00:47:50,813 | INFO | 🌐 Session warmed
2026-09-04 00:47:51,734 | INFO |    ↳ Status 403
2026-09-04 00:47:51,734 | WARNING |    ⚠ Blocked (403) retry 3
2026-09-04 00:47:51,824 | INFO | 🌐 Session warmed
2026-09-04 00:47:51,935 | INFO |    ↳ Status 403
2026-09-04 00:47:51,935 | WARNING |    ⚠ Blocked (403) retry 1
2026-09-04 00:47:52,041 | INFO | 🌐 Session warmed
2026-09-04 00:47:52,890 | INFO |    ↳ Status 403
2026-09-04 00:47:52,890 | WARNING |    ⚠ Blocked (403) retry 3
2026-09-04 00:47:52,997 | INFO | 🌐 Session warmed
2026-09-04 00:47:53,796 | INFO |    ↳ Status 403
2026-09-04 00:47:53,796 | WARNING |    ⚠ Blocked (403) retry 2
2026-09-04 00:47:53,918 | INFO | 🌐 Session warmed
2026-09-04 00:47:54,814 | INFO | [887/1901] Fetching Kichha (KCHA)
2026-09-04 00:47:55,825 | INFO | [888/1901] Fetching Kim (KIMG)
2026-09-04 00:47:56,144 | INFO |    ↳ Status 403
2026-09-04 00:47:56,144 | WARNING |    ⚠ Blocked (403) retry 1
2026-09-04 00:47:56,259 | INFO | 🌐 Session warmed
2026-09-04 00:47:56,726 | INFO |    ↳ Status 403
2026-09-04 00:47:56,726 | WARNING |    ⚠ Blocked (403) retry 1
2026-09-04 00:47:56,729 | INFO |    ↳ Status 403
2026-09-04 00:47:56,729 | WARNING |    ⚠ Blocked (403) retry 3
2026-09-04 00:47:56,852 | INFO | 🌐 Session warmed
2026-09-04 00:47:56,859 | INFO | 🌐 Session warmed
2026-09-04 00:47:56,998 | INFO | [889/1901] Fetching Kinathukadavu (KIAV)
2026-09-04 00:47:58,039 | INFO |    ↳ Status 403
2026-09-04 00:47:58,040 | WARNING |    ⚠ Blocked (403) retry 1
2026-09-04 00:47:58,140 | INFO | 🌐 Session warmed
2026-09-04 00:47:58,316 | INFO |    ↳ Status 403
2026-09-04 00:47:58,317 | WARNING |    ⚠ Blocked (403) retry 2
2026-09-04 00:47:58,406 | INFO | 🌐 Session warmed
2026-09-04 00:47:59,258 | INFO |    ↳ Status 403
2026-09-04 00:47:59,259 | WARNING |    ⚠ Blocked (403) retry 2
2026-09-04 00:47:59,340 | INFO | 🌐 Session warmed
2026-09-04 00:48:00,319 | INFO |    ↳ Status 403
2026-09-04 00:48:00,319 | WARNING |    ⚠ Blocked (403) retry 2
2026-09-04 00:48:00,418 | INFO | 🌐 Session warmed
2026-09-04 00:48:00,852 | INFO | [890/1901] Fetching Kinnaur (KNRU)
2026-09-04 00:48:01,521 | INFO |    ↳ Status 403
2026-09-04 00:48:01,521 | WARNING |    ⚠ Blocked (403) retry 1
2026-09-04 00:48:01,559 | INFO |    ↳ Status 403
2026-09-04 00:48:01,559 | WARNING |    ⚠ Blocked (403) retry 3
2026-09-04 00:48:01,638 | INFO | 🌐 Session warmed
2026-09-04 00:48:01,678 | INFO | 🌐 Session warmed
2026-09-04 00:48:02,273 | INFO |    ↳ Status 403
2026-09-04 00:48:02,273 | WARNING |    ⚠ Blocked (403) retry 3
2026-09-04 00:48:02,386 | INFO | 🌐 Session warmed
2026-09-04 00:48:03,353 | INFO |    ↳ Status 403
2026-09-04 00:48:03,354 | WARNING |    ⚠ Blocked (403) retry 3
2026-09-04 00:48:03,460 | INFO | 🌐 Session warmed
2026-09-04 00:48:04,005 | INFO |    ↳ Status 403
2026-09-04 00:48:04,005 | WARNING |    ⚠ Blocked (403) retry 2
2026-09-04 00:48:04,093 | INFO | 🌐 Session warmed
2026-09-04 00:48:05,679 | INFO | [891/1901] Fetching Kirlampudi (KIDI)
2026-09-04 00:48:06,386 | INFO | [892/1901] Fetching Kishanganj (KSGJ)
2026-09-04 00:48:06,571 | INFO |    ↳ Status 403
2026-09-04 00:48:06,571 | WARNING |    ⚠ Blocked (403) retry 1
2026-09-04 00:48:06,689 | INFO | 🌐 Session warmed
2026-09-04 00:48:06,827 | INFO |    ↳ Status 403
2026-09-04 00:48:06,828 | WARNING |    ⚠ Blocked (403) retry 3
2026-09-04 00:48:06,951 | INFO | 🌐 Session warmed
2026-09-04 00:48:07,461 | INFO | [893/1901] Fetching Kishangarh (KISH)
2026-09-04 00:48:07,754 | INFO |    ↳ Status 403
2026-09-04 00:48:07,754 | WARNING |    ⚠ Blocked (403) retry 1
2026-09-04 00:48:07,844 | INFO | 🌐 Session warmed
2026-09-04 00:48:08,599 | INFO |    ↳ Status 403
2026-09-04 00:48:08,599 | WARNING |    ⚠ Blocked (403) retry 1
2026-09-04 00:48:08,604 | INFO |    ↳ Status 403
2026-09-04 00:48:08,604 | WARNING |    ⚠ Blocked (403) retry 2
2026-09-04 00:48:08,714 | INFO | 🌐 Session warmed
2026-09-04 00:48:08,730 | INFO | 🌐 Session warmed
2026-09-04 00:48:09,644 | INFO |    ↳ Status 403
2026-09-04 00:48:09,644 | WARNING |    ⚠ Blocked (403) retry 2
2026-09-04 00:48:09,740 | INFO | 🌐 Session warmed
2026-09-04 00:48:10,952 | INFO | [894/1901] Fetching Kodad (KODA)
2026-09-04 00:48:10,960 | INFO |    ↳ Status 403
2026-09-04 00:48:10,960 | WARNING |    ⚠ Blocked (403) retry 2
2026-09-04 00:48:11,053 | INFO | 🌐 Session warmed
2026-09-04 00:48:11,756 | INFO |    ↳ Status 403
2026-09-04 00:48:11,756 | WARNING |    ⚠ Blocked (403) retry 3
2026-09-04 00:48:11,856 | INFO | 🌐 Session warmed
2026-09-04 00:48:11,926 | INFO |    ↳ Status 403
2026-09-04 00:48:11,926 | WARNING |    ⚠ Blocked (403) retry 1
2026-09-04 00:48:12,042 | INFO | 🌐 Session warmed
2026-09-04 00:48:12,515 | INFO |    ↳ Status 403
2026-09-04 00:48:12,515 | WARNING |    ⚠ Blocked (403) retry 3
2026-09-04 00:48:12,626 | INFO | 🌐 Session warmed
2026-09-04 00:48:13,696 | INFO |    ↳ Status 403
2026-09-04 00:48:13,697 | WARNING |    ⚠ Blocked (403) retry 3
2026-09-04 00:48:13,794 | INFO | 🌐 Session warmed
2026-09-04 00:48:14,120 | INFO |    ↳ Status 403
2026-09-04 00:48:14,120 | WARNING |    ⚠ Blocked (403) retry 2
2026-09-04 00:48:14,220 | INFO | 🌐 Session warmed
2026-09-04 00:48:15,856 | INFO | [895/1901] Fetching Kodagu (Coorg) (COOR)
2026-09-04 00:48:16,627 | INFO | [896/1901] Fetching Kodaikanal (KODI)
2026-09-04 00:48:17,199 | INFO |    ↳ Status 403
2026-09-04 00:48:17,199 | WARNING |    ⚠ Blocked (403) retry 3
2026-09-04 00:48:17,280 | INFO |    ↳ Status 403
2026-09-04 00:48:17,280 | WARNING |    ⚠ Blocked (403) retry 1
2026-09-04 00:48:17,326 | INFO | 🌐 Session warmed
2026-09-04 00:48:17,381 | INFO | 🌐 Session warmed
2026-09-04 00:48:17,579 | INFO |    ↳ Status 403
2026-09-04 00:48:17,579 | WARNING |    ⚠ Blocked (403) retry 1
2026-09-04 00:48:17,689 | INFO | 🌐 Session warmed
2026-09-04 00:48:17,794 | INFO | [897/1901] Fetching Kodakara (KDKR)
2026-09-04 00:48:18,953 | INFO |    ↳ Status 403
2026-09-04 00:48:18,953 | WARNING |    ⚠ Blocked (403) retry 1
2026-09-04 00:48:19,057 | INFO | 🌐 Session warmed
2026-09-04 00:48:19,059 | INFO |    ↳ Status 403
2026-09-04 00:48:19,059 | WARNING |    ⚠ Blocked (403) retry 2
2026-09-04 00:48:19,147 | INFO | 🌐 Session warmed
2026-09-04 00:48:19,714 | INFO |    ↳ Status 403
2026-09-04 00:48:19,714 | WARNING |    ⚠ Blocked (403) retry 2
2026-09-04 00:48:19,836 | INFO | 🌐 Session warmed
2026-09-04 00:48:21,109 | INFO |    ↳ Status 403
2026-09-04 00:48:21,109 | WARNING |    ⚠ Blocked (403) retry 2
2026-09-04 00:48:21,217 | INFO | 🌐 Session warmed
2026-09-04 00:48:21,327 | INFO | [898/1901] Fetching Kodaly (KOLY)
2026-09-04 00:48:22,050 | INFO |    ↳ Status 403
2026-09-04 00:48:22,050 | WARNING |    ⚠ Blocked (403) retry 1
2026-09-04 00:48:22,140 | INFO | 🌐 Session warmed
2026-09-04 00:48:22,516 | INFO |    ↳ Status 403
2026-09-04 00:48:22,516 | WARNING |    ⚠ Blocked (403) retry 3
2026-09-04 00:48:22,622 | INFO | 🌐 Session warmed
2026-09-04 00:48:23,136 | INFO |    ↳ Status 403
2026-09-04 00:48:23,136 | WARNING |    ⚠ Blocked (403) retry 3
2026-09-04 00:48:23,225 | INFO | 🌐 Session warmed
2026-09-04 00:48:24,372 | INFO |    ↳ Status 403
2026-09-04 00:48:24,373 | WARNING |    ⚠ Blocked (403) retry 3
2026-09-04 00:48:24,486 | INFO | 🌐 Session warmed
2026-09-04 00:48:24,515 | INFO |    ↳ Status 403
2026-09-04 00:48:24,515 | WARNING |    ⚠ Blocked (403) retry 2
2026-09-04 00:48:24,602 | INFO | 🌐 Session warmed
2026-09-04 00:48:26,622 | INFO | [899/1901] Fetching Koderma (KODZ)
2026-09-04 00:48:27,225 | INFO | [900/1901] Fetching Kodumur (KODM)
2026-09-04 00:48:27,828 | INFO |    ↳ Status 403
2026-09-04 00:48:27,828 | WARNING |    ⚠ Blocked (403) retry 1
2026-09-04 00:48:27,951 | INFO | 🌐 Session warmed
2026-09-04 00:48:27,955 | INFO |    ↳ Status 403
2026-09-04 00:48:27,955 | WARNING |    ⚠ Blocked (403) retry 3
2026-09-04 00:48:28,050 | INFO | 🌐 Session warmed
2026-09-04 00:48:28,486 | INFO | [901/1901] Fetching Kodumuru (KODM)
2026-09-04 00:48:28,492 | INFO |    ↳ Status 403
2026-09-04 00:48:28,492 | WARNING |    ⚠ Blocked (403) retry 1
2026-09-04 00:48:28,593 | INFO | 🌐 Session warmed
2026-09-04 00:48:29,718 | INFO |    ↳ Status 403
2026-09-04 00:48:29,718 | WARNING |    ⚠ Blocked (403) retry 1
2026-09-04 00:48:29,818 | INFO | 🌐 Session warmed
2026-09-04 00:48:29,995 | INFO |    ↳ Status 403
2026-09-04 00:48:29,995 | WARNING |    ⚠ Blocked (403) retry 2
2026-09-04 00:48:30,093 | INFO | 🌐 Session warmed
2026-09-04 00:48:30,765 | INFO |    ↳ Status 403
2026-09-04 00:48:30,765 | WARNING |    ⚠ Blocked (403) retry 2
2026-09-04 00:48:30,864 | INFO | 🌐 Session warmed
2026-09-04 00:48:31,488 | INFO |    ↳ Status 403
2026-09-04 00:48:31,488 | WARNING |    ⚠ Blocked (403) retry 2
2026-09-04 00:48:31,597 | INFO | 🌐 Session warmed
2026-09-04 00:48:32,051 | INFO | [902/1901] Fetching Kodungallur (KODU)
2026-09-04 00:48:33,468 | INFO |    ↳ Status 403
2026-09-04 00:48:33,469 | WARNING |    ⚠ Blocked (403) retry 1
2026-09-04 00:48:33,469 | INFO |    ↳ Status 403
2026-09-04 00:48:33,469 | WARNING |    ⚠ Blocked (403) retry 3
2026-09-04 00:48:33,591 | INFO | 🌐 Session warmed
2026-09-04 00:48:33,599 | INFO | 🌐 Session warmed
2026-09-04 00:48:33,842 | INFO |    ↳ Status 403
2026-09-04 00:48:33,842 | WARNING |    ⚠ Blocked (403) retry 3
2026-09-04 00:48:33,938 | INFO | 🌐 Session warmed
2026-09-04 00:48:34,775 | INFO |    ↳ Status 403
2026-09-04 00:48:34,775 | WARNING |    ⚠ Blocked (403) retry 3
2026-09-04 00:48:34,885 | INFO | 🌐 Session warmed
2026-09-04 00:48:35,855 | INFO |    ↳ Status 403
2026-09-04 00:48:35,855 | WARNING |    ⚠ Blocked (403) retry 2
2026-09-04 00:48:35,966 | INFO | 🌐 Session warmed
2026-09-04 00:48:37,599 | INFO | [903/1901] Fetching Kohima (KOHI)
2026-09-04 00:48:37,939 | INFO | [904/1901] Fetching Koilkuntla (KOIL)
2026-09-04 00:48:38,886 | INFO | [905/1901] Fetching Kokrajhar (KKJR)
2026-09-04 00:48:38,956 | INFO |    ↳ Status 403
2026-09-04 00:48:38,956 | WARNING |    ⚠ Blocked (403) retry 3
2026-09-04 00:48:38,960 | INFO |    ↳ Status 403
2026-09-04 00:48:38,960 | WARNING |    ⚠ Blocked (403) retry 1
2026-09-04 00:48:39,073 | INFO | 🌐 Session warmed
2026-09-04 00:48:39,076 | INFO | 🌐 Session warmed
2026-09-04 00:48:39,303 | INFO |    ↳ Status 403
2026-09-04 00:48:39,303 | WARNING |    ⚠ Blocked (403) retry 1
2026-09-04 00:48:39,401 | INFO | 🌐 Session warmed
2026-09-04 00:48:39,600 | INFO |    ↳ Status 403
2026-09-04 00:48:39,600 | WARNING |    ⚠ Blocked (403) retry 1
2026-09-04 00:48:39,694 | INFO | 🌐 Session warmed
2026-09-04 00:48:40,849 | INFO |    ↳ Status 403
2026-09-04 00:48:40,849 | WARNING |    ⚠ Blocked (403) retry 2
2026-09-04 00:48:40,945 | INFO | 🌐 Session warmed
2026-09-04 00:48:41,774 | INFO |    ↳ Status 403
2026-09-04 00:48:41,774 | WARNING |    ⚠ Blocked (403) retry 2
2026-09-04 00:48:41,880 | INFO | 🌐 Session warmed
2026-09-04 00:48:42,011 | INFO |    ↳ Status 403
2026-09-04 00:48:42,011 | WARNING |    ⚠ Blocked (403) retry 2
2026-09-04 00:48:42,114 | INFO | 🌐 Session warmed
2026-09-04 00:48:43,077 | INFO | [906/1901] Fetching Kolar (OLAR)
2026-09-04 00:48:43,904 | INFO |    ↳ Status 403
2026-09-04 00:48:43,904 | WARNING |    ⚠ Blocked (403) retry 3
2026-09-04 00:48:43,997 | INFO | 🌐 Session warmed
2026-09-04 00:48:44,468 | INFO |    ↳ Status 403
2026-09-04 00:48:44,468 | WARNING |    ⚠ Blocked (403) retry 1
2026-09-04 00:48:44,572 | INFO |    ↳ Status 403
2026-09-04 00:48:44,572 | WARNING |    ⚠ Blocked (403) retry 3
2026-09-04 00:48:44,593 | INFO | 🌐 Session warmed
2026-09-04 00:48:44,667 | INFO | 🌐 Session warmed
2026-09-04 00:48:44,761 | INFO |    ↳ Status 403
2026-09-04 00:48:44,761 | WARNING |    ⚠ Blocked (403) retry 3
2026-09-04 00:48:44,854 | INFO | 🌐 Session warmed
2026-09-04 00:48:46,430 | INFO |    ↳ Status 403
2026-09-04 00:48:46,430 | WARNING |    ⚠ Blocked (403) retry 2
2026-09-04 00:48:46,531 | INFO | 🌐 Session warmed
2026-09-04 00:48:47,998 | INFO | [907/1901] Fetching Kolhapur (KOLH)
2026-09-04 00:48:48,667 | INFO | [908/1901] Fetching Kollam (KOLM)
2026-09-04 00:48:48,743 | INFO |    ↳ Status 403
2026-09-04 00:48:48,743 | WARNING |    ⚠ Blocked (403) retry 1
2026-09-04 00:48:48,854 | INFO | [909/1901] Fetching Kollapur (KOLL)
2026-09-04 00:48:48,889 | INFO | 🌐 Session warmed
2026-09-04 00:48:49,294 | INFO |    ↳ Status 403
2026-09-04 00:48:49,294 | WARNING |    ⚠ Blocked (403) retry 3
2026-09-04 00:48:49,399 | INFO | 🌐 Session warmed
2026-09-04 00:48:49,868 | INFO |    ↳ Status 403
2026-09-04 00:48:49,868 | WARNING |    ⚠ Blocked (403) retry 1
2026-09-04 00:48:49,964 | INFO | 🌐 Session warmed
2026-09-04 00:48:50,138 | INFO |    ↳ Status 403
2026-09-04 00:48:50,139 | WARNING |    ⚠ Blocked (403) retry 1
2026-09-04 00:48:50,230 | INFO | 🌐 Session warmed
2026-09-04 00:48:51,295 | INFO |    ↳ Status 403
2026-09-04 00:48:51,295 | WARNING |    ⚠ Blocked (403) retry 2
2026-09-04 00:48:51,388 | INFO | 🌐 Session warmed
2026-09-04 00:48:52,361 | INFO |    ↳ Status 403
2026-09-04 00:48:52,361 | WARNING |    ⚠ Blocked (403) retry 2
2026-09-04 00:48:52,453 | INFO | 🌐 Session warmed
2026-09-04 00:48:52,685 | INFO |    ↳ Status 403
2026-09-04 00:48:52,685 | WARNING |    ⚠ Blocked (403) retry 2
2026-09-04 00:48:52,781 | INFO | 🌐 Session warmed
2026-09-04 00:48:53,399 | INFO | [910/1901] Fetching Kollengode (KOLE)
2026-09-04 00:48:54,124 | INFO |    ↳ Status 403
2026-09-04 00:48:54,124 | WARNING |    ⚠ Blocked (403) retry 1
2026-09-04 00:48:54,221 | INFO | 🌐 Session warmed
2026-09-04 00:48:54,333 | INFO |    ↳ Status 403
2026-09-04 00:48:54,333 | WARNING |    ⚠ Blocked (403) retry 3
2026-09-04 00:48:54,432 | INFO | 🌐 Session warmed
2026-09-04 00:48:55,357 | INFO |    ↳ Status 403
2026-09-04 00:48:55,357 | WARNING |    ⚠ Blocked (403) retry 3
2026-09-04 00:48:55,460 | INFO | 🌐 Session warmed
2026-09-04 00:48:55,776 | INFO |    ↳ Status 403
2026-09-04 00:48:55,777 | WARNING |    ⚠ Blocked (403) retry 3
2026-09-04 00:48:55,898 | INFO | 🌐 Session warmed
2026-09-04 00:48:56,093 | INFO |    ↳ Status 403
2026-09-04 00:48:56,093 | WARNING |    ⚠ Blocked (403) retry 2
2026-09-04 00:48:56,204 | INFO | 🌐 Session warmed
2026-09-04 00:48:58,433 | INFO | [911/1901] Fetching Komarapalayam (KOMA)
2026-09-04 00:48:59,207 | INFO |    ↳ Status 403
2026-09-04 00:48:59,207 | WARNING |    ⚠ Blocked (403) retry 3
2026-09-04 00:48:59,310 | INFO | 🌐 Session warmed
2026-09-04 00:48:59,460 | INFO | [912/1901] Fetching Kommugudem (KOMG)
2026-09-04 00:48:59,764 | INFO |    ↳ Status 403
2026-09-04 00:48:59,764 | WARNING |    ⚠ Blocked (403) retry 1
2026-09-04 00:48:59,863 | INFO | 🌐 Session warmed
2026-09-04 00:48:59,898 | INFO | [913/1901] Fetching Kondagaon (KNGN)
2026-09-04 00:49:00,153 | INFO |    ↳ Status 403
2026-09-04 00:49:00,153 | WARNING |    ⚠ Blocked (403) retry 1
2026-09-04 00:49:00,254 | INFO | 🌐 Session warmed
2026-09-04 00:49:00,860 | INFO |    ↳ Status 403
2026-09-04 00:49:00,860 | WARNING |    ⚠ Blocked (403) retry 1
2026-09-04 00:49:00,968 | INFO | 🌐 Session warmed
2026-09-04 00:49:02,128 | INFO |    ↳ Status 403
2026-09-04 00:49:02,128 | WARNING |    ⚠ Blocked (403) retry 2
2026-09-04 00:49:02,215 | INFO |    ↳ Status 403
2026-09-04 00:49:02,216 | WARNING |    ⚠ Blocked (403) retry 2
2026-09-04 00:49:02,220 | INFO | 🌐 Session warmed
2026-09-04 00:49:02,312 | INFO | 🌐 Session warmed
2026-09-04 00:49:03,198 | INFO |    ↳ Status 403
2026-09-04 00:49:03,198 | WARNING |    ⚠ Blocked (403) retry 2
2026-09-04 00:49:03,310 | INFO | [914/1901] Fetching Kondlahalli (KNAI)
2026-09-04 00:49:03,326 | INFO | 🌐 Session warmed
2026-09-04 00:49:04,636 | INFO |    ↳ Status 403
2026-09-04 00:49:04,636 | WARNING |    ⚠ Blocked (403) retry 1
2026-09-04 00:49:04,748 | INFO | 🌐 Session warmed
2026-09-04 00:49:05,145 | INFO |    ↳ Status 403
2026-09-04 00:49:05,145 | WARNING |    ⚠ Blocked (403) retry 3
2026-09-04 00:49:05,256 | INFO |    ↳ Status 403
2026-09-04 00:49:05,256 | INFO | 🌐 Session warmed
2026-09-04 00:49:05,256 | WARNING |    ⚠ Blocked (403) retry 3
2026-09-04 00:49:05,350 | INFO | 🌐 Session warmed
2026-09-04 00:49:06,449 | INFO |    ↳ Status 403
2026-09-04 00:49:06,449 | WARNING |    ⚠ Blocked (403) retry 2
2026-09-04 00:49:06,500 | INFO |    ↳ Status 403
2026-09-04 00:49:06,500 | WARNING |    ⚠ Blocked (403) retry 3
2026-09-04 00:49:06,549 | INFO | 🌐 Session warmed
2026-09-04 00:49:06,608 | INFO | 🌐 Session warmed
2026-09-04 00:49:09,183 | INFO |    ↳ Status 403
2026-09-04 00:49:09,183 | WARNING |    ⚠ Blocked (403) retry 3
2026-09-04 00:49:09,257 | INFO | [915/1901] Fetching Konithiwada (KNTH)
2026-09-04 00:49:09,281 | INFO | 🌐 Session warmed
2026-09-04 00:49:09,350 | INFO | [916/1901] Fetching Konni (KONI)
2026-09-04 00:49:10,092 | INFO |    ↳ Status 403
2026-09-04 00:49:10,093 | WARNING |    ⚠ Blocked (403) retry 1
2026-09-04 00:49:10,186 | INFO | 🌐 Session warmed
2026-09-04 00:49:10,609 | INFO | [917/1901] Fetching Koothattukulam (KTTM)
2026-09-04 00:49:10,778 | INFO |    ↳ Status 403
2026-09-04 00:49:10,778 | WARNING |    ⚠ Blocked (403) retry 1
2026-09-04 00:49:10,869 | INFO | 🌐 Session warmed
2026-09-04 00:49:11,270 | INFO |    ↳ Status 403
2026-09-04 00:49:11,271 | WARNING |    ⚠ Blocked (403) retry 1
2026-09-04 00:49:11,378 | INFO | 🌐 Session warmed
2026-09-04 00:49:12,458 | INFO |    ↳ Status 403
2026-09-04 00:49:12,458 | WARNING |    ⚠ Blocked (403) retry 2
2026-09-04 00:49:12,546 | INFO | 🌐 Session warmed
2026-09-04 00:49:12,811 | INFO |    ↳ Status 403
2026-09-04 00:49:12,811 | WARNING |    ⚠ Blocked (403) retry 2
2026-09-04 00:49:12,910 | INFO | 🌐 Session warmed
2026-09-04 00:49:13,281 | INFO | [918/1901] Fetching Kopargaon (KOPG)
2026-09-04 00:49:13,410 | INFO |    ↳ Status 403
2026-09-04 00:49:13,410 | WARNING |    ⚠ Blocked (403) retry 2
2026-09-04 00:49:13,501 | INFO | 🌐 Session warmed
2026-09-04 00:49:13,986 | INFO |    ↳ Status 403
2026-09-04 00:49:13,986 | WARNING |    ⚠ Blocked (403) retry 1
2026-09-04 00:49:14,073 | INFO | 🌐 Session warmed
2026-09-04 00:49:15,530 | INFO |    ↳ Status 403
2026-09-04 00:49:15,530 | WARNING |    ⚠ Blocked (403) retry 3
2026-09-04 00:49:15,583 | INFO |    ↳ Status 403
2026-09-04 00:49:15,583 | WARNING |    ⚠ Blocked (403) retry 3
2026-09-04 00:49:15,623 | INFO | 🌐 Session warmed
2026-09-04 00:49:15,684 | INFO | 🌐 Session warmed
2026-09-04 00:49:15,803 | INFO |    ↳ Status 403
2026-09-04 00:49:15,803 | WARNING |    ⚠ Blocked (403) retry 2
2026-09-04 00:49:15,920 | INFO | 🌐 Session warmed
2026-09-04 00:49:16,754 | INFO |    ↳ Status 403
2026-09-04 00:49:16,754 | WARNING |    ⚠ Blocked (403) retry 3
2026-09-04 00:49:16,854 | INFO | 🌐 Session warmed
2026-09-04 00:49:18,599 | INFO |    ↳ Status 403
2026-09-04 00:49:18,599 | WARNING |    ⚠ Blocked (403) retry 3
2026-09-04 00:49:18,697 | INFO | 🌐 Session warmed
2026-09-04 00:49:19,623 | INFO | [919/1901] Fetching Koppam (KOPP)
2026-09-04 00:49:19,684 | INFO | [920/1901] Fetching Koraput (KOPT)
2026-09-04 00:49:20,803 | INFO |    ↳ Status 403
2026-09-04 00:49:20,803 | WARNING |    ⚠ Blocked (403) retry 1
2026-09-04 00:49:20,855 | INFO | [921/1901] Fetching Koratagere (ORAG)
2026-09-04 00:49:20,893 | INFO | 🌐 Session warmed
2026-09-04 00:49:21,064 | INFO |    ↳ Status 403
2026-09-04 00:49:21,064 | WARNING |    ⚠ Blocked (403) retry 1
2026-09-04 00:49:21,170 | INFO | 🌐 Session warmed
2026-09-04 00:49:21,702 | INFO |    ↳ Status 403
2026-09-04 00:49:21,702 | WARNING |    ⚠ Blocked (403) retry 1
2026-09-04 00:49:21,808 | INFO | 🌐 Session warmed
2026-09-04 00:49:22,540 | INFO |    ↳ Status 403
2026-09-04 00:49:22,540 | WARNING |    ⚠ Blocked (403) retry 2
2026-09-04 00:49:22,652 | INFO | 🌐 Session warmed
2026-09-04 00:49:22,697 | INFO | [922/1901] Fetching Korba (KRBA)
2026-09-04 00:49:23,000 | INFO |    ↳ Status 403
2026-09-04 00:49:23,000 | WARNING |    ⚠ Blocked (403) retry 2
2026-09-04 00:49:23,097 | INFO | 🌐 Session warmed
2026-09-04 00:49:23,542 | INFO |    ↳ Status 403
2026-09-04 00:49:23,542 | WARNING |    ⚠ Blocked (403) retry 2
2026-09-04 00:49:23,635 | INFO | 🌐 Session warmed
2026-09-04 00:49:23,974 | INFO |    ↳ Status 403
2026-09-04 00:49:23,974 | WARNING |    ⚠ Blocked (403) retry 1
2026-09-04 00:49:24,085 | INFO | 🌐 Session warmed
2026-09-04 00:49:25,795 | INFO |    ↳ Status 403
2026-09-04 00:49:25,795 | WARNING |    ⚠ Blocked (403) retry 3
2026-09-04 00:49:25,906 | INFO | 🌐 Session warmed
2026-09-04 00:49:26,078 | INFO |    ↳ Status 403
2026-09-04 00:49:26,078 | WARNING |    ⚠ Blocked (403) retry 3
2026-09-04 00:49:26,125 | INFO |    ↳ Status 403
2026-09-04 00:49:26,125 | WARNING |    ⚠ Blocked (403) retry 2
2026-09-04 00:49:26,197 | INFO | 🌐 Session warmed
2026-09-04 00:49:26,225 | INFO | 🌐 Session warmed
2026-09-04 00:49:26,387 | INFO |    ↳ Status 403
2026-09-04 00:49:26,387 | WARNING |    ⚠ Blocked (403) retry 3
2026-09-04 00:49:26,480 | INFO | 🌐 Session warmed
2026-09-04 00:49:29,588 | INFO |    ↳ Status 403
2026-09-04 00:49:29,588 | WARNING |    ⚠ Blocked (403) retry 3
2026-09-04 00:49:29,688 | INFO | 🌐 Session warmed
2026-09-04 00:49:29,907 | INFO | [923/1901] Fetching Korutla (KCKA)
2026-09-04 00:49:30,198 | INFO | [924/1901] Fetching Korwa (KORW)
2026-09-04 00:49:30,481 | INFO | [925/1901] Fetching Kosamba (KOSA)
2026-09-04 00:49:31,103 | INFO |    ↳ Status 403
2026-09-04 00:49:31,103 | WARNING |    ⚠ Blocked (403) retry 1
2026-09-04 00:49:31,238 | INFO | 🌐 Session warmed
2026-09-04 00:49:31,273 | INFO |    ↳ Status 403
2026-09-04 00:49:31,273 | WARNING |    ⚠ Blocked (403) retry 1
2026-09-04 00:49:31,377 | INFO | 🌐 Session warmed
2026-09-04 00:49:31,631 | INFO |    ↳ Status 403
2026-09-04 00:49:31,631 | WARNING |    ⚠ Blocked (403) retry 1
2026-09-04 00:49:31,727 | INFO | 🌐 Session warmed
2026-09-04 00:49:32,974 | INFO |    ↳ Status 403
2026-09-04 00:49:32,974 | WARNING |    ⚠ Blocked (403) retry 2
2026-09-04 00:49:33,065 | INFO | 🌐 Session warmed
2026-09-04 00:49:33,623 | INFO |    ↳ Status 403
2026-09-04 00:49:33,623 | WARNING |    ⚠ Blocked (403) retry 2
2026-09-04 00:49:33,689 | INFO | [926/1901] Fetching Kosgi (KOSG)
2026-09-04 00:49:33,719 | INFO | 🌐 Session warmed
2026-09-04 00:49:33,819 | INFO |    ↳ Status 403
2026-09-04 00:49:33,819 | WARNING |    ⚠ Blocked (403) retry 2
2026-09-04 00:49:33,916 | INFO | 🌐 Session warmed
2026-09-04 00:49:35,006 | INFO |    ↳ Status 403
2026-09-04 00:49:35,006 | WARNING |    ⚠ Blocked (403) retry 1
2026-09-04 00:49:35,109 | INFO | 🌐 Session warmed
2026-09-04 00:49:36,356 | INFO |    ↳ Status 403
2026-09-04 00:49:36,356 | WARNING |    ⚠ Blocked (403) retry 3
2026-09-04 00:49:36,444 | INFO | 🌐 Session warmed
2026-09-04 00:49:36,810 | INFO |    ↳ Status 403
2026-09-04 00:49:36,810 | WARNING |    ⚠ Blocked (403) retry 2
2026-09-04 00:49:36,909 | INFO | 🌐 Session warmed
2026-09-04 00:49:36,983 | INFO |    ↳ Status 403
2026-09-04 00:49:36,984 | WARNING |    ⚠ Blocked (403) retry 3
2026-09-04 00:49:37,079 | INFO | 🌐 Session warmed
2026-09-04 00:49:37,195 | INFO |    ↳ Status 403
2026-09-04 00:49:37,195 | WARNING |    ⚠ Blocked (403) retry 3
2026-09-04 00:49:37,279 | INFO | 🌐 Session warmed
2026-09-04 00:49:39,805 | INFO |    ↳ Status 403
2026-09-04 00:49:39,805 | WARNING |    ⚠ Blocked (403) retry 3
2026-09-04 00:49:39,896 | INFO | 🌐 Session warmed
2026-09-04 00:49:40,444 | INFO | [927/1901] Fetching Kota (KOTA)
2026-09-04 00:49:41,080 | INFO | [928/1901] Fetching Kota (AP) (KOAN)
2026-09-04 00:49:41,280 | INFO | [929/1901] Fetching Kotabommali (KTAB)
2026-09-04 00:49:41,454 | INFO |    ↳ Status 403
2026-09-04 00:49:41,455 | WARNING |    ⚠ Blocked (403) retry 1
2026-09-04 00:49:41,544 | INFO | 🌐 Session warmed
2026-09-04 00:49:42,175 | INFO |    ↳ Status 403
2026-09-04 00:49:42,175 | WARNING |    ⚠ Blocked (403) retry 1
2026-09-04 00:49:42,264 | INFO | 🌐 Session warmed
2026-09-04 00:49:42,272 | INFO |    ↳ Status 403
2026-09-04 00:49:42,272 | WARNING |    ⚠ Blocked (403) retry 1
2026-09-04 00:49:42,362 | INFO | 🌐 Session warmed
2026-09-04 00:49:43,667 | INFO |    ↳ Status 403
2026-09-04 00:49:43,667 | WARNING |    ⚠ Blocked (403) retry 2
2026-09-04 00:49:43,759 | INFO | 🌐 Session warmed
2026-09-04 00:49:43,897 | INFO | [930/1901] Fetching Kotananduru (KTND)
2026-09-04 00:49:44,253 | INFO |    ↳ Status 403
2026-09-04 00:49:44,253 | WARNING |    ⚠ Blocked (403) retry 2
2026-09-04 00:49:44,369 | INFO | 🌐 Session warmed
2026-09-04 00:49:44,704 | INFO |    ↳ Status 403
2026-09-04 00:49:44,704 | WARNING |    ⚠ Blocked (403) retry 2
2026-09-04 00:49:44,746 | INFO |    ↳ Status 403
2026-09-04 00:49:44,746 | WARNING |    ⚠ Blocked (403) retry 1
2026-09-04 00:49:44,821 | INFO | 🌐 Session warmed
2026-09-04 00:49:44,855 | INFO | 🌐 Session warmed
2026-09-04 00:49:47,020 | INFO |    ↳ Status 403
2026-09-04 00:49:47,020 | WARNING |    ⚠ Blocked (403) retry 2
2026-09-04 00:49:47,077 | INFO |    ↳ Status 403
2026-09-04 00:49:47,077 | WARNING |    ⚠ Blocked (403) retry 3
2026-09-04 00:49:47,112 | INFO | 🌐 Session warmed
2026-09-04 00:49:47,182 | INFO | 🌐 Session warmed
2026-09-04 00:49:47,537 | INFO |    ↳ Status 403
2026-09-04 00:49:47,537 | WARNING |    ⚠ Blocked (403) retry 3
2026-09-04 00:49:47,563 | INFO |    ↳ Status 403
2026-09-04 00:49:47,563 | WARNING |    ⚠ Blocked (403) retry 3
2026-09-04 00:49:47,650 | INFO | 🌐 Session warmed
2026-09-04 00:49:47,656 | INFO | 🌐 Session warmed
2026-09-04 00:49:50,118 | INFO |    ↳ Status 403
2026-09-04 00:49:50,118 | WARNING |    ⚠ Blocked (403) retry 3
2026-09-04 00:49:50,225 | INFO | 🌐 Session warmed
2026-09-04 00:49:51,182 | INFO | [931/1901] Fetching Kotdwara (KOTD)
2026-09-04 00:49:51,650 | INFO | [932/1901] Fetching Kothacheruvu (KTCR)
2026-09-04 00:49:51,656 | INFO | [933/1901] Fetching Kothagudem (KTGM)
2026-09-04 00:49:52,340 | INFO |    ↳ Status 403
2026-09-04 00:49:52,340 | WARNING |    ⚠ Blocked (403) retry 1
2026-09-04 00:49:52,430 | INFO |    ↳ Status 403
2026-09-04 00:49:52,430 | WARNING |    ⚠ Blocked (403) retry 1
2026-09-04 00:49:52,465 | INFO | 🌐 Session warmed
2026-09-04 00:49:52,549 | INFO | 🌐 Session warmed
2026-09-04 00:49:52,787 | INFO |    ↳ Status 403
2026-09-04 00:49:52,787 | WARNING |    ⚠ Blocked (403) retry 1
2026-09-04 00:49:52,883 | INFO | 🌐 Session warmed
2026-09-04 00:49:54,226 | INFO | [934/1901] Fetching Kothakota (KOTL)
2026-09-04 00:49:54,308 | INFO |    ↳ Status 403
2026-09-04 00:49:54,309 | WARNING |    ⚠ Blocked (403) retry 2
2026-09-04 00:49:54,419 | INFO | 🌐 Session warmed
2026-09-04 00:49:54,799 | INFO |    ↳ Status 403
2026-09-04 00:49:54,799 | WARNING |    ⚠ Blocked (403) retry 2
2026-09-04 00:49:54,821 | INFO |    ↳ Status 403
2026-09-04 00:49:54,821 | WARNING |    ⚠ Blocked (403) retry 2
2026-09-04 00:49:54,897 | INFO | 🌐 Session warmed
2026-09-04 00:49:54,917 | INFO | 🌐 Session warmed
2026-09-04 00:49:55,553 | INFO |    ↳ Status 403
2026-09-04 00:49:55,553 | WARNING |    ⚠ Blocked (403) retry 1
2026-09-04 00:49:55,676 | INFO | 🌐 Session warmed
2026-09-04 00:49:57,304 | INFO |    ↳ Status 403
2026-09-04 00:49:57,304 | WARNING |    ⚠ Blocked (403) retry 3
2026-09-04 00:49:57,416 | INFO | 🌐 Session warmed
2026-09-04 00:49:57,655 | INFO |    ↳ Status 403
2026-09-04 00:49:57,656 | WARNING |    ⚠ Blocked (403) retry 2
2026-09-04 00:49:57,760 | INFO | 🌐 Session warmed
2026-09-04 00:49:57,777 | INFO |    ↳ Status 403
2026-09-04 00:49:57,777 | WARNING |    ⚠ Blocked (403) retry 3
2026-09-04 00:49:57,794 | INFO |    ↳ Status 403
2026-09-04 00:49:57,794 | WARNING |    ⚠ Blocked (403) retry 3
2026-09-04 00:49:57,902 | INFO | 🌐 Session warmed
2026-09-04 00:49:57,903 | INFO | 🌐 Session warmed
2026-09-04 00:50:01,047 | INFO |    ↳ Status 403
2026-09-04 00:50:01,047 | WARNING |    ⚠ Blocked (403) retry 3
2026-09-04 00:50:01,176 | INFO | 🌐 Session warmed
2026-09-04 00:50:01,416 | INFO | [935/1901] Fetching Kothamangalam (KTMM)
2026-09-04 00:50:01,903 | INFO | [936/1901] Fetching Kothapalli (KOTC)
2026-09-04 00:50:01,903 | INFO | [937/1901] Fetching Kothapeta (KTPE)
2026-09-04 00:50:02,385 | INFO |    ↳ Status 403
2026-09-04 00:50:02,386 | WARNING |    ⚠ Blocked (403) retry 1
2026-09-04 00:50:02,478 | INFO | 🌐 Session warmed
2026-09-04 00:50:02,960 | INFO |    ↳ Status 403
2026-09-04 00:50:02,960 | WARNING |    ⚠ Blocked (403) retry 1
2026-09-04 00:50:03,054 | INFO | 🌐 Session warmed
2026-09-04 00:50:03,079 | INFO |    ↳ Status 403
2026-09-04 00:50:03,079 | WARNING |    ⚠ Blocked (403) retry 1
2026-09-04 00:50:03,190 | INFO | 🌐 Session warmed
2026-09-04 00:50:04,480 | INFO |    ↳ Status 403
2026-09-04 00:50:04,480 | WARNING |    ⚠ Blocked (403) retry 2
2026-09-04 00:50:04,585 | INFO | 🌐 Session warmed
2026-09-04 00:50:04,812 | INFO |    ↳ Status 403
2026-09-04 00:50:04,812 | WARNING |    ⚠ Blocked (403) retry 2
2026-09-04 00:50:04,906 | INFO | 🌐 Session warmed
2026-09-04 00:50:04,985 | INFO |    ↳ Status 403
2026-09-04 00:50:04,985 | WARNING |    ⚠ Blocked (403) retry 2
2026-09-04 00:50:05,084 | INFO | 🌐 Session warmed
2026-09-04 00:50:05,177 | INFO | [938/1901] Fetching Kothavalasa (KTVL)
2026-09-04 00:50:06,040 | INFO |    ↳ Status 403
2026-09-04 00:50:06,040 | WARNING |    ⚠ Blocked (403) retry 1
2026-09-04 00:50:06,146 | INFO | 🌐 Session warmed
2026-09-04 00:50:07,580 | INFO |    ↳ Status 403
2026-09-04 00:50:07,581 | WARNING |    ⚠ Blocked (403) retry 3
2026-09-04 00:50:07,672 | INFO | 🌐 Session warmed
2026-09-04 00:50:07,877 | INFO |    ↳ Status 403
2026-09-04 00:50:07,877 | WARNING |    ⚠ Blocked (403) retry 3
2026-09-04 00:50:07,976 | INFO | 🌐 Session warmed
2026-09-04 00:50:08,017 | INFO |    ↳ Status 403
2026-09-04 00:50:08,017 | WARNING |    ⚠ Blocked (403) retry 2
2026-09-04 00:50:08,122 | INFO | 🌐 Session warmed
2026-09-04 00:50:08,186 | INFO |    ↳ Status 403
2026-09-04 00:50:08,186 | WARNING |    ⚠ Blocked (403) retry 3
2026-09-04 00:50:08,283 | INFO | 🌐 Session warmed
2026-09-04 00:50:10,768 | INFO |    ↳ Status 403
2026-09-04 00:50:10,768 | WARNING |    ⚠ Blocked (403) retry 3
2026-09-04 00:50:10,865 | INFO | 🌐 Session warmed
2026-09-04 00:50:11,672 | INFO | [939/1901] Fetching Kotkapura (KOTK)
2026-09-04 00:50:11,977 | INFO | [940/1901] Fetching Kotma (KOTM)
2026-09-04 00:50:12,284 | INFO | [941/1901] Fetching Kotpad (KTPD)
2026-09-04 00:50:12,447 | INFO |    ↳ Status 403
2026-09-04 00:50:12,447 | WARNING |    ⚠ Blocked (403) retry 1
2026-09-04 00:50:12,543 | INFO | 🌐 Session warmed
2026-09-04 00:50:12,943 | INFO |    ↳ Status 403
2026-09-04 00:50:12,944 | WARNING |    ⚠ Blocked (403) retry 1
2026-09-04 00:50:13,055 | INFO | 🌐 Session warmed
2026-09-04 00:50:13,616 | INFO |    ↳ Status 403
2026-09-04 00:50:13,616 | WARNING |    ⚠ Blocked (403) retry 1
2026-09-04 00:50:13,706 | INFO | 🌐 Session warmed
2026-09-04 00:50:14,859 | INFO |    ↳ Status 403
2026-09-04 00:50:14,859 | WARNING |    ⚠ Blocked (403) retry 2
2026-09-04 00:50:14,865 | INFO | [942/1901] Fetching Kotputli (KPLI)
2026-09-04 00:50:14,954 | INFO |    ↳ Status 403
2026-09-04 00:50:14,954 | WARNING |    ⚠ Blocked (403) retry 2
2026-09-04 00:50:14,990 | INFO | 🌐 Session warmed
2026-09-04 00:50:15,054 | INFO | 🌐 Session warmed
2026-09-04 00:50:15,656 | INFO |    ↳ Status 403
2026-09-04 00:50:15,656 | WARNING |    ⚠ Blocked (403) retry 1
2026-09-04 00:50:15,770 | INFO | 🌐 Session warmed
2026-09-04 00:50:15,862 | INFO |    ↳ Status 403
2026-09-04 00:50:15,862 | WARNING |    ⚠ Blocked (403) retry 2
2026-09-04 00:50:15,954 | INFO | 🌐 Session warmed
2026-09-04 00:50:17,759 | INFO |    ↳ Status 403
2026-09-04 00:50:17,759 | WARNING |    ⚠ Blocked (403) retry 2
2026-09-04 00:50:17,759 | INFO |    ↳ Status 403
2026-09-04 00:50:17,760 | WARNING |    ⚠ Blocked (403) retry 3
2026-09-04 00:50:17,862 | INFO | 🌐 Session warmed
2026-09-04 00:50:17,894 | INFO | 🌐 Session warmed
2026-09-04 00:50:18,178 | INFO |    ↳ Status 403
2026-09-04 00:50:18,178 | WARNING |    ⚠ Blocked (403) retry 3
2026-09-04 00:50:18,280 | INFO | 🌐 Session warmed
2026-09-04 00:50:18,872 | INFO |    ↳ Status 403
2026-09-04 00:50:18,872 | WARNING |    ⚠ Blocked (403) retry 3
2026-09-04 00:50:18,980 | INFO | 🌐 Session warmed
2026-09-04 00:50:20,559 | INFO |    ↳ Status 403
2026-09-04 00:50:20,559 | WARNING |    ⚠ Blocked (403) retry 3
2026-09-04 00:50:20,660 | INFO | 🌐 Session warmed
2026-09-04 00:50:21,894 | INFO | [943/1901] Fetching Kottakkal (KOKK)
2026-09-04 00:50:22,281 | INFO | [944/1901] Fetching Kottayam (KTYM)
2026-09-04 00:50:22,981 | INFO | [945/1901] Fetching Kottayi (KOTT)
2026-09-04 00:50:23,288 | INFO |    ↳ Status 403
2026-09-04 00:50:23,288 | WARNING |    ⚠ Blocked (403) retry 1
2026-09-04 00:50:23,300 | INFO |    ↳ Status 403
2026-09-04 00:50:23,300 | WARNING |    ⚠ Blocked (403) retry 1
2026-09-04 00:50:23,408 | INFO | 🌐 Session warmed
2026-09-04 00:50:23,410 | INFO | 🌐 Session warmed
2026-09-04 00:50:24,106 | INFO |    ↳ Status 403
2026-09-04 00:50:24,106 | WARNING |    ⚠ Blocked (403) retry 1
2026-09-04 00:50:24,213 | INFO | 🌐 Session warmed
2026-09-04 00:50:24,661 | INFO | [946/1901] Fetching Kottiyam (KTTY)
2026-09-04 00:50:25,226 | INFO |    ↳ Status 403
2026-09-04 00:50:25,226 | WARNING |    ⚠ Blocked (403) retry 2
2026-09-04 00:50:25,336 | INFO | 🌐 Session warmed
2026-09-04 00:50:25,351 | INFO |    ↳ Status 403
2026-09-04 00:50:25,351 | WARNING |    ⚠ Blocked (403) retry 1
2026-09-04 00:50:25,443 | INFO | 🌐 Session warmed
2026-09-04 00:50:25,536 | INFO |    ↳ Status 403
2026-09-04 00:50:25,536 | WARNING |    ⚠ Blocked (403) retry 2
2026-09-04 00:50:25,633 | INFO | 🌐 Session warmed
2026-09-04 00:50:26,082 | INFO |    ↳ Status 403
2026-09-04 00:50:26,082 | WARNING |    ⚠ Blocked (403) retry 2
2026-09-04 00:50:26,170 | INFO | 🌐 Session warmed
2026-09-04 00:50:27,747 | INFO |    ↳ Status 403
2026-09-04 00:50:27,747 | WARNING |    ⚠ Blocked (403) retry 2
2026-09-04 00:50:27,930 | INFO | 🌐 Session warmed
2026-09-04 00:50:28,700 | INFO |    ↳ Status 403
2026-09-04 00:50:28,700 | WARNING |    ⚠ Blocked (403) retry 3
2026-09-04 00:50:28,791 | INFO | 🌐 Session warmed
2026-09-04 00:50:28,827 | INFO |    ↳ Status 403
2026-09-04 00:50:28,827 | WARNING |    ⚠ Blocked (403) retry 3
2026-09-04 00:50:28,938 | INFO | 🌐 Session warmed
2026-09-04 00:50:29,456 | INFO |    ↳ Status 403
2026-09-04 00:50:29,456 | WARNING |    ⚠ Blocked (403) retry 3
2026-09-04 00:50:29,587 | INFO | 🌐 Session warmed
2026-09-04 00:50:30,987 | INFO |    ↳ Status 403
2026-09-04 00:50:30,987 | WARNING |    ⚠ Blocked (403) retry 3
2026-09-04 00:50:31,113 | INFO | 🌐 Session warmed
2026-09-04 00:50:32,791 | INFO | [947/1901] Fetching Kotturu (KTUR)
2026-09-04 00:50:32,938 | INFO | [948/1901] Fetching Kovilpatti (KOVI)
2026-09-04 00:50:33,587 | INFO | [949/1901] Fetching Kovur (Nellore) (KOVR)
2026-09-04 00:50:33,729 | INFO |    ↳ Status 403
2026-09-04 00:50:33,729 | WARNING |    ⚠ Blocked (403) retry 1
2026-09-04 00:50:33,843 | INFO | 🌐 Session warmed
2026-09-04 00:50:34,156 | INFO |    ↳ Status 403
2026-09-04 00:50:34,156 | WARNING |    ⚠ Blocked (403) retry 1
2026-09-04 00:50:34,257 | INFO | 🌐 Session warmed
2026-09-04 00:50:34,596 | INFO |    ↳ Status 403
2026-09-04 00:50:34,597 | WARNING |    ⚠ Blocked (403) retry 1
2026-09-04 00:50:34,699 | INFO | 🌐 Session warmed
2026-09-04 00:50:35,113 | INFO | [950/1901] Fetching Kovvur (KOVU)
2026-09-04 00:50:35,910 | INFO |    ↳ Status 403
2026-09-04 00:50:35,910 | WARNING |    ⚠ Blocked (403) retry 2
2026-09-04 00:50:35,937 | INFO |    ↳ Status 403
2026-09-04 00:50:35,937 | WARNING |    ⚠ Blocked (403) retry 2
2026-09-04 00:50:36,026 | INFO | 🌐 Session warmed
2026-09-04 00:50:36,053 | INFO | 🌐 Session warmed
2026-09-04 00:50:36,233 | INFO |    ↳ Status 403
2026-09-04 00:50:36,234 | WARNING |    ⚠ Blocked (403) retry 1
2026-09-04 00:50:36,336 | INFO | 🌐 Session warmed
2026-09-04 00:50:36,850 | INFO |    ↳ Status 403
2026-09-04 00:50:36,850 | WARNING |    ⚠ Blocked (403) retry 2
2026-09-04 00:50:36,963 | INFO | 🌐 Session warmed
2026-09-04 00:50:38,667 | INFO |    ↳ Status 403
2026-09-04 00:50:38,667 | WARNING |    ⚠ Blocked (403) retry 3
2026-09-04 00:50:38,725 | INFO |    ↳ Status 403
2026-09-04 00:50:38,726 | WARNING |    ⚠ Blocked (403) retry 2
2026-09-04 00:50:38,759 | INFO | 🌐 Session warmed
2026-09-04 00:50:38,826 | INFO | 🌐 Session warmed
2026-09-04 00:50:38,852 | INFO |    ↳ Status 403
2026-09-04 00:50:38,852 | WARNING |    ⚠ Blocked (403) retry 3
2026-09-04 00:50:38,971 | INFO | 🌐 Session warmed
2026-09-04 00:50:40,302 | INFO |    ↳ Status 403
2026-09-04 00:50:40,303 | WARNING |    ⚠ Blocked (403) retry 3
2026-09-04 00:50:40,391 | INFO | 🌐 Session warmed
2026-09-04 00:50:41,739 | INFO |    ↳ Status 403
2026-09-04 00:50:41,740 | WARNING |    ⚠ Blocked (403) retry 3
2026-09-04 00:50:41,832 | INFO | 🌐 Session warmed
2026-09-04 00:50:42,760 | INFO | [951/1901] Fetching Koyyalagudem (KOEM)
2026-09-04 00:50:42,971 | INFO | [952/1901] Fetching Kozhikode (KOZH)
2026-09-04 00:50:43,597 | INFO |    ↳ Status 403
2026-09-04 00:50:43,597 | WARNING |    ⚠ Blocked (403) retry 1
2026-09-04 00:50:43,678 | INFO |    ↳ Status 403
2026-09-04 00:50:43,678 | WARNING |    ⚠ Blocked (403) retry 1
2026-09-04 00:50:43,718 | INFO | 🌐 Session warmed
2026-09-04 00:50:43,801 | INFO | 🌐 Session warmed
2026-09-04 00:50:44,391 | INFO | [953/1901] Fetching Kozhinjampara (KOZA)
2026-09-04 00:50:45,457 | INFO |    ↳ Status 403
2026-09-04 00:50:45,457 | WARNING |    ⚠ Blocked (403) retry 2
2026-09-04 00:50:45,563 | INFO | 🌐 Session warmed
2026-09-04 00:50:45,784 | INFO |    ↳ Status 403
2026-09-04 00:50:45,784 | WARNING |    ⚠ Blocked (403) retry 1
2026-09-04 00:50:45,833 | INFO | [954/1901] Fetching Krishnagiri (KRHN)
2026-09-04 00:50:45,893 | INFO | 🌐 Session warmed
2026-09-04 00:50:46,063 | INFO |    ↳ Status 403
2026-09-04 00:50:46,063 | WARNING |    ⚠ Blocked (403) retry 2
2026-09-04 00:50:46,186 | INFO | 🌐 Session warmed
2026-09-04 00:50:47,047 | INFO |    ↳ Status 403
2026-09-04 00:50:47,047 | WARNING |    ⚠ Blocked (403) retry 1
2026-09-04 00:50:47,142 | INFO | 🌐 Session warmed
2026-09-04 00:50:48,178 | INFO |    ↳ Status 403
2026-09-04 00:50:48,178 | WARNING |    ⚠ Blocked (403) retry 2
2026-09-04 00:50:48,273 | INFO | 🌐 Session warmed
2026-09-04 00:50:48,772 | INFO |    ↳ Status 403
2026-09-04 00:50:48,772 | WARNING |    ⚠ Blocked (403) retry 3
2026-09-04 00:50:48,873 | INFO | 🌐 Session warmed
2026-09-04 00:50:49,040 | INFO |    ↳ Status 403
2026-09-04 00:50:49,040 | WARNING |    ⚠ Blocked (403) retry 3
2026-09-04 00:50:49,116 | INFO |    ↳ Status 403
2026-09-04 00:50:49,116 | WARNING |    ⚠ Blocked (403) retry 2
2026-09-04 00:50:49,131 | INFO | 🌐 Session warmed
2026-09-04 00:50:49,211 | INFO | 🌐 Session warmed
2026-09-04 00:50:50,966 | INFO |    ↳ Status 403
2026-09-04 00:50:50,966 | WARNING |    ⚠ Blocked (403) retry 3
2026-09-04 00:50:51,072 | INFO | 🌐 Session warmed
2026-09-04 00:50:52,337 | INFO |    ↳ Status 403
2026-09-04 00:50:52,337 | WARNING |    ⚠ Blocked (403) retry 3
2026-09-04 00:50:52,431 | INFO | 🌐 Session warmed
2026-09-04 00:50:52,874 | INFO | [955/1901] Fetching Krishnanagar (KNWB)
2026-09-04 00:50:53,131 | INFO | [956/1901] Fetching Krishnarajanagara (KRJT)
2026-09-04 00:50:53,945 | INFO |    ↳ Status 403
2026-09-04 00:50:53,945 | WARNING |    ⚠ Blocked (403) retry 1
2026-09-04 00:50:54,065 | INFO |    ↳ Status 403
2026-09-04 00:50:54,065 | WARNING |    ⚠ Blocked (403) retry 1
2026-09-04 00:50:54,152 | INFO | 🌐 Session warmed
2026-09-04 00:50:55,072 | INFO | [957/1901] Fetching Krishnarajpete (K.R.Pete) (KEKE)
2026-09-04 00:50:56,073 | INFO |    ↳ Status 403
2026-09-04 00:50:56,073 | WARNING |    ⚠ Blocked (403) retry 1
2026-09-04 00:50:56,177 | INFO | 🌐 Session warmed
2026-09-04 00:50:56,297 | INFO |    ↳ Status 403
2026-09-04 00:50:56,298 | WARNING |    ⚠ Blocked (403) retry 2
2026-09-04 00:50:56,404 | INFO | 🌐 Session warmed
2026-09-04 00:50:56,431 | INFO | [958/1901] Fetching Krosuru (KRSR)
2026-09-04 00:50:57,700 | INFO |    ↳ Status 403
2026-09-04 00:50:57,701 | WARNING |    ⚠ Blocked (403) retry 1
2026-09-04 00:50:57,819 | INFO | 🌐 Session warmed
2026-09-04 00:50:58,535 | INFO |    ↳ Status 403
2026-09-04 00:50:58,535 | WARNING |    ⚠ Blocked (403) retry 2
2026-09-04 00:50:58,643 | INFO | 🌐 Session warmed
2026-09-04 00:50:59,122 | INFO |    ↳ Status 403
2026-09-04 00:50:59,122 | WARNING |    ⚠ Blocked (403) retry 3
2026-09-04 00:50:59,220 | INFO | 🌐 Session warmed
2026-09-04 00:50:59,602 | INFO |    ↳ Status 403
2026-09-04 00:50:59,602 | WARNING |    ⚠ Blocked (403) retry 2
2026-09-04 00:50:59,748 | INFO | 🌐 Session warmed
2026-09-04 00:51:01,304 | INFO |    ↳ Status 403
2026-09-04 00:51:01,304 | WARNING |    ⚠ Blocked (403) retry 3
2026-09-04 00:51:01,328 | WARNING | Warmup failed: ('Connection aborted.', ConnectionResetError(104, 'Connection reset by peer'))
2026-09-04 00:51:01,393 | INFO | 🌐 Session warmed
2026-09-04 00:51:02,489 | INFO |    ↳ Status 403
2026-09-04 00:51:02,489 | WARNING |    ⚠ Blocked (403) retry 3
2026-09-04 00:51:02,593 | INFO | 🌐 Session warmed
2026-09-04 00:51:03,220 | INFO | [959/1901] Fetching Kruthivennu (KRTH)
2026-09-04 00:51:03,648 | INFO |    ↳ Status 403
2026-09-04 00:51:03,648 | WARNING |    ⚠ Blocked (403) retry 2
2026-09-04 00:51:03,744 | INFO | 🌐 Session warmed
2026-09-04 00:51:04,408 | INFO |    ↳ Status 403
2026-09-04 00:51:04,408 | WARNING |    ⚠ Blocked (403) retry 1
2026-09-04 00:51:04,512 | INFO | 🌐 Session warmed
2026-09-04 00:51:05,394 | INFO | [960/1901] Fetching Kuchaman City (KHCY)
2026-09-04 00:51:06,432 | INFO |    ↳ Status 403
2026-09-04 00:51:06,432 | WARNING |    ⚠ Blocked (403) retry 3
2026-09-04 00:51:06,541 | INFO | 🌐 Session warmed
2026-09-04 00:51:06,594 | INFO | [961/1901] Fetching Kuchipudi (KCPD)
2026-09-04 00:51:06,679 | INFO |    ↳ Status 403
2026-09-04 00:51:06,679 | WARNING |    ⚠ Blocked (403) retry 1
2026-09-04 00:51:06,784 | INFO | 🌐 Session warmed
2026-09-04 00:51:06,840 | INFO |    ↳ Status 403
2026-09-04 00:51:06,840 | WARNING |    ⚠ Blocked (403) retry 2
2026-09-04 00:51:06,942 | INFO | 🌐 Session warmed
2026-09-04 00:51:07,466 | INFO |    ↳ Status 403
2026-09-04 00:51:07,466 | WARNING |    ⚠ Blocked (403) retry 1
2026-09-04 00:51:07,572 | INFO | 🌐 Session warmed
2026-09-04 00:51:08,759 | INFO |    ↳ Status 403
2026-09-04 00:51:08,759 | WARNING |    ⚠ Blocked (403) retry 2
2026-09-04 00:51:08,877 | INFO | 🌐 Session warmed
2026-09-04 00:51:09,740 | INFO |    ↳ Status 403
2026-09-04 00:51:09,740 | WARNING |    ⚠ Blocked (403) retry 2
2026-09-04 00:51:09,844 | INFO |    ↳ Status 403
2026-09-04 00:51:09,844 | WARNING |    ⚠ Blocked (403) retry 3
2026-09-04 00:51:09,855 | INFO | 🌐 Session warmed
2026-09-04 00:51:09,950 | INFO | 🌐 Session warmed
2026-09-04 00:51:10,541 | INFO | [962/1901] Fetching Kudus (KUDU)
2026-09-04 00:51:11,564 | INFO |    ↳ Status 403
2026-09-04 00:51:11,564 | WARNING |    ⚠ Blocked (403) retry 1
2026-09-04 00:51:11,662 | INFO | 🌐 Session warmed
2026-09-04 00:51:11,914 | INFO |    ↳ Status 403
2026-09-04 00:51:11,914 | WARNING |    ⚠ Blocked (403) retry 3
2026-09-04 00:51:12,011 | INFO | 🌐 Session warmed
2026-09-04 00:51:12,735 | INFO |    ↳ Status 403
2026-09-04 00:51:12,735 | WARNING |    ⚠ Blocked (403) retry 3
2026-09-04 00:51:12,823 | INFO | 🌐 Session warmed
2026-09-04 00:51:13,855 | INFO |    ↳ Status 403
2026-09-04 00:51:13,855 | WARNING |    ⚠ Blocked (403) retry 2
2026-09-04 00:51:13,951 | INFO | [963/1901] Fetching Kujang (KUAG)
2026-09-04 00:51:13,961 | INFO | 🌐 Session warmed
2026-09-04 00:51:15,364 | INFO |    ↳ Status 403
2026-09-04 00:51:15,365 | WARNING |    ⚠ Blocked (403) retry 1
2026-09-04 00:51:15,473 | INFO | 🌐 Session warmed
2026-09-04 00:51:16,012 | INFO | [964/1901] Fetching Kukshi (KUKS)
2026-09-04 00:51:16,765 | INFO |    ↳ Status 403
2026-09-04 00:51:16,765 | WARNING |    ⚠ Blocked (403) retry 3
2026-09-04 00:51:16,824 | INFO | [965/1901] Fetching Kulithalai (KULI)
2026-09-04 00:51:16,859 | INFO | 🌐 Session warmed
2026-09-04 00:51:17,136 | INFO |    ↳ Status 403
2026-09-04 00:51:17,136 | WARNING |    ⚠ Blocked (403) retry 1
2026-09-04 00:51:17,232 | INFO |    ↳ Status 403
2026-09-04 00:51:17,233 | WARNING |    ⚠ Blocked (403) retry 2
2026-09-04 00:51:17,240 | INFO | 🌐 Session warmed
2026-09-04 00:51:17,324 | INFO | 🌐 Session warmed
2026-09-04 00:51:17,894 | INFO |    ↳ Status 403
2026-09-04 00:51:17,894 | WARNING |    ⚠ Blocked (403) retry 1
2026-09-04 00:51:18,007 | INFO | 🌐 Session warmed
2026-09-04 00:51:19,268 | INFO |    ↳ Status 403
2026-09-04 00:51:19,269 | WARNING |    ⚠ Blocked (403) retry 2
2026-09-04 00:51:19,368 | INFO | 🌐 Session warmed
2026-09-04 00:51:19,938 | INFO |    ↳ Status 403
2026-09-04 00:51:19,938 | WARNING |    ⚠ Blocked (403) retry 2
2026-09-04 00:51:19,959 | INFO |    ↳ Status 403
2026-09-04 00:51:19,959 | WARNING |    ⚠ Blocked (403) retry 3
2026-09-04 00:51:20,041 | INFO | 🌐 Session warmed
2026-09-04 00:51:20,061 | INFO | 🌐 Session warmed
2026-09-04 00:51:20,860 | INFO | [966/1901] Fetching Kullu (KULU)
2026-09-04 00:51:21,922 | INFO |    ↳ Status 403
2026-09-04 00:51:21,922 | WARNING |    ⚠ Blocked (403) retry 1
2026-09-04 00:51:22,009 | INFO | 🌐 Session warmed
2026-09-04 00:51:22,158 | INFO |    ↳ Status 403
2026-09-04 00:51:22,158 | WARNING |    ⚠ Blocked (403) retry 3
2026-09-04 00:51:22,249 | INFO | 🌐 Session warmed
2026-09-04 00:51:22,793 | INFO |    ↳ Status 403
2026-09-04 00:51:22,793 | WARNING |    ⚠ Blocked (403) retry 3
2026-09-04 00:51:22,888 | INFO | 🌐 Session warmed
2026-09-04 00:51:23,699 | INFO |    ↳ Status 403
2026-09-04 00:51:23,699 | WARNING |    ⚠ Blocked (403) retry 2
2026-09-04 00:51:23,810 | INFO | 🌐 Session warmed
2026-09-04 00:51:24,061 | INFO | [967/1901] Fetching Kumarakom (KMOA)
2026-09-04 00:51:25,049 | INFO |    ↳ Status 403
2026-09-04 00:51:25,049 | WARNING |    ⚠ Blocked (403) retry 1
2026-09-04 00:51:25,172 | INFO | 🌐 Session warmed
2026-09-04 00:51:26,249 | INFO | [968/1901] Fetching Kumbakonam (KUMB)
2026-09-04 00:51:26,888 | INFO | [969/1901] Fetching Kumily (KUMI)
2026-09-04 00:51:27,161 | INFO |    ↳ Status 403
2026-09-04 00:51:27,161 | WARNING |    ⚠ Blocked (403) retry 3
2026-09-04 00:51:27,202 | INFO |    ↳ Status 403
2026-09-04 00:51:27,202 | WARNING |    ⚠ Blocked (403) retry 1
2026-09-04 00:51:27,220 | INFO |    ↳ Status 403
2026-09-04 00:51:27,220 | WARNING |    ⚠ Blocked (403) retry 2
2026-09-04 00:51:27,288 | INFO | 🌐 Session warmed
2026-09-04 00:51:27,326 | INFO | 🌐 Session warmed
2026-09-04 00:51:27,344 | INFO | 🌐 Session warmed
2026-09-04 00:51:27,830 | INFO |    ↳ Status 403
2026-09-04 00:51:27,830 | WARNING |    ⚠ Blocked (403) retry 1
2026-09-04 00:51:27,947 | INFO | 🌐 Session warmed
2026-09-04 00:51:29,600 | INFO |    ↳ Status 403
2026-09-04 00:51:29,601 | WARNING |    ⚠ Blocked (403) retry 2
2026-09-04 00:51:29,688 | INFO | 🌐 Session warmed
2026-09-04 00:51:30,065 | INFO |    ↳ Status 403
2026-09-04 00:51:30,065 | WARNING |    ⚠ Blocked (403) retry 2
2026-09-04 00:51:30,550 | INFO |    ↳ Status 403
2026-09-04 00:51:30,550 | WARNING |    ⚠ Blocked (403) retry 3
2026-09-04 00:51:30,640 | INFO | 🌐 Session warmed
2026-09-04 00:51:31,289 | INFO | [970/1901] Fetching Kunda (KUDD)
2026-09-04 00:51:32,427 | INFO |    ↳ Status 403
2026-09-04 00:51:32,428 | WARNING |    ⚠ Blocked (403) retry 3
2026-09-04 00:51:32,505 | INFO |    ↳ Status 403
2026-09-04 00:51:32,505 | WARNING |    ⚠ Blocked (403) retry 1
2026-09-04 00:51:32,534 | INFO | 🌐 Session warmed
2026-09-04 00:51:32,598 | INFO | 🌐 Session warmed
2026-09-04 00:51:34,273 | INFO |    ↳ Status 403
2026-09-04 00:51:34,274 | WARNING |    ⚠ Blocked (403) retry 2
2026-09-04 00:51:34,374 | INFO | 🌐 Session warmed
2026-09-04 00:51:34,640 | INFO | [971/1901] Fetching Kundapura (KUNA)
2026-09-04 00:51:35,803 | INFO |    ↳ Status 403
2026-09-04 00:51:35,803 | WARNING |    ⚠ Blocked (403) retry 1
2026-09-04 00:51:35,899 | INFO | 🌐 Session warmed
2026-09-04 00:51:36,535 | INFO | [972/1901] Fetching Kunigal (KUUN)
2026-09-04 00:51:37,351 | INFO |    ↳ Status 403
2026-09-04 00:51:37,352 | WARNING |    ⚠ Blocked (403) retry 3
2026-09-04 00:51:37,456 | INFO | 🌐 Session warmed
2026-09-04 00:51:37,529 | INFO |    ↳ Status 403
2026-09-04 00:51:37,530 | WARNING |    ⚠ Blocked (403) retry 1
2026-09-04 00:51:37,619 | INFO | 🌐 Session warmed
2026-09-04 00:51:38,005 | INFO |    ↳ Status 403
2026-09-04 00:51:38,005 | WARNING |    ⚠ Blocked (403) retry 2
2026-09-04 00:51:38,117 | INFO | 🌐 Session warmed
2026-09-04 00:51:39,688 | INFO |    ↳ Status 403
2026-09-04 00:51:39,688 | WARNING |    ⚠ Blocked (403) retry 2
2026-09-04 00:51:39,799 | INFO | 🌐 Session warmed
2026-09-04 00:51:40,143 | WARNING | Warmup failed: HTTPSConnectionPool(host='in.bookmyshow.com', port=443): Read timed out. (read timeout=10)
2026-09-04 00:51:41,239 | INFO |    ↳ Status 403
2026-09-04 00:51:41,239 | WARNING |    ⚠ Blocked (403) retry 3
2026-09-04 00:51:41,331 | INFO | 🌐 Session warmed
2026-09-04 00:51:41,457 | INFO | [973/1901] Fetching Kunkuri (KKRI)
2026-09-04 00:51:42,362 | INFO |    ↳ Status 403
2026-09-04 00:51:42,362 | WARNING |    ⚠ Blocked (403) retry 1
2026-09-04 00:51:42,444 | INFO |    ↳ Status 403
2026-09-04 00:51:42,444 | WARNING |    ⚠ Blocked (403) retry 3
2026-09-04 00:51:42,454 | INFO | 🌐 Session warmed
2026-09-04 00:51:42,539 | INFO | 🌐 Session warmed
2026-09-04 00:51:43,007 | INFO |    ↳ Status 403
2026-09-04 00:51:43,007 | WARNING |    ⚠ Blocked (403) retry 3
2026-09-04 00:51:43,109 | INFO | 🌐 Session warmed
2026-09-04 00:51:44,683 | INFO |    ↳ Status 403
2026-09-04 00:51:44,683 | WARNING |    ⚠ Blocked (403) retry 2
2026-09-04 00:51:44,776 | INFO | 🌐 Session warmed
2026-09-04 00:51:45,332 | INFO | [974/1901] Fetching Kunnamkulam (KUNN)
2026-09-04 00:51:46,491 | INFO |    ↳ Status 403
2026-09-04 00:51:46,491 | WARNING |    ⚠ Blocked (403) retry 1
2026-09-04 00:51:46,540 | INFO | [975/1901] Fetching Kuravilangad (KURA)
2026-09-04 00:51:46,582 | INFO | 🌐 Session warmed
2026-09-04 00:51:47,110 | INFO | [976/1901] Fetching Kurnool (KURN)
2026-09-04 00:51:47,285 | INFO |    ↳ Status 403
2026-09-04 00:51:47,285 | WARNING |    ⚠ Blocked (403) retry 1
2026-09-04 00:51:47,375 | INFO | 🌐 Session warmed
2026-09-04 00:51:47,457 | INFO |    ↳ Status 403
2026-09-04 00:51:47,458 | WARNING |    ⚠ Blocked (403) retry 3
2026-09-04 00:51:47,570 | INFO | 🌐 Session warmed
2026-09-04 00:51:47,930 | INFO |    ↳ Status 403
2026-09-04 00:51:47,930 | WARNING |    ⚠ Blocked (403) retry 1
2026-09-04 00:51:48,040 | INFO | 🌐 Session warmed
2026-09-04 00:51:48,561 | INFO |    ↳ Status 403
2026-09-04 00:51:48,562 | WARNING |    ⚠ Blocked (403) retry 2
2026-09-04 00:51:48,639 | INFO | 🌐 Session warmed
2026-09-04 00:51:49,350 | INFO |    ↳ Status 403
2026-09-04 00:51:49,350 | WARNING |    ⚠ Blocked (403) retry 2
2026-09-04 00:51:49,457 | INFO | 🌐 Session warmed
2026-09-04 00:51:50,049 | INFO |    ↳ Status 403
2026-09-04 00:51:50,049 | WARNING |    ⚠ Blocked (403) retry 2
2026-09-04 00:51:50,152 | INFO | 🌐 Session warmed
2026-09-04 00:51:51,423 | INFO |    ↳ Status 403
2026-09-04 00:51:51,424 | WARNING |    ⚠ Blocked (403) retry 3
2026-09-04 00:51:51,532 | INFO | 🌐 Session warmed
2026-09-04 00:51:51,570 | INFO | [977/1901] Fetching Kurseong (KURS)
2026-09-04 00:51:52,278 | INFO |    ↳ Status 403
2026-09-04 00:51:52,278 | WARNING |    ⚠ Blocked (403) retry 3
2026-09-04 00:51:52,399 | INFO | 🌐 Session warmed
2026-09-04 00:51:52,660 | INFO |    ↳ Status 403
2026-09-04 00:51:52,660 | WARNING |    ⚠ Blocked (403) retry 1
2026-09-04 00:51:52,753 | INFO | 🌐 Session warmed
2026-09-04 00:51:53,055 | INFO |    ↳ Status 403
2026-09-04 00:51:53,056 | WARNING |    ⚠ Blocked (403) retry 3
2026-09-04 00:51:53,163 | INFO | 🌐 Session warmed
2026-09-04 00:51:54,647 | INFO |    ↳ Status 403
2026-09-04 00:51:54,647 | WARNING |    ⚠ Blocked (403) retry 2
2026-09-04 00:51:54,766 | INFO | 🌐 Session warmed
2026-09-04 00:51:55,532 | INFO | [978/1901] Fetching Kurud (KRDU)
2026-09-04 00:51:56,182 | INFO |    ↳ Status 403
2026-09-04 00:51:56,183 | WARNING |    ⚠ Blocked (403) retry 1
2026-09-04 00:51:56,282 | INFO | 🌐 Session warmed
2026-09-04 00:51:56,399 | INFO | [979/1901] Fetching Kurukshetra (KURU)
2026-09-04 00:51:57,094 | INFO |    ↳ Status 403
2026-09-04 00:51:57,095 | WARNING |    ⚠ Blocked (403) retry 1
2026-09-04 00:51:57,163 | INFO | [980/1901] Fetching Kurumaseri (KURY)
2026-09-04 00:51:57,187 | INFO | 🌐 Session warmed
2026-09-04 00:51:58,062 | INFO |    ↳ Status 403
2026-09-04 00:51:58,062 | WARNING |    ⚠ Blocked (403) retry 3
2026-09-04 00:51:58,155 | INFO | 🌐 Session warmed
2026-09-04 00:51:58,404 | INFO |    ↳ Status 403
2026-09-04 00:51:58,404 | WARNING |    ⚠ Blocked (403) retry 1
2026-09-04 00:51:58,512 | INFO | 🌐 Session warmed
2026-09-04 00:51:58,673 | INFO |    ↳ Status 403
2026-09-04 00:51:58,673 | WARNING |    ⚠ Blocked (403) retry 2
2026-09-04 00:51:58,792 | INFO | 🌐 Session warmed
2026-09-04 00:51:59,593 | INFO |    ↳ Status 403
2026-09-04 00:51:59,593 | WARNING |    ⚠ Blocked (403) retry 2
2026-09-04 00:51:59,692 | INFO | 🌐 Session warmed
2026-09-04 00:52:00,589 | INFO |    ↳ Status 403
2026-09-04 00:52:00,590 | WARNING |    ⚠ Blocked (403) retry 2
2026-09-04 00:52:00,688 | INFO | 🌐 Session warmed
2026-09-04 00:52:01,516 | INFO |    ↳ Status 403
2026-09-04 00:52:01,516 | WARNING |    ⚠ Blocked (403) retry 3
2026-09-04 00:52:01,612 | INFO | 🌐 Session warmed
2026-09-04 00:52:02,155 | INFO | [981/1901] Fetching Kurundwad (KURD)
2026-09-04 00:52:02,901 | INFO |    ↳ Status 403
2026-09-04 00:52:02,901 | WARNING |    ⚠ Blocked (403) retry 1
2026-09-04 00:52:02,949 | INFO |    ↳ Status 403
2026-09-04 00:52:02,949 | WARNING |    ⚠ Blocked (403) retry 3
2026-09-04 00:52:03,000 | INFO | 🌐 Session warmed
2026-09-04 00:52:03,044 | INFO | 🌐 Session warmed
2026-09-04 00:52:04,024 | INFO |    ↳ Status 403
2026-09-04 00:52:04,024 | WARNING |    ⚠ Blocked (403) retry 3
2026-09-04 00:52:04,128 | INFO | 🌐 Session warmed
2026-09-04 00:52:05,203 | INFO |    ↳ Status 403
2026-09-04 00:52:05,203 | WARNING |    ⚠ Blocked (403) retry 2
2026-09-04 00:52:05,325 | INFO | 🌐 Session warmed
2026-09-04 00:52:05,613 | INFO | [982/1901] Fetching Kushalnagar (KUSA)
2026-09-04 00:52:06,533 | INFO |    ↳ Status 403
2026-09-04 00:52:06,533 | WARNING |    ⚠ Blocked (403) retry 1
2026-09-04 00:52:06,671 | INFO | 🌐 Session warmed
2026-09-04 00:52:07,045 | INFO | [983/1901] Fetching Kushinagar (KUSH)
2026-09-04 00:52:07,864 | INFO |    ↳ Status 403
2026-09-04 00:52:07,864 | WARNING |    ⚠ Blocked (403) retry 1
2026-09-04 00:52:07,955 | INFO | 🌐 Session warmed
2026-09-04 00:52:08,128 | INFO | [984/1901] Fetching Kusumgram (KKKL)
2026-09-04 00:52:08,382 | INFO |    ↳ Status 403
2026-09-04 00:52:08,382 | WARNING |    ⚠ Blocked (403) retry 3
2026-09-04 00:52:08,503 | INFO | 🌐 Session warmed
2026-09-04 00:52:08,896 | INFO |    ↳ Status 403
2026-09-04 00:52:08,897 | WARNING |    ⚠ Blocked (403) retry 2
2026-09-04 00:52:09,033 | INFO |    ↳ Status 403
2026-09-04 00:52:09,033 | WARNING |    ⚠ Blocked (403) retry 1
2026-09-04 00:52:09,137 | INFO | 🌐 Session warmed
2026-09-04 00:52:10,060 | INFO |    ↳ Status 403
2026-09-04 00:52:10,060 | WARNING |    ⚠ Blocked (403) retry 2
2026-09-04 00:52:10,154 | INFO | 🌐 Session warmed
2026-09-04 00:52:11,264 | INFO |    ↳ Status 403
2026-09-04 00:52:11,264 | WARNING |    ⚠ Blocked (403) retry 2
2026-09-04 00:52:11,352 | INFO | 🌐 Session warmed
2026-09-04 00:52:12,503 | INFO | [985/1901] Fetching Kutch (KTCH)
2026-09-04 00:52:13,164 | INFO |    ↳ Status 403
2026-09-04 00:52:13,164 | WARNING |    ⚠ Blocked (403) retry 3
2026-09-04 00:52:13,170 | INFO |    ↳ Status 403
2026-09-04 00:52:13,171 | WARNING |    ⚠ Blocked (403) retry 1
2026-09-04 00:52:13,282 | INFO | 🌐 Session warmed
2026-09-04 00:52:13,299 | INFO | 🌐 Session warmed
2026-09-04 00:52:14,526 | INFO |    ↳ Status 403
2026-09-04 00:52:14,526 | WARNING |    ⚠ Blocked (403) retry 3
2026-09-04 00:52:14,614 | INFO | 🌐 Session warmed
2026-09-04 00:52:15,553 | INFO |    ↳ Status 403
2026-09-04 00:52:15,553 | WARNING |    ⚠ Blocked (403) retry 2
2026-09-04 00:52:15,643 | INFO | 🌐 Session warmed
2026-09-04 00:52:17,300 | INFO | [986/1901] Fetching Kuthuparamba (KUTH)
2026-09-04 00:52:18,598 | INFO |    ↳ Status 403
2026-09-04 00:52:18,598 | WARNING |    ⚠ Blocked (403) retry 1
2026-09-04 00:52:18,615 | INFO | [987/1901] Fetching Ladakh (LEHA)
2026-09-04 00:52:18,692 | INFO | 🌐 Session warmed
2026-09-04 00:52:18,811 | INFO |    ↳ Status 403
2026-09-04 00:52:18,811 | WARNING |    ⚠ Blocked (403) retry 3
2026-09-04 00:52:18,926 | INFO | 🌐 Session warmed
2026-09-04 00:52:18,965 | WARNING | Warmup failed: HTTPSConnectionPool(host='in.bookmyshow.com', port=443): Read timed out. (read timeout=10)
2026-09-04 00:52:19,701 | INFO |    ↳ Status 403
2026-09-04 00:52:19,701 | WARNING |    ⚠ Blocked (403) retry 1
2026-09-04 00:52:19,805 | INFO | 🌐 Session warmed
2026-09-04 00:52:20,378 | INFO |    ↳ Status 403
2026-09-04 00:52:20,378 | WARNING |    ⚠ Blocked (403) retry 2
2026-09-04 00:52:20,502 | INFO | 🌐 Session warmed
2026-09-04 00:52:21,812 | INFO |    ↳ Status 403
2026-09-04 00:52:21,812 | WARNING |    ⚠ Blocked (403) retry 2
2026-09-04 00:52:21,905 | INFO | 🌐 Session warmed
2026-09-04 00:52:22,284 | INFO |    ↳ Status 403
2026-09-04 00:52:22,284 | WARNING |    ⚠ Blocked (403) retry 3
2026-09-04 00:52:22,389 | INFO | 🌐 Session warmed
2026-09-04 00:52:22,927 | INFO | [988/1901] Fetching Lakhanpur (ALKP)
2026-09-04 00:52:23,806 | INFO |    ↳ Status 403
2026-09-04 00:52:23,806 | WARNING |    ⚠ Blocked (403) retry 1
2026-09-04 00:52:23,809 | INFO |    ↳ Status 403
2026-09-04 00:52:23,809 | WARNING |    ⚠ Blocked (403) retry 3
2026-09-04 00:52:23,915 | INFO | 🌐 Session warmed
2026-09-04 00:52:23,925 | INFO | 🌐 Session warmed
2026-09-04 00:52:24,662 | INFO |    ↳ Status 403
2026-09-04 00:52:24,662 | WARNING |    ⚠ Blocked (403) retry 3
2026-09-04 00:52:24,761 | INFO | 🌐 Session warmed
2026-09-04 00:52:26,176 | INFO |    ↳ Status 403
2026-09-04 00:52:26,177 | WARNING |    ⚠ Blocked (403) retry 2
2026-09-04 00:52:26,300 | INFO | 🌐 Session warmed
2026-09-04 00:52:26,390 | INFO | [989/1901] Fetching Lakhimpur (LAHA)
2026-09-04 00:52:27,217 | INFO |    ↳ Status 403
2026-09-04 00:52:27,217 | WARNING |    ⚠ Blocked (403) retry 1
2026-09-04 00:52:27,323 | INFO | 🌐 Session warmed
2026-09-04 00:52:27,916 | INFO | [990/1901] Fetching Lakhimpur Kheri (LKPK)
2026-09-04 00:52:28,762 | INFO | [991/1901] Fetching Lakhisarai (LASK)
2026-09-04 00:52:29,008 | INFO |    ↳ Status 403
2026-09-04 00:52:29,008 | WARNING |    ⚠ Blocked (403) retry 2
2026-09-04 00:52:29,124 | INFO | 🌐 Session warmed
2026-09-04 00:52:29,294 | INFO |    ↳ Status 403
2026-09-04 00:52:29,294 | WARNING |    ⚠ Blocked (403) retry 1
2026-09-04 00:52:29,385 | INFO | 🌐 Session warmed
2026-09-04 00:52:29,440 | INFO |    ↳ Status 403
2026-09-04 00:52:29,440 | WARNING |    ⚠ Blocked (403) retry 3
2026-09-04 00:52:29,555 | INFO | 🌐 Session warmed
2026-09-04 00:52:30,126 | INFO |    ↳ Status 403
2026-09-04 00:52:30,126 | WARNING |    ⚠ Blocked (403) retry 1
2026-09-04 00:52:30,221 | INFO | 🌐 Session warmed
2026-09-04 00:52:31,043 | INFO |    ↳ Status 403
2026-09-04 00:52:31,043 | WARNING |    ⚠ Blocked (403) retry 2
2026-09-04 00:52:31,147 | INFO | 🌐 Session warmed
2026-09-04 00:52:32,055 | INFO |    ↳ Status 403
2026-09-04 00:52:32,055 | WARNING |    ⚠ Blocked (403) retry 2
2026-09-04 00:52:32,162 | INFO | 🌐 Session warmed
2026-09-04 00:52:32,387 | INFO |    ↳ Status 403
2026-09-04 00:52:32,387 | WARNING |    ⚠ Blocked (403) retry 3
2026-09-04 00:52:32,491 | INFO | 🌐 Session warmed
2026-09-04 00:52:33,555 | INFO | [992/1901] Fetching Lakkavaram (LRAM)
2026-09-04 00:52:34,450 | INFO |    ↳ Status 403
2026-09-04 00:52:34,450 | WARNING |    ⚠ Blocked (403) retry 3
2026-09-04 00:52:34,549 | INFO | 🌐 Session warmed
2026-09-04 00:52:34,689 | INFO |    ↳ Status 403
2026-09-04 00:52:34,689 | WARNING |    ⚠ Blocked (403) retry 1
2026-09-04 00:52:34,797 | INFO | 🌐 Session warmed
2026-09-04 00:52:34,812 | INFO |    ↳ Status 403
2026-09-04 00:52:34,812 | WARNING |    ⚠ Blocked (403) retry 3
2026-09-04 00:52:34,912 | INFO | 🌐 Session warmed
2026-09-04 00:52:36,492 | INFO | [993/1901] Fetching Lakshmeshwara (LKSH)
2026-09-04 00:52:36,703 | INFO |    ↳ Status 403
2026-09-04 00:52:36,704 | WARNING |    ⚠ Blocked (403) retry 2
2026-09-04 00:52:36,810 | INFO | 🌐 Session warmed
2026-09-04 00:52:37,435 | INFO |    ↳ Status 403
2026-09-04 00:52:37,435 | WARNING |    ⚠ Blocked (403) retry 1
2026-09-04 00:52:37,550 | INFO | 🌐 Session warmed
2026-09-04 00:52:38,550 | INFO | [994/1901] Fetching Lakshmikantapur (LKMP)
2026-09-04 00:52:38,912 | INFO | [995/1901] Fetching Lalgudi (LALG)
2026-09-04 00:52:39,220 | INFO |    ↳ Status 403
2026-09-04 00:52:39,220 | WARNING |    ⚠ Blocked (403) retry 2
2026-09-04 00:52:39,328 | INFO | 🌐 Session warmed
2026-09-04 00:52:39,687 | INFO |    ↳ Status 403
2026-09-04 00:52:39,687 | WARNING |    ⚠ Blocked (403) retry 1
2026-09-04 00:52:39,787 | INFO | 🌐 Session warmed
2026-09-04 00:52:39,942 | INFO |    ↳ Status 403
2026-09-04 00:52:39,942 | WARNING |    ⚠ Blocked (403) retry 1
2026-09-04 00:52:40,052 | INFO | 🌐 Session warmed
2026-09-04 00:52:40,217 | INFO |    ↳ Status 403
2026-09-04 00:52:40,217 | WARNING |    ⚠ Blocked (403) retry 3
2026-09-04 00:52:40,311 | INFO | 🌐 Session warmed
2026-09-04 00:52:41,421 | INFO |    ↳ Status 403
2026-09-04 00:52:41,421 | WARNING |    ⚠ Blocked (403) retry 2
2026-09-04 00:52:41,520 | INFO | 🌐 Session warmed
2026-09-04 00:52:41,699 | INFO |    ↳ Status 403
2026-09-04 00:52:41,699 | WARNING |    ⚠ Blocked (403) retry 2
2026-09-04 00:52:41,792 | INFO | 🌐 Session warmed
2026-09-04 00:52:42,373 | INFO |    ↳ Status 403
2026-09-04 00:52:42,373 | WARNING |    ⚠ Blocked (403) retry 3
2026-09-04 00:52:42,504 | INFO | 🌐 Session warmed
2026-09-04 00:52:44,312 | INFO | [996/1901] Fetching Lalitpur (LLTP)
2026-09-04 00:52:44,560 | INFO |    ↳ Status 403
2026-09-04 00:52:44,560 | WARNING |    ⚠ Blocked (403) retry 3
2026-09-04 00:52:44,683 | INFO | 🌐 Session warmed
2026-09-04 00:52:44,849 | INFO |    ↳ Status 403
2026-09-04 00:52:44,849 | WARNING |    ⚠ Blocked (403) retry 3
2026-09-04 00:52:44,976 | INFO | 🌐 Session warmed
2026-09-04 00:52:45,106 | INFO |    ↳ Status 403
2026-09-04 00:52:45,106 | WARNING |    ⚠ Blocked (403) retry 1
2026-09-04 00:52:45,198 | INFO | 🌐 Session warmed
2026-09-04 00:52:46,504 | INFO | [997/1901] Fetching Lansdowne (LADW)
2026-09-04 00:52:47,018 | INFO |    ↳ Status 403
2026-09-04 00:52:47,018 | WARNING |    ⚠ Blocked (403) retry 2
2026-09-04 00:52:47,140 | INFO | 🌐 Session warmed
2026-09-04 00:52:47,214 | INFO |    ↳ Status 403
2026-09-04 00:52:47,214 | WARNING |    ⚠ Blocked (403) retry 1
2026-09-04 00:52:47,309 | INFO | 🌐 Session warmed
2026-09-04 00:52:48,683 | INFO | [998/1901] Fetching Latur (LAT)
2026-09-04 00:52:48,977 | INFO | [999/1901] Fetching Lavasa (LAVA)
2026-09-04 00:52:49,617 | INFO |    ↳ Status 403
2026-09-04 00:52:49,617 | WARNING |    ⚠ Blocked (403) retry 2
2026-09-04 00:52:49,716 | INFO |    ↳ Status 403
2026-09-04 00:52:49,716 | WARNING |    ⚠ Blocked (403) retry 1
2026-09-04 00:52:49,720 | INFO | 🌐 Session warmed
2026-09-04 00:52:49,757 | INFO |    ↳ Status 403
2026-09-04 00:52:49,757 | WARNING |    ⚠ Blocked (403) retry 1
2026-09-04 00:52:49,806 | INFO | 🌐 Session warmed
2026-09-04 00:52:49,871 | INFO | 🌐 Session warmed
2026-09-04 00:52:50,364 | INFO |    ↳ Status 403
2026-09-04 00:52:50,364 | WARNING |    ⚠ Blocked (403) retry 3
2026-09-04 00:52:50,484 | INFO | 🌐 Session warmed
2026-09-04 00:52:51,928 | INFO |    ↳ Status 403
2026-09-04 00:52:51,928 | WARNING |    ⚠ Blocked (403) retry 2
2026-09-04 00:52:52,028 | INFO |    ↳ Status 403
2026-09-04 00:52:52,028 | WARNING |    ⚠ Blocked (403) retry 2
2026-09-04 00:52:52,045 | INFO | 🌐 Session warmed
2026-09-04 00:52:52,120 | INFO | 🌐 Session warmed
2026-09-04 00:52:52,410 | INFO |    ↳ Status 403
2026-09-04 00:52:52,410 | WARNING |    ⚠ Blocked (403) retry 3
2026-09-04 00:52:52,517 | INFO | 🌐 Session warmed
2026-09-04 00:52:54,485 | INFO | [1000/1901] Fetching Leeja (LEEJ)
2026-09-04 00:52:54,946 | INFO |    ↳ Status 403
2026-09-04 00:52:54,947 | WARNING |    ⚠ Blocked (403) retry 3
2026-09-04 00:52:55,052 | INFO | 🌐 Session warmed
2026-09-04 00:52:55,412 | INFO |    ↳ Status 403
2026-09-04 00:52:55,412 | WARNING |    ⚠ Blocked (403) retry 1
2026-09-04 00:52:55,451 | INFO |    ↳ Status 403
2026-09-04 00:52:55,451 | WARNING |    ⚠ Blocked (403) retry 3
2026-09-04 00:52:55,525 | INFO | 🌐 Session warmed
2026-09-04 00:52:55,563 | INFO | 🌐 Session warmed
2026-09-04 00:52:56,518 | INFO | [1001/1901] Fetching Leh (LEHL)
2026-09-04 00:52:57,191 | INFO |    ↳ Status 403
2026-09-04 00:52:57,191 | WARNING |    ⚠ Blocked (403) retry 2
2026-09-04 00:52:57,286 | INFO | 🌐 Session warmed
2026-09-04 00:52:57,798 | INFO |    ↳ Status 403
2026-09-04 00:52:57,798 | WARNING |    ⚠ Blocked (403) retry 1
2026-09-04 00:52:57,903 | INFO | 🌐 Session warmed
2026-09-04 00:52:59,052 | INFO | [1002/1901] Fetching Lingasugur (LING)
2026-09-04 00:52:59,563 | INFO | [1003/1901] Fetching Lohardaga (LOHA)
2026-09-04 00:52:59,754 | INFO |    ↳ Status 403
2026-09-04 00:52:59,754 | WARNING |    ⚠ Blocked (403) retry 1
2026-09-04 00:52:59,836 | INFO | 🌐 Session warmed
2026-09-04 00:53:00,088 | INFO |    ↳ Status 403
2026-09-04 00:53:00,089 | WARNING |    ⚠ Blocked (403) retry 2
2026-09-04 00:53:00,419 | INFO |    ↳ Status 403
2026-09-04 00:53:00,419 | WARNING |    ⚠ Blocked (403) retry 1
2026-09-04 00:53:00,521 | INFO | 🌐 Session warmed
2026-09-04 00:53:00,658 | INFO |    ↳ Status 403
2026-09-04 00:53:00,658 | WARNING |    ⚠ Blocked (403) retry 3
2026-09-04 00:53:00,751 | INFO | 🌐 Session warmed
2026-09-04 00:53:01,464 | INFO |    ↳ Status 403
2026-09-04 00:53:01,464 | WARNING |    ⚠ Blocked (403) retry 2
2026-09-04 00:53:01,568 | INFO | 🌐 Session warmed
2026-09-04 00:53:02,686 | INFO |    ↳ Status 403
2026-09-04 00:53:02,686 | WARNING |    ⚠ Blocked (403) retry 2
2026-09-04 00:53:02,809 | INFO | 🌐 Session warmed
2026-09-04 00:53:04,229 | INFO |    ↳ Status 403
2026-09-04 00:53:04,229 | WARNING |    ⚠ Blocked (403) retry 3
2026-09-04 00:53:04,360 | INFO | 🌐 Session warmed
2026-09-04 00:53:04,751 | INFO | [1004/1901] Fetching Lonand (LONZ)
2026-09-04 00:53:05,710 | INFO |    ↳ Status 403
2026-09-04 00:53:05,710 | WARNING |    ⚠ Blocked (403) retry 3
2026-09-04 00:53:05,798 | INFO | 🌐 Session warmed
2026-09-04 00:53:05,997 | INFO |    ↳ Status 403
2026-09-04 00:53:05,997 | WARNING |    ⚠ Blocked (403) retry 1
2026-09-04 00:53:06,099 | INFO | 🌐 Session warmed
2026-09-04 00:53:08,328 | INFO |    ↳ Status 403
2026-09-04 00:53:08,328 | WARNING |    ⚠ Blocked (403) retry 2
2026-09-04 00:53:08,361 | INFO | [1005/1901] Fetching Lonar (LONA)
2026-09-04 00:53:08,423 | INFO | 🌐 Session warmed
2026-09-04 00:53:09,388 | INFO |    ↳ Status 403
2026-09-04 00:53:09,388 | WARNING |    ⚠ Blocked (403) retry 1
2026-09-04 00:53:09,516 | INFO | 🌐 Session warmed
2026-09-04 00:53:09,799 | INFO | [1006/1901] Fetching Lonavala (LNVL)
2026-09-04 00:53:10,158 | WARNING | Warmup failed: HTTPSConnectionPool(host='in.bookmyshow.com', port=443): Read timed out. (read timeout=10)
2026-09-04 00:53:10,775 | INFO |    ↳ Status 403
2026-09-04 00:53:10,775 | WARNING |    ⚠ Blocked (403) retry 1
2026-09-04 00:53:10,883 | INFO | 🌐 Session warmed
2026-09-04 00:53:11,281 | INFO |    ↳ Status 403
2026-09-04 00:53:11,281 | WARNING |    ⚠ Blocked (403) retry 2
2026-09-04 00:53:11,300 | INFO |    ↳ Status 403
2026-09-04 00:53:11,300 | WARNING |    ⚠ Blocked (403) retry 3
2026-09-04 00:53:11,396 | INFO | 🌐 Session warmed
2026-09-04 00:53:11,406 | INFO | 🌐 Session warmed
2026-09-04 00:53:12,699 | INFO |    ↳ Status 403
2026-09-04 00:53:12,699 | WARNING |    ⚠ Blocked (403) retry 2
2026-09-04 00:53:12,804 | INFO | 🌐 Session warmed
2026-09-04 00:53:13,606 | INFO |    ↳ Status 403
2026-09-04 00:53:13,606 | WARNING |    ⚠ Blocked (403) retry 3
2026-09-04 00:53:13,706 | INFO | 🌐 Session warmed
2026-09-04 00:53:14,263 | INFO |    ↳ Status 403
2026-09-04 00:53:14,263 | WARNING |    ⚠ Blocked (403) retry 3
2026-09-04 00:53:15,407 | INFO | [1007/1901] Fetching Loni (LONI)
2026-09-04 00:53:15,566 | INFO |    ↳ Status 403
2026-09-04 00:53:15,566 | WARNING |    ⚠ Blocked (403) retry 3
2026-09-04 00:53:15,657 | INFO | 🌐 Session warmed
2026-09-04 00:53:16,573 | INFO |    ↳ Status 403
2026-09-04 00:53:16,573 | WARNING |    ⚠ Blocked (403) retry 1
2026-09-04 00:53:16,672 | INFO | 🌐 Session warmed
2026-09-04 00:53:17,706 | INFO | [1008/1901] Fetching Lucknow (LUCK)
2026-09-04 00:53:18,658 | INFO |    ↳ Status 403
2026-09-04 00:53:18,658 | WARNING |    ⚠ Blocked (403) retry 1
2026-09-04 00:53:18,673 | INFO |    ↳ Status 403
2026-09-04 00:53:18,673 | WARNING |    ⚠ Blocked (403) retry 2
2026-09-04 00:53:18,747 | INFO | 🌐 Session warmed
2026-09-04 00:53:18,788 | INFO | 🌐 Session warmed
2026-09-04 00:53:19,657 | INFO | [1009/1901] Fetching Ludhiana (LUDH)
2026-09-04 00:53:20,388 | INFO |    ↳ Status 403
2026-09-04 00:53:20,388 | WARNING |    ⚠ Blocked (403) retry 1
2026-09-04 00:53:20,493 | INFO | 🌐 Session warmed
2026-09-04 00:53:20,732 | INFO |    ↳ Status 403
2026-09-04 00:53:20,732 | WARNING |    ⚠ Blocked (403) retry 2
2026-09-04 00:53:20,824 | INFO | 🌐 Session warmed
2026-09-04 00:53:22,210 | INFO |    ↳ Status 403
2026-09-04 00:53:22,210 | WARNING |    ⚠ Blocked (403) retry 3
2026-09-04 00:53:22,834 | INFO |    ↳ Status 403
2026-09-04 00:53:22,834 | WARNING |    ⚠ Blocked (403) retry 2
2026-09-04 00:53:22,940 | INFO | 🌐 Session warmed
2026-09-04 00:53:23,568 | INFO |    ↳ Status 403
2026-09-04 00:53:23,568 | WARNING |    ⚠ Blocked (403) retry 3
2026-09-04 00:53:24,332 | WARNING | Warmup failed: HTTPSConnectionPool(host='in.bookmyshow.com', port=443): Read timed out. (read timeout=10)
2026-09-04 00:53:25,983 | INFO |    ↳ Status 403
2026-09-04 00:53:25,983 | WARNING |    ⚠ Blocked (403) retry 3
2026-09-04 00:53:26,092 | INFO | 🌐 Session warmed
2026-09-04 00:53:28,333 | INFO | [1010/1901] Fetching Lunawada (LUNA)
2026-09-04 00:53:29,405 | INFO |    ↳ Status 403
2026-09-04 00:53:29,406 | WARNING |    ⚠ Blocked (403) retry 1
2026-09-04 00:53:29,506 | INFO | 🌐 Session warmed
2026-09-04 00:53:30,092 | INFO | [1011/1901] Fetching Luxettipet (LAKS)
2026-09-04 00:53:31,241 | INFO |    ↳ Status 403
2026-09-04 00:53:31,241 | WARNING |    ⚠ Blocked (403) retry 1
2026-09-04 00:53:31,357 | INFO | 🌐 Session warmed
2026-09-04 00:53:31,636 | INFO |    ↳ Status 403
2026-09-04 00:53:31,636 | WARNING |    ⚠ Blocked (403) retry 2
2026-09-04 00:53:31,748 | INFO | 🌐 Session warmed
2026-09-04 00:53:32,281 | WARNING | Warmup failed: HTTPSConnectionPool(host='in.bookmyshow.com', port=443): Read timed out. (read timeout=10)
2026-09-04 00:53:33,134 | INFO |    ↳ Status 403
2026-09-04 00:53:33,134 | WARNING |    ⚠ Blocked (403) retry 2
2026-09-04 00:53:33,231 | INFO | 🌐 Session warmed
2026-09-04 00:53:33,639 | WARNING | Warmup failed: HTTPSConnectionPool(host='in.bookmyshow.com', port=443): Read timed out. (read timeout=10)
2026-09-04 00:53:34,787 | INFO |    ↳ Status 403
2026-09-04 00:53:34,788 | WARNING |    ⚠ Blocked (403) retry 3
2026-09-04 00:53:34,885 | INFO | 🌐 Session warmed
2026-09-04 00:53:35,859 | INFO |    ↳ Status 403
2026-09-04 00:53:35,859 | WARNING |    ⚠ Blocked (403) retry 3
2026-09-04 00:53:35,955 | INFO | 🌐 Session warmed
2026-09-04 00:53:36,281 | INFO | [1012/1901] Fetching MUNNAR (MUNN)
2026-09-04 00:53:37,639 | INFO | [1013/1901] Fetching Macherla (MACH)
2026-09-04 00:53:37,659 | INFO |    ↳ Status 403
2026-09-04 00:53:37,659 | WARNING |    ⚠ Blocked (403) retry 1
2026-09-04 00:53:37,759 | INFO | 🌐 Session warmed
2026-09-04 00:53:38,886 | INFO | [1014/1901] Fetching Machilipatnam (MAPM)
2026-09-04 00:53:38,907 | INFO |    ↳ Status 403
2026-09-04 00:53:38,907 | WARNING |    ⚠ Blocked (403) retry 1
2026-09-04 00:53:39,010 | INFO | 🌐 Session warmed
2026-09-04 00:53:39,622 | INFO |    ↳ Status 403
2026-09-04 00:53:39,622 | WARNING |    ⚠ Blocked (403) retry 2
2026-09-04 00:53:39,724 | INFO | 🌐 Session warmed
2026-09-04 00:53:39,781 | INFO |    ↳ Status 403
2026-09-04 00:53:39,781 | WARNING |    ⚠ Blocked (403) retry 1
2026-09-04 00:53:39,889 | INFO | 🌐 Session warmed
2026-09-04 00:53:39,956 | INFO | [1015/1901] Fetching Madalu (MADA)
2026-09-04 00:53:41,279 | INFO |    ↳ Status 403
2026-09-04 00:53:41,279 | WARNING |    ⚠ Blocked (403) retry 1
2026-09-04 00:53:41,286 | INFO |    ↳ Status 403
2026-09-04 00:53:41,286 | WARNING |    ⚠ Blocked (403) retry 2
2026-09-04 00:53:41,389 | INFO | 🌐 Session warmed
2026-09-04 00:53:41,403 | INFO | 🌐 Session warmed
2026-09-04 00:53:42,023 | INFO |    ↳ Status 403
2026-09-04 00:53:42,023 | WARNING |    ⚠ Blocked (403) retry 2
2026-09-04 00:53:42,129 | INFO | 🌐 Session warmed
2026-09-04 00:53:43,055 | INFO |    ↳ Status 403
2026-09-04 00:53:43,055 | WARNING |    ⚠ Blocked (403) retry 3
2026-09-04 00:53:43,147 | INFO | 🌐 Session warmed
2026-09-04 00:53:43,443 | INFO |    ↳ Status 403
2026-09-04 00:53:43,443 | WARNING |    ⚠ Blocked (403) retry 2
2026-09-04 00:53:43,532 | INFO | 🌐 Session warmed
2026-09-04 00:53:44,790 | INFO |    ↳ Status 403
2026-09-04 00:53:44,790 | WARNING |    ⚠ Blocked (403) retry 3
2026-09-04 00:53:44,906 | INFO | 🌐 Session warmed
2026-09-04 00:53:45,299 | INFO |    ↳ Status 403
2026-09-04 00:53:45,299 | WARNING |    ⚠ Blocked (403) retry 3
2026-09-04 00:53:45,400 | INFO | 🌐 Session warmed
2026-09-04 00:53:46,780 | INFO |    ↳ Status 403
2026-09-04 00:53:46,781 | WARNING |    ⚠ Blocked (403) retry 3
2026-09-04 00:53:46,875 | INFO | 🌐 Session warmed
2026-09-04 00:53:47,147 | INFO | [1016/1901] Fetching Madanapalle (MDNP)
2026-09-04 00:53:48,377 | INFO |    ↳ Status 403
2026-09-04 00:53:48,377 | WARNING |    ⚠ Blocked (403) retry 1
2026-09-04 00:53:48,480 | INFO | 🌐 Session warmed
2026-09-04 00:53:48,907 | INFO | [1017/1901] Fetching Maddur (MADD)
2026-09-04 00:53:49,400 | INFO | [1018/1901] Fetching Madhavaram (MDHA)
2026-09-04 00:53:49,625 | INFO |    ↳ Status 403
2026-09-04 00:53:49,625 | WARNING |    ⚠ Blocked (403) retry 1
2026-09-04 00:53:50,081 | INFO |    ↳ Status 403
2026-09-04 00:53:50,081 | WARNING |    ⚠ Blocked (403) retry 1
2026-09-04 00:53:50,172 | INFO |    ↳ Status 403
2026-09-04 00:53:50,172 | WARNING |    ⚠ Blocked (403) retry 2
2026-09-04 00:53:50,189 | INFO | 🌐 Session warmed
2026-09-04 00:53:50,268 | INFO | 🌐 Session warmed
2026-09-04 00:53:50,876 | INFO | [1019/1901] Fetching Madhepura (MHEA)
2026-09-04 00:53:51,860 | INFO |    ↳ Status 403
2026-09-04 00:53:51,860 | WARNING |    ⚠ Blocked (403) retry 1
2026-09-04 00:53:51,964 | INFO | 🌐 Session warmed
2026-09-04 00:53:52,299 | INFO |    ↳ Status 403
2026-09-04 00:53:52,299 | WARNING |    ⚠ Blocked (403) retry 2
2026-09-04 00:53:52,396 | INFO | 🌐 Session warmed
2026-09-04 00:53:53,193 | INFO |    ↳ Status 403
2026-09-04 00:53:53,193 | WARNING |    ⚠ Blocked (403) retry 3
2026-09-04 00:53:53,285 | INFO | 🌐 Session warmed
2026-09-04 00:53:54,154 | INFO |    ↳ Status 403
2026-09-04 00:53:54,154 | WARNING |    ⚠ Blocked (403) retry 2
2026-09-04 00:53:54,245 | INFO | 🌐 Session warmed
2026-09-04 00:53:55,109 | INFO |    ↳ Status 403
2026-09-04 00:53:55,109 | WARNING |    ⚠ Blocked (403) retry 3
2026-09-04 00:53:55,218 | INFO | 🌐 Session warmed
2026-09-04 00:53:57,053 | INFO |    ↳ Status 403
2026-09-04 00:53:57,053 | WARNING |    ⚠ Blocked (403) retry 3
2026-09-04 00:53:57,152 | INFO | 🌐 Session warmed
2026-09-04 00:53:57,285 | INFO | [1020/1901] Fetching Madhira (MADR)
2026-09-04 00:53:58,345 | INFO |    ↳ Status 403
2026-09-04 00:53:58,345 | WARNING |    ⚠ Blocked (403) retry 1
2026-09-04 00:53:58,452 | INFO | 🌐 Session warmed
2026-09-04 00:53:59,218 | INFO | [1021/1901] Fetching Madhubani (MADZ)
2026-09-04 00:53:59,697 | WARNING | Warmup failed: HTTPSConnectionPool(host='in.bookmyshow.com', port=443): Read timed out. (read timeout=10)
2026-09-04 00:54:00,312 | INFO |    ↳ Status 403
2026-09-04 00:54:00,312 | WARNING |    ⚠ Blocked (403) retry 1
2026-09-04 00:54:00,408 | INFO | 🌐 Session warmed
2026-09-04 00:54:00,747 | INFO |    ↳ Status 403
2026-09-04 00:54:00,747 | WARNING |    ⚠ Blocked (403) retry 2
2026-09-04 00:54:00,837 | INFO | 🌐 Session warmed
2026-09-04 00:54:01,152 | INFO | [1022/1901] Fetching Madikeri (MADI)
2026-09-04 00:54:01,981 | INFO |    ↳ Status 403
2026-09-04 00:54:01,981 | WARNING |    ⚠ Blocked (403) retry 1
2026-09-04 00:54:01,997 | INFO |    ↳ Status 403
2026-09-04 00:54:01,997 | WARNING |    ⚠ Blocked (403) retry 2
2026-09-04 00:54:02,106 | INFO | 🌐 Session warmed
2026-09-04 00:54:02,117 | INFO | 🌐 Session warmed
2026-09-04 00:54:02,755 | INFO |    ↳ Status 403
2026-09-04 00:54:02,755 | WARNING |    ⚠ Blocked (403) retry 2
2026-09-04 00:54:02,859 | INFO | 🌐 Session warmed
2026-09-04 00:54:03,658 | INFO |    ↳ Status 403
2026-09-04 00:54:03,658 | WARNING |    ⚠ Blocked (403) retry 3
2026-09-04 00:54:04,396 | INFO |    ↳ Status 403
2026-09-04 00:54:04,397 | WARNING |    ⚠ Blocked (403) retry 2
2026-09-04 00:54:04,488 | INFO | 🌐 Session warmed
2026-09-04 00:54:04,925 | INFO |    ↳ Status 403
2026-09-04 00:54:04,925 | WARNING |    ⚠ Blocked (403) retry 3
2026-09-04 00:54:05,023 | INFO | 🌐 Session warmed
2026-09-04 00:54:05,817 | INFO |    ↳ Status 403
2026-09-04 00:54:05,817 | WARNING |    ⚠ Blocked (403) retry 3
2026-09-04 00:54:05,913 | INFO | 🌐 Session warmed
2026-09-04 00:54:07,615 | INFO |    ↳ Status 403
2026-09-04 00:54:07,615 | WARNING |    ⚠ Blocked (403) retry 3
2026-09-04 00:54:07,741 | INFO | 🌐 Session warmed
2026-09-04 00:54:09,023 | INFO | [1023/1901] Fetching Madugula (MDGL)
2026-09-04 00:54:09,755 | INFO |    ↳ Status 403
2026-09-04 00:54:09,755 | WARNING |    ⚠ Blocked (403) retry 1
2026-09-04 00:54:09,846 | INFO | 🌐 Session warmed
2026-09-04 00:54:09,914 | INFO | [1024/1901] Fetching Madurai (MADU)
2026-09-04 00:54:10,699 | INFO |    ↳ Status 403
2026-09-04 00:54:10,699 | WARNING |    ⚠ Blocked (403) retry 1
2026-09-04 00:54:10,805 | INFO | 🌐 Session warmed
2026-09-04 00:54:11,611 | INFO |    ↳ Status 403
2026-09-04 00:54:11,611 | WARNING |    ⚠ Blocked (403) retry 2
2026-09-04 00:54:11,700 | INFO | 🌐 Session warmed
2026-09-04 00:54:11,742 | INFO | [1025/1901] Fetching Magadi (MAGA)
2026-09-04 00:54:12,851 | INFO |    ↳ Status 403
2026-09-04 00:54:12,851 | WARNING |    ⚠ Blocked (403) retry 1
2026-09-04 00:54:12,942 | INFO | 🌐 Session warmed
2026-09-04 00:54:13,142 | INFO |    ↳ Status 403
2026-09-04 00:54:13,142 | WARNING |    ⚠ Blocked (403) retry 2
2026-09-04 00:54:13,243 | INFO | 🌐 Session warmed
2026-09-04 00:54:13,724 | WARNING | Warmup failed: HTTPSConnectionPool(host='in.bookmyshow.com', port=443): Read timed out. (read timeout=10)
2026-09-04 00:54:14,579 | INFO |    ↳ Status 403
2026-09-04 00:54:14,579 | WARNING |    ⚠ Blocked (403) retry 3
2026-09-04 00:54:14,618 | INFO |    ↳ Status 403
2026-09-04 00:54:14,618 | WARNING |    ⚠ Blocked (403) retry 2
2026-09-04 00:54:14,685 | INFO | 🌐 Session warmed
2026-09-04 00:54:14,756 | INFO | 🌐 Session warmed
2026-09-04 00:54:15,903 | INFO |    ↳ Status 403
2026-09-04 00:54:15,904 | WARNING |    ⚠ Blocked (403) retry 3
2026-09-04 00:54:16,007 | INFO | 🌐 Session warmed
2026-09-04 00:54:17,544 | INFO |    ↳ Status 403
2026-09-04 00:54:17,544 | WARNING |    ⚠ Blocked (403) retry 3
2026-09-04 00:54:17,653 | INFO | 🌐 Session warmed
2026-09-04 00:54:17,724 | INFO | [1026/1901] Fetching Mahabaleshwar (MABL)
2026-09-04 00:54:18,521 | INFO |    ↳ Status 403
2026-09-04 00:54:18,521 | WARNING |    ⚠ Blocked (403) retry 1
2026-09-04 00:54:18,632 | INFO | 🌐 Session warmed
2026-09-04 00:54:18,686 | INFO | [1027/1901] Fetching Mahabubabad (MAHA)
2026-09-04 00:54:19,658 | INFO |    ↳ Status 403
2026-09-04 00:54:19,658 | WARNING |    ⚠ Blocked (403) retry 1
2026-09-04 00:54:19,791 | INFO | 🌐 Session warmed
2026-09-04 00:54:20,008 | INFO | [1028/1901] Fetching Mahad (MHAD)
2026-09-04 00:54:20,512 | INFO |    ↳ Status 403
2026-09-04 00:54:20,512 | WARNING |    ⚠ Blocked (403) retry 2
2026-09-04 00:54:20,602 | INFO | 🌐 Session warmed
2026-09-04 00:54:21,342 | INFO |    ↳ Status 403
2026-09-04 00:54:21,343 | WARNING |    ⚠ Blocked (403) retry 1
2026-09-04 00:54:21,461 | INFO | 🌐 Session warmed
2026-09-04 00:54:21,649 | INFO |    ↳ Status 403
2026-09-04 00:54:21,649 | WARNING |    ⚠ Blocked (403) retry 2
2026-09-04 00:54:21,653 | INFO | [1029/1901] Fetching Mahalingpur (MAGP)
2026-09-04 00:54:21,737 | INFO | 🌐 Session warmed
2026-09-04 00:54:23,030 | INFO |    ↳ Status 403
2026-09-04 00:54:23,030 | WARNING |    ⚠ Blocked (403) retry 1
2026-09-04 00:54:23,130 | INFO | 🌐 Session warmed
2026-09-04 00:54:23,258 | INFO |    ↳ Status 403
2026-09-04 00:54:23,258 | WARNING |    ⚠ Blocked (403) retry 3
2026-09-04 00:54:23,385 | INFO | 🌐 Session warmed
2026-09-04 00:54:23,443 | INFO |    ↳ Status 403
2026-09-04 00:54:23,443 | WARNING |    ⚠ Blocked (403) retry 2
2026-09-04 00:54:23,533 | INFO | 🌐 Session warmed
2026-09-04 00:54:24,682 | INFO |    ↳ Status 403
2026-09-04 00:54:24,682 | WARNING |    ⚠ Blocked (403) retry 3
2026-09-04 00:54:24,788 | INFO | 🌐 Session warmed
2026-09-04 00:54:24,877 | INFO |    ↳ Status 403
2026-09-04 00:54:24,877 | WARNING |    ⚠ Blocked (403) retry 2
2026-09-04 00:54:24,983 | INFO | 🌐 Session warmed
2026-09-04 00:54:26,956 | INFO |    ↳ Status 403
2026-09-04 00:54:26,956 | WARNING |    ⚠ Blocked (403) retry 3
2026-09-04 00:54:27,060 | INFO | 🌐 Session warmed
2026-09-04 00:54:27,386 | INFO | [1030/1901] Fetching Maharajganj (RAJG)
2026-09-04 00:54:27,709 | INFO |    ↳ Status 403
2026-09-04 00:54:27,710 | WARNING |    ⚠ Blocked (403) retry 3
2026-09-04 00:54:27,841 | INFO | 🌐 Session warmed
2026-09-04 00:54:28,026 | INFO |    ↳ Status 403
2026-09-04 00:54:28,026 | WARNING |    ⚠ Blocked (403) retry 1
2026-09-04 00:54:28,117 | INFO | 🌐 Session warmed
2026-09-04 00:54:28,788 | INFO | [1031/1901] Fetching Mahasamund (MAMU)
2026-09-04 00:54:29,838 | INFO |    ↳ Status 403
2026-09-04 00:54:29,839 | WARNING |    ⚠ Blocked (403) retry 1
2026-09-04 00:54:29,951 | INFO | 🌐 Session warmed
2026-09-04 00:54:30,368 | INFO |    ↳ Status 403
2026-09-04 00:54:30,369 | WARNING |    ⚠ Blocked (403) retry 2
2026-09-04 00:54:30,472 | INFO | 🌐 Session warmed
2026-09-04 00:54:31,061 | INFO | [1032/1901] Fetching Mahbubnagar (MAHB)
2026-09-04 00:54:31,841 | INFO | [1033/1901] Fetching Mahemdavad (MAHM)
2026-09-04 00:54:31,920 | INFO |    ↳ Status 403
2026-09-04 00:54:31,920 | WARNING |    ⚠ Blocked (403) retry 1
2026-09-04 00:54:31,993 | INFO |    ↳ Status 403
2026-09-04 00:54:31,993 | WARNING |    ⚠ Blocked (403) retry 2
2026-09-04 00:54:32,052 | INFO | 🌐 Session warmed
2026-09-04 00:54:32,102 | INFO | 🌐 Session warmed
2026-09-04 00:54:32,562 | INFO |    ↳ Status 403
2026-09-04 00:54:32,562 | WARNING |    ⚠ Blocked (403) retry 1
2026-09-04 00:54:32,679 | INFO | 🌐 Session warmed
2026-09-04 00:54:33,202 | INFO |    ↳ Status 403
2026-09-04 00:54:33,202 | WARNING |    ⚠ Blocked (403) retry 3
2026-09-04 00:54:33,307 | INFO | 🌐 Session warmed
2026-09-04 00:54:33,745 | INFO |    ↳ Status 403
2026-09-04 00:54:33,746 | WARNING |    ⚠ Blocked (403) retry 2
2026-09-04 00:54:33,839 | INFO | 🌐 Session warmed
2026-09-04 00:54:34,395 | INFO |    ↳ Status 403
2026-09-04 00:54:34,396 | WARNING |    ⚠ Blocked (403) retry 2
2026-09-04 00:54:34,488 | INFO | 🌐 Session warmed
2026-09-04 00:54:35,247 | INFO |    ↳ Status 403
2026-09-04 00:54:35,247 | WARNING |    ⚠ Blocked (403) retry 3
2026-09-04 00:54:35,342 | INFO | 🌐 Session warmed
2026-09-04 00:54:37,059 | INFO |    ↳ Status 403
2026-09-04 00:54:37,059 | WARNING |    ⚠ Blocked (403) retry 3
2026-09-04 00:54:37,164 | INFO | 🌐 Session warmed
2026-09-04 00:54:37,307 | INFO | [1034/1901] Fetching Maheshtala (MAHS)
2026-09-04 00:54:37,883 | INFO |    ↳ Status 403
2026-09-04 00:54:37,884 | WARNING |    ⚠ Blocked (403) retry 3
2026-09-04 00:54:38,012 | INFO | 🌐 Session warmed
2026-09-04 00:54:38,513 | INFO |    ↳ Status 403
2026-09-04 00:54:38,513 | WARNING |    ⚠ Blocked (403) retry 1
2026-09-04 00:54:38,602 | INFO | 🌐 Session warmed
2026-09-04 00:54:39,342 | INFO | [1035/1901] Fetching Maheshwar (MAHE)
2026-09-04 00:54:40,736 | INFO |    ↳ Status 403
2026-09-04 00:54:40,736 | WARNING |    ⚠ Blocked (403) retry 1
2026-09-04 00:54:40,831 | INFO | 🌐 Session warmed
2026-09-04 00:54:40,831 | INFO |    ↳ Status 403
2026-09-04 00:54:40,832 | WARNING |    ⚠ Blocked (403) retry 2
2026-09-04 00:54:40,925 | INFO | 🌐 Session warmed
2026-09-04 00:54:41,165 | INFO | [1036/1901] Fetching Maheshwaram (MHSR)
2026-09-04 00:54:42,012 | INFO | [1037/1901] Fetching Mahishadal (MMAI)
2026-09-04 00:54:42,421 | INFO |    ↳ Status 403
2026-09-04 00:54:42,421 | WARNING |    ⚠ Blocked (403) retry 1
2026-09-04 00:54:42,537 | INFO | 🌐 Session warmed
2026-09-04 00:54:42,856 | INFO |    ↳ Status 403
2026-09-04 00:54:42,856 | WARNING |    ⚠ Blocked (403) retry 1
2026-09-04 00:54:42,944 | INFO | 🌐 Session warmed
2026-09-04 00:54:43,071 | INFO |    ↳ Status 403
2026-09-04 00:54:43,071 | WARNING |    ⚠ Blocked (403) retry 2
2026-09-04 00:54:43,169 | INFO | 🌐 Session warmed
2026-09-04 00:54:44,067 | INFO |    ↳ Status 403
2026-09-04 00:54:44,067 | WARNING |    ⚠ Blocked (403) retry 3
2026-09-04 00:54:44,163 | INFO | 🌐 Session warmed
2026-09-04 00:54:44,804 | INFO |    ↳ Status 403
2026-09-04 00:54:44,804 | WARNING |    ⚠ Blocked (403) retry 2
2026-09-04 00:54:44,919 | INFO | 🌐 Session warmed
2026-09-04 00:54:44,946 | INFO |    ↳ Status 403
2026-09-04 00:54:44,946 | WARNING |    ⚠ Blocked (403) retry 2
2026-09-04 00:54:45,030 | INFO | 🌐 Session warmed
2026-09-04 00:54:46,172 | INFO |    ↳ Status 403
2026-09-04 00:54:46,172 | WARNING |    ⚠ Blocked (403) retry 3
2026-09-04 00:54:46,281 | INFO | 🌐 Session warmed
2026-09-04 00:54:47,896 | INFO |    ↳ Status 403
2026-09-04 00:54:47,896 | WARNING |    ⚠ Blocked (403) retry 3
2026-09-04 00:54:47,992 | INFO | 🌐 Session warmed
2026-09-04 00:54:48,163 | INFO | [1038/1901] Fetching Mahudha (MAHU)
2026-09-04 00:54:48,196 | INFO |    ↳ Status 403
2026-09-04 00:54:48,197 | WARNING |    ⚠ Blocked (403) retry 3
2026-09-04 00:54:48,285 | INFO | 🌐 Session warmed
2026-09-04 00:54:49,502 | INFO |    ↳ Status 403
2026-09-04 00:54:49,502 | WARNING |    ⚠ Blocked (403) retry 1
2026-09-04 00:54:49,632 | INFO | 🌐 Session warmed
2026-09-04 00:54:50,282 | INFO | [1039/1901] Fetching Mahuva (MAHV)
2026-09-04 00:54:51,143 | INFO |    ↳ Status 403
2026-09-04 00:54:51,143 | WARNING |    ⚠ Blocked (403) retry 1
2026-09-04 00:54:51,253 | INFO | 🌐 Session warmed
2026-09-04 00:54:51,648 | INFO |    ↳ Status 403
2026-09-04 00:54:51,649 | WARNING |    ⚠ Blocked (403) retry 2
2026-09-04 00:54:51,741 | INFO | 🌐 Session warmed
2026-09-04 00:54:51,992 | INFO | [1040/1901] Fetching Makrana (MAKA)
2026-09-04 00:54:52,285 | INFO | [1041/1901] Fetching Makthal (MAKT)
2026-09-04 00:54:52,934 | INFO |    ↳ Status 403
2026-09-04 00:54:52,935 | WARNING |    ⚠ Blocked (403) retry 1
2026-09-04 00:54:53,022 | INFO |    ↳ Status 403
2026-09-04 00:54:53,022 | WARNING |    ⚠ Blocked (403) retry 1
2026-09-04 00:54:53,028 | INFO | 🌐 Session warmed
2026-09-04 00:54:53,125 | INFO | 🌐 Session warmed
2026-09-04 00:54:53,205 | INFO |    ↳ Status 403
2026-09-04 00:54:53,205 | WARNING |    ⚠ Blocked (403) retry 2
2026-09-04 00:54:53,288 | INFO | 🌐 Session warmed
2026-09-04 00:54:54,755 | INFO |    ↳ Status 403
2026-09-04 00:54:54,756 | WARNING |    ⚠ Blocked (403) retry 2
2026-09-04 00:54:54,861 | INFO | 🌐 Session warmed
2026-09-04 00:54:54,955 | INFO |    ↳ Status 403
2026-09-04 00:54:54,955 | WARNING |    ⚠ Blocked (403) retry 3
2026-09-04 00:54:55,054 | INFO | 🌐 Session warmed
2026-09-04 00:54:55,174 | INFO |    ↳ Status 403
2026-09-04 00:54:55,175 | WARNING |    ⚠ Blocked (403) retry 2
2026-09-04 00:54:55,269 | INFO | 🌐 Session warmed
2026-09-04 00:54:56,582 | INFO |    ↳ Status 403
2026-09-04 00:54:56,582 | WARNING |    ⚠ Blocked (403) retry 3
2026-09-04 00:54:56,678 | INFO | 🌐 Session warmed
2026-09-04 00:54:57,832 | INFO |    ↳ Status 403
2026-09-04 00:54:57,832 | WARNING |    ⚠ Blocked (403) retry 3
2026-09-04 00:54:57,951 | INFO | 🌐 Session warmed
2026-09-04 00:54:58,490 | INFO |    ↳ Status 403
2026-09-04 00:54:58,490 | WARNING |    ⚠ Blocked (403) retry 3
2026-09-04 00:54:58,580 | INFO | 🌐 Session warmed
2026-09-04 00:54:59,055 | INFO | [1042/1901] Fetching Malappuram (MALP)
2026-09-04 00:54:59,943 | INFO |    ↳ Status 403
2026-09-04 00:54:59,943 | WARNING |    ⚠ Blocked (403) retry 1
2026-09-04 00:55:00,048 | INFO | 🌐 Session warmed
2026-09-04 00:55:00,678 | INFO | [1043/1901] Fetching Malda (MALD)
2026-09-04 00:55:01,673 | INFO |    ↳ Status 403
2026-09-04 00:55:01,673 | WARNING |    ⚠ Blocked (403) retry 2
2026-09-04 00:55:01,772 | INFO | 🌐 Session warmed
2026-09-04 00:55:01,931 | INFO |    ↳ Status 403
2026-09-04 00:55:01,931 | WARNING |    ⚠ Blocked (403) retry 1
2026-09-04 00:55:01,952 | INFO | [1044/1901] Fetching Malebennur (MEBN)
2026-09-04 00:55:02,031 | INFO | 🌐 Session warmed
2026-09-04 00:55:02,581 | INFO | [1045/1901] Fetching Malegaon (MALE)
2026-09-04 00:55:03,064 | INFO |    ↳ Status 403
2026-09-04 00:55:03,064 | WARNING |    ⚠ Blocked (403) retry 1
2026-09-04 00:55:03,162 | INFO | 🌐 Session warmed
2026-09-04 00:55:03,616 | INFO |    ↳ Status 403
2026-09-04 00:55:03,616 | WARNING |    ⚠ Blocked (403) retry 1
2026-09-04 00:55:03,708 | INFO | 🌐 Session warmed
2026-09-04 00:55:04,435 | INFO |    ↳ Status 403
2026-09-04 00:55:04,435 | WARNING |    ⚠ Blocked (403) retry 2
2026-09-04 00:55:04,538 | INFO | 🌐 Session warmed
2026-09-04 00:55:04,788 | INFO |    ↳ Status 403
2026-09-04 00:55:04,788 | WARNING |    ⚠ Blocked (403) retry 2
2026-09-04 00:55:04,889 | INFO | 🌐 Session warmed
2026-09-04 00:55:05,144 | INFO |    ↳ Status 403
2026-09-04 00:55:05,145 | WARNING |    ⚠ Blocked (403) retry 3
2026-09-04 00:55:05,238 | INFO | 🌐 Session warmed
2026-09-04 00:55:05,891 | INFO |    ↳ Status 403
2026-09-04 00:55:05,891 | WARNING |    ⚠ Blocked (403) retry 2
2026-09-04 00:55:05,979 | INFO | 🌐 Session warmed
2026-09-04 00:55:07,832 | INFO |    ↳ Status 403
2026-09-04 00:55:07,832 | WARNING |    ⚠ Blocked (403) retry 3
2026-09-04 00:55:07,843 | INFO |    ↳ Status 403
2026-09-04 00:55:07,843 | WARNING |    ⚠ Blocked (403) retry 3
2026-09-04 00:55:07,928 | INFO | 🌐 Session warmed
2026-09-04 00:55:07,943 | INFO | 🌐 Session warmed
2026-09-04 00:55:09,238 | INFO | [1046/1901] Fetching Malerkotla (MALR)
2026-09-04 00:55:09,392 | INFO |    ↳ Status 403
2026-09-04 00:55:09,392 | WARNING |    ⚠ Blocked (403) retry 3
2026-09-04 00:55:09,491 | INFO | 🌐 Session warmed
2026-09-04 00:55:10,626 | INFO |    ↳ Status 403
2026-09-04 00:55:10,626 | WARNING |    ⚠ Blocked (403) retry 1
2026-09-04 00:55:10,716 | INFO | 🌐 Session warmed
2026-09-04 00:55:11,928 | INFO | [1047/1901] Fetching Malikipuram (MALK)
2026-09-04 00:55:11,943 | INFO | [1048/1901] Fetching Malkangiri (MALG)
2026-09-04 00:55:12,590 | INFO |    ↳ Status 403
2026-09-04 00:55:12,590 | WARNING |    ⚠ Blocked (403) retry 1
2026-09-04 00:55:12,642 | INFO |    ↳ Status 403
2026-09-04 00:55:12,642 | WARNING |    ⚠ Blocked (403) retry 1
2026-09-04 00:55:12,645 | INFO |    ↳ Status 403
2026-09-04 00:55:12,645 | WARNING |    ⚠ Blocked (403) retry 2
2026-09-04 00:55:12,725 | INFO | 🌐 Session warmed
2026-09-04 00:55:12,756 | INFO | 🌐 Session warmed
2026-09-04 00:55:12,759 | INFO | 🌐 Session warmed
2026-09-04 00:55:13,491 | INFO | [1049/1901] Fetching Malkapur (MAMA)
2026-09-04 00:55:14,619 | INFO |    ↳ Status 403
2026-09-04 00:55:14,619 | WARNING |    ⚠ Blocked (403) retry 2
2026-09-04 00:55:14,641 | INFO |    ↳ Status 403
2026-09-04 00:55:14,641 | WARNING |    ⚠ Blocked (403) retry 1
2026-09-04 00:55:14,723 | INFO | 🌐 Session warmed
2026-09-04 00:55:14,749 | INFO | 🌐 Session warmed
2026-09-04 00:55:14,989 | INFO |    ↳ Status 403
2026-09-04 00:55:14,989 | WARNING |    ⚠ Blocked (403) retry 2
2026-09-04 00:55:15,079 | INFO | 🌐 Session warmed
2026-09-04 00:55:15,419 | INFO |    ↳ Status 403
2026-09-04 00:55:15,419 | WARNING |    ⚠ Blocked (403) retry 3
2026-09-04 00:55:15,511 | INFO | 🌐 Session warmed
2026-09-04 00:55:16,448 | INFO |    ↳ Status 403
2026-09-04 00:55:16,448 | WARNING |    ⚠ Blocked (403) retry 2
2026-09-04 00:55:16,538 | INFO | 🌐 Session warmed
2026-09-04 00:55:17,926 | INFO |    ↳ Status 403
2026-09-04 00:55:17,926 | WARNING |    ⚠ Blocked (403) retry 3
2026-09-04 00:55:18,020 | INFO | 🌐 Session warmed
2026-09-04 00:55:18,407 | INFO |    ↳ Status 403
2026-09-04 00:55:18,407 | WARNING |    ⚠ Blocked (403) retry 3
2026-09-04 00:55:18,501 | INFO | 🌐 Session warmed
2026-09-04 00:55:19,512 | INFO | [1050/1901] Fetching Mall (MAAL)
2026-09-04 00:55:19,771 | INFO |    ↳ Status 403
2026-09-04 00:55:19,771 | WARNING |    ⚠ Blocked (403) retry 3
2026-09-04 00:55:19,877 | INFO | 🌐 Session warmed
2026-09-04 00:55:20,432 | INFO |    ↳ Status 403
2026-09-04 00:55:20,432 | WARNING |    ⚠ Blocked (403) retry 1
2026-09-04 00:55:20,527 | INFO | 🌐 Session warmed
2026-09-04 00:55:22,020 | INFO | [1051/1901] Fetching Malout (MALO)
2026-09-04 00:55:22,501 | INFO | [1052/1901] Fetching Malur (MLLR)
2026-09-04 00:55:22,784 | INFO |    ↳ Status 403
2026-09-04 00:55:22,784 | WARNING |    ⚠ Blocked (403) retry 1
2026-09-04 00:55:22,805 | INFO |    ↳ Status 403
2026-09-04 00:55:22,805 | WARNING |    ⚠ Blocked (403) retry 2
2026-09-04 00:55:22,900 | INFO | 🌐 Session warmed
2026-09-04 00:55:22,901 | INFO | 🌐 Session warmed
2026-09-04 00:55:23,407 | INFO |    ↳ Status 403
2026-09-04 00:55:23,408 | WARNING |    ⚠ Blocked (403) retry 1
2026-09-04 00:55:23,500 | INFO | 🌐 Session warmed
2026-09-04 00:55:23,877 | INFO | [1053/1901] Fetching Mamallapuram (MMLL)
2026-09-04 00:55:25,210 | INFO |    ↳ Status 403
2026-09-04 00:55:25,210 | WARNING |    ⚠ Blocked (403) retry 1
2026-09-04 00:55:25,300 | INFO | 🌐 Session warmed
2026-09-04 00:55:25,327 | INFO |    ↳ Status 403
2026-09-04 00:55:25,328 | WARNING |    ⚠ Blocked (403) retry 2
2026-09-04 00:55:25,430 | INFO | 🌐 Session warmed
2026-09-04 00:55:25,649 | INFO |    ↳ Status 403
2026-09-04 00:55:25,649 | WARNING |    ⚠ Blocked (403) retry 3
2026-09-04 00:55:25,745 | INFO | 🌐 Session warmed
2026-09-04 00:55:25,816 | INFO |    ↳ Status 403
2026-09-04 00:55:25,816 | WARNING |    ⚠ Blocked (403) retry 2
2026-09-04 00:55:25,906 | INFO | 🌐 Session warmed
2026-09-04 00:55:27,086 | INFO |    ↳ Status 403
2026-09-04 00:55:27,086 | WARNING |    ⚠ Blocked (403) retry 2
2026-09-04 00:55:27,187 | INFO | 🌐 Session warmed
2026-09-04 00:55:28,067 | INFO |    ↳ Status 403
2026-09-04 00:55:28,067 | WARNING |    ⚠ Blocked (403) retry 3
2026-09-04 00:55:28,158 | INFO | 🌐 Session warmed
2026-09-04 00:55:28,759 | INFO |    ↳ Status 403
2026-09-04 00:55:28,759 | WARNING |    ⚠ Blocked (403) retry 3
2026-09-04 00:55:28,848 | INFO | 🌐 Session warmed
2026-09-04 00:55:29,746 | INFO | [1054/1901] Fetching Manali (MANA)
2026-09-04 00:55:29,932 | INFO |    ↳ Status 403
2026-09-04 00:55:29,932 | WARNING |    ⚠ Blocked (403) retry 3
2026-09-04 00:55:30,033 | INFO | 🌐 Session warmed
2026-09-04 00:55:30,378 | INFO |    ↳ Status 403
2026-09-04 00:55:30,379 | WARNING |    ⚠ Blocked (403) retry 1
2026-09-04 00:55:30,482 | INFO | 🌐 Session warmed
2026-09-04 00:55:32,159 | INFO | [1055/1901] Fetching Manamadurai (MNMI)
2026-09-04 00:55:32,485 | INFO |    ↳ Status 403
2026-09-04 00:55:32,485 | WARNING |    ⚠ Blocked (403) retry 2
2026-09-04 00:55:32,591 | INFO | 🌐 Session warmed
2026-09-04 00:55:32,849 | INFO | [1056/1901] Fetching Mananthavady (MAVY)
2026-09-04 00:55:33,264 | INFO |    ↳ Status 403
2026-09-04 00:55:33,264 | WARNING |    ⚠ Blocked (403) retry 1
2026-09-04 00:55:33,343 | INFO | 🌐 Session warmed
2026-09-04 00:55:33,783 | INFO |    ↳ Status 403
2026-09-04 00:55:33,783 | WARNING |    ⚠ Blocked (403) retry 1
2026-09-04 00:55:33,882 | INFO | 🌐 Session warmed
2026-09-04 00:55:34,033 | INFO | [1057/1901] Fetching Manapparai (MAPI)
2026-09-04 00:55:35,284 | INFO |    ↳ Status 403
2026-09-04 00:55:35,284 | WARNING |    ⚠ Blocked (403) retry 1
2026-09-04 00:55:35,364 | INFO |    ↳ Status 403
2026-09-04 00:55:35,364 | WARNING |    ⚠ Blocked (403) retry 2
2026-09-04 00:55:35,382 | INFO | 🌐 Session warmed
2026-09-04 00:55:35,466 | INFO | 🌐 Session warmed
2026-09-04 00:55:35,486 | INFO |    ↳ Status 403
2026-09-04 00:55:35,486 | WARNING |    ⚠ Blocked (403) retry 3
2026-09-04 00:55:35,579 | INFO | 🌐 Session warmed
2026-09-04 00:55:36,178 | INFO |    ↳ Status 403
2026-09-04 00:55:36,178 | WARNING |    ⚠ Blocked (403) retry 2
2026-09-04 00:55:36,268 | INFO | 🌐 Session warmed
2026-09-04 00:55:37,583 | INFO |    ↳ Status 403
2026-09-04 00:55:37,583 | WARNING |    ⚠ Blocked (403) retry 2
2026-09-04 00:55:37,675 | INFO | 🌐 Session warmed
2026-09-04 00:55:38,879 | INFO |    ↳ Status 403
2026-09-04 00:55:38,879 | WARNING |    ⚠ Blocked (403) retry 3
2026-09-04 00:55:38,974 | INFO | 🌐 Session warmed
2026-09-04 00:55:39,045 | INFO |    ↳ Status 403
2026-09-04 00:55:39,045 | WARNING |    ⚠ Blocked (403) retry 3
2026-09-04 00:55:39,133 | INFO | 🌐 Session warmed
2026-09-04 00:55:39,579 | INFO | [1058/1901] Fetching Manawar (MANW)
2026-09-04 00:55:40,817 | INFO |    ↳ Status 403
2026-09-04 00:55:40,817 | WARNING |    ⚠ Blocked (403) retry 1
2026-09-04 00:55:40,916 | INFO | 🌐 Session warmed
2026-09-04 00:55:40,989 | INFO |    ↳ Status 403
2026-09-04 00:55:40,989 | WARNING |    ⚠ Blocked (403) retry 3
2026-09-04 00:55:41,078 | INFO | 🌐 Session warmed
2026-09-04 00:55:42,852 | INFO |    ↳ Status 403
2026-09-04 00:55:42,852 | WARNING |    ⚠ Blocked (403) retry 2
2026-09-04 00:55:42,954 | INFO | 🌐 Session warmed
2026-09-04 00:55:42,974 | INFO | [1059/1901] Fetching Mancherial (MANC)
2026-09-04 00:55:43,134 | INFO | [1060/1901] Fetching Mandapeta (MAND)
2026-09-04 00:55:43,797 | INFO |    ↳ Status 403
2026-09-04 00:55:43,797 | WARNING |    ⚠ Blocked (403) retry 1
2026-09-04 00:55:43,914 | INFO | 🌐 Session warmed
2026-09-04 00:55:44,266 | INFO |    ↳ Status 403
2026-09-04 00:55:44,266 | WARNING |    ⚠ Blocked (403) retry 1
2026-09-04 00:55:44,375 | INFO | 🌐 Session warmed
2026-09-04 00:55:45,079 | INFO | [1061/1901] Fetching Mandarmoni (MNWS)
2026-09-04 00:55:45,744 | INFO |    ↳ Status 403
2026-09-04 00:55:45,744 | WARNING |    ⚠ Blocked (403) retry 2
2026-09-04 00:55:45,850 | INFO | 🌐 Session warmed
2026-09-04 00:55:45,953 | INFO |    ↳ Status 403
2026-09-04 00:55:45,954 | WARNING |    ⚠ Blocked (403) retry 3
2026-09-04 00:55:46,043 | INFO | 🌐 Session warmed
2026-09-04 00:55:46,487 | INFO |    ↳ Status 403
2026-09-04 00:55:46,487 | WARNING |    ⚠ Blocked (403) retry 1
2026-09-04 00:55:46,541 | INFO |    ↳ Status 403
2026-09-04 00:55:46,541 | WARNING |    ⚠ Blocked (403) retry 2
2026-09-04 00:55:46,612 | INFO | 🌐 Session warmed
2026-09-04 00:55:46,641 | INFO | 🌐 Session warmed
2026-09-04 00:55:48,330 | INFO |    ↳ Status 403
2026-09-04 00:55:48,330 | WARNING |    ⚠ Blocked (403) retry 2
2026-09-04 00:55:48,424 | INFO | 🌐 Session warmed
2026-09-04 00:55:48,511 | INFO |    ↳ Status 403
2026-09-04 00:55:48,511 | WARNING |    ⚠ Blocked (403) retry 3
2026-09-04 00:55:48,609 | INFO | 🌐 Session warmed
2026-09-04 00:55:49,690 | INFO |    ↳ Status 403
2026-09-04 00:55:49,690 | WARNING |    ⚠ Blocked (403) retry 3
2026-09-04 00:55:49,789 | INFO | 🌐 Session warmed
2026-09-04 00:55:50,044 | INFO | [1062/1901] Fetching Mandasa (MDAS)
2026-09-04 00:55:51,247 | INFO |    ↳ Status 403
2026-09-04 00:55:51,247 | WARNING |    ⚠ Blocked (403) retry 1
2026-09-04 00:55:51,338 | INFO | 🌐 Session warmed
2026-09-04 00:55:51,556 | INFO |    ↳ Status 403
2026-09-04 00:55:51,556 | WARNING |    ⚠ Blocked (403) retry 3
2026-09-04 00:55:51,658 | INFO | 🌐 Session warmed
2026-09-04 00:55:52,610 | INFO | [1063/1901] Fetching Mandav (MMND)
2026-09-04 00:55:52,999 | INFO |    ↳ Status 403
2026-09-04 00:55:52,999 | WARNING |    ⚠ Blocked (403) retry 2
2026-09-04 00:55:53,095 | INFO | 🌐 Session warmed
2026-09-04 00:55:53,789 | INFO | [1064/1901] Fetching Mandawa (MARJ)
2026-09-04 00:55:53,886 | INFO |    ↳ Status 403
2026-09-04 00:55:53,886 | WARNING |    ⚠ Blocked (403) retry 1
2026-09-04 00:55:53,976 | INFO | 🌐 Session warmed
2026-09-04 00:55:55,108 | INFO |    ↳ Status 403
2026-09-04 00:55:55,108 | WARNING |    ⚠ Blocked (403) retry 1
2026-09-04 00:55:55,279 | INFO | 🌐 Session warmed
2026-09-04 00:55:55,658 | INFO | [1065/1901] Fetching Mandi (MIHP)
2026-09-04 00:55:56,159 | INFO |    ↳ Status 403
2026-09-04 00:55:56,159 | WARNING |    ⚠ Blocked (403) retry 2
2026-09-04 00:55:56,250 | INFO | 🌐 Session warmed
2026-09-04 00:55:56,390 | INFO |    ↳ Status 403
2026-09-04 00:55:56,390 | WARNING |    ⚠ Blocked (403) retry 3
2026-09-04 00:55:56,511 | INFO | 🌐 Session warmed
2026-09-04 00:55:56,565 | INFO |    ↳ Status 403
2026-09-04 00:55:56,565 | WARNING |    ⚠ Blocked (403) retry 1
2026-09-04 00:55:56,680 | INFO | 🌐 Session warmed
2026-09-04 00:55:57,107 | INFO |    ↳ Status 403
2026-09-04 00:55:57,108 | WARNING |    ⚠ Blocked (403) retry 2
2026-09-04 00:55:57,195 | INFO | 🌐 Session warmed
2026-09-04 00:55:58,385 | INFO |    ↳ Status 403
2026-09-04 00:55:58,385 | WARNING |    ⚠ Blocked (403) retry 2
2026-09-04 00:55:58,473 | INFO | 🌐 Session warmed
2026-09-04 00:55:59,477 | INFO |    ↳ Status 403
2026-09-04 00:55:59,477 | WARNING |    ⚠ Blocked (403) retry 3
2026-09-04 00:55:59,563 | INFO | 🌐 Session warmed
2026-09-04 00:56:00,424 | INFO |    ↳ Status 403
2026-09-04 00:56:00,424 | WARNING |    ⚠ Blocked (403) retry 3
2026-09-04 00:56:00,511 | INFO | [1066/1901] Fetching Mandi Dabwali (DABW)
2026-09-04 00:56:00,528 | INFO | 🌐 Session warmed
2026-09-04 00:56:01,110 | INFO |    ↳ Status 403
2026-09-04 00:56:01,110 | WARNING |    ⚠ Blocked (403) retry 3
2026-09-04 00:56:01,220 | INFO | 🌐 Session warmed
2026-09-04 00:56:01,725 | INFO |    ↳ Status 403
2026-09-04 00:56:01,725 | WARNING |    ⚠ Blocked (403) retry 1
2026-09-04 00:56:01,824 | INFO | 🌐 Session warmed
2026-09-04 00:56:03,563 | INFO | [1067/1901] Fetching Mandi Gobindgarh (MBBH)
2026-09-04 00:56:03,780 | INFO |    ↳ Status 403
2026-09-04 00:56:03,780 | WARNING |    ⚠ Blocked (403) retry 2
2026-09-04 00:56:03,905 | INFO | 🌐 Session warmed
2026-09-04 00:56:04,529 | INFO | [1068/1901] Fetching Mandla (MADL)
2026-09-04 00:56:04,681 | INFO |    ↳ Status 403
2026-09-04 00:56:04,681 | WARNING |    ⚠ Blocked (403) retry 1
2026-09-04 00:56:04,796 | INFO | 🌐 Session warmed
2026-09-04 00:56:05,220 | INFO | [1069/1901] Fetching Mandsaur (MNDS)
2026-09-04 00:56:05,933 | INFO |    ↳ Status 403
2026-09-04 00:56:05,933 | WARNING |    ⚠ Blocked (403) retry 1
2026-09-04 00:56:06,028 | INFO | 🌐 Session warmed
2026-09-04 00:56:06,240 | INFO |    ↳ Status 403
2026-09-04 00:56:06,240 | WARNING |    ⚠ Blocked (403) retry 1
2026-09-04 00:56:06,336 | INFO | 🌐 Session warmed
2026-09-04 00:56:06,526 | INFO |    ↳ Status 403
2026-09-04 00:56:06,526 | WARNING |    ⚠ Blocked (403) retry 2
2026-09-04 00:56:06,627 | INFO | 🌐 Session warmed
2026-09-04 00:56:07,118 | INFO |    ↳ Status 403
2026-09-04 00:56:07,118 | WARNING |    ⚠ Blocked (403) retry 3
2026-09-04 00:56:07,217 | INFO | 🌐 Session warmed
2026-09-04 00:56:08,199 | INFO |    ↳ Status 403
2026-09-04 00:56:08,199 | WARNING |    ⚠ Blocked (403) retry 2
2026-09-04 00:56:08,306 | INFO | 🌐 Session warmed
2026-09-04 00:56:08,372 | INFO |    ↳ Status 403
2026-09-04 00:56:08,372 | WARNING |    ⚠ Blocked (403) retry 2
2026-09-04 00:56:08,462 | INFO | 🌐 Session warmed
2026-09-04 00:56:09,550 | INFO |    ↳ Status 403
2026-09-04 00:56:09,551 | WARNING |    ⚠ Blocked (403) retry 3
2026-09-04 00:56:09,659 | INFO | 🌐 Session warmed
2026-09-04 00:56:11,217 | INFO | [1070/1901] Fetching Mandvi (MAVI)
2026-09-04 00:56:11,316 | INFO |    ↳ Status 403
2026-09-04 00:56:11,316 | WARNING |    ⚠ Blocked (403) retry 3
2026-09-04 00:56:11,417 | INFO | 🌐 Session warmed
2026-09-04 00:56:11,540 | INFO |    ↳ Status 403
2026-09-04 00:56:11,540 | WARNING |    ⚠ Blocked (403) retry 3
2026-09-04 00:56:11,640 | INFO | 🌐 Session warmed
2026-09-04 00:56:12,266 | INFO |    ↳ Status 403
2026-09-04 00:56:12,266 | WARNING |    ⚠ Blocked (403) retry 1
2026-09-04 00:56:12,380 | INFO | 🌐 Session warmed
2026-09-04 00:56:13,660 | INFO | [1071/1901] Fetching Mandwa (MNDW)
2026-09-04 00:56:14,213 | INFO |    ↳ Status 403
2026-09-04 00:56:14,213 | WARNING |    ⚠ Blocked (403) retry 2
2026-09-04 00:56:14,329 | INFO |    ↳ Status 403
2026-09-04 00:56:14,329 | WARNING |    ⚠ Blocked (403) retry 1
2026-09-04 00:56:14,448 | INFO | 🌐 Session warmed
2026-09-04 00:56:15,418 | INFO | [1072/1901] Fetching Mandya (MND)
2026-09-04 00:56:15,641 | INFO | [1073/1901] Fetching Manendragarh (MANE)
2026-09-04 00:56:16,070 | INFO |    ↳ Status 403
2026-09-04 00:56:16,070 | WARNING |    ⚠ Blocked (403) retry 1
2026-09-04 00:56:16,178 | INFO | 🌐 Session warmed
2026-09-04 00:56:16,744 | INFO |    ↳ Status 403
2026-09-04 00:56:16,744 | WARNING |    ⚠ Blocked (403) retry 2
2026-09-04 00:56:16,860 | INFO | 🌐 Session warmed
2026-09-04 00:56:16,880 | INFO |    ↳ Status 403
2026-09-04 00:56:16,880 | WARNING |    ⚠ Blocked (403) retry 1
2026-09-04 00:56:16,998 | INFO | 🌐 Session warmed
2026-09-04 00:56:18,359 | INFO |    ↳ Status 403
2026-09-04 00:56:18,359 | WARNING |    ⚠ Blocked (403) retry 2
2026-09-04 00:56:18,451 | INFO | 🌐 Session warmed
2026-09-04 00:56:18,817 | INFO |    ↳ Status 403
2026-09-04 00:56:18,817 | WARNING |    ⚠ Blocked (403) retry 2
2026-09-04 00:56:18,927 | INFO | 🌐 Session warmed
2026-09-04 00:56:19,597 | INFO |    ↳ Status 403
2026-09-04 00:56:19,598 | WARNING |    ⚠ Blocked (403) retry 3
2026-09-04 00:56:19,718 | INFO | 🌐 Session warmed
2026-09-04 00:56:21,558 | INFO |    ↳ Status 403
2026-09-04 00:56:21,558 | WARNING |    ⚠ Blocked (403) retry 3
2026-09-04 00:56:21,669 | INFO | 🌐 Session warmed
2026-09-04 00:56:21,845 | INFO |    ↳ Status 403
2026-09-04 00:56:21,845 | WARNING |    ⚠ Blocked (403) retry 3
2026-09-04 00:56:21,937 | INFO | 🌐 Session warmed
2026-09-04 00:56:23,719 | INFO | [1074/1901] Fetching Mangalagiri (MGLR)
2026-09-04 00:56:24,283 | WARNING | Warmup failed: HTTPSConnectionPool(host='in.bookmyshow.com', port=443): Read timed out. (read timeout=10)
2026-09-04 00:56:24,993 | INFO |    ↳ Status 403
2026-09-04 00:56:24,993 | WARNING |    ⚠ Blocked (403) retry 1
2026-09-04 00:56:25,129 | INFO | 🌐 Session warmed
2026-09-04 00:56:25,669 | INFO | [1075/1901] Fetching Mangaldoi (MANG)
2026-09-04 00:56:25,938 | INFO | [1076/1901] Fetching Mangaluru (Mangalore) (MLR)
2026-09-04 00:56:26,427 | INFO |    ↳ Status 403
2026-09-04 00:56:26,428 | WARNING |    ⚠ Blocked (403) retry 1
2026-09-04 00:56:26,516 | INFO | 🌐 Session warmed
2026-09-04 00:56:26,943 | INFO |    ↳ Status 403
2026-09-04 00:56:26,943 | WARNING |    ⚠ Blocked (403) retry 1
2026-09-04 00:56:27,053 | INFO | 🌐 Session warmed
2026-09-04 00:56:27,147 | INFO |    ↳ Status 403
2026-09-04 00:56:27,147 | WARNING |    ⚠ Blocked (403) retry 3
2026-09-04 00:56:27,250 | INFO | 🌐 Session warmed
2026-09-04 00:56:27,531 | INFO |    ↳ Status 403
2026-09-04 00:56:27,531 | WARNING |    ⚠ Blocked (403) retry 2
2026-09-04 00:56:27,622 | INFO | 🌐 Session warmed
2026-09-04 00:56:28,252 | INFO |    ↳ Status 403
2026-09-04 00:56:28,252 | WARNING |    ⚠ Blocked (403) retry 2
2026-09-04 00:56:28,343 | INFO | 🌐 Session warmed
2026-09-04 00:56:29,398 | INFO |    ↳ Status 403
2026-09-04 00:56:29,398 | WARNING |    ⚠ Blocked (403) retry 2
2026-09-04 00:56:29,525 | INFO | 🌐 Session warmed
2026-09-04 00:56:31,003 | INFO |    ↳ Status 403
2026-09-04 00:56:31,004 | WARNING |    ⚠ Blocked (403) retry 3
2026-09-04 00:56:31,038 | INFO |    ↳ Status 403
2026-09-04 00:56:31,038 | WARNING |    ⚠ Blocked (403) retry 3
2026-09-04 00:56:31,107 | INFO | 🌐 Session warmed
2026-09-04 00:56:31,138 | INFO | 🌐 Session warmed
2026-09-04 00:56:31,251 | INFO | [1077/1901] Fetching Mangalwedha (MNGW)
2026-09-04 00:56:31,981 | INFO |    ↳ Status 403
2026-09-04 00:56:31,981 | WARNING |    ⚠ Blocked (403) retry 1
2026-09-04 00:56:32,088 | INFO | 🌐 Session warmed
2026-09-04 00:56:32,411 | INFO |    ↳ Status 403
2026-09-04 00:56:32,411 | WARNING |    ⚠ Blocked (403) retry 3
2026-09-04 00:56:32,498 | INFO | 🌐 Session warmed
2026-09-04 00:56:33,889 | INFO |    ↳ Status 403
2026-09-04 00:56:33,889 | WARNING |    ⚠ Blocked (403) retry 2
2026-09-04 00:56:33,999 | INFO | 🌐 Session warmed
2026-09-04 00:56:35,107 | INFO | [1078/1901] Fetching Mangar (MNGR)
2026-09-04 00:56:35,139 | INFO | [1079/1901] Fetching Manikonda (AP) (MNAP)
2026-09-04 00:56:35,937 | INFO |    ↳ Status 403
2026-09-04 00:56:35,938 | WARNING |    ⚠ Blocked (403) retry 1
2026-09-04 00:56:36,068 | INFO | 🌐 Session warmed
2026-09-04 00:56:36,499 | INFO | [1080/1901] Fetching Manipal (MANI)
2026-09-04 00:56:36,506 | INFO |    ↳ Status 403
2026-09-04 00:56:36,506 | WARNING |    ⚠ Blocked (403) retry 1
2026-09-04 00:56:36,594 | INFO | 🌐 Session warmed
2026-09-04 00:56:37,235 | INFO |    ↳ Status 403
2026-09-04 00:56:37,235 | WARNING |    ⚠ Blocked (403) retry 1
2026-09-04 00:56:37,314 | INFO | 🌐 Session warmed
2026-09-04 00:56:37,376 | INFO |    ↳ Status 403
2026-09-04 00:56:37,376 | WARNING |    ⚠ Blocked (403) retry 3
2026-09-04 00:56:37,467 | INFO | 🌐 Session warmed
2026-09-04 00:56:37,708 | INFO |    ↳ Status 403
2026-09-04 00:56:37,709 | WARNING |    ⚠ Blocked (403) retry 2
2026-09-04 00:56:37,827 | INFO | 🌐 Session warmed
2026-09-04 00:56:38,536 | INFO |    ↳ Status 403
2026-09-04 00:56:38,536 | WARNING |    ⚠ Blocked (403) retry 2
2026-09-04 00:56:38,640 | INFO | 🌐 Session warmed
2026-09-04 00:56:39,061 | INFO |    ↳ Status 403
2026-09-04 00:56:39,061 | WARNING |    ⚠ Blocked (403) retry 2
2026-09-04 00:56:39,136 | INFO | 🌐 Session warmed
2026-09-04 00:56:40,749 | INFO |    ↳ Status 403
2026-09-04 00:56:40,749 | WARNING |    ⚠ Blocked (403) retry 3
2026-09-04 00:56:40,842 | INFO | 🌐 Session warmed
2026-09-04 00:56:41,468 | INFO | [1081/1901] Fetching Manjeri (MAJR)
2026-09-04 00:56:41,873 | INFO |    ↳ Status 403
2026-09-04 00:56:41,873 | WARNING |    ⚠ Blocked (403) retry 3
2026-09-04 00:56:41,874 | INFO |    ↳ Status 403
2026-09-04 00:56:41,874 | WARNING |    ⚠ Blocked (403) retry 3
2026-09-04 00:56:41,989 | INFO | 🌐 Session warmed
2026-09-04 00:56:42,007 | INFO | 🌐 Session warmed
2026-09-04 00:56:42,532 | INFO |    ↳ Status 403
2026-09-04 00:56:42,533 | WARNING |    ⚠ Blocked (403) retry 1
2026-09-04 00:56:42,637 | INFO | 🌐 Session warmed
2026-09-04 00:56:44,842 | INFO | [1082/1901] Fetching Manmad (MNMD)
2026-09-04 00:56:44,978 | INFO |    ↳ Status 403
2026-09-04 00:56:44,978 | WARNING |    ⚠ Blocked (403) retry 2
2026-09-04 00:56:45,078 | INFO | 🌐 Session warmed
2026-09-04 00:56:45,989 | INFO | [1083/1901] Fetching Mannargudi (MANB)
2026-09-04 00:56:46,008 | INFO | [1084/1901] Fetching Mannarkkad (MKKA)
2026-09-04 00:56:46,154 | INFO |    ↳ Status 403
2026-09-04 00:56:46,154 | WARNING |    ⚠ Blocked (403) retry 1
2026-09-04 00:56:46,244 | INFO | 🌐 Session warmed
2026-09-04 00:56:46,764 | INFO |    ↳ Status 403
2026-09-04 00:56:46,765 | WARNING |    ⚠ Blocked (403) retry 1
2026-09-04 00:56:46,875 | INFO | 🌐 Session warmed
2026-09-04 00:56:47,019 | INFO |    ↳ Status 403
2026-09-04 00:56:47,019 | WARNING |    ⚠ Blocked (403) retry 1
2026-09-04 00:56:47,115 | INFO | 🌐 Session warmed
2026-09-04 00:56:47,735 | INFO |    ↳ Status 403
2026-09-04 00:56:47,735 | WARNING |    ⚠ Blocked (403) retry 3
2026-09-04 00:56:47,823 | INFO | 🌐 Session warmed
2026-09-04 00:56:48,531 | INFO |    ↳ Status 403
2026-09-04 00:56:48,532 | WARNING |    ⚠ Blocked (403) retry 2
2026-09-04 00:56:48,643 | INFO | 🌐 Session warmed
2026-09-04 00:56:49,153 | INFO |    ↳ Status 403
2026-09-04 00:56:49,153 | WARNING |    ⚠ Blocked (403) retry 2
2026-09-04 00:56:49,243 | INFO | 🌐 Session warmed
2026-09-04 00:56:49,275 | INFO |    ↳ Status 403
2026-09-04 00:56:49,275 | WARNING |    ⚠ Blocked (403) retry 2
2026-09-04 00:56:49,367 | INFO | 🌐 Session warmed
2026-09-04 00:56:51,808 | INFO |    ↳ Status 403
2026-09-04 00:56:51,808 | WARNING |    ⚠ Blocked (403) retry 3
2026-09-04 00:56:51,824 | INFO | [1085/1901] Fetching Mannur (MANR)
2026-09-04 00:56:51,922 | INFO | 🌐 Session warmed
2026-09-04 00:56:52,203 | INFO |    ↳ Status 403
2026-09-04 00:56:52,203 | WARNING |    ⚠ Blocked (403) retry 3
2026-09-04 00:56:52,317 | INFO | 🌐 Session warmed
2026-09-04 00:56:52,687 | INFO |    ↳ Status 403
2026-09-04 00:56:52,687 | WARNING |    ⚠ Blocked (403) retry 3
2026-09-04 00:56:52,804 | INFO | 🌐 Session warmed
2026-09-04 00:56:53,137 | INFO |    ↳ Status 403
2026-09-04 00:56:53,137 | WARNING |    ⚠ Blocked (403) retry 1
2026-09-04 00:56:53,228 | INFO | 🌐 Session warmed
2026-09-04 00:56:55,089 | INFO |    ↳ Status 403
2026-09-04 00:56:55,089 | WARNING |    ⚠ Blocked (403) retry 2
2026-09-04 00:56:55,212 | INFO | 🌐 Session warmed
2026-09-04 00:56:55,922 | INFO | [1086/1901] Fetching Mansa (MNSA)
2026-09-04 00:56:56,317 | INFO | [1087/1901] Fetching Manthani (MATY)
2026-09-04 00:56:56,587 | INFO |    ↳ Status 403
2026-09-04 00:56:56,587 | WARNING |    ⚠ Blocked (403) retry 1
2026-09-04 00:56:56,688 | INFO | 🌐 Session warmed
2026-09-04 00:56:56,805 | INFO | [1088/1901] Fetching Manuguru (MNGU)
2026-09-04 00:56:57,706 | INFO |    ↳ Status 403
2026-09-04 00:56:57,706 | WARNING |    ⚠ Blocked (403) retry 1
2026-09-04 00:56:57,811 | INFO | 🌐 Session warmed
2026-09-04 00:56:57,919 | INFO |    ↳ Status 403
2026-09-04 00:56:57,919 | WARNING |    ⚠ Blocked (403) retry 1
2026-09-04 00:56:58,010 | INFO | 🌐 Session warmed
2026-09-04 00:56:58,099 | INFO |    ↳ Status 403
2026-09-04 00:56:58,099 | WARNING |    ⚠ Blocked (403) retry 3
2026-09-04 00:56:58,187 | INFO | 🌐 Session warmed
2026-09-04 00:56:58,996 | INFO |    ↳ Status 403
2026-09-04 00:56:58,996 | WARNING |    ⚠ Blocked (403) retry 2
2026-09-04 00:56:59,100 | INFO | 🌐 Session warmed
2026-09-04 00:56:59,947 | INFO |    ↳ Status 403
2026-09-04 00:56:59,947 | WARNING |    ⚠ Blocked (403) retry 2
2026-09-04 00:57:00,052 | INFO | 🌐 Session warmed
2026-09-04 00:57:00,069 | INFO |    ↳ Status 403
2026-09-04 00:57:00,069 | WARNING |    ⚠ Blocked (403) retry 2
2026-09-04 00:57:00,186 | INFO | 🌐 Session warmed
2026-09-04 00:57:02,187 | INFO | [1089/1901] Fetching Manvi (MLAK)
2026-09-04 00:57:02,300 | INFO |    ↳ Status 403
2026-09-04 00:57:02,300 | WARNING |    ⚠ Blocked (403) retry 3
2026-09-04 00:57:02,405 | INFO | 🌐 Session warmed
2026-09-04 00:57:02,703 | INFO |    ↳ Status 403
2026-09-04 00:57:02,703 | WARNING |    ⚠ Blocked (403) retry 3
2026-09-04 00:57:02,808 | INFO | 🌐 Session warmed
2026-09-04 00:57:02,972 | INFO |    ↳ Status 403
2026-09-04 00:57:02,972 | WARNING |    ⚠ Blocked (403) retry 1
2026-09-04 00:57:03,003 | INFO |    ↳ Status 403
2026-09-04 00:57:03,003 | WARNING |    ⚠ Blocked (403) retry 3
2026-09-04 00:57:03,071 | INFO | 🌐 Session warmed
2026-09-04 00:57:03,110 | INFO | 🌐 Session warmed
2026-09-04 00:57:05,432 | INFO |    ↳ Status 403
2026-09-04 00:57:05,432 | WARNING |    ⚠ Blocked (403) retry 2
2026-09-04 00:57:05,533 | INFO | 🌐 Session warmed
2026-09-04 00:57:06,406 | INFO | [1090/1901] Fetching Maraimalai Nagar (MMNR)
2026-09-04 00:57:06,808 | INFO | [1091/1901] Fetching Marayur (MAYR)
2026-09-04 00:57:07,070 | INFO |    ↳ Status 403
2026-09-04 00:57:07,070 | WARNING |    ⚠ Blocked (403) retry 1
2026-09-04 00:57:07,111 | INFO | [1092/1901] Fetching Margao (MARG)
2026-09-04 00:57:07,186 | INFO | 🌐 Session warmed
2026-09-04 00:57:07,911 | INFO |    ↳ Status 403
2026-09-04 00:57:07,912 | WARNING |    ⚠ Blocked (403) retry 1
2026-09-04 00:57:07,973 | INFO |    ↳ Status 403
2026-09-04 00:57:07,973 | WARNING |    ⚠ Blocked (403) retry 1
2026-09-04 00:57:08,006 | INFO | 🌐 Session warmed
2026-09-04 00:57:08,065 | INFO | 🌐 Session warmed
2026-09-04 00:57:08,497 | INFO |    ↳ Status 403
2026-09-04 00:57:08,497 | WARNING |    ⚠ Blocked (403) retry 3
2026-09-04 00:57:08,589 | INFO | 🌐 Session warmed
2026-09-04 00:57:08,992 | INFO |    ↳ Status 403
2026-09-04 00:57:08,992 | WARNING |    ⚠ Blocked (403) retry 2
2026-09-04 00:57:09,088 | INFO | 🌐 Session warmed
2026-09-04 00:57:10,051 | INFO |    ↳ Status 403
2026-09-04 00:57:10,051 | WARNING |    ⚠ Blocked (403) retry 2
2026-09-04 00:57:10,135 | INFO | 🌐 Session warmed
2026-09-04 00:57:10,160 | INFO |    ↳ Status 403
2026-09-04 00:57:10,160 | WARNING |    ⚠ Blocked (403) retry 2
2026-09-04 00:57:10,258 | INFO | 🌐 Session warmed
2026-09-04 00:57:11,845 | INFO |    ↳ Status 403
2026-09-04 00:57:11,845 | WARNING |    ⚠ Blocked (403) retry 3
2026-09-04 00:57:11,932 | INFO | 🌐 Session warmed
2026-09-04 00:57:12,590 | INFO | [1093/1901] Fetching Margherita (MARH)
2026-09-04 00:57:12,954 | INFO |    ↳ Status 403
2026-09-04 00:57:12,954 | WARNING |    ⚠ Blocked (403) retry 3
2026-09-04 00:57:13,045 | INFO | 🌐 Session warmed
2026-09-04 00:57:13,467 | INFO |    ↳ Status 403
2026-09-04 00:57:13,467 | WARNING |    ⚠ Blocked (403) retry 3
2026-09-04 00:57:13,575 | INFO | 🌐 Session warmed
2026-09-04 00:57:13,682 | INFO |    ↳ Status 403
2026-09-04 00:57:13,682 | WARNING |    ⚠ Blocked (403) retry 1
2026-09-04 00:57:13,799 | INFO | 🌐 Session warmed
2026-09-04 00:57:15,933 | INFO | [1094/1901] Fetching Markapur (MARK)
2026-09-04 00:57:16,029 | INFO |    ↳ Status 403
2026-09-04 00:57:16,029 | WARNING |    ⚠ Blocked (403) retry 2
2026-09-04 00:57:16,126 | INFO | 🌐 Session warmed
2026-09-04 00:57:16,620 | INFO |    ↳ Status 403
2026-09-04 00:57:16,621 | WARNING |    ⚠ Blocked (403) retry 1
2026-09-04 00:57:16,711 | INFO | 🌐 Session warmed
2026-09-04 00:57:17,045 | INFO | [1095/1901] Fetching Marpalle (MRPL)
2026-09-04 00:57:17,575 | INFO | [1096/1901] Fetching Marripeda (MARR)
2026-09-04 00:57:17,734 | INFO |    ↳ Status 403
2026-09-04 00:57:17,734 | WARNING |    ⚠ Blocked (403) retry 1
2026-09-04 00:57:17,837 | INFO | 🌐 Session warmed
2026-09-04 00:57:18,371 | INFO |    ↳ Status 403
2026-09-04 00:57:18,372 | WARNING |    ⚠ Blocked (403) retry 2
2026-09-04 00:57:18,501 | INFO | 🌐 Session warmed
2026-09-04 00:57:18,984 | INFO |    ↳ Status 403
2026-09-04 00:57:18,984 | WARNING |    ⚠ Blocked (403) retry 1
2026-09-04 00:57:19,081 | INFO | 🌐 Session warmed
2026-09-04 00:57:19,334 | INFO |    ↳ Status 403
2026-09-04 00:57:19,334 | WARNING |    ⚠ Blocked (403) retry 3
2026-09-04 00:57:19,428 | INFO | 🌐 Session warmed
2026-09-04 00:57:19,807 | INFO |    ↳ Status 403
2026-09-04 00:57:19,808 | WARNING |    ⚠ Blocked (403) retry 2
2026-09-04 00:57:19,899 | INFO | 🌐 Session warmed
2026-09-04 00:57:20,891 | INFO |    ↳ Status 403
2026-09-04 00:57:20,891 | WARNING |    ⚠ Blocked (403) retry 2
2026-09-04 00:57:21,014 | INFO | 🌐 Session warmed
2026-09-04 00:57:21,302 | INFO |    ↳ Status 403
2026-09-04 00:57:21,302 | WARNING |    ⚠ Blocked (403) retry 3
2026-09-04 00:57:21,399 | INFO | 🌐 Session warmed
2026-09-04 00:57:22,716 | INFO |    ↳ Status 403
2026-09-04 00:57:22,716 | WARNING |    ⚠ Blocked (403) retry 3
2026-09-04 00:57:22,809 | INFO | 🌐 Session warmed
2026-09-04 00:57:23,428 | INFO | [1097/1901] Fetching Marthandam (MRDM)
2026-09-04 00:57:24,430 | INFO |    ↳ Status 403
2026-09-04 00:57:24,430 | WARNING |    ⚠ Blocked (403) retry 1
2026-09-04 00:57:24,435 | INFO |    ↳ Status 403
2026-09-04 00:57:24,435 | WARNING |    ⚠ Blocked (403) retry 3
2026-09-04 00:57:24,556 | INFO | 🌐 Session warmed
2026-09-04 00:57:24,557 | INFO | 🌐 Session warmed
2026-09-04 00:57:25,400 | INFO | [1098/1901] Fetching Martur (MART)
2026-09-04 00:57:26,573 | INFO |    ↳ Status 403
2026-09-04 00:57:26,573 | WARNING |    ⚠ Blocked (403) retry 1
2026-09-04 00:57:26,631 | INFO |    ↳ Status 403
2026-09-04 00:57:26,631 | WARNING |    ⚠ Blocked (403) retry 2
2026-09-04 00:57:26,680 | INFO | 🌐 Session warmed
2026-09-04 00:57:26,720 | INFO | 🌐 Session warmed
2026-09-04 00:57:26,810 | INFO | [1099/1901] Fetching Maslandapur (MASL)
2026-09-04 00:57:28,136 | INFO |    ↳ Status 403
2026-09-04 00:57:28,137 | WARNING |    ⚠ Blocked (403) retry 1
2026-09-04 00:57:28,231 | INFO | 🌐 Session warmed
2026-09-04 00:57:28,557 | INFO | [1100/1901] Fetching Math Chandipur (MPUR)
2026-09-04 00:57:28,970 | INFO |    ↳ Status 403
2026-09-04 00:57:28,971 | WARNING |    ⚠ Blocked (403) retry 2
2026-09-04 00:57:29,069 | INFO | 🌐 Session warmed
2026-09-04 00:57:29,548 | INFO |    ↳ Status 403
2026-09-04 00:57:29,548 | WARNING |    ⚠ Blocked (403) retry 1
2026-09-04 00:57:29,589 | INFO |    ↳ Status 403
2026-09-04 00:57:29,589 | WARNING |    ⚠ Blocked (403) retry 3
2026-09-04 00:57:29,648 | INFO | 🌐 Session warmed
2026-09-04 00:57:29,701 | INFO | 🌐 Session warmed
2026-09-04 00:57:30,128 | INFO |    ↳ Status 403
2026-09-04 00:57:30,128 | WARNING |    ⚠ Blocked (403) retry 2
2026-09-04 00:57:31,633 | INFO |    ↳ Status 403
2026-09-04 00:57:31,633 | WARNING |    ⚠ Blocked (403) retry 2
2026-09-04 00:57:31,741 | INFO | 🌐 Session warmed
2026-09-04 00:57:31,940 | INFO |    ↳ Status 403
2026-09-04 00:57:31,940 | WARNING |    ⚠ Blocked (403) retry 3
2026-09-04 00:57:32,046 | INFO | 🌐 Session warmed
2026-09-04 00:57:33,702 | INFO | [1101/1901] Fetching Mathabhanga (MABH)
2026-09-04 00:57:34,502 | INFO |    ↳ Status 403
2026-09-04 00:57:34,503 | WARNING |    ⚠ Blocked (403) retry 1
2026-09-04 00:57:34,565 | INFO |    ↳ Status 403
2026-09-04 00:57:34,565 | WARNING |    ⚠ Blocked (403) retry 3
2026-09-04 00:57:34,594 | INFO | 🌐 Session warmed
2026-09-04 00:57:34,679 | INFO | 🌐 Session warmed
2026-09-04 00:57:36,046 | INFO | [1102/1901] Fetching Mathura (MATH)
2026-09-04 00:57:36,258 | INFO |    ↳ Status 403
2026-09-04 00:57:36,258 | WARNING |    ⚠ Blocked (403) retry 2
2026-09-04 00:57:36,352 | INFO | 🌐 Session warmed
2026-09-04 00:57:37,163 | INFO |    ↳ Status 403
2026-09-04 00:57:37,163 | WARNING |    ⚠ Blocked (403) retry 1
2026-09-04 00:57:37,267 | INFO | 🌐 Session warmed
2026-09-04 00:57:38,679 | INFO | [1103/1901] Fetching Mattannur (MATT)
2026-09-04 00:57:39,230 | INFO |    ↳ Status 403
2026-09-04 00:57:39,230 | WARNING |    ⚠ Blocked (403) retry 3
2026-09-04 00:57:39,314 | INFO |    ↳ Status 403
2026-09-04 00:57:39,314 | WARNING |    ⚠ Blocked (403) retry 2
2026-09-04 00:57:39,321 | INFO | 🌐 Session warmed
2026-09-04 00:57:39,394 | INFO | 🌐 Session warmed
2026-09-04 00:57:39,948 | INFO |    ↳ Status 403
2026-09-04 00:57:39,948 | WARNING |    ⚠ Blocked (403) retry 1
2026-09-04 00:57:40,037 | INFO | 🌐 Session warmed
2026-09-04 00:57:40,191 | WARNING | Warmup failed: HTTPSConnectionPool(host='in.bookmyshow.com', port=443): Read timed out. (read timeout=10)
2026-09-04 00:57:41,741 | INFO |    ↳ Status 403
2026-09-04 00:57:41,741 | WARNING |    ⚠ Blocked (403) retry 2
2026-09-04 00:57:41,831 | INFO | 🌐 Session warmed
2026-09-04 00:57:42,781 | INFO |    ↳ Status 403
2026-09-04 00:57:42,781 | WARNING |    ⚠ Blocked (403) retry 3
2026-09-04 00:57:42,871 | INFO | 🌐 Session warmed
2026-09-04 00:57:43,213 | INFO |    ↳ Status 403
2026-09-04 00:57:43,213 | WARNING |    ⚠ Blocked (403) retry 3
2026-09-04 00:57:43,319 | INFO | 🌐 Session warmed
2026-09-04 00:57:43,321 | INFO | [1104/1901] Fetching Mau (MAAU)
2026-09-04 00:57:44,485 | INFO |    ↳ Status 403
2026-09-04 00:57:44,485 | WARNING |    ⚠ Blocked (403) retry 3
2026-09-04 00:57:44,536 | INFO |    ↳ Status 403
2026-09-04 00:57:44,536 | WARNING |    ⚠ Blocked (403) retry 1
2026-09-04 00:57:44,584 | INFO | 🌐 Session warmed
2026-09-04 00:57:44,624 | INFO | 🌐 Session warmed
2026-09-04 00:57:46,623 | INFO |    ↳ Status 403
2026-09-04 00:57:46,623 | WARNING |    ⚠ Blocked (403) retry 2
2026-09-04 00:57:46,810 | INFO | 🌐 Session warmed
2026-09-04 00:57:46,871 | INFO | [1105/1901] Fetching Mavelikkara (MVLR)
2026-09-04 00:57:47,320 | INFO | [1106/1901] Fetching Mayannur (MAYA)
2026-09-04 00:57:48,194 | INFO |    ↳ Status 403
2026-09-04 00:57:48,194 | WARNING |    ⚠ Blocked (403) retry 1
2026-09-04 00:57:48,288 | INFO | 🌐 Session warmed
2026-09-04 00:57:48,584 | INFO | [1107/1901] Fetching Mayiladuthurai (MAYI)
2026-09-04 00:57:48,688 | INFO |    ↳ Status 403
2026-09-04 00:57:48,688 | WARNING |    ⚠ Blocked (403) retry 1
2026-09-04 00:57:48,797 | INFO | 🌐 Session warmed
2026-09-04 00:57:49,523 | INFO |    ↳ Status 403
2026-09-04 00:57:49,523 | WARNING |    ⚠ Blocked (403) retry 1
2026-09-04 00:57:49,629 | INFO | 🌐 Session warmed
2026-09-04 00:57:50,005 | INFO |    ↳ Status 403
2026-09-04 00:57:50,005 | WARNING |    ⚠ Blocked (403) retry 2
2026-09-04 00:57:50,094 | INFO | 🌐 Session warmed
2026-09-04 00:57:50,242 | INFO |    ↳ Status 403
2026-09-04 00:57:50,242 | WARNING |    ⚠ Blocked (403) retry 3
2026-09-04 00:57:50,351 | INFO | 🌐 Session warmed
2026-09-04 00:57:50,653 | INFO |    ↳ Status 403
2026-09-04 00:57:50,653 | WARNING |    ⚠ Blocked (403) retry 2
2026-09-04 00:57:50,734 | INFO | 🌐 Session warmed
2026-09-04 00:57:51,742 | INFO |    ↳ Status 403
2026-09-04 00:57:51,742 | WARNING |    ⚠ Blocked (403) retry 2
2026-09-04 00:57:51,840 | INFO | 🌐 Session warmed
2026-09-04 00:57:53,041 | INFO |    ↳ Status 403
2026-09-04 00:57:53,041 | WARNING |    ⚠ Blocked (403) retry 3
2026-09-04 00:57:53,154 | INFO | 🌐 Session warmed
2026-09-04 00:57:53,668 | INFO |    ↳ Status 403
2026-09-04 00:57:53,668 | WARNING |    ⚠ Blocked (403) retry 3
2026-09-04 00:57:53,763 | INFO | 🌐 Session warmed
2026-09-04 00:57:54,351 | INFO | [1108/1901] Fetching Medak (MDAK)
2026-09-04 00:57:54,681 | INFO |    ↳ Status 403
2026-09-04 00:57:54,681 | WARNING |    ⚠ Blocked (403) retry 3
2026-09-04 00:57:54,787 | INFO | 🌐 Session warmed
2026-09-04 00:57:55,324 | INFO |    ↳ Status 403
2026-09-04 00:57:55,324 | WARNING |    ⚠ Blocked (403) retry 1
2026-09-04 00:57:55,439 | INFO | 🌐 Session warmed
2026-09-04 00:57:57,154 | INFO | [1109/1901] Fetching Medarametla (MDRM)
2026-09-04 00:57:57,317 | INFO |    ↳ Status 403
2026-09-04 00:57:57,317 | WARNING |    ⚠ Blocked (403) retry 2
2026-09-04 00:57:57,414 | INFO | 🌐 Session warmed
2026-09-04 00:57:57,764 | INFO | [1110/1901] Fetching Medchal (MDCH)
2026-09-04 00:57:57,985 | INFO |    ↳ Status 403
2026-09-04 00:57:57,985 | WARNING |    ⚠ Blocked (403) retry 1
2026-09-04 00:57:58,090 | INFO | 🌐 Session warmed
2026-09-04 00:57:58,689 | INFO |    ↳ Status 403
2026-09-04 00:57:58,689 | WARNING |    ⚠ Blocked (403) retry 1
2026-09-04 00:57:58,787 | INFO | [1111/1901] Fetching Medininagar (FFF)
2026-09-04 00:57:58,801 | INFO | 🌐 Session warmed
2026-09-04 00:57:59,872 | INFO |    ↳ Status 403
2026-09-04 00:57:59,872 | WARNING |    ⚠ Blocked (403) retry 1
2026-09-04 00:58:00,003 | INFO | 🌐 Session warmed
2026-09-04 00:58:00,305 | INFO |    ↳ Status 403
2026-09-04 00:58:00,305 | WARNING |    ⚠ Blocked (403) retry 3
2026-09-04 00:58:00,374 | INFO |    ↳ Status 403
2026-09-04 00:58:00,374 | WARNING |    ⚠ Blocked (403) retry 2
2026-09-04 00:58:00,397 | INFO | 🌐 Session warmed
2026-09-04 00:58:00,463 | INFO | 🌐 Session warmed
2026-09-04 00:58:01,042 | INFO |    ↳ Status 403
2026-09-04 00:58:01,042 | WARNING |    ⚠ Blocked (403) retry 2
2026-09-04 00:58:01,161 | INFO | 🌐 Session warmed
2026-09-04 00:58:01,803 | INFO |    ↳ Status 403
2026-09-04 00:58:01,803 | WARNING |    ⚠ Blocked (403) retry 2
2026-09-04 00:58:01,887 | INFO | 🌐 Session warmed
2026-09-04 00:58:03,172 | INFO |    ↳ Status 403
2026-09-04 00:58:03,172 | WARNING |    ⚠ Blocked (403) retry 3
2026-09-04 00:58:03,271 | INFO | 🌐 Session warmed
2026-09-04 00:58:04,378 | INFO |    ↳ Status 403
2026-09-04 00:58:04,378 | WARNING |    ⚠ Blocked (403) retry 3
2026-09-04 00:58:04,397 | INFO | [1112/1901] Fetching Meerut (MERT)
2026-09-04 00:58:04,484 | INFO | 🌐 Session warmed
2026-09-04 00:58:04,835 | INFO |    ↳ Status 403
2026-09-04 00:58:04,835 | WARNING |    ⚠ Blocked (403) retry 3
2026-09-04 00:58:04,928 | INFO | 🌐 Session warmed
2026-09-04 00:58:05,088 | INFO |    ↳ Status 403
2026-09-04 00:58:05,089 | WARNING |    ⚠ Blocked (403) retry 1
2026-09-04 00:58:05,163 | INFO | 🌐 Session warmed
2026-09-04 00:58:07,271 | INFO | [1113/1901] Fetching Mehkar (MEHK)
2026-09-04 00:58:07,295 | INFO |    ↳ Status 403
2026-09-04 00:58:07,296 | WARNING |    ⚠ Blocked (403) retry 2
2026-09-04 00:58:07,411 | INFO | 🌐 Session warmed
2026-09-04 00:58:08,279 | INFO |    ↳ Status 403
2026-09-04 00:58:08,279 | WARNING |    ⚠ Blocked (403) retry 1
2026-09-04 00:58:08,399 | INFO | 🌐 Session warmed
2026-09-04 00:58:08,484 | INFO | [1114/1901] Fetching Mehsana (MEHS)
2026-09-04 00:58:08,928 | INFO | [1115/1901] Fetching Melattur (MELA)
2026-09-04 00:58:09,118 | INFO |    ↳ Status 403
2026-09-04 00:58:09,118 | WARNING |    ⚠ Blocked (403) retry 1
2026-09-04 00:58:09,234 | INFO | 🌐 Session warmed
2026-09-04 00:58:10,206 | INFO |    ↳ Status 403
2026-09-04 00:58:10,206 | WARNING |    ⚠ Blocked (403) retry 1
2026-09-04 00:58:10,307 | INFO | 🌐 Session warmed
2026-09-04 00:58:10,342 | INFO |    ↳ Status 403
2026-09-04 00:58:10,342 | WARNING |    ⚠ Blocked (403) retry 2
2026-09-04 00:58:10,447 | INFO | 🌐 Session warmed
2026-09-04 00:58:10,514 | INFO |    ↳ Status 403
2026-09-04 00:58:10,514 | WARNING |    ⚠ Blocked (403) retry 3
2026-09-04 00:58:10,627 | INFO | 🌐 Session warmed
2026-09-04 00:58:11,647 | INFO |    ↳ Status 403
2026-09-04 00:58:11,647 | WARNING |    ⚠ Blocked (403) retry 2
2026-09-04 00:58:11,744 | INFO | 🌐 Session warmed
2026-09-04 00:58:12,255 | INFO |    ↳ Status 403
2026-09-04 00:58:12,255 | WARNING |    ⚠ Blocked (403) retry 2
2026-09-04 00:58:12,346 | INFO | 🌐 Session warmed
2026-09-04 00:58:13,228 | INFO |    ↳ Status 403
2026-09-04 00:58:13,228 | WARNING |    ⚠ Blocked (403) retry 3
2026-09-04 00:58:13,317 | INFO | 🌐 Session warmed
2026-09-04 00:58:14,627 | INFO | [1116/1901] Fetching Melli (MELL)
2026-09-04 00:58:14,804 | INFO |    ↳ Status 403
2026-09-04 00:58:14,804 | WARNING |    ⚠ Blocked (403) retry 3
2026-09-04 00:58:14,910 | INFO | 🌐 Session warmed
2026-09-04 00:58:15,571 | INFO |    ↳ Status 403
2026-09-04 00:58:15,571 | WARNING |    ⚠ Blocked (403) retry 3
2026-09-04 00:58:15,678 | INFO | 🌐 Session warmed
2026-09-04 00:58:15,931 | INFO |    ↳ Status 403
2026-09-04 00:58:15,931 | WARNING |    ⚠ Blocked (403) retry 1
2026-09-04 00:58:16,033 | INFO | 🌐 Session warmed
2026-09-04 00:58:17,317 | INFO | [1117/1901] Fetching Memari (MMRR)
2026-09-04 00:58:18,198 | INFO |    ↳ Status 403
2026-09-04 00:58:18,198 | WARNING |    ⚠ Blocked (403) retry 2
2026-09-04 00:58:18,225 | INFO |    ↳ Status 403
2026-09-04 00:58:18,225 | WARNING |    ⚠ Blocked (403) retry 1
2026-09-04 00:58:18,293 | INFO | 🌐 Session warmed
2026-09-04 00:58:18,339 | INFO | 🌐 Session warmed
2026-09-04 00:58:18,911 | INFO | [1118/1901] Fetching Metpally (METT)
2026-09-04 00:58:19,678 | INFO | [1119/1901] Fetching Mettuppalayam (MTPM)
2026-09-04 00:58:20,093 | INFO |    ↳ Status 403
2026-09-04 00:58:20,093 | WARNING |    ⚠ Blocked (403) retry 1
2026-09-04 00:58:20,187 | INFO | 🌐 Session warmed
2026-09-04 00:58:20,197 | INFO |    ↳ Status 403
2026-09-04 00:58:20,197 | WARNING |    ⚠ Blocked (403) retry 2
2026-09-04 00:58:20,301 | INFO | 🌐 Session warmed
2026-09-04 00:58:20,623 | INFO |    ↳ Status 403
2026-09-04 00:58:20,623 | WARNING |    ⚠ Blocked (403) retry 1
2026-09-04 00:58:20,705 | INFO | 🌐 Session warmed
2026-09-04 00:58:21,516 | INFO |    ↳ Status 403
2026-09-04 00:58:21,516 | WARNING |    ⚠ Blocked (403) retry 3
2026-09-04 00:58:21,624 | INFO | 🌐 Session warmed
2026-09-04 00:58:21,865 | INFO |    ↳ Status 403
2026-09-04 00:58:21,865 | WARNING |    ⚠ Blocked (403) retry 2
2026-09-04 00:58:21,958 | INFO | 🌐 Session warmed
2026-09-04 00:58:22,570 | INFO |    ↳ Status 403
2026-09-04 00:58:22,570 | WARNING |    ⚠ Blocked (403) retry 2
2026-09-04 00:58:22,675 | INFO | 🌐 Session warmed
2026-09-04 00:58:23,190 | INFO |    ↳ Status 403
2026-09-04 00:58:23,191 | WARNING |    ⚠ Blocked (403) retry 3
2026-09-04 00:58:23,283 | INFO | 🌐 Session warmed
2026-09-04 00:58:25,078 | INFO |    ↳ Status 403
2026-09-04 00:58:25,078 | WARNING |    ⚠ Blocked (403) retry 3
2026-09-04 00:58:25,180 | INFO | 🌐 Session warmed
2026-09-04 00:58:25,625 | INFO | [1120/1901] Fetching Mettur (METZ)
2026-09-04 00:58:25,916 | INFO |    ↳ Status 403
2026-09-04 00:58:25,916 | WARNING |    ⚠ Blocked (403) retry 3
2026-09-04 00:58:26,018 | INFO | 🌐 Session warmed
2026-09-04 00:58:26,792 | INFO |    ↳ Status 403
2026-09-04 00:58:26,792 | WARNING |    ⚠ Blocked (403) retry 1
2026-09-04 00:58:26,882 | INFO | 🌐 Session warmed
2026-09-04 00:58:27,283 | INFO | [1121/1901] Fetching Mhow (MHOW)
2026-09-04 00:58:28,286 | INFO |    ↳ Status 403
2026-09-04 00:58:28,286 | WARNING |    ⚠ Blocked (403) retry 1
2026-09-04 00:58:28,422 | INFO | 🌐 Session warmed
2026-09-04 00:58:29,090 | INFO |    ↳ Status 403
2026-09-04 00:58:29,090 | WARNING |    ⚠ Blocked (403) retry 2
2026-09-04 00:58:29,180 | INFO | [1122/1901] Fetching Midnapore (MDIP)
2026-09-04 00:58:29,194 | INFO | 🌐 Session warmed
2026-09-04 00:58:30,018 | INFO | [1123/1901] Fetching Miraj (MIRJ)
2026-09-04 00:58:30,597 | INFO |    ↳ Status 403
2026-09-04 00:58:30,597 | WARNING |    ⚠ Blocked (403) retry 1
2026-09-04 00:58:30,703 | INFO | 🌐 Session warmed
2026-09-04 00:58:30,785 | INFO |    ↳ Status 403
2026-09-04 00:58:30,785 | WARNING |    ⚠ Blocked (403) retry 2
2026-09-04 00:58:30,900 | INFO | 🌐 Session warmed
2026-09-04 00:58:31,257 | INFO |    ↳ Status 403
2026-09-04 00:58:31,258 | WARNING |    ⚠ Blocked (403) retry 1
2026-09-04 00:58:31,372 | INFO | 🌐 Session warmed
2026-09-04 00:58:32,603 | INFO |    ↳ Status 403
2026-09-04 00:58:32,603 | WARNING |    ⚠ Blocked (403) retry 3
2026-09-04 00:58:32,717 | INFO |    ↳ Status 403
2026-09-04 00:58:32,717 | WARNING |    ⚠ Blocked (403) retry 2
2026-09-04 00:58:32,722 | INFO | 🌐 Session warmed
2026-09-04 00:58:32,804 | INFO | 🌐 Session warmed
2026-09-04 00:58:33,578 | INFO |    ↳ Status 403
2026-09-04 00:58:33,578 | WARNING |    ⚠ Blocked (403) retry 2
2026-09-04 00:58:33,673 | INFO | 🌐 Session warmed
2026-09-04 00:58:34,213 | INFO |    ↳ Status 403
2026-09-04 00:58:34,214 | WARNING |    ⚠ Blocked (403) retry 3
2026-09-04 00:58:34,303 | INFO | 🌐 Session warmed
2026-09-04 00:58:35,969 | INFO |    ↳ Status 403
2026-09-04 00:58:35,969 | WARNING |    ⚠ Blocked (403) retry 3
2026-09-04 00:58:36,073 | INFO | 🌐 Session warmed
2026-09-04 00:58:36,564 | INFO |    ↳ Status 403
2026-09-04 00:58:36,564 | WARNING |    ⚠ Blocked (403) retry 3
2026-09-04 00:58:36,665 | INFO | 🌐 Session warmed
2026-09-04 00:58:36,723 | INFO | [1124/1901] Fetching Mirganj (MRGJ)
2026-09-04 00:58:37,496 | INFO |    ↳ Status 403
2026-09-04 00:58:37,496 | WARNING |    ⚠ Blocked (403) retry 1
2026-09-04 00:58:37,596 | INFO | 🌐 Session warmed
2026-09-04 00:58:38,304 | INFO | [1125/1901] Fetching Miryalaguda (MRGD)
2026-09-04 00:58:39,245 | INFO |    ↳ Status 403
2026-09-04 00:58:39,245 | WARNING |    ⚠ Blocked (403) retry 1
2026-09-04 00:58:39,371 | INFO | 🌐 Session warmed
2026-09-04 00:58:39,457 | INFO |    ↳ Status 403
2026-09-04 00:58:39,457 | WARNING |    ⚠ Blocked (403) retry 2
2026-09-04 00:58:39,577 | INFO | 🌐 Session warmed
2026-09-04 00:58:40,073 | INFO | [1126/1901] Fetching Mirzapur (MIZP)
2026-09-04 00:58:40,666 | INFO | [1127/1901] Fetching Moga (MOGA)
2026-09-04 00:58:41,367 | INFO |    ↳ Status 403
2026-09-04 00:58:41,367 | WARNING |    ⚠ Blocked (403) retry 2
2026-09-04 00:58:41,434 | INFO |    ↳ Status 403
2026-09-04 00:58:41,434 | WARNING |    ⚠ Blocked (403) retry 1
2026-09-04 00:58:41,457 | INFO | 🌐 Session warmed
2026-09-04 00:58:41,518 | INFO |    ↳ Status 403
2026-09-04 00:58:41,518 | WARNING |    ⚠ Blocked (403) retry 1
2026-09-04 00:58:41,525 | INFO | 🌐 Session warmed
2026-09-04 00:58:41,618 | INFO | 🌐 Session warmed
2026-09-04 00:58:42,833 | INFO |    ↳ Status 403
2026-09-04 00:58:42,833 | WARNING |    ⚠ Blocked (403) retry 3
2026-09-04 00:58:42,955 | INFO | 🌐 Session warmed
2026-09-04 00:58:43,235 | INFO |    ↳ Status 403
2026-09-04 00:58:43,235 | WARNING |    ⚠ Blocked (403) retry 2
2026-09-04 00:58:43,334 | INFO | 🌐 Session warmed
2026-09-04 00:58:43,420 | INFO |    ↳ Status 403
2026-09-04 00:58:43,420 | WARNING |    ⚠ Blocked (403) retry 2
2026-09-04 00:58:43,530 | INFO | 🌐 Session warmed
2026-09-04 00:58:44,129 | INFO |    ↳ Status 403
2026-09-04 00:58:44,129 | WARNING |    ⚠ Blocked (403) retry 3
2026-09-04 00:58:44,237 | INFO | 🌐 Session warmed
2026-09-04 00:58:46,380 | INFO |    ↳ Status 403
2026-09-04 00:58:46,380 | WARNING |    ⚠ Blocked (403) retry 3
2026-09-04 00:58:46,482 | INFO | 🌐 Session warmed
2026-09-04 00:58:46,713 | INFO |    ↳ Status 403
2026-09-04 00:58:46,713 | WARNING |    ⚠ Blocked (403) retry 3
2026-09-04 00:58:46,817 | INFO | 🌐 Session warmed
2026-09-04 00:58:46,956 | INFO | [1128/1901] Fetching Mohali (MOHL)
2026-09-04 00:58:48,237 | INFO | [1129/1901] Fetching Mokama (MOKA)
2026-09-04 00:58:48,389 | INFO |    ↳ Status 403
2026-09-04 00:58:48,389 | WARNING |    ⚠ Blocked (403) retry 1
2026-09-04 00:58:48,488 | INFO | 🌐 Session warmed
2026-09-04 00:58:49,655 | INFO |    ↳ Status 403
2026-09-04 00:58:49,655 | WARNING |    ⚠ Blocked (403) retry 1
2026-09-04 00:58:49,760 | INFO | 🌐 Session warmed
2026-09-04 00:58:50,131 | INFO |    ↳ Status 403
2026-09-04 00:58:50,131 | WARNING |    ⚠ Blocked (403) retry 2
2026-09-04 00:58:50,234 | INFO | 🌐 Session warmed
2026-09-04 00:58:50,482 | INFO | [1130/1901] Fetching Molakalmuru (MOLA)
2026-09-04 00:58:50,817 | INFO | [1131/1901] Fetching Mominpet (MOMT)
2026-09-04 00:58:51,586 | INFO |    ↳ Status 403
2026-09-04 00:58:51,586 | WARNING |    ⚠ Blocked (403) retry 2
2026-09-04 00:58:51,646 | INFO |    ↳ Status 403
2026-09-04 00:58:51,646 | WARNING |    ⚠ Blocked (403) retry 1
2026-09-04 00:58:51,672 | INFO | 🌐 Session warmed
2026-09-04 00:58:51,754 | INFO | 🌐 Session warmed
2026-09-04 00:58:51,778 | INFO |    ↳ Status 403
2026-09-04 00:58:51,778 | WARNING |    ⚠ Blocked (403) retry 1
2026-09-04 00:58:51,914 | INFO | 🌐 Session warmed
2026-09-04 00:58:53,353 | INFO |    ↳ Status 403
2026-09-04 00:58:53,353 | WARNING |    ⚠ Blocked (403) retry 3
2026-09-04 00:58:53,444 | INFO | 🌐 Session warmed
2026-09-04 00:58:53,820 | INFO |    ↳ Status 403
2026-09-04 00:58:53,820 | WARNING |    ⚠ Blocked (403) retry 2
2026-09-04 00:58:53,921 | INFO | 🌐 Session warmed
2026-09-04 00:58:54,299 | INFO |    ↳ Status 403
2026-09-04 00:58:54,299 | WARNING |    ⚠ Blocked (403) retry 2
2026-09-04 00:58:54,387 | INFO | 🌐 Session warmed
2026-09-04 00:58:54,688 | INFO |    ↳ Status 403
2026-09-04 00:58:54,689 | WARNING |    ⚠ Blocked (403) retry 3
2026-09-04 00:58:54,797 | INFO | 🌐 Session warmed
2026-09-04 00:58:57,013 | INFO |    ↳ Status 403
2026-09-04 00:58:57,014 | WARNING |    ⚠ Blocked (403) retry 3
2026-09-04 00:58:57,116 | INFO | 🌐 Session warmed
2026-09-04 00:58:57,222 | INFO |    ↳ Status 403
2026-09-04 00:58:57,222 | WARNING |    ⚠ Blocked (403) retry 3
2026-09-04 00:58:57,322 | INFO | 🌐 Session warmed
2026-09-04 00:58:57,445 | INFO | [1132/1901] Fetching Moodbidri (MOOD)
2026-09-04 00:58:58,756 | INFO |    ↳ Status 403
2026-09-04 00:58:58,757 | WARNING |    ⚠ Blocked (403) retry 1
2026-09-04 00:58:58,797 | INFO | [1133/1901] Fetching Moradabad (MORA)
2026-09-04 00:58:58,853 | INFO | 🌐 Session warmed
2026-09-04 00:58:59,668 | INFO |    ↳ Status 403
2026-09-04 00:58:59,668 | WARNING |    ⚠ Blocked (403) retry 1
2026-09-04 00:58:59,759 | INFO | 🌐 Session warmed
2026-09-04 00:59:00,822 | INFO |    ↳ Status 403
2026-09-04 00:59:00,822 | WARNING |    ⚠ Blocked (403) retry 2
2026-09-04 00:59:00,948 | INFO | 🌐 Session warmed
2026-09-04 00:59:01,117 | INFO | [1134/1901] Fetching Moranhat (MORH)
2026-09-04 00:59:01,323 | INFO | [1135/1901] Fetching Morbi (MOBI)
2026-09-04 00:59:01,855 | INFO |    ↳ Status 403
2026-09-04 00:59:01,856 | WARNING |    ⚠ Blocked (403) retry 2
2026-09-04 00:59:01,948 | INFO |    ↳ Status 403
2026-09-04 00:59:01,948 | WARNING |    ⚠ Blocked (403) retry 1
2026-09-04 00:59:01,965 | INFO | 🌐 Session warmed
2026-09-04 00:59:01,969 | INFO |    ↳ Status 403
2026-09-04 00:59:01,969 | WARNING |    ⚠ Blocked (403) retry 1
2026-09-04 00:59:02,063 | INFO | 🌐 Session warmed
2026-09-04 00:59:02,066 | INFO | 🌐 Session warmed
2026-09-04 00:59:03,724 | INFO |    ↳ Status 403
2026-09-04 00:59:03,724 | WARNING |    ⚠ Blocked (403) retry 2
2026-09-04 00:59:03,814 | INFO | 🌐 Session warmed
2026-09-04 00:59:04,064 | INFO |    ↳ Status 403
2026-09-04 00:59:04,064 | WARNING |    ⚠ Blocked (403) retry 2
2026-09-04 00:59:04,154 | INFO | 🌐 Session warmed
2026-09-04 00:59:04,162 | INFO |    ↳ Status 403
2026-09-04 00:59:04,162 | WARNING |    ⚠ Blocked (403) retry 3
2026-09-04 00:59:04,276 | INFO | 🌐 Session warmed
2026-09-04 00:59:04,926 | INFO |    ↳ Status 403
2026-09-04 00:59:04,926 | WARNING |    ⚠ Blocked (403) retry 3
2026-09-04 00:59:05,029 | INFO | 🌐 Session warmed
2026-09-04 00:59:06,562 | INFO |    ↳ Status 403
2026-09-04 00:59:06,563 | WARNING |    ⚠ Blocked (403) retry 3
2026-09-04 00:59:06,681 | INFO | 🌐 Session warmed
2026-09-04 00:59:07,093 | INFO |    ↳ Status 403
2026-09-04 00:59:07,093 | WARNING |    ⚠ Blocked (403) retry 3
2026-09-04 00:59:07,182 | INFO | 🌐 Session warmed
2026-09-04 00:59:08,276 | INFO | [1136/1901] Fetching Morena (MRMP)
2026-09-04 00:59:09,030 | INFO | [1137/1901] Fetching Morigaon (MRGO)
2026-09-04 00:59:09,593 | INFO |    ↳ Status 403
2026-09-04 00:59:09,593 | WARNING |    ⚠ Blocked (403) retry 1
2026-09-04 00:59:09,720 | INFO | 🌐 Session warmed
2026-09-04 00:59:10,192 | INFO |    ↳ Status 403
2026-09-04 00:59:10,192 | WARNING |    ⚠ Blocked (403) retry 1
2026-09-04 00:59:10,319 | INFO | 🌐 Session warmed
2026-09-04 00:59:10,681 | INFO | [1138/1901] Fetching Morinda (MORI)
2026-09-04 00:59:11,182 | INFO | [1139/1901] Fetching Mothkur (MTKR)
2026-09-04 00:59:11,372 | INFO |    ↳ Status 403
2026-09-04 00:59:11,372 | WARNING |    ⚠ Blocked (403) retry 2
2026-09-04 00:59:11,462 | INFO | 🌐 Session warmed
2026-09-04 00:59:11,838 | INFO |    ↳ Status 403
2026-09-04 00:59:11,838 | WARNING |    ⚠ Blocked (403) retry 1
2026-09-04 00:59:11,923 | INFO | 🌐 Session warmed
2026-09-04 00:59:12,423 | INFO |    ↳ Status 403
2026-09-04 00:59:12,424 | WARNING |    ⚠ Blocked (403) retry 1
2026-09-04 00:59:12,513 | INFO | 🌐 Session warmed
2026-09-04 00:59:12,586 | INFO |    ↳ Status 403
2026-09-04 00:59:12,586 | WARNING |    ⚠ Blocked (403) retry 2
2026-09-04 00:59:12,712 | INFO | 🌐 Session warmed
2026-09-04 00:59:14,054 | INFO |    ↳ Status 403
2026-09-04 00:59:14,054 | WARNING |    ⚠ Blocked (403) retry 2
2026-09-04 00:59:14,136 | INFO | 🌐 Session warmed
2026-09-04 00:59:14,189 | INFO |    ↳ Status 403
2026-09-04 00:59:14,189 | WARNING |    ⚠ Blocked (403) retry 2
2026-09-04 00:59:14,262 | INFO |    ↳ Status 403
2026-09-04 00:59:14,262 | WARNING |    ⚠ Blocked (403) retry 3
2026-09-04 00:59:14,287 | INFO | 🌐 Session warmed
2026-09-04 00:59:14,356 | INFO | 🌐 Session warmed
2026-09-04 00:59:16,083 | INFO |    ↳ Status 403
2026-09-04 00:59:16,083 | WARNING |    ⚠ Blocked (403) retry 3
2026-09-04 00:59:16,175 | INFO | 🌐 Session warmed
2026-09-04 00:59:16,956 | INFO |    ↳ Status 403
2026-09-04 00:59:16,956 | WARNING |    ⚠ Blocked (403) retry 3
2026-09-04 00:59:17,047 | INFO | 🌐 Session warmed
2026-09-04 00:59:17,130 | INFO |    ↳ Status 403
2026-09-04 00:59:17,130 | WARNING |    ⚠ Blocked (403) retry 3
2026-09-04 00:59:17,233 | INFO | 🌐 Session warmed
2026-09-04 00:59:18,356 | INFO | [1140/1901] Fetching Motihari (MOTI)
2026-09-04 00:59:19,656 | INFO |    ↳ Status 403
2026-09-04 00:59:19,656 | WARNING |    ⚠ Blocked (403) retry 1
2026-09-04 00:59:19,747 | INFO | 🌐 Session warmed
2026-09-04 00:59:20,175 | INFO | [1141/1901] Fetching Moyna (MAYN)
2026-09-04 00:59:21,008 | INFO |    ↳ Status 403
2026-09-04 00:59:21,008 | WARNING |    ⚠ Blocked (403) retry 1
2026-09-04 00:59:21,048 | INFO | [1142/1901] Fetching Mudalagi (MUDG)
2026-09-04 00:59:21,115 | INFO | 🌐 Session warmed
2026-09-04 00:59:21,234 | INFO | [1143/1901] Fetching Muddebihal (MUDD)
2026-09-04 00:59:21,849 | INFO |    ↳ Status 403
2026-09-04 00:59:21,849 | WARNING |    ⚠ Blocked (403) retry 2
2026-09-04 00:59:21,939 | INFO | 🌐 Session warmed
2026-09-04 00:59:22,139 | INFO |    ↳ Status 403
2026-09-04 00:59:22,139 | WARNING |    ⚠ Blocked (403) retry 1
2026-09-04 00:59:22,249 | INFO | 🌐 Session warmed
2026-09-04 00:59:22,332 | INFO |    ↳ Status 403
2026-09-04 00:59:22,332 | WARNING |    ⚠ Blocked (403) retry 1
2026-09-04 00:59:22,440 | INFO | 🌐 Session warmed
2026-09-04 00:59:23,144 | INFO |    ↳ Status 403
2026-09-04 00:59:23,144 | WARNING |    ⚠ Blocked (403) retry 2
2026-09-04 00:59:23,261 | INFO | 🌐 Session warmed
2026-09-04 00:59:23,936 | INFO |    ↳ Status 403
2026-09-04 00:59:23,936 | WARNING |    ⚠ Blocked (403) retry 2
2026-09-04 00:59:24,041 | INFO | 🌐 Session warmed
2026-09-04 00:59:24,771 | INFO |    ↳ Status 403
2026-09-04 00:59:24,771 | WARNING |    ⚠ Blocked (403) retry 2
2026-09-04 00:59:24,869 | INFO | 🌐 Session warmed
2026-09-04 00:59:25,181 | INFO |    ↳ Status 403
2026-09-04 00:59:25,181 | WARNING |    ⚠ Blocked (403) retry 3
2026-09-04 00:59:25,275 | INFO | 🌐 Session warmed
2026-09-04 00:59:25,893 | INFO |    ↳ Status 403
2026-09-04 00:59:25,893 | WARNING |    ⚠ Blocked (403) retry 3
2026-09-04 00:59:26,006 | INFO | 🌐 Session warmed
2026-09-04 00:59:26,951 | INFO |    ↳ Status 403
2026-09-04 00:59:26,951 | WARNING |    ⚠ Blocked (403) retry 3
2026-09-04 00:59:27,057 | INFO | 🌐 Session warmed
2026-09-04 00:59:28,270 | INFO |    ↳ Status 403
2026-09-04 00:59:28,270 | WARNING |    ⚠ Blocked (403) retry 3
2026-09-04 00:59:28,367 | INFO | 🌐 Session warmed
2026-09-04 00:59:29,275 | INFO | [1144/1901] Fetching Mudhol (MUDL)
2026-09-04 00:59:30,006 | INFO | [1145/1901] Fetching Mudigere (MDGR)
2026-09-04 00:59:30,172 | INFO |    ↳ Status 403
2026-09-04 00:59:30,172 | WARNING |    ⚠ Blocked (403) retry 1
2026-09-04 00:59:30,289 | INFO | 🌐 Session warmed
2026-09-04 00:59:31,058 | INFO | [1146/1901] Fetching Mughalsarai (MGSI)
2026-09-04 00:59:31,298 | INFO |    ↳ Status 403
2026-09-04 00:59:31,298 | WARNING |    ⚠ Blocked (403) retry 1
2026-09-04 00:59:31,410 | INFO | 🌐 Session warmed
2026-09-04 00:59:32,056 | INFO |    ↳ Status 403
2026-09-04 00:59:32,056 | WARNING |    ⚠ Blocked (403) retry 2
2026-09-04 00:59:32,149 | INFO |    ↳ Status 403
2026-09-04 00:59:32,149 | WARNING |    ⚠ Blocked (403) retry 1
2026-09-04 00:59:32,157 | INFO | 🌐 Session warmed
2026-09-04 00:59:32,265 | INFO | 🌐 Session warmed
2026-09-04 00:59:32,368 | INFO | [1147/1901] Fetching Mukerian (MUKE)
2026-09-04 00:59:33,257 | INFO |    ↳ Status 403
2026-09-04 00:59:33,257 | WARNING |    ⚠ Blocked (403) retry 1
2026-09-04 00:59:33,348 | INFO | 🌐 Session warmed
2026-09-04 00:59:33,497 | INFO |    ↳ Status 403
2026-09-04 00:59:33,497 | WARNING |    ⚠ Blocked (403) retry 2
2026-09-04 00:59:33,607 | INFO | 🌐 Session warmed
2026-09-04 00:59:34,157 | INFO |    ↳ Status 403
2026-09-04 00:59:34,158 | WARNING |    ⚠ Blocked (403) retry 2
2026-09-04 00:59:34,253 | INFO | 🌐 Session warmed
2026-09-04 00:59:35,330 | INFO |    ↳ Status 403
2026-09-04 00:59:35,330 | WARNING |    ⚠ Blocked (403) retry 3
2026-09-04 00:59:35,406 | INFO |    ↳ Status 403
2026-09-04 00:59:35,406 | WARNING |    ⚠ Blocked (403) retry 2
2026-09-04 00:59:35,463 | INFO | 🌐 Session warmed
2026-09-04 00:59:35,509 | INFO | 🌐 Session warmed
2026-09-04 00:59:36,701 | INFO |    ↳ Status 403
2026-09-04 00:59:36,701 | WARNING |    ⚠ Blocked (403) retry 3
2026-09-04 00:59:36,805 | INFO | 🌐 Session warmed
2026-09-04 00:59:36,940 | INFO |    ↳ Status 403
2026-09-04 00:59:36,940 | WARNING |    ⚠ Blocked (403) retry 3
2026-09-04 00:59:37,046 | INFO | 🌐 Session warmed
2026-09-04 00:59:38,484 | INFO |    ↳ Status 403
2026-09-04 00:59:38,484 | WARNING |    ⚠ Blocked (403) retry 3
2026-09-04 00:59:38,589 | INFO | 🌐 Session warmed
2026-09-04 00:59:39,463 | INFO | [1148/1901] Fetching Mukkam (MUKM)
2026-09-04 00:59:40,805 | INFO | [1149/1901] Fetching Muktsar (MKST)
2026-09-04 00:59:40,881 | INFO |    ↳ Status 403
2026-09-04 00:59:40,881 | WARNING |    ⚠ Blocked (403) retry 1
2026-09-04 00:59:41,028 | INFO | 🌐 Session warmed
2026-09-04 00:59:41,047 | INFO | [1150/1901] Fetching Mulbagal (MULB)
2026-09-04 00:59:41,549 | INFO |    ↳ Status 403
2026-09-04 00:59:41,549 | WARNING |    ⚠ Blocked (403) retry 1
2026-09-04 00:59:41,642 | INFO | 🌐 Session warmed
2026-09-04 00:59:42,263 | INFO |    ↳ Status 403
2026-09-04 00:59:42,263 | WARNING |    ⚠ Blocked (403) retry 1
2026-09-04 00:59:42,360 | INFO | 🌐 Session warmed
2026-09-04 00:59:42,589 | INFO | [1151/1901] Fetching Mulkanoor (MULK)
2026-09-04 00:59:42,846 | INFO |    ↳ Status 403
2026-09-04 00:59:42,846 | WARNING |    ⚠ Blocked (403) retry 2
2026-09-04 00:59:42,949 | INFO | 🌐 Session warmed
2026-09-04 00:59:43,625 | INFO |    ↳ Status 403
2026-09-04 00:59:43,625 | WARNING |    ⚠ Blocked (403) retry 1
2026-09-04 00:59:43,635 | INFO |    ↳ Status 403
2026-09-04 00:59:43,635 | WARNING |    ⚠ Blocked (403) retry 2
2026-09-04 00:59:43,762 | INFO | 🌐 Session warmed
2026-09-04 00:59:43,769 | INFO | 🌐 Session warmed
2026-09-04 00:59:44,726 | INFO |    ↳ Status 403
2026-09-04 00:59:44,726 | WARNING |    ⚠ Blocked (403) retry 2
2026-09-04 00:59:44,829 | INFO | 🌐 Session warmed
2026-09-04 00:59:45,888 | INFO |    ↳ Status 403
2026-09-04 00:59:45,888 | WARNING |    ⚠ Blocked (403) retry 2
2026-09-04 00:59:45,979 | INFO | 🌐 Session warmed
2026-09-04 00:59:46,246 | INFO |    ↳ Status 403
2026-09-04 00:59:46,246 | WARNING |    ⚠ Blocked (403) retry 3
2026-09-04 00:59:46,338 | INFO | 🌐 Session warmed
2026-09-04 00:59:47,003 | INFO |    ↳ Status 403
2026-09-04 00:59:47,003 | WARNING |    ⚠ Blocked (403) retry 3
2026-09-04 00:59:47,094 | INFO | 🌐 Session warmed
2026-09-04 00:59:48,004 | INFO |    ↳ Status 403
2026-09-04 00:59:48,005 | WARNING |    ⚠ Blocked (403) retry 3
2026-09-04 00:59:48,100 | INFO | 🌐 Session warmed
2026-09-04 00:59:49,113 | INFO |    ↳ Status 403
2026-09-04 00:59:49,113 | WARNING |    ⚠ Blocked (403) retry 3
2026-09-04 00:59:49,222 | INFO | 🌐 Session warmed
2026-09-04 00:59:50,338 | INFO | [1152/1901] Fetching Mullanpur (MULL)
2026-09-04 00:59:51,095 | INFO | [1153/1901] Fetching Mulleria (MULZ)
2026-09-04 00:59:51,290 | INFO |    ↳ Status 403
2026-09-04 00:59:51,290 | WARNING |    ⚠ Blocked (403) retry 1
2026-09-04 00:59:51,401 | INFO | 🌐 Session warmed
2026-09-04 00:59:52,101 | INFO | [1154/1901] Fetching Mulugu (MULU)
2026-09-04 00:59:52,470 | INFO |    ↳ Status 403
2026-09-04 00:59:52,470 | WARNING |    ⚠ Blocked (403) retry 1
2026-09-04 00:59:52,570 | INFO | 🌐 Session warmed
2026-09-04 00:59:52,865 | INFO |    ↳ Status 403
2026-09-04 00:59:52,865 | WARNING |    ⚠ Blocked (403) retry 1
2026-09-04 00:59:52,954 | INFO | 🌐 Session warmed
2026-09-04 00:59:53,223 | INFO | [1155/1901] Fetching Mulugu Ghanpur (GHNP)
2026-09-04 00:59:53,808 | INFO |    ↳ Status 403
2026-09-04 00:59:53,808 | WARNING |    ⚠ Blocked (403) retry 2
2026-09-04 00:59:53,902 | INFO | 🌐 Session warmed
2026-09-04 00:59:53,946 | INFO |    ↳ Status 403
2026-09-04 00:59:53,946 | WARNING |    ⚠ Blocked (403) retry 1
2026-09-04 00:59:54,069 | INFO | 🌐 Session warmed
2026-09-04 00:59:54,275 | INFO |    ↳ Status 403
2026-09-04 00:59:54,276 | WARNING |    ⚠ Blocked (403) retry 2
2026-09-04 00:59:54,376 | INFO | 🌐 Session warmed
2026-09-04 00:59:54,772 | INFO |    ↳ Status 403
2026-09-04 00:59:54,772 | WARNING |    ⚠ Blocked (403) retry 2
2026-09-04 00:59:54,877 | INFO | 🌐 Session warmed
2026-09-04 00:59:56,064 | INFO |    ↳ Status 403
2026-09-04 00:59:56,064 | WARNING |    ⚠ Blocked (403) retry 2
2026-09-04 00:59:56,157 | INFO | 🌐 Session warmed
2026-09-04 00:59:57,000 | INFO |    ↳ Status 403
2026-09-04 00:59:57,000 | WARNING |    ⚠ Blocked (403) retry 3
2026-09-04 00:59:57,098 | INFO | 🌐 Session warmed
2026-09-04 00:59:57,429 | INFO |    ↳ Status 403
2026-09-04 00:59:57,429 | WARNING |    ⚠ Blocked (403) retry 3
2026-09-04 00:59:57,525 | INFO | 🌐 Session warmed
2026-09-04 00:59:58,096 | INFO |    ↳ Status 403
2026-09-04 00:59:58,097 | WARNING |    ⚠ Blocked (403) retry 3
2026-09-04 00:59:58,200 | INFO | 🌐 Session warmed
2026-09-04 00:59:59,545 | INFO |    ↳ Status 403
2026-09-04 00:59:59,546 | WARNING |    ⚠ Blocked (403) retry 3
2026-09-04 00:59:59,643 | INFO | 🌐 Session warmed
2026-09-04 01:00:01,098 | INFO | [1156/1901] Fetching Mummidivaram (MUMM)
2026-09-04 01:00:01,526 | INFO | [1157/1901] Fetching Mundakayam (MUAM)
2026-09-04 01:00:02,201 | INFO | [1158/1901] Fetching Mundargi (MNDR)
2026-09-04 01:00:02,232 | INFO |    ↳ Status 403
2026-09-04 01:00:02,232 | WARNING |    ⚠ Blocked (403) retry 1
2026-09-04 01:00:02,352 | INFO | 🌐 Session warmed
2026-09-04 01:00:02,794 | INFO |    ↳ Status 403
2026-09-04 01:00:02,794 | WARNING |    ⚠ Blocked (403) retry 1
2026-09-04 01:00:02,932 | INFO | 🌐 Session warmed
2026-09-04 01:00:03,179 | INFO |    ↳ Status 403
2026-09-04 01:00:03,179 | WARNING |    ⚠ Blocked (403) retry 1
2026-09-04 01:00:03,306 | INFO | 🌐 Session warmed
2026-09-04 01:00:03,644 | INFO | [1159/1901] Fetching Mundra (MUDA)
2026-09-04 01:00:04,433 | INFO |    ↳ Status 403
2026-09-04 01:00:04,433 | WARNING |    ⚠ Blocked (403) retry 2
2026-09-04 01:00:04,525 | INFO | 🌐 Session warmed
2026-09-04 01:00:04,753 | INFO |    ↳ Status 403
2026-09-04 01:00:04,753 | WARNING |    ⚠ Blocked (403) retry 1
2026-09-04 01:00:04,809 | INFO |    ↳ Status 403
2026-09-04 01:00:04,809 | WARNING |    ⚠ Blocked (403) retry 2
2026-09-04 01:00:04,842 | INFO | 🌐 Session warmed
2026-09-04 01:00:04,902 | INFO | 🌐 Session warmed
2026-09-04 01:00:05,489 | INFO |    ↳ Status 403
2026-09-04 01:00:05,490 | WARNING |    ⚠ Blocked (403) retry 2
2026-09-04 01:00:05,599 | INFO | 🌐 Session warmed
2026-09-04 01:00:07,141 | INFO |    ↳ Status 403
2026-09-04 01:00:07,141 | WARNING |    ⚠ Blocked (403) retry 2
2026-09-04 01:00:07,230 | INFO | 🌐 Session warmed
2026-09-04 01:00:07,417 | INFO |    ↳ Status 403
2026-09-04 01:00:07,417 | WARNING |    ⚠ Blocked (403) retry 3
2026-09-04 01:00:07,538 | INFO | 🌐 Session warmed
2026-09-04 01:00:07,683 | INFO |    ↳ Status 403
2026-09-04 01:00:07,683 | WARNING |    ⚠ Blocked (403) retry 3
2026-09-04 01:00:07,780 | INFO | 🌐 Session warmed
2026-09-04 01:00:08,856 | INFO |    ↳ Status 403
2026-09-04 01:00:08,856 | WARNING |    ⚠ Blocked (403) retry 3
2026-09-04 01:00:08,944 | INFO | 🌐 Session warmed
2026-09-04 01:00:09,856 | INFO |    ↳ Status 403
2026-09-04 01:00:09,856 | WARNING |    ⚠ Blocked (403) retry 3
2026-09-04 01:00:09,963 | INFO | 🌐 Session warmed
2026-09-04 01:00:11,538 | INFO | [1160/1901] Fetching Mungra Badshahpur (BDPR)
2026-09-04 01:00:11,780 | INFO | [1161/1901] Fetching Muniguda (MUNI)
2026-09-04 01:00:12,819 | INFO |    ↳ Status 403
2026-09-04 01:00:12,819 | WARNING |    ⚠ Blocked (403) retry 1
2026-09-04 01:00:12,867 | INFO |    ↳ Status 403
2026-09-04 01:00:12,867 | WARNING |    ⚠ Blocked (403) retry 1
2026-09-04 01:00:12,942 | INFO | 🌐 Session warmed
2026-09-04 01:00:12,944 | INFO | [1162/1901] Fetching Muradnagar (MRDG)
2026-09-04 01:00:12,988 | INFO | 🌐 Session warmed
2026-09-04 01:00:13,940 | INFO |    ↳ Status 403
2026-09-04 01:00:13,940 | WARNING |    ⚠ Blocked (403) retry 1
2026-09-04 01:00:13,963 | INFO | [1163/1901] Fetching Murshidabad (MURS)
2026-09-04 01:00:14,060 | INFO | 🌐 Session warmed
2026-09-04 01:00:14,660 | INFO |    ↳ Status 403
2026-09-04 01:00:14,660 | WARNING |    ⚠ Blocked (403) retry 2
2026-09-04 01:00:14,756 | INFO | 🌐 Session warmed
2026-09-04 01:00:14,852 | INFO |    ↳ Status 403
2026-09-04 01:00:14,852 | WARNING |    ⚠ Blocked (403) retry 2
2026-09-04 01:00:14,876 | INFO |    ↳ Status 403
2026-09-04 01:00:14,877 | WARNING |    ⚠ Blocked (403) retry 1
2026-09-04 01:00:14,958 | INFO | 🌐 Session warmed
2026-09-04 01:00:14,979 | INFO | 🌐 Session warmed
2026-09-04 01:00:16,375 | INFO |    ↳ Status 403
2026-09-04 01:00:16,375 | WARNING |    ⚠ Blocked (403) retry 2
2026-09-04 01:00:16,482 | INFO | 🌐 Session warmed
2026-09-04 01:00:17,145 | INFO |    ↳ Status 403
2026-09-04 01:00:17,146 | WARNING |    ⚠ Blocked (403) retry 2
2026-09-04 01:00:17,251 | INFO | 🌐 Session warmed
2026-09-04 01:00:17,645 | INFO |    ↳ Status 403
2026-09-04 01:00:17,645 | WARNING |    ⚠ Blocked (403) retry 3
2026-09-04 01:00:17,744 | INFO | 🌐 Session warmed
2026-09-04 01:00:18,134 | INFO |    ↳ Status 403
2026-09-04 01:00:18,134 | WARNING |    ⚠ Blocked (403) retry 3
2026-09-04 01:00:18,254 | INFO | 🌐 Session warmed
2026-09-04 01:00:19,721 | INFO |    ↳ Status 403
2026-09-04 01:00:19,721 | WARNING |    ⚠ Blocked (403) retry 3
2026-09-04 01:00:19,820 | INFO | 🌐 Session warmed
2026-09-04 01:00:20,191 | INFO |    ↳ Status 403
2026-09-04 01:00:20,192 | WARNING |    ⚠ Blocked (403) retry 3
2026-09-04 01:00:20,290 | INFO | 🌐 Session warmed
2026-09-04 01:00:21,744 | INFO | [1164/1901] Fetching Murtizapur (MUUR)
2026-09-04 01:00:22,255 | INFO | [1165/1901] Fetching Musiri (MUSI)
2026-09-04 01:00:22,683 | INFO |    ↳ Status 403
2026-09-04 01:00:22,683 | WARNING |    ⚠ Blocked (403) retry 1
2026-09-04 01:00:22,788 | INFO | 🌐 Session warmed
2026-09-04 01:00:23,057 | INFO |    ↳ Status 403
2026-09-04 01:00:23,057 | WARNING |    ⚠ Blocked (403) retry 1
2026-09-04 01:00:23,157 | INFO | 🌐 Session warmed
2026-09-04 01:00:23,820 | INFO | [1166/1901] Fetching Mussoorie (MSS)
2026-09-04 01:00:24,290 | INFO | [1167/1901] Fetching Muvattupuzha (MUVA)
2026-09-04 01:00:24,884 | INFO |    ↳ Status 403
2026-09-04 01:00:24,884 | WARNING |    ⚠ Blocked (403) retry 1
2026-09-04 01:00:24,975 | INFO |    ↳ Status 403
2026-09-04 01:00:24,976 | WARNING |    ⚠ Blocked (403) retry 2
2026-09-04 01:00:24,979 | INFO | 🌐 Session warmed
2026-09-04 01:00:25,063 | INFO | 🌐 Session warmed
2026-09-04 01:00:25,216 | INFO |    ↳ Status 403
2026-09-04 01:00:25,216 | WARNING |    ⚠ Blocked (403) retry 1
2026-09-04 01:00:25,283 | INFO |    ↳ Status 403
2026-09-04 01:00:25,283 | WARNING |    ⚠ Blocked (403) retry 2
2026-09-04 01:00:25,304 | INFO | 🌐 Session warmed
2026-09-04 01:00:25,383 | INFO | 🌐 Session warmed
2026-09-04 01:00:27,204 | INFO |    ↳ Status 403
2026-09-04 01:00:27,204 | WARNING |    ⚠ Blocked (403) retry 2
2026-09-04 01:00:27,239 | INFO |    ↳ Status 403
2026-09-04 01:00:27,239 | WARNING |    ⚠ Blocked (403) retry 2
2026-09-04 01:00:27,303 | INFO | 🌐 Session warmed
2026-09-04 01:00:27,354 | INFO | 🌐 Session warmed
2026-09-04 01:00:28,384 | INFO |    ↳ Status 403
2026-09-04 01:00:28,384 | WARNING |    ⚠ Blocked (403) retry 3
2026-09-04 01:00:28,475 | INFO | 🌐 Session warmed
2026-09-04 01:00:28,531 | INFO |    ↳ Status 403
2026-09-04 01:00:28,531 | WARNING |    ⚠ Blocked (403) retry 3
2026-09-04 01:00:28,641 | INFO | 🌐 Session warmed
2026-09-04 01:00:30,235 | INFO |    ↳ Status 403
2026-09-04 01:00:30,235 | WARNING |    ⚠ Blocked (403) retry 3
2026-09-04 01:00:30,315 | INFO |    ↳ Status 403
2026-09-04 01:00:30,315 | WARNING |    ⚠ Blocked (403) retry 3
2026-09-04 01:00:30,337 | INFO | 🌐 Session warmed
2026-09-04 01:00:30,420 | INFO | 🌐 Session warmed
2026-09-04 01:00:32,475 | INFO | [1168/1901] Fetching Muzaffarnagar (MUZ)
2026-09-04 01:00:32,641 | INFO | [1169/1901] Fetching Muzaffarpur (MUZA)
2026-09-04 01:00:33,239 | INFO |    ↳ Status 403
2026-09-04 01:00:33,240 | WARNING |    ⚠ Blocked (403) retry 1
2026-09-04 01:00:33,328 | INFO | 🌐 Session warmed
2026-09-04 01:00:33,431 | INFO |    ↳ Status 403
2026-09-04 01:00:33,431 | WARNING |    ⚠ Blocked (403) retry 1
2026-09-04 01:00:33,523 | INFO | 🌐 Session warmed
2026-09-04 01:00:34,338 | INFO | [1170/1901] Fetching Mydukur (MYDU)
2026-09-04 01:00:34,420 | INFO | [1171/1901] Fetching Mylavaram (MYLA)
2026-09-04 01:00:35,107 | INFO |    ↳ Status 403
2026-09-04 01:00:35,107 | WARNING |    ⚠ Blocked (403) retry 2
2026-09-04 01:00:35,217 | INFO | 🌐 Session warmed
2026-09-04 01:00:35,314 | INFO |    ↳ Status 403
2026-09-04 01:00:35,314 | WARNING |    ⚠ Blocked (403) retry 1
2026-09-04 01:00:35,395 | INFO |    ↳ Status 403
2026-09-04 01:00:35,395 | WARNING |    ⚠ Blocked (403) retry 2
2026-09-04 01:00:35,420 | INFO | 🌐 Session warmed
2026-09-04 01:00:35,502 | INFO | 🌐 Session warmed
2026-09-04 01:00:35,560 | INFO |    ↳ Status 403
2026-09-04 01:00:35,560 | WARNING |    ⚠ Blocked (403) retry 1
2026-09-04 01:00:35,661 | INFO | 🌐 Session warmed
2026-09-04 01:00:37,133 | INFO |    ↳ Status 403
2026-09-04 01:00:37,133 | WARNING |    ⚠ Blocked (403) retry 2
2026-09-04 01:00:37,247 | INFO | 🌐 Session warmed
2026-09-04 01:00:37,826 | INFO |    ↳ Status 403
2026-09-04 01:00:37,826 | WARNING |    ⚠ Blocked (403) retry 2
2026-09-04 01:00:37,917 | INFO | 🌐 Session warmed
2026-09-04 01:00:38,045 | INFO |    ↳ Status 403
2026-09-04 01:00:38,045 | WARNING |    ⚠ Blocked (403) retry 3
2026-09-04 01:00:38,154 | INFO | 🌐 Session warmed
2026-09-04 01:00:38,589 | INFO |    ↳ Status 403
2026-09-04 01:00:38,589 | WARNING |    ⚠ Blocked (403) retry 3
2026-09-04 01:00:38,688 | INFO | 🌐 Session warmed
2026-09-04 01:00:40,486 | INFO |    ↳ Status 403
2026-09-04 01:00:40,486 | WARNING |    ⚠ Blocked (403) retry 3
2026-09-04 01:00:40,589 | INFO | 🌐 Session warmed
2026-09-04 01:00:40,876 | INFO |    ↳ Status 403
2026-09-04 01:00:40,876 | WARNING |    ⚠ Blocked (403) retry 3
2026-09-04 01:00:40,998 | INFO | 🌐 Session warmed
2026-09-04 01:00:42,155 | INFO | [1172/1901] Fetching Mysuru (Mysore) (MYS)
2026-09-04 01:00:42,688 | INFO | [1173/1901] Fetching Nabadwip (NABB)
2026-09-04 01:00:43,391 | INFO |    ↳ Status 403
2026-09-04 01:00:43,391 | WARNING |    ⚠ Blocked (403) retry 1
2026-09-04 01:00:43,478 | INFO | 🌐 Session warmed
2026-09-04 01:00:43,763 | INFO |    ↳ Status 403
2026-09-04 01:00:43,763 | WARNING |    ⚠ Blocked (403) retry 1
2026-09-04 01:00:43,899 | INFO | 🌐 Session warmed
2026-09-04 01:00:44,589 | INFO | [1174/1901] Fetching Nabarangpur (NAGU)
2026-09-04 01:00:44,998 | INFO | [1175/1901] Fetching Nabha (NABH)
2026-09-04 01:00:45,773 | INFO |    ↳ Status 403
2026-09-04 01:00:45,773 | WARNING |    ⚠ Blocked (403) retry 2
2026-09-04 01:00:45,880 | INFO | 🌐 Session warmed
2026-09-04 01:00:45,917 | INFO |    ↳ Status 403
2026-09-04 01:00:45,918 | WARNING |    ⚠ Blocked (403) retry 2
2026-09-04 01:00:45,966 | INFO |    ↳ Status 403
2026-09-04 01:00:45,966 | WARNING |    ⚠ Blocked (403) retry 1
2026-09-04 01:00:46,023 | INFO | 🌐 Session warmed
2026-09-04 01:00:46,064 | INFO | 🌐 Session warmed
2026-09-04 01:00:46,382 | INFO |    ↳ Status 403
2026-09-04 01:00:46,382 | WARNING |    ⚠ Blocked (403) retry 1
2026-09-04 01:00:46,481 | INFO | 🌐 Session warmed
2026-09-04 01:00:48,382 | INFO |    ↳ Status 403
2026-09-04 01:00:48,383 | WARNING |    ⚠ Blocked (403) retry 2
2026-09-04 01:00:48,397 | INFO |    ↳ Status 403
2026-09-04 01:00:48,397 | WARNING |    ⚠ Blocked (403) retry 2
2026-09-04 01:00:48,509 | INFO | 🌐 Session warmed
2026-09-04 01:00:48,512 | INFO | 🌐 Session warmed
2026-09-04 01:00:48,613 | INFO |    ↳ Status 403
2026-09-04 01:00:48,613 | WARNING |    ⚠ Blocked (403) retry 3
2026-09-04 01:00:48,714 | INFO | 🌐 Session warmed
2026-09-04 01:00:49,062 | INFO |    ↳ Status 403
2026-09-04 01:00:49,063 | WARNING |    ⚠ Blocked (403) retry 3
2026-09-04 01:00:49,173 | INFO | 🌐 Session warmed
2026-09-04 01:00:51,209 | INFO |    ↳ Status 403
2026-09-04 01:00:51,210 | WARNING |    ⚠ Blocked (403) retry 3
2026-09-04 01:00:51,333 | INFO | 🌐 Session warmed
2026-09-04 01:00:51,483 | INFO |    ↳ Status 403
2026-09-04 01:00:51,484 | WARNING |    ⚠ Blocked (403) retry 3
2026-09-04 01:00:51,589 | INFO | 🌐 Session warmed
2026-09-04 01:00:52,714 | INFO | [1176/1901] Fetching Nadia (NDWB)
2026-09-04 01:00:53,173 | INFO | [1177/1901] Fetching Nadiad (NADI)
2026-09-04 01:00:53,880 | INFO |    ↳ Status 403
2026-09-04 01:00:53,880 | WARNING |    ⚠ Blocked (403) retry 1
2026-09-04 01:00:53,992 | INFO | 🌐 Session warmed
2026-09-04 01:00:54,181 | INFO |    ↳ Status 403
2026-09-04 01:00:54,181 | WARNING |    ⚠ Blocked (403) retry 1
2026-09-04 01:00:54,272 | INFO | 🌐 Session warmed
2026-09-04 01:00:55,333 | INFO | [1178/1901] Fetching Nagamangala (NAGA)
2026-09-04 01:00:55,589 | INFO | [1179/1901] Fetching Nagaon (NAAM)
2026-09-04 01:00:55,924 | INFO |    ↳ Status 403
2026-09-04 01:00:55,924 | WARNING |    ⚠ Blocked (403) retry 2
2026-09-04 01:00:56,058 | INFO |    ↳ Status 403
2026-09-04 01:00:56,058 | WARNING |    ⚠ Blocked (403) retry 2
2026-09-04 01:00:56,152 | INFO | 🌐 Session warmed
2026-09-04 01:00:56,153 | INFO | 🌐 Session warmed
2026-09-04 01:00:56,203 | INFO |    ↳ Status 403
2026-09-04 01:00:56,203 | WARNING |    ⚠ Blocked (403) retry 1
2026-09-04 01:00:56,297 | INFO | 🌐 Session warmed
2026-09-04 01:00:57,007 | INFO |    ↳ Status 403
2026-09-04 01:00:57,007 | WARNING |    ⚠ Blocked (403) retry 1
2026-09-04 01:00:57,138 | INFO | 🌐 Session warmed
2026-09-04 01:00:58,547 | INFO |    ↳ Status 403
2026-09-04 01:00:58,547 | WARNING |    ⚠ Blocked (403) retry 2
2026-09-04 01:00:58,643 | INFO | 🌐 Session warmed
2026-09-04 01:00:58,920 | INFO |    ↳ Status 403
2026-09-04 01:00:58,920 | WARNING |    ⚠ Blocked (403) retry 3
2026-09-04 01:00:59,025 | INFO | 🌐 Session warmed
2026-09-04 01:00:59,076 | INFO |    ↳ Status 403
2026-09-04 01:00:59,076 | WARNING |    ⚠ Blocked (403) retry 3
2026-09-04 01:00:59,182 | INFO | 🌐 Session warmed
2026-09-04 01:00:59,249 | INFO |    ↳ Status 403
2026-09-04 01:00:59,250 | WARNING |    ⚠ Blocked (403) retry 2
2026-09-04 01:00:59,369 | INFO | 🌐 Session warmed
2026-09-04 01:01:01,647 | INFO |    ↳ Status 403
2026-09-04 01:01:01,647 | WARNING |    ⚠ Blocked (403) retry 3
2026-09-04 01:01:01,748 | INFO | 🌐 Session warmed
2026-09-04 01:01:02,198 | INFO |    ↳ Status 403
2026-09-04 01:01:02,198 | WARNING |    ⚠ Blocked (403) retry 3
2026-09-04 01:01:02,291 | INFO | 🌐 Session warmed
2026-09-04 01:01:03,026 | INFO | [1180/1901] Fetching Nagapattinam (NGPT)
2026-09-04 01:01:03,182 | INFO | [1181/1901] Fetching Nagari (NAGI)
2026-09-04 01:01:04,342 | INFO |    ↳ Status 403
2026-09-04 01:01:04,342 | WARNING |    ⚠ Blocked (403) retry 1
2026-09-04 01:01:04,448 | INFO |    ↳ Status 403
2026-09-04 01:01:04,448 | INFO | 🌐 Session warmed
2026-09-04 01:01:04,449 | WARNING |    ⚠ Blocked (403) retry 1
2026-09-04 01:01:04,549 | INFO | 🌐 Session warmed
2026-09-04 01:01:05,749 | INFO | [1182/1901] Fetching Nagarkurnool (NGKL)
2026-09-04 01:01:06,291 | INFO | [1183/1901] Fetching Nagaur (NAGR)
2026-09-04 01:01:06,473 | INFO |    ↳ Status 403
2026-09-04 01:01:06,473 | WARNING |    ⚠ Blocked (403) retry 1
2026-09-04 01:01:06,569 | INFO | 🌐 Session warmed
2026-09-04 01:01:06,599 | INFO |    ↳ Status 403
2026-09-04 01:01:06,599 | WARNING |    ⚠ Blocked (403) retry 2
2026-09-04 01:01:06,619 | INFO |    ↳ Status 403
2026-09-04 01:01:06,620 | WARNING |    ⚠ Blocked (403) retry 2
2026-09-04 01:01:06,709 | INFO | 🌐 Session warmed
2026-09-04 01:01:06,721 | INFO | 🌐 Session warmed
2026-09-04 01:01:07,644 | INFO |    ↳ Status 403
2026-09-04 01:01:07,645 | WARNING |    ⚠ Blocked (403) retry 1
2026-09-04 01:01:07,732 | INFO | 🌐 Session warmed
2026-09-04 01:01:08,656 | INFO |    ↳ Status 403
2026-09-04 01:01:08,656 | WARNING |    ⚠ Blocked (403) retry 2
2026-09-04 01:01:08,749 | INFO | 🌐 Session warmed
2026-09-04 01:01:09,384 | INFO |    ↳ Status 403
2026-09-04 01:01:09,384 | WARNING |    ⚠ Blocked (403) retry 2
2026-09-04 01:01:09,493 | INFO | 🌐 Session warmed
2026-09-04 01:01:09,510 | INFO |    ↳ Status 403
2026-09-04 01:01:09,510 | WARNING |    ⚠ Blocked (403) retry 3
2026-09-04 01:01:09,624 | INFO | 🌐 Session warmed
2026-09-04 01:01:09,640 | INFO |    ↳ Status 403
2026-09-04 01:01:09,640 | WARNING |    ⚠ Blocked (403) retry 3
2026-09-04 01:01:09,744 | INFO | 🌐 Session warmed
2026-09-04 01:01:11,861 | INFO |    ↳ Status 403
2026-09-04 01:01:11,861 | WARNING |    ⚠ Blocked (403) retry 3
2026-09-04 01:01:11,982 | INFO | 🌐 Session warmed
2026-09-04 01:01:12,777 | INFO |    ↳ Status 403
2026-09-04 01:01:12,777 | WARNING |    ⚠ Blocked (403) retry 3
2026-09-04 01:01:13,624 | INFO | [1184/1901] Fetching Nagayalanka (NYLK)
2026-09-04 01:01:13,745 | INFO | [1185/1901] Fetching Nagda (NAGD)
2026-09-04 01:01:15,042 | INFO |    ↳ Status 403
2026-09-04 01:01:15,042 | WARNING |    ⚠ Blocked (403) retry 1
2026-09-04 01:01:15,146 | INFO | 🌐 Session warmed
2026-09-04 01:01:15,157 | INFO |    ↳ Status 403
2026-09-04 01:01:15,157 | WARNING |    ⚠ Blocked (403) retry 1
2026-09-04 01:01:15,265 | INFO | 🌐 Session warmed
2026-09-04 01:01:15,983 | INFO | [1186/1901] Fetching Nagercoil (NAGE)
2026-09-04 01:01:17,185 | INFO |    ↳ Status 403
2026-09-04 01:01:17,185 | WARNING |    ⚠ Blocked (403) retry 1
2026-09-04 01:01:17,277 | INFO |    ↳ Status 403
2026-09-04 01:01:17,278 | WARNING |    ⚠ Blocked (403) retry 2
2026-09-04 01:01:17,282 | INFO | 🌐 Session warmed
2026-09-04 01:01:17,373 | INFO | 🌐 Session warmed
2026-09-04 01:01:17,675 | INFO |    ↳ Status 403
2026-09-04 01:01:17,675 | WARNING |    ⚠ Blocked (403) retry 2
2026-09-04 01:01:17,792 | INFO | 🌐 Session warmed
2026-09-04 01:01:19,254 | INFO |    ↳ Status 403
2026-09-04 01:01:19,254 | WARNING |    ⚠ Blocked (403) retry 2
2026-09-04 01:01:19,353 | INFO | 🌐 Session warmed
2026-09-04 01:01:20,356 | INFO |    ↳ Status 403
2026-09-04 01:01:20,356 | WARNING |    ⚠ Blocked (403) retry 3
2026-09-04 01:01:20,475 | INFO | 🌐 Session warmed
2026-09-04 01:01:20,750 | INFO |    ↳ Status 403
2026-09-04 01:01:20,751 | WARNING |    ⚠ Blocked (403) retry 3
2026-09-04 01:01:20,845 | INFO | 🌐 Session warmed
2026-09-04 01:01:22,492 | INFO |    ↳ Status 403
2026-09-04 01:01:22,492 | WARNING |    ⚠ Blocked (403) retry 3
2026-09-04 01:01:22,602 | INFO | 🌐 Session warmed
2026-09-04 01:01:22,850 | WARNING | Warmup failed: HTTPSConnectionPool(host='in.bookmyshow.com', port=443): Read timed out. (read timeout=10)
2026-09-04 01:01:24,476 | INFO | [1187/1901] Fetching Nagothane (NAGO)
2026-09-04 01:01:24,845 | INFO | [1188/1901] Fetching Nagpur (NAGP)
2026-09-04 01:01:25,425 | INFO |    ↳ Status 403
2026-09-04 01:01:25,425 | WARNING |    ⚠ Blocked (403) retry 1
2026-09-04 01:01:25,531 | INFO | 🌐 Session warmed
2026-09-04 01:01:25,707 | INFO |    ↳ Status 403
2026-09-04 01:01:25,707 | WARNING |    ⚠ Blocked (403) retry 1
2026-09-04 01:01:25,799 | INFO | 🌐 Session warmed
2026-09-04 01:01:26,603 | INFO | [1189/1901] Fetching Naharlagun (NAHA)
2026-09-04 01:01:26,850 | INFO | [1190/1901] Fetching Naidupeta (NDPT)
2026-09-04 01:01:27,568 | INFO |    ↳ Status 403
2026-09-04 01:01:27,568 | WARNING |    ⚠ Blocked (403) retry 2
2026-09-04 01:01:27,674 | INFO |    ↳ Status 403
2026-09-04 01:01:27,674 | WARNING |    ⚠ Blocked (403) retry 1
2026-09-04 01:01:27,681 | INFO | 🌐 Session warmed
2026-09-04 01:01:27,744 | INFO |    ↳ Status 403
2026-09-04 01:01:27,744 | WARNING |    ⚠ Blocked (403) retry 2
2026-09-04 01:01:27,777 | INFO | 🌐 Session warmed
2026-09-04 01:01:27,852 | INFO | 🌐 Session warmed
2026-09-04 01:01:28,269 | INFO |    ↳ Status 403
2026-09-04 01:01:28,269 | WARNING |    ⚠ Blocked (403) retry 1
2026-09-04 01:01:28,361 | INFO | 🌐 Session warmed
2026-09-04 01:01:29,521 | INFO |    ↳ Status 403
2026-09-04 01:01:29,521 | WARNING |    ⚠ Blocked (403) retry 2
2026-09-04 01:01:29,648 | INFO | 🌐 Session warmed
2026-09-04 01:01:30,361 | INFO |    ↳ Status 403
2026-09-04 01:01:30,362 | WARNING |    ⚠ Blocked (403) retry 2
2026-09-04 01:01:30,495 | INFO | 🌐 Session warmed
2026-09-04 01:01:30,677 | INFO |    ↳ Status 403
2026-09-04 01:01:30,677 | WARNING |    ⚠ Blocked (403) retry 3
2026-09-04 01:01:30,774 | INFO | 🌐 Session warmed
2026-09-04 01:01:31,193 | INFO |    ↳ Status 403
2026-09-04 01:01:31,193 | WARNING |    ⚠ Blocked (403) retry 3
2026-09-04 01:01:31,306 | INFO | 🌐 Session warmed
2026-09-04 01:01:32,953 | INFO |    ↳ Status 403
2026-09-04 01:01:32,953 | WARNING |    ⚠ Blocked (403) retry 3
2026-09-04 01:01:33,047 | INFO | 🌐 Session warmed
2026-09-04 01:01:33,718 | INFO |    ↳ Status 403
2026-09-04 01:01:33,718 | WARNING |    ⚠ Blocked (403) retry 3
2026-09-04 01:01:33,810 | INFO | 🌐 Session warmed
2026-09-04 01:01:34,774 | INFO | [1191/1901] Fetching Naihati (NHTA)
2026-09-04 01:01:35,306 | INFO | [1192/1901] Fetching Nainital (NAIN)
2026-09-04 01:01:35,851 | INFO |    ↳ Status 403
2026-09-04 01:01:35,851 | WARNING |    ⚠ Blocked (403) retry 1
2026-09-04 01:01:35,956 | INFO | 🌐 Session warmed
2026-09-04 01:01:36,647 | INFO |    ↳ Status 403
2026-09-04 01:01:36,647 | WARNING |    ⚠ Blocked (403) retry 1
2026-09-04 01:01:36,754 | INFO | 🌐 Session warmed
2026-09-04 01:01:37,047 | INFO | [1193/1901] Fetching Najafgarh (NAJA)
2026-09-04 01:01:37,585 | INFO |    ↳ Status 403
2026-09-04 01:01:37,585 | WARNING |    ⚠ Blocked (403) retry 2
2026-09-04 01:01:37,697 | INFO | 🌐 Session warmed
2026-09-04 01:01:37,810 | INFO | [1194/1901] Fetching Najibabad (NAJI)
2026-09-04 01:01:38,044 | INFO |    ↳ Status 403
2026-09-04 01:01:38,045 | WARNING |    ⚠ Blocked (403) retry 1
2026-09-04 01:01:38,139 | INFO | 🌐 Session warmed
2026-09-04 01:01:38,616 | INFO |    ↳ Status 403
2026-09-04 01:01:38,616 | WARNING |    ⚠ Blocked (403) retry 1
2026-09-04 01:01:38,730 | INFO |    ↳ Status 403
2026-09-04 01:01:38,730 | WARNING |    ⚠ Blocked (403) retry 2
2026-09-04 01:01:38,765 | INFO | 🌐 Session warmed
2026-09-04 01:01:38,858 | INFO | 🌐 Session warmed
2026-09-04 01:01:39,969 | INFO |    ↳ Status 403
2026-09-04 01:01:39,969 | WARNING |    ⚠ Blocked (403) retry 2
2026-09-04 01:01:40,070 | INFO | 🌐 Session warmed
2026-09-04 01:01:40,839 | INFO |    ↳ Status 403
2026-09-04 01:01:40,839 | WARNING |    ⚠ Blocked (403) retry 2
2026-09-04 01:01:40,868 | INFO |    ↳ Status 403
2026-09-04 01:01:40,868 | WARNING |    ⚠ Blocked (403) retry 3
2026-09-04 01:01:40,949 | INFO | 🌐 Session warmed
2026-09-04 01:01:40,979 | INFO | 🌐 Session warmed
2026-09-04 01:01:42,198 | INFO |    ↳ Status 403
2026-09-04 01:01:42,198 | WARNING |    ⚠ Blocked (403) retry 3
2026-09-04 01:01:42,316 | INFO | 🌐 Session warmed
2026-09-04 01:01:42,956 | INFO |    ↳ Status 403
2026-09-04 01:01:42,957 | WARNING |    ⚠ Blocked (403) retry 3
2026-09-04 01:01:43,081 | INFO | 🌐 Session warmed
2026-09-04 01:01:43,694 | INFO |    ↳ Status 403
2026-09-04 01:01:43,694 | WARNING |    ⚠ Blocked (403) retry 3
2026-09-04 01:01:43,787 | INFO | 🌐 Session warmed
2026-09-04 01:01:44,979 | INFO | [1195/1901] Fetching Nakhatrana (NKHT)
2026-09-04 01:01:45,685 | INFO |    ↳ Status 403
2026-09-04 01:01:45,685 | WARNING |    ⚠ Blocked (403) retry 1
2026-09-04 01:01:45,788 | INFO | 🌐 Session warmed
2026-09-04 01:01:46,316 | INFO | [1196/1901] Fetching Nakodar (NAKO)
2026-09-04 01:01:47,081 | INFO | [1197/1901] Fetching Nakrekal (NKRL)
2026-09-04 01:01:47,487 | INFO |    ↳ Status 403
2026-09-04 01:01:47,487 | WARNING |    ⚠ Blocked (403) retry 2
2026-09-04 01:01:47,568 | INFO |    ↳ Status 403
2026-09-04 01:01:47,568 | WARNING |    ⚠ Blocked (403) retry 1
2026-09-04 01:01:47,613 | INFO | 🌐 Session warmed
2026-09-04 01:01:47,685 | INFO | 🌐 Session warmed
2026-09-04 01:01:47,787 | INFO | [1198/1901] Fetching Nalbari (NALB)
2026-09-04 01:01:48,111 | INFO |    ↳ Status 403
2026-09-04 01:01:48,111 | WARNING |    ⚠ Blocked (403) retry 1
2026-09-04 01:01:48,226 | INFO | 🌐 Session warmed
2026-09-04 01:01:49,192 | INFO |    ↳ Status 403
2026-09-04 01:01:49,192 | WARNING |    ⚠ Blocked (403) retry 1
2026-09-04 01:01:49,292 | INFO | 🌐 Session warmed
2026-09-04 01:01:49,842 | INFO |    ↳ Status 403
2026-09-04 01:01:49,842 | WARNING |    ⚠ Blocked (403) retry 2
2026-09-04 01:01:49,945 | INFO | 🌐 Session warmed
2026-09-04 01:01:50,150 | INFO |    ↳ Status 403
2026-09-04 01:01:50,151 | WARNING |    ⚠ Blocked (403) retry 2
2026-09-04 01:01:50,267 | INFO | 🌐 Session warmed
2026-09-04 01:01:50,731 | INFO |    ↳ Status 403
2026-09-04 01:01:50,731 | WARNING |    ⚠ Blocked (403) retry 3
2026-09-04 01:01:50,841 | INFO | 🌐 Session warmed
2026-09-04 01:01:51,562 | INFO |    ↳ Status 403
2026-09-04 01:01:51,562 | WARNING |    ⚠ Blocked (403) retry 2
2026-09-04 01:01:51,676 | INFO | 🌐 Session warmed
2026-09-04 01:01:53,247 | INFO |    ↳ Status 403
2026-09-04 01:01:53,247 | WARNING |    ⚠ Blocked (403) retry 3
2026-09-04 01:01:53,353 | INFO | 🌐 Session warmed
2026-09-04 01:01:53,684 | INFO |    ↳ Status 403
2026-09-04 01:01:53,685 | WARNING |    ⚠ Blocked (403) retry 3
2026-09-04 01:01:53,781 | INFO | 🌐 Session warmed
2026-09-04 01:01:54,708 | INFO |    ↳ Status 403
2026-09-04 01:01:54,708 | WARNING |    ⚠ Blocked (403) retry 3
2026-09-04 01:01:54,818 | INFO | 🌐 Session warmed
2026-09-04 01:01:54,842 | INFO | [1199/1901] Fetching Nalgonda (NALK)
2026-09-04 01:01:55,924 | INFO |    ↳ Status 403
2026-09-04 01:01:55,924 | WARNING |    ⚠ Blocked (403) retry 1
2026-09-04 01:01:56,017 | INFO | 🌐 Session warmed
2026-09-04 01:01:57,353 | INFO | [1200/1901] Fetching Nallajerla (NALJ)
2026-09-04 01:01:57,781 | INFO | [1201/1901] Fetching Namakkal (NMKL)
2026-09-04 01:01:58,230 | INFO |    ↳ Status 403
2026-09-04 01:01:58,230 | WARNING |    ⚠ Blocked (403) retry 2
2026-09-04 01:01:58,338 | INFO | 🌐 Session warmed
2026-09-04 01:01:58,610 | INFO |    ↳ Status 403
2026-09-04 01:01:58,610 | WARNING |    ⚠ Blocked (403) retry 1
2026-09-04 01:01:58,681 | INFO |    ↳ Status 403
2026-09-04 01:01:58,681 | WARNING |    ⚠ Blocked (403) retry 1
2026-09-04 01:01:58,721 | INFO | 🌐 Session warmed
2026-09-04 01:01:58,819 | INFO | [1202/1901] Fetching Namchi (NAMI)
2026-09-04 01:01:58,820 | INFO | 🌐 Session warmed
2026-09-04 01:01:59,576 | INFO |    ↳ Status 403
2026-09-04 01:01:59,576 | WARNING |    ⚠ Blocked (403) retry 1
2026-09-04 01:01:59,697 | INFO | 🌐 Session warmed
2026-09-04 01:02:00,554 | INFO |    ↳ Status 403
2026-09-04 01:02:00,554 | WARNING |    ⚠ Blocked (403) retry 2
2026-09-04 01:02:00,679 | INFO | 🌐 Session warmed
2026-09-04 01:02:00,725 | INFO |    ↳ Status 403
2026-09-04 01:02:00,725 | WARNING |    ⚠ Blocked (403) retry 2
2026-09-04 01:02:00,821 | INFO | 🌐 Session warmed
2026-09-04 01:02:01,228 | INFO |    ↳ Status 403
2026-09-04 01:02:01,228 | WARNING |    ⚠ Blocked (403) retry 3
2026-09-04 01:02:01,327 | INFO | 🌐 Session warmed
2026-09-04 01:02:01,903 | INFO |    ↳ Status 403
2026-09-04 01:02:01,903 | WARNING |    ⚠ Blocked (403) retry 2
2026-09-04 01:02:01,994 | INFO | 🌐 Session warmed
2026-09-04 01:02:03,518 | INFO |    ↳ Status 403
2026-09-04 01:02:03,518 | WARNING |    ⚠ Blocked (403) retry 3
2026-09-04 01:02:03,616 | INFO | 🌐 Session warmed
2026-09-04 01:02:03,704 | INFO |    ↳ Status 403
2026-09-04 01:02:03,705 | WARNING |    ⚠ Blocked (403) retry 3
2026-09-04 01:02:03,813 | INFO | 🌐 Session warmed
2026-09-04 01:02:05,081 | INFO |    ↳ Status 403
2026-09-04 01:02:05,081 | WARNING |    ⚠ Blocked (403) retry 3
2026-09-04 01:02:05,222 | INFO | 🌐 Session warmed
2026-09-04 01:02:05,328 | INFO | [1203/1901] Fetching Namkhana (RAMS)
2026-09-04 01:02:06,164 | INFO |    ↳ Status 403
2026-09-04 01:02:06,164 | WARNING |    ⚠ Blocked (403) retry 1
2026-09-04 01:02:06,276 | INFO | 🌐 Session warmed
2026-09-04 01:02:07,616 | INFO | [1204/1901] Fetching Namsai (NAMS)
2026-09-04 01:02:07,814 | INFO | [1205/1901] Fetching Nandakumar (NAKM)
2026-09-04 01:02:08,024 | INFO |    ↳ Status 403
2026-09-04 01:02:08,024 | WARNING |    ⚠ Blocked (403) retry 2
2026-09-04 01:02:08,134 | INFO | 🌐 Session warmed
2026-09-04 01:02:08,789 | INFO |    ↳ Status 403
2026-09-04 01:02:08,789 | WARNING |    ⚠ Blocked (403) retry 1
2026-09-04 01:02:08,837 | INFO |    ↳ Status 403
2026-09-04 01:02:08,838 | WARNING |    ⚠ Blocked (403) retry 1
2026-09-04 01:02:08,911 | INFO | 🌐 Session warmed
2026-09-04 01:02:08,934 | INFO | 🌐 Session warmed
2026-09-04 01:02:09,223 | INFO | [1206/1901] Fetching Nanded (NAND)
2026-09-04 01:02:10,629 | INFO |    ↳ Status 403
2026-09-04 01:02:10,629 | WARNING |    ⚠ Blocked (403) retry 1
2026-09-04 01:02:10,777 | INFO | 🌐 Session warmed
2026-09-04 01:02:10,874 | INFO |    ↳ Status 403
2026-09-04 01:02:10,874 | WARNING |    ⚠ Blocked (403) retry 2
2026-09-04 01:02:10,965 | INFO | 🌐 Session warmed
2026-09-04 01:02:11,008 | INFO |    ↳ Status 403
2026-09-04 01:02:11,008 | WARNING |    ⚠ Blocked (403) retry 2
2026-09-04 01:02:11,014 | INFO |    ↳ Status 403
2026-09-04 01:02:11,014 | WARNING |    ⚠ Blocked (403) retry 3
2026-09-04 01:02:11,122 | INFO | 🌐 Session warmed
2026-09-04 01:02:11,136 | INFO | 🌐 Session warmed
2026-09-04 01:02:12,712 | INFO |    ↳ Status 403
2026-09-04 01:02:12,712 | WARNING |    ⚠ Blocked (403) retry 2
2026-09-04 01:02:12,820 | INFO | 🌐 Session warmed
2026-09-04 01:02:13,802 | INFO |    ↳ Status 403
2026-09-04 01:02:13,802 | WARNING |    ⚠ Blocked (403) retry 3
2026-09-04 01:02:13,896 | INFO | 🌐 Session warmed
2026-09-04 01:02:14,394 | INFO |    ↳ Status 403
2026-09-04 01:02:14,394 | WARNING |    ⚠ Blocked (403) retry 3
2026-09-04 01:02:14,508 | INFO | 🌐 Session warmed
2026-09-04 01:02:15,137 | INFO | [1207/1901] Fetching Nandigama (NDGM)
2026-09-04 01:02:15,895 | INFO |    ↳ Status 403
2026-09-04 01:02:15,896 | WARNING |    ⚠ Blocked (403) retry 3
2026-09-04 01:02:16,001 | INFO | 🌐 Session warmed
2026-09-04 01:02:16,439 | INFO |    ↳ Status 403
2026-09-04 01:02:16,440 | WARNING |    ⚠ Blocked (403) retry 1
2026-09-04 01:02:16,545 | INFO | 🌐 Session warmed
2026-09-04 01:02:17,896 | INFO | [1208/1901] Fetching Nandikotkur (NDKT)
2026-09-04 01:02:18,327 | INFO |    ↳ Status 403
2026-09-04 01:02:18,327 | WARNING |    ⚠ Blocked (403) retry 2
2026-09-04 01:02:18,457 | INFO | 🌐 Session warmed
2026-09-04 01:02:18,508 | INFO | [1209/1901] Fetching Nandipet (NANZ)
2026-09-04 01:02:18,700 | INFO |    ↳ Status 403
2026-09-04 01:02:18,700 | WARNING |    ⚠ Blocked (403) retry 1
2026-09-04 01:02:18,806 | INFO | 🌐 Session warmed
2026-09-04 01:02:19,294 | INFO |    ↳ Status 403
2026-09-04 01:02:19,294 | WARNING |    ⚠ Blocked (403) retry 1
2026-09-04 01:02:19,386 | INFO | 🌐 Session warmed
2026-09-04 01:02:20,002 | INFO | [1210/1901] Fetching Nandurbar (NDNB)
2026-09-04 01:02:20,705 | INFO |    ↳ Status 403
2026-09-04 01:02:20,705 | WARNING |    ⚠ Blocked (403) retry 1
2026-09-04 01:02:20,806 | INFO | 🌐 Session warmed
2026-09-04 01:02:20,902 | INFO |    ↳ Status 403
2026-09-04 01:02:20,902 | WARNING |    ⚠ Blocked (403) retry 2
2026-09-04 01:02:20,997 | INFO | 🌐 Session warmed
2026-09-04 01:02:21,476 | INFO |    ↳ Status 403
2026-09-04 01:02:21,476 | WARNING |    ⚠ Blocked (403) retry 2
2026-09-04 01:02:21,573 | INFO | 🌐 Session warmed
2026-09-04 01:02:21,618 | INFO |    ↳ Status 403
2026-09-04 01:02:21,618 | WARNING |    ⚠ Blocked (403) retry 3
2026-09-04 01:02:21,709 | INFO | 🌐 Session warmed
2026-09-04 01:02:22,820 | INFO |    ↳ Status 403
2026-09-04 01:02:22,820 | WARNING |    ⚠ Blocked (403) retry 2
2026-09-04 01:02:22,924 | INFO | 🌐 Session warmed
2026-09-04 01:02:23,631 | INFO |    ↳ Status 403
2026-09-04 01:02:23,631 | WARNING |    ⚠ Blocked (403) retry 3
2026-09-04 01:02:23,720 | INFO | 🌐 Session warmed
2026-09-04 01:02:24,342 | INFO |    ↳ Status 403
2026-09-04 01:02:24,342 | WARNING |    ⚠ Blocked (403) retry 3
2026-09-04 01:02:24,459 | INFO | 🌐 Session warmed
2026-09-04 01:02:25,710 | INFO | [1211/1901] Fetching Nandyal (NADY)
2026-09-04 01:02:26,232 | INFO |    ↳ Status 403
2026-09-04 01:02:26,232 | WARNING |    ⚠ Blocked (403) retry 3
2026-09-04 01:02:26,343 | INFO | 🌐 Session warmed
2026-09-04 01:02:26,576 | INFO |    ↳ Status 403
2026-09-04 01:02:26,576 | WARNING |    ⚠ Blocked (403) retry 1
2026-09-04 01:02:26,683 | INFO | 🌐 Session warmed
2026-09-04 01:02:27,721 | INFO | [1212/1901] Fetching Nanjanagudu (NJGU)
2026-09-04 01:02:28,459 | INFO | [1213/1901] Fetching Nanpara (NANP)
2026-09-04 01:02:29,011 | INFO |    ↳ Status 403
2026-09-04 01:02:29,011 | WARNING |    ⚠ Blocked (403) retry 2
2026-09-04 01:02:29,092 | INFO |    ↳ Status 403
2026-09-04 01:02:29,092 | WARNING |    ⚠ Blocked (403) retry 1
2026-09-04 01:02:29,109 | INFO | 🌐 Session warmed
2026-09-04 01:02:29,262 | INFO | 🌐 Session warmed
2026-09-04 01:02:29,858 | INFO |    ↳ Status 403
2026-09-04 01:02:29,858 | WARNING |    ⚠ Blocked (403) retry 1
2026-09-04 01:02:29,952 | INFO | 🌐 Session warmed
2026-09-04 01:02:30,344 | INFO | [1214/1901] Fetching Narasannapeta (NRPT)
2026-09-04 01:02:31,103 | INFO |    ↳ Status 403
2026-09-04 01:02:31,103 | WARNING |    ⚠ Blocked (403) retry 1
2026-09-04 01:02:31,209 | INFO | 🌐 Session warmed
2026-09-04 01:02:31,259 | INFO |    ↳ Status 403
2026-09-04 01:02:31,259 | WARNING |    ⚠ Blocked (403) retry 2
2026-09-04 01:02:31,645 | INFO |    ↳ Status 403
2026-09-04 01:02:31,645 | WARNING |    ⚠ Blocked (403) retry 2
2026-09-04 01:02:31,733 | INFO | 🌐 Session warmed
2026-09-04 01:02:32,207 | INFO |    ↳ Status 403
2026-09-04 01:02:32,207 | WARNING |    ⚠ Blocked (403) retry 3
2026-09-04 01:02:32,297 | INFO | 🌐 Session warmed
2026-09-04 01:02:32,393 | INFO | 🌐 Session warmed
2026-09-04 01:02:32,959 | INFO |    ↳ Status 403
2026-09-04 01:02:32,959 | WARNING |    ⚠ Blocked (403) retry 2
2026-09-04 01:02:33,057 | INFO | 🌐 Session warmed
2026-09-04 01:02:34,509 | INFO |    ↳ Status 403
2026-09-04 01:02:34,509 | WARNING |    ⚠ Blocked (403) retry 3
2026-09-04 01:02:35,279 | INFO |    ↳ Status 403
2026-09-04 01:02:35,279 | WARNING |    ⚠ Blocked (403) retry 3
2026-09-04 01:02:35,367 | INFO | 🌐 Session warmed
2026-09-04 01:02:35,817 | INFO |    ↳ Status 403
2026-09-04 01:02:35,817 | WARNING |    ⚠ Blocked (403) retry 3
2026-09-04 01:02:35,908 | INFO | 🌐 Session warmed
2026-09-04 01:02:36,297 | INFO | [1215/1901] Fetching Narayankhed (NARY)
2026-09-04 01:02:37,056 | INFO |    ↳ Status 403
2026-09-04 01:02:37,056 | WARNING |    ⚠ Blocked (403) retry 1
2026-09-04 01:02:37,148 | INFO | 🌐 Session warmed
2026-09-04 01:02:39,251 | INFO |    ↳ Status 403
2026-09-04 01:02:39,251 | WARNING |    ⚠ Blocked (403) retry 2
2026-09-04 01:02:39,342 | INFO | 🌐 Session warmed
2026-09-04 01:02:39,368 | INFO | [1216/1901] Fetching Narayanpet (NRYN)
2026-09-04 01:02:39,909 | INFO | [1217/1901] Fetching Narayanpur (NRYA)
2026-09-04 01:02:40,119 | INFO |    ↳ Status 403
2026-09-04 01:02:40,119 | WARNING |    ⚠ Blocked (403) retry 1
2026-09-04 01:02:40,231 | INFO | 🌐 Session warmed
2026-09-04 01:02:40,897 | INFO |    ↳ Status 403
2026-09-04 01:02:40,897 | WARNING |    ⚠ Blocked (403) retry 1
2026-09-04 01:02:40,987 | INFO | 🌐 Session warmed
2026-09-04 01:02:42,260 | INFO |    ↳ Status 403
2026-09-04 01:02:42,260 | WARNING |    ⚠ Blocked (403) retry 2
2026-09-04 01:02:42,353 | INFO | 🌐 Session warmed
2026-09-04 01:02:42,359 | INFO |    ↳ Status 403
2026-09-04 01:02:42,359 | WARNING |    ⚠ Blocked (403) retry 3
2026-09-04 01:02:42,449 | INFO | 🌐 Session warmed
2026-09-04 01:02:42,689 | INFO |    ↳ Status 403
2026-09-04 01:02:42,689 | WARNING |    ⚠ Blocked (403) retry 2
2026-09-04 01:02:42,811 | INFO | 🌐 Session warmed
2026-09-04 01:02:44,578 | WARNING | Warmup failed: HTTPSConnectionPool(host='in.bookmyshow.com', port=443): Read timed out. (read timeout=10)
2026-09-04 01:02:45,399 | INFO |    ↳ Status 403
2026-09-04 01:02:45,399 | WARNING |    ⚠ Blocked (403) retry 3
2026-09-04 01:02:45,533 | INFO | 🌐 Session warmed
2026-09-04 01:02:45,786 | INFO |    ↳ Status 403
2026-09-04 01:02:45,786 | WARNING |    ⚠ Blocked (403) retry 3
2026-09-04 01:02:45,887 | INFO | 🌐 Session warmed
2026-09-04 01:02:46,450 | INFO | [1218/1901] Fetching Narayanpur (Assam) (NSAZ)
2026-09-04 01:02:47,376 | INFO |    ↳ Status 403
2026-09-04 01:02:47,376 | WARNING |    ⚠ Blocked (403) retry 1
2026-09-04 01:02:47,468 | INFO | 🌐 Session warmed
2026-09-04 01:02:48,578 | INFO | [1219/1901] Fetching Narayanpur (CH) (NRYA)
2026-09-04 01:02:49,153 | INFO |    ↳ Status 403
2026-09-04 01:02:49,153 | WARNING |    ⚠ Blocked (403) retry 2
2026-09-04 01:02:49,296 | INFO | 🌐 Session warmed
2026-09-04 01:02:49,442 | INFO |    ↳ Status 403
2026-09-04 01:02:49,442 | WARNING |    ⚠ Blocked (403) retry 1
2026-09-04 01:02:49,533 | INFO | [1220/1901] Fetching Nargund (NRGD)
2026-09-04 01:02:49,545 | INFO | 🌐 Session warmed
2026-09-04 01:02:49,887 | INFO | [1221/1901] Fetching Narnaul (NARN)
2026-09-04 01:02:50,429 | INFO |    ↳ Status 403
2026-09-04 01:02:50,429 | WARNING |    ⚠ Blocked (403) retry 1
2026-09-04 01:02:50,541 | INFO | 🌐 Session warmed
2026-09-04 01:02:51,205 | INFO |    ↳ Status 403
2026-09-04 01:02:51,205 | WARNING |    ⚠ Blocked (403) retry 1
2026-09-04 01:02:51,308 | INFO | 🌐 Session warmed
2026-09-04 01:02:51,734 | INFO |    ↳ Status 403
2026-09-04 01:02:51,734 | WARNING |    ⚠ Blocked (403) retry 2
2026-09-04 01:02:51,822 | INFO | 🌐 Session warmed
2026-09-04 01:02:52,058 | INFO |    ↳ Status 403
2026-09-04 01:02:52,058 | WARNING |    ⚠ Blocked (403) retry 3
2026-09-04 01:02:52,153 | INFO | 🌐 Session warmed
2026-09-04 01:02:52,732 | INFO |    ↳ Status 403
2026-09-04 01:02:52,732 | WARNING |    ⚠ Blocked (403) retry 2
2026-09-04 01:02:52,835 | INFO | 🌐 Session warmed
2026-09-04 01:02:53,563 | INFO |    ↳ Status 403
2026-09-04 01:02:53,563 | WARNING |    ⚠ Blocked (403) retry 2
2026-09-04 01:02:53,670 | INFO | 🌐 Session warmed
2026-09-04 01:02:55,115 | INFO |    ↳ Status 403
2026-09-04 01:02:55,115 | WARNING |    ⚠ Blocked (403) retry 3
2026-09-04 01:02:55,221 | INFO | 🌐 Session warmed
2026-09-04 01:02:55,694 | INFO |    ↳ Status 403
2026-09-04 01:02:55,694 | WARNING |    ⚠ Blocked (403) retry 3
2026-09-04 01:02:55,805 | INFO | 🌐 Session warmed
2026-09-04 01:02:56,153 | INFO | [1222/1901] Fetching Narsampet (NASP)
2026-09-04 01:02:56,739 | INFO |    ↳ Status 403
2026-09-04 01:02:56,739 | WARNING |    ⚠ Blocked (403) retry 3
2026-09-04 01:02:56,859 | INFO | 🌐 Session warmed
2026-09-04 01:02:57,237 | INFO |    ↳ Status 403
2026-09-04 01:02:57,237 | WARNING |    ⚠ Blocked (403) retry 1
2026-09-04 01:02:57,330 | INFO | 🌐 Session warmed
2026-09-04 01:02:59,035 | INFO |    ↳ Status 403
2026-09-04 01:02:59,035 | WARNING |    ⚠ Blocked (403) retry 2
2026-09-04 01:02:59,222 | INFO | [1223/1901] Fetching Narsapur (NARP)
2026-09-04 01:02:59,806 | INFO | [1224/1901] Fetching Narsapur (Medak) (NRPR)
2026-09-04 01:03:00,582 | INFO |    ↳ Status 403
2026-09-04 01:03:00,582 | WARNING |    ⚠ Blocked (403) retry 1
2026-09-04 01:03:00,678 | INFO |    ↳ Status 403
2026-09-04 01:03:00,678 | WARNING |    ⚠ Blocked (403) retry 1
2026-09-04 01:03:00,690 | INFO | 🌐 Session warmed
2026-09-04 01:03:00,778 | INFO | 🌐 Session warmed
2026-09-04 01:03:00,859 | INFO | [1225/1901] Fetching Narsinghpur (NARR)
2026-09-04 01:03:02,245 | INFO |    ↳ Status 403
2026-09-04 01:03:02,246 | WARNING |    ⚠ Blocked (403) retry 1
2026-09-04 01:03:02,346 | INFO | 🌐 Session warmed
2026-09-04 01:03:02,396 | INFO |    ↳ Status 403
2026-09-04 01:03:02,396 | WARNING |    ⚠ Blocked (403) retry 2
2026-09-04 01:03:02,508 | INFO | 🌐 Session warmed
2026-09-04 01:03:03,089 | INFO |    ↳ Status 403
2026-09-04 01:03:03,090 | WARNING |    ⚠ Blocked (403) retry 2
2026-09-04 01:03:03,212 | INFO | 🌐 Session warmed
2026-09-04 01:03:04,103 | INFO |    ↳ Status 403
2026-09-04 01:03:04,103 | WARNING |    ⚠ Blocked (403) retry 2
2026-09-04 01:03:04,236 | INFO | 🌐 Session warmed
2026-09-04 01:03:05,771 | INFO |    ↳ Status 403
2026-09-04 01:03:05,771 | WARNING |    ⚠ Blocked (403) retry 3
2026-09-04 01:03:05,876 | INFO | 🌐 Session warmed
2026-09-04 01:03:05,969 | INFO |    ↳ Status 403
2026-09-04 01:03:05,969 | WARNING |    ⚠ Blocked (403) retry 3
2026-09-04 01:03:06,093 | INFO | 🌐 Session warmed
2026-09-04 01:03:06,963 | INFO |    ↳ Status 403
2026-09-04 01:03:06,963 | WARNING |    ⚠ Blocked (403) retry 3
2026-09-04 01:03:07,057 | INFO | 🌐 Session warmed
2026-09-04 01:03:09,104 | WARNING | Warmup failed: HTTPSConnectionPool(host='in.bookmyshow.com', port=443): Read timed out. (read timeout=10)
2026-09-04 01:03:09,876 | INFO | [1226/1901] Fetching Narsipatnam (NARS)
2026-09-04 01:03:10,094 | INFO | [1227/1901] Fetching Narwana (NARA)
2026-09-04 01:03:10,549 | INFO |    ↳ Status 403
2026-09-04 01:03:10,549 | WARNING |    ⚠ Blocked (403) retry 1
2026-09-04 01:03:10,668 | INFO | 🌐 Session warmed
2026-09-04 01:03:11,057 | INFO | [1228/1901] Fetching Nashik (NASK)
2026-09-04 01:03:11,517 | INFO |    ↳ Status 403
2026-09-04 01:03:11,517 | WARNING |    ⚠ Blocked (403) retry 1
2026-09-04 01:03:11,665 | INFO | 🌐 Session warmed
2026-09-04 01:03:11,684 | INFO |    ↳ Status 403
2026-09-04 01:03:11,684 | WARNING |    ⚠ Blocked (403) retry 1
2026-09-04 01:03:12,053 | INFO |    ↳ Status 403
2026-09-04 01:03:12,053 | WARNING |    ⚠ Blocked (403) retry 3
2026-09-04 01:03:12,156 | INFO | 🌐 Session warmed
2026-09-04 01:03:12,651 | INFO |    ↳ Status 403
2026-09-04 01:03:12,651 | WARNING |    ⚠ Blocked (403) retry 2
2026-09-04 01:03:13,632 | INFO |    ↳ Status 403
2026-09-04 01:03:13,632 | WARNING |    ⚠ Blocked (403) retry 2
2026-09-04 01:03:13,735 | INFO | 🌐 Session warmed
2026-09-04 01:03:16,156 | INFO | [1229/1901] Fetching Natham (NATH)
2026-09-04 01:03:16,835 | INFO |    ↳ Status 403
2026-09-04 01:03:16,835 | WARNING |    ⚠ Blocked (403) retry 1
2026-09-04 01:03:16,912 | INFO |    ↳ Status 403
2026-09-04 01:03:16,912 | WARNING |    ⚠ Blocked (403) retry 3
2026-09-04 01:03:16,943 | INFO | 🌐 Session warmed
2026-09-04 01:03:17,044 | INFO | 🌐 Session warmed
2026-09-04 01:03:18,795 | INFO |    ↳ Status 403
2026-09-04 01:03:18,796 | WARNING |    ⚠ Blocked (403) retry 2
2026-09-04 01:03:18,881 | INFO | 🌐 Session warmed
2026-09-04 01:03:21,044 | INFO | [1230/1901] Fetching Nathdwara (NATW)
2026-09-04 01:03:21,543 | INFO |    ↳ Status 403
2026-09-04 01:03:21,543 | WARNING |    ⚠ Blocked (403) retry 3
2026-09-04 01:03:21,638 | INFO | 🌐 Session warmed
2026-09-04 01:03:21,716 | INFO |    ↳ Status 403
2026-09-04 01:03:21,716 | WARNING |    ⚠ Blocked (403) retry 1
2026-09-04 01:03:21,752 | WARNING | Warmup failed: HTTPSConnectionPool(host='in.bookmyshow.com', port=443): Read timed out. (read timeout=10)
2026-09-04 01:03:21,830 | INFO | 🌐 Session warmed
2026-09-04 01:03:22,727 | WARNING | Warmup failed: HTTPSConnectionPool(host='in.bookmyshow.com', port=443): Read timed out. (read timeout=10)
2026-09-04 01:03:23,771 | INFO |    ↳ Status 403
2026-09-04 01:03:23,771 | WARNING |    ⚠ Blocked (403) retry 2
2026-09-04 01:03:23,888 | INFO | 🌐 Session warmed
2026-09-04 01:03:24,021 | INFO |    ↳ Status 403
2026-09-04 01:03:24,021 | WARNING |    ⚠ Blocked (403) retry 2
2026-09-04 01:03:24,115 | INFO | 🌐 Session warmed
2026-09-04 01:03:25,639 | INFO | [1231/1901] Fetching Nautanwa (NAUT)
2026-09-04 01:03:25,700 | INFO |    ↳ Status 403
2026-09-04 01:03:25,700 | WARNING |    ⚠ Blocked (403) retry 3
2026-09-04 01:03:25,807 | INFO | 🌐 Session warmed
2026-09-04 01:03:26,505 | INFO |    ↳ Status 403
2026-09-04 01:03:26,505 | WARNING |    ⚠ Blocked (403) retry 1
2026-09-04 01:03:26,640 | INFO | 🌐 Session warmed
2026-09-04 01:03:27,111 | INFO |    ↳ Status 403
2026-09-04 01:03:27,111 | WARNING |    ⚠ Blocked (403) retry 3
2026-09-04 01:03:27,215 | INFO | 🌐 Session warmed
2026-09-04 01:03:27,277 | INFO |    ↳ Status 403
2026-09-04 01:03:27,277 | WARNING |    ⚠ Blocked (403) retry 3
2026-09-04 01:03:27,381 | INFO | 🌐 Session warmed
2026-09-04 01:03:28,858 | INFO |    ↳ Status 403
2026-09-04 01:03:28,858 | WARNING |    ⚠ Blocked (403) retry 2
2026-09-04 01:03:28,950 | INFO | 🌐 Session warmed
2026-09-04 01:03:29,807 | INFO | [1232/1901] Fetching Navsari (NVSR)
2026-09-04 01:03:31,216 | INFO | [1233/1901] Fetching Nawada (NAWD)
2026-09-04 01:03:31,225 | INFO |    ↳ Status 403
2026-09-04 01:03:31,225 | WARNING |    ⚠ Blocked (403) retry 1
2026-09-04 01:03:31,329 | INFO | 🌐 Session warmed
2026-09-04 01:03:31,381 | INFO | [1234/1901] Fetching Nawalgarh (NANA)
2026-09-04 01:03:31,584 | INFO |    ↳ Status 403
2026-09-04 01:03:31,584 | WARNING |    ⚠ Blocked (403) retry 3
2026-09-04 01:03:31,682 | INFO | 🌐 Session warmed
2026-09-04 01:03:31,948 | INFO |    ↳ Status 403
2026-09-04 01:03:31,948 | WARNING |    ⚠ Blocked (403) retry 1
2026-09-04 01:03:32,042 | INFO | 🌐 Session warmed
2026-09-04 01:03:32,121 | INFO |    ↳ Status 403
2026-09-04 01:03:32,121 | WARNING |    ⚠ Blocked (403) retry 1
2026-09-04 01:03:32,247 | INFO | 🌐 Session warmed
2026-09-04 01:03:33,490 | INFO |    ↳ Status 403
2026-09-04 01:03:33,491 | WARNING |    ⚠ Blocked (403) retry 2
2026-09-04 01:03:33,610 | INFO | 🌐 Session warmed
2026-09-04 01:03:34,421 | INFO |    ↳ Status 403
2026-09-04 01:03:34,421 | WARNING |    ⚠ Blocked (403) retry 2
2026-09-04 01:03:34,447 | INFO |    ↳ Status 403
2026-09-04 01:03:34,447 | WARNING |    ⚠ Blocked (403) retry 2
2026-09-04 01:03:34,528 | INFO | 🌐 Session warmed
2026-09-04 01:03:34,545 | INFO | 🌐 Session warmed
2026-09-04 01:03:35,682 | INFO | [1235/1901] Fetching Nawanshahr (NAVN)
2026-09-04 01:03:36,569 | INFO |    ↳ Status 403
2026-09-04 01:03:36,569 | WARNING |    ⚠ Blocked (403) retry 1
2026-09-04 01:03:36,667 | INFO | 🌐 Session warmed
2026-09-04 01:03:36,790 | INFO |    ↳ Status 403
2026-09-04 01:03:36,790 | WARNING |    ⚠ Blocked (403) retry 3
2026-09-04 01:03:36,888 | INFO | 🌐 Session warmed
2026-09-04 01:03:37,458 | INFO |    ↳ Status 403
2026-09-04 01:03:37,458 | WARNING |    ⚠ Blocked (403) retry 3
2026-09-04 01:03:37,479 | INFO |    ↳ Status 403
2026-09-04 01:03:37,479 | WARNING |    ⚠ Blocked (403) retry 3
2026-09-04 01:03:37,565 | INFO | 🌐 Session warmed
2026-09-04 01:03:37,587 | INFO | 🌐 Session warmed
2026-09-04 01:03:38,313 | INFO |    ↳ Status 403
2026-09-04 01:03:38,313 | WARNING |    ⚠ Blocked (403) retry 2
2026-09-04 01:03:38,410 | INFO | 🌐 Session warmed
2026-09-04 01:03:40,889 | INFO | [1236/1901] Fetching Nawapara (NAWA)
2026-09-04 01:03:41,564 | INFO |    ↳ Status 403
2026-09-04 01:03:41,564 | WARNING |    ⚠ Blocked (403) retry 1
2026-09-04 01:03:41,567 | INFO | [1237/1901] Fetching Nayagarh (NAYG)
2026-09-04 01:03:41,588 | INFO | [1238/1901] Fetching Nazira (NZRA)
2026-09-04 01:03:41,614 | INFO |    ↳ Status 403
2026-09-04 01:03:41,615 | WARNING |    ⚠ Blocked (403) retry 3
2026-09-04 01:03:41,664 | INFO | 🌐 Session warmed
2026-09-04 01:03:41,730 | INFO | 🌐 Session warmed
2026-09-04 01:03:42,196 | INFO |    ↳ Status 403
2026-09-04 01:03:42,197 | WARNING |    ⚠ Blocked (403) retry 1
2026-09-04 01:03:42,285 | INFO | 🌐 Session warmed
2026-09-04 01:03:42,314 | INFO |    ↳ Status 403
2026-09-04 01:03:42,314 | WARNING |    ⚠ Blocked (403) retry 1
2026-09-04 01:03:42,438 | INFO | 🌐 Session warmed
2026-09-04 01:03:43,996 | INFO |    ↳ Status 403
2026-09-04 01:03:43,997 | WARNING |    ⚠ Blocked (403) retry 2
2026-09-04 01:03:44,089 | INFO | 🌐 Session warmed
2026-09-04 01:03:44,387 | INFO |    ↳ Status 403
2026-09-04 01:03:44,387 | WARNING |    ⚠ Blocked (403) retry 2
2026-09-04 01:03:44,494 | INFO | 🌐 Session warmed
2026-09-04 01:03:44,649 | INFO |    ↳ Status 403
2026-09-04 01:03:44,649 | WARNING |    ⚠ Blocked (403) retry 2
2026-09-04 01:03:44,762 | INFO | 🌐 Session warmed
2026-09-04 01:03:45,731 | INFO | [1239/1901] Fetching Nazirpur (NAZR)
2026-09-04 01:03:46,855 | INFO |    ↳ Status 403
2026-09-04 01:03:46,856 | WARNING |    ⚠ Blocked (403) retry 1
2026-09-04 01:03:46,957 | INFO | 🌐 Session warmed
2026-09-04 01:03:47,165 | INFO |    ↳ Status 403
2026-09-04 01:03:47,166 | WARNING |    ⚠ Blocked (403) retry 3
2026-09-04 01:03:47,308 | INFO | 🌐 Session warmed
2026-09-04 01:03:47,361 | INFO |    ↳ Status 403
2026-09-04 01:03:47,361 | WARNING |    ⚠ Blocked (403) retry 3
2026-09-04 01:03:47,450 | INFO | 🌐 Session warmed
2026-09-04 01:03:47,997 | INFO |    ↳ Status 403
2026-09-04 01:03:47,997 | WARNING |    ⚠ Blocked (403) retry 3
2026-09-04 01:03:48,101 | INFO | 🌐 Session warmed
2026-09-04 01:03:48,862 | INFO |    ↳ Status 403
2026-09-04 01:03:48,862 | WARNING |    ⚠ Blocked (403) retry 2
2026-09-04 01:03:48,979 | INFO | 🌐 Session warmed
2026-09-04 01:03:51,308 | INFO | [1240/1901] Fetching Nedumbassery (NEDM)
2026-09-04 01:03:51,450 | INFO | [1241/1901] Fetching Nedumkandam (NEDU)
2026-09-04 01:03:52,101 | INFO | [1242/1901] Fetching Neelapalli (NELP)
2026-09-04 01:03:52,106 | INFO |    ↳ Status 403
2026-09-04 01:03:52,106 | WARNING |    ⚠ Blocked (403) retry 3
2026-09-04 01:03:52,185 | INFO |    ↳ Status 403
2026-09-04 01:03:52,185 | WARNING |    ⚠ Blocked (403) retry 1
2026-09-04 01:03:52,206 | INFO | 🌐 Session warmed
2026-09-04 01:03:52,281 | INFO | 🌐 Session warmed
2026-09-04 01:03:52,372 | INFO |    ↳ Status 403
2026-09-04 01:03:52,372 | WARNING |    ⚠ Blocked (403) retry 1
2026-09-04 01:03:52,490 | INFO | 🌐 Session warmed
2026-09-04 01:03:53,092 | INFO |    ↳ Status 403
2026-09-04 01:03:53,092 | WARNING |    ⚠ Blocked (403) retry 1
2026-09-04 01:03:53,195 | INFO | 🌐 Session warmed
2026-09-04 01:03:54,004 | INFO |    ↳ Status 403
2026-09-04 01:03:54,004 | WARNING |    ⚠ Blocked (403) retry 2
2026-09-04 01:03:54,106 | INFO | 🌐 Session warmed
2026-09-04 01:03:54,697 | INFO |    ↳ Status 403
2026-09-04 01:03:54,698 | WARNING |    ⚠ Blocked (403) retry 2
2026-09-04 01:03:54,816 | INFO | 🌐 Session warmed
2026-09-04 01:03:55,059 | INFO |    ↳ Status 403
2026-09-04 01:03:55,059 | WARNING |    ⚠ Blocked (403) retry 2
2026-09-04 01:03:55,186 | INFO | 🌐 Session warmed
2026-09-04 01:03:56,206 | INFO | [1243/1901] Fetching Neemrana (NEEM)
2026-09-04 01:03:57,052 | INFO |    ↳ Status 403
2026-09-04 01:03:57,052 | WARNING |    ⚠ Blocked (403) retry 1
2026-09-04 01:03:57,176 | INFO | 🌐 Session warmed
2026-09-04 01:03:57,421 | INFO |    ↳ Status 403
2026-09-04 01:03:57,422 | WARNING |    ⚠ Blocked (403) retry 3
2026-09-04 01:03:57,534 | INFO | 🌐 Session warmed
2026-09-04 01:03:58,244 | INFO |    ↳ Status 403
2026-09-04 01:03:58,244 | WARNING |    ⚠ Blocked (403) retry 3
2026-09-04 01:03:58,359 | INFO | 🌐 Session warmed
2026-09-04 01:03:58,371 | INFO |    ↳ Status 403
2026-09-04 01:03:58,371 | WARNING |    ⚠ Blocked (403) retry 3
2026-09-04 01:03:58,459 | INFO | 🌐 Session warmed
2026-09-04 01:03:59,135 | INFO |    ↳ Status 403
2026-09-04 01:03:59,135 | WARNING |    ⚠ Blocked (403) retry 2
2026-09-04 01:03:59,245 | INFO | 🌐 Session warmed
2026-09-04 01:04:01,535 | INFO | [1244/1901] Fetching Neemuch (NMCH)
2026-09-04 01:04:02,199 | INFO |    ↳ Status 403
2026-09-04 01:04:02,199 | WARNING |    ⚠ Blocked (403) retry 1
2026-09-04 01:04:02,264 | INFO |    ↳ Status 403
2026-09-04 01:04:02,264 | WARNING |    ⚠ Blocked (403) retry 3
2026-09-04 01:04:02,328 | INFO | 🌐 Session warmed
2026-09-04 01:04:02,360 | INFO | [1245/1901] Fetching Nelakondapalli (NELA)
2026-09-04 01:04:02,383 | INFO | 🌐 Session warmed
2026-09-04 01:04:02,459 | INFO | [1246/1901] Fetching Nelamangala (NMGL)
2026-09-04 01:04:03,039 | INFO |    ↳ Status 403
2026-09-04 01:04:03,039 | WARNING |    ⚠ Blocked (403) retry 1
2026-09-04 01:04:03,130 | INFO | 🌐 Session warmed
2026-09-04 01:04:03,629 | INFO |    ↳ Status 403
2026-09-04 01:04:03,629 | WARNING |    ⚠ Blocked (403) retry 1
2026-09-04 01:04:03,777 | INFO | 🌐 Session warmed
2026-09-04 01:04:04,061 | INFO |    ↳ Status 403
2026-09-04 01:04:04,061 | WARNING |    ⚠ Blocked (403) retry 2
2026-09-04 01:04:04,164 | INFO | 🌐 Session warmed
2026-09-04 01:04:05,529 | INFO |    ↳ Status 403
2026-09-04 01:04:05,529 | WARNING |    ⚠ Blocked (403) retry 2
2026-09-04 01:04:05,631 | INFO | 🌐 Session warmed
2026-09-04 01:04:05,668 | INFO |    ↳ Status 403
2026-09-04 01:04:05,669 | WARNING |    ⚠ Blocked (403) retry 2
2026-09-04 01:04:05,759 | INFO | 🌐 Session warmed
2026-09-04 01:04:06,384 | INFO | [1247/1901] Fetching Nellimarla (NLEM)
2026-09-04 01:04:06,867 | INFO |    ↳ Status 403
2026-09-04 01:04:06,867 | WARNING |    ⚠ Blocked (403) retry 3
2026-09-04 01:04:06,971 | INFO | 🌐 Session warmed
2026-09-04 01:04:07,790 | INFO |    ↳ Status 403
2026-09-04 01:04:07,790 | WARNING |    ⚠ Blocked (403) retry 1
2026-09-04 01:04:07,886 | INFO | 🌐 Session warmed
2026-09-04 01:04:08,383 | INFO |    ↳ Status 403
2026-09-04 01:04:08,384 | WARNING |    ⚠ Blocked (403) retry 3
2026-09-04 01:04:08,491 | INFO | 🌐 Session warmed
2026-09-04 01:04:09,154 | INFO |    ↳ Status 403
2026-09-04 01:04:09,154 | WARNING |    ⚠ Blocked (403) retry 3
2026-09-04 01:04:09,256 | INFO | 🌐 Session warmed
2026-09-04 01:04:09,875 | INFO |    ↳ Status 403
2026-09-04 01:04:09,875 | WARNING |    ⚠ Blocked (403) retry 2
2026-09-04 01:04:09,993 | INFO | 🌐 Session warmed
2026-09-04 01:04:10,971 | INFO | [1248/1901] Fetching Nellimoodu (NELM)
2026-09-04 01:04:11,747 | INFO |    ↳ Status 403
2026-09-04 01:04:11,747 | WARNING |    ⚠ Blocked (403) retry 1
2026-09-04 01:04:11,837 | INFO | 🌐 Session warmed
2026-09-04 01:04:12,492 | INFO | [1249/1901] Fetching Nellore (NELL)
2026-09-04 01:04:13,091 | INFO |    ↳ Status 403
2026-09-04 01:04:13,091 | WARNING |    ⚠ Blocked (403) retry 3
2026-09-04 01:04:13,253 | INFO | 🌐 Session warmed
2026-09-04 01:04:13,256 | INFO | [1250/1901] Fetching Nemmara (NENM)
2026-09-04 01:04:13,439 | INFO |    ↳ Status 403
2026-09-04 01:04:13,439 | WARNING |    ⚠ Blocked (403) retry 1
2026-09-04 01:04:13,544 | INFO | 🌐 Session warmed
2026-09-04 01:04:13,556 | INFO |    ↳ Status 403
2026-09-04 01:04:13,556 | WARNING |    ⚠ Blocked (403) retry 2
2026-09-04 01:04:13,670 | INFO | 🌐 Session warmed
2026-09-04 01:04:14,235 | INFO |    ↳ Status 403
2026-09-04 01:04:14,235 | WARNING |    ⚠ Blocked (403) retry 1
2026-09-04 01:04:14,339 | INFO | 🌐 Session warmed
2026-09-04 01:04:15,558 | INFO |    ↳ Status 403
2026-09-04 01:04:15,558 | WARNING |    ⚠ Blocked (403) retry 2
2026-09-04 01:04:15,670 | INFO | 🌐 Session warmed
2026-09-04 01:04:16,323 | INFO |    ↳ Status 403
2026-09-04 01:04:16,323 | WARNING |    ⚠ Blocked (403) retry 3
2026-09-04 01:04:16,432 | INFO | 🌐 Session warmed
2026-09-04 01:04:16,462 | INFO |    ↳ Status 403
2026-09-04 01:04:16,462 | WARNING |    ⚠ Blocked (403) retry 2
2026-09-04 01:04:16,568 | INFO | 🌐 Session warmed
2026-09-04 01:04:17,254 | INFO | [1251/1901] Fetching Nenmara (NENM)
2026-09-04 01:04:18,449 | INFO |    ↳ Status 403
2026-09-04 01:04:18,449 | WARNING |    ⚠ Blocked (403) retry 1
2026-09-04 01:04:18,550 | INFO | 🌐 Session warmed
2026-09-04 01:04:19,056 | INFO |    ↳ Status 403
2026-09-04 01:04:19,056 | WARNING |    ⚠ Blocked (403) retry 3
2026-09-04 01:04:19,173 | INFO | 🌐 Session warmed
2026-09-04 01:04:19,388 | INFO |    ↳ Status 403
2026-09-04 01:04:19,388 | WARNING |    ⚠ Blocked (403) retry 3
2026-09-04 01:04:19,502 | INFO | 🌐 Session warmed
2026-09-04 01:04:20,433 | INFO | [1252/1901] Fetching Nepalgunj (NEPJ)
2026-09-04 01:04:20,874 | INFO |    ↳ Status 403
2026-09-04 01:04:20,874 | WARNING |    ⚠ Blocked (403) retry 2
2026-09-04 01:04:20,990 | INFO | 🌐 Session warmed
2026-09-04 01:04:21,607 | INFO |    ↳ Status 403
2026-09-04 01:04:21,607 | WARNING |    ⚠ Blocked (403) retry 1
2026-09-04 01:04:21,714 | INFO | 🌐 Session warmed
2026-09-04 01:04:23,174 | INFO | [1253/1901] Fetching Ner Parsopant (NERP)
2026-09-04 01:04:23,503 | INFO | [1254/1901] Fetching Neral (NERA)
2026-09-04 01:04:23,731 | INFO |    ↳ Status 403
2026-09-04 01:04:23,731 | WARNING |    ⚠ Blocked (403) retry 2
2026-09-04 01:04:23,818 | INFO | 🌐 Session warmed
2026-09-04 01:04:24,061 | INFO |    ↳ Status 403
2026-09-04 01:04:24,061 | WARNING |    ⚠ Blocked (403) retry 3
2026-09-04 01:04:24,071 | INFO |    ↳ Status 403
2026-09-04 01:04:24,071 | WARNING |    ⚠ Blocked (403) retry 1
2026-09-04 01:04:24,172 | INFO | 🌐 Session warmed
2026-09-04 01:04:24,177 | INFO | 🌐 Session warmed
2026-09-04 01:04:24,292 | INFO |    ↳ Status 403
2026-09-04 01:04:24,292 | WARNING |    ⚠ Blocked (403) retry 1
2026-09-04 01:04:24,396 | INFO | 🌐 Session warmed
2026-09-04 01:04:26,303 | INFO |    ↳ Status 403
2026-09-04 01:04:26,303 | WARNING |    ⚠ Blocked (403) retry 2
2026-09-04 01:04:26,402 | INFO | 🌐 Session warmed
2026-09-04 01:04:26,578 | INFO |    ↳ Status 403
2026-09-04 01:04:26,578 | WARNING |    ⚠ Blocked (403) retry 2
2026-09-04 01:04:26,679 | INFO | 🌐 Session warmed
2026-09-04 01:04:27,223 | INFO |    ↳ Status 403
2026-09-04 01:04:27,223 | WARNING |    ⚠ Blocked (403) retry 3
2026-09-04 01:04:27,329 | INFO | 🌐 Session warmed
2026-09-04 01:04:28,177 | INFO | [1255/1901] Fetching Nereducharla (NDRL)
2026-09-04 01:04:29,302 | INFO |    ↳ Status 403
2026-09-04 01:04:29,302 | WARNING |    ⚠ Blocked (403) retry 3
2026-09-04 01:04:29,406 | INFO | 🌐 Session warmed
2026-09-04 01:04:29,521 | INFO |    ↳ Status 403
2026-09-04 01:04:29,521 | WARNING |    ⚠ Blocked (403) retry 1
2026-09-04 01:04:29,656 | INFO | 🌐 Session warmed
2026-09-04 01:04:29,731 | INFO |    ↳ Status 403
2026-09-04 01:04:29,731 | WARNING |    ⚠ Blocked (403) retry 3
2026-09-04 01:04:29,825 | INFO | 🌐 Session warmed
2026-09-04 01:04:31,329 | INFO | [1256/1901] Fetching New Tehri (TEHR)
2026-09-04 01:04:31,516 | INFO |    ↳ Status 403
2026-09-04 01:04:31,516 | WARNING |    ⚠ Blocked (403) retry 2
2026-09-04 01:04:31,619 | INFO | 🌐 Session warmed
2026-09-04 01:04:32,660 | INFO |    ↳ Status 403
2026-09-04 01:04:32,660 | WARNING |    ⚠ Blocked (403) retry 1
2026-09-04 01:04:32,787 | INFO | 🌐 Session warmed
2026-09-04 01:04:33,406 | INFO | [1257/1901] Fetching Neyveli (NYVL)
2026-09-04 01:04:33,825 | INFO | [1258/1901] Fetching Nichlaul (NCUL)
2026-09-04 01:04:34,313 | INFO |    ↳ Status 403
2026-09-04 01:04:34,313 | WARNING |    ⚠ Blocked (403) retry 3
2026-09-04 01:04:34,378 | INFO |    ↳ Status 403
2026-09-04 01:04:34,378 | WARNING |    ⚠ Blocked (403) retry 1
2026-09-04 01:04:34,418 | INFO | 🌐 Session warmed
2026-09-04 01:04:34,468 | INFO | 🌐 Session warmed
2026-09-04 01:04:34,755 | INFO |    ↳ Status 403
2026-09-04 01:04:34,755 | WARNING |    ⚠ Blocked (403) retry 2
2026-09-04 01:04:34,872 | INFO | 🌐 Session warmed
2026-09-04 01:04:35,050 | INFO |    ↳ Status 403
2026-09-04 01:04:35,050 | WARNING |    ⚠ Blocked (403) retry 1
2026-09-04 01:04:35,144 | INFO | 🌐 Session warmed
2026-09-04 01:04:36,239 | INFO |    ↳ Status 403
2026-09-04 01:04:36,240 | WARNING |    ⚠ Blocked (403) retry 2
2026-09-04 01:04:36,361 | INFO | 🌐 Session warmed
2026-09-04 01:04:37,217 | INFO |    ↳ Status 403
2026-09-04 01:04:37,217 | WARNING |    ⚠ Blocked (403) retry 2
2026-09-04 01:04:37,308 | INFO | 🌐 Session warmed
2026-09-04 01:04:37,867 | INFO |    ↳ Status 403
2026-09-04 01:04:37,868 | WARNING |    ⚠ Blocked (403) retry 3
2026-09-04 01:04:37,967 | INFO | 🌐 Session warmed
2026-09-04 01:04:38,418 | INFO | [1259/1901] Fetching Nidadavolu (NDVD)
2026-09-04 01:04:39,400 | INFO |    ↳ Status 403
2026-09-04 01:04:39,400 | WARNING |    ⚠ Blocked (403) retry 1
2026-09-04 01:04:39,446 | INFO |    ↳ Status 403
2026-09-04 01:04:39,446 | WARNING |    ⚠ Blocked (403) retry 3
2026-09-04 01:04:39,503 | INFO | 🌐 Session warmed
2026-09-04 01:04:39,578 | INFO | 🌐 Session warmed
2026-09-04 01:04:40,675 | INFO |    ↳ Status 403
2026-09-04 01:04:40,675 | WARNING |    ⚠ Blocked (403) retry 3
2026-09-04 01:04:40,783 | INFO | 🌐 Session warmed
2026-09-04 01:04:41,470 | INFO |    ↳ Status 403
2026-09-04 01:04:41,470 | WARNING |    ⚠ Blocked (403) retry 2
2026-09-04 01:04:41,594 | INFO | 🌐 Session warmed
2026-09-04 01:04:41,968 | INFO | [1260/1901] Fetching Nilagiri (NIGA)
2026-09-04 01:04:43,202 | INFO |    ↳ Status 403
2026-09-04 01:04:43,203 | WARNING |    ⚠ Blocked (403) retry 1
2026-09-04 01:04:43,305 | INFO | 🌐 Session warmed
2026-09-04 01:04:43,579 | INFO | [1261/1901] Fetching Nilakottai (NILA)
2026-09-04 01:04:44,328 | INFO |    ↳ Status 403
2026-09-04 01:04:44,329 | WARNING |    ⚠ Blocked (403) retry 1
2026-09-04 01:04:44,418 | INFO | 🌐 Session warmed
2026-09-04 01:04:44,747 | INFO |    ↳ Status 403
2026-09-04 01:04:44,748 | WARNING |    ⚠ Blocked (403) retry 3
2026-09-04 01:04:44,784 | INFO | [1262/1901] Fetching Nilanga (NLNG)
2026-09-04 01:04:44,853 | INFO | 🌐 Session warmed
2026-09-04 01:04:45,375 | INFO |    ↳ Status 403
2026-09-04 01:04:45,375 | WARNING |    ⚠ Blocked (403) retry 2
2026-09-04 01:04:45,482 | INFO | 🌐 Session warmed
2026-09-04 01:04:45,531 | INFO |    ↳ Status 403
2026-09-04 01:04:45,531 | WARNING |    ⚠ Blocked (403) retry 1
2026-09-04 01:04:45,641 | INFO | 🌐 Session warmed
2026-09-04 01:04:46,619 | INFO |    ↳ Status 403
2026-09-04 01:04:46,619 | WARNING |    ⚠ Blocked (403) retry 2
2026-09-04 01:04:46,714 | INFO | 🌐 Session warmed
2026-09-04 01:04:47,281 | INFO |    ↳ Status 403
2026-09-04 01:04:47,281 | WARNING |    ⚠ Blocked (403) retry 2
2026-09-04 01:04:47,373 | INFO | 🌐 Session warmed
2026-09-04 01:04:48,816 | INFO |    ↳ Status 403
2026-09-04 01:04:48,817 | WARNING |    ⚠ Blocked (403) retry 3
2026-09-04 01:04:48,853 | INFO | [1263/1901] Fetching Nilgiris (NILG)
2026-09-04 01:04:48,923 | INFO | 🌐 Session warmed
2026-09-04 01:04:49,616 | INFO |    ↳ Status 403
2026-09-04 01:04:49,616 | WARNING |    ⚠ Blocked (403) retry 3
2026-09-04 01:04:49,713 | INFO | 🌐 Session warmed
2026-09-04 01:04:50,018 | INFO |    ↳ Status 403
2026-09-04 01:04:50,019 | WARNING |    ⚠ Blocked (403) retry 1
2026-09-04 01:04:50,108 | INFO |    ↳ Status 403
2026-09-04 01:04:50,108 | WARNING |    ⚠ Blocked (403) retry 3
2026-09-04 01:04:50,121 | INFO | 🌐 Session warmed
2026-09-04 01:04:50,200 | INFO | 🌐 Session warmed
2026-09-04 01:04:51,969 | INFO |    ↳ Status 403
2026-09-04 01:04:51,970 | WARNING |    ⚠ Blocked (403) retry 2
2026-09-04 01:04:52,101 | INFO | 🌐 Session warmed
2026-09-04 01:04:52,924 | INFO | [1264/1901] Fetching Nimapara (NIMA)
2026-09-04 01:04:53,713 | INFO | [1265/1901] Fetching Nimbahera (NIPA)
2026-09-04 01:04:53,773 | INFO |    ↳ Status 403
2026-09-04 01:04:53,773 | WARNING |    ⚠ Blocked (403) retry 1
2026-09-04 01:04:53,866 | INFO | 🌐 Session warmed
2026-09-04 01:04:54,201 | INFO | [1266/1901] Fetching Nindra (NNDR)
2026-09-04 01:04:54,507 | INFO |    ↳ Status 403
2026-09-04 01:04:54,507 | WARNING |    ⚠ Blocked (403) retry 1
2026-09-04 01:04:54,617 | INFO | 🌐 Session warmed
2026-09-04 01:04:54,871 | INFO |    ↳ Status 403
2026-09-04 01:04:54,871 | WARNING |    ⚠ Blocked (403) retry 3
2026-09-04 01:04:54,979 | INFO | 🌐 Session warmed
2026-09-04 01:04:55,497 | INFO |    ↳ Status 403
2026-09-04 01:04:55,497 | WARNING |    ⚠ Blocked (403) retry 1
2026-09-04 01:04:55,601 | INFO | 🌐 Session warmed
2026-09-04 01:04:55,621 | INFO |    ↳ Status 403
2026-09-04 01:04:55,622 | WARNING |    ⚠ Blocked (403) retry 2
2026-09-04 01:04:55,700 | INFO | 🌐 Session warmed
2026-09-04 01:04:56,724 | INFO |    ↳ Status 403
2026-09-04 01:04:56,724 | WARNING |    ⚠ Blocked (403) retry 2
2026-09-04 01:04:56,824 | INFO | 🌐 Session warmed
2026-09-04 01:04:57,415 | INFO |    ↳ Status 403
2026-09-04 01:04:57,415 | WARNING |    ⚠ Blocked (403) retry 2
2026-09-04 01:04:57,528 | INFO | 🌐 Session warmed
2026-09-04 01:04:58,389 | INFO |    ↳ Status 403
2026-09-04 01:04:58,389 | WARNING |    ⚠ Blocked (403) retry 3
2026-09-04 01:04:58,504 | INFO | 🌐 Session warmed
2026-09-04 01:04:58,979 | INFO | [1267/1901] Fetching Nipani (NIPN)
2026-09-04 01:04:59,928 | INFO |    ↳ Status 403
2026-09-04 01:04:59,928 | WARNING |    ⚠ Blocked (403) retry 1
2026-09-04 01:05:00,048 | INFO | 🌐 Session warmed
2026-09-04 01:05:00,190 | INFO |    ↳ Status 403
2026-09-04 01:05:00,190 | WARNING |    ⚠ Blocked (403) retry 3
2026-09-04 01:05:00,299 | INFO | 🌐 Session warmed
2026-09-04 01:05:00,686 | INFO |    ↳ Status 403
2026-09-04 01:05:00,686 | WARNING |    ⚠ Blocked (403) retry 3
2026-09-04 01:05:00,780 | INFO | 🌐 Session warmed
2026-09-04 01:05:01,705 | INFO |    ↳ Status 403
2026-09-04 01:05:01,705 | WARNING |    ⚠ Blocked (403) retry 2
2026-09-04 01:05:01,805 | INFO | 🌐 Session warmed
2026-09-04 01:05:02,504 | INFO | [1268/1901] Fetching Niphad (NIPD)
2026-09-04 01:05:03,695 | INFO |    ↳ Status 403
2026-09-04 01:05:03,695 | WARNING |    ⚠ Blocked (403) retry 1
2026-09-04 01:05:03,799 | INFO | 🌐 Session warmed
2026-09-04 01:05:04,299 | INFO | [1269/1901] Fetching Nirjuli (NIRJ)
2026-09-04 01:05:04,500 | INFO |    ↳ Status 403
2026-09-04 01:05:04,500 | WARNING |    ⚠ Blocked (403) retry 3
2026-09-04 01:05:04,601 | INFO | 🌐 Session warmed
2026-09-04 01:05:04,780 | INFO | [1270/1901] Fetching Nizamabad (NIZA)
2026-09-04 01:05:05,707 | INFO |    ↳ Status 403
2026-09-04 01:05:05,707 | WARNING |    ⚠ Blocked (403) retry 1
2026-09-04 01:05:05,820 | INFO | 🌐 Session warmed
2026-09-04 01:05:06,088 | INFO |    ↳ Status 403
2026-09-04 01:05:06,088 | WARNING |    ⚠ Blocked (403) retry 1
2026-09-04 01:05:06,163 | INFO |    ↳ Status 403
2026-09-04 01:05:06,163 | WARNING |    ⚠ Blocked (403) retry 2
2026-09-04 01:05:06,188 | INFO | 🌐 Session warmed
2026-09-04 01:05:06,265 | INFO | 🌐 Session warmed
2026-09-04 01:05:07,907 | INFO |    ↳ Status 403
2026-09-04 01:05:07,907 | WARNING |    ⚠ Blocked (403) retry 2
2026-09-04 01:05:07,999 | INFO | 🌐 Session warmed
2026-09-04 01:05:08,111 | INFO |    ↳ Status 403
2026-09-04 01:05:08,111 | WARNING |    ⚠ Blocked (403) retry 2
2026-09-04 01:05:08,207 | INFO | 🌐 Session warmed
2026-09-04 01:05:08,601 | INFO | [1271/1901] Fetching Nokha (NKHA)
2026-09-04 01:05:09,039 | INFO |    ↳ Status 403
2026-09-04 01:05:09,039 | WARNING |    ⚠ Blocked (403) retry 3
2026-09-04 01:05:09,141 | INFO | 🌐 Session warmed
2026-09-04 01:05:09,820 | INFO |    ↳ Status 403
2026-09-04 01:05:09,820 | WARNING |    ⚠ Blocked (403) retry 1
2026-09-04 01:05:09,920 | INFO | 🌐 Session warmed
2026-09-04 01:05:10,802 | INFO |    ↳ Status 403
2026-09-04 01:05:10,802 | WARNING |    ⚠ Blocked (403) retry 3
2026-09-04 01:05:10,902 | INFO | 🌐 Session warmed
2026-09-04 01:05:11,383 | INFO |    ↳ Status 403
2026-09-04 01:05:11,383 | WARNING |    ⚠ Blocked (403) retry 3
2026-09-04 01:05:11,473 | INFO | 🌐 Session warmed
2026-09-04 01:05:12,080 | INFO |    ↳ Status 403
2026-09-04 01:05:12,081 | WARNING |    ⚠ Blocked (403) retry 2
2026-09-04 01:05:12,184 | INFO | 🌐 Session warmed
2026-09-04 01:05:13,142 | INFO | [1272/1901] Fetching Nooranad (NOOR)
2026-09-04 01:05:14,432 | INFO |    ↳ Status 403
2026-09-04 01:05:14,432 | WARNING |    ⚠ Blocked (403) retry 1
2026-09-04 01:05:14,533 | INFO | 🌐 Session warmed
2026-09-04 01:05:14,828 | INFO |    ↳ Status 403
2026-09-04 01:05:14,828 | WARNING |    ⚠ Blocked (403) retry 3
2026-09-04 01:05:14,902 | INFO | [1273/1901] Fetching Nurpur (NURP)
2026-09-04 01:05:14,939 | INFO | 🌐 Session warmed
2026-09-04 01:05:15,474 | INFO | [1274/1901] Fetching Nuzvid (NZVD)
2026-09-04 01:05:15,855 | INFO |    ↳ Status 403
2026-09-04 01:05:15,855 | WARNING |    ⚠ Blocked (403) retry 1
2026-09-04 01:05:15,957 | INFO | 🌐 Session warmed
2026-09-04 01:05:16,598 | INFO |    ↳ Status 403
2026-09-04 01:05:16,598 | WARNING |    ⚠ Blocked (403) retry 1
2026-09-04 01:05:16,694 | INFO | 🌐 Session warmed
2026-09-04 01:05:16,898 | INFO |    ↳ Status 403
2026-09-04 01:05:16,898 | WARNING |    ⚠ Blocked (403) retry 2
2026-09-04 01:05:17,004 | INFO | 🌐 Session warmed
2026-09-04 01:05:17,591 | INFO |    ↳ Status 403
2026-09-04 01:05:17,591 | WARNING |    ⚠ Blocked (403) retry 2
2026-09-04 01:05:17,697 | INFO | 🌐 Session warmed
2026-09-04 01:05:18,724 | INFO |    ↳ Status 403
2026-09-04 01:05:18,724 | WARNING |    ⚠ Blocked (403) retry 2
2026-09-04 01:05:18,825 | INFO | 🌐 Session warmed
2026-09-04 01:05:18,939 | INFO | [1275/1901] Fetching Nyamathi (NYNT)
2026-09-04 01:05:19,692 | INFO |    ↳ Status 403
2026-09-04 01:05:19,692 | WARNING |    ⚠ Blocked (403) retry 3
2026-09-04 01:05:19,801 | INFO | 🌐 Session warmed
2026-09-04 01:05:20,079 | INFO |    ↳ Status 403
2026-09-04 01:05:20,079 | WARNING |    ⚠ Blocked (403) retry 1
2026-09-04 01:05:20,171 | INFO | 🌐 Session warmed
2026-09-04 01:05:21,101 | INFO |    ↳ Status 403
2026-09-04 01:05:21,101 | WARNING |    ⚠ Blocked (403) retry 3
2026-09-04 01:05:21,203 | INFO | 🌐 Session warmed
2026-09-04 01:05:22,054 | INFO |    ↳ Status 403
2026-09-04 01:05:22,054 | WARNING |    ⚠ Blocked (403) retry 3
2026-09-04 01:05:22,144 | INFO | 🌐 Session warmed
2026-09-04 01:05:22,370 | INFO |    ↳ Status 403
2026-09-04 01:05:22,370 | WARNING |    ⚠ Blocked (403) retry 2
2026-09-04 01:05:22,472 | INFO | 🌐 Session warmed
2026-09-04 01:05:23,802 | INFO | [1276/1901] Fetching Oddanchatram (ODDA)
2026-09-04 01:05:24,863 | INFO |    ↳ Status 403
2026-09-04 01:05:24,863 | WARNING |    ⚠ Blocked (403) retry 1
2026-09-04 01:05:24,951 | INFO | 🌐 Session warmed
2026-09-04 01:05:25,203 | INFO | [1277/1901] Fetching Ojhar (HJOR)
2026-09-04 01:05:25,340 | INFO |    ↳ Status 403
2026-09-04 01:05:25,341 | WARNING |    ⚠ Blocked (403) retry 3
2026-09-04 01:05:25,429 | INFO | 🌐 Session warmed
2026-09-04 01:05:26,045 | INFO |    ↳ Status 403
2026-09-04 01:05:26,045 | WARNING |    ⚠ Blocked (403) retry 1
2026-09-04 01:05:26,144 | INFO | [1278/1901] Fetching Okha (OKAH)
2026-09-04 01:05:26,146 | INFO | 🌐 Session warmed
2026-09-04 01:05:26,921 | INFO |    ↳ Status 403
2026-09-04 01:05:26,921 | WARNING |    ⚠ Blocked (403) retry 2
2026-09-04 01:05:27,017 | INFO | 🌐 Session warmed
2026-09-04 01:05:27,310 | INFO |    ↳ Status 403
2026-09-04 01:05:27,310 | WARNING |    ⚠ Blocked (403) retry 1
2026-09-04 01:05:28,547 | INFO |    ↳ Status 403
2026-09-04 01:05:28,547 | WARNING |    ⚠ Blocked (403) retry 2
2026-09-04 01:05:28,671 | INFO | 🌐 Session warmed
2026-09-04 01:05:29,429 | INFO | [1279/1901] Fetching Ongole (ONGL)
2026-09-04 01:05:30,146 | INFO |    ↳ Status 403
2026-09-04 01:05:30,146 | WARNING |    ⚠ Blocked (403) retry 1
2026-09-04 01:05:30,252 | INFO | 🌐 Session warmed
2026-09-04 01:05:30,255 | INFO |    ↳ Status 403
2026-09-04 01:05:30,255 | WARNING |    ⚠ Blocked (403) retry 3
2026-09-04 01:05:30,377 | INFO | 🌐 Session warmed
2026-09-04 01:05:31,338 | INFO |    ↳ Status 403
2026-09-04 01:05:31,338 | WARNING |    ⚠ Blocked (403) retry 3
2026-09-04 01:05:31,445 | INFO | 🌐 Session warmed
2026-09-04 01:05:31,893 | INFO |    ↳ Status 403
2026-09-04 01:05:31,893 | WARNING |    ⚠ Blocked (403) retry 2
2026-09-04 01:05:32,002 | INFO | 🌐 Session warmed
2026-09-04 01:05:34,377 | INFO | [1280/1901] Fetching Ooty (OOTY)
2026-09-04 01:05:35,284 | INFO |    ↳ Status 403
2026-09-04 01:05:35,284 | WARNING |    ⚠ Blocked (403) retry 1
2026-09-04 01:05:35,376 | INFO | 🌐 Session warmed
2026-09-04 01:05:35,394 | INFO |    ↳ Status 403
2026-09-04 01:05:35,394 | WARNING |    ⚠ Blocked (403) retry 3
2026-09-04 01:05:35,445 | INFO | [1281/1901] Fetching Orai (ORAI)
2026-09-04 01:05:35,490 | INFO | 🌐 Session warmed
2026-09-04 01:05:36,847 | INFO |    ↳ Status 403
2026-09-04 01:05:36,847 | WARNING |    ⚠ Blocked (403) retry 1
2026-09-04 01:05:36,942 | INFO | 🌐 Session warmed
2026-09-04 01:05:37,328 | INFO |    ↳ Status 403
2026-09-04 01:05:37,328 | WARNING |    ⚠ Blocked (403) retry 2
2026-09-04 01:05:37,372 | WARNING | Warmup failed: HTTPSConnectionPool(host='in.bookmyshow.com', port=443): Read timed out. (read timeout=10)
2026-09-04 01:05:37,442 | INFO | 🌐 Session warmed
2026-09-04 01:05:38,836 | INFO |    ↳ Status 403
2026-09-04 01:05:38,836 | WARNING |    ⚠ Blocked (403) retry 2
2026-09-04 01:05:38,940 | INFO | 🌐 Session warmed
2026-09-04 01:05:39,116 | INFO |    ↳ Status 403
2026-09-04 01:05:39,116 | WARNING |    ⚠ Blocked (403) retry 2
2026-09-04 01:05:39,220 | INFO | 🌐 Session warmed
2026-09-04 01:05:39,490 | INFO | [1282/1901] Fetching Orchha (ORHH)
2026-09-04 01:05:40,243 | INFO |    ↳ Status 403
2026-09-04 01:05:40,244 | WARNING |    ⚠ Blocked (403) retry 3
2026-09-04 01:05:40,350 | INFO | 🌐 Session warmed
2026-09-04 01:05:40,814 | INFO |    ↳ Status 403
2026-09-04 01:05:40,814 | WARNING |    ⚠ Blocked (403) retry 1
2026-09-04 01:05:40,905 | INFO | 🌐 Session warmed
2026-09-04 01:05:42,123 | INFO |    ↳ Status 403
2026-09-04 01:05:42,123 | WARNING |    ⚠ Blocked (403) retry 3
2026-09-04 01:05:42,211 | INFO | 🌐 Session warmed
2026-09-04 01:05:42,292 | INFO |    ↳ Status 403
2026-09-04 01:05:42,293 | WARNING |    ⚠ Blocked (403) retry 3
2026-09-04 01:05:42,409 | INFO | 🌐 Session warmed
2026-09-04 01:05:43,244 | INFO |    ↳ Status 403
2026-09-04 01:05:43,244 | WARNING |    ⚠ Blocked (403) retry 2
2026-09-04 01:05:43,362 | INFO | 🌐 Session warmed
2026-09-04 01:05:44,350 | INFO | [1283/1901] Fetching Ottapalam (OTTP)
2026-09-04 01:05:44,989 | INFO |    ↳ Status 403
2026-09-04 01:05:44,989 | WARNING |    ⚠ Blocked (403) retry 1
2026-09-04 01:05:45,098 | INFO | 🌐 Session warmed
2026-09-04 01:05:46,211 | INFO | [1284/1901] Fetching P. Dharmavaram (PDHR)
2026-09-04 01:05:46,409 | INFO | [1285/1901] Fetching P.Gannavaram (PPGG)
2026-09-04 01:05:46,579 | INFO |    ↳ Status 403
2026-09-04 01:05:46,579 | WARNING |    ⚠ Blocked (403) retry 3
2026-09-04 01:05:46,670 | INFO | 🌐 Session warmed
2026-09-04 01:05:46,767 | INFO |    ↳ Status 403
2026-09-04 01:05:46,767 | WARNING |    ⚠ Blocked (403) retry 2
2026-09-04 01:05:46,869 | INFO | 🌐 Session warmed
2026-09-04 01:05:47,056 | INFO |    ↳ Status 403
2026-09-04 01:05:47,057 | WARNING |    ⚠ Blocked (403) retry 1
2026-09-04 01:05:47,147 | INFO | 🌐 Session warmed
2026-09-04 01:05:47,803 | INFO |    ↳ Status 403
2026-09-04 01:05:47,803 | WARNING |    ⚠ Blocked (403) retry 1
2026-09-04 01:05:47,895 | INFO | 🌐 Session warmed
2026-09-04 01:05:48,801 | INFO |    ↳ Status 403
2026-09-04 01:05:48,801 | WARNING |    ⚠ Blocked (403) retry 2
2026-09-04 01:05:48,909 | INFO | 🌐 Session warmed
2026-09-04 01:05:49,531 | INFO |    ↳ Status 403
2026-09-04 01:05:49,532 | WARNING |    ⚠ Blocked (403) retry 3
2026-09-04 01:05:49,636 | INFO | 🌐 Session warmed
2026-09-04 01:05:49,999 | INFO |    ↳ Status 403
2026-09-04 01:05:49,999 | WARNING |    ⚠ Blocked (403) retry 2
2026-09-04 01:05:50,088 | INFO | 🌐 Session warmed
2026-09-04 01:05:50,671 | INFO | [1286/1901] Fetching Padampur (PADA)
2026-09-04 01:05:51,763 | INFO |    ↳ Status 403
2026-09-04 01:05:51,763 | WARNING |    ⚠ Blocked (403) retry 1
2026-09-04 01:05:51,880 | INFO | 🌐 Session warmed
2026-09-04 01:05:52,160 | INFO |    ↳ Status 403
2026-09-04 01:05:52,160 | WARNING |    ⚠ Blocked (403) retry 3
2026-09-04 01:05:52,282 | INFO | 🌐 Session warmed
2026-09-04 01:05:53,109 | INFO |    ↳ Status 403
2026-09-04 01:05:53,109 | WARNING |    ⚠ Blocked (403) retry 3
2026-09-04 01:05:53,214 | INFO | 🌐 Session warmed
2026-09-04 01:05:53,636 | INFO | [1287/1901] Fetching Padrauna (PADR)
2026-09-04 01:05:53,869 | INFO |    ↳ Status 403
2026-09-04 01:05:53,869 | WARNING |    ⚠ Blocked (403) retry 2
2026-09-04 01:05:53,968 | INFO | 🌐 Session warmed
2026-09-04 01:05:54,453 | INFO |    ↳ Status 403
2026-09-04 01:05:54,453 | WARNING |    ⚠ Blocked (403) retry 1
2026-09-04 01:05:54,554 | INFO | 🌐 Session warmed
2026-09-04 01:05:56,283 | INFO | [1288/1901] Fetching Padubidri (PUYI)
2026-09-04 01:05:56,472 | INFO |    ↳ Status 403
2026-09-04 01:05:56,472 | WARNING |    ⚠ Blocked (403) retry 2
2026-09-04 01:05:56,674 | INFO | 🌐 Session warmed
2026-09-04 01:05:56,840 | INFO |    ↳ Status 403
2026-09-04 01:05:56,840 | WARNING |    ⚠ Blocked (403) retry 3
2026-09-04 01:05:56,959 | INFO | 🌐 Session warmed
2026-09-04 01:05:57,215 | INFO | [1289/1901] Fetching Pakala (PAKA)
2026-09-04 01:05:57,285 | INFO |    ↳ Status 403
2026-09-04 01:05:57,285 | WARNING |    ⚠ Blocked (403) retry 1
2026-09-04 01:05:57,398 | INFO | 🌐 Session warmed
2026-09-04 01:05:57,998 | INFO |    ↳ Status 403
2026-09-04 01:05:57,998 | WARNING |    ⚠ Blocked (403) retry 1
2026-09-04 01:05:58,119 | INFO | 🌐 Session warmed
2026-09-04 01:05:59,275 | INFO |    ↳ Status 403
2026-09-04 01:05:59,275 | WARNING |    ⚠ Blocked (403) retry 2
2026-09-04 01:05:59,393 | INFO | 🌐 Session warmed
2026-09-04 01:05:59,576 | INFO |    ↳ Status 403
2026-09-04 01:05:59,576 | WARNING |    ⚠ Blocked (403) retry 3
2026-09-04 01:05:59,664 | INFO | 🌐 Session warmed
2026-09-04 01:06:00,393 | INFO |    ↳ Status 403
2026-09-04 01:06:00,393 | WARNING |    ⚠ Blocked (403) retry 2
2026-09-04 01:06:00,483 | INFO | 🌐 Session warmed
2026-09-04 01:06:00,959 | INFO | [1290/1901] Fetching Pala (PALL)
2026-09-04 01:06:01,709 | INFO |    ↳ Status 403
2026-09-04 01:06:01,709 | WARNING |    ⚠ Blocked (403) retry 1
2026-09-04 01:06:01,818 | INFO | 🌐 Session warmed
2026-09-04 01:06:02,428 | INFO |    ↳ Status 403
2026-09-04 01:06:02,428 | WARNING |    ⚠ Blocked (403) retry 3
2026-09-04 01:06:02,544 | INFO | 🌐 Session warmed
2026-09-04 01:06:03,532 | INFO |    ↳ Status 403
2026-09-04 01:06:03,533 | WARNING |    ⚠ Blocked (403) retry 3
2026-09-04 01:06:03,638 | INFO | 🌐 Session warmed
2026-09-04 01:06:03,665 | INFO | [1291/1901] Fetching Palakkad (PLKK)
2026-09-04 01:06:03,810 | INFO |    ↳ Status 403
2026-09-04 01:06:03,810 | WARNING |    ⚠ Blocked (403) retry 2
2026-09-04 01:06:03,903 | INFO | 🌐 Session warmed
2026-09-04 01:06:04,468 | INFO |    ↳ Status 403
2026-09-04 01:06:04,468 | WARNING |    ⚠ Blocked (403) retry 1
2026-09-04 01:06:04,562 | INFO | 🌐 Session warmed
2026-09-04 01:06:06,389 | INFO |    ↳ Status 403
2026-09-04 01:06:06,390 | WARNING |    ⚠ Blocked (403) retry 2
2026-09-04 01:06:06,490 | INFO | 🌐 Session warmed
2026-09-04 01:06:06,545 | INFO | [1292/1901] Fetching Palakollu (PLKL)
2026-09-04 01:06:06,630 | INFO |    ↳ Status 403
2026-09-04 01:06:06,630 | WARNING |    ⚠ Blocked (403) retry 3
2026-09-04 01:06:06,723 | INFO | 🌐 Session warmed
2026-09-04 01:06:07,257 | INFO |    ↳ Status 403
2026-09-04 01:06:07,257 | WARNING |    ⚠ Blocked (403) retry 1
2026-09-04 01:06:07,346 | INFO | 🌐 Session warmed
2026-09-04 01:06:07,638 | INFO | [1293/1901] Fetching Palakonda (PALK)
2026-09-04 01:06:08,380 | INFO |    ↳ Status 403
2026-09-04 01:06:08,381 | WARNING |    ⚠ Blocked (403) retry 1
2026-09-04 01:06:08,505 | INFO | 🌐 Session warmed
2026-09-04 01:06:09,263 | INFO |    ↳ Status 403
2026-09-04 01:06:09,263 | WARNING |    ⚠ Blocked (403) retry 2
2026-09-04 01:06:09,352 | INFO | 🌐 Session warmed
2026-09-04 01:06:09,477 | INFO |    ↳ Status 403
2026-09-04 01:06:09,477 | WARNING |    ⚠ Blocked (403) retry 3
2026-09-04 01:06:09,577 | INFO | 🌐 Session warmed
2026-09-04 01:06:10,723 | INFO | [1294/1901] Fetching Palakurthy (PLAT)
2026-09-04 01:06:10,794 | INFO |    ↳ Status 403
2026-09-04 01:06:10,795 | WARNING |    ⚠ Blocked (403) retry 2
2026-09-04 01:06:10,903 | INFO | 🌐 Session warmed
2026-09-04 01:06:11,744 | INFO |    ↳ Status 403
2026-09-04 01:06:11,744 | WARNING |    ⚠ Blocked (403) retry 1
2026-09-04 01:06:11,847 | INFO | 🌐 Session warmed
2026-09-04 01:06:12,687 | INFO |    ↳ Status 403
2026-09-04 01:06:12,687 | WARNING |    ⚠ Blocked (403) retry 3
2026-09-04 01:06:12,796 | INFO | 🌐 Session warmed
2026-09-04 01:06:13,577 | INFO | [1295/1901] Fetching Palamaner (PLMN)
2026-09-04 01:06:13,859 | INFO |    ↳ Status 403
2026-09-04 01:06:13,860 | WARNING |    ⚠ Blocked (403) retry 2
2026-09-04 01:06:13,953 | INFO | 🌐 Session warmed
2026-09-04 01:06:13,981 | INFO |    ↳ Status 403
2026-09-04 01:06:13,981 | WARNING |    ⚠ Blocked (403) retry 3
2026-09-04 01:06:14,089 | INFO | 🌐 Session warmed
2026-09-04 01:06:14,877 | INFO |    ↳ Status 403
2026-09-04 01:06:14,878 | WARNING |    ⚠ Blocked (403) retry 1
2026-09-04 01:06:14,981 | INFO | 🌐 Session warmed
2026-09-04 01:06:16,796 | INFO | [1296/1901] Fetching Palampur (PALM)
2026-09-04 01:06:16,806 | INFO |    ↳ Status 403
2026-09-04 01:06:16,806 | WARNING |    ⚠ Blocked (403) retry 2
2026-09-04 01:06:16,912 | INFO | 🌐 Session warmed
2026-09-04 01:06:16,918 | INFO |    ↳ Status 403
2026-09-04 01:06:16,918 | WARNING |    ⚠ Blocked (403) retry 3
2026-09-04 01:06:17,031 | INFO | 🌐 Session warmed
2026-09-04 01:06:17,719 | INFO |    ↳ Status 403
2026-09-04 01:06:17,719 | WARNING |    ⚠ Blocked (403) retry 1
2026-09-04 01:06:17,825 | INFO | 🌐 Session warmed
2026-09-04 01:06:18,090 | INFO | [1297/1901] Fetching Palani (PALA)
2026-09-04 01:06:19,167 | INFO |    ↳ Status 403
2026-09-04 01:06:19,167 | WARNING |    ⚠ Blocked (403) retry 1
2026-09-04 01:06:19,257 | INFO | 🌐 Session warmed
2026-09-04 01:06:19,851 | INFO |    ↳ Status 403
2026-09-04 01:06:19,851 | WARNING |    ⚠ Blocked (403) retry 3
2026-09-04 01:06:19,940 | INFO | 🌐 Session warmed
2026-09-04 01:06:20,022 | INFO |    ↳ Status 403
2026-09-04 01:06:20,022 | WARNING |    ⚠ Blocked (403) retry 2
2026-09-04 01:06:20,135 | INFO | 🌐 Session warmed
2026-09-04 01:06:21,032 | INFO | [1298/1901] Fetching Palanpur (PALN)
2026-09-04 01:06:21,524 | INFO |    ↳ Status 403
2026-09-04 01:06:21,524 | WARNING |    ⚠ Blocked (403) retry 2
2026-09-04 01:06:21,621 | INFO | 🌐 Session warmed
2026-09-04 01:06:21,862 | INFO |    ↳ Status 403
2026-09-04 01:06:21,862 | WARNING |    ⚠ Blocked (403) retry 1
2026-09-04 01:06:21,975 | INFO | 🌐 Session warmed
2026-09-04 01:06:23,515 | INFO |    ↳ Status 403
2026-09-04 01:06:23,515 | WARNING |    ⚠ Blocked (403) retry 3
2026-09-04 01:06:23,633 | INFO | 🌐 Session warmed
2026-09-04 01:06:23,927 | INFO |    ↳ Status 403
2026-09-04 01:06:23,927 | WARNING |    ⚠ Blocked (403) retry 2
2026-09-04 01:06:23,940 | INFO | [1299/1901] Fetching Palapetty (PALT)
2026-09-04 01:06:24,038 | INFO | 🌐 Session warmed
2026-09-04 01:06:24,622 | INFO |    ↳ Status 403
2026-09-04 01:06:24,622 | WARNING |    ⚠ Blocked (403) retry 3
2026-09-04 01:06:24,711 | INFO | 🌐 Session warmed
2026-09-04 01:06:25,211 | INFO |    ↳ Status 403
2026-09-04 01:06:25,211 | WARNING |    ⚠ Blocked (403) retry 1
2026-09-04 01:06:25,303 | INFO | 🌐 Session warmed
2026-09-04 01:06:27,125 | INFO |    ↳ Status 403
2026-09-04 01:06:27,125 | WARNING |    ⚠ Blocked (403) retry 2
2026-09-04 01:06:27,241 | INFO | 🌐 Session warmed
2026-09-04 01:06:27,280 | INFO |    ↳ Status 403
2026-09-04 01:06:27,280 | WARNING |    ⚠ Blocked (403) retry 3
2026-09-04 01:06:27,373 | INFO | 🌐 Session warmed
2026-09-04 01:06:27,633 | INFO | [1300/1901] Fetching Palasa (PALS)
2026-09-04 01:06:28,711 | INFO | [1301/1901] Fetching Palghar (PALG)
2026-09-04 01:06:28,909 | INFO |    ↳ Status 403
2026-09-04 01:06:28,909 | WARNING |    ⚠ Blocked (403) retry 1
2026-09-04 01:06:29,015 | INFO | 🌐 Session warmed
2026-09-04 01:06:29,984 | INFO |    ↳ Status 403
2026-09-04 01:06:29,984 | WARNING |    ⚠ Blocked (403) retry 1
2026-09-04 01:06:30,099 | INFO | 🌐 Session warmed
2026-09-04 01:06:30,461 | INFO |    ↳ Status 403
2026-09-04 01:06:30,461 | WARNING |    ⚠ Blocked (403) retry 3
2026-09-04 01:06:30,582 | INFO | 🌐 Session warmed
2026-09-04 01:06:31,067 | INFO |    ↳ Status 403
2026-09-04 01:06:31,067 | WARNING |    ⚠ Blocked (403) retry 2
2026-09-04 01:06:31,158 | INFO | 🌐 Session warmed
2026-09-04 01:06:31,373 | INFO | [1302/1901] Fetching Pali (PAAL)
2026-09-04 01:06:31,775 | INFO |    ↳ Status 403
2026-09-04 01:06:31,775 | WARNING |    ⚠ Blocked (403) retry 2
2026-09-04 01:06:31,864 | INFO | 🌐 Session warmed
2026-09-04 01:06:32,232 | INFO |    ↳ Status 403
2026-09-04 01:06:32,232 | WARNING |    ⚠ Blocked (403) retry 1
2026-09-04 01:06:32,336 | INFO | 🌐 Session warmed
2026-09-04 01:06:33,791 | INFO |    ↳ Status 403
2026-09-04 01:06:33,791 | WARNING |    ⚠ Blocked (403) retry 3
2026-09-04 01:06:33,902 | INFO | 🌐 Session warmed
2026-09-04 01:06:34,012 | INFO |    ↳ Status 403
2026-09-04 01:06:34,012 | WARNING |    ⚠ Blocked (403) retry 2
2026-09-04 01:06:34,128 | INFO | 🌐 Session warmed
2026-09-04 01:06:34,583 | INFO | [1303/1901] Fetching Palia Kalan (PAKN)
2026-09-04 01:06:35,086 | INFO |    ↳ Status 403
2026-09-04 01:06:35,087 | WARNING |    ⚠ Blocked (403) retry 3
2026-09-04 01:06:35,191 | INFO | 🌐 Session warmed
2026-09-04 01:06:35,588 | INFO |    ↳ Status 403
2026-09-04 01:06:35,588 | WARNING |    ⚠ Blocked (403) retry 1
2026-09-04 01:06:35,712 | INFO | 🌐 Session warmed
2026-09-04 01:06:36,795 | INFO |    ↳ Status 403
2026-09-04 01:06:36,795 | WARNING |    ⚠ Blocked (403) retry 3
2026-09-04 01:06:36,892 | INFO | 🌐 Session warmed
2026-09-04 01:06:37,545 | INFO |    ↳ Status 403
2026-09-04 01:06:37,545 | WARNING |    ⚠ Blocked (403) retry 2
2026-09-04 01:06:37,649 | INFO | 🌐 Session warmed
2026-09-04 01:06:37,902 | INFO | [1304/1901] Fetching Palitana (PALI)
2026-09-04 01:06:38,556 | INFO |    ↳ Status 403
2026-09-04 01:06:38,556 | WARNING |    ⚠ Blocked (403) retry 1
2026-09-04 01:06:38,688 | INFO | 🌐 Session warmed
2026-09-04 01:06:39,192 | INFO | [1305/1901] Fetching Palladam (PLDM)
2026-09-04 01:06:40,045 | INFO |    ↳ Status 403
2026-09-04 01:06:40,045 | WARNING |    ⚠ Blocked (403) retry 1
2026-09-04 01:06:40,141 | INFO | 🌐 Session warmed
2026-09-04 01:06:40,506 | INFO |    ↳ Status 403
2026-09-04 01:06:40,507 | WARNING |    ⚠ Blocked (403) retry 2
2026-09-04 01:06:40,616 | INFO | 🌐 Session warmed
2026-09-04 01:06:40,688 | INFO |    ↳ Status 403
2026-09-04 01:06:40,688 | WARNING |    ⚠ Blocked (403) retry 3
2026-09-04 01:06:40,781 | INFO | 🌐 Session warmed
2026-09-04 01:06:40,892 | INFO | [1306/1901] Fetching Pallickathodu (PKTU)
2026-09-04 01:06:42,256 | INFO |    ↳ Status 403
2026-09-04 01:06:42,257 | WARNING |    ⚠ Blocked (403) retry 1
2026-09-04 01:06:42,350 | INFO |    ↳ Status 403
2026-09-04 01:06:42,350 | WARNING |    ⚠ Blocked (403) retry 2
2026-09-04 01:06:42,351 | INFO | 🌐 Session warmed
2026-09-04 01:06:42,462 | INFO | 🌐 Session warmed
2026-09-04 01:06:43,913 | INFO |    ↳ Status 403
2026-09-04 01:06:43,913 | WARNING |    ⚠ Blocked (403) retry 3
2026-09-04 01:06:44,023 | INFO | 🌐 Session warmed
2026-09-04 01:06:44,303 | INFO |    ↳ Status 403
2026-09-04 01:06:44,303 | WARNING |    ⚠ Blocked (403) retry 2
2026-09-04 01:06:44,412 | INFO | 🌐 Session warmed
2026-09-04 01:06:44,782 | INFO | [1307/1901] Fetching Pallipalayam (PLLI)
2026-09-04 01:06:45,727 | INFO |    ↳ Status 403
2026-09-04 01:06:45,728 | WARNING |    ⚠ Blocked (403) retry 1
2026-09-04 01:06:45,797 | INFO |    ↳ Status 403
2026-09-04 01:06:45,797 | WARNING |    ⚠ Blocked (403) retry 3
2026-09-04 01:06:45,828 | INFO | 🌐 Session warmed
2026-09-04 01:06:45,899 | INFO | 🌐 Session warmed
2026-09-04 01:06:47,429 | INFO |    ↳ Status 403
2026-09-04 01:06:47,429 | WARNING |    ⚠ Blocked (403) retry 3
2026-09-04 01:06:47,539 | INFO | 🌐 Session warmed
2026-09-04 01:06:47,664 | INFO |    ↳ Status 403
2026-09-04 01:06:47,664 | WARNING |    ⚠ Blocked (403) retry 2
2026-09-04 01:06:47,764 | INFO | 🌐 Session warmed
2026-09-04 01:06:48,024 | INFO | [1308/1901] Fetching Palluruthy (PALY)
2026-09-04 01:06:48,774 | INFO |    ↳ Status 403
2026-09-04 01:06:48,774 | WARNING |    ⚠ Blocked (403) retry 1
2026-09-04 01:06:48,877 | INFO | 🌐 Session warmed
2026-09-04 01:06:49,899 | INFO | [1309/1901] Fetching Palwal (PLWL)
2026-09-04 01:06:50,528 | INFO |    ↳ Status 403
2026-09-04 01:06:50,528 | WARNING |    ⚠ Blocked (403) retry 3
2026-09-04 01:06:50,621 | INFO | 🌐 Session warmed
2026-09-04 01:06:50,931 | INFO |    ↳ Status 403
2026-09-04 01:06:50,931 | WARNING |    ⚠ Blocked (403) retry 2
2026-09-04 01:06:50,988 | INFO |    ↳ Status 403
2026-09-04 01:06:50,988 | WARNING |    ⚠ Blocked (403) retry 1
2026-09-04 01:06:51,044 | INFO | 🌐 Session warmed
2026-09-04 01:06:51,105 | INFO | 🌐 Session warmed
2026-09-04 01:06:51,539 | INFO | [1310/1901] Fetching Palwancha (PLWA)
2026-09-04 01:06:52,375 | INFO |    ↳ Status 403
2026-09-04 01:06:52,376 | WARNING |    ⚠ Blocked (403) retry 1
2026-09-04 01:06:52,468 | INFO | 🌐 Session warmed
2026-09-04 01:06:53,333 | INFO |    ↳ Status 403
2026-09-04 01:06:53,333 | WARNING |    ⚠ Blocked (403) retry 2
2026-09-04 01:06:53,422 | INFO | 🌐 Session warmed
2026-09-04 01:06:54,348 | INFO |    ↳ Status 403
2026-09-04 01:06:54,348 | WARNING |    ⚠ Blocked (403) retry 3
2026-09-04 01:06:54,455 | INFO | 🌐 Session warmed
2026-09-04 01:06:54,622 | INFO | [1311/1901] Fetching Pamarru (PAMA)
2026-09-04 01:06:54,758 | INFO |    ↳ Status 403
2026-09-04 01:06:54,758 | WARNING |    ⚠ Blocked (403) retry 2
2026-09-04 01:06:54,854 | INFO | 🌐 Session warmed
2026-09-04 01:06:55,876 | INFO |    ↳ Status 403
2026-09-04 01:06:55,876 | WARNING |    ⚠ Blocked (403) retry 1
2026-09-04 01:06:55,992 | INFO | 🌐 Session warmed
2026-09-04 01:06:56,709 | INFO |    ↳ Status 403
2026-09-04 01:06:56,709 | WARNING |    ⚠ Blocked (403) retry 3
2026-09-04 01:06:56,826 | INFO | 🌐 Session warmed
2026-09-04 01:06:57,736 | INFO |    ↳ Status 403
2026-09-04 01:06:57,736 | WARNING |    ⚠ Blocked (403) retry 2
2026-09-04 01:06:57,840 | INFO | 🌐 Session warmed
2026-09-04 01:06:58,158 | INFO |    ↳ Status 403
2026-09-04 01:06:58,158 | WARNING |    ⚠ Blocked (403) retry 3
2026-09-04 01:06:58,247 | INFO | 🌐 Session warmed
2026-09-04 01:06:58,455 | INFO | [1312/1901] Fetching Pamidi (PAMI)
2026-09-04 01:06:59,746 | INFO |    ↳ Status 403
2026-09-04 01:06:59,746 | WARNING |    ⚠ Blocked (403) retry 1
2026-09-04 01:06:59,835 | INFO | 🌐 Session warmed
2026-09-04 01:07:00,485 | INFO |    ↳ Status 403
2026-09-04 01:07:00,485 | WARNING |    ⚠ Blocked (403) retry 3
2026-09-04 01:07:00,588 | INFO | 🌐 Session warmed
2026-09-04 01:07:00,826 | INFO | [1313/1901] Fetching Pamuru (PMMR)
2026-09-04 01:07:01,737 | INFO |    ↳ Status 403
2026-09-04 01:07:01,737 | WARNING |    ⚠ Blocked (403) retry 1
2026-09-04 01:07:01,855 | INFO | 🌐 Session warmed
2026-09-04 01:07:02,072 | INFO |    ↳ Status 403
2026-09-04 01:07:02,073 | WARNING |    ⚠ Blocked (403) retry 2
2026-09-04 01:07:02,169 | INFO | 🌐 Session warmed
2026-09-04 01:07:02,248 | INFO | [1314/1901] Fetching Panachamoodu (PAMO)
2026-09-04 01:07:03,253 | INFO |    ↳ Status 403
2026-09-04 01:07:03,253 | WARNING |    ⚠ Blocked (403) retry 1
2026-09-04 01:07:03,352 | INFO | 🌐 Session warmed
2026-09-04 01:07:03,754 | INFO |    ↳ Status 403
2026-09-04 01:07:03,754 | WARNING |    ⚠ Blocked (403) retry 2
2026-09-04 01:07:03,850 | INFO | 🌐 Session warmed
2026-09-04 01:07:04,589 | INFO | [1315/1901] Fetching Panaji (PANA)
2026-09-04 01:07:04,918 | INFO |    ↳ Status 403
2026-09-04 01:07:04,918 | WARNING |    ⚠ Blocked (403) retry 3
2026-09-04 01:07:05,015 | INFO | 🌐 Session warmed
2026-09-04 01:07:05,072 | INFO |    ↳ Status 403
2026-09-04 01:07:05,072 | WARNING |    ⚠ Blocked (403) retry 2
2026-09-04 01:07:05,174 | INFO | 🌐 Session warmed
2026-09-04 01:07:05,368 | INFO |    ↳ Status 403
2026-09-04 01:07:05,368 | WARNING |    ⚠ Blocked (403) retry 1
2026-09-04 01:07:05,471 | INFO | 🌐 Session warmed
2026-09-04 01:07:07,229 | INFO |    ↳ Status 403
2026-09-04 01:07:07,229 | WARNING |    ⚠ Blocked (403) retry 2
2026-09-04 01:07:07,274 | INFO |    ↳ Status 403
2026-09-04 01:07:07,275 | WARNING |    ⚠ Blocked (403) retry 3
2026-09-04 01:07:07,321 | INFO | 🌐 Session warmed
2026-09-04 01:07:07,365 | INFO | 🌐 Session warmed
2026-09-04 01:07:08,506 | INFO |    ↳ Status 403
2026-09-04 01:07:08,506 | WARNING |    ⚠ Blocked (403) retry 3
2026-09-04 01:07:08,617 | INFO | 🌐 Session warmed
2026-09-04 01:07:09,015 | INFO | [1316/1901] Fetching Panapakkam (PANP)
2026-09-04 01:07:10,003 | INFO |    ↳ Status 403
2026-09-04 01:07:10,003 | WARNING |    ⚠ Blocked (403) retry 3
2026-09-04 01:07:10,139 | INFO | 🌐 Session warmed
2026-09-04 01:07:10,224 | INFO |    ↳ Status 403
2026-09-04 01:07:10,224 | WARNING |    ⚠ Blocked (403) retry 1
2026-09-04 01:07:10,324 | INFO | 🌐 Session warmed
2026-09-04 01:07:11,366 | INFO | [1317/1901] Fetching Panchgani (PANC)
2026-09-04 01:07:12,074 | INFO |    ↳ Status 403
2026-09-04 01:07:12,074 | WARNING |    ⚠ Blocked (403) retry 1
2026-09-04 01:07:12,179 | INFO | 🌐 Session warmed
2026-09-04 01:07:12,618 | INFO | [1318/1901] Fetching Panchkula (PNCH)
2026-09-04 01:07:12,640 | INFO |    ↳ Status 403
2026-09-04 01:07:12,640 | WARNING |    ⚠ Blocked (403) retry 2
2026-09-04 01:07:12,748 | INFO | 🌐 Session warmed
2026-09-04 01:07:13,946 | INFO |    ↳ Status 403
2026-09-04 01:07:13,946 | WARNING |    ⚠ Blocked (403) retry 2
2026-09-04 01:07:13,949 | INFO |    ↳ Status 403
2026-09-04 01:07:13,949 | WARNING |    ⚠ Blocked (403) retry 1
2026-09-04 01:07:14,053 | INFO | 🌐 Session warmed
2026-09-04 01:07:14,067 | INFO | 🌐 Session warmed
2026-09-04 01:07:14,139 | INFO | [1319/1901] Fetching Pandalam (PADM)
2026-09-04 01:07:14,778 | INFO |    ↳ Status 403
2026-09-04 01:07:14,778 | WARNING |    ⚠ Blocked (403) retry 1
2026-09-04 01:07:14,868 | INFO | 🌐 Session warmed
2026-09-04 01:07:15,866 | INFO |    ↳ Status 403
2026-09-04 01:07:15,866 | WARNING |    ⚠ Blocked (403) retry 2
2026-09-04 01:07:15,910 | INFO |    ↳ Status 403
2026-09-04 01:07:15,910 | WARNING |    ⚠ Blocked (403) retry 3
2026-09-04 01:07:15,971 | INFO | 🌐 Session warmed
2026-09-04 01:07:16,019 | INFO | 🌐 Session warmed
2026-09-04 01:07:16,977 | INFO |    ↳ Status 403
2026-09-04 01:07:16,977 | WARNING |    ⚠ Blocked (403) retry 2
2026-09-04 01:07:17,087 | INFO | 🌐 Session warmed
2026-09-04 01:07:17,367 | INFO |    ↳ Status 403
2026-09-04 01:07:17,367 | WARNING |    ⚠ Blocked (403) retry 3
2026-09-04 01:07:17,472 | INFO | 🌐 Session warmed
2026-09-04 01:07:18,710 | INFO |    ↳ Status 403
2026-09-04 01:07:18,710 | WARNING |    ⚠ Blocked (403) retry 3
2026-09-04 01:07:18,827 | INFO | 🌐 Session warmed
2026-09-04 01:07:20,020 | INFO | [1320/1901] Fetching Pandavapura (PAVA)
2026-09-04 01:07:20,231 | INFO |    ↳ Status 403
2026-09-04 01:07:20,231 | WARNING |    ⚠ Blocked (403) retry 3
2026-09-04 01:07:20,336 | INFO | 🌐 Session warmed
2026-09-04 01:07:21,249 | INFO |    ↳ Status 403
2026-09-04 01:07:21,249 | WARNING |    ⚠ Blocked (403) retry 1
2026-09-04 01:07:21,345 | INFO | 🌐 Session warmed
2026-09-04 01:07:21,473 | INFO | [1321/1901] Fetching Pandhana (PAND)
2026-09-04 01:07:22,382 | INFO |    ↳ Status 403
2026-09-04 01:07:22,383 | WARNING |    ⚠ Blocked (403) retry 1
2026-09-04 01:07:22,477 | INFO | 🌐 Session warmed
2026-09-04 01:07:22,827 | INFO | [1322/1901] Fetching Pandharkawada (PANR)
2026-09-04 01:07:23,636 | INFO |    ↳ Status 403
2026-09-04 01:07:23,636 | WARNING |    ⚠ Blocked (403) retry 2
2026-09-04 01:07:23,754 | INFO | 🌐 Session warmed
2026-09-04 01:07:23,928 | INFO |    ↳ Status 403
2026-09-04 01:07:23,928 | WARNING |    ⚠ Blocked (403) retry 1
2026-09-04 01:07:24,017 | INFO | 🌐 Session warmed
2026-09-04 01:07:24,319 | INFO |    ↳ Status 403
2026-09-04 01:07:24,319 | WARNING |    ⚠ Blocked (403) retry 2
2026-09-04 01:07:24,336 | INFO | [1323/1901] Fetching Pandharpur (PNDH)
2026-09-04 01:07:24,442 | INFO | 🌐 Session warmed
2026-09-04 01:07:25,188 | INFO |    ↳ Status 403
2026-09-04 01:07:25,188 | WARNING |    ⚠ Blocked (403) retry 1
2026-09-04 01:07:25,304 | INFO | 🌐 Session warmed
2026-09-04 01:07:26,360 | INFO |    ↳ Status 403
2026-09-04 01:07:26,360 | WARNING |    ⚠ Blocked (403) retry 2
2026-09-04 01:07:26,452 | INFO | 🌐 Session warmed
2026-09-04 01:07:26,675 | INFO |    ↳ Status 403
2026-09-04 01:07:26,675 | WARNING |    ⚠ Blocked (403) retry 3
2026-09-04 01:07:26,770 | INFO | 🌐 Session warmed
2026-09-04 01:07:26,936 | INFO |    ↳ Status 403
2026-09-04 01:07:26,936 | WARNING |    ⚠ Blocked (403) retry 2
2026-09-04 01:07:27,046 | INFO | 🌐 Session warmed
2026-09-04 01:07:27,530 | INFO |    ↳ Status 403
2026-09-04 01:07:27,530 | WARNING |    ⚠ Blocked (403) retry 3
2026-09-04 01:07:27,639 | INFO | 🌐 Session warmed
2026-09-04 01:07:29,241 | INFO |    ↳ Status 403
2026-09-04 01:07:29,241 | WARNING |    ⚠ Blocked (403) retry 3
2026-09-04 01:07:29,345 | INFO | 🌐 Session warmed
2026-09-04 01:07:30,425 | INFO |    ↳ Status 403
2026-09-04 01:07:30,426 | WARNING |    ⚠ Blocked (403) retry 3
2026-09-04 01:07:30,526 | INFO | 🌐 Session warmed
2026-09-04 01:07:30,770 | INFO | [1324/1901] Fetching Pandua (PANU)
2026-09-04 01:07:31,639 | INFO | [1325/1901] Fetching Panipat (PAN)
2026-09-04 01:07:32,126 | INFO |    ↳ Status 403
2026-09-04 01:07:32,126 | WARNING |    ⚠ Blocked (403) retry 1
2026-09-04 01:07:32,212 | INFO | 🌐 Session warmed
2026-09-04 01:07:32,988 | INFO |    ↳ Status 403
2026-09-04 01:07:32,988 | WARNING |    ⚠ Blocked (403) retry 1
2026-09-04 01:07:33,088 | INFO | 🌐 Session warmed
2026-09-04 01:07:33,346 | INFO | [1326/1901] Fetching Panna (PANN)
2026-09-04 01:07:34,364 | INFO |    ↳ Status 403
2026-09-04 01:07:34,364 | WARNING |    ⚠ Blocked (403) retry 1
2026-09-04 01:07:34,401 | INFO |    ↳ Status 403
2026-09-04 01:07:34,401 | WARNING |    ⚠ Blocked (403) retry 2
2026-09-04 01:07:34,467 | INFO | 🌐 Session warmed
2026-09-04 01:07:34,507 | INFO | 🌐 Session warmed
2026-09-04 01:07:34,526 | INFO | [1327/1901] Fetching Panruti (PANT)
2026-09-04 01:07:35,347 | INFO |    ↳ Status 403
2026-09-04 01:07:35,347 | WARNING |    ⚠ Blocked (403) retry 2
2026-09-04 01:07:35,448 | INFO | 🌐 Session warmed
2026-09-04 01:07:35,520 | INFO |    ↳ Status 403
2026-09-04 01:07:35,520 | WARNING |    ⚠ Blocked (403) retry 1
2026-09-04 01:07:35,611 | INFO | 🌐 Session warmed
2026-09-04 01:07:36,200 | INFO |    ↳ Status 403
2026-09-04 01:07:36,200 | WARNING |    ⚠ Blocked (403) retry 2
2026-09-04 01:07:36,305 | INFO | 🌐 Session warmed
2026-09-04 01:07:37,352 | INFO |    ↳ Status 403
2026-09-04 01:07:37,352 | WARNING |    ⚠ Blocked (403) retry 2
2026-09-04 01:07:37,455 | INFO | 🌐 Session warmed
2026-09-04 01:07:37,840 | INFO |    ↳ Status 403
2026-09-04 01:07:37,840 | WARNING |    ⚠ Blocked (403) retry 3
2026-09-04 01:07:37,927 | INFO | 🌐 Session warmed
2026-09-04 01:07:38,632 | INFO |    ↳ Status 403
2026-09-04 01:07:38,632 | WARNING |    ⚠ Blocked (403) retry 3
2026-09-04 01:07:38,732 | INFO | 🌐 Session warmed
2026-09-04 01:07:39,193 | INFO |    ↳ Status 403
2026-09-04 01:07:39,194 | WARNING |    ⚠ Blocked (403) retry 3
2026-09-04 01:07:39,282 | INFO | 🌐 Session warmed
2026-09-04 01:07:40,549 | INFO |    ↳ Status 403
2026-09-04 01:07:40,549 | WARNING |    ⚠ Blocked (403) retry 3
2026-09-04 01:07:40,656 | INFO | 🌐 Session warmed
2026-09-04 01:07:41,927 | INFO | [1328/1901] Fetching Pansemal (PNSM)
2026-09-04 01:07:42,733 | INFO | [1329/1901] Fetching Paonta Sahib (POTA)
2026-09-04 01:07:42,851 | INFO |    ↳ Status 403
2026-09-04 01:07:42,852 | WARNING |    ⚠ Blocked (403) retry 1
2026-09-04 01:07:42,951 | INFO | 🌐 Session warmed
2026-09-04 01:07:43,283 | INFO | [1330/1901] Fetching Papanasam (PAPA)
2026-09-04 01:07:43,682 | INFO |    ↳ Status 403
2026-09-04 01:07:43,682 | WARNING |    ⚠ Blocked (403) retry 1
2026-09-04 01:07:43,776 | INFO | 🌐 Session warmed
2026-09-04 01:07:44,196 | INFO |    ↳ Status 403
2026-09-04 01:07:44,196 | WARNING |    ⚠ Blocked (403) retry 1
2026-09-04 01:07:44,290 | INFO | 🌐 Session warmed
2026-09-04 01:07:44,656 | INFO | [1331/1901] Fetching Paradeep (PARD)
2026-09-04 01:07:45,135 | INFO |    ↳ Status 403
2026-09-04 01:07:45,135 | WARNING |    ⚠ Blocked (403) retry 2
2026-09-04 01:07:45,223 | INFO | 🌐 Session warmed
2026-09-04 01:07:45,884 | INFO |    ↳ Status 403
2026-09-04 01:07:45,884 | WARNING |    ⚠ Blocked (403) retry 1
2026-09-04 01:07:45,971 | INFO |    ↳ Status 403
2026-09-04 01:07:45,972 | WARNING |    ⚠ Blocked (403) retry 2
2026-09-04 01:07:45,977 | INFO | 🌐 Session warmed
2026-09-04 01:07:46,097 | INFO | 🌐 Session warmed
2026-09-04 01:07:46,597 | INFO |    ↳ Status 403
2026-09-04 01:07:46,597 | WARNING |    ⚠ Blocked (403) retry 2
2026-09-04 01:07:46,688 | INFO | 🌐 Session warmed
2026-09-04 01:07:48,153 | INFO |    ↳ Status 403
2026-09-04 01:07:48,153 | WARNING |    ⚠ Blocked (403) retry 2
2026-09-04 01:07:48,240 | INFO | 🌐 Session warmed
2026-09-04 01:07:48,327 | INFO |    ↳ Status 403
2026-09-04 01:07:48,327 | WARNING |    ⚠ Blocked (403) retry 3
2026-09-04 01:07:48,419 | INFO | 🌐 Session warmed
2026-09-04 01:07:48,873 | INFO |    ↳ Status 403
2026-09-04 01:07:48,873 | WARNING |    ⚠ Blocked (403) retry 3
2026-09-04 01:07:48,979 | INFO | 🌐 Session warmed
2026-09-04 01:07:49,381 | INFO |    ↳ Status 403
2026-09-04 01:07:49,381 | WARNING |    ⚠ Blocked (403) retry 3
2026-09-04 01:07:49,473 | INFO | 🌐 Session warmed
2026-09-04 01:07:50,992 | INFO |    ↳ Status 403
2026-09-04 01:07:50,992 | WARNING |    ⚠ Blocked (403) retry 3
2026-09-04 01:07:51,106 | INFO | 🌐 Session warmed
2026-09-04 01:07:52,419 | INFO | [1332/1901] Fetching Paralakhemundi (PRKM)
2026-09-04 01:07:52,980 | INFO | [1333/1901] Fetching Parappanangadi (PAVP)
2026-09-04 01:07:53,064 | INFO |    ↳ Status 403
2026-09-04 01:07:53,065 | WARNING |    ⚠ Blocked (403) retry 1
2026-09-04 01:07:53,156 | INFO | 🌐 Session warmed
2026-09-04 01:07:53,474 | INFO | [1334/1901] Fetching Paratwada (PARA)
2026-09-04 01:07:54,018 | INFO |    ↳ Status 403
2026-09-04 01:07:54,019 | WARNING |    ⚠ Blocked (403) retry 1
2026-09-04 01:07:54,107 | INFO | 🌐 Session warmed
2026-09-04 01:07:54,152 | INFO |    ↳ Status 403
2026-09-04 01:07:54,152 | WARNING |    ⚠ Blocked (403) retry 1
2026-09-04 01:07:54,243 | INFO | 🌐 Session warmed
2026-09-04 01:07:54,909 | INFO |    ↳ Status 403
2026-09-04 01:07:54,909 | WARNING |    ⚠ Blocked (403) retry 2
2026-09-04 01:07:55,012 | INFO | 🌐 Session warmed
2026-09-04 01:07:55,107 | INFO | [1335/1901] Fetching Parbhani (PARB)
2026-09-04 01:07:56,237 | INFO |    ↳ Status 403
2026-09-04 01:07:56,237 | WARNING |    ⚠ Blocked (403) retry 2
2026-09-04 01:07:56,347 | INFO |    ↳ Status 403
2026-09-04 01:07:56,348 | WARNING |    ⚠ Blocked (403) retry 2
2026-09-04 01:07:56,352 | INFO | 🌐 Session warmed
2026-09-04 01:07:56,370 | INFO |    ↳ Status 403
2026-09-04 01:07:56,370 | WARNING |    ⚠ Blocked (403) retry 1
2026-09-04 01:07:56,446 | INFO | 🌐 Session warmed
2026-09-04 01:07:56,467 | INFO | 🌐 Session warmed
2026-09-04 01:07:58,127 | INFO |    ↳ Status 403
2026-09-04 01:07:58,127 | WARNING |    ⚠ Blocked (403) retry 3
2026-09-04 01:07:58,236 | INFO | 🌐 Session warmed
2026-09-04 01:07:58,569 | INFO |    ↳ Status 403
2026-09-04 01:07:58,570 | WARNING |    ⚠ Blocked (403) retry 2
2026-09-04 01:07:58,656 | INFO | 🌐 Session warmed
2026-09-04 01:07:59,312 | INFO |    ↳ Status 403
2026-09-04 01:07:59,313 | WARNING |    ⚠ Blocked (403) retry 3
2026-09-04 01:07:59,429 | INFO | 🌐 Session warmed
2026-09-04 01:07:59,634 | INFO |    ↳ Status 403
2026-09-04 01:07:59,634 | WARNING |    ⚠ Blocked (403) retry 3
2026-09-04 01:07:59,727 | INFO | 🌐 Session warmed
2026-09-04 01:08:01,378 | INFO |    ↳ Status 403
2026-09-04 01:08:01,378 | WARNING |    ⚠ Blocked (403) retry 3
2026-09-04 01:08:01,463 | INFO | 🌐 Session warmed
2026-09-04 01:08:02,237 | INFO | [1336/1901] Fetching Parchur (PARC)
2026-09-04 01:08:03,176 | INFO |    ↳ Status 403
2026-09-04 01:08:03,177 | WARNING |    ⚠ Blocked (403) retry 1
2026-09-04 01:08:03,268 | INFO | 🌐 Session warmed
2026-09-04 01:08:03,430 | INFO | [1337/1901] Fetching Parigi (Telangana) (PARI)
2026-09-04 01:08:03,727 | INFO | [1338/1901] Fetching Parkal (PARL)
2026-09-04 01:08:04,095 | INFO |    ↳ Status 403
2026-09-04 01:08:04,095 | WARNING |    ⚠ Blocked (403) retry 1
2026-09-04 01:08:04,190 | INFO | 🌐 Session warmed
2026-09-04 01:08:04,597 | INFO |    ↳ Status 403
2026-09-04 01:08:04,597 | WARNING |    ⚠ Blocked (403) retry 1
2026-09-04 01:08:04,691 | INFO | 🌐 Session warmed
2026-09-04 01:08:05,463 | INFO | [1339/1901] Fetching Parli (PRLI)
2026-09-04 01:08:05,684 | INFO |    ↳ Status 403
2026-09-04 01:08:05,684 | WARNING |    ⚠ Blocked (403) retry 2
2026-09-04 01:08:05,790 | INFO | 🌐 Session warmed
2026-09-04 01:08:05,931 | INFO |    ↳ Status 403
2026-09-04 01:08:05,931 | WARNING |    ⚠ Blocked (403) retry 2
2026-09-04 01:08:06,027 | INFO | 🌐 Session warmed
2026-09-04 01:08:06,751 | INFO |    ↳ Status 403
2026-09-04 01:08:06,751 | WARNING |    ⚠ Blocked (403) retry 2
2026-09-04 01:08:06,957 | INFO | 🌐 Session warmed
2026-09-04 01:08:06,967 | INFO |    ↳ Status 403
2026-09-04 01:08:06,967 | WARNING |    ⚠ Blocked (403) retry 1
2026-09-04 01:08:07,105 | INFO | 🌐 Session warmed
2026-09-04 01:08:08,790 | INFO |    ↳ Status 403
2026-09-04 01:08:08,790 | WARNING |    ⚠ Blocked (403) retry 3
2026-09-04 01:08:08,862 | INFO |    ↳ Status 403
2026-09-04 01:08:08,862 | WARNING |    ⚠ Blocked (403) retry 2
2026-09-04 01:08:08,910 | INFO | 🌐 Session warmed
2026-09-04 01:08:08,924 | INFO |    ↳ Status 403
2026-09-04 01:08:08,925 | WARNING |    ⚠ Blocked (403) retry 3
2026-09-04 01:08:08,966 | INFO | 🌐 Session warmed
2026-09-04 01:08:09,031 | INFO | 🌐 Session warmed
2026-09-04 01:08:10,327 | INFO |    ↳ Status 403
2026-09-04 01:08:10,327 | WARNING |    ⚠ Blocked (403) retry 3
2026-09-04 01:08:10,419 | INFO | 🌐 Session warmed
2026-09-04 01:08:12,033 | INFO |    ↳ Status 403
2026-09-04 01:08:12,033 | WARNING |    ⚠ Blocked (403) retry 3
2026-09-04 01:08:12,171 | INFO | 🌐 Session warmed
2026-09-04 01:08:12,911 | INFO | [1340/1901] Fetching Parvathipuram (PRVT)
2026-09-04 01:08:13,031 | INFO | [1341/1901] Fetching Parwanoo (PARW)
2026-09-04 01:08:13,554 | INFO |    ↳ Status 403
2026-09-04 01:08:13,554 | WARNING |    ⚠ Blocked (403) retry 1
2026-09-04 01:08:13,648 | INFO | 🌐 Session warmed
2026-09-04 01:08:13,932 | INFO |    ↳ Status 403
2026-09-04 01:08:13,932 | WARNING |    ⚠ Blocked (403) retry 1
2026-09-04 01:08:14,029 | INFO | 🌐 Session warmed
2026-09-04 01:08:14,419 | INFO | [1342/1901] Fetching Pasighat (PSHG)
2026-09-04 01:08:15,518 | INFO |    ↳ Status 403
2026-09-04 01:08:15,518 | WARNING |    ⚠ Blocked (403) retry 1
2026-09-04 01:08:15,545 | INFO |    ↳ Status 403
2026-09-04 01:08:15,545 | WARNING |    ⚠ Blocked (403) retry 2
2026-09-04 01:08:15,636 | INFO | 🌐 Session warmed
2026-09-04 01:08:15,662 | INFO | 🌐 Session warmed
2026-09-04 01:08:16,115 | INFO |    ↳ Status 403
2026-09-04 01:08:16,115 | WARNING |    ⚠ Blocked (403) retry 2
2026-09-04 01:08:16,171 | INFO | [1343/1901] Fetching Patan (PATA)
2026-09-04 01:08:16,206 | INFO | 🌐 Session warmed
2026-09-04 01:08:16,903 | INFO |    ↳ Status 403
2026-09-04 01:08:16,903 | WARNING |    ⚠ Blocked (403) retry 1
2026-09-04 01:08:17,001 | INFO | 🌐 Session warmed
2026-09-04 01:08:17,974 | INFO |    ↳ Status 403
2026-09-04 01:08:17,974 | WARNING |    ⚠ Blocked (403) retry 2
2026-09-04 01:08:18,068 | INFO | 🌐 Session warmed
2026-09-04 01:08:18,571 | INFO |    ↳ Status 403
2026-09-04 01:08:18,571 | WARNING |    ⚠ Blocked (403) retry 3
2026-09-04 01:08:18,698 | INFO | 🌐 Session warmed
2026-09-04 01:08:19,005 | INFO |    ↳ Status 403
2026-09-04 01:08:19,005 | WARNING |    ⚠ Blocked (403) retry 3
2026-09-04 01:08:19,115 | INFO | 🌐 Session warmed
2026-09-04 01:08:19,127 | INFO |    ↳ Status 403
2026-09-04 01:08:19,127 | WARNING |    ⚠ Blocked (403) retry 2
2026-09-04 01:08:19,232 | INFO | 🌐 Session warmed
2026-09-04 01:08:21,016 | INFO |    ↳ Status 403
2026-09-04 01:08:21,016 | WARNING |    ⚠ Blocked (403) retry 3
2026-09-04 01:08:21,118 | INFO | 🌐 Session warmed
2026-09-04 01:08:22,175 | INFO |    ↳ Status 403
2026-09-04 01:08:22,175 | WARNING |    ⚠ Blocked (403) retry 3
2026-09-04 01:08:22,290 | INFO | 🌐 Session warmed
2026-09-04 01:08:22,698 | INFO | [1344/1901] Fetching Patan (CG) (TNPR)
2026-09-04 01:08:23,115 | INFO | [1345/1901] Fetching Patan (Satara) (PATM)
2026-09-04 01:08:23,389 | INFO |    ↳ Status 403
2026-09-04 01:08:23,389 | WARNING |    ⚠ Blocked (403) retry 1
2026-09-04 01:08:23,479 | INFO | 🌐 Session warmed
2026-09-04 01:08:24,522 | INFO |    ↳ Status 403
2026-09-04 01:08:24,523 | WARNING |    ⚠ Blocked (403) retry 1
2026-09-04 01:08:24,625 | INFO | 🌐 Session warmed
2026-09-04 01:08:25,118 | INFO | [1346/1901] Fetching Pathalgaon (PAHT)
2026-09-04 01:08:25,531 | INFO |    ↳ Status 403
2026-09-04 01:08:25,531 | WARNING |    ⚠ Blocked (403) retry 2
2026-09-04 01:08:25,643 | INFO | 🌐 Session warmed
2026-09-04 01:08:26,291 | INFO | [1347/1901] Fetching Pathanamthitta (PTNM)
2026-09-04 01:08:26,298 | INFO |    ↳ Status 403
2026-09-04 01:08:26,298 | WARNING |    ⚠ Blocked (403) retry 1
2026-09-04 01:08:26,404 | INFO | 🌐 Session warmed
2026-09-04 01:08:26,633 | INFO |    ↳ Status 403
2026-09-04 01:08:26,633 | WARNING |    ⚠ Blocked (403) retry 2
2026-09-04 01:08:26,737 | INFO | 🌐 Session warmed
2026-09-04 01:08:27,621 | INFO |    ↳ Status 403
2026-09-04 01:08:27,621 | WARNING |    ⚠ Blocked (403) retry 1
2026-09-04 01:08:27,708 | INFO | 🌐 Session warmed
2026-09-04 01:08:28,552 | INFO |    ↳ Status 403
2026-09-04 01:08:28,552 | WARNING |    ⚠ Blocked (403) retry 2
2026-09-04 01:08:28,662 | INFO | 🌐 Session warmed
2026-09-04 01:08:28,866 | INFO |    ↳ Status 403
2026-09-04 01:08:28,866 | WARNING |    ⚠ Blocked (403) retry 3
2026-09-04 01:08:28,957 | INFO | 🌐 Session warmed
2026-09-04 01:08:29,537 | INFO |    ↳ Status 403
2026-09-04 01:08:29,537 | WARNING |    ⚠ Blocked (403) retry 3
2026-09-04 01:08:29,630 | INFO | 🌐 Session warmed
2026-09-04 01:08:30,122 | INFO |    ↳ Status 403
2026-09-04 01:08:30,122 | WARNING |    ⚠ Blocked (403) retry 2
2026-09-04 01:08:30,257 | INFO | 🌐 Session warmed
2026-09-04 01:08:31,444 | INFO |    ↳ Status 403
2026-09-04 01:08:31,444 | WARNING |    ⚠ Blocked (403) retry 3
2026-09-04 01:08:31,540 | INFO | 🌐 Session warmed
2026-09-04 01:08:32,957 | INFO | [1348/1901] Fetching Pathanapuram (PTPM)
2026-09-04 01:08:33,028 | INFO |    ↳ Status 403
2026-09-04 01:08:33,028 | WARNING |    ⚠ Blocked (403) retry 3
2026-09-04 01:08:33,131 | INFO | 🌐 Session warmed
2026-09-04 01:08:33,630 | INFO | [1349/1901] Fetching Pathankot (PATH)
2026-09-04 01:08:33,754 | INFO |    ↳ Status 403
2026-09-04 01:08:33,754 | WARNING |    ⚠ Blocked (403) retry 1
2026-09-04 01:08:33,847 | INFO | 🌐 Session warmed
2026-09-04 01:08:34,425 | INFO |    ↳ Status 403
2026-09-04 01:08:34,425 | WARNING |    ⚠ Blocked (403) retry 1
2026-09-04 01:08:34,539 | INFO | 🌐 Session warmed
2026-09-04 01:08:35,528 | INFO |    ↳ Status 403
2026-09-04 01:08:35,529 | WARNING |    ⚠ Blocked (403) retry 2
2026-09-04 01:08:35,540 | INFO | [1350/1901] Fetching Pathapatnam (PTPT)
2026-09-04 01:08:35,633 | INFO | 🌐 Session warmed
2026-09-04 01:08:36,392 | INFO |    ↳ Status 403
2026-09-04 01:08:36,392 | WARNING |    ⚠ Blocked (403) retry 1
2026-09-04 01:08:36,432 | INFO |    ↳ Status 403
2026-09-04 01:08:36,433 | WARNING |    ⚠ Blocked (403) retry 2
2026-09-04 01:08:36,501 | INFO | 🌐 Session warmed
2026-09-04 01:08:36,540 | INFO | 🌐 Session warmed
2026-09-04 01:08:37,131 | INFO | [1351/1901] Fetching Pathsala (PATS)
2026-09-04 01:08:38,045 | INFO |    ↳ Status 403
2026-09-04 01:08:38,045 | WARNING |    ⚠ Blocked (403) retry 1
2026-09-04 01:08:38,147 | INFO |    ↳ Status 403
2026-09-04 01:08:38,147 | WARNING |    ⚠ Blocked (403) retry 2
2026-09-04 01:08:38,177 | INFO | 🌐 Session warmed
2026-09-04 01:08:38,258 | INFO | 🌐 Session warmed
2026-09-04 01:08:38,602 | INFO |    ↳ Status 403
2026-09-04 01:08:38,602 | WARNING |    ⚠ Blocked (403) retry 3
2026-09-04 01:08:38,713 | INFO | 🌐 Session warmed
2026-09-04 01:08:39,493 | INFO |    ↳ Status 403
2026-09-04 01:08:39,493 | WARNING |    ⚠ Blocked (403) retry 3
2026-09-04 01:08:39,581 | INFO | 🌐 Session warmed
2026-09-04 01:08:40,531 | INFO |    ↳ Status 403
2026-09-04 01:08:40,531 | WARNING |    ⚠ Blocked (403) retry 2
2026-09-04 01:08:40,623 | INFO | 🌐 Session warmed
2026-09-04 01:08:41,525 | INFO |    ↳ Status 403
2026-09-04 01:08:41,526 | WARNING |    ⚠ Blocked (403) retry 3
2026-09-04 01:08:41,630 | INFO | 🌐 Session warmed
2026-09-04 01:08:42,714 | INFO | [1352/1901] Fetching Patiala (PATI)
2026-09-04 01:08:43,453 | INFO |    ↳ Status 403
2026-09-04 01:08:43,453 | WARNING |    ⚠ Blocked (403) retry 3
2026-09-04 01:08:43,574 | INFO | 🌐 Session warmed
2026-09-04 01:08:43,581 | INFO | [1353/1901] Fetching Patna (PATN)
2026-09-04 01:08:43,892 | INFO |    ↳ Status 403
2026-09-04 01:08:43,892 | WARNING |    ⚠ Blocked (403) retry 1
2026-09-04 01:08:43,990 | INFO | 🌐 Session warmed
2026-09-04 01:08:44,880 | INFO |    ↳ Status 403
2026-09-04 01:08:44,880 | WARNING |    ⚠ Blocked (403) retry 1
2026-09-04 01:08:45,003 | INFO | 🌐 Session warmed
2026-09-04 01:08:45,631 | INFO | [1354/1901] Fetching Patran (PATR)
2026-09-04 01:08:45,822 | INFO |    ↳ Status 403
2026-09-04 01:08:45,823 | WARNING |    ⚠ Blocked (403) retry 2
2026-09-04 01:08:45,924 | INFO | 🌐 Session warmed
2026-09-04 01:08:46,955 | INFO |    ↳ Status 403
2026-09-04 01:08:46,955 | WARNING |    ⚠ Blocked (403) retry 1
2026-09-04 01:08:46,969 | INFO |    ↳ Status 403
2026-09-04 01:08:46,969 | WARNING |    ⚠ Blocked (403) retry 2
2026-09-04 01:08:47,053 | INFO | 🌐 Session warmed
2026-09-04 01:08:47,074 | INFO | 🌐 Session warmed
2026-09-04 01:08:47,575 | INFO | [1355/1901] Fetching Patratu (PARY)
2026-09-04 01:08:48,746 | INFO |    ↳ Status 403
2026-09-04 01:08:48,746 | WARNING |    ⚠ Blocked (403) retry 3
2026-09-04 01:08:48,850 | INFO | 🌐 Session warmed
2026-09-04 01:08:48,957 | INFO |    ↳ Status 403
2026-09-04 01:08:48,957 | WARNING |    ⚠ Blocked (403) retry 1
2026-09-04 01:08:48,960 | INFO |    ↳ Status 403
2026-09-04 01:08:48,961 | WARNING |    ⚠ Blocked (403) retry 2
2026-09-04 01:08:49,068 | INFO | 🌐 Session warmed
2026-09-04 01:08:49,078 | INFO | 🌐 Session warmed
2026-09-04 01:08:49,920 | INFO |    ↳ Status 403
2026-09-04 01:08:49,920 | WARNING |    ⚠ Blocked (403) retry 3
2026-09-04 01:08:50,015 | INFO | 🌐 Session warmed
2026-09-04 01:08:51,240 | INFO |    ↳ Status 403
2026-09-04 01:08:51,240 | WARNING |    ⚠ Blocked (403) retry 2
2026-09-04 01:08:51,349 | INFO | 🌐 Session warmed
2026-09-04 01:08:52,277 | INFO |    ↳ Status 403
2026-09-04 01:08:52,277 | WARNING |    ⚠ Blocked (403) retry 3
2026-09-04 01:08:52,370 | INFO | 🌐 Session warmed
2026-09-04 01:08:52,850 | INFO | [1356/1901] Fetching Pattambi (PTMB)
2026-09-04 01:08:54,016 | INFO | [1357/1901] Fetching Pattukkottai (PATU)
2026-09-04 01:08:54,095 | INFO |    ↳ Status 403
2026-09-04 01:08:54,095 | WARNING |    ⚠ Blocked (403) retry 1
2026-09-04 01:08:54,136 | INFO |    ↳ Status 403
2026-09-04 01:08:54,136 | WARNING |    ⚠ Blocked (403) retry 3
2026-09-04 01:08:54,219 | INFO | 🌐 Session warmed
2026-09-04 01:08:54,248 | INFO | 🌐 Session warmed
2026-09-04 01:08:55,076 | INFO |    ↳ Status 403
2026-09-04 01:08:55,076 | WARNING |    ⚠ Blocked (403) retry 1
2026-09-04 01:08:55,176 | INFO | 🌐 Session warmed
2026-09-04 01:08:56,171 | INFO |    ↳ Status 403
2026-09-04 01:08:56,171 | WARNING |    ⚠ Blocked (403) retry 2
2026-09-04 01:08:56,261 | INFO | 🌐 Session warmed
2026-09-04 01:08:56,370 | INFO | [1358/1901] Fetching Pavagada (PAGD)
2026-09-04 01:08:56,997 | INFO |    ↳ Status 403
2026-09-04 01:08:56,997 | WARNING |    ⚠ Blocked (403) retry 2
2026-09-04 01:08:57,107 | INFO | 🌐 Session warmed
2026-09-04 01:08:57,575 | INFO |    ↳ Status 403
2026-09-04 01:08:57,576 | WARNING |    ⚠ Blocked (403) retry 1
2026-09-04 01:08:57,689 | INFO | 🌐 Session warmed
2026-09-04 01:08:58,248 | INFO | [1359/1901] Fetching Payakaraopeta (PATE)
2026-09-04 01:08:58,905 | INFO |    ↳ Status 403
2026-09-04 01:08:58,905 | WARNING |    ⚠ Blocked (403) retry 1
2026-09-04 01:08:59,004 | INFO | 🌐 Session warmed
2026-09-04 01:08:59,678 | INFO |    ↳ Status 403
2026-09-04 01:08:59,678 | WARNING |    ⚠ Blocked (403) retry 3
2026-09-04 01:08:59,802 | INFO | 🌐 Session warmed
2026-09-04 01:08:59,811 | INFO |    ↳ Status 403
2026-09-04 01:08:59,811 | WARNING |    ⚠ Blocked (403) retry 3
2026-09-04 01:08:59,898 | INFO | 🌐 Session warmed
2026-09-04 01:09:00,061 | INFO |    ↳ Status 403
2026-09-04 01:09:00,061 | WARNING |    ⚠ Blocked (403) retry 2
2026-09-04 01:09:00,182 | INFO | 🌐 Session warmed
2026-09-04 01:09:01,003 | INFO |    ↳ Status 403
2026-09-04 01:09:01,003 | WARNING |    ⚠ Blocked (403) retry 2
2026-09-04 01:09:01,103 | INFO | 🌐 Session warmed
2026-09-04 01:09:03,603 | INFO |    ↳ Status 403
2026-09-04 01:09:03,603 | WARNING |    ⚠ Blocked (403) retry 3
2026-09-04 01:09:03,697 | INFO | 🌐 Session warmed
2026-09-04 01:09:03,802 | INFO | [1360/1901] Fetching Payyanur (PAYY)
2026-09-04 01:09:03,898 | INFO | [1361/1901] Fetching Payyoli (PAYO)
2026-09-04 01:09:04,042 | INFO |    ↳ Status 403
2026-09-04 01:09:04,042 | WARNING |    ⚠ Blocked (403) retry 3
2026-09-04 01:09:04,152 | INFO | 🌐 Session warmed
2026-09-04 01:09:04,647 | INFO |    ↳ Status 403
2026-09-04 01:09:04,647 | WARNING |    ⚠ Blocked (403) retry 1
2026-09-04 01:09:04,752 | INFO | 🌐 Session warmed
2026-09-04 01:09:04,858 | INFO |    ↳ Status 403
2026-09-04 01:09:04,858 | WARNING |    ⚠ Blocked (403) retry 1
2026-09-04 01:09:04,961 | INFO | 🌐 Session warmed
2026-09-04 01:09:06,390 | INFO |    ↳ Status 403
2026-09-04 01:09:06,390 | WARNING |    ⚠ Blocked (403) retry 2
2026-09-04 01:09:06,489 | INFO | 🌐 Session warmed
2026-09-04 01:09:06,907 | INFO |    ↳ Status 403
2026-09-04 01:09:06,907 | WARNING |    ⚠ Blocked (403) retry 2
2026-09-04 01:09:07,013 | INFO | 🌐 Session warmed
2026-09-04 01:09:07,697 | INFO | [1362/1901] Fetching Pazhayannur (PLYN)
2026-09-04 01:09:08,153 | INFO | [1363/1901] Fetching Pebbair (PEIR)
2026-09-04 01:09:08,862 | INFO |    ↳ Status 403
2026-09-04 01:09:08,862 | WARNING |    ⚠ Blocked (403) retry 1
2026-09-04 01:09:08,966 | INFO | 🌐 Session warmed
2026-09-04 01:09:09,397 | INFO |    ↳ Status 403
2026-09-04 01:09:09,397 | WARNING |    ⚠ Blocked (403) retry 1
2026-09-04 01:09:09,485 | INFO | 🌐 Session warmed
2026-09-04 01:09:09,789 | INFO |    ↳ Status 403
2026-09-04 01:09:09,789 | WARNING |    ⚠ Blocked (403) retry 3
2026-09-04 01:09:09,894 | INFO | 🌐 Session warmed
2026-09-04 01:09:10,303 | INFO |    ↳ Status 403
2026-09-04 01:09:10,303 | WARNING |    ⚠ Blocked (403) retry 3
2026-09-04 01:09:10,390 | INFO | 🌐 Session warmed
2026-09-04 01:09:10,759 | INFO |    ↳ Status 403
2026-09-04 01:09:10,759 | WARNING |    ⚠ Blocked (403) retry 2
2026-09-04 01:09:10,869 | INFO | 🌐 Session warmed
2026-09-04 01:09:11,137 | INFO |    ↳ Status 403
2026-09-04 01:09:11,137 | WARNING |    ⚠ Blocked (403) retry 2
2026-09-04 01:09:11,224 | INFO | 🌐 Session warmed
2026-09-04 01:09:13,895 | INFO | [1364/1901] Fetching Pedana (PEDZ)
2026-09-04 01:09:14,064 | INFO |    ↳ Status 403
2026-09-04 01:09:14,064 | WARNING |    ⚠ Blocked (403) retry 3
2026-09-04 01:09:14,179 | INFO | 🌐 Session warmed
2026-09-04 01:09:14,390 | INFO | [1365/1901] Fetching Pedanandipadu (PEDN)
2026-09-04 01:09:14,544 | INFO |    ↳ Status 403
2026-09-04 01:09:14,544 | WARNING |    ⚠ Blocked (403) retry 3
2026-09-04 01:09:14,649 | INFO | 🌐 Session warmed
2026-09-04 01:09:14,729 | INFO |    ↳ Status 403
2026-09-04 01:09:14,729 | WARNING |    ⚠ Blocked (403) retry 1
2026-09-04 01:09:14,833 | INFO | 🌐 Session warmed
2026-09-04 01:09:15,619 | INFO |    ↳ Status 403
2026-09-04 01:09:15,619 | WARNING |    ⚠ Blocked (403) retry 1
2026-09-04 01:09:15,731 | INFO | 🌐 Session warmed
2026-09-04 01:09:17,024 | INFO |    ↳ Status 403
2026-09-04 01:09:17,024 | WARNING |    ⚠ Blocked (403) retry 2
2026-09-04 01:09:17,114 | INFO | 🌐 Session warmed
2026-09-04 01:09:17,527 | INFO |    ↳ Status 403
2026-09-04 01:09:17,527 | WARNING |    ⚠ Blocked (403) retry 2
2026-09-04 01:09:17,621 | INFO | 🌐 Session warmed
2026-09-04 01:09:18,179 | INFO | [1366/1901] Fetching Pedapadu (PEDD)
2026-09-04 01:09:18,649 | INFO | [1367/1901] Fetching Peddapalli (PEDA)
2026-09-04 01:09:19,015 | INFO |    ↳ Status 403
2026-09-04 01:09:19,015 | WARNING |    ⚠ Blocked (403) retry 1
2026-09-04 01:09:19,114 | INFO | 🌐 Session warmed
2026-09-04 01:09:19,618 | INFO |    ↳ Status 403
2026-09-04 01:09:19,618 | WARNING |    ⚠ Blocked (403) retry 1
2026-09-04 01:09:19,725 | INFO | 🌐 Session warmed
2026-09-04 01:09:20,219 | INFO |    ↳ Status 403
2026-09-04 01:09:20,219 | WARNING |    ⚠ Blocked (403) retry 3
2026-09-04 01:09:20,323 | INFO | 🌐 Session warmed
2026-09-04 01:09:21,005 | INFO |    ↳ Status 403
2026-09-04 01:09:21,005 | WARNING |    ⚠ Blocked (403) retry 3
2026-09-04 01:09:21,123 | INFO | 🌐 Session warmed
2026-09-04 01:09:21,132 | INFO |    ↳ Status 403
2026-09-04 01:09:21,132 | WARNING |    ⚠ Blocked (403) retry 2
2026-09-04 01:09:21,225 | INFO | 🌐 Session warmed
2026-09-04 01:09:22,079 | INFO |    ↳ Status 403
2026-09-04 01:09:22,079 | WARNING |    ⚠ Blocked (403) retry 2
2026-09-04 01:09:22,196 | INFO | 🌐 Session warmed
2026-09-04 01:09:24,318 | INFO |    ↳ Status 403
2026-09-04 01:09:24,318 | WARNING |    ⚠ Blocked (403) retry 3
2026-09-04 01:09:24,323 | INFO | [1368/1901] Fetching Peddapuram (PEDP)
2026-09-04 01:09:24,408 | INFO | 🌐 Session warmed
2026-09-04 01:09:24,992 | INFO |    ↳ Status 403
2026-09-04 01:09:24,992 | WARNING |    ⚠ Blocked (403) retry 3
2026-09-04 01:09:25,123 | INFO | 🌐 Session warmed
2026-09-04 01:09:25,123 | INFO | [1369/1901] Fetching Pen (PEN)
2026-09-04 01:09:25,454 | INFO |    ↳ Status 403
2026-09-04 01:09:25,454 | WARNING |    ⚠ Blocked (403) retry 1
2026-09-04 01:09:25,544 | INFO | 🌐 Session warmed
2026-09-04 01:09:26,182 | INFO |    ↳ Status 403
2026-09-04 01:09:26,182 | WARNING |    ⚠ Blocked (403) retry 1
2026-09-04 01:09:26,286 | INFO | 🌐 Session warmed
2026-09-04 01:09:27,282 | INFO |    ↳ Status 403
2026-09-04 01:09:27,282 | WARNING |    ⚠ Blocked (403) retry 2
2026-09-04 01:09:27,386 | INFO | 🌐 Session warmed
2026-09-04 01:09:28,409 | INFO | [1370/1901] Fetching Pendra (PEND)
2026-09-04 01:09:28,629 | INFO |    ↳ Status 403
2026-09-04 01:09:28,629 | WARNING |    ⚠ Blocked (403) retry 2
2026-09-04 01:09:28,748 | INFO | 🌐 Session warmed
2026-09-04 01:09:29,124 | INFO | [1371/1901] Fetching Pennagaram (PENM)
2026-09-04 01:09:29,771 | INFO |    ↳ Status 403
2026-09-04 01:09:29,771 | WARNING |    ⚠ Blocked (403) retry 1
2026-09-04 01:09:29,865 | INFO | 🌐 Session warmed
2026-09-04 01:09:30,161 | INFO |    ↳ Status 403
2026-09-04 01:09:30,161 | WARNING |    ⚠ Blocked (403) retry 1
2026-09-04 01:09:30,270 | INFO | 🌐 Session warmed
2026-09-04 01:09:30,506 | INFO |    ↳ Status 403
2026-09-04 01:09:30,506 | WARNING |    ⚠ Blocked (403) retry 3
2026-09-04 01:09:30,603 | INFO | 🌐 Session warmed
2026-09-04 01:09:31,940 | INFO |    ↳ Status 403
2026-09-04 01:09:31,940 | WARNING |    ⚠ Blocked (403) retry 2
2026-09-04 01:09:32,041 | INFO | 🌐 Session warmed
2026-09-04 01:09:32,136 | INFO |    ↳ Status 403
2026-09-04 01:09:32,136 | WARNING |    ⚠ Blocked (403) retry 3
2026-09-04 01:09:32,246 | INFO | 🌐 Session warmed
2026-09-04 01:09:32,674 | INFO |    ↳ Status 403
2026-09-04 01:09:32,674 | WARNING |    ⚠ Blocked (403) retry 2
2026-09-04 01:09:32,779 | INFO | 🌐 Session warmed
2026-09-04 01:09:34,603 | INFO | [1372/1901] Fetching Penuganchiprolu (PENU)
2026-09-04 01:09:34,888 | INFO |    ↳ Status 403
2026-09-04 01:09:34,888 | WARNING |    ⚠ Blocked (403) retry 3
2026-09-04 01:09:34,990 | INFO | 🌐 Session warmed
2026-09-04 01:09:35,276 | INFO |    ↳ Status 403
2026-09-04 01:09:35,276 | WARNING |    ⚠ Blocked (403) retry 1
2026-09-04 01:09:35,376 | INFO | 🌐 Session warmed
2026-09-04 01:09:35,963 | INFO |    ↳ Status 403
2026-09-04 01:09:35,963 | WARNING |    ⚠ Blocked (403) retry 3
2026-09-04 01:09:36,067 | INFO | 🌐 Session warmed
2026-09-04 01:09:36,246 | INFO | [1373/1901] Fetching Penugonda (PDDG)
2026-09-04 01:09:37,010 | INFO |    ↳ Status 403
2026-09-04 01:09:37,010 | WARNING |    ⚠ Blocked (403) retry 1
2026-09-04 01:09:37,102 | INFO | 🌐 Session warmed
2026-09-04 01:09:37,164 | INFO |    ↳ Status 403
2026-09-04 01:09:37,164 | WARNING |    ⚠ Blocked (403) retry 2
2026-09-04 01:09:37,252 | INFO | 🌐 Session warmed
2026-09-04 01:09:38,991 | INFO | [1374/1901] Fetching Peralam (PERL)
2026-09-04 01:09:39,108 | INFO |    ↳ Status 403
2026-09-04 01:09:39,108 | WARNING |    ⚠ Blocked (403) retry 2
2026-09-04 01:09:39,217 | INFO | 🌐 Session warmed
2026-09-04 01:09:40,067 | INFO | [1375/1901] Fetching Perambalur (PERA)
2026-09-04 01:09:40,197 | INFO |    ↳ Status 403
2026-09-04 01:09:40,197 | WARNING |    ⚠ Blocked (403) retry 1
2026-09-04 01:09:40,296 | INFO | 🌐 Session warmed
2026-09-04 01:09:40,298 | INFO |    ↳ Status 403
2026-09-04 01:09:40,298 | WARNING |    ⚠ Blocked (403) retry 3
2026-09-04 01:09:40,417 | INFO | 🌐 Session warmed
2026-09-04 01:09:40,731 | INFO |    ↳ Status 403
2026-09-04 01:09:40,731 | WARNING |    ⚠ Blocked (403) retry 1
2026-09-04 01:09:40,830 | INFO | 🌐 Session warmed
2026-09-04 01:09:42,347 | INFO |    ↳ Status 403
2026-09-04 01:09:42,348 | WARNING |    ⚠ Blocked (403) retry 3
2026-09-04 01:09:42,364 | INFO |    ↳ Status 403
2026-09-04 01:09:42,364 | WARNING |    ⚠ Blocked (403) retry 2
2026-09-04 01:09:42,470 | INFO | 🌐 Session warmed
2026-09-04 01:09:42,494 | INFO | 🌐 Session warmed
2026-09-04 01:09:42,845 | INFO |    ↳ Status 403
2026-09-04 01:09:42,845 | WARNING |    ⚠ Blocked (403) retry 2
2026-09-04 01:09:42,952 | INFO | 🌐 Session warmed
2026-09-04 01:09:44,418 | INFO | [1376/1901] Fetching Peravoor (PPVR)
2026-09-04 01:09:45,723 | INFO |    ↳ Status 403
2026-09-04 01:09:45,723 | WARNING |    ⚠ Blocked (403) retry 1
2026-09-04 01:09:45,754 | INFO |    ↳ Status 403
2026-09-04 01:09:45,754 | WARNING |    ⚠ Blocked (403) retry 3
2026-09-04 01:09:45,871 | INFO |    ↳ Status 403
2026-09-04 01:09:45,871 | WARNING |    ⚠ Blocked (403) retry 3
2026-09-04 01:09:45,875 | INFO | 🌐 Session warmed
2026-09-04 01:09:45,884 | INFO | 🌐 Session warmed
2026-09-04 01:09:45,995 | INFO | 🌐 Session warmed
2026-09-04 01:09:46,471 | INFO | [1377/1901] Fetching Peringamala (PRGM)
2026-09-04 01:09:47,769 | INFO |    ↳ Status 403
2026-09-04 01:09:47,769 | WARNING |    ⚠ Blocked (403) retry 2
2026-09-04 01:09:47,872 | INFO | 🌐 Session warmed
2026-09-04 01:09:47,872 | INFO |    ↳ Status 403
2026-09-04 01:09:47,872 | WARNING |    ⚠ Blocked (403) retry 1
2026-09-04 01:09:47,966 | INFO | 🌐 Session warmed
2026-09-04 01:09:49,603 | INFO |    ↳ Status 403
2026-09-04 01:09:49,603 | WARNING |    ⚠ Blocked (403) retry 2
2026-09-04 01:09:49,706 | INFO | 🌐 Session warmed
2026-09-04 01:09:49,884 | INFO | [1378/1901] Fetching Peringottukurissi (PERN)
2026-09-04 01:09:49,996 | INFO | [1379/1901] Fetching Perinthalmanna (PNTM)
2026-09-04 01:09:50,961 | INFO |    ↳ Status 403
2026-09-04 01:09:50,962 | WARNING |    ⚠ Blocked (403) retry 3
2026-09-04 01:09:51,053 | INFO | 🌐 Session warmed
2026-09-04 01:09:51,059 | INFO |    ↳ Status 403
2026-09-04 01:09:51,059 | WARNING |    ⚠ Blocked (403) retry 1
2026-09-04 01:09:51,172 | INFO | 🌐 Session warmed
2026-09-04 01:09:51,402 | INFO |    ↳ Status 403
2026-09-04 01:09:51,402 | WARNING |    ⚠ Blocked (403) retry 1
2026-09-04 01:09:51,514 | INFO | 🌐 Session warmed
2026-09-04 01:09:52,879 | INFO |    ↳ Status 403
2026-09-04 01:09:52,879 | WARNING |    ⚠ Blocked (403) retry 2
2026-09-04 01:09:52,980 | INFO |    ↳ Status 403
2026-09-04 01:09:52,980 | WARNING |    ⚠ Blocked (403) retry 3
2026-09-04 01:09:52,990 | INFO | 🌐 Session warmed
2026-09-04 01:09:53,075 | INFO | 🌐 Session warmed
2026-09-04 01:09:53,584 | INFO |    ↳ Status 403
2026-09-04 01:09:53,585 | WARNING |    ⚠ Blocked (403) retry 2
2026-09-04 01:09:53,692 | INFO | 🌐 Session warmed
2026-09-04 01:09:55,053 | INFO | [1380/1901] Fetching Periyapatna (PERI)
2026-09-04 01:09:56,097 | INFO |    ↳ Status 403
2026-09-04 01:09:56,097 | WARNING |    ⚠ Blocked (403) retry 3
2026-09-04 01:09:56,194 | INFO | 🌐 Session warmed
2026-09-04 01:09:56,375 | INFO |    ↳ Status 403
2026-09-04 01:09:56,375 | WARNING |    ⚠ Blocked (403) retry 3
2026-09-04 01:09:56,466 | INFO |    ↳ Status 403
2026-09-04 01:09:56,466 | WARNING |    ⚠ Blocked (403) retry 1
2026-09-04 01:09:56,471 | INFO | 🌐 Session warmed
2026-09-04 01:09:56,583 | INFO | 🌐 Session warmed
2026-09-04 01:09:57,075 | INFO | [1381/1901] Fetching Pernambut (PERM)
2026-09-04 01:09:58,256 | INFO |    ↳ Status 403
2026-09-04 01:09:58,256 | WARNING |    ⚠ Blocked (403) retry 1
2026-09-04 01:09:58,360 | INFO | 🌐 Session warmed
2026-09-04 01:09:58,946 | INFO |    ↳ Status 403
2026-09-04 01:09:58,946 | WARNING |    ⚠ Blocked (403) retry 2
2026-09-04 01:09:59,043 | INFO | 🌐 Session warmed
2026-09-04 01:10:00,056 | INFO |    ↳ Status 403
2026-09-04 01:10:00,056 | WARNING |    ⚠ Blocked (403) retry 2
2026-09-04 01:10:00,157 | INFO | 🌐 Session warmed
2026-09-04 01:10:00,194 | INFO | [1382/1901] Fetching Perundurai (PEDR)
2026-09-04 01:10:00,471 | INFO | [1383/1901] Fetching Petlad (PETL)
2026-09-04 01:10:01,169 | INFO |    ↳ Status 403
2026-09-04 01:10:01,169 | WARNING |    ⚠ Blocked (403) retry 1
2026-09-04 01:10:01,274 | INFO | 🌐 Session warmed
2026-09-04 01:10:01,634 | INFO |    ↳ Status 403
2026-09-04 01:10:01,634 | WARNING |    ⚠ Blocked (403) retry 1
2026-09-04 01:10:01,761 | INFO | 🌐 Session warmed
2026-09-04 01:10:02,350 | INFO |    ↳ Status 403
2026-09-04 01:10:02,350 | WARNING |    ⚠ Blocked (403) retry 3
2026-09-04 01:10:02,449 | INFO | 🌐 Session warmed
2026-09-04 01:10:03,105 | INFO |    ↳ Status 403
2026-09-04 01:10:03,105 | WARNING |    ⚠ Blocked (403) retry 2
2026-09-04 01:10:03,214 | INFO | 🌐 Session warmed
2026-09-04 01:10:03,242 | INFO |    ↳ Status 403
2026-09-04 01:10:03,242 | WARNING |    ⚠ Blocked (403) retry 3
2026-09-04 01:10:03,367 | INFO | 🌐 Session warmed
2026-09-04 01:10:03,435 | INFO |    ↳ Status 403
2026-09-04 01:10:03,435 | WARNING |    ⚠ Blocked (403) retry 2
2026-09-04 01:10:03,536 | INFO | 🌐 Session warmed
2026-09-04 01:10:05,882 | INFO |    ↳ Status 403
2026-09-04 01:10:05,882 | WARNING |    ⚠ Blocked (403) retry 3
2026-09-04 01:10:06,009 | INFO | 🌐 Session warmed
2026-09-04 01:10:06,449 | INFO | [1384/1901] Fetching Phagwara (PHAG)
2026-09-04 01:10:06,647 | INFO |    ↳ Status 403
2026-09-04 01:10:06,647 | WARNING |    ⚠ Blocked (403) retry 3
2026-09-04 01:10:06,751 | INFO | 🌐 Session warmed
2026-09-04 01:10:07,367 | INFO | [1385/1901] Fetching Phalodi (PHLD)
2026-09-04 01:10:07,698 | INFO |    ↳ Status 403
2026-09-04 01:10:07,698 | WARNING |    ⚠ Blocked (403) retry 1
2026-09-04 01:10:07,816 | INFO | 🌐 Session warmed
2026-09-04 01:10:08,074 | INFO |    ↳ Status 403
2026-09-04 01:10:08,074 | WARNING |    ⚠ Blocked (403) retry 1
2026-09-04 01:10:08,162 | INFO | 🌐 Session warmed
2026-09-04 01:10:09,747 | INFO |    ↳ Status 403
2026-09-04 01:10:09,747 | WARNING |    ⚠ Blocked (403) retry 2
2026-09-04 01:10:09,844 | INFO | 🌐 Session warmed
2026-09-04 01:10:10,010 | INFO | [1386/1901] Fetching Phaltan (PHAL)
2026-09-04 01:10:10,191 | INFO |    ↳ Status 403
2026-09-04 01:10:10,191 | WARNING |    ⚠ Blocked (403) retry 2
2026-09-04 01:10:10,292 | INFO | 🌐 Session warmed
2026-09-04 01:10:10,752 | INFO | [1387/1901] Fetching Phulbani (PHBN)
2026-09-04 01:10:10,897 | INFO |    ↳ Status 403
2026-09-04 01:10:10,897 | WARNING |    ⚠ Blocked (403) retry 1
2026-09-04 01:10:10,996 | INFO | 🌐 Session warmed
2026-09-04 01:10:11,810 | INFO |    ↳ Status 403
2026-09-04 01:10:11,810 | WARNING |    ⚠ Blocked (403) retry 1
2026-09-04 01:10:11,914 | INFO | 🌐 Session warmed
2026-09-04 01:10:12,599 | INFO |    ↳ Status 403
2026-09-04 01:10:12,600 | WARNING |    ⚠ Blocked (403) retry 3
2026-09-04 01:10:12,690 | INFO | 🌐 Session warmed
2026-09-04 01:10:13,132 | INFO |    ↳ Status 403
2026-09-04 01:10:13,133 | WARNING |    ⚠ Blocked (403) retry 2
2026-09-04 01:10:13,253 | INFO | 🌐 Session warmed
2026-09-04 01:10:13,483 | INFO |    ↳ Status 403
2026-09-04 01:10:13,483 | WARNING |    ⚠ Blocked (403) retry 3
2026-09-04 01:10:13,593 | INFO | 🌐 Session warmed
2026-09-04 01:10:13,898 | INFO |    ↳ Status 403
2026-09-04 01:10:13,898 | WARNING |    ⚠ Blocked (403) retry 2
2026-09-04 01:10:13,996 | INFO | 🌐 Session warmed
2026-09-04 01:10:16,120 | INFO |    ↳ Status 403
2026-09-04 01:10:16,120 | WARNING |    ⚠ Blocked (403) retry 3
2026-09-04 01:10:16,246 | INFO | 🌐 Session warmed
2026-09-04 01:10:16,663 | INFO |    ↳ Status 403
2026-09-04 01:10:16,663 | WARNING |    ⚠ Blocked (403) retry 3
2026-09-04 01:10:16,691 | INFO | [1388/1901] Fetching Piduguralla (PIDU)
2026-09-04 01:10:16,754 | INFO | 🌐 Session warmed
2026-09-04 01:10:17,593 | INFO | [1389/1901] Fetching Pilani (PILA)
2026-09-04 01:10:18,107 | INFO |    ↳ Status 403
2026-09-04 01:10:18,107 | WARNING |    ⚠ Blocked (403) retry 1
2026-09-04 01:10:18,198 | INFO | 🌐 Session warmed
2026-09-04 01:10:18,843 | INFO |    ↳ Status 403
2026-09-04 01:10:18,843 | WARNING |    ⚠ Blocked (403) retry 1
2026-09-04 01:10:18,953 | INFO | 🌐 Session warmed
2026-09-04 01:10:20,247 | INFO | [1390/1901] Fetching Pileru (PLRU)
2026-09-04 01:10:20,292 | INFO |    ↳ Status 403
2026-09-04 01:10:20,293 | WARNING |    ⚠ Blocked (403) retry 2
2026-09-04 01:10:20,405 | INFO | 🌐 Session warmed
2026-09-04 01:10:20,754 | INFO | [1391/1901] Fetching Pilibhit (PIHI)
2026-09-04 01:10:20,786 | INFO |    ↳ Status 403
2026-09-04 01:10:20,786 | WARNING |    ⚠ Blocked (403) retry 2
2026-09-04 01:10:20,886 | INFO | 🌐 Session warmed
2026-09-04 01:10:21,455 | INFO |    ↳ Status 403
2026-09-04 01:10:21,455 | WARNING |    ⚠ Blocked (403) retry 1
2026-09-04 01:10:21,567 | INFO | 🌐 Session warmed
2026-09-04 01:10:21,616 | INFO |    ↳ Status 403
2026-09-04 01:10:21,616 | WARNING |    ⚠ Blocked (403) retry 1
2026-09-04 01:10:21,722 | INFO | 🌐 Session warmed
2026-09-04 01:10:23,344 | INFO |    ↳ Status 403
2026-09-04 01:10:23,344 | WARNING |    ⚠ Blocked (403) retry 2
2026-09-04 01:10:23,418 | INFO |    ↳ Status 403
2026-09-04 01:10:23,418 | WARNING |    ⚠ Blocked (403) retry 3
2026-09-04 01:10:23,435 | INFO | 🌐 Session warmed
2026-09-04 01:10:23,518 | INFO | 🌐 Session warmed
2026-09-04 01:10:23,785 | INFO |    ↳ Status 403
2026-09-04 01:10:23,785 | WARNING |    ⚠ Blocked (403) retry 3
2026-09-04 01:10:23,873 | INFO | 🌐 Session warmed
2026-09-04 01:10:24,033 | INFO |    ↳ Status 403
2026-09-04 01:10:24,033 | WARNING |    ⚠ Blocked (403) retry 2
2026-09-04 01:10:24,146 | INFO | 🌐 Session warmed
2026-09-04 01:10:26,837 | INFO |    ↳ Status 403
2026-09-04 01:10:26,837 | WARNING |    ⚠ Blocked (403) retry 3
2026-09-04 01:10:26,950 | INFO | 🌐 Session warmed
2026-09-04 01:10:27,169 | INFO |    ↳ Status 403
2026-09-04 01:10:27,169 | WARNING |    ⚠ Blocked (403) retry 3
2026-09-04 01:10:27,265 | INFO | 🌐 Session warmed
2026-09-04 01:10:27,518 | INFO | [1392/1901] Fetching Pimpalner (PPAL)
2026-09-04 01:10:27,874 | INFO | [1393/1901] Fetching Pimpri (PIMP)
2026-09-04 01:10:28,518 | INFO |    ↳ Status 403
2026-09-04 01:10:28,518 | WARNING |    ⚠ Blocked (403) retry 1
2026-09-04 01:10:28,606 | INFO | 🌐 Session warmed
2026-09-04 01:10:28,839 | INFO |    ↳ Status 403
2026-09-04 01:10:28,839 | WARNING |    ⚠ Blocked (403) retry 1
2026-09-04 01:10:28,939 | INFO | 🌐 Session warmed
2026-09-04 01:10:30,733 | INFO |    ↳ Status 403
2026-09-04 01:10:30,733 | WARNING |    ⚠ Blocked (403) retry 2
2026-09-04 01:10:30,740 | INFO |    ↳ Status 403
2026-09-04 01:10:30,740 | WARNING |    ⚠ Blocked (403) retry 2
2026-09-04 01:10:30,834 | INFO | 🌐 Session warmed
2026-09-04 01:10:30,849 | INFO | 🌐 Session warmed
2026-09-04 01:10:30,950 | INFO | [1394/1901] Fetching Pinjore (PINJ)
2026-09-04 01:10:31,266 | INFO | [1395/1901] Fetching Pipariya (PIPY)
2026-09-04 01:10:31,699 | INFO |    ↳ Status 403
2026-09-04 01:10:31,699 | WARNING |    ⚠ Blocked (403) retry 1
2026-09-04 01:10:31,795 | INFO | 🌐 Session warmed
2026-09-04 01:10:31,990 | INFO |    ↳ Status 403
2026-09-04 01:10:31,990 | WARNING |    ⚠ Blocked (403) retry 1
2026-09-04 01:10:32,101 | INFO | 🌐 Session warmed
2026-09-04 01:10:33,957 | INFO |    ↳ Status 403
2026-09-04 01:10:33,957 | WARNING |    ⚠ Blocked (403) retry 2
2026-09-04 01:10:34,047 | INFO | 🌐 Session warmed
2026-09-04 01:10:34,206 | INFO |    ↳ Status 403
2026-09-04 01:10:34,206 | WARNING |    ⚠ Blocked (403) retry 3
2026-09-04 01:10:34,217 | INFO |    ↳ Status 403
2026-09-04 01:10:34,217 | WARNING |    ⚠ Blocked (403) retry 3
2026-09-04 01:10:34,324 | INFO | 🌐 Session warmed
2026-09-04 01:10:34,346 | INFO | 🌐 Session warmed
2026-09-04 01:10:34,369 | INFO |    ↳ Status 403
2026-09-04 01:10:34,369 | WARNING |    ⚠ Blocked (403) retry 2
2026-09-04 01:10:34,459 | INFO | 🌐 Session warmed
2026-09-04 01:10:37,260 | INFO |    ↳ Status 403
2026-09-04 01:10:37,261 | WARNING |    ⚠ Blocked (403) retry 3
2026-09-04 01:10:37,366 | INFO | 🌐 Session warmed
2026-09-04 01:10:37,579 | INFO |    ↳ Status 403
2026-09-04 01:10:37,579 | WARNING |    ⚠ Blocked (403) retry 3
2026-09-04 01:10:37,673 | INFO | 🌐 Session warmed
2026-09-04 01:10:38,325 | INFO | [1396/1901] Fetching Pipraich (PIPR)
2026-09-04 01:10:38,346 | INFO | [1397/1901] Fetching Pithampur (PITH)
2026-09-04 01:10:39,551 | INFO |    ↳ Status 403
2026-09-04 01:10:39,551 | WARNING |    ⚠ Blocked (403) retry 1
2026-09-04 01:10:39,685 | INFO | 🌐 Session warmed
2026-09-04 01:10:39,693 | INFO |    ↳ Status 403
2026-09-04 01:10:39,693 | WARNING |    ⚠ Blocked (403) retry 1
2026-09-04 01:10:39,798 | INFO | 🌐 Session warmed
2026-09-04 01:10:41,366 | INFO | [1398/1901] Fetching Pithapuram (PITA)
2026-09-04 01:10:41,590 | INFO |    ↳ Status 403
2026-09-04 01:10:41,590 | WARNING |    ⚠ Blocked (403) retry 2
2026-09-04 01:10:41,674 | INFO | [1399/1901] Fetching Pithora (PHOR)
2026-09-04 01:10:41,687 | INFO | 🌐 Session warmed
2026-09-04 01:10:42,056 | INFO |    ↳ Status 403
2026-09-04 01:10:42,057 | WARNING |    ⚠ Blocked (403) retry 2
2026-09-04 01:10:42,147 | INFO | 🌐 Session warmed
2026-09-04 01:10:42,308 | INFO |    ↳ Status 403
2026-09-04 01:10:42,308 | WARNING |    ⚠ Blocked (403) retry 1
2026-09-04 01:10:42,412 | INFO | 🌐 Session warmed
2026-09-04 01:10:42,575 | INFO |    ↳ Status 403
2026-09-04 01:10:42,575 | WARNING |    ⚠ Blocked (403) retry 1
2026-09-04 01:10:42,688 | INFO | 🌐 Session warmed
2026-09-04 01:10:44,438 | INFO |    ↳ Status 403
2026-09-04 01:10:44,438 | WARNING |    ⚠ Blocked (403) retry 3
2026-09-04 01:10:44,536 | INFO |    ↳ Status 403
2026-09-04 01:10:44,536 | WARNING |    ⚠ Blocked (403) retry 2
2026-09-04 01:10:44,550 | INFO | 🌐 Session warmed
2026-09-04 01:10:44,641 | INFO | 🌐 Session warmed
2026-09-04 01:10:45,007 | INFO |    ↳ Status 403
2026-09-04 01:10:45,007 | WARNING |    ⚠ Blocked (403) retry 3
2026-09-04 01:10:45,053 | INFO |    ↳ Status 403
2026-09-04 01:10:45,053 | WARNING |    ⚠ Blocked (403) retry 2
2026-09-04 01:10:45,119 | INFO | 🌐 Session warmed
2026-09-04 01:10:45,156 | INFO | 🌐 Session warmed
2026-09-04 01:10:47,342 | INFO |    ↳ Status 403
2026-09-04 01:10:47,342 | WARNING |    ⚠ Blocked (403) retry 3
2026-09-04 01:10:47,446 | INFO | 🌐 Session warmed
2026-09-04 01:10:47,806 | INFO |    ↳ Status 403
2026-09-04 01:10:47,806 | WARNING |    ⚠ Blocked (403) retry 3
2026-09-04 01:10:47,899 | INFO | 🌐 Session warmed
2026-09-04 01:10:48,551 | INFO | [1400/1901] Fetching Pithoragarh (PITO)
2026-09-04 01:10:49,119 | INFO | [1401/1901] Fetching Pitlam (PILM)
2026-09-04 01:10:49,857 | INFO |    ↳ Status 403
2026-09-04 01:10:49,858 | WARNING |    ⚠ Blocked (403) retry 1
2026-09-04 01:10:49,970 | INFO | 🌐 Session warmed
2026-09-04 01:10:50,231 | INFO |    ↳ Status 403
2026-09-04 01:10:50,231 | WARNING |    ⚠ Blocked (403) retry 1
2026-09-04 01:10:50,332 | INFO | 🌐 Session warmed
2026-09-04 01:10:51,446 | INFO | [1402/1901] Fetching Pochampally (POCH)
2026-09-04 01:10:51,900 | INFO | [1403/1901] Fetching Podalakur (PODA)
2026-09-04 01:10:52,208 | INFO |    ↳ Status 403
2026-09-04 01:10:52,208 | WARNING |    ⚠ Blocked (403) retry 2
2026-09-04 01:10:52,330 | INFO | 🌐 Session warmed
2026-09-04 01:10:52,354 | INFO |    ↳ Status 403
2026-09-04 01:10:52,354 | WARNING |    ⚠ Blocked (403) retry 2
2026-09-04 01:10:52,453 | INFO | 🌐 Session warmed
2026-09-04 01:10:52,772 | INFO |    ↳ Status 403
2026-09-04 01:10:52,772 | WARNING |    ⚠ Blocked (403) retry 1
2026-09-04 01:10:52,871 | INFO | 🌐 Session warmed
2026-09-04 01:10:53,113 | INFO |    ↳ Status 403
2026-09-04 01:10:53,114 | WARNING |    ⚠ Blocked (403) retry 1
2026-09-04 01:10:53,226 | INFO | 🌐 Session warmed
2026-09-04 01:10:55,130 | INFO |    ↳ Status 403
2026-09-04 01:10:55,130 | WARNING |    ⚠ Blocked (403) retry 2
2026-09-04 01:10:55,240 | INFO | 🌐 Session warmed
2026-09-04 01:10:55,454 | INFO |    ↳ Status 403
2026-09-04 01:10:55,454 | WARNING |    ⚠ Blocked (403) retry 2
2026-09-04 01:10:55,543 | INFO | 🌐 Session warmed
2026-09-04 01:10:55,710 | INFO |    ↳ Status 403
2026-09-04 01:10:55,710 | WARNING |    ⚠ Blocked (403) retry 3
2026-09-04 01:10:55,829 | INFO |    ↳ Status 403
2026-09-04 01:10:55,829 | WARNING |    ⚠ Blocked (403) retry 3
2026-09-04 01:10:55,836 | INFO | 🌐 Session warmed
2026-09-04 01:10:55,926 | INFO | 🌐 Session warmed
2026-09-04 01:10:58,065 | INFO |    ↳ Status 403
2026-09-04 01:10:58,065 | WARNING |    ⚠ Blocked (403) retry 3
2026-09-04 01:10:58,196 | INFO | 🌐 Session warmed
2026-09-04 01:10:58,774 | INFO |    ↳ Status 403
2026-09-04 01:10:58,774 | WARNING |    ⚠ Blocked (403) retry 3
2026-09-04 01:10:58,872 | INFO | 🌐 Session warmed
2026-09-04 01:10:59,836 | INFO | [1404/1901] Fetching Podili (PODI)
2026-09-04 01:10:59,926 | INFO | [1405/1901] Fetching Polavaram (PLAB)
2026-09-04 01:11:01,239 | INFO |    ↳ Status 403
2026-09-04 01:11:01,240 | WARNING |    ⚠ Blocked (403) retry 1
2026-09-04 01:11:01,253 | INFO |    ↳ Status 403
2026-09-04 01:11:01,253 | WARNING |    ⚠ Blocked (403) retry 1
2026-09-04 01:11:01,363 | INFO | 🌐 Session warmed
2026-09-04 01:11:01,584 | INFO | 🌐 Session warmed
2026-09-04 01:11:02,196 | INFO | [1406/1901] Fetching Pollachi (POLL)
2026-09-04 01:11:02,873 | INFO | [1407/1901] Fetching Pondicherry (POND)
2026-09-04 01:11:03,251 | INFO |    ↳ Status 403
2026-09-04 01:11:03,251 | WARNING |    ⚠ Blocked (403) retry 2
2026-09-04 01:11:03,356 | INFO | 🌐 Session warmed
2026-09-04 01:11:03,415 | INFO |    ↳ Status 403
2026-09-04 01:11:03,415 | WARNING |    ⚠ Blocked (403) retry 2
2026-09-04 01:11:03,501 | INFO |    ↳ Status 403
2026-09-04 01:11:03,501 | WARNING |    ⚠ Blocked (403) retry 1
2026-09-04 01:11:03,520 | INFO | 🌐 Session warmed
2026-09-04 01:11:03,618 | INFO | 🌐 Session warmed
2026-09-04 01:11:04,097 | INFO |    ↳ Status 403
2026-09-04 01:11:04,097 | WARNING |    ⚠ Blocked (403) retry 1
2026-09-04 01:11:04,202 | INFO | 🌐 Session warmed
2026-09-04 01:11:05,361 | INFO |    ↳ Status 403
2026-09-04 01:11:05,361 | WARNING |    ⚠ Blocked (403) retry 2
2026-09-04 01:11:05,455 | INFO | 🌐 Session warmed
2026-09-04 01:11:05,974 | INFO |    ↳ Status 403
2026-09-04 01:11:05,974 | WARNING |    ⚠ Blocked (403) retry 2
2026-09-04 01:11:06,071 | INFO |    ↳ Status 403
2026-09-04 01:11:06,071 | WARNING |    ⚠ Blocked (403) retry 3
2026-09-04 01:11:06,075 | INFO | 🌐 Session warmed
2026-09-04 01:11:06,160 | INFO | 🌐 Session warmed
2026-09-04 01:11:06,624 | INFO |    ↳ Status 403
2026-09-04 01:11:06,624 | WARNING |    ⚠ Blocked (403) retry 3
2026-09-04 01:11:06,719 | INFO | 🌐 Session warmed
2026-09-04 01:11:08,297 | INFO |    ↳ Status 403
2026-09-04 01:11:08,297 | WARNING |    ⚠ Blocked (403) retry 3
2026-09-04 01:11:08,416 | INFO | 🌐 Session warmed
2026-09-04 01:11:08,753 | INFO |    ↳ Status 403
2026-09-04 01:11:08,754 | WARNING |    ⚠ Blocked (403) retry 3
2026-09-04 01:11:08,855 | INFO | 🌐 Session warmed
2026-09-04 01:11:10,160 | INFO | [1408/1901] Fetching Ponduru (PONU)
2026-09-04 01:11:10,719 | INFO | [1409/1901] Fetching Ponkunnam (PONK)
2026-09-04 01:11:10,880 | INFO |    ↳ Status 403
2026-09-04 01:11:10,880 | WARNING |    ⚠ Blocked (403) retry 1
2026-09-04 01:11:10,998 | INFO | 🌐 Session warmed
2026-09-04 01:11:12,141 | INFO |    ↳ Status 403
2026-09-04 01:11:12,141 | WARNING |    ⚠ Blocked (403) retry 1
2026-09-04 01:11:12,277 | INFO | 🌐 Session warmed
2026-09-04 01:11:12,417 | INFO | [1410/1901] Fetching Ponnamaravathi (PONM)
2026-09-04 01:11:12,855 | INFO | [1411/1901] Fetching Ponnani (PONN)
2026-09-04 01:11:13,131 | INFO |    ↳ Status 403
2026-09-04 01:11:13,131 | WARNING |    ⚠ Blocked (403) retry 2
2026-09-04 01:11:13,246 | INFO | 🌐 Session warmed
2026-09-04 01:11:13,499 | INFO |    ↳ Status 403
2026-09-04 01:11:13,499 | WARNING |    ⚠ Blocked (403) retry 1
2026-09-04 01:11:13,591 | INFO | 🌐 Session warmed
2026-09-04 01:11:13,640 | INFO |    ↳ Status 403
2026-09-04 01:11:13,640 | WARNING |    ⚠ Blocked (403) retry 1
2026-09-04 01:11:13,746 | INFO | 🌐 Session warmed
2026-09-04 01:11:14,447 | INFO |    ↳ Status 403
2026-09-04 01:11:14,447 | WARNING |    ⚠ Blocked (403) retry 2
2026-09-04 01:11:14,537 | INFO | 🌐 Session warmed
2026-09-04 01:11:15,211 | INFO |    ↳ Status 403
2026-09-04 01:11:15,212 | WARNING |    ⚠ Blocked (403) retry 2
2026-09-04 01:11:15,304 | INFO | 🌐 Session warmed
2026-09-04 01:11:15,759 | INFO |    ↳ Status 403
2026-09-04 01:11:15,759 | WARNING |    ⚠ Blocked (403) retry 2
2026-09-04 01:11:15,855 | INFO | 🌐 Session warmed
2026-09-04 01:11:16,566 | INFO |    ↳ Status 403
2026-09-04 01:11:16,567 | WARNING |    ⚠ Blocked (403) retry 3
2026-09-04 01:11:16,695 | INFO | 🌐 Session warmed
2026-09-04 01:11:17,560 | INFO |    ↳ Status 403
2026-09-04 01:11:17,561 | WARNING |    ⚠ Blocked (403) retry 3
2026-09-04 01:11:17,656 | INFO | 🌐 Session warmed
2026-09-04 01:11:18,367 | INFO |    ↳ Status 403
2026-09-04 01:11:18,367 | WARNING |    ⚠ Blocked (403) retry 3
2026-09-04 01:11:18,467 | INFO | 🌐 Session warmed
2026-09-04 01:11:18,906 | INFO |    ↳ Status 403
2026-09-04 01:11:18,906 | WARNING |    ⚠ Blocked (403) retry 3
2026-09-04 01:11:19,028 | INFO | 🌐 Session warmed
2026-09-04 01:11:20,696 | INFO | [1412/1901] Fetching Ponneri (PONE)
2026-09-04 01:11:21,656 | INFO | [1413/1901] Fetching Poovar (POOV)
2026-09-04 01:11:21,903 | INFO |    ↳ Status 403
2026-09-04 01:11:21,903 | WARNING |    ⚠ Blocked (403) retry 1
2026-09-04 01:11:22,003 | INFO | 🌐 Session warmed
2026-09-04 01:11:22,467 | INFO | [1414/1901] Fetching Porbandar (PORB)
2026-09-04 01:11:22,895 | INFO |    ↳ Status 403
2026-09-04 01:11:22,895 | WARNING |    ⚠ Blocked (403) retry 1
2026-09-04 01:11:23,010 | INFO | 🌐 Session warmed
2026-09-04 01:11:23,029 | INFO | [1415/1901] Fetching Port Blair (PORT)
2026-09-04 01:11:23,635 | INFO |    ↳ Status 403
2026-09-04 01:11:23,635 | WARNING |    ⚠ Blocked (403) retry 1
2026-09-04 01:11:23,737 | INFO | 🌐 Session warmed
2026-09-04 01:11:24,276 | INFO |    ↳ Status 403
2026-09-04 01:11:24,276 | WARNING |    ⚠ Blocked (403) retry 1
2026-09-04 01:11:24,283 | INFO |    ↳ Status 403
2026-09-04 01:11:24,283 | WARNING |    ⚠ Blocked (403) retry 2
2026-09-04 01:11:24,388 | INFO | 🌐 Session warmed
2026-09-04 01:11:24,389 | INFO | 🌐 Session warmed
2026-09-04 01:11:24,947 | INFO |    ↳ Status 403
2026-09-04 01:11:24,947 | WARNING |    ⚠ Blocked (403) retry 2
2026-09-04 01:11:25,045 | INFO | 🌐 Session warmed
2026-09-04 01:11:25,545 | INFO |    ↳ Status 403
2026-09-04 01:11:25,545 | WARNING |    ⚠ Blocked (403) retry 2
2026-09-04 01:11:25,649 | INFO | 🌐 Session warmed
2026-09-04 01:11:26,477 | INFO |    ↳ Status 403
2026-09-04 01:11:26,477 | WARNING |    ⚠ Blocked (403) retry 2
2026-09-04 01:11:26,613 | INFO | 🌐 Session warmed
2026-09-04 01:11:27,506 | INFO |    ↳ Status 403
2026-09-04 01:11:27,506 | WARNING |    ⚠ Blocked (403) retry 3
2026-09-04 01:11:27,608 | INFO | 🌐 Session warmed
2026-09-04 01:11:28,190 | INFO |    ↳ Status 403
2026-09-04 01:11:28,191 | WARNING |    ⚠ Blocked (403) retry 3
2026-09-04 01:11:28,297 | INFO | 🌐 Session warmed
2026-09-04 01:11:28,689 | INFO |    ↳ Status 403
2026-09-04 01:11:28,689 | WARNING |    ⚠ Blocked (403) retry 3
2026-09-04 01:11:28,769 | INFO | 🌐 Session warmed
2026-09-04 01:11:29,640 | INFO |    ↳ Status 403
2026-09-04 01:11:29,640 | WARNING |    ⚠ Blocked (403) retry 3
2026-09-04 01:11:29,772 | INFO | 🌐 Session warmed
2026-09-04 01:11:31,609 | INFO | [1416/1901] Fetching Porumamilla (PORU)
2026-09-04 01:11:32,298 | INFO | [1417/1901] Fetching Pratapgarh (Rajasthan) (PTRT)
2026-09-04 01:11:32,340 | INFO |    ↳ Status 403
2026-09-04 01:11:32,340 | WARNING |    ⚠ Blocked (403) retry 1
2026-09-04 01:11:32,433 | INFO | 🌐 Session warmed
2026-09-04 01:11:32,769 | INFO | [1418/1901] Fetching Pratapgarh (UP) (PRAT)
2026-09-04 01:11:33,593 | INFO |    ↳ Status 403
2026-09-04 01:11:33,593 | WARNING |    ⚠ Blocked (403) retry 1
2026-09-04 01:11:33,696 | INFO | 🌐 Session warmed
2026-09-04 01:11:33,773 | INFO | [1419/1901] Fetching Prayagraj (Allahabad) (ALLH)
2026-09-04 01:11:33,859 | INFO |    ↳ Status 403
2026-09-04 01:11:33,860 | WARNING |    ⚠ Blocked (403) retry 1
2026-09-04 01:11:33,959 | INFO | 🌐 Session warmed
2026-09-04 01:11:34,590 | INFO |    ↳ Status 403
2026-09-04 01:11:34,590 | WARNING |    ⚠ Blocked (403) retry 2
2026-09-04 01:11:34,685 | INFO | 🌐 Session warmed
2026-09-04 01:11:34,817 | INFO |    ↳ Status 403
2026-09-04 01:11:34,817 | WARNING |    ⚠ Blocked (403) retry 1
2026-09-04 01:11:34,921 | INFO | 🌐 Session warmed
2026-09-04 01:11:35,535 | INFO |    ↳ Status 403
2026-09-04 01:11:35,535 | WARNING |    ⚠ Blocked (403) retry 2
2026-09-04 01:11:35,637 | INFO | 🌐 Session warmed
2026-09-04 01:11:36,294 | INFO |    ↳ Status 403
2026-09-04 01:11:36,294 | WARNING |    ⚠ Blocked (403) retry 2
2026-09-04 01:11:36,402 | INFO | 🌐 Session warmed
2026-09-04 01:11:36,679 | INFO |    ↳ Status 403
2026-09-04 01:11:36,680 | WARNING |    ⚠ Blocked (403) retry 2
2026-09-04 01:11:36,787 | INFO | 🌐 Session warmed
2026-09-04 01:11:37,823 | INFO |    ↳ Status 403
2026-09-04 01:11:37,823 | WARNING |    ⚠ Blocked (403) retry 3
2026-09-04 01:11:37,940 | INFO | 🌐 Session warmed
2026-09-04 01:11:38,870 | INFO |    ↳ Status 403
2026-09-04 01:11:38,870 | WARNING |    ⚠ Blocked (403) retry 3
2026-09-04 01:11:38,965 | INFO | 🌐 Session warmed
2026-09-04 01:11:39,579 | INFO |    ↳ Status 403
2026-09-04 01:11:39,579 | WARNING |    ⚠ Blocked (403) retry 3
2026-09-04 01:11:39,691 | INFO | 🌐 Session warmed
2026-09-04 01:11:40,205 | INFO |    ↳ Status 403
2026-09-04 01:11:40,205 | WARNING |    ⚠ Blocked (403) retry 3
2026-09-04 01:11:40,315 | INFO | 🌐 Session warmed
2026-09-04 01:11:41,940 | INFO | [1420/1901] Fetching Proddatur (PROD)
2026-09-04 01:11:42,965 | INFO | [1421/1901] Fetching Pudukkottai (PUDH)
2026-09-04 01:11:43,088 | INFO |    ↳ Status 403
2026-09-04 01:11:43,088 | WARNING |    ⚠ Blocked (403) retry 1
2026-09-04 01:11:43,182 | INFO | 🌐 Session warmed
2026-09-04 01:11:43,691 | INFO | [1422/1901] Fetching Pulgaon (PUON)
2026-09-04 01:11:43,873 | INFO |    ↳ Status 403
2026-09-04 01:11:43,873 | WARNING |    ⚠ Blocked (403) retry 1
2026-09-04 01:11:43,977 | INFO | 🌐 Session warmed
2026-09-04 01:11:44,315 | INFO | [1423/1901] Fetching Puliampatti (PAPT)
2026-09-04 01:11:44,990 | INFO |    ↳ Status 403
2026-09-04 01:11:44,990 | WARNING |    ⚠ Blocked (403) retry 1
2026-09-04 01:11:45,101 | INFO | 🌐 Session warmed
2026-09-04 01:11:45,452 | INFO |    ↳ Status 403
2026-09-04 01:11:45,452 | WARNING |    ⚠ Blocked (403) retry 2
2026-09-04 01:11:45,452 | INFO |    ↳ Status 403
2026-09-04 01:11:45,452 | WARNING |    ⚠ Blocked (403) retry 1
2026-09-04 01:11:45,562 | INFO | 🌐 Session warmed
2026-09-04 01:11:45,574 | INFO | 🌐 Session warmed
2026-09-04 01:11:45,602 | INFO |    ↳ Status 403
2026-09-04 01:11:45,603 | WARNING |    ⚠ Blocked (403) retry 2
2026-09-04 01:11:45,702 | INFO | 🌐 Session warmed
2026-09-04 01:11:47,117 | INFO |    ↳ Status 403
2026-09-04 01:11:47,117 | WARNING |    ⚠ Blocked (403) retry 2
2026-09-04 01:11:47,222 | INFO | 🌐 Session warmed
2026-09-04 01:11:47,475 | INFO |    ↳ Status 403
2026-09-04 01:11:47,475 | WARNING |    ⚠ Blocked (403) retry 2
2026-09-04 01:11:47,577 | INFO | 🌐 Session warmed
2026-09-04 01:11:48,217 | INFO |    ↳ Status 403
2026-09-04 01:11:48,217 | WARNING |    ⚠ Blocked (403) retry 3
2026-09-04 01:11:48,307 | INFO | 🌐 Session warmed
2026-09-04 01:11:48,387 | INFO |    ↳ Status 403
2026-09-04 01:11:48,387 | WARNING |    ⚠ Blocked (403) retry 3
2026-09-04 01:11:48,485 | INFO | 🌐 Session warmed
2026-09-04 01:11:50,479 | INFO |    ↳ Status 403
2026-09-04 01:11:50,479 | WARNING |    ⚠ Blocked (403) retry 3
2026-09-04 01:11:50,523 | INFO |    ↳ Status 403
2026-09-04 01:11:50,524 | WARNING |    ⚠ Blocked (403) retry 3
2026-09-04 01:11:50,581 | INFO | 🌐 Session warmed
2026-09-04 01:11:50,627 | INFO | 🌐 Session warmed
2026-09-04 01:11:52,307 | INFO | [1424/1901] Fetching Pulivendula (PLVN)
2026-09-04 01:11:52,486 | INFO | [1425/1901] Fetching Puliyangudi (PULI)
2026-09-04 01:11:53,090 | INFO |    ↳ Status 403
2026-09-04 01:11:53,090 | WARNING |    ⚠ Blocked (403) retry 1
2026-09-04 01:11:53,184 | INFO | 🌐 Session warmed
2026-09-04 01:11:53,352 | INFO |    ↳ Status 403
2026-09-04 01:11:53,352 | WARNING |    ⚠ Blocked (403) retry 1
2026-09-04 01:11:53,444 | INFO | 🌐 Session warmed
2026-09-04 01:11:54,581 | INFO | [1426/1901] Fetching Pulluvila (PULA)
2026-09-04 01:11:54,628 | INFO | [1427/1901] Fetching Pulpally (PULP)
2026-09-04 01:11:55,113 | INFO |    ↳ Status 403
2026-09-04 01:11:55,113 | WARNING |    ⚠ Blocked (403) retry 2
2026-09-04 01:11:55,203 | INFO | 🌐 Session warmed
2026-09-04 01:11:55,530 | INFO |    ↳ Status 403
2026-09-04 01:11:55,530 | WARNING |    ⚠ Blocked (403) retry 2
2026-09-04 01:11:55,581 | INFO |    ↳ Status 403
2026-09-04 01:11:55,581 | WARNING |    ⚠ Blocked (403) retry 1
2026-09-04 01:11:55,632 | INFO | 🌐 Session warmed
2026-09-04 01:11:55,681 | INFO | 🌐 Session warmed
2026-09-04 01:11:55,952 | INFO |    ↳ Status 403
2026-09-04 01:11:55,952 | WARNING |    ⚠ Blocked (403) retry 1
2026-09-04 01:11:56,039 | INFO | 🌐 Session warmed
2026-09-04 01:11:58,065 | INFO |    ↳ Status 403
2026-09-04 01:11:58,065 | WARNING |    ⚠ Blocked (403) retry 2
2026-09-04 01:11:58,168 | INFO | 🌐 Session warmed
2026-09-04 01:11:58,240 | INFO |    ↳ Status 403
2026-09-04 01:11:58,240 | WARNING |    ⚠ Blocked (403) retry 3
2026-09-04 01:11:58,288 | INFO |    ↳ Status 403
2026-09-04 01:11:58,288 | WARNING |    ⚠ Blocked (403) retry 2
2026-09-04 01:11:58,361 | INFO | 🌐 Session warmed
2026-09-04 01:11:58,390 | INFO | 🌐 Session warmed
2026-09-04 01:11:59,010 | INFO |    ↳ Status 403
2026-09-04 01:11:59,011 | WARNING |    ⚠ Blocked (403) retry 3
2026-09-04 01:11:59,101 | INFO | 🌐 Session warmed
2026-09-04 01:12:00,832 | INFO |    ↳ Status 403
2026-09-04 01:12:00,832 | WARNING |    ⚠ Blocked (403) retry 3
2026-09-04 01:12:00,936 | INFO | 🌐 Session warmed
2026-09-04 01:12:01,705 | INFO |    ↳ Status 403
2026-09-04 01:12:01,705 | WARNING |    ⚠ Blocked (403) retry 3
2026-09-04 01:12:01,811 | INFO | 🌐 Session warmed
2026-09-04 01:12:02,361 | INFO | [1428/1901] Fetching Pulwama (PULW)
2026-09-04 01:12:03,101 | INFO | [1429/1901] Fetching Punalur (PUNA)
2026-09-04 01:12:03,662 | INFO |    ↳ Status 403
2026-09-04 01:12:03,662 | WARNING |    ⚠ Blocked (403) retry 1
2026-09-04 01:12:03,757 | INFO | 🌐 Session warmed
2026-09-04 01:12:04,458 | INFO |    ↳ Status 403
2026-09-04 01:12:04,458 | WARNING |    ⚠ Blocked (403) retry 1
2026-09-04 01:12:04,564 | INFO | 🌐 Session warmed
2026-09-04 01:12:04,936 | INFO | [1430/1901] Fetching Punganur (PGNR)
2026-09-04 01:12:05,670 | INFO |    ↳ Status 403
2026-09-04 01:12:05,670 | WARNING |    ⚠ Blocked (403) retry 2
2026-09-04 01:12:05,771 | INFO | 🌐 Session warmed
2026-09-04 01:12:05,811 | INFO | [1431/1901] Fetching Puranpur (PAPN)
2026-09-04 01:12:06,002 | INFO |    ↳ Status 403
2026-09-04 01:12:06,002 | WARNING |    ⚠ Blocked (403) retry 1
2026-09-04 01:12:06,105 | INFO | 🌐 Session warmed
2026-09-04 01:12:06,648 | INFO |    ↳ Status 403
2026-09-04 01:12:06,648 | WARNING |    ⚠ Blocked (403) retry 2
2026-09-04 01:12:06,739 | INFO | 🌐 Session warmed
2026-09-04 01:12:06,805 | INFO |    ↳ Status 403
2026-09-04 01:12:06,805 | WARNING |    ⚠ Blocked (403) retry 1
2026-09-04 01:12:06,905 | INFO | 🌐 Session warmed
2026-09-04 01:12:07,980 | INFO |    ↳ Status 403
2026-09-04 01:12:07,980 | WARNING |    ⚠ Blocked (403) retry 2
2026-09-04 01:12:08,071 | INFO | 🌐 Session warmed
2026-09-04 01:12:09,082 | INFO |    ↳ Status 403
2026-09-04 01:12:09,082 | WARNING |    ⚠ Blocked (403) retry 2
2026-09-04 01:12:09,097 | INFO |    ↳ Status 403
2026-09-04 01:12:09,097 | WARNING |    ⚠ Blocked (403) retry 3
2026-09-04 01:12:09,186 | INFO | 🌐 Session warmed
2026-09-04 01:12:09,216 | INFO | 🌐 Session warmed
2026-09-04 01:12:09,494 | INFO |    ↳ Status 403
2026-09-04 01:12:09,494 | WARNING |    ⚠ Blocked (403) retry 3
2026-09-04 01:12:09,583 | INFO | 🌐 Session warmed
2026-09-04 01:12:10,748 | INFO |    ↳ Status 403
2026-09-04 01:12:10,749 | WARNING |    ⚠ Blocked (403) retry 3
2026-09-04 01:12:10,839 | INFO | 🌐 Session warmed
2026-09-04 01:12:12,085 | INFO |    ↳ Status 403
2026-09-04 01:12:12,085 | WARNING |    ⚠ Blocked (403) retry 3
2026-09-04 01:12:12,175 | INFO | 🌐 Session warmed
2026-09-04 01:12:13,217 | INFO | [1432/1901] Fetching Puri (PURI)
2026-09-04 01:12:13,584 | INFO | [1433/1901] Fetching Purnea (PURN)
2026-09-04 01:12:13,849 | INFO |    ↳ Status 403
2026-09-04 01:12:13,849 | WARNING |    ⚠ Blocked (403) retry 1
2026-09-04 01:12:13,951 | INFO | 🌐 Session warmed
2026-09-04 01:12:14,737 | INFO |    ↳ Status 403
2026-09-04 01:12:14,737 | WARNING |    ⚠ Blocked (403) retry 1
2026-09-04 01:12:14,828 | INFO | 🌐 Session warmed
2026-09-04 01:12:14,840 | INFO | [1434/1901] Fetching Purulia (PURU)
2026-09-04 01:12:15,650 | INFO |    ↳ Status 403
2026-09-04 01:12:15,650 | WARNING |    ⚠ Blocked (403) retry 2
2026-09-04 01:12:15,741 | INFO | 🌐 Session warmed
2026-09-04 01:12:16,094 | INFO |    ↳ Status 403
2026-09-04 01:12:16,094 | WARNING |    ⚠ Blocked (403) retry 1
2026-09-04 01:12:16,175 | INFO | [1435/1901] Fetching Pusad (PUSD)
2026-09-04 01:12:16,200 | INFO | 🌐 Session warmed
2026-09-04 01:12:17,111 | INFO |    ↳ Status 403
2026-09-04 01:12:17,111 | WARNING |    ⚠ Blocked (403) retry 2
2026-09-04 01:12:17,232 | INFO | 🌐 Session warmed
2026-09-04 01:12:17,479 | INFO |    ↳ Status 403
2026-09-04 01:12:17,479 | WARNING |    ⚠ Blocked (403) retry 1
2026-09-04 01:12:17,578 | INFO | 🌐 Session warmed
2026-09-04 01:12:18,083 | INFO |    ↳ Status 403
2026-09-04 01:12:18,083 | WARNING |    ⚠ Blocked (403) retry 2
2026-09-04 01:12:18,178 | INFO | 🌐 Session warmed
2026-09-04 01:12:19,109 | INFO |    ↳ Status 403
2026-09-04 01:12:19,109 | WARNING |    ⚠ Blocked (403) retry 3
2026-09-04 01:12:19,207 | INFO | 🌐 Session warmed
2026-09-04 01:12:19,477 | INFO |    ↳ Status 403
2026-09-04 01:12:19,477 | WARNING |    ⚠ Blocked (403) retry 2
2026-09-04 01:12:19,607 | INFO | 🌐 Session warmed
2026-09-04 01:12:19,922 | INFO |    ↳ Status 403
2026-09-04 01:12:19,922 | WARNING |    ⚠ Blocked (403) retry 3
2026-09-04 01:12:20,035 | INFO | 🌐 Session warmed
2026-09-04 01:12:20,850 | INFO |    ↳ Status 403
2026-09-04 01:12:20,850 | WARNING |    ⚠ Blocked (403) retry 3
2026-09-04 01:12:20,961 | INFO | 🌐 Session warmed
2026-09-04 01:12:22,287 | INFO |    ↳ Status 403
2026-09-04 01:12:22,287 | WARNING |    ⚠ Blocked (403) retry 3
2026-09-04 01:12:22,422 | INFO | 🌐 Session warmed
2026-09-04 01:12:23,208 | INFO | [1436/1901] Fetching Pusapatirega (PREG)
2026-09-04 01:12:24,036 | INFO | [1437/1901] Fetching Pushkar (PUSH)
2026-09-04 01:12:24,628 | INFO |    ↳ Status 403
2026-09-04 01:12:24,629 | WARNING |    ⚠ Blocked (403) retry 1
2026-09-04 01:12:24,742 | INFO | 🌐 Session warmed
2026-09-04 01:12:24,867 | INFO |    ↳ Status 403
2026-09-04 01:12:24,867 | WARNING |    ⚠ Blocked (403) retry 1
2026-09-04 01:12:24,961 | INFO | [1438/1901] Fetching Puthenvelikara (PUTH)
2026-09-04 01:12:24,971 | INFO | 🌐 Session warmed
2026-09-04 01:12:25,838 | INFO |    ↳ Status 403
2026-09-04 01:12:25,838 | WARNING |    ⚠ Blocked (403) retry 1
2026-09-04 01:12:25,940 | INFO | 🌐 Session warmed
2026-09-04 01:12:26,423 | INFO | [1439/1901] Fetching Puthenvelikkara (PUTD)
2026-09-04 01:12:26,474 | INFO |    ↳ Status 403
2026-09-04 01:12:26,474 | WARNING |    ⚠ Blocked (403) retry 2
2026-09-04 01:12:26,576 | INFO | 🌐 Session warmed
2026-09-04 01:12:26,701 | INFO |    ↳ Status 403
2026-09-04 01:12:26,701 | WARNING |    ⚠ Blocked (403) retry 2
2026-09-04 01:12:26,805 | INFO | 🌐 Session warmed
2026-09-04 01:12:27,333 | INFO |    ↳ Status 403
2026-09-04 01:12:27,333 | WARNING |    ⚠ Blocked (403) retry 1
2026-09-04 01:12:27,445 | INFO | 🌐 Session warmed
2026-09-04 01:12:27,864 | INFO |    ↳ Status 403
2026-09-04 01:12:27,864 | WARNING |    ⚠ Blocked (403) retry 2
2026-09-04 01:12:27,965 | INFO | 🌐 Session warmed
2026-09-04 01:12:29,107 | INFO |    ↳ Status 403
2026-09-04 01:12:29,107 | WARNING |    ⚠ Blocked (403) retry 2
2026-09-04 01:12:29,197 | INFO | 🌐 Session warmed
2026-09-04 01:12:29,617 | INFO |    ↳ Status 403
2026-09-04 01:12:29,617 | WARNING |    ⚠ Blocked (403) retry 3
2026-09-04 01:12:29,710 | INFO | 🌐 Session warmed
2026-09-04 01:12:29,830 | INFO |    ↳ Status 403
2026-09-04 01:12:29,830 | WARNING |    ⚠ Blocked (403) retry 3
2026-09-04 01:12:29,938 | INFO | 🌐 Session warmed
2026-09-04 01:12:31,357 | INFO |    ↳ Status 403
2026-09-04 01:12:31,358 | WARNING |    ⚠ Blocked (403) retry 3
2026-09-04 01:12:31,460 | INFO | 🌐 Session warmed
2026-09-04 01:12:32,032 | INFO |    ↳ Status 403
2026-09-04 01:12:32,032 | WARNING |    ⚠ Blocked (403) retry 3
2026-09-04 01:12:32,119 | INFO | 🌐 Session warmed
2026-09-04 01:12:33,710 | INFO | [1440/1901] Fetching Puthoor (PUTR)
2026-09-04 01:12:33,939 | INFO | [1441/1901] Fetching Puttur (Andhra Pradesh) (PUTT)
2026-09-04 01:12:34,521 | INFO |    ↳ Status 403
2026-09-04 01:12:34,521 | WARNING |    ⚠ Blocked (403) retry 1
2026-09-04 01:12:34,608 | INFO | 🌐 Session warmed
2026-09-04 01:12:34,918 | INFO |    ↳ Status 403
2026-09-04 01:12:34,918 | WARNING |    ⚠ Blocked (403) retry 1
2026-09-04 01:12:35,039 | INFO | 🌐 Session warmed
2026-09-04 01:12:35,460 | INFO | [1442/1901] Fetching Puttur (Karnataka) (PTTU)
2026-09-04 01:12:36,120 | INFO | [1443/1901] Fetching Rabkavi Banhatti (RBKH)
2026-09-04 01:12:36,484 | INFO |    ↳ Status 403
2026-09-04 01:12:36,485 | WARNING |    ⚠ Blocked (403) retry 2
2026-09-04 01:12:36,575 | INFO | 🌐 Session warmed
2026-09-04 01:12:36,872 | INFO |    ↳ Status 403
2026-09-04 01:12:36,872 | WARNING |    ⚠ Blocked (403) retry 1
2026-09-04 01:12:36,981 | INFO | 🌐 Session warmed
2026-09-04 01:12:37,025 | INFO |    ↳ Status 403
2026-09-04 01:12:37,025 | WARNING |    ⚠ Blocked (403) retry 2
2026-09-04 01:12:37,054 | INFO |    ↳ Status 403
2026-09-04 01:12:37,054 | WARNING |    ⚠ Blocked (403) retry 1
2026-09-04 01:12:37,122 | INFO | 🌐 Session warmed
2026-09-04 01:12:37,168 | INFO | 🌐 Session warmed
2026-09-04 01:12:39,003 | INFO |    ↳ Status 403
2026-09-04 01:12:39,004 | WARNING |    ⚠ Blocked (403) retry 2
2026-09-04 01:12:39,102 | INFO | 🌐 Session warmed
2026-09-04 01:12:39,547 | INFO |    ↳ Status 403
2026-09-04 01:12:39,547 | WARNING |    ⚠ Blocked (403) retry 2
2026-09-04 01:12:39,640 | INFO | 🌐 Session warmed
2026-09-04 01:12:39,996 | INFO |    ↳ Status 403
2026-09-04 01:12:39,996 | WARNING |    ⚠ Blocked (403) retry 3
2026-09-04 01:12:40,090 | INFO | 🌐 Session warmed
2026-09-04 01:12:40,467 | INFO |    ↳ Status 403
2026-09-04 01:12:40,468 | WARNING |    ⚠ Blocked (403) retry 3
2026-09-04 01:12:40,554 | INFO | 🌐 Session warmed
2026-09-04 01:12:42,313 | INFO |    ↳ Status 403
2026-09-04 01:12:42,313 | WARNING |    ⚠ Blocked (403) retry 3
2026-09-04 01:12:42,400 | INFO | 🌐 Session warmed
2026-09-04 01:12:42,638 | INFO |    ↳ Status 403
2026-09-04 01:12:42,638 | WARNING |    ⚠ Blocked (403) retry 3
2026-09-04 01:12:42,730 | INFO | 🌐 Session warmed
2026-09-04 01:12:44,090 | INFO | [1444/1901] Fetching Radhamoni (RDHM)
2026-09-04 01:12:44,555 | INFO | [1445/1901] Fetching Raebareli (RAEB)
2026-09-04 01:12:45,490 | INFO |    ↳ Status 403
2026-09-04 01:12:45,490 | WARNING |    ⚠ Blocked (403) retry 1
2026-09-04 01:12:45,493 | INFO |    ↳ Status 403
2026-09-04 01:12:45,493 | WARNING |    ⚠ Blocked (403) retry 1
2026-09-04 01:12:45,593 | INFO | 🌐 Session warmed
2026-09-04 01:12:45,604 | INFO | 🌐 Session warmed
2026-09-04 01:12:46,400 | INFO | [1446/1901] Fetching Raghopur (RAHO)
2026-09-04 01:12:46,730 | INFO | [1447/1901] Fetching Raghunathganj (RAGH)
2026-09-04 01:12:47,325 | INFO |    ↳ Status 403
2026-09-04 01:12:47,325 | WARNING |    ⚠ Blocked (403) retry 2
2026-09-04 01:12:47,369 | INFO |    ↳ Status 403
2026-09-04 01:12:47,369 | WARNING |    ⚠ Blocked (403) retry 1
2026-09-04 01:12:47,431 | INFO | 🌐 Session warmed
2026-09-04 01:12:47,467 | INFO | 🌐 Session warmed
2026-09-04 01:12:47,724 | INFO |    ↳ Status 403
2026-09-04 01:12:47,724 | WARNING |    ⚠ Blocked (403) retry 1
2026-09-04 01:12:47,737 | INFO |    ↳ Status 403
2026-09-04 01:12:47,738 | WARNING |    ⚠ Blocked (403) retry 2
2026-09-04 01:12:47,832 | INFO | 🌐 Session warmed
2026-09-04 01:12:47,842 | INFO | 🌐 Session warmed
2026-09-04 01:12:49,188 | INFO |    ↳ Status 403
2026-09-04 01:12:49,188 | WARNING |    ⚠ Blocked (403) retry 2
2026-09-04 01:12:49,312 | INFO | 🌐 Session warmed
2026-09-04 01:12:49,916 | INFO |    ↳ Status 403
2026-09-04 01:12:49,917 | WARNING |    ⚠ Blocked (403) retry 2
2026-09-04 01:12:50,013 | INFO | 🌐 Session warmed
2026-09-04 01:12:50,686 | INFO |    ↳ Status 403
2026-09-04 01:12:50,686 | WARNING |    ⚠ Blocked (403) retry 3
2026-09-04 01:12:50,786 | INFO | 🌐 Session warmed
2026-09-04 01:12:50,826 | INFO |    ↳ Status 403
2026-09-04 01:12:50,826 | WARNING |    ⚠ Blocked (403) retry 3
2026-09-04 01:12:50,915 | INFO | 🌐 Session warmed
2026-09-04 01:12:52,710 | INFO |    ↳ Status 403
2026-09-04 01:12:52,710 | WARNING |    ⚠ Blocked (403) retry 3
2026-09-04 01:12:52,798 | INFO | 🌐 Session warmed
2026-09-04 01:12:52,829 | INFO |    ↳ Status 403
2026-09-04 01:12:52,829 | WARNING |    ⚠ Blocked (403) retry 3
2026-09-04 01:12:52,955 | INFO | 🌐 Session warmed
2026-09-04 01:12:54,786 | INFO | [1448/1901] Fetching Rahata (RAHA)
2026-09-04 01:12:54,915 | INFO | [1449/1901] Fetching Rahimatpur (RAHI)
2026-09-04 01:12:55,672 | INFO |    ↳ Status 403
2026-09-04 01:12:55,672 | WARNING |    ⚠ Blocked (403) retry 1
2026-09-04 01:12:55,779 | INFO | 🌐 Session warmed
2026-09-04 01:12:55,920 | INFO |    ↳ Status 403
2026-09-04 01:12:55,920 | WARNING |    ⚠ Blocked (403) retry 1
2026-09-04 01:12:56,011 | INFO | 🌐 Session warmed
2026-09-04 01:12:56,799 | INFO | [1450/1901] Fetching Rahuri (RAHU)
2026-09-04 01:12:56,955 | INFO | [1451/1901] Fetching Raibag (RAIB)
2026-09-04 01:12:57,503 | INFO |    ↳ Status 403
2026-09-04 01:12:57,503 | WARNING |    ⚠ Blocked (403) retry 1
2026-09-04 01:12:57,583 | INFO |    ↳ Status 403
2026-09-04 01:12:57,583 | WARNING |    ⚠ Blocked (403) retry 2
2026-09-04 01:12:57,600 | INFO | 🌐 Session warmed
2026-09-04 01:12:57,691 | INFO | 🌐 Session warmed
2026-09-04 01:12:57,850 | INFO |    ↳ Status 403
2026-09-04 01:12:57,850 | WARNING |    ⚠ Blocked (403) retry 2
2026-09-04 01:12:57,937 | INFO | 🌐 Session warmed
2026-09-04 01:12:57,956 | INFO |    ↳ Status 403
2026-09-04 01:12:57,956 | WARNING |    ⚠ Blocked (403) retry 1
2026-09-04 01:12:58,069 | INFO | 🌐 Session warmed
2026-09-04 01:12:59,550 | INFO |    ↳ Status 403
2026-09-04 01:12:59,550 | WARNING |    ⚠ Blocked (403) retry 2
2026-09-04 01:12:59,666 | INFO | 🌐 Session warmed
2026-09-04 01:13:00,154 | INFO |    ↳ Status 403
2026-09-04 01:13:00,154 | WARNING |    ⚠ Blocked (403) retry 2
2026-09-04 01:13:00,254 | INFO | 🌐 Session warmed
2026-09-04 01:13:00,651 | INFO |    ↳ Status 403
2026-09-04 01:13:00,652 | WARNING |    ⚠ Blocked (403) retry 3
2026-09-04 01:13:00,758 | INFO | 🌐 Session warmed
2026-09-04 01:13:00,817 | INFO |    ↳ Status 403
2026-09-04 01:13:00,817 | WARNING |    ⚠ Blocked (403) retry 3
2026-09-04 01:13:00,903 | INFO | 🌐 Session warmed
2026-09-04 01:13:02,801 | INFO |    ↳ Status 403
2026-09-04 01:13:02,801 | WARNING |    ⚠ Blocked (403) retry 3
2026-09-04 01:13:02,913 | INFO | 🌐 Session warmed
2026-09-04 01:13:03,485 | INFO |    ↳ Status 403
2026-09-04 01:13:03,485 | WARNING |    ⚠ Blocked (403) retry 3
2026-09-04 01:13:03,578 | INFO | 🌐 Session warmed
2026-09-04 01:13:04,759 | INFO | [1452/1901] Fetching Raichur (RAUR)
2026-09-04 01:13:04,903 | INFO | [1453/1901] Fetching Raigad (RAI)
2026-09-04 01:13:05,657 | INFO |    ↳ Status 403
2026-09-04 01:13:05,657 | WARNING |    ⚠ Blocked (403) retry 1
2026-09-04 01:13:05,760 | INFO | 🌐 Session warmed
2026-09-04 01:13:06,169 | INFO |    ↳ Status 403
2026-09-04 01:13:06,169 | WARNING |    ⚠ Blocked (403) retry 1
2026-09-04 01:13:06,279 | INFO | 🌐 Session warmed
2026-09-04 01:13:06,914 | INFO | [1454/1901] Fetching Raiganj (RAIJ)
2026-09-04 01:13:07,578 | INFO | [1455/1901] Fetching Raigarh (RAIG)
2026-09-04 01:13:07,740 | INFO |    ↳ Status 403
2026-09-04 01:13:07,740 | WARNING |    ⚠ Blocked (403) retry 1
2026-09-04 01:13:07,846 | INFO | 🌐 Session warmed
2026-09-04 01:13:08,125 | INFO |    ↳ Status 403
2026-09-04 01:13:08,125 | WARNING |    ⚠ Blocked (403) retry 2
2026-09-04 01:13:08,221 | INFO | 🌐 Session warmed
2026-09-04 01:13:08,454 | INFO |    ↳ Status 403
2026-09-04 01:13:08,454 | WARNING |    ⚠ Blocked (403) retry 2
2026-09-04 01:13:08,554 | INFO | 🌐 Session warmed
2026-09-04 01:13:08,566 | INFO |    ↳ Status 403
2026-09-04 01:13:08,566 | WARNING |    ⚠ Blocked (403) retry 1
2026-09-04 01:13:08,671 | INFO | 🌐 Session warmed
2026-09-04 01:13:10,132 | INFO |    ↳ Status 403
2026-09-04 01:13:10,132 | WARNING |    ⚠ Blocked (403) retry 2
2026-09-04 01:13:10,221 | INFO | 🌐 Session warmed
2026-09-04 01:13:10,898 | INFO |    ↳ Status 403
2026-09-04 01:13:10,898 | WARNING |    ⚠ Blocked (403) retry 2
2026-09-04 01:13:10,991 | INFO | 🌐 Session warmed
2026-09-04 01:13:11,398 | INFO |    ↳ Status 403
2026-09-04 01:13:11,398 | WARNING |    ⚠ Blocked (403) retry 3
2026-09-04 01:13:11,406 | INFO |    ↳ Status 403
2026-09-04 01:13:11,406 | WARNING |    ⚠ Blocked (403) retry 3
2026-09-04 01:13:11,511 | INFO | 🌐 Session warmed
2026-09-04 01:13:11,519 | INFO | 🌐 Session warmed
2026-09-04 01:13:13,260 | INFO |    ↳ Status 403
2026-09-04 01:13:13,260 | WARNING |    ⚠ Blocked (403) retry 3
2026-09-04 01:13:13,371 | INFO | 🌐 Session warmed
2026-09-04 01:13:14,364 | INFO |    ↳ Status 403
2026-09-04 01:13:14,364 | WARNING |    ⚠ Blocked (403) retry 3
2026-09-04 01:13:14,454 | INFO | 🌐 Session warmed
2026-09-04 01:13:15,511 | INFO | [1456/1901] Fetching Raikal (RYKL)
2026-09-04 01:13:15,519 | INFO | [1457/1901] Fetching Raikot (RKOT)
2026-09-04 01:13:16,201 | INFO |    ↳ Status 403
2026-09-04 01:13:16,201 | WARNING |    ⚠ Blocked (403) retry 1
2026-09-04 01:13:16,291 | INFO | 🌐 Session warmed
2026-09-04 01:13:16,850 | INFO |    ↳ Status 403
2026-09-04 01:13:16,851 | WARNING |    ⚠ Blocked (403) retry 1
2026-09-04 01:13:16,940 | INFO | 🌐 Session warmed
2026-09-04 01:13:17,372 | INFO | [1458/1901] Fetching Railway Koduru (RLKD)
2026-09-04 01:13:18,305 | INFO |    ↳ Status 403
2026-09-04 01:13:18,305 | WARNING |    ⚠ Blocked (403) retry 1
2026-09-04 01:13:18,405 | INFO | 🌐 Session warmed
2026-09-04 01:13:18,454 | INFO | [1459/1901] Fetching Raipur (RAIPUR)
2026-09-04 01:13:18,475 | INFO |    ↳ Status 403
2026-09-04 01:13:18,475 | WARNING |    ⚠ Blocked (403) retry 2
2026-09-04 01:13:18,576 | INFO | 🌐 Session warmed
2026-09-04 01:13:19,351 | INFO |    ↳ Status 403
2026-09-04 01:13:19,352 | WARNING |    ⚠ Blocked (403) retry 2
2026-09-04 01:13:19,454 | INFO | 🌐 Session warmed
2026-09-04 01:13:19,487 | INFO |    ↳ Status 403
2026-09-04 01:13:19,487 | WARNING |    ⚠ Blocked (403) retry 1
2026-09-04 01:13:19,599 | INFO | 🌐 Session warmed
2026-09-04 01:13:20,561 | INFO |    ↳ Status 403
2026-09-04 01:13:20,561 | WARNING |    ⚠ Blocked (403) retry 2
2026-09-04 01:13:20,655 | INFO | 🌐 Session warmed
2026-09-04 01:13:21,256 | INFO |    ↳ Status 403
2026-09-04 01:13:21,256 | WARNING |    ⚠ Blocked (403) retry 2
2026-09-04 01:13:21,362 | INFO | 🌐 Session warmed
2026-09-04 01:13:21,468 | INFO |    ↳ Status 403
2026-09-04 01:13:21,468 | WARNING |    ⚠ Blocked (403) retry 3
2026-09-04 01:13:21,566 | INFO | 🌐 Session warmed
2026-09-04 01:13:22,269 | INFO |    ↳ Status 403
2026-09-04 01:13:22,269 | WARNING |    ⚠ Blocked (403) retry 3
2026-09-04 01:13:22,380 | INFO | 🌐 Session warmed
2026-09-04 01:13:23,603 | INFO |    ↳ Status 403
2026-09-04 01:13:23,603 | WARNING |    ⚠ Blocked (403) retry 3
2026-09-04 01:13:23,735 | INFO | 🌐 Session warmed
2026-09-04 01:13:24,563 | INFO |    ↳ Status 403
2026-09-04 01:13:24,563 | WARNING |    ⚠ Blocked (403) retry 3
2026-09-04 01:13:24,677 | INFO | 🌐 Session warmed
2026-09-04 01:13:25,566 | INFO | [1460/1901] Fetching Raipuriya (YAYA)
2026-09-04 01:13:26,287 | INFO |    ↳ Status 403
2026-09-04 01:13:26,287 | WARNING |    ⚠ Blocked (403) retry 1
2026-09-04 01:13:26,377 | INFO | 🌐 Session warmed
2026-09-04 01:13:26,381 | INFO | [1461/1901] Fetching Raisinghnagar (RSNG)
2026-09-04 01:13:27,478 | INFO |    ↳ Status 403
2026-09-04 01:13:27,478 | WARNING |    ⚠ Blocked (403) retry 1
2026-09-04 01:13:27,581 | INFO | 🌐 Session warmed
2026-09-04 01:13:27,735 | INFO | [1462/1901] Fetching Raja Ka Bagh (RJKB)
2026-09-04 01:13:28,437 | INFO |    ↳ Status 403
2026-09-04 01:13:28,437 | WARNING |    ⚠ Blocked (403) retry 2
2026-09-04 01:13:28,542 | INFO | 🌐 Session warmed
2026-09-04 01:13:28,549 | INFO |    ↳ Status 403
2026-09-04 01:13:28,549 | WARNING |    ⚠ Blocked (403) retry 1
2026-09-04 01:13:28,652 | INFO | 🌐 Session warmed
2026-09-04 01:13:28,678 | INFO | [1463/1901] Fetching Rajakumari (RAAJ)
2026-09-04 01:13:29,460 | INFO |    ↳ Status 403
2026-09-04 01:13:29,460 | WARNING |    ⚠ Blocked (403) retry 2
2026-09-04 01:13:29,554 | INFO | 🌐 Session warmed
2026-09-04 01:13:29,859 | INFO |    ↳ Status 403
2026-09-04 01:13:29,859 | WARNING |    ⚠ Blocked (403) retry 1
2026-09-04 01:13:29,949 | INFO | 🌐 Session warmed
2026-09-04 01:13:30,897 | INFO |    ↳ Status 403
2026-09-04 01:13:30,897 | WARNING |    ⚠ Blocked (403) retry 2
2026-09-04 01:13:30,993 | INFO | 🌐 Session warmed
2026-09-04 01:13:31,786 | INFO |    ↳ Status 403
2026-09-04 01:13:31,786 | WARNING |    ⚠ Blocked (403) retry 3
2026-09-04 01:13:31,891 | INFO | 🌐 Session warmed
2026-09-04 01:13:32,369 | INFO |    ↳ Status 403
2026-09-04 01:13:32,369 | WARNING |    ⚠ Blocked (403) retry 2
2026-09-04 01:13:32,485 | INFO | 🌐 Session warmed
2026-09-04 01:13:32,599 | INFO |    ↳ Status 403
2026-09-04 01:13:32,599 | WARNING |    ⚠ Blocked (403) retry 3
2026-09-04 01:13:32,721 | INFO | 🌐 Session warmed
2026-09-04 01:13:33,964 | INFO |    ↳ Status 403
2026-09-04 01:13:33,964 | WARNING |    ⚠ Blocked (403) retry 3
2026-09-04 01:13:34,054 | INFO | 🌐 Session warmed
2026-09-04 01:13:35,286 | INFO |    ↳ Status 403
2026-09-04 01:13:35,286 | WARNING |    ⚠ Blocked (403) retry 3
2026-09-04 01:13:35,375 | INFO | 🌐 Session warmed
2026-09-04 01:13:35,891 | INFO | [1464/1901] Fetching Rajam (RJAM)
2026-09-04 01:13:36,567 | INFO |    ↳ Status 403
2026-09-04 01:13:36,567 | WARNING |    ⚠ Blocked (403) retry 1
2026-09-04 01:13:36,659 | INFO | 🌐 Session warmed
2026-09-04 01:13:36,721 | INFO | [1465/1901] Fetching Rajamahendravaram (Rajahmundry) (RJMU)
2026-09-04 01:13:38,038 | INFO |    ↳ Status 403
2026-09-04 01:13:38,039 | WARNING |    ⚠ Blocked (403) retry 1
2026-09-04 01:13:38,054 | INFO | [1466/1901] Fetching Rajapalayam (RAYM)
2026-09-04 01:13:38,127 | INFO | 🌐 Session warmed
2026-09-04 01:13:38,991 | INFO |    ↳ Status 403
2026-09-04 01:13:38,991 | WARNING |    ⚠ Blocked (403) retry 2
2026-09-04 01:13:39,081 | INFO | 🌐 Session warmed
2026-09-04 01:13:39,242 | INFO |    ↳ Status 403
2026-09-04 01:13:39,242 | WARNING |    ⚠ Blocked (403) retry 1
2026-09-04 01:13:39,334 | INFO | 🌐 Session warmed
2026-09-04 01:13:39,376 | INFO | [1467/1901] Fetching Rajapur (RJPR)
2026-09-04 01:13:40,164 | INFO |    ↳ Status 403
2026-09-04 01:13:40,164 | WARNING |    ⚠ Blocked (403) retry 2
2026-09-04 01:13:40,292 | INFO | 🌐 Session warmed
2026-09-04 01:13:40,599 | INFO |    ↳ Status 403
2026-09-04 01:13:40,599 | WARNING |    ⚠ Blocked (403) retry 1
2026-09-04 01:13:40,691 | INFO | 🌐 Session warmed
2026-09-04 01:13:41,673 | INFO |    ↳ Status 403
2026-09-04 01:13:41,674 | WARNING |    ⚠ Blocked (403) retry 2
2026-09-04 01:13:41,764 | INFO | 🌐 Session warmed
2026-09-04 01:13:41,775 | INFO |    ↳ Status 403
2026-09-04 01:13:41,775 | WARNING |    ⚠ Blocked (403) retry 3
2026-09-04 01:13:41,865 | INFO | 🌐 Session warmed
2026-09-04 01:13:43,089 | INFO |    ↳ Status 403
2026-09-04 01:13:43,089 | WARNING |    ⚠ Blocked (403) retry 2
2026-09-04 01:13:43,190 | INFO | 🌐 Session warmed
2026-09-04 01:13:43,701 | INFO |    ↳ Status 403
2026-09-04 01:13:43,701 | WARNING |    ⚠ Blocked (403) retry 3
2026-09-04 01:13:43,802 | INFO | 🌐 Session warmed
2026-09-04 01:13:44,705 | INFO |    ↳ Status 403
2026-09-04 01:13:44,705 | WARNING |    ⚠ Blocked (403) retry 3
2026-09-04 01:13:44,792 | INFO | 🌐 Session warmed
2026-09-04 01:13:45,866 | INFO | [1468/1901] Fetching Rajarampalli (RJRP)
2026-09-04 01:13:45,956 | INFO |    ↳ Status 403
2026-09-04 01:13:45,956 | WARNING |    ⚠ Blocked (403) retry 3
2026-09-04 01:13:46,067 | INFO | 🌐 Session warmed
2026-09-04 01:13:46,901 | INFO |    ↳ Status 403
2026-09-04 01:13:46,901 | WARNING |    ⚠ Blocked (403) retry 1
2026-09-04 01:13:46,991 | INFO | 🌐 Session warmed
2026-09-04 01:13:47,802 | INFO | [1469/1901] Fetching Rajavommangi (RJVM)
2026-09-04 01:13:48,793 | INFO | [1470/1901] Fetching Rajgangpur (RJGR)
2026-09-04 01:13:48,807 | INFO |    ↳ Status 403
2026-09-04 01:13:48,808 | WARNING |    ⚠ Blocked (403) retry 1
2026-09-04 01:13:48,896 | INFO | 🌐 Session warmed
2026-09-04 01:13:48,956 | INFO |    ↳ Status 403
2026-09-04 01:13:48,956 | WARNING |    ⚠ Blocked (403) retry 2
2026-09-04 01:13:49,062 | INFO | 🌐 Session warmed
2026-09-04 01:13:49,492 | INFO |    ↳ Status 403
2026-09-04 01:13:49,492 | WARNING |    ⚠ Blocked (403) retry 1
2026-09-04 01:13:49,620 | INFO | 🌐 Session warmed
2026-09-04 01:13:50,068 | INFO | [1471/1901] Fetching Rajgurunagar (RAJR)
2026-09-04 01:13:50,537 | INFO |    ↳ Status 403
2026-09-04 01:13:50,537 | WARNING |    ⚠ Blocked (403) retry 2
2026-09-04 01:13:50,632 | INFO | 🌐 Session warmed
2026-09-04 01:13:50,831 | INFO |    ↳ Status 403
2026-09-04 01:13:50,831 | WARNING |    ⚠ Blocked (403) retry 1
2026-09-04 01:13:50,947 | INFO | 🌐 Session warmed
2026-09-04 01:13:51,904 | INFO |    ↳ Status 403
2026-09-04 01:13:51,904 | WARNING |    ⚠ Blocked (403) retry 2
2026-09-04 01:13:51,992 | INFO | 🌐 Session warmed
2026-09-04 01:13:51,999 | INFO |    ↳ Status 403
2026-09-04 01:13:51,999 | WARNING |    ⚠ Blocked (403) retry 3
2026-09-04 01:13:52,091 | INFO | 🌐 Session warmed
2026-09-04 01:13:52,758 | INFO |    ↳ Status 403
2026-09-04 01:13:52,758 | WARNING |    ⚠ Blocked (403) retry 2
2026-09-04 01:13:52,870 | INFO | 🌐 Session warmed
2026-09-04 01:13:53,910 | INFO |    ↳ Status 403
2026-09-04 01:13:53,910 | WARNING |    ⚠ Blocked (403) retry 3
2026-09-04 01:13:54,003 | INFO | 🌐 Session warmed
2026-09-04 01:13:54,926 | INFO |    ↳ Status 403
2026-09-04 01:13:54,926 | WARNING |    ⚠ Blocked (403) retry 3
2026-09-04 01:13:55,051 | INFO | 🌐 Session warmed
2026-09-04 01:13:55,544 | INFO |    ↳ Status 403
2026-09-04 01:13:55,544 | WARNING |    ⚠ Blocked (403) retry 3
2026-09-04 01:13:55,662 | INFO | 🌐 Session warmed
2026-09-04 01:13:56,091 | INFO | [1472/1901] Fetching Rajiana (RIJA)
2026-09-04 01:13:57,223 | INFO |    ↳ Status 403
2026-09-04 01:13:57,223 | WARNING |    ⚠ Blocked (403) retry 1
2026-09-04 01:13:57,308 | INFO | 🌐 Session warmed
2026-09-04 01:13:58,003 | INFO | [1473/1901] Fetching Rajkot (RAJK)
2026-09-04 01:13:58,927 | INFO |    ↳ Status 403
2026-09-04 01:13:58,927 | WARNING |    ⚠ Blocked (403) retry 1
2026-09-04 01:13:59,027 | INFO | 🌐 Session warmed
2026-09-04 01:13:59,051 | INFO | [1474/1901] Fetching Rajnandgaon (RAJA)
2026-09-04 01:13:59,647 | INFO |    ↳ Status 403
2026-09-04 01:13:59,648 | WARNING |    ⚠ Blocked (403) retry 2
2026-09-04 01:13:59,663 | INFO | [1475/1901] Fetching Rajpipla (RJPA)
2026-09-04 01:13:59,763 | INFO | 🌐 Session warmed
2026-09-04 01:14:00,371 | INFO |    ↳ Status 403
2026-09-04 01:14:00,371 | WARNING |    ⚠ Blocked (403) retry 1
2026-09-04 01:14:00,470 | INFO | 🌐 Session warmed
2026-09-04 01:14:00,670 | INFO |    ↳ Status 403
2026-09-04 01:14:00,670 | WARNING |    ⚠ Blocked (403) retry 1
2026-09-04 01:14:00,785 | INFO | 🌐 Session warmed
2026-09-04 01:14:00,864 | INFO |    ↳ Status 403
2026-09-04 01:14:00,864 | WARNING |    ⚠ Blocked (403) retry 2
2026-09-04 01:14:00,963 | INFO | 🌐 Session warmed
2026-09-04 01:14:02,429 | INFO |    ↳ Status 403
2026-09-04 01:14:02,429 | WARNING |    ⚠ Blocked (403) retry 2
2026-09-04 01:14:02,537 | INFO | 🌐 Session warmed
2026-09-04 01:14:02,704 | INFO |    ↳ Status 403
2026-09-04 01:14:02,704 | WARNING |    ⚠ Blocked (403) retry 3
2026-09-04 01:14:02,810 | INFO |    ↳ Status 403
2026-09-04 01:14:02,810 | WARNING |    ⚠ Blocked (403) retry 2
2026-09-04 01:14:02,832 | INFO | 🌐 Session warmed
2026-09-04 01:14:02,923 | INFO | 🌐 Session warmed
2026-09-04 01:14:03,773 | INFO |    ↳ Status 403
2026-09-04 01:14:03,773 | WARNING |    ⚠ Blocked (403) retry 3
2026-09-04 01:14:03,864 | INFO | 🌐 Session warmed
2026-09-04 01:14:05,786 | INFO |    ↳ Status 403
2026-09-04 01:14:05,786 | WARNING |    ⚠ Blocked (403) retry 3
2026-09-04 01:14:05,872 | INFO |    ↳ Status 403
2026-09-04 01:14:05,872 | WARNING |    ⚠ Blocked (403) retry 3
2026-09-04 01:14:05,880 | INFO | 🌐 Session warmed
2026-09-04 01:14:05,959 | INFO | 🌐 Session warmed
2026-09-04 01:14:06,832 | INFO | [1476/1901] Fetching Rajpur (RAJP)
2026-09-04 01:14:07,563 | INFO |    ↳ Status 403
2026-09-04 01:14:07,563 | WARNING |    ⚠ Blocked (403) retry 1
2026-09-04 01:14:07,665 | INFO | 🌐 Session warmed
2026-09-04 01:14:07,865 | INFO | [1477/1901] Fetching Rajpura (RARA)
2026-09-04 01:14:08,611 | INFO |    ↳ Status 403
2026-09-04 01:14:08,611 | WARNING |    ⚠ Blocked (403) retry 1
2026-09-04 01:14:08,702 | INFO | 🌐 Session warmed
2026-09-04 01:14:09,482 | INFO |    ↳ Status 403
2026-09-04 01:14:09,482 | WARNING |    ⚠ Blocked (403) retry 2
2026-09-04 01:14:09,590 | INFO | 🌐 Session warmed
2026-09-04 01:14:09,880 | INFO | [1478/1901] Fetching Rajsamand (RAJS)
2026-09-04 01:14:09,960 | INFO | [1479/1901] Fetching Rajula (RJLA)
2026-09-04 01:14:10,636 | INFO |    ↳ Status 403
2026-09-04 01:14:10,636 | WARNING |    ⚠ Blocked (403) retry 1
2026-09-04 01:14:10,681 | INFO |    ↳ Status 403
2026-09-04 01:14:10,681 | WARNING |    ⚠ Blocked (403) retry 2
2026-09-04 01:14:10,728 | INFO | 🌐 Session warmed
2026-09-04 01:14:10,796 | INFO | 🌐 Session warmed
2026-09-04 01:14:11,235 | INFO |    ↳ Status 403
2026-09-04 01:14:11,235 | WARNING |    ⚠ Blocked (403) retry 1
2026-09-04 01:14:11,325 | INFO | 🌐 Session warmed
2026-09-04 01:14:12,325 | INFO |    ↳ Status 403
2026-09-04 01:14:12,325 | WARNING |    ⚠ Blocked (403) retry 3
2026-09-04 01:14:12,438 | INFO | 🌐 Session warmed
2026-09-04 01:14:13,050 | INFO |    ↳ Status 403
2026-09-04 01:14:13,050 | WARNING |    ⚠ Blocked (403) retry 2
2026-09-04 01:14:13,179 | INFO | 🌐 Session warmed
2026-09-04 01:14:13,431 | INFO |    ↳ Status 403
2026-09-04 01:14:13,431 | WARNING |    ⚠ Blocked (403) retry 2
2026-09-04 01:14:13,526 | INFO | 🌐 Session warmed
2026-09-04 01:14:14,052 | INFO |    ↳ Status 403
2026-09-04 01:14:14,052 | WARNING |    ⚠ Blocked (403) retry 3
2026-09-04 01:14:14,159 | INFO | 🌐 Session warmed
2026-09-04 01:14:16,344 | INFO |    ↳ Status 403
2026-09-04 01:14:16,344 | WARNING |    ⚠ Blocked (403) retry 3
2026-09-04 01:14:16,439 | INFO | [1480/1901] Fetching Ramachandrapuram (RCPR)
2026-09-04 01:14:16,448 | INFO | 🌐 Session warmed
2026-09-04 01:14:16,625 | INFO |    ↳ Status 403
2026-09-04 01:14:16,625 | WARNING |    ⚠ Blocked (403) retry 3
2026-09-04 01:14:16,756 | INFO | 🌐 Session warmed
2026-09-04 01:14:17,291 | INFO |    ↳ Status 403
2026-09-04 01:14:17,291 | WARNING |    ⚠ Blocked (403) retry 1
2026-09-04 01:14:17,387 | INFO | 🌐 Session warmed
2026-09-04 01:14:18,160 | INFO | [1481/1901] Fetching Ramanagara (RANG)
2026-09-04 01:14:18,950 | INFO |    ↳ Status 403
2026-09-04 01:14:18,950 | WARNING |    ⚠ Blocked (403) retry 1
2026-09-04 01:14:19,063 | INFO | 🌐 Session warmed
2026-09-04 01:14:19,319 | INFO |    ↳ Status 403
2026-09-04 01:14:19,319 | WARNING |    ⚠ Blocked (403) retry 2
2026-09-04 01:14:19,427 | INFO | 🌐 Session warmed
2026-09-04 01:14:20,448 | INFO | [1482/1901] Fetching Ramanathapuram (RAPU)
2026-09-04 01:14:20,756 | INFO | [1483/1901] Fetching Ramayampet (RAMP)
2026-09-04 01:14:20,832 | INFO |    ↳ Status 403
2026-09-04 01:14:20,832 | WARNING |    ⚠ Blocked (403) retry 2
2026-09-04 01:14:20,949 | INFO | 🌐 Session warmed
2026-09-04 01:14:21,463 | INFO |    ↳ Status 403
2026-09-04 01:14:21,463 | WARNING |    ⚠ Blocked (403) retry 1
2026-09-04 01:14:21,552 | INFO | 🌐 Session warmed
2026-09-04 01:14:21,692 | INFO |    ↳ Status 403
2026-09-04 01:14:21,692 | WARNING |    ⚠ Blocked (403) retry 1
2026-09-04 01:14:21,786 | INFO | 🌐 Session warmed
2026-09-04 01:14:22,430 | INFO |    ↳ Status 403
2026-09-04 01:14:22,430 | WARNING |    ⚠ Blocked (403) retry 3
2026-09-04 01:14:22,523 | INFO | 🌐 Session warmed
2026-09-04 01:14:23,382 | INFO |    ↳ Status 403
2026-09-04 01:14:23,382 | WARNING |    ⚠ Blocked (403) retry 2
2026-09-04 01:14:23,504 | INFO | 🌐 Session warmed
2026-09-04 01:14:23,599 | INFO |    ↳ Status 403
2026-09-04 01:14:23,599 | WARNING |    ⚠ Blocked (403) retry 3
2026-09-04 01:14:23,690 | INFO | 🌐 Session warmed
2026-09-04 01:14:24,181 | INFO |    ↳ Status 403
2026-09-04 01:14:24,181 | WARNING |    ⚠ Blocked (403) retry 2
2026-09-04 01:14:24,325 | INFO | 🌐 Session warmed
2026-09-04 01:14:26,523 | INFO | [1484/1901] Fetching Ramdurg (RAMD)
2026-09-04 01:14:26,914 | INFO |    ↳ Status 403
2026-09-04 01:14:26,914 | WARNING |    ⚠ Blocked (403) retry 3
2026-09-04 01:14:27,025 | INFO | 🌐 Session warmed
2026-09-04 01:14:27,690 | INFO | [1485/1901] Fetching Rameswarpur (RMPR)
2026-09-04 01:14:27,738 | INFO |    ↳ Status 403
2026-09-04 01:14:27,739 | WARNING |    ⚠ Blocked (403) retry 3
2026-09-04 01:14:27,872 | INFO | 🌐 Session warmed
2026-09-04 01:14:27,900 | INFO |    ↳ Status 403
2026-09-04 01:14:27,900 | WARNING |    ⚠ Blocked (403) retry 1
2026-09-04 01:14:28,017 | INFO | 🌐 Session warmed
2026-09-04 01:14:28,361 | INFO |    ↳ Status 403
2026-09-04 01:14:28,361 | WARNING |    ⚠ Blocked (403) retry 1
2026-09-04 01:14:28,474 | INFO | 🌐 Session warmed
2026-09-04 01:14:29,638 | INFO |    ↳ Status 403
2026-09-04 01:14:29,638 | WARNING |    ⚠ Blocked (403) retry 2
2026-09-04 01:14:29,741 | INFO | 🌐 Session warmed
2026-09-04 01:14:30,412 | INFO |    ↳ Status 403
2026-09-04 01:14:30,412 | WARNING |    ⚠ Blocked (403) retry 2
2026-09-04 01:14:30,503 | INFO | 🌐 Session warmed
2026-09-04 01:14:31,026 | INFO | [1486/1901] Fetching Ramgarh (GGHH)
2026-09-04 01:14:31,873 | INFO | [1487/1901] Fetching Ramgarhwa (RGHA)
2026-09-04 01:14:32,258 | INFO |    ↳ Status 403
2026-09-04 01:14:32,259 | WARNING |    ⚠ Blocked (403) retry 1
2026-09-04 01:14:32,359 | INFO | 🌐 Session warmed
2026-09-04 01:14:32,901 | INFO |    ↳ Status 403
2026-09-04 01:14:32,901 | WARNING |    ⚠ Blocked (403) retry 3
2026-09-04 01:14:33,006 | INFO | 🌐 Session warmed
2026-09-04 01:14:33,046 | INFO |    ↳ Status 403
2026-09-04 01:14:33,046 | WARNING |    ⚠ Blocked (403) retry 1
2026-09-04 01:14:33,137 | INFO | 🌐 Session warmed
2026-09-04 01:14:33,888 | INFO |    ↳ Status 403
2026-09-04 01:14:33,888 | WARNING |    ⚠ Blocked (403) retry 3
2026-09-04 01:14:33,979 | INFO | 🌐 Session warmed
2026-09-04 01:14:34,751 | INFO |    ↳ Status 403
2026-09-04 01:14:34,751 | WARNING |    ⚠ Blocked (403) retry 2
2026-09-04 01:14:34,861 | INFO | 🌐 Session warmed
2026-09-04 01:14:35,537 | INFO |    ↳ Status 403
2026-09-04 01:14:35,537 | WARNING |    ⚠ Blocked (403) retry 2
2026-09-04 01:14:35,642 | INFO | 🌐 Session warmed
2026-09-04 01:14:37,006 | INFO | [1488/1901] Fetching Ramjibanpur (PUUR)
2026-09-04 01:14:37,713 | INFO |    ↳ Status 403
2026-09-04 01:14:37,713 | WARNING |    ⚠ Blocked (403) retry 1
2026-09-04 01:14:37,848 | INFO | 🌐 Session warmed
2026-09-04 01:14:37,980 | INFO | [1489/1901] Fetching Ramnagar (RAMN)
2026-09-04 01:14:38,207 | INFO |    ↳ Status 403
2026-09-04 01:14:38,207 | WARNING |    ⚠ Blocked (403) retry 3
2026-09-04 01:14:38,310 | INFO | 🌐 Session warmed
2026-09-04 01:14:38,329 | INFO |    ↳ Status 403
2026-09-04 01:14:38,330 | WARNING |    ⚠ Blocked (403) retry 3
2026-09-04 01:14:38,433 | INFO | 🌐 Session warmed
2026-09-04 01:14:39,276 | INFO |    ↳ Status 403
2026-09-04 01:14:39,276 | WARNING |    ⚠ Blocked (403) retry 1
2026-09-04 01:14:39,371 | INFO | 🌐 Session warmed
2026-09-04 01:14:39,880 | INFO |    ↳ Status 403
2026-09-04 01:14:39,881 | WARNING |    ⚠ Blocked (403) retry 2
2026-09-04 01:14:39,982 | INFO | 🌐 Session warmed
2026-09-04 01:14:41,483 | INFO |    ↳ Status 403
2026-09-04 01:14:41,483 | WARNING |    ⚠ Blocked (403) retry 2
2026-09-04 01:14:41,596 | INFO | 🌐 Session warmed
2026-09-04 01:14:42,311 | INFO | [1490/1901] Fetching Rampachodavaram (RACD)
2026-09-04 01:14:42,433 | INFO | [1491/1901] Fetching Rampur (RAMU)
2026-09-04 01:14:43,243 | INFO |    ↳ Status 403
2026-09-04 01:14:43,243 | WARNING |    ⚠ Blocked (403) retry 3
2026-09-04 01:14:43,302 | INFO |    ↳ Status 403
2026-09-04 01:14:43,302 | WARNING |    ⚠ Blocked (403) retry 1
2026-09-04 01:14:43,363 | INFO | 🌐 Session warmed
2026-09-04 01:14:43,417 | INFO | 🌐 Session warmed
2026-09-04 01:14:43,595 | INFO |    ↳ Status 403
2026-09-04 01:14:43,595 | WARNING |    ⚠ Blocked (403) retry 1
2026-09-04 01:14:43,700 | INFO | 🌐 Session warmed
2026-09-04 01:14:44,646 | INFO |    ↳ Status 403
2026-09-04 01:14:44,646 | WARNING |    ⚠ Blocked (403) retry 3
2026-09-04 01:14:44,760 | INFO | 🌐 Session warmed
2026-09-04 01:14:45,185 | INFO |    ↳ Status 403
2026-09-04 01:14:45,185 | WARNING |    ⚠ Blocked (403) retry 2
2026-09-04 01:14:45,276 | INFO | 🌐 Session warmed
2026-09-04 01:14:45,730 | INFO |    ↳ Status 403
2026-09-04 01:14:45,731 | WARNING |    ⚠ Blocked (403) retry 2
2026-09-04 01:14:45,824 | INFO | 🌐 Session warmed
2026-09-04 01:14:47,364 | INFO | [1492/1901] Fetching Ramtek (RMTE)
2026-09-04 01:14:48,574 | INFO |    ↳ Status 403
2026-09-04 01:14:48,574 | WARNING |    ⚠ Blocked (403) retry 1
2026-09-04 01:14:48,653 | INFO |    ↳ Status 403
2026-09-04 01:14:48,653 | WARNING |    ⚠ Blocked (403) retry 3
2026-09-04 01:14:48,675 | INFO | 🌐 Session warmed
2026-09-04 01:14:48,743 | INFO | 🌐 Session warmed
2026-09-04 01:14:48,760 | INFO | [1493/1901] Fetching Ranaghat (RANA)
2026-09-04 01:14:48,838 | INFO |    ↳ Status 403
2026-09-04 01:14:48,838 | WARNING |    ⚠ Blocked (403) retry 3
2026-09-04 01:14:48,933 | INFO | 🌐 Session warmed
2026-09-04 01:14:49,895 | INFO |    ↳ Status 403
2026-09-04 01:14:49,895 | WARNING |    ⚠ Blocked (403) retry 1
2026-09-04 01:14:49,997 | INFO | 🌐 Session warmed
2026-09-04 01:14:50,423 | INFO |    ↳ Status 403
2026-09-04 01:14:50,423 | WARNING |    ⚠ Blocked (403) retry 2
2026-09-04 01:14:50,514 | INFO | 🌐 Session warmed
2026-09-04 01:14:52,114 | INFO |    ↳ Status 403
2026-09-04 01:14:52,114 | WARNING |    ⚠ Blocked (403) retry 2
2026-09-04 01:14:52,246 | INFO | 🌐 Session warmed
2026-09-04 01:14:52,744 | INFO | [1494/1901] Fetching Ranastalam (RNST)
2026-09-04 01:14:52,934 | INFO | [1495/1901] Fetching Ranchi (RANC)
2026-09-04 01:14:53,462 | INFO |    ↳ Status 403
2026-09-04 01:14:53,462 | WARNING |    ⚠ Blocked (403) retry 3
2026-09-04 01:14:53,562 | INFO | 🌐 Session warmed
2026-09-04 01:14:54,028 | INFO |    ↳ Status 403
2026-09-04 01:14:54,028 | WARNING |    ⚠ Blocked (403) retry 1
2026-09-04 01:14:54,112 | INFO |    ↳ Status 403
2026-09-04 01:14:54,112 | WARNING |    ⚠ Blocked (403) retry 1
2026-09-04 01:14:54,143 | INFO | 🌐 Session warmed
2026-09-04 01:14:54,228 | INFO | 🌐 Session warmed
2026-09-04 01:14:54,935 | INFO |    ↳ Status 403
2026-09-04 01:14:54,935 | WARNING |    ⚠ Blocked (403) retry 3
2026-09-04 01:14:55,033 | INFO | 🌐 Session warmed
2026-09-04 01:14:55,785 | INFO |    ↳ Status 403
2026-09-04 01:14:55,785 | WARNING |    ⚠ Blocked (403) retry 2
2026-09-04 01:14:55,878 | INFO |    ↳ Status 403
2026-09-04 01:14:55,878 | WARNING |    ⚠ Blocked (403) retry 2
2026-09-04 01:14:55,887 | INFO | 🌐 Session warmed
2026-09-04 01:14:55,981 | INFO | 🌐 Session warmed
2026-09-04 01:14:57,562 | INFO | [1496/1901] Fetching Ranebennur (RANE)
2026-09-04 01:14:58,642 | INFO |    ↳ Status 403
2026-09-04 01:14:58,642 | WARNING |    ⚠ Blocked (403) retry 1
2026-09-04 01:14:58,737 | INFO | 🌐 Session warmed
2026-09-04 01:14:58,944 | INFO |    ↳ Status 403
2026-09-04 01:14:58,944 | WARNING |    ⚠ Blocked (403) retry 3
2026-09-04 01:14:59,006 | INFO |    ↳ Status 403
2026-09-04 01:14:59,006 | WARNING |    ⚠ Blocked (403) retry 3
2026-09-04 01:14:59,034 | INFO | [1497/1901] Fetching Rangia (RAAA)
2026-09-04 01:14:59,044 | INFO | 🌐 Session warmed
2026-09-04 01:14:59,103 | INFO | 🌐 Session warmed
2026-09-04 01:15:00,456 | INFO |    ↳ Status 403
2026-09-04 01:15:00,456 | WARNING |    ⚠ Blocked (403) retry 1
2026-09-04 01:15:00,545 | INFO |    ↳ Status 403
2026-09-04 01:15:00,545 | WARNING |    ⚠ Blocked (403) retry 2
2026-09-04 01:15:00,563 | INFO | 🌐 Session warmed
2026-09-04 01:15:00,671 | INFO | 🌐 Session warmed
2026-09-04 01:15:02,900 | INFO |    ↳ Status 403
2026-09-04 01:15:02,900 | WARNING |    ⚠ Blocked (403) retry 2
2026-09-04 01:15:03,037 | INFO | 🌐 Session warmed
2026-09-04 01:15:03,044 | INFO | [1498/1901] Fetching Raniganj (RNGJ)
2026-09-04 01:15:03,103 | INFO | [1499/1901] Fetching Ranipet (RANI)
2026-09-04 01:15:03,591 | INFO |    ↳ Status 403
2026-09-04 01:15:03,591 | WARNING |    ⚠ Blocked (403) retry 3
2026-09-04 01:15:03,696 | INFO | 🌐 Session warmed
2026-09-04 01:15:03,764 | INFO |    ↳ Status 403
2026-09-04 01:15:03,764 | WARNING |    ⚠ Blocked (403) retry 1
2026-09-04 01:15:03,891 | INFO | 🌐 Session warmed
2026-09-04 01:15:04,225 | INFO |    ↳ Status 403
2026-09-04 01:15:04,225 | WARNING |    ⚠ Blocked (403) retry 1
2026-09-04 01:15:04,343 | INFO | 🌐 Session warmed
2026-09-04 01:15:05,772 | INFO |    ↳ Status 403
2026-09-04 01:15:05,772 | WARNING |    ⚠ Blocked (403) retry 2
2026-09-04 01:15:05,860 | INFO | 🌐 Session warmed
2026-09-04 01:15:06,180 | INFO |    ↳ Status 403
2026-09-04 01:15:06,180 | WARNING |    ⚠ Blocked (403) retry 2
2026-09-04 01:15:06,301 | INFO | 🌐 Session warmed
2026-09-04 01:15:06,463 | INFO |    ↳ Status 403
2026-09-04 01:15:06,463 | WARNING |    ⚠ Blocked (403) retry 3
2026-09-04 01:15:06,565 | INFO | 🌐 Session warmed
2026-09-04 01:15:07,697 | INFO | [1500/1901] Fetching Ranni (RANN)
2026-09-04 01:15:08,420 | INFO |    ↳ Status 403
2026-09-04 01:15:08,420 | WARNING |    ⚠ Blocked (403) retry 1
2026-09-04 01:15:08,520 | INFO | 🌐 Session warmed
2026-09-04 01:15:08,769 | INFO |    ↳ Status 403
2026-09-04 01:15:08,769 | WARNING |    ⚠ Blocked (403) retry 3
2026-09-04 01:15:08,872 | INFO | 🌐 Session warmed
2026-09-04 01:15:09,218 | INFO |    ↳ Status 403
2026-09-04 01:15:09,218 | WARNING |    ⚠ Blocked (403) retry 3
2026-09-04 01:15:09,332 | INFO | 🌐 Session warmed
2026-09-04 01:15:10,566 | INFO | [1501/1901] Fetching Rapur (RAPR)
2026-09-04 01:15:10,739 | INFO |    ↳ Status 403
2026-09-04 01:15:10,739 | WARNING |    ⚠ Blocked (403) retry 2
2026-09-04 01:15:10,829 | INFO | 🌐 Session warmed
2026-09-04 01:15:11,821 | INFO |    ↳ Status 403
2026-09-04 01:15:11,821 | WARNING |    ⚠ Blocked (403) retry 1
2026-09-04 01:15:11,933 | INFO | 🌐 Session warmed
2026-09-04 01:15:12,872 | INFO | [1502/1901] Fetching Rasipuram (RSPM)
2026-09-04 01:15:13,333 | INFO | [1503/1901] Fetching Rath (ATRH)
2026-09-04 01:15:13,611 | INFO |    ↳ Status 403
2026-09-04 01:15:13,611 | WARNING |    ⚠ Blocked (403) retry 3
2026-09-04 01:15:13,707 | INFO | 🌐 Session warmed
2026-09-04 01:15:13,951 | INFO |    ↳ Status 403
2026-09-04 01:15:13,951 | WARNING |    ⚠ Blocked (403) retry 1
2026-09-04 01:15:14,009 | INFO |    ↳ Status 403
2026-09-04 01:15:14,009 | WARNING |    ⚠ Blocked (403) retry 2
2026-09-04 01:15:14,057 | INFO | 🌐 Session warmed
2026-09-04 01:15:14,113 | INFO | 🌐 Session warmed
2026-09-04 01:15:14,656 | INFO |    ↳ Status 403
2026-09-04 01:15:14,656 | WARNING |    ⚠ Blocked (403) retry 1
2026-09-04 01:15:14,768 | INFO | 🌐 Session warmed
2026-09-04 01:15:16,340 | INFO |    ↳ Status 403
2026-09-04 01:15:16,340 | WARNING |    ⚠ Blocked (403) retry 2
2026-09-04 01:15:16,441 | INFO | 🌐 Session warmed
2026-09-04 01:15:16,586 | INFO |    ↳ Status 403
2026-09-04 01:15:16,586 | WARNING |    ⚠ Blocked (403) retry 2
2026-09-04 01:15:16,686 | INFO | 🌐 Session warmed
2026-09-04 01:15:16,809 | INFO |    ↳ Status 403
2026-09-04 01:15:16,809 | WARNING |    ⚠ Blocked (403) retry 3
2026-09-04 01:15:16,908 | INFO | 🌐 Session warmed
2026-09-04 01:15:17,707 | INFO | [1504/1901] Fetching Ratlam (RATL)
2026-09-04 01:15:18,722 | INFO |    ↳ Status 403
2026-09-04 01:15:18,722 | WARNING |    ⚠ Blocked (403) retry 1
2026-09-04 01:15:18,824 | INFO | 🌐 Session warmed
2026-09-04 01:15:19,820 | INFO |    ↳ Status 403
2026-09-04 01:15:19,820 | WARNING |    ⚠ Blocked (403) retry 3
2026-09-04 01:15:19,916 | INFO | 🌐 Session warmed
2026-09-04 01:15:19,963 | INFO |    ↳ Status 403
2026-09-04 01:15:19,963 | WARNING |    ⚠ Blocked (403) retry 3
2026-09-04 01:15:20,066 | INFO | 🌐 Session warmed
2026-09-04 01:15:20,699 | INFO |    ↳ Status 403
2026-09-04 01:15:20,699 | WARNING |    ⚠ Blocked (403) retry 2
2026-09-04 01:15:20,805 | INFO | 🌐 Session warmed
2026-09-04 01:15:20,908 | INFO | [1505/1901] Fetching Ratnagiri (RATN)
2026-09-04 01:15:21,860 | INFO |    ↳ Status 403
2026-09-04 01:15:21,860 | WARNING |    ⚠ Blocked (403) retry 1
2026-09-04 01:15:21,948 | INFO | 🌐 Session warmed
2026-09-04 01:15:23,916 | INFO | [1506/1901] Fetching Ratnagiri (Odisha) (RATO)
2026-09-04 01:15:24,068 | INFO | [1507/1901] Fetching Ravulapalem (RVPL)
2026-09-04 01:15:24,092 | INFO |    ↳ Status 403
2026-09-04 01:15:24,092 | WARNING |    ⚠ Blocked (403) retry 3
2026-09-04 01:15:24,160 | INFO |    ↳ Status 403
2026-09-04 01:15:24,160 | WARNING |    ⚠ Blocked (403) retry 2
2026-09-04 01:15:24,186 | INFO | 🌐 Session warmed
2026-09-04 01:15:24,255 | INFO | 🌐 Session warmed
2026-09-04 01:15:24,946 | INFO |    ↳ Status 403
2026-09-04 01:15:24,946 | WARNING |    ⚠ Blocked (403) retry 1
2026-09-04 01:15:25,040 | INFO | 🌐 Session warmed
2026-09-04 01:15:25,075 | INFO |    ↳ Status 403
2026-09-04 01:15:25,075 | WARNING |    ⚠ Blocked (403) retry 1
2026-09-04 01:15:25,193 | INFO | 🌐 Session warmed
2026-09-04 01:15:27,122 | INFO |    ↳ Status 403
2026-09-04 01:15:27,122 | WARNING |    ⚠ Blocked (403) retry 2
2026-09-04 01:15:27,217 | INFO | 🌐 Session warmed
2026-09-04 01:15:27,238 | INFO |    ↳ Status 403
2026-09-04 01:15:27,238 | WARNING |    ⚠ Blocked (403) retry 2
2026-09-04 01:15:27,355 | INFO | 🌐 Session warmed
2026-09-04 01:15:27,385 | INFO |    ↳ Status 403
2026-09-04 01:15:27,385 | WARNING |    ⚠ Blocked (403) retry 3
2026-09-04 01:15:27,491 | INFO | 🌐 Session warmed
2026-09-04 01:15:28,186 | INFO | [1508/1901] Fetching Raxaul (RAXA)
2026-09-04 01:15:29,595 | INFO |    ↳ Status 403
2026-09-04 01:15:29,596 | WARNING |    ⚠ Blocked (403) retry 1
2026-09-04 01:15:29,697 | INFO | 🌐 Session warmed
2026-09-04 01:15:30,096 | INFO |    ↳ Status 403
2026-09-04 01:15:30,096 | WARNING |    ⚠ Blocked (403) retry 3
2026-09-04 01:15:30,189 | INFO | 🌐 Session warmed
2026-09-04 01:15:30,670 | INFO |    ↳ Status 403
2026-09-04 01:15:30,670 | WARNING |    ⚠ Blocked (403) retry 3
2026-09-04 01:15:30,762 | INFO | 🌐 Session warmed
2026-09-04 01:15:31,428 | INFO |    ↳ Status 403
2026-09-04 01:15:31,428 | WARNING |    ⚠ Blocked (403) retry 2
2026-09-04 01:15:31,491 | INFO | [1509/1901] Fetching Rayachoti (RYCT)
2026-09-04 01:15:31,520 | INFO | 🌐 Session warmed
2026-09-04 01:15:32,371 | INFO |    ↳ Status 403
2026-09-04 01:15:32,371 | WARNING |    ⚠ Blocked (403) retry 1
2026-09-04 01:15:32,496 | INFO | 🌐 Session warmed
2026-09-04 01:15:34,190 | INFO | [1510/1901] Fetching Rayagada (RADA)
2026-09-04 01:15:34,208 | INFO |    ↳ Status 403
2026-09-04 01:15:34,208 | WARNING |    ⚠ Blocked (403) retry 3
2026-09-04 01:15:34,303 | INFO | 🌐 Session warmed
2026-09-04 01:15:34,499 | INFO |    ↳ Status 403
2026-09-04 01:15:34,499 | WARNING |    ⚠ Blocked (403) retry 2
2026-09-04 01:15:34,603 | INFO | 🌐 Session warmed
2026-09-04 01:15:34,762 | INFO | [1511/1901] Fetching Rayakottai (RTTA)
2026-09-04 01:15:35,428 | INFO |    ↳ Status 403
2026-09-04 01:15:35,429 | WARNING |    ⚠ Blocked (403) retry 1
2026-09-04 01:15:35,531 | INFO | 🌐 Session warmed
2026-09-04 01:15:36,167 | INFO |    ↳ Status 403
2026-09-04 01:15:36,167 | WARNING |    ⚠ Blocked (403) retry 1
2026-09-04 01:15:36,280 | INFO | 🌐 Session warmed
2026-09-04 01:15:37,537 | INFO |    ↳ Status 403
2026-09-04 01:15:37,538 | WARNING |    ⚠ Blocked (403) retry 2
2026-09-04 01:15:37,579 | INFO |    ↳ Status 403
2026-09-04 01:15:37,579 | WARNING |    ⚠ Blocked (403) retry 3
2026-09-04 01:15:37,656 | INFO | 🌐 Session warmed
2026-09-04 01:15:37,676 | INFO | 🌐 Session warmed
2026-09-04 01:15:37,935 | INFO |    ↳ Status 403
2026-09-04 01:15:37,935 | WARNING |    ⚠ Blocked (403) retry 2
2026-09-04 01:15:38,024 | INFO | 🌐 Session warmed
2026-09-04 01:15:38,303 | INFO | [1512/1901] Fetching Rayavaram (RAYA)
2026-09-04 01:15:39,660 | INFO |    ↳ Status 403
2026-09-04 01:15:39,660 | WARNING |    ⚠ Blocked (403) retry 1
2026-09-04 01:15:39,751 | INFO | 🌐 Session warmed
2026-09-04 01:15:40,482 | INFO |    ↳ Status 403
2026-09-04 01:15:40,483 | WARNING |    ⚠ Blocked (403) retry 3
2026-09-04 01:15:40,588 | INFO | 🌐 Session warmed
2026-09-04 01:15:40,822 | INFO |    ↳ Status 403
2026-09-04 01:15:40,822 | WARNING |    ⚠ Blocked (403) retry 3
2026-09-04 01:15:40,916 | INFO | 🌐 Session warmed
2026-09-04 01:15:41,676 | INFO | [1513/1901] Fetching Razole (RAZO)
2026-09-04 01:15:41,869 | INFO |    ↳ Status 403
2026-09-04 01:15:41,869 | WARNING |    ⚠ Blocked (403) retry 2
2026-09-04 01:15:41,961 | INFO | 🌐 Session warmed
2026-09-04 01:15:42,582 | INFO |    ↳ Status 403
2026-09-04 01:15:42,582 | WARNING |    ⚠ Blocked (403) retry 1
2026-09-04 01:15:42,671 | INFO | 🌐 Session warmed
2026-09-04 01:15:44,336 | INFO |    ↳ Status 403
2026-09-04 01:15:44,336 | WARNING |    ⚠ Blocked (403) retry 2
2026-09-04 01:15:44,427 | INFO | 🌐 Session warmed
2026-09-04 01:15:44,587 | INFO |    ↳ Status 403
2026-09-04 01:15:44,588 | WARNING |    ⚠ Blocked (403) retry 3
2026-09-04 01:15:44,590 | INFO | [1514/1901] Fetching Rentachintala (RENT)
2026-09-04 01:15:44,678 | INFO | 🌐 Session warmed
2026-09-04 01:15:44,916 | INFO | [1515/1901] Fetching Renukoot (RENU)
2026-09-04 01:15:45,930 | INFO |    ↳ Status 403
2026-09-04 01:15:45,930 | WARNING |    ⚠ Blocked (403) retry 1
2026-09-04 01:15:46,046 | INFO | 🌐 Session warmed
2026-09-04 01:15:46,204 | INFO |    ↳ Status 403
2026-09-04 01:15:46,204 | WARNING |    ⚠ Blocked (403) retry 1
2026-09-04 01:15:46,300 | INFO | 🌐 Session warmed
2026-09-04 01:15:47,099 | INFO |    ↳ Status 403
2026-09-04 01:15:47,099 | WARNING |    ⚠ Blocked (403) retry 3
2026-09-04 01:15:47,192 | INFO | 🌐 Session warmed
2026-09-04 01:15:47,681 | INFO |    ↳ Status 403
2026-09-04 01:15:47,681 | WARNING |    ⚠ Blocked (403) retry 2
2026-09-04 01:15:47,768 | INFO | 🌐 Session warmed
2026-09-04 01:15:47,975 | INFO |    ↳ Status 403
2026-09-04 01:15:47,975 | WARNING |    ⚠ Blocked (403) retry 2
2026-09-04 01:15:48,095 | INFO | 🌐 Session warmed
2026-09-04 01:15:48,678 | INFO | [1516/1901] Fetching Repalle (REPA)
2026-09-04 01:15:49,693 | INFO |    ↳ Status 403
2026-09-04 01:15:49,693 | WARNING |    ⚠ Blocked (403) retry 1
2026-09-04 01:15:49,784 | INFO | 🌐 Session warmed
2026-09-04 01:15:50,848 | INFO |    ↳ Status 403
2026-09-04 01:15:50,848 | WARNING |    ⚠ Blocked (403) retry 3
2026-09-04 01:15:50,939 | INFO | 🌐 Session warmed
2026-09-04 01:15:50,989 | INFO |    ↳ Status 403
2026-09-04 01:15:50,989 | WARNING |    ⚠ Blocked (403) retry 3
2026-09-04 01:15:51,093 | INFO | 🌐 Session warmed
2026-09-04 01:15:51,193 | INFO | [1517/1901] Fetching Revdanda (REVD)
2026-09-04 01:15:51,503 | INFO |    ↳ Status 403
2026-09-04 01:15:51,503 | WARNING |    ⚠ Blocked (403) retry 2
2026-09-04 01:15:51,606 | INFO | 🌐 Session warmed
2026-09-04 01:15:52,223 | INFO |    ↳ Status 403
2026-09-04 01:15:52,223 | WARNING |    ⚠ Blocked (403) retry 1
2026-09-04 01:15:52,314 | INFO | 🌐 Session warmed
2026-09-04 01:15:54,632 | INFO |    ↳ Status 403
2026-09-04 01:15:54,632 | WARNING |    ⚠ Blocked (403) retry 2
2026-09-04 01:15:54,737 | INFO | 🌐 Session warmed
2026-09-04 01:15:54,745 | INFO |    ↳ Status 403
2026-09-04 01:15:54,745 | WARNING |    ⚠ Blocked (403) retry 3
2026-09-04 01:15:54,855 | INFO | 🌐 Session warmed
2026-09-04 01:15:54,940 | INFO | [1518/1901] Fetching Rewa (RWAA)
2026-09-04 01:15:55,094 | INFO | [1519/1901] Fetching Rewari (REWA)
2026-09-04 01:15:55,985 | INFO |    ↳ Status 403
2026-09-04 01:15:55,985 | WARNING |    ⚠ Blocked (403) retry 1
2026-09-04 01:15:56,082 | INFO |    ↳ Status 403
2026-09-04 01:15:56,082 | WARNING |    ⚠ Blocked (403) retry 1
2026-09-04 01:15:56,115 | INFO | 🌐 Session warmed
2026-09-04 01:15:56,194 | INFO | 🌐 Session warmed
2026-09-04 01:15:57,932 | INFO |    ↳ Status 403
2026-09-04 01:15:57,933 | WARNING |    ⚠ Blocked (403) retry 2
2026-09-04 01:15:58,040 | INFO | 🌐 Session warmed
2026-09-04 01:15:58,044 | INFO |    ↳ Status 403
2026-09-04 01:15:58,044 | WARNING |    ⚠ Blocked (403) retry 3
2026-09-04 01:15:58,142 | INFO | 🌐 Session warmed
2026-09-04 01:15:58,280 | INFO |    ↳ Status 403
2026-09-04 01:15:58,280 | WARNING |    ⚠ Blocked (403) retry 2
2026-09-04 01:15:58,434 | INFO | 🌐 Session warmed
2026-09-04 01:15:58,855 | INFO | [1520/1901] Fetching RiBhoi (RIBH)
2026-09-04 01:15:59,808 | INFO |    ↳ Status 403
2026-09-04 01:15:59,808 | WARNING |    ⚠ Blocked (403) retry 1
2026-09-04 01:15:59,920 | INFO | 🌐 Session warmed
2026-09-04 01:16:01,175 | INFO |    ↳ Status 403
2026-09-04 01:16:01,175 | WARNING |    ⚠ Blocked (403) retry 3
2026-09-04 01:16:01,266 | INFO |    ↳ Status 403
2026-09-04 01:16:01,266 | WARNING |    ⚠ Blocked (403) retry 3
2026-09-04 01:16:01,278 | INFO | 🌐 Session warmed
2026-09-04 01:16:01,358 | INFO | 🌐 Session warmed
2026-09-04 01:16:01,586 | INFO |    ↳ Status 403
2026-09-04 01:16:01,586 | WARNING |    ⚠ Blocked (403) retry 2
2026-09-04 01:16:01,706 | INFO | 🌐 Session warmed
2026-09-04 01:16:02,143 | INFO | [1521/1901] Fetching Ringas (RGAS)
2026-09-04 01:16:02,943 | INFO |    ↳ Status 403
2026-09-04 01:16:02,943 | WARNING |    ⚠ Blocked (403) retry 1
2026-09-04 01:16:03,042 | INFO | 🌐 Session warmed
2026-09-04 01:16:04,721 | INFO |    ↳ Status 403
2026-09-04 01:16:04,721 | WARNING |    ⚠ Blocked (403) retry 2
2026-09-04 01:16:04,727 | INFO |    ↳ Status 403
2026-09-04 01:16:04,727 | WARNING |    ⚠ Blocked (403) retry 3
2026-09-04 01:16:04,828 | INFO | 🌐 Session warmed
2026-09-04 01:16:04,829 | INFO | 🌐 Session warmed
2026-09-04 01:16:05,279 | INFO | [1522/1901] Fetching Rishikesh (RKES)
2026-09-04 01:16:05,358 | INFO | [1523/1901] Fetching Rishra (RSRA)
2026-09-04 01:16:06,078 | INFO |    ↳ Status 403
2026-09-04 01:16:06,078 | WARNING |    ⚠ Blocked (403) retry 1
2026-09-04 01:16:06,184 | INFO | 🌐 Session warmed
2026-09-04 01:16:06,552 | INFO |    ↳ Status 403
2026-09-04 01:16:06,552 | WARNING |    ⚠ Blocked (403) retry 1
2026-09-04 01:16:06,643 | INFO | 🌐 Session warmed
2026-09-04 01:16:07,566 | INFO |    ↳ Status 403
2026-09-04 01:16:07,566 | WARNING |    ⚠ Blocked (403) retry 3
2026-09-04 01:16:07,695 | INFO | 🌐 Session warmed
2026-09-04 01:16:08,242 | INFO |    ↳ Status 403
2026-09-04 01:16:08,242 | WARNING |    ⚠ Blocked (403) retry 2
2026-09-04 01:16:08,343 | INFO | 🌐 Session warmed
2026-09-04 01:16:08,611 | INFO |    ↳ Status 403
2026-09-04 01:16:08,611 | WARNING |    ⚠ Blocked (403) retry 2
2026-09-04 01:16:08,715 | INFO | 🌐 Session warmed
2026-09-04 01:16:08,828 | INFO | [1524/1901] Fetching Robertsganj (ROBE)
2026-09-04 01:16:09,870 | INFO |    ↳ Status 403
2026-09-04 01:16:09,870 | WARNING |    ⚠ Blocked (403) retry 1
2026-09-04 01:16:09,958 | INFO | 🌐 Session warmed
2026-09-04 01:16:11,034 | INFO |    ↳ Status 403
2026-09-04 01:16:11,034 | WARNING |    ⚠ Blocked (403) retry 3
2026-09-04 01:16:11,175 | INFO | 🌐 Session warmed
2026-09-04 01:16:11,696 | INFO | [1525/1901] Fetching Rohtak (ROH)
2026-09-04 01:16:11,756 | INFO |    ↳ Status 403
2026-09-04 01:16:11,756 | WARNING |    ⚠ Blocked (403) retry 3
2026-09-04 01:16:11,859 | INFO | 🌐 Session warmed
2026-09-04 01:16:11,973 | INFO |    ↳ Status 403
2026-09-04 01:16:11,973 | WARNING |    ⚠ Blocked (403) retry 2
2026-09-04 01:16:12,080 | INFO | 🌐 Session warmed
2026-09-04 01:16:12,990 | INFO |    ↳ Status 403
2026-09-04 01:16:12,991 | WARNING |    ⚠ Blocked (403) retry 1
2026-09-04 01:16:13,083 | INFO | 🌐 Session warmed
2026-09-04 01:16:15,175 | INFO | [1526/1901] Fetching Ron (RONC)
2026-09-04 01:16:15,212 | INFO |    ↳ Status 403
2026-09-04 01:16:15,212 | WARNING |    ⚠ Blocked (403) retry 3
2026-09-04 01:16:15,288 | INFO |    ↳ Status 403
2026-09-04 01:16:15,288 | WARNING |    ⚠ Blocked (403) retry 2
2026-09-04 01:16:15,299 | INFO | 🌐 Session warmed
2026-09-04 01:16:15,406 | INFO | 🌐 Session warmed
2026-09-04 01:16:15,859 | INFO | [1527/1901] Fetching Rongjeng (RNG)
2026-09-04 01:16:16,503 | INFO |    ↳ Status 403
2026-09-04 01:16:16,503 | WARNING |    ⚠ Blocked (403) retry 1
2026-09-04 01:16:16,611 | INFO | 🌐 Session warmed
2026-09-04 01:16:16,716 | INFO |    ↳ Status 403
2026-09-04 01:16:16,716 | WARNING |    ⚠ Blocked (403) retry 1
2026-09-04 01:16:16,817 | INFO | 🌐 Session warmed
2026-09-04 01:16:18,368 | INFO |    ↳ Status 403
2026-09-04 01:16:18,368 | WARNING |    ⚠ Blocked (403) retry 3
2026-09-04 01:16:18,455 | INFO | 🌐 Session warmed
2026-09-04 01:16:18,546 | INFO |    ↳ Status 403
2026-09-04 01:16:18,546 | WARNING |    ⚠ Blocked (403) retry 2
2026-09-04 01:16:18,654 | INFO | 🌐 Session warmed
2026-09-04 01:16:18,776 | INFO |    ↳ Status 403
2026-09-04 01:16:18,776 | WARNING |    ⚠ Blocked (403) retry 2
2026-09-04 01:16:18,869 | INFO | 🌐 Session warmed
2026-09-04 01:16:19,300 | INFO | [1528/1901] Fetching Roorkee (ROOR)
2026-09-04 01:16:20,402 | INFO |    ↳ Status 403
2026-09-04 01:16:20,402 | WARNING |    ⚠ Blocked (403) retry 1
2026-09-04 01:16:20,495 | INFO | 🌐 Session warmed
2026-09-04 01:16:21,318 | INFO |    ↳ Status 403
2026-09-04 01:16:21,319 | WARNING |    ⚠ Blocked (403) retry 3
2026-09-04 01:16:21,405 | INFO | 🌐 Session warmed
2026-09-04 01:16:22,216 | INFO |    ↳ Status 403
2026-09-04 01:16:22,216 | WARNING |    ⚠ Blocked (403) retry 3
2026-09-04 01:16:22,305 | INFO | 🌐 Session warmed
2026-09-04 01:16:22,456 | INFO | [1529/1901] Fetching Rourkela (RKOR)
2026-09-04 01:16:22,870 | INFO |    ↳ Status 403
2026-09-04 01:16:22,871 | WARNING |    ⚠ Blocked (403) retry 2
2026-09-04 01:16:22,973 | INFO | 🌐 Session warmed
2026-09-04 01:16:23,630 | INFO |    ↳ Status 403
2026-09-04 01:16:23,631 | WARNING |    ⚠ Blocked (403) retry 1
2026-09-04 01:16:23,751 | INFO | 🌐 Session warmed
2026-09-04 01:16:25,405 | INFO | [1530/1901] Fetching Routhulapudi (ROUT)
2026-09-04 01:16:25,914 | INFO |    ↳ Status 403
2026-09-04 01:16:25,914 | WARNING |    ⚠ Blocked (403) retry 2
2026-09-04 01:16:26,002 | INFO | 🌐 Session warmed
2026-09-04 01:16:26,059 | INFO |    ↳ Status 403
2026-09-04 01:16:26,059 | WARNING |    ⚠ Blocked (403) retry 3
2026-09-04 01:16:26,172 | INFO | 🌐 Session warmed
2026-09-04 01:16:26,298 | INFO |    ↳ Status 403
2026-09-04 01:16:26,299 | WARNING |    ⚠ Blocked (403) retry 1
2026-09-04 01:16:26,305 | INFO | [1531/1901] Fetching Rudauli (RUDU)
2026-09-04 01:16:26,395 | INFO | 🌐 Session warmed
2026-09-04 01:16:27,381 | INFO |    ↳ Status 403
2026-09-04 01:16:27,381 | WARNING |    ⚠ Blocked (403) retry 1
2026-09-04 01:16:27,477 | INFO | 🌐 Session warmed
2026-09-04 01:16:28,708 | INFO |    ↳ Status 403
2026-09-04 01:16:28,708 | WARNING |    ⚠ Blocked (403) retry 3
2026-09-04 01:16:28,722 | INFO |    ↳ Status 403
2026-09-04 01:16:28,722 | WARNING |    ⚠ Blocked (403) retry 2
2026-09-04 01:16:28,823 | INFO | 🌐 Session warmed
2026-09-04 01:16:28,830 | INFO | 🌐 Session warmed
2026-09-04 01:16:29,334 | INFO |    ↳ Status 403
2026-09-04 01:16:29,335 | WARNING |    ⚠ Blocked (403) retry 2
2026-09-04 01:16:29,434 | INFO | 🌐 Session warmed
2026-09-04 01:16:30,172 | INFO | [1532/1901] Fetching Rudrapur (RUDP)
2026-09-04 01:16:31,325 | INFO |    ↳ Status 403
2026-09-04 01:16:31,325 | WARNING |    ⚠ Blocked (403) retry 1
2026-09-04 01:16:31,429 | INFO | 🌐 Session warmed
2026-09-04 01:16:31,519 | INFO |    ↳ Status 403
2026-09-04 01:16:31,519 | WARNING |    ⚠ Blocked (403) retry 3
2026-09-04 01:16:31,634 | INFO | 🌐 Session warmed
2026-09-04 01:16:32,288 | INFO |    ↳ Status 403
2026-09-04 01:16:32,288 | WARNING |    ⚠ Blocked (403) retry 3
2026-09-04 01:16:32,385 | INFO | 🌐 Session warmed
2026-09-04 01:16:32,831 | INFO | [1533/1901] Fetching Rupnagar (RUPN)
2026-09-04 01:16:33,662 | INFO |    ↳ Status 403
2026-09-04 01:16:33,662 | WARNING |    ⚠ Blocked (403) retry 2
2026-09-04 01:16:33,723 | INFO |    ↳ Status 403
2026-09-04 01:16:33,723 | WARNING |    ⚠ Blocked (403) retry 1
2026-09-04 01:16:33,755 | INFO | 🌐 Session warmed
2026-09-04 01:16:33,859 | INFO | 🌐 Session warmed
2026-09-04 01:16:35,635 | INFO | [1534/1901] Fetching Sabbavaram (SABB)
2026-09-04 01:16:36,224 | INFO |    ↳ Status 403
2026-09-04 01:16:36,224 | WARNING |    ⚠ Blocked (403) retry 2
2026-09-04 01:16:36,332 | INFO | 🌐 Session warmed
2026-09-04 01:16:36,341 | INFO |    ↳ Status 403
2026-09-04 01:16:36,341 | WARNING |    ⚠ Blocked (403) retry 1
2026-09-04 01:16:36,385 | INFO | [1535/1901] Fetching Sadasivpet (SADA)
2026-09-04 01:16:36,440 | INFO | 🌐 Session warmed
2026-09-04 01:16:37,077 | INFO |    ↳ Status 403
2026-09-04 01:16:37,078 | WARNING |    ⚠ Blocked (403) retry 3
2026-09-04 01:16:37,176 | INFO | 🌐 Session warmed
2026-09-04 01:16:37,476 | INFO |    ↳ Status 403
2026-09-04 01:16:37,476 | WARNING |    ⚠ Blocked (403) retry 1
2026-09-04 01:16:37,584 | INFO | 🌐 Session warmed
2026-09-04 01:16:38,123 | INFO |    ↳ Status 403
2026-09-04 01:16:38,124 | WARNING |    ⚠ Blocked (403) retry 2
2026-09-04 01:16:38,214 | INFO | 🌐 Session warmed
2026-09-04 01:16:39,302 | INFO |    ↳ Status 403
2026-09-04 01:16:39,302 | WARNING |    ⚠ Blocked (403) retry 2
2026-09-04 01:16:39,314 | INFO |    ↳ Status 403
2026-09-04 01:16:39,314 | WARNING |    ⚠ Blocked (403) retry 3
2026-09-04 01:16:39,419 | INFO | 🌐 Session warmed
2026-09-04 01:16:39,426 | INFO | 🌐 Session warmed
2026-09-04 01:16:41,176 | INFO | [1536/1901] Fetching Safidon (SAFI)
2026-09-04 01:16:41,399 | INFO |    ↳ Status 403
2026-09-04 01:16:41,399 | WARNING |    ⚠ Blocked (403) retry 3
2026-09-04 01:16:41,505 | INFO | 🌐 Session warmed
2026-09-04 01:16:42,532 | INFO |    ↳ Status 403
2026-09-04 01:16:42,532 | WARNING |    ⚠ Blocked (403) retry 1
2026-09-04 01:16:42,571 | INFO |    ↳ Status 403
2026-09-04 01:16:42,571 | WARNING |    ⚠ Blocked (403) retry 3
2026-09-04 01:16:42,645 | INFO | 🌐 Session warmed
2026-09-04 01:16:42,679 | INFO | 🌐 Session warmed
2026-09-04 01:16:43,426 | INFO | [1537/1901] Fetching Sagar (SAMP)
2026-09-04 01:16:44,340 | INFO |    ↳ Status 403
2026-09-04 01:16:44,340 | WARNING |    ⚠ Blocked (403) retry 2
2026-09-04 01:16:44,436 | INFO | 🌐 Session warmed
2026-09-04 01:16:44,457 | INFO |    ↳ Status 403
2026-09-04 01:16:44,457 | WARNING |    ⚠ Blocked (403) retry 1
2026-09-04 01:16:44,544 | INFO | 🌐 Session warmed
2026-09-04 01:16:45,505 | INFO | [1538/1901] Fetching Sagwara (SAGA)
2026-09-04 01:16:46,259 | INFO |    ↳ Status 403
2026-09-04 01:16:46,259 | WARNING |    ⚠ Blocked (403) retry 1
2026-09-04 01:16:46,274 | INFO |    ↳ Status 403
2026-09-04 01:16:46,274 | WARNING |    ⚠ Blocked (403) retry 2
2026-09-04 01:16:46,374 | INFO | 🌐 Session warmed
2026-09-04 01:16:46,375 | INFO | 🌐 Session warmed
2026-09-04 01:16:46,679 | INFO | [1539/1901] Fetching Saharanpur (SAHA)
2026-09-04 01:16:47,810 | INFO |    ↳ Status 403
2026-09-04 01:16:47,811 | WARNING |    ⚠ Blocked (403) retry 3
2026-09-04 01:16:47,916 | INFO | 🌐 Session warmed
2026-09-04 01:16:48,065 | INFO |    ↳ Status 403
2026-09-04 01:16:48,065 | WARNING |    ⚠ Blocked (403) retry 1
2026-09-04 01:16:48,170 | INFO | 🌐 Session warmed
2026-09-04 01:16:48,225 | INFO |    ↳ Status 403
2026-09-04 01:16:48,225 | WARNING |    ⚠ Blocked (403) retry 2
2026-09-04 01:16:48,317 | INFO | 🌐 Session warmed
2026-09-04 01:16:49,246 | INFO |    ↳ Status 403
2026-09-04 01:16:49,246 | WARNING |    ⚠ Blocked (403) retry 3
2026-09-04 01:16:49,340 | INFO | 🌐 Session warmed
2026-09-04 01:16:49,930 | INFO |    ↳ Status 403
2026-09-04 01:16:49,930 | WARNING |    ⚠ Blocked (403) retry 2
2026-09-04 01:16:50,025 | INFO | 🌐 Session warmed
2026-09-04 01:16:51,331 | INFO |    ↳ Status 403
2026-09-04 01:16:51,331 | WARNING |    ⚠ Blocked (403) retry 3
2026-09-04 01:16:51,446 | INFO | 🌐 Session warmed
2026-09-04 01:16:51,916 | INFO | [1540/1901] Fetching Saharsa (SAHH)
2026-09-04 01:16:52,724 | INFO |    ↳ Status 403
2026-09-04 01:16:52,724 | WARNING |    ⚠ Blocked (403) retry 3
2026-09-04 01:16:52,740 | INFO |    ↳ Status 403
2026-09-04 01:16:52,740 | WARNING |    ⚠ Blocked (403) retry 1
2026-09-04 01:16:52,821 | INFO | 🌐 Session warmed
2026-09-04 01:16:52,844 | INFO | 🌐 Session warmed
2026-09-04 01:16:53,341 | INFO | [1541/1901] Fetching Sahibganj (SBBB)
2026-09-04 01:16:54,359 | INFO |    ↳ Status 403
2026-09-04 01:16:54,359 | WARNING |    ⚠ Blocked (403) retry 1
2026-09-04 01:16:54,458 | INFO | 🌐 Session warmed
2026-09-04 01:16:54,808 | INFO |    ↳ Status 403
2026-09-04 01:16:54,808 | WARNING |    ⚠ Blocked (403) retry 2
2026-09-04 01:16:54,904 | INFO | 🌐 Session warmed
2026-09-04 01:16:55,447 | INFO | [1542/1901] Fetching Sahjanwa (SAHJ)
2026-09-04 01:16:56,458 | INFO |    ↳ Status 403
2026-09-04 01:16:56,458 | WARNING |    ⚠ Blocked (403) retry 2
2026-09-04 01:16:56,562 | INFO | 🌐 Session warmed
2026-09-04 01:16:56,729 | INFO |    ↳ Status 403
2026-09-04 01:16:56,730 | WARNING |    ⚠ Blocked (403) retry 1
2026-09-04 01:16:56,821 | INFO | [1543/1901] Fetching Sakleshpur (SASA)
2026-09-04 01:16:56,833 | INFO | 🌐 Session warmed
2026-09-04 01:16:58,017 | INFO |    ↳ Status 403
2026-09-04 01:16:58,017 | WARNING |    ⚠ Blocked (403) retry 3
2026-09-04 01:16:58,030 | INFO |    ↳ Status 403
2026-09-04 01:16:58,030 | WARNING |    ⚠ Blocked (403) retry 1
2026-09-04 01:16:58,114 | INFO | 🌐 Session warmed
2026-09-04 01:16:58,131 | INFO | 🌐 Session warmed
2026-09-04 01:16:59,019 | INFO |    ↳ Status 403
2026-09-04 01:16:59,019 | WARNING |    ⚠ Blocked (403) retry 2
2026-09-04 01:16:59,117 | INFO | 🌐 Session warmed
2026-09-04 01:16:59,199 | INFO |    ↳ Status 403
2026-09-04 01:16:59,199 | WARNING |    ⚠ Blocked (403) retry 3
2026-09-04 01:16:59,304 | INFO | 🌐 Session warmed
2026-09-04 01:17:00,535 | INFO |    ↳ Status 403
2026-09-04 01:17:00,535 | WARNING |    ⚠ Blocked (403) retry 2
2026-09-04 01:17:00,637 | INFO | 🌐 Session warmed
2026-09-04 01:17:02,115 | INFO | [1544/1901] Fetching Sakti (SAKT)
2026-09-04 01:17:02,250 | INFO |    ↳ Status 403
2026-09-04 01:17:02,250 | WARNING |    ⚠ Blocked (403) retry 3
2026-09-04 01:17:02,353 | INFO | 🌐 Session warmed
2026-09-04 01:17:03,305 | INFO | [1545/1901] Fetching Salem (SALM)
2026-09-04 01:17:03,349 | INFO |    ↳ Status 403
2026-09-04 01:17:03,349 | WARNING |    ⚠ Blocked (403) retry 1
2026-09-04 01:17:03,444 | INFO | 🌐 Session warmed
2026-09-04 01:17:03,446 | INFO |    ↳ Status 403
2026-09-04 01:17:03,446 | WARNING |    ⚠ Blocked (403) retry 3
2026-09-04 01:17:03,543 | INFO | 🌐 Session warmed
2026-09-04 01:17:04,443 | INFO |    ↳ Status 403
2026-09-04 01:17:04,443 | WARNING |    ⚠ Blocked (403) retry 1
2026-09-04 01:17:04,560 | INFO | 🌐 Session warmed
2026-09-04 01:17:05,201 | INFO |    ↳ Status 403
2026-09-04 01:17:05,201 | WARNING |    ⚠ Blocked (403) retry 2
2026-09-04 01:17:05,292 | INFO | 🌐 Session warmed
2026-09-04 01:17:06,353 | INFO | [1546/1901] Fetching Saligrama (SGMA)
2026-09-04 01:17:06,694 | INFO |    ↳ Status 403
2026-09-04 01:17:06,695 | WARNING |    ⚠ Blocked (403) retry 2
2026-09-04 01:17:06,807 | INFO | 🌐 Session warmed
2026-09-04 01:17:07,168 | INFO |    ↳ Status 403
2026-09-04 01:17:07,168 | WARNING |    ⚠ Blocked (403) retry 1
2026-09-04 01:17:07,277 | INFO | 🌐 Session warmed
2026-09-04 01:17:07,543 | INFO | [1547/1901] Fetching Salihundam (SAHM)
2026-09-04 01:17:08,301 | INFO |    ↳ Status 403
2026-09-04 01:17:08,301 | WARNING |    ⚠ Blocked (403) retry 1
2026-09-04 01:17:08,400 | INFO | 🌐 Session warmed
2026-09-04 01:17:08,458 | INFO |    ↳ Status 403
2026-09-04 01:17:08,458 | WARNING |    ⚠ Blocked (403) retry 3
2026-09-04 01:17:08,559 | INFO | 🌐 Session warmed
2026-09-04 01:17:09,410 | INFO |    ↳ Status 403
2026-09-04 01:17:09,410 | WARNING |    ⚠ Blocked (403) retry 2
2026-09-04 01:17:09,515 | INFO | 🌐 Session warmed
2026-09-04 01:17:10,084 | INFO |    ↳ Status 403
2026-09-04 01:17:10,084 | WARNING |    ⚠ Blocked (403) retry 3
2026-09-04 01:17:10,186 | INFO | 🌐 Session warmed
2026-09-04 01:17:10,691 | INFO |    ↳ Status 403
2026-09-04 01:17:10,691 | WARNING |    ⚠ Blocked (403) retry 2
2026-09-04 01:17:10,807 | INFO | 🌐 Session warmed
2026-09-04 01:17:12,559 | INFO | [1548/1901] Fetching Salur (SALU)
2026-09-04 01:17:12,723 | INFO |    ↳ Status 403
2026-09-04 01:17:12,723 | WARNING |    ⚠ Blocked (403) retry 3
2026-09-04 01:17:12,822 | INFO | 🌐 Session warmed
2026-09-04 01:17:13,782 | INFO |    ↳ Status 403
2026-09-04 01:17:13,782 | WARNING |    ⚠ Blocked (403) retry 3
2026-09-04 01:17:13,812 | INFO |    ↳ Status 403
2026-09-04 01:17:13,812 | WARNING |    ⚠ Blocked (403) retry 1
2026-09-04 01:17:13,879 | INFO | 🌐 Session warmed
2026-09-04 01:17:13,921 | INFO | 🌐 Session warmed
2026-09-04 01:17:14,187 | INFO | [1549/1901] Fetching Samalkota (SAMA)
2026-09-04 01:17:15,185 | INFO |    ↳ Status 403
2026-09-04 01:17:15,185 | WARNING |    ⚠ Blocked (403) retry 1
2026-09-04 01:17:15,285 | INFO | 🌐 Session warmed
2026-09-04 01:17:15,749 | INFO |    ↳ Status 403
2026-09-04 01:17:15,749 | WARNING |    ⚠ Blocked (403) retry 2
2026-09-04 01:17:15,861 | INFO | 🌐 Session warmed
2026-09-04 01:17:16,823 | INFO | [1550/1901] Fetching Samastipur (SMST)
2026-09-04 01:17:17,408 | INFO |    ↳ Status 403
2026-09-04 01:17:17,408 | WARNING |    ⚠ Blocked (403) retry 2
2026-09-04 01:17:17,506 | INFO | 🌐 Session warmed
2026-09-04 01:17:17,880 | INFO | [1551/1901] Fetching Sambalpur (SAMB)
2026-09-04 01:17:17,981 | INFO |    ↳ Status 403
2026-09-04 01:17:17,981 | WARNING |    ⚠ Blocked (403) retry 1
2026-09-04 01:17:18,071 | INFO | 🌐 Session warmed
2026-09-04 01:17:18,741 | INFO |    ↳ Status 403
2026-09-04 01:17:18,741 | WARNING |    ⚠ Blocked (403) retry 1
2026-09-04 01:17:18,847 | INFO | 🌐 Session warmed
2026-09-04 01:17:18,983 | INFO |    ↳ Status 403
2026-09-04 01:17:18,983 | WARNING |    ⚠ Blocked (403) retry 3
2026-09-04 01:17:19,088 | INFO | 🌐 Session warmed
2026-09-04 01:17:20,426 | INFO |    ↳ Status 403
2026-09-04 01:17:20,426 | WARNING |    ⚠ Blocked (403) retry 3
2026-09-04 01:17:20,440 | INFO |    ↳ Status 403
2026-09-04 01:17:20,440 | WARNING |    ⚠ Blocked (403) retry 2
2026-09-04 01:17:20,534 | INFO | 🌐 Session warmed
2026-09-04 01:17:20,537 | INFO | 🌐 Session warmed
2026-09-04 01:17:20,760 | INFO |    ↳ Status 403
2026-09-04 01:17:20,760 | WARNING |    ⚠ Blocked (403) retry 2
2026-09-04 01:17:20,857 | INFO | 🌐 Session warmed
2026-09-04 01:17:23,088 | INFO | [1552/1901] Fetching Sambhal (SAML)
2026-09-04 01:17:23,654 | INFO |    ↳ Status 403
2026-09-04 01:17:23,654 | WARNING |    ⚠ Blocked (403) retry 3
2026-09-04 01:17:23,733 | INFO | 🌐 Session warmed
2026-09-04 01:17:23,809 | INFO |    ↳ Status 403
2026-09-04 01:17:23,809 | WARNING |    ⚠ Blocked (403) retry 3
2026-09-04 01:17:23,899 | INFO | 🌐 Session warmed
2026-09-04 01:17:24,324 | INFO |    ↳ Status 403
2026-09-04 01:17:24,324 | WARNING |    ⚠ Blocked (403) retry 1
2026-09-04 01:17:24,441 | INFO | 🌐 Session warmed
2026-09-04 01:17:24,537 | INFO | [1553/1901] Fetching Sambhar (SABH)
2026-09-04 01:17:25,931 | INFO |    ↳ Status 403
2026-09-04 01:17:25,931 | WARNING |    ⚠ Blocked (403) retry 1
2026-09-04 01:17:26,047 | INFO | 🌐 Session warmed
2026-09-04 01:17:26,627 | INFO |    ↳ Status 403
2026-09-04 01:17:26,627 | WARNING |    ⚠ Blocked (403) retry 2
2026-09-04 01:17:26,737 | INFO | 🌐 Session warmed
2026-09-04 01:17:27,734 | INFO | [1554/1901] Fetching Samsi (SAMS)
2026-09-04 01:17:27,900 | INFO | [1555/1901] Fetching Sanand (SANA)
2026-09-04 01:17:27,913 | INFO |    ↳ Status 403
2026-09-04 01:17:27,913 | WARNING |    ⚠ Blocked (403) retry 2
2026-09-04 01:17:28,013 | INFO | 🌐 Session warmed
2026-09-04 01:17:28,357 | INFO |    ↳ Status 403
2026-09-04 01:17:28,357 | WARNING |    ⚠ Blocked (403) retry 1
2026-09-04 01:17:28,460 | INFO | 🌐 Session warmed
2026-09-04 01:17:28,825 | INFO |    ↳ Status 403
2026-09-04 01:17:28,825 | WARNING |    ⚠ Blocked (403) retry 1
2026-09-04 01:17:28,940 | INFO | 🌐 Session warmed
2026-09-04 01:17:29,496 | INFO |    ↳ Status 403
2026-09-04 01:17:29,496 | WARNING |    ⚠ Blocked (403) retry 3
2026-09-04 01:17:29,592 | INFO | 🌐 Session warmed
2026-09-04 01:17:30,580 | INFO |    ↳ Status 403
2026-09-04 01:17:30,580 | WARNING |    ⚠ Blocked (403) retry 2
2026-09-04 01:17:30,683 | INFO | 🌐 Session warmed
2026-09-04 01:17:30,917 | INFO |    ↳ Status 403
2026-09-04 01:17:30,917 | WARNING |    ⚠ Blocked (403) retry 2
2026-09-04 01:17:30,963 | INFO |    ↳ Status 403
2026-09-04 01:17:30,963 | WARNING |    ⚠ Blocked (403) retry 3
2026-09-04 01:17:31,039 | INFO | 🌐 Session warmed
2026-09-04 01:17:31,079 | INFO | 🌐 Session warmed
2026-09-04 01:17:33,593 | INFO | [1556/1901] Fetching Sanawad (SNWD)
2026-09-04 01:17:33,809 | INFO |    ↳ Status 403
2026-09-04 01:17:33,809 | WARNING |    ⚠ Blocked (403) retry 3
2026-09-04 01:17:33,924 | INFO | 🌐 Session warmed
2026-09-04 01:17:33,941 | INFO |    ↳ Status 403
2026-09-04 01:17:33,941 | WARNING |    ⚠ Blocked (403) retry 3
2026-09-04 01:17:34,031 | INFO | 🌐 Session warmed
2026-09-04 01:17:34,296 | INFO |    ↳ Status 403
2026-09-04 01:17:34,296 | WARNING |    ⚠ Blocked (403) retry 1
2026-09-04 01:17:34,410 | INFO | 🌐 Session warmed
2026-09-04 01:17:35,079 | INFO | [1557/1901] Fetching Sangamner (SMNE)
2026-09-04 01:17:36,045 | INFO |    ↳ Status 403
2026-09-04 01:17:36,045 | WARNING |    ⚠ Blocked (403) retry 2
2026-09-04 01:17:36,059 | INFO |    ↳ Status 403
2026-09-04 01:17:36,059 | WARNING |    ⚠ Blocked (403) retry 1
2026-09-04 01:17:36,167 | INFO | 🌐 Session warmed
2026-09-04 01:17:36,176 | INFO | 🌐 Session warmed
2026-09-04 01:17:37,830 | INFO |    ↳ Status 403
2026-09-04 01:17:37,830 | WARNING |    ⚠ Blocked (403) retry 2
2026-09-04 01:17:37,924 | INFO | [1558/1901] Fetching Sangareddy (SARE)
2026-09-04 01:17:37,930 | INFO | 🌐 Session warmed
2026-09-04 01:17:38,031 | INFO | [1559/1901] Fetching Sangaria (SAGR)
2026-09-04 01:17:38,852 | INFO |    ↳ Status 403
2026-09-04 01:17:38,853 | WARNING |    ⚠ Blocked (403) retry 1
2026-09-04 01:17:38,947 | INFO | 🌐 Session warmed
2026-09-04 01:17:39,023 | INFO |    ↳ Status 403
2026-09-04 01:17:39,023 | WARNING |    ⚠ Blocked (403) retry 1
2026-09-04 01:17:39,131 | INFO | 🌐 Session warmed
2026-09-04 01:17:39,240 | INFO |    ↳ Status 403
2026-09-04 01:17:39,241 | WARNING |    ⚠ Blocked (403) retry 3
2026-09-04 01:17:39,353 | INFO | 🌐 Session warmed
2026-09-04 01:17:40,683 | INFO |    ↳ Status 403
2026-09-04 01:17:40,683 | WARNING |    ⚠ Blocked (403) retry 2
2026-09-04 01:17:40,776 | INFO | 🌐 Session warmed
2026-09-04 01:17:40,965 | INFO |    ↳ Status 403
2026-09-04 01:17:40,965 | WARNING |    ⚠ Blocked (403) retry 3
2026-09-04 01:17:41,054 | INFO | 🌐 Session warmed
2026-09-04 01:17:41,206 | INFO |    ↳ Status 403
2026-09-04 01:17:41,206 | WARNING |    ⚠ Blocked (403) retry 2
2026-09-04 01:17:41,331 | INFO | 🌐 Session warmed
2026-09-04 01:17:43,353 | INFO | [1560/1901] Fetching Sangli (SANG)
2026-09-04 01:17:43,873 | INFO |    ↳ Status 403
2026-09-04 01:17:43,874 | WARNING |    ⚠ Blocked (403) retry 3
2026-09-04 01:17:43,968 | INFO | 🌐 Session warmed
2026-09-04 01:17:44,095 | INFO |    ↳ Status 403
2026-09-04 01:17:44,095 | WARNING |    ⚠ Blocked (403) retry 3
2026-09-04 01:17:44,190 | INFO | 🌐 Session warmed
2026-09-04 01:17:44,408 | INFO |    ↳ Status 403
2026-09-04 01:17:44,408 | WARNING |    ⚠ Blocked (403) retry 1
2026-09-04 01:17:44,532 | INFO | 🌐 Session warmed
2026-09-04 01:17:45,054 | INFO | [1561/1901] Fetching Sangola (SNGO)
2026-09-04 01:17:45,846 | INFO |    ↳ Status 403
2026-09-04 01:17:45,846 | WARNING |    ⚠ Blocked (403) retry 1
2026-09-04 01:17:45,946 | INFO | 🌐 Session warmed
2026-09-04 01:17:46,584 | INFO |    ↳ Status 403
2026-09-04 01:17:46,584 | WARNING |    ⚠ Blocked (403) retry 2
2026-09-04 01:17:46,708 | INFO | 🌐 Session warmed
2026-09-04 01:17:47,654 | INFO |    ↳ Status 403
2026-09-04 01:17:47,654 | WARNING |    ⚠ Blocked (403) retry 2
2026-09-04 01:17:47,748 | INFO | 🌐 Session warmed
2026-09-04 01:17:47,969 | INFO | [1562/1901] Fetching Sangrur (SANR)
2026-09-04 01:17:48,191 | INFO | [1563/1901] Fetching Sankarankoil (SAKL)
2026-09-04 01:17:48,625 | INFO |    ↳ Status 403
2026-09-04 01:17:48,625 | WARNING |    ⚠ Blocked (403) retry 1
2026-09-04 01:17:48,726 | INFO | 🌐 Session warmed
2026-09-04 01:17:49,592 | INFO |    ↳ Status 403
2026-09-04 01:17:49,592 | WARNING |    ⚠ Blocked (403) retry 1
2026-09-04 01:17:49,697 | INFO | 🌐 Session warmed
2026-09-04 01:17:49,953 | INFO |    ↳ Status 403
2026-09-04 01:17:49,953 | WARNING |    ⚠ Blocked (403) retry 3
2026-09-04 01:17:50,054 | INFO | 🌐 Session warmed
2026-09-04 01:17:50,454 | INFO |    ↳ Status 403
2026-09-04 01:17:50,454 | WARNING |    ⚠ Blocked (403) retry 2
2026-09-04 01:17:50,546 | INFO | 🌐 Session warmed
2026-09-04 01:17:50,711 | INFO |    ↳ Status 403
2026-09-04 01:17:50,711 | WARNING |    ⚠ Blocked (403) retry 3
2026-09-04 01:17:50,809 | INFO | 🌐 Session warmed
2026-09-04 01:17:51,955 | INFO |    ↳ Status 403
2026-09-04 01:17:51,955 | WARNING |    ⚠ Blocked (403) retry 2
2026-09-04 01:17:52,048 | INFO | 🌐 Session warmed
2026-09-04 01:17:53,684 | INFO |    ↳ Status 403
2026-09-04 01:17:53,684 | WARNING |    ⚠ Blocked (403) retry 3
2026-09-04 01:17:53,798 | INFO | 🌐 Session warmed
2026-09-04 01:17:54,054 | INFO | [1564/1901] Fetching Sankarapuram (SKPM)
2026-09-04 01:17:54,783 | INFO |    ↳ Status 403
2026-09-04 01:17:54,783 | WARNING |    ⚠ Blocked (403) retry 1
2026-09-04 01:17:54,810 | INFO | [1565/1901] Fetching Sankeshwar (SKHW)
2026-09-04 01:17:54,893 | INFO | 🌐 Session warmed
2026-09-04 01:17:55,063 | INFO |    ↳ Status 403
2026-09-04 01:17:55,063 | WARNING |    ⚠ Blocked (403) retry 3
2026-09-04 01:17:55,154 | INFO | 🌐 Session warmed
2026-09-04 01:17:55,507 | INFO |    ↳ Status 403
2026-09-04 01:17:55,507 | WARNING |    ⚠ Blocked (403) retry 1
2026-09-04 01:17:55,607 | INFO | 🌐 Session warmed
2026-09-04 01:17:57,156 | INFO |    ↳ Status 403
2026-09-04 01:17:57,156 | WARNING |    ⚠ Blocked (403) retry 2
2026-09-04 01:17:57,265 | INFO | 🌐 Session warmed
2026-09-04 01:17:57,518 | INFO |    ↳ Status 403
2026-09-04 01:17:57,518 | WARNING |    ⚠ Blocked (403) retry 2
2026-09-04 01:17:57,608 | INFO | 🌐 Session warmed
2026-09-04 01:17:57,798 | INFO | [1566/1901] Fetching Sankri (SANK)
2026-09-04 01:17:59,127 | INFO |    ↳ Status 403
2026-09-04 01:17:59,127 | WARNING |    ⚠ Blocked (403) retry 1
2026-09-04 01:17:59,154 | INFO | [1567/1901] Fetching Santhebennur (STHB)
2026-09-04 01:17:59,248 | INFO | 🌐 Session warmed
2026-09-04 01:17:59,921 | INFO |    ↳ Status 403
2026-09-04 01:17:59,921 | WARNING |    ⚠ Blocked (403) retry 3
2026-09-04 01:18:00,022 | INFO | 🌐 Session warmed
2026-09-04 01:18:00,219 | INFO |    ↳ Status 403
2026-09-04 01:18:00,219 | WARNING |    ⚠ Blocked (403) retry 1
2026-09-04 01:18:00,325 | INFO | 🌐 Session warmed
2026-09-04 01:18:00,332 | INFO |    ↳ Status 403
2026-09-04 01:18:00,332 | WARNING |    ⚠ Blocked (403) retry 3
2026-09-04 01:18:00,422 | INFO | 🌐 Session warmed
2026-09-04 01:18:01,653 | INFO |    ↳ Status 403
2026-09-04 01:18:01,653 | WARNING |    ⚠ Blocked (403) retry 2
2026-09-04 01:18:01,748 | INFO | 🌐 Session warmed
2026-09-04 01:18:02,022 | INFO |    ↳ Status 403
2026-09-04 01:18:02,022 | WARNING |    ⚠ Blocked (403) retry 2
2026-09-04 01:18:02,152 | INFO | 🌐 Session warmed
2026-09-04 01:18:04,023 | INFO | [1568/1901] Fetching Sanwer (SAWR)
2026-09-04 01:18:04,423 | INFO | [1569/1901] Fetching Saoner (SAOR)
2026-09-04 01:18:04,669 | INFO |    ↳ Status 403
2026-09-04 01:18:04,669 | WARNING |    ⚠ Blocked (403) retry 1
2026-09-04 01:18:04,756 | INFO | 🌐 Session warmed
2026-09-04 01:18:04,924 | INFO |    ↳ Status 403
2026-09-04 01:18:04,924 | WARNING |    ⚠ Blocked (403) retry 3
2026-09-04 01:18:05,001 | INFO |    ↳ Status 403
2026-09-04 01:18:05,001 | WARNING |    ⚠ Blocked (403) retry 3
2026-09-04 01:18:05,020 | INFO | 🌐 Session warmed
2026-09-04 01:18:05,107 | INFO | 🌐 Session warmed
2026-09-04 01:18:05,479 | INFO |    ↳ Status 403
2026-09-04 01:18:05,479 | WARNING |    ⚠ Blocked (403) retry 1
2026-09-04 01:18:05,568 | INFO | 🌐 Session warmed
2026-09-04 01:18:06,576 | INFO |    ↳ Status 403
2026-09-04 01:18:06,576 | WARNING |    ⚠ Blocked (403) retry 2
2026-09-04 01:18:07,209 | INFO |    ↳ Status 403
2026-09-04 01:18:07,210 | WARNING |    ⚠ Blocked (403) retry 2
2026-09-04 01:18:07,305 | INFO | 🌐 Session warmed
2026-09-04 01:18:07,863 | INFO | 🌐 Session warmed
2026-09-04 01:18:09,021 | INFO | [1570/1901] Fetching Saraipali (SPAL)
2026-09-04 01:18:09,107 | INFO | [1571/1901] Fetching Sarangarh (SARH)
2026-09-04 01:18:09,764 | INFO |    ↳ Status 403
2026-09-04 01:18:09,764 | WARNING |    ⚠ Blocked (403) retry 1
2026-09-04 01:18:09,855 | INFO | 🌐 Session warmed
2026-09-04 01:18:09,913 | INFO |    ↳ Status 403
2026-09-04 01:18:09,914 | WARNING |    ⚠ Blocked (403) retry 1
2026-09-04 01:18:10,021 | INFO | 🌐 Session warmed
2026-09-04 01:18:10,645 | INFO |    ↳ Status 403
2026-09-04 01:18:10,645 | WARNING |    ⚠ Blocked (403) retry 3
2026-09-04 01:18:10,736 | INFO | 🌐 Session warmed
2026-09-04 01:18:11,521 | INFO |    ↳ Status 403
2026-09-04 01:18:11,521 | WARNING |    ⚠ Blocked (403) retry 2
2026-09-04 01:18:11,618 | INFO | 🌐 Session warmed
2026-09-04 01:18:11,710 | INFO |    ↳ Status 200
2026-09-04 01:18:11,710 | INFO |    ✓ Found 6 movies
2026-09-04 01:18:11,710 | INFO | [1572/1901] Fetching Sarangpur (SARA)
2026-09-04 01:18:12,436 | INFO |    ↳ Status 403
2026-09-04 01:18:12,436 | WARNING |    ⚠ Blocked (403) retry 2
2026-09-04 01:18:12,530 | INFO | 🌐 Session warmed
2026-09-04 01:18:13,257 | INFO |    ↳ Status 200
2026-09-04 01:18:13,257 | INFO |    ✓ Found 6 movies
2026-09-04 01:18:13,258 | INFO | [1573/1901] Fetching Sarapaka (SARP)
2026-09-04 01:18:14,415 | INFO |    ↳ Status 403
2026-09-04 01:18:14,415 | WARNING |    ⚠ Blocked (403) retry 3
2026-09-04 01:18:14,513 | INFO | 🌐 Session warmed
2026-09-04 01:18:14,736 | INFO | [1574/1901] Fetching Sardhana (DDDD)
2026-09-04 01:18:15,146 | INFO |    ↳ Status 200
2026-09-04 01:18:15,146 | INFO |    ✓ Found 8 movies
2026-09-04 01:18:15,146 | INFO | [1575/1901] Fetching Sardulgarh (SARD)
2026-09-04 01:18:15,383 | INFO |    ↳ Status 403
2026-09-04 01:18:15,383 | WARNING |    ⚠ Blocked (403) retry 3
2026-09-04 01:18:15,442 | INFO |    ↳ Status 403
2026-09-04 01:18:15,442 | WARNING |    ⚠ Blocked (403) retry 1
2026-09-04 01:18:15,483 | INFO | 🌐 Session warmed
2026-09-04 01:18:15,537 | INFO | 🌐 Session warmed
2026-09-04 01:18:17,403 | INFO |    ↳ Status 403
2026-09-04 01:18:17,403 | WARNING |    ⚠ Blocked (403) retry 2
2026-09-04 01:18:17,512 | INFO | 🌐 Session warmed
2026-09-04 01:18:18,271 | INFO |    ↳ Status 200
2026-09-04 01:18:18,271 | INFO |    ✓ Found 7 movies
2026-09-04 01:18:18,271 | INFO | [1576/1901] Fetching Sarnath (SART)
2026-09-04 01:18:18,514 | INFO | [1577/1901] Fetching Sarni (SARN)
2026-09-04 01:18:19,254 | INFO |    ↳ Status 403
2026-09-04 01:18:19,254 | WARNING |    ⚠ Blocked (403) retry 1
2026-09-04 01:18:19,357 | INFO | 🌐 Session warmed
2026-09-04 01:18:19,483 | INFO | [1578/1901] Fetching Sarsiwa (SARS)
2026-09-04 01:18:20,329 | INFO |    ↳ Status 200
2026-09-04 01:18:20,330 | INFO |    ✓ Found 5 movies
2026-09-04 01:18:20,330 | INFO | [1579/1901] Fetching Sasaram (SARM)
2026-09-04 01:18:20,346 | INFO |    ↳ Status 403
2026-09-04 01:18:20,346 | WARNING |    ⚠ Blocked (403) retry 1
2026-09-04 01:18:20,436 | INFO | 🌐 Session warmed
2026-09-04 01:18:20,696 | INFO |    ↳ Status 403
2026-09-04 01:18:20,696 | WARNING |    ⚠ Blocked (403) retry 3
2026-09-04 01:18:20,808 | INFO | 🌐 Session warmed
2026-09-04 01:18:21,069 | INFO |    ↳ Status 403
2026-09-04 01:18:21,069 | WARNING |    ⚠ Blocked (403) retry 2
2026-09-04 01:18:21,162 | INFO | 🌐 Session warmed
2026-09-04 01:18:22,543 | INFO |    ↳ Status 403
2026-09-04 01:18:22,544 | WARNING |    ⚠ Blocked (403) retry 2
2026-09-04 01:18:22,608 | INFO |    ↳ Status 200
2026-09-04 01:18:22,608 | INFO |    ✓ Found 7 movies
2026-09-04 01:18:22,608 | INFO | [1580/1901] Fetching Satana (STNA)
2026-09-04 01:18:22,657 | INFO | 🌐 Session warmed
2026-09-04 01:18:24,115 | INFO |    ↳ Status 200
2026-09-04 01:18:24,116 | INFO |    ✓ Found 6 movies
2026-09-04 01:18:24,116 | INFO | [1581/1901] Fetching Satara (SATA)
2026-09-04 01:18:24,241 | INFO |    ↳ Status 403
2026-09-04 01:18:24,241 | WARNING |    ⚠ Blocked (403) retry 3
2026-09-04 01:18:24,328 | INFO | 🌐 Session warmed
2026-09-04 01:18:24,809 | INFO | [1582/1901] Fetching Sathankulam (SNTK)
2026-09-04 01:18:25,916 | INFO |    ↳ Status 403
2026-09-04 01:18:25,916 | WARNING |    ⚠ Blocked (403) retry 3
2026-09-04 01:18:26,006 | INFO | 🌐 Session warmed
2026-09-04 01:18:26,069 | INFO |    ↳ Status 403
2026-09-04 01:18:26,069 | WARNING |    ⚠ Blocked (403) retry 1
2026-09-04 01:18:26,194 | INFO | 🌐 Session warmed
2026-09-04 01:18:26,828 | INFO |    ↳ Status 200
2026-09-04 01:18:26,828 | INFO |    ✓ Found 6 movies
2026-09-04 01:18:26,828 | INFO | [1583/1901] Fetching Sathupally (SATH)
2026-09-04 01:18:27,984 | INFO |    ↳ Status 403
2026-09-04 01:18:27,984 | WARNING |    ⚠ Blocked (403) retry 2
2026-09-04 01:18:28,118 | INFO | 🌐 Session warmed
2026-09-04 01:18:28,163 | INFO |    ↳ Status 200
2026-09-04 01:18:28,164 | INFO |    ✓ Found 8 movies
2026-09-04 01:18:28,164 | INFO | [1584/1901] Fetching Sathyamangalam (STHY)
2026-09-04 01:18:28,329 | INFO | [1585/1901] Fetching Satmile (SATI)
2026-09-04 01:18:29,188 | INFO |    ↳ Status 403
2026-09-04 01:18:29,188 | WARNING |    ⚠ Blocked (403) retry 1
2026-09-04 01:18:29,267 | INFO | 🌐 Session warmed
2026-09-04 01:18:30,007 | INFO | [1586/1901] Fetching Satna (SATN)
2026-09-04 01:18:30,395 | INFO |    ↳ Status 200
2026-09-04 01:18:30,395 | INFO |    ✓ Found 8 movies
2026-09-04 01:18:30,395 | INFO | [1587/1901] Fetching Sattenapalle (SATL)
2026-09-04 01:18:30,808 | INFO |    ↳ Status 403
2026-09-04 01:18:30,808 | WARNING |    ⚠ Blocked (403) retry 3
2026-09-04 01:18:30,854 | INFO |    ↳ Status 403
2026-09-04 01:18:30,854 | WARNING |    ⚠ Blocked (403) retry 1
2026-09-04 01:18:30,907 | INFO | 🌐 Session warmed
2026-09-04 01:18:30,948 | INFO | 🌐 Session warmed
2026-09-04 01:18:31,398 | INFO |    ↳ Status 403
2026-09-04 01:18:31,399 | WARNING |    ⚠ Blocked (403) retry 2
2026-09-04 01:18:31,519 | INFO | 🌐 Session warmed
2026-09-04 01:18:32,620 | INFO |    ↳ Status 200
2026-09-04 01:18:32,621 | INFO |    ✓ Found 7 movies
2026-09-04 01:18:32,621 | INFO | [1588/1901] Fetching Saundatti (SAUN)
2026-09-04 01:18:32,834 | INFO |    ↳ Status 403
2026-09-04 01:18:32,834 | WARNING |    ⚠ Blocked (403) retry 2
2026-09-04 01:18:32,931 | INFO | 🌐 Session warmed
2026-09-04 01:18:34,596 | INFO |    ↳ Status 403
2026-09-04 01:18:34,596 | WARNING |    ⚠ Blocked (403) retry 3
2026-09-04 01:18:34,692 | INFO | 🌐 Session warmed
2026-09-04 01:18:34,840 | INFO |    ↳ Status 200
2026-09-04 01:18:34,840 | INFO |    ✓ Found 4 movies
2026-09-04 01:18:34,840 | INFO | [1589/1901] Fetching Sawai Madhopur (SWMP)
2026-09-04 01:18:34,907 | INFO | [1590/1901] Fetching Sawantwadi (SAWA)
2026-09-04 01:18:36,217 | INFO |    ↳ Status 403
2026-09-04 01:18:36,217 | WARNING |    ⚠ Blocked (403) retry 1
2026-09-04 01:18:36,231 | INFO |    ↳ Status 403
2026-09-04 01:18:36,231 | WARNING |    ⚠ Blocked (403) retry 3
2026-09-04 01:18:36,308 | INFO | 🌐 Session warmed
2026-09-04 01:18:36,335 | INFO | 🌐 Session warmed
2026-09-04 01:18:36,986 | INFO |    ↳ Status 200
2026-09-04 01:18:36,986 | INFO |    ✓ Found 4 movies
2026-09-04 01:18:36,986 | INFO | [1591/1901] Fetching Sayan (SYAN)
2026-09-04 01:18:38,016 | INFO |    ↳ Status 403
2026-09-04 01:18:38,016 | WARNING |    ⚠ Blocked (403) retry 2
2026-09-04 01:18:38,120 | INFO | 🌐 Session warmed
2026-09-04 01:18:38,492 | INFO |    ↳ Status 200
2026-09-04 01:18:38,492 | INFO |    ✓ Found 7 movies
2026-09-04 01:18:38,493 | INFO | [1592/1901] Fetching Secunderabad (SCBD)
2026-09-04 01:18:38,692 | INFO | [1593/1901] Fetching Seethanagaram (SEET)
2026-09-04 01:18:39,673 | INFO |    ↳ Status 403
2026-09-04 01:18:39,673 | WARNING |    ⚠ Blocked (403) retry 1
2026-09-04 01:18:39,787 | INFO | 🌐 Session warmed
2026-09-04 01:18:40,336 | INFO | [1594/1901] Fetching Sehmalpur (SEHL)
2026-09-04 01:18:40,591 | INFO |    ↳ Status 200
2026-09-04 01:18:40,591 | INFO |    ✓ Found 8 movies
2026-09-04 01:18:40,591 | INFO | [1595/1901] Fetching Sehore (SEHO)
2026-09-04 01:18:40,994 | INFO |    ↳ Status 403
2026-09-04 01:18:40,994 | WARNING |    ⚠ Blocked (403) retry 1
2026-09-04 01:18:41,089 | INFO | 🌐 Session warmed
2026-09-04 01:18:41,414 | INFO |    ↳ Status 403
2026-09-04 01:18:41,414 | WARNING |    ⚠ Blocked (403) retry 2
2026-09-04 01:18:41,507 | INFO | 🌐 Session warmed
2026-09-04 01:18:41,507 | INFO |    ↳ Status 403
2026-09-04 01:18:41,507 | WARNING |    ⚠ Blocked (403) retry 3
2026-09-04 01:18:41,621 | INFO | 🌐 Session warmed
2026-09-04 01:18:42,617 | INFO |    ↳ Status 200
2026-09-04 01:18:42,617 | INFO |    ✓ Found 6 movies
2026-09-04 01:18:42,617 | INFO | [1596/1901] Fetching Selu (SELU)
2026-09-04 01:18:43,244 | INFO |    ↳ Status 403
2026-09-04 01:18:43,244 | WARNING |    ⚠ Blocked (403) retry 2
2026-09-04 01:18:43,337 | INFO | 🌐 Session warmed
2026-09-04 01:18:44,313 | INFO |    ↳ Status 403
2026-09-04 01:18:44,313 | WARNING |    ⚠ Blocked (403) retry 3
2026-09-04 01:18:44,412 | INFO | 🌐 Session warmed
2026-09-04 01:18:44,590 | INFO |    ↳ Status 200
2026-09-04 01:18:44,590 | INFO |    ✓ Found 6 movies
2026-09-04 01:18:44,590 | INFO | [1597/1901] Fetching Semiliguda (SIMI)
2026-09-04 01:18:45,622 | INFO | [1598/1901] Fetching Senapati (SENA)
2026-09-04 01:18:46,467 | INFO |    ↳ Status 403
2026-09-04 01:18:46,467 | WARNING |    ⚠ Blocked (403) retry 3
2026-09-04 01:18:46,566 | INFO | 🌐 Session warmed
2026-09-04 01:18:46,808 | INFO |    ↳ Status 200
2026-09-04 01:18:46,809 | INFO |    ✓ Found 8 movies
2026-09-04 01:18:46,809 | INFO | [1599/1901] Fetching Sendhwa (SEND)
2026-09-04 01:18:46,930 | INFO |    ↳ Status 403
2026-09-04 01:18:46,930 | WARNING |    ⚠ Blocked (403) retry 1
2026-09-04 01:18:47,021 | INFO | 🌐 Session warmed
2026-09-04 01:18:48,413 | INFO | [1600/1901] Fetching Sendurai (SEAI)
2026-09-04 01:18:48,827 | INFO |    ↳ Status 200
2026-09-04 01:18:48,827 | INFO |    ✓ Found 6 movies
2026-09-04 01:18:48,827 | INFO | [1601/1901] Fetching Sengottai (SENG)
2026-09-04 01:18:48,864 | INFO |    ↳ Status 403
2026-09-04 01:18:48,864 | WARNING |    ⚠ Blocked (403) retry 2
2026-09-04 01:18:48,977 | INFO | 🌐 Session warmed
2026-09-04 01:18:49,465 | INFO |    ↳ Status 403
2026-09-04 01:18:49,465 | WARNING |    ⚠ Blocked (403) retry 1
2026-09-04 01:18:49,559 | INFO | 🌐 Session warmed
2026-09-04 01:18:50,099 | INFO |    ↳ Status 200
2026-09-04 01:18:50,100 | INFO |    ✓ Found 8 movies
2026-09-04 01:18:50,100 | INFO | [1602/1901] Fetching Seoni (SEON)
2026-09-04 01:18:50,567 | INFO | [1603/1901] Fetching Seoni Malwa (SEMA)
2026-09-04 01:18:51,298 | INFO |    ↳ Status 403
2026-09-04 01:18:51,299 | WARNING |    ⚠ Blocked (403) retry 1
2026-09-04 01:18:51,397 | INFO |    ↳ Status 200
2026-09-04 01:18:51,397 | INFO |    ✓ Found 6 movies
2026-09-04 01:18:51,397 | INFO | [1604/1901] Fetching Serampore (SERA)
2026-09-04 01:18:51,401 | INFO | 🌐 Session warmed
2026-09-04 01:18:51,744 | INFO |    ↳ Status 403
2026-09-04 01:18:51,744 | WARNING |    ⚠ Blocked (403) retry 3
2026-09-04 01:18:51,787 | INFO |    ↳ Status 403
2026-09-04 01:18:51,787 | WARNING |    ⚠ Blocked (403) retry 2
2026-09-04 01:18:51,840 | INFO | 🌐 Session warmed
2026-09-04 01:18:51,907 | INFO | 🌐 Session warmed
2026-09-04 01:18:53,079 | INFO |    ↳ Status 403
2026-09-04 01:18:53,080 | WARNING |    ⚠ Blocked (403) retry 2
2026-09-04 01:18:53,177 | INFO | 🌐 Session warmed
2026-09-04 01:18:53,569 | INFO |    ↳ Status 200
2026-09-04 01:18:53,570 | INFO |    ✓ Found 6 movies
2026-09-04 01:18:53,570 | INFO | [1605/1901] Fetching Shadnagar (SHAD)
2026-09-04 01:18:55,169 | INFO |    ↳ Status 403
2026-09-04 01:18:55,169 | WARNING |    ⚠ Blocked (403) retry 3
2026-09-04 01:18:55,261 | INFO | 🌐 Session warmed
2026-09-04 01:18:55,840 | INFO | [1606/1901] Fetching Shahada (SHHA)
2026-09-04 01:18:56,408 | INFO |    ↳ Status 403
2026-09-04 01:18:56,409 | WARNING |    ⚠ Blocked (403) retry 3
2026-09-04 01:18:56,493 | INFO |    ↳ Status 200
2026-09-04 01:18:56,493 | INFO |    ✓ Found 8 movies
2026-09-04 01:18:56,493 | INFO | [1607/1901] Fetching Shahapur (SHAP)
2026-09-04 01:18:56,521 | INFO |    ↳ Status 403
2026-09-04 01:18:56,521 | WARNING |    ⚠ Blocked (403) retry 1
2026-09-04 01:18:56,524 | INFO | 🌐 Session warmed
2026-09-04 01:18:56,625 | INFO | 🌐 Session warmed
2026-09-04 01:18:58,559 | INFO |    ↳ Status 200
2026-09-04 01:18:58,559 | INFO |    ✓ Found 4 movies
2026-09-04 01:18:58,559 | INFO | [1608/1901] Fetching Shahdol (SHAH)
2026-09-04 01:18:58,768 | INFO |    ↳ Status 403
2026-09-04 01:18:58,768 | WARNING |    ⚠ Blocked (403) retry 2
2026-09-04 01:18:58,876 | INFO | 🌐 Session warmed
2026-09-04 01:18:59,262 | INFO | [1609/1901] Fetching Shahjahanpur (SHJH)
2026-09-04 01:18:59,954 | INFO |    ↳ Status 403
2026-09-04 01:18:59,955 | WARNING |    ⚠ Blocked (403) retry 1
2026-09-04 01:19:00,059 | INFO | 🌐 Session warmed
2026-09-04 01:19:00,525 | INFO | [1610/1901] Fetching Shahpur (SUPH)
2026-09-04 01:19:00,729 | INFO |    ↳ Status 200
2026-09-04 01:19:00,730 | INFO |    ✓ Found 6 movies
2026-09-04 01:19:00,730 | INFO | [1611/1901] Fetching Shahpura (SHAA)
2026-09-04 01:19:01,425 | INFO |    ↳ Status 403
2026-09-04 01:19:01,425 | WARNING |    ⚠ Blocked (403) retry 1
2026-09-04 01:19:01,517 | INFO | 🌐 Session warmed
2026-09-04 01:19:01,944 | INFO |    ↳ Status 403
2026-09-04 01:19:01,945 | WARNING |    ⚠ Blocked (403) retry 3
2026-09-04 01:19:02,055 | INFO | 🌐 Session warmed
2026-09-04 01:19:02,079 | INFO |    ↳ Status 403
2026-09-04 01:19:02,079 | WARNING |    ⚠ Blocked (403) retry 2
2026-09-04 01:19:02,191 | INFO | 🌐 Session warmed
2026-09-04 01:19:02,520 | INFO |    ↳ Status 200
2026-09-04 01:19:02,520 | INFO |    ✓ Found 4 movies
2026-09-04 01:19:02,520 | INFO | [1612/1901] Fetching Shajapur (SJUR)
2026-09-04 01:19:03,427 | INFO |    ↳ Status 403
2026-09-04 01:19:03,427 | WARNING |    ⚠ Blocked (403) retry 2
2026-09-04 01:19:03,517 | INFO | 🌐 Session warmed
2026-09-04 01:19:03,886 | INFO |    ↳ Status 200
2026-09-04 01:19:03,886 | INFO |    ✓ Found 6 movies
2026-09-04 01:19:03,886 | INFO | [1613/1901] Fetching Shamgarh (SGAH)
2026-09-04 01:19:05,276 | INFO |    ↳ Status 200
2026-09-04 01:19:05,276 | INFO |    ✓ Found 8 movies
2026-09-04 01:19:05,276 | INFO | [1614/1901] Fetching Shamli (SHAM)
2026-09-04 01:19:05,596 | INFO |    ↳ Status 403
2026-09-04 01:19:05,596 | WARNING |    ⚠ Blocked (403) retry 3
2026-09-04 01:19:05,700 | INFO | 🌐 Session warmed
2026-09-04 01:19:06,056 | INFO | [1615/1901] Fetching Shankarampet (SHAN)
2026-09-04 01:19:06,367 | INFO |    ↳ Status 403
2026-09-04 01:19:06,367 | WARNING |    ⚠ Blocked (403) retry 3
2026-09-04 01:19:06,474 | INFO | 🌐 Session warmed
2026-09-04 01:19:06,733 | INFO |    ↳ Status 200
2026-09-04 01:19:06,733 | INFO |    ✓ Found 8 movies
2026-09-04 01:19:06,733 | INFO | [1616/1901] Fetching Shankarpally (SKRP)
2026-09-04 01:19:07,127 | INFO |    ↳ Status 403
2026-09-04 01:19:07,127 | WARNING |    ⚠ Blocked (403) retry 1
2026-09-04 01:19:07,223 | INFO | 🌐 Session warmed
2026-09-04 01:19:08,698 | INFO |    ↳ Status 200
2026-09-04 01:19:08,698 | INFO |    ✓ Found 8 movies
2026-09-04 01:19:08,698 | INFO | [1617/1901] Fetching Shankarpur (SHNC)
2026-09-04 01:19:09,128 | INFO |    ↳ Status 403
2026-09-04 01:19:09,128 | WARNING |    ⚠ Blocked (403) retry 2
2026-09-04 01:19:09,238 | INFO | 🌐 Session warmed
2026-09-04 01:19:09,700 | INFO |    ↳ Status 200
2026-09-04 01:19:09,700 | INFO |    ✓ Found 6 movies
2026-09-04 01:19:09,700 | INFO | [1618/1901] Fetching Shela (SHEL)
2026-09-04 01:19:09,700 | INFO | [1619/1901] Fetching Sheopur (SHPR)
2026-09-04 01:19:10,475 | INFO | [1620/1901] Fetching Sheorinarayan (SHEO)
2026-09-04 01:19:11,112 | INFO |    ↳ Status 403
2026-09-04 01:19:11,112 | WARNING |    ⚠ Blocked (403) retry 1
2026-09-04 01:19:11,204 | INFO |    ↳ Status 200
2026-09-04 01:19:11,204 | INFO |    ✓ Found 8 movies
2026-09-04 01:19:11,205 | INFO | [1621/1901] Fetching Shikaripur (SHKR)
2026-09-04 01:19:11,207 | INFO | 🌐 Session warmed
2026-09-04 01:19:11,847 | INFO |    ↳ Status 403
2026-09-04 01:19:11,847 | WARNING |    ⚠ Blocked (403) retry 1
2026-09-04 01:19:11,955 | INFO |    ↳ Status 403
2026-09-04 01:19:11,955 | WARNING |    ⚠ Blocked (403) retry 3
2026-09-04 01:19:11,964 | INFO | 🌐 Session warmed
2026-09-04 01:19:12,064 | INFO | 🌐 Session warmed
2026-09-04 01:19:13,103 | INFO |    ↳ Status 200
2026-09-04 01:19:13,103 | INFO |    ✓ Found 4 movies
2026-09-04 01:19:13,103 | INFO | [1622/1901] Fetching Shikarpur (SHIP)
2026-09-04 01:19:13,333 | INFO |    ↳ Status 403
2026-09-04 01:19:13,333 | WARNING |    ⚠ Blocked (403) retry 2
2026-09-04 01:19:13,443 | INFO | 🌐 Session warmed
2026-09-04 01:19:14,166 | INFO |    ↳ Status 403
2026-09-04 01:19:14,166 | WARNING |    ⚠ Blocked (403) retry 2
2026-09-04 01:19:14,255 | INFO | 🌐 Session warmed
2026-09-04 01:19:14,909 | INFO |    ↳ Status 200
2026-09-04 01:19:14,909 | INFO |    ✓ Found 3 movies
2026-09-04 01:19:14,909 | INFO | [1623/1901] Fetching Shikrapur (SKHR)
2026-09-04 01:19:16,065 | INFO | [1624/1901] Fetching Shillong (SHLG)
2026-09-04 01:19:16,717 | INFO |    ↳ Status 403
2026-09-04 01:19:16,717 | WARNING |    ⚠ Blocked (403) retry 3
2026-09-04 01:19:16,829 | INFO | 🌐 Session warmed
2026-09-04 01:19:17,144 | INFO |    ↳ Status 200
2026-09-04 01:19:17,144 | INFO |    ✓ Found 8 movies
2026-09-04 01:19:17,145 | INFO | [1625/1901] Fetching Shimla (SMLA)
2026-09-04 01:19:17,334 | INFO |    ↳ Status 403
2026-09-04 01:19:17,334 | WARNING |    ⚠ Blocked (403) retry 1
2026-09-04 01:19:17,425 | INFO | 🌐 Session warmed
2026-09-04 01:19:17,507 | INFO |    ↳ Status 403
2026-09-04 01:19:17,508 | WARNING |    ⚠ Blocked (403) retry 3
2026-09-04 01:19:17,612 | INFO | 🌐 Session warmed
2026-09-04 01:19:18,647 | INFO |    ↳ Status 200
2026-09-04 01:19:18,647 | INFO |    ✓ Found 6 movies
2026-09-04 01:19:18,647 | INFO | [1626/1901] Fetching Shindkheda (SHDK)
2026-09-04 01:19:19,730 | INFO |    ↳ Status 403
2026-09-04 01:19:19,730 | WARNING |    ⚠ Blocked (403) retry 2
2026-09-04 01:19:19,836 | INFO | 🌐 Session warmed
2026-09-04 01:19:20,829 | INFO | [1627/1901] Fetching Shirahatti (SHTI)
2026-09-04 01:19:21,025 | INFO |    ↳ Status 200
2026-09-04 01:19:21,025 | INFO |    ✓ Found 8 movies
2026-09-04 01:19:21,025 | INFO | [1628/1901] Fetching Shirali (SHIR)
2026-09-04 01:19:21,613 | INFO | [1629/1901] Fetching Shirpur (SRUR)
2026-09-04 01:19:21,950 | INFO |    ↳ Status 403
2026-09-04 01:19:21,950 | WARNING |    ⚠ Blocked (403) retry 1
2026-09-04 01:19:22,043 | INFO | 🌐 Session warmed
2026-09-04 01:19:22,394 | INFO |    ↳ Status 403
2026-09-04 01:19:22,394 | WARNING |    ⚠ Blocked (403) retry 1
2026-09-04 01:19:22,499 | INFO | 🌐 Session warmed
2026-09-04 01:19:22,917 | INFO |    ↳ Status 403
2026-09-04 01:19:22,917 | WARNING |    ⚠ Blocked (403) retry 3
2026-09-04 01:19:22,952 | INFO |    ↳ Status 200
2026-09-04 01:19:22,952 | INFO |    ✓ Found 4 movies
2026-09-04 01:19:22,952 | INFO | [1630/1901] Fetching Shirur (SHRU)
2026-09-04 01:19:23,010 | INFO | 🌐 Session warmed
2026-09-04 01:19:24,394 | INFO |    ↳ Status 403
2026-09-04 01:19:24,394 | WARNING |    ⚠ Blocked (403) retry 2
2026-09-04 01:19:24,471 | INFO |    ↳ Status 200
2026-09-04 01:19:24,471 | INFO |    ✓ Found 6 movies
2026-09-04 01:19:24,471 | INFO | [1631/1901] Fetching Shivamogga (SHIA)
2026-09-04 01:19:24,496 | INFO | 🌐 Session warmed
2026-09-04 01:19:24,531 | INFO |    ↳ Status 403
2026-09-04 01:19:24,531 | WARNING |    ⚠ Blocked (403) retry 2
2026-09-04 01:19:24,621 | INFO | 🌐 Session warmed
2026-09-04 01:19:25,634 | INFO |    ↳ Status 200
2026-09-04 01:19:25,634 | INFO |    ✓ Found 4 movies
2026-09-04 01:19:25,634 | INFO | [1632/1901] Fetching Shivpuri (SHIV)
2026-09-04 01:19:27,011 | INFO | [1633/1901] Fetching Shopian (SPHN)
2026-09-04 01:19:27,436 | INFO |    ↳ Status 403
2026-09-04 01:19:27,436 | WARNING |    ⚠ Blocked (403) retry 3
2026-09-04 01:19:27,525 | INFO | 🌐 Session warmed
2026-09-04 01:19:27,640 | INFO |    ↳ Status 403
2026-09-04 01:19:27,640 | WARNING |    ⚠ Blocked (403) retry 3
2026-09-04 01:19:27,688 | INFO |    ↳ Status 200
2026-09-04 01:19:27,688 | INFO |    ✓ Found 6 movies
2026-09-04 01:19:27,688 | INFO | [1634/1901] Fetching Shoranur (SHNR)
2026-09-04 01:19:27,760 | INFO | 🌐 Session warmed
2026-09-04 01:19:27,884 | INFO |    ↳ Status 403
2026-09-04 01:19:27,884 | WARNING |    ⚠ Blocked (403) retry 1
2026-09-04 01:19:27,992 | INFO | 🌐 Session warmed
2026-09-04 01:19:29,064 | INFO |    ↳ Status 200
2026-09-04 01:19:29,065 | INFO |    ✓ Found 7 movies
2026-09-04 01:19:29,065 | INFO | [1635/1901] Fetching Shrigonda (SHRI)
2026-09-04 01:19:30,397 | INFO |    ↳ Status 200
2026-09-04 01:19:30,397 | INFO |    ✓ Found 8 movies
2026-09-04 01:19:30,397 | INFO | [1636/1901] Fetching Shrirampur (SHUR)
2026-09-04 01:19:30,411 | INFO |    ↳ Status 403
2026-09-04 01:19:30,411 | WARNING |    ⚠ Blocked (403) retry 2
2026-09-04 01:19:30,502 | INFO | 🌐 Session warmed
2026-09-04 01:19:31,526 | INFO | [1637/1901] Fetching Shujalpur (SHLP)
2026-09-04 01:19:31,761 | INFO | [1638/1901] Fetching Shuklaganj (SKLG)
2026-09-04 01:19:32,175 | INFO |    ↳ Status 200
2026-09-04 01:19:32,176 | INFO |    ✓ Found 6 movies
2026-09-04 01:19:32,176 | INFO | [1639/1901] Fetching Siddharthnagar (SIDZ)
2026-09-04 01:19:32,244 | INFO |    ↳ Status 403
2026-09-04 01:19:32,244 | WARNING |    ⚠ Blocked (403) retry 1
2026-09-04 01:19:32,342 | INFO | 🌐 Session warmed
2026-09-04 01:19:33,102 | INFO |    ↳ Status 403
2026-09-04 01:19:33,102 | WARNING |    ⚠ Blocked (403) retry 1
2026-09-04 01:19:33,211 | INFO | 🌐 Session warmed
2026-09-04 01:19:33,293 | INFO |    ↳ Status 403
2026-09-04 01:19:33,293 | WARNING |    ⚠ Blocked (403) retry 3
2026-09-04 01:19:33,398 | INFO | 🌐 Session warmed
2026-09-04 01:19:34,095 | INFO |    ↳ Status 200
2026-09-04 01:19:34,095 | INFO |    ✓ Found 8 movies
2026-09-04 01:19:34,095 | INFO | [1640/1901] Fetching Siddhpur (SIDD)
2026-09-04 01:19:34,771 | INFO |    ↳ Status 403
2026-09-04 01:19:34,772 | WARNING |    ⚠ Blocked (403) retry 2
2026-09-04 01:19:34,883 | INFO | 🌐 Session warmed
2026-09-04 01:19:35,386 | INFO |    ↳ Status 403
2026-09-04 01:19:35,386 | WARNING |    ⚠ Blocked (403) retry 2
2026-09-04 01:19:35,502 | INFO | 🌐 Session warmed
2026-09-04 01:19:36,535 | INFO |    ↳ Status 200
2026-09-04 01:19:36,536 | INFO |    ✓ Found 7 movies
2026-09-04 01:19:36,536 | INFO | [1641/1901] Fetching Siddipet (SDDP)
2026-09-04 01:19:37,398 | INFO | [1642/1901] Fetching Sidlaghatta (SIDL)
2026-09-04 01:19:37,862 | INFO |    ↳ Status 403
2026-09-04 01:19:37,862 | WARNING |    ⚠ Blocked (403) retry 3
2026-09-04 01:19:37,956 | INFO | 🌐 Session warmed
2026-09-04 01:19:38,040 | INFO |    ↳ Status 403
2026-09-04 01:19:38,040 | WARNING |    ⚠ Blocked (403) retry 1
2026-09-04 01:19:38,119 | INFO | 🌐 Session warmed
2026-09-04 01:19:38,320 | INFO |    ↳ Status 200
2026-09-04 01:19:38,320 | INFO |    ✓ Found 8 movies
2026-09-04 01:19:38,320 | INFO | [1643/1901] Fetching Sihora (SIHO)
2026-09-04 01:19:38,793 | INFO |    ↳ Status 403
2026-09-04 01:19:38,793 | WARNING |    ⚠ Blocked (403) retry 3
2026-09-04 01:19:38,890 | INFO | 🌐 Session warmed
2026-09-04 01:19:39,840 | INFO |    ↳ Status 403
2026-09-04 01:19:39,840 | WARNING |    ⚠ Blocked (403) retry 2
2026-09-04 01:19:39,919 | INFO | 🌐 Session warmed
2026-09-04 01:19:40,695 | INFO |    ↳ Status 200
2026-09-04 01:19:40,696 | INFO |    ✓ Found 7 movies
2026-09-04 01:19:40,696 | INFO | [1644/1901] Fetching Sikar (SIKR)
2026-09-04 01:19:41,808 | INFO |    ↳ Status 200
2026-09-04 01:19:41,808 | INFO |    ✓ Found 4 movies
2026-09-04 01:19:41,808 | INFO | [1645/1901] Fetching Silchar (SIL)
2026-09-04 01:19:41,957 | INFO | [1646/1901] Fetching Siliguri (SILI)
2026-09-04 01:19:42,890 | INFO | [1647/1901] Fetching Silvassa (SILV)
2026-09-04 01:19:43,211 | INFO |    ↳ Status 200
2026-09-04 01:19:43,211 | INFO |    ✓ Found 4 movies
2026-09-04 01:19:43,211 | INFO | [1648/1901] Fetching Sindhanur (SIND)
2026-09-04 01:19:43,258 | INFO |    ↳ Status 403
2026-09-04 01:19:43,258 | WARNING |    ⚠ Blocked (403) retry 3
2026-09-04 01:19:43,266 | INFO |    ↳ Status 403
2026-09-04 01:19:43,266 | WARNING |    ⚠ Blocked (403) retry 1
2026-09-04 01:19:43,360 | INFO | 🌐 Session warmed
2026-09-04 01:19:43,379 | INFO | 🌐 Session warmed
2026-09-04 01:19:44,135 | INFO |    ↳ Status 403
2026-09-04 01:19:44,135 | WARNING |    ⚠ Blocked (403) retry 1
2026-09-04 01:19:44,235 | INFO | 🌐 Session warmed
2026-09-04 01:19:44,614 | INFO |    ↳ Status 200
2026-09-04 01:19:44,614 | INFO |    ✓ Found 4 movies
2026-09-04 01:19:44,615 | INFO | [1649/1901] Fetching Sindhudurg (SNDH)
2026-09-04 01:19:45,456 | INFO |    ↳ Status 403
2026-09-04 01:19:45,456 | WARNING |    ⚠ Blocked (403) retry 2
2026-09-04 01:19:45,547 | INFO | 🌐 Session warmed
2026-09-04 01:19:45,902 | INFO |    ↳ Status 200
2026-09-04 01:19:45,903 | INFO |    ✓ Found 6 movies
2026-09-04 01:19:45,903 | INFO | [1650/1901] Fetching Singapore (SING)
2026-09-04 01:19:46,603 | INFO |    ↳ Status 403
2026-09-04 01:19:46,603 | WARNING |    ⚠ Blocked (403) retry 2
2026-09-04 01:19:46,695 | INFO | 🌐 Session warmed
2026-09-04 01:19:47,379 | INFO | [1651/1901] Fetching Singarayakonda (SIGN)
2026-09-04 01:19:47,383 | INFO |    ↳ Status 200
2026-09-04 01:19:47,384 | INFO |    ✓ Found 3 movies
2026-09-04 01:19:47,384 | INFO | [1652/1901] Fetching Singrauli (SNGR)
2026-09-04 01:19:48,262 | INFO |    ↳ Status 403
2026-09-04 01:19:48,262 | WARNING |    ⚠ Blocked (403) retry 3
2026-09-04 01:19:48,352 | INFO | 🌐 Session warmed
2026-09-04 01:19:48,593 | INFO |    ↳ Status 403
2026-09-04 01:19:48,594 | WARNING |    ⚠ Blocked (403) retry 1
2026-09-04 01:19:48,700 | INFO | 🌐 Session warmed
2026-09-04 01:19:49,450 | INFO |    ↳ Status 200
2026-09-04 01:19:49,450 | INFO |    ✓ Found 6 movies
2026-09-04 01:19:49,451 | INFO | [1653/1901] Fetching Sinnar (SINA)
2026-09-04 01:19:49,906 | INFO |    ↳ Status 403
2026-09-04 01:19:49,907 | WARNING |    ⚠ Blocked (403) retry 3
2026-09-04 01:19:49,994 | INFO | 🌐 Session warmed
2026-09-04 01:19:50,574 | INFO |    ↳ Status 200
2026-09-04 01:19:50,574 | INFO |    ✓ Found 6 movies
2026-09-04 01:19:50,574 | INFO | [1654/1901] Fetching Sira (SIRA)
2026-09-04 01:19:50,883 | INFO |    ↳ Status 403
2026-09-04 01:19:50,883 | WARNING |    ⚠ Blocked (403) retry 2
2026-09-04 01:19:50,977 | INFO | 🌐 Session warmed
2026-09-04 01:19:52,307 | INFO |    ↳ Status 200
2026-09-04 01:19:52,307 | INFO |    ✓ Found 7 movies
2026-09-04 01:19:52,307 | INFO | [1655/1901] Fetching Sircilla (SIRC)
2026-09-04 01:19:52,353 | INFO | [1656/1901] Fetching Sirmaur (SIRM)
2026-09-04 01:19:53,668 | INFO |    ↳ Status 403
2026-09-04 01:19:53,668 | WARNING |    ⚠ Blocked (403) retry 1
2026-09-04 01:19:53,766 | INFO | 🌐 Session warmed
2026-09-04 01:19:53,995 | INFO | [1657/1901] Fetching Sirohi (SIRO)
2026-09-04 01:19:54,130 | INFO |    ↳ Status 200
2026-09-04 01:19:54,130 | INFO |    ✓ Found 8 movies
2026-09-04 01:19:54,130 | INFO | [1658/1901] Fetching Sirsa (SISA)
2026-09-04 01:19:54,309 | INFO |    ↳ Status 403
2026-09-04 01:19:54,309 | WARNING |    ⚠ Blocked (403) retry 3
2026-09-04 01:19:54,419 | INFO | 🌐 Session warmed
2026-09-04 01:19:55,224 | INFO |    ↳ Status 403
2026-09-04 01:19:55,224 | WARNING |    ⚠ Blocked (403) retry 1
2026-09-04 01:19:55,336 | INFO | 🌐 Session warmed
2026-09-04 01:19:55,626 | INFO |    ↳ Status 403
2026-09-04 01:19:55,626 | WARNING |    ⚠ Blocked (403) retry 2
2026-09-04 01:19:55,743 | INFO | 🌐 Session warmed
2026-09-04 01:19:56,337 | INFO |    ↳ Status 200
2026-09-04 01:19:56,337 | INFO |    ✓ Found 7 movies
2026-09-04 01:19:56,338 | INFO | [1659/1901] Fetching Sirsi (SRSI)
2026-09-04 01:19:57,683 | INFO |    ↳ Status 403
2026-09-04 01:19:57,683 | WARNING |    ⚠ Blocked (403) retry 2
2026-09-04 01:19:57,786 | INFO | 🌐 Session warmed
2026-09-04 01:19:57,900 | INFO |    ↳ Status 200
2026-09-04 01:19:57,901 | INFO |    ✓ Found 4 movies
2026-09-04 01:19:57,901 | INFO | [1660/1901] Fetching Siruguppa (SPPA)
2026-09-04 01:19:58,419 | INFO | [1661/1901] Fetching Sitamarhi (SIMA)
2026-09-04 01:19:59,021 | INFO |    ↳ Status 403
2026-09-04 01:19:59,021 | WARNING |    ⚠ Blocked (403) retry 3
2026-09-04 01:19:59,114 | INFO | 🌐 Session warmed
2026-09-04 01:19:59,289 | INFO |    ↳ Status 403
2026-09-04 01:19:59,290 | WARNING |    ⚠ Blocked (403) retry 1
2026-09-04 01:19:59,391 | INFO | 🌐 Session warmed
2026-09-04 01:20:00,391 | INFO |    ↳ Status 200
2026-09-04 01:20:00,391 | INFO |    ✓ Found 4 movies
2026-09-04 01:20:00,391 | INFO | [1662/1901] Fetching Sitapur (SITA)
2026-09-04 01:20:01,034 | INFO |    ↳ Status 403
2026-09-04 01:20:01,034 | WARNING |    ⚠ Blocked (403) retry 3
2026-09-04 01:20:01,140 | INFO | 🌐 Session warmed
2026-09-04 01:20:01,672 | INFO |    ↳ Status 403
2026-09-04 01:20:01,672 | WARNING |    ⚠ Blocked (403) retry 2
2026-09-04 01:20:01,774 | INFO | 🌐 Session warmed
2026-09-04 01:20:02,652 | INFO |    ↳ Status 200
2026-09-04 01:20:02,652 | INFO |    ✓ Found 5 movies
2026-09-04 01:20:02,652 | INFO | [1663/1901] Fetching Sivaganga (SHVG)
2026-09-04 01:20:03,114 | INFO | [1664/1901] Fetching Sivakasi (SIV)
2026-09-04 01:20:03,983 | INFO |    ↳ Status 403
2026-09-04 01:20:03,983 | WARNING |    ⚠ Blocked (403) retry 1
2026-09-04 01:20:04,074 | INFO | 🌐 Session warmed
2026-09-04 01:20:04,349 | INFO |    ↳ Status 200
2026-09-04 01:20:04,349 | INFO |    ✓ Found 8 movies
2026-09-04 01:20:04,349 | INFO | [1665/1901] Fetching Sivasagar (SVSG)
2026-09-04 01:20:04,550 | INFO |    ↳ Status 403
2026-09-04 01:20:04,550 | WARNING |    ⚠ Blocked (403) retry 3
2026-09-04 01:20:04,657 | INFO | 🌐 Session warmed
2026-09-04 01:20:05,141 | INFO | [1666/1901] Fetching Siwan (SWNB)
2026-09-04 01:20:06,242 | INFO |    ↳ Status 200
2026-09-04 01:20:06,243 | INFO |    ✓ Found 4 movies
2026-09-04 01:20:06,243 | INFO | [1667/1901] Fetching Solan (SCO)
2026-09-04 01:20:06,349 | INFO |    ↳ Status 403
2026-09-04 01:20:06,349 | WARNING |    ⚠ Blocked (403) retry 1
2026-09-04 01:20:06,414 | INFO |    ↳ Status 403
2026-09-04 01:20:06,414 | WARNING |    ⚠ Blocked (403) retry 2
2026-09-04 01:20:06,447 | INFO | 🌐 Session warmed
2026-09-04 01:20:06,527 | INFO | 🌐 Session warmed
2026-09-04 01:20:08,122 | INFO |    ↳ Status 403
2026-09-04 01:20:08,122 | WARNING |    ⚠ Blocked (403) retry 2
2026-09-04 01:20:08,226 | INFO | 🌐 Session warmed
2026-09-04 01:20:08,657 | INFO | [1668/1901] Fetching Solapur (SOLA)
2026-09-04 01:20:08,987 | INFO |    ↳ Status 200
2026-09-04 01:20:08,987 | INFO |    ✓ Found 6 movies
2026-09-04 01:20:08,987 | INFO | [1669/1901] Fetching Solukhumbu (SOLU)
2026-09-04 01:20:09,544 | INFO |    ↳ Status 403
2026-09-04 01:20:09,544 | WARNING |    ⚠ Blocked (403) retry 3
2026-09-04 01:20:09,639 | INFO | 🌐 Session warmed
2026-09-04 01:20:09,830 | INFO |    ↳ Status 403
2026-09-04 01:20:09,830 | WARNING |    ⚠ Blocked (403) retry 1
2026-09-04 01:20:09,927 | INFO | 🌐 Session warmed
2026-09-04 01:20:10,801 | INFO |    ↳ Status 200
2026-09-04 01:20:10,802 | INFO |    ✓ Found 3 movies
2026-09-04 01:20:10,802 | INFO | [1670/1901] Fetching Sompeta (SOMA)
2026-09-04 01:20:11,225 | INFO |    ↳ Status 403
2026-09-04 01:20:11,225 | WARNING |    ⚠ Blocked (403) retry 3
2026-09-04 01:20:12,176 | INFO |    ↳ Status 403
2026-09-04 01:20:12,176 | WARNING |    ⚠ Blocked (403) retry 2
2026-09-04 01:20:12,279 | INFO | 🌐 Session warmed
2026-09-04 01:20:12,790 | INFO |    ↳ Status 200
2026-09-04 01:20:12,790 | INFO |    ✓ Found 7 movies
2026-09-04 01:20:12,790 | INFO | [1671/1901] Fetching Sonari (SOYW)
2026-09-04 01:20:13,639 | INFO | [1672/1901] Fetching Songadh (SONG)
2026-09-04 01:20:14,370 | INFO |    ↳ Status 403
2026-09-04 01:20:14,370 | WARNING |    ⚠ Blocked (403) retry 1
2026-09-04 01:20:14,474 | INFO | 🌐 Session warmed
2026-09-04 01:20:14,523 | INFO |    ↳ Status 200
2026-09-04 01:20:14,524 | INFO |    ✓ Found 8 movies
2026-09-04 01:20:14,524 | INFO | [1673/1901] Fetching Sonipat (RAIH)
2026-09-04 01:20:15,324 | INFO |    ↳ Status 403
2026-09-04 01:20:15,324 | WARNING |    ⚠ Blocked (403) retry 3
2026-09-04 01:20:15,423 | INFO | 🌐 Session warmed
2026-09-04 01:20:16,440 | INFO |    ↳ Status 200
2026-09-04 01:20:16,440 | INFO |    ✓ Found 7 movies
2026-09-04 01:20:16,440 | INFO | [1674/1901] Fetching Sonkatch (SONH)
2026-09-04 01:20:16,814 | INFO |    ↳ Status 403
2026-09-04 01:20:16,814 | WARNING |    ⚠ Blocked (403) retry 2
2026-09-04 01:20:16,901 | INFO | 🌐 Session warmed
2026-09-04 01:20:18,806 | INFO |    ↳ Status 200
2026-09-04 01:20:18,806 | INFO |    ✓ Found 6 movies
2026-09-04 01:20:18,806 | INFO | [1675/1901] Fetching Soron (SORO)
2026-09-04 01:20:19,423 | INFO | [1676/1901] Fetching South 24 Parganas (SPAR)
2026-09-04 01:20:19,580 | INFO |    ↳ Status 403
2026-09-04 01:20:19,580 | WARNING |    ⚠ Blocked (403) retry 3
2026-09-04 01:20:19,688 | INFO | 🌐 Session warmed
2026-09-04 01:20:20,621 | INFO |    ↳ Status 403
2026-09-04 01:20:20,621 | WARNING |    ⚠ Blocked (403) retry 1
2026-09-04 01:20:20,713 | INFO |    ↳ Status 200
2026-09-04 01:20:20,713 | INFO |    ✓ Found 8 movies
2026-09-04 01:20:20,713 | INFO | [1677/1901] Fetching Sri Ganganagar (SRIG)
2026-09-04 01:20:20,718 | INFO | 🌐 Session warmed
2026-09-04 01:20:21,288 | WARNING | Warmup failed: HTTPSConnectionPool(host='in.bookmyshow.com', port=443): Read timed out. (read timeout=10)
2026-09-04 01:20:22,631 | INFO |    ↳ Status 403
2026-09-04 01:20:22,631 | WARNING |    ⚠ Blocked (403) retry 2
2026-09-04 01:20:22,722 | INFO | 🌐 Session warmed
2026-09-04 01:20:22,857 | INFO |    ↳ Status 200
2026-09-04 01:20:22,857 | INFO |    ✓ Found 4 movies
2026-09-04 01:20:22,858 | INFO | [1678/1901] Fetching Sri Sathya Sai (SRRS)
2026-09-04 01:20:23,689 | INFO | [1679/1901] Fetching Srikakulam (SRKL)
2026-09-04 01:20:24,871 | INFO |    ↳ Status 403
2026-09-04 01:20:24,872 | WARNING |    ⚠ Blocked (403) retry 1
2026-09-04 01:20:24,969 | INFO | 🌐 Session warmed
2026-09-04 01:20:25,289 | INFO | [1680/1901] Fetching Srinagar (SRNG)
2026-09-04 01:20:26,060 | INFO |    ↳ Status 403
2026-09-04 01:20:26,060 | WARNING |    ⚠ Blocked (403) retry 3
2026-09-04 01:20:26,185 | INFO | 🌐 Session warmed
2026-09-04 01:20:26,307 | INFO |    ↳ Status 403
2026-09-04 01:20:26,307 | WARNING |    ⚠ Blocked (403) retry 1
2026-09-04 01:20:26,415 | INFO | 🌐 Session warmed
2026-09-04 01:20:26,713 | INFO |    ↳ Status 403
2026-09-04 01:20:26,713 | WARNING |    ⚠ Blocked (403) retry 2
2026-09-04 01:20:26,811 | INFO | 🌐 Session warmed
2026-09-04 01:20:28,080 | INFO |    ↳ Status 200
2026-09-04 01:20:28,080 | INFO |    ✓ Found 8 movies
2026-09-04 01:20:28,080 | INFO | [1681/1901] Fetching Srirangapatna (SRIR)
2026-09-04 01:20:28,127 | INFO |    ↳ Status 403
2026-09-04 01:20:28,127 | WARNING |    ⚠ Blocked (403) retry 2
2026-09-04 01:20:28,221 | INFO | 🌐 Session warmed
2026-09-04 01:20:29,632 | INFO |    ↳ Status 403
2026-09-04 01:20:29,633 | WARNING |    ⚠ Blocked (403) retry 3
2026-09-04 01:20:29,639 | INFO |    ↳ Status 200
2026-09-04 01:20:29,639 | INFO |    ✓ Found 4 movies
2026-09-04 01:20:29,640 | INFO | [1682/1901] Fetching Srivaikuntam (SRTA)
2026-09-04 01:20:29,711 | INFO | 🌐 Session warmed
2026-09-04 01:20:30,185 | INFO | [1683/1901] Fetching Srivilliputhur (SRIV)
2026-09-04 01:20:31,311 | INFO |    ↳ Status 200
2026-09-04 01:20:31,312 | INFO |    ↳ Status 403
2026-09-04 01:20:31,312 | INFO |    ✓ Found 8 movies
2026-09-04 01:20:31,312 | WARNING |    ⚠ Blocked (403) retry 1
2026-09-04 01:20:31,312 | INFO | [1684/1901] Fetching Station Ghanpur (STGH)
2026-09-04 01:20:31,378 | INFO |    ↳ Status 403
2026-09-04 01:20:31,378 | WARNING |    ⚠ Blocked (403) retry 3
2026-09-04 01:20:31,398 | INFO | 🌐 Session warmed
2026-09-04 01:20:31,477 | INFO | 🌐 Session warmed
2026-09-04 01:20:33,224 | INFO |    ↳ Status 200
2026-09-04 01:20:33,224 | INFO |    ✓ Found 8 movies
2026-09-04 01:20:33,224 | INFO | [1685/1901] Fetching Sugauli (SSBI)
2026-09-04 01:20:33,488 | INFO |    ↳ Status 403
2026-09-04 01:20:33,489 | WARNING |    ⚠ Blocked (403) retry 2
2026-09-04 01:20:33,567 | INFO | 🌐 Session warmed
2026-09-04 01:20:33,712 | INFO | [1686/1901] Fetching Sujangarh (SJNG)
2026-09-04 01:20:34,757 | INFO |    ↳ Status 403
2026-09-04 01:20:34,757 | WARNING |    ⚠ Blocked (403) retry 1
2026-09-04 01:20:34,860 | INFO | 🌐 Session warmed
2026-09-04 01:20:35,082 | INFO |    ↳ Status 200
2026-09-04 01:20:35,082 | INFO |    ✓ Found 7 movies
2026-09-04 01:20:35,082 | INFO | [1687/1901] Fetching Sukma (SUKU)
2026-09-04 01:20:35,477 | INFO | [1688/1901] Fetching Sultanabad (SULX)
2026-09-04 01:20:36,103 | INFO |    ↳ Status 403
2026-09-04 01:20:36,103 | WARNING |    ⚠ Blocked (403) retry 1
2026-09-04 01:20:36,210 | INFO | 🌐 Session warmed
2026-09-04 01:20:36,447 | INFO |    ↳ Status 403
2026-09-04 01:20:36,447 | WARNING |    ⚠ Blocked (403) retry 3
2026-09-04 01:20:36,551 | INFO | 🌐 Session warmed
2026-09-04 01:20:36,654 | INFO |    ↳ Status 200
2026-09-04 01:20:36,655 | INFO |    ✓ Found 8 movies
2026-09-04 01:20:36,655 | INFO | [1689/1901] Fetching Sultanpur (SLUT)
2026-09-04 01:20:36,693 | INFO |    ↳ Status 403
2026-09-04 01:20:36,694 | WARNING |    ⚠ Blocked (403) retry 2
2026-09-04 01:20:36,788 | INFO | 🌐 Session warmed
2026-09-04 01:20:38,074 | INFO |    ↳ Status 403
2026-09-04 01:20:38,074 | WARNING |    ⚠ Blocked (403) retry 2
2026-09-04 01:20:38,154 | INFO | 🌐 Session warmed
2026-09-04 01:20:38,678 | INFO |    ↳ Status 200
2026-09-04 01:20:38,678 | INFO |    ✓ Found 5 movies
2026-09-04 01:20:38,678 | INFO | [1690/1901] Fetching Sulthan Bathery (SULY)
2026-09-04 01:20:39,910 | INFO |    ↳ Status 403
2026-09-04 01:20:39,910 | WARNING |    ⚠ Blocked (403) retry 3
2026-09-04 01:20:40,027 | INFO | 🌐 Session warmed
2026-09-04 01:20:40,551 | INFO | [1691/1901] Fetching Sumerpur (SURJ)
2026-09-04 01:20:40,560 | INFO |    ↳ Status 200
2026-09-04 01:20:40,560 | INFO |    ✓ Found 7 movies
2026-09-04 01:20:40,560 | INFO | [1692/1901] Fetching Sundar Nagar (SUNR)
2026-09-04 01:20:41,244 | INFO |    ↳ Status 403
2026-09-04 01:20:41,244 | WARNING |    ⚠ Blocked (403) retry 3
2026-09-04 01:20:41,353 | INFO | 🌐 Session warmed
2026-09-04 01:20:41,743 | INFO |    ↳ Status 403
2026-09-04 01:20:41,743 | WARNING |    ⚠ Blocked (403) retry 1
2026-09-04 01:20:41,872 | INFO | 🌐 Session warmed
2026-09-04 01:20:42,561 | INFO |    ↳ Status 200
2026-09-04 01:20:42,561 | INFO |    ✓ Found 6 movies
2026-09-04 01:20:42,561 | INFO | [1693/1901] Fetching Sundargarh (SUND)
2026-09-04 01:20:44,028 | INFO | [1694/1901] Fetching Supaul (SPUL)
2026-09-04 01:20:44,217 | INFO |    ↳ Status 403
2026-09-04 01:20:44,218 | WARNING |    ⚠ Blocked (403) retry 2
2026-09-04 01:20:44,310 | INFO | 🌐 Session warmed
2026-09-04 01:20:44,579 | INFO |    ↳ Status 200
2026-09-04 01:20:44,580 | INFO |    ✓ Found 8 movies
2026-09-04 01:20:44,580 | INFO | [1695/1901] Fetching Surajpur (SURA)
2026-09-04 01:20:45,195 | INFO |    ↳ Status 403
2026-09-04 01:20:45,195 | WARNING |    ⚠ Blocked (403) retry 1
2026-09-04 01:20:45,301 | INFO | 🌐 Session warmed
2026-09-04 01:20:45,354 | INFO | [1696/1901] Fetching Surat (SURT)
2026-09-04 01:20:45,988 | INFO |    ↳ Status 403
2026-09-04 01:20:45,988 | WARNING |    ⚠ Blocked (403) retry 1
2026-09-04 01:20:46,089 | INFO | 🌐 Session warmed
2026-09-04 01:20:46,221 | INFO |    ↳ Status 200
2026-09-04 01:20:46,222 | INFO |    ✓ Found 7 movies
2026-09-04 01:20:46,222 | INFO | [1697/1901] Fetching Surathkal (SRTK)
2026-09-04 01:20:47,365 | INFO |    ↳ Status 403
2026-09-04 01:20:47,365 | WARNING |    ⚠ Blocked (403) retry 3
2026-09-04 01:20:47,490 | INFO | 🌐 Session warmed
2026-09-04 01:20:47,549 | INFO |    ↳ Status 403
2026-09-04 01:20:47,549 | WARNING |    ⚠ Blocked (403) retry 2
2026-09-04 01:20:47,648 | INFO | 🌐 Session warmed
2026-09-04 01:20:48,387 | INFO |    ↳ Status 403
2026-09-04 01:20:48,387 | WARNING |    ⚠ Blocked (403) retry 2
2026-09-04 01:20:48,469 | INFO |    ↳ Status 200
2026-09-04 01:20:48,469 | INFO |    ✓ Found 8 movies
2026-09-04 01:20:48,469 | INFO | [1698/1901] Fetching Surendranagar (SRDN)
2026-09-04 01:20:48,475 | INFO | 🌐 Session warmed
2026-09-04 01:20:50,155 | INFO |    ↳ Status 200
2026-09-04 01:20:50,155 | INFO |    ✓ Found 7 movies
2026-09-04 01:20:50,155 | INFO | [1699/1901] Fetching Suri (BSRI)
2026-09-04 01:20:51,027 | INFO |    ↳ Status 403
2026-09-04 01:20:51,027 | WARNING |    ⚠ Blocked (403) retry 3
2026-09-04 01:20:51,135 | INFO | 🌐 Session warmed
2026-09-04 01:20:51,408 | INFO |    ↳ Status 200
2026-09-04 01:20:51,408 | INFO |    ✓ Found 6 movies
2026-09-04 01:20:51,409 | INFO | [1700/1901] Fetching Suryapet (SURY)
2026-09-04 01:20:51,491 | INFO | [1701/1901] Fetching T.Narasapuram (TNRP)
2026-09-04 01:20:51,618 | INFO |    ↳ Status 403
2026-09-04 01:20:51,618 | WARNING |    ⚠ Blocked (403) retry 3
2026-09-04 01:20:51,724 | INFO | 🌐 Session warmed
2026-09-04 01:20:52,538 | INFO |    ↳ Status 403
2026-09-04 01:20:52,538 | WARNING |    ⚠ Blocked (403) retry 1
2026-09-04 01:20:52,640 | INFO | 🌐 Session warmed
2026-09-04 01:20:53,741 | INFO |    ↳ Status 200
2026-09-04 01:20:53,741 | INFO |    ✓ Found 8 movies
2026-09-04 01:20:53,742 | INFO | [1702/1901] Fetching Tadepalligudem (TADP)
2026-09-04 01:20:54,406 | INFO |    ↳ Status 403
2026-09-04 01:20:54,406 | WARNING |    ⚠ Blocked (403) retry 2
2026-09-04 01:20:54,513 | INFO | 🌐 Session warmed
2026-09-04 01:20:55,135 | INFO | [1703/1901] Fetching Tadikalapudi (TADK)
2026-09-04 01:20:55,724 | INFO | [1704/1901] Fetching Tadipatri (TDPT)
2026-09-04 01:20:55,994 | INFO |    ↳ Status 200
2026-09-04 01:20:55,994 | INFO |    ✓ Found 7 movies
2026-09-04 01:20:55,994 | INFO | [1705/1901] Fetching Talcher (TALC)
2026-09-04 01:20:56,387 | INFO |    ↳ Status 403
2026-09-04 01:20:56,387 | WARNING |    ⚠ Blocked (403) retry 1
2026-09-04 01:20:56,510 | INFO | 🌐 Session warmed
2026-09-04 01:20:56,867 | INFO |    ↳ Status 403
2026-09-04 01:20:56,867 | WARNING |    ⚠ Blocked (403) retry 1
2026-09-04 01:20:56,969 | INFO | 🌐 Session warmed
2026-09-04 01:20:57,387 | INFO |    ↳ Status 403
2026-09-04 01:20:57,387 | WARNING |    ⚠ Blocked (403) retry 3
2026-09-04 01:20:57,482 | INFO | 🌐 Session warmed
2026-09-04 01:20:57,648 | INFO |    ↳ Status 200
2026-09-04 01:20:57,648 | INFO |    ✓ Found 8 movies
2026-09-04 01:20:57,648 | INFO | [1706/1901] Fetching Taliparamba (TALI)
2026-09-04 01:20:58,723 | INFO |    ↳ Status 403
2026-09-04 01:20:58,723 | WARNING |    ⚠ Blocked (403) retry 2
2026-09-04 01:20:58,835 | INFO |    ↳ Status 403
2026-09-04 01:20:58,835 | WARNING |    ⚠ Blocked (403) retry 2
2026-09-04 01:20:58,900 | INFO | 🌐 Session warmed
2026-09-04 01:20:58,958 | INFO | 🌐 Session warmed
2026-09-04 01:20:59,190 | INFO |    ↳ Status 200
2026-09-04 01:20:59,191 | INFO |    ✓ Found 8 movies
2026-09-04 01:20:59,191 | INFO | [1707/1901] Fetching Tallapudi (TTPP)
2026-09-04 01:21:01,044 | INFO |    ↳ Status 200
2026-09-04 01:21:01,044 | INFO |    ✓ Found 7 movies
2026-09-04 01:21:01,044 | INFO | [1708/1901] Fetching Tallarevu (TALL)
2026-09-04 01:21:01,482 | INFO | [1709/1901] Fetching Talwandi Bhai (TALW)
2026-09-04 01:21:01,620 | INFO |    ↳ Status 403
2026-09-04 01:21:01,620 | WARNING |    ⚠ Blocked (403) retry 3
2026-09-04 01:21:01,707 | INFO | 🌐 Session warmed
2026-09-04 01:21:01,717 | INFO |    ↳ Status 403
2026-09-04 01:21:01,717 | WARNING |    ⚠ Blocked (403) retry 3
2026-09-04 01:21:01,825 | INFO | 🌐 Session warmed
2026-09-04 01:21:02,323 | INFO |    ↳ Status 200
2026-09-04 01:21:02,323 | INFO |    ✓ Found 7 movies
2026-09-04 01:21:02,323 | INFO | [1710/1901] Fetching Tamluk (TMLU)
2026-09-04 01:21:02,573 | INFO |    ↳ Status 403
2026-09-04 01:21:02,573 | WARNING |    ⚠ Blocked (403) retry 1
2026-09-04 01:21:02,678 | INFO | 🌐 Session warmed
2026-09-04 01:21:04,787 | INFO |    ↳ Status 403
2026-09-04 01:21:04,787 | WARNING |    ⚠ Blocked (403) retry 2
2026-09-04 01:21:04,882 | INFO | 🌐 Session warmed
2026-09-04 01:21:04,930 | INFO |    ↳ Status 200
2026-09-04 01:21:04,931 | INFO |    ✓ Found 6 movies
2026-09-04 01:21:04,931 | INFO | [1711/1901] Fetching Tanda (TNDA)
2026-09-04 01:21:05,708 | INFO | [1712/1901] Fetching Tandur (TAND)
2026-09-04 01:21:05,825 | INFO | [1713/1901] Fetching Tangla (TAAA)
2026-09-04 01:21:06,500 | INFO |    ↳ Status 403
2026-09-04 01:21:06,500 | WARNING |    ⚠ Blocked (403) retry 1
2026-09-04 01:21:06,599 | INFO | 🌐 Session warmed
2026-09-04 01:21:07,068 | INFO |    ↳ Status 403
2026-09-04 01:21:07,068 | WARNING |    ⚠ Blocked (403) retry 1
2026-09-04 01:21:07,157 | INFO | 🌐 Session warmed
2026-09-04 01:21:07,823 | INFO |    ↳ Status 200
2026-09-04 01:21:07,824 | INFO |    ✓ Found 7 movies
2026-09-04 01:21:07,824 | INFO | [1714/1901] Fetching Tangutur (TANG)
2026-09-04 01:21:08,234 | INFO |    ↳ Status 403
2026-09-04 01:21:08,234 | WARNING |    ⚠ Blocked (403) retry 3
2026-09-04 01:21:08,339 | INFO | 🌐 Session warmed
2026-09-04 01:21:08,659 | INFO |    ↳ Status 403
2026-09-04 01:21:08,659 | WARNING |    ⚠ Blocked (403) retry 2
2026-09-04 01:21:08,754 | INFO | 🌐 Session warmed
2026-09-04 01:21:09,307 | INFO |    ↳ Status 403
2026-09-04 01:21:09,307 | WARNING |    ⚠ Blocked (403) retry 2
2026-09-04 01:21:09,403 | INFO | 🌐 Session warmed
2026-09-04 01:21:10,948 | INFO |    ↳ Status 200
2026-09-04 01:21:10,948 | INFO |    ✓ Found 7 movies
2026-09-04 01:21:10,948 | INFO | [1715/1901] Fetching Tanuku (TANK)
2026-09-04 01:21:12,035 | INFO |    ↳ Status 403
2026-09-04 01:21:12,035 | WARNING |    ⚠ Blocked (403) retry 3
2026-09-04 01:21:12,124 | INFO | 🌐 Session warmed
2026-09-04 01:21:12,339 | INFO | [1716/1901] Fetching Tarapur (TRPM)
2026-09-04 01:21:12,507 | INFO |    ↳ Status 403
2026-09-04 01:21:12,508 | WARNING |    ⚠ Blocked (403) retry 3
2026-09-04 01:21:12,599 | INFO | 🌐 Session warmed
2026-09-04 01:21:12,850 | INFO |    ↳ Status 200
2026-09-04 01:21:12,850 | INFO |    ✓ Found 7 movies
2026-09-04 01:21:12,850 | INFO | [1717/1901] Fetching Tarikere (TERE)
2026-09-04 01:21:13,212 | INFO |    ↳ Status 403
2026-09-04 01:21:13,212 | WARNING |    ⚠ Blocked (403) retry 1
2026-09-04 01:21:13,310 | INFO | 🌐 Session warmed
2026-09-04 01:21:14,156 | INFO |    ↳ Status 200
2026-09-04 01:21:14,156 | INFO |    ✓ Found 4 movies
2026-09-04 01:21:14,156 | INFO | [1718/1901] Fetching Tasgaon (TASG)
2026-09-04 01:21:15,297 | INFO |    ↳ Status 403
2026-09-04 01:21:15,297 | WARNING |    ⚠ Blocked (403) retry 2
2026-09-04 01:21:15,383 | INFO | 🌐 Session warmed
2026-09-04 01:21:16,124 | INFO | [1719/1901] Fetching Tatipaka (TATI)
2026-09-04 01:21:16,240 | INFO |    ↳ Status 200
2026-09-04 01:21:16,240 | INFO |    ✓ Found 6 movies
2026-09-04 01:21:16,240 | INFO | [1720/1901] Fetching Tawang (TAWA)
2026-09-04 01:21:16,599 | INFO | [1721/1901] Fetching Tekkali (TKLI)
2026-09-04 01:21:17,389 | INFO |    ↳ Status 403
2026-09-04 01:21:17,389 | WARNING |    ⚠ Blocked (403) retry 1
2026-09-04 01:21:17,468 | INFO | 🌐 Session warmed
2026-09-04 01:21:17,679 | INFO |    ↳ Status 403
2026-09-04 01:21:17,679 | WARNING |    ⚠ Blocked (403) retry 1
2026-09-04 01:21:17,798 | INFO | 🌐 Session warmed
2026-09-04 01:21:18,231 | INFO |    ↳ Status 403
2026-09-04 01:21:18,231 | WARNING |    ⚠ Blocked (403) retry 3
2026-09-04 01:21:18,330 | INFO | 🌐 Session warmed
2026-09-04 01:21:18,401 | INFO |    ↳ Status 200
2026-09-04 01:21:18,401 | INFO |    ✓ Found 3 movies
2026-09-04 01:21:18,402 | INFO | [1722/1901] Fetching Tembhurni (TMBH)
2026-09-04 01:21:19,531 | INFO |    ↳ Status 403
2026-09-04 01:21:19,531 | WARNING |    ⚠ Blocked (403) retry 2
2026-09-04 01:21:19,624 | INFO | 🌐 Session warmed
2026-09-04 01:21:19,678 | INFO |    ↳ Status 403
2026-09-04 01:21:19,678 | WARNING |    ⚠ Blocked (403) retry 2
2026-09-04 01:21:19,784 | INFO | 🌐 Session warmed
2026-09-04 01:21:20,628 | INFO |    ↳ Status 200
2026-09-04 01:21:20,628 | INFO |    ✓ Found 8 movies
2026-09-04 01:21:20,628 | INFO | [1723/1901] Fetching Tenali (TENA)
2026-09-04 01:21:21,793 | INFO |    ↳ Status 200
2026-09-04 01:21:21,793 | INFO |    ✓ Found 7 movies
2026-09-04 01:21:21,793 | INFO | [1724/1901] Fetching Tenkasi (TENK)
2026-09-04 01:21:22,330 | INFO | [1725/1901] Fetching Terdal (TERD)
2026-09-04 01:21:22,642 | INFO |    ↳ Status 403
2026-09-04 01:21:22,643 | WARNING |    ⚠ Blocked (403) retry 3
2026-09-04 01:21:22,742 | INFO | 🌐 Session warmed
2026-09-04 01:21:22,854 | INFO |    ↳ Status 403
2026-09-04 01:21:22,854 | WARNING |    ⚠ Blocked (403) retry 3
2026-09-04 01:21:22,944 | INFO | 🌐 Session warmed
2026-09-04 01:21:23,329 | INFO |    ↳ Status 403
2026-09-04 01:21:23,329 | WARNING |    ⚠ Blocked (403) retry 1
2026-09-04 01:21:23,418 | INFO | 🌐 Session warmed
2026-09-04 01:21:23,510 | INFO |    ↳ Status 200
2026-09-04 01:21:23,510 | INFO |    ✓ Found 8 movies
2026-09-04 01:21:23,510 | INFO | [1726/1901] Fetching Tezpur (TEZP)
2026-09-04 01:21:25,779 | INFO |    ↳ Status 403
2026-09-04 01:21:25,779 | WARNING |    ⚠ Blocked (403) retry 2
2026-09-04 01:21:25,869 | INFO |    ↳ Status 200
2026-09-04 01:21:25,870 | INFO |    ✓ Found 4 movies
2026-09-04 01:21:25,870 | INFO | [1727/1901] Fetching Tezu (TEZU)
2026-09-04 01:21:25,871 | INFO | 🌐 Session warmed
2026-09-04 01:21:26,743 | INFO | [1728/1901] Fetching Thalassery (THAY)
2026-09-04 01:21:26,882 | INFO |    ↳ Status 200
2026-09-04 01:21:26,882 | INFO |    ✓ Found 8 movies
2026-09-04 01:21:26,882 | INFO | [1729/1901] Fetching Thalayolaparambu (THAL)
2026-09-04 01:21:26,944 | INFO | [1730/1901] Fetching Thalikulam (THAI)
2026-09-04 01:21:27,392 | INFO |    ↳ Status 403
2026-09-04 01:21:27,392 | WARNING |    ⚠ Blocked (403) retry 1
2026-09-04 01:21:27,500 | INFO | 🌐 Session warmed
2026-09-04 01:21:27,918 | INFO |    ↳ Status 403
2026-09-04 01:21:27,918 | WARNING |    ⚠ Blocked (403) retry 1
2026-09-04 01:21:28,009 | INFO | 🌐 Session warmed
2026-09-04 01:21:28,331 | INFO |    ↳ Status 200
2026-09-04 01:21:28,331 | INFO |    ✓ Found 7 movies
2026-09-04 01:21:28,331 | INFO | [1731/1901] Fetching Thallada (THDA)
2026-09-04 01:21:28,800 | INFO |    ↳ Status 403
2026-09-04 01:21:28,800 | WARNING |    ⚠ Blocked (403) retry 3
2026-09-04 01:21:28,889 | INFO | 🌐 Session warmed
2026-09-04 01:21:29,663 | INFO |    ↳ Status 403
2026-09-04 01:21:29,663 | WARNING |    ⚠ Blocked (403) retry 2
2026-09-04 01:21:29,693 | INFO |    ↳ Status 403
2026-09-04 01:21:29,693 | WARNING |    ⚠ Blocked (403) retry 2
2026-09-04 01:21:29,772 | INFO | 🌐 Session warmed
2026-09-04 01:21:29,794 | INFO | 🌐 Session warmed
2026-09-04 01:21:29,960 | INFO |    ↳ Status 200
2026-09-04 01:21:29,960 | INFO |    ✓ Found 8 movies
2026-09-04 01:21:29,960 | INFO | [1732/1901] Fetching Thamarassery (TMRY)
2026-09-04 01:21:32,577 | INFO |    ↳ Status 403
2026-09-04 01:21:32,577 | WARNING |    ⚠ Blocked (403) retry 3
2026-09-04 01:21:32,699 | INFO | 🌐 Session warmed
2026-09-04 01:21:32,713 | INFO |    ↳ Status 403
2026-09-04 01:21:32,713 | WARNING |    ⚠ Blocked (403) retry 3
2026-09-04 01:21:32,821 | INFO | 🌐 Session warmed
2026-09-04 01:21:32,890 | INFO | [1733/1901] Fetching Thanipadi (THPD)
2026-09-04 01:21:33,802 | INFO |    ↳ Status 403
2026-09-04 01:21:33,802 | WARNING |    ⚠ Blocked (403) retry 1
2026-09-04 01:21:33,885 | INFO |    ↳ Status 200
2026-09-04 01:21:33,885 | INFO |    ✓ Found 7 movies
2026-09-04 01:21:33,885 | INFO | [1734/1901] Fetching Thanjavur (TANJ)
2026-09-04 01:21:33,888 | INFO | 🌐 Session warmed
2026-09-04 01:21:35,510 | INFO |    ↳ Status 200
2026-09-04 01:21:35,510 | INFO |    ✓ Found 8 movies
2026-09-04 01:21:35,510 | INFO | [1735/1901] Fetching Tharad (THRD)
2026-09-04 01:21:36,146 | INFO |    ↳ Status 403
2026-09-04 01:21:36,146 | WARNING |    ⚠ Blocked (403) retry 2
2026-09-04 01:21:36,250 | INFO | 🌐 Session warmed
2026-09-04 01:21:36,699 | INFO | [1736/1901] Fetching Theni (THEN)
2026-09-04 01:21:36,821 | INFO | [1737/1901] Fetching Thimmapuram (Addu Road) (TMPR)
2026-09-04 01:21:37,511 | INFO |    ↳ Status 403
2026-09-04 01:21:37,511 | WARNING |    ⚠ Blocked (403) retry 1
2026-09-04 01:21:37,587 | INFO | 🌐 Session warmed
2026-09-04 01:21:37,654 | INFO |    ↳ Status 403
2026-09-04 01:21:37,654 | WARNING |    ⚠ Blocked (403) retry 1
2026-09-04 01:21:37,745 | INFO | 🌐 Session warmed
2026-09-04 01:21:37,894 | INFO |    ↳ Status 200
2026-09-04 01:21:37,894 | INFO |    ✓ Found 7 movies
2026-09-04 01:21:37,894 | INFO | [1738/1901] Fetching Thirubuvanai (THRU)
2026-09-04 01:21:38,963 | INFO |    ↳ Status 403
2026-09-04 01:21:38,963 | WARNING |    ⚠ Blocked (403) retry 3
2026-09-04 01:21:39,053 | INFO | 🌐 Session warmed
2026-09-04 01:21:39,166 | INFO |    ↳ Status 200
2026-09-04 01:21:39,166 | INFO |    ✓ Found 8 movies
2026-09-04 01:21:39,166 | INFO | [1739/1901] Fetching Thirumalagiri (THRM)
2026-09-04 01:21:39,356 | INFO |    ↳ Status 403
2026-09-04 01:21:39,356 | WARNING |    ⚠ Blocked (403) retry 2
2026-09-04 01:21:39,446 | INFO | 🌐 Session warmed
2026-09-04 01:21:39,563 | INFO |    ↳ Status 403
2026-09-04 01:21:39,563 | WARNING |    ⚠ Blocked (403) retry 2
2026-09-04 01:21:39,651 | INFO | 🌐 Session warmed
2026-09-04 01:21:41,158 | INFO |    ↳ Status 200
2026-09-04 01:21:41,159 | INFO |    ✓ Found 8 movies
2026-09-04 01:21:41,159 | INFO | [1740/1901] Fetching Thiruthuraipoondi (THND)
2026-09-04 01:21:42,212 | INFO |    ↳ Status 403
2026-09-04 01:21:42,213 | WARNING |    ⚠ Blocked (403) retry 3
2026-09-04 01:21:42,317 | INFO | 🌐 Session warmed
2026-09-04 01:21:42,414 | INFO |    ↳ Status 403
2026-09-04 01:21:42,414 | WARNING |    ⚠ Blocked (403) retry 3
2026-09-04 01:21:42,504 | INFO | 🌐 Session warmed
2026-09-04 01:21:42,645 | INFO |    ↳ Status 200
2026-09-04 01:21:42,645 | INFO |    ✓ Found 8 movies
2026-09-04 01:21:42,645 | INFO | [1741/1901] Fetching Thiruttani (THTN)
2026-09-04 01:21:43,053 | INFO | [1742/1901] Fetching Thiruvalla (THVL)
2026-09-04 01:21:44,369 | INFO |    ↳ Status 403
2026-09-04 01:21:44,369 | WARNING |    ⚠ Blocked (403) retry 1
2026-09-04 01:21:44,487 | INFO | 🌐 Session warmed
2026-09-04 01:21:44,552 | INFO |    ↳ Status 200
2026-09-04 01:21:44,552 | INFO |    ✓ Found 8 movies
2026-09-04 01:21:44,552 | INFO | [1743/1901] Fetching Thiruvarur (THVR)
2026-09-04 01:21:46,318 | INFO | [1744/1901] Fetching Thodupuzha (THOD)
2026-09-04 01:21:46,425 | INFO |    ↳ Status 403
2026-09-04 01:21:46,425 | WARNING |    ⚠ Blocked (403) retry 2
2026-09-04 01:21:46,504 | INFO | [1745/1901] Fetching Thoothukudi (THOO)
2026-09-04 01:21:46,539 | INFO | 🌐 Session warmed
2026-09-04 01:21:46,774 | INFO |    ↳ Status 200
2026-09-04 01:21:46,774 | INFO |    ✓ Found 8 movies
2026-09-04 01:21:46,774 | INFO | [1746/1901] Fetching Thorrur (THOR)
2026-09-04 01:21:47,234 | INFO |    ↳ Status 403
2026-09-04 01:21:47,234 | WARNING |    ⚠ Blocked (403) retry 1
2026-09-04 01:21:47,341 | INFO | 🌐 Session warmed
2026-09-04 01:21:47,412 | INFO |    ↳ Status 403
2026-09-04 01:21:47,412 | WARNING |    ⚠ Blocked (403) retry 1
2026-09-04 01:21:47,513 | INFO | 🌐 Session warmed
2026-09-04 01:21:47,989 | INFO |    ↳ Status 200
2026-09-04 01:21:47,990 | INFO |    ✓ Found 8 movies
2026-09-04 01:21:47,990 | INFO | [1747/1901] Fetching Thottiyam (THYM)
2026-09-04 01:21:49,273 | INFO |    ↳ Status 403
2026-09-04 01:21:49,273 | WARNING |    ⚠ Blocked (403) retry 2
2026-09-04 01:21:49,363 | INFO | 🌐 Session warmed
2026-09-04 01:21:49,424 | INFO |    ↳ Status 403
2026-09-04 01:21:49,424 | WARNING |    ⚠ Blocked (403) retry 2
2026-09-04 01:21:49,518 | INFO | 🌐 Session warmed
2026-09-04 01:21:49,905 | INFO |    ↳ Status 403
2026-09-04 01:21:49,905 | WARNING |    ⚠ Blocked (403) retry 3
2026-09-04 01:21:49,995 | INFO | 🌐 Session warmed
2026-09-04 01:21:50,055 | INFO |    ↳ Status 200
2026-09-04 01:21:50,055 | INFO |    ✓ Found 8 movies
2026-09-04 01:21:50,055 | INFO | [1748/1901] Fetching Thriprayar (THPR)
2026-09-04 01:21:52,260 | INFO |    ↳ Status 200
2026-09-04 01:21:52,260 | INFO |    ✓ Found 7 movies
2026-09-04 01:21:52,260 | INFO | [1749/1901] Fetching Thrissur (THSR)
2026-09-04 01:21:52,349 | INFO |    ↳ Status 403
2026-09-04 01:21:52,349 | WARNING |    ⚠ Blocked (403) retry 3
2026-09-04 01:21:52,448 | INFO | 🌐 Session warmed
2026-09-04 01:21:52,559 | INFO |    ↳ Status 403
2026-09-04 01:21:52,559 | WARNING |    ⚠ Blocked (403) retry 3
2026-09-04 01:21:52,649 | INFO | 🌐 Session warmed
2026-09-04 01:21:53,906 | INFO |    ↳ Status 200
2026-09-04 01:21:53,906 | INFO |    ✓ Found 7 movies
2026-09-04 01:21:53,906 | INFO | [1750/1901] Fetching Thullur (THUL)
2026-09-04 01:21:53,996 | INFO | [1751/1901] Fetching Thuraiyur (THYR)
2026-09-04 01:21:55,047 | INFO |    ↳ Status 403
2026-09-04 01:21:55,047 | WARNING |    ⚠ Blocked (403) retry 1
2026-09-04 01:21:55,142 | INFO | 🌐 Session warmed
2026-09-04 01:21:55,854 | INFO |    ↳ Status 200
2026-09-04 01:21:55,854 | INFO |    ✓ Found 7 movies
2026-09-04 01:21:55,855 | INFO | [1752/1901] Fetching Tilda Neora (TNO)
2026-09-04 01:21:56,449 | INFO | [1753/1901] Fetching Tindivanam (TNVM)
2026-09-04 01:21:56,649 | INFO | [1754/1901] Fetching Tinsukia (TINS)
2026-09-04 01:21:57,331 | INFO |    ↳ Status 403
2026-09-04 01:21:57,331 | WARNING |    ⚠ Blocked (403) retry 1
2026-09-04 01:21:57,420 | INFO | 🌐 Session warmed
2026-09-04 01:21:57,525 | INFO |    ↳ Status 403
2026-09-04 01:21:57,525 | WARNING |    ⚠ Blocked (403) retry 2
2026-09-04 01:21:57,622 | INFO |    ↳ Status 403
2026-09-04 01:21:57,622 | WARNING |    ⚠ Blocked (403) retry 1
2026-09-04 01:21:57,630 | INFO | 🌐 Session warmed
2026-09-04 01:21:57,750 | INFO | 🌐 Session warmed
2026-09-04 01:21:58,265 | INFO |    ↳ Status 200
2026-09-04 01:21:58,265 | INFO |    ✓ Found 7 movies
2026-09-04 01:21:58,265 | INFO | [1755/1901] Fetching Tiptur (TIPT)
2026-09-04 01:21:59,499 | INFO |    ↳ Status 403
2026-09-04 01:21:59,499 | WARNING |    ⚠ Blocked (403) retry 2
2026-09-04 01:21:59,610 | INFO | 🌐 Session warmed
2026-09-04 01:21:59,822 | INFO |    ↳ Status 403
2026-09-04 01:21:59,822 | WARNING |    ⚠ Blocked (403) retry 2
2026-09-04 01:21:59,924 | INFO | 🌐 Session warmed
2026-09-04 01:22:00,278 | INFO |    ↳ Status 403
2026-09-04 01:22:00,278 | WARNING |    ⚠ Blocked (403) retry 3
2026-09-04 01:22:00,336 | INFO |    ↳ Status 200
2026-09-04 01:22:00,336 | INFO |    ✓ Found 4 movies
2026-09-04 01:22:00,336 | INFO | [1756/1901] Fetching Tiruchendur (TRCD)
2026-09-04 01:22:00,398 | INFO | 🌐 Session warmed
2026-09-04 01:22:02,271 | INFO |    ↳ Status 403
2026-09-04 01:22:02,271 | WARNING |    ⚠ Blocked (403) retry 3
2026-09-04 01:22:02,361 | INFO | 🌐 Session warmed
2026-09-04 01:22:02,561 | INFO |    ↳ Status 403
2026-09-04 01:22:02,561 | WARNING |    ⚠ Blocked (403) retry 3
2026-09-04 01:22:02,682 | INFO | 🌐 Session warmed
2026-09-04 01:22:02,704 | INFO |    ↳ Status 200
2026-09-04 01:22:02,705 | INFO |    ✓ Found 8 movies
2026-09-04 01:22:02,705 | INFO | [1757/1901] Fetching Tirukoilur (TRKR)
2026-09-04 01:22:03,802 | INFO |    ↳ Status 200
2026-09-04 01:22:03,802 | INFO |    ✓ Found 8 movies
2026-09-04 01:22:03,802 | INFO | [1758/1901] Fetching Tirumakudalu Narasipura (TINA)
2026-09-04 01:22:04,399 | INFO | [1759/1901] Fetching Tirunelveli (TIRV)
2026-09-04 01:22:05,158 | INFO |    ↳ Status 403
2026-09-04 01:22:05,158 | WARNING |    ⚠ Blocked (403) retry 1
2026-09-04 01:22:05,254 | INFO | 🌐 Session warmed
2026-09-04 01:22:05,862 | INFO |    ↳ Status 200
2026-09-04 01:22:05,862 | INFO |    ✓ Found 4 movies
2026-09-04 01:22:05,862 | INFO | [1760/1901] Fetching Tirupati (TIRU)
2026-09-04 01:22:06,361 | INFO | [1761/1901] Fetching Tirupattur (TRPR)
2026-09-04 01:22:06,683 | INFO | [1762/1901] Fetching Tirupur (TIRP)
2026-09-04 01:22:07,070 | INFO |    ↳ Status 403
2026-09-04 01:22:07,070 | WARNING |    ⚠ Blocked (403) retry 2
2026-09-04 01:22:07,160 | INFO | 🌐 Session warmed
2026-09-04 01:22:07,427 | INFO |    ↳ Status 200
2026-09-04 01:22:07,427 | INFO |    ✓ Found 7 movies
2026-09-04 01:22:07,427 | INFO | [1763/1901] Fetching Tirur (TRUR)
2026-09-04 01:22:07,632 | INFO |    ↳ Status 403
2026-09-04 01:22:07,633 | WARNING |    ⚠ Blocked (403) retry 1
2026-09-04 01:22:07,660 | INFO |    ↳ Status 403
2026-09-04 01:22:07,661 | WARNING |    ⚠ Blocked (403) retry 1
2026-09-04 01:22:07,746 | INFO | 🌐 Session warmed
2026-09-04 01:22:07,756 | INFO | 🌐 Session warmed
2026-09-04 01:22:09,646 | INFO |    ↳ Status 403
2026-09-04 01:22:09,646 | WARNING |    ⚠ Blocked (403) retry 2
2026-09-04 01:22:09,649 | INFO |    ↳ Status 403
2026-09-04 01:22:09,649 | WARNING |    ⚠ Blocked (403) retry 2
2026-09-04 01:22:09,736 | INFO |    ↳ Status 200
2026-09-04 01:22:09,737 | INFO |    ✓ Found 7 movies
2026-09-04 01:22:09,737 | INFO | [1764/1901] Fetching Tiruvallur (TRVL)
2026-09-04 01:22:09,738 | INFO | 🌐 Session warmed
2026-09-04 01:22:09,751 | INFO | 🌐 Session warmed
2026-09-04 01:22:10,514 | INFO |    ↳ Status 403
2026-09-04 01:22:10,514 | WARNING |    ⚠ Blocked (403) retry 3
2026-09-04 01:22:10,604 | INFO | 🌐 Session warmed
2026-09-04 01:22:11,637 | INFO |    ↳ Status 200
2026-09-04 01:22:11,637 | INFO |    ✓ Found 8 movies
2026-09-04 01:22:11,637 | INFO | [1765/1901] Fetching Tiruvannamalai (TVNM)
2026-09-04 01:22:12,505 | INFO |    ↳ Status 403
2026-09-04 01:22:12,505 | WARNING |    ⚠ Blocked (403) retry 3
2026-09-04 01:22:12,610 | INFO | 🌐 Session warmed
2026-09-04 01:22:13,032 | INFO |    ↳ Status 403
2026-09-04 01:22:13,032 | WARNING |    ⚠ Blocked (403) retry 3
2026-09-04 01:22:13,138 | INFO | 🌐 Session warmed
2026-09-04 01:22:13,280 | INFO |    ↳ Status 200
2026-09-04 01:22:13,280 | INFO |    ✓ Found 8 movies
2026-09-04 01:22:13,280 | INFO | [1766/1901] Fetching Tiruvarur (TIVA)
2026-09-04 01:22:14,604 | INFO | [1767/1901] Fetching Tiruvuru (TRVR)
2026-09-04 01:22:15,517 | INFO |    ↳ Status 200
2026-09-04 01:22:15,517 | INFO |    ✓ Found 8 movies
2026-09-04 01:22:15,517 | INFO | [1768/1901] Fetching Titagarh (TTGH)
2026-09-04 01:22:15,922 | INFO |    ↳ Status 403
2026-09-04 01:22:15,922 | WARNING |    ⚠ Blocked (403) retry 1
2026-09-04 01:22:16,017 | INFO | 🌐 Session warmed
2026-09-04 01:22:16,610 | INFO | [1769/1901] Fetching Titlagarh (TITL)
2026-09-04 01:22:17,138 | INFO | [1770/1901] Fetching Tittakudi (TITT)
2026-09-04 01:22:17,399 | INFO |    ↳ Status 403
2026-09-04 01:22:17,399 | WARNING |    ⚠ Blocked (403) retry 1
2026-09-04 01:22:17,505 | INFO | 🌐 Session warmed
2026-09-04 01:22:17,786 | INFO |    ↳ Status 403
2026-09-04 01:22:17,786 | WARNING |    ⚠ Blocked (403) retry 2
2026-09-04 01:22:17,840 | INFO |    ↳ Status 200
2026-09-04 01:22:17,840 | INFO |    ✓ Found 6 movies
2026-09-04 01:22:17,840 | INFO | [1771/1901] Fetching Tonk (TONK)
2026-09-04 01:22:17,862 | INFO |    ↳ Status 403
2026-09-04 01:22:17,862 | WARNING |    ⚠ Blocked (403) retry 1
2026-09-04 01:22:17,917 | INFO | 🌐 Session warmed
2026-09-04 01:22:17,958 | INFO | 🌐 Session warmed
2026-09-04 01:22:19,259 | INFO |    ↳ Status 403
2026-09-04 01:22:19,259 | WARNING |    ⚠ Blocked (403) retry 2
2026-09-04 01:22:19,364 | INFO | 🌐 Session warmed
2026-09-04 01:22:19,742 | INFO |    ↳ Status 403
2026-09-04 01:22:19,742 | WARNING |    ⚠ Blocked (403) retry 2
2026-09-04 01:22:19,847 | INFO | 🌐 Session warmed
2026-09-04 01:22:19,894 | INFO |    ↳ Status 200
2026-09-04 01:22:19,894 | INFO |    ✓ Found 4 movies
2026-09-04 01:22:19,894 | INFO | [1772/1901] Fetching Toopran (TOOP)
2026-09-04 01:22:21,041 | INFO |    ↳ Status 403
2026-09-04 01:22:21,042 | WARNING |    ⚠ Blocked (403) retry 3
2026-09-04 01:22:21,133 | INFO | 🌐 Session warmed
2026-09-04 01:22:22,204 | INFO |    ↳ Status 200
2026-09-04 01:22:22,205 | INFO |    ✓ Found 8 movies
2026-09-04 01:22:22,205 | INFO | [1773/1901] Fetching Trichy (TRIC)
2026-09-04 01:22:22,275 | INFO |    ↳ Status 403
2026-09-04 01:22:22,276 | WARNING |    ⚠ Blocked (403) retry 3
2026-09-04 01:22:22,373 | INFO | 🌐 Session warmed
2026-09-04 01:22:22,642 | INFO |    ↳ Status 403
2026-09-04 01:22:22,642 | WARNING |    ⚠ Blocked (403) retry 3
2026-09-04 01:22:22,752 | INFO | 🌐 Session warmed
2026-09-04 01:22:24,575 | INFO |    ↳ Status 200
2026-09-04 01:22:24,576 | INFO |    ✓ Found 8 movies
2026-09-04 01:22:24,576 | INFO | [1774/1901] Fetching Trivandrum (TRIV)
2026-09-04 01:22:25,133 | INFO | [1775/1901] Fetching Tumakuru (Tumkur) (TUMK)
2026-09-04 01:22:26,373 | INFO | [1776/1901] Fetching Tumsar (TUSR)
2026-09-04 01:22:26,387 | INFO |    ↳ Status 403
2026-09-04 01:22:26,387 | WARNING |    ⚠ Blocked (403) retry 1
2026-09-04 01:22:26,489 | INFO | 🌐 Session warmed
2026-09-04 01:22:26,752 | INFO | [1777/1901] Fetching Tura (TURA)
2026-09-04 01:22:26,761 | INFO |    ↳ Status 200
2026-09-04 01:22:26,762 | INFO |    ✓ Found 7 movies
2026-09-04 01:22:26,762 | INFO | [1778/1901] Fetching Turputallu (TUPP)
2026-09-04 01:22:27,445 | INFO |    ↳ Status 403
2026-09-04 01:22:27,445 | WARNING |    ⚠ Blocked (403) retry 1
2026-09-04 01:22:27,525 | INFO |    ↳ Status 403
2026-09-04 01:22:27,525 | WARNING |    ⚠ Blocked (403) retry 1
2026-09-04 01:22:27,553 | INFO | 🌐 Session warmed
2026-09-04 01:22:27,642 | INFO | 🌐 Session warmed
2026-09-04 01:22:28,500 | INFO |    ↳ Status 403
2026-09-04 01:22:28,500 | WARNING |    ⚠ Blocked (403) retry 2
2026-09-04 01:22:28,613 | INFO | 🌐 Session warmed
2026-09-04 01:22:28,673 | INFO |    ↳ Status 200
2026-09-04 01:22:28,674 | INFO |    ✓ Found 8 movies
2026-09-04 01:22:28,674 | INFO | [1779/1901] Fetching Turuvekere (TUKE)
2026-09-04 01:22:29,743 | INFO |    ↳ Status 403
2026-09-04 01:22:29,743 | WARNING |    ⚠ Blocked (403) retry 2
2026-09-04 01:22:29,786 | INFO |    ↳ Status 403
2026-09-04 01:22:29,786 | WARNING |    ⚠ Blocked (403) retry 2
2026-09-04 01:22:29,839 | INFO | 🌐 Session warmed
2026-09-04 01:22:29,882 | INFO | 🌐 Session warmed
2026-09-04 01:22:30,632 | INFO |    ↳ Status 200
2026-09-04 01:22:30,633 | INFO |    ✓ Found 4 movies
2026-09-04 01:22:30,633 | INFO | [1780/1901] Fetching Udaipur (UDAI)
2026-09-04 01:22:31,914 | INFO |    ↳ Status 403
2026-09-04 01:22:31,914 | WARNING |    ⚠ Blocked (403) retry 3
2026-09-04 01:22:32,018 | INFO | 🌐 Session warmed
2026-09-04 01:22:32,604 | INFO |    ↳ Status 200
2026-09-04 01:22:32,604 | INFO |    ✓ Found 4 movies
2026-09-04 01:22:32,604 | INFO | [1781/1901] Fetching Udaynarayanpur (UDAY)
2026-09-04 01:22:32,821 | INFO |    ↳ Status 403
2026-09-04 01:22:32,821 | WARNING |    ⚠ Blocked (403) retry 3
2026-09-04 01:22:32,921 | INFO | 🌐 Session warmed
2026-09-04 01:22:33,265 | INFO |    ↳ Status 403
2026-09-04 01:22:33,265 | WARNING |    ⚠ Blocked (403) retry 3
2026-09-04 01:22:33,371 | INFO | 🌐 Session warmed
2026-09-04 01:22:34,550 | INFO |    ↳ Status 200
2026-09-04 01:22:34,551 | INFO |    ✓ Found 6 movies
2026-09-04 01:22:34,551 | INFO | [1782/1901] Fetching Udgir (UDGR)
2026-09-04 01:22:36,019 | INFO | [1783/1901] Fetching Udhampur (UDHM)
2026-09-04 01:22:36,871 | INFO |    ↳ Status 200
2026-09-04 01:22:36,872 | INFO |    ✓ Found 6 movies
2026-09-04 01:22:36,872 | INFO | [1784/1901] Fetching Udumalpet (UDMP)
2026-09-04 01:22:36,921 | INFO | [1785/1901] Fetching Udupi (UDUP)
2026-09-04 01:22:37,248 | INFO |    ↳ Status 403
2026-09-04 01:22:37,248 | WARNING |    ⚠ Blocked (403) retry 1
2026-09-04 01:22:37,349 | INFO | 🌐 Session warmed
2026-09-04 01:22:37,371 | INFO | [1786/1901] Fetching Ujhani (UJHA)
2026-09-04 01:22:37,644 | INFO |    ↳ Status 403
2026-09-04 01:22:37,645 | WARNING |    ⚠ Blocked (403) retry 1
2026-09-04 01:22:37,741 | INFO | 🌐 Session warmed
2026-09-04 01:22:38,533 | INFO |    ↳ Status 403
2026-09-04 01:22:38,533 | WARNING |    ⚠ Blocked (403) retry 1
2026-09-04 01:22:38,636 | INFO | 🌐 Session warmed
2026-09-04 01:22:39,154 | INFO |    ↳ Status 200
2026-09-04 01:22:39,154 | INFO |    ✓ Found 8 movies
2026-09-04 01:22:39,154 | INFO | [1787/1901] Fetching Ujjain (UJJN)
2026-09-04 01:22:39,595 | INFO |    ↳ Status 403
2026-09-04 01:22:39,596 | WARNING |    ⚠ Blocked (403) retry 2
2026-09-04 01:22:39,685 | INFO | 🌐 Session warmed
2026-09-04 01:22:39,716 | INFO |    ↳ Status 403
2026-09-04 01:22:39,716 | WARNING |    ⚠ Blocked (403) retry 2
2026-09-04 01:22:39,814 | INFO | 🌐 Session warmed
2026-09-04 01:22:40,659 | INFO |    ↳ Status 403
2026-09-04 01:22:40,659 | WARNING |    ⚠ Blocked (403) retry 2
2026-09-04 01:22:40,734 | INFO |    ↳ Status 200
2026-09-04 01:22:40,734 | INFO |    ✓ Found 6 movies
2026-09-04 01:22:40,734 | INFO | [1788/1901] Fetching Ulikkal (ULLI)
2026-09-04 01:22:40,782 | INFO | 🌐 Session warmed
2026-09-04 01:22:42,056 | INFO |    ↳ Status 200
2026-09-04 01:22:42,056 | INFO |    ✓ Found 7 movies
2026-09-04 01:22:42,056 | INFO | [1789/1901] Fetching Uluberia (ULUR)
2026-09-04 01:22:42,768 | INFO |    ↳ Status 403
2026-09-04 01:22:42,768 | WARNING |    ⚠ Blocked (403) retry 3
2026-09-04 01:22:42,860 | INFO | 🌐 Session warmed
2026-09-04 01:22:42,875 | INFO |    ↳ Status 403
2026-09-04 01:22:42,875 | WARNING |    ⚠ Blocked (403) retry 3
2026-09-04 01:22:43,000 | INFO | 🌐 Session warmed
2026-09-04 01:22:43,480 | INFO |    ↳ Status 403
2026-09-04 01:22:43,480 | WARNING |    ⚠ Blocked (403) retry 3
2026-09-04 01:22:43,607 | INFO | 🌐 Session warmed
2026-09-04 01:22:43,884 | INFO |    ↳ Status 200
2026-09-04 01:22:43,885 | INFO |    ✓ Found 6 movies
2026-09-04 01:22:43,885 | INFO | [1790/1901] Fetching Ulundurpet (ULPT)
2026-09-04 01:22:45,806 | INFO |    ↳ Status 200
2026-09-04 01:22:45,806 | INFO |    ✓ Found 8 movies
2026-09-04 01:22:45,806 | INFO | [1791/1901] Fetching Umaria (UMR)
2026-09-04 01:22:46,860 | INFO | [1792/1901] Fetching Umbergaon (UMER)
2026-09-04 01:22:47,000 | INFO | [1793/1901] Fetching Umbraj (UMBR)
2026-09-04 01:22:47,542 | INFO |    ↳ Status 200
2026-09-04 01:22:47,542 | INFO |    ✓ Found 8 movies
2026-09-04 01:22:47,543 | INFO | [1794/1901] Fetching Umerkote (UMEK)
2026-09-04 01:22:47,607 | INFO | [1795/1901] Fetching Umred (UMRD)
2026-09-04 01:22:47,942 | INFO |    ↳ Status 403
2026-09-04 01:22:47,942 | WARNING |    ⚠ Blocked (403) retry 1
2026-09-04 01:22:47,960 | INFO |    ↳ Status 403
2026-09-04 01:22:47,960 | WARNING |    ⚠ Blocked (403) retry 1
2026-09-04 01:22:48,059 | INFO | 🌐 Session warmed
2026-09-04 01:22:48,060 | INFO | 🌐 Session warmed
2026-09-04 01:22:48,944 | INFO |    ↳ Status 403
2026-09-04 01:22:48,944 | WARNING |    ⚠ Blocked (403) retry 1
2026-09-04 01:22:49,035 | INFO | 🌐 Session warmed
2026-09-04 01:22:49,695 | INFO |    ↳ Status 200
2026-09-04 01:22:49,695 | INFO |    ✓ Found 8 movies
2026-09-04 01:22:49,696 | INFO | [1796/1901] Fetching Una (BEEL)
2026-09-04 01:22:50,280 | INFO |    ↳ Status 403
2026-09-04 01:22:50,280 | WARNING |    ⚠ Blocked (403) retry 2
2026-09-04 01:22:50,368 | INFO | 🌐 Session warmed
2026-09-04 01:22:50,454 | INFO |    ↳ Status 403
2026-09-04 01:22:50,454 | WARNING |    ⚠ Blocked (403) retry 2
2026-09-04 01:22:50,564 | INFO | 🌐 Session warmed
2026-09-04 01:22:51,278 | INFO |    ↳ Status 403
2026-09-04 01:22:51,278 | WARNING |    ⚠ Blocked (403) retry 2
2026-09-04 01:22:51,327 | INFO |    ↳ Status 200
2026-09-04 01:22:51,327 | INFO |    ✓ Found 6 movies
2026-09-04 01:22:51,327 | INFO | [1797/1901] Fetching Una (Gujarat) (UNAU)
2026-09-04 01:22:51,372 | INFO | 🌐 Session warmed
2026-09-04 01:22:53,005 | INFO |    ↳ Status 200
2026-09-04 01:22:53,005 | INFO |    ✓ Found 8 movies
2026-09-04 01:22:53,005 | INFO | [1798/1901] Fetching Undavalli (UVLI)
2026-09-04 01:22:53,274 | INFO |    ↳ Status 403
2026-09-04 01:22:53,274 | WARNING |    ⚠ Blocked (403) retry 3
2026-09-04 01:22:53,378 | INFO | 🌐 Session warmed
2026-09-04 01:22:53,784 | INFO |    ↳ Status 403
2026-09-04 01:22:53,784 | WARNING |    ⚠ Blocked (403) retry 3
2026-09-04 01:22:53,887 | INFO | 🌐 Session warmed
2026-09-04 01:22:54,263 | INFO |    ↳ Status 403
2026-09-04 01:22:54,264 | WARNING |    ⚠ Blocked (403) retry 3
2026-09-04 01:22:54,361 | INFO | 🌐 Session warmed
2026-09-04 01:22:54,739 | INFO |    ↳ Status 200
2026-09-04 01:22:54,739 | INFO |    ✓ Found 8 movies
2026-09-04 01:22:54,739 | INFO | [1799/1901] Fetching Unnao (UNNA)
2026-09-04 01:22:56,633 | INFO |    ↳ Status 200
2026-09-04 01:22:56,633 | INFO |    ✓ Found 5 movies
2026-09-04 01:22:56,634 | INFO | [1800/1901] Fetching Uppada (UPDA)
2026-09-04 01:22:57,378 | INFO | [1801/1901] Fetching Uthamapalayam (UTHM)
2026-09-04 01:22:57,888 | INFO | [1802/1901] Fetching Uthangarai (UHGR)
2026-09-04 01:22:58,361 | INFO | [1803/1901] Fetching Uthiramerur (UTHI)
2026-09-04 01:22:58,505 | INFO |    ↳ Status 403
2026-09-04 01:22:58,505 | WARNING |    ⚠ Blocked (403) retry 1
2026-09-04 01:22:58,597 | INFO | 🌐 Session warmed
2026-09-04 01:22:58,775 | INFO |    ↳ Status 403
2026-09-04 01:22:58,775 | WARNING |    ⚠ Blocked (403) retry 1
2026-09-04 01:22:58,878 | INFO | 🌐 Session warmed
2026-09-04 01:22:58,977 | INFO |    ↳ Status 200
2026-09-04 01:22:58,978 | INFO |    ✓ Found 8 movies
2026-09-04 01:22:58,978 | INFO | [1804/1901] Fetching Uthukottai (UTHU)
2026-09-04 01:22:59,760 | INFO |    ↳ Status 403
2026-09-04 01:22:59,761 | WARNING |    ⚠ Blocked (403) retry 1
2026-09-04 01:22:59,858 | INFO | 🌐 Session warmed
2026-09-04 01:23:00,866 | INFO |    ↳ Status 403
2026-09-04 01:23:00,866 | WARNING |    ⚠ Blocked (403) retry 2
2026-09-04 01:23:00,954 | INFO | 🌐 Session warmed
2026-09-04 01:23:01,043 | INFO |    ↳ Status 403
2026-09-04 01:23:01,043 | WARNING |    ⚠ Blocked (403) retry 2
2026-09-04 01:23:01,155 | INFO | 🌐 Session warmed
2026-09-04 01:23:01,495 | INFO |    ↳ Status 200
2026-09-04 01:23:01,495 | INFO |    ✓ Found 8 movies
2026-09-04 01:23:01,495 | INFO | [1805/1901] Fetching Utraula (UTRA)
2026-09-04 01:23:01,644 | INFO |    ↳ Status 403
2026-09-04 01:23:01,644 | WARNING |    ⚠ Blocked (403) retry 2
2026-09-04 01:23:01,734 | INFO | 🌐 Session warmed
2026-09-04 01:23:03,250 | INFO |    ↳ Status 200
2026-09-04 01:23:03,250 | INFO |    ✓ Found 5 movies
2026-09-04 01:23:03,250 | INFO | [1806/1901] Fetching Uttara Kannada (UTK)
2026-09-04 01:23:03,768 | INFO |    ↳ Status 403
2026-09-04 01:23:03,768 | WARNING |    ⚠ Blocked (403) retry 3
2026-09-04 01:23:03,857 | INFO | 🌐 Session warmed
2026-09-04 01:23:04,509 | INFO |    ↳ Status 403
2026-09-04 01:23:04,509 | WARNING |    ⚠ Blocked (403) retry 3
2026-09-04 01:23:04,627 | INFO | 🌐 Session warmed
2026-09-04 01:23:04,861 | INFO |    ↳ Status 403
2026-09-04 01:23:04,861 | WARNING |    ⚠ Blocked (403) retry 3
2026-09-04 01:23:04,967 | INFO | 🌐 Session warmed
2026-09-04 01:23:05,590 | INFO |    ↳ Status 200
2026-09-04 01:23:05,590 | INFO |    ✓ Found 4 movies
2026-09-04 01:23:05,591 | INFO | [1807/1901] Fetching Uttarkashi (UTTA)
2026-09-04 01:23:07,723 | INFO |    ↳ Status 200
2026-09-04 01:23:07,724 | INFO |    ✓ Found 7 movies
2026-09-04 01:23:07,724 | INFO | [1808/1901] Fetching Vadakara (VDKR)
2026-09-04 01:23:07,857 | INFO | [1809/1901] Fetching Vadakkencherry (VDCY)
2026-09-04 01:23:08,627 | INFO | [1810/1901] Fetching Vadalur (VADA)
2026-09-04 01:23:08,968 | INFO | [1811/1901] Fetching Vadanappally (VADN)
2026-09-04 01:23:09,208 | INFO |    ↳ Status 403
2026-09-04 01:23:09,209 | WARNING |    ⚠ Blocked (403) retry 1
2026-09-04 01:23:09,315 | INFO | 🌐 Session warmed
2026-09-04 01:23:09,408 | INFO |    ↳ Status 403
2026-09-04 01:23:09,408 | WARNING |    ⚠ Blocked (403) retry 1
2026-09-04 01:23:09,434 | INFO |    ↳ Status 200
2026-09-04 01:23:09,434 | INFO |    ✓ Found 7 movies
2026-09-04 01:23:09,434 | INFO | [1812/1901] Fetching Vadodara (VAD)
2026-09-04 01:23:09,535 | INFO | 🌐 Session warmed
2026-09-04 01:23:10,388 | INFO |    ↳ Status 403
2026-09-04 01:23:10,388 | WARNING |    ⚠ Blocked (403) retry 1
2026-09-04 01:23:10,479 | INFO | 🌐 Session warmed
2026-09-04 01:23:11,402 | INFO |    ↳ Status 403
2026-09-04 01:23:11,402 | WARNING |    ⚠ Blocked (403) retry 2
2026-09-04 01:23:11,521 | INFO | 🌐 Session warmed
2026-09-04 01:23:11,642 | INFO |    ↳ Status 403
2026-09-04 01:23:11,642 | WARNING |    ⚠ Blocked (403) retry 2
2026-09-04 01:23:11,747 | INFO | 🌐 Session warmed
2026-09-04 01:23:12,473 | INFO |    ↳ Status 403
2026-09-04 01:23:12,473 | WARNING |    ⚠ Blocked (403) retry 2
2026-09-04 01:23:12,588 | INFO | 🌐 Session warmed
2026-09-04 01:23:12,659 | INFO |    ↳ Status 200
2026-09-04 01:23:12,660 | INFO |    ✓ Found 7 movies
2026-09-04 01:23:12,660 | INFO | [1813/1901] Fetching Vaduj (VADJ)
2026-09-04 01:23:14,480 | INFO |    ↳ Status 200
2026-09-04 01:23:14,480 | INFO |    ✓ Found 6 movies
2026-09-04 01:23:14,481 | INFO | [1814/1901] Fetching Vaijapur (VAIJ)
2026-09-04 01:23:14,570 | INFO |    ↳ Status 403
2026-09-04 01:23:14,570 | WARNING |    ⚠ Blocked (403) retry 3
2026-09-04 01:23:14,687 | INFO | 🌐 Session warmed
2026-09-04 01:23:14,857 | INFO |    ↳ Status 403
2026-09-04 01:23:14,857 | WARNING |    ⚠ Blocked (403) retry 3
2026-09-04 01:23:14,965 | INFO | 🌐 Session warmed
2026-09-04 01:23:15,780 | INFO |    ↳ Status 403
2026-09-04 01:23:15,781 | WARNING |    ⚠ Blocked (403) retry 3
2026-09-04 01:23:15,899 | INFO | 🌐 Session warmed
2026-09-04 01:23:16,894 | INFO |    ↳ Status 200
2026-09-04 01:23:16,895 | INFO |    ✓ Found 8 movies
2026-09-04 01:23:16,895 | INFO | [1815/1901] Fetching Valanchery (VALA)
2026-09-04 01:23:18,520 | INFO |    ↳ Status 200
2026-09-04 01:23:18,520 | INFO |    ✓ Found 8 movies
2026-09-04 01:23:18,520 | INFO | [1816/1901] Fetching Valaparla (VLAP)
2026-09-04 01:23:18,687 | INFO | [1817/1901] Fetching Valigonda (VALI)
2026-09-04 01:23:18,966 | INFO | [1818/1901] Fetching Valluru (VALL)
2026-09-04 01:23:19,577 | INFO |    ↳ Status 403
2026-09-04 01:23:19,577 | WARNING |    ⚠ Blocked (403) retry 1
2026-09-04 01:23:19,676 | INFO | 🌐 Session warmed
2026-09-04 01:23:19,860 | INFO |    ↳ Status 403
2026-09-04 01:23:19,860 | WARNING |    ⚠ Blocked (403) retry 1
2026-09-04 01:23:19,899 | INFO | [1819/1901] Fetching Valsad (VLSD)
2026-09-04 01:23:19,952 | INFO | 🌐 Session warmed
2026-09-04 01:23:20,498 | INFO |    ↳ Status 200
2026-09-04 01:23:20,499 | INFO |    ✓ Found 8 movies
2026-09-04 01:23:20,499 | INFO | [1820/1901] Fetching Vaniyambadi (VANI)
2026-09-04 01:23:20,719 | INFO |    ↳ Status 403
2026-09-04 01:23:20,719 | WARNING |    ⚠ Blocked (403) retry 1
2026-09-04 01:23:20,837 | INFO | 🌐 Session warmed
2026-09-04 01:23:21,890 | INFO |    ↳ Status 403
2026-09-04 01:23:21,890 | WARNING |    ⚠ Blocked (403) retry 2
2026-09-04 01:23:21,907 | INFO |    ↳ Status 403
2026-09-04 01:23:21,907 | WARNING |    ⚠ Blocked (403) retry 2
2026-09-04 01:23:21,986 | INFO | 🌐 Session warmed
2026-09-04 01:23:22,032 | INFO | 🌐 Session warmed
2026-09-04 01:23:22,776 | INFO |    ↳ Status 200
2026-09-04 01:23:22,776 | INFO |    ✓ Found 8 movies
2026-09-04 01:23:22,776 | INFO | [1821/1901] Fetching Vapi (VAPI)
2026-09-04 01:23:23,221 | INFO |    ↳ Status 403
2026-09-04 01:23:23,221 | WARNING |    ⚠ Blocked (403) retry 2
2026-09-04 01:23:23,311 | INFO | 🌐 Session warmed
2026-09-04 01:23:24,586 | INFO |    ↳ Status 200
2026-09-04 01:23:24,586 | INFO |    ✓ Found 7 movies
2026-09-04 01:23:24,587 | INFO | [1822/1901] Fetching Varadaiahpalem (VARA)
2026-09-04 01:23:24,790 | INFO |    ↳ Status 403
2026-09-04 01:23:24,790 | WARNING |    ⚠ Blocked (403) retry 3
2026-09-04 01:23:24,884 | INFO | 🌐 Session warmed
2026-09-04 01:23:25,072 | INFO |    ↳ Status 403
2026-09-04 01:23:25,072 | WARNING |    ⚠ Blocked (403) retry 3
2026-09-04 01:23:25,179 | INFO | 🌐 Session warmed
2026-09-04 01:23:26,189 | INFO |    ↳ Status 200
2026-09-04 01:23:26,189 | INFO |    ✓ Found 7 movies
2026-09-04 01:23:26,190 | INFO | [1823/1901] Fetching Varadiyam (VRYM)
2026-09-04 01:23:26,486 | INFO |    ↳ Status 403
2026-09-04 01:23:26,486 | WARNING |    ⚠ Blocked (403) retry 3
2026-09-04 01:23:26,573 | INFO | 🌐 Session warmed
2026-09-04 01:23:27,873 | INFO |    ↳ Status 200
2026-09-04 01:23:27,873 | INFO |    ✓ Found 7 movies
2026-09-04 01:23:27,873 | INFO | [1824/1901] Fetching Varanasi (VAR)
2026-09-04 01:23:28,884 | INFO | [1825/1901] Fetching Varkala (VKAL)
2026-09-04 01:23:29,179 | INFO | [1826/1901] Fetching Vasind (VASI)
2026-09-04 01:23:29,396 | INFO |    ↳ Status 200
2026-09-04 01:23:29,396 | INFO |    ✓ Found 5 movies
2026-09-04 01:23:29,396 | INFO | [1827/1901] Fetching Vatsavai (VAST)
2026-09-04 01:23:29,648 | INFO |    ↳ Status 403
2026-09-04 01:23:29,648 | WARNING |    ⚠ Blocked (403) retry 1
2026-09-04 01:23:29,744 | INFO | 🌐 Session warmed
2026-09-04 01:23:29,955 | INFO |    ↳ Status 403
2026-09-04 01:23:29,955 | WARNING |    ⚠ Blocked (403) retry 1
2026-09-04 01:23:30,059 | INFO | 🌐 Session warmed
2026-09-04 01:23:30,528 | INFO |    ↳ Status 200
2026-09-04 01:23:30,528 | INFO |    ✓ Found 7 movies
2026-09-04 01:23:30,529 | INFO | [1828/1901] Fetching Vazhapadi (VAZH)
2026-09-04 01:23:30,573 | INFO | [1829/1901] Fetching Vedasandur (VEDA)
2026-09-04 01:23:31,409 | INFO |    ↳ Status 403
2026-09-04 01:23:31,409 | WARNING |    ⚠ Blocked (403) retry 1
2026-09-04 01:23:31,507 | INFO | 🌐 Session warmed
2026-09-04 01:23:31,752 | INFO |    ↳ Status 200
2026-09-04 01:23:31,753 | INFO |    ✓ Found 8 movies
2026-09-04 01:23:31,753 | INFO | [1830/1901] Fetching Veeraghattam (VEER)
2026-09-04 01:23:31,806 | INFO |    ↳ Status 403
2026-09-04 01:23:31,806 | WARNING |    ⚠ Blocked (403) retry 2
2026-09-04 01:23:31,922 | INFO | 🌐 Session warmed
2026-09-04 01:23:32,168 | INFO |    ↳ Status 403
2026-09-04 01:23:32,168 | WARNING |    ⚠ Blocked (403) retry 2
2026-09-04 01:23:32,260 | INFO | 🌐 Session warmed
2026-09-04 01:23:33,654 | INFO |    ↳ Status 403
2026-09-04 01:23:33,654 | WARNING |    ⚠ Blocked (403) retry 2
2026-09-04 01:23:33,747 | INFO | 🌐 Session warmed
2026-09-04 01:23:34,053 | INFO |    ↳ Status 200
2026-09-04 01:23:34,053 | INFO |    ✓ Found 7 movies
2026-09-04 01:23:34,054 | INFO | [1831/1901] Fetching Velangi (VELG)
2026-09-04 01:23:35,098 | INFO |    ↳ Status 403
2026-09-04 01:23:35,099 | WARNING |    ⚠ Blocked (403) retry 3
2026-09-04 01:23:35,190 | INFO | 🌐 Session warmed
2026-09-04 01:23:35,562 | INFO |    ↳ Status 403
2026-09-04 01:23:35,562 | WARNING |    ⚠ Blocked (403) retry 3
2026-09-04 01:23:35,672 | INFO | 🌐 Session warmed
2026-09-04 01:23:36,368 | INFO |    ↳ Status 200
2026-09-04 01:23:36,368 | INFO |    ✓ Found 7 movies
2026-09-04 01:23:36,368 | INFO | [1832/1901] Fetching Velanja (VELA)
2026-09-04 01:23:36,765 | INFO |    ↳ Status 403
2026-09-04 01:23:36,765 | WARNING |    ⚠ Blocked (403) retry 3
2026-09-04 01:23:36,871 | INFO | 🌐 Session warmed
2026-09-04 01:23:38,685 | INFO |    ↳ Status 200
2026-09-04 01:23:38,686 | INFO |    ✓ Found 7 movies
2026-09-04 01:23:38,686 | INFO | [1833/1901] Fetching Velanthavalam (VELM)
2026-09-04 01:23:39,191 | INFO | [1834/1901] Fetching Vellakoil (VELI)
2026-09-04 01:23:39,672 | INFO | [1835/1901] Fetching Vellampalli (VMPL)
2026-09-04 01:23:40,353 | INFO |    ↳ Status 403
2026-09-04 01:23:40,353 | WARNING |    ⚠ Blocked (403) retry 1
2026-09-04 01:23:40,457 | INFO | 🌐 Session warmed
2026-09-04 01:23:40,593 | INFO |    ↳ Status 403
2026-09-04 01:23:40,593 | WARNING |    ⚠ Blocked (403) retry 1
2026-09-04 01:23:40,686 | INFO | 🌐 Session warmed
2026-09-04 01:23:40,871 | INFO | [1836/1901] Fetching Vellore (VELL)
2026-09-04 01:23:42,243 | INFO |    ↳ Status 403
2026-09-04 01:23:42,243 | WARNING |    ⚠ Blocked (403) retry 1
2026-09-04 01:23:42,358 | INFO | 🌐 Session warmed
2026-09-04 01:23:42,374 | INFO |    ↳ Status 403
2026-09-04 01:23:42,374 | WARNING |    ⚠ Blocked (403) retry 2
2026-09-04 01:23:42,471 | INFO | 🌐 Session warmed
2026-09-04 01:23:42,729 | INFO |    ↳ Status 200
2026-09-04 01:23:42,729 | INFO |    ✓ Found 7 movies
2026-09-04 01:23:42,729 | INFO | [1837/1901] Fetching Velugodu (VLGD)
2026-09-04 01:23:42,875 | INFO |    ↳ Status 403
2026-09-04 01:23:42,875 | WARNING |    ⚠ Blocked (403) retry 2
2026-09-04 01:23:42,986 | INFO | 🌐 Session warmed
2026-09-04 01:23:44,054 | INFO |    ↳ Status 403
2026-09-04 01:23:44,054 | WARNING |    ⚠ Blocked (403) retry 2
2026-09-04 01:23:44,145 | INFO | 🌐 Session warmed
2026-09-04 01:23:44,769 | INFO |    ↳ Status 200
2026-09-04 01:23:44,769 | INFO |    ✓ Found 8 movies
2026-09-04 01:23:44,769 | INFO | [1838/1901] Fetching Vempalli (VAIM)
2026-09-04 01:23:45,190 | INFO |    ↳ Status 403
2026-09-04 01:23:45,190 | WARNING |    ⚠ Blocked (403) retry 3
2026-09-04 01:23:45,284 | INFO | 🌐 Session warmed
2026-09-04 01:23:46,038 | INFO |    ↳ Status 200
2026-09-04 01:23:46,038 | INFO |    ✓ Found 7 movies
2026-09-04 01:23:46,038 | INFO | [1839/1901] Fetching Vemulawada (VERU)
2026-09-04 01:23:46,195 | INFO |    ↳ Status 403
2026-09-04 01:23:46,195 | WARNING |    ⚠ Blocked (403) retry 3
2026-09-04 01:23:46,299 | INFO | 🌐 Session warmed
2026-09-04 01:23:47,363 | INFO |    ↳ Status 403
2026-09-04 01:23:47,363 | WARNING |    ⚠ Blocked (403) retry 3
2026-09-04 01:23:47,482 | INFO | 🌐 Session warmed
2026-09-04 01:23:49,160 | INFO |    ↳ Status 200
2026-09-04 01:23:49,161 | INFO |    ✓ Found 8 movies
2026-09-04 01:23:49,161 | INFO | [1840/1901] Fetching Vengurla (VENG)
2026-09-04 01:23:49,285 | INFO | [1841/1901] Fetching Venkatapuram (VNKT)
2026-09-04 01:23:50,299 | INFO | [1842/1901] Fetching Veraval (VRAL)
2026-09-04 01:23:50,549 | INFO |    ↳ Status 403
2026-09-04 01:23:50,549 | WARNING |    ⚠ Blocked (403) retry 1
2026-09-04 01:23:50,656 | INFO | 🌐 Session warmed
2026-09-04 01:23:50,996 | INFO |    ↳ Status 403
2026-09-04 01:23:50,996 | WARNING |    ⚠ Blocked (403) retry 1
2026-09-04 01:23:51,115 | INFO | 🌐 Session warmed
2026-09-04 01:23:51,297 | INFO |    ↳ Status 200
2026-09-04 01:23:51,297 | INFO |    ✓ Found 6 movies
2026-09-04 01:23:51,297 | INFO | [1843/1901] Fetching Vetapalem (VLEM)
2026-09-04 01:23:51,482 | INFO | [1844/1901] Fetching Vettaikaranpudur (VETA)
2026-09-04 01:23:52,334 | INFO |    ↳ Status 403
2026-09-04 01:23:52,334 | WARNING |    ⚠ Blocked (403) retry 1
2026-09-04 01:23:52,358 | INFO |    ↳ Status 403
2026-09-04 01:23:52,358 | WARNING |    ⚠ Blocked (403) retry 2
2026-09-04 01:23:52,444 | INFO | 🌐 Session warmed
2026-09-04 01:23:52,467 | INFO | 🌐 Session warmed
2026-09-04 01:23:52,776 | INFO |    ↳ Status 403
2026-09-04 01:23:52,776 | WARNING |    ⚠ Blocked (403) retry 2
2026-09-04 01:23:52,868 | INFO | 🌐 Session warmed
2026-09-04 01:23:53,322 | INFO |    ↳ Status 200
2026-09-04 01:23:53,322 | INFO |    ✓ Found 7 movies
2026-09-04 01:23:53,322 | INFO | [1845/1901] Fetching Vettavalam (VETT)
2026-09-04 01:23:54,323 | INFO |    ↳ Status 403
2026-09-04 01:23:54,323 | WARNING |    ⚠ Blocked (403) retry 2
2026-09-04 01:23:54,444 | INFO | 🌐 Session warmed
2026-09-04 01:23:55,137 | INFO |    ↳ Status 403
2026-09-04 01:23:55,138 | WARNING |    ⚠ Blocked (403) retry 3
2026-09-04 01:23:55,226 | INFO | 🌐 Session warmed
2026-09-04 01:23:55,467 | INFO |    ↳ Status 200
2026-09-04 01:23:55,467 | INFO |    ✓ Found 8 movies
2026-09-04 01:23:55,467 | INFO | [1846/1901] Fetching Vidisha (VIDI)
2026-09-04 01:23:56,069 | INFO |    ↳ Status 403
2026-09-04 01:23:56,070 | WARNING |    ⚠ Blocked (403) retry 3
2026-09-04 01:23:56,187 | INFO | 🌐 Session warmed
2026-09-04 01:23:57,240 | INFO |    ↳ Status 403
2026-09-04 01:23:57,240 | WARNING |    ⚠ Blocked (403) retry 3
2026-09-04 01:23:57,337 | INFO | 🌐 Session warmed
2026-09-04 01:23:57,553 | INFO |    ↳ Status 200
2026-09-04 01:23:57,553 | INFO |    ✓ Found 6 movies
2026-09-04 01:23:57,553 | INFO | [1847/1901] Fetching Vijapur (VIUR)
2026-09-04 01:23:59,226 | INFO | [1848/1901] Fetching Vijayapura (Bengaluru Rural) (VIJP)
2026-09-04 01:23:59,437 | INFO |    ↳ Status 200
2026-09-04 01:23:59,437 | INFO |    ✓ Found 7 movies
2026-09-04 01:23:59,437 | INFO | [1849/1901] Fetching Vijayapura (Bijapur) (VJPR)
2026-09-04 01:24:00,043 | INFO |    ↳ Status 403
2026-09-04 01:24:00,043 | WARNING |    ⚠ Blocked (403) retry 1
2026-09-04 01:24:00,138 | INFO | 🌐 Session warmed
2026-09-04 01:24:00,188 | INFO | [1850/1901] Fetching Vijayarai (VRAI)
2026-09-04 01:24:00,656 | INFO |    ↳ Status 200
2026-09-04 01:24:00,657 | INFO |    ✓ Found 4 movies
2026-09-04 01:24:00,657 | INFO | [1851/1901] Fetching Vijayawada (VIJA)
2026-09-04 01:24:01,338 | INFO | [1852/1901] Fetching Vikarabad (VKBD)
2026-09-04 01:24:01,457 | INFO |    ↳ Status 403
2026-09-04 01:24:01,457 | WARNING |    ⚠ Blocked (403) retry 1
2026-09-04 01:24:01,586 | INFO | 🌐 Session warmed
2026-09-04 01:24:02,421 | INFO |    ↳ Status 403
2026-09-04 01:24:02,421 | WARNING |    ⚠ Blocked (403) retry 2
2026-09-04 01:24:02,424 | INFO |    ↳ Status 403
2026-09-04 01:24:02,424 | WARNING |    ⚠ Blocked (403) retry 1
2026-09-04 01:24:02,525 | INFO | 🌐 Session warmed
2026-09-04 01:24:02,540 | INFO | 🌐 Session warmed
2026-09-04 01:24:02,742 | INFO |    ↳ Status 200
2026-09-04 01:24:02,742 | INFO |    ✓ Found 7 movies
2026-09-04 01:24:02,743 | INFO | [1853/1901] Fetching Vikasnagar (VKNG)
2026-09-04 01:24:03,324 | INFO |    ↳ Status 403
2026-09-04 01:24:03,324 | WARNING |    ⚠ Blocked (403) retry 2
2026-09-04 01:24:03,414 | INFO | 🌐 Session warmed
2026-09-04 01:24:04,153 | INFO |    ↳ Status 200
2026-09-04 01:24:04,153 | INFO |    ✓ Found 7 movies
2026-09-04 01:24:04,153 | INFO | [1854/1901] Fetching Vikravandi (VIVI)
2026-09-04 01:24:04,458 | INFO |    ↳ Status 403
2026-09-04 01:24:04,459 | WARNING |    ⚠ Blocked (403) retry 2
2026-09-04 01:24:04,562 | INFO | 🌐 Session warmed
2026-09-04 01:24:05,664 | INFO |    ↳ Status 403
2026-09-04 01:24:05,664 | WARNING |    ⚠ Blocked (403) retry 3
2026-09-04 01:24:05,758 | INFO | 🌐 Session warmed
2026-09-04 01:24:06,023 | INFO |    ↳ Status 200
2026-09-04 01:24:06,023 | INFO |    ✓ Found 8 movies
2026-09-04 01:24:06,023 | INFO | [1855/1901] Fetching Villupuram (VILL)
2026-09-04 01:24:06,050 | INFO |    ↳ Status 403
2026-09-04 01:24:06,050 | WARNING |    ⚠ Blocked (403) retry 3
2026-09-04 01:24:06,170 | INFO | 🌐 Session warmed
2026-09-04 01:24:07,807 | INFO |    ↳ Status 403
2026-09-04 01:24:07,807 | WARNING |    ⚠ Blocked (403) retry 3
2026-09-04 01:24:07,915 | INFO | 🌐 Session warmed
2026-09-04 01:24:07,931 | INFO |    ↳ Status 200
2026-09-04 01:24:07,932 | INFO |    ✓ Found 8 movies
2026-09-04 01:24:07,932 | INFO | [1856/1901] Fetching Vinukonda (VNKD)
2026-09-04 01:24:09,646 | INFO |    ↳ Status 200
2026-09-04 01:24:09,646 | INFO |    ✓ Found 7 movies
2026-09-04 01:24:09,646 | INFO | [1857/1901] Fetching Viralimalai (VIRA)
2026-09-04 01:24:09,758 | INFO | [1858/1901] Fetching Virudhachalam (VIDM)
2026-09-04 01:24:10,171 | INFO | [1859/1901] Fetching Virudhunagar (VIRU)
2026-09-04 01:24:10,628 | INFO |    ↳ Status 403
2026-09-04 01:24:10,628 | WARNING |    ⚠ Blocked (403) retry 1
2026-09-04 01:24:10,726 | INFO | 🌐 Session warmed
2026-09-04 01:24:11,468 | INFO |    ↳ Status 403
2026-09-04 01:24:11,468 | WARNING |    ⚠ Blocked (403) retry 1
2026-09-04 01:24:11,484 | INFO |    ↳ Status 200
2026-09-04 01:24:11,485 | INFO |    ✓ Found 8 movies
2026-09-04 01:24:11,485 | INFO | [1860/1901] Fetching Visnagar (VISN)
2026-09-04 01:24:11,562 | INFO | 🌐 Session warmed
2026-09-04 01:24:11,915 | INFO | [1861/1901] Fetching Vissannapeta (VSNP)
2026-09-04 01:24:12,604 | INFO |    ↳ Status 403
2026-09-04 01:24:12,605 | WARNING |    ⚠ Blocked (403) retry 1
2026-09-04 01:24:12,673 | INFO |    ↳ Status 403
2026-09-04 01:24:12,673 | WARNING |    ⚠ Blocked (403) retry 2
2026-09-04 01:24:12,705 | INFO | 🌐 Session warmed
2026-09-04 01:24:12,785 | INFO | 🌐 Session warmed
2026-09-04 01:24:13,298 | INFO |    ↳ Status 200
2026-09-04 01:24:13,298 | INFO |    ✓ Found 7 movies
2026-09-04 01:24:13,298 | INFO | [1862/1901] Fetching Vita (VITA)
2026-09-04 01:24:13,521 | INFO |    ↳ Status 403
2026-09-04 01:24:13,521 | WARNING |    ⚠ Blocked (403) retry 2
2026-09-04 01:24:13,628 | INFO | 🌐 Session warmed
2026-09-04 01:24:14,510 | INFO |    ↳ Status 403
2026-09-04 01:24:14,510 | WARNING |    ⚠ Blocked (403) retry 2
2026-09-04 01:24:14,600 | INFO | 🌐 Session warmed
2026-09-04 01:24:15,293 | INFO |    ↳ Status 200
2026-09-04 01:24:15,293 | INFO |    ✓ Found 6 movies
2026-09-04 01:24:15,294 | INFO | [1863/1901] Fetching Vithlapur (VTHC)
2026-09-04 01:24:16,123 | INFO |    ↳ Status 403
2026-09-04 01:24:16,124 | WARNING |    ⚠ Blocked (403) retry 3
2026-09-04 01:24:16,213 | INFO | 🌐 Session warmed
2026-09-04 01:24:16,570 | INFO |    ↳ Status 200
2026-09-04 01:24:16,570 | INFO |    ✓ Found 8 movies
2026-09-04 01:24:16,571 | INFO | [1864/1901] Fetching Vizag (Visakhapatnam) (VIZA)
2026-09-04 01:24:16,821 | INFO |    ↳ Status 403
2026-09-04 01:24:16,821 | WARNING |    ⚠ Blocked (403) retry 3
2026-09-04 01:24:16,908 | INFO | 🌐 Session warmed
2026-09-04 01:24:17,864 | INFO |    ↳ Status 403
2026-09-04 01:24:17,864 | WARNING |    ⚠ Blocked (403) retry 3
2026-09-04 01:24:17,959 | INFO | 🌐 Session warmed
2026-09-04 01:24:18,032 | INFO |    ↳ Status 200
2026-09-04 01:24:18,032 | INFO |    ✓ Found 7 movies
2026-09-04 01:24:18,032 | INFO | [1865/1901] Fetching Vizianagaram (VIZI)
2026-09-04 01:24:19,248 | INFO |    ↳ Status 200
2026-09-04 01:24:19,248 | INFO |    ✓ Found 7 movies
2026-09-04 01:24:19,249 | INFO | [1866/1901] Fetching Vrindavan (VRIN)
2026-09-04 01:24:20,214 | INFO | [1867/1901] Fetching Vuyyuru (VYUR)
2026-09-04 01:24:20,909 | INFO | [1868/1901] Fetching Vyara (VYAR)
2026-09-04 01:24:21,323 | INFO |    ↳ Status 200
2026-09-04 01:24:21,323 | INFO |    ✓ Found 8 movies
2026-09-04 01:24:21,324 | INFO | [1869/1901] Fetching Wadakkancherry (WADA)
2026-09-04 01:24:21,484 | INFO |    ↳ Status 403
2026-09-04 01:24:21,484 | WARNING |    ⚠ Blocked (403) retry 1
2026-09-04 01:24:21,573 | INFO | 🌐 Session warmed
2026-09-04 01:24:21,641 | INFO |    ↳ Status 403
2026-09-04 01:24:21,641 | WARNING |    ⚠ Blocked (403) retry 1
2026-09-04 01:24:21,752 | INFO | 🌐 Session warmed
2026-09-04 01:24:21,960 | INFO | [1870/1901] Fetching Wai (WAIP)
2026-09-04 01:24:22,803 | INFO |    ↳ Status 403
2026-09-04 01:24:22,803 | WARNING |    ⚠ Blocked (403) retry 1
2026-09-04 01:24:22,907 | INFO | 🌐 Session warmed
2026-09-04 01:24:23,039 | INFO |    ↳ Status 200
2026-09-04 01:24:23,039 | INFO |    ✓ Found 7 movies
2026-09-04 01:24:23,039 | INFO | [1871/1901] Fetching Waluj (WALU)
2026-09-04 01:24:23,225 | INFO |    ↳ Status 403
2026-09-04 01:24:23,225 | WARNING |    ⚠ Blocked (403) retry 2
2026-09-04 01:24:23,338 | INFO | 🌐 Session warmed
2026-09-04 01:24:23,488 | INFO |    ↳ Status 403
2026-09-04 01:24:23,488 | WARNING |    ⚠ Blocked (403) retry 2
2026-09-04 01:24:23,593 | INFO | 🌐 Session warmed
2026-09-04 01:24:25,067 | INFO |    ↳ Status 403
2026-09-04 01:24:25,067 | WARNING |    ⚠ Blocked (403) retry 2
2026-09-04 01:24:25,072 | INFO |    ↳ Status 200
2026-09-04 01:24:25,072 | INFO |    ✓ Found 8 movies
2026-09-04 01:24:25,072 | INFO | [1872/1901] Fetching Wanaparthy (WANA)
2026-09-04 01:24:25,163 | INFO | 🌐 Session warmed
2026-09-04 01:24:26,492 | INFO |    ↳ Status 403
2026-09-04 01:24:26,492 | WARNING |    ⚠ Blocked (403) retry 3
2026-09-04 01:24:26,587 | INFO | 🌐 Session warmed
2026-09-04 01:24:26,648 | INFO |    ↳ Status 403
2026-09-04 01:24:26,648 | WARNING |    ⚠ Blocked (403) retry 3
2026-09-04 01:24:26,768 | INFO | 🌐 Session warmed
2026-09-04 01:24:28,181 | INFO |    ↳ Status 403
2026-09-04 01:24:28,181 | WARNING |    ⚠ Blocked (403) retry 3
2026-09-04 01:24:28,270 | INFO | 🌐 Session warmed
2026-09-04 01:24:28,540 | INFO |    ↳ Status 200
2026-09-04 01:24:28,540 | INFO |    ✓ Found 8 movies
2026-09-04 01:24:28,540 | INFO | [1873/1901] Fetching Wani (WANI)
2026-09-04 01:24:30,316 | INFO |    ↳ Status 200
2026-09-04 01:24:30,316 | INFO |    ✓ Found 6 movies
2026-09-04 01:24:30,317 | INFO | [1874/1901] Fetching Warangal (WAR)
2026-09-04 01:24:30,588 | INFO | [1875/1901] Fetching Wardha (WARD)
2026-09-04 01:24:30,768 | INFO | [1876/1901] Fetching Warora (WRRA)
2026-09-04 01:24:31,504 | INFO |    ↳ Status 403
2026-09-04 01:24:31,504 | WARNING |    ⚠ Blocked (403) retry 1
2026-09-04 01:24:31,612 | INFO | 🌐 Session warmed
2026-09-04 01:24:31,679 | INFO |    ↳ Status 403
2026-09-04 01:24:31,679 | WARNING |    ⚠ Blocked (403) retry 1
2026-09-04 01:24:31,774 | INFO | 🌐 Session warmed
2026-09-04 01:24:32,229 | INFO |    ↳ Status 200
2026-09-04 01:24:32,229 | INFO |    ✓ Found 8 movies
2026-09-04 01:24:32,229 | INFO | [1877/1901] Fetching Washim (WASH)
2026-09-04 01:24:32,271 | INFO | [1878/1901] Fetching Wayanad (WAYA)
2026-09-04 01:24:33,335 | INFO |    ↳ Status 200
2026-09-04 01:24:33,335 | INFO |    ✓ Found 6 movies
2026-09-04 01:24:33,335 | INFO | [1879/1901] Fetching West Kameng (WTKN)
2026-09-04 01:24:33,359 | INFO |    ↳ Status 403
2026-09-04 01:24:33,359 | WARNING |    ⚠ Blocked (403) retry 1
2026-09-04 01:24:33,452 | INFO | 🌐 Session warmed
2026-09-04 01:24:33,602 | INFO |    ↳ Status 403
2026-09-04 01:24:33,603 | WARNING |    ⚠ Blocked (403) retry 2
2026-09-04 01:24:33,717 | INFO | 🌐 Session warmed
2026-09-04 01:24:34,039 | INFO |    ↳ Status 403
2026-09-04 01:24:34,039 | WARNING |    ⚠ Blocked (403) retry 2
2026-09-04 01:24:34,141 | INFO | 🌐 Session warmed
2026-09-04 01:24:35,053 | INFO |    ↳ Status 200
2026-09-04 01:24:35,053 | INFO |    ✓ Found 3 movies
2026-09-04 01:24:35,054 | INFO | [1880/1901] Fetching Wyra (WWAR)
2026-09-04 01:24:35,767 | INFO |    ↳ Status 403
2026-09-04 01:24:35,767 | WARNING |    ⚠ Blocked (403) retry 2
2026-09-04 01:24:35,869 | INFO | 🌐 Session warmed
2026-09-04 01:24:36,626 | INFO |    ↳ Status 403
2026-09-04 01:24:36,626 | WARNING |    ⚠ Blocked (403) retry 3
2026-09-04 01:24:36,678 | INFO |    ↳ Status 200
2026-09-04 01:24:36,678 | INFO |    ✓ Found 8 movies
2026-09-04 01:24:36,678 | INFO | [1881/1901] Fetching Yadagirigutta (YADG)
2026-09-04 01:24:36,718 | INFO | 🌐 Session warmed
2026-09-04 01:24:36,986 | INFO |    ↳ Status 403
2026-09-04 01:24:36,986 | WARNING |    ⚠ Blocked (403) retry 3
2026-09-04 01:24:37,080 | INFO | 🌐 Session warmed
2026-09-04 01:24:38,645 | INFO |    ↳ Status 200
2026-09-04 01:24:38,646 | INFO |    ✓ Found 8 movies
2026-09-04 01:24:38,646 | INFO | [1882/1901] Fetching Yamunanagar (YAMU)
2026-09-04 01:24:38,707 | INFO |    ↳ Status 403
2026-09-04 01:24:38,707 | WARNING |    ⚠ Blocked (403) retry 3
2026-09-04 01:24:38,806 | INFO | 🌐 Session warmed
2026-09-04 01:24:39,892 | INFO |    ↳ Status 200
2026-09-04 01:24:39,893 | INFO |    ✓ Found 7 movies
2026-09-04 01:24:39,893 | INFO | [1883/1901] Fetching Yanam (YANM)
2026-09-04 01:24:40,719 | INFO | [1884/1901] Fetching Yangon (MYAN)
2026-09-04 01:24:41,081 | INFO | [1885/1901] Fetching Yavatmal (YAVA)
2026-09-04 01:24:41,403 | INFO |    ↳ Status 403
2026-09-04 01:24:41,404 | WARNING |    ⚠ Blocked (403) retry 1
2026-09-04 01:24:41,510 | INFO | 🌐 Session warmed
2026-09-04 01:24:41,554 | INFO |    ↳ Status 200
2026-09-04 01:24:41,554 | INFO |    ✓ Found 8 movies
2026-09-04 01:24:41,554 | INFO | [1886/1901] Fetching Yelagiri (YLGA)
2026-09-04 01:24:42,319 | INFO |    ↳ Status 403
2026-09-04 01:24:42,319 | WARNING |    ⚠ Blocked (403) retry 1
2026-09-04 01:24:42,426 | INFO | 🌐 Session warmed
2026-09-04 01:24:42,807 | INFO | [1887/1901] Fetching Yelburga (YELB)
2026-09-04 01:24:43,207 | INFO |    ↳ Status 403
2026-09-04 01:24:43,207 | WARNING |    ⚠ Blocked (403) retry 2
2026-09-04 01:24:43,261 | INFO |    ↳ Status 200
2026-09-04 01:24:43,261 | INFO |    ✓ Found 8 movies
2026-09-04 01:24:43,261 | INFO | [1888/1901] Fetching Yeleswaram (YELE)
2026-09-04 01:24:43,325 | INFO | 🌐 Session warmed
2026-09-04 01:24:43,493 | INFO |    ↳ Status 403
2026-09-04 01:24:43,493 | WARNING |    ⚠ Blocked (403) retry 1
2026-09-04 01:24:43,599 | INFO | 🌐 Session warmed
2026-09-04 01:24:44,787 | INFO |    ↳ Status 403
2026-09-04 01:24:44,787 | WARNING |    ⚠ Blocked (403) retry 2
2026-09-04 01:24:44,884 | INFO | 🌐 Session warmed
2026-09-04 01:24:45,978 | INFO |    ↳ Status 403
2026-09-04 01:24:45,978 | WARNING |    ⚠ Blocked (403) retry 2
2026-09-04 01:24:46,079 | INFO | 🌐 Session warmed
2026-09-04 01:24:46,371 | INFO |    ↳ Status 403
2026-09-04 01:24:46,372 | WARNING |    ⚠ Blocked (403) retry 3
2026-09-04 01:24:46,473 | INFO | 🌐 Session warmed
2026-09-04 01:24:46,771 | INFO |    ↳ Status 200
2026-09-04 01:24:46,772 | INFO |    ✓ Found 7 movies
2026-09-04 01:24:46,772 | INFO | [1889/1901] Fetching Yellamanchili (YLMN)
2026-09-04 01:24:48,059 | INFO |    ↳ Status 200
2026-09-04 01:24:48,059 | INFO |    ✓ Found 7 movies
2026-09-04 01:24:48,060 | INFO | [1890/1901] Fetching Yellandu (YRLL)
2026-09-04 01:24:48,228 | INFO |    ↳ Status 403
2026-09-04 01:24:48,228 | WARNING |    ⚠ Blocked (403) retry 3
2026-09-04 01:24:48,318 | INFO | 🌐 Session warmed
2026-09-04 01:24:48,792 | INFO |    ↳ Status 403
2026-09-04 01:24:48,792 | WARNING |    ⚠ Blocked (403) retry 3
2026-09-04 01:24:48,886 | INFO | 🌐 Session warmed
2026-09-04 01:24:49,952 | INFO |    ↳ Status 200
2026-09-04 01:24:49,952 | INFO |    ✓ Found 8 movies
2026-09-04 01:24:49,952 | INFO | [1891/1901] Fetching Yellareddy (YLLR)
2026-09-04 01:24:50,473 | INFO | [1892/1901] Fetching Yellareddypet (YLRD)
2026-09-04 01:24:51,394 | INFO |    ↳ Status 403
2026-09-04 01:24:51,395 | WARNING |    ⚠ Blocked (403) retry 1
2026-09-04 01:24:51,509 | INFO | 🌐 Session warmed
2026-09-04 01:24:52,318 | INFO | [1893/1901] Fetching Yemmiganur (YEMM)
2026-09-04 01:24:52,585 | INFO |    ↳ Status 200
2026-09-04 01:24:52,585 | INFO |    ✓ Found 8 movies
2026-09-04 01:24:52,585 | INFO | [1894/1901] Fetching Yeola (YEOL)
2026-09-04 01:24:52,886 | INFO | [1895/1901] Fetching Yerragondapalem (YERA)
2026-09-04 01:24:53,293 | INFO |    ↳ Status 403
2026-09-04 01:24:53,293 | WARNING |    ⚠ Blocked (403) retry 1
2026-09-04 01:24:53,409 | INFO | 🌐 Session warmed
2026-09-04 01:24:53,553 | INFO |    ↳ Status 403
2026-09-04 01:24:53,553 | WARNING |    ⚠ Blocked (403) retry 2
2026-09-04 01:24:53,643 | INFO |    ↳ Status 403
2026-09-04 01:24:53,644 | WARNING |    ⚠ Blocked (403) retry 1
2026-09-04 01:24:53,644 | INFO | 🌐 Session warmed
2026-09-04 01:24:53,749 | INFO | 🌐 Session warmed
2026-09-04 01:24:54,500 | INFO |    ↳ Status 200
2026-09-04 01:24:54,500 | INFO |    ✓ Found 8 movies
2026-09-04 01:24:54,500 | INFO | [1896/1901] Fetching Yerraguntla (YERR)
2026-09-04 01:24:55,504 | INFO |    ↳ Status 403
2026-09-04 01:24:55,504 | WARNING |    ⚠ Blocked (403) retry 2
2026-09-04 01:24:55,602 | INFO | 🌐 Session warmed
2026-09-04 01:24:56,143 | INFO |    ↳ Status 403
2026-09-04 01:24:56,143 | WARNING |    ⚠ Blocked (403) retry 2
2026-09-04 01:24:56,246 | INFO | 🌐 Session warmed
2026-09-04 01:24:56,592 | INFO |    ↳ Status 403
2026-09-04 01:24:56,593 | WARNING |    ⚠ Blocked (403) retry 3
2026-09-04 01:24:56,704 | INFO | 🌐 Session warmed
2026-09-04 01:24:56,996 | INFO |    ↳ Status 200
2026-09-04 01:24:56,996 | INFO |    ✓ Found 7 movies
2026-09-04 01:24:56,996 | INFO | [1897/1901] Fetching Yewat (YEWE)
2026-09-04 01:24:58,582 | INFO |    ↳ Status 403
2026-09-04 01:24:58,582 | WARNING |    ⚠ Blocked (403) retry 3
2026-09-04 01:24:58,673 | INFO | 🌐 Session warmed
2026-09-04 01:24:59,155 | INFO |    ↳ Status 200
2026-09-04 01:24:59,155 | INFO |    ✓ Found 8 movies
2026-09-04 01:24:59,155 | INFO | [1898/1901] Fetching Yuksom (YUKS)
2026-09-04 01:24:59,220 | INFO |    ↳ Status 403
2026-09-04 01:24:59,221 | WARNING |    ⚠ Blocked (403) retry 3
2026-09-04 01:24:59,329 | INFO | 🌐 Session warmed
2026-09-04 01:25:00,704 | INFO | [1899/1901] Fetching Zaheerabad (ZAGE)
2026-09-04 01:25:00,992 | INFO |    ↳ Status 200
2026-09-04 01:25:00,992 | INFO |    ✓ Found 2 movies
2026-09-04 01:25:00,993 | INFO | [1900/1901] Fetching Zarap (ZARA)
2026-09-04 01:25:01,982 | INFO |    ↳ Status 403
2026-09-04 01:25:01,982 | WARNING |    ⚠ Blocked (403) retry 1
2026-09-04 01:25:02,100 | INFO | 🌐 Session warmed
2026-09-04 01:25:02,674 | INFO | [1901/1901] Fetching Ziro (ZIRO)
2026-09-04 01:25:03,280 | INFO |    ↳ Status 200
2026-09-04 01:25:03,280 | INFO |    ✓ Found 8 movies
2026-09-04 01:25:03,863 | INFO |    ↳ Status 403
2026-09-04 01:25:03,863 | WARNING |    ⚠ Blocked (403) retry 1
2026-09-04 01:25:03,953 | INFO | 🌐 Session warmed
2026-09-04 01:25:04,264 | INFO |    ↳ Status 403
2026-09-04 01:25:04,264 | WARNING |    ⚠ Blocked (403) retry 2
2026-09-04 01:25:04,358 | INFO | 🌐 Session warmed
2026-09-04 01:25:05,630 | INFO |    ↳ Status 403
2026-09-04 01:25:05,630 | WARNING |    ⚠ Blocked (403) retry 2
2026-09-04 01:25:05,728 | INFO | 🌐 Session warmed
2026-09-04 01:25:07,283 | INFO |    ↳ Status 403
2026-09-04 01:25:07,283 | WARNING |    ⚠ Blocked (403) retry 3
2026-09-04 01:25:07,381 | INFO | 🌐 Session warmed
2026-09-04 01:25:08,464 | INFO |    ↳ Status 403
2026-09-04 01:25:08,464 | WARNING |    ⚠ Blocked (403) retry 3
2026-09-04 01:25:08,568 | INFO | 🌐 Session warmed
2026-09-04 01:25:12,572 | INFO | 
🏆 Top 20 Trending Movies

2026-09-04 01:25:12,572 | INFO |  1. Hanuman Ansh                   | Points: 1261 | Cities: 210
2026-09-04 01:25:12,572 | INFO |  2. Mirzapur: The Movie            | Points: 1221 | Cities: 189
2026-09-04 01:25:12,572 | INFO |  3. Toxic: A Fairy Tale for Grown-ups | Points: 938  | Cities: 178
2026-09-04 01:25:12,572 | INFO |  4. Avengers Endgame: Encore       | Points: 761  | Cities: 158
2026-09-04 01:25:12,572 | INFO |  5. Irumudi                        | Points: 508  | Cities: 71
2026-09-04 01:25:12,572 | INFO |  6. Bethlehem Kudumba Unit         | Points: 503  | Cities: 99
2026-09-04 01:25:12,572 | INFO |  7. I'm Game                       | Points: 369  | Cities: 54
2026-09-04 01:25:12,572 | INFO |  8. Immortal                       | Points: 264  | Cities: 33
2026-09-04 01:25:12,572 | INFO |  9. Doraemon: Castle of the Undersea Devil | Points: 220  | Cities: 57
2026-09-04 01:25:12,572 | INFO | 10. The Paradise                   | Points: 215  | Cities: 54
2026-09-04 01:25:12,572 | INFO | 11. Sardar 2                       | Points: 99   | Cities: 33
2026-09-04 01:25:12,572 | INFO | 12. Awarapan 2                     | Points: 77   | Cities: 29
2026-09-04 01:25:12,572 | INFO | 13. Spider-Man: Brand New Day      | Points: 76   | Cities: 20
2026-09-04 01:25:12,572 | INFO | 14. Kirunage                       | Points: 72   | Cities: 9
2026-09-04 01:25:12,572 | INFO | 15. Sahi Hai Notebandi             | Points: 72   | Cities: 9
2026-09-04 01:25:12,572 | INFO | 16. Romanchakam                    | Points: 66   | Cities: 22
2026-09-04 01:25:12,572 | INFO | 17. Tamma Sukhagamana Bayasuva     | Points: 63   | Cities: 9
2026-09-04 01:25:12,572 | INFO | 18. Dare and Lovely                | Points: 63   | Cities: 9
2026-09-04 01:25:12,572 | INFO | 19. Sahaa - Life of Sanju          | Points: 58   | Cities: 29
2026-09-04 01:25:12,572 | INFO | 20. Foster                         | Points: 57   | Cities: 15
2026-09-04 01:25:12,572 | INFO | 
📊 Run Summary
2026-09-04 01:25:12,572 | INFO |    Success Cities : 254
2026-09-04 01:25:12,572 | INFO |    Failed Cities  : 0
2026-09-04 01:25:12,572 | INFO |    Success Rate   : 13.36%
2026-09-04 01:25:12,572 | INFO | 
✅ Rankings saved to Data/2026/Rankings_2026-09-04.json

