2026-08-29 03:45:10,634 | INFO | 
🚀 Starting run for 2026-08-29

2026-08-29 03:45:10,638 | INFO | 📌 Total cities: 1901

2026-08-29 03:45:10,804 | INFO | 🌐 Session warmed
2026-08-29 03:45:10,804 | INFO | [3/1901] Fetching Bengaluru (BANG)
2026-08-29 03:45:10,806 | INFO | 🌐 Session warmed
2026-08-29 03:45:10,806 | INFO | [1/1901] Fetching Mumbai (MUMBAI)
2026-08-29 03:45:10,807 | INFO | 🌐 Session warmed
2026-08-29 03:45:10,807 | INFO | [2/1901] Fetching Delhi-NCR (NCR)
2026-08-29 03:45:10,810 | INFO | 🌐 Session warmed
2026-08-29 03:45:10,810 | INFO | [4/1901] Fetching Hyderabad (HYD)
2026-08-29 03:45:11,577 | INFO |    ↳ Status 403
2026-08-29 03:45:11,577 | WARNING |    ⚠ Blocked (403) retry 1
2026-08-29 03:45:11,641 | INFO | 🌐 Session warmed
2026-08-29 03:45:11,897 | INFO |    ↳ Status 403
2026-08-29 03:45:11,898 | WARNING |    ⚠ Blocked (403) retry 1
2026-08-29 03:45:11,960 | INFO | 🌐 Session warmed
2026-08-29 03:45:11,992 | INFO |    ↳ Status 403
2026-08-29 03:45:11,992 | WARNING |    ⚠ Blocked (403) retry 1
2026-08-29 03:45:12,065 | INFO | 🌐 Session warmed
2026-08-29 03:45:12,131 | INFO |    ↳ Status 403
2026-08-29 03:45:12,131 | WARNING |    ⚠ Blocked (403) retry 1
2026-08-29 03:45:12,191 | INFO | 🌐 Session warmed
2026-08-29 03:45:13,328 | INFO |    ↳ Status 403
2026-08-29 03:45:13,328 | WARNING |    ⚠ Blocked (403) retry 2
2026-08-29 03:45:13,397 | INFO | 🌐 Session warmed
2026-08-29 03:45:13,780 | INFO |    ↳ Status 403
2026-08-29 03:45:13,780 | WARNING |    ⚠ Blocked (403) retry 2
2026-08-29 03:45:13,846 | INFO | 🌐 Session warmed
2026-08-29 03:45:14,128 | INFO |    ↳ Status 403
2026-08-29 03:45:14,128 | WARNING |    ⚠ Blocked (403) retry 2
2026-08-29 03:45:14,196 | INFO | 🌐 Session warmed
2026-08-29 03:45:14,290 | INFO |    ↳ Status 403
2026-08-29 03:45:14,290 | WARNING |    ⚠ Blocked (403) retry 2
2026-08-29 03:45:14,348 | INFO | 🌐 Session warmed
2026-08-29 03:45:16,232 | INFO |    ↳ Status 403
2026-08-29 03:45:16,232 | WARNING |    ⚠ Blocked (403) retry 3
2026-08-29 03:45:16,294 | INFO | 🌐 Session warmed
2026-08-29 03:45:16,556 | INFO |    ↳ Status 403
2026-08-29 03:45:16,557 | WARNING |    ⚠ Blocked (403) retry 3
2026-08-29 03:45:16,622 | INFO | 🌐 Session warmed
2026-08-29 03:45:16,826 | INFO |    ↳ Status 403
2026-08-29 03:45:16,826 | WARNING |    ⚠ Blocked (403) retry 3
2026-08-29 03:45:16,886 | INFO | 🌐 Session warmed
2026-08-29 03:45:17,686 | INFO |    ↳ Status 403
2026-08-29 03:45:17,687 | WARNING |    ⚠ Blocked (403) retry 3
2026-08-29 03:45:17,759 | INFO | 🌐 Session warmed
2026-08-29 03:45:20,294 | INFO | [5/1901] Fetching Chandigarh (CHD)
2026-08-29 03:45:20,623 | INFO | [6/1901] Fetching Ahmedabad (AHD)
2026-08-29 03:45:20,886 | INFO | [7/1901] Fetching Pune (PUNE)
2026-08-29 03:45:21,089 | INFO |    ↳ Status 403
2026-08-29 03:45:21,089 | WARNING |    ⚠ Blocked (403) retry 1
2026-08-29 03:45:21,150 | INFO | 🌐 Session warmed
2026-08-29 03:45:21,292 | INFO |    ↳ Status 403
2026-08-29 03:45:21,292 | WARNING |    ⚠ Blocked (403) retry 1
2026-08-29 03:45:21,355 | INFO | 🌐 Session warmed
2026-08-29 03:45:21,760 | INFO | [8/1901] Fetching Chennai (CHEN)
2026-08-29 03:45:22,278 | INFO |    ↳ Status 403
2026-08-29 03:45:22,278 | WARNING |    ⚠ Blocked (403) retry 1
2026-08-29 03:45:22,340 | INFO | 🌐 Session warmed
2026-08-29 03:45:22,720 | INFO |    ↳ Status 403
2026-08-29 03:45:22,720 | WARNING |    ⚠ Blocked (403) retry 1
2026-08-29 03:45:22,780 | INFO | 🌐 Session warmed
2026-08-29 03:45:23,405 | INFO |    ↳ Status 403
2026-08-29 03:45:23,405 | WARNING |    ⚠ Blocked (403) retry 2
2026-08-29 03:45:23,463 | INFO | 🌐 Session warmed
2026-08-29 03:45:23,548 | INFO |    ↳ Status 403
2026-08-29 03:45:23,548 | WARNING |    ⚠ Blocked (403) retry 2
2026-08-29 03:45:23,626 | INFO | 🌐 Session warmed
2026-08-29 03:45:24,127 | INFO |    ↳ Status 403
2026-08-29 03:45:24,127 | WARNING |    ⚠ Blocked (403) retry 2
2026-08-29 03:45:24,202 | INFO | 🌐 Session warmed
2026-08-29 03:45:24,716 | INFO |    ↳ Status 403
2026-08-29 03:45:24,716 | WARNING |    ⚠ Blocked (403) retry 2
2026-08-29 03:45:24,774 | INFO | 🌐 Session warmed
2026-08-29 03:45:26,367 | INFO |    ↳ Status 403
2026-08-29 03:45:26,368 | WARNING |    ⚠ Blocked (403) retry 3
2026-08-29 03:45:26,428 | INFO | 🌐 Session warmed
2026-08-29 03:45:26,464 | INFO |    ↳ Status 403
2026-08-29 03:45:26,464 | WARNING |    ⚠ Blocked (403) retry 3
2026-08-29 03:45:26,525 | INFO | 🌐 Session warmed
2026-08-29 03:45:27,297 | INFO |    ↳ Status 403
2026-08-29 03:45:27,297 | WARNING |    ⚠ Blocked (403) retry 3
2026-08-29 03:45:27,354 | INFO | 🌐 Session warmed
2026-08-29 03:45:27,464 | INFO |    ↳ Status 403
2026-08-29 03:45:27,464 | WARNING |    ⚠ Blocked (403) retry 3
2026-08-29 03:45:27,527 | INFO | 🌐 Session warmed
2026-08-29 03:45:30,429 | INFO | [9/1901] Fetching Kolkata (KOLK)
2026-08-29 03:45:30,525 | INFO | [10/1901] Fetching Kochi (KOCH)
2026-08-29 03:45:31,354 | INFO | [11/1901] Fetching Aalo (AALU)
2026-08-29 03:45:31,527 | INFO | [12/1901] Fetching Abohar (ABOR)
2026-08-29 03:45:31,557 | INFO |    ↳ Status 403
2026-08-29 03:45:31,557 | WARNING |    ⚠ Blocked (403) retry 1
2026-08-29 03:45:31,615 | INFO | 🌐 Session warmed
2026-08-29 03:45:31,825 | INFO |    ↳ Status 403
2026-08-29 03:45:31,825 | WARNING |    ⚠ Blocked (403) retry 1
2026-08-29 03:45:31,897 | INFO | 🌐 Session warmed
2026-08-29 03:45:32,365 | INFO |    ↳ Status 403
2026-08-29 03:45:32,365 | WARNING |    ⚠ Blocked (403) retry 1
2026-08-29 03:45:32,427 | INFO | 🌐 Session warmed
2026-08-29 03:45:32,818 | INFO |    ↳ Status 403
2026-08-29 03:45:32,819 | WARNING |    ⚠ Blocked (403) retry 1
2026-08-29 03:45:32,876 | INFO | 🌐 Session warmed
2026-08-29 03:45:33,660 | INFO |    ↳ Status 403
2026-08-29 03:45:33,660 | WARNING |    ⚠ Blocked (403) retry 2
2026-08-29 03:45:33,710 | INFO |    ↳ Status 403
2026-08-29 03:45:33,711 | WARNING |    ⚠ Blocked (403) retry 2
2026-08-29 03:45:33,723 | INFO | 🌐 Session warmed
2026-08-29 03:45:33,769 | INFO | 🌐 Session warmed
2026-08-29 03:45:34,483 | INFO |    ↳ Status 403
2026-08-29 03:45:34,483 | WARNING |    ⚠ Blocked (403) retry 2
2026-08-29 03:45:34,541 | INFO | 🌐 Session warmed
2026-08-29 03:45:35,277 | INFO |    ↳ Status 403
2026-08-29 03:45:35,277 | WARNING |    ⚠ Blocked (403) retry 2
2026-08-29 03:45:35,340 | INFO | 🌐 Session warmed
2026-08-29 03:45:36,510 | INFO |    ↳ Status 403
2026-08-29 03:45:36,510 | WARNING |    ⚠ Blocked (403) retry 3
2026-08-29 03:45:36,570 | INFO | 🌐 Session warmed
2026-08-29 03:45:36,864 | INFO |    ↳ Status 403
2026-08-29 03:45:36,864 | WARNING |    ⚠ Blocked (403) retry 3
2026-08-29 03:45:36,926 | INFO | 🌐 Session warmed
2026-08-29 03:45:37,644 | INFO |    ↳ Status 403
2026-08-29 03:45:37,644 | WARNING |    ⚠ Blocked (403) retry 3
2026-08-29 03:45:37,705 | INFO | 🌐 Session warmed
2026-08-29 03:45:38,506 | INFO |    ↳ Status 403
2026-08-29 03:45:38,506 | WARNING |    ⚠ Blocked (403) retry 3
2026-08-29 03:45:38,579 | INFO | 🌐 Session warmed
2026-08-29 03:45:40,571 | INFO | [13/1901] Fetching Abu Road (ABRD)
2026-08-29 03:45:40,926 | INFO | [14/1901] Fetching Achampet (ACHM)
2026-08-29 03:45:41,439 | INFO |    ↳ Status 403
2026-08-29 03:45:41,440 | WARNING |    ⚠ Blocked (403) retry 1
2026-08-29 03:45:41,503 | INFO | 🌐 Session warmed
2026-08-29 03:45:41,706 | INFO | [15/1901] Fetching Acharapakkam (ACHA)
2026-08-29 03:45:42,041 | INFO |    ↳ Status 403
2026-08-29 03:45:42,041 | WARNING |    ⚠ Blocked (403) retry 1
2026-08-29 03:45:42,100 | INFO | 🌐 Session warmed
2026-08-29 03:45:42,424 | INFO |    ↳ Status 403
2026-08-29 03:45:42,424 | WARNING |    ⚠ Blocked (403) retry 1
2026-08-29 03:45:42,483 | INFO | 🌐 Session warmed
2026-08-29 03:45:42,580 | INFO | [16/1901] Fetching Addanki (ADKI)
2026-08-29 03:45:43,439 | INFO |    ↳ Status 403
2026-08-29 03:45:43,439 | WARNING |    ⚠ Blocked (403) retry 1
2026-08-29 03:45:43,820 | INFO | 🌐 Session warmed
2026-08-29 03:45:43,837 | INFO |    ↳ Status 403
2026-08-29 03:45:43,837 | WARNING |    ⚠ Blocked (403) retry 2
2026-08-29 03:45:43,895 | INFO | 🌐 Session warmed
2026-08-29 03:45:43,989 | INFO |    ↳ Status 403
2026-08-29 03:45:43,989 | WARNING |    ⚠ Blocked (403) retry 2
2026-08-29 03:45:44,056 | INFO | 🌐 Session warmed
2026-08-29 03:45:44,895 | INFO |    ↳ Status 403
2026-08-29 03:45:44,895 | WARNING |    ⚠ Blocked (403) retry 2
2026-08-29 03:45:44,966 | INFO | 🌐 Session warmed
2026-08-29 03:45:46,323 | INFO |    ↳ Status 200
2026-08-29 03:45:46,323 | INFO |    ✓ Found 7 movies
2026-08-29 03:45:46,323 | INFO | [17/1901] Fetching Adilabad (ADIL)
2026-08-29 03:45:46,998 | INFO |    ↳ Status 403
2026-08-29 03:45:46,999 | WARNING |    ⚠ Blocked (403) retry 3
2026-08-29 03:45:47,063 | INFO | 🌐 Session warmed
2026-08-29 03:45:47,069 | INFO |    ↳ Status 403
2026-08-29 03:45:47,069 | WARNING |    ⚠ Blocked (403) retry 3
2026-08-29 03:45:47,125 | INFO | 🌐 Session warmed
2026-08-29 03:45:47,595 | INFO |    ↳ Status 403
2026-08-29 03:45:47,595 | WARNING |    ⚠ Blocked (403) retry 3
2026-08-29 03:45:47,601 | INFO |    ↳ Status 200
2026-08-29 03:45:47,601 | INFO |    ✓ Found 7 movies
2026-08-29 03:45:47,601 | INFO | [18/1901] Fetching Adimali (ADIM)
2026-08-29 03:45:47,655 | INFO | 🌐 Session warmed
2026-08-29 03:45:49,567 | INFO |    ↳ Status 200
2026-08-29 03:45:49,567 | INFO |    ✓ Found 8 movies
2026-08-29 03:45:49,568 | INFO | [19/1901] Fetching Adipur (ADPR)
2026-08-29 03:45:50,828 | INFO |    ↳ Status 200
2026-08-29 03:45:50,829 | INFO |    ✓ Found 8 movies
2026-08-29 03:45:50,829 | INFO | [20/1901] Fetching Adoni (ADNI)
2026-08-29 03:45:51,064 | INFO | [21/1901] Fetching Agar Malwa (AGOR)
2026-08-29 03:45:51,126 | INFO | [22/1901] Fetching Agartala (AGAR)
2026-08-29 03:45:51,656 | INFO | [23/1901] Fetching Agiripalli (AGIR)
2026-08-29 03:45:52,168 | INFO |    ↳ Status 403
2026-08-29 03:45:52,168 | WARNING |    ⚠ Blocked (403) retry 1
2026-08-29 03:45:52,207 | INFO |    ↳ Status 403
2026-08-29 03:45:52,207 | WARNING |    ⚠ Blocked (403) retry 1
2026-08-29 03:45:52,229 | INFO | 🌐 Session warmed
2026-08-29 03:45:52,236 | INFO |    ↳ Status 200
2026-08-29 03:45:52,236 | INFO |    ✓ Found 7 movies
2026-08-29 03:45:52,237 | INFO | [24/1901] Fetching Agra (AGRA)
2026-08-29 03:45:52,267 | INFO | 🌐 Session warmed
2026-08-29 03:45:52,573 | INFO |    ↳ Status 403
2026-08-29 03:45:52,574 | WARNING |    ⚠ Blocked (403) retry 1
2026-08-29 03:45:52,648 | INFO | 🌐 Session warmed
2026-08-29 03:45:53,361 | INFO |    ↳ Status 200
2026-08-29 03:45:53,361 | INFO |    ✓ Found 6 movies
2026-08-29 03:45:53,361 | INFO | [25/1901] Fetching Ahilyanagar (Ahmednagar) (AHMED)
2026-08-29 03:45:53,884 | INFO |    ↳ Status 403
2026-08-29 03:45:53,884 | WARNING |    ⚠ Blocked (403) retry 2
2026-08-29 03:45:53,944 | INFO | 🌐 Session warmed
2026-08-29 03:45:54,119 | INFO |    ↳ Status 403
2026-08-29 03:45:54,119 | WARNING |    ⚠ Blocked (403) retry 2
2026-08-29 03:45:54,176 | INFO | 🌐 Session warmed
2026-08-29 03:45:54,722 | INFO |    ↳ Status 200
2026-08-29 03:45:54,722 | INFO |    ✓ Found 5 movies
2026-08-29 03:45:54,722 | INFO | [26/1901] Fetching Ahmedgarh (AHMG)
2026-08-29 03:45:54,971 | INFO |    ↳ Status 403
2026-08-29 03:45:54,971 | WARNING |    ⚠ Blocked (403) retry 2
2026-08-29 03:45:55,039 | INFO | 🌐 Session warmed
2026-08-29 03:45:55,800 | INFO |    ↳ Status 200
2026-08-29 03:45:55,800 | INFO |    ✓ Found 8 movies
2026-08-29 03:45:55,800 | INFO | [27/1901] Fetching Ahore (AHOR)
2026-08-29 03:45:56,971 | INFO |    ↳ Status 403
2026-08-29 03:45:56,971 | WARNING |    ⚠ Blocked (403) retry 3
2026-08-29 03:45:57,026 | INFO | 🌐 Session warmed
2026-08-29 03:45:57,564 | INFO |    ↳ Status 403
2026-08-29 03:45:57,564 | WARNING |    ⚠ Blocked (403) retry 3
2026-08-29 03:45:57,624 | INFO | 🌐 Session warmed
2026-08-29 03:45:57,899 | INFO |    ↳ Status 403
2026-08-29 03:45:57,899 | WARNING |    ⚠ Blocked (403) retry 3
2026-08-29 03:45:57,975 | INFO | 🌐 Session warmed
2026-08-29 03:45:58,209 | INFO |    ↳ Status 200
2026-08-29 03:45:58,209 | INFO |    ✓ Found 4 movies
2026-08-29 03:45:58,209 | INFO | [28/1901] Fetching Aizawl (AIZW)
2026-08-29 03:45:59,870 | INFO |    ↳ Status 200
2026-08-29 03:45:59,871 | INFO |    ✓ Found 3 movies
2026-08-29 03:45:59,871 | INFO | [29/1901] Fetching Ajmer (AJMER)
2026-08-29 03:46:01,026 | INFO | [30/1901] Fetching Akaltara (AKAL)
2026-08-29 03:46:01,146 | INFO |    ↳ Status 200
2026-08-29 03:46:01,146 | INFO |    ✓ Found 4 movies
2026-08-29 03:46:01,146 | INFO | [31/1901] Fetching Akbarpur (AKBR)
2026-08-29 03:46:01,624 | INFO | [32/1901] Fetching Akividu (AKVD)
2026-08-29 03:46:01,918 | INFO |    ↳ Status 403
2026-08-29 03:46:01,918 | WARNING |    ⚠ Blocked (403) retry 1
2026-08-29 03:46:01,975 | INFO | [33/1901] Fetching Akluj (AKLJ)
2026-08-29 03:46:01,977 | INFO | 🌐 Session warmed
2026-08-29 03:46:02,512 | INFO |    ↳ Status 200
2026-08-29 03:46:02,512 | INFO |    ✓ Found 6 movies
2026-08-29 03:46:02,513 | INFO | [34/1901] Fetching Akola (AKOL)
2026-08-29 03:46:02,567 | INFO |    ↳ Status 403
2026-08-29 03:46:02,567 | WARNING |    ⚠ Blocked (403) retry 1
2026-08-29 03:46:02,624 | INFO | 🌐 Session warmed
2026-08-29 03:46:02,899 | INFO |    ↳ Status 403
2026-08-29 03:46:02,899 | WARNING |    ⚠ Blocked (403) retry 1
2026-08-29 03:46:02,956 | INFO | 🌐 Session warmed
2026-08-29 03:46:03,688 | INFO |    ↳ Status 403
2026-08-29 03:46:03,689 | WARNING |    ⚠ Blocked (403) retry 2
2026-08-29 03:46:03,754 | INFO | 🌐 Session warmed
2026-08-29 03:46:03,809 | INFO |    ↳ Status 200
2026-08-29 03:46:03,809 | INFO |    ✓ Found 5 movies
2026-08-29 03:46:03,809 | INFO | [35/1901] Fetching Akot (TKOT)
2026-08-29 03:46:04,822 | INFO |    ↳ Status 403
2026-08-29 03:46:04,822 | WARNING |    ⚠ Blocked (403) retry 2
2026-08-29 03:46:04,880 | INFO | 🌐 Session warmed
2026-08-29 03:46:04,883 | INFO |    ↳ Status 403
2026-08-29 03:46:04,883 | WARNING |    ⚠ Blocked (403) retry 2
2026-08-29 03:46:04,949 | INFO | 🌐 Session warmed
2026-08-29 03:46:04,966 | INFO |    ↳ Status 200
2026-08-29 03:46:04,967 | INFO |    ✓ Found 5 movies
2026-08-29 03:46:04,967 | INFO | [36/1901] Fetching Alakode (ALAK)
2026-08-29 03:46:06,654 | INFO |    ↳ Status 200
2026-08-29 03:46:06,654 | INFO |    ✓ Found 8 movies
2026-08-29 03:46:06,654 | INFO | [37/1901] Fetching Alangudi (ALNI)
2026-08-29 03:46:06,657 | INFO |    ↳ Status 403
2026-08-29 03:46:06,657 | WARNING |    ⚠ Blocked (403) retry 3
2026-08-29 03:46:06,713 | INFO | 🌐 Session warmed
2026-08-29 03:46:07,793 | INFO |    ↳ Status 200
2026-08-29 03:46:07,793 | INFO |    ✓ Found 7 movies
2026-08-29 03:46:07,793 | INFO | [38/1901] Fetching Alangulam (ALKM)
2026-08-29 03:46:07,968 | INFO |    ↳ Status 403
2026-08-29 03:46:07,968 | WARNING |    ⚠ Blocked (403) retry 3
2026-08-29 03:46:08,036 | INFO | 🌐 Session warmed
2026-08-29 03:46:08,153 | INFO |    ↳ Status 403
2026-08-29 03:46:08,154 | WARNING |    ⚠ Blocked (403) retry 3
2026-08-29 03:46:08,213 | INFO | 🌐 Session warmed
2026-08-29 03:46:09,399 | INFO |    ↳ Status 200
2026-08-29 03:46:09,399 | INFO |    ✓ Found 7 movies
2026-08-29 03:46:09,399 | INFO | [39/1901] Fetching Alappuzha (ALPZ)
2026-08-29 03:46:10,512 | INFO |    ↳ Status 200
2026-08-29 03:46:10,512 | INFO |    ✓ Found 8 movies
2026-08-29 03:46:10,513 | INFO | [40/1901] Fetching Alathur (ALAR)
2026-08-29 03:46:10,714 | INFO | [41/1901] Fetching Alibaug (ALBG)
2026-08-29 03:46:11,512 | INFO |    ↳ Status 403
2026-08-29 03:46:11,512 | WARNING |    ⚠ Blocked (403) retry 1
2026-08-29 03:46:11,570 | INFO | 🌐 Session warmed
2026-08-29 03:46:11,970 | INFO |    ↳ Status 200
2026-08-29 03:46:11,970 | INFO |    ✓ Found 8 movies
2026-08-29 03:46:11,970 | INFO | [42/1901] Fetching Aligarh (ALI)
2026-08-29 03:46:12,036 | INFO | [43/1901] Fetching Alipurduar (ALIP)
2026-08-29 03:46:12,213 | INFO | [44/1901] Fetching Allagadda (ALGD)
2026-08-29 03:46:13,013 | INFO |    ↳ Status 403
2026-08-29 03:46:13,013 | WARNING |    ⚠ Blocked (403) retry 1
2026-08-29 03:46:13,085 | INFO | 🌐 Session warmed
2026-08-29 03:46:13,298 | INFO |    ↳ Status 403
2026-08-29 03:46:13,298 | WARNING |    ⚠ Blocked (403) retry 1
2026-08-29 03:46:13,363 | INFO | 🌐 Session warmed
2026-08-29 03:46:13,558 | INFO |    ↳ Status 403
2026-08-29 03:46:13,558 | WARNING |    ⚠ Blocked (403) retry 2
2026-08-29 03:46:13,579 | INFO |    ↳ Status 200
2026-08-29 03:46:13,579 | INFO |    ✓ Found 6 movies
2026-08-29 03:46:13,579 | INFO | [45/1901] Fetching Almora (ALMO)
2026-08-29 03:46:13,619 | INFO | 🌐 Session warmed
2026-08-29 03:46:15,000 | INFO |    ↳ Status 200
2026-08-29 03:46:15,000 | INFO |    ✓ Found 8 movies
2026-08-29 03:46:15,001 | INFO | [46/1901] Fetching Alsisar (Rajasthan) (ALSR)
2026-08-29 03:46:15,274 | INFO |    ↳ Status 403
2026-08-29 03:46:15,274 | WARNING |    ⚠ Blocked (403) retry 2
2026-08-29 03:46:15,331 | INFO | 🌐 Session warmed
2026-08-29 03:46:15,518 | INFO |    ↳ Status 403
2026-08-29 03:46:15,518 | WARNING |    ⚠ Blocked (403) retry 2
2026-08-29 03:46:15,576 | INFO | 🌐 Session warmed
2026-08-29 03:46:16,679 | INFO |    ↳ Status 200
2026-08-29 03:46:16,680 | INFO |    ✓ Found 4 movies
2026-08-29 03:46:16,680 | INFO | [47/1901] Fetching Alur (ALUR)
2026-08-29 03:46:16,906 | INFO |    ↳ Status 403
2026-08-29 03:46:16,906 | WARNING |    ⚠ Blocked (403) retry 3
2026-08-29 03:46:16,965 | INFO | 🌐 Session warmed
2026-08-29 03:46:18,010 | INFO |    ↳ Status 200
2026-08-29 03:46:18,010 | INFO |    ✓ Found 3 movies
2026-08-29 03:46:18,011 | INFO | [48/1901] Fetching Alwar (ALWR)
2026-08-29 03:46:18,310 | INFO |    ↳ Status 403
2026-08-29 03:46:18,310 | WARNING |    ⚠ Blocked (403) retry 3
2026-08-29 03:46:18,372 | INFO | 🌐 Session warmed
2026-08-29 03:46:18,394 | INFO |    ↳ Status 403
2026-08-29 03:46:18,394 | WARNING |    ⚠ Blocked (403) retry 3
2026-08-29 03:46:18,457 | INFO | 🌐 Session warmed
2026-08-29 03:46:19,687 | INFO |    ↳ Status 200
2026-08-29 03:46:19,688 | INFO |    ✓ Found 4 movies
2026-08-29 03:46:19,688 | INFO | [49/1901] Fetching Amadalavalasa (ADAM)
2026-08-29 03:46:20,702 | INFO |    ↳ Status 200
2026-08-29 03:46:20,702 | INFO |    ✓ Found 7 movies
2026-08-29 03:46:20,702 | INFO | [50/1901] Fetching Amalapuram (AMAP)
2026-08-29 03:46:20,965 | INFO | [51/1901] Fetching Amalner (AMLN)
2026-08-29 03:46:22,018 | INFO |    ↳ Status 403
2026-08-29 03:46:22,019 | WARNING |    ⚠ Blocked (403) retry 1
2026-08-29 03:46:22,078 | INFO | 🌐 Session warmed
2026-08-29 03:46:22,372 | INFO | [52/1901] Fetching Amangal (AMAN)
2026-08-29 03:46:22,458 | INFO | [53/1901] Fetching Amanpur (ZAMA)
2026-08-29 03:46:22,952 | INFO |    ↳ Status 200
2026-08-29 03:46:22,952 | INFO |    ✓ Found 7 movies
2026-08-29 03:46:22,952 | INFO | [54/1901] Fetching Amaravathi (AVTI)
2026-08-29 03:46:23,319 | INFO |    ↳ Status 403
2026-08-29 03:46:23,319 | WARNING |    ⚠ Blocked (403) retry 1
2026-08-29 03:46:23,383 | INFO | 🌐 Session warmed
2026-08-29 03:46:23,439 | INFO |    ↳ Status 403
2026-08-29 03:46:23,439 | WARNING |    ⚠ Blocked (403) retry 1
2026-08-29 03:46:23,508 | INFO | 🌐 Session warmed
2026-08-29 03:46:23,767 | INFO |    ↳ Status 403
2026-08-29 03:46:23,767 | WARNING |    ⚠ Blocked (403) retry 2
2026-08-29 03:46:23,832 | INFO | 🌐 Session warmed
2026-08-29 03:46:24,885 | INFO |    ↳ Status 200
2026-08-29 03:46:24,886 | INFO |    ✓ Found 7 movies
2026-08-29 03:46:24,886 | INFO | [55/1901] Fetching Ambajogai (AMBG)
2026-08-29 03:46:25,489 | INFO |    ↳ Status 403
2026-08-29 03:46:25,489 | WARNING |    ⚠ Blocked (403) retry 2
2026-08-29 03:46:25,567 | INFO | 🌐 Session warmed
2026-08-29 03:46:25,882 | INFO |    ↳ Status 403
2026-08-29 03:46:25,882 | WARNING |    ⚠ Blocked (403) retry 2
2026-08-29 03:46:25,941 | INFO | 🌐 Session warmed
2026-08-29 03:46:26,104 | INFO |    ↳ Status 200
2026-08-29 03:46:26,105 | INFO |    ✓ Found 5 movies
2026-08-29 03:46:26,105 | INFO | [56/1901] Fetching Ambala (AMB)
2026-08-29 03:46:26,933 | INFO |    ↳ Status 403
2026-08-29 03:46:26,933 | WARNING |    ⚠ Blocked (403) retry 3
2026-08-29 03:46:26,993 | INFO | 🌐 Session warmed
2026-08-29 03:46:27,122 | INFO |    ↳ Status 200
2026-08-29 03:46:27,122 | INFO |    ✓ Found 7 movies
2026-08-29 03:46:27,122 | INFO | [57/1901] Fetching Ambikapur (AMBI)
2026-08-29 03:46:28,557 | INFO |    ↳ Status 403
2026-08-29 03:46:28,557 | WARNING |    ⚠ Blocked (403) retry 3
2026-08-29 03:46:28,603 | INFO |    ↳ Status 403
2026-08-29 03:46:28,604 | WARNING |    ⚠ Blocked (403) retry 3
2026-08-29 03:46:28,617 | INFO | 🌐 Session warmed
2026-08-29 03:46:28,660 | INFO | 🌐 Session warmed
2026-08-29 03:46:29,029 | INFO |    ↳ Status 200
2026-08-29 03:46:29,030 | INFO |    ✓ Found 8 movies
2026-08-29 03:46:29,030 | INFO | [58/1901] Fetching Ambur (AMBR)
2026-08-29 03:46:30,172 | INFO |    ↳ Status 200
2026-08-29 03:46:30,172 | INFO |    ✓ Found 7 movies
2026-08-29 03:46:30,173 | INFO | [59/1901] Fetching Amgaon (AMGN)
2026-08-29 03:46:30,994 | INFO | [60/1901] Fetching Amravati (AMRA)
2026-08-29 03:46:31,418 | INFO |    ↳ Status 200
2026-08-29 03:46:31,419 | INFO |    ✓ Found 5 movies
2026-08-29 03:46:31,419 | INFO | [61/1901] Fetching Amreli (AMRE)
2026-08-29 03:46:31,882 | INFO |    ↳ Status 403
2026-08-29 03:46:31,882 | WARNING |    ⚠ Blocked (403) retry 1
2026-08-29 03:46:31,943 | INFO | 🌐 Session warmed
2026-08-29 03:46:32,618 | INFO | [62/1901] Fetching Amritsar (AMRI)
2026-08-29 03:46:32,661 | INFO | [63/1901] Fetching Amroha (AMRO)
2026-08-29 03:46:33,464 | INFO |    ↳ Status 403
2026-08-29 03:46:33,464 | WARNING |    ⚠ Blocked (403) retry 1
2026-08-29 03:46:33,522 | INFO | 🌐 Session warmed
2026-08-29 03:46:33,529 | INFO |    ↳ Status 200
2026-08-29 03:46:33,529 | INFO |    ✓ Found 8 movies
2026-08-29 03:46:33,529 | INFO | [64/1901] Fetching Anaikatti (ANAI)
2026-08-29 03:46:33,919 | INFO |    ↳ Status 403
2026-08-29 03:46:33,919 | WARNING |    ⚠ Blocked (403) retry 1
2026-08-29 03:46:33,963 | INFO |    ↳ Status 403
2026-08-29 03:46:33,963 | WARNING |    ⚠ Blocked (403) retry 2
2026-08-29 03:46:33,985 | INFO | 🌐 Session warmed
2026-08-29 03:46:34,019 | INFO | 🌐 Session warmed
2026-08-29 03:46:35,185 | INFO |    ↳ Status 200
2026-08-29 03:46:35,185 | INFO |    ✓ Found 8 movies
2026-08-29 03:46:35,185 | INFO | [65/1901] Fetching Anakapalle (ANKP)
2026-08-29 03:46:35,801 | INFO |    ↳ Status 403
2026-08-29 03:46:35,801 | WARNING |    ⚠ Blocked (403) retry 2
2026-08-29 03:46:35,866 | INFO | 🌐 Session warmed
2026-08-29 03:46:36,170 | INFO |    ↳ Status 403
2026-08-29 03:46:36,170 | WARNING |    ⚠ Blocked (403) retry 2
2026-08-29 03:46:36,229 | INFO | 🌐 Session warmed
2026-08-29 03:46:36,435 | INFO |    ↳ Status 200
2026-08-29 03:46:36,435 | INFO |    ✓ Found 7 movies
2026-08-29 03:46:36,435 | INFO | [66/1901] Fetching Anand (AND)
2026-08-29 03:46:36,649 | INFO |    ↳ Status 403
2026-08-29 03:46:36,649 | WARNING |    ⚠ Blocked (403) retry 3
2026-08-29 03:46:36,706 | INFO | 🌐 Session warmed
2026-08-29 03:46:37,699 | INFO |    ↳ Status 200
2026-08-29 03:46:37,699 | INFO |    ✓ Found 8 movies
2026-08-29 03:46:37,699 | INFO | [67/1901] Fetching Anandapur (ANPR)
2026-08-29 03:46:38,715 | INFO |    ↳ Status 403
2026-08-29 03:46:38,715 | WARNING |    ⚠ Blocked (403) retry 3
2026-08-29 03:46:38,776 | INFO | 🌐 Session warmed
2026-08-29 03:46:39,254 | INFO |    ↳ Status 200
2026-08-29 03:46:39,254 | INFO |    ✓ Found 8 movies
2026-08-29 03:46:39,254 | INFO | [68/1901] Fetching Anantapalli (ANTT)
2026-08-29 03:46:39,458 | INFO |    ↳ Status 403
2026-08-29 03:46:39,459 | WARNING |    ⚠ Blocked (403) retry 3
2026-08-29 03:46:39,517 | INFO | 🌐 Session warmed
2026-08-29 03:46:40,358 | INFO |    ↳ Status 200
2026-08-29 03:46:40,358 | INFO |    ✓ Found 7 movies
2026-08-29 03:46:40,358 | INFO | [69/1901] Fetching Anantapur (ANAN)
2026-08-29 03:46:40,706 | INFO | [70/1901] Fetching Anaparthi (ANPT)
2026-08-29 03:46:41,565 | INFO |    ↳ Status 200
2026-08-29 03:46:41,565 | INFO |    ✓ Found 7 movies
2026-08-29 03:46:41,565 | INFO | [71/1901] Fetching Anchal (ANHL)
2026-08-29 03:46:42,070 | INFO |    ↳ Status 403
2026-08-29 03:46:42,070 | WARNING |    ⚠ Blocked (403) retry 1
2026-08-29 03:46:42,130 | INFO | 🌐 Session warmed
2026-08-29 03:46:42,776 | INFO | [72/1901] Fetching Andaman And Nicobar (AANI)
2026-08-29 03:46:42,831 | INFO |    ↳ Status 200
2026-08-29 03:46:42,831 | INFO |    ✓ Found 8 movies
2026-08-29 03:46:42,831 | INFO | [73/1901] Fetching Anekal (ANEK)
2026-08-29 03:46:43,518 | INFO | [74/1901] Fetching Angadipuram (ANDM)
2026-08-29 03:46:43,895 | INFO |    ↳ Status 403
2026-08-29 03:46:43,895 | WARNING |    ⚠ Blocked (403) retry 1
2026-08-29 03:46:43,958 | INFO | 🌐 Session warmed
2026-08-29 03:46:44,074 | INFO |    ↳ Status 403
2026-08-29 03:46:44,074 | WARNING |    ⚠ Blocked (403) retry 2
2026-08-29 03:46:44,139 | INFO | 🌐 Session warmed
2026-08-29 03:46:44,258 | INFO |    ↳ Status 200
2026-08-29 03:46:44,258 | INFO |    ✓ Found 3 movies
2026-08-29 03:46:44,258 | INFO | [75/1901] Fetching Angamaly (ANGA)
2026-08-29 03:46:44,832 | INFO |    ↳ Status 403
2026-08-29 03:46:44,832 | WARNING |    ⚠ Blocked (403) retry 1
2026-08-29 03:46:44,898 | INFO | 🌐 Session warmed
2026-08-29 03:46:45,568 | INFO |    ↳ Status 200
2026-08-29 03:46:45,568 | INFO |    ✓ Found 8 movies
2026-08-29 03:46:45,568 | INFO | [76/1901] Fetching Angara (ANGR)
2026-08-29 03:46:46,326 | INFO |    ↳ Status 403
2026-08-29 03:46:46,326 | WARNING |    ⚠ Blocked (403) retry 2
2026-08-29 03:46:46,384 | INFO | 🌐 Session warmed
2026-08-29 03:46:46,781 | INFO |    ↳ Status 403
2026-08-29 03:46:46,781 | WARNING |    ⚠ Blocked (403) retry 2
2026-08-29 03:46:46,841 | INFO | 🌐 Session warmed
2026-08-29 03:46:46,844 | INFO |    ↳ Status 403
2026-08-29 03:46:46,844 | WARNING |    ⚠ Blocked (403) retry 3
2026-08-29 03:46:46,903 | INFO | 🌐 Session warmed
2026-08-29 03:46:47,032 | INFO |    ↳ Status 200
2026-08-29 03:46:47,033 | INFO |    ✓ Found 7 movies
2026-08-29 03:46:47,033 | INFO | [77/1901] Fetching Angul (ANGL)
2026-08-29 03:46:48,421 | INFO |    ↳ Status 200
2026-08-29 03:46:48,421 | INFO |    ✓ Found 8 movies
2026-08-29 03:46:48,421 | INFO | [78/1901] Fetching Anjad (ANJA)
2026-08-29 03:46:49,459 | INFO |    ↳ Status 200
2026-08-29 03:46:49,459 | INFO |    ✓ Found 7 movies
2026-08-29 03:46:49,459 | INFO | [79/1901] Fetching Anjar (ANJR)
2026-08-29 03:46:49,568 | INFO |    ↳ Status 403
2026-08-29 03:46:49,568 | WARNING |    ⚠ Blocked (403) retry 3
2026-08-29 03:46:49,627 | INFO | 🌐 Session warmed
2026-08-29 03:46:49,798 | INFO |    ↳ Status 403
2026-08-29 03:46:49,798 | WARNING |    ⚠ Blocked (403) retry 3
2026-08-29 03:46:49,860 | INFO | 🌐 Session warmed
2026-08-29 03:46:50,904 | INFO | [80/1901] Fetching Anklav (ANKV)
2026-08-29 03:46:50,996 | INFO |    ↳ Status 200
2026-08-29 03:46:50,996 | INFO |    ✓ Found 8 movies
2026-08-29 03:46:50,996 | INFO | [81/1901] Fetching Ankleshwar (ANKL)
2026-08-29 03:46:52,240 | INFO |    ↳ Status 403
2026-08-29 03:46:52,240 | WARNING |    ⚠ Blocked (403) retry 1
2026-08-29 03:46:52,310 | INFO | 🌐 Session warmed
2026-08-29 03:46:52,540 | INFO |    ↳ Status 200
2026-08-29 03:46:52,540 | INFO |    ✓ Found 8 movies
2026-08-29 03:46:52,540 | INFO | [82/1901] Fetching Ankola (ANKO)
2026-08-29 03:46:53,627 | INFO | [83/1901] Fetching Annavaram (ANVR)
2026-08-29 03:46:53,861 | INFO | [84/1901] Fetching Annigeri (ANGI)
2026-08-29 03:46:54,245 | INFO |    ↳ Status 200
2026-08-29 03:46:54,245 | INFO |    ✓ Found 8 movies
2026-08-29 03:46:54,246 | INFO | [85/1901] Fetching Anthiyur (ATYR)
2026-08-29 03:46:54,253 | INFO |    ↳ Status 403
2026-08-29 03:46:54,253 | WARNING |    ⚠ Blocked (403) retry 2
2026-08-29 03:46:54,317 | INFO | 🌐 Session warmed
2026-08-29 03:46:54,734 | INFO |    ↳ Status 403
2026-08-29 03:46:54,734 | WARNING |    ⚠ Blocked (403) retry 1
2026-08-29 03:46:54,798 | INFO | 🌐 Session warmed
2026-08-29 03:46:54,847 | INFO |    ↳ Status 403
2026-08-29 03:46:54,848 | WARNING |    ⚠ Blocked (403) retry 1
2026-08-29 03:46:54,908 | INFO | 🌐 Session warmed
2026-08-29 03:46:55,301 | INFO |    ↳ Status 200
2026-08-29 03:46:55,301 | INFO |    ✓ Found 8 movies
2026-08-29 03:46:55,301 | INFO | [86/1901] Fetching Apra (APRA)
2026-08-29 03:46:56,684 | INFO |    ↳ Status 403
2026-08-29 03:46:56,685 | WARNING |    ⚠ Blocked (403) retry 2
2026-08-29 03:46:56,752 | INFO | 🌐 Session warmed
2026-08-29 03:46:56,851 | INFO |    ↳ Status 200
2026-08-29 03:46:56,851 | INFO |    ✓ Found 8 movies
2026-08-29 03:46:56,851 | INFO | [87/1901] Fetching Arakkonam (ARAK)
2026-08-29 03:46:56,872 | INFO |    ↳ Status 403
2026-08-29 03:46:56,872 | WARNING |    ⚠ Blocked (403) retry 2
2026-08-29 03:46:56,946 | INFO | 🌐 Session warmed
2026-08-29 03:46:57,356 | INFO |    ↳ Status 403
2026-08-29 03:46:57,356 | WARNING |    ⚠ Blocked (403) retry 3
2026-08-29 03:46:57,418 | INFO | 🌐 Session warmed
2026-08-29 03:46:57,798 | INFO |    ↳ Status 200
2026-08-29 03:46:57,798 | INFO |    ✓ Found 7 movies
2026-08-29 03:46:57,798 | INFO | [88/1901] Fetching Arambagh (AMBH)
2026-08-29 03:46:59,239 | INFO |    ↳ Status 200
2026-08-29 03:46:59,239 | INFO |    ✓ Found 8 movies
2026-08-29 03:46:59,239 | INFO | [89/1901] Fetching Arambol (ARMB)
2026-08-29 03:46:59,512 | INFO |    ↳ Status 403
2026-08-29 03:46:59,512 | WARNING |    ⚠ Blocked (403) retry 3
2026-08-29 03:46:59,576 | INFO | 🌐 Session warmed
2026-08-29 03:47:00,179 | INFO |    ↳ Status 403
2026-08-29 03:47:00,180 | WARNING |    ⚠ Blocked (403) retry 3
2026-08-29 03:47:00,245 | INFO | 🌐 Session warmed
2026-08-29 03:47:00,596 | INFO |    ↳ Status 200
2026-08-29 03:47:00,596 | INFO |    ✓ Found 7 movies
2026-08-29 03:47:00,596 | INFO | [90/1901] Fetching Aranthangi (ARNT)
2026-08-29 03:47:01,418 | INFO | [91/1901] Fetching Aravakurichi (ARAV)
2026-08-29 03:47:01,765 | INFO |    ↳ Status 200
2026-08-29 03:47:01,765 | INFO |    ✓ Found 7 movies
2026-08-29 03:47:01,765 | INFO | [92/1901] Fetching Ariyalur (ARIY)
2026-08-29 03:47:02,760 | INFO |    ↳ Status 200
2026-08-29 03:47:02,761 | INFO |    ✓ Found 7 movies
2026-08-29 03:47:02,761 | INFO | [93/1901] Fetching Arkalgud (ARGU)
2026-08-29 03:47:02,816 | INFO |    ↳ Status 403
2026-08-29 03:47:02,816 | WARNING |    ⚠ Blocked (403) retry 1
2026-08-29 03:47:02,884 | INFO | 🌐 Session warmed
2026-08-29 03:47:03,577 | INFO | [94/1901] Fetching Armoor (ARMO)
2026-08-29 03:47:03,696 | INFO |    ↳ Status 200
2026-08-29 03:47:03,697 | INFO |    ✓ Found 3 movies
2026-08-29 03:47:03,697 | INFO | [95/1901] Fetching Arni (ARNI)
2026-08-29 03:47:04,199 | INFO |    ↳ Status 403
2026-08-29 03:47:04,199 | WARNING |    ⚠ Blocked (403) retry 1
2026-08-29 03:47:04,246 | INFO | [96/1901] Fetching Arsikere (ARSI)
2026-08-29 03:47:04,265 | INFO | 🌐 Session warmed
2026-08-29 03:47:04,650 | INFO |    ↳ Status 403
2026-08-29 03:47:04,650 | WARNING |    ⚠ Blocked (403) retry 2
2026-08-29 03:47:04,713 | INFO | 🌐 Session warmed
2026-08-29 03:47:05,025 | INFO |    ↳ Status 200
2026-08-29 03:47:05,025 | INFO |    ✓ Found 7 movies
2026-08-29 03:47:05,025 | INFO | [97/1901] Fetching Aruppukottai (ARUP)
2026-08-29 03:47:05,391 | INFO |    ↳ Status 403
2026-08-29 03:47:05,391 | WARNING |    ⚠ Blocked (403) retry 1
2026-08-29 03:47:05,449 | INFO | 🌐 Session warmed
2026-08-29 03:47:06,177 | INFO |    ↳ Status 200
2026-08-29 03:47:06,177 | INFO |    ✓ Found 7 movies
2026-08-29 03:47:06,177 | INFO | [98/1901] Fetching Asansol (ASANSOL)
2026-08-29 03:47:06,546 | INFO |    ↳ Status 403
2026-08-29 03:47:06,546 | WARNING |    ⚠ Blocked (403) retry 2
2026-08-29 03:47:06,604 | INFO | 🌐 Session warmed
2026-08-29 03:47:07,453 | INFO |    ↳ Status 403
2026-08-29 03:47:07,453 | WARNING |    ⚠ Blocked (403) retry 2
2026-08-29 03:47:07,475 | INFO |    ↳ Status 200
2026-08-29 03:47:07,476 | INFO |    ✓ Found 8 movies
2026-08-29 03:47:07,476 | INFO | [99/1901] Fetching Ashoknagar (AKMP)
2026-08-29 03:47:07,519 | INFO | 🌐 Session warmed
2026-08-29 03:47:07,745 | INFO |    ↳ Status 403
2026-08-29 03:47:07,745 | WARNING |    ⚠ Blocked (403) retry 3
2026-08-29 03:47:07,806 | INFO | 🌐 Session warmed
2026-08-29 03:47:09,140 | INFO |    ↳ Status 200
2026-08-29 03:47:09,140 | INFO |    ✓ Found 7 movies
2026-08-29 03:47:09,140 | INFO | [100/1901] Fetching Ashoknagar (West Bengal) (ASNA)
2026-08-29 03:47:09,857 | INFO |    ↳ Status 403
2026-08-29 03:47:09,857 | WARNING |    ⚠ Blocked (403) retry 3
2026-08-29 03:47:09,921 | INFO | 🌐 Session warmed
2026-08-29 03:47:10,105 | INFO |    ↳ Status 200
2026-08-29 03:47:10,106 | INFO |    ✓ Found 8 movies
2026-08-29 03:47:10,106 | INFO | [101/1901] Fetching Ashta (ASTA)
2026-08-29 03:47:10,280 | INFO |    ↳ Status 403
2026-08-29 03:47:10,280 | WARNING |    ⚠ Blocked (403) retry 3
2026-08-29 03:47:10,354 | INFO | 🌐 Session warmed
2026-08-29 03:47:11,301 | INFO |    ↳ Status 200
2026-08-29 03:47:11,302 | INFO |    ✓ Found 7 movies
2026-08-29 03:47:11,302 | INFO | [102/1901] Fetching Ashta (Maharashtra) (ASMA)
2026-08-29 03:47:11,807 | INFO | [103/1901] Fetching Asika (ASIK)
2026-08-29 03:47:12,895 | INFO |    ↳ Status 200
2026-08-29 03:47:12,896 | INFO |    ✓ Found 8 movies
2026-08-29 03:47:12,896 | INFO | [104/1901] Fetching Aswaraopeta (ASWA)
2026-08-29 03:47:12,928 | INFO |    ↳ Status 403
2026-08-29 03:47:12,929 | WARNING |    ⚠ Blocked (403) retry 1
2026-08-29 03:47:12,990 | INFO | 🌐 Session warmed
2026-08-29 03:47:13,922 | INFO | [105/1901] Fetching Athagarh (ATHG)
2026-08-29 03:47:14,354 | INFO | [106/1901] Fetching Athani (ATHN)
2026-08-29 03:47:14,829 | INFO |    ↳ Status 403
2026-08-29 03:47:14,829 | WARNING |    ⚠ Blocked (403) retry 1
2026-08-29 03:47:14,878 | INFO |    ↳ Status 200
2026-08-29 03:47:14,878 | INFO |    ✓ Found 7 movies
2026-08-29 03:47:14,879 | INFO | [107/1901] Fetching Atmakur (Nellore) (ATMK)
2026-08-29 03:47:14,887 | INFO | 🌐 Session warmed
2026-08-29 03:47:14,993 | INFO |    ↳ Status 403
2026-08-29 03:47:14,994 | WARNING |    ⚠ Blocked (403) retry 2
2026-08-29 03:47:15,053 | INFO | 🌐 Session warmed
2026-08-29 03:47:15,626 | INFO |    ↳ Status 403
2026-08-29 03:47:15,626 | WARNING |    ⚠ Blocked (403) retry 1
2026-08-29 03:47:15,687 | INFO | 🌐 Session warmed
2026-08-29 03:47:16,355 | INFO |    ↳ Status 200
2026-08-29 03:47:16,355 | INFO |    ✓ Found 7 movies
2026-08-29 03:47:16,355 | INFO | [108/1901] Fetching Atpadi (ATPA)
2026-08-29 03:47:16,856 | INFO |    ↳ Status 403
2026-08-29 03:47:16,856 | WARNING |    ⚠ Blocked (403) retry 2
2026-08-29 03:47:16,915 | INFO | 🌐 Session warmed
2026-08-29 03:47:17,326 | INFO |    ↳ Status 403
2026-08-29 03:47:17,326 | WARNING |    ⚠ Blocked (403) retry 2
2026-08-29 03:47:17,385 | INFO | 🌐 Session warmed
2026-08-29 03:47:17,764 | INFO |    ↳ Status 200
2026-08-29 03:47:17,764 | INFO |    ✓ Found 5 movies
2026-08-29 03:47:17,764 | INFO | [109/1901] Fetching Atraulia (ATRA)
2026-08-29 03:47:17,854 | INFO |    ↳ Status 403
2026-08-29 03:47:17,854 | WARNING |    ⚠ Blocked (403) retry 3
2026-08-29 03:47:17,916 | INFO | 🌐 Session warmed
2026-08-29 03:47:19,050 | INFO |    ↳ Status 200
2026-08-29 03:47:19,050 | INFO |    ✓ Found 8 movies
2026-08-29 03:47:19,051 | INFO | [110/1901] Fetching Attibele (ATTO)
2026-08-29 03:47:19,818 | INFO |    ↳ Status 403
2026-08-29 03:47:19,818 | WARNING |    ⚠ Blocked (403) retry 3
2026-08-29 03:47:19,875 | INFO | 🌐 Session warmed
2026-08-29 03:47:20,735 | INFO |    ↳ Status 403
2026-08-29 03:47:20,735 | WARNING |    ⚠ Blocked (403) retry 3
2026-08-29 03:47:20,798 | INFO | 🌐 Session warmed
2026-08-29 03:47:21,048 | INFO |    ↳ Status 200
2026-08-29 03:47:21,049 | INFO |    ✓ Found 8 movies
2026-08-29 03:47:21,049 | INFO | [111/1901] Fetching Attili (ATLI)
2026-08-29 03:47:21,916 | INFO | [112/1901] Fetching Attingal (ATTI)
2026-08-29 03:47:22,085 | INFO |    ↳ Status 200
2026-08-29 03:47:22,086 | INFO |    ✓ Found 7 movies
2026-08-29 03:47:22,086 | INFO | [113/1901] Fetching Attur (ATTR)
2026-08-29 03:47:23,004 | INFO |    ↳ Status 200
2026-08-29 03:47:23,004 | INFO |    ✓ Found 7 movies
2026-08-29 03:47:23,004 | INFO | [114/1901] Fetching Aurangabad (Bihar) (AUBI)
2026-08-29 03:47:23,056 | INFO |    ↳ Status 403
2026-08-29 03:47:23,057 | WARNING |    ⚠ Blocked (403) retry 1
2026-08-29 03:47:23,118 | INFO | 🌐 Session warmed
2026-08-29 03:47:23,876 | INFO | [115/1901] Fetching Aurangabad (West Bengal) (AURW)
2026-08-29 03:47:24,359 | INFO |    ↳ Status 200
2026-08-29 03:47:24,359 | INFO |    ✓ Found 7 movies
2026-08-29 03:47:24,359 | INFO | [116/1901] Fetching Auroville (AURV)
2026-08-29 03:47:24,755 | INFO |    ↳ Status 403
2026-08-29 03:47:24,755 | WARNING |    ⚠ Blocked (403) retry 1
2026-08-29 03:47:24,799 | INFO | [117/1901] Fetching Aushapur (AUSH)
2026-08-29 03:47:24,813 | INFO | 🌐 Session warmed
2026-08-29 03:47:24,937 | INFO |    ↳ Status 403
2026-08-29 03:47:24,937 | WARNING |    ⚠ Blocked (403) retry 2
2026-08-29 03:47:24,997 | INFO | 🌐 Session warmed
2026-08-29 03:47:25,435 | INFO |    ↳ Status 200
2026-08-29 03:47:25,435 | INFO |    ✓ Found 8 movies
2026-08-29 03:47:25,435 | INFO | [118/1901] Fetching Avinashi (AVII)
2026-08-29 03:47:26,130 | INFO |    ↳ Status 403
2026-08-29 03:47:26,130 | WARNING |    ⚠ Blocked (403) retry 1
2026-08-29 03:47:26,192 | INFO | 🌐 Session warmed
2026-08-29 03:47:26,978 | INFO |    ↳ Status 403
2026-08-29 03:47:26,979 | WARNING |    ⚠ Blocked (403) retry 2
2026-08-29 03:47:27,037 | INFO | 🌐 Session warmed
2026-08-29 03:47:27,096 | INFO |    ↳ Status 200
2026-08-29 03:47:27,096 | INFO |    ✓ Found 7 movies
2026-08-29 03:47:27,096 | INFO | [119/1901] Fetching Ayodhya (AYOD)
2026-08-29 03:47:27,843 | INFO |    ↳ Status 403
2026-08-29 03:47:27,843 | WARNING |    ⚠ Blocked (403) retry 3
2026-08-29 03:47:27,900 | INFO | 🌐 Session warmed
2026-08-29 03:47:28,331 | INFO |    ↳ Status 403
2026-08-29 03:47:28,331 | WARNING |    ⚠ Blocked (403) retry 2
2026-08-29 03:47:28,389 | INFO | 🌐 Session warmed
2026-08-29 03:47:28,912 | INFO |    ↳ Status 200
2026-08-29 03:47:28,912 | INFO |    ✓ Found 8 movies
2026-08-29 03:47:28,912 | INFO | [120/1901] Fetching Azamgarh (AZMG)
2026-08-29 03:47:30,067 | INFO |    ↳ Status 403
2026-08-29 03:47:30,067 | WARNING |    ⚠ Blocked (403) retry 3
2026-08-29 03:47:30,127 | INFO | 🌐 Session warmed
2026-08-29 03:47:30,320 | INFO |    ↳ Status 200
2026-08-29 03:47:30,321 | INFO |    ✓ Found 6 movies
2026-08-29 03:47:30,321 | INFO | [121/1901] Fetching B. Kothakota (BKOT)
2026-08-29 03:47:31,046 | INFO |    ↳ Status 403
2026-08-29 03:47:31,046 | WARNING |    ⚠ Blocked (403) retry 3
2026-08-29 03:47:31,110 | INFO | 🌐 Session warmed
2026-08-29 03:47:31,900 | INFO | [122/1901] Fetching Babra (BABT)
2026-08-29 03:47:32,592 | INFO |    ↳ Status 200
2026-08-29 03:47:32,592 | INFO |    ✓ Found 7 movies
2026-08-29 03:47:32,592 | INFO | [123/1901] Fetching Badami (BAMA)
2026-08-29 03:47:32,653 | INFO |    ↳ Status 403
2026-08-29 03:47:32,653 | WARNING |    ⚠ Blocked (403) retry 1
2026-08-29 03:47:32,724 | INFO | 🌐 Session warmed
2026-08-29 03:47:34,127 | INFO | [124/1901] Fetching Badaun (BADN)
2026-08-29 03:47:34,202 | INFO |    ↳ Status 200
2026-08-29 03:47:34,202 | INFO |    ✓ Found 3 movies
2026-08-29 03:47:34,202 | INFO | [125/1901] Fetching Baddi (BADD)
2026-08-29 03:47:34,833 | INFO |    ↳ Status 403
2026-08-29 03:47:34,833 | WARNING |    ⚠ Blocked (403) retry 1
2026-08-29 03:47:34,837 | INFO |    ↳ Status 403
2026-08-29 03:47:34,837 | WARNING |    ⚠ Blocked (403) retry 2
2026-08-29 03:47:34,908 | INFO | 🌐 Session warmed
2026-08-29 03:47:34,910 | INFO | 🌐 Session warmed
2026-08-29 03:47:35,110 | INFO | [126/1901] Fetching Badhra (BAHR)
2026-08-29 03:47:35,832 | INFO |    ↳ Status 200
2026-08-29 03:47:35,832 | INFO |    ✓ Found 6 movies
2026-08-29 03:47:35,832 | INFO | [127/1901] Fetching Badnagar (BADA)
2026-08-29 03:47:36,502 | INFO |    ↳ Status 403
2026-08-29 03:47:36,502 | WARNING |    ⚠ Blocked (403) retry 1
2026-08-29 03:47:36,565 | INFO | 🌐 Session warmed
2026-08-29 03:47:36,843 | INFO |    ↳ Status 403
2026-08-29 03:47:36,843 | WARNING |    ⚠ Blocked (403) retry 2
2026-08-29 03:47:36,901 | INFO | 🌐 Session warmed
2026-08-29 03:47:37,194 | INFO |    ↳ Status 200
2026-08-29 03:47:37,194 | INFO |    ✓ Found 7 movies
2026-08-29 03:47:37,194 | INFO | [128/1901] Fetching Badnawar (BADR)
2026-08-29 03:47:37,918 | INFO |    ↳ Status 403
2026-08-29 03:47:37,918 | WARNING |    ⚠ Blocked (403) retry 3
2026-08-29 03:47:37,977 | INFO | 🌐 Session warmed
2026-08-29 03:47:38,429 | INFO |    ↳ Status 200
2026-08-29 03:47:38,429 | INFO |    ✓ Found 7 movies
2026-08-29 03:47:38,429 | INFO | [129/1901] Fetching Badvel (BADV)
2026-08-29 03:47:38,558 | INFO |    ↳ Status 403
2026-08-29 03:47:38,558 | WARNING |    ⚠ Blocked (403) retry 2
2026-08-29 03:47:38,615 | INFO | 🌐 Session warmed
2026-08-29 03:47:39,615 | INFO |    ↳ Status 200
2026-08-29 03:47:39,615 | INFO |    ✓ Found 8 movies
2026-08-29 03:47:39,616 | INFO | [130/1901] Fetching Bagaha (BAAG)
2026-08-29 03:47:39,873 | INFO |    ↳ Status 403
2026-08-29 03:47:39,873 | WARNING |    ⚠ Blocked (403) retry 3
2026-08-29 03:47:39,932 | INFO | 🌐 Session warmed
2026-08-29 03:47:41,027 | INFO |    ↳ Status 200
2026-08-29 03:47:41,027 | INFO |    ✓ Found 7 movies
2026-08-29 03:47:41,027 | INFO | [131/1901] Fetching Bagalkot (BAGA)
2026-08-29 03:47:41,807 | INFO |    ↳ Status 403
2026-08-29 03:47:41,807 | WARNING |    ⚠ Blocked (403) retry 3
2026-08-29 03:47:41,877 | INFO | 🌐 Session warmed
2026-08-29 03:47:41,957 | INFO |    ↳ Status 200
2026-08-29 03:47:41,958 | INFO |    ✓ Found 3 movies
2026-08-29 03:47:41,958 | INFO | [132/1901] Fetching Bagbahara (BBHA)
2026-08-29 03:47:41,977 | INFO | [133/1901] Fetching Bagepalli (BGPI)
2026-08-29 03:47:43,038 | INFO |    ↳ Status 403
2026-08-29 03:47:43,038 | WARNING |    ⚠ Blocked (403) retry 1
2026-08-29 03:47:43,105 | INFO | 🌐 Session warmed
2026-08-29 03:47:43,159 | INFO |    ↳ Status 200
2026-08-29 03:47:43,159 | INFO |    ✓ Found 8 movies
2026-08-29 03:47:43,159 | INFO | [134/1901] Fetching Bagha Purana (BAPU)
2026-08-29 03:47:43,933 | INFO | [135/1901] Fetching Baghmari (BGAM)
2026-08-29 03:47:44,545 | INFO |    ↳ Status 200
2026-08-29 03:47:44,545 | INFO |    ✓ Found 8 movies
2026-08-29 03:47:44,545 | INFO | [136/1901] Fetching Bagnan (BAGN)
2026-08-29 03:47:44,571 | INFO |    ↳ Status 403
2026-08-29 03:47:44,571 | WARNING |    ⚠ Blocked (403) retry 1
2026-08-29 03:47:44,627 | INFO | 🌐 Session warmed
2026-08-29 03:47:45,423 | INFO |    ↳ Status 403
2026-08-29 03:47:45,424 | WARNING |    ⚠ Blocked (403) retry 2
2026-08-29 03:47:45,490 | INFO | 🌐 Session warmed
2026-08-29 03:47:45,637 | INFO |    ↳ Status 200
2026-08-29 03:47:45,638 | INFO |    ✓ Found 8 movies
2026-08-29 03:47:45,638 | INFO | [137/1901] Fetching Bagru (BAGU)
2026-08-29 03:47:45,878 | INFO | [138/1901] Fetching Bahadurgarh (BAHD)
2026-08-29 03:47:46,900 | INFO |    ↳ Status 200
2026-08-29 03:47:46,900 | INFO |    ✓ Found 4 movies
2026-08-29 03:47:46,901 | INFO | [139/1901] Fetching Bahraich (BHRH)
2026-08-29 03:47:46,977 | INFO |    ↳ Status 403
2026-08-29 03:47:46,977 | WARNING |    ⚠ Blocked (403) retry 2
2026-08-29 03:47:46,998 | INFO |    ↳ Status 403
2026-08-29 03:47:46,998 | WARNING |    ⚠ Blocked (403) retry 1
2026-08-29 03:47:47,046 | INFO | 🌐 Session warmed
2026-08-29 03:47:47,069 | INFO | 🌐 Session warmed
2026-08-29 03:47:48,215 | INFO |    ↳ Status 200
2026-08-29 03:47:48,215 | INFO |    ✓ Found 6 movies
2026-08-29 03:47:48,215 | INFO | [140/1901] Fetching Baidyabati (BAID)
2026-08-29 03:47:48,781 | INFO |    ↳ Status 403
2026-08-29 03:47:48,781 | WARNING |    ⚠ Blocked (403) retry 3
2026-08-29 03:47:48,850 | INFO | 🌐 Session warmed
2026-08-29 03:47:48,938 | INFO |    ↳ Status 403
2026-08-29 03:47:48,938 | WARNING |    ⚠ Blocked (403) retry 2
2026-08-29 03:47:49,002 | INFO | 🌐 Session warmed
2026-08-29 03:47:49,750 | INFO |    ↳ Status 200
2026-08-29 03:47:49,750 | INFO |    ✓ Found 8 movies
2026-08-29 03:47:49,750 | INFO | [141/1901] Fetching Baihar (BIAH)
2026-08-29 03:47:49,882 | INFO |    ↳ Status 403
2026-08-29 03:47:49,882 | WARNING |    ⚠ Blocked (403) retry 3
2026-08-29 03:47:49,946 | INFO | 🌐 Session warmed
2026-08-29 03:47:50,800 | INFO |    ↳ Status 200
2026-08-29 03:47:50,800 | INFO |    ✓ Found 7 movies
2026-08-29 03:47:50,801 | INFO | [142/1901] Fetching Baijnath (BAIJ)
2026-08-29 03:47:52,046 | INFO |    ↳ Status 200
2026-08-29 03:47:52,046 | INFO |    ✓ Found 6 movies
2026-08-29 03:47:52,046 | INFO | [143/1901] Fetching Baikunthpur (BKTH)
2026-08-29 03:47:52,187 | INFO |    ↳ Status 403
2026-08-29 03:47:52,187 | WARNING |    ⚠ Blocked (403) retry 3
2026-08-29 03:47:52,245 | INFO | 🌐 Session warmed
2026-08-29 03:47:52,851 | INFO | [144/1901] Fetching Baindur (BAND)
2026-08-29 03:47:53,663 | INFO |    ↳ Status 200
2026-08-29 03:47:53,663 | INFO |    ✓ Found 8 movies
2026-08-29 03:47:53,663 | INFO | [145/1901] Fetching Bakhrahat (BART)
2026-08-29 03:47:53,947 | INFO | [146/1901] Fetching Balaghat (BLGT)
2026-08-29 03:47:54,257 | INFO |    ↳ Status 403
2026-08-29 03:47:54,257 | WARNING |    ⚠ Blocked (403) retry 1
2026-08-29 03:47:54,324 | INFO | 🌐 Session warmed
2026-08-29 03:47:55,091 | INFO |    ↳ Status 200
2026-08-29 03:47:55,091 | INFO |    ✓ Found 8 movies
2026-08-29 03:47:55,091 | INFO | [147/1901] Fetching Balangir (BALG)
2026-08-29 03:47:55,172 | INFO |    ↳ Status 403
2026-08-29 03:47:55,172 | WARNING |    ⚠ Blocked (403) retry 1
2026-08-29 03:47:55,232 | INFO | 🌐 Session warmed
2026-08-29 03:47:56,160 | INFO |    ↳ Status 403
2026-08-29 03:47:56,161 | WARNING |    ⚠ Blocked (403) retry 2
2026-08-29 03:47:56,229 | INFO | 🌐 Session warmed
2026-08-29 03:47:56,245 | INFO | [148/1901] Fetching Balasore (BLSR)
2026-08-29 03:47:56,735 | INFO |    ↳ Status 200
2026-08-29 03:47:56,735 | INFO |    ✓ Found 8 movies
2026-08-29 03:47:56,735 | INFO | [149/1901] Fetching Balijipeta (BLIJ)
2026-08-29 03:47:57,045 | INFO |    ↳ Status 403
2026-08-29 03:47:57,045 | WARNING |    ⚠ Blocked (403) retry 2
2026-08-29 03:47:57,072 | INFO |    ↳ Status 403
2026-08-29 03:47:57,072 | WARNING |    ⚠ Blocked (403) retry 1
2026-08-29 03:47:57,106 | INFO | 🌐 Session warmed
2026-08-29 03:47:57,129 | INFO | 🌐 Session warmed
2026-08-29 03:47:58,211 | INFO |    ↳ Status 200
2026-08-29 03:47:58,211 | INFO |    ✓ Found 7 movies
2026-08-29 03:47:58,211 | INFO | [150/1901] Fetching Ballia (ALBI)
2026-08-29 03:47:59,061 | INFO |    ↳ Status 403
2026-08-29 03:47:59,061 | WARNING |    ⚠ Blocked (403) retry 3
2026-08-29 03:47:59,110 | INFO |    ↳ Status 403
2026-08-29 03:47:59,110 | WARNING |    ⚠ Blocked (403) retry 2
2026-08-29 03:47:59,119 | INFO | 🌐 Session warmed
2026-08-29 03:47:59,168 | INFO | 🌐 Session warmed
2026-08-29 03:47:59,430 | INFO |    ↳ Status 200
2026-08-29 03:47:59,430 | INFO |    ✓ Found 8 movies
2026-08-29 03:47:59,430 | INFO | [151/1901] Fetching Balod (BALD)
2026-08-29 03:48:00,137 | INFO |    ↳ Status 403
2026-08-29 03:48:00,137 | WARNING |    ⚠ Blocked (403) retry 3
2026-08-29 03:48:00,208 | INFO | 🌐 Session warmed
2026-08-29 03:48:00,409 | INFO |    ↳ Status 200
2026-08-29 03:48:00,409 | INFO |    ✓ Found 8 movies
2026-08-29 03:48:00,409 | INFO | [152/1901] Fetching Baloda Bazar (BBCH)
2026-08-29 03:48:01,839 | INFO |    ↳ Status 200
2026-08-29 03:48:01,839 | INFO |    ✓ Found 8 movies
2026-08-29 03:48:01,839 | INFO | [153/1901] Fetching Balotra (BALO)
2026-08-29 03:48:02,456 | INFO |    ↳ Status 403
2026-08-29 03:48:02,456 | WARNING |    ⚠ Blocked (403) retry 3
2026-08-29 03:48:02,513 | INFO | 🌐 Session warmed
2026-08-29 03:48:03,081 | INFO |    ↳ Status 200
2026-08-29 03:48:03,082 | INFO |    ✓ Found 4 movies
2026-08-29 03:48:03,082 | INFO | [154/1901] Fetching Balrampur (BLUR)
2026-08-29 03:48:03,119 | INFO | [155/1901] Fetching Balurghat (BALU)
2026-08-29 03:48:04,043 | INFO |    ↳ Status 200
2026-08-29 03:48:04,043 | INFO |    ✓ Found 6 movies
2026-08-29 03:48:04,044 | INFO | [156/1901] Fetching Banaganapalli (BNPL)
2026-08-29 03:48:04,209 | INFO | [157/1901] Fetching Banahatti (BANZ)
2026-08-29 03:48:04,233 | INFO |    ↳ Status 403
2026-08-29 03:48:04,233 | WARNING |    ⚠ Blocked (403) retry 1
2026-08-29 03:48:04,293 | INFO | 🌐 Session warmed
2026-08-29 03:48:05,421 | INFO |    ↳ Status 403
2026-08-29 03:48:05,422 | WARNING |    ⚠ Blocked (403) retry 1
2026-08-29 03:48:05,486 | INFO | 🌐 Session warmed
2026-08-29 03:48:05,682 | INFO |    ↳ Status 200
2026-08-29 03:48:05,682 | INFO |    ✓ Found 8 movies
2026-08-29 03:48:05,682 | INFO | [158/1901] Fetching Banaskantha (BANA)
2026-08-29 03:48:06,397 | INFO |    ↳ Status 403
2026-08-29 03:48:06,397 | WARNING |    ⚠ Blocked (403) retry 2
2026-08-29 03:48:06,470 | INFO | 🌐 Session warmed
2026-08-29 03:48:06,513 | INFO | [159/1901] Fetching Banga (BNGA)
2026-08-29 03:48:07,296 | INFO |    ↳ Status 200
2026-08-29 03:48:07,296 | INFO |    ✓ Found 8 movies
2026-08-29 03:48:07,296 | INFO | [160/1901] Fetching Bangaon (BAGO)
2026-08-29 03:48:07,348 | INFO |    ↳ Status 403
2026-08-29 03:48:07,348 | WARNING |    ⚠ Blocked (403) retry 1
2026-08-29 03:48:07,426 | INFO | 🌐 Session warmed
2026-08-29 03:48:07,603 | INFO |    ↳ Status 403
2026-08-29 03:48:07,603 | WARNING |    ⚠ Blocked (403) retry 2
2026-08-29 03:48:07,662 | INFO | 🌐 Session warmed
2026-08-29 03:48:08,434 | INFO |    ↳ Status 200
2026-08-29 03:48:08,434 | INFO |    ✓ Found 8 movies
2026-08-29 03:48:08,434 | INFO | [161/1901] Fetching Bangarpet (BAGT)
2026-08-29 03:48:09,233 | INFO |    ↳ Status 403
2026-08-29 03:48:09,233 | WARNING |    ⚠ Blocked (403) retry 3
2026-08-29 03:48:09,292 | INFO | 🌐 Session warmed
2026-08-29 03:48:09,387 | INFO |    ↳ Status 403
2026-08-29 03:48:09,387 | WARNING |    ⚠ Blocked (403) retry 2
2026-08-29 03:48:09,450 | INFO | 🌐 Session warmed
2026-08-29 03:48:09,964 | INFO |    ↳ Status 200
2026-08-29 03:48:09,965 | INFO |    ✓ Found 3 movies
2026-08-29 03:48:09,965 | INFO | [162/1901] Fetching Bangarupalem (BGPM)
2026-08-29 03:48:10,406 | INFO |    ↳ Status 403
2026-08-29 03:48:10,406 | WARNING |    ⚠ Blocked (403) retry 3
2026-08-29 03:48:10,470 | INFO | 🌐 Session warmed
2026-08-29 03:48:11,174 | INFO |    ↳ Status 200
2026-08-29 03:48:11,174 | INFO |    ✓ Found 8 movies
2026-08-29 03:48:11,174 | INFO | [163/1901] Fetching Banki (BANK)
2026-08-29 03:48:12,334 | INFO |    ↳ Status 403
2026-08-29 03:48:12,334 | WARNING |    ⚠ Blocked (403) retry 3
2026-08-29 03:48:12,396 | INFO | 🌐 Session warmed
2026-08-29 03:48:12,712 | INFO |    ↳ Status 200
2026-08-29 03:48:12,712 | INFO |    ✓ Found 8 movies
2026-08-29 03:48:12,712 | INFO | [164/1901] Fetching Bankura (BNKU)
2026-08-29 03:48:13,293 | INFO | [165/1901] Fetching Banswada (BNSA)
2026-08-29 03:48:13,977 | INFO |    ↳ Status 200
2026-08-29 03:48:13,977 | INFO |    ✓ Found 8 movies
2026-08-29 03:48:13,978 | INFO | [166/1901] Fetching Banswara (BANS)
2026-08-29 03:48:14,470 | INFO | [167/1901] Fetching Bantumilli (BANT)
2026-08-29 03:48:14,548 | INFO |    ↳ Status 403
2026-08-29 03:48:14,548 | WARNING |    ⚠ Blocked (403) retry 1
2026-08-29 03:48:14,607 | INFO | 🌐 Session warmed
2026-08-29 03:48:15,392 | INFO |    ↳ Status 403
2026-08-29 03:48:15,392 | WARNING |    ⚠ Blocked (403) retry 1
2026-08-29 03:48:15,453 | INFO | 🌐 Session warmed
2026-08-29 03:48:15,479 | INFO |    ↳ Status 200
2026-08-29 03:48:15,479 | INFO |    ✓ Found 4 movies
2026-08-29 03:48:15,479 | INFO | [168/1901] Fetching Bapatla (BAPA)
2026-08-29 03:48:16,274 | INFO |    ↳ Status 403
2026-08-29 03:48:16,274 | WARNING |    ⚠ Blocked (403) retry 2
2026-08-29 03:48:16,329 | INFO | 🌐 Session warmed
2026-08-29 03:48:16,396 | INFO | [169/1901] Fetching Barabanki (BARK)
2026-08-29 03:48:16,980 | INFO |    ↳ Status 200
2026-08-29 03:48:16,980 | INFO |    ✓ Found 7 movies
2026-08-29 03:48:16,981 | INFO | [170/1901] Fetching Baramati (BARA)
2026-08-29 03:48:17,257 | INFO |    ↳ Status 403
2026-08-29 03:48:17,257 | WARNING |    ⚠ Blocked (403) retry 1
2026-08-29 03:48:17,315 | INFO | 🌐 Session warmed
2026-08-29 03:48:17,789 | INFO |    ↳ Status 403
2026-08-29 03:48:17,789 | WARNING |    ⚠ Blocked (403) retry 2
2026-08-29 03:48:17,847 | INFO | 🌐 Session warmed
2026-08-29 03:48:18,064 | INFO |    ↳ Status 200
2026-08-29 03:48:18,064 | INFO |    ✓ Found 5 movies
2026-08-29 03:48:18,064 | INFO | [171/1901] Fetching Baramulla (BRML)
2026-08-29 03:48:19,293 | INFO |    ↳ Status 403
2026-08-29 03:48:19,293 | WARNING |    ⚠ Blocked (403) retry 3
2026-08-29 03:48:19,368 | INFO | 🌐 Session warmed
2026-08-29 03:48:19,380 | INFO |    ↳ Status 200
2026-08-29 03:48:19,380 | INFO |    ✓ Found 8 movies
2026-08-29 03:48:19,380 | INFO | [172/1901] Fetching Baran (BARN)
2026-08-29 03:48:19,631 | INFO |    ↳ Status 403
2026-08-29 03:48:19,631 | WARNING |    ⚠ Blocked (403) retry 2
2026-08-29 03:48:19,690 | INFO | 🌐 Session warmed
2026-08-29 03:48:20,812 | INFO |    ↳ Status 200
2026-08-29 03:48:20,812 | INFO |    ✓ Found 4 movies
2026-08-29 03:48:20,812 | INFO | [173/1901] Fetching Barasat (BSRT)
2026-08-29 03:48:21,111 | INFO |    ↳ Status 403
2026-08-29 03:48:21,111 | WARNING |    ⚠ Blocked (403) retry 3
2026-08-29 03:48:21,169 | INFO | 🌐 Session warmed
2026-08-29 03:48:23,091 | INFO |    ↳ Status 403
2026-08-29 03:48:23,091 | WARNING |    ⚠ Blocked (403) retry 3
2026-08-29 03:48:23,143 | INFO |    ↳ Status 200
2026-08-29 03:48:23,143 | INFO |    ✓ Found 8 movies
2026-08-29 03:48:23,143 | INFO | [174/1901] Fetching Baraut (BARL)
2026-08-29 03:48:23,148 | INFO | 🌐 Session warmed
2026-08-29 03:48:23,368 | INFO | [175/1901] Fetching Barbil (BABR)
2026-08-29 03:48:24,468 | INFO |    ↳ Status 403
2026-08-29 03:48:24,468 | WARNING |    ⚠ Blocked (403) retry 1
2026-08-29 03:48:24,525 | INFO | 🌐 Session warmed
2026-08-29 03:48:24,658 | INFO |    ↳ Status 200
2026-08-29 03:48:24,658 | INFO |    ✓ Found 6 movies
2026-08-29 03:48:24,659 | INFO | [176/1901] Fetching Bardoli (BRDL)
2026-08-29 03:48:25,170 | INFO | [177/1901] Fetching Bareilly (BARE)
2026-08-29 03:48:26,104 | INFO |    ↳ Status 200
2026-08-29 03:48:26,104 | INFO |    ✓ Found 8 movies
2026-08-29 03:48:26,104 | INFO | [178/1901] Fetching Bareja (BEJA)
2026-08-29 03:48:26,179 | INFO |    ↳ Status 403
2026-08-29 03:48:26,179 | WARNING |    ⚠ Blocked (403) retry 2
2026-08-29 03:48:26,235 | INFO | 🌐 Session warmed
2026-08-29 03:48:26,279 | INFO |    ↳ Status 403
2026-08-29 03:48:26,279 | WARNING |    ⚠ Blocked (403) retry 1
2026-08-29 03:48:26,338 | INFO | 🌐 Session warmed
2026-08-29 03:48:27,148 | INFO | [179/1901] Fetching Bargarh (BARG)
2026-08-29 03:48:27,532 | INFO |    ↳ Status 200
2026-08-29 03:48:27,533 | INFO |    ✓ Found 8 movies
2026-08-29 03:48:27,533 | INFO | [180/1901] Fetching Barharwa (BRWA)
2026-08-29 03:48:28,283 | INFO |    ↳ Status 403
2026-08-29 03:48:28,283 | WARNING |    ⚠ Blocked (403) retry 1
2026-08-29 03:48:28,339 | INFO | 🌐 Session warmed
2026-08-29 03:48:28,618 | INFO |    ↳ Status 200
2026-08-29 03:48:28,618 | INFO |    ✓ Found 5 movies
2026-08-29 03:48:28,618 | INFO | [181/1901] Fetching Barhi (BHAI)
2026-08-29 03:48:28,745 | INFO |    ↳ Status 403
2026-08-29 03:48:28,745 | WARNING |    ⚠ Blocked (403) retry 2
2026-08-29 03:48:28,800 | INFO | 🌐 Session warmed
2026-08-29 03:48:29,444 | INFO |    ↳ Status 403
2026-08-29 03:48:29,445 | WARNING |    ⚠ Blocked (403) retry 3
2026-08-29 03:48:29,508 | INFO | 🌐 Session warmed
2026-08-29 03:48:30,284 | INFO |    ↳ Status 200
2026-08-29 03:48:30,284 | INFO |    ✓ Found 5 movies
2026-08-29 03:48:30,284 | INFO | [182/1901] Fetching Baripada (BARI)
2026-08-29 03:48:30,526 | INFO |    ↳ Status 403
2026-08-29 03:48:30,526 | WARNING |    ⚠ Blocked (403) retry 2
2026-08-29 03:48:30,588 | INFO | 🌐 Session warmed
2026-08-29 03:48:31,760 | INFO |    ↳ Status 403
2026-08-29 03:48:31,760 | WARNING |    ⚠ Blocked (403) retry 3
2026-08-29 03:48:31,820 | INFO | 🌐 Session warmed
2026-08-29 03:48:32,014 | INFO |    ↳ Status 200
2026-08-29 03:48:32,014 | INFO |    ✓ Found 8 movies
2026-08-29 03:48:32,014 | INFO | [183/1901] Fetching Barmer (BARM)
2026-08-29 03:48:33,471 | INFO |    ↳ Status 200
2026-08-29 03:48:33,471 | INFO |    ✓ Found 4 movies
2026-08-29 03:48:33,472 | INFO | [184/1901] Fetching Barnala (BAR)
2026-08-29 03:48:33,508 | INFO | [185/1901] Fetching Barpeta Road (BRPD)
2026-08-29 03:48:33,669 | INFO |    ↳ Status 403
2026-08-29 03:48:33,669 | WARNING |    ⚠ Blocked (403) retry 3
2026-08-29 03:48:33,738 | INFO | 🌐 Session warmed
2026-08-29 03:48:34,827 | INFO |    ↳ Status 200
2026-08-29 03:48:34,827 | INFO |    ✓ Found 8 movies
2026-08-29 03:48:34,828 | INFO | [186/1901] Fetching Barrackpore (BARR)
2026-08-29 03:48:34,867 | INFO |    ↳ Status 403
2026-08-29 03:48:34,867 | WARNING |    ⚠ Blocked (403) retry 1
2026-08-29 03:48:34,926 | INFO | 🌐 Session warmed
2026-08-29 03:48:35,804 | INFO |    ↳ Status 200
2026-08-29 03:48:35,804 | INFO |    ✓ Found 8 movies
2026-08-29 03:48:35,804 | INFO | [187/1901] Fetching Barshi (BRHI)
2026-08-29 03:48:35,820 | INFO | [188/1901] Fetching Baruipur (BARU)
2026-08-29 03:48:36,606 | INFO |    ↳ Status 403
2026-08-29 03:48:36,607 | WARNING |    ⚠ Blocked (403) retry 2
2026-08-29 03:48:36,668 | INFO | 🌐 Session warmed
2026-08-29 03:48:36,678 | INFO |    ↳ Status 403
2026-08-29 03:48:36,678 | WARNING |    ⚠ Blocked (403) retry 1
2026-08-29 03:48:36,735 | INFO | 🌐 Session warmed
2026-08-29 03:48:36,900 | INFO |    ↳ Status 200
2026-08-29 03:48:36,900 | INFO |    ✓ Found 5 movies
2026-08-29 03:48:36,900 | INFO | [189/1901] Fetching Barwadih (BARQ)
2026-08-29 03:48:37,738 | INFO | [190/1901] Fetching Barwaha (BARH)
2026-08-29 03:48:38,131 | INFO |    ↳ Status 200
2026-08-29 03:48:38,131 | INFO |    ✓ Found 5 movies
2026-08-29 03:48:38,131 | INFO | [191/1901] Fetching Barwani (BRWN)
2026-08-29 03:48:38,492 | INFO |    ↳ Status 403
2026-08-29 03:48:38,492 | WARNING |    ⚠ Blocked (403) retry 2
2026-08-29 03:48:38,551 | INFO | 🌐 Session warmed
2026-08-29 03:48:38,621 | INFO |    ↳ Status 403
2026-08-29 03:48:38,621 | WARNING |    ⚠ Blocked (403) retry 1
2026-08-29 03:48:38,681 | INFO | 🌐 Session warmed
2026-08-29 03:48:39,222 | INFO |    ↳ Status 200
2026-08-29 03:48:39,222 | INFO |    ✓ Found 7 movies
2026-08-29 03:48:39,222 | INFO | [192/1901] Fetching Basantpur (BABA)
2026-08-29 03:48:39,757 | INFO |    ↳ Status 403
2026-08-29 03:48:39,757 | WARNING |    ⚠ Blocked (403) retry 3
2026-08-29 03:48:39,817 | INFO | 🌐 Session warmed
2026-08-29 03:48:40,313 | INFO |    ↳ Status 200
2026-08-29 03:48:40,313 | INFO |    ✓ Found 8 movies
2026-08-29 03:48:40,313 | INFO | [193/1901] Fetching Basirhat (BIRH)
2026-08-29 03:48:40,469 | INFO |    ↳ Status 403
2026-08-29 03:48:40,469 | WARNING |    ⚠ Blocked (403) retry 2
2026-08-29 03:48:40,534 | INFO | 🌐 Session warmed
2026-08-29 03:48:41,475 | INFO |    ↳ Status 200
2026-08-29 03:48:41,475 | INFO |    ✓ Found 8 movies
2026-08-29 03:48:41,475 | INFO | [194/1901] Fetching Basna (BASN)
2026-08-29 03:48:41,571 | INFO |    ↳ Status 403
2026-08-29 03:48:41,571 | WARNING |    ⚠ Blocked (403) retry 3
2026-08-29 03:48:41,661 | INFO | 🌐 Session warmed
2026-08-29 03:48:42,435 | INFO |    ↳ Status 200
2026-08-29 03:48:42,436 | INFO |    ✓ Found 8 movies
2026-08-29 03:48:42,436 | INFO | [195/1901] Fetching Basti (BAST)
2026-08-29 03:48:43,817 | INFO | [196/1901] Fetching Bathinda (BHAT)
2026-08-29 03:48:43,864 | INFO |    ↳ Status 403
2026-08-29 03:48:43,864 | WARNING |    ⚠ Blocked (403) retry 3
2026-08-29 03:48:43,928 | INFO | 🌐 Session warmed
2026-08-29 03:48:44,101 | INFO |    ↳ Status 200
2026-08-29 03:48:44,102 | INFO |    ✓ Found 6 movies
2026-08-29 03:48:44,102 | INFO | [197/1901] Fetching Batlagundu (BTGD)
2026-08-29 03:48:45,107 | INFO |    ↳ Status 403
2026-08-29 03:48:45,107 | WARNING |    ⚠ Blocked (403) retry 1
2026-08-29 03:48:45,164 | INFO | 🌐 Session warmed
2026-08-29 03:48:45,246 | INFO |    ↳ Status 200
2026-08-29 03:48:45,246 | INFO |    ✓ Found 7 movies
2026-08-29 03:48:45,246 | INFO | [198/1901] Fetching Bavla (BAVL)
2026-08-29 03:48:45,661 | INFO | [199/1901] Fetching Bayad (BAYA)
2026-08-29 03:48:46,836 | INFO |    ↳ Status 403
2026-08-29 03:48:46,836 | WARNING |    ⚠ Blocked (403) retry 1
2026-08-29 03:48:46,893 | INFO | 🌐 Session warmed
2026-08-29 03:48:46,929 | INFO |    ↳ Status 200
2026-08-29 03:48:46,929 | INFO |    ✓ Found 8 movies
2026-08-29 03:48:46,929 | INFO | [200/1901] Fetching Bayana (BANY)
2026-08-29 03:48:47,549 | INFO |    ↳ Status 403
2026-08-29 03:48:47,550 | WARNING |    ⚠ Blocked (403) retry 2
2026-08-29 03:48:47,606 | INFO | 🌐 Session warmed
2026-08-29 03:48:47,928 | INFO | [201/1901] Fetching Bazpur (BAZP)
2026-08-29 03:48:48,253 | INFO |    ↳ Status 200
2026-08-29 03:48:48,253 | INFO |    ✓ Found 4 movies
2026-08-29 03:48:48,253 | INFO | [202/1901] Fetching Beawar (BEAW)
2026-08-29 03:48:48,696 | INFO |    ↳ Status 403
2026-08-29 03:48:48,696 | WARNING |    ⚠ Blocked (403) retry 1
2026-08-29 03:48:48,756 | INFO | 🌐 Session warmed
2026-08-29 03:48:48,960 | INFO |    ↳ Status 403
2026-08-29 03:48:48,960 | WARNING |    ⚠ Blocked (403) retry 2
2026-08-29 03:48:49,019 | INFO | 🌐 Session warmed
2026-08-29 03:48:49,258 | INFO |    ↳ Status 200
2026-08-29 03:48:49,258 | INFO |    ✓ Found 4 movies
2026-08-29 03:48:49,258 | INFO | [203/1901] Fetching Beed (BEED)
2026-08-29 03:48:50,468 | INFO |    ↳ Status 200
2026-08-29 03:48:50,468 | INFO |    ✓ Found 5 movies
2026-08-29 03:48:50,468 | INFO | [204/1901] Fetching Beguniapada (BEGU)
2026-08-29 03:48:50,935 | INFO |    ↳ Status 403
2026-08-29 03:48:50,935 | WARNING |    ⚠ Blocked (403) retry 3
2026-08-29 03:48:50,957 | INFO |    ↳ Status 403
2026-08-29 03:48:50,957 | WARNING |    ⚠ Blocked (403) retry 2
2026-08-29 03:48:51,003 | INFO | 🌐 Session warmed
2026-08-29 03:48:51,024 | INFO | 🌐 Session warmed
2026-08-29 03:48:51,633 | INFO |    ↳ Status 200
2026-08-29 03:48:51,633 | INFO |    ✓ Found 8 movies
2026-08-29 03:48:51,633 | INFO | [205/1901] Fetching Begusarai (BEGS)
2026-08-29 03:48:52,296 | INFO |    ↳ Status 403
2026-08-29 03:48:52,296 | WARNING |    ⚠ Blocked (403) retry 3
2026-08-29 03:48:52,373 | INFO | 🌐 Session warmed
2026-08-29 03:48:53,187 | INFO |    ↳ Status 200
2026-08-29 03:48:53,187 | INFO |    ✓ Found 8 movies
2026-08-29 03:48:53,187 | INFO | [206/1901] Fetching Behror (BEHR)
2026-08-29 03:48:53,769 | INFO |    ↳ Status 403
2026-08-29 03:48:53,769 | WARNING |    ⚠ Blocked (403) retry 3
2026-08-29 03:48:53,833 | INFO | 🌐 Session warmed
2026-08-29 03:48:54,753 | INFO |    ↳ Status 200
2026-08-29 03:48:54,753 | INFO |    ✓ Found 8 movies
2026-08-29 03:48:54,753 | INFO | [207/1901] Fetching Belagavi (Belgaum) (BELG)
2026-08-29 03:48:55,003 | INFO | [208/1901] Fetching Belakavadi (BLVD)
2026-08-29 03:48:55,997 | INFO |    ↳ Status 403
2026-08-29 03:48:55,997 | WARNING |    ⚠ Blocked (403) retry 1
2026-08-29 03:48:56,055 | INFO | 🌐 Session warmed
2026-08-29 03:48:56,374 | INFO | [209/1901] Fetching Belghoria (BELB)
2026-08-29 03:48:56,375 | INFO |    ↳ Status 200
2026-08-29 03:48:56,375 | INFO |    ✓ Found 3 movies
2026-08-29 03:48:56,375 | INFO | [210/1901] Fetching Bellampalli (BELL)
2026-08-29 03:48:57,208 | INFO |    ↳ Status 403
2026-08-29 03:48:57,208 | WARNING |    ⚠ Blocked (403) retry 1
2026-08-29 03:48:57,263 | INFO | 🌐 Session warmed
2026-08-29 03:48:57,834 | INFO | [211/1901] Fetching Bellary (BLRY)
2026-08-29 03:48:58,152 | INFO |    ↳ Status 403
2026-08-29 03:48:58,152 | WARNING |    ⚠ Blocked (403) retry 2
2026-08-29 03:48:58,227 | INFO | 🌐 Session warmed
2026-08-29 03:48:58,317 | INFO |    ↳ Status 200
2026-08-29 03:48:58,318 | INFO |    ✓ Found 7 movies
2026-08-29 03:48:58,318 | INFO | [212/1901] Fetching Belur (BELU)
2026-08-29 03:48:58,779 | INFO |    ↳ Status 403
2026-08-29 03:48:58,779 | WARNING |    ⚠ Blocked (403) retry 1
2026-08-29 03:48:58,855 | INFO | 🌐 Session warmed
2026-08-29 03:48:59,100 | INFO |    ↳ Status 403
2026-08-29 03:48:59,100 | WARNING |    ⚠ Blocked (403) retry 2
2026-08-29 03:48:59,160 | INFO | 🌐 Session warmed
2026-08-29 03:48:59,715 | INFO |    ↳ Status 200
2026-08-29 03:48:59,715 | INFO |    ✓ Found 3 movies
2026-08-29 03:48:59,715 | INFO | [213/1901] Fetching Bemetara (BMTA)
2026-08-29 03:49:00,604 | INFO |    ↳ Status 403
2026-08-29 03:49:00,604 | WARNING |    ⚠ Blocked (403) retry 2
2026-08-29 03:49:00,677 | INFO | 🌐 Session warmed
2026-08-29 03:49:01,166 | INFO |    ↳ Status 200
2026-08-29 03:49:01,166 | INFO |    ✓ Found 8 movies
2026-08-29 03:49:01,166 | INFO | [214/1901] Fetching Berachampa (BRAC)
2026-08-29 03:49:01,580 | INFO |    ↳ Status 403
2026-08-29 03:49:01,580 | WARNING |    ⚠ Blocked (403) retry 3
2026-08-29 03:49:01,639 | INFO | 🌐 Session warmed
2026-08-29 03:49:02,415 | INFO |    ↳ Status 403
2026-08-29 03:49:02,415 | WARNING |    ⚠ Blocked (403) retry 3
2026-08-29 03:49:02,473 | INFO | 🌐 Session warmed
2026-08-29 03:49:02,813 | INFO |    ↳ Status 200
2026-08-29 03:49:02,814 | INFO |    ✓ Found 8 movies
2026-08-29 03:49:02,814 | INFO | [215/1901] Fetching Berhampore (W.B.) (BEHA)
2026-08-29 03:49:03,931 | INFO |    ↳ Status 403
2026-08-29 03:49:03,931 | WARNING |    ⚠ Blocked (403) retry 3
2026-08-29 03:49:03,988 | INFO | 🌐 Session warmed
2026-08-29 03:49:04,090 | INFO |    ↳ Status 200
2026-08-29 03:49:04,091 | INFO |    ✓ Found 8 movies
2026-08-29 03:49:04,091 | INFO | [216/1901] Fetching Berhampur (Odisha) (BERP)
2026-08-29 03:49:05,639 | INFO | [217/1901] Fetching Bestavaripeta (BEST)
2026-08-29 03:49:05,832 | INFO |    ↳ Status 200
2026-08-29 03:49:05,832 | INFO |    ✓ Found 8 movies
2026-08-29 03:49:05,832 | INFO | [218/1901] Fetching Betalbatim (BTBM)
2026-08-29 03:49:06,262 | INFO |    ↳ Status 403
2026-08-29 03:49:06,262 | WARNING |    ⚠ Blocked (403) retry 1
2026-08-29 03:49:06,333 | INFO | 🌐 Session warmed
2026-08-29 03:49:06,473 | INFO | [219/1901] Fetching Betberia (BETB)
2026-08-29 03:49:07,203 | INFO |    ↳ Status 403
2026-08-29 03:49:07,204 | WARNING |    ⚠ Blocked (403) retry 1
2026-08-29 03:49:07,263 | INFO | 🌐 Session warmed
2026-08-29 03:49:07,347 | INFO |    ↳ Status 200
2026-08-29 03:49:07,347 | INFO |    ✓ Found 7 movies
2026-08-29 03:49:07,347 | INFO | [220/1901] Fetching Bethamcherla (BETH)
2026-08-29 03:49:07,988 | INFO | [221/1901] Fetching Bettiah (BETA)
2026-08-29 03:49:08,393 | INFO |    ↳ Status 200
2026-08-29 03:49:08,393 | INFO |    ✓ Found 7 movies
2026-08-29 03:49:08,393 | INFO | [222/1901] Fetching Betul (BETU)
2026-08-29 03:49:08,462 | INFO |    ↳ Status 403
2026-08-29 03:49:08,462 | WARNING |    ⚠ Blocked (403) retry 2
2026-08-29 03:49:08,524 | INFO | 🌐 Session warmed
2026-08-29 03:49:08,807 | INFO |    ↳ Status 403
2026-08-29 03:49:08,807 | WARNING |    ⚠ Blocked (403) retry 1
2026-08-29 03:49:08,866 | INFO | 🌐 Session warmed
2026-08-29 03:49:08,932 | INFO |    ↳ Status 403
2026-08-29 03:49:08,932 | WARNING |    ⚠ Blocked (403) retry 2
2026-08-29 03:49:08,994 | INFO | 🌐 Session warmed
2026-08-29 03:49:10,528 | INFO |    ↳ Status 200
2026-08-29 03:49:10,528 | INFO |    ✓ Found 7 movies
2026-08-29 03:49:10,528 | INFO | [223/1901] Fetching Bhadrachalam (BHDR)
2026-08-29 03:49:10,917 | INFO |    ↳ Status 403
2026-08-29 03:49:10,917 | WARNING |    ⚠ Blocked (403) retry 2
2026-08-29 03:49:10,980 | INFO | 🌐 Session warmed
2026-08-29 03:49:11,505 | INFO |    ↳ Status 200
2026-08-29 03:49:11,506 | INFO |    ✓ Found 7 movies
2026-08-29 03:49:11,506 | INFO | [224/1901] Fetching Bhadrak (BHAD)
2026-08-29 03:49:11,564 | INFO |    ↳ Status 403
2026-08-29 03:49:11,564 | WARNING |    ⚠ Blocked (403) retry 3
2026-08-29 03:49:11,623 | INFO | 🌐 Session warmed
2026-08-29 03:49:12,382 | INFO |    ↳ Status 403
2026-08-29 03:49:12,382 | WARNING |    ⚠ Blocked (403) retry 3
2026-08-29 03:49:12,445 | INFO | 🌐 Session warmed
2026-08-29 03:49:12,833 | INFO |    ↳ Status 200
2026-08-29 03:49:12,834 | INFO |    ✓ Found 8 movies
2026-08-29 03:49:12,834 | INFO | [225/1901] Fetching Bhadravati (BDVT)
2026-08-29 03:49:13,717 | INFO |    ↳ Status 403
2026-08-29 03:49:13,717 | WARNING |    ⚠ Blocked (403) retry 3
2026-08-29 03:49:13,774 | INFO | 🌐 Session warmed
2026-08-29 03:49:14,161 | INFO |    ↳ Status 200
2026-08-29 03:49:14,162 | INFO |    ✓ Found 3 movies
2026-08-29 03:49:14,162 | INFO | [226/1901] Fetching Bhagalpur (BHAG)
2026-08-29 03:49:15,623 | INFO | [227/1901] Fetching Bhainsa (BHAN)
2026-08-29 03:49:16,066 | INFO |    ↳ Status 200
2026-08-29 03:49:16,066 | INFO |    ✓ Found 8 movies
2026-08-29 03:49:16,067 | INFO | [228/1901] Fetching Bhandara (BHAA)
2026-08-29 03:49:16,446 | INFO | [229/1901] Fetching Bharamasagara (BASA)
2026-08-29 03:49:16,813 | INFO |    ↳ Status 403
2026-08-29 03:49:16,813 | WARNING |    ⚠ Blocked (403) retry 1
2026-08-29 03:49:16,881 | INFO | 🌐 Session warmed
2026-08-29 03:49:17,244 | INFO |    ↳ Status 200
2026-08-29 03:49:17,244 | INFO |    ✓ Found 5 movies
2026-08-29 03:49:17,244 | INFO | [230/1901] Fetching Bharatpur (BHRT)
2026-08-29 03:49:17,533 | INFO |    ↳ Status 403
2026-08-29 03:49:17,533 | WARNING |    ⚠ Blocked (403) retry 1
2026-08-29 03:49:17,592 | INFO | 🌐 Session warmed
2026-08-29 03:49:17,775 | INFO | [231/1901] Fetching Bharuch (BHAR)
2026-08-29 03:49:18,359 | INFO |    ↳ Status 200
2026-08-29 03:49:18,359 | INFO |    ✓ Found 4 movies
2026-08-29 03:49:18,359 | INFO | [232/1901] Fetching Bhatapara (BTAP)
2026-08-29 03:49:18,955 | INFO |    ↳ Status 403
2026-08-29 03:49:18,956 | WARNING |    ⚠ Blocked (403) retry 1
2026-08-29 03:49:19,014 | INFO | 🌐 Session warmed
2026-08-29 03:49:19,181 | INFO |    ↳ Status 403
2026-08-29 03:49:19,182 | WARNING |    ⚠ Blocked (403) retry 2
2026-08-29 03:49:19,237 | INFO | 🌐 Session warmed
2026-08-29 03:49:19,555 | INFO |    ↳ Status 200
2026-08-29 03:49:19,555 | INFO |    ✓ Found 8 movies
2026-08-29 03:49:19,555 | INFO | [233/1901] Fetching Bhatgaon (BHAZ)
2026-08-29 03:49:19,987 | INFO |    ↳ Status 403
2026-08-29 03:49:19,987 | WARNING |    ⚠ Blocked (403) retry 2
2026-08-29 03:49:20,047 | INFO | 🌐 Session warmed
2026-08-29 03:49:20,567 | INFO |    ↳ Status 200
2026-08-29 03:49:20,567 | INFO |    ✓ Found 8 movies
2026-08-29 03:49:20,567 | INFO | [234/1901] Fetching Bhatkal (BAKL)
2026-08-29 03:49:20,743 | INFO |    ↳ Status 403
2026-08-29 03:49:20,743 | WARNING |    ⚠ Blocked (403) retry 2
2026-08-29 03:49:20,801 | INFO | 🌐 Session warmed
2026-08-29 03:49:21,567 | INFO |    ↳ Status 200
2026-08-29 03:49:21,567 | INFO |    ✓ Found 3 movies
2026-08-29 03:49:21,567 | INFO | [235/1901] Fetching Bhattiprolu (BATT)
2026-08-29 03:49:22,533 | INFO |    ↳ Status 403
2026-08-29 03:49:22,533 | WARNING |    ⚠ Blocked (403) retry 3
2026-08-29 03:49:22,590 | INFO | 🌐 Session warmed
2026-08-29 03:49:23,023 | INFO |    ↳ Status 403
2026-08-29 03:49:23,024 | WARNING |    ⚠ Blocked (403) retry 3
2026-08-29 03:49:23,094 | INFO | 🌐 Session warmed
2026-08-29 03:49:23,200 | INFO |    ↳ Status 200
2026-08-29 03:49:23,200 | INFO |    ✓ Found 7 movies
2026-08-29 03:49:23,200 | INFO | [236/1901] Fetching Bhavani (BHNI)
2026-08-29 03:49:23,844 | INFO |    ↳ Status 403
2026-08-29 03:49:23,844 | WARNING |    ⚠ Blocked (403) retry 3
2026-08-29 03:49:23,903 | INFO | 🌐 Session warmed
2026-08-29 03:49:24,730 | INFO |    ↳ Status 200
2026-08-29 03:49:24,730 | INFO |    ✓ Found 7 movies
2026-08-29 03:49:24,730 | INFO | [237/1901] Fetching Bhavnagar (BHNG)
2026-08-29 03:49:26,452 | INFO |    ↳ Status 200
2026-08-29 03:49:26,452 | INFO |    ✓ Found 8 movies
2026-08-29 03:49:26,452 | INFO | [238/1901] Fetching Bhawanipatna (BHAW)
2026-08-29 03:49:26,590 | INFO | [239/1901] Fetching Bheemgal (BHMG)
2026-08-29 03:49:27,095 | INFO | [240/1901] Fetching Bhilai (BHILAI)
2026-08-29 03:49:27,848 | INFO |    ↳ Status 403
2026-08-29 03:49:27,848 | WARNING |    ⚠ Blocked (403) retry 1
2026-08-29 03:49:27,884 | INFO |    ↳ Status 200
2026-08-29 03:49:27,884 | INFO |    ✓ Found 8 movies
2026-08-29 03:49:27,884 | INFO | [241/1901] Fetching Bhilwara (BHIL)
2026-08-29 03:49:27,904 | INFO | [242/1901] Fetching Bhimadole (BMDE)
2026-08-29 03:49:27,913 | INFO | 🌐 Session warmed
2026-08-29 03:49:28,158 | INFO |    ↳ Status 403
2026-08-29 03:49:28,158 | WARNING |    ⚠ Blocked (403) retry 1
2026-08-29 03:49:28,225 | INFO | 🌐 Session warmed
2026-08-29 03:49:28,800 | INFO |    ↳ Status 403
2026-08-29 03:49:28,800 | WARNING |    ⚠ Blocked (403) retry 1
2026-08-29 03:49:28,864 | INFO | 🌐 Session warmed
2026-08-29 03:49:29,528 | INFO |    ↳ Status 200
2026-08-29 03:49:29,528 | INFO |    ✓ Found 4 movies
2026-08-29 03:49:29,528 | INFO | [243/1901] Fetching Bhimavaram (BHIM)
2026-08-29 03:49:29,844 | INFO |    ↳ Status 403
2026-08-29 03:49:29,844 | WARNING |    ⚠ Blocked (403) retry 2
2026-08-29 03:49:29,899 | INFO | 🌐 Session warmed
2026-08-29 03:49:30,223 | INFO |    ↳ Status 403
2026-08-29 03:49:30,223 | WARNING |    ⚠ Blocked (403) retry 2
2026-08-29 03:49:30,280 | INFO | 🌐 Session warmed
2026-08-29 03:49:30,590 | INFO |    ↳ Status 200
2026-08-29 03:49:30,590 | INFO |    ✓ Found 7 movies
2026-08-29 03:49:30,590 | INFO | [244/1901] Fetching Bhind (BIND)
2026-08-29 03:49:31,225 | INFO |    ↳ Status 403
2026-08-29 03:49:31,225 | WARNING |    ⚠ Blocked (403) retry 2
2026-08-29 03:49:31,283 | INFO | 🌐 Session warmed
2026-08-29 03:49:32,159 | INFO |    ↳ Status 200
2026-08-29 03:49:32,160 | INFO |    ✓ Found 8 movies
2026-08-29 03:49:32,160 | INFO | [245/1901] Fetching Bhiwadi (BHWD)
2026-08-29 03:49:32,617 | INFO |    ↳ Status 403
2026-08-29 03:49:32,617 | WARNING |    ⚠ Blocked (403) retry 3
2026-08-29 03:49:32,674 | INFO | 🌐 Session warmed
2026-08-29 03:49:32,984 | INFO |    ↳ Status 403
2026-08-29 03:49:32,985 | WARNING |    ⚠ Blocked (403) retry 3
2026-08-29 03:49:33,041 | INFO | 🌐 Session warmed
2026-08-29 03:49:33,542 | INFO |    ↳ Status 200
2026-08-29 03:49:33,542 | INFO |    ✓ Found 4 movies
2026-08-29 03:49:33,542 | INFO | [246/1901] Fetching Bhiwani (BHWN)
2026-08-29 03:49:34,058 | INFO |    ↳ Status 403
2026-08-29 03:49:34,058 | WARNING |    ⚠ Blocked (403) retry 3
2026-08-29 03:49:34,115 | INFO | 🌐 Session warmed
2026-08-29 03:49:35,150 | INFO |    ↳ Status 200
2026-08-29 03:49:35,150 | INFO |    ✓ Found 7 movies
2026-08-29 03:49:35,150 | INFO | [247/1901] Fetching Bhogapuram (BHOG)
2026-08-29 03:49:36,674 | INFO | [248/1901] Fetching Bhongir (BHON)
2026-08-29 03:49:36,966 | INFO |    ↳ Status 200
2026-08-29 03:49:36,966 | INFO |    ✓ Found 8 movies
2026-08-29 03:49:36,966 | INFO | [249/1901] Fetching Bhopal (BHOP)
2026-08-29 03:49:37,041 | INFO | [250/1901] Fetching Bhubaneswar (BHUB)
2026-08-29 03:49:37,744 | INFO |    ↳ Status 403
2026-08-29 03:49:37,744 | WARNING |    ⚠ Blocked (403) retry 1
2026-08-29 03:49:37,800 | INFO | 🌐 Session warmed
2026-08-29 03:49:37,837 | INFO |    ↳ Status 403
2026-08-29 03:49:37,837 | WARNING |    ⚠ Blocked (403) retry 1
2026-08-29 03:49:37,910 | INFO | 🌐 Session warmed
2026-08-29 03:49:38,116 | INFO | [251/1901] Fetching Bhuj (BHUJ)
2026-08-29 03:49:38,444 | INFO |    ↳ Status 200
2026-08-29 03:49:38,444 | INFO |    ✓ Found 7 movies
2026-08-29 03:49:38,444 | INFO | [252/1901] Fetching Bhuntar (BHUN)
2026-08-29 03:49:38,753 | INFO |    ↳ Status 403
2026-08-29 03:49:38,753 | WARNING |    ⚠ Blocked (403) retry 1
2026-08-29 03:49:38,811 | INFO | 🌐 Session warmed
2026-08-29 03:49:39,744 | INFO |    ↳ Status 403
2026-08-29 03:49:39,744 | WARNING |    ⚠ Blocked (403) retry 2
2026-08-29 03:49:39,787 | INFO |    ↳ Status 200
2026-08-29 03:49:39,787 | INFO |    ✓ Found 6 movies
2026-08-29 03:49:39,788 | INFO | [253/1901] Fetching Bhupalpalle (BHUP)
2026-08-29 03:49:39,809 | INFO | 🌐 Session warmed
2026-08-29 03:49:40,272 | INFO |    ↳ Status 403
2026-08-29 03:49:40,272 | WARNING |    ⚠ Blocked (403) retry 2
2026-08-29 03:49:40,330 | INFO | 🌐 Session warmed
2026-08-29 03:49:40,658 | INFO |    ↳ Status 403
2026-08-29 03:49:40,658 | WARNING |    ⚠ Blocked (403) retry 2
2026-08-29 03:49:40,716 | INFO | 🌐 Session warmed
2026-08-29 03:49:41,355 | INFO |    ↳ Status 200
2026-08-29 03:49:41,355 | INFO |    ✓ Found 7 movies
2026-08-29 03:49:41,356 | INFO | [254/1901] Fetching Bhusawal (BHUS)
2026-08-29 03:49:42,390 | INFO |    ↳ Status 200
2026-08-29 03:49:42,391 | INFO |    ✓ Found 5 movies
2026-08-29 03:49:42,391 | INFO | [255/1901] Fetching Bhutan (BHUT)
2026-08-29 03:49:42,423 | INFO |    ↳ Status 403
2026-08-29 03:49:42,423 | WARNING |    ⚠ Blocked (403) retry 3
2026-08-29 03:49:42,482 | INFO | 🌐 Session warmed
2026-08-29 03:49:43,556 | INFO |    ↳ Status 403
2026-08-29 03:49:43,556 | WARNING |    ⚠ Blocked (403) retry 3
2026-08-29 03:49:43,618 | INFO | 🌐 Session warmed
2026-08-29 03:49:43,657 | INFO |    ↳ Status 403
2026-08-29 03:49:43,657 | WARNING |    ⚠ Blocked (403) retry 3
2026-08-29 03:49:43,714 | INFO | 🌐 Session warmed
2026-08-29 03:49:44,053 | INFO |    ↳ Status 200
2026-08-29 03:49:44,053 | INFO |    ✓ Found 1 movies
2026-08-29 03:49:44,053 | INFO | [256/1901] Fetching Bhuvanagiri (BHUV)
2026-08-29 03:49:45,378 | INFO |    ↳ Status 200
2026-08-29 03:49:45,378 | INFO |    ✓ Found 7 movies
2026-08-29 03:49:45,378 | INFO | [257/1901] Fetching Biaora (BIAR)
2026-08-29 03:49:46,345 | INFO |    ↳ Status 200
2026-08-29 03:49:46,345 | INFO |    ✓ Found 7 movies
2026-08-29 03:49:46,345 | INFO | [258/1901] Fetching Bibinagar (BBNG)
2026-08-29 03:49:46,482 | INFO | [259/1901] Fetching Bichkunda (BHCK)
2026-08-29 03:49:47,099 | INFO |    ↳ Status 403
2026-08-29 03:49:47,099 | WARNING |    ⚠ Blocked (403) retry 1
2026-08-29 03:49:47,162 | INFO | 🌐 Session warmed
2026-08-29 03:49:47,618 | INFO | [260/1901] Fetching Bidadi (BIDI)
2026-08-29 03:49:47,714 | INFO | [261/1901] Fetching Bidar (BIDR)
2026-08-29 03:49:47,967 | INFO |    ↳ Status 200
2026-08-29 03:49:47,967 | INFO |    ✓ Found 7 movies
2026-08-29 03:49:47,967 | INFO | [262/1901] Fetching Bihar Sharif (BIHS)
2026-08-29 03:49:48,531 | INFO |    ↳ Status 403
2026-08-29 03:49:48,531 | WARNING |    ⚠ Blocked (403) retry 1
2026-08-29 03:49:48,586 | INFO |    ↳ Status 403
2026-08-29 03:49:48,586 | WARNING |    ⚠ Blocked (403) retry 1
2026-08-29 03:49:48,591 | INFO | 🌐 Session warmed
2026-08-29 03:49:48,646 | INFO | 🌐 Session warmed
2026-08-29 03:49:48,781 | INFO |    ↳ Status 403
2026-08-29 03:49:48,781 | WARNING |    ⚠ Blocked (403) retry 2
2026-08-29 03:49:48,837 | INFO | 🌐 Session warmed
2026-08-29 03:49:49,564 | INFO |    ↳ Status 200
2026-08-29 03:49:49,564 | INFO |    ✓ Found 7 movies
2026-08-29 03:49:49,564 | INFO | [263/1901] Fetching Bihpuria (BIHP)
2026-08-29 03:49:50,682 | INFO |    ↳ Status 200
2026-08-29 03:49:50,682 | INFO |    ✓ Found 8 movies
2026-08-29 03:49:50,682 | INFO | [264/1901] Fetching Bijainagar (BINW)
2026-08-29 03:49:50,736 | INFO |    ↳ Status 403
2026-08-29 03:49:50,737 | WARNING |    ⚠ Blocked (403) retry 2
2026-08-29 03:49:50,794 | INFO | 🌐 Session warmed
2026-08-29 03:49:50,799 | INFO |    ↳ Status 403
2026-08-29 03:49:50,799 | WARNING |    ⚠ Blocked (403) retry 2
2026-08-29 03:49:50,856 | INFO | 🌐 Session warmed
2026-08-29 03:49:52,101 | INFO |    ↳ Status 200
2026-08-29 03:49:52,101 | INFO |    ✓ Found 8 movies
2026-08-29 03:49:52,101 | INFO | [265/1901] Fetching Bijnor (BIJ)
2026-08-29 03:49:52,124 | INFO |    ↳ Status 403
2026-08-29 03:49:52,124 | WARNING |    ⚠ Blocked (403) retry 3
2026-08-29 03:49:52,185 | INFO | 🌐 Session warmed
2026-08-29 03:49:53,083 | INFO |    ↳ Status 200
2026-08-29 03:49:53,083 | INFO |    ✓ Found 6 movies
2026-08-29 03:49:53,083 | INFO | [266/1901] Fetching Bijoynagar (BIJO)
2026-08-29 03:49:53,791 | INFO |    ↳ Status 403
2026-08-29 03:49:53,791 | WARNING |    ⚠ Blocked (403) retry 3
2026-08-29 03:49:53,849 | INFO | 🌐 Session warmed
2026-08-29 03:49:53,905 | INFO |    ↳ Status 403
2026-08-29 03:49:53,905 | WARNING |    ⚠ Blocked (403) retry 3
2026-08-29 03:49:53,967 | INFO | 🌐 Session warmed
2026-08-29 03:49:54,326 | INFO |    ↳ Status 200
2026-08-29 03:49:54,326 | INFO |    ✓ Found 8 movies
2026-08-29 03:49:54,326 | INFO | [267/1901] Fetching Bikaner (BIK)
2026-08-29 03:49:55,360 | INFO |    ↳ Status 200
2026-08-29 03:49:55,361 | INFO |    ✓ Found 4 movies
2026-08-29 03:49:55,361 | INFO | [268/1901] Fetching Bikramganj (BANJ)
2026-08-29 03:49:56,186 | INFO | [269/1901] Fetching Bilara (BILR)
2026-08-29 03:49:57,041 | INFO |    ↳ Status 403
2026-08-29 03:49:57,041 | WARNING |    ⚠ Blocked (403) retry 1
2026-08-29 03:49:57,104 | INFO | 🌐 Session warmed
2026-08-29 03:49:57,711 | INFO |    ↳ Status 200
2026-08-29 03:49:57,711 | INFO |    ✓ Found 7 movies
2026-08-29 03:49:57,711 | INFO | [270/1901] Fetching Bilaspur (BILA)
2026-08-29 03:49:57,850 | INFO | [271/1901] Fetching Bilaspur (Himachal Pradesh) (BIPS)
2026-08-29 03:49:57,968 | INFO | [272/1901] Fetching Bilgi (BILG)
2026-08-29 03:49:58,971 | INFO |    ↳ Status 403
2026-08-29 03:49:58,971 | WARNING |    ⚠ Blocked (403) retry 1
2026-08-29 03:49:58,997 | INFO |    ↳ Status 403
2026-08-29 03:49:58,997 | WARNING |    ⚠ Blocked (403) retry 2
2026-08-29 03:49:59,002 | INFO |    ↳ Status 200
2026-08-29 03:49:59,002 | INFO |    ✓ Found 8 movies
2026-08-29 03:49:59,002 | INFO | [273/1901] Fetching Bilimora (BILI)
2026-08-29 03:49:59,041 | INFO | 🌐 Session warmed
2026-08-29 03:49:59,072 | INFO | 🌐 Session warmed
2026-08-29 03:49:59,104 | INFO |    ↳ Status 403
2026-08-29 03:49:59,104 | WARNING |    ⚠ Blocked (403) retry 1
2026-08-29 03:49:59,162 | INFO | 🌐 Session warmed
2026-08-29 03:49:59,969 | INFO |    ↳ Status 200
2026-08-29 03:49:59,969 | INFO |    ✓ Found 8 movies
2026-08-29 03:49:59,969 | INFO | [274/1901] Fetching Billawar (BILL)
2026-08-29 03:50:00,732 | INFO |    ↳ Status 403
2026-08-29 03:50:00,732 | WARNING |    ⚠ Blocked (403) retry 2
2026-08-29 03:50:00,787 | INFO | 🌐 Session warmed
2026-08-29 03:50:00,914 | INFO |    ↳ Status 403
2026-08-29 03:50:00,915 | WARNING |    ⚠ Blocked (403) retry 2
2026-08-29 03:50:00,971 | INFO | 🌐 Session warmed
2026-08-29 03:50:01,656 | INFO |    ↳ Status 200
2026-08-29 03:50:01,657 | INFO |    ✓ Found 8 movies
2026-08-29 03:50:01,657 | INFO | [275/1901] Fetching Biraul (BIRL)
2026-08-29 03:50:02,037 | INFO |    ↳ Status 403
2026-08-29 03:50:02,037 | WARNING |    ⚠ Blocked (403) retry 3
2026-08-29 03:50:02,093 | INFO | 🌐 Session warmed
2026-08-29 03:50:03,073 | INFO |    ↳ Status 200
2026-08-29 03:50:03,073 | INFO |    ✓ Found 7 movies
2026-08-29 03:50:03,073 | INFO | [276/1901] Fetching Birra (BIRR)
2026-08-29 03:50:03,439 | INFO |    ↳ Status 403
2026-08-29 03:50:03,439 | WARNING |    ⚠ Blocked (403) retry 3
2026-08-29 03:50:03,496 | INFO | 🌐 Session warmed
2026-08-29 03:50:04,181 | INFO |    ↳ Status 200
2026-08-29 03:50:04,181 | INFO |    ✓ Found 8 movies
2026-08-29 03:50:04,182 | INFO | [277/1901] Fetching Bishnupur (VVDF)
2026-08-29 03:50:04,263 | INFO |    ↳ Status 403
2026-08-29 03:50:04,263 | WARNING |    ⚠ Blocked (403) retry 3
2026-08-29 03:50:04,322 | INFO | 🌐 Session warmed
2026-08-29 03:50:05,559 | INFO |    ↳ Status 200
2026-08-29 03:50:05,560 | INFO |    ✓ Found 8 movies
2026-08-29 03:50:05,560 | INFO | [278/1901] Fetching Bishrampur (BSRM)
2026-08-29 03:50:06,094 | INFO | [279/1901] Fetching Biswanath Chariali (BICH)
2026-08-29 03:50:06,692 | INFO |    ↳ Status 200
2026-08-29 03:50:06,692 | INFO |    ✓ Found 8 movies
2026-08-29 03:50:06,692 | INFO | [280/1901] Fetching Bobbili (BOBB)
2026-08-29 03:50:06,932 | INFO |    ↳ Status 403
2026-08-29 03:50:06,932 | WARNING |    ⚠ Blocked (403) retry 1
2026-08-29 03:50:06,991 | INFO | 🌐 Session warmed
2026-08-29 03:50:07,496 | INFO | [281/1901] Fetching Bodhan (BODH)
2026-08-29 03:50:08,323 | INFO | [282/1901] Fetching Bodinayakanur (BODI)
2026-08-29 03:50:08,400 | INFO |    ↳ Status 200
2026-08-29 03:50:08,400 | INFO |    ✓ Found 7 movies
2026-08-29 03:50:08,400 | INFO | [283/1901] Fetching Boisar (BOIS)
2026-08-29 03:50:08,571 | INFO |    ↳ Status 403
2026-08-29 03:50:08,571 | WARNING |    ⚠ Blocked (403) retry 1
2026-08-29 03:50:08,639 | INFO | 🌐 Session warmed
2026-08-29 03:50:08,670 | INFO |    ↳ Status 403
2026-08-29 03:50:08,670 | WARNING |    ⚠ Blocked (403) retry 2
2026-08-29 03:50:08,739 | INFO | 🌐 Session warmed
2026-08-29 03:50:09,717 | INFO |    ↳ Status 403
2026-08-29 03:50:09,717 | WARNING |    ⚠ Blocked (403) retry 1
2026-08-29 03:50:09,773 | INFO | 🌐 Session warmed
2026-08-29 03:50:10,044 | INFO |    ↳ Status 200
2026-08-29 03:50:10,044 | INFO |    ✓ Found 5 movies
2026-08-29 03:50:10,045 | INFO | [284/1901] Fetching Bokaro (BOKA)
2026-08-29 03:50:10,895 | INFO |    ↳ Status 403
2026-08-29 03:50:10,895 | WARNING |    ⚠ Blocked (403) retry 2
2026-08-29 03:50:11,080 | INFO | 🌐 Session warmed
2026-08-29 03:50:11,388 | INFO |    ↳ Status 403
2026-08-29 03:50:11,389 | WARNING |    ⚠ Blocked (403) retry 3
2026-08-29 03:50:11,449 | INFO | 🌐 Session warmed
2026-08-29 03:50:11,515 | INFO |    ↳ Status 200
2026-08-29 03:50:11,515 | INFO |    ✓ Found 5 movies
2026-08-29 03:50:11,515 | INFO | [285/1901] Fetching Bolpur (BLPR)
2026-08-29 03:50:11,838 | INFO |    ↳ Status 403
2026-08-29 03:50:11,838 | WARNING |    ⚠ Blocked (403) retry 2
2026-08-29 03:50:11,902 | INFO | 🌐 Session warmed
2026-08-29 03:50:12,499 | INFO |    ↳ Status 200
2026-08-29 03:50:12,499 | INFO |    ✓ Found 8 movies
2026-08-29 03:50:12,499 | INFO | [286/1901] Fetching Bomdila (BMDA)
2026-08-29 03:50:13,809 | INFO |    ↳ Status 200
2026-08-29 03:50:13,809 | INFO |    ✓ Found 8 movies
2026-08-29 03:50:13,809 | INFO | [287/1901] Fetching Bommidi (BOMM)
2026-08-29 03:50:14,325 | INFO |    ↳ Status 403
2026-08-29 03:50:14,325 | WARNING |    ⚠ Blocked (403) retry 3
2026-08-29 03:50:14,392 | INFO | 🌐 Session warmed
2026-08-29 03:50:14,750 | INFO |    ↳ Status 200
2026-08-29 03:50:14,751 | INFO |    ✓ Found 7 movies
2026-08-29 03:50:14,751 | INFO | [288/1901] Fetching Bonakal (BNKL)
2026-08-29 03:50:15,234 | INFO |    ↳ Status 403
2026-08-29 03:50:15,234 | WARNING |    ⚠ Blocked (403) retry 3
2026-08-29 03:50:15,293 | INFO | 🌐 Session warmed
2026-08-29 03:50:15,449 | INFO | [289/1901] Fetching Bongaigaon (BONG)
2026-08-29 03:50:15,964 | INFO |    ↳ Status 200
2026-08-29 03:50:15,964 | INFO |    ✓ Found 7 movies
2026-08-29 03:50:15,964 | INFO | [290/1901] Fetching Bongaon (BONI)
2026-08-29 03:50:16,219 | INFO |    ↳ Status 403
2026-08-29 03:50:16,219 | WARNING |    ⚠ Blocked (403) retry 1
2026-08-29 03:50:16,291 | INFO | 🌐 Session warmed
2026-08-29 03:50:17,611 | INFO |    ↳ Status 200
2026-08-29 03:50:17,611 | INFO |    ✓ Found 8 movies
2026-08-29 03:50:17,611 | INFO | [291/1901] Fetching Borsad (BORM)
2026-08-29 03:50:18,393 | INFO | [292/1901] Fetching Botad (BOTA)
2026-08-29 03:50:18,522 | INFO |    ↳ Status 403
2026-08-29 03:50:18,523 | WARNING |    ⚠ Blocked (403) retry 2
2026-08-29 03:50:18,584 | INFO | 🌐 Session warmed
2026-08-29 03:50:19,003 | INFO |    ↳ Status 200
2026-08-29 03:50:19,003 | INFO |    ✓ Found 8 movies
2026-08-29 03:50:19,004 | INFO | [293/1901] Fetching Brahmapur (KHUB)
2026-08-29 03:50:19,276 | INFO |    ↳ Status 403
2026-08-29 03:50:19,276 | WARNING |    ⚠ Blocked (403) retry 1
2026-08-29 03:50:19,293 | INFO | [294/1901] Fetching Brahmapuri (BHMP)
2026-08-29 03:50:19,334 | INFO | 🌐 Session warmed
2026-08-29 03:50:19,972 | INFO |    ↳ Status 403
2026-08-29 03:50:19,972 | WARNING |    ⚠ Blocked (403) retry 1
2026-08-29 03:50:20,026 | INFO | 🌐 Session warmed
2026-08-29 03:50:20,840 | INFO |    ↳ Status 200
2026-08-29 03:50:20,840 | INFO |    ✓ Found 8 movies
2026-08-29 03:50:20,840 | INFO | [295/1901] Fetching Brajrajnagar (BJNG)
2026-08-29 03:50:21,409 | INFO |    ↳ Status 403
2026-08-29 03:50:21,409 | WARNING |    ⚠ Blocked (403) retry 2
2026-08-29 03:50:21,468 | INFO | 🌐 Session warmed
2026-08-29 03:50:21,641 | INFO |    ↳ Status 403
2026-08-29 03:50:21,641 | WARNING |    ⚠ Blocked (403) retry 2
2026-08-29 03:50:21,659 | INFO |    ↳ Status 403
2026-08-29 03:50:21,659 | WARNING |    ⚠ Blocked (403) retry 3
2026-08-29 03:50:21,721 | INFO | 🌐 Session warmed
2026-08-29 03:50:21,739 | INFO | 🌐 Session warmed
2026-08-29 03:50:22,328 | INFO |    ↳ Status 200
2026-08-29 03:50:22,328 | INFO |    ✓ Found 8 movies
2026-08-29 03:50:22,329 | INFO | [296/1901] Fetching Buchireddypalem (BCHR)
2026-08-29 03:50:23,909 | INFO |    ↳ Status 200
2026-08-29 03:50:23,909 | INFO |    ✓ Found 8 movies
2026-08-29 03:50:23,909 | INFO | [297/1901] Fetching Budhlada (BUDL)
2026-08-29 03:50:24,568 | INFO |    ↳ Status 403
2026-08-29 03:50:24,568 | WARNING |    ⚠ Blocked (403) retry 3
2026-08-29 03:50:24,627 | INFO | 🌐 Session warmed
2026-08-29 03:50:24,994 | INFO |    ↳ Status 403
2026-08-29 03:50:24,994 | WARNING |    ⚠ Blocked (403) retry 3
2026-08-29 03:50:25,053 | INFO | 🌐 Session warmed
2026-08-29 03:50:25,637 | INFO |    ↳ Status 200
2026-08-29 03:50:25,637 | INFO |    ✓ Found 8 movies
2026-08-29 03:50:25,637 | INFO | [298/1901] Fetching Buhari (BUHA)
2026-08-29 03:50:25,740 | INFO | [299/1901] Fetching Bulandshahr (BULA)
2026-08-29 03:50:26,653 | INFO |    ↳ Status 403
2026-08-29 03:50:26,653 | WARNING |    ⚠ Blocked (403) retry 1
2026-08-29 03:50:26,711 | INFO | 🌐 Session warmed
2026-08-29 03:50:27,369 | INFO |    ↳ Status 200
2026-08-29 03:50:27,369 | INFO |    ✓ Found 8 movies
2026-08-29 03:50:27,369 | INFO | [300/1901] Fetching Buldana (BULD)
2026-08-29 03:50:28,627 | INFO | [301/1901] Fetching Bundu (BUND)
2026-08-29 03:50:28,746 | INFO |    ↳ Status 200
2026-08-29 03:50:28,746 | INFO |    ✓ Found 5 movies
2026-08-29 03:50:28,747 | INFO | [302/1901] Fetching Burdwan (BURD)
2026-08-29 03:50:28,889 | INFO |    ↳ Status 403
2026-08-29 03:50:28,889 | WARNING |    ⚠ Blocked (403) retry 2
2026-08-29 03:50:28,948 | INFO | 🌐 Session warmed
2026-08-29 03:50:29,053 | INFO | [303/1901] Fetching Burhanpur (BRHP)
2026-08-29 03:50:29,990 | INFO |    ↳ Status 403
2026-08-29 03:50:29,990 | WARNING |    ⚠ Blocked (403) retry 1
2026-08-29 03:50:30,050 | INFO | 🌐 Session warmed
2026-08-29 03:50:30,332 | INFO |    ↳ Status 200
2026-08-29 03:50:30,333 | INFO |    ✓ Found 8 movies
2026-08-29 03:50:30,333 | INFO | [304/1901] Fetching Burhar (BRHR)
2026-08-29 03:50:30,340 | INFO |    ↳ Status 403
2026-08-29 03:50:30,340 | WARNING |    ⚠ Blocked (403) retry 1
2026-08-29 03:50:30,394 | INFO | 🌐 Session warmed
2026-08-29 03:50:31,373 | INFO |    ↳ Status 200
2026-08-29 03:50:31,373 | INFO |    ✓ Found 8 movies
2026-08-29 03:50:31,374 | INFO | [305/1901] Fetching Buttayagudem (BUTY)
2026-08-29 03:50:31,746 | INFO |    ↳ Status 403
2026-08-29 03:50:31,746 | WARNING |    ⚠ Blocked (403) retry 2
2026-08-29 03:50:31,808 | INFO | 🌐 Session warmed
2026-08-29 03:50:31,941 | INFO |    ↳ Status 403
2026-08-29 03:50:31,941 | WARNING |    ⚠ Blocked (403) retry 3
2026-08-29 03:50:32,003 | INFO | 🌐 Session warmed
2026-08-29 03:50:32,533 | INFO |    ↳ Status 200
2026-08-29 03:50:32,534 | INFO |    ✓ Found 8 movies
2026-08-29 03:50:32,534 | INFO | [306/1901] Fetching Byadagi (BYAD)
2026-08-29 03:50:32,604 | INFO |    ↳ Status 403
2026-08-29 03:50:32,604 | WARNING |    ⚠ Blocked (403) retry 2
2026-08-29 03:50:32,680 | INFO | 🌐 Session warmed
2026-08-29 03:50:34,312 | INFO |    ↳ Status 200
2026-08-29 03:50:34,312 | INFO |    ✓ Found 3 movies
2026-08-29 03:50:34,312 | INFO | [307/1901] Fetching Byadgi (BYDA)
2026-08-29 03:50:35,031 | INFO |    ↳ Status 403
2026-08-29 03:50:35,031 | WARNING |    ⚠ Blocked (403) retry 3
2026-08-29 03:50:35,092 | INFO | 🌐 Session warmed
2026-08-29 03:50:35,534 | INFO |    ↳ Status 200
2026-08-29 03:50:35,535 | INFO |    ✓ Found 3 movies
2026-08-29 03:50:35,535 | INFO | [308/1901] Fetching Byasanagar (BYAS)
2026-08-29 03:50:35,862 | INFO |    ↳ Status 403
2026-08-29 03:50:35,862 | WARNING |    ⚠ Blocked (403) retry 3
2026-08-29 03:50:35,924 | INFO | 🌐 Session warmed
2026-08-29 03:50:36,004 | INFO | [309/1901] Fetching Calicut (CALC)
2026-08-29 03:50:37,101 | INFO |    ↳ Status 200
2026-08-29 03:50:37,101 | INFO |    ✓ Found 8 movies
2026-08-29 03:50:37,101 | INFO | [310/1901] Fetching Canning (CANN)
2026-08-29 03:50:37,343 | INFO |    ↳ Status 403
2026-08-29 03:50:37,343 | WARNING |    ⚠ Blocked (403) retry 1
2026-08-29 03:50:37,403 | INFO | 🌐 Session warmed
2026-08-29 03:50:38,636 | INFO |    ↳ Status 200
2026-08-29 03:50:38,636 | INFO |    ✓ Found 8 movies
2026-08-29 03:50:38,636 | INFO | [311/1901] Fetching Chagallu (CHAG)
2026-08-29 03:50:39,092 | INFO | [312/1901] Fetching Chakan (CHAK)
2026-08-29 03:50:39,592 | INFO |    ↳ Status 200
2026-08-29 03:50:39,593 | INFO |    ✓ Found 7 movies
2026-08-29 03:50:39,593 | INFO | [313/1901] Fetching Chalakudy (CHAL)
2026-08-29 03:50:39,740 | INFO |    ↳ Status 403
2026-08-29 03:50:39,740 | WARNING |    ⚠ Blocked (403) retry 2
2026-08-29 03:50:39,800 | INFO | 🌐 Session warmed
2026-08-29 03:50:39,894 | INFO |    ↳ Status 403
2026-08-29 03:50:39,894 | WARNING |    ⚠ Blocked (403) retry 1
2026-08-29 03:50:39,924 | INFO | [314/1901] Fetching Chalisgaon (CHLS)
2026-08-29 03:50:39,968 | INFO | 🌐 Session warmed
2026-08-29 03:50:40,630 | INFO |    ↳ Status 200
2026-08-29 03:50:40,630 | INFO |    ✓ Found 8 movies
2026-08-29 03:50:40,630 | INFO | [315/1901] Fetching Challakere (CHLA)
2026-08-29 03:50:41,006 | INFO |    ↳ Status 403
2026-08-29 03:50:41,006 | WARNING |    ⚠ Blocked (403) retry 1
2026-08-29 03:50:41,065 | INFO | 🌐 Session warmed
2026-08-29 03:50:41,730 | INFO |    ↳ Status 200
2026-08-29 03:50:41,730 | INFO |    ✓ Found 3 movies
2026-08-29 03:50:41,730 | INFO | [316/1901] Fetching Challapalli (CHAP)
2026-08-29 03:50:42,361 | INFO |    ↳ Status 403
2026-08-29 03:50:42,361 | WARNING |    ⚠ Blocked (403) retry 2
2026-08-29 03:50:42,428 | INFO | 🌐 Session warmed
2026-08-29 03:50:42,860 | INFO |    ↳ Status 403
2026-08-29 03:50:42,860 | WARNING |    ⚠ Blocked (403) retry 3
2026-08-29 03:50:42,901 | INFO |    ↳ Status 403
2026-08-29 03:50:42,901 | WARNING |    ⚠ Blocked (403) retry 2
2026-08-29 03:50:42,917 | INFO | 🌐 Session warmed
2026-08-29 03:50:42,967 | INFO | 🌐 Session warmed
2026-08-29 03:50:43,420 | INFO |    ↳ Status 200
2026-08-29 03:50:43,421 | INFO |    ✓ Found 7 movies
2026-08-29 03:50:43,421 | INFO | [317/1901] Fetching Chamarajnagar (CHAJ)
2026-08-29 03:50:44,313 | INFO |    ↳ Status 200
2026-08-29 03:50:44,313 | INFO |    ✓ Found 3 movies
2026-08-29 03:50:44,314 | INFO | [318/1901] Fetching Chamba (CHMB)
2026-08-29 03:50:45,712 | INFO |    ↳ Status 403
2026-08-29 03:50:45,712 | WARNING |    ⚠ Blocked (403) retry 3
2026-08-29 03:50:45,763 | INFO |    ↳ Status 403
2026-08-29 03:50:45,763 | WARNING |    ⚠ Blocked (403) retry 3
2026-08-29 03:50:45,774 | INFO | 🌐 Session warmed
2026-08-29 03:50:45,822 | INFO | 🌐 Session warmed
2026-08-29 03:50:45,903 | INFO |    ↳ Status 200
2026-08-29 03:50:45,904 | INFO |    ✓ Found 6 movies
2026-08-29 03:50:45,904 | INFO | [319/1901] Fetching Chamoli (CHMK)
2026-08-29 03:50:46,917 | INFO | [320/1901] Fetching Champa (CHAM)
2026-08-29 03:50:47,362 | INFO |    ↳ Status 200
2026-08-29 03:50:47,362 | INFO |    ✓ Found 8 movies
2026-08-29 03:50:47,362 | INFO | [321/1901] Fetching Champahati (CHAI)
2026-08-29 03:50:48,105 | INFO |    ↳ Status 403
2026-08-29 03:50:48,105 | WARNING |    ⚠ Blocked (403) retry 1
2026-08-29 03:50:48,164 | INFO | 🌐 Session warmed
2026-08-29 03:50:48,646 | INFO |    ↳ Status 200
2026-08-29 03:50:48,646 | INFO |    ✓ Found 8 movies
2026-08-29 03:50:48,646 | INFO | [322/1901] Fetching Chanchal (CCWC)
2026-08-29 03:50:49,775 | INFO | [323/1901] Fetching Chandannagar (CHDD)
2026-08-29 03:50:49,822 | INFO | [324/1901] Fetching Chandausi (CHDN)
2026-08-29 03:50:49,836 | INFO |    ↳ Status 200
2026-08-29 03:50:49,836 | INFO |    ✓ Found 8 movies
2026-08-29 03:50:49,837 | INFO | [325/1901] Fetching Chandbali (CHAZ)
2026-08-29 03:50:49,947 | INFO |    ↳ Status 403
2026-08-29 03:50:49,947 | WARNING |    ⚠ Blocked (403) retry 2
2026-08-29 03:50:50,004 | INFO | 🌐 Session warmed
2026-08-29 03:50:50,608 | INFO |    ↳ Status 403
2026-08-29 03:50:50,608 | WARNING |    ⚠ Blocked (403) retry 1
2026-08-29 03:50:50,680 | INFO | 🌐 Session warmed
2026-08-29 03:50:50,680 | INFO |    ↳ Status 403
2026-08-29 03:50:50,680 | WARNING |    ⚠ Blocked (403) retry 1
2026-08-29 03:50:50,743 | INFO | 🌐 Session warmed
2026-08-29 03:50:50,854 | INFO |    ↳ Status 200
2026-08-29 03:50:50,854 | INFO |    ✓ Found 8 movies
2026-08-29 03:50:50,854 | INFO | [326/1901] Fetching Chandpur Siau (CHHA)
2026-08-29 03:50:52,341 | INFO |    ↳ Status 200
2026-08-29 03:50:52,341 | INFO |    ✓ Found 6 movies
2026-08-29 03:50:52,341 | INFO | [327/1901] Fetching Chandrakona (CKNA)
2026-08-29 03:50:52,516 | INFO |    ↳ Status 403
2026-08-29 03:50:52,516 | WARNING |    ⚠ Blocked (403) retry 2
2026-08-29 03:50:52,576 | INFO | 🌐 Session warmed
2026-08-29 03:50:52,744 | INFO |    ↳ Status 403
2026-08-29 03:50:52,744 | WARNING |    ⚠ Blocked (403) retry 2
2026-08-29 03:50:52,802 | INFO | 🌐 Session warmed
2026-08-29 03:50:53,382 | INFO |    ↳ Status 403
2026-08-29 03:50:53,382 | WARNING |    ⚠ Blocked (403) retry 3
2026-08-29 03:50:53,439 | INFO | 🌐 Session warmed
2026-08-29 03:50:53,642 | INFO |    ↳ Status 200
2026-08-29 03:50:53,642 | INFO |    ✓ Found 8 movies
2026-08-29 03:50:53,642 | INFO | [328/1901] Fetching Chandrapur (CHAN)
2026-08-29 03:50:54,879 | INFO |    ↳ Status 200
2026-08-29 03:50:54,879 | INFO |    ✓ Found 5 movies
2026-08-29 03:50:54,879 | INFO | [329/1901] Fetching Chandur (CAND)
2026-08-29 03:50:55,884 | INFO |    ↳ Status 403
2026-08-29 03:50:55,884 | WARNING |    ⚠ Blocked (403) retry 3
2026-08-29 03:50:55,951 | INFO | 🌐 Session warmed
2026-08-29 03:50:56,194 | INFO |    ↳ Status 200
2026-08-29 03:50:56,194 | INFO |    ✓ Found 7 movies
2026-08-29 03:50:56,194 | INFO | [330/1901] Fetching Changanassery (CNSY)
2026-08-29 03:50:56,205 | INFO |    ↳ Status 403
2026-08-29 03:50:56,205 | WARNING |    ⚠ Blocked (403) retry 3
2026-08-29 03:50:56,275 | INFO | 🌐 Session warmed
2026-08-29 03:50:57,107 | INFO |    ↳ Status 200
2026-08-29 03:50:57,107 | INFO |    ✓ Found 8 movies
2026-08-29 03:50:57,107 | INFO | [331/1901] Fetching Changaramkulam (CHAA)
2026-08-29 03:50:57,440 | INFO | [332/1901] Fetching Channagiri (CHGI)
2026-08-29 03:50:58,672 | INFO |    ↳ Status 200
2026-08-29 03:50:58,672 | INFO |    ✓ Found 8 movies
2026-08-29 03:50:58,672 | INFO | [333/1901] Fetching Channapatna (CPTN)
2026-08-29 03:50:58,749 | INFO |    ↳ Status 403
2026-08-29 03:50:58,750 | WARNING |    ⚠ Blocked (403) retry 1
2026-08-29 03:50:58,811 | INFO | 🌐 Session warmed
2026-08-29 03:50:59,809 | INFO |    ↳ Status 200
2026-08-29 03:50:59,809 | INFO |    ✓ Found 3 movies
2026-08-29 03:50:59,809 | INFO | [334/1901] Fetching Channarayapatna (CHNN)
2026-08-29 03:50:59,951 | INFO | [335/1901] Fetching Chanpatia (CHAT)
2026-08-29 03:51:00,275 | INFO | [336/1901] Fetching Chapra (CHPR)
2026-08-29 03:51:00,723 | INFO |    ↳ Status 403
2026-08-29 03:51:00,723 | WARNING |    ⚠ Blocked (403) retry 2
2026-08-29 03:51:00,770 | INFO |    ↳ Status 403
2026-08-29 03:51:00,770 | WARNING |    ⚠ Blocked (403) retry 1
2026-08-29 03:51:00,784 | INFO | 🌐 Session warmed
2026-08-29 03:51:00,832 | INFO | 🌐 Session warmed
2026-08-29 03:51:01,026 | INFO |    ↳ Status 200
2026-08-29 03:51:01,026 | INFO |    ✓ Found 3 movies
2026-08-29 03:51:01,026 | INFO | [337/1901] Fetching Charkhi Dadri (CCDD)
2026-08-29 03:51:01,438 | INFO |    ↳ Status 403
2026-08-29 03:51:01,438 | WARNING |    ⚠ Blocked (403) retry 1
2026-08-29 03:51:01,495 | INFO | 🌐 Session warmed
2026-08-29 03:51:02,416 | INFO |    ↳ Status 200
2026-08-29 03:51:02,416 | INFO |    ✓ Found 7 movies
2026-08-29 03:51:02,416 | INFO | [338/1901] Fetching Chaygaon (CHOG)
2026-08-29 03:51:02,619 | INFO |    ↳ Status 403
2026-08-29 03:51:02,619 | WARNING |    ⚠ Blocked (403) retry 2
2026-08-29 03:51:02,681 | INFO | 🌐 Session warmed
2026-08-29 03:51:03,169 | INFO |    ↳ Status 403
2026-08-29 03:51:03,169 | WARNING |    ⚠ Blocked (403) retry 2
2026-08-29 03:51:03,226 | INFO | 🌐 Session warmed
2026-08-29 03:51:04,046 | INFO |    ↳ Status 200
2026-08-29 03:51:04,047 | INFO |    ✓ Found 8 movies
2026-08-29 03:51:04,047 | INFO | [339/1901] Fetching Chebrolu (CHEB)
2026-08-29 03:51:04,175 | INFO |    ↳ Status 403
2026-08-29 03:51:04,175 | WARNING |    ⚠ Blocked (403) retry 3
2026-08-29 03:51:04,237 | INFO | 🌐 Session warmed
2026-08-29 03:51:05,085 | INFO |    ↳ Status 200
2026-08-29 03:51:05,086 | INFO |    ✓ Found 7 movies
2026-08-29 03:51:05,086 | INFO | [340/1901] Fetching Cheeka (CHEK)
2026-08-29 03:51:05,942 | INFO |    ↳ Status 403
2026-08-29 03:51:05,943 | WARNING |    ⚠ Blocked (403) retry 3
2026-08-29 03:51:06,009 | INFO | 🌐 Session warmed
2026-08-29 03:51:06,164 | INFO |    ↳ Status 403
2026-08-29 03:51:06,164 | WARNING |    ⚠ Blocked (403) retry 3
2026-08-29 03:51:06,182 | INFO |    ↳ Status 200
2026-08-29 03:51:06,183 | INFO |    ✓ Found 7 movies
2026-08-29 03:51:06,183 | INFO | [341/1901] Fetching Cheepurupalli (CHEE)
2026-08-29 03:51:06,222 | INFO | 🌐 Session warmed
2026-08-29 03:51:07,386 | INFO |    ↳ Status 200
2026-08-29 03:51:07,387 | INFO |    ✓ Found 7 movies
2026-08-29 03:51:07,387 | INFO | [342/1901] Fetching Chelpur (CHEL)
2026-08-29 03:51:08,237 | INFO | [343/1901] Fetching Chelur (CHEO)
2026-08-29 03:51:08,578 | INFO |    ↳ Status 200
2026-08-29 03:51:08,579 | INFO |    ✓ Found 7 movies
2026-08-29 03:51:08,579 | INFO | [344/1901] Fetching Chendrapinni (CNPI)
2026-08-29 03:51:09,433 | INFO |    ↳ Status 403
2026-08-29 03:51:09,433 | WARNING |    ⚠ Blocked (403) retry 1
2026-08-29 03:51:09,487 | INFO | 🌐 Session warmed
2026-08-29 03:51:10,010 | INFO | [345/1901] Fetching Chengalpattu (CHET)
2026-08-29 03:51:10,215 | INFO |    ↳ Status 200
2026-08-29 03:51:10,215 | INFO |    ✓ Found 3 movies
2026-08-29 03:51:10,215 | INFO | [346/1901] Fetching Chengannur (CHEG)
2026-08-29 03:51:10,223 | INFO | [347/1901] Fetching Chennur (CHNU)
2026-08-29 03:51:10,724 | INFO |    ↳ Status 403
2026-08-29 03:51:10,725 | WARNING |    ⚠ Blocked (403) retry 1
2026-08-29 03:51:10,781 | INFO | 🌐 Session warmed
2026-08-29 03:51:10,892 | INFO |    ↳ Status 403
2026-08-29 03:51:10,892 | WARNING |    ⚠ Blocked (403) retry 1
2026-08-29 03:51:10,945 | INFO | 🌐 Session warmed
2026-08-29 03:51:11,868 | INFO |    ↳ Status 403
2026-08-29 03:51:11,869 | WARNING |    ⚠ Blocked (403) retry 2
2026-08-29 03:51:11,877 | INFO |    ↳ Status 200
2026-08-29 03:51:11,877 | INFO |    ✓ Found 8 movies
2026-08-29 03:51:11,877 | INFO | [348/1901] Fetching Chenthrapini (CHEI)
2026-08-29 03:51:11,925 | INFO | 🌐 Session warmed
2026-08-29 03:51:12,467 | INFO |    ↳ Status 403
2026-08-29 03:51:12,467 | WARNING |    ⚠ Blocked (403) retry 2
2026-08-29 03:51:12,530 | INFO | 🌐 Session warmed
2026-08-29 03:51:13,019 | INFO |    ↳ Status 403
2026-08-29 03:51:13,019 | WARNING |    ⚠ Blocked (403) retry 2
2026-08-29 03:51:13,073 | INFO | 🌐 Session warmed
2026-08-29 03:51:13,321 | INFO |    ↳ Status 200
2026-08-29 03:51:13,321 | INFO |    ✓ Found 8 movies
2026-08-29 03:51:13,321 | INFO | [349/1901] Fetching Cherial (CHRY)
2026-08-29 03:51:14,418 | INFO |    ↳ Status 200
2026-08-29 03:51:14,418 | INFO |    ✓ Found 7 movies
2026-08-29 03:51:14,418 | INFO | [350/1901] Fetching Cherla (CHRL)
2026-08-29 03:51:15,136 | INFO |    ↳ Status 403
2026-08-29 03:51:15,136 | WARNING |    ⚠ Blocked (403) retry 3
2026-08-29 03:51:15,210 | INFO | 🌐 Session warmed
2026-08-29 03:51:15,319 | INFO |    ↳ Status 403
2026-08-29 03:51:15,319 | WARNING |    ⚠ Blocked (403) retry 3
2026-08-29 03:51:15,379 | INFO | 🌐 Session warmed
2026-08-29 03:51:15,750 | INFO |    ↳ Status 403
2026-08-29 03:51:15,750 | WARNING |    ⚠ Blocked (403) retry 3
2026-08-29 03:51:15,806 | INFO | 🌐 Session warmed
2026-08-29 03:51:15,867 | INFO |    ↳ Status 200
2026-08-29 03:51:15,867 | INFO |    ✓ Found 7 movies
2026-08-29 03:51:15,867 | INFO | [351/1901] Fetching Cherpulassery (CHER)
2026-08-29 03:51:17,414 | INFO |    ↳ Status 200
2026-08-29 03:51:17,414 | INFO |    ✓ Found 8 movies
2026-08-29 03:51:17,414 | INFO | [352/1901] Fetching Cherrapunji (CHPU)
2026-08-29 03:51:18,548 | INFO |    ↳ Status 200
2026-08-29 03:51:18,549 | INFO |    ✓ Found 5 movies
2026-08-29 03:51:18,549 | INFO | [353/1901] Fetching Cherthala (CRTL)
2026-08-29 03:51:19,211 | INFO | [354/1901] Fetching Chetpet (PPPT)
2026-08-29 03:51:19,379 | INFO | [355/1901] Fetching Chevella (CHEV)
2026-08-29 03:51:19,533 | INFO |    ↳ Status 200
2026-08-29 03:51:19,533 | INFO |    ✓ Found 8 movies
2026-08-29 03:51:19,533 | INFO | [356/1901] Fetching Cheyyar (CHEY)
2026-08-29 03:51:19,806 | INFO | [357/1901] Fetching Cheyyur (CHYR)
2026-08-29 03:51:19,840 | INFO |    ↳ Status 403
2026-08-29 03:51:19,840 | WARNING |    ⚠ Blocked (403) retry 1
2026-08-29 03:51:19,895 | INFO | 🌐 Session warmed
2026-08-29 03:51:20,538 | INFO |    ↳ Status 403
2026-08-29 03:51:20,538 | WARNING |    ⚠ Blocked (403) retry 1
2026-08-29 03:51:20,597 | INFO | 🌐 Session warmed
2026-08-29 03:51:20,705 | INFO |    ↳ Status 403
2026-08-29 03:51:20,706 | WARNING |    ⚠ Blocked (403) retry 1
2026-08-29 03:51:20,763 | INFO | 🌐 Session warmed
2026-08-29 03:51:20,952 | INFO |    ↳ Status 200
2026-08-29 03:51:20,952 | INFO |    ✓ Found 7 movies
2026-08-29 03:51:20,952 | INFO | [358/1901] Fetching Chhabra (CHHB)
2026-08-29 03:51:21,731 | INFO |    ↳ Status 403
2026-08-29 03:51:21,731 | WARNING |    ⚠ Blocked (403) retry 2
2026-08-29 03:51:21,787 | INFO | 🌐 Session warmed
2026-08-29 03:51:22,348 | INFO |    ↳ Status 200
2026-08-29 03:51:22,348 | INFO |    ✓ Found 8 movies
2026-08-29 03:51:22,348 | INFO | [359/1901] Fetching Chhatarpur (CHHT)
2026-08-29 03:51:22,469 | INFO |    ↳ Status 403
2026-08-29 03:51:22,469 | WARNING |    ⚠ Blocked (403) retry 2
2026-08-29 03:51:22,526 | INFO | 🌐 Session warmed
2026-08-29 03:51:22,750 | INFO |    ↳ Status 403
2026-08-29 03:51:22,750 | WARNING |    ⚠ Blocked (403) retry 2
2026-08-29 03:51:22,805 | INFO | 🌐 Session warmed
2026-08-29 03:51:23,938 | INFO |    ↳ Status 200
2026-08-29 03:51:23,938 | INFO |    ✓ Found 7 movies
2026-08-29 03:51:23,938 | INFO | [360/1901] Fetching Chhatrapati Sambhajinagar (Aurangabad) (AURA)
2026-08-29 03:51:24,921 | INFO |    ↳ Status 200
2026-08-29 03:51:24,921 | INFO |    ✓ Found 5 movies
2026-08-29 03:51:24,922 | INFO | [361/1901] Fetching Chhibramau (CHHI)
2026-08-29 03:51:25,079 | INFO |    ↳ Status 403
2026-08-29 03:51:25,079 | WARNING |    ⚠ Blocked (403) retry 3
2026-08-29 03:51:25,136 | INFO | 🌐 Session warmed
2026-08-29 03:51:25,824 | INFO |    ↳ Status 403
2026-08-29 03:51:25,824 | WARNING |    ⚠ Blocked (403) retry 3
2026-08-29 03:51:25,885 | INFO | 🌐 Session warmed
2026-08-29 03:51:25,933 | INFO |    ↳ Status 200
2026-08-29 03:51:25,933 | INFO |    ✓ Found 6 movies
2026-08-29 03:51:25,933 | INFO | [362/1901] Fetching Chhindwara (CHIN)
2026-08-29 03:51:25,961 | INFO |    ↳ Status 403
2026-08-29 03:51:25,962 | WARNING |    ⚠ Blocked (403) retry 3
2026-08-29 03:51:26,017 | INFO | 🌐 Session warmed
2026-08-29 03:51:26,917 | INFO |    ↳ Status 200
2026-08-29 03:51:26,918 | INFO |    ✓ Found 7 movies
2026-08-29 03:51:26,918 | INFO | [363/1901] Fetching Chickmagaluru (CHKA)
2026-08-29 03:51:27,853 | INFO |    ↳ Status 200
2026-08-29 03:51:27,853 | INFO |    ✓ Found 3 movies
2026-08-29 03:51:27,853 | INFO | [364/1901] Fetching Chidambaram (CHID)
2026-08-29 03:51:28,824 | INFO |    ↳ Status 200
2026-08-29 03:51:28,824 | INFO |    ✓ Found 7 movies
2026-08-29 03:51:28,824 | INFO | [365/1901] Fetching Chikhli (CHIH)
2026-08-29 03:51:29,136 | INFO | [366/1901] Fetching Chikkaballapur (CHIK)
2026-08-29 03:51:29,886 | INFO | [367/1901] Fetching Chikmagalur (CHUR)
2026-08-29 03:51:30,017 | INFO | [368/1901] Fetching Chikodi (CHOK)
2026-08-29 03:51:30,387 | INFO |    ↳ Status 200
2026-08-29 03:51:30,387 | INFO |    ✓ Found 5 movies
2026-08-29 03:51:30,387 | INFO | [369/1901] Fetching Chilakaluripet (CHIL)
2026-08-29 03:51:30,532 | INFO |    ↳ Status 403
2026-08-29 03:51:30,532 | WARNING |    ⚠ Blocked (403) retry 1
2026-08-29 03:51:30,590 | INFO | 🌐 Session warmed
2026-08-29 03:51:30,721 | INFO |    ↳ Status 403
2026-08-29 03:51:30,721 | WARNING |    ⚠ Blocked (403) retry 1
2026-08-29 03:51:30,783 | INFO | 🌐 Session warmed
2026-08-29 03:51:30,800 | INFO |    ↳ Status 403
2026-08-29 03:51:30,801 | WARNING |    ⚠ Blocked (403) retry 1
2026-08-29 03:51:30,857 | INFO | 🌐 Session warmed
2026-08-29 03:51:31,801 | INFO |    ↳ Status 200
2026-08-29 03:51:31,801 | INFO |    ✓ Found 7 movies
2026-08-29 03:51:31,801 | INFO | [370/1901] Fetching Chinnalapatti (CNPT)
2026-08-29 03:51:32,734 | INFO |    ↳ Status 403
2026-08-29 03:51:32,734 | WARNING |    ⚠ Blocked (403) retry 2
2026-08-29 03:51:32,779 | INFO |    ↳ Status 403
2026-08-29 03:51:32,779 | WARNING |    ⚠ Blocked (403) retry 2
2026-08-29 03:51:32,790 | INFO | 🌐 Session warmed
2026-08-29 03:51:32,836 | INFO | 🌐 Session warmed
2026-08-29 03:51:32,968 | INFO |    ↳ Status 403
2026-08-29 03:51:32,968 | WARNING |    ⚠ Blocked (403) retry 2
2026-08-29 03:51:33,024 | INFO | 🌐 Session warmed
2026-08-29 03:51:33,245 | INFO |    ↳ Status 200
2026-08-29 03:51:33,246 | INFO |    ✓ Found 7 movies
2026-08-29 03:51:33,246 | INFO | [371/1901] Fetching Chinnamandem (CHNA)
2026-08-29 03:51:34,554 | INFO |    ↳ Status 200
2026-08-29 03:51:34,554 | INFO |    ✓ Found 7 movies
2026-08-29 03:51:34,555 | INFO | [372/1901] Fetching Chinnamanur (CHAR)
2026-08-29 03:51:35,527 | INFO |    ↳ Status 403
2026-08-29 03:51:35,527 | WARNING |    ⚠ Blocked (403) retry 3
2026-08-29 03:51:35,542 | INFO |    ↳ Status 403
2026-08-29 03:51:35,542 | WARNING |    ⚠ Blocked (403) retry 3
2026-08-29 03:51:35,591 | INFO | 🌐 Session warmed
2026-08-29 03:51:35,606 | INFO | 🌐 Session warmed
2026-08-29 03:51:35,897 | INFO |    ↳ Status 403
2026-08-29 03:51:35,897 | WARNING |    ⚠ Blocked (403) retry 3
2026-08-29 03:51:35,965 | INFO | 🌐 Session warmed
2026-08-29 03:51:36,221 | INFO |    ↳ Status 200
2026-08-29 03:51:36,221 | INFO |    ✓ Found 7 movies
2026-08-29 03:51:36,221 | INFO | [373/1901] Fetching Chinsurah (CHSA)
2026-08-29 03:51:37,746 | INFO |    ↳ Status 200
2026-08-29 03:51:37,746 | INFO |    ✓ Found 8 movies
2026-08-29 03:51:37,747 | INFO | [374/1901] Fetching Chintalapudi (CHPD)
2026-08-29 03:51:38,727 | INFO |    ↳ Status 200
2026-08-29 03:51:38,727 | INFO |    ✓ Found 7 movies
2026-08-29 03:51:38,727 | INFO | [375/1901] Fetching Chintamani (CHTI)
2026-08-29 03:51:39,592 | INFO | [376/1901] Fetching Chinturu (CHTN)
2026-08-29 03:51:39,606 | INFO | [377/1901] Fetching Chiplun (CHPL)
2026-08-29 03:51:39,965 | INFO | [378/1901] Fetching Chiraiyakot (CHYO)
2026-08-29 03:51:40,270 | INFO |    ↳ Status 200
2026-08-29 03:51:40,270 | INFO |    ✓ Found 8 movies
2026-08-29 03:51:40,270 | INFO | [379/1901] Fetching Chirala (CHIR)
2026-08-29 03:51:40,293 | INFO |    ↳ Status 403
2026-08-29 03:51:40,293 | WARNING |    ⚠ Blocked (403) retry 1
2026-08-29 03:51:40,360 | INFO | 🌐 Session warmed
2026-08-29 03:51:40,490 | INFO |    ↳ Status 403
2026-08-29 03:51:40,490 | WARNING |    ⚠ Blocked (403) retry 1
2026-08-29 03:51:40,546 | INFO | 🌐 Session warmed
2026-08-29 03:51:40,857 | INFO |    ↳ Status 403
2026-08-29 03:51:40,857 | WARNING |    ⚠ Blocked (403) retry 1
2026-08-29 03:51:40,914 | INFO | 🌐 Session warmed
2026-08-29 03:51:41,218 | INFO |    ↳ Status 200
2026-08-29 03:51:41,218 | INFO |    ✓ Found 7 movies
2026-08-29 03:51:41,219 | INFO | [380/1901] Fetching Chirawa (CWRJ)
2026-08-29 03:51:42,170 | INFO |    ↳ Status 403
2026-08-29 03:51:42,170 | WARNING |    ⚠ Blocked (403) retry 2
2026-08-29 03:51:42,228 | INFO |    ↳ Status 200
2026-08-29 03:51:42,228 | INFO |    ✓ Found 4 movies
2026-08-29 03:51:42,228 | INFO | [381/1901] Fetching Chitradurga (CHIT)
2026-08-29 03:51:42,233 | INFO | 🌐 Session warmed
2026-08-29 03:51:42,559 | INFO |    ↳ Status 403
2026-08-29 03:51:42,559 | WARNING |    ⚠ Blocked (403) retry 2
2026-08-29 03:51:42,620 | INFO | 🌐 Session warmed
2026-08-29 03:51:42,709 | INFO |    ↳ Status 403
2026-08-29 03:51:42,709 | WARNING |    ⚠ Blocked (403) retry 2
2026-08-29 03:51:42,767 | INFO | 🌐 Session warmed
2026-08-29 03:51:43,592 | INFO |    ↳ Status 200
2026-08-29 03:51:43,592 | INFO |    ✓ Found 3 movies
2026-08-29 03:51:43,592 | INFO | [382/1901] Fetching Chittoor (CHTT)
2026-08-29 03:51:44,752 | INFO |    ↳ Status 200
2026-08-29 03:51:44,752 | INFO |    ✓ Found 7 movies
2026-08-29 03:51:44,752 | INFO | [383/1901] Fetching Chittorgarh (COTT)
2026-08-29 03:51:45,382 | INFO |    ↳ Status 403
2026-08-29 03:51:45,382 | WARNING |    ⚠ Blocked (403) retry 3
2026-08-29 03:51:45,447 | INFO | 🌐 Session warmed
2026-08-29 03:51:45,581 | INFO |    ↳ Status 403
2026-08-29 03:51:45,581 | WARNING |    ⚠ Blocked (403) retry 3
2026-08-29 03:51:45,638 | INFO | 🌐 Session warmed
2026-08-29 03:51:45,974 | INFO |    ↳ Status 403
2026-08-29 03:51:45,975 | WARNING |    ⚠ Blocked (403) retry 3
2026-08-29 03:51:46,054 | INFO | 🌐 Session warmed
2026-08-29 03:51:46,155 | INFO |    ↳ Status 200
2026-08-29 03:51:46,155 | INFO |    ✓ Found 8 movies
2026-08-29 03:51:46,155 | INFO | [384/1901] Fetching Chodavaram (CDVM)
2026-08-29 03:51:47,655 | INFO |    ↳ Status 200
2026-08-29 03:51:47,655 | INFO |    ✓ Found 7 movies
2026-08-29 03:51:47,656 | INFO | [385/1901] Fetching Chon Buri (CHBR)
2026-08-29 03:51:49,079 | INFO |    ↳ Status 200
2026-08-29 03:51:49,079 | INFO |    ✓ Found 8 movies
2026-08-29 03:51:49,079 | INFO | [386/1901] Fetching Chotila (CHOT)
2026-08-29 03:51:49,448 | INFO | [387/1901] Fetching Choutuppal (CHOU)
2026-08-29 03:51:49,638 | INFO | [388/1901] Fetching Churachandpur (CHUC)
2026-08-29 03:51:50,055 | INFO | [389/1901] Fetching Churu (CHRU)
2026-08-29 03:51:50,136 | INFO |    ↳ Status 200
2026-08-29 03:51:50,136 | INFO |    ✓ Found 8 movies
2026-08-29 03:51:50,137 | INFO | [390/1901] Fetching Coimbatore (COIM)
2026-08-29 03:51:50,296 | INFO |    ↳ Status 403
2026-08-29 03:51:50,296 | WARNING |    ⚠ Blocked (403) retry 1
2026-08-29 03:51:50,353 | INFO | 🌐 Session warmed
2026-08-29 03:51:50,579 | INFO |    ↳ Status 403
2026-08-29 03:51:50,579 | WARNING |    ⚠ Blocked (403) retry 1
2026-08-29 03:51:50,641 | INFO | 🌐 Session warmed
2026-08-29 03:51:50,919 | INFO |    ↳ Status 403
2026-08-29 03:51:50,919 | WARNING |    ⚠ Blocked (403) retry 1
2026-08-29 03:51:50,975 | INFO | 🌐 Session warmed
2026-08-29 03:51:51,116 | INFO |    ↳ Status 200
2026-08-29 03:51:51,116 | INFO |    ✓ Found 7 movies
2026-08-29 03:51:51,116 | INFO | [391/1901] Fetching Colombo (COLO)
2026-08-29 03:51:52,467 | INFO |    ↳ Status 403
2026-08-29 03:51:52,468 | WARNING |    ⚠ Blocked (403) retry 2
2026-08-29 03:51:52,478 | INFO |    ↳ Status 200
2026-08-29 03:51:52,479 | INFO |    ✓ Found 1 movies
2026-08-29 03:51:52,479 | INFO | [392/1901] Fetching Cooch Behar (COBE)
2026-08-29 03:51:52,526 | INFO | 🌐 Session warmed
2026-08-29 03:51:52,796 | INFO |    ↳ Status 403
2026-08-29 03:51:52,796 | WARNING |    ⚠ Blocked (403) retry 2
2026-08-29 03:51:52,854 | INFO | 🌐 Session warmed
2026-08-29 03:51:53,026 | INFO |    ↳ Status 403
2026-08-29 03:51:53,026 | WARNING |    ⚠ Blocked (403) retry 2
2026-08-29 03:51:53,091 | INFO | 🌐 Session warmed
2026-08-29 03:51:54,206 | INFO |    ↳ Status 200
2026-08-29 03:51:54,207 | INFO |    ✓ Found 8 movies
2026-08-29 03:51:54,207 | INFO | [393/1901] Fetching Coonoor (CUNR)
2026-08-29 03:51:55,195 | INFO |    ↳ Status 403
2026-08-29 03:51:55,195 | WARNING |    ⚠ Blocked (403) retry 3
2026-08-29 03:51:55,260 | INFO | 🌐 Session warmed
2026-08-29 03:51:55,505 | INFO |    ↳ Status 200
2026-08-29 03:51:55,505 | INFO |    ✓ Found 7 movies
2026-08-29 03:51:55,505 | INFO | [394/1901] Fetching Cuddalore (CUDD)
2026-08-29 03:51:56,076 | INFO |    ↳ Status 403
2026-08-29 03:51:56,076 | WARNING |    ⚠ Blocked (403) retry 3
2026-08-29 03:51:56,134 | INFO | 🌐 Session warmed
2026-08-29 03:51:56,203 | INFO |    ↳ Status 403
2026-08-29 03:51:56,203 | WARNING |    ⚠ Blocked (403) retry 3
2026-08-29 03:51:56,259 | INFO | 🌐 Session warmed
2026-08-29 03:51:56,599 | INFO |    ↳ Status 200
2026-08-29 03:51:56,599 | INFO |    ✓ Found 7 movies
2026-08-29 03:51:56,599 | INFO | [395/1901] Fetching Cumbum (CMBM)
2026-08-29 03:51:57,574 | INFO |    ↳ Status 200
2026-08-29 03:51:57,574 | INFO |    ✓ Found 7 movies
2026-08-29 03:51:57,574 | INFO | [396/1901] Fetching Cumbum (AP) (CUMB)
2026-08-29 03:51:59,095 | INFO |    ↳ Status 200
2026-08-29 03:51:59,095 | INFO |    ✓ Found 7 movies
2026-08-29 03:51:59,095 | INFO | [397/1901] Fetching Cuttack (CUTT)
2026-08-29 03:51:59,260 | INFO | [398/1901] Fetching Dabhara (DABH)
2026-08-29 03:52:00,039 | INFO |    ↳ Status 403
2026-08-29 03:52:00,039 | WARNING |    ⚠ Blocked (403) retry 1
2026-08-29 03:52:00,107 | INFO | 🌐 Session warmed
2026-08-29 03:52:00,134 | INFO | [399/1901] Fetching Dabra (DABR)
2026-08-29 03:52:00,259 | INFO | [400/1901] Fetching Dahanu (DHAU)
2026-08-29 03:52:00,859 | INFO |    ↳ Status 403
2026-08-29 03:52:00,859 | WARNING |    ⚠ Blocked (403) retry 1
2026-08-29 03:52:00,905 | INFO |    ↳ Status 200
2026-08-29 03:52:00,905 | INFO |    ✓ Found 8 movies
2026-08-29 03:52:00,905 | INFO | [401/1901] Fetching Dahegam (DHGM)
2026-08-29 03:52:00,916 | INFO | 🌐 Session warmed
2026-08-29 03:52:01,669 | INFO |    ↳ Status 403
2026-08-29 03:52:01,669 | WARNING |    ⚠ Blocked (403) retry 1
2026-08-29 03:52:01,728 | INFO | 🌐 Session warmed
2026-08-29 03:52:01,941 | INFO |    ↳ Status 403
2026-08-29 03:52:01,941 | WARNING |    ⚠ Blocked (403) retry 2
2026-08-29 03:52:02,002 | INFO | 🌐 Session warmed
2026-08-29 03:52:02,350 | INFO |    ↳ Status 200
2026-08-29 03:52:02,350 | INFO |    ✓ Found 8 movies
2026-08-29 03:52:02,350 | INFO | [402/1901] Fetching Dahod (DAHO)
2026-08-29 03:52:02,993 | INFO |    ↳ Status 403
2026-08-29 03:52:02,993 | WARNING |    ⚠ Blocked (403) retry 2
2026-08-29 03:52:03,048 | INFO | 🌐 Session warmed
2026-08-29 03:52:03,889 | INFO |    ↳ Status 403
2026-08-29 03:52:03,890 | WARNING |    ⚠ Blocked (403) retry 2
2026-08-29 03:52:03,949 | INFO | 🌐 Session warmed
2026-08-29 03:52:04,777 | INFO |    ↳ Status 200
2026-08-29 03:52:04,777 | INFO |    ✓ Found 8 movies
2026-08-29 03:52:04,777 | INFO | [403/1901] Fetching Dakshin Barasat (DAKS)
2026-08-29 03:52:05,392 | INFO |    ↳ Status 403
2026-08-29 03:52:05,392 | WARNING |    ⚠ Blocked (403) retry 3
2026-08-29 03:52:05,449 | INFO | 🌐 Session warmed
2026-08-29 03:52:06,157 | INFO |    ↳ Status 403
2026-08-29 03:52:06,157 | WARNING |    ⚠ Blocked (403) retry 3
2026-08-29 03:52:06,211 | INFO | 🌐 Session warmed
2026-08-29 03:52:06,477 | INFO |    ↳ Status 200
2026-08-29 03:52:06,477 | INFO |    ✓ Found 8 movies
2026-08-29 03:52:06,477 | INFO | [404/1901] Fetching Dalli Rajhara (DALL)
2026-08-29 03:52:07,252 | INFO |    ↳ Status 403
2026-08-29 03:52:07,252 | WARNING |    ⚠ Blocked (403) retry 3
2026-08-29 03:52:07,311 | INFO | 🌐 Session warmed
2026-08-29 03:52:07,711 | INFO |    ↳ Status 200
2026-08-29 03:52:07,711 | INFO |    ✓ Found 8 movies
2026-08-29 03:52:07,711 | INFO | [405/1901] Fetching Dalmianagar (DAAL)
2026-08-29 03:52:09,087 | INFO |    ↳ Status 200
2026-08-29 03:52:09,087 | INFO |    ✓ Found 8 movies
2026-08-29 03:52:09,087 | INFO | [406/1901] Fetching Daltonganj (DATG)
2026-08-29 03:52:09,450 | INFO | [407/1901] Fetching Daman (DAMA)
2026-08-29 03:52:10,211 | INFO | [408/1901] Fetching Damarcherla (DAMC)
2026-08-29 03:52:10,526 | INFO |    ↳ Status 200
2026-08-29 03:52:10,526 | INFO |    ✓ Found 8 movies
2026-08-29 03:52:10,526 | INFO | [409/1901] Fetching Dammapeta (DMPT)
2026-08-29 03:52:10,849 | INFO |    ↳ Status 403
2026-08-29 03:52:10,849 | WARNING |    ⚠ Blocked (403) retry 1
2026-08-29 03:52:10,903 | INFO | 🌐 Session warmed
2026-08-29 03:52:11,036 | INFO |    ↳ Status 403
2026-08-29 03:52:11,036 | WARNING |    ⚠ Blocked (403) retry 1
2026-08-29 03:52:11,092 | INFO | 🌐 Session warmed
2026-08-29 03:52:11,312 | INFO | [410/1901] Fetching Damoh (DAMO)
2026-08-29 03:52:12,086 | INFO |    ↳ Status 200
2026-08-29 03:52:12,086 | INFO |    ✓ Found 7 movies
2026-08-29 03:52:12,086 | INFO | [411/1901] Fetching Danapur (DANA)
2026-08-29 03:52:12,246 | INFO |    ↳ Status 403
2026-08-29 03:52:12,246 | WARNING |    ⚠ Blocked (403) retry 1
2026-08-29 03:52:12,306 | INFO | 🌐 Session warmed
2026-08-29 03:52:13,097 | INFO |    ↳ Status 403
2026-08-29 03:52:13,097 | WARNING |    ⚠ Blocked (403) retry 2
2026-08-29 03:52:13,169 | INFO | 🌐 Session warmed
2026-08-29 03:52:13,226 | INFO |    ↳ Status 403
2026-08-29 03:52:13,226 | WARNING |    ⚠ Blocked (403) retry 2
2026-08-29 03:52:13,286 | INFO | 🌐 Session warmed
2026-08-29 03:52:13,589 | INFO |    ↳ Status 200
2026-08-29 03:52:13,589 | INFO |    ✓ Found 8 movies
2026-08-29 03:52:13,589 | INFO | [412/1901] Fetching Dandeli (DAND)
2026-08-29 03:52:14,313 | INFO |    ↳ Status 403
2026-08-29 03:52:14,313 | WARNING |    ⚠ Blocked (403) retry 2
2026-08-29 03:52:14,371 | INFO | 🌐 Session warmed
2026-08-29 03:52:14,737 | INFO |    ↳ Status 200
2026-08-29 03:52:14,737 | INFO |    ✓ Found 3 movies
2026-08-29 03:52:14,737 | INFO | [413/1901] Fetching Dang (DANG)
2026-08-29 03:52:15,786 | INFO |    ↳ Status 200
2026-08-29 03:52:15,787 | INFO |    ✓ Found 8 movies
2026-08-29 03:52:15,787 | INFO | [414/1901] Fetching Dankaur (DAUK)
2026-08-29 03:52:16,297 | INFO |    ↳ Status 403
2026-08-29 03:52:16,297 | WARNING |    ⚠ Blocked (403) retry 3
2026-08-29 03:52:16,358 | INFO | 🌐 Session warmed
2026-08-29 03:52:16,369 | INFO |    ↳ Status 403
2026-08-29 03:52:16,369 | WARNING |    ⚠ Blocked (403) retry 3
2026-08-29 03:52:16,431 | INFO | 🌐 Session warmed
2026-08-29 03:52:17,175 | INFO |    ↳ Status 200
2026-08-29 03:52:17,175 | INFO |    ✓ Found 8 movies
2026-08-29 03:52:17,175 | INFO | [415/1901] Fetching Dantewada (DTWD)
2026-08-29 03:52:17,277 | INFO |    ↳ Status 403
2026-08-29 03:52:17,277 | WARNING |    ⚠ Blocked (403) retry 3
2026-08-29 03:52:17,342 | INFO | 🌐 Session warmed
2026-08-29 03:52:18,730 | INFO |    ↳ Status 200
2026-08-29 03:52:18,730 | INFO |    ✓ Found 8 movies
2026-08-29 03:52:18,730 | INFO | [416/1901] Fetching Daporijo (DAPO)
2026-08-29 03:52:20,358 | INFO | [417/1901] Fetching Darbhanga (DARB)
2026-08-29 03:52:20,432 | INFO | [418/1901] Fetching Darjeeling (DARJ)
2026-08-29 03:52:20,705 | INFO |    ↳ Status 200
2026-08-29 03:52:20,705 | INFO |    ✓ Found 8 movies
2026-08-29 03:52:20,705 | INFO | [419/1901] Fetching Darlapudi (DRLA)
2026-08-29 03:52:21,342 | INFO | [420/1901] Fetching Darsi (DARS)
2026-08-29 03:52:21,553 | INFO |    ↳ Status 403
2026-08-29 03:52:21,553 | WARNING |    ⚠ Blocked (403) retry 1
2026-08-29 03:52:21,612 | INFO | 🌐 Session warmed
2026-08-29 03:52:21,784 | INFO |    ↳ Status 200
2026-08-29 03:52:21,784 | INFO |    ✓ Found 7 movies
2026-08-29 03:52:21,784 | INFO | [421/1901] Fetching Darwha (DARA)
2026-08-29 03:52:21,826 | INFO |    ↳ Status 403
2026-08-29 03:52:21,826 | WARNING |    ⚠ Blocked (403) retry 1
2026-08-29 03:52:21,895 | INFO | 🌐 Session warmed
2026-08-29 03:52:22,455 | INFO |    ↳ Status 403
2026-08-29 03:52:22,456 | WARNING |    ⚠ Blocked (403) retry 1
2026-08-29 03:52:22,519 | INFO | 🌐 Session warmed
2026-08-29 03:52:23,265 | INFO |    ↳ Status 200
2026-08-29 03:52:23,265 | INFO |    ✓ Found 5 movies
2026-08-29 03:52:23,266 | INFO | [422/1901] Fetching Dasuya (DASU)
2026-08-29 03:52:23,804 | INFO |    ↳ Status 403
2026-08-29 03:52:23,804 | WARNING |    ⚠ Blocked (403) retry 2
2026-08-29 03:52:23,864 | INFO | 🌐 Session warmed
2026-08-29 03:52:23,932 | INFO |    ↳ Status 403
2026-08-29 03:52:23,932 | WARNING |    ⚠ Blocked (403) retry 2
2026-08-29 03:52:23,987 | INFO | 🌐 Session warmed
2026-08-29 03:52:24,358 | INFO |    ↳ Status 200
2026-08-29 03:52:24,358 | INFO |    ✓ Found 8 movies
2026-08-29 03:52:24,358 | INFO | [423/1901] Fetching Datia (DATI)
2026-08-29 03:52:24,559 | INFO |    ↳ Status 403
2026-08-29 03:52:24,559 | WARNING |    ⚠ Blocked (403) retry 2
2026-08-29 03:52:24,630 | INFO | 🌐 Session warmed
2026-08-29 03:52:25,824 | INFO |    ↳ Status 200
2026-08-29 03:52:25,824 | INFO |    ✓ Found 8 movies
2026-08-29 03:52:25,824 | INFO | [424/1901] Fetching Daund (DAUN)
2026-08-29 03:52:26,629 | INFO |    ↳ Status 403
2026-08-29 03:52:26,629 | WARNING |    ⚠ Blocked (403) retry 3
2026-08-29 03:52:26,688 | INFO | 🌐 Session warmed
2026-08-29 03:52:26,845 | INFO |    ↳ Status 403
2026-08-29 03:52:26,845 | WARNING |    ⚠ Blocked (403) retry 3
2026-08-29 03:52:26,861 | INFO |    ↳ Status 200
2026-08-29 03:52:26,861 | INFO |    ✓ Found 5 movies
2026-08-29 03:52:26,861 | INFO | [425/1901] Fetching Dausa (DAUS)
2026-08-29 03:52:26,918 | INFO | 🌐 Session warmed
2026-08-29 03:52:27,462 | INFO |    ↳ Status 403
2026-08-29 03:52:27,462 | WARNING |    ⚠ Blocked (403) retry 3
2026-08-29 03:52:27,521 | INFO | 🌐 Session warmed
2026-08-29 03:52:28,411 | INFO |    ↳ Status 200
2026-08-29 03:52:28,411 | INFO |    ✓ Found 4 movies
2026-08-29 03:52:28,412 | INFO | [426/1901] Fetching Davanagere (DAVA)
2026-08-29 03:52:30,536 | INFO |    ↳ Status 200
2026-08-29 03:52:30,536 | INFO |    ✓ Found 3 movies
2026-08-29 03:52:30,537 | INFO | [427/1901] Fetching Davuluru (DVLR)
2026-08-29 03:52:30,688 | INFO | [428/1901] Fetching Deesa (DEES)
2026-08-29 03:52:30,919 | INFO | [429/1901] Fetching Dehradun (DEH)
2026-08-29 03:52:31,522 | INFO | [430/1901] Fetching Deogadh (DEOD)
2026-08-29 03:52:31,952 | INFO |    ↳ Status 403
2026-08-29 03:52:31,952 | WARNING |    ⚠ Blocked (403) retry 1
2026-08-29 03:52:31,996 | INFO |    ↳ Status 200
2026-08-29 03:52:31,996 | INFO |    ✓ Found 7 movies
2026-08-29 03:52:31,997 | INFO | [431/1901] Fetching Deoghar (DOGH)
2026-08-29 03:52:32,011 | INFO | 🌐 Session warmed
2026-08-29 03:52:32,212 | INFO |    ↳ Status 403
2026-08-29 03:52:32,213 | WARNING |    ⚠ Blocked (403) retry 1
2026-08-29 03:52:32,271 | INFO | 🌐 Session warmed
2026-08-29 03:52:32,801 | INFO |    ↳ Status 403
2026-08-29 03:52:32,801 | WARNING |    ⚠ Blocked (403) retry 1
2026-08-29 03:52:32,859 | INFO | 🌐 Session warmed
2026-08-29 03:52:33,338 | INFO |    ↳ Status 200
2026-08-29 03:52:33,339 | INFO |    ✓ Found 5 movies
2026-08-29 03:52:33,339 | INFO | [432/1901] Fetching Deoli (DEOL)
2026-08-29 03:52:33,626 | INFO |    ↳ Status 403
2026-08-29 03:52:33,626 | WARNING |    ⚠ Blocked (403) retry 2
2026-08-29 03:52:33,683 | INFO | 🌐 Session warmed
2026-08-29 03:52:34,438 | INFO |    ↳ Status 403
2026-08-29 03:52:34,438 | WARNING |    ⚠ Blocked (403) retry 2
2026-08-29 03:52:34,494 | INFO | 🌐 Session warmed
2026-08-29 03:52:34,636 | INFO |    ↳ Status 403
2026-08-29 03:52:34,637 | WARNING |    ⚠ Blocked (403) retry 2
2026-08-29 03:52:34,694 | INFO | 🌐 Session warmed
2026-08-29 03:52:34,970 | INFO |    ↳ Status 200
2026-08-29 03:52:34,970 | INFO |    ✓ Found 4 movies
2026-08-29 03:52:34,970 | INFO | [433/1901] Fetching Deoli (Rajasthan) (DEOY)
2026-08-29 03:52:36,606 | INFO |    ↳ Status 200
2026-08-29 03:52:36,606 | INFO |    ✓ Found 8 movies
2026-08-29 03:52:36,606 | INFO | [434/1901] Fetching Deoli(Rajasthan) (DEOY)
2026-08-29 03:52:37,065 | INFO |    ↳ Status 403
2026-08-29 03:52:37,066 | WARNING |    ⚠ Blocked (403) retry 3
2026-08-29 03:52:37,125 | INFO | 🌐 Session warmed
2026-08-29 03:52:37,478 | INFO |    ↳ Status 200
2026-08-29 03:52:37,479 | INFO |    ✓ Found 8 movies
2026-08-29 03:52:37,479 | INFO | [435/1901] Fetching Deoria (DEEO)
2026-08-29 03:52:37,743 | INFO |    ↳ Status 403
2026-08-29 03:52:37,743 | WARNING |    ⚠ Blocked (403) retry 3
2026-08-29 03:52:37,802 | INFO | 🌐 Session warmed
2026-08-29 03:52:37,826 | INFO |    ↳ Status 403
2026-08-29 03:52:37,827 | WARNING |    ⚠ Blocked (403) retry 3
2026-08-29 03:52:37,879 | INFO | 🌐 Session warmed
2026-08-29 03:52:38,476 | INFO |    ↳ Status 200
2026-08-29 03:52:38,476 | INFO |    ✓ Found 8 movies
2026-08-29 03:52:38,477 | INFO | [436/1901] Fetching Deralakatte (DERA)
2026-08-29 03:52:40,100 | INFO |    ↳ Status 200
2026-08-29 03:52:40,100 | INFO |    ✓ Found 8 movies
2026-08-29 03:52:40,100 | INFO | [437/1901] Fetching Devadurga (DEVD)
2026-08-29 03:52:41,126 | INFO | [438/1901] Fetching Devakottai (DEVA)
2026-08-29 03:52:41,297 | INFO |    ↳ Status 200
2026-08-29 03:52:41,297 | INFO |    ✓ Found 3 movies
2026-08-29 03:52:41,297 | INFO | [439/1901] Fetching Devarakadra (DEVR)
2026-08-29 03:52:41,802 | INFO | [440/1901] Fetching Devarakonda (DEVK)
2026-08-29 03:52:41,880 | INFO | [441/1901] Fetching Devarapalle (DVRL)
2026-08-29 03:52:42,259 | INFO |    ↳ Status 403
2026-08-29 03:52:42,259 | WARNING |    ⚠ Blocked (403) retry 1
2026-08-29 03:52:42,329 | INFO | 🌐 Session warmed
2026-08-29 03:52:42,627 | INFO |    ↳ Status 403
2026-08-29 03:52:42,627 | WARNING |    ⚠ Blocked (403) retry 1
2026-08-29 03:52:42,670 | INFO |    ↳ Status 403
2026-08-29 03:52:42,670 | WARNING |    ⚠ Blocked (403) retry 1
2026-08-29 03:52:42,687 | INFO | 🌐 Session warmed
2026-08-29 03:52:42,739 | INFO | 🌐 Session warmed
2026-08-29 03:52:42,855 | INFO |    ↳ Status 200
2026-08-29 03:52:42,855 | INFO |    ✓ Found 7 movies
2026-08-29 03:52:42,855 | INFO | [442/1901] Fetching Devarapalli (DVRP)
2026-08-29 03:52:44,476 | INFO |    ↳ Status 200
2026-08-29 03:52:44,477 | INFO |    ✓ Found 7 movies
2026-08-29 03:52:44,477 | INFO | [443/1901] Fetching Devgad (DEGA)
2026-08-29 03:52:44,606 | INFO |    ↳ Status 403
2026-08-29 03:52:44,606 | WARNING |    ⚠ Blocked (403) retry 2
2026-08-29 03:52:44,669 | INFO | 🌐 Session warmed
2026-08-29 03:52:44,780 | INFO |    ↳ Status 403
2026-08-29 03:52:44,780 | WARNING |    ⚠ Blocked (403) retry 2
2026-08-29 03:52:44,836 | INFO | 🌐 Session warmed
2026-08-29 03:52:45,034 | INFO |    ↳ Status 403
2026-08-29 03:52:45,034 | WARNING |    ⚠ Blocked (403) retry 2
2026-08-29 03:52:45,099 | INFO | 🌐 Session warmed
2026-08-29 03:52:46,058 | INFO |    ↳ Status 200
2026-08-29 03:52:46,058 | INFO |    ✓ Found 5 movies
2026-08-29 03:52:46,058 | INFO | [444/1901] Fetching Dewas (DEWAS)
2026-08-29 03:52:47,467 | INFO |    ↳ Status 403
2026-08-29 03:52:47,467 | WARNING |    ⚠ Blocked (403) retry 3
2026-08-29 03:52:47,524 | INFO | 🌐 Session warmed
2026-08-29 03:52:47,710 | INFO |    ↳ Status 200
2026-08-29 03:52:47,710 | INFO |    ✓ Found 7 movies
2026-08-29 03:52:47,711 | INFO | [445/1901] Fetching Dhamnod (DMND)
2026-08-29 03:52:48,100 | INFO |    ↳ Status 403
2026-08-29 03:52:48,101 | WARNING |    ⚠ Blocked (403) retry 3
2026-08-29 03:52:48,125 | INFO |    ↳ Status 403
2026-08-29 03:52:48,125 | WARNING |    ⚠ Blocked (403) retry 3
2026-08-29 03:52:48,167 | INFO | 🌐 Session warmed
2026-08-29 03:52:48,190 | INFO | 🌐 Session warmed
2026-08-29 03:52:49,230 | INFO |    ↳ Status 200
2026-08-29 03:52:49,230 | INFO |    ✓ Found 7 movies
2026-08-29 03:52:49,230 | INFO | [446/1901] Fetching Dhampur (DHPR)
2026-08-29 03:52:50,254 | INFO |    ↳ Status 200
2026-08-29 03:52:50,254 | INFO |    ✓ Found 6 movies
2026-08-29 03:52:50,255 | INFO | [447/1901] Fetching Dhamtari (DHMT)
2026-08-29 03:52:51,524 | INFO | [448/1901] Fetching Dhanaura (CFFG)
2026-08-29 03:52:51,863 | INFO |    ↳ Status 200
2026-08-29 03:52:51,864 | INFO |    ✓ Found 8 movies
2026-08-29 03:52:51,864 | INFO | [449/1901] Fetching Dhanbad (DHAN)
2026-08-29 03:52:52,167 | INFO | [450/1901] Fetching Dhanera (DHAC)
2026-08-29 03:52:52,191 | INFO | [451/1901] Fetching Dhar (DARH)
2026-08-29 03:52:52,358 | INFO |    ↳ Status 403
2026-08-29 03:52:52,358 | WARNING |    ⚠ Blocked (403) retry 1
2026-08-29 03:52:52,416 | INFO | 🌐 Session warmed
2026-08-29 03:52:52,833 | INFO |    ↳ Status 200
2026-08-29 03:52:52,833 | INFO |    ✓ Found 5 movies
2026-08-29 03:52:52,834 | INFO | [452/1901] Fetching Dharamjaigarh (SHGA)
2026-08-29 03:52:52,885 | INFO |    ↳ Status 403
2026-08-29 03:52:52,885 | WARNING |    ⚠ Blocked (403) retry 1
2026-08-29 03:52:52,941 | INFO | 🌐 Session warmed
2026-08-29 03:52:53,064 | INFO |    ↳ Status 403
2026-08-29 03:52:53,064 | WARNING |    ⚠ Blocked (403) retry 1
2026-08-29 03:52:53,125 | INFO | 🌐 Session warmed
2026-08-29 03:52:54,229 | INFO |    ↳ Status 200
2026-08-29 03:52:54,229 | INFO |    ✓ Found 8 movies
2026-08-29 03:52:54,229 | INFO | [453/1901] Fetching Dharampur (DPUR)
2026-08-29 03:52:54,674 | INFO |    ↳ Status 403
2026-08-29 03:52:54,675 | WARNING |    ⚠ Blocked (403) retry 2
2026-08-29 03:52:54,737 | INFO | 🌐 Session warmed
2026-08-29 03:52:54,979 | INFO |    ↳ Status 403
2026-08-29 03:52:54,979 | WARNING |    ⚠ Blocked (403) retry 2
2026-08-29 03:52:55,034 | INFO | 🌐 Session warmed
2026-08-29 03:52:55,266 | INFO |    ↳ Status 403
2026-08-29 03:52:55,266 | WARNING |    ⚠ Blocked (403) retry 2
2026-08-29 03:52:55,321 | INFO | 🌐 Session warmed
2026-08-29 03:52:55,495 | INFO |    ↳ Status 200
2026-08-29 03:52:55,495 | INFO |    ✓ Found 8 movies
2026-08-29 03:52:55,495 | INFO | [454/1901] Fetching Dharamsala (DMSL)
2026-08-29 03:52:57,167 | INFO |    ↳ Status 200
2026-08-29 03:52:57,167 | INFO |    ✓ Found 6 movies
2026-08-29 03:52:57,167 | INFO | [455/1901] Fetching Dharamshala (DMSL)
2026-08-29 03:52:57,712 | INFO |    ↳ Status 403
2026-08-29 03:52:57,712 | WARNING |    ⚠ Blocked (403) retry 3
2026-08-29 03:52:57,771 | INFO | 🌐 Session warmed
2026-08-29 03:52:57,837 | INFO |    ↳ Status 403
2026-08-29 03:52:57,837 | WARNING |    ⚠ Blocked (403) retry 3
2026-08-29 03:52:57,899 | INFO | 🌐 Session warmed
2026-08-29 03:52:58,010 | INFO |    ↳ Status 403
2026-08-29 03:52:58,010 | WARNING |    ⚠ Blocked (403) retry 3
2026-08-29 03:52:58,071 | INFO | 🌐 Session warmed
2026-08-29 03:52:58,199 | INFO |    ↳ Status 200
2026-08-29 03:52:58,199 | INFO |    ✓ Found 6 movies
2026-08-29 03:52:58,200 | INFO | [456/1901] Fetching Dharapuram (DHAR)
2026-08-29 03:52:59,748 | INFO |    ↳ Status 200
2026-08-29 03:52:59,749 | INFO |    ✓ Found 7 movies
2026-08-29 03:52:59,749 | INFO | [457/1901] Fetching Dharashiv (Osmanabad) (OSMA)
2026-08-29 03:53:01,044 | INFO |    ↳ Status 200
2026-08-29 03:53:01,044 | INFO |    ✓ Found 5 movies
2026-08-29 03:53:01,044 | INFO | [458/1901] Fetching Dharmanagar (DHAT)
2026-08-29 03:53:01,771 | INFO | [459/1901] Fetching Dharmapuri (DMPI)
2026-08-29 03:53:01,900 | INFO | [460/1901] Fetching Dharmavaram (DDMA)
2026-08-29 03:53:02,072 | INFO | [461/1901] Fetching Dharpally (DPLL)
2026-08-29 03:53:02,632 | INFO |    ↳ Status 200
2026-08-29 03:53:02,632 | INFO |    ✓ Found 2 movies
2026-08-29 03:53:02,632 | INFO | [462/1901] Fetching Dharpur (DUUU)
2026-08-29 03:53:02,858 | INFO |    ↳ Status 403
2026-08-29 03:53:02,858 | WARNING |    ⚠ Blocked (403) retry 1
2026-08-29 03:53:02,923 | INFO | 🌐 Session warmed
2026-08-29 03:53:03,062 | INFO |    ↳ Status 403
2026-08-29 03:53:03,062 | WARNING |    ⚠ Blocked (403) retry 1
2026-08-29 03:53:03,118 | INFO | 🌐 Session warmed
2026-08-29 03:53:03,173 | INFO |    ↳ Status 403
2026-08-29 03:53:03,173 | WARNING |    ⚠ Blocked (403) retry 1
2026-08-29 03:53:03,227 | INFO | 🌐 Session warmed
2026-08-29 03:53:04,020 | INFO |    ↳ Status 200
2026-08-29 03:53:04,021 | INFO |    ✓ Found 8 movies
2026-08-29 03:53:04,021 | INFO | [463/1901] Fetching Dharuhera (DHRA)
2026-08-29 03:53:04,823 | INFO |    ↳ Status 403
2026-08-29 03:53:04,823 | WARNING |    ⚠ Blocked (403) retry 2
2026-08-29 03:53:04,881 | INFO | 🌐 Session warmed
2026-08-29 03:53:05,177 | INFO |    ↳ Status 403
2026-08-29 03:53:05,177 | WARNING |    ⚠ Blocked (403) retry 2
2026-08-29 03:53:05,210 | INFO |    ↳ Status 403
2026-08-29 03:53:05,210 | WARNING |    ⚠ Blocked (403) retry 2
2026-08-29 03:53:05,240 | INFO | 🌐 Session warmed
2026-08-29 03:53:05,274 | INFO | 🌐 Session warmed
2026-08-29 03:53:06,335 | INFO |    ↳ Status 200
2026-08-29 03:53:06,335 | INFO |    ✓ Found 7 movies
2026-08-29 03:53:06,335 | INFO | [464/1901] Fetching Dharwad (DHAW)
2026-08-29 03:53:07,712 | INFO |    ↳ Status 403
2026-08-29 03:53:07,712 | WARNING |    ⚠ Blocked (403) retry 3
2026-08-29 03:53:07,768 | INFO | 🌐 Session warmed
2026-08-29 03:53:07,770 | INFO |    ↳ Status 200
2026-08-29 03:53:07,770 | INFO |    ✓ Found 3 movies
2026-08-29 03:53:07,770 | INFO | [465/1901] Fetching Dhaulana (DHAL)
2026-08-29 03:53:08,209 | INFO |    ↳ Status 403
2026-08-29 03:53:08,209 | WARNING |    ⚠ Blocked (403) retry 3
2026-08-29 03:53:08,267 | INFO | 🌐 Session warmed
2026-08-29 03:53:08,421 | INFO |    ↳ Status 403
2026-08-29 03:53:08,421 | WARNING |    ⚠ Blocked (403) retry 3
2026-08-29 03:53:08,483 | INFO | 🌐 Session warmed
2026-08-29 03:53:09,248 | INFO |    ↳ Status 200
2026-08-29 03:53:09,248 | INFO |    ✓ Found 8 movies
2026-08-29 03:53:09,248 | INFO | [466/1901] Fetching Dhekiajuli (DEKJ)
2026-08-29 03:53:10,304 | INFO |    ↳ Status 200
2026-08-29 03:53:10,304 | INFO |    ✓ Found 8 movies
2026-08-29 03:53:10,304 | INFO | [467/1901] Fetching Dhemaji (DHEM)
2026-08-29 03:53:11,768 | INFO | [468/1901] Fetching Dhenkanal (DNAL)
2026-08-29 03:53:11,799 | INFO |    ↳ Status 200
2026-08-29 03:53:11,799 | INFO |    ✓ Found 8 movies
2026-08-29 03:53:11,799 | INFO | [469/1901] Fetching Dholka (DHOL)
2026-08-29 03:53:12,268 | INFO | [470/1901] Fetching Dholpur (DHUR)
2026-08-29 03:53:12,417 | INFO |    ↳ Status 403
2026-08-29 03:53:12,417 | WARNING |    ⚠ Blocked (403) retry 1
2026-08-29 03:53:12,474 | INFO | 🌐 Session warmed
2026-08-29 03:53:12,483 | INFO | [471/1901] Fetching Dhone (DHON)
2026-08-29 03:53:12,846 | INFO |    ↳ Status 200
2026-08-29 03:53:12,847 | INFO |    ✓ Found 8 movies
2026-08-29 03:53:12,847 | INFO | [472/1901] Fetching Dhoraji (DHOR)
2026-08-29 03:53:13,338 | INFO |    ↳ Status 403
2026-08-29 03:53:13,338 | WARNING |    ⚠ Blocked (403) retry 1
2026-08-29 03:53:13,397 | INFO | 🌐 Session warmed
2026-08-29 03:53:13,534 | INFO |    ↳ Status 403
2026-08-29 03:53:13,534 | WARNING |    ⚠ Blocked (403) retry 1
2026-08-29 03:53:13,598 | INFO | 🌐 Session warmed
2026-08-29 03:53:14,324 | INFO |    ↳ Status 200
2026-08-29 03:53:14,324 | INFO |    ✓ Found 8 movies
2026-08-29 03:53:14,324 | INFO | [473/1901] Fetching Dhrangadhra (DHRN)
2026-08-29 03:53:14,857 | INFO |    ↳ Status 403
2026-08-29 03:53:14,857 | WARNING |    ⚠ Blocked (403) retry 2
2026-08-29 03:53:14,912 | INFO | 🌐 Session warmed
2026-08-29 03:53:15,293 | INFO |    ↳ Status 403
2026-08-29 03:53:15,293 | WARNING |    ⚠ Blocked (403) retry 2
2026-08-29 03:53:15,351 | INFO | 🌐 Session warmed
2026-08-29 03:53:15,879 | INFO |    ↳ Status 403
2026-08-29 03:53:15,879 | WARNING |    ⚠ Blocked (403) retry 2
2026-08-29 03:53:15,958 | INFO | 🌐 Session warmed
2026-08-29 03:53:16,249 | INFO |    ↳ Status 200
2026-08-29 03:53:16,250 | INFO |    ✓ Found 8 movies
2026-08-29 03:53:16,250 | INFO | [474/1901] Fetching Dhubri (DHBR)
2026-08-29 03:53:17,926 | INFO |    ↳ Status 200
2026-08-29 03:53:17,926 | INFO |    ✓ Found 8 movies
2026-08-29 03:53:17,926 | INFO | [475/1901] Fetching Dhule (DHLE)
2026-08-29 03:53:18,008 | INFO |    ↳ Status 403
2026-08-29 03:53:18,008 | WARNING |    ⚠ Blocked (403) retry 3
2026-08-29 03:53:18,069 | INFO | 🌐 Session warmed
2026-08-29 03:53:18,234 | INFO |    ↳ Status 403
2026-08-29 03:53:18,234 | WARNING |    ⚠ Blocked (403) retry 3
2026-08-29 03:53:18,312 | INFO | 🌐 Session warmed
2026-08-29 03:53:18,730 | INFO |    ↳ Status 403
2026-08-29 03:53:18,730 | WARNING |    ⚠ Blocked (403) retry 3
2026-08-29 03:53:18,787 | INFO | 🌐 Session warmed
2026-08-29 03:53:19,028 | INFO |    ↳ Status 200
2026-08-29 03:53:19,028 | INFO |    ✓ Found 5 movies
2026-08-29 03:53:19,029 | INFO | [476/1901] Fetching Dhulian (DHAA)
2026-08-29 03:53:20,577 | INFO |    ↳ Status 200
2026-08-29 03:53:20,577 | INFO |    ✓ Found 8 movies
2026-08-29 03:53:20,577 | INFO | [477/1901] Fetching Dhuliyan (DHUI)
2026-08-29 03:53:22,069 | INFO | [478/1901] Fetching Dhuri (DHRI)
2026-08-29 03:53:22,312 | INFO | [479/1901] Fetching Diamond Harbour (MNHR)
2026-08-29 03:53:22,550 | INFO |    ↳ Status 200
2026-08-29 03:53:22,551 | INFO |    ✓ Found 8 movies
2026-08-29 03:53:22,551 | INFO | [480/1901] Fetching Dibrugarh (DIB)
2026-08-29 03:53:22,787 | INFO | [481/1901] Fetching Digras (DIGR)
2026-08-29 03:53:23,099 | INFO |    ↳ Status 403
2026-08-29 03:53:23,099 | WARNING |    ⚠ Blocked (403) retry 1
2026-08-29 03:53:23,168 | INFO |    ↳ Status 403
2026-08-29 03:53:23,168 | WARNING |    ⚠ Blocked (403) retry 1
2026-08-29 03:53:23,172 | INFO | 🌐 Session warmed
2026-08-29 03:53:23,226 | INFO | 🌐 Session warmed
2026-08-29 03:53:23,829 | INFO |    ↳ Status 200
2026-08-29 03:53:23,829 | INFO |    ✓ Found 8 movies
2026-08-29 03:53:23,830 | INFO | [482/1901] Fetching Dildar Nagar (DLDR)
2026-08-29 03:53:24,123 | INFO |    ↳ Status 403
2026-08-29 03:53:24,123 | WARNING |    ⚠ Blocked (403) retry 1
2026-08-29 03:53:24,180 | INFO | 🌐 Session warmed
2026-08-29 03:53:25,090 | INFO |    ↳ Status 200
2026-08-29 03:53:25,090 | INFO |    ✓ Found 8 movies
2026-08-29 03:53:25,090 | INFO | [483/1901] Fetching Dima Hasao (DMHO)
2026-08-29 03:53:25,171 | INFO |    ↳ Status 403
2026-08-29 03:53:25,171 | WARNING |    ⚠ Blocked (403) retry 2
2026-08-29 03:53:25,233 | INFO | 🌐 Session warmed
2026-08-29 03:53:25,297 | INFO |    ↳ Status 403
2026-08-29 03:53:25,298 | WARNING |    ⚠ Blocked (403) retry 2
2026-08-29 03:53:25,354 | INFO | 🌐 Session warmed
2026-08-29 03:53:25,897 | INFO |    ↳ Status 403
2026-08-29 03:53:25,897 | WARNING |    ⚠ Blocked (403) retry 2
2026-08-29 03:53:25,958 | INFO | 🌐 Session warmed
2026-08-29 03:53:26,226 | INFO |    ↳ Status 200
2026-08-29 03:53:26,226 | INFO |    ✓ Found 8 movies
2026-08-29 03:53:26,226 | INFO | [484/1901] Fetching Dimapur (DMPR)
2026-08-29 03:53:27,777 | INFO |    ↳ Status 200
2026-08-29 03:53:27,777 | INFO |    ✓ Found 2 movies
2026-08-29 03:53:27,777 | INFO | [485/1901] Fetching Dinanagar (DINA)
2026-08-29 03:53:28,184 | INFO |    ↳ Status 403
2026-08-29 03:53:28,184 | WARNING |    ⚠ Blocked (403) retry 3
2026-08-29 03:53:28,242 | INFO | 🌐 Session warmed
2026-08-29 03:53:28,492 | INFO |    ↳ Status 403
2026-08-29 03:53:28,492 | WARNING |    ⚠ Blocked (403) retry 3
2026-08-29 03:53:28,554 | INFO | 🌐 Session warmed
2026-08-29 03:53:28,757 | INFO |    ↳ Status 403
2026-08-29 03:53:28,757 | WARNING |    ⚠ Blocked (403) retry 3
2026-08-29 03:53:28,819 | INFO | 🌐 Session warmed
2026-08-29 03:53:29,373 | INFO |    ↳ Status 200
2026-08-29 03:53:29,373 | INFO |    ✓ Found 8 movies
2026-08-29 03:53:29,373 | INFO | [486/1901] Fetching Dindigul (DIND)
2026-08-29 03:53:31,520 | INFO |    ↳ Status 200
2026-08-29 03:53:31,520 | INFO |    ✓ Found 7 movies
2026-08-29 03:53:31,520 | INFO | [487/1901] Fetching Diphu (DIPH)
2026-08-29 03:53:32,242 | INFO | [488/1901] Fetching Dirang (DGGD)
2026-08-29 03:53:32,554 | INFO | [489/1901] Fetching Doddaballapura (DDBP)
2026-08-29 03:53:32,819 | INFO | [490/1901] Fetching Doimukh (MDHK)
2026-08-29 03:53:33,079 | INFO |    ↳ Status 200
2026-08-29 03:53:33,079 | INFO |    ✓ Found 8 movies
2026-08-29 03:53:33,079 | INFO | [491/1901] Fetching Domkal (DMKL)
2026-08-29 03:53:33,133 | INFO |    ↳ Status 403
2026-08-29 03:53:33,133 | WARNING |    ⚠ Blocked (403) retry 1
2026-08-29 03:53:33,194 | INFO | 🌐 Session warmed
2026-08-29 03:53:33,464 | INFO |    ↳ Status 403
2026-08-29 03:53:33,464 | WARNING |    ⚠ Blocked (403) retry 1
2026-08-29 03:53:33,522 | INFO | 🌐 Session warmed
2026-08-29 03:53:33,955 | INFO |    ↳ Status 403
2026-08-29 03:53:33,955 | WARNING |    ⚠ Blocked (403) retry 1
2026-08-29 03:53:34,012 | INFO | 🌐 Session warmed
2026-08-29 03:53:34,341 | INFO |    ↳ Status 200
2026-08-29 03:53:34,341 | INFO |    ✓ Found 8 movies
2026-08-29 03:53:34,342 | INFO | [492/1901] Fetching Dongargarh (DONG)
2026-08-29 03:53:34,856 | INFO |    ↳ Status 403
2026-08-29 03:53:34,856 | WARNING |    ⚠ Blocked (403) retry 2
2026-08-29 03:53:34,920 | INFO | 🌐 Session warmed
2026-08-29 03:53:35,433 | INFO |    ↳ Status 403
2026-08-29 03:53:35,433 | WARNING |    ⚠ Blocked (403) retry 2
2026-08-29 03:53:35,491 | INFO | 🌐 Session warmed
2026-08-29 03:53:35,964 | INFO |    ↳ Status 200
2026-08-29 03:53:35,964 | INFO |    ✓ Found 8 movies
2026-08-29 03:53:35,965 | INFO | [493/1901] Fetching Doolahat Bazar (DLBZ)
2026-08-29 03:53:36,118 | INFO |    ↳ Status 403
2026-08-29 03:53:36,118 | WARNING |    ⚠ Blocked (403) retry 2
2026-08-29 03:53:36,176 | INFO | 🌐 Session warmed
2026-08-29 03:53:36,937 | INFO |    ↳ Status 200
2026-08-29 03:53:36,937 | INFO |    ✓ Found 8 movies
2026-08-29 03:53:36,937 | INFO | [494/1901] Fetching Doraha (DORH)
2026-08-29 03:53:38,027 | INFO |    ↳ Status 200
2026-08-29 03:53:38,028 | INFO |    ✓ Found 8 movies
2026-08-29 03:53:38,028 | INFO | [495/1901] Fetching Dornakal (DORN)
2026-08-29 03:53:38,049 | INFO |    ↳ Status 403
2026-08-29 03:53:38,049 | WARNING |    ⚠ Blocked (403) retry 3
2026-08-29 03:53:38,109 | INFO | 🌐 Session warmed
2026-08-29 03:53:38,218 | INFO |    ↳ Status 403
2026-08-29 03:53:38,218 | WARNING |    ⚠ Blocked (403) retry 3
2026-08-29 03:53:38,277 | INFO | 🌐 Session warmed
2026-08-29 03:53:38,849 | INFO |    ↳ Status 403
2026-08-29 03:53:38,849 | WARNING |    ⚠ Blocked (403) retry 3
2026-08-29 03:53:38,903 | INFO | 🌐 Session warmed
2026-08-29 03:53:39,612 | INFO |    ↳ Status 200
2026-08-29 03:53:39,612 | INFO |    ✓ Found 7 movies
2026-08-29 03:53:39,612 | INFO | [496/1901] Fetching Dowlaiswaram (DOWL)
2026-08-29 03:53:41,406 | INFO |    ↳ Status 200
2026-08-29 03:53:41,406 | INFO |    ✓ Found 8 movies
2026-08-29 03:53:41,406 | INFO | [497/1901] Fetching Draksharamam (DAKR)
2026-08-29 03:53:42,110 | INFO | [498/1901] Fetching Dubbaka (DBBK)
2026-08-29 03:53:42,277 | INFO | [499/1901] Fetching Dubrajpur (DUBR)
2026-08-29 03:53:42,344 | INFO |    ↳ Status 200
2026-08-29 03:53:42,344 | INFO |    ✓ Found 7 movies
2026-08-29 03:53:42,344 | INFO | [500/1901] Fetching Dudhi (DUDH)
2026-08-29 03:53:42,903 | INFO | [501/1901] Fetching Dumka (DUMKA)
2026-08-29 03:53:43,208 | INFO |    ↳ Status 403
2026-08-29 03:53:43,208 | WARNING |    ⚠ Blocked (403) retry 1
2026-08-29 03:53:43,278 | INFO | 🌐 Session warmed
2026-08-29 03:53:43,428 | INFO |    ↳ Status 403
2026-08-29 03:53:43,428 | WARNING |    ⚠ Blocked (403) retry 1
2026-08-29 03:53:43,507 | INFO | 🌐 Session warmed
2026-08-29 03:53:44,088 | INFO |    ↳ Status 403
2026-08-29 03:53:44,088 | WARNING |    ⚠ Blocked (403) retry 1
2026-08-29 03:53:44,150 | INFO | 🌐 Session warmed
2026-08-29 03:53:44,352 | INFO |    ↳ Status 200
2026-08-29 03:53:44,352 | INFO |    ✓ Found 8 movies
2026-08-29 03:53:44,353 | INFO | [502/1901] Fetching Dungarpur (DUNG)
2026-08-29 03:53:45,193 | INFO |    ↳ Status 403
2026-08-29 03:53:45,193 | WARNING |    ⚠ Blocked (403) retry 2
2026-08-29 03:53:45,249 | INFO | 🌐 Session warmed
2026-08-29 03:53:45,504 | INFO |    ↳ Status 403
2026-08-29 03:53:45,505 | WARNING |    ⚠ Blocked (403) retry 2
2026-08-29 03:53:45,561 | INFO | 🌐 Session warmed
2026-08-29 03:53:45,636 | INFO |    ↳ Status 200
2026-08-29 03:53:45,636 | INFO |    ✓ Found 4 movies
2026-08-29 03:53:45,637 | INFO | [503/1901] Fetching Durg (DURG)
2026-08-29 03:53:46,021 | INFO |    ↳ Status 403
2026-08-29 03:53:46,021 | WARNING |    ⚠ Blocked (403) retry 2
2026-08-29 03:53:46,077 | INFO | 🌐 Session warmed
2026-08-29 03:53:46,935 | INFO |    ↳ Status 200
2026-08-29 03:53:46,936 | INFO |    ✓ Found 8 movies
2026-08-29 03:53:46,936 | INFO | [504/1901] Fetching Durgapur (DURGA)
2026-08-29 03:53:47,982 | INFO |    ↳ Status 403
2026-08-29 03:53:47,982 | WARNING |    ⚠ Blocked (403) retry 3
2026-08-29 03:53:48,036 | INFO | 🌐 Session warmed
2026-08-29 03:53:48,741 | INFO |    ↳ Status 403
2026-08-29 03:53:48,741 | WARNING |    ⚠ Blocked (403) retry 3
2026-08-29 03:53:48,797 | INFO | 🌐 Session warmed
2026-08-29 03:53:48,915 | INFO |    ↳ Status 403
2026-08-29 03:53:48,915 | WARNING |    ⚠ Blocked (403) retry 3
2026-08-29 03:53:48,980 | INFO | 🌐 Session warmed
2026-08-29 03:53:49,233 | INFO |    ↳ Status 200
2026-08-29 03:53:49,234 | INFO |    ✓ Found 8 movies
2026-08-29 03:53:49,234 | INFO | [505/1901] Fetching Dwarka (DWAR)
2026-08-29 03:53:51,493 | INFO |    ↳ Status 200
2026-08-29 03:53:51,493 | INFO |    ✓ Found 8 movies
2026-08-29 03:53:51,493 | INFO | [506/1901] Fetching East Godavari (ESTG)
2026-08-29 03:53:52,037 | INFO | [507/1901] Fetching Edappal (EDPL)
2026-08-29 03:53:52,696 | INFO |    ↳ Status 403
2026-08-29 03:53:52,696 | WARNING |    ⚠ Blocked (403) retry 1
2026-08-29 03:53:52,755 | INFO | 🌐 Session warmed
2026-08-29 03:53:52,798 | INFO | [508/1901] Fetching Edlapadu (EDLP)
2026-08-29 03:53:52,981 | INFO | [509/1901] Fetching Ekma (EKMA)
2026-08-29 03:53:53,715 | INFO |    ↳ Status 200
2026-08-29 03:53:53,716 | INFO |    ✓ Found 7 movies
2026-08-29 03:53:53,716 | INFO | [510/1901] Fetching Elesvaram (ELES)
2026-08-29 03:53:54,132 | INFO |    ↳ Status 403
2026-08-29 03:53:54,132 | WARNING |    ⚠ Blocked (403) retry 1
2026-08-29 03:53:54,200 | INFO | 🌐 Session warmed
2026-08-29 03:53:54,201 | INFO |    ↳ Status 403
2026-08-29 03:53:54,201 | WARNING |    ⚠ Blocked (403) retry 1
2026-08-29 03:53:54,262 | INFO | 🌐 Session warmed
2026-08-29 03:53:54,695 | INFO |    ↳ Status 403
2026-08-29 03:53:54,695 | WARNING |    ⚠ Blocked (403) retry 2
2026-08-29 03:53:54,754 | INFO | 🌐 Session warmed
2026-08-29 03:53:55,010 | INFO |    ↳ Status 200
2026-08-29 03:53:55,011 | INFO |    ✓ Found 7 movies
2026-08-29 03:53:55,011 | INFO | [511/1901] Fetching Eluru (ELRU)
2026-08-29 03:53:56,516 | INFO |    ↳ Status 403
2026-08-29 03:53:56,516 | WARNING |    ⚠ Blocked (403) retry 2
2026-08-29 03:53:56,572 | INFO | 🌐 Session warmed
2026-08-29 03:53:56,593 | INFO |    ↳ Status 403
2026-08-29 03:53:56,593 | WARNING |    ⚠ Blocked (403) retry 2
2026-08-29 03:53:56,600 | INFO |    ↳ Status 200
2026-08-29 03:53:56,600 | INFO |    ✓ Found 7 movies
2026-08-29 03:53:56,601 | INFO | [512/1901] Fetching Enkoor (ENKR)
2026-08-29 03:53:56,650 | INFO | 🌐 Session warmed
2026-08-29 03:53:57,434 | INFO |    ↳ Status 403
2026-08-29 03:53:57,434 | WARNING |    ⚠ Blocked (403) retry 3
2026-08-29 03:53:57,497 | INFO | 🌐 Session warmed
2026-08-29 03:53:57,527 | INFO |    ↳ Status 200
2026-08-29 03:53:57,527 | INFO |    ✓ Found 7 movies
2026-08-29 03:53:57,527 | INFO | [513/1901] Fetching Eramalloor (ERMR)
2026-08-29 03:53:58,947 | INFO |    ↳ Status 200
2026-08-29 03:53:58,948 | INFO |    ✓ Found 8 movies
2026-08-29 03:53:58,948 | INFO | [514/1901] Fetching Erandol (ERAN)
2026-08-29 03:53:59,272 | INFO |    ↳ Status 403
2026-08-29 03:53:59,272 | WARNING |    ⚠ Blocked (403) retry 3
2026-08-29 03:53:59,329 | INFO | 🌐 Session warmed
2026-08-29 03:53:59,913 | INFO |    ↳ Status 403
2026-08-29 03:53:59,913 | WARNING |    ⚠ Blocked (403) retry 3
2026-08-29 03:53:59,929 | INFO |    ↳ Status 200
2026-08-29 03:53:59,930 | INFO |    ✓ Found 8 movies
2026-08-29 03:53:59,930 | INFO | [515/1901] Fetching Erattupetta (ERAT)
2026-08-29 03:53:59,971 | INFO | 🌐 Session warmed
2026-08-29 03:54:01,350 | INFO |    ↳ Status 200
2026-08-29 03:54:01,350 | INFO |    ✓ Found 8 movies
2026-08-29 03:54:01,350 | INFO | [516/1901] Fetching Ernakulam (ERNK)
2026-08-29 03:54:01,497 | INFO | [517/1901] Fetching Erode (EROD)
2026-08-29 03:54:02,692 | INFO |    ↳ Status 200
2026-08-29 03:54:02,692 | INFO |    ✓ Found 8 movies
2026-08-29 03:54:02,693 | INFO | [518/1901] Fetching Etah (ETAH)
2026-08-29 03:54:02,793 | INFO |    ↳ Status 403
2026-08-29 03:54:02,793 | WARNING |    ⚠ Blocked (403) retry 1
2026-08-29 03:54:02,848 | INFO | 🌐 Session warmed
2026-08-29 03:54:03,329 | INFO | [519/1901] Fetching Etawah (ETWH)
2026-08-29 03:54:03,856 | INFO |    ↳ Status 200
2026-08-29 03:54:03,856 | INFO |    ✓ Found 6 movies
2026-08-29 03:54:03,856 | INFO | [520/1901] Fetching Ettumanoor (ETTU)
2026-08-29 03:54:03,972 | INFO | [521/1901] Fetching Eturnagaram (ETNR)
2026-08-29 03:54:04,270 | INFO |    ↳ Status 403
2026-08-29 03:54:04,270 | WARNING |    ⚠ Blocked (403) retry 1
2026-08-29 03:54:04,331 | INFO | 🌐 Session warmed
2026-08-29 03:54:04,955 | INFO |    ↳ Status 403
2026-08-29 03:54:04,955 | WARNING |    ⚠ Blocked (403) retry 1
2026-08-29 03:54:05,013 | INFO | 🌐 Session warmed
2026-08-29 03:54:05,027 | INFO |    ↳ Status 200
2026-08-29 03:54:05,027 | INFO |    ✓ Found 8 movies
2026-08-29 03:54:05,027 | INFO | [522/1901] Fetching Faizabad (FAZA)
2026-08-29 03:54:05,041 | INFO |    ↳ Status 403
2026-08-29 03:54:05,041 | WARNING |    ⚠ Blocked (403) retry 2
2026-08-29 03:54:05,098 | INFO | 🌐 Session warmed
2026-08-29 03:54:05,996 | INFO |    ↳ Status 403
2026-08-29 03:54:05,996 | WARNING |    ⚠ Blocked (403) retry 2
2026-08-29 03:54:06,054 | INFO | 🌐 Session warmed
2026-08-29 03:54:06,176 | INFO |    ↳ Status 200
2026-08-29 03:54:06,176 | INFO |    ✓ Found 6 movies
2026-08-29 03:54:06,176 | INFO | [523/1901] Fetching Falakata (FALA)
2026-08-29 03:54:06,802 | INFO |    ↳ Status 403
2026-08-29 03:54:06,802 | WARNING |    ⚠ Blocked (403) retry 2
2026-08-29 03:54:06,862 | INFO | 🌐 Session warmed
2026-08-29 03:54:07,194 | INFO |    ↳ Status 200
2026-08-29 03:54:07,194 | INFO |    ✓ Found 8 movies
2026-08-29 03:54:07,194 | INFO | [524/1901] Fetching Falna (FALN)
2026-08-29 03:54:08,044 | INFO |    ↳ Status 403
2026-08-29 03:54:08,044 | WARNING |    ⚠ Blocked (403) retry 3
2026-08-29 03:54:08,102 | INFO | 🌐 Session warmed
2026-08-29 03:54:08,813 | INFO |    ↳ Status 200
2026-08-29 03:54:08,814 | INFO |    ✓ Found 4 movies
2026-08-29 03:54:08,814 | INFO | [525/1901] Fetching Faridkot (DKOT)
2026-08-29 03:54:09,403 | INFO |    ↳ Status 403
2026-08-29 03:54:09,403 | WARNING |    ⚠ Blocked (403) retry 3
2026-08-29 03:54:09,466 | INFO | 🌐 Session warmed
2026-08-29 03:54:09,523 | INFO |    ↳ Status 403
2026-08-29 03:54:09,523 | WARNING |    ⚠ Blocked (403) retry 3
2026-08-29 03:54:09,596 | INFO | 🌐 Session warmed
2026-08-29 03:54:10,101 | INFO |    ↳ Status 200
2026-08-29 03:54:10,101 | INFO |    ✓ Found 1 movies
2026-08-29 03:54:10,101 | INFO | [526/1901] Fetching Farrukhabad (FARU)
2026-08-29 03:54:11,711 | INFO |    ↳ Status 200
2026-08-29 03:54:11,711 | INFO |    ✓ Found 8 movies
2026-08-29 03:54:11,711 | INFO | [527/1901] Fetching Fatehabad (FATD)
2026-08-29 03:54:12,102 | INFO | [528/1901] Fetching Fatehgarh Sahib (FASA)
2026-08-29 03:54:12,970 | INFO |    ↳ Status 200
2026-08-29 03:54:12,971 | INFO |    ✓ Found 7 movies
2026-08-29 03:54:12,971 | INFO | [529/1901] Fetching Fatehpur (FATE)
2026-08-29 03:54:13,016 | INFO |    ↳ Status 403
2026-08-29 03:54:13,016 | WARNING |    ⚠ Blocked (403) retry 1
2026-08-29 03:54:13,074 | INFO | 🌐 Session warmed
2026-08-29 03:54:13,467 | INFO | [530/1901] Fetching Fatehpur(Rajasthan) (FATR)
2026-08-29 03:54:13,596 | INFO | [531/1901] Fetching Fazilka (FAKA)
2026-08-29 03:54:14,568 | INFO |    ↳ Status 200
2026-08-29 03:54:14,568 | INFO |    ✓ Found 6 movies
2026-08-29 03:54:14,568 | INFO | [532/1901] Fetching Firozabad (FRZD)
2026-08-29 03:54:14,737 | INFO |    ↳ Status 403
2026-08-29 03:54:14,737 | WARNING |    ⚠ Blocked (403) retry 1
2026-08-29 03:54:14,754 | INFO |    ↳ Status 403
2026-08-29 03:54:14,755 | WARNING |    ⚠ Blocked (403) retry 1
2026-08-29 03:54:14,824 | INFO | 🌐 Session warmed
2026-08-29 03:54:14,825 | INFO | 🌐 Session warmed
2026-08-29 03:54:15,077 | INFO |    ↳ Status 403
2026-08-29 03:54:15,077 | WARNING |    ⚠ Blocked (403) retry 2
2026-08-29 03:54:15,134 | INFO | 🌐 Session warmed
2026-08-29 03:54:15,667 | INFO |    ↳ Status 200
2026-08-29 03:54:15,667 | INFO |    ✓ Found 6 movies
2026-08-29 03:54:15,667 | INFO | [533/1901] Fetching Firozpur (FRZR)
2026-08-29 03:54:16,555 | INFO |    ↳ Status 403
2026-08-29 03:54:16,555 | WARNING |    ⚠ Blocked (403) retry 2
2026-08-29 03:54:16,612 | INFO | 🌐 Session warmed
2026-08-29 03:54:16,907 | INFO |    ↳ Status 403
2026-08-29 03:54:16,907 | WARNING |    ⚠ Blocked (403) retry 2
2026-08-29 03:54:16,924 | INFO |    ↳ Status 200
2026-08-29 03:54:16,924 | INFO |    ✓ Found 8 movies
2026-08-29 03:54:16,924 | INFO | [534/1901] Fetching Forbesganj (FORB)
2026-08-29 03:54:16,972 | INFO | 🌐 Session warmed
2026-08-29 03:54:18,124 | INFO |    ↳ Status 200
2026-08-29 03:54:18,124 | INFO |    ✓ Found 7 movies
2026-08-29 03:54:18,125 | INFO | [535/1901] Fetching France (FCR)
2026-08-29 03:54:18,426 | INFO |    ↳ Status 403
2026-08-29 03:54:18,426 | WARNING |    ⚠ Blocked (403) retry 3
2026-08-29 03:54:18,483 | INFO | 🌐 Session warmed
2026-08-29 03:54:19,086 | INFO |    ↳ Status 200
2026-08-29 03:54:19,086 | INFO |    ✓ Found 1 movies
2026-08-29 03:54:19,086 | INFO | [536/1901] Fetching Fulkusma (FULK)
2026-08-29 03:54:19,328 | INFO |    ↳ Status 403
2026-08-29 03:54:19,329 | WARNING |    ⚠ Blocked (403) retry 3
2026-08-29 03:54:19,388 | INFO | 🌐 Session warmed
2026-08-29 03:54:20,018 | INFO |    ↳ Status 403
2026-08-29 03:54:20,018 | WARNING |    ⚠ Blocked (403) retry 3
2026-08-29 03:54:20,074 | INFO | 🌐 Session warmed
2026-08-29 03:54:20,250 | INFO |    ↳ Status 200
2026-08-29 03:54:20,251 | INFO |    ✓ Found 8 movies
2026-08-29 03:54:20,251 | INFO | [537/1901] Fetching G.Mamidada (GMAD)
2026-08-29 03:54:21,737 | INFO |    ↳ Status 200
2026-08-29 03:54:21,738 | INFO |    ✓ Found 7 movies
2026-08-29 03:54:21,738 | INFO | [538/1901] Fetching Gadag (GADG)
2026-08-29 03:54:22,483 | INFO | [539/1901] Fetching Gadarwara (GDWR)
2026-08-29 03:54:23,388 | INFO | [540/1901] Fetching Gadchiroli (GDRO)
2026-08-29 03:54:23,478 | INFO |    ↳ Status 403
2026-08-29 03:54:23,478 | WARNING |    ⚠ Blocked (403) retry 1
2026-08-29 03:54:23,532 | INFO | 🌐 Session warmed
2026-08-29 03:54:23,940 | INFO |    ↳ Status 200
2026-08-29 03:54:23,940 | INFO |    ✓ Found 3 movies
2026-08-29 03:54:23,940 | INFO | [541/1901] Fetching Gadwal (GADW)
2026-08-29 03:54:24,074 | INFO | [542/1901] Fetching Gajapathinagaram (GJPT)
2026-08-29 03:54:24,189 | INFO |    ↳ Status 403
2026-08-29 03:54:24,189 | WARNING |    ⚠ Blocked (403) retry 1
2026-08-29 03:54:24,247 | INFO | 🌐 Session warmed
2026-08-29 03:54:25,096 | INFO |    ↳ Status 403
2026-08-29 03:54:25,096 | WARNING |    ⚠ Blocked (403) retry 1
2026-08-29 03:54:25,153 | INFO | 🌐 Session warmed
2026-08-29 03:54:25,565 | INFO |    ↳ Status 403
2026-08-29 03:54:25,565 | WARNING |    ⚠ Blocked (403) retry 2
2026-08-29 03:54:25,574 | INFO |    ↳ Status 200
2026-08-29 03:54:25,575 | INFO |    ✓ Found 7 movies
2026-08-29 03:54:25,575 | INFO | [543/1901] Fetching Gajendragarh (GJGH)
2026-08-29 03:54:25,633 | INFO | 🌐 Session warmed
2026-08-29 03:54:26,056 | INFO |    ↳ Status 403
2026-08-29 03:54:26,056 | WARNING |    ⚠ Blocked (403) retry 2
2026-08-29 03:54:26,117 | INFO | 🌐 Session warmed
2026-08-29 03:54:26,555 | INFO |    ↳ Status 200
2026-08-29 03:54:26,555 | INFO |    ✓ Found 3 movies
2026-08-29 03:54:26,555 | INFO | [544/1901] Fetching Gajwel (GAJW)
2026-08-29 03:54:27,229 | INFO |    ↳ Status 403
2026-08-29 03:54:27,229 | WARNING |    ⚠ Blocked (403) retry 2
2026-08-29 03:54:27,303 | INFO | 🌐 Session warmed
2026-08-29 03:54:27,464 | INFO |    ↳ Status 200
2026-08-29 03:54:27,464 | INFO |    ✓ Found 7 movies
2026-08-29 03:54:27,464 | INFO | [545/1901] Fetching Gampalagudem (GMPL)
2026-08-29 03:54:28,372 | INFO |    ↳ Status 403
2026-08-29 03:54:28,372 | WARNING |    ⚠ Blocked (403) retry 3
2026-08-29 03:54:28,431 | INFO | 🌐 Session warmed
2026-08-29 03:54:29,003 | INFO |    ↳ Status 403
2026-08-29 03:54:29,003 | WARNING |    ⚠ Blocked (403) retry 3
2026-08-29 03:54:29,059 | INFO | 🌐 Session warmed
2026-08-29 03:54:29,536 | INFO |    ↳ Status 200
2026-08-29 03:54:29,536 | INFO |    ✓ Found 8 movies
2026-08-29 03:54:29,536 | INFO | [546/1901] Fetching Ganapavaram (GANP)
2026-08-29 03:54:29,950 | INFO |    ↳ Status 403
2026-08-29 03:54:29,950 | WARNING |    ⚠ Blocked (403) retry 3
2026-08-29 03:54:30,015 | INFO | 🌐 Session warmed
2026-08-29 03:54:30,766 | INFO |    ↳ Status 200
2026-08-29 03:54:30,766 | INFO |    ✓ Found 7 movies
2026-08-29 03:54:30,767 | INFO | [547/1901] Fetching Gandhidham (GDHAM)
2026-08-29 03:54:31,771 | INFO |    ↳ Status 200
2026-08-29 03:54:31,771 | INFO |    ✓ Found 8 movies
2026-08-29 03:54:31,771 | INFO | [548/1901] Fetching Gandhinagar (GNAGAR)
2026-08-29 03:54:32,432 | INFO | [549/1901] Fetching Gangarampur (GNGR)
2026-08-29 03:54:32,937 | INFO |    ↳ Status 200
2026-08-29 03:54:32,938 | INFO |    ✓ Found 8 movies
2026-08-29 03:54:32,938 | INFO | [550/1901] Fetching Gangavati (GAVT)
2026-08-29 03:54:33,059 | INFO | [551/1901] Fetching Gangoh (GANZ)
2026-08-29 03:54:33,753 | INFO |    ↳ Status 403
2026-08-29 03:54:33,753 | WARNING |    ⚠ Blocked (403) retry 1
2026-08-29 03:54:33,812 | INFO | 🌐 Session warmed
2026-08-29 03:54:34,011 | INFO |    ↳ Status 200
2026-08-29 03:54:34,011 | INFO |    ✓ Found 3 movies
2026-08-29 03:54:34,011 | INFO | [552/1901] Fetching Gangtok (GANG)
2026-08-29 03:54:34,015 | INFO | [553/1901] Fetching Ganjam (GHZA)
2026-08-29 03:54:34,359 | INFO |    ↳ Status 403
2026-08-29 03:54:34,359 | WARNING |    ⚠ Blocked (403) retry 1
2026-08-29 03:54:34,417 | INFO | 🌐 Session warmed
2026-08-29 03:54:34,704 | INFO |    ↳ Status 403
2026-08-29 03:54:34,705 | WARNING |    ⚠ Blocked (403) retry 1
2026-08-29 03:54:34,762 | INFO | 🌐 Session warmed
2026-08-29 03:54:35,254 | INFO |    ↳ Status 200
2026-08-29 03:54:35,255 | INFO |    ✓ Found 1 movies
2026-08-29 03:54:35,255 | INFO | [554/1901] Fetching Ganjbasoda (GANJ)
2026-08-29 03:54:36,124 | INFO |    ↳ Status 403
2026-08-29 03:54:36,124 | WARNING |    ⚠ Blocked (403) retry 2
2026-08-29 03:54:36,194 | INFO |    ↳ Status 403
2026-08-29 03:54:36,194 | WARNING |    ⚠ Blocked (403) retry 2
2026-08-29 03:54:36,197 | INFO | 🌐 Session warmed
2026-08-29 03:54:36,251 | INFO | 🌐 Session warmed
2026-08-29 03:54:36,381 | INFO |    ↳ Status 403
2026-08-29 03:54:36,381 | WARNING |    ⚠ Blocked (403) retry 2
2026-08-29 03:54:36,420 | INFO |    ↳ Status 200
2026-08-29 03:54:36,420 | INFO |    ✓ Found 7 movies
2026-08-29 03:54:36,420 | INFO | [555/1901] Fetching Gannavaram (GANN)
2026-08-29 03:54:36,442 | INFO | 🌐 Session warmed
2026-08-29 03:54:38,094 | INFO |    ↳ Status 200
2026-08-29 03:54:38,095 | INFO |    ✓ Found 7 movies
2026-08-29 03:54:38,095 | INFO | [556/1901] Fetching Garhwal (GRAH)
2026-08-29 03:54:39,108 | INFO |    ↳ Status 403
2026-08-29 03:54:39,108 | WARNING |    ⚠ Blocked (403) retry 3
2026-08-29 03:54:39,171 | INFO | 🌐 Session warmed
2026-08-29 03:54:39,354 | INFO |    ↳ Status 403
2026-08-29 03:54:39,355 | WARNING |    ⚠ Blocked (403) retry 3
2026-08-29 03:54:39,412 | INFO | 🌐 Session warmed
2026-08-29 03:54:39,458 | INFO |    ↳ Status 200
2026-08-29 03:54:39,458 | INFO |    ✓ Found 8 movies
2026-08-29 03:54:39,458 | INFO | [557/1901] Fetching Garla (GALA)
2026-08-29 03:54:39,496 | INFO |    ↳ Status 403
2026-08-29 03:54:39,496 | WARNING |    ⚠ Blocked (403) retry 3
2026-08-29 03:54:39,551 | INFO | 🌐 Session warmed
2026-08-29 03:54:40,835 | INFO |    ↳ Status 200
2026-08-29 03:54:40,835 | INFO |    ✓ Found 7 movies
2026-08-29 03:54:40,835 | INFO | [558/1901] Fetching Gauribidanur (GAUR)
2026-08-29 03:54:41,999 | INFO |    ↳ Status 200
2026-08-29 03:54:41,999 | INFO |    ✓ Found 3 movies
2026-08-29 03:54:41,999 | INFO | [559/1901] Fetching Gauriganj (GNGJ)
2026-08-29 03:54:43,171 | INFO | [560/1901] Fetching Gaya (GAYA)
2026-08-29 03:54:43,413 | INFO | [561/1901] Fetching Gazole (GAZP)
2026-08-29 03:54:43,552 | INFO | [562/1901] Fetching Georai (GEOR)
2026-08-29 03:54:43,552 | INFO |    ↳ Status 200
2026-08-29 03:54:43,553 | INFO |    ✓ Found 8 movies
2026-08-29 03:54:43,553 | INFO | [563/1901] Fetching Ghatanji (GHAT)
2026-08-29 03:54:44,045 | INFO |    ↳ Status 403
2026-08-29 03:54:44,045 | WARNING |    ⚠ Blocked (403) retry 1
2026-08-29 03:54:44,117 | INFO | 🌐 Session warmed
2026-08-29 03:54:44,404 | INFO |    ↳ Status 403
2026-08-29 03:54:44,404 | WARNING |    ⚠ Blocked (403) retry 1
2026-08-29 03:54:44,457 | INFO | 🌐 Session warmed
2026-08-29 03:54:44,486 | INFO |    ↳ Status 403
2026-08-29 03:54:44,486 | WARNING |    ⚠ Blocked (403) retry 1
2026-08-29 03:54:44,548 | INFO | 🌐 Session warmed
2026-08-29 03:54:44,894 | INFO |    ↳ Status 200
2026-08-29 03:54:44,894 | INFO |    ✓ Found 5 movies
2026-08-29 03:54:44,894 | INFO | [564/1901] Fetching Ghazipur (GHAR)
2026-08-29 03:54:46,000 | INFO |    ↳ Status 403
2026-08-29 03:54:46,001 | WARNING |    ⚠ Blocked (403) retry 2
2026-08-29 03:54:46,061 | INFO | 🌐 Session warmed
2026-08-29 03:54:46,268 | INFO |    ↳ Status 200
2026-08-29 03:54:46,268 | INFO |    ✓ Found 6 movies
2026-08-29 03:54:46,268 | INFO | [565/1901] Fetching Ghorasahan (GHOR)
2026-08-29 03:54:46,279 | INFO |    ↳ Status 403
2026-08-29 03:54:46,279 | WARNING |    ⚠ Blocked (403) retry 2
2026-08-29 03:54:46,351 | INFO | 🌐 Session warmed
2026-08-29 03:54:46,695 | INFO |    ↳ Status 403
2026-08-29 03:54:46,695 | WARNING |    ⚠ Blocked (403) retry 2
2026-08-29 03:54:46,760 | INFO | 🌐 Session warmed
2026-08-29 03:54:47,883 | INFO |    ↳ Status 200
2026-08-29 03:54:47,883 | INFO |    ✓ Found 8 movies
2026-08-29 03:54:47,883 | INFO | [566/1901] Fetching Ghumarwin (GHUM)
2026-08-29 03:54:49,260 | INFO |    ↳ Status 403
2026-08-29 03:54:49,260 | WARNING |    ⚠ Blocked (403) retry 3
2026-08-29 03:54:49,318 | INFO | 🌐 Session warmed
2026-08-29 03:54:49,323 | INFO |    ↳ Status 200
2026-08-29 03:54:49,323 | INFO |    ✓ Found 8 movies
2026-08-29 03:54:49,323 | INFO | [567/1901] Fetching Giddalur (GDAL)
2026-08-29 03:54:49,763 | INFO |    ↳ Status 403
2026-08-29 03:54:49,763 | WARNING |    ⚠ Blocked (403) retry 3
2026-08-29 03:54:49,818 | INFO | 🌐 Session warmed
2026-08-29 03:54:49,889 | INFO |    ↳ Status 403
2026-08-29 03:54:49,889 | WARNING |    ⚠ Blocked (403) retry 3
2026-08-29 03:54:49,949 | INFO | 🌐 Session warmed
2026-08-29 03:54:50,507 | INFO |    ↳ Status 200
2026-08-29 03:54:50,507 | INFO |    ✓ Found 8 movies
2026-08-29 03:54:50,507 | INFO | [568/1901] Fetching Gingee (GING)
2026-08-29 03:54:51,492 | INFO |    ↳ Status 200
2026-08-29 03:54:51,492 | INFO |    ✓ Found 7 movies
2026-08-29 03:54:51,492 | INFO | [569/1901] Fetching Giridih (GIRI)
2026-08-29 03:54:52,414 | INFO |    ↳ Status 200
2026-08-29 03:54:52,414 | INFO |    ✓ Found 8 movies
2026-08-29 03:54:52,414 | INFO | [570/1901] Fetching Goa (GOA)
2026-08-29 03:54:53,318 | INFO | [571/1901] Fetching Goalpara (GOAL)
2026-08-29 03:54:53,819 | INFO | [572/1901] Fetching Gobichettipalayam (GOBI)
2026-08-29 03:54:53,876 | INFO |    ↳ Status 200
2026-08-29 03:54:53,876 | INFO |    ✓ Found 7 movies
2026-08-29 03:54:53,876 | INFO | [573/1901] Fetching Godavarikhani (GDVK)
2026-08-29 03:54:53,949 | INFO | [574/1901] Fetching Godda (GDDA)
2026-08-29 03:54:54,596 | INFO |    ↳ Status 403
2026-08-29 03:54:54,596 | WARNING |    ⚠ Blocked (403) retry 1
2026-08-29 03:54:54,652 | INFO | 🌐 Session warmed
2026-08-29 03:54:54,998 | INFO |    ↳ Status 403
2026-08-29 03:54:54,999 | WARNING |    ⚠ Blocked (403) retry 1
2026-08-29 03:54:54,999 | INFO |    ↳ Status 200
2026-08-29 03:54:54,999 | INFO |    ✓ Found 7 movies
2026-08-29 03:54:54,999 | INFO | [575/1901] Fetching Godhra (GODH)
2026-08-29 03:54:55,057 | INFO | 🌐 Session warmed
2026-08-29 03:54:55,290 | INFO |    ↳ Status 403
2026-08-29 03:54:55,290 | WARNING |    ⚠ Blocked (403) retry 1
2026-08-29 03:54:55,346 | INFO | 🌐 Session warmed
2026-08-29 03:54:56,100 | INFO |    ↳ Status 200
2026-08-29 03:54:56,100 | INFO |    ✓ Found 8 movies
2026-08-29 03:54:56,100 | INFO | [576/1901] Fetching Gogawa (GOGA)
2026-08-29 03:54:56,449 | INFO |    ↳ Status 403
2026-08-29 03:54:56,450 | WARNING |    ⚠ Blocked (403) retry 2
2026-08-29 03:54:56,505 | INFO | 🌐 Session warmed
2026-08-29 03:54:57,156 | INFO |    ↳ Status 403
2026-08-29 03:54:57,156 | WARNING |    ⚠ Blocked (403) retry 2
2026-08-29 03:54:57,214 | INFO | 🌐 Session warmed
2026-08-29 03:54:57,394 | INFO |    ↳ Status 403
2026-08-29 03:54:57,394 | WARNING |    ⚠ Blocked (403) retry 2
2026-08-29 03:54:57,455 | INFO | 🌐 Session warmed
2026-08-29 03:54:57,659 | INFO |    ↳ Status 200
2026-08-29 03:54:57,659 | INFO |    ✓ Found 7 movies
2026-08-29 03:54:57,659 | INFO | [577/1901] Fetching Gohana (GOHA)
2026-08-29 03:54:59,197 | INFO |    ↳ Status 200
2026-08-29 03:54:59,197 | INFO |    ✓ Found 8 movies
2026-08-29 03:54:59,197 | INFO | [578/1901] Fetching Gokak (GKGK)
2026-08-29 03:54:59,763 | INFO |    ↳ Status 403
2026-08-29 03:54:59,763 | WARNING |    ⚠ Blocked (403) retry 3
2026-08-29 03:54:59,824 | INFO | 🌐 Session warmed
2026-08-29 03:55:00,377 | INFO |    ↳ Status 200
2026-08-29 03:55:00,377 | INFO |    ✓ Found 3 movies
2026-08-29 03:55:00,377 | INFO | [579/1901] Fetching Gokarna (GOKA)
2026-08-29 03:55:00,486 | INFO |    ↳ Status 403
2026-08-29 03:55:00,486 | WARNING |    ⚠ Blocked (403) retry 3
2026-08-29 03:55:00,566 | INFO | 🌐 Session warmed
2026-08-29 03:55:00,658 | INFO |    ↳ Status 403
2026-08-29 03:55:00,658 | WARNING |    ⚠ Blocked (403) retry 3
2026-08-29 03:55:00,717 | INFO | 🌐 Session warmed
2026-08-29 03:55:01,566 | INFO |    ↳ Status 200
2026-08-29 03:55:01,566 | INFO |    ✓ Found 3 movies
2026-08-29 03:55:01,567 | INFO | [580/1901] Fetching Gokavaram (GOKM)
2026-08-29 03:55:02,721 | INFO |    ↳ Status 200
2026-08-29 03:55:02,721 | INFO |    ✓ Found 7 movies
2026-08-29 03:55:02,721 | INFO | [581/1901] Fetching Gola Bazar (GABR)
2026-08-29 03:55:03,825 | INFO | [582/1901] Fetching Golaghat (GHT)
2026-08-29 03:55:04,264 | INFO |    ↳ Status 200
2026-08-29 03:55:04,264 | INFO |    ✓ Found 6 movies
2026-08-29 03:55:04,264 | INFO | [583/1901] Fetching Gollaprolu (GOLL)
2026-08-29 03:55:04,566 | INFO | [584/1901] Fetching Gonda (GOND)
2026-08-29 03:55:04,717 | INFO | [585/1901] Fetching Gondal (GONA)
2026-08-29 03:55:05,156 | INFO |    ↳ Status 403
2026-08-29 03:55:05,156 | WARNING |    ⚠ Blocked (403) retry 1
2026-08-29 03:55:05,217 | INFO | 🌐 Session warmed
2026-08-29 03:55:05,410 | INFO |    ↳ Status 200
2026-08-29 03:55:05,410 | INFO |    ✓ Found 7 movies
2026-08-29 03:55:05,411 | INFO | [586/1901] Fetching Gondia (GNDA)
2026-08-29 03:55:05,585 | INFO |    ↳ Status 403
2026-08-29 03:55:05,585 | WARNING |    ⚠ Blocked (403) retry 1
2026-08-29 03:55:05,590 | INFO |    ↳ Status 403
2026-08-29 03:55:05,590 | WARNING |    ⚠ Blocked (403) retry 1
2026-08-29 03:55:05,659 | INFO | 🌐 Session warmed
2026-08-29 03:55:05,662 | INFO | 🌐 Session warmed
2026-08-29 03:55:07,009 | INFO |    ↳ Status 200
2026-08-29 03:55:07,009 | INFO |    ✓ Found 5 movies
2026-08-29 03:55:07,009 | INFO | [587/1901] Fetching Goolikkadavu (GOOL)
2026-08-29 03:55:07,313 | INFO |    ↳ Status 403
2026-08-29 03:55:07,313 | WARNING |    ⚠ Blocked (403) retry 2
2026-08-29 03:55:07,373 | INFO | 🌐 Session warmed
2026-08-29 03:55:07,735 | INFO |    ↳ Status 403
2026-08-29 03:55:07,735 | WARNING |    ⚠ Blocked (403) retry 2
2026-08-29 03:55:07,794 | INFO | 🌐 Session warmed
2026-08-29 03:55:07,819 | INFO |    ↳ Status 403
2026-08-29 03:55:07,819 | WARNING |    ⚠ Blocked (403) retry 2
2026-08-29 03:55:07,873 | INFO | 🌐 Session warmed
2026-08-29 03:55:08,166 | INFO |    ↳ Status 200
2026-08-29 03:55:08,166 | INFO |    ✓ Found 8 movies
2026-08-29 03:55:08,166 | INFO | [588/1901] Fetching Gooty (GOOT)
2026-08-29 03:55:09,550 | INFO |    ↳ Status 200
2026-08-29 03:55:09,550 | INFO |    ✓ Found 8 movies
2026-08-29 03:55:09,550 | INFO | [589/1901] Fetching Gopalganj (GOPG)
2026-08-29 03:55:10,271 | INFO |    ↳ Status 403
2026-08-29 03:55:10,271 | WARNING |    ⚠ Blocked (403) retry 3
2026-08-29 03:55:10,337 | INFO | 🌐 Session warmed
2026-08-29 03:55:10,668 | INFO |    ↳ Status 403
2026-08-29 03:55:10,668 | WARNING |    ⚠ Blocked (403) retry 3
2026-08-29 03:55:10,727 | INFO | 🌐 Session warmed
2026-08-29 03:55:10,853 | INFO |    ↳ Status 403
2026-08-29 03:55:10,853 | WARNING |    ⚠ Blocked (403) retry 3
2026-08-29 03:55:10,910 | INFO | 🌐 Session warmed
2026-08-29 03:55:11,151 | INFO |    ↳ Status 200
2026-08-29 03:55:11,151 | INFO |    ✓ Found 7 movies
2026-08-29 03:55:11,151 | INFO | [590/1901] Fetching Gopalpet (GOPA)
2026-08-29 03:55:12,695 | INFO |    ↳ Status 200
2026-08-29 03:55:12,695 | INFO |    ✓ Found 7 movies
2026-08-29 03:55:12,695 | INFO | [591/1901] Fetching Gopiganj (GOPI)
2026-08-29 03:55:14,314 | INFO |    ↳ Status 200
2026-08-29 03:55:14,315 | INFO |    ✓ Found 8 movies
2026-08-29 03:55:14,315 | INFO | [592/1901] Fetching Gorakhpur (GRKP)
2026-08-29 03:55:14,338 | INFO | [593/1901] Fetching Goramadagu (GMDU)
2026-08-29 03:55:14,727 | INFO | [594/1901] Fetching Gorantla (GORA)
2026-08-29 03:55:14,910 | INFO | [595/1901] Fetching Gotegaon (GTGN)
2026-08-29 03:55:15,345 | INFO |    ↳ Status 200
2026-08-29 03:55:15,345 | INFO |    ✓ Found 6 movies
2026-08-29 03:55:15,345 | INFO | [596/1901] Fetching Gownipalli (GOWP)
2026-08-29 03:55:15,450 | INFO |    ↳ Status 403
2026-08-29 03:55:15,450 | WARNING |    ⚠ Blocked (403) retry 1
2026-08-29 03:55:15,522 | INFO | 🌐 Session warmed
2026-08-29 03:55:15,900 | INFO |    ↳ Status 403
2026-08-29 03:55:15,900 | WARNING |    ⚠ Blocked (403) retry 1
2026-08-29 03:55:15,957 | INFO | 🌐 Session warmed
2026-08-29 03:55:16,082 | INFO |    ↳ Status 403
2026-08-29 03:55:16,082 | WARNING |    ⚠ Blocked (403) retry 1
2026-08-29 03:55:16,139 | INFO | 🌐 Session warmed
2026-08-29 03:55:16,562 | INFO |    ↳ Status 200
2026-08-29 03:55:16,562 | INFO |    ✓ Found 3 movies
2026-08-29 03:55:16,563 | INFO | [597/1901] Fetching Gudivada (GUDI)
2026-08-29 03:55:17,357 | INFO |    ↳ Status 403
2026-08-29 03:55:17,358 | WARNING |    ⚠ Blocked (403) retry 2
2026-08-29 03:55:17,415 | INFO | 🌐 Session warmed
2026-08-29 03:55:17,929 | INFO |    ↳ Status 200
2026-08-29 03:55:17,929 | INFO |    ✓ Found 7 movies
2026-08-29 03:55:17,930 | INFO | [598/1901] Fetching Gudiyatham (GDTM)
2026-08-29 03:55:18,031 | INFO |    ↳ Status 403
2026-08-29 03:55:18,031 | WARNING |    ⚠ Blocked (403) retry 2
2026-08-29 03:55:18,084 | INFO |    ↳ Status 403
2026-08-29 03:55:18,084 | WARNING |    ⚠ Blocked (403) retry 2
2026-08-29 03:55:18,095 | INFO | 🌐 Session warmed
2026-08-29 03:55:18,144 | INFO | 🌐 Session warmed
2026-08-29 03:55:19,831 | INFO |    ↳ Status 200
2026-08-29 03:55:19,831 | INFO |    ✓ Found 7 movies
2026-08-29 03:55:19,832 | INFO | [599/1901] Fetching Gudlavalleru (GULU)
2026-08-29 03:55:20,824 | INFO |    ↳ Status 403
2026-08-29 03:55:20,825 | WARNING |    ⚠ Blocked (403) retry 3
2026-08-29 03:55:20,882 | INFO | 🌐 Session warmed
2026-08-29 03:55:20,949 | INFO |    ↳ Status 403
2026-08-29 03:55:20,949 | WARNING |    ⚠ Blocked (403) retry 3
2026-08-29 03:55:21,012 | INFO | 🌐 Session warmed
2026-08-29 03:55:21,332 | INFO |    ↳ Status 200
2026-08-29 03:55:21,332 | INFO |    ✓ Found 8 movies
2026-08-29 03:55:21,332 | INFO | [600/1901] Fetching Gudur (GUDR)
2026-08-29 03:55:21,372 | INFO |    ↳ Status 403
2026-08-29 03:55:21,372 | WARNING |    ⚠ Blocked (403) retry 3
2026-08-29 03:55:21,432 | INFO | 🌐 Session warmed
2026-08-29 03:55:22,434 | INFO |    ↳ Status 200
2026-08-29 03:55:22,435 | INFO |    ✓ Found 7 movies
2026-08-29 03:55:22,435 | INFO | [601/1901] Fetching Guhagar (GUHA)
2026-08-29 03:55:23,623 | INFO |    ↳ Status 200
2026-08-29 03:55:23,624 | INFO |    ✓ Found 5 movies
2026-08-29 03:55:23,624 | INFO | [602/1901] Fetching Gulaothi (GULL)
2026-08-29 03:55:24,882 | INFO | [603/1901] Fetching Guledgudda (GULD)
2026-08-29 03:55:25,012 | INFO | [604/1901] Fetching Gummadidala (GUMM)
2026-08-29 03:55:25,034 | INFO |    ↳ Status 200
2026-08-29 03:55:25,035 | INFO |    ✓ Found 6 movies
2026-08-29 03:55:25,035 | INFO | [605/1901] Fetching Guna (GUNA)
2026-08-29 03:55:25,432 | INFO | [606/1901] Fetching Gundlupet (GUND)
2026-08-29 03:55:25,903 | INFO |    ↳ Status 403
2026-08-29 03:55:25,903 | WARNING |    ⚠ Blocked (403) retry 1
2026-08-29 03:55:25,958 | INFO | 🌐 Session warmed
2026-08-29 03:55:26,185 | INFO |    ↳ Status 403
2026-08-29 03:55:26,186 | WARNING |    ⚠ Blocked (403) retry 1
2026-08-29 03:55:26,239 | INFO | 🌐 Session warmed
2026-08-29 03:55:26,434 | INFO |    ↳ Status 403
2026-08-29 03:55:26,434 | WARNING |    ⚠ Blocked (403) retry 1
2026-08-29 03:55:26,494 | INFO | 🌐 Session warmed
2026-08-29 03:55:26,649 | INFO |    ↳ Status 200
2026-08-29 03:55:26,649 | INFO |    ✓ Found 7 movies
2026-08-29 03:55:26,649 | INFO | [607/1901] Fetching Guntakal (GUNL)
2026-08-29 03:55:28,037 | INFO |    ↳ Status 403
2026-08-29 03:55:28,037 | WARNING |    ⚠ Blocked (403) retry 2
2026-08-29 03:55:28,093 | INFO | 🌐 Session warmed
2026-08-29 03:55:28,119 | INFO |    ↳ Status 403
2026-08-29 03:55:28,119 | WARNING |    ⚠ Blocked (403) retry 2
2026-08-29 03:55:28,139 | INFO |    ↳ Status 403
2026-08-29 03:55:28,139 | WARNING |    ⚠ Blocked (403) retry 2
2026-08-29 03:55:28,185 | INFO | 🌐 Session warmed
2026-08-29 03:55:28,204 | INFO | 🌐 Session warmed
2026-08-29 03:55:28,224 | INFO |    ↳ Status 200
2026-08-29 03:55:28,224 | INFO |    ✓ Found 7 movies
2026-08-29 03:55:28,224 | INFO | [608/1901] Fetching Guntur (GUNT)
2026-08-29 03:55:29,853 | INFO |    ↳ Status 200
2026-08-29 03:55:29,853 | INFO |    ✓ Found 7 movies
2026-08-29 03:55:29,853 | INFO | [609/1901] Fetching Gurap (GRAP)
2026-08-29 03:55:30,988 | INFO |    ↳ Status 403
2026-08-29 03:55:30,988 | WARNING |    ⚠ Blocked (403) retry 3
2026-08-29 03:55:31,048 | INFO | 🌐 Session warmed
2026-08-29 03:55:31,051 | INFO |    ↳ Status 200
2026-08-29 03:55:31,051 | INFO |    ✓ Found 8 movies
2026-08-29 03:55:31,052 | INFO | [610/1901] Fetching Gurazala (GURZ)
2026-08-29 03:55:31,098 | INFO |    ↳ Status 403
2026-08-29 03:55:31,098 | WARNING |    ⚠ Blocked (403) retry 3
2026-08-29 03:55:31,111 | INFO |    ↳ Status 403
2026-08-29 03:55:31,111 | WARNING |    ⚠ Blocked (403) retry 3
2026-08-29 03:55:31,167 | INFO | 🌐 Session warmed
2026-08-29 03:55:31,184 | INFO | 🌐 Session warmed
2026-08-29 03:55:32,557 | INFO |    ↳ Status 200
2026-08-29 03:55:32,558 | INFO |    ✓ Found 7 movies
2026-08-29 03:55:32,558 | INFO | [611/1901] Fetching Gurdaspur (GSPR)
2026-08-29 03:55:34,146 | INFO |    ↳ Status 200
2026-08-29 03:55:34,146 | INFO |    ✓ Found 8 movies
2026-08-29 03:55:34,146 | INFO | [612/1901] Fetching Guruvayur (GUVY)
2026-08-29 03:55:35,049 | INFO | [613/1901] Fetching Guwahati (GUW)
2026-08-29 03:55:35,167 | INFO | [614/1901] Fetching Gwalior (GWAL)
2026-08-29 03:55:35,184 | INFO | [615/1901] Fetching Habra (HARR)
2026-08-29 03:55:35,833 | INFO |    ↳ Status 200
2026-08-29 03:55:35,833 | INFO |    ✓ Found 8 movies
2026-08-29 03:55:35,833 | INFO | [616/1901] Fetching Haflong (HALG)
2026-08-29 03:55:36,399 | INFO |    ↳ Status 403
2026-08-29 03:55:36,399 | WARNING |    ⚠ Blocked (403) retry 1
2026-08-29 03:55:36,402 | INFO |    ↳ Status 403
2026-08-29 03:55:36,402 | WARNING |    ⚠ Blocked (403) retry 1
2026-08-29 03:55:36,471 | INFO | 🌐 Session warmed
2026-08-29 03:55:36,473 | INFO |    ↳ Status 403
2026-08-29 03:55:36,473 | WARNING |    ⚠ Blocked (403) retry 1
2026-08-29 03:55:36,476 | INFO | 🌐 Session warmed
2026-08-29 03:55:36,554 | INFO | 🌐 Session warmed
2026-08-29 03:55:37,427 | INFO |    ↳ Status 200
2026-08-29 03:55:37,427 | INFO |    ✓ Found 8 movies
2026-08-29 03:55:37,428 | INFO | [617/1901] Fetching Hagaribommanahalli (HHGG)
2026-08-29 03:55:38,319 | INFO |    ↳ Status 403
2026-08-29 03:55:38,319 | WARNING |    ⚠ Blocked (403) retry 2
2026-08-29 03:55:38,381 | INFO | 🌐 Session warmed
2026-08-29 03:55:38,452 | INFO |    ↳ Status 403
2026-08-29 03:55:38,452 | WARNING |    ⚠ Blocked (403) retry 2
2026-08-29 03:55:38,460 | INFO |    ↳ Status 403
2026-08-29 03:55:38,461 | WARNING |    ⚠ Blocked (403) retry 2
2026-08-29 03:55:38,469 | INFO |    ↳ Status 200
2026-08-29 03:55:38,470 | INFO |    ✓ Found 3 movies
2026-08-29 03:55:38,470 | INFO | [618/1901] Fetching Hajipur (HAJI)
2026-08-29 03:55:38,530 | INFO | 🌐 Session warmed
2026-08-29 03:55:38,552 | INFO | 🌐 Session warmed
2026-08-29 03:55:40,004 | INFO |    ↳ Status 200
2026-08-29 03:55:40,004 | INFO |    ✓ Found 7 movies
2026-08-29 03:55:40,004 | INFO | [619/1901] Fetching Haldia (HLDI)
2026-08-29 03:55:41,320 | INFO |    ↳ Status 200
2026-08-29 03:55:41,320 | INFO |    ✓ Found 8 movies
2026-08-29 03:55:41,321 | INFO | [620/1901] Fetching Halduchaur (HUCR)
2026-08-29 03:55:41,535 | INFO |    ↳ Status 403
2026-08-29 03:55:41,535 | WARNING |    ⚠ Blocked (403) retry 3
2026-08-29 03:55:41,591 | INFO | 🌐 Session warmed
2026-08-29 03:55:41,692 | INFO |    ↳ Status 403
2026-08-29 03:55:41,692 | WARNING |    ⚠ Blocked (403) retry 3
2026-08-29 03:55:41,757 | INFO | 🌐 Session warmed
2026-08-29 03:55:41,902 | INFO |    ↳ Status 403
2026-08-29 03:55:41,903 | WARNING |    ⚠ Blocked (403) retry 3
2026-08-29 03:55:41,977 | INFO | 🌐 Session warmed
2026-08-29 03:55:43,748 | INFO |    ↳ Status 200
2026-08-29 03:55:43,748 | INFO |    ✓ Found 8 movies
2026-08-29 03:55:43,748 | INFO | [621/1901] Fetching Haldwani (HALD)
2026-08-29 03:55:45,341 | INFO |    ↳ Status 200
2026-08-29 03:55:45,341 | INFO |    ✓ Found 8 movies
2026-08-29 03:55:45,341 | INFO | [622/1901] Fetching Haliya (HALI)
2026-08-29 03:55:45,592 | INFO | [623/1901] Fetching Halol (HALO)
2026-08-29 03:55:45,758 | INFO | [624/1901] Fetching Hamirpur (HP) (HAMI)
2026-08-29 03:55:45,978 | INFO | [625/1901] Fetching Hampi (HMPI)
2026-08-29 03:55:46,690 | INFO |    ↳ Status 403
2026-08-29 03:55:46,690 | WARNING |    ⚠ Blocked (403) retry 1
2026-08-29 03:55:46,754 | INFO | 🌐 Session warmed
2026-08-29 03:55:46,819 | INFO |    ↳ Status 200
2026-08-29 03:55:46,819 | INFO |    ✓ Found 7 movies
2026-08-29 03:55:46,819 | INFO | [626/1901] Fetching Handwara (HNDW)
2026-08-29 03:55:46,999 | INFO |    ↳ Status 403
2026-08-29 03:55:46,999 | WARNING |    ⚠ Blocked (403) retry 1
2026-08-29 03:55:47,055 | INFO | 🌐 Session warmed
2026-08-29 03:55:47,243 | INFO |    ↳ Status 403
2026-08-29 03:55:47,243 | WARNING |    ⚠ Blocked (403) retry 1
2026-08-29 03:55:47,300 | INFO | 🌐 Session warmed
2026-08-29 03:55:47,902 | INFO |    ↳ Status 200
2026-08-29 03:55:47,902 | INFO |    ✓ Found 8 movies
2026-08-29 03:55:47,902 | INFO | [627/1901] Fetching Hanuman Junction (HANU)
2026-08-29 03:55:48,627 | INFO |    ↳ Status 403
2026-08-29 03:55:48,627 | WARNING |    ⚠ Blocked (403) retry 2
2026-08-29 03:55:48,684 | INFO | 🌐 Session warmed
2026-08-29 03:55:48,973 | INFO |    ↳ Status 403
2026-08-29 03:55:48,973 | WARNING |    ⚠ Blocked (403) retry 2
2026-08-29 03:55:49,029 | INFO | 🌐 Session warmed
2026-08-29 03:55:49,389 | INFO |    ↳ Status 200
2026-08-29 03:55:49,389 | INFO |    ✓ Found 7 movies
2026-08-29 03:55:49,389 | INFO | [628/1901] Fetching Hanumangarh (HNMG)
2026-08-29 03:55:49,661 | INFO |    ↳ Status 403
2026-08-29 03:55:49,661 | WARNING |    ⚠ Blocked (403) retry 2
2026-08-29 03:55:49,718 | INFO | 🌐 Session warmed
2026-08-29 03:55:50,777 | INFO |    ↳ Status 200
2026-08-29 03:55:50,777 | INFO |    ✓ Found 8 movies
2026-08-29 03:55:50,777 | INFO | [629/1901] Fetching Hapur (HAPR)
2026-08-29 03:55:51,655 | INFO |    ↳ Status 403
2026-08-29 03:55:51,655 | WARNING |    ⚠ Blocked (403) retry 3
2026-08-29 03:55:51,725 | INFO | 🌐 Session warmed
2026-08-29 03:55:51,792 | INFO |    ↳ Status 200
2026-08-29 03:55:51,792 | INFO |    ✓ Found 6 movies
2026-08-29 03:55:51,792 | INFO | [630/1901] Fetching Harda (HRDA)
2026-08-29 03:55:52,257 | INFO |    ↳ Status 403
2026-08-29 03:55:52,257 | WARNING |    ⚠ Blocked (403) retry 3
2026-08-29 03:55:52,317 | INFO | 🌐 Session warmed
2026-08-29 03:55:53,072 | INFO |    ↳ Status 403
2026-08-29 03:55:53,072 | WARNING |    ⚠ Blocked (403) retry 3
2026-08-29 03:55:53,130 | INFO | 🌐 Session warmed
2026-08-29 03:55:53,500 | INFO |    ↳ Status 200
2026-08-29 03:55:53,501 | INFO |    ✓ Found 7 movies
2026-08-29 03:55:53,501 | INFO | [631/1901] Fetching Hardoi (HRDI)
2026-08-29 03:55:55,194 | INFO |    ↳ Status 200
2026-08-29 03:55:55,194 | INFO |    ✓ Found 6 movies
2026-08-29 03:55:55,194 | INFO | [632/1901] Fetching Haria (HARI)
2026-08-29 03:55:55,726 | INFO | [633/1901] Fetching Haridwar (HRDR)
2026-08-29 03:55:56,317 | INFO | [634/1901] Fetching Harihar (HRRR)
2026-08-29 03:55:56,393 | INFO |    ↳ Status 403
2026-08-29 03:55:56,393 | WARNING |    ⚠ Blocked (403) retry 1
2026-08-29 03:55:56,452 | INFO | 🌐 Session warmed
2026-08-29 03:55:56,717 | INFO |    ↳ Status 200
2026-08-29 03:55:56,717 | INFO |    ✓ Found 8 movies
2026-08-29 03:55:56,717 | INFO | [635/1901] Fetching Haripad (HRPD)
2026-08-29 03:55:57,131 | INFO | [636/1901] Fetching Harugeri (HARU)
2026-08-29 03:55:57,624 | INFO |    ↳ Status 200
2026-08-29 03:55:57,625 | INFO |    ✓ Found 8 movies
2026-08-29 03:55:57,625 | INFO | [637/1901] Fetching Harur (HRUR)
2026-08-29 03:55:57,645 | INFO |    ↳ Status 403
2026-08-29 03:55:57,645 | WARNING |    ⚠ Blocked (403) retry 1
2026-08-29 03:55:57,706 | INFO | 🌐 Session warmed
2026-08-29 03:55:58,072 | INFO |    ↳ Status 403
2026-08-29 03:55:58,072 | WARNING |    ⚠ Blocked (403) retry 1
2026-08-29 03:55:58,134 | INFO | 🌐 Session warmed
2026-08-29 03:55:58,638 | INFO |    ↳ Status 403
2026-08-29 03:55:58,639 | WARNING |    ⚠ Blocked (403) retry 2
2026-08-29 03:55:58,696 | INFO | 🌐 Session warmed
2026-08-29 03:55:59,095 | INFO |    ↳ Status 200
2026-08-29 03:55:59,095 | INFO |    ✓ Found 7 movies
2026-08-29 03:55:59,096 | INFO | [638/1901] Fetching Hasanparthy (HASA)
2026-08-29 03:56:00,061 | INFO |    ↳ Status 200
2026-08-29 03:56:00,061 | INFO |    ✓ Found 8 movies
2026-08-29 03:56:00,062 | INFO | [639/1901] Fetching Hasanparthy (HASZ)
2026-08-29 03:56:00,078 | INFO |    ↳ Status 403
2026-08-29 03:56:00,078 | WARNING |    ⚠ Blocked (403) retry 2
2026-08-29 03:56:00,137 | INFO | 🌐 Session warmed
2026-08-29 03:56:00,544 | INFO |    ↳ Status 403
2026-08-29 03:56:00,544 | WARNING |    ⚠ Blocked (403) retry 2
2026-08-29 03:56:00,605 | INFO | 🌐 Session warmed
2026-08-29 03:56:01,242 | INFO |    ↳ Status 200
2026-08-29 03:56:01,242 | INFO |    ✓ Found 8 movies
2026-08-29 03:56:01,242 | INFO | [640/1901] Fetching Hasanpur (HANS)
2026-08-29 03:56:01,446 | INFO |    ↳ Status 403
2026-08-29 03:56:01,446 | WARNING |    ⚠ Blocked (403) retry 3
2026-08-29 03:56:01,504 | INFO | 🌐 Session warmed
2026-08-29 03:56:02,922 | INFO |    ↳ Status 403
2026-08-29 03:56:02,922 | WARNING |    ⚠ Blocked (403) retry 3
2026-08-29 03:56:02,990 | INFO | 🌐 Session warmed
2026-08-29 03:56:03,170 | INFO |    ↳ Status 200
2026-08-29 03:56:03,170 | INFO |    ✓ Found 6 movies
2026-08-29 03:56:03,170 | INFO | [641/1901] Fetching Hasnabad (HSNA)
2026-08-29 03:56:03,325 | INFO |    ↳ Status 403
2026-08-29 03:56:03,325 | WARNING |    ⚠ Blocked (403) retry 3
2026-08-29 03:56:03,386 | INFO | 🌐 Session warmed
2026-08-29 03:56:04,731 | INFO |    ↳ Status 200
2026-08-29 03:56:04,732 | INFO |    ✓ Found 8 movies
2026-08-29 03:56:04,732 | INFO | [642/1901] Fetching Hassan (HASN)
2026-08-29 03:56:05,504 | INFO | [643/1901] Fetching Hathras (HATH)
2026-08-29 03:56:06,340 | INFO |    ↳ Status 200
2026-08-29 03:56:06,341 | INFO |    ✓ Found 3 movies
2026-08-29 03:56:06,341 | INFO | [644/1901] Fetching Haveri (HRE)
2026-08-29 03:56:06,506 | INFO |    ↳ Status 403
2026-08-29 03:56:06,506 | WARNING |    ⚠ Blocked (403) retry 1
2026-08-29 03:56:06,564 | INFO | 🌐 Session warmed
2026-08-29 03:56:06,990 | INFO | [645/1901] Fetching Hazaribagh (HAZA)
2026-08-29 03:56:07,387 | INFO | [646/1901] Fetching Himmatnagar (HIMM)
2026-08-29 03:56:08,080 | INFO |    ↳ Status 200
2026-08-29 03:56:08,080 | INFO |    ✓ Found 3 movies
2026-08-29 03:56:08,081 | INFO | [647/1901] Fetching Hindaun City (HIND)
2026-08-29 03:56:08,104 | INFO |    ↳ Status 403
2026-08-29 03:56:08,104 | WARNING |    ⚠ Blocked (403) retry 1
2026-08-29 03:56:08,158 | INFO | 🌐 Session warmed
2026-08-29 03:56:08,697 | INFO |    ↳ Status 403
2026-08-29 03:56:08,697 | WARNING |    ⚠ Blocked (403) retry 2
2026-08-29 03:56:08,760 | INFO | 🌐 Session warmed
2026-08-29 03:56:08,790 | INFO |    ↳ Status 403
2026-08-29 03:56:08,790 | WARNING |    ⚠ Blocked (403) retry 1
2026-08-29 03:56:08,853 | INFO | 🌐 Session warmed
2026-08-29 03:56:09,165 | INFO |    ↳ Status 200
2026-08-29 03:56:09,165 | INFO |    ✓ Found 4 movies
2026-08-29 03:56:09,165 | INFO | [648/1901] Fetching Hindupur (HNDP)
2026-08-29 03:56:09,943 | INFO |    ↳ Status 403
2026-08-29 03:56:09,943 | WARNING |    ⚠ Blocked (403) retry 2
2026-08-29 03:56:10,007 | INFO | 🌐 Session warmed
2026-08-29 03:56:10,126 | INFO |    ↳ Status 200
2026-08-29 03:56:10,126 | INFO |    ✓ Found 7 movies
2026-08-29 03:56:10,126 | INFO | [649/1901] Fetching Hindupuram (HINP)
2026-08-29 03:56:10,548 | INFO |    ↳ Status 403
2026-08-29 03:56:10,548 | WARNING |    ⚠ Blocked (403) retry 2
2026-08-29 03:56:10,606 | INFO | 🌐 Session warmed
2026-08-29 03:56:11,142 | INFO |    ↳ Status 200
2026-08-29 03:56:11,142 | INFO |    ✓ Found 8 movies
2026-08-29 03:56:11,142 | INFO | [650/1901] Fetching Hinganghat (HINA)
2026-08-29 03:56:11,631 | INFO |    ↳ Status 403
2026-08-29 03:56:11,631 | WARNING |    ⚠ Blocked (403) retry 3
2026-08-29 03:56:11,693 | INFO | 🌐 Session warmed
2026-08-29 03:56:12,477 | INFO |    ↳ Status 200
2026-08-29 03:56:12,477 | INFO |    ✓ Found 8 movies
2026-08-29 03:56:12,477 | INFO | [651/1901] Fetching Hingoli (HING)
2026-08-29 03:56:12,859 | INFO |    ↳ Status 403
2026-08-29 03:56:12,859 | WARNING |    ⚠ Blocked (403) retry 3
2026-08-29 03:56:12,923 | INFO | 🌐 Session warmed
2026-08-29 03:56:13,589 | INFO |    ↳ Status 403
2026-08-29 03:56:13,589 | WARNING |    ⚠ Blocked (403) retry 3
2026-08-29 03:56:13,653 | INFO | 🌐 Session warmed
2026-08-29 03:56:14,137 | INFO |    ↳ Status 200
2026-08-29 03:56:14,138 | INFO |    ✓ Found 5 movies
2026-08-29 03:56:14,138 | INFO | [652/1901] Fetching Hiramandalam (HIRA)
2026-08-29 03:56:15,070 | INFO |    ↳ Status 200
2026-08-29 03:56:15,070 | INFO |    ✓ Found 7 movies
2026-08-29 03:56:15,071 | INFO | [653/1901] Fetching Hirekerur (HIRE)
2026-08-29 03:56:15,694 | INFO | [654/1901] Fetching Hiriyur (HIRI)
2026-08-29 03:56:16,314 | INFO |    ↳ Status 200
2026-08-29 03:56:16,314 | INFO |    ✓ Found 3 movies
2026-08-29 03:56:16,314 | INFO | [655/1901] Fetching Hisar (HISR)
2026-08-29 03:56:16,508 | INFO |    ↳ Status 403
2026-08-29 03:56:16,508 | WARNING |    ⚠ Blocked (403) retry 1
2026-08-29 03:56:16,569 | INFO | 🌐 Session warmed
2026-08-29 03:56:16,923 | INFO | [656/1901] Fetching Holenarasipura (HOLE)
2026-08-29 03:56:17,653 | INFO | [657/1901] Fetching Honnali (HONV)
2026-08-29 03:56:17,747 | INFO |    ↳ Status 200
2026-08-29 03:56:17,747 | INFO |    ✓ Found 7 movies
2026-08-29 03:56:17,747 | INFO | [658/1901] Fetching Honnavara (HNVR)
2026-08-29 03:56:18,171 | INFO |    ↳ Status 403
2026-08-29 03:56:18,171 | WARNING |    ⚠ Blocked (403) retry 1
2026-08-29 03:56:18,224 | INFO | 🌐 Session warmed
2026-08-29 03:56:18,713 | INFO |    ↳ Status 403
2026-08-29 03:56:18,713 | WARNING |    ⚠ Blocked (403) retry 1
2026-08-29 03:56:18,775 | INFO | 🌐 Session warmed
2026-08-29 03:56:18,924 | INFO |    ↳ Status 403
2026-08-29 03:56:18,924 | WARNING |    ⚠ Blocked (403) retry 2
2026-08-29 03:56:18,979 | INFO | 🌐 Session warmed
2026-08-29 03:56:19,197 | INFO |    ↳ Status 200
2026-08-29 03:56:19,197 | INFO |    ✓ Found 3 movies
2026-08-29 03:56:19,197 | INFO | [659/1901] Fetching Hooghly (HOOG)
2026-08-29 03:56:19,962 | INFO |    ↳ Status 403
2026-08-29 03:56:19,962 | WARNING |    ⚠ Blocked (403) retry 2
2026-08-29 03:56:20,022 | INFO | 🌐 Session warmed
2026-08-29 03:56:20,647 | INFO |    ↳ Status 200
2026-08-29 03:56:20,648 | INFO |    ✓ Found 8 movies
2026-08-29 03:56:20,648 | INFO | [660/1901] Fetching Hoshangabad (HSGB)
2026-08-29 03:56:20,940 | INFO |    ↳ Status 403
2026-08-29 03:56:20,941 | WARNING |    ⚠ Blocked (403) retry 2
2026-08-29 03:56:20,998 | INFO | 🌐 Session warmed
2026-08-29 03:56:21,890 | INFO |    ↳ Status 200
2026-08-29 03:56:21,890 | INFO |    ✓ Found 8 movies
2026-08-29 03:56:21,890 | INFO | [661/1901] Fetching Hoshiarpur (HOSH)
2026-08-29 03:56:21,908 | INFO |    ↳ Status 403
2026-08-29 03:56:21,908 | WARNING |    ⚠ Blocked (403) retry 3
2026-08-29 03:56:21,981 | INFO | 🌐 Session warmed
2026-08-29 03:56:23,286 | INFO |    ↳ Status 200
2026-08-29 03:56:23,286 | INFO |    ✓ Found 8 movies
2026-08-29 03:56:23,286 | INFO | [662/1901] Fetching Hoskote (HOKT)
2026-08-29 03:56:23,301 | INFO |    ↳ Status 403
2026-08-29 03:56:23,301 | WARNING |    ⚠ Blocked (403) retry 3
2026-08-29 03:56:23,367 | INFO | 🌐 Session warmed
2026-08-29 03:56:23,816 | INFO |    ↳ Status 403
2026-08-29 03:56:23,817 | WARNING |    ⚠ Blocked (403) retry 3
2026-08-29 03:56:23,882 | INFO | 🌐 Session warmed
2026-08-29 03:56:24,970 | INFO |    ↳ Status 200
2026-08-29 03:56:24,971 | INFO |    ✓ Found 3 movies
2026-08-29 03:56:24,971 | INFO | [663/1901] Fetching Hospet (HOSP)
2026-08-29 03:56:25,981 | INFO | [664/1901] Fetching Hosur (HSUR)
2026-08-29 03:56:26,507 | INFO |    ↳ Status 200
2026-08-29 03:56:26,507 | INFO |    ✓ Found 3 movies
2026-08-29 03:56:26,507 | INFO | [665/1901] Fetching Howrah (HWRH)
2026-08-29 03:56:27,263 | INFO |    ↳ Status 403
2026-08-29 03:56:27,263 | WARNING |    ⚠ Blocked (403) retry 1
2026-08-29 03:56:27,322 | INFO | 🌐 Session warmed
2026-08-29 03:56:27,368 | INFO | [666/1901] Fetching Hubballi (Hubli) (HUBL)
2026-08-29 03:56:27,787 | INFO |    ↳ Status 200
2026-08-29 03:56:27,787 | INFO |    ✓ Found 8 movies
2026-08-29 03:56:27,787 | INFO | [667/1901] Fetching Hunagunda (HNGN)
2026-08-29 03:56:27,882 | INFO | [668/1901] Fetching Hunsur (HUSR)
2026-08-29 03:56:28,403 | INFO |    ↳ Status 403
2026-08-29 03:56:28,403 | WARNING |    ⚠ Blocked (403) retry 1
2026-08-29 03:56:28,461 | INFO | 🌐 Session warmed
2026-08-29 03:56:28,783 | INFO |    ↳ Status 200
2026-08-29 03:56:28,783 | INFO |    ✓ Found 3 movies
2026-08-29 03:56:28,784 | INFO | [669/1901] Fetching Husnabad (HSBD)
2026-08-29 03:56:28,972 | INFO |    ↳ Status 403
2026-08-29 03:56:28,972 | WARNING |    ⚠ Blocked (403) retry 2
2026-08-29 03:56:29,030 | INFO |    ↳ Status 403
2026-08-29 03:56:29,030 | WARNING |    ⚠ Blocked (403) retry 1
2026-08-29 03:56:29,031 | INFO | 🌐 Session warmed
2026-08-29 03:56:29,093 | INFO | 🌐 Session warmed
2026-08-29 03:56:30,115 | INFO |    ↳ Status 403
2026-08-29 03:56:30,115 | WARNING |    ⚠ Blocked (403) retry 2
2026-08-29 03:56:30,175 | INFO | 🌐 Session warmed
2026-08-29 03:56:30,557 | INFO |    ↳ Status 200
2026-08-29 03:56:30,557 | INFO |    ✓ Found 7 movies
2026-08-29 03:56:30,557 | INFO | [670/1901] Fetching Huvinahadagali (HULI)
2026-08-29 03:56:31,490 | INFO |    ↳ Status 403
2026-08-29 03:56:31,490 | WARNING |    ⚠ Blocked (403) retry 2
2026-08-29 03:56:31,546 | INFO | 🌐 Session warmed
2026-08-29 03:56:31,786 | INFO |    ↳ Status 200
2026-08-29 03:56:31,787 | INFO |    ✓ Found 3 movies
2026-08-29 03:56:31,787 | INFO | [671/1901] Fetching Huzurabad (HZUB)
2026-08-29 03:56:31,838 | INFO |    ↳ Status 403
2026-08-29 03:56:31,838 | WARNING |    ⚠ Blocked (403) retry 3
2026-08-29 03:56:31,898 | INFO | 🌐 Session warmed
2026-08-29 03:56:33,159 | INFO |    ↳ Status 403
2026-08-29 03:56:33,159 | WARNING |    ⚠ Blocked (403) retry 3
2026-08-29 03:56:33,219 | INFO | 🌐 Session warmed
2026-08-29 03:56:33,358 | INFO |    ↳ Status 200
2026-08-29 03:56:33,358 | INFO |    ✓ Found 7 movies
2026-08-29 03:56:33,358 | INFO | [672/1901] Fetching Huzurnagar (HUZU)
2026-08-29 03:56:34,214 | INFO |    ↳ Status 403
2026-08-29 03:56:34,214 | WARNING |    ⚠ Blocked (403) retry 3
2026-08-29 03:56:34,274 | INFO | 🌐 Session warmed
2026-08-29 03:56:34,400 | INFO |    ↳ Status 200
2026-08-29 03:56:34,400 | INFO |    ✓ Found 7 movies
2026-08-29 03:56:34,400 | INFO | [673/1901] Fetching Ichalkaranji (ICHL)
2026-08-29 03:56:35,478 | INFO |    ↳ Status 200
2026-08-29 03:56:35,478 | INFO |    ✓ Found 5 movies
2026-08-29 03:56:35,478 | INFO | [674/1901] Fetching Ichchapuram (ICPR)
2026-08-29 03:56:35,898 | INFO | [675/1901] Fetching Idappadi (IDPI)
2026-08-29 03:56:36,779 | INFO |    ↳ Status 403
2026-08-29 03:56:36,779 | WARNING |    ⚠ Blocked (403) retry 1
2026-08-29 03:56:36,782 | INFO |    ↳ Status 200
2026-08-29 03:56:36,782 | INFO |    ✓ Found 7 movies
2026-08-29 03:56:36,783 | INFO | [676/1901] Fetching Idar (IDAR)
2026-08-29 03:56:36,838 | INFO | 🌐 Session warmed
2026-08-29 03:56:37,220 | INFO | [677/1901] Fetching Idukki (IDKI)
2026-08-29 03:56:38,045 | INFO |    ↳ Status 200
2026-08-29 03:56:38,046 | INFO |    ✓ Found 8 movies
2026-08-29 03:56:38,046 | INFO | [678/1901] Fetching Ieeja (IEEJ)
2026-08-29 03:56:38,189 | INFO |    ↳ Status 403
2026-08-29 03:56:38,189 | WARNING |    ⚠ Blocked (403) retry 1
2026-08-29 03:56:38,254 | INFO | 🌐 Session warmed
2026-08-29 03:56:38,274 | INFO | [679/1901] Fetching Imphal (IMPH)
2026-08-29 03:56:38,866 | INFO |    ↳ Status 403
2026-08-29 03:56:38,866 | WARNING |    ⚠ Blocked (403) retry 2
2026-08-29 03:56:38,930 | INFO | 🌐 Session warmed
2026-08-29 03:56:39,256 | INFO |    ↳ Status 403
2026-08-29 03:56:39,256 | WARNING |    ⚠ Blocked (403) retry 1
2026-08-29 03:56:39,315 | INFO | 🌐 Session warmed
2026-08-29 03:56:39,479 | INFO |    ↳ Status 200
2026-08-29 03:56:39,479 | INFO |    ✓ Found 7 movies
2026-08-29 03:56:39,479 | INFO | [680/1901] Fetching Indapur (INDA)
2026-08-29 03:56:40,254 | INFO |    ↳ Status 403
2026-08-29 03:56:40,255 | WARNING |    ⚠ Blocked (403) retry 2
2026-08-29 03:56:40,314 | INFO | 🌐 Session warmed
2026-08-29 03:56:41,129 | INFO |    ↳ Status 403
2026-08-29 03:56:41,129 | WARNING |    ⚠ Blocked (403) retry 2
2026-08-29 03:56:41,185 | INFO | 🌐 Session warmed
2026-08-29 03:56:41,809 | INFO |    ↳ Status 200
2026-08-29 03:56:41,810 | INFO |    ✓ Found 5 movies
2026-08-29 03:56:41,810 | INFO | [681/1901] Fetching Indi (IIND)
2026-08-29 03:56:41,840 | INFO |    ↳ Status 403
2026-08-29 03:56:41,841 | WARNING |    ⚠ Blocked (403) retry 3
2026-08-29 03:56:41,900 | INFO | 🌐 Session warmed
2026-08-29 03:56:43,164 | INFO |    ↳ Status 403
2026-08-29 03:56:43,164 | WARNING |    ⚠ Blocked (403) retry 3
2026-08-29 03:56:43,223 | INFO | 🌐 Session warmed
2026-08-29 03:56:43,536 | INFO |    ↳ Status 200
2026-08-29 03:56:43,536 | INFO |    ✓ Found 3 movies
2026-08-29 03:56:43,536 | INFO | [682/1901] Fetching Indore (IND)
2026-08-29 03:56:44,366 | INFO |    ↳ Status 403
2026-08-29 03:56:44,366 | WARNING |    ⚠ Blocked (403) retry 3
2026-08-29 03:56:44,425 | INFO | 🌐 Session warmed
2026-08-29 03:56:44,828 | INFO |    ↳ Status 200
2026-08-29 03:56:44,828 | INFO |    ✓ Found 7 movies
2026-08-29 03:56:44,828 | INFO | [683/1901] Fetching Indukurpeta (IDPA)
2026-08-29 03:56:45,900 | INFO | [684/1901] Fetching Irinjalakuda (IRNK)
2026-08-29 03:56:45,976 | INFO |    ↳ Status 200
2026-08-29 03:56:45,976 | INFO |    ✓ Found 7 movies
2026-08-29 03:56:45,976 | INFO | [685/1901] Fetching Itanagar (ITNG)
2026-08-29 03:56:46,810 | INFO |    ↳ Status 403
2026-08-29 03:56:46,811 | WARNING |    ⚠ Blocked (403) retry 1
2026-08-29 03:56:46,869 | INFO | 🌐 Session warmed
2026-08-29 03:56:47,135 | INFO |    ↳ Status 200
2026-08-29 03:56:47,135 | INFO |    ✓ Found 5 movies
2026-08-29 03:56:47,135 | INFO | [686/1901] Fetching Itarsi (ITAR)
2026-08-29 03:56:47,223 | INFO | [687/1901] Fetching Jabalpur (JABL)
2026-08-29 03:56:48,050 | INFO |    ↳ Status 403
2026-08-29 03:56:48,050 | WARNING |    ⚠ Blocked (403) retry 1
2026-08-29 03:56:48,112 | INFO | 🌐 Session warmed
2026-08-29 03:56:48,425 | INFO | [688/1901] Fetching Jadcherla (JADC)
2026-08-29 03:56:49,052 | INFO |    ↳ Status 403
2026-08-29 03:56:49,052 | WARNING |    ⚠ Blocked (403) retry 2
2026-08-29 03:56:49,071 | INFO |    ↳ Status 403
2026-08-29 03:56:49,071 | WARNING |    ⚠ Blocked (403) retry 1
2026-08-29 03:56:49,130 | INFO | 🌐 Session warmed
2026-08-29 03:56:49,138 | INFO |    ↳ Status 200
2026-08-29 03:56:49,138 | INFO |    ✓ Found 7 movies
2026-08-29 03:56:49,138 | INFO | [689/1901] Fetching Jagalur (JAGA)
2026-08-29 03:56:49,140 | INFO | 🌐 Session warmed
2026-08-29 03:56:50,003 | INFO |    ↳ Status 403
2026-08-29 03:56:50,003 | WARNING |    ⚠ Blocked (403) retry 2
2026-08-29 03:56:50,065 | INFO | 🌐 Session warmed
2026-08-29 03:56:51,319 | INFO |    ↳ Status 403
2026-08-29 03:56:51,319 | WARNING |    ⚠ Blocked (403) retry 2
2026-08-29 03:56:51,376 | INFO | 🌐 Session warmed
2026-08-29 03:56:51,404 | INFO |    ↳ Status 200
2026-08-29 03:56:51,405 | INFO |    ✓ Found 3 movies
2026-08-29 03:56:51,405 | INFO | [690/1901] Fetching Jagatdal (JGDL)
2026-08-29 03:56:51,921 | INFO |    ↳ Status 403
2026-08-29 03:56:51,921 | WARNING |    ⚠ Blocked (403) retry 3
2026-08-29 03:56:51,979 | INFO | 🌐 Session warmed
2026-08-29 03:56:52,868 | INFO |    ↳ Status 200
2026-08-29 03:56:52,868 | INFO |    ✓ Found 8 movies
2026-08-29 03:56:52,868 | INFO | [691/1901] Fetching Jagdalpur (JAGD)
2026-08-29 03:56:53,085 | INFO |    ↳ Status 403
2026-08-29 03:56:53,085 | WARNING |    ⚠ Blocked (403) retry 3
2026-08-29 03:56:53,157 | INFO | 🌐 Session warmed
2026-08-29 03:56:54,194 | INFO |    ↳ Status 200
2026-08-29 03:56:54,195 | INFO |    ✓ Found 8 movies
2026-08-29 03:56:54,195 | INFO | [692/1901] Fetching Jaggampeta (JAGG)
2026-08-29 03:56:54,234 | INFO |    ↳ Status 403
2026-08-29 03:56:54,234 | WARNING |    ⚠ Blocked (403) retry 3
2026-08-29 03:56:54,296 | INFO | 🌐 Session warmed
2026-08-29 03:56:55,802 | INFO |    ↳ Status 200
2026-08-29 03:56:55,802 | INFO |    ✓ Found 7 movies
2026-08-29 03:56:55,802 | INFO | [693/1901] Fetching Jaggayyapeta (JGGY)
2026-08-29 03:56:55,979 | INFO | [694/1901] Fetching Jagraon (JGRO)
2026-08-29 03:56:57,087 | INFO |    ↳ Status 403
2026-08-29 03:56:57,087 | WARNING |    ⚠ Blocked (403) retry 1
2026-08-29 03:56:57,145 | INFO | 🌐 Session warmed
2026-08-29 03:56:57,158 | INFO | [695/1901] Fetching Jagtial (JGTL)
2026-08-29 03:56:57,174 | INFO |    ↳ Status 200
2026-08-29 03:56:57,174 | INFO |    ✓ Found 7 movies
2026-08-29 03:56:57,175 | INFO | [696/1901] Fetching Jaipur (JAIP)
2026-08-29 03:56:57,836 | INFO |    ↳ Status 403
2026-08-29 03:56:57,837 | WARNING |    ⚠ Blocked (403) retry 1
2026-08-29 03:56:57,902 | INFO | 🌐 Session warmed
2026-08-29 03:56:58,297 | INFO | [697/1901] Fetching Jaisalmer (JSMR)
2026-08-29 03:56:58,583 | INFO |    ↳ Status 200
2026-08-29 03:56:58,583 | INFO |    ✓ Found 4 movies
2026-08-29 03:56:58,583 | INFO | [698/1901] Fetching Jajpur Road (JAJP)
2026-08-29 03:56:59,065 | INFO |    ↳ Status 403
2026-08-29 03:56:59,065 | WARNING |    ⚠ Blocked (403) retry 1
2026-08-29 03:56:59,126 | INFO | 🌐 Session warmed
2026-08-29 03:56:59,474 | INFO |    ↳ Status 403
2026-08-29 03:56:59,474 | WARNING |    ⚠ Blocked (403) retry 2
2026-08-29 03:56:59,528 | INFO | 🌐 Session warmed
2026-08-29 03:56:59,683 | INFO |    ↳ Status 200
2026-08-29 03:56:59,683 | INFO |    ✓ Found 8 movies
2026-08-29 03:56:59,683 | INFO | [699/1901] Fetching Jajpur Town (Odisha) (JTTT)
2026-08-29 03:57:00,105 | INFO |    ↳ Status 403
2026-08-29 03:57:00,106 | WARNING |    ⚠ Blocked (403) retry 2
2026-08-29 03:57:00,162 | INFO | 🌐 Session warmed
2026-08-29 03:57:00,969 | INFO |    ↳ Status 403
2026-08-29 03:57:00,969 | WARNING |    ⚠ Blocked (403) retry 2
2026-08-29 03:57:01,026 | INFO | 🌐 Session warmed
2026-08-29 03:57:01,330 | INFO |    ↳ Status 200
2026-08-29 03:57:01,330 | INFO |    ✓ Found 8 movies
2026-08-29 03:57:01,330 | INFO | [700/1901] Fetching Jalakandapuram (JAKA)
2026-08-29 03:57:02,689 | INFO |    ↳ Status 403
2026-08-29 03:57:02,689 | WARNING |    ⚠ Blocked (403) retry 3
2026-08-29 03:57:02,752 | INFO | 🌐 Session warmed
2026-08-29 03:57:02,905 | INFO |    ↳ Status 200
2026-08-29 03:57:02,905 | INFO |    ✓ Found 7 movies
2026-08-29 03:57:02,905 | INFO | [701/1901] Fetching Jalalabad (JLAB)
2026-08-29 03:57:03,124 | INFO |    ↳ Status 403
2026-08-29 03:57:03,124 | WARNING |    ⚠ Blocked (403) retry 3
2026-08-29 03:57:03,183 | INFO | 🌐 Session warmed
2026-08-29 03:57:04,322 | INFO |    ↳ Status 403
2026-08-29 03:57:04,322 | WARNING |    ⚠ Blocked (403) retry 3
2026-08-29 03:57:04,379 | INFO | 🌐 Session warmed
2026-08-29 03:57:04,453 | INFO |    ↳ Status 200
2026-08-29 03:57:04,454 | INFO |    ✓ Found 8 movies
2026-08-29 03:57:04,454 | INFO | [702/1901] Fetching Jalandhar (JALA)
2026-08-29 03:57:06,426 | INFO |    ↳ Status 200
2026-08-29 03:57:06,426 | INFO |    ✓ Found 8 movies
2026-08-29 03:57:06,426 | INFO | [703/1901] Fetching Jalaun (JAUN)
2026-08-29 03:57:06,752 | INFO | [704/1901] Fetching Jalgaon (JALG)
2026-08-29 03:57:07,184 | INFO | [705/1901] Fetching Jalna (JALN)
2026-08-29 03:57:07,871 | INFO |    ↳ Status 200
2026-08-29 03:57:07,871 | INFO |    ✓ Found 6 movies
2026-08-29 03:57:07,871 | INFO | [706/1901] Fetching Jalore (LALO)
2026-08-29 03:57:08,027 | INFO |    ↳ Status 403
2026-08-29 03:57:08,027 | WARNING |    ⚠ Blocked (403) retry 1
2026-08-29 03:57:08,085 | INFO | 🌐 Session warmed
2026-08-29 03:57:08,379 | INFO | [707/1901] Fetching Jalpaiguri (JPG)
2026-08-29 03:57:08,534 | INFO |    ↳ Status 403
2026-08-29 03:57:08,534 | WARNING |    ⚠ Blocked (403) retry 1
2026-08-29 03:57:08,603 | INFO | 🌐 Session warmed
2026-08-29 03:57:09,030 | INFO |    ↳ Status 403
2026-08-29 03:57:09,030 | WARNING |    ⚠ Blocked (403) retry 1
2026-08-29 03:57:09,062 | INFO |    ↳ Status 200
2026-08-29 03:57:09,063 | INFO |    ✓ Found 8 movies
2026-08-29 03:57:09,063 | INFO | [708/1901] Fetching Jami (JAMI)
2026-08-29 03:57:09,089 | INFO | 🌐 Session warmed
2026-08-29 03:57:10,203 | INFO |    ↳ Status 403
2026-08-29 03:57:10,203 | WARNING |    ⚠ Blocked (403) retry 2
2026-08-29 03:57:10,258 | INFO | 🌐 Session warmed
2026-08-29 03:57:10,529 | INFO |    ↳ Status 403
2026-08-29 03:57:10,529 | WARNING |    ⚠ Blocked (403) retry 2
2026-08-29 03:57:10,553 | INFO |    ↳ Status 200
2026-08-29 03:57:10,553 | INFO |    ✓ Found 7 movies
2026-08-29 03:57:10,553 | INFO | [709/1901] Fetching Jamkhandi (JAAM)
2026-08-29 03:57:10,596 | INFO | 🌐 Session warmed
2026-08-29 03:57:10,882 | INFO |    ↳ Status 403
2026-08-29 03:57:10,882 | WARNING |    ⚠ Blocked (403) retry 2
2026-08-29 03:57:10,942 | INFO | 🌐 Session warmed
2026-08-29 03:57:11,875 | INFO |    ↳ Status 200
2026-08-29 03:57:11,875 | INFO |    ✓ Found 3 movies
2026-08-29 03:57:11,875 | INFO | [710/1901] Fetching Jamkhed (JAMK)
2026-08-29 03:57:13,023 | INFO |    ↳ Status 200
2026-08-29 03:57:13,023 | INFO |    ✓ Found 5 movies
2026-08-29 03:57:13,024 | INFO | [711/1901] Fetching Jammalamadugu (JAMD)
2026-08-29 03:57:13,036 | INFO |    ↳ Status 403
2026-08-29 03:57:13,036 | WARNING |    ⚠ Blocked (403) retry 3
2026-08-29 03:57:13,094 | INFO | 🌐 Session warmed
2026-08-29 03:57:13,388 | INFO |    ↳ Status 403
2026-08-29 03:57:13,388 | WARNING |    ⚠ Blocked (403) retry 3
2026-08-29 03:57:13,444 | INFO | 🌐 Session warmed
2026-08-29 03:57:14,108 | INFO |    ↳ Status 200
2026-08-29 03:57:14,108 | INFO |    ✓ Found 7 movies
2026-08-29 03:57:14,108 | INFO | [712/1901] Fetching Jammikunta (JMKN)
2026-08-29 03:57:14,350 | INFO |    ↳ Status 403
2026-08-29 03:57:14,350 | WARNING |    ⚠ Blocked (403) retry 3
2026-08-29 03:57:14,409 | INFO | 🌐 Session warmed
2026-08-29 03:57:15,369 | INFO |    ↳ Status 200
2026-08-29 03:57:15,369 | INFO |    ✓ Found 7 movies
2026-08-29 03:57:15,369 | INFO | [713/1901] Fetching Jammu (JAMM)
2026-08-29 03:57:16,511 | INFO |    ↳ Status 200
2026-08-29 03:57:16,511 | INFO |    ✓ Found 7 movies
2026-08-29 03:57:16,511 | INFO | [714/1901] Fetching Jamnagar (JAM)
2026-08-29 03:57:17,094 | INFO | [715/1901] Fetching Jamner (JAMN)
2026-08-29 03:57:17,444 | INFO | [716/1901] Fetching Jamshedpur (JMDP)
2026-08-29 03:57:18,064 | INFO |    ↳ Status 403
2026-08-29 03:57:18,064 | WARNING |    ⚠ Blocked (403) retry 1
2026-08-29 03:57:18,131 | INFO | 🌐 Session warmed
2026-08-29 03:57:18,135 | INFO |    ↳ Status 403
2026-08-29 03:57:18,135 | WARNING |    ⚠ Blocked (403) retry 1
2026-08-29 03:57:18,192 | INFO | 🌐 Session warmed
2026-08-29 03:57:18,330 | INFO |    ↳ Status 200
2026-08-29 03:57:18,331 | INFO |    ✓ Found 8 movies
2026-08-29 03:57:18,331 | INFO | [717/1901] Fetching Jamui (JUMI)
2026-08-29 03:57:18,410 | INFO | [718/1901] Fetching Jangaon (JNGN)
2026-08-29 03:57:19,495 | INFO |    ↳ Status 200
2026-08-29 03:57:19,495 | INFO |    ✓ Found 8 movies
2026-08-29 03:57:19,495 | INFO | [719/1901] Fetching Jangareddy Gudem (JANG)
2026-08-29 03:57:19,537 | INFO |    ↳ Status 403
2026-08-29 03:57:19,537 | WARNING |    ⚠ Blocked (403) retry 1
2026-08-29 03:57:19,592 | INFO | 🌐 Session warmed
2026-08-29 03:57:20,088 | INFO |    ↳ Status 403
2026-08-29 03:57:20,088 | WARNING |    ⚠ Blocked (403) retry 2
2026-08-29 03:57:20,144 | INFO | 🌐 Session warmed
2026-08-29 03:57:20,271 | INFO |    ↳ Status 403
2026-08-29 03:57:20,271 | WARNING |    ⚠ Blocked (403) retry 2
2026-08-29 03:57:20,328 | INFO | 🌐 Session warmed
2026-08-29 03:57:20,691 | INFO |    ↳ Status 200
2026-08-29 03:57:20,691 | INFO |    ✓ Found 7 movies
2026-08-29 03:57:20,691 | INFO | [720/1901] Fetching Janjgir (JANR)
2026-08-29 03:57:21,754 | INFO |    ↳ Status 403
2026-08-29 03:57:21,755 | WARNING |    ⚠ Blocked (403) retry 2
2026-08-29 03:57:21,811 | INFO | 🌐 Session warmed
2026-08-29 03:57:21,989 | INFO |    ↳ Status 200
2026-08-29 03:57:21,989 | INFO |    ✓ Found 8 movies
2026-08-29 03:57:21,989 | INFO | [721/1901] Fetching Jaora (JAOR)
2026-08-29 03:57:23,261 | INFO |    ↳ Status 200
2026-08-29 03:57:23,261 | INFO |    ✓ Found 7 movies
2026-08-29 03:57:23,261 | INFO | [722/1901] Fetching Jasdan (JASD)
2026-08-29 03:57:23,289 | INFO |    ↳ Status 403
2026-08-29 03:57:23,289 | WARNING |    ⚠ Blocked (403) retry 3
2026-08-29 03:57:23,346 | INFO | 🌐 Session warmed
2026-08-29 03:57:23,579 | INFO |    ↳ Status 403
2026-08-29 03:57:23,579 | WARNING |    ⚠ Blocked (403) retry 3
2026-08-29 03:57:23,636 | INFO | 🌐 Session warmed
2026-08-29 03:57:24,255 | INFO |    ↳ Status 200
2026-08-29 03:57:24,255 | INFO |    ✓ Found 8 movies
2026-08-29 03:57:24,255 | INFO | [723/1901] Fetching Jashpur (JASH)
2026-08-29 03:57:24,970 | INFO |    ↳ Status 403
2026-08-29 03:57:24,970 | WARNING |    ⚠ Blocked (403) retry 3
2026-08-29 03:57:25,028 | INFO | 🌐 Session warmed
2026-08-29 03:57:25,566 | INFO |    ↳ Status 200
2026-08-29 03:57:25,566 | INFO |    ✓ Found 8 movies
2026-08-29 03:57:25,566 | INFO | [724/1901] Fetching Jatni (JATN)
2026-08-29 03:57:26,828 | INFO |    ↳ Status 200
2026-08-29 03:57:26,828 | INFO |    ✓ Found 8 movies
2026-08-29 03:57:26,828 | INFO | [725/1901] Fetching Jaunpur (JANP)
2026-08-29 03:57:27,347 | INFO | [726/1901] Fetching Jayamkondacholapuram (JYAM)
2026-08-29 03:57:27,637 | INFO | [727/1901] Fetching Jaysingpur (JYSP)
2026-08-29 03:57:28,457 | INFO |    ↳ Status 200
2026-08-29 03:57:28,457 | INFO |    ✓ Found 6 movies
2026-08-29 03:57:28,458 | INFO | [728/1901] Fetching Jehanabad (JEHA)
2026-08-29 03:57:28,593 | INFO |    ↳ Status 403
2026-08-29 03:57:28,593 | WARNING |    ⚠ Blocked (403) retry 1
2026-08-29 03:57:28,647 | INFO | 🌐 Session warmed
2026-08-29 03:57:28,753 | INFO |    ↳ Status 403
2026-08-29 03:57:28,753 | WARNING |    ⚠ Blocked (403) retry 1
2026-08-29 03:57:28,820 | INFO | 🌐 Session warmed
2026-08-29 03:57:29,028 | INFO | [729/1901] Fetching Jejuri (JEJU)
2026-08-29 03:57:30,203 | INFO |    ↳ Status 200
2026-08-29 03:57:30,203 | INFO |    ✓ Found 7 movies
2026-08-29 03:57:30,203 | INFO | [730/1901] Fetching Jetpur (JETP)
2026-08-29 03:57:30,218 | INFO |    ↳ Status 403
2026-08-29 03:57:30,218 | WARNING |    ⚠ Blocked (403) retry 1
2026-08-29 03:57:30,273 | INFO | 🌐 Session warmed
2026-08-29 03:57:30,693 | INFO |    ↳ Status 403
2026-08-29 03:57:30,693 | WARNING |    ⚠ Blocked (403) retry 2
2026-08-29 03:57:30,752 | INFO | 🌐 Session warmed
2026-08-29 03:57:30,753 | INFO |    ↳ Status 403
2026-08-29 03:57:30,753 | WARNING |    ⚠ Blocked (403) retry 2
2026-08-29 03:57:30,810 | INFO | 🌐 Session warmed
2026-08-29 03:57:31,868 | INFO |    ↳ Status 200
2026-08-29 03:57:31,868 | INFO |    ✓ Found 8 movies
2026-08-29 03:57:31,869 | INFO | [731/1901] Fetching Jewar (JEWR)
2026-08-29 03:57:32,524 | INFO |    ↳ Status 403
2026-08-29 03:57:32,524 | WARNING |    ⚠ Blocked (403) retry 2
2026-08-29 03:57:32,583 | INFO | 🌐 Session warmed
2026-08-29 03:57:33,217 | INFO |    ↳ Status 200
2026-08-29 03:57:33,217 | INFO |    ✓ Found 6 movies
2026-08-29 03:57:33,217 | INFO | [732/1901] Fetching Jeypore (JEYP)
2026-08-29 03:57:33,648 | INFO |    ↳ Status 403
2026-08-29 03:57:33,648 | WARNING |    ⚠ Blocked (403) retry 3
2026-08-29 03:57:33,677 | INFO |    ↳ Status 403
2026-08-29 03:57:33,677 | WARNING |    ⚠ Blocked (403) retry 3
2026-08-29 03:57:33,723 | INFO | 🌐 Session warmed
2026-08-29 03:57:33,739 | INFO | 🌐 Session warmed
2026-08-29 03:57:34,721 | INFO |    ↳ Status 200
2026-08-29 03:57:34,721 | INFO |    ✓ Found 8 movies
2026-08-29 03:57:34,721 | INFO | [733/1901] Fetching Jhabua (JHAB)
2026-08-29 03:57:35,550 | INFO |    ↳ Status 403
2026-08-29 03:57:35,550 | WARNING |    ⚠ Blocked (403) retry 3
2026-08-29 03:57:35,609 | INFO | 🌐 Session warmed
2026-08-29 03:57:36,098 | INFO |    ↳ Status 200
2026-08-29 03:57:36,098 | INFO |    ✓ Found 7 movies
2026-08-29 03:57:36,098 | INFO | [734/1901] Fetching Jhajha (JHAA)
2026-08-29 03:57:37,405 | INFO |    ↳ Status 200
2026-08-29 03:57:37,405 | INFO |    ✓ Found 8 movies
2026-08-29 03:57:37,405 | INFO | [735/1901] Fetching Jhajjar (JHAJ)
2026-08-29 03:57:37,724 | INFO | [736/1901] Fetching Jhansi (JNSI)
2026-08-29 03:57:37,740 | INFO | [737/1901] Fetching Jhargram (JARG)
2026-08-29 03:57:38,618 | INFO |    ↳ Status 403
2026-08-29 03:57:38,618 | WARNING |    ⚠ Blocked (403) retry 1
2026-08-29 03:57:38,691 | INFO | 🌐 Session warmed
2026-08-29 03:57:38,706 | INFO |    ↳ Status 200
2026-08-29 03:57:38,706 | INFO |    ✓ Found 7 movies
2026-08-29 03:57:38,706 | INFO | [738/1901] Fetching Jharsuguda (JRSG)
2026-08-29 03:57:39,020 | INFO |    ↳ Status 403
2026-08-29 03:57:39,020 | WARNING |    ⚠ Blocked (403) retry 1
2026-08-29 03:57:39,080 | INFO | 🌐 Session warmed
2026-08-29 03:57:39,609 | INFO | [739/1901] Fetching Jhunjhunu (JHUN)
2026-08-29 03:57:40,235 | INFO |    ↳ Status 200
2026-08-29 03:57:40,235 | INFO |    ✓ Found 8 movies
2026-08-29 03:57:40,236 | INFO | [740/1901] Fetching Jiaganj (JAGJ)
2026-08-29 03:57:40,536 | INFO |    ↳ Status 403
2026-08-29 03:57:40,536 | WARNING |    ⚠ Blocked (403) retry 2
2026-08-29 03:57:40,595 | INFO | 🌐 Session warmed
2026-08-29 03:57:40,655 | INFO |    ↳ Status 403
2026-08-29 03:57:40,656 | WARNING |    ⚠ Blocked (403) retry 1
2026-08-29 03:57:40,716 | INFO | 🌐 Session warmed
2026-08-29 03:57:41,021 | INFO |    ↳ Status 403
2026-08-29 03:57:41,021 | WARNING |    ⚠ Blocked (403) retry 2
2026-08-29 03:57:41,078 | INFO | 🌐 Session warmed
2026-08-29 03:57:41,829 | INFO |    ↳ Status 200
2026-08-29 03:57:41,829 | INFO |    ✓ Found 8 movies
2026-08-29 03:57:41,829 | INFO | [741/1901] Fetching Jigani (JIIG)
2026-08-29 03:57:42,699 | INFO |    ↳ Status 403
2026-08-29 03:57:42,700 | WARNING |    ⚠ Blocked (403) retry 2
2026-08-29 03:57:42,757 | INFO | 🌐 Session warmed
2026-08-29 03:57:42,829 | INFO |    ↳ Status 200
2026-08-29 03:57:42,829 | INFO |    ✓ Found 3 movies
2026-08-29 03:57:42,829 | INFO | [742/1901] Fetching Jind (JIND)
2026-08-29 03:57:43,283 | INFO |    ↳ Status 403
2026-08-29 03:57:43,283 | WARNING |    ⚠ Blocked (403) retry 3
2026-08-29 03:57:43,343 | INFO | 🌐 Session warmed
2026-08-29 03:57:43,886 | INFO |    ↳ Status 403
2026-08-29 03:57:43,886 | WARNING |    ⚠ Blocked (403) retry 3
2026-08-29 03:57:43,955 | INFO | 🌐 Session warmed
2026-08-29 03:57:43,957 | INFO |    ↳ Status 200
2026-08-29 03:57:43,957 | INFO |    ✓ Found 7 movies
2026-08-29 03:57:43,957 | INFO | [743/1901] Fetching Jintur (JINT)
2026-08-29 03:57:45,537 | INFO |    ↳ Status 200
2026-08-29 03:57:45,537 | INFO |    ✓ Found 8 movies
2026-08-29 03:57:45,537 | INFO | [744/1901] Fetching Jirapur (JIRA)
2026-08-29 03:57:45,829 | INFO |    ↳ Status 403
2026-08-29 03:57:45,829 | WARNING |    ⚠ Blocked (403) retry 3
2026-08-29 03:57:45,894 | INFO | 🌐 Session warmed
2026-08-29 03:57:47,250 | INFO |    ↳ Status 200
2026-08-29 03:57:47,250 | INFO |    ✓ Found 7 movies
2026-08-29 03:57:47,251 | INFO | [745/1901] Fetching Jodhpur (JODH)
2026-08-29 03:57:47,344 | INFO | [746/1901] Fetching Jolarpettai (JLPI)
2026-08-29 03:57:47,955 | INFO | [747/1901] Fetching Jorhat (JORT)
2026-08-29 03:57:48,497 | INFO |    ↳ Status 403
2026-08-29 03:57:48,497 | WARNING |    ⚠ Blocked (403) retry 1
2026-08-29 03:57:48,553 | INFO | 🌐 Session warmed
2026-08-29 03:57:48,574 | INFO |    ↳ Status 200
2026-08-29 03:57:48,574 | INFO |    ✓ Found 4 movies
2026-08-29 03:57:48,574 | INFO | [748/1901] Fetching Joynagar Majilpur (MAPR)
2026-08-29 03:57:48,908 | INFO |    ↳ Status 403
2026-08-29 03:57:48,908 | WARNING |    ⚠ Blocked (403) retry 1
2026-08-29 03:57:48,965 | INFO | 🌐 Session warmed
2026-08-29 03:57:49,895 | INFO | [749/1901] Fetching Junagadh (JUGH)
2026-08-29 03:57:50,074 | INFO |    ↳ Status 200
2026-08-29 03:57:50,074 | INFO |    ✓ Found 8 movies
2026-08-29 03:57:50,075 | INFO | [750/1901] Fetching Junagarh (JUNA)
2026-08-29 03:57:50,334 | INFO |    ↳ Status 403
2026-08-29 03:57:50,334 | WARNING |    ⚠ Blocked (403) retry 2
2026-08-29 03:57:50,394 | INFO | 🌐 Session warmed
2026-08-29 03:57:51,148 | INFO |    ↳ Status 403
2026-08-29 03:57:51,149 | WARNING |    ⚠ Blocked (403) retry 2
2026-08-29 03:57:51,182 | INFO |    ↳ Status 403
2026-08-29 03:57:51,182 | WARNING |    ⚠ Blocked (403) retry 1
2026-08-29 03:57:51,213 | INFO | 🌐 Session warmed
2026-08-29 03:57:51,249 | INFO | 🌐 Session warmed
2026-08-29 03:57:52,481 | INFO |    ↳ Status 200
2026-08-29 03:57:52,481 | INFO |    ✓ Found 8 movies
2026-08-29 03:57:52,482 | INFO | [751/1901] Fetching K.D Peta (PTDK)
2026-08-29 03:57:53,174 | INFO |    ↳ Status 403
2026-08-29 03:57:53,174 | WARNING |    ⚠ Blocked (403) retry 3
2026-08-29 03:57:53,229 | INFO | 🌐 Session warmed
2026-08-29 03:57:53,325 | INFO |    ↳ Status 403
2026-08-29 03:57:53,325 | WARNING |    ⚠ Blocked (403) retry 2
2026-08-29 03:57:53,381 | INFO | 🌐 Session warmed
2026-08-29 03:57:53,447 | INFO |    ↳ Status 200
2026-08-29 03:57:53,448 | INFO |    ✓ Found 8 movies
2026-08-29 03:57:53,448 | INFO | [752/1901] Fetching Kadakkal (KDKL)
2026-08-29 03:57:54,452 | INFO |    ↳ Status 403
2026-08-29 03:57:54,452 | WARNING |    ⚠ Blocked (403) retry 3
2026-08-29 03:57:54,515 | INFO | 🌐 Session warmed
2026-08-29 03:57:54,911 | INFO |    ↳ Status 200
2026-08-29 03:57:54,911 | INFO |    ✓ Found 8 movies
2026-08-29 03:57:54,911 | INFO | [753/1901] Fetching Kadapa (KDPA)
2026-08-29 03:57:56,594 | INFO |    ↳ Status 403
2026-08-29 03:57:56,594 | WARNING |    ⚠ Blocked (403) retry 3
2026-08-29 03:57:56,651 | INFO | 🌐 Session warmed
2026-08-29 03:57:57,230 | INFO | [754/1901] Fetching Kadi (KADI)
2026-08-29 03:57:57,270 | INFO |    ↳ Status 200
2026-08-29 03:57:57,270 | INFO |    ✓ Found 7 movies
2026-08-29 03:57:57,270 | INFO | [755/1901] Fetching Kadiri (KADR)
2026-08-29 03:57:58,515 | INFO | [756/1901] Fetching Kadiyam (KADY)
2026-08-29 03:57:58,572 | INFO |    ↳ Status 403
2026-08-29 03:57:58,572 | WARNING |    ⚠ Blocked (403) retry 1
2026-08-29 03:57:58,635 | INFO | 🌐 Session warmed
2026-08-29 03:57:59,169 | INFO |    ↳ Status 403
2026-08-29 03:57:59,169 | WARNING |    ⚠ Blocked (403) retry 1
2026-08-29 03:57:59,178 | INFO |    ↳ Status 200
2026-08-29 03:57:59,178 | INFO |    ✓ Found 7 movies
2026-08-29 03:57:59,178 | INFO | [757/1901] Fetching Kadthal (KADT)
2026-08-29 03:57:59,247 | INFO | 🌐 Session warmed
2026-08-29 03:58:00,360 | INFO |    ↳ Status 200
2026-08-29 03:58:00,361 | INFO |    ✓ Found 7 movies
2026-08-29 03:58:00,361 | INFO | [758/1901] Fetching Kaikaluru (KAIK)
2026-08-29 03:58:00,401 | INFO |    ↳ Status 403
2026-08-29 03:58:00,401 | WARNING |    ⚠ Blocked (403) retry 2
2026-08-29 03:58:00,458 | INFO | 🌐 Session warmed
2026-08-29 03:58:00,652 | INFO | [759/1901] Fetching Kaithal (KAIT)
2026-08-29 03:58:01,370 | INFO |    ↳ Status 403
2026-08-29 03:58:01,370 | WARNING |    ⚠ Blocked (403) retry 1
2026-08-29 03:58:01,425 | INFO | 🌐 Session warmed
2026-08-29 03:58:01,524 | INFO |    ↳ Status 403
2026-08-29 03:58:01,525 | WARNING |    ⚠ Blocked (403) retry 2
2026-08-29 03:58:01,586 | INFO | 🌐 Session warmed
2026-08-29 03:58:02,038 | INFO |    ↳ Status 200
2026-08-29 03:58:02,038 | INFO |    ✓ Found 7 movies
2026-08-29 03:58:02,038 | INFO | [760/1901] Fetching Kakarapalli (KAAP)
2026-08-29 03:58:03,154 | INFO |    ↳ Status 403
2026-08-29 03:58:03,154 | WARNING |    ⚠ Blocked (403) retry 3
2026-08-29 03:58:03,211 | INFO | 🌐 Session warmed
2026-08-29 03:58:03,413 | INFO |    ↳ Status 200
2026-08-29 03:58:03,413 | INFO |    ✓ Found 7 movies
2026-08-29 03:58:03,413 | INFO | [761/1901] Fetching Kakinada (KAKI)
2026-08-29 03:58:03,800 | INFO |    ↳ Status 403
2026-08-29 03:58:03,800 | WARNING |    ⚠ Blocked (403) retry 2
2026-08-29 03:58:03,872 | INFO | 🌐 Session warmed
2026-08-29 03:58:04,611 | INFO |    ↳ Status 403
2026-08-29 03:58:04,612 | WARNING |    ⚠ Blocked (403) retry 3
2026-08-29 03:58:04,697 | INFO | 🌐 Session warmed
2026-08-29 03:58:04,938 | INFO |    ↳ Status 200
2026-08-29 03:58:04,938 | INFO |    ✓ Found 7 movies
2026-08-29 03:58:04,938 | INFO | [762/1901] Fetching Kalaburagi (Gulbarga) (GULB)
2026-08-29 03:58:06,354 | INFO |    ↳ Status 200
2026-08-29 03:58:06,355 | INFO |    ✓ Found 3 movies
2026-08-29 03:58:06,355 | INFO | [763/1901] Fetching Kalady (KLDY)
2026-08-29 03:58:06,752 | INFO |    ↳ Status 403
2026-08-29 03:58:06,752 | WARNING |    ⚠ Blocked (403) retry 3
2026-08-29 03:58:06,818 | INFO | 🌐 Session warmed
2026-08-29 03:58:07,211 | INFO | [764/1901] Fetching Kalanaur (KANR)
2026-08-29 03:58:07,763 | INFO |    ↳ Status 200
2026-08-29 03:58:07,764 | INFO |    ✓ Found 8 movies
2026-08-29 03:58:07,764 | INFO | [765/1901] Fetching Kalimpong (KALI)
2026-08-29 03:58:07,967 | INFO |    ↳ Status 403
2026-08-29 03:58:07,967 | WARNING |    ⚠ Blocked (403) retry 1
2026-08-29 03:58:08,022 | INFO | 🌐 Session warmed
2026-08-29 03:58:08,697 | INFO | [766/1901] Fetching Kalla (KLLL)
2026-08-29 03:58:08,764 | INFO |    ↳ Status 200
2026-08-29 03:58:08,764 | INFO |    ✓ Found 8 movies
2026-08-29 03:58:08,764 | INFO | [767/1901] Fetching Kallachi (KALC)
2026-08-29 03:58:09,650 | INFO |    ↳ Status 403
2026-08-29 03:58:09,650 | WARNING |    ⚠ Blocked (403) retry 1
2026-08-29 03:58:09,656 | INFO |    ↳ Status 403
2026-08-29 03:58:09,656 | WARNING |    ⚠ Blocked (403) retry 2
2026-08-29 03:58:09,723 | INFO | 🌐 Session warmed
2026-08-29 03:58:09,728 | INFO | 🌐 Session warmed
2026-08-29 03:58:10,421 | INFO |    ↳ Status 200
2026-08-29 03:58:10,421 | INFO |    ✓ Found 8 movies
2026-08-29 03:58:10,421 | INFO | [768/1901] Fetching Kalladikode (KALD)
2026-08-29 03:58:10,818 | INFO | [769/1901] Fetching Kallakurichi (KALL)
2026-08-29 03:58:11,550 | INFO |    ↳ Status 200
2026-08-29 03:58:11,550 | INFO |    ✓ Found 8 movies
2026-08-29 03:58:11,550 | INFO | [770/1901] Fetching Kallur (KLUR)
2026-08-29 03:58:11,678 | INFO |    ↳ Status 403
2026-08-29 03:58:11,678 | WARNING |    ⚠ Blocked (403) retry 2
2026-08-29 03:58:11,743 | INFO | 🌐 Session warmed
2026-08-29 03:58:11,889 | INFO |    ↳ Status 403
2026-08-29 03:58:11,889 | WARNING |    ⚠ Blocked (403) retry 1
2026-08-29 03:58:11,947 | INFO | 🌐 Session warmed
2026-08-29 03:58:12,586 | INFO |    ↳ Status 403
2026-08-29 03:58:12,587 | WARNING |    ⚠ Blocked (403) retry 3
2026-08-29 03:58:12,649 | INFO | 🌐 Session warmed
2026-08-29 03:58:12,977 | INFO |    ↳ Status 200
2026-08-29 03:58:12,977 | INFO |    ✓ Found 8 movies
2026-08-29 03:58:12,977 | INFO | [771/1901] Fetching Kalluru (KALR)
2026-08-29 03:58:14,117 | INFO |    ↳ Status 200
2026-08-29 03:58:14,117 | INFO |    ✓ Found 8 movies
2026-08-29 03:58:14,117 | INFO | [772/1901] Fetching Kalna (KALN)
2026-08-29 03:58:14,254 | INFO |    ↳ Status 403
2026-08-29 03:58:14,254 | WARNING |    ⚠ Blocked (403) retry 2
2026-08-29 03:58:14,312 | INFO | 🌐 Session warmed
2026-08-29 03:58:14,911 | INFO |    ↳ Status 403
2026-08-29 03:58:14,911 | WARNING |    ⚠ Blocked (403) retry 3
2026-08-29 03:58:14,968 | INFO | 🌐 Session warmed
2026-08-29 03:58:15,803 | INFO |    ↳ Status 200
2026-08-29 03:58:15,803 | INFO |    ✓ Found 8 movies
2026-08-29 03:58:15,803 | INFO | [773/1901] Fetching Kalol (Gandhinagar) (KALG)
2026-08-29 03:58:16,649 | INFO | [774/1901] Fetching Kalol (Panchmahal) (PANH)
2026-08-29 03:58:16,892 | INFO |    ↳ Status 200
2026-08-29 03:58:16,892 | INFO |    ✓ Found 8 movies
2026-08-29 03:58:16,892 | INFO | [775/1901] Fetching Kalwakurthy (KALW)
2026-08-29 03:58:16,946 | INFO |    ↳ Status 403
2026-08-29 03:58:16,946 | WARNING |    ⚠ Blocked (403) retry 3
2026-08-29 03:58:17,003 | INFO | 🌐 Session warmed
2026-08-29 03:58:17,428 | INFO |    ↳ Status 403
2026-08-29 03:58:17,428 | WARNING |    ⚠ Blocked (403) retry 1
2026-08-29 03:58:17,483 | INFO | 🌐 Session warmed
2026-08-29 03:58:18,418 | INFO |    ↳ Status 200
2026-08-29 03:58:18,418 | INFO |    ✓ Found 7 movies
2026-08-29 03:58:18,418 | INFO | [776/1901] Fetching Kalyani (KALY)
2026-08-29 03:58:18,968 | INFO | [777/1901] Fetching Kamalaapur (KMLA)
2026-08-29 03:58:19,731 | INFO |    ↳ Status 403
2026-08-29 03:58:19,731 | WARNING |    ⚠ Blocked (403) retry 2
2026-08-29 03:58:19,790 | INFO | 🌐 Session warmed
2026-08-29 03:58:19,893 | INFO |    ↳ Status 403
2026-08-29 03:58:19,893 | WARNING |    ⚠ Blocked (403) retry 1
2026-08-29 03:58:19,937 | INFO |    ↳ Status 200
2026-08-29 03:58:19,937 | INFO |    ✓ Found 8 movies
2026-08-29 03:58:19,938 | INFO | [778/1901] Fetching Kamalapur (KMLR)
2026-08-29 03:58:19,951 | INFO | 🌐 Session warmed
2026-08-29 03:58:21,004 | INFO | [779/1901] Fetching Kamanaickenpalayam (KPLA)
2026-08-29 03:58:21,835 | INFO |    ↳ Status 200
2026-08-29 03:58:21,835 | INFO |    ✓ Found 3 movies
2026-08-29 03:58:21,835 | INFO | [780/1901] Fetching Kamareddy (KMRD)
2026-08-29 03:58:22,222 | INFO |    ↳ Status 403
2026-08-29 03:58:22,222 | WARNING |    ⚠ Blocked (403) retry 2
2026-08-29 03:58:22,288 | INFO | 🌐 Session warmed
2026-08-29 03:58:22,295 | INFO |    ↳ Status 403
2026-08-29 03:58:22,295 | WARNING |    ⚠ Blocked (403) retry 1
2026-08-29 03:58:22,351 | INFO | 🌐 Session warmed
2026-08-29 03:58:22,833 | INFO |    ↳ Status 403
2026-08-29 03:58:22,833 | WARNING |    ⚠ Blocked (403) retry 3
2026-08-29 03:58:22,900 | INFO | 🌐 Session warmed
2026-08-29 03:58:23,192 | INFO |    ↳ Status 200
2026-08-29 03:58:23,192 | INFO |    ✓ Found 7 movies
2026-08-29 03:58:23,192 | INFO | [781/1901] Fetching Kamavarapukota (KPKT)
2026-08-29 03:58:24,570 | INFO |    ↳ Status 200
2026-08-29 03:58:24,570 | INFO |    ✓ Found 7 movies
2026-08-29 03:58:24,571 | INFO | [782/1901] Fetching Kambainallur (KAMR)
2026-08-29 03:58:24,735 | INFO |    ↳ Status 403
2026-08-29 03:58:24,735 | WARNING |    ⚠ Blocked (403) retry 2
2026-08-29 03:58:24,805 | INFO | 🌐 Session warmed
2026-08-29 03:58:24,919 | INFO |    ↳ Status 403
2026-08-29 03:58:24,919 | WARNING |    ⚠ Blocked (403) retry 3
2026-08-29 03:58:24,981 | INFO | 🌐 Session warmed
2026-08-29 03:58:26,130 | INFO |    ↳ Status 200
2026-08-29 03:58:26,130 | INFO |    ✓ Found 7 movies
2026-08-29 03:58:26,130 | INFO | [783/1901] Fetching Kamptee (KAMP)
2026-08-29 03:58:26,900 | INFO | [784/1901] Fetching Kamrej (KMRJ)
2026-08-29 03:58:27,533 | INFO |    ↳ Status 403
2026-08-29 03:58:27,533 | WARNING |    ⚠ Blocked (403) retry 1
2026-08-29 03:58:27,596 | INFO | 🌐 Session warmed
2026-08-29 03:58:27,750 | INFO |    ↳ Status 200
2026-08-29 03:58:27,751 | INFO |    ✓ Found 5 movies
2026-08-29 03:58:27,751 | INFO | [785/1901] Fetching Kanakapura (KAKP)
2026-08-29 03:58:28,160 | INFO |    ↳ Status 403
2026-08-29 03:58:28,160 | WARNING |    ⚠ Blocked (403) retry 3
2026-08-29 03:58:28,220 | INFO | 🌐 Session warmed
2026-08-29 03:58:28,800 | INFO |    ↳ Status 200
2026-08-29 03:58:28,800 | INFO |    ✓ Found 3 movies
2026-08-29 03:58:28,800 | INFO | [786/1901] Fetching Kanatal (KANA)
2026-08-29 03:58:28,982 | INFO | [787/1901] Fetching Kanchikacherla (KNCH)
2026-08-29 03:58:29,217 | INFO |    ↳ Status 403
2026-08-29 03:58:29,217 | WARNING |    ⚠ Blocked (403) retry 2
2026-08-29 03:58:29,275 | INFO | 🌐 Session warmed
2026-08-29 03:58:29,644 | INFO |    ↳ Status 403
2026-08-29 03:58:29,644 | WARNING |    ⚠ Blocked (403) retry 1
2026-08-29 03:58:29,699 | INFO | 🌐 Session warmed
2026-08-29 03:58:29,874 | INFO |    ↳ Status 200
2026-08-29 03:58:29,874 | INFO |    ✓ Found 8 movies
2026-08-29 03:58:29,875 | INFO | [788/1901] Fetching Kanchipuram (KNPM)
2026-08-29 03:58:30,858 | INFO |    ↳ Status 200
2026-08-29 03:58:30,858 | INFO |    ✓ Found 7 movies
2026-08-29 03:58:30,858 | INFO | [789/1901] Fetching Kandamangalam (KNDM)
2026-08-29 03:58:31,922 | INFO |    ↳ Status 200
2026-08-29 03:58:31,922 | INFO |    ✓ Found 7 movies
2026-08-29 03:58:31,922 | INFO | [790/1901] Fetching Kandukur (KAND)
2026-08-29 03:58:31,959 | INFO |    ↳ Status 403
2026-08-29 03:58:31,959 | WARNING |    ⚠ Blocked (403) retry 2
2026-08-29 03:58:32,014 | INFO | 🌐 Session warmed
2026-08-29 03:58:32,189 | INFO |    ↳ Status 403
2026-08-29 03:58:32,189 | WARNING |    ⚠ Blocked (403) retry 3
2026-08-29 03:58:32,220 | INFO | [791/1901] Fetching Kangayam (KGKM)
2026-08-29 03:58:32,249 | INFO | 🌐 Session warmed
2026-08-29 03:58:33,476 | INFO |    ↳ Status 403
2026-08-29 03:58:33,476 | WARNING |    ⚠ Blocked (403) retry 1
2026-08-29 03:58:33,515 | INFO |    ↳ Status 200
2026-08-29 03:58:33,515 | INFO |    ✓ Found 7 movies
2026-08-29 03:58:33,515 | INFO | [792/1901] Fetching Kangra (KANG)
2026-08-29 03:58:33,533 | INFO | 🌐 Session warmed
2026-08-29 03:58:34,762 | INFO |    ↳ Status 403
2026-08-29 03:58:34,762 | WARNING |    ⚠ Blocked (403) retry 3
2026-08-29 03:58:34,822 | INFO | 🌐 Session warmed
2026-08-29 03:58:34,924 | INFO |    ↳ Status 200
2026-08-29 03:58:34,924 | INFO |    ✓ Found 6 movies
2026-08-29 03:58:34,924 | INFO | [793/1901] Fetching Kanhangad (KKNN)
2026-08-29 03:58:35,250 | INFO |    ↳ Status 403
2026-08-29 03:58:35,250 | WARNING |    ⚠ Blocked (403) retry 2
2026-08-29 03:58:35,305 | INFO | 🌐 Session warmed
2026-08-29 03:58:36,250 | INFO | [794/1901] Fetching Kanichar (KANC)
2026-08-29 03:58:37,245 | INFO |    ↳ Status 200
2026-08-29 03:58:37,245 | INFO |    ✓ Found 8 movies
2026-08-29 03:58:37,245 | INFO | [795/1901] Fetching Kanigiri (KANI)
2026-08-29 03:58:37,469 | INFO |    ↳ Status 403
2026-08-29 03:58:37,469 | WARNING |    ⚠ Blocked (403) retry 1
2026-08-29 03:58:37,527 | INFO | 🌐 Session warmed
2026-08-29 03:58:38,325 | INFO |    ↳ Status 403
2026-08-29 03:58:38,325 | WARNING |    ⚠ Blocked (403) retry 3
2026-08-29 03:58:38,382 | INFO | 🌐 Session warmed
2026-08-29 03:58:38,803 | INFO |    ↳ Status 200
2026-08-29 03:58:38,803 | INFO |    ✓ Found 7 movies
2026-08-29 03:58:38,803 | INFO | [796/1901] Fetching Kanipakam (KAAM)
2026-08-29 03:58:38,822 | INFO | [797/1901] Fetching Kanjirappally (KNNJ)
2026-08-29 03:58:39,179 | INFO |    ↳ Status 403
2026-08-29 03:58:39,179 | WARNING |    ⚠ Blocked (403) retry 2
2026-08-29 03:58:39,243 | INFO | 🌐 Session warmed
2026-08-29 03:58:40,098 | INFO |    ↳ Status 403
2026-08-29 03:58:40,099 | WARNING |    ⚠ Blocked (403) retry 1
2026-08-29 03:58:40,155 | INFO | 🌐 Session warmed
2026-08-29 03:58:40,288 | INFO |    ↳ Status 200
2026-08-29 03:58:40,289 | INFO |    ✓ Found 7 movies
2026-08-29 03:58:40,289 | INFO | [798/1901] Fetching Kankavli (KNKS)
2026-08-29 03:58:41,270 | INFO |    ↳ Status 200
2026-08-29 03:58:41,270 | INFO |    ✓ Found 8 movies
2026-08-29 03:58:41,270 | INFO | [799/1901] Fetching Kanker (KANK)
2026-08-29 03:58:42,293 | INFO |    ↳ Status 403
2026-08-29 03:58:42,293 | WARNING |    ⚠ Blocked (403) retry 2
2026-08-29 03:58:42,353 | INFO | 🌐 Session warmed
2026-08-29 03:58:42,382 | INFO | [800/1901] Fetching Kankipadu (KADU)
2026-08-29 03:58:42,403 | INFO |    ↳ Status 200
2026-08-29 03:58:42,404 | INFO |    ✓ Found 8 movies
2026-08-29 03:58:42,404 | INFO | [801/1901] Fetching Kankroli (KANL)
2026-08-29 03:58:42,512 | INFO |    ↳ Status 403
2026-08-29 03:58:42,512 | WARNING |    ⚠ Blocked (403) retry 3
2026-08-29 03:58:42,572 | INFO | 🌐 Session warmed
2026-08-29 03:58:43,166 | INFO |    ↳ Status 403
2026-08-29 03:58:43,167 | WARNING |    ⚠ Blocked (403) retry 1
2026-08-29 03:58:43,224 | INFO | 🌐 Session warmed
2026-08-29 03:58:43,703 | INFO |    ↳ Status 200
2026-08-29 03:58:43,703 | INFO |    ✓ Found 8 movies
2026-08-29 03:58:43,703 | INFO | [802/1901] Fetching Kannauj (KANJ)
2026-08-29 03:58:44,854 | INFO |    ↳ Status 403
2026-08-29 03:58:44,855 | WARNING |    ⚠ Blocked (403) retry 2
2026-08-29 03:58:44,916 | INFO | 🌐 Session warmed
2026-08-29 03:58:45,282 | INFO |    ↳ Status 200
2026-08-29 03:58:45,282 | INFO |    ✓ Found 6 movies
2026-08-29 03:58:45,283 | INFO | [803/1901] Fetching Kannur (KANN)
2026-08-29 03:58:45,507 | INFO |    ↳ Status 403
2026-08-29 03:58:45,507 | WARNING |    ⚠ Blocked (403) retry 3
2026-08-29 03:58:45,568 | INFO | 🌐 Session warmed
2026-08-29 03:58:46,447 | INFO |    ↳ Status 200
2026-08-29 03:58:46,448 | INFO |    ✓ Found 8 movies
2026-08-29 03:58:46,448 | INFO | [804/1901] Fetching Kanpur (KANP)
2026-08-29 03:58:46,572 | INFO | [805/1901] Fetching Kantabanji (KTBJ)
2026-08-29 03:58:47,781 | INFO |    ↳ Status 200
2026-08-29 03:58:47,781 | INFO |    ✓ Found 6 movies
2026-08-29 03:58:47,781 | INFO | [806/1901] Fetching Kanyakumari (KAKM)
2026-08-29 03:58:47,931 | INFO |    ↳ Status 403
2026-08-29 03:58:47,932 | WARNING |    ⚠ Blocked (403) retry 1
2026-08-29 03:58:47,988 | INFO | 🌐 Session warmed
2026-08-29 03:58:48,243 | INFO |    ↳ Status 403
2026-08-29 03:58:48,243 | WARNING |    ⚠ Blocked (403) retry 3
2026-08-29 03:58:48,299 | INFO | 🌐 Session warmed
2026-08-29 03:58:49,202 | INFO |    ↳ Status 200
2026-08-29 03:58:49,202 | INFO |    ✓ Found 7 movies
2026-08-29 03:58:49,203 | INFO | [807/1901] Fetching Kapadvanj (KAPP)
2026-08-29 03:58:49,568 | INFO | [808/1901] Fetching Kapurthala (IKGP)
2026-08-29 03:58:50,214 | INFO |    ↳ Status 403
2026-08-29 03:58:50,214 | WARNING |    ⚠ Blocked (403) retry 2
2026-08-29 03:58:50,279 | INFO | 🌐 Session warmed
2026-08-29 03:58:50,381 | INFO |    ↳ Status 403
2026-08-29 03:58:50,381 | WARNING |    ⚠ Blocked (403) retry 1
2026-08-29 03:58:50,397 | INFO |    ↳ Status 200
2026-08-29 03:58:50,397 | INFO |    ✓ Found 8 movies
2026-08-29 03:58:50,397 | INFO | [809/1901] Fetching Karad (KARD)
2026-08-29 03:58:50,442 | INFO | 🌐 Session warmed
2026-08-29 03:58:52,060 | INFO |    ↳ Status 200
2026-08-29 03:58:52,060 | INFO |    ✓ Found 5 movies
2026-08-29 03:58:52,060 | INFO | [810/1901] Fetching Karaikal (KARA)
2026-08-29 03:58:52,299 | INFO | [811/1901] Fetching Karambakkudi (KRBK)
2026-08-29 03:58:52,658 | INFO |    ↳ Status 403
2026-08-29 03:58:52,658 | WARNING |    ⚠ Blocked (403) retry 2
2026-08-29 03:58:52,719 | INFO | 🌐 Session warmed
2026-08-29 03:58:52,925 | INFO |    ↳ Status 403
2026-08-29 03:58:52,925 | WARNING |    ⚠ Blocked (403) retry 3
2026-08-29 03:58:52,981 | INFO | 🌐 Session warmed
2026-08-29 03:58:53,611 | INFO |    ↳ Status 403
2026-08-29 03:58:53,611 | WARNING |    ⚠ Blocked (403) retry 1
2026-08-29 03:58:53,646 | INFO |    ↳ Status 200
2026-08-29 03:58:53,646 | INFO |    ✓ Found 7 movies
2026-08-29 03:58:53,646 | INFO | [812/1901] Fetching Karanja Lad (KLAD)
2026-08-29 03:58:53,668 | INFO | 🌐 Session warmed
2026-08-29 03:58:55,447 | INFO |    ↳ Status 403
2026-08-29 03:58:55,447 | WARNING |    ⚠ Blocked (403) retry 2
2026-08-29 03:58:55,504 | INFO | 🌐 Session warmed
2026-08-29 03:58:55,583 | INFO |    ↳ Status 200
2026-08-29 03:58:55,583 | INFO |    ✓ Found 5 movies
2026-08-29 03:58:55,583 | INFO | [813/1901] Fetching Karanjia (KARJ)
2026-08-29 03:58:55,885 | INFO |    ↳ Status 403
2026-08-29 03:58:55,885 | WARNING |    ⚠ Blocked (403) retry 3
2026-08-29 03:58:55,942 | INFO | 🌐 Session warmed
2026-08-29 03:58:56,752 | INFO |    ↳ Status 200
2026-08-29 03:58:56,752 | INFO |    ✓ Found 8 movies
2026-08-29 03:58:56,752 | INFO | [814/1901] Fetching Kareli (KARE)
2026-08-29 03:58:56,982 | INFO | [815/1901] Fetching Karepalli (KRPL)
2026-08-29 03:58:57,719 | INFO |    ↳ Status 403
2026-08-29 03:58:57,719 | WARNING |    ⚠ Blocked (403) retry 1
2026-08-29 03:58:57,753 | INFO |    ↳ Status 200
2026-08-29 03:58:57,753 | INFO |    ✓ Found 7 movies
2026-08-29 03:58:57,753 | INFO | [816/1901] Fetching Kargi Road (KRRD)
2026-08-29 03:58:57,773 | INFO | 🌐 Session warmed
2026-08-29 03:58:58,469 | INFO |    ↳ Status 403
2026-08-29 03:58:58,469 | WARNING |    ⚠ Blocked (403) retry 3
2026-08-29 03:58:58,527 | INFO | 🌐 Session warmed
2026-08-29 03:58:59,851 | INFO |    ↳ Status 200
2026-08-29 03:58:59,851 | INFO |    ✓ Found 8 movies
2026-08-29 03:58:59,851 | INFO | [817/1901] Fetching Karimangalam (KARI)
2026-08-29 03:58:59,942 | INFO | [818/1901] Fetching Karimganj (KRNJ)
2026-08-29 03:58:59,980 | INFO |    ↳ Status 403
2026-08-29 03:58:59,980 | WARNING |    ⚠ Blocked (403) retry 2
2026-08-29 03:59:00,050 | INFO | 🌐 Session warmed
2026-08-29 03:59:00,972 | INFO |    ↳ Status 403
2026-08-29 03:59:00,973 | WARNING |    ⚠ Blocked (403) retry 1
2026-08-29 03:59:01,032 | INFO | 🌐 Session warmed
2026-08-29 03:59:01,554 | INFO |    ↳ Status 200
2026-08-29 03:59:01,555 | INFO |    ✓ Found 7 movies
2026-08-29 03:59:01,555 | INFO | [819/1901] Fetching Karimnagar (KARIM)
2026-08-29 03:59:02,527 | INFO | [820/1901] Fetching Kariyad (KRYD)
2026-08-29 03:59:02,759 | INFO |    ↳ Status 403
2026-08-29 03:59:02,760 | WARNING |    ⚠ Blocked (403) retry 2
2026-08-29 03:59:02,816 | INFO | 🌐 Session warmed
2026-08-29 03:59:03,026 | INFO |    ↳ Status 403
2026-08-29 03:59:03,027 | WARNING |    ⚠ Blocked (403) retry 3
2026-08-29 03:59:03,083 | INFO | 🌐 Session warmed
2026-08-29 03:59:03,131 | INFO |    ↳ Status 200
2026-08-29 03:59:03,131 | INFO |    ✓ Found 7 movies
2026-08-29 03:59:03,131 | INFO | [821/1901] Fetching Karjat (KART)
2026-08-29 03:59:03,139 | INFO |    ↳ Status 403
2026-08-29 03:59:03,139 | WARNING |    ⚠ Blocked (403) retry 1
2026-08-29 03:59:03,196 | INFO | 🌐 Session warmed
2026-08-29 03:59:04,112 | INFO |    ↳ Status 200
2026-08-29 03:59:04,112 | INFO |    ✓ Found 5 movies
2026-08-29 03:59:04,112 | INFO | [822/1901] Fetching Karkala (KARK)
2026-08-29 03:59:05,415 | INFO |    ↳ Status 403
2026-08-29 03:59:05,415 | WARNING |    ⚠ Blocked (403) retry 2
2026-08-29 03:59:05,473 | INFO | 🌐 Session warmed
2026-08-29 03:59:05,614 | INFO |    ↳ Status 200
2026-08-29 03:59:05,614 | INFO |    ✓ Found 3 movies
2026-08-29 03:59:05,615 | INFO | [823/1901] Fetching Karmala (KMML)
2026-08-29 03:59:06,025 | INFO |    ↳ Status 403
2026-08-29 03:59:06,025 | WARNING |    ⚠ Blocked (403) retry 3
2026-08-29 03:59:06,082 | INFO | 🌐 Session warmed
2026-08-29 03:59:06,731 | INFO |    ↳ Status 200
2026-08-29 03:59:06,732 | INFO |    ✓ Found 8 movies
2026-08-29 03:59:06,732 | INFO | [824/1901] Fetching Karmamthody (KRMA)
2026-08-29 03:59:07,083 | INFO | [825/1901] Fetching Karnal (KARN)
2026-08-29 03:59:08,008 | INFO |    ↳ Status 200
2026-08-29 03:59:08,008 | INFO |    ✓ Found 8 movies
2026-08-29 03:59:08,009 | INFO | [826/1901] Fetching Karunagapally (KARG)
2026-08-29 03:59:08,136 | INFO |    ↳ Status 403
2026-08-29 03:59:08,136 | WARNING |    ⚠ Blocked (403) retry 1
2026-08-29 03:59:08,192 | INFO | 🌐 Session warmed
2026-08-29 03:59:08,316 | INFO |    ↳ Status 403
2026-08-29 03:59:08,316 | WARNING |    ⚠ Blocked (403) retry 3
2026-08-29 03:59:08,373 | INFO | 🌐 Session warmed
2026-08-29 03:59:09,283 | INFO |    ↳ Status 200
2026-08-29 03:59:09,283 | INFO |    ✓ Found 8 movies
2026-08-29 03:59:09,284 | INFO | [827/1901] Fetching Karur (KARU)
2026-08-29 03:59:10,083 | INFO | [828/1901] Fetching Karwar (KWAR)
2026-08-29 03:59:10,346 | INFO |    ↳ Status 200
2026-08-29 03:59:10,346 | INFO |    ✓ Found 7 movies
2026-08-29 03:59:10,346 | INFO | [829/1901] Fetching Kasaragod (KASA)
2026-08-29 03:59:10,397 | INFO |    ↳ Status 403
2026-08-29 03:59:10,397 | WARNING |    ⚠ Blocked (403) retry 2
2026-08-29 03:59:10,452 | INFO | 🌐 Session warmed
2026-08-29 03:59:11,232 | INFO |    ↳ Status 403
2026-08-29 03:59:11,233 | WARNING |    ⚠ Blocked (403) retry 1
2026-08-29 03:59:11,294 | INFO | 🌐 Session warmed
2026-08-29 03:59:11,924 | INFO |    ↳ Status 200
2026-08-29 03:59:11,925 | INFO |    ✓ Found 8 movies
2026-08-29 03:59:11,925 | INFO | [830/1901] Fetching Kasdol (KASD)
2026-08-29 03:59:12,373 | INFO | [831/1901] Fetching Kasganj (KASG)
2026-08-29 03:59:13,121 | INFO |    ↳ Status 403
2026-08-29 03:59:13,121 | WARNING |    ⚠ Blocked (403) retry 1
2026-08-29 03:59:13,179 | INFO | 🌐 Session warmed
2026-08-29 03:59:13,474 | INFO |    ↳ Status 403
2026-08-29 03:59:13,474 | WARNING |    ⚠ Blocked (403) retry 2
2026-08-29 03:59:13,485 | INFO |    ↳ Status 200
2026-08-29 03:59:13,486 | INFO |    ✓ Found 8 movies
2026-08-29 03:59:13,486 | INFO | [832/1901] Fetching Kashig (KSHG)
2026-08-29 03:59:13,533 | INFO | 🌐 Session warmed
2026-08-29 03:59:13,540 | INFO |    ↳ Status 403
2026-08-29 03:59:13,541 | WARNING |    ⚠ Blocked (403) retry 3
2026-08-29 03:59:13,600 | INFO | 🌐 Session warmed
2026-08-29 03:59:14,833 | INFO |    ↳ Status 200
2026-08-29 03:59:14,833 | INFO |    ✓ Found 5 movies
2026-08-29 03:59:14,833 | INFO | [833/1901] Fetching Kashipur (KASH)
2026-08-29 03:59:14,940 | INFO |    ↳ Status 403
2026-08-29 03:59:14,941 | WARNING |    ⚠ Blocked (403) retry 2
2026-08-29 03:59:14,994 | INFO | 🌐 Session warmed
2026-08-29 03:59:16,551 | INFO |    ↳ Status 200
2026-08-29 03:59:16,551 | INFO |    ✓ Found 8 movies
2026-08-29 03:59:16,551 | INFO | [834/1901] Fetching Kashti (KAST)
2026-08-29 03:59:16,874 | INFO |    ↳ Status 403
2026-08-29 03:59:16,874 | WARNING |    ⚠ Blocked (403) retry 3
2026-08-29 03:59:16,932 | INFO | 🌐 Session warmed
2026-08-29 03:59:17,600 | INFO | [835/1901] Fetching Kasibugga (KSBG)
2026-08-29 03:59:17,689 | INFO |    ↳ Status 200
2026-08-29 03:59:17,689 | INFO |    ✓ Found 8 movies
2026-08-29 03:59:17,689 | INFO | [836/1901] Fetching Katghora (KATG)
2026-08-29 03:59:18,127 | INFO |    ↳ Status 403
2026-08-29 03:59:18,127 | WARNING |    ⚠ Blocked (403) retry 3
2026-08-29 03:59:18,185 | INFO | 🌐 Session warmed
2026-08-29 03:59:18,487 | INFO |    ↳ Status 403
2026-08-29 03:59:18,487 | WARNING |    ⚠ Blocked (403) retry 1
2026-08-29 03:59:18,542 | INFO | 🌐 Session warmed
2026-08-29 03:59:18,752 | INFO |    ↳ Status 200
2026-08-29 03:59:18,752 | INFO |    ✓ Found 8 movies
2026-08-29 03:59:18,752 | INFO | [837/1901] Fetching Kathipudi (KATP)
2026-08-29 03:59:19,656 | INFO |    ↳ Status 200
2026-08-29 03:59:19,656 | INFO |    ✓ Found 7 movies
2026-08-29 03:59:19,656 | INFO | [838/1901] Fetching Kathmandu (KATM)
2026-08-29 03:59:20,672 | INFO |    ↳ Status 403
2026-08-29 03:59:20,673 | WARNING |    ⚠ Blocked (403) retry 2
2026-08-29 03:59:20,730 | INFO | 🌐 Session warmed
2026-08-29 03:59:20,933 | INFO | [839/1901] Fetching Kathua (KATH)
2026-08-29 03:59:21,649 | INFO |    ↳ Status 200
2026-08-29 03:59:21,649 | INFO |    ✓ Found 1 movies
2026-08-29 03:59:21,650 | INFO | [840/1901] Fetching Katihar (KATI)
2026-08-29 03:59:21,931 | INFO |    ↳ Status 403
2026-08-29 03:59:21,931 | WARNING |    ⚠ Blocked (403) retry 1
2026-08-29 03:59:21,989 | INFO | 🌐 Session warmed
2026-08-29 03:59:22,185 | INFO | [841/1901] Fetching Katni (KATN)
2026-08-29 03:59:22,968 | INFO |    ↳ Status 403
2026-08-29 03:59:22,968 | WARNING |    ⚠ Blocked (403) retry 1
2026-08-29 03:59:22,994 | INFO |    ↳ Status 200
2026-08-29 03:59:22,994 | INFO |    ✓ Found 7 movies
2026-08-29 03:59:22,994 | INFO | [842/1901] Fetching Katra (KATR)
2026-08-29 03:59:23,021 | INFO | 🌐 Session warmed
2026-08-29 03:59:23,605 | INFO |    ↳ Status 403
2026-08-29 03:59:23,605 | WARNING |    ⚠ Blocked (403) retry 3
2026-08-29 03:59:23,670 | INFO | 🌐 Session warmed
2026-08-29 03:59:24,323 | INFO |    ↳ Status 403
2026-08-29 03:59:24,323 | WARNING |    ⚠ Blocked (403) retry 2
2026-08-29 03:59:24,377 | INFO | 🌐 Session warmed
2026-08-29 03:59:24,498 | INFO |    ↳ Status 200
2026-08-29 03:59:24,498 | INFO |    ✓ Found 7 movies
2026-08-29 03:59:24,498 | INFO | [843/1901] Fetching Katrenikona (KTRN)
2026-08-29 03:59:25,356 | INFO |    ↳ Status 403
2026-08-29 03:59:25,356 | WARNING |    ⚠ Blocked (403) retry 2
2026-08-29 03:59:25,411 | INFO | 🌐 Session warmed
2026-08-29 03:59:26,085 | INFO |    ↳ Status 200
2026-08-29 03:59:26,086 | INFO |    ✓ Found 7 movies
2026-08-29 03:59:26,086 | INFO | [844/1901] Fetching Kattappana (AWCK)
2026-08-29 03:59:27,505 | INFO |    ↳ Status 200
2026-08-29 03:59:27,506 | INFO |    ✓ Found 8 movies
2026-08-29 03:59:27,506 | INFO | [845/1901] Fetching Katwa (KATW)
2026-08-29 03:59:27,670 | INFO | [846/1901] Fetching Kavali (KVLI)
2026-08-29 03:59:27,678 | INFO |    ↳ Status 403
2026-08-29 03:59:27,678 | WARNING |    ⚠ Blocked (403) retry 3
2026-08-29 03:59:27,735 | INFO | 🌐 Session warmed
2026-08-29 03:59:28,182 | INFO |    ↳ Status 403
2026-08-29 03:59:28,182 | WARNING |    ⚠ Blocked (403) retry 3
2026-08-29 03:59:28,242 | INFO | 🌐 Session warmed
2026-08-29 03:59:28,519 | INFO |    ↳ Status 200
2026-08-29 03:59:28,519 | INFO |    ✓ Found 8 movies
2026-08-29 03:59:28,519 | INFO | [847/1901] Fetching Kaveripattinam (KANM)
2026-08-29 03:59:28,544 | INFO |    ↳ Status 403
2026-08-29 03:59:28,544 | WARNING |    ⚠ Blocked (403) retry 1
2026-08-29 03:59:28,605 | INFO | 🌐 Session warmed
2026-08-29 03:59:29,904 | INFO |    ↳ Status 200
2026-08-29 03:59:29,905 | INFO |    ✓ Found 7 movies
2026-08-29 03:59:29,905 | INFO | [848/1901] Fetching Kaviti (KAVT)
2026-08-29 03:59:30,224 | INFO |    ↳ Status 403
2026-08-29 03:59:30,224 | WARNING |    ⚠ Blocked (403) retry 2
2026-08-29 03:59:30,281 | INFO | 🌐 Session warmed
2026-08-29 03:59:31,372 | INFO |    ↳ Status 200
2026-08-29 03:59:31,372 | INFO |    ✓ Found 7 movies
2026-08-29 03:59:31,372 | INFO | [849/1901] Fetching Kawardha (KAWA)
2026-08-29 03:59:31,735 | INFO | [850/1901] Fetching Kayamkulam (KAYA)
2026-08-29 03:59:32,242 | INFO | [851/1901] Fetching Kazhakkoottam (KAZK)
2026-08-29 03:59:32,510 | INFO |    ↳ Status 403
2026-08-29 03:59:32,510 | WARNING |    ⚠ Blocked (403) retry 1
2026-08-29 03:59:32,576 | INFO | 🌐 Session warmed
2026-08-29 03:59:32,978 | INFO |    ↳ Status 403
2026-08-29 03:59:32,978 | WARNING |    ⚠ Blocked (403) retry 1
2026-08-29 03:59:33,034 | INFO | 🌐 Session warmed
2026-08-29 03:59:33,384 | INFO |    ↳ Status 403
2026-08-29 03:59:33,384 | WARNING |    ⚠ Blocked (403) retry 3
2026-08-29 03:59:33,442 | INFO | 🌐 Session warmed
2026-08-29 03:59:33,711 | INFO |    ↳ Status 200
2026-08-29 03:59:33,711 | INFO |    ✓ Found 8 movies
2026-08-29 03:59:33,711 | INFO | [852/1901] Fetching Kazipet (KAZI)
2026-08-29 03:59:34,661 | INFO |    ↳ Status 403
2026-08-29 03:59:34,661 | WARNING |    ⚠ Blocked (403) retry 2
2026-08-29 03:59:34,716 | INFO | 🌐 Session warmed
2026-08-29 03:59:35,073 | INFO |    ↳ Status 403
2026-08-29 03:59:35,073 | WARNING |    ⚠ Blocked (403) retry 2
2026-08-29 03:59:35,136 | INFO | 🌐 Session warmed
2026-08-29 03:59:35,365 | INFO |    ↳ Status 200
2026-08-29 03:59:35,365 | INFO |    ✓ Found 7 movies
2026-08-29 03:59:35,365 | INFO | [853/1901] Fetching Kekri (KEKR)
2026-08-29 03:59:36,490 | INFO |    ↳ Status 200
2026-08-29 03:59:36,490 | INFO |    ✓ Found 4 movies
2026-08-29 03:59:36,490 | INFO | [854/1901] Fetching Kendrapara (KNDR)
2026-08-29 03:59:37,442 | INFO | [855/1901] Fetching Keonjhar (KNJH)
2026-08-29 03:59:37,465 | INFO |    ↳ Status 403
2026-08-29 03:59:37,465 | WARNING |    ⚠ Blocked (403) retry 3
2026-08-29 03:59:37,540 | INFO | 🌐 Session warmed
2026-08-29 03:59:38,249 | INFO |    ↳ Status 200
2026-08-29 03:59:38,249 | INFO |    ✓ Found 8 movies
2026-08-29 03:59:38,249 | INFO | [856/1901] Fetching Kesamudram (KESA)
2026-08-29 03:59:38,285 | INFO |    ↳ Status 403
2026-08-29 03:59:38,285 | WARNING |    ⚠ Blocked (403) retry 3
2026-08-29 03:59:38,339 | INFO | 🌐 Session warmed
2026-08-29 03:59:38,380 | INFO |    ↳ Status 403
2026-08-29 03:59:38,380 | WARNING |    ⚠ Blocked (403) retry 1
2026-08-29 03:59:38,435 | INFO | 🌐 Session warmed
2026-08-29 03:59:39,966 | INFO |    ↳ Status 200
2026-08-29 03:59:39,966 | INFO |    ✓ Found 7 movies
2026-08-29 03:59:39,966 | INFO | [857/1901] Fetching Kesinga (KEGA)
2026-08-29 03:59:40,800 | INFO |    ↳ Status 403
2026-08-29 03:59:40,800 | WARNING |    ⚠ Blocked (403) retry 2
2026-08-29 03:59:40,857 | INFO | 🌐 Session warmed
2026-08-29 03:59:41,540 | INFO | [858/1901] Fetching Kevadia (KEVA)
2026-08-29 03:59:41,597 | INFO |    ↳ Status 200
2026-08-29 03:59:41,597 | INFO |    ✓ Found 8 movies
2026-08-29 03:59:41,597 | INFO | [859/1901] Fetching Khachrod (KHCU)
2026-08-29 03:59:42,339 | INFO | [860/1901] Fetching Khadda (KADA)
2026-08-29 03:59:42,848 | INFO |    ↳ Status 200
2026-08-29 03:59:42,848 | INFO |    ✓ Found 7 movies
2026-08-29 03:59:42,848 | INFO | [861/1901] Fetching Khajani (KHAI)
2026-08-29 03:59:42,934 | INFO |    ↳ Status 403
2026-08-29 03:59:42,934 | WARNING |    ⚠ Blocked (403) retry 1
2026-08-29 03:59:42,994 | INFO | 🌐 Session warmed
2026-08-29 03:59:43,651 | INFO |    ↳ Status 403
2026-08-29 03:59:43,651 | WARNING |    ⚠ Blocked (403) retry 1
2026-08-29 03:59:43,663 | INFO |    ↳ Status 403
2026-08-29 03:59:43,663 | WARNING |    ⚠ Blocked (403) retry 3
2026-08-29 03:59:43,735 | INFO | 🌐 Session warmed
2026-08-29 03:59:43,746 | INFO | 🌐 Session warmed
2026-08-29 03:59:44,315 | INFO |    ↳ Status 200
2026-08-29 03:59:44,315 | INFO |    ✓ Found 6 movies
2026-08-29 03:59:44,315 | INFO | [862/1901] Fetching Khajipet (KHAJ)
2026-08-29 03:59:45,178 | INFO |    ↳ Status 403
2026-08-29 03:59:45,178 | WARNING |    ⚠ Blocked (403) retry 2
2026-08-29 03:59:45,243 | INFO | 🌐 Session warmed
2026-08-29 03:59:45,923 | INFO |    ↳ Status 200
2026-08-29 03:59:45,923 | INFO |    ✓ Found 7 movies
2026-08-29 03:59:45,923 | INFO | [863/1901] Fetching Khajuraho (KHRH)
2026-08-29 03:59:46,036 | INFO |    ↳ Status 403
2026-08-29 03:59:46,036 | WARNING |    ⚠ Blocked (403) retry 2
2026-08-29 03:59:46,094 | INFO | 🌐 Session warmed
2026-08-29 03:59:47,336 | INFO |    ↳ Status 200
2026-08-29 03:59:47,336 | INFO |    ✓ Found 7 movies
2026-08-29 03:59:47,336 | INFO | [864/1901] Fetching Khalilabad (KHBD)
2026-08-29 03:59:47,736 | INFO | [865/1901] Fetching Khambhat (KHBH)
2026-08-29 03:59:48,078 | INFO |    ↳ Status 403
2026-08-29 03:59:48,078 | WARNING |    ⚠ Blocked (403) retry 3
2026-08-29 03:59:48,135 | INFO | 🌐 Session warmed
2026-08-29 03:59:48,480 | INFO |    ↳ Status 403
2026-08-29 03:59:48,480 | WARNING |    ⚠ Blocked (403) retry 1
2026-08-29 03:59:48,540 | INFO | 🌐 Session warmed
2026-08-29 03:59:48,934 | INFO |    ↳ Status 403
2026-08-29 03:59:48,934 | WARNING |    ⚠ Blocked (403) retry 3
2026-08-29 03:59:48,993 | INFO | 🌐 Session warmed
2026-08-29 03:59:49,031 | INFO |    ↳ Status 200
2026-08-29 03:59:49,032 | INFO |    ✓ Found 6 movies
2026-08-29 03:59:49,032 | INFO | [866/1901] Fetching Khamgaon (KHMG)
2026-08-29 03:59:50,471 | INFO |    ↳ Status 200
2026-08-29 03:59:50,471 | INFO |    ✓ Found 5 movies
2026-08-29 03:59:50,472 | INFO | [867/1901] Fetching Khammam (KHAM)
2026-08-29 03:59:50,606 | INFO |    ↳ Status 403
2026-08-29 03:59:50,606 | WARNING |    ⚠ Blocked (403) retry 2
2026-08-29 03:59:50,663 | INFO | 🌐 Session warmed
2026-08-29 03:59:51,931 | INFO |    ↳ Status 200
2026-08-29 03:59:51,931 | INFO |    ✓ Found 7 movies
2026-08-29 03:59:51,932 | INFO | [868/1901] Fetching Khanapur (KHPR)
2026-08-29 03:59:52,135 | INFO | [869/1901] Fetching Khandela (KHND)
2026-08-29 03:59:52,993 | INFO | [870/1901] Fetching Khandwa (KHDW)
2026-08-29 03:59:53,189 | INFO |    ↳ Status 200
2026-08-29 03:59:53,189 | INFO |    ✓ Found 7 movies
2026-08-29 03:59:53,189 | INFO | [871/1901] Fetching Khanna (KHAN)
2026-08-29 03:59:53,501 | INFO |    ↳ Status 403
2026-08-29 03:59:53,501 | WARNING |    ⚠ Blocked (403) retry 1
2026-08-29 03:59:53,557 | INFO | 🌐 Session warmed
2026-08-29 03:59:53,905 | INFO |    ↳ Status 403
2026-08-29 03:59:53,906 | WARNING |    ⚠ Blocked (403) retry 3
2026-08-29 03:59:53,964 | INFO | 🌐 Session warmed
2026-08-29 03:59:54,115 | INFO |    ↳ Status 403
2026-08-29 03:59:54,115 | WARNING |    ⚠ Blocked (403) retry 1
2026-08-29 03:59:54,171 | INFO | 🌐 Session warmed
2026-08-29 03:59:54,367 | INFO |    ↳ Status 200
2026-08-29 03:59:54,367 | INFO |    ✓ Found 8 movies
2026-08-29 03:59:54,367 | INFO | [872/1901] Fetching Kharagpur (KGPR)
2026-08-29 03:59:55,294 | INFO |    ↳ Status 403
2026-08-29 03:59:55,294 | WARNING |    ⚠ Blocked (403) retry 2
2026-08-29 03:59:55,350 | INFO | 🌐 Session warmed
2026-08-29 03:59:55,832 | INFO |    ↳ Status 403
2026-08-29 03:59:55,832 | WARNING |    ⚠ Blocked (403) retry 2
2026-08-29 03:59:55,889 | INFO | 🌐 Session warmed
2026-08-29 03:59:55,952 | INFO |    ↳ Status 200
2026-08-29 03:59:55,952 | INFO |    ✓ Found 8 movies
2026-08-29 03:59:55,952 | INFO | [873/1901] Fetching Kharghar (KHAG)
2026-08-29 03:59:57,553 | INFO |    ↳ Status 200
2026-08-29 03:59:57,553 | INFO |    ✓ Found 8 movies
2026-08-29 03:59:57,553 | INFO | [874/1901] Fetching Khargone (KHAR)
2026-08-29 03:59:57,964 | INFO | [875/1901] Fetching Khariar Road (KHRR)
2026-08-29 03:59:58,341 | INFO |    ↳ Status 403
2026-08-29 03:59:58,341 | WARNING |    ⚠ Blocked (403) retry 3
2026-08-29 03:59:58,396 | INFO | 🌐 Session warmed
2026-08-29 03:59:58,600 | INFO |    ↳ Status 200
2026-08-29 03:59:58,600 | INFO |    ✓ Found 7 movies
2026-08-29 03:59:58,600 | INFO | [876/1901] Fetching Kharsia (KHAS)
2026-08-29 03:59:58,606 | INFO |    ↳ Status 403
2026-08-29 03:59:58,606 | WARNING |    ⚠ Blocked (403) retry 3
2026-08-29 03:59:58,674 | INFO | 🌐 Session warmed
2026-08-29 03:59:58,807 | INFO |    ↳ Status 403
2026-08-29 03:59:58,807 | WARNING |    ⚠ Blocked (403) retry 1
2026-08-29 03:59:58,865 | INFO | 🌐 Session warmed
2026-08-29 03:59:59,873 | INFO |    ↳ Status 200
2026-08-29 03:59:59,874 | INFO |    ✓ Found 8 movies
2026-08-29 03:59:59,874 | INFO | [877/1901] Fetching Khategaon (KTEG)
2026-08-29 04:00:01,030 | INFO |    ↳ Status 200
2026-08-29 04:00:01,030 | INFO |    ✓ Found 8 movies
2026-08-29 04:00:01,031 | INFO | [878/1901] Fetching Khatima (KHTM)
2026-08-29 04:00:01,182 | INFO |    ↳ Status 403
2026-08-29 04:00:01,183 | WARNING |    ⚠ Blocked (403) retry 2
2026-08-29 04:00:01,238 | INFO | 🌐 Session warmed
2026-08-29 04:00:02,396 | INFO | [879/1901] Fetching Khatta (KHAT)
2026-08-29 04:00:02,402 | INFO |    ↳ Status 200
2026-08-29 04:00:02,402 | INFO |    ✓ Found 8 movies
2026-08-29 04:00:02,403 | INFO | [880/1901] Fetching Khed (KHED)
2026-08-29 04:00:02,674 | INFO | [881/1901] Fetching Kheda (KHDA)
2026-08-29 04:00:03,103 | INFO |    ↳ Status 403
2026-08-29 04:00:03,103 | WARNING |    ⚠ Blocked (403) retry 1
2026-08-29 04:00:03,164 | INFO | 🌐 Session warmed
2026-08-29 04:00:03,395 | INFO |    ↳ Status 200
2026-08-29 04:00:03,395 | INFO |    ✓ Found 5 movies
2026-08-29 04:00:03,395 | INFO | [882/1901] Fetching Khedbrahma (KHMA)
2026-08-29 04:00:03,746 | INFO |    ↳ Status 403
2026-08-29 04:00:03,746 | WARNING |    ⚠ Blocked (403) retry 1
2026-08-29 04:00:03,819 | INFO | 🌐 Session warmed
2026-08-29 04:00:04,181 | INFO |    ↳ Status 403
2026-08-29 04:00:04,181 | WARNING |    ⚠ Blocked (403) retry 3
2026-08-29 04:00:04,237 | INFO | 🌐 Session warmed
2026-08-29 04:00:04,637 | INFO |    ↳ Status 200
2026-08-29 04:00:04,637 | INFO |    ✓ Found 8 movies
2026-08-29 04:00:04,637 | INFO | [883/1901] Fetching Khila (KHIL)
2026-08-29 04:00:05,075 | INFO |    ↳ Status 403
2026-08-29 04:00:05,075 | WARNING |    ⚠ Blocked (403) retry 2
2026-08-29 04:00:05,138 | INFO | 🌐 Session warmed
2026-08-29 04:00:06,197 | INFO |    ↳ Status 403
2026-08-29 04:00:06,197 | WARNING |    ⚠ Blocked (403) retry 2
2026-08-29 04:00:06,254 | INFO | 🌐 Session warmed
2026-08-29 04:00:06,321 | INFO |    ↳ Status 200
2026-08-29 04:00:06,321 | INFO |    ✓ Found 8 movies
2026-08-29 04:00:06,321 | INFO | [884/1901] Fetching Khopoli (KHOP)
2026-08-29 04:00:07,600 | INFO |    ↳ Status 200
2026-08-29 04:00:07,601 | INFO |    ✓ Found 5 movies
2026-08-29 04:00:07,601 | INFO | [885/1901] Fetching Khowai (KHOW)
2026-08-29 04:00:07,855 | INFO |    ↳ Status 403
2026-08-29 04:00:07,855 | WARNING |    ⚠ Blocked (403) retry 3
2026-08-29 04:00:07,918 | INFO | 🌐 Session warmed
2026-08-29 04:00:08,237 | INFO | [886/1901] Fetching Khurja (KHUR)
2026-08-29 04:00:08,884 | INFO |    ↳ Status 200
2026-08-29 04:00:08,884 | INFO |    ✓ Found 8 movies
2026-08-29 04:00:08,884 | INFO | [887/1901] Fetching Kichha (KCHA)
2026-08-29 04:00:08,938 | INFO |    ↳ Status 403
2026-08-29 04:00:08,938 | WARNING |    ⚠ Blocked (403) retry 1
2026-08-29 04:00:08,994 | INFO | 🌐 Session warmed
2026-08-29 04:00:09,625 | INFO |    ↳ Status 403
2026-08-29 04:00:09,626 | WARNING |    ⚠ Blocked (403) retry 3
2026-08-29 04:00:09,682 | INFO | 🌐 Session warmed
2026-08-29 04:00:10,551 | INFO |    ↳ Status 200
2026-08-29 04:00:10,551 | INFO |    ✓ Found 8 movies
2026-08-29 04:00:10,551 | INFO | [888/1901] Fetching Kim (KIMG)
2026-08-29 04:00:10,938 | INFO |    ↳ Status 403
2026-08-29 04:00:10,938 | WARNING |    ⚠ Blocked (403) retry 2
2026-08-29 04:00:11,008 | INFO | 🌐 Session warmed
2026-08-29 04:00:11,918 | INFO | [889/1901] Fetching Kinathukadavu (KIAV)
2026-08-29 04:00:12,072 | INFO |    ↳ Status 200
2026-08-29 04:00:12,072 | INFO |    ✓ Found 8 movies
2026-08-29 04:00:12,072 | INFO | [890/1901] Fetching Kinnaur (KNRU)
2026-08-29 04:00:13,054 | INFO |    ↳ Status 200
2026-08-29 04:00:13,054 | INFO |    ✓ Found 8 movies
2026-08-29 04:00:13,054 | INFO | [891/1901] Fetching Kirlampudi (KIDI)
2026-08-29 04:00:13,101 | INFO |    ↳ Status 403
2026-08-29 04:00:13,102 | WARNING |    ⚠ Blocked (403) retry 1
2026-08-29 04:00:13,160 | INFO | 🌐 Session warmed
2026-08-29 04:00:13,682 | INFO | [892/1901] Fetching Kishanganj (KSGJ)
2026-08-29 04:00:13,849 | INFO |    ↳ Status 403
2026-08-29 04:00:13,849 | WARNING |    ⚠ Blocked (403) retry 3
2026-08-29 04:00:13,906 | INFO | 🌐 Session warmed
2026-08-29 04:00:14,002 | INFO |    ↳ Status 200
2026-08-29 04:00:14,002 | INFO |    ✓ Found 7 movies
2026-08-29 04:00:14,002 | INFO | [893/1901] Fetching Kishangarh (KISH)
2026-08-29 04:00:14,675 | INFO |    ↳ Status 403
2026-08-29 04:00:14,675 | WARNING |    ⚠ Blocked (403) retry 1
2026-08-29 04:00:14,729 | INFO | 🌐 Session warmed
2026-08-29 04:00:15,328 | INFO |    ↳ Status 403
2026-08-29 04:00:15,328 | WARNING |    ⚠ Blocked (403) retry 2
2026-08-29 04:00:15,387 | INFO | 🌐 Session warmed
2026-08-29 04:00:15,532 | INFO |    ↳ Status 200
2026-08-29 04:00:15,533 | INFO |    ✓ Found 4 movies
2026-08-29 04:00:15,533 | INFO | [894/1901] Fetching Kodad (KODA)
2026-08-29 04:00:16,594 | INFO |    ↳ Status 200
2026-08-29 04:00:16,594 | INFO |    ✓ Found 7 movies
2026-08-29 04:00:16,594 | INFO | [895/1901] Fetching Kodagu (Coorg) (COOR)
2026-08-29 04:00:17,076 | INFO |    ↳ Status 403
2026-08-29 04:00:17,076 | WARNING |    ⚠ Blocked (403) retry 2
2026-08-29 04:00:17,246 | INFO | 🌐 Session warmed
2026-08-29 04:00:17,489 | INFO |    ↳ Status 200
2026-08-29 04:00:17,489 | INFO |    ✓ Found 3 movies
2026-08-29 04:00:17,489 | INFO | [896/1901] Fetching Kodaikanal (KODI)
2026-08-29 04:00:17,907 | INFO | [897/1901] Fetching Kodakara (KDKR)
2026-08-29 04:00:18,098 | INFO |    ↳ Status 403
2026-08-29 04:00:18,098 | WARNING |    ⚠ Blocked (403) retry 3
2026-08-29 04:00:18,163 | INFO | 🌐 Session warmed
2026-08-29 04:00:18,750 | INFO |    ↳ Status 200
2026-08-29 04:00:18,750 | INFO |    ✓ Found 7 movies
2026-08-29 04:00:18,750 | INFO | [898/1901] Fetching Kodaly (KOLY)
2026-08-29 04:00:18,891 | INFO |    ↳ Status 403
2026-08-29 04:00:18,891 | WARNING |    ⚠ Blocked (403) retry 1
2026-08-29 04:00:18,957 | INFO | 🌐 Session warmed
2026-08-29 04:00:19,928 | INFO |    ↳ Status 200
2026-08-29 04:00:19,928 | INFO |    ✓ Found 8 movies
2026-08-29 04:00:19,928 | INFO | [899/1901] Fetching Koderma (KODZ)
2026-08-29 04:00:20,275 | INFO |    ↳ Status 403
2026-08-29 04:00:20,275 | WARNING |    ⚠ Blocked (403) retry 3
2026-08-29 04:00:20,335 | INFO | 🌐 Session warmed
2026-08-29 04:00:21,082 | INFO |    ↳ Status 200
2026-08-29 04:00:21,082 | INFO |    ✓ Found 8 movies
2026-08-29 04:00:21,082 | INFO | [900/1901] Fetching Kodumur (KODM)
2026-08-29 04:00:21,119 | INFO |    ↳ Status 403
2026-08-29 04:00:21,119 | WARNING |    ⚠ Blocked (403) retry 2
2026-08-29 04:00:21,177 | INFO | 🌐 Session warmed
2026-08-29 04:00:22,164 | INFO | [901/1901] Fetching Kodumuru (KODM)
2026-08-29 04:00:22,773 | INFO |    ↳ Status 200
2026-08-29 04:00:22,773 | INFO |    ✓ Found 7 movies
2026-08-29 04:00:22,773 | INFO | [902/1901] Fetching Kodungallur (KODU)
2026-08-29 04:00:23,243 | INFO |    ↳ Status 403
2026-08-29 04:00:23,243 | WARNING |    ⚠ Blocked (403) retry 1
2026-08-29 04:00:23,300 | INFO | 🌐 Session warmed
2026-08-29 04:00:24,335 | INFO | [903/1901] Fetching Kohima (KOHI)
2026-08-29 04:00:24,350 | INFO |    ↳ Status 200
2026-08-29 04:00:24,350 | INFO |    ✓ Found 8 movies
2026-08-29 04:00:24,350 | INFO | [904/1901] Fetching Koilkuntla (KOIL)
2026-08-29 04:00:24,488 | INFO |    ↳ Status 403
2026-08-29 04:00:24,488 | WARNING |    ⚠ Blocked (403) retry 3
2026-08-29 04:00:24,544 | INFO | 🌐 Session warmed
2026-08-29 04:00:25,401 | INFO |    ↳ Status 403
2026-08-29 04:00:25,401 | WARNING |    ⚠ Blocked (403) retry 2
2026-08-29 04:00:25,424 | INFO |    ↳ Status 200
2026-08-29 04:00:25,424 | INFO |    ✓ Found 8 movies
2026-08-29 04:00:25,424 | INFO | [905/1901] Fetching Kokrajhar (KKJR)
2026-08-29 04:00:25,461 | INFO | 🌐 Session warmed
2026-08-29 04:00:25,606 | INFO |    ↳ Status 403
2026-08-29 04:00:25,606 | WARNING |    ⚠ Blocked (403) retry 1
2026-08-29 04:00:25,661 | INFO | 🌐 Session warmed
2026-08-29 04:00:26,485 | INFO |    ↳ Status 200
2026-08-29 04:00:26,485 | INFO |    ✓ Found 8 movies
2026-08-29 04:00:26,485 | INFO | [906/1901] Fetching Kolar (OLAR)
2026-08-29 04:00:27,529 | INFO |    ↳ Status 403
2026-08-29 04:00:27,529 | WARNING |    ⚠ Blocked (403) retry 2
2026-08-29 04:00:27,596 | INFO | 🌐 Session warmed
2026-08-29 04:00:27,609 | INFO |    ↳ Status 200
2026-08-29 04:00:27,610 | INFO |    ✓ Found 3 movies
2026-08-29 04:00:27,610 | INFO | [907/1901] Fetching Kolhapur (KOLH)
2026-08-29 04:00:28,479 | INFO |    ↳ Status 403
2026-08-29 04:00:28,479 | WARNING |    ⚠ Blocked (403) retry 3
2026-08-29 04:00:28,535 | INFO | 🌐 Session warmed
2026-08-29 04:00:28,544 | INFO | [908/1901] Fetching Kollam (KOLM)
2026-08-29 04:00:28,920 | INFO |    ↳ Status 200
2026-08-29 04:00:28,920 | INFO |    ✓ Found 5 movies
2026-08-29 04:00:28,920 | INFO | [909/1901] Fetching Kollapur (KOLL)
2026-08-29 04:00:29,803 | INFO |    ↳ Status 403
2026-08-29 04:00:29,803 | WARNING |    ⚠ Blocked (403) retry 1
2026-08-29 04:00:29,864 | INFO | 🌐 Session warmed
2026-08-29 04:00:29,909 | INFO |    ↳ Status 200
2026-08-29 04:00:29,909 | INFO |    ✓ Found 7 movies
2026-08-29 04:00:29,910 | INFO | [910/1901] Fetching Kollengode (KOLE)
2026-08-29 04:00:30,928 | INFO |    ↳ Status 403
2026-08-29 04:00:30,928 | WARNING |    ⚠ Blocked (403) retry 3
2026-08-29 04:00:30,987 | INFO | 🌐 Session warmed
2026-08-29 04:00:31,298 | INFO |    ↳ Status 200
2026-08-29 04:00:31,298 | INFO |    ✓ Found 8 movies
2026-08-29 04:00:31,298 | INFO | [911/1901] Fetching Komarapalayam (KOMA)
2026-08-29 04:00:31,573 | INFO |    ↳ Status 403
2026-08-29 04:00:31,573 | WARNING |    ⚠ Blocked (403) retry 2
2026-08-29 04:00:31,634 | INFO | 🌐 Session warmed
2026-08-29 04:00:32,474 | INFO |    ↳ Status 200
2026-08-29 04:00:32,474 | INFO |    ✓ Found 7 movies
2026-08-29 04:00:32,474 | INFO | [912/1901] Fetching Kommugudem (KOMG)
2026-08-29 04:00:32,535 | INFO | [913/1901] Fetching Kondagaon (KNGN)
2026-08-29 04:00:33,576 | INFO |    ↳ Status 200
2026-08-29 04:00:33,576 | INFO |    ✓ Found 8 movies
2026-08-29 04:00:33,576 | INFO | [914/1901] Fetching Kondlahalli (KNAI)
2026-08-29 04:00:33,755 | INFO |    ↳ Status 403
2026-08-29 04:00:33,755 | WARNING |    ⚠ Blocked (403) retry 1
2026-08-29 04:00:33,811 | INFO | 🌐 Session warmed
2026-08-29 04:00:34,819 | INFO |    ↳ Status 403
2026-08-29 04:00:34,819 | WARNING |    ⚠ Blocked (403) retry 3
2026-08-29 04:00:34,883 | INFO | 🌐 Session warmed
2026-08-29 04:00:34,987 | INFO | [915/1901] Fetching Konithiwada (KNTH)
2026-08-29 04:00:35,340 | INFO |    ↳ Status 200
2026-08-29 04:00:35,340 | INFO |    ✓ Found 3 movies
2026-08-29 04:00:35,340 | INFO | [916/1901] Fetching Konni (KONI)
2026-08-29 04:00:35,708 | INFO |    ↳ Status 403
2026-08-29 04:00:35,708 | WARNING |    ⚠ Blocked (403) retry 2
2026-08-29 04:00:35,768 | INFO | 🌐 Session warmed
2026-08-29 04:00:36,287 | INFO |    ↳ Status 403
2026-08-29 04:00:36,287 | WARNING |    ⚠ Blocked (403) retry 1
2026-08-29 04:00:36,346 | INFO | 🌐 Session warmed
2026-08-29 04:00:36,704 | INFO |    ↳ Status 200
2026-08-29 04:00:36,704 | INFO |    ✓ Found 8 movies
2026-08-29 04:00:36,704 | INFO | [917/1901] Fetching Koothattukulam (KTTM)
2026-08-29 04:00:37,844 | INFO |    ↳ Status 200
2026-08-29 04:00:37,844 | INFO |    ✓ Found 8 movies
2026-08-29 04:00:37,844 | INFO | [918/1901] Fetching Kopargaon (KOPG)
2026-08-29 04:00:38,237 | INFO |    ↳ Status 403
2026-08-29 04:00:38,237 | WARNING |    ⚠ Blocked (403) retry 2
2026-08-29 04:00:38,296 | INFO | 🌐 Session warmed
2026-08-29 04:00:38,883 | INFO | [919/1901] Fetching Koppam (KOPP)
2026-08-29 04:00:39,101 | INFO |    ↳ Status 200
2026-08-29 04:00:39,101 | INFO |    ✓ Found 8 movies
2026-08-29 04:00:39,101 | INFO | [920/1901] Fetching Koraput (KOPT)
2026-08-29 04:00:39,177 | INFO |    ↳ Status 403
2026-08-29 04:00:39,177 | WARNING |    ⚠ Blocked (403) retry 3
2026-08-29 04:00:39,259 | INFO | 🌐 Session warmed
2026-08-29 04:00:40,021 | INFO |    ↳ Status 200
2026-08-29 04:00:40,021 | INFO |    ✓ Found 2 movies
2026-08-29 04:00:40,022 | INFO | [921/1901] Fetching Koratagere (ORAG)
2026-08-29 04:00:40,080 | INFO |    ↳ Status 403
2026-08-29 04:00:40,080 | WARNING |    ⚠ Blocked (403) retry 1
2026-08-29 04:00:40,139 | INFO | 🌐 Session warmed
2026-08-29 04:00:40,948 | INFO |    ↳ Status 403
2026-08-29 04:00:40,948 | WARNING |    ⚠ Blocked (403) retry 3
2026-08-29 04:00:41,005 | INFO | 🌐 Session warmed
2026-08-29 04:00:41,373 | INFO |    ↳ Status 200
2026-08-29 04:00:41,373 | INFO |    ✓ Found 8 movies
2026-08-29 04:00:41,373 | INFO | [922/1901] Fetching Korba (KRBA)
2026-08-29 04:00:42,327 | INFO |    ↳ Status 200
2026-08-29 04:00:42,327 | INFO |    ✓ Found 8 movies
2026-08-29 04:00:42,327 | INFO | [923/1901] Fetching Korutla (KCKA)
2026-08-29 04:00:42,478 | INFO |    ↳ Status 403
2026-08-29 04:00:42,478 | WARNING |    ⚠ Blocked (403) retry 2
2026-08-29 04:00:42,538 | INFO | 🌐 Session warmed
2026-08-29 04:00:43,259 | INFO | [924/1901] Fetching Korwa (KORW)
2026-08-29 04:00:43,492 | INFO |    ↳ Status 200
2026-08-29 04:00:43,492 | INFO |    ✓ Found 7 movies
2026-08-29 04:00:43,492 | INFO | [925/1901] Fetching Kosamba (KOSA)
2026-08-29 04:00:44,453 | INFO |    ↳ Status 200
2026-08-29 04:00:44,454 | INFO |    ✓ Found 8 movies
2026-08-29 04:00:44,454 | INFO | [926/1901] Fetching Kosgi (KOSG)
2026-08-29 04:00:44,483 | INFO |    ↳ Status 403
2026-08-29 04:00:44,483 | WARNING |    ⚠ Blocked (403) retry 1
2026-08-29 04:00:44,539 | INFO | 🌐 Session warmed
2026-08-29 04:00:45,006 | INFO | [927/1901] Fetching Kota (KOTA)
2026-08-29 04:00:45,629 | INFO |    ↳ Status 403
2026-08-29 04:00:45,630 | WARNING |    ⚠ Blocked (403) retry 3
2026-08-29 04:00:45,685 | INFO | 🌐 Session warmed
2026-08-29 04:00:45,856 | INFO |    ↳ Status 403
2026-08-29 04:00:45,856 | WARNING |    ⚠ Blocked (403) retry 1
2026-08-29 04:00:45,916 | INFO | 🌐 Session warmed
2026-08-29 04:00:46,022 | INFO |    ↳ Status 200
2026-08-29 04:00:46,022 | INFO |    ✓ Found 7 movies
2026-08-29 04:00:46,022 | INFO | [928/1901] Fetching Kota (AP) (KOAN)
2026-08-29 04:00:46,567 | INFO |    ↳ Status 403
2026-08-29 04:00:46,567 | WARNING |    ⚠ Blocked (403) retry 2
2026-08-29 04:00:46,623 | INFO | 🌐 Session warmed
2026-08-29 04:00:47,685 | INFO |    ↳ Status 403
2026-08-29 04:00:47,685 | WARNING |    ⚠ Blocked (403) retry 2
2026-08-29 04:00:47,722 | INFO |    ↳ Status 200
2026-08-29 04:00:47,722 | INFO |    ✓ Found 7 movies
2026-08-29 04:00:47,722 | INFO | [929/1901] Fetching Kotabommali (KTAB)
2026-08-29 04:00:47,750 | INFO | 🌐 Session warmed
2026-08-29 04:00:49,019 | INFO |    ↳ Status 200
2026-08-29 04:00:49,019 | INFO |    ✓ Found 7 movies
2026-08-29 04:00:49,019 | INFO | [930/1901] Fetching Kotananduru (KTND)
2026-08-29 04:00:49,653 | INFO |    ↳ Status 403
2026-08-29 04:00:49,653 | WARNING |    ⚠ Blocked (403) retry 3
2026-08-29 04:00:49,685 | INFO | [931/1901] Fetching Kotdwara (KOTD)
2026-08-29 04:00:49,712 | INFO | 🌐 Session warmed
2026-08-29 04:00:50,556 | INFO |    ↳ Status 403
2026-08-29 04:00:50,556 | WARNING |    ⚠ Blocked (403) retry 1
2026-08-29 04:00:50,571 | INFO |    ↳ Status 200
2026-08-29 04:00:50,571 | INFO |    ✓ Found 7 movies
2026-08-29 04:00:50,572 | INFO | [932/1901] Fetching Kothacheruvu (KTCR)
2026-08-29 04:00:50,613 | INFO | 🌐 Session warmed
2026-08-29 04:00:50,851 | INFO |    ↳ Status 403
2026-08-29 04:00:50,851 | WARNING |    ⚠ Blocked (403) retry 3
2026-08-29 04:00:50,911 | INFO | 🌐 Session warmed
2026-08-29 04:00:52,283 | INFO |    ↳ Status 403
2026-08-29 04:00:52,284 | WARNING |    ⚠ Blocked (403) retry 2
2026-08-29 04:00:52,339 | INFO | 🌐 Session warmed
2026-08-29 04:00:52,768 | INFO |    ↳ Status 200
2026-08-29 04:00:52,768 | INFO |    ✓ Found 8 movies
2026-08-29 04:00:52,768 | INFO | [933/1901] Fetching Kothagudem (KTGM)
2026-08-29 04:00:53,712 | INFO | [934/1901] Fetching Kothakota (KOTL)
2026-08-29 04:00:54,134 | INFO |    ↳ Status 200
2026-08-29 04:00:54,134 | INFO |    ✓ Found 7 movies
2026-08-29 04:00:54,134 | INFO | [935/1901] Fetching Kothamangalam (KTMM)
2026-08-29 04:00:54,516 | INFO |    ↳ Status 403
2026-08-29 04:00:54,516 | WARNING |    ⚠ Blocked (403) retry 1
2026-08-29 04:00:54,593 | INFO | 🌐 Session warmed
2026-08-29 04:00:54,912 | INFO | [936/1901] Fetching Kothapalli (KOTC)
2026-08-29 04:00:55,180 | INFO |    ↳ Status 200
2026-08-29 04:00:55,180 | INFO |    ✓ Found 8 movies
2026-08-29 04:00:55,180 | INFO | [937/1901] Fetching Kothapeta (KTPE)
2026-08-29 04:00:55,415 | INFO |    ↳ Status 403
2026-08-29 04:00:55,415 | WARNING |    ⚠ Blocked (403) retry 3
2026-08-29 04:00:55,474 | INFO | 🌐 Session warmed
2026-08-29 04:00:56,097 | INFO |    ↳ Status 403
2026-08-29 04:00:56,097 | WARNING |    ⚠ Blocked (403) retry 1
2026-08-29 04:00:56,155 | INFO | 🌐 Session warmed
2026-08-29 04:00:56,737 | INFO |    ↳ Status 403
2026-08-29 04:00:56,737 | WARNING |    ⚠ Blocked (403) retry 2
2026-08-29 04:00:56,794 | INFO | 🌐 Session warmed
2026-08-29 04:00:56,995 | INFO |    ↳ Status 200
2026-08-29 04:00:56,995 | INFO |    ✓ Found 7 movies
2026-08-29 04:00:56,996 | INFO | [938/1901] Fetching Kothavalasa (KTVL)
2026-08-29 04:00:58,175 | INFO |    ↳ Status 403
2026-08-29 04:00:58,175 | WARNING |    ⚠ Blocked (403) retry 2
2026-08-29 04:00:58,236 | INFO | 🌐 Session warmed
2026-08-29 04:00:58,488 | INFO |    ↳ Status 200
2026-08-29 04:00:58,488 | INFO |    ✓ Found 8 movies
2026-08-29 04:00:58,488 | INFO | [939/1901] Fetching Kotkapura (KOTK)
2026-08-29 04:00:59,474 | INFO | [940/1901] Fetching Kotma (KOTM)
2026-08-29 04:00:59,604 | INFO |    ↳ Status 403
2026-08-29 04:00:59,604 | WARNING |    ⚠ Blocked (403) retry 3
2026-08-29 04:00:59,661 | INFO | 🌐 Session warmed
2026-08-29 04:00:59,838 | INFO |    ↳ Status 200
2026-08-29 04:00:59,838 | INFO |    ✓ Found 8 movies
2026-08-29 04:00:59,838 | INFO | [941/1901] Fetching Kotpad (KTPD)
2026-08-29 04:01:00,102 | INFO |    ↳ Status 403
2026-08-29 04:01:00,102 | WARNING |    ⚠ Blocked (403) retry 1
2026-08-29 04:01:00,162 | INFO | 🌐 Session warmed
2026-08-29 04:01:01,319 | INFO |    ↳ Status 403
2026-08-29 04:01:01,319 | WARNING |    ⚠ Blocked (403) retry 3
2026-08-29 04:01:01,342 | INFO |    ↳ Status 200
2026-08-29 04:01:01,342 | INFO |    ✓ Found 8 movies
2026-08-29 04:01:01,342 | INFO | [942/1901] Fetching Kotputli (KPLI)
2026-08-29 04:01:01,375 | INFO | 🌐 Session warmed
2026-08-29 04:01:02,187 | INFO |    ↳ Status 403
2026-08-29 04:01:02,187 | WARNING |    ⚠ Blocked (403) retry 2
2026-08-29 04:01:02,245 | INFO | 🌐 Session warmed
2026-08-29 04:01:02,800 | INFO |    ↳ Status 200
2026-08-29 04:01:02,800 | INFO |    ✓ Found 4 movies
2026-08-29 04:01:02,800 | INFO | [943/1901] Fetching Kottakkal (KOKK)
2026-08-29 04:01:03,661 | INFO | [944/1901] Fetching Kottayam (KTYM)
2026-08-29 04:01:04,516 | INFO |    ↳ Status 200
2026-08-29 04:01:04,516 | INFO |    ✓ Found 8 movies
2026-08-29 04:01:04,516 | INFO | [945/1901] Fetching Kottayi (KOTT)
2026-08-29 04:01:04,601 | INFO |    ↳ Status 403
2026-08-29 04:01:04,601 | WARNING |    ⚠ Blocked (403) retry 1
2026-08-29 04:01:04,665 | INFO | 🌐 Session warmed
2026-08-29 04:01:04,924 | INFO |    ↳ Status 403
2026-08-29 04:01:04,924 | WARNING |    ⚠ Blocked (403) retry 3
2026-08-29 04:01:04,984 | INFO | 🌐 Session warmed
2026-08-29 04:01:05,376 | INFO | [946/1901] Fetching Kottiyam (KTTY)
2026-08-29 04:01:05,534 | INFO |    ↳ Status 200
2026-08-29 04:01:05,534 | INFO |    ✓ Found 2 movies
2026-08-29 04:01:05,534 | INFO | [947/1901] Fetching Kotturu (KTUR)
2026-08-29 04:01:06,476 | INFO |    ↳ Status 200
2026-08-29 04:01:06,476 | INFO |    ✓ Found 8 movies
2026-08-29 04:01:06,477 | INFO | [948/1901] Fetching Kovilpatti (KOVI)
2026-08-29 04:01:06,566 | INFO |    ↳ Status 403
2026-08-29 04:01:06,567 | WARNING |    ⚠ Blocked (403) retry 1
2026-08-29 04:01:06,624 | INFO | 🌐 Session warmed
2026-08-29 04:01:07,070 | INFO |    ↳ Status 403
2026-08-29 04:01:07,070 | WARNING |    ⚠ Blocked (403) retry 2
2026-08-29 04:01:07,128 | INFO | 🌐 Session warmed
2026-08-29 04:01:07,636 | INFO |    ↳ Status 200
2026-08-29 04:01:07,636 | INFO |    ✓ Found 7 movies
2026-08-29 04:01:07,636 | INFO | [949/1901] Fetching Kovur (Nellore) (KOVR)
2026-08-29 04:01:08,459 | INFO |    ↳ Status 403
2026-08-29 04:01:08,459 | WARNING |    ⚠ Blocked (403) retry 2
2026-08-29 04:01:08,515 | INFO | 🌐 Session warmed
2026-08-29 04:01:08,884 | INFO |    ↳ Status 200
2026-08-29 04:01:08,884 | INFO |    ✓ Found 7 movies
2026-08-29 04:01:08,885 | INFO | [950/1901] Fetching Kovvur (KOVU)
2026-08-29 04:01:08,984 | INFO | [951/1901] Fetching Koyyalagudem (KOEM)
2026-08-29 04:01:09,782 | INFO |    ↳ Status 403
2026-08-29 04:01:09,782 | WARNING |    ⚠ Blocked (403) retry 1
2026-08-29 04:01:09,840 | INFO | 🌐 Session warmed
2026-08-29 04:01:09,961 | INFO |    ↳ Status 200
2026-08-29 04:01:09,961 | INFO |    ✓ Found 7 movies
2026-08-29 04:01:09,961 | INFO | [952/1901] Fetching Kozhikode (KOZH)
2026-08-29 04:01:10,261 | INFO |    ↳ Status 403
2026-08-29 04:01:10,261 | WARNING |    ⚠ Blocked (403) retry 3
2026-08-29 04:01:10,317 | INFO | 🌐 Session warmed
2026-08-29 04:01:11,408 | INFO |    ↳ Status 200
2026-08-29 04:01:11,408 | INFO |    ✓ Found 8 movies
2026-08-29 04:01:11,408 | INFO | [953/1901] Fetching Kozhinjampara (KOZA)
2026-08-29 04:01:11,585 | INFO |    ↳ Status 403
2026-08-29 04:01:11,585 | WARNING |    ⚠ Blocked (403) retry 3
2026-08-29 04:01:11,641 | INFO | 🌐 Session warmed
2026-08-29 04:01:12,216 | INFO |    ↳ Status 403
2026-08-29 04:01:12,216 | WARNING |    ⚠ Blocked (403) retry 2
2026-08-29 04:01:12,274 | INFO | 🌐 Session warmed
2026-08-29 04:01:13,338 | INFO |    ↳ Status 200
2026-08-29 04:01:13,338 | INFO |    ✓ Found 8 movies
2026-08-29 04:01:13,338 | INFO | [954/1901] Fetching Krishnagiri (KRHN)
2026-08-29 04:01:14,317 | INFO | [955/1901] Fetching Krishnanagar (KNWB)
2026-08-29 04:01:14,400 | INFO |    ↳ Status 200
2026-08-29 04:01:14,400 | INFO |    ✓ Found 7 movies
2026-08-29 04:01:14,400 | INFO | [956/1901] Fetching Krishnarajanagara (KRJT)
2026-08-29 04:01:14,956 | INFO |    ↳ Status 403
2026-08-29 04:01:14,956 | WARNING |    ⚠ Blocked (403) retry 1
2026-08-29 04:01:15,014 | INFO | 🌐 Session warmed
2026-08-29 04:01:15,119 | INFO |    ↳ Status 403
2026-08-29 04:01:15,119 | WARNING |    ⚠ Blocked (403) retry 3
2026-08-29 04:01:15,173 | INFO | 🌐 Session warmed
2026-08-29 04:01:15,641 | INFO | [957/1901] Fetching Krishnarajpete (K.R.Pete) (KEKE)
2026-08-29 04:01:15,737 | INFO |    ↳ Status 200
2026-08-29 04:01:15,738 | INFO |    ✓ Found 3 movies
2026-08-29 04:01:15,738 | INFO | [958/1901] Fetching Krosuru (KRSR)
2026-08-29 04:01:16,447 | INFO |    ↳ Status 403
2026-08-29 04:01:16,447 | WARNING |    ⚠ Blocked (403) retry 1
2026-08-29 04:01:16,499 | INFO | 🌐 Session warmed
2026-08-29 04:01:16,992 | INFO |    ↳ Status 403
2026-08-29 04:01:16,992 | WARNING |    ⚠ Blocked (403) retry 2
2026-08-29 04:01:17,052 | INFO | 🌐 Session warmed
2026-08-29 04:01:17,181 | INFO |    ↳ Status 200
2026-08-29 04:01:17,181 | INFO |    ✓ Found 3 movies
2026-08-29 04:01:17,182 | INFO | [959/1901] Fetching Kruthivennu (KRTH)
2026-08-29 04:01:18,542 | INFO |    ↳ Status 200
2026-08-29 04:01:18,542 | INFO |    ✓ Found 7 movies
2026-08-29 04:01:18,542 | INFO | [960/1901] Fetching Kuchaman City (KHCY)
2026-08-29 04:01:18,611 | INFO |    ↳ Status 403
2026-08-29 04:01:18,611 | WARNING |    ⚠ Blocked (403) retry 2
2026-08-29 04:01:18,670 | INFO | 🌐 Session warmed
2026-08-29 04:01:19,174 | INFO | [961/1901] Fetching Kuchipudi (KCPD)
2026-08-29 04:01:19,594 | INFO |    ↳ Status 200
2026-08-29 04:01:19,594 | INFO |    ✓ Found 4 movies
2026-08-29 04:01:19,594 | INFO | [962/1901] Fetching Kudus (KUDU)
2026-08-29 04:01:19,892 | INFO |    ↳ Status 403
2026-08-29 04:01:19,892 | WARNING |    ⚠ Blocked (403) retry 3
2026-08-29 04:01:19,951 | INFO | 🌐 Session warmed
2026-08-29 04:01:20,243 | INFO |    ↳ Status 403
2026-08-29 04:01:20,243 | WARNING |    ⚠ Blocked (403) retry 1
2026-08-29 04:01:20,303 | INFO | 🌐 Session warmed
2026-08-29 04:01:20,614 | INFO |    ↳ Status 200
2026-08-29 04:01:20,614 | INFO |    ✓ Found 5 movies
2026-08-29 04:01:20,614 | INFO | [963/1901] Fetching Kujang (KUAG)
2026-08-29 04:01:21,870 | INFO |    ↳ Status 403
2026-08-29 04:01:21,870 | WARNING |    ⚠ Blocked (403) retry 3
2026-08-29 04:01:21,931 | INFO | 🌐 Session warmed
2026-08-29 04:01:22,053 | INFO |    ↳ Status 200
2026-08-29 04:01:22,054 | INFO |    ✓ Found 8 movies
2026-08-29 04:01:22,054 | INFO | [964/1901] Fetching Kukshi (KUKS)
2026-08-29 04:01:22,128 | INFO |    ↳ Status 403
2026-08-29 04:01:22,128 | WARNING |    ⚠ Blocked (403) retry 2
2026-08-29 04:01:22,184 | INFO | 🌐 Session warmed
2026-08-29 04:01:23,951 | INFO | [965/1901] Fetching Kulithalai (KULI)
2026-08-29 04:01:24,063 | INFO |    ↳ Status 200
2026-08-29 04:01:24,064 | INFO |    ✓ Found 7 movies
2026-08-29 04:01:24,064 | INFO | [966/1901] Fetching Kullu (KULU)
2026-08-29 04:01:25,080 | INFO |    ↳ Status 403
2026-08-29 04:01:25,080 | WARNING |    ⚠ Blocked (403) retry 1
2026-08-29 04:01:25,138 | INFO | 🌐 Session warmed
2026-08-29 04:01:25,176 | INFO |    ↳ Status 403
2026-08-29 04:01:25,176 | WARNING |    ⚠ Blocked (403) retry 3
2026-08-29 04:01:25,233 | INFO | 🌐 Session warmed
2026-08-29 04:01:25,632 | INFO |    ↳ Status 200
2026-08-29 04:01:25,632 | INFO |    ✓ Found 6 movies
2026-08-29 04:01:25,632 | INFO | [967/1901] Fetching Kumarakom (KMOA)
2026-08-29 04:01:25,931 | INFO | [968/1901] Fetching Kumbakonam (KUMB)
2026-08-29 04:01:26,723 | INFO |    ↳ Status 403
2026-08-29 04:01:26,723 | WARNING |    ⚠ Blocked (403) retry 1
2026-08-29 04:01:26,780 | INFO | 🌐 Session warmed
2026-08-29 04:01:27,048 | INFO |    ↳ Status 200
2026-08-29 04:01:27,048 | INFO |    ✓ Found 8 movies
2026-08-29 04:01:27,048 | INFO | [969/1901] Fetching Kumily (KUMI)
2026-08-29 04:01:27,425 | INFO |    ↳ Status 403
2026-08-29 04:01:27,425 | WARNING |    ⚠ Blocked (403) retry 2
2026-08-29 04:01:27,481 | INFO | 🌐 Session warmed
2026-08-29 04:01:28,401 | INFO |    ↳ Status 403
2026-08-29 04:01:28,401 | WARNING |    ⚠ Blocked (403) retry 2
2026-08-29 04:01:28,457 | INFO | 🌐 Session warmed
2026-08-29 04:01:28,478 | INFO |    ↳ Status 200
2026-08-29 04:01:28,478 | INFO |    ✓ Found 8 movies
2026-08-29 04:01:28,479 | INFO | [970/1901] Fetching Kunda (KUDD)
2026-08-29 04:01:29,233 | INFO | [971/1901] Fetching Kundapura (KUNA)
2026-08-29 04:01:30,071 | INFO |    ↳ Status 403
2026-08-29 04:01:30,071 | WARNING |    ⚠ Blocked (403) retry 1
2026-08-29 04:01:30,129 | INFO | 🌐 Session warmed
2026-08-29 04:01:30,458 | INFO |    ↳ Status 403
2026-08-29 04:01:30,458 | WARNING |    ⚠ Blocked (403) retry 3
2026-08-29 04:01:30,516 | INFO | 🌐 Session warmed
2026-08-29 04:01:30,801 | INFO |    ↳ Status 200
2026-08-29 04:01:30,801 | INFO |    ✓ Found 6 movies
2026-08-29 04:01:30,801 | INFO | [972/1901] Fetching Kunigal (KUUN)
2026-08-29 04:01:31,087 | INFO |    ↳ Status 403
2026-08-29 04:01:31,087 | WARNING |    ⚠ Blocked (403) retry 3
2026-08-29 04:01:31,146 | INFO | 🌐 Session warmed
2026-08-29 04:01:32,314 | INFO |    ↳ Status 200
2026-08-29 04:01:32,314 | INFO |    ✓ Found 8 movies
2026-08-29 04:01:32,314 | INFO | [973/1901] Fetching Kunkuri (KKRI)
2026-08-29 04:01:32,434 | INFO |    ↳ Status 403
2026-08-29 04:01:32,434 | WARNING |    ⚠ Blocked (403) retry 2
2026-08-29 04:01:32,492 | INFO | 🌐 Session warmed
2026-08-29 04:01:33,791 | INFO |    ↳ Status 200
2026-08-29 04:01:33,792 | INFO |    ✓ Found 8 movies
2026-08-29 04:01:33,792 | INFO | [974/1901] Fetching Kunnamkulam (KUNN)
2026-08-29 04:01:34,516 | INFO | [975/1901] Fetching Kuravilangad (KURA)
2026-08-29 04:01:35,147 | INFO | [976/1901] Fetching Kurnool (KURN)
2026-08-29 04:01:35,475 | INFO |    ↳ Status 200
2026-08-29 04:01:35,475 | INFO |    ✓ Found 8 movies
2026-08-29 04:01:35,475 | INFO | [977/1901] Fetching Kurseong (KURS)
2026-08-29 04:01:35,650 | INFO |    ↳ Status 403
2026-08-29 04:01:35,650 | WARNING |    ⚠ Blocked (403) retry 1
2026-08-29 04:01:35,708 | INFO | 🌐 Session warmed
2026-08-29 04:01:35,858 | INFO |    ↳ Status 403
2026-08-29 04:01:35,858 | WARNING |    ⚠ Blocked (403) retry 3
2026-08-29 04:01:35,916 | INFO | 🌐 Session warmed
2026-08-29 04:01:36,175 | INFO |    ↳ Status 403
2026-08-29 04:01:36,175 | WARNING |    ⚠ Blocked (403) retry 1
2026-08-29 04:01:36,231 | INFO | 🌐 Session warmed
2026-08-29 04:01:36,423 | INFO |    ↳ Status 200
2026-08-29 04:01:36,423 | INFO |    ✓ Found 8 movies
2026-08-29 04:01:36,423 | INFO | [978/1901] Fetching Kurud (KRDU)
2026-08-29 04:01:37,353 | INFO |    ↳ Status 403
2026-08-29 04:01:37,353 | WARNING |    ⚠ Blocked (403) retry 2
2026-08-29 04:01:37,410 | INFO | 🌐 Session warmed
2026-08-29 04:01:37,736 | INFO |    ↳ Status 200
2026-08-29 04:01:37,736 | INFO |    ✓ Found 8 movies
2026-08-29 04:01:37,736 | INFO | [979/1901] Fetching Kurukshetra (KURU)
2026-08-29 04:01:38,605 | INFO |    ↳ Status 403
2026-08-29 04:01:38,605 | WARNING |    ⚠ Blocked (403) retry 2
2026-08-29 04:01:38,663 | INFO | 🌐 Session warmed
2026-08-29 04:01:39,083 | INFO |    ↳ Status 200
2026-08-29 04:01:39,083 | INFO |    ✓ Found 7 movies
2026-08-29 04:01:39,084 | INFO | [980/1901] Fetching Kurumaseri (KURY)
2026-08-29 04:01:39,916 | INFO | [981/1901] Fetching Kurundwad (KURD)
2026-08-29 04:01:40,037 | INFO |    ↳ Status 200
2026-08-29 04:01:40,037 | INFO |    ✓ Found 8 movies
2026-08-29 04:01:40,037 | INFO | [982/1901] Fetching Kushalnagar (KUSA)
2026-08-29 04:01:40,164 | INFO |    ↳ Status 403
2026-08-29 04:01:40,164 | WARNING |    ⚠ Blocked (403) retry 3
2026-08-29 04:01:40,220 | INFO | 🌐 Session warmed
2026-08-29 04:01:41,117 | INFO |    ↳ Status 403
2026-08-29 04:01:41,117 | WARNING |    ⚠ Blocked (403) retry 1
2026-08-29 04:01:41,170 | INFO | 🌐 Session warmed
2026-08-29 04:01:41,286 | INFO |    ↳ Status 403
2026-08-29 04:01:41,286 | WARNING |    ⚠ Blocked (403) retry 3
2026-08-29 04:01:41,301 | INFO |    ↳ Status 200
2026-08-29 04:01:41,301 | INFO |    ✓ Found 8 movies
2026-08-29 04:01:41,301 | INFO | [983/1901] Fetching Kushinagar (KUSH)
2026-08-29 04:01:41,355 | INFO | 🌐 Session warmed
2026-08-29 04:01:42,637 | INFO |    ↳ Status 200
2026-08-29 04:01:42,637 | INFO |    ✓ Found 6 movies
2026-08-29 04:01:42,637 | INFO | [984/1901] Fetching Kusumgram (KKKL)
2026-08-29 04:01:42,783 | INFO |    ↳ Status 403
2026-08-29 04:01:42,783 | WARNING |    ⚠ Blocked (403) retry 2
2026-08-29 04:01:42,841 | INFO | 🌐 Session warmed
2026-08-29 04:01:44,090 | INFO |    ↳ Status 200
2026-08-29 04:01:44,090 | INFO |    ✓ Found 8 movies
2026-08-29 04:01:44,090 | INFO | [985/1901] Fetching Kutch (KTCH)
2026-08-29 04:01:44,221 | INFO | [986/1901] Fetching Kuthuparamba (KUTH)
2026-08-29 04:01:45,356 | INFO | [987/1901] Fetching Ladakh (LEHA)
2026-08-29 04:01:45,408 | INFO |    ↳ Status 403
2026-08-29 04:01:45,408 | WARNING |    ⚠ Blocked (403) retry 1
2026-08-29 04:01:45,417 | INFO |    ↳ Status 200
2026-08-29 04:01:45,417 | INFO |    ✓ Found 8 movies
2026-08-29 04:01:45,418 | INFO | [988/1901] Fetching Lakhanpur (ALKP)
2026-08-29 04:01:45,470 | INFO | 🌐 Session warmed
2026-08-29 04:01:45,595 | INFO |    ↳ Status 403
2026-08-29 04:01:45,595 | WARNING |    ⚠ Blocked (403) retry 3
2026-08-29 04:01:45,656 | INFO | 🌐 Session warmed
2026-08-29 04:01:46,158 | INFO |    ↳ Status 403
2026-08-29 04:01:46,158 | WARNING |    ⚠ Blocked (403) retry 1
2026-08-29 04:01:46,225 | INFO | 🌐 Session warmed
2026-08-29 04:01:46,619 | INFO |    ↳ Status 200
2026-08-29 04:01:46,620 | INFO |    ✓ Found 8 movies
2026-08-29 04:01:46,620 | INFO | [989/1901] Fetching Lakhimpur (LAHA)
2026-08-29 04:01:47,590 | INFO |    ↳ Status 403
2026-08-29 04:01:47,591 | WARNING |    ⚠ Blocked (403) retry 2
2026-08-29 04:01:47,648 | INFO | 🌐 Session warmed
2026-08-29 04:01:47,727 | INFO |    ↳ Status 200
2026-08-29 04:01:47,728 | INFO |    ✓ Found 8 movies
2026-08-29 04:01:47,728 | INFO | [990/1901] Fetching Lakhimpur Kheri (LKPK)
2026-08-29 04:01:48,301 | INFO |    ↳ Status 403
2026-08-29 04:01:48,301 | WARNING |    ⚠ Blocked (403) retry 2
2026-08-29 04:01:48,360 | INFO | 🌐 Session warmed
2026-08-29 04:01:49,447 | INFO |    ↳ Status 200
2026-08-29 04:01:49,447 | INFO |    ✓ Found 6 movies
2026-08-29 04:01:49,447 | INFO | [991/1901] Fetching Lakhisarai (LASK)
2026-08-29 04:01:49,656 | INFO | [992/1901] Fetching Lakkavaram (LRAM)
2026-08-29 04:01:50,467 | INFO |    ↳ Status 200
2026-08-29 04:01:50,467 | INFO |    ✓ Found 8 movies
2026-08-29 04:01:50,467 | INFO | [993/1901] Fetching Lakshmeshwara (LKSH)
2026-08-29 04:01:50,497 | INFO |    ↳ Status 403
2026-08-29 04:01:50,497 | WARNING |    ⚠ Blocked (403) retry 3
2026-08-29 04:01:50,555 | INFO | 🌐 Session warmed
2026-08-29 04:01:51,060 | INFO |    ↳ Status 403
2026-08-29 04:01:51,060 | WARNING |    ⚠ Blocked (403) retry 1
2026-08-29 04:01:51,117 | INFO | 🌐 Session warmed
2026-08-29 04:01:51,489 | INFO |    ↳ Status 200
2026-08-29 04:01:51,489 | INFO |    ✓ Found 3 movies
2026-08-29 04:01:51,489 | INFO | [994/1901] Fetching Lakshmikantapur (LKMP)
2026-08-29 04:01:51,651 | INFO |    ↳ Status 403
2026-08-29 04:01:51,651 | WARNING |    ⚠ Blocked (403) retry 3
2026-08-29 04:01:51,722 | INFO | 🌐 Session warmed
2026-08-29 04:01:52,850 | INFO |    ↳ Status 403
2026-08-29 04:01:52,850 | WARNING |    ⚠ Blocked (403) retry 2
2026-08-29 04:01:52,907 | INFO | 🌐 Session warmed
2026-08-29 04:01:53,132 | INFO |    ↳ Status 200
2026-08-29 04:01:53,132 | INFO |    ✓ Found 8 movies
2026-08-29 04:01:53,132 | INFO | [995/1901] Fetching Lalgudi (LALG)
2026-08-29 04:01:54,454 | INFO |    ↳ Status 200
2026-08-29 04:01:54,454 | INFO |    ✓ Found 7 movies
2026-08-29 04:01:54,454 | INFO | [996/1901] Fetching Lalitpur (LLTP)
2026-08-29 04:01:54,555 | INFO | [997/1901] Fetching Lansdowne (LADW)
2026-08-29 04:01:55,628 | INFO |    ↳ Status 403
2026-08-29 04:01:55,628 | WARNING |    ⚠ Blocked (403) retry 1
2026-08-29 04:01:55,686 | INFO | 🌐 Session warmed
2026-08-29 04:01:55,722 | INFO | [998/1901] Fetching Latur (LAT)
2026-08-29 04:01:55,843 | INFO |    ↳ Status 200
2026-08-29 04:01:55,843 | INFO |    ✓ Found 8 movies
2026-08-29 04:01:55,843 | INFO | [999/1901] Fetching Lavasa (LAVA)
2026-08-29 04:01:56,136 | INFO |    ↳ Status 403
2026-08-29 04:01:56,136 | WARNING |    ⚠ Blocked (403) retry 3
2026-08-29 04:01:56,197 | INFO | 🌐 Session warmed
2026-08-29 04:01:56,716 | INFO |    ↳ Status 403
2026-08-29 04:01:56,716 | WARNING |    ⚠ Blocked (403) retry 1
2026-08-29 04:01:56,776 | INFO | 🌐 Session warmed
2026-08-29 04:01:57,060 | INFO |    ↳ Status 200
2026-08-29 04:01:57,061 | INFO |    ✓ Found 5 movies
2026-08-29 04:01:57,061 | INFO | [1000/1901] Fetching Leeja (LEEJ)
2026-08-29 04:01:57,362 | INFO |    ↳ Status 403
2026-08-29 04:01:57,362 | WARNING |    ⚠ Blocked (403) retry 2
2026-08-29 04:01:57,422 | INFO | 🌐 Session warmed
2026-08-29 04:01:58,137 | INFO |    ↳ Status 200
2026-08-29 04:01:58,137 | INFO |    ✓ Found 8 movies
2026-08-29 04:01:58,137 | INFO | [1001/1901] Fetching Leh (LEHL)
2026-08-29 04:01:58,760 | INFO |    ↳ Status 403
2026-08-29 04:01:58,760 | WARNING |    ⚠ Blocked (403) retry 2
2026-08-29 04:01:58,826 | INFO | 🌐 Session warmed
2026-08-29 04:01:59,396 | INFO |    ↳ Status 200
2026-08-29 04:01:59,396 | INFO |    ✓ Found 7 movies
2026-08-29 04:01:59,397 | INFO | [1002/1901] Fetching Lingasugur (LING)
2026-08-29 04:02:00,198 | INFO | [1003/1901] Fetching Lohardaga (LOHA)
2026-08-29 04:02:00,382 | INFO |    ↳ Status 403
2026-08-29 04:02:00,382 | WARNING |    ⚠ Blocked (403) retry 3
2026-08-29 04:02:00,416 | INFO |    ↳ Status 200
2026-08-29 04:02:00,416 | INFO |    ✓ Found 3 movies
2026-08-29 04:02:00,416 | INFO | [1004/1901] Fetching Lonand (LONZ)
2026-08-29 04:02:00,443 | INFO | 🌐 Session warmed
2026-08-29 04:02:01,327 | INFO |    ↳ Status 403
2026-08-29 04:02:01,327 | WARNING |    ⚠ Blocked (403) retry 1
2026-08-29 04:02:01,382 | INFO | 🌐 Session warmed
2026-08-29 04:02:01,722 | INFO |    ↳ Status 200
2026-08-29 04:02:01,723 | INFO |    ✓ Found 8 movies
2026-08-29 04:02:01,723 | INFO | [1005/1901] Fetching Lonar (LONA)
2026-08-29 04:02:02,187 | INFO |    ↳ Status 403
2026-08-29 04:02:02,187 | WARNING |    ⚠ Blocked (403) retry 3
2026-08-29 04:02:02,245 | INFO | 🌐 Session warmed
2026-08-29 04:02:03,091 | INFO |    ↳ Status 403
2026-08-29 04:02:03,091 | WARNING |    ⚠ Blocked (403) retry 2
2026-08-29 04:02:03,147 | INFO | 🌐 Session warmed
2026-08-29 04:02:03,160 | INFO |    ↳ Status 200
2026-08-29 04:02:03,160 | INFO |    ✓ Found 5 movies
2026-08-29 04:02:03,160 | INFO | [1006/1901] Fetching Lonavala (LNVL)
2026-08-29 04:02:04,443 | INFO | [1007/1901] Fetching Loni (LONI)
2026-08-29 04:02:04,858 | INFO |    ↳ Status 200
2026-08-29 04:02:04,859 | INFO |    ✓ Found 5 movies
2026-08-29 04:02:04,859 | INFO | [1008/1901] Fetching Lucknow (LUCK)
2026-08-29 04:02:05,153 | INFO |    ↳ Status 403
2026-08-29 04:02:05,153 | WARNING |    ⚠ Blocked (403) retry 1
2026-08-29 04:02:05,215 | INFO | 🌐 Session warmed
2026-08-29 04:02:05,892 | INFO |    ↳ Status 200
2026-08-29 04:02:05,892 | INFO |    ✓ Found 6 movies
2026-08-29 04:02:05,892 | INFO | [1009/1901] Fetching Ludhiana (LUDH)
2026-08-29 04:02:06,245 | INFO | [1010/1901] Fetching Lunawada (LUNA)
2026-08-29 04:02:06,277 | INFO |    ↳ Status 403
2026-08-29 04:02:06,277 | WARNING |    ⚠ Blocked (403) retry 3
2026-08-29 04:02:06,349 | INFO | 🌐 Session warmed
2026-08-29 04:02:07,028 | INFO |    ↳ Status 200
2026-08-29 04:02:07,028 | INFO |    ✓ Found 8 movies
2026-08-29 04:02:07,028 | INFO | [1011/1901] Fetching Luxettipet (LAKS)
2026-08-29 04:02:07,149 | INFO |    ↳ Status 403
2026-08-29 04:02:07,149 | WARNING |    ⚠ Blocked (403) retry 2
2026-08-29 04:02:07,213 | INFO | 🌐 Session warmed
2026-08-29 04:02:07,485 | INFO |    ↳ Status 403
2026-08-29 04:02:07,485 | WARNING |    ⚠ Blocked (403) retry 1
2026-08-29 04:02:07,541 | INFO | 🌐 Session warmed
2026-08-29 04:02:08,801 | INFO |    ↳ Status 200
2026-08-29 04:02:08,801 | INFO |    ✓ Found 7 movies
2026-08-29 04:02:08,802 | INFO | [1012/1901] Fetching MUNNAR (MUNN)
2026-08-29 04:02:09,699 | INFO |    ↳ Status 200
2026-08-29 04:02:09,699 | INFO |    ✓ Found 8 movies
2026-08-29 04:02:09,699 | INFO | [1013/1901] Fetching Macherla (MACH)
2026-08-29 04:02:09,735 | INFO |    ↳ Status 403
2026-08-29 04:02:09,736 | WARNING |    ⚠ Blocked (403) retry 2
2026-08-29 04:02:09,800 | INFO | 🌐 Session warmed
2026-08-29 04:02:09,958 | INFO |    ↳ Status 403
2026-08-29 04:02:09,958 | WARNING |    ⚠ Blocked (403) retry 3
2026-08-29 04:02:10,015 | INFO | 🌐 Session warmed
2026-08-29 04:02:10,349 | INFO | [1014/1901] Fetching Machilipatnam (MAPM)
2026-08-29 04:02:10,715 | INFO |    ↳ Status 200
2026-08-29 04:02:10,715 | INFO |    ✓ Found 7 movies
2026-08-29 04:02:10,715 | INFO | [1015/1901] Fetching Madalu (MADA)
2026-08-29 04:02:11,609 | INFO |    ↳ Status 403
2026-08-29 04:02:11,609 | WARNING |    ⚠ Blocked (403) retry 1
2026-08-29 04:02:11,669 | INFO | 🌐 Session warmed
2026-08-29 04:02:12,677 | INFO |    ↳ Status 200
2026-08-29 04:02:12,678 | INFO |    ✓ Found 3 movies
2026-08-29 04:02:12,678 | INFO | [1016/1901] Fetching Madanapalle (MDNP)
2026-08-29 04:02:12,696 | INFO |    ↳ Status 403
2026-08-29 04:02:12,696 | WARNING |    ⚠ Blocked (403) retry 3
2026-08-29 04:02:12,751 | INFO | 🌐 Session warmed
2026-08-29 04:02:13,510 | INFO |    ↳ Status 403
2026-08-29 04:02:13,510 | WARNING |    ⚠ Blocked (403) retry 2
2026-08-29 04:02:13,582 | INFO | 🌐 Session warmed
2026-08-29 04:02:13,717 | INFO |    ↳ Status 200
2026-08-29 04:02:13,717 | INFO |    ✓ Found 7 movies
2026-08-29 04:02:13,717 | INFO | [1017/1901] Fetching Maddur (MADD)
2026-08-29 04:02:14,016 | INFO | [1018/1901] Fetching Madhavaram (MDHA)
2026-08-29 04:02:15,049 | INFO |    ↳ Status 200
2026-08-29 04:02:15,049 | INFO |    ✓ Found 3 movies
2026-08-29 04:02:15,049 | INFO | [1019/1901] Fetching Madhepura (MHEA)
2026-08-29 04:02:15,093 | INFO |    ↳ Status 403
2026-08-29 04:02:15,093 | WARNING |    ⚠ Blocked (403) retry 1
2026-08-29 04:02:15,156 | INFO | 🌐 Session warmed
2026-08-29 04:02:16,635 | INFO |    ↳ Status 403
2026-08-29 04:02:16,635 | WARNING |    ⚠ Blocked (403) retry 3
2026-08-29 04:02:16,692 | INFO | 🌐 Session warmed
2026-08-29 04:02:16,714 | INFO |    ↳ Status 200
2026-08-29 04:02:16,714 | INFO |    ✓ Found 7 movies
2026-08-29 04:02:16,715 | INFO | [1020/1901] Fetching Madhira (MADR)
2026-08-29 04:02:16,752 | INFO | [1021/1901] Fetching Madhubani (MADZ)
2026-08-29 04:02:17,473 | INFO |    ↳ Status 403
2026-08-29 04:02:17,473 | WARNING |    ⚠ Blocked (403) retry 2
2026-08-29 04:02:17,482 | INFO |    ↳ Status 403
2026-08-29 04:02:17,482 | WARNING |    ⚠ Blocked (403) retry 1
2026-08-29 04:02:17,551 | INFO | 🌐 Session warmed
2026-08-29 04:02:17,557 | INFO | 🌐 Session warmed
2026-08-29 04:02:17,969 | INFO |    ↳ Status 200
2026-08-29 04:02:17,970 | INFO |    ✓ Found 7 movies
2026-08-29 04:02:17,970 | INFO | [1022/1901] Fetching Madikeri (MADI)
2026-08-29 04:02:19,499 | INFO |    ↳ Status 200
2026-08-29 04:02:19,499 | INFO |    ✓ Found 3 movies
2026-08-29 04:02:19,499 | INFO | [1023/1901] Fetching Madugula (MDGL)
2026-08-29 04:02:19,728 | INFO |    ↳ Status 403
2026-08-29 04:02:19,728 | WARNING |    ⚠ Blocked (403) retry 2
2026-08-29 04:02:19,787 | INFO | 🌐 Session warmed
2026-08-29 04:02:20,635 | INFO |    ↳ Status 403
2026-08-29 04:02:20,635 | WARNING |    ⚠ Blocked (403) retry 3
2026-08-29 04:02:20,692 | INFO | [1024/1901] Fetching Madurai (MADU)
2026-08-29 04:02:20,697 | INFO | 🌐 Session warmed
2026-08-29 04:02:20,930 | INFO |    ↳ Status 200
2026-08-29 04:02:20,930 | INFO |    ✓ Found 8 movies
2026-08-29 04:02:20,930 | INFO | [1025/1901] Fetching Magadi (MAGA)
2026-08-29 04:02:22,044 | INFO |    ↳ Status 403
2026-08-29 04:02:22,044 | WARNING |    ⚠ Blocked (403) retry 1
2026-08-29 04:02:22,101 | INFO | 🌐 Session warmed
2026-08-29 04:02:22,443 | INFO |    ↳ Status 200
2026-08-29 04:02:22,443 | INFO |    ✓ Found 3 movies
2026-08-29 04:02:22,443 | INFO | [1026/1901] Fetching Mahabaleshwar (MABL)
2026-08-29 04:02:23,029 | INFO |    ↳ Status 403
2026-08-29 04:02:23,030 | WARNING |    ⚠ Blocked (403) retry 3
2026-08-29 04:02:23,098 | INFO | 🌐 Session warmed
2026-08-29 04:02:23,545 | INFO |    ↳ Status 200
2026-08-29 04:02:23,545 | INFO |    ✓ Found 5 movies
2026-08-29 04:02:23,545 | INFO | [1027/1901] Fetching Mahabubabad (MAHA)
2026-08-29 04:02:23,800 | INFO |    ↳ Status 403
2026-08-29 04:02:23,800 | WARNING |    ⚠ Blocked (403) retry 2
2026-08-29 04:02:23,865 | INFO | 🌐 Session warmed
2026-08-29 04:02:24,697 | INFO | [1028/1901] Fetching Mahad (MHAD)
2026-08-29 04:02:25,357 | INFO |    ↳ Status 403
2026-08-29 04:02:25,357 | WARNING |    ⚠ Blocked (403) retry 1
2026-08-29 04:02:25,412 | INFO | 🌐 Session warmed
2026-08-29 04:02:25,492 | INFO |    ↳ Status 200
2026-08-29 04:02:25,492 | INFO |    ✓ Found 7 movies
2026-08-29 04:02:25,492 | INFO | [1029/1901] Fetching Mahalingpur (MAGP)
2026-08-29 04:02:26,506 | INFO |    ↳ Status 403
2026-08-29 04:02:26,506 | WARNING |    ⚠ Blocked (403) retry 3
2026-08-29 04:02:26,570 | INFO | 🌐 Session warmed
2026-08-29 04:02:27,098 | INFO | [1030/1901] Fetching Maharajganj (RAJG)
2026-08-29 04:02:27,274 | INFO |    ↳ Status 403
2026-08-29 04:02:27,274 | WARNING |    ⚠ Blocked (403) retry 2
2026-08-29 04:02:27,335 | INFO | 🌐 Session warmed
2026-08-29 04:02:27,806 | INFO |    ↳ Status 200
2026-08-29 04:02:27,806 | INFO |    ✓ Found 8 movies
2026-08-29 04:02:27,807 | INFO | [1031/1901] Fetching Mahasamund (MAMU)
2026-08-29 04:02:28,277 | INFO |    ↳ Status 403
2026-08-29 04:02:28,277 | WARNING |    ⚠ Blocked (403) retry 1
2026-08-29 04:02:28,336 | INFO | 🌐 Session warmed
2026-08-29 04:02:28,778 | INFO |    ↳ Status 200
2026-08-29 04:02:28,778 | INFO |    ✓ Found 8 movies
2026-08-29 04:02:28,778 | INFO | [1032/1901] Fetching Mahbubnagar (MAHB)
2026-08-29 04:02:29,840 | INFO |    ↳ Status 200
2026-08-29 04:02:29,840 | INFO |    ✓ Found 7 movies
2026-08-29 04:02:29,840 | INFO | [1033/1901] Fetching Mahemdavad (MAHM)
2026-08-29 04:02:30,054 | INFO |    ↳ Status 403
2026-08-29 04:02:30,054 | WARNING |    ⚠ Blocked (403) retry 2
2026-08-29 04:02:30,110 | INFO | 🌐 Session warmed
2026-08-29 04:02:30,505 | INFO |    ↳ Status 403
2026-08-29 04:02:30,505 | WARNING |    ⚠ Blocked (403) retry 3
2026-08-29 04:02:30,564 | INFO | 🌐 Session warmed
2026-08-29 04:02:30,570 | INFO | [1034/1901] Fetching Maheshtala (MAHS)
2026-08-29 04:02:31,248 | INFO |    ↳ Status 403
2026-08-29 04:02:31,248 | WARNING |    ⚠ Blocked (403) retry 1
2026-08-29 04:02:31,309 | INFO | 🌐 Session warmed
2026-08-29 04:02:31,454 | INFO |    ↳ Status 200
2026-08-29 04:02:31,454 | INFO |    ✓ Found 8 movies
2026-08-29 04:02:31,455 | INFO | [1035/1901] Fetching Maheshwar (MAHE)
2026-08-29 04:02:32,741 | INFO |    ↳ Status 403
2026-08-29 04:02:32,741 | WARNING |    ⚠ Blocked (403) retry 3
2026-08-29 04:02:32,766 | INFO |    ↳ Status 200
2026-08-29 04:02:32,766 | INFO |    ✓ Found 7 movies
2026-08-29 04:02:32,766 | INFO | [1036/1901] Fetching Maheshwaram (MHSR)
2026-08-29 04:02:32,799 | INFO | 🌐 Session warmed
2026-08-29 04:02:33,192 | INFO |    ↳ Status 403
2026-08-29 04:02:33,192 | WARNING |    ⚠ Blocked (403) retry 2
2026-08-29 04:02:33,254 | INFO | 🌐 Session warmed
2026-08-29 04:02:34,066 | INFO |    ↳ Status 200
2026-08-29 04:02:34,067 | INFO |    ✓ Found 8 movies
2026-08-29 04:02:34,067 | INFO | [1037/1901] Fetching Mahishadal (MMAI)
2026-08-29 04:02:34,564 | INFO | [1038/1901] Fetching Mahudha (MAHU)
2026-08-29 04:02:35,075 | INFO |    ↳ Status 200
2026-08-29 04:02:35,075 | INFO |    ✓ Found 8 movies
2026-08-29 04:02:35,076 | INFO | [1039/1901] Fetching Mahuva (MAHV)
2026-08-29 04:02:35,624 | INFO |    ↳ Status 403
2026-08-29 04:02:35,624 | WARNING |    ⚠ Blocked (403) retry 1
2026-08-29 04:02:35,682 | INFO | 🌐 Session warmed
2026-08-29 04:02:36,022 | INFO |    ↳ Status 403
2026-08-29 04:02:36,022 | WARNING |    ⚠ Blocked (403) retry 3
2026-08-29 04:02:36,080 | INFO | 🌐 Session warmed
2026-08-29 04:02:36,289 | INFO |    ↳ Status 200
2026-08-29 04:02:36,289 | INFO |    ✓ Found 8 movies
2026-08-29 04:02:36,289 | INFO | [1040/1901] Fetching Makrana (MAKA)
2026-08-29 04:02:36,800 | INFO | [1041/1901] Fetching Makthal (MAKT)
2026-08-29 04:02:37,365 | INFO |    ↳ Status 200
2026-08-29 04:02:37,365 | INFO |    ✓ Found 4 movies
2026-08-29 04:02:37,365 | INFO | [1042/1901] Fetching Malappuram (MALP)
2026-08-29 04:02:37,572 | INFO |    ↳ Status 403
2026-08-29 04:02:37,572 | WARNING |    ⚠ Blocked (403) retry 1
2026-08-29 04:02:37,628 | INFO | 🌐 Session warmed
2026-08-29 04:02:37,808 | INFO |    ↳ Status 403
2026-08-29 04:02:37,808 | WARNING |    ⚠ Blocked (403) retry 2
2026-08-29 04:02:37,867 | INFO | 🌐 Session warmed
2026-08-29 04:02:38,552 | INFO |    ↳ Status 200
2026-08-29 04:02:38,552 | INFO |    ✓ Found 8 movies
2026-08-29 04:02:38,552 | INFO | [1043/1901] Fetching Malda (MALD)
2026-08-29 04:02:39,644 | INFO |    ↳ Status 200
2026-08-29 04:02:39,644 | INFO |    ✓ Found 8 movies
2026-08-29 04:02:39,644 | INFO | [1044/1901] Fetching Malebennur (MEBN)
2026-08-29 04:02:39,681 | INFO |    ↳ Status 403
2026-08-29 04:02:39,681 | WARNING |    ⚠ Blocked (403) retry 2
2026-08-29 04:02:39,739 | INFO | 🌐 Session warmed
2026-08-29 04:02:40,080 | INFO | [1045/1901] Fetching Malegaon (MALE)
2026-08-29 04:02:40,818 | INFO |    ↳ Status 403
2026-08-29 04:02:40,818 | WARNING |    ⚠ Blocked (403) retry 3
2026-08-29 04:02:40,878 | INFO | 🌐 Session warmed
2026-08-29 04:02:41,013 | INFO |    ↳ Status 200
2026-08-29 04:02:41,013 | INFO |    ✓ Found 3 movies
2026-08-29 04:02:41,013 | INFO | [1046/1901] Fetching Malerkotla (MALR)
2026-08-29 04:02:41,353 | INFO |    ↳ Status 403
2026-08-29 04:02:41,353 | WARNING |    ⚠ Blocked (403) retry 1
2026-08-29 04:02:41,428 | INFO | 🌐 Session warmed
2026-08-29 04:02:42,008 | INFO |    ↳ Status 200
2026-08-29 04:02:42,008 | INFO |    ✓ Found 8 movies
2026-08-29 04:02:42,008 | INFO | [1047/1901] Fetching Malikipuram (MALK)
2026-08-29 04:02:42,880 | INFO |    ↳ Status 403
2026-08-29 04:02:42,880 | WARNING |    ⚠ Blocked (403) retry 3
2026-08-29 04:02:42,939 | INFO | 🌐 Session warmed
2026-08-29 04:02:43,061 | INFO |    ↳ Status 200
2026-08-29 04:02:43,061 | INFO |    ✓ Found 7 movies
2026-08-29 04:02:43,062 | INFO | [1048/1901] Fetching Malkangiri (MALG)
2026-08-29 04:02:43,191 | INFO |    ↳ Status 403
2026-08-29 04:02:43,192 | WARNING |    ⚠ Blocked (403) retry 2
2026-08-29 04:02:43,252 | INFO | 🌐 Session warmed
2026-08-29 04:02:44,584 | INFO |    ↳ Status 200
2026-08-29 04:02:44,584 | INFO |    ✓ Found 8 movies
2026-08-29 04:02:44,585 | INFO | [1049/1901] Fetching Malkapur (MAMA)
2026-08-29 04:02:44,878 | INFO | [1050/1901] Fetching Mall (MAAL)
2026-08-29 04:02:46,111 | INFO |    ↳ Status 200
2026-08-29 04:02:46,111 | INFO |    ✓ Found 5 movies
2026-08-29 04:02:46,111 | INFO | [1051/1901] Fetching Malout (MALO)
2026-08-29 04:02:46,219 | INFO |    ↳ Status 403
2026-08-29 04:02:46,219 | WARNING |    ⚠ Blocked (403) retry 1
2026-08-29 04:02:46,279 | INFO | 🌐 Session warmed
2026-08-29 04:02:46,574 | INFO |    ↳ Status 403
2026-08-29 04:02:46,575 | WARNING |    ⚠ Blocked (403) retry 3
2026-08-29 04:02:46,643 | INFO | 🌐 Session warmed
2026-08-29 04:02:46,939 | INFO | [1052/1901] Fetching Malur (MLLR)
2026-08-29 04:02:47,196 | INFO |    ↳ Status 200
2026-08-29 04:02:47,197 | INFO |    ✓ Found 8 movies
2026-08-29 04:02:47,197 | INFO | [1053/1901] Fetching Mamallapuram (MMLL)
2026-08-29 04:02:47,949 | INFO |    ↳ Status 403
2026-08-29 04:02:47,949 | WARNING |    ⚠ Blocked (403) retry 1
2026-08-29 04:02:48,006 | INFO | 🌐 Session warmed
2026-08-29 04:02:48,236 | INFO |    ↳ Status 403
2026-08-29 04:02:48,236 | WARNING |    ⚠ Blocked (403) retry 2
2026-08-29 04:02:48,294 | INFO | 🌐 Session warmed
2026-08-29 04:02:48,644 | INFO |    ↳ Status 200
2026-08-29 04:02:48,645 | INFO |    ✓ Found 7 movies
2026-08-29 04:02:48,645 | INFO | [1054/1901] Fetching Manali (MANA)
2026-08-29 04:02:49,765 | INFO |    ↳ Status 403
2026-08-29 04:02:49,765 | WARNING |    ⚠ Blocked (403) retry 2
2026-08-29 04:02:49,832 | INFO | 🌐 Session warmed
2026-08-29 04:02:49,927 | INFO |    ↳ Status 200
2026-08-29 04:02:49,927 | INFO |    ✓ Found 6 movies
2026-08-29 04:02:49,927 | INFO | [1055/1901] Fetching Manamadurai (MNMI)
2026-08-29 04:02:50,643 | INFO | [1056/1901] Fetching Mananthavady (MAVY)
2026-08-29 04:02:51,061 | INFO |    ↳ Status 403
2026-08-29 04:02:51,061 | WARNING |    ⚠ Blocked (403) retry 3
2026-08-29 04:02:51,120 | INFO | 🌐 Session warmed
2026-08-29 04:02:51,307 | INFO |    ↳ Status 200
2026-08-29 04:02:51,307 | INFO |    ✓ Found 7 movies
2026-08-29 04:02:51,307 | INFO | [1057/1901] Fetching Manapparai (MAPI)
2026-08-29 04:02:51,416 | INFO |    ↳ Status 403
2026-08-29 04:02:51,416 | WARNING |    ⚠ Blocked (403) retry 1
2026-08-29 04:02:51,471 | INFO | 🌐 Session warmed
2026-08-29 04:02:52,771 | INFO |    ↳ Status 200
2026-08-29 04:02:52,772 | INFO |    ✓ Found 7 movies
2026-08-29 04:02:52,772 | INFO | [1058/1901] Fetching Manawar (MANW)
2026-08-29 04:02:52,773 | INFO |    ↳ Status 403
2026-08-29 04:02:52,773 | WARNING |    ⚠ Blocked (403) retry 3
2026-08-29 04:02:52,833 | INFO | 🌐 Session warmed
2026-08-29 04:02:53,310 | INFO |    ↳ Status 403
2026-08-29 04:02:53,310 | WARNING |    ⚠ Blocked (403) retry 2
2026-08-29 04:02:53,366 | INFO | 🌐 Session warmed
2026-08-29 04:02:54,013 | INFO |    ↳ Status 200
2026-08-29 04:02:54,014 | INFO |    ✓ Found 7 movies
2026-08-29 04:02:54,014 | INFO | [1059/1901] Fetching Mancherial (MANC)
2026-08-29 04:02:55,121 | INFO | [1060/1901] Fetching Mandapeta (MAND)
2026-08-29 04:02:55,335 | INFO |    ↳ Status 200
2026-08-29 04:02:55,335 | INFO |    ✓ Found 7 movies
2026-08-29 04:02:55,335 | INFO | [1061/1901] Fetching Mandarmoni (MNWS)
2026-08-29 04:02:55,809 | INFO |    ↳ Status 403
2026-08-29 04:02:55,809 | WARNING |    ⚠ Blocked (403) retry 1
2026-08-29 04:02:55,864 | INFO | 🌐 Session warmed
2026-08-29 04:02:56,681 | INFO |    ↳ Status 403
2026-08-29 04:02:56,681 | WARNING |    ⚠ Blocked (403) retry 3
2026-08-29 04:02:56,742 | INFO | 🌐 Session warmed
2026-08-29 04:02:56,833 | INFO | [1062/1901] Fetching Mandasa (MDAS)
2026-08-29 04:02:56,855 | INFO |    ↳ Status 200
2026-08-29 04:02:56,855 | INFO |    ✓ Found 8 movies
2026-08-29 04:02:56,855 | INFO | [1063/1901] Fetching Mandav (MMND)
2026-08-29 04:02:58,013 | INFO |    ↳ Status 403
2026-08-29 04:02:58,013 | WARNING |    ⚠ Blocked (403) retry 1
2026-08-29 04:02:58,070 | INFO | 🌐 Session warmed
2026-08-29 04:02:58,111 | INFO |    ↳ Status 403
2026-08-29 04:02:58,111 | WARNING |    ⚠ Blocked (403) retry 2
2026-08-29 04:02:58,172 | INFO | 🌐 Session warmed
2026-08-29 04:02:58,541 | INFO |    ↳ Status 200
2026-08-29 04:02:58,541 | INFO |    ✓ Found 8 movies
2026-08-29 04:02:58,541 | INFO | [1064/1901] Fetching Mandawa (MARJ)
2026-08-29 04:02:59,863 | INFO |    ↳ Status 403
2026-08-29 04:02:59,863 | WARNING |    ⚠ Blocked (403) retry 2
2026-08-29 04:02:59,922 | INFO | 🌐 Session warmed
2026-08-29 04:03:00,439 | INFO |    ↳ Status 200
2026-08-29 04:03:00,439 | INFO |    ✓ Found 4 movies
2026-08-29 04:03:00,439 | INFO | [1065/1901] Fetching Mandi (MIHP)
2026-08-29 04:03:00,743 | INFO | [1066/1901] Fetching Mandi Dabwali (DABW)
2026-08-29 04:03:00,880 | INFO |    ↳ Status 403
2026-08-29 04:03:00,880 | WARNING |    ⚠ Blocked (403) retry 3
2026-08-29 04:03:00,935 | INFO | 🌐 Session warmed
2026-08-29 04:03:01,810 | INFO |    ↳ Status 403
2026-08-29 04:03:01,810 | WARNING |    ⚠ Blocked (403) retry 1
2026-08-29 04:03:01,814 | INFO |    ↳ Status 200
2026-08-29 04:03:01,814 | INFO |    ✓ Found 6 movies
2026-08-29 04:03:01,814 | INFO | [1067/1901] Fetching Mandi Gobindgarh (MBBH)
2026-08-29 04:03:01,868 | INFO | 🌐 Session warmed
2026-08-29 04:03:03,234 | INFO |    ↳ Status 200
2026-08-29 04:03:03,235 | INFO |    ✓ Found 8 movies
2026-08-29 04:03:03,235 | INFO | [1068/1901] Fetching Mandla (MADL)
2026-08-29 04:03:03,256 | INFO |    ↳ Status 403
2026-08-29 04:03:03,256 | WARNING |    ⚠ Blocked (403) retry 3
2026-08-29 04:03:03,316 | INFO | 🌐 Session warmed
2026-08-29 04:03:04,164 | INFO |    ↳ Status 403
2026-08-29 04:03:04,164 | WARNING |    ⚠ Blocked (403) retry 2
2026-08-29 04:03:04,223 | INFO | 🌐 Session warmed
2026-08-29 04:03:04,684 | INFO |    ↳ Status 200
2026-08-29 04:03:04,684 | INFO |    ✓ Found 7 movies
2026-08-29 04:03:04,684 | INFO | [1069/1901] Fetching Mandsaur (MNDS)
2026-08-29 04:03:04,935 | INFO | [1070/1901] Fetching Mandvi (MAVI)
2026-08-29 04:03:06,062 | INFO |    ↳ Status 403
2026-08-29 04:03:06,062 | WARNING |    ⚠ Blocked (403) retry 1
2026-08-29 04:03:06,097 | INFO |    ↳ Status 200
2026-08-29 04:03:06,097 | INFO |    ✓ Found 7 movies
2026-08-29 04:03:06,097 | INFO | [1071/1901] Fetching Mandwa (MNDW)
2026-08-29 04:03:06,123 | INFO | 🌐 Session warmed
2026-08-29 04:03:07,134 | INFO |    ↳ Status 200
2026-08-29 04:03:07,134 | INFO |    ✓ Found 5 movies
2026-08-29 04:03:07,134 | INFO | [1072/1901] Fetching Mandya (MND)
2026-08-29 04:03:07,176 | INFO |    ↳ Status 403
2026-08-29 04:03:07,177 | WARNING |    ⚠ Blocked (403) retry 3
2026-08-29 04:03:07,240 | INFO | 🌐 Session warmed
2026-08-29 04:03:07,316 | INFO | [1073/1901] Fetching Manendragarh (MANE)
2026-08-29 04:03:08,250 | INFO |    ↳ Status 403
2026-08-29 04:03:08,250 | WARNING |    ⚠ Blocked (403) retry 2
2026-08-29 04:03:08,282 | INFO |    ↳ Status 403
2026-08-29 04:03:08,282 | WARNING |    ⚠ Blocked (403) retry 1
2026-08-29 04:03:08,316 | INFO | 🌐 Session warmed
2026-08-29 04:03:08,352 | INFO | 🌐 Session warmed
2026-08-29 04:03:08,516 | INFO |    ↳ Status 200
2026-08-29 04:03:08,516 | INFO |    ✓ Found 3 movies
2026-08-29 04:03:08,516 | INFO | [1074/1901] Fetching Mangalagiri (MGLR)
2026-08-29 04:03:09,783 | INFO |    ↳ Status 200
2026-08-29 04:03:09,783 | INFO |    ✓ Found 7 movies
2026-08-29 04:03:09,783 | INFO | [1075/1901] Fetching Mangaldoi (MANG)
2026-08-29 04:03:10,461 | INFO |    ↳ Status 403
2026-08-29 04:03:10,462 | WARNING |    ⚠ Blocked (403) retry 2
2026-08-29 04:03:10,524 | INFO | 🌐 Session warmed
2026-08-29 04:03:11,043 | INFO |    ↳ Status 200
2026-08-29 04:03:11,043 | INFO |    ✓ Found 8 movies
2026-08-29 04:03:11,043 | INFO | [1076/1901] Fetching Mangaluru (Mangalore) (MLR)
2026-08-29 04:03:11,241 | INFO | [1077/1901] Fetching Mangalwedha (MNGW)
2026-08-29 04:03:11,269 | INFO |    ↳ Status 403
2026-08-29 04:03:11,269 | WARNING |    ⚠ Blocked (403) retry 3
2026-08-29 04:03:11,328 | INFO | 🌐 Session warmed
2026-08-29 04:03:12,202 | INFO |    ↳ Status 200
2026-08-29 04:03:12,202 | INFO |    ✓ Found 3 movies
2026-08-29 04:03:12,202 | INFO | [1078/1901] Fetching Mangar (MNGR)
2026-08-29 04:03:12,421 | INFO |    ↳ Status 403
2026-08-29 04:03:12,421 | WARNING |    ⚠ Blocked (403) retry 1
2026-08-29 04:03:12,485 | INFO | 🌐 Session warmed
2026-08-29 04:03:13,728 | INFO |    ↳ Status 200
2026-08-29 04:03:13,728 | INFO |    ✓ Found 7 movies
2026-08-29 04:03:13,728 | INFO | [1079/1901] Fetching Manikonda (AP) (MNAP)
2026-08-29 04:03:13,872 | INFO |    ↳ Status 403
2026-08-29 04:03:13,872 | WARNING |    ⚠ Blocked (403) retry 3
2026-08-29 04:03:13,931 | INFO | 🌐 Session warmed
2026-08-29 04:03:14,700 | INFO |    ↳ Status 403
2026-08-29 04:03:14,700 | WARNING |    ⚠ Blocked (403) retry 2
2026-08-29 04:03:14,758 | INFO | 🌐 Session warmed
2026-08-29 04:03:15,148 | INFO |    ↳ Status 200
2026-08-29 04:03:15,148 | INFO |    ✓ Found 7 movies
2026-08-29 04:03:15,148 | INFO | [1080/1901] Fetching Manipal (MANI)
2026-08-29 04:03:15,328 | INFO | [1081/1901] Fetching Manjeri (MAJR)
2026-08-29 04:03:16,008 | INFO |    ↳ Status 403
2026-08-29 04:03:16,009 | WARNING |    ⚠ Blocked (403) retry 1
2026-08-29 04:03:16,069 | INFO | 🌐 Session warmed
2026-08-29 04:03:16,314 | INFO |    ↳ Status 200
2026-08-29 04:03:16,315 | INFO |    ✓ Found 3 movies
2026-08-29 04:03:16,315 | INFO | [1082/1901] Fetching Manmad (MNMD)
2026-08-29 04:03:17,619 | INFO |    ↳ Status 200
2026-08-29 04:03:17,619 | INFO |    ✓ Found 5 movies
2026-08-29 04:03:17,620 | INFO | [1083/1901] Fetching Mannargudi (MANB)
2026-08-29 04:03:17,866 | INFO |    ↳ Status 403
2026-08-29 04:03:17,866 | WARNING |    ⚠ Blocked (403) retry 2
2026-08-29 04:03:17,891 | INFO |    ↳ Status 403
2026-08-29 04:03:17,891 | WARNING |    ⚠ Blocked (403) retry 3
2026-08-29 04:03:17,931 | INFO | [1084/1901] Fetching Mannarkkad (MKKA)
2026-08-29 04:03:17,936 | INFO | 🌐 Session warmed
2026-08-29 04:03:17,957 | INFO | 🌐 Session warmed
2026-08-29 04:03:18,803 | INFO |    ↳ Status 200
2026-08-29 04:03:18,803 | INFO |    ✓ Found 7 movies
2026-08-29 04:03:18,803 | INFO | [1085/1901] Fetching Mannur (MANR)
2026-08-29 04:03:18,851 | INFO |    ↳ Status 403
2026-08-29 04:03:18,851 | WARNING |    ⚠ Blocked (403) retry 1
2026-08-29 04:03:18,916 | INFO | 🌐 Session warmed
2026-08-29 04:03:20,228 | INFO |    ↳ Status 200
2026-08-29 04:03:20,229 | INFO |    ✓ Found 8 movies
2026-08-29 04:03:20,229 | INFO | [1086/1901] Fetching Mansa (MNSA)
2026-08-29 04:03:20,786 | INFO |    ↳ Status 403
2026-08-29 04:03:20,786 | WARNING |    ⚠ Blocked (403) retry 3
2026-08-29 04:03:20,848 | INFO | 🌐 Session warmed
2026-08-29 04:03:21,018 | INFO |    ↳ Status 403
2026-08-29 04:03:21,018 | WARNING |    ⚠ Blocked (403) retry 2
2026-08-29 04:03:21,089 | INFO | 🌐 Session warmed
2026-08-29 04:03:21,251 | INFO |    ↳ Status 200
2026-08-29 04:03:21,251 | INFO |    ✓ Found 8 movies
2026-08-29 04:03:21,252 | INFO | [1087/1901] Fetching Manthani (MATY)
2026-08-29 04:03:21,957 | INFO | [1088/1901] Fetching Manuguru (MNGU)
2026-08-29 04:03:22,754 | INFO |    ↳ Status 403
2026-08-29 04:03:22,754 | WARNING |    ⚠ Blocked (403) retry 1
2026-08-29 04:03:22,811 | INFO | 🌐 Session warmed
2026-08-29 04:03:22,928 | INFO |    ↳ Status 200
2026-08-29 04:03:22,928 | INFO |    ✓ Found 8 movies
2026-08-29 04:03:22,928 | INFO | [1089/1901] Fetching Manvi (MLAK)
2026-08-29 04:03:24,145 | INFO |    ↳ Status 403
2026-08-29 04:03:24,145 | WARNING |    ⚠ Blocked (403) retry 3
2026-08-29 04:03:24,207 | INFO | 🌐 Session warmed
2026-08-29 04:03:24,355 | INFO |    ↳ Status 200
2026-08-29 04:03:24,355 | INFO |    ✓ Found 3 movies
2026-08-29 04:03:24,355 | INFO | [1090/1901] Fetching Maraimalai Nagar (MMNR)
2026-08-29 04:03:24,789 | INFO |    ↳ Status 403
2026-08-29 04:03:24,789 | WARNING |    ⚠ Blocked (403) retry 2
2026-08-29 04:03:24,848 | INFO | [1091/1901] Fetching Marayur (MAYR)
2026-08-29 04:03:24,852 | INFO | 🌐 Session warmed
2026-08-29 04:03:25,581 | INFO |    ↳ Status 403
2026-08-29 04:03:25,581 | WARNING |    ⚠ Blocked (403) retry 1
2026-08-29 04:03:25,639 | INFO | 🌐 Session warmed
2026-08-29 04:03:25,723 | INFO |    ↳ Status 200
2026-08-29 04:03:25,723 | INFO |    ✓ Found 7 movies
2026-08-29 04:03:25,723 | INFO | [1092/1901] Fetching Margao (MARG)
2026-08-29 04:03:27,361 | INFO |    ↳ Status 200
2026-08-29 04:03:27,362 | INFO |    ✓ Found 7 movies
2026-08-29 04:03:27,362 | INFO | [1093/1901] Fetching Margherita (MARH)
2026-08-29 04:03:27,590 | INFO |    ↳ Status 403
2026-08-29 04:03:27,590 | WARNING |    ⚠ Blocked (403) retry 3
2026-08-29 04:03:27,652 | INFO | 🌐 Session warmed
2026-08-29 04:03:27,960 | INFO |    ↳ Status 403
2026-08-29 04:03:27,960 | WARNING |    ⚠ Blocked (403) retry 2
2026-08-29 04:03:28,022 | INFO | 🌐 Session warmed
2026-08-29 04:03:28,207 | INFO | [1094/1901] Fetching Markapur (MARK)
2026-08-29 04:03:28,870 | INFO |    ↳ Status 403
2026-08-29 04:03:28,870 | WARNING |    ⚠ Blocked (403) retry 1
2026-08-29 04:03:28,926 | INFO | 🌐 Session warmed
2026-08-29 04:03:29,005 | INFO |    ↳ Status 200
2026-08-29 04:03:29,005 | INFO |    ✓ Found 8 movies
2026-08-29 04:03:29,006 | INFO | [1095/1901] Fetching Marpalle (MRPL)
2026-08-29 04:03:30,059 | INFO |    ↳ Status 200
2026-08-29 04:03:30,059 | INFO |    ✓ Found 8 movies
2026-08-29 04:03:30,059 | INFO | [1096/1901] Fetching Marripeda (MARR)
2026-08-29 04:03:30,667 | INFO |    ↳ Status 403
2026-08-29 04:03:30,667 | WARNING |    ⚠ Blocked (403) retry 2
2026-08-29 04:03:30,670 | INFO |    ↳ Status 403
2026-08-29 04:03:30,670 | WARNING |    ⚠ Blocked (403) retry 3
2026-08-29 04:03:30,751 | INFO | 🌐 Session warmed
2026-08-29 04:03:30,752 | INFO | 🌐 Session warmed
2026-08-29 04:03:31,444 | INFO |    ↳ Status 200
2026-08-29 04:03:31,444 | INFO |    ✓ Found 7 movies
2026-08-29 04:03:31,444 | INFO | [1097/1901] Fetching Marthandam (MRDM)
2026-08-29 04:03:31,652 | INFO | [1098/1901] Fetching Martur (MART)
2026-08-29 04:03:32,610 | INFO |    ↳ Status 200
2026-08-29 04:03:32,610 | INFO |    ✓ Found 7 movies
2026-08-29 04:03:32,610 | INFO | [1099/1901] Fetching Maslandapur (MASL)
2026-08-29 04:03:33,003 | INFO |    ↳ Status 403
2026-08-29 04:03:33,003 | WARNING |    ⚠ Blocked (403) retry 1
2026-08-29 04:03:33,069 | INFO | 🌐 Session warmed
2026-08-29 04:03:33,452 | INFO |    ↳ Status 403
2026-08-29 04:03:33,452 | WARNING |    ⚠ Blocked (403) retry 3
2026-08-29 04:03:33,505 | INFO | 🌐 Session warmed
2026-08-29 04:03:34,260 | INFO |    ↳ Status 200
2026-08-29 04:03:34,260 | INFO |    ✓ Found 8 movies
2026-08-29 04:03:34,260 | INFO | [1100/1901] Fetching Math Chandipur (MPUR)
2026-08-29 04:03:34,753 | INFO | [1101/1901] Fetching Mathabhanga (MABH)
2026-08-29 04:03:35,258 | INFO |    ↳ Status 200
2026-08-29 04:03:35,258 | INFO |    ✓ Found 8 movies
2026-08-29 04:03:35,258 | INFO | [1102/1901] Fetching Mathura (MATH)
2026-08-29 04:03:35,406 | INFO |    ↳ Status 403
2026-08-29 04:03:35,406 | WARNING |    ⚠ Blocked (403) retry 2
2026-08-29 04:03:35,465 | INFO | 🌐 Session warmed
2026-08-29 04:03:35,502 | INFO |    ↳ Status 403
2026-08-29 04:03:35,502 | WARNING |    ⚠ Blocked (403) retry 1
2026-08-29 04:03:35,558 | INFO | 🌐 Session warmed
2026-08-29 04:03:36,661 | INFO |    ↳ Status 200
2026-08-29 04:03:36,661 | INFO |    ✓ Found 6 movies
2026-08-29 04:03:36,662 | INFO | [1103/1901] Fetching Mattannur (MATT)
2026-08-29 04:03:37,184 | INFO |    ↳ Status 403
2026-08-29 04:03:37,184 | WARNING |    ⚠ Blocked (403) retry 2
2026-08-29 04:03:37,245 | INFO | 🌐 Session warmed
2026-08-29 04:03:37,506 | INFO | [1104/1901] Fetching Mau (MAAU)
2026-08-29 04:03:38,177 | INFO |    ↳ Status 200
2026-08-29 04:03:38,177 | INFO |    ✓ Found 8 movies
2026-08-29 04:03:38,177 | INFO | [1105/1901] Fetching Mavelikkara (MVLR)
2026-08-29 04:03:38,315 | INFO |    ↳ Status 403
2026-08-29 04:03:38,315 | WARNING |    ⚠ Blocked (403) retry 1
2026-08-29 04:03:38,375 | INFO | 🌐 Session warmed
2026-08-29 04:03:38,394 | INFO |    ↳ Status 403
2026-08-29 04:03:38,394 | WARNING |    ⚠ Blocked (403) retry 3
2026-08-29 04:03:38,453 | INFO | 🌐 Session warmed
2026-08-29 04:03:39,060 | INFO |    ↳ Status 200
2026-08-29 04:03:39,060 | INFO |    ✓ Found 8 movies
2026-08-29 04:03:39,060 | INFO | [1106/1901] Fetching Mayannur (MAYA)
2026-08-29 04:03:40,069 | INFO |    ↳ Status 200
2026-08-29 04:03:40,069 | INFO |    ✓ Found 8 movies
2026-08-29 04:03:40,069 | INFO | [1107/1901] Fetching Mayiladuthurai (MAYI)
2026-08-29 04:03:40,160 | INFO |    ↳ Status 403
2026-08-29 04:03:40,160 | WARNING |    ⚠ Blocked (403) retry 2
2026-08-29 04:03:40,220 | INFO | 🌐 Session warmed
2026-08-29 04:03:40,534 | INFO |    ↳ Status 403
2026-08-29 04:03:40,534 | WARNING |    ⚠ Blocked (403) retry 3
2026-08-29 04:03:40,598 | INFO | 🌐 Session warmed
2026-08-29 04:03:41,155 | INFO |    ↳ Status 200
2026-08-29 04:03:41,155 | INFO |    ✓ Found 8 movies
2026-08-29 04:03:41,155 | INFO | [1108/1901] Fetching Medak (MDAK)
2026-08-29 04:03:42,454 | INFO | [1109/1901] Fetching Medarametla (MDRM)
2026-08-29 04:03:42,892 | INFO |    ↳ Status 403
2026-08-29 04:03:42,892 | WARNING |    ⚠ Blocked (403) retry 3
2026-08-29 04:03:42,951 | INFO | 🌐 Session warmed
2026-08-29 04:03:43,036 | INFO |    ↳ Status 200
2026-08-29 04:03:43,036 | INFO |    ✓ Found 7 movies
2026-08-29 04:03:43,036 | INFO | [1110/1901] Fetching Medchal (MDCH)
2026-08-29 04:03:43,612 | INFO |    ↳ Status 403
2026-08-29 04:03:43,612 | WARNING |    ⚠ Blocked (403) retry 1
2026-08-29 04:03:43,672 | INFO | 🌐 Session warmed
2026-08-29 04:03:44,064 | INFO |    ↳ Status 200
2026-08-29 04:03:44,064 | INFO |    ✓ Found 7 movies
2026-08-29 04:03:44,064 | INFO | [1111/1901] Fetching Medininagar (FFF)
2026-08-29 04:03:44,598 | INFO | [1112/1901] Fetching Meerut (MERT)
2026-08-29 04:03:45,247 | INFO |    ↳ Status 200
2026-08-29 04:03:45,248 | INFO |    ✓ Found 8 movies
2026-08-29 04:03:45,248 | INFO | [1113/1901] Fetching Mehkar (MEHK)
2026-08-29 04:03:45,329 | INFO |    ↳ Status 403
2026-08-29 04:03:45,329 | WARNING |    ⚠ Blocked (403) retry 2
2026-08-29 04:03:45,351 | INFO |    ↳ Status 403
2026-08-29 04:03:45,352 | WARNING |    ⚠ Blocked (403) retry 1
2026-08-29 04:03:45,399 | INFO | 🌐 Session warmed
2026-08-29 04:03:45,418 | INFO | 🌐 Session warmed
2026-08-29 04:03:46,951 | INFO | [1114/1901] Fetching Mehsana (MEHS)
2026-08-29 04:03:47,293 | INFO |    ↳ Status 200
2026-08-29 04:03:47,293 | INFO |    ✓ Found 8 movies
2026-08-29 04:03:47,293 | INFO | [1115/1901] Fetching Melattur (MELA)
2026-08-29 04:03:47,695 | INFO |    ↳ Status 403
2026-08-29 04:03:47,695 | WARNING |    ⚠ Blocked (403) retry 2
2026-08-29 04:03:47,750 | INFO | 🌐 Session warmed
2026-08-29 04:03:47,910 | INFO |    ↳ Status 403
2026-08-29 04:03:47,910 | WARNING |    ⚠ Blocked (403) retry 1
2026-08-29 04:03:47,968 | INFO | 🌐 Session warmed
2026-08-29 04:03:48,420 | INFO |    ↳ Status 200
2026-08-29 04:03:48,420 | INFO |    ✓ Found 8 movies
2026-08-29 04:03:48,420 | INFO | [1116/1901] Fetching Melli (MELL)
2026-08-29 04:03:48,438 | INFO |    ↳ Status 403
2026-08-29 04:03:48,438 | WARNING |    ⚠ Blocked (403) retry 3
2026-08-29 04:03:48,496 | INFO | 🌐 Session warmed
2026-08-29 04:03:50,024 | INFO |    ↳ Status 200
2026-08-29 04:03:50,024 | INFO |    ✓ Found 8 movies
2026-08-29 04:03:50,025 | INFO | [1117/1901] Fetching Memari (MMRR)
2026-08-29 04:03:50,350 | INFO |    ↳ Status 403
2026-08-29 04:03:50,350 | WARNING |    ⚠ Blocked (403) retry 2
2026-08-29 04:03:50,407 | INFO | 🌐 Session warmed
2026-08-29 04:03:51,049 | INFO |    ↳ Status 403
2026-08-29 04:03:51,049 | WARNING |    ⚠ Blocked (403) retry 3
2026-08-29 04:03:51,108 | INFO | 🌐 Session warmed
2026-08-29 04:03:51,519 | INFO |    ↳ Status 200
2026-08-29 04:03:51,519 | INFO |    ✓ Found 8 movies
2026-08-29 04:03:51,519 | INFO | [1118/1901] Fetching Metpally (METT)
2026-08-29 04:03:52,496 | INFO | [1119/1901] Fetching Mettuppalayam (MTPM)
2026-08-29 04:03:53,083 | INFO |    ↳ Status 200
2026-08-29 04:03:53,083 | INFO |    ✓ Found 7 movies
2026-08-29 04:03:53,084 | INFO | [1120/1901] Fetching Mettur (METZ)
2026-08-29 04:03:53,153 | INFO |    ↳ Status 403
2026-08-29 04:03:53,153 | WARNING |    ⚠ Blocked (403) retry 1
2026-08-29 04:03:53,216 | INFO | 🌐 Session warmed
2026-08-29 04:03:53,534 | INFO |    ↳ Status 403
2026-08-29 04:03:53,534 | WARNING |    ⚠ Blocked (403) retry 3
2026-08-29 04:03:53,597 | INFO | 🌐 Session warmed
2026-08-29 04:03:54,191 | INFO |    ↳ Status 200
2026-08-29 04:03:54,191 | INFO |    ✓ Found 8 movies
2026-08-29 04:03:54,191 | INFO | [1121/1901] Fetching Mhow (MHOW)
2026-08-29 04:03:54,895 | INFO |    ↳ Status 403
2026-08-29 04:03:54,895 | WARNING |    ⚠ Blocked (403) retry 2
2026-08-29 04:03:54,954 | INFO | 🌐 Session warmed
2026-08-29 04:03:55,109 | INFO | [1122/1901] Fetching Midnapore (MDIP)
2026-08-29 04:03:55,657 | INFO |    ↳ Status 200
2026-08-29 04:03:55,657 | INFO |    ✓ Found 7 movies
2026-08-29 04:03:55,657 | INFO | [1123/1901] Fetching Miraj (MIRJ)
2026-08-29 04:03:56,062 | INFO |    ↳ Status 403
2026-08-29 04:03:56,062 | WARNING |    ⚠ Blocked (403) retry 1
2026-08-29 04:03:56,125 | INFO | 🌐 Session warmed
2026-08-29 04:03:56,577 | INFO |    ↳ Status 200
2026-08-29 04:03:56,577 | INFO |    ✓ Found 5 movies
2026-08-29 04:03:56,577 | INFO | [1124/1901] Fetching Mirganj (MRGJ)
2026-08-29 04:03:57,494 | INFO |    ↳ Status 200
2026-08-29 04:03:57,494 | INFO |    ✓ Found 8 movies
2026-08-29 04:03:57,495 | INFO | [1125/1901] Fetching Miryalaguda (MRGD)
2026-08-29 04:03:57,597 | INFO | [1126/1901] Fetching Mirzapur (MIZP)
2026-08-29 04:03:57,836 | INFO |    ↳ Status 403
2026-08-29 04:03:57,836 | WARNING |    ⚠ Blocked (403) retry 2
2026-08-29 04:03:57,901 | INFO | 🌐 Session warmed
2026-08-29 04:03:58,308 | INFO |    ↳ Status 403
2026-08-29 04:03:58,308 | WARNING |    ⚠ Blocked (403) retry 3
2026-08-29 04:03:58,365 | INFO | 🌐 Session warmed
2026-08-29 04:03:58,804 | INFO |    ↳ Status 403
2026-08-29 04:03:58,804 | WARNING |    ⚠ Blocked (403) retry 1
2026-08-29 04:03:58,866 | INFO | 🌐 Session warmed
2026-08-29 04:03:59,227 | INFO |    ↳ Status 200
2026-08-29 04:03:59,228 | INFO |    ✓ Found 7 movies
2026-08-29 04:03:59,228 | INFO | [1127/1901] Fetching Moga (MOGA)
2026-08-29 04:04:00,226 | INFO |    ↳ Status 200
2026-08-29 04:04:00,226 | INFO |    ✓ Found 8 movies
2026-08-29 04:04:00,226 | INFO | [1128/1901] Fetching Mohali (MOHL)
2026-08-29 04:04:00,609 | INFO |    ↳ Status 403
2026-08-29 04:04:00,609 | WARNING |    ⚠ Blocked (403) retry 3
2026-08-29 04:04:00,664 | INFO | 🌐 Session warmed
2026-08-29 04:04:00,906 | INFO |    ↳ Status 403
2026-08-29 04:04:00,907 | WARNING |    ⚠ Blocked (403) retry 2
2026-08-29 04:04:00,964 | INFO | 🌐 Session warmed
2026-08-29 04:04:01,925 | INFO |    ↳ Status 200
2026-08-29 04:04:01,925 | INFO |    ✓ Found 8 movies
2026-08-29 04:04:01,925 | INFO | [1129/1901] Fetching Mokama (MOKA)
2026-08-29 04:04:02,365 | INFO | [1130/1901] Fetching Molakalmuru (MOLA)
2026-08-29 04:04:02,918 | INFO |    ↳ Status 200
2026-08-29 04:04:02,918 | INFO |    ✓ Found 8 movies
2026-08-29 04:04:02,918 | INFO | [1131/1901] Fetching Mominpet (MOMT)
2026-08-29 04:04:03,584 | INFO |    ↳ Status 403
2026-08-29 04:04:03,584 | WARNING |    ⚠ Blocked (403) retry 1
2026-08-29 04:04:03,659 | INFO | 🌐 Session warmed
2026-08-29 04:04:03,672 | INFO |    ↳ Status 403
2026-08-29 04:04:03,672 | WARNING |    ⚠ Blocked (403) retry 3
2026-08-29 04:04:03,739 | INFO | 🌐 Session warmed
2026-08-29 04:04:03,921 | INFO |    ↳ Status 200
2026-08-29 04:04:03,921 | INFO |    ✓ Found 7 movies
2026-08-29 04:04:03,921 | INFO | [1132/1901] Fetching Moodbidri (MOOD)
2026-08-29 04:04:04,665 | INFO | [1133/1901] Fetching Moradabad (MORA)
2026-08-29 04:04:05,104 | INFO |    ↳ Status 200
2026-08-29 04:04:05,104 | INFO |    ✓ Found 3 movies
2026-08-29 04:04:05,104 | INFO | [1134/1901] Fetching Moranhat (MORH)
2026-08-29 04:04:05,745 | INFO |    ↳ Status 403
2026-08-29 04:04:05,745 | WARNING |    ⚠ Blocked (403) retry 1
2026-08-29 04:04:05,805 | INFO | 🌐 Session warmed
2026-08-29 04:04:05,834 | INFO |    ↳ Status 403
2026-08-29 04:04:05,835 | WARNING |    ⚠ Blocked (403) retry 2
2026-08-29 04:04:05,917 | INFO | 🌐 Session warmed
2026-08-29 04:04:06,164 | INFO |    ↳ Status 200
2026-08-29 04:04:06,164 | INFO |    ✓ Found 8 movies
2026-08-29 04:04:06,164 | INFO | [1135/1901] Fetching Morbi (MOBI)
2026-08-29 04:04:07,537 | INFO |    ↳ Status 200
2026-08-29 04:04:07,537 | INFO |    ✓ Found 8 movies
2026-08-29 04:04:07,537 | INFO | [1136/1901] Fetching Morena (MRMP)
2026-08-29 04:04:07,739 | INFO | [1137/1901] Fetching Morigaon (MRGO)
2026-08-29 04:04:07,972 | INFO |    ↳ Status 403
2026-08-29 04:04:07,972 | WARNING |    ⚠ Blocked (403) retry 2
2026-08-29 04:04:08,028 | INFO | 🌐 Session warmed
2026-08-29 04:04:08,503 | INFO |    ↳ Status 200
2026-08-29 04:04:08,504 | INFO |    ✓ Found 7 movies
2026-08-29 04:04:08,504 | INFO | [1138/1901] Fetching Morinda (MORI)
2026-08-29 04:04:08,604 | INFO |    ↳ Status 403
2026-08-29 04:04:08,604 | WARNING |    ⚠ Blocked (403) retry 1
2026-08-29 04:04:08,678 | INFO | 🌐 Session warmed
2026-08-29 04:04:09,072 | INFO |    ↳ Status 403
2026-08-29 04:04:09,072 | WARNING |    ⚠ Blocked (403) retry 3
2026-08-29 04:04:09,131 | INFO | 🌐 Session warmed
2026-08-29 04:04:09,914 | INFO |    ↳ Status 200
2026-08-29 04:04:09,914 | INFO |    ✓ Found 8 movies
2026-08-29 04:04:09,914 | INFO | [1139/1901] Fetching Mothkur (MTKR)
2026-08-29 04:04:10,341 | INFO |    ↳ Status 403
2026-08-29 04:04:10,341 | WARNING |    ⚠ Blocked (403) retry 2
2026-08-29 04:04:10,397 | INFO | 🌐 Session warmed
2026-08-29 04:04:10,820 | INFO |    ↳ Status 200
2026-08-29 04:04:10,820 | INFO |    ✓ Found 8 movies
2026-08-29 04:04:10,820 | INFO | [1140/1901] Fetching Motihari (MOTI)
2026-08-29 04:04:10,997 | INFO |    ↳ Status 403
2026-08-29 04:04:10,997 | WARNING |    ⚠ Blocked (403) retry 3
2026-08-29 04:04:11,067 | INFO | 🌐 Session warmed
2026-08-29 04:04:11,760 | INFO |    ↳ Status 200
2026-08-29 04:04:11,760 | INFO |    ✓ Found 7 movies
2026-08-29 04:04:11,760 | INFO | [1141/1901] Fetching Moyna (MAYN)
2026-08-29 04:04:13,087 | INFO |    ↳ Status 200
2026-08-29 04:04:13,088 | INFO |    ✓ Found 8 movies
2026-08-29 04:04:13,088 | INFO | [1142/1901] Fetching Mudalagi (MUDG)
2026-08-29 04:04:13,131 | INFO | [1143/1901] Fetching Muddebihal (MUDD)
2026-08-29 04:04:13,356 | INFO |    ↳ Status 403
2026-08-29 04:04:13,356 | WARNING |    ⚠ Blocked (403) retry 3
2026-08-29 04:04:13,413 | INFO | 🌐 Session warmed
2026-08-29 04:04:14,202 | INFO |    ↳ Status 200
2026-08-29 04:04:14,202 | INFO |    ✓ Found 3 movies
2026-08-29 04:04:14,202 | INFO | [1144/1901] Fetching Mudhol (MUDL)
2026-08-29 04:04:14,349 | INFO |    ↳ Status 403
2026-08-29 04:04:14,349 | WARNING |    ⚠ Blocked (403) retry 1
2026-08-29 04:04:14,407 | INFO | 🌐 Session warmed
2026-08-29 04:04:15,068 | INFO | [1145/1901] Fetching Mudigere (MDGR)
2026-08-29 04:04:15,319 | INFO |    ↳ Status 200
2026-08-29 04:04:15,319 | INFO |    ✓ Found 3 movies
2026-08-29 04:04:15,320 | INFO | [1146/1901] Fetching Mughalsarai (MGSI)
2026-08-29 04:04:15,995 | INFO |    ↳ Status 403
2026-08-29 04:04:15,995 | WARNING |    ⚠ Blocked (403) retry 1
2026-08-29 04:04:16,055 | INFO | 🌐 Session warmed
2026-08-29 04:04:16,388 | INFO |    ↳ Status 403
2026-08-29 04:04:16,388 | WARNING |    ⚠ Blocked (403) retry 2
2026-08-29 04:04:16,441 | INFO |    ↳ Status 200
2026-08-29 04:04:16,442 | INFO |    ✓ Found 6 movies
2026-08-29 04:04:16,442 | INFO | [1147/1901] Fetching Mukerian (MUKE)
2026-08-29 04:04:16,446 | INFO | 🌐 Session warmed
2026-08-29 04:04:17,413 | INFO | [1148/1901] Fetching Mukkam (MUKM)
2026-08-29 04:04:18,012 | INFO |    ↳ Status 403
2026-08-29 04:04:18,012 | WARNING |    ⚠ Blocked (403) retry 2
2026-08-29 04:04:18,015 | INFO |    ↳ Status 200
2026-08-29 04:04:18,015 | INFO |    ✓ Found 8 movies
2026-08-29 04:04:18,015 | INFO | [1149/1901] Fetching Muktsar (MKST)
2026-08-29 04:04:18,068 | INFO | 🌐 Session warmed
2026-08-29 04:04:18,486 | INFO |    ↳ Status 403
2026-08-29 04:04:18,487 | WARNING |    ⚠ Blocked (403) retry 1
2026-08-29 04:04:18,543 | INFO | 🌐 Session warmed
2026-08-29 04:04:19,080 | INFO |    ↳ Status 200
2026-08-29 04:04:19,080 | INFO |    ✓ Found 8 movies
2026-08-29 04:04:19,080 | INFO | [1150/1901] Fetching Mulbagal (MULB)
2026-08-29 04:04:19,466 | INFO |    ↳ Status 403
2026-08-29 04:04:19,466 | WARNING |    ⚠ Blocked (403) retry 3
2026-08-29 04:04:19,526 | INFO | 🌐 Session warmed
2026-08-29 04:04:20,618 | INFO |    ↳ Status 200
2026-08-29 04:04:20,619 | INFO |    ✓ Found 3 movies
2026-08-29 04:04:20,619 | INFO | [1151/1901] Fetching Mulkanoor (MULK)
2026-08-29 04:04:20,847 | INFO |    ↳ Status 403
2026-08-29 04:04:20,848 | WARNING |    ⚠ Blocked (403) retry 2
2026-08-29 04:04:20,909 | INFO | 🌐 Session warmed
2026-08-29 04:04:21,433 | INFO |    ↳ Status 403
2026-08-29 04:04:21,434 | WARNING |    ⚠ Blocked (403) retry 3
2026-08-29 04:04:21,493 | INFO | 🌐 Session warmed
2026-08-29 04:04:21,732 | INFO |    ↳ Status 200
2026-08-29 04:04:21,732 | INFO |    ✓ Found 7 movies
2026-08-29 04:04:21,733 | INFO | [1152/1901] Fetching Mullanpur (MULL)
2026-08-29 04:04:23,526 | INFO | [1153/1901] Fetching Mulleria (MULZ)
2026-08-29 04:04:23,567 | INFO |    ↳ Status 200
2026-08-29 04:04:23,567 | INFO |    ✓ Found 8 movies
2026-08-29 04:04:23,567 | INFO | [1154/1901] Fetching Mulugu (MULU)
2026-08-29 04:04:23,970 | INFO |    ↳ Status 403
2026-08-29 04:04:23,970 | WARNING |    ⚠ Blocked (403) retry 3
2026-08-29 04:04:24,028 | INFO | 🌐 Session warmed
2026-08-29 04:04:24,835 | INFO |    ↳ Status 403
2026-08-29 04:04:24,835 | WARNING |    ⚠ Blocked (403) retry 1
2026-08-29 04:04:24,906 | INFO | 🌐 Session warmed
2026-08-29 04:04:25,019 | INFO |    ↳ Status 200
2026-08-29 04:04:25,019 | INFO |    ✓ Found 7 movies
2026-08-29 04:04:25,019 | INFO | [1155/1901] Fetching Mulugu Ghanpur (GHNP)
2026-08-29 04:04:25,493 | INFO | [1156/1901] Fetching Mummidivaram (MUMM)
2026-08-29 04:04:26,278 | INFO |    ↳ Status 200
2026-08-29 04:04:26,279 | INFO |    ✓ Found 7 movies
2026-08-29 04:04:26,279 | INFO | [1157/1901] Fetching Mundakayam (MUAM)
2026-08-29 04:04:26,727 | INFO |    ↳ Status 403
2026-08-29 04:04:26,727 | WARNING |    ⚠ Blocked (403) retry 1
2026-08-29 04:04:26,786 | INFO | 🌐 Session warmed
2026-08-29 04:04:27,116 | INFO |    ↳ Status 403
2026-08-29 04:04:27,116 | WARNING |    ⚠ Blocked (403) retry 2
2026-08-29 04:04:27,173 | INFO | 🌐 Session warmed
2026-08-29 04:04:27,598 | INFO |    ↳ Status 200
2026-08-29 04:04:27,598 | INFO |    ✓ Found 8 movies
2026-08-29 04:04:27,598 | INFO | [1158/1901] Fetching Mundargi (MNDR)
2026-08-29 04:04:28,028 | INFO | [1159/1901] Fetching Mundra (MUDA)
2026-08-29 04:04:28,639 | INFO |    ↳ Status 200
2026-08-29 04:04:28,639 | INFO |    ✓ Found 8 movies
2026-08-29 04:04:28,639 | INFO | [1160/1901] Fetching Mungra Badshahpur (BDPR)
2026-08-29 04:04:28,933 | INFO |    ↳ Status 403
2026-08-29 04:04:28,933 | WARNING |    ⚠ Blocked (403) retry 2
2026-08-29 04:04:28,991 | INFO | 🌐 Session warmed
2026-08-29 04:04:29,060 | INFO |    ↳ Status 403
2026-08-29 04:04:29,060 | WARNING |    ⚠ Blocked (403) retry 1
2026-08-29 04:04:29,130 | INFO | 🌐 Session warmed
2026-08-29 04:04:30,253 | INFO |    ↳ Status 403
2026-08-29 04:04:30,253 | WARNING |    ⚠ Blocked (403) retry 3
2026-08-29 04:04:30,313 | INFO | 🌐 Session warmed
2026-08-29 04:04:30,512 | INFO |    ↳ Status 200
2026-08-29 04:04:30,512 | INFO |    ✓ Found 6 movies
2026-08-29 04:04:30,512 | INFO | [1161/1901] Fetching Muniguda (MUNI)
2026-08-29 04:04:31,071 | INFO |    ↳ Status 403
2026-08-29 04:04:31,071 | WARNING |    ⚠ Blocked (403) retry 2
2026-08-29 04:04:31,126 | INFO | 🌐 Session warmed
2026-08-29 04:04:31,861 | INFO |    ↳ Status 200
2026-08-29 04:04:31,861 | INFO |    ✓ Found 8 movies
2026-08-29 04:04:31,861 | INFO | [1162/1901] Fetching Muradnagar (MRDG)
2026-08-29 04:04:31,941 | INFO |    ↳ Status 403
2026-08-29 04:04:31,941 | WARNING |    ⚠ Blocked (403) retry 3
2026-08-29 04:04:32,006 | INFO | 🌐 Session warmed
2026-08-29 04:04:33,179 | INFO |    ↳ Status 200
2026-08-29 04:04:33,180 | INFO |    ✓ Found 6 movies
2026-08-29 04:04:33,180 | INFO | [1163/1901] Fetching Murshidabad (MURS)
2026-08-29 04:04:33,763 | INFO |    ↳ Status 403
2026-08-29 04:04:33,763 | WARNING |    ⚠ Blocked (403) retry 3
2026-08-29 04:04:33,826 | INFO | 🌐 Session warmed
2026-08-29 04:04:34,313 | INFO | [1164/1901] Fetching Murtizapur (MUUR)
2026-08-29 04:04:35,425 | INFO |    ↳ Status 403
2026-08-29 04:04:35,425 | WARNING |    ⚠ Blocked (403) retry 1
2026-08-29 04:04:35,484 | INFO | 🌐 Session warmed
2026-08-29 04:04:35,560 | INFO |    ↳ Status 200
2026-08-29 04:04:35,560 | INFO |    ✓ Found 8 movies
2026-08-29 04:04:35,560 | INFO | [1165/1901] Fetching Musiri (MUSI)
2026-08-29 04:04:36,006 | INFO | [1166/1901] Fetching Mussoorie (MSS)
2026-08-29 04:04:36,917 | INFO |    ↳ Status 200
2026-08-29 04:04:36,917 | INFO |    ✓ Found 7 movies
2026-08-29 04:04:36,917 | INFO | [1167/1901] Fetching Muvattupuzha (MUVA)
2026-08-29 04:04:36,936 | INFO |    ↳ Status 403
2026-08-29 04:04:36,936 | WARNING |    ⚠ Blocked (403) retry 1
2026-08-29 04:04:37,003 | INFO | 🌐 Session warmed
2026-08-29 04:04:37,328 | INFO |    ↳ Status 403
2026-08-29 04:04:37,328 | WARNING |    ⚠ Blocked (403) retry 2
2026-08-29 04:04:37,385 | INFO | 🌐 Session warmed
2026-08-29 04:04:37,826 | INFO | [1168/1901] Fetching Muzaffarnagar (MUZ)
2026-08-29 04:04:39,208 | INFO |    ↳ Status 403
2026-08-29 04:04:39,209 | WARNING |    ⚠ Blocked (403) retry 1
2026-08-29 04:04:39,209 | INFO |    ↳ Status 403
2026-08-29 04:04:39,209 | WARNING |    ⚠ Blocked (403) retry 2
2026-08-29 04:04:39,289 | INFO | 🌐 Session warmed
2026-08-29 04:04:39,289 | INFO | 🌐 Session warmed
2026-08-29 04:04:39,782 | INFO |    ↳ Status 200
2026-08-29 04:04:39,782 | INFO |    ✓ Found 8 movies
2026-08-29 04:04:39,782 | INFO | [1169/1901] Fetching Muzaffarpur (MUZA)
2026-08-29 04:04:40,468 | INFO |    ↳ Status 403
2026-08-29 04:04:40,468 | WARNING |    ⚠ Blocked (403) retry 3
2026-08-29 04:04:40,526 | INFO | 🌐 Session warmed
2026-08-29 04:04:41,193 | INFO |    ↳ Status 403
2026-08-29 04:04:41,193 | WARNING |    ⚠ Blocked (403) retry 2
2026-08-29 04:04:41,252 | INFO | 🌐 Session warmed
2026-08-29 04:04:41,455 | INFO |    ↳ Status 200
2026-08-29 04:04:41,455 | INFO |    ✓ Found 7 movies
2026-08-29 04:04:41,455 | INFO | [1170/1901] Fetching Mydukur (MYDU)
2026-08-29 04:04:42,502 | INFO |    ↳ Status 200
2026-08-29 04:04:42,502 | INFO |    ✓ Found 7 movies
2026-08-29 04:04:42,503 | INFO | [1171/1901] Fetching Mylavaram (MYLA)
2026-08-29 04:04:42,628 | INFO |    ↳ Status 403
2026-08-29 04:04:42,628 | WARNING |    ⚠ Blocked (403) retry 3
2026-08-29 04:04:42,687 | INFO | 🌐 Session warmed
2026-08-29 04:04:43,509 | INFO |    ↳ Status 200
2026-08-29 04:04:43,509 | INFO |    ✓ Found 7 movies
2026-08-29 04:04:43,509 | INFO | [1172/1901] Fetching Mysuru (Mysore) (MYS)
2026-08-29 04:04:44,527 | INFO | [1173/1901] Fetching Nabadwip (NABB)
2026-08-29 04:04:44,593 | INFO |    ↳ Status 403
2026-08-29 04:04:44,593 | WARNING |    ⚠ Blocked (403) retry 3
2026-08-29 04:04:44,653 | INFO | 🌐 Session warmed
2026-08-29 04:04:45,012 | INFO |    ↳ Status 200
2026-08-29 04:04:45,012 | INFO |    ✓ Found 3 movies
2026-08-29 04:04:45,013 | INFO | [1174/1901] Fetching Nabarangpur (NAGU)
2026-08-29 04:04:45,526 | INFO |    ↳ Status 403
2026-08-29 04:04:45,526 | WARNING |    ⚠ Blocked (403) retry 1
2026-08-29 04:04:45,583 | INFO | 🌐 Session warmed
2026-08-29 04:04:46,232 | INFO |    ↳ Status 200
2026-08-29 04:04:46,233 | INFO |    ✓ Found 8 movies
2026-08-29 04:04:46,233 | INFO | [1175/1901] Fetching Nabha (NABH)
2026-08-29 04:04:46,687 | INFO | [1176/1901] Fetching Nadia (NDWB)
2026-08-29 04:04:47,698 | INFO |    ↳ Status 403
2026-08-29 04:04:47,698 | WARNING |    ⚠ Blocked (403) retry 2
2026-08-29 04:04:47,753 | INFO | 🌐 Session warmed
2026-08-29 04:04:47,802 | INFO |    ↳ Status 200
2026-08-29 04:04:47,802 | INFO |    ✓ Found 8 movies
2026-08-29 04:04:47,802 | INFO | [1177/1901] Fetching Nadiad (NADI)
2026-08-29 04:04:47,838 | INFO |    ↳ Status 403
2026-08-29 04:04:47,838 | WARNING |    ⚠ Blocked (403) retry 1
2026-08-29 04:04:47,898 | INFO | 🌐 Session warmed
2026-08-29 04:04:48,653 | INFO | [1178/1901] Fetching Nagamangala (NAGA)
2026-08-29 04:04:49,387 | INFO |    ↳ Status 200
2026-08-29 04:04:49,387 | INFO |    ✓ Found 8 movies
2026-08-29 04:04:49,387 | INFO | [1179/1901] Fetching Nagaon (NAAM)
2026-08-29 04:04:50,036 | INFO |    ↳ Status 403
2026-08-29 04:04:50,037 | WARNING |    ⚠ Blocked (403) retry 1
2026-08-29 04:04:50,094 | INFO | 🌐 Session warmed
2026-08-29 04:04:50,272 | INFO |    ↳ Status 403
2026-08-29 04:04:50,272 | WARNING |    ⚠ Blocked (403) retry 2
2026-08-29 04:04:50,330 | INFO | 🌐 Session warmed
2026-08-29 04:04:50,850 | INFO |    ↳ Status 200
2026-08-29 04:04:50,850 | INFO |    ✓ Found 8 movies
2026-08-29 04:04:50,851 | INFO | [1180/1901] Fetching Nagapattinam (NGPT)
2026-08-29 04:04:51,010 | INFO |    ↳ Status 403
2026-08-29 04:04:51,010 | WARNING |    ⚠ Blocked (403) retry 3
2026-08-29 04:04:51,071 | INFO | 🌐 Session warmed
2026-08-29 04:04:51,869 | INFO |    ↳ Status 403
2026-08-29 04:04:51,869 | WARNING |    ⚠ Blocked (403) retry 2
2026-08-29 04:04:51,939 | INFO | 🌐 Session warmed
2026-08-29 04:04:51,996 | INFO |    ↳ Status 200
2026-08-29 04:04:51,996 | INFO |    ✓ Found 7 movies
2026-08-29 04:04:51,996 | INFO | [1181/1901] Fetching Nagari (NAGI)
2026-08-29 04:04:53,624 | INFO |    ↳ Status 403
2026-08-29 04:04:53,624 | WARNING |    ⚠ Blocked (403) retry 3
2026-08-29 04:04:53,632 | INFO |    ↳ Status 200
2026-08-29 04:04:53,632 | INFO |    ✓ Found 7 movies
2026-08-29 04:04:53,632 | INFO | [1182/1901] Fetching Nagarkurnool (NGKL)
2026-08-29 04:04:55,072 | INFO | [1183/1901] Fetching Nagaur (NAGR)
2026-08-29 04:04:55,108 | INFO |    ↳ Status 403
2026-08-29 04:04:55,108 | WARNING |    ⚠ Blocked (403) retry 3
2026-08-29 04:04:55,169 | INFO | 🌐 Session warmed
2026-08-29 04:04:55,228 | INFO |    ↳ Status 200
2026-08-29 04:04:55,228 | INFO |    ✓ Found 7 movies
2026-08-29 04:04:55,228 | INFO | [1184/1901] Fetching Nagayalanka (NYLK)
2026-08-29 04:04:56,083 | INFO |    ↳ Status 403
2026-08-29 04:04:56,083 | WARNING |    ⚠ Blocked (403) retry 1
2026-08-29 04:04:56,158 | INFO | 🌐 Session warmed
2026-08-29 04:04:56,394 | INFO |    ↳ Status 200
2026-08-29 04:04:56,394 | INFO |    ✓ Found 7 movies
2026-08-29 04:04:56,394 | INFO | [1185/1901] Fetching Nagda (NAGD)
2026-08-29 04:04:57,434 | INFO |    ↳ Status 200
2026-08-29 04:04:57,434 | INFO |    ✓ Found 7 movies
2026-08-29 04:04:57,434 | INFO | [1186/1901] Fetching Nagercoil (NAGE)
2026-08-29 04:04:57,812 | INFO |    ↳ Status 403
2026-08-29 04:04:57,812 | WARNING |    ⚠ Blocked (403) retry 2
2026-08-29 04:04:57,873 | INFO | 🌐 Session warmed
2026-08-29 04:04:59,170 | INFO | [1187/1901] Fetching Nagothane (NAGO)
2026-08-29 04:04:59,385 | INFO |    ↳ Status 200
2026-08-29 04:04:59,385 | INFO |    ✓ Found 7 movies
2026-08-29 04:04:59,385 | INFO | [1188/1901] Fetching Nagpur (NAGP)
2026-08-29 04:05:00,045 | INFO |    ↳ Status 403
2026-08-29 04:05:00,045 | WARNING |    ⚠ Blocked (403) retry 1
2026-08-29 04:05:00,106 | INFO | 🌐 Session warmed
2026-08-29 04:05:00,306 | INFO |    ↳ Status 200
2026-08-29 04:05:00,306 | INFO |    ✓ Found 5 movies
2026-08-29 04:05:00,306 | INFO | [1189/1901] Fetching Naharlagun (NAHA)
2026-08-29 04:05:01,202 | INFO |    ↳ Status 403
2026-08-29 04:05:01,202 | WARNING |    ⚠ Blocked (403) retry 3
2026-08-29 04:05:01,267 | INFO | 🌐 Session warmed
2026-08-29 04:05:01,587 | INFO |    ↳ Status 200
2026-08-29 04:05:01,588 | INFO |    ✓ Found 8 movies
2026-08-29 04:05:01,588 | INFO | [1190/1901] Fetching Naidupeta (NDPT)
2026-08-29 04:05:02,434 | INFO |    ↳ Status 403
2026-08-29 04:05:02,434 | WARNING |    ⚠ Blocked (403) retry 2
2026-08-29 04:05:02,490 | INFO | 🌐 Session warmed
2026-08-29 04:05:03,258 | INFO |    ↳ Status 200
2026-08-29 04:05:03,259 | INFO |    ✓ Found 7 movies
2026-08-29 04:05:03,259 | INFO | [1191/1901] Fetching Naihati (NHTA)
2026-08-29 04:05:03,672 | WARNING | Warmup failed: HTTPSConnectionPool(host='in.bookmyshow.com', port=443): Read timed out. (read timeout=10)
2026-08-29 04:05:04,917 | INFO |    ↳ Status 200
2026-08-29 04:05:04,917 | INFO |    ✓ Found 8 movies
2026-08-29 04:05:04,917 | INFO | [1192/1901] Fetching Nainital (NAIN)
2026-08-29 04:05:05,204 | INFO |    ↳ Status 403
2026-08-29 04:05:05,204 | WARNING |    ⚠ Blocked (403) retry 3
2026-08-29 04:05:05,265 | INFO | 🌐 Session warmed
2026-08-29 04:05:05,267 | INFO | [1193/1901] Fetching Najafgarh (NAJA)
2026-08-29 04:05:06,003 | INFO |    ↳ Status 403
2026-08-29 04:05:06,004 | WARNING |    ⚠ Blocked (403) retry 1
2026-08-29 04:05:06,070 | INFO | 🌐 Session warmed
2026-08-29 04:05:06,612 | INFO |    ↳ Status 200
2026-08-29 04:05:06,612 | INFO |    ✓ Found 8 movies
2026-08-29 04:05:06,612 | INFO | [1194/1901] Fetching Najibabad (NAJI)
2026-08-29 04:05:07,667 | INFO |    ↳ Status 200
2026-08-29 04:05:07,667 | INFO |    ✓ Found 8 movies
2026-08-29 04:05:07,667 | INFO | [1195/1901] Fetching Nakhatrana (NKHT)
2026-08-29 04:05:07,672 | INFO | [1196/1901] Fetching Nakodar (NAKO)
2026-08-29 04:05:08,308 | INFO |    ↳ Status 403
2026-08-29 04:05:08,308 | WARNING |    ⚠ Blocked (403) retry 2
2026-08-29 04:05:08,368 | INFO | 🌐 Session warmed
2026-08-29 04:05:08,606 | INFO |    ↳ Status 200
2026-08-29 04:05:08,606 | INFO |    ✓ Found 8 movies
2026-08-29 04:05:08,606 | INFO | [1197/1901] Fetching Nakrekal (NKRL)
2026-08-29 04:05:08,700 | INFO |    ↳ Status 403
2026-08-29 04:05:08,700 | WARNING |    ⚠ Blocked (403) retry 1
2026-08-29 04:05:08,760 | INFO | 🌐 Session warmed
2026-08-29 04:05:09,265 | INFO | [1198/1901] Fetching Nalbari (NALB)
2026-08-29 04:05:09,673 | INFO |    ↳ Status 200
2026-08-29 04:05:09,673 | INFO |    ✓ Found 8 movies
2026-08-29 04:05:09,673 | INFO | [1199/1901] Fetching Nalgonda (NALK)
2026-08-29 04:05:10,397 | INFO |    ↳ Status 403
2026-08-29 04:05:10,397 | WARNING |    ⚠ Blocked (403) retry 1
2026-08-29 04:05:10,453 | INFO | 🌐 Session warmed
2026-08-29 04:05:10,604 | INFO |    ↳ Status 200
2026-08-29 04:05:10,604 | INFO |    ✓ Found 7 movies
2026-08-29 04:05:10,605 | INFO | [1200/1901] Fetching Nallajerla (NALJ)
2026-08-29 04:05:11,168 | INFO |    ↳ Status 403
2026-08-29 04:05:11,168 | WARNING |    ⚠ Blocked (403) retry 2
2026-08-29 04:05:11,274 | INFO | 🌐 Session warmed
2026-08-29 04:05:11,694 | INFO |    ↳ Status 403
2026-08-29 04:05:11,694 | WARNING |    ⚠ Blocked (403) retry 3
2026-08-29 04:05:11,752 | INFO | 🌐 Session warmed
2026-08-29 04:05:11,831 | INFO |    ↳ Status 200
2026-08-29 04:05:11,831 | INFO |    ✓ Found 7 movies
2026-08-29 04:05:11,831 | INFO | [1201/1901] Fetching Namakkal (NMKL)
2026-08-29 04:05:12,313 | INFO |    ↳ Status 403
2026-08-29 04:05:12,313 | WARNING |    ⚠ Blocked (403) retry 2
2026-08-29 04:05:12,371 | INFO | 🌐 Session warmed
2026-08-29 04:05:13,570 | INFO |    ↳ Status 200
2026-08-29 04:05:13,570 | INFO |    ✓ Found 7 movies
2026-08-29 04:05:13,570 | INFO | [1202/1901] Fetching Namchi (NAMI)
2026-08-29 04:05:14,550 | INFO |    ↳ Status 403
2026-08-29 04:05:14,550 | WARNING |    ⚠ Blocked (403) retry 3
2026-08-29 04:05:14,611 | INFO | 🌐 Session warmed
2026-08-29 04:05:14,787 | INFO |    ↳ Status 200
2026-08-29 04:05:14,787 | INFO |    ✓ Found 1 movies
2026-08-29 04:05:14,787 | INFO | [1203/1901] Fetching Namkhana (RAMS)
2026-08-29 04:05:15,421 | INFO |    ↳ Status 403
2026-08-29 04:05:15,422 | WARNING |    ⚠ Blocked (403) retry 3
2026-08-29 04:05:15,478 | INFO | 🌐 Session warmed
2026-08-29 04:05:15,753 | INFO | [1204/1901] Fetching Namsai (NAMS)
2026-08-29 04:05:16,538 | INFO |    ↳ Status 200
2026-08-29 04:05:16,538 | INFO |    ✓ Found 8 movies
2026-08-29 04:05:16,538 | INFO | [1205/1901] Fetching Nandakumar (NAKM)
2026-08-29 04:05:16,673 | INFO |    ↳ Status 403
2026-08-29 04:05:16,673 | WARNING |    ⚠ Blocked (403) retry 1
2026-08-29 04:05:16,773 | INFO | 🌐 Session warmed
2026-08-29 04:05:17,953 | INFO |    ↳ Status 200
2026-08-29 04:05:17,953 | INFO |    ✓ Found 8 movies
2026-08-29 04:05:17,953 | INFO | [1206/1901] Fetching Nanded (NAND)
2026-08-29 04:05:18,612 | INFO | [1207/1901] Fetching Nandigama (NDGM)
2026-08-29 04:05:19,115 | INFO |    ↳ Status 403
2026-08-29 04:05:19,115 | WARNING |    ⚠ Blocked (403) retry 2
2026-08-29 04:05:19,188 | INFO | 🌐 Session warmed
2026-08-29 04:05:19,226 | INFO |    ↳ Status 200
2026-08-29 04:05:19,226 | INFO |    ✓ Found 5 movies
2026-08-29 04:05:19,226 | INFO | [1208/1901] Fetching Nandikotkur (NDKT)
2026-08-29 04:05:19,478 | INFO | [1209/1901] Fetching Nandipet (NANZ)
2026-08-29 04:05:19,483 | INFO |    ↳ Status 403
2026-08-29 04:05:19,483 | WARNING |    ⚠ Blocked (403) retry 1
2026-08-29 04:05:19,547 | INFO | 🌐 Session warmed
2026-08-29 04:05:20,305 | INFO |    ↳ Status 403
2026-08-29 04:05:20,305 | WARNING |    ⚠ Blocked (403) retry 1
2026-08-29 04:05:20,369 | INFO | 🌐 Session warmed
2026-08-29 04:05:20,552 | INFO |    ↳ Status 200
2026-08-29 04:05:20,552 | INFO |    ✓ Found 8 movies
2026-08-29 04:05:20,552 | INFO | [1210/1901] Fetching Nandurbar (NDNB)
2026-08-29 04:05:21,649 | INFO |    ↳ Status 403
2026-08-29 04:05:21,649 | WARNING |    ⚠ Blocked (403) retry 2
2026-08-29 04:05:21,722 | INFO | 🌐 Session warmed
2026-08-29 04:05:21,755 | INFO |    ↳ Status 200
2026-08-29 04:05:21,755 | INFO |    ✓ Found 5 movies
2026-08-29 04:05:21,755 | INFO | [1211/1901] Fetching Nandyal (NADY)
2026-08-29 04:05:21,985 | INFO |    ↳ Status 403
2026-08-29 04:05:21,986 | WARNING |    ⚠ Blocked (403) retry 2
2026-08-29 04:05:22,055 | INFO | 🌐 Session warmed
2026-08-29 04:05:22,223 | INFO |    ↳ Status 403
2026-08-29 04:05:22,223 | WARNING |    ⚠ Blocked (403) retry 3
2026-08-29 04:05:22,278 | INFO | 🌐 Session warmed
2026-08-29 04:05:23,655 | INFO |    ↳ Status 200
2026-08-29 04:05:23,655 | INFO |    ✓ Found 7 movies
2026-08-29 04:05:23,655 | INFO | [1212/1901] Fetching Nanjanagudu (NJGU)
2026-08-29 04:05:24,736 | INFO |    ↳ Status 403
2026-08-29 04:05:24,736 | WARNING |    ⚠ Blocked (403) retry 3
2026-08-29 04:05:24,801 | INFO | 🌐 Session warmed
2026-08-29 04:05:24,801 | INFO |    ↳ Status 403
2026-08-29 04:05:24,801 | WARNING |    ⚠ Blocked (403) retry 3
2026-08-29 04:05:24,857 | INFO | 🌐 Session warmed
2026-08-29 04:05:25,057 | INFO |    ↳ Status 200
2026-08-29 04:05:25,057 | INFO |    ✓ Found 3 movies
2026-08-29 04:05:25,057 | INFO | [1213/1901] Fetching Nanpara (NANP)
2026-08-29 04:05:26,278 | INFO | [1214/1901] Fetching Narasannapeta (NRPT)
2026-08-29 04:05:26,632 | INFO |    ↳ Status 200
2026-08-29 04:05:26,632 | INFO |    ✓ Found 6 movies
2026-08-29 04:05:26,632 | INFO | [1215/1901] Fetching Narayankhed (NARY)
2026-08-29 04:05:26,936 | INFO |    ↳ Status 403
2026-08-29 04:05:26,936 | WARNING |    ⚠ Blocked (403) retry 1
2026-08-29 04:05:26,992 | INFO | 🌐 Session warmed
2026-08-29 04:05:28,743 | INFO |    ↳ Status 403
2026-08-29 04:05:28,743 | WARNING |    ⚠ Blocked (403) retry 2
2026-08-29 04:05:28,801 | INFO | [1216/1901] Fetching Narayanpet (NRYN)
2026-08-29 04:05:28,804 | INFO | 🌐 Session warmed
2026-08-29 04:05:28,858 | INFO | [1217/1901] Fetching Narayanpur (NRYA)
2026-08-29 04:05:28,862 | INFO |    ↳ Status 200
2026-08-29 04:05:28,862 | INFO |    ✓ Found 7 movies
2026-08-29 04:05:28,862 | INFO | [1218/1901] Fetching Narayanpur (Assam) (NSAZ)
2026-08-29 04:05:29,615 | INFO |    ↳ Status 403
2026-08-29 04:05:29,616 | WARNING |    ⚠ Blocked (403) retry 1
2026-08-29 04:05:29,675 | INFO | 🌐 Session warmed
2026-08-29 04:05:29,784 | INFO |    ↳ Status 403
2026-08-29 04:05:29,784 | WARNING |    ⚠ Blocked (403) retry 1
2026-08-29 04:05:29,865 | INFO | 🌐 Session warmed
2026-08-29 04:05:30,964 | INFO |    ↳ Status 200
2026-08-29 04:05:30,964 | INFO |    ✓ Found 8 movies
2026-08-29 04:05:30,964 | INFO | [1219/1901] Fetching Narayanpur (CH) (NRYA)
2026-08-29 04:05:31,323 | INFO |    ↳ Status 403
2026-08-29 04:05:31,323 | WARNING |    ⚠ Blocked (403) retry 2
2026-08-29 04:05:31,380 | INFO | 🌐 Session warmed
2026-08-29 04:05:31,983 | INFO |    ↳ Status 403
2026-08-29 04:05:31,983 | WARNING |    ⚠ Blocked (403) retry 3
2026-08-29 04:05:32,001 | INFO |    ↳ Status 200
2026-08-29 04:05:32,001 | INFO |    ✓ Found 8 movies
2026-08-29 04:05:32,002 | INFO | [1220/1901] Fetching Nargund (NRGD)
2026-08-29 04:05:32,046 | INFO | 🌐 Session warmed
2026-08-29 04:05:32,122 | INFO |    ↳ Status 403
2026-08-29 04:05:32,122 | WARNING |    ⚠ Blocked (403) retry 2
2026-08-29 04:05:32,196 | INFO | 🌐 Session warmed
2026-08-29 04:05:33,634 | INFO |    ↳ Status 200
2026-08-29 04:05:33,634 | INFO |    ✓ Found 3 movies
2026-08-29 04:05:33,635 | INFO | [1221/1901] Fetching Narnaul (NARN)
2026-08-29 04:05:34,668 | INFO |    ↳ Status 403
2026-08-29 04:05:34,668 | WARNING |    ⚠ Blocked (403) retry 3
2026-08-29 04:05:34,737 | INFO | 🌐 Session warmed
2026-08-29 04:05:34,759 | INFO |    ↳ Status 200
2026-08-29 04:05:34,760 | INFO |    ✓ Found 7 movies
2026-08-29 04:05:34,760 | INFO | [1222/1901] Fetching Narsampet (NASP)
2026-08-29 04:05:35,575 | INFO |    ↳ Status 403
2026-08-29 04:05:35,575 | WARNING |    ⚠ Blocked (403) retry 3
2026-08-29 04:05:35,631 | INFO | 🌐 Session warmed
2026-08-29 04:05:36,047 | INFO | [1223/1901] Fetching Narsapur (NARP)
2026-08-29 04:05:36,062 | INFO |    ↳ Status 200
2026-08-29 04:05:36,062 | INFO |    ✓ Found 7 movies
2026-08-29 04:05:36,063 | INFO | [1224/1901] Fetching Narsapur (Medak) (NRPR)
2026-08-29 04:05:36,865 | INFO |    ↳ Status 403
2026-08-29 04:05:36,865 | WARNING |    ⚠ Blocked (403) retry 1
2026-08-29 04:05:36,927 | INFO | 🌐 Session warmed
2026-08-29 04:05:37,936 | INFO |    ↳ Status 200
2026-08-29 04:05:37,936 | INFO |    ✓ Found 8 movies
2026-08-29 04:05:37,936 | INFO | [1225/1901] Fetching Narsinghpur (NARR)
2026-08-29 04:05:38,738 | INFO | [1226/1901] Fetching Narsipatnam (NARS)
2026-08-29 04:05:39,025 | INFO |    ↳ Status 403
2026-08-29 04:05:39,026 | WARNING |    ⚠ Blocked (403) retry 2
2026-08-29 04:05:39,085 | INFO | 🌐 Session warmed
2026-08-29 04:05:39,428 | INFO |    ↳ Status 200
2026-08-29 04:05:39,428 | INFO |    ✓ Found 7 movies
2026-08-29 04:05:39,428 | INFO | [1227/1901] Fetching Narwana (NARA)
2026-08-29 04:05:39,632 | INFO | [1228/1901] Fetching Nashik (NASK)
2026-08-29 04:05:40,134 | INFO |    ↳ Status 403
2026-08-29 04:05:40,134 | WARNING |    ⚠ Blocked (403) retry 1
2026-08-29 04:05:40,190 | INFO | 🌐 Session warmed
2026-08-29 04:05:40,893 | INFO |    ↳ Status 403
2026-08-29 04:05:40,893 | WARNING |    ⚠ Blocked (403) retry 1
2026-08-29 04:05:40,960 | INFO | 🌐 Session warmed
2026-08-29 04:05:41,124 | INFO |    ↳ Status 200
2026-08-29 04:05:41,125 | INFO |    ✓ Found 7 movies
2026-08-29 04:05:41,125 | INFO | [1229/1901] Fetching Natham (NATH)
2026-08-29 04:05:41,726 | INFO |    ↳ Status 403
2026-08-29 04:05:41,726 | WARNING |    ⚠ Blocked (403) retry 3
2026-08-29 04:05:41,784 | INFO | 🌐 Session warmed
2026-08-29 04:05:42,174 | INFO |    ↳ Status 403
2026-08-29 04:05:42,174 | WARNING |    ⚠ Blocked (403) retry 2
2026-08-29 04:05:42,235 | INFO | 🌐 Session warmed
2026-08-29 04:05:42,656 | INFO |    ↳ Status 403
2026-08-29 04:05:42,656 | WARNING |    ⚠ Blocked (403) retry 2
2026-08-29 04:05:42,698 | INFO |    ↳ Status 200
2026-08-29 04:05:42,698 | INFO |    ✓ Found 7 movies
2026-08-29 04:05:42,698 | INFO | [1230/1901] Fetching Nathdwara (NATW)
2026-08-29 04:05:42,714 | INFO | 🌐 Session warmed
2026-08-29 04:05:43,913 | INFO |    ↳ Status 200
2026-08-29 04:05:43,913 | INFO |    ✓ Found 4 movies
2026-08-29 04:05:43,913 | INFO | [1231/1901] Fetching Nautanwa (NAUT)
2026-08-29 04:05:45,291 | INFO |    ↳ Status 403
2026-08-29 04:05:45,292 | WARNING |    ⚠ Blocked (403) retry 3
2026-08-29 04:05:45,350 | INFO |    ↳ Status 200
2026-08-29 04:05:45,351 | INFO |    ✓ Found 6 movies
2026-08-29 04:05:45,351 | INFO | [1232/1901] Fetching Navsari (NVSR)
2026-08-29 04:05:45,353 | INFO | 🌐 Session warmed
2026-08-29 04:05:45,762 | INFO |    ↳ Status 403
2026-08-29 04:05:45,762 | WARNING |    ⚠ Blocked (403) retry 3
2026-08-29 04:05:45,784 | INFO | [1233/1901] Fetching Nawada (NAWD)
2026-08-29 04:05:45,823 | INFO | 🌐 Session warmed
2026-08-29 04:05:46,582 | INFO |    ↳ Status 403
2026-08-29 04:05:46,582 | WARNING |    ⚠ Blocked (403) retry 1
2026-08-29 04:05:46,637 | INFO | 🌐 Session warmed
2026-08-29 04:05:46,823 | INFO |    ↳ Status 200
2026-08-29 04:05:46,823 | INFO |    ✓ Found 8 movies
2026-08-29 04:05:46,823 | INFO | [1234/1901] Fetching Nawalgarh (NANA)
2026-08-29 04:05:48,286 | INFO |    ↳ Status 403
2026-08-29 04:05:48,287 | WARNING |    ⚠ Blocked (403) retry 2
2026-08-29 04:05:48,343 | INFO | 🌐 Session warmed
2026-08-29 04:05:48,746 | INFO |    ↳ Status 200
2026-08-29 04:05:48,747 | INFO |    ✓ Found 4 movies
2026-08-29 04:05:48,747 | INFO | [1235/1901] Fetching Nawanshahr (NAVN)
2026-08-29 04:05:49,353 | INFO | [1236/1901] Fetching Nawapara (NAWA)
2026-08-29 04:05:49,726 | INFO |    ↳ Status 200
2026-08-29 04:05:49,726 | INFO |    ✓ Found 8 movies
2026-08-29 04:05:49,726 | INFO | [1237/1901] Fetching Nayagarh (NAYG)
2026-08-29 04:05:49,824 | INFO | [1238/1901] Fetching Nazira (NZRA)
2026-08-29 04:05:50,276 | INFO |    ↳ Status 403
2026-08-29 04:05:50,276 | WARNING |    ⚠ Blocked (403) retry 1
2026-08-29 04:05:50,339 | INFO | 🌐 Session warmed
2026-08-29 04:05:51,033 | INFO |    ↳ Status 403
2026-08-29 04:05:51,033 | WARNING |    ⚠ Blocked (403) retry 1
2026-08-29 04:05:51,090 | INFO | 🌐 Session warmed
2026-08-29 04:05:51,143 | INFO |    ↳ Status 200
2026-08-29 04:05:51,143 | INFO |    ✓ Found 8 movies
2026-08-29 04:05:51,143 | INFO | [1239/1901] Fetching Nazirpur (NAZR)
2026-08-29 04:05:51,196 | INFO |    ↳ Status 403
2026-08-29 04:05:51,196 | WARNING |    ⚠ Blocked (403) retry 3
2026-08-29 04:05:51,257 | INFO | 🌐 Session warmed
2026-08-29 04:05:52,234 | INFO |    ↳ Status 403
2026-08-29 04:05:52,234 | WARNING |    ⚠ Blocked (403) retry 2
2026-08-29 04:05:52,257 | INFO |    ↳ Status 200
2026-08-29 04:05:52,257 | INFO |    ✓ Found 8 movies
2026-08-29 04:05:52,257 | INFO | [1240/1901] Fetching Nedumbassery (NEDM)
2026-08-29 04:05:52,297 | INFO | 🌐 Session warmed
2026-08-29 04:05:53,122 | INFO |    ↳ Status 403
2026-08-29 04:05:53,122 | WARNING |    ⚠ Blocked (403) retry 2
2026-08-29 04:05:53,181 | INFO | 🌐 Session warmed
2026-08-29 04:05:54,514 | INFO |    ↳ Status 200
2026-08-29 04:05:54,514 | INFO |    ✓ Found 8 movies
2026-08-29 04:05:54,514 | INFO | [1241/1901] Fetching Nedumkandam (NEDU)
2026-08-29 04:05:55,123 | INFO |    ↳ Status 403
2026-08-29 04:05:55,123 | WARNING |    ⚠ Blocked (403) retry 3
2026-08-29 04:05:55,182 | INFO | 🌐 Session warmed
2026-08-29 04:05:55,258 | INFO | [1242/1901] Fetching Neelapalli (NELP)
2026-08-29 04:05:55,563 | INFO |    ↳ Status 200
2026-08-29 04:05:55,564 | INFO |    ✓ Found 8 movies
2026-08-29 04:05:55,564 | INFO | [1243/1901] Fetching Neemrana (NEEM)
2026-08-29 04:05:55,990 | INFO |    ↳ Status 403
2026-08-29 04:05:55,990 | WARNING |    ⚠ Blocked (403) retry 1
2026-08-29 04:05:56,047 | INFO | 🌐 Session warmed
2026-08-29 04:05:56,105 | INFO |    ↳ Status 403
2026-08-29 04:05:56,105 | WARNING |    ⚠ Blocked (403) retry 3
2026-08-29 04:05:56,175 | INFO | 🌐 Session warmed
2026-08-29 04:05:57,431 | INFO |    ↳ Status 200
2026-08-29 04:05:57,431 | INFO |    ✓ Found 4 movies
2026-08-29 04:05:57,431 | INFO | [1244/1901] Fetching Neemuch (NMCH)
2026-08-29 04:05:58,388 | INFO |    ↳ Status 403
2026-08-29 04:05:58,388 | WARNING |    ⚠ Blocked (403) retry 2
2026-08-29 04:05:58,445 | INFO | 🌐 Session warmed
2026-08-29 04:05:58,995 | INFO |    ↳ Status 200
2026-08-29 04:05:58,995 | INFO |    ✓ Found 7 movies
2026-08-29 04:05:58,996 | INFO | [1245/1901] Fetching Nelakondapalli (NELA)
2026-08-29 04:05:59,182 | INFO | [1246/1901] Fetching Nelamangala (NMGL)
2026-08-29 04:06:00,175 | INFO | [1247/1901] Fetching Nellimarla (NLEM)
2026-08-29 04:06:00,353 | INFO |    ↳ Status 403
2026-08-29 04:06:00,353 | WARNING |    ⚠ Blocked (403) retry 1
2026-08-29 04:06:00,357 | INFO |    ↳ Status 200
2026-08-29 04:06:00,357 | INFO |    ✓ Found 7 movies
2026-08-29 04:06:00,357 | INFO | [1248/1901] Fetching Nellimoodu (NELM)
2026-08-29 04:06:00,412 | INFO | 🌐 Session warmed
2026-08-29 04:06:00,967 | INFO |    ↳ Status 403
2026-08-29 04:06:00,967 | WARNING |    ⚠ Blocked (403) retry 1
2026-08-29 04:06:01,028 | INFO | 🌐 Session warmed
2026-08-29 04:06:01,657 | INFO |    ↳ Status 200
2026-08-29 04:06:01,658 | INFO |    ✓ Found 8 movies
2026-08-29 04:06:01,658 | INFO | [1249/1901] Fetching Nellore (NELL)
2026-08-29 04:06:01,851 | INFO |    ↳ Status 403
2026-08-29 04:06:01,851 | WARNING |    ⚠ Blocked (403) retry 3
2026-08-29 04:06:01,908 | INFO | 🌐 Session warmed
2026-08-29 04:06:02,584 | INFO |    ↳ Status 403
2026-08-29 04:06:02,584 | WARNING |    ⚠ Blocked (403) retry 2
2026-08-29 04:06:02,643 | INFO | 🌐 Session warmed
2026-08-29 04:06:03,002 | INFO |    ↳ Status 403
2026-08-29 04:06:03,002 | WARNING |    ⚠ Blocked (403) retry 2
2026-08-29 04:06:03,061 | INFO | 🌐 Session warmed
2026-08-29 04:06:03,661 | INFO |    ↳ Status 200
2026-08-29 04:06:03,661 | INFO |    ✓ Found 7 movies
2026-08-29 04:06:03,661 | INFO | [1250/1901] Fetching Nemmara (NENM)
2026-08-29 04:06:04,943 | INFO |    ↳ Status 200
2026-08-29 04:06:04,943 | INFO |    ✓ Found 8 movies
2026-08-29 04:06:04,943 | INFO | [1251/1901] Fetching Nenmara (NENM)
2026-08-29 04:06:05,667 | INFO |    ↳ Status 403
2026-08-29 04:06:05,667 | WARNING |    ⚠ Blocked (403) retry 3
2026-08-29 04:06:05,735 | INFO | 🌐 Session warmed
2026-08-29 04:06:05,803 | INFO |    ↳ Status 403
2026-08-29 04:06:05,803 | WARNING |    ⚠ Blocked (403) retry 3
2026-08-29 04:06:05,861 | INFO | 🌐 Session warmed
2026-08-29 04:06:05,908 | INFO | [1252/1901] Fetching Nepalgunj (NEPJ)
2026-08-29 04:06:06,103 | INFO |    ↳ Status 200
2026-08-29 04:06:06,103 | INFO |    ✓ Found 8 movies
2026-08-29 04:06:06,103 | INFO | [1253/1901] Fetching Ner Parsopant (NERP)
2026-08-29 04:06:06,563 | INFO |    ↳ Status 403
2026-08-29 04:06:06,563 | WARNING |    ⚠ Blocked (403) retry 1
2026-08-29 04:06:06,620 | INFO | 🌐 Session warmed
2026-08-29 04:06:07,150 | INFO |    ↳ Status 200
2026-08-29 04:06:07,150 | INFO |    ✓ Found 5 movies
2026-08-29 04:06:07,150 | INFO | [1254/1901] Fetching Neral (NERA)
2026-08-29 04:06:08,535 | INFO |    ↳ Status 200
2026-08-29 04:06:08,536 | INFO |    ✓ Found 8 movies
2026-08-29 04:06:08,536 | INFO | [1255/1901] Fetching Nereducharla (NDRL)
2026-08-29 04:06:08,864 | INFO |    ↳ Status 403
2026-08-29 04:06:08,865 | WARNING |    ⚠ Blocked (403) retry 2
2026-08-29 04:06:08,926 | INFO | 🌐 Session warmed
2026-08-29 04:06:09,735 | INFO | [1256/1901] Fetching New Tehri (TEHR)
2026-08-29 04:06:09,861 | INFO | [1257/1901] Fetching Neyveli (NYVL)
2026-08-29 04:06:10,158 | INFO |    ↳ Status 200
2026-08-29 04:06:10,158 | INFO |    ✓ Found 8 movies
2026-08-29 04:06:10,158 | INFO | [1258/1901] Fetching Nichlaul (NCUL)
2026-08-29 04:06:10,838 | INFO |    ↳ Status 403
2026-08-29 04:06:10,838 | WARNING |    ⚠ Blocked (403) retry 1
2026-08-29 04:06:10,893 | INFO | 🌐 Session warmed
2026-08-29 04:06:11,159 | INFO |    ↳ Status 403
2026-08-29 04:06:11,159 | WARNING |    ⚠ Blocked (403) retry 1
2026-08-29 04:06:11,222 | INFO | 🌐 Session warmed
2026-08-29 04:06:11,449 | INFO |    ↳ Status 200
2026-08-29 04:06:11,450 | INFO |    ✓ Found 8 movies
2026-08-29 04:06:11,450 | INFO | [1259/1901] Fetching Nidadavolu (NDVD)
2026-08-29 04:06:11,924 | INFO |    ↳ Status 403
2026-08-29 04:06:11,924 | WARNING |    ⚠ Blocked (403) retry 3
2026-08-29 04:06:11,983 | INFO | 🌐 Session warmed
2026-08-29 04:06:12,844 | INFO |    ↳ Status 403
2026-08-29 04:06:12,844 | WARNING |    ⚠ Blocked (403) retry 2
2026-08-29 04:06:12,903 | INFO | 🌐 Session warmed
2026-08-29 04:06:12,975 | INFO |    ↳ Status 403
2026-08-29 04:06:12,975 | WARNING |    ⚠ Blocked (403) retry 2
2026-08-29 04:06:13,034 | INFO | 🌐 Session warmed
2026-08-29 04:06:13,037 | INFO |    ↳ Status 200
2026-08-29 04:06:13,037 | INFO |    ✓ Found 7 movies
2026-08-29 04:06:13,037 | INFO | [1260/1901] Fetching Nilagiri (NIGA)
2026-08-29 04:06:13,996 | INFO |    ↳ Status 200
2026-08-29 04:06:13,996 | INFO |    ✓ Found 7 movies
2026-08-29 04:06:13,996 | INFO | [1261/1901] Fetching Nilakottai (NILA)
2026-08-29 04:06:15,354 | INFO |    ↳ Status 200
2026-08-29 04:06:15,354 | INFO |    ✓ Found 7 movies
2026-08-29 04:06:15,354 | INFO | [1262/1901] Fetching Nilanga (NLNG)
2026-08-29 04:06:15,941 | INFO |    ↳ Status 403
2026-08-29 04:06:15,941 | WARNING |    ⚠ Blocked (403) retry 3
2026-08-29 04:06:15,983 | INFO | [1263/1901] Fetching Nilgiris (NILG)
2026-08-29 04:06:15,998 | INFO | 🌐 Session warmed
2026-08-29 04:06:16,305 | INFO |    ↳ Status 403
2026-08-29 04:06:16,305 | WARNING |    ⚠ Blocked (403) retry 3
2026-08-29 04:06:16,362 | INFO | 🌐 Session warmed
2026-08-29 04:06:16,939 | INFO |    ↳ Status 200
2026-08-29 04:06:16,939 | INFO |    ✓ Found 8 movies
2026-08-29 04:06:16,939 | INFO | [1264/1901] Fetching Nimapara (NIMA)
2026-08-29 04:06:17,037 | INFO |    ↳ Status 403
2026-08-29 04:06:17,037 | WARNING |    ⚠ Blocked (403) retry 1
2026-08-29 04:06:17,113 | INFO | 🌐 Session warmed
2026-08-29 04:06:18,003 | INFO |    ↳ Status 200
2026-08-29 04:06:18,003 | INFO |    ✓ Found 8 movies
2026-08-29 04:06:18,003 | INFO | [1265/1901] Fetching Nimbahera (NIPA)
2026-08-29 04:06:19,177 | INFO |    ↳ Status 403
2026-08-29 04:06:19,177 | WARNING |    ⚠ Blocked (403) retry 2
2026-08-29 04:06:19,241 | INFO | 🌐 Session warmed
2026-08-29 04:06:19,679 | INFO |    ↳ Status 200
2026-08-29 04:06:19,679 | INFO |    ✓ Found 4 movies
2026-08-29 04:06:19,679 | INFO | [1266/1901] Fetching Nindra (NNDR)
2026-08-29 04:06:19,998 | INFO | [1267/1901] Fetching Nipani (NIPN)
2026-08-29 04:06:20,362 | INFO | [1268/1901] Fetching Niphad (NIPD)
2026-08-29 04:06:20,973 | INFO |    ↳ Status 403
2026-08-29 04:06:20,973 | WARNING |    ⚠ Blocked (403) retry 1
2026-08-29 04:06:21,039 | INFO | 🌐 Session warmed
2026-08-29 04:06:21,371 | INFO |    ↳ Status 403
2026-08-29 04:06:21,371 | WARNING |    ⚠ Blocked (403) retry 1
2026-08-29 04:06:21,430 | INFO | 🌐 Session warmed
2026-08-29 04:06:21,848 | INFO |    ↳ Status 200
2026-08-29 04:06:21,848 | INFO |    ✓ Found 8 movies
2026-08-29 04:06:21,848 | INFO | [1269/1901] Fetching Nirjuli (NIRJ)
2026-08-29 04:06:22,236 | INFO |    ↳ Status 403
2026-08-29 04:06:22,236 | WARNING |    ⚠ Blocked (403) retry 3
2026-08-29 04:06:22,298 | INFO | 🌐 Session warmed
2026-08-29 04:06:23,022 | INFO |    ↳ Status 403
2026-08-29 04:06:23,022 | WARNING |    ⚠ Blocked (403) retry 2
2026-08-29 04:06:23,078 | INFO | 🌐 Session warmed
2026-08-29 04:06:23,797 | INFO |    ↳ Status 403
2026-08-29 04:06:23,797 | WARNING |    ⚠ Blocked (403) retry 2
2026-08-29 04:06:23,860 | INFO | 🌐 Session warmed
2026-08-29 04:06:23,907 | INFO |    ↳ Status 200
2026-08-29 04:06:23,908 | INFO |    ✓ Found 5 movies
2026-08-29 04:06:23,908 | INFO | [1270/1901] Fetching Nizamabad (NIZA)
2026-08-29 04:06:25,037 | INFO |    ↳ Status 200
2026-08-29 04:06:25,037 | INFO |    ✓ Found 7 movies
2026-08-29 04:06:25,037 | INFO | [1271/1901] Fetching Nokha (NKHA)
2026-08-29 04:06:26,166 | INFO |    ↳ Status 200
2026-08-29 04:06:26,166 | INFO |    ✓ Found 4 movies
2026-08-29 04:06:26,166 | INFO | [1272/1901] Fetching Nooranad (NOOR)
2026-08-29 04:06:26,285 | INFO |    ↳ Status 403
2026-08-29 04:06:26,285 | WARNING |    ⚠ Blocked (403) retry 3
2026-08-29 04:06:26,298 | INFO | [1273/1901] Fetching Nurpur (NURP)
2026-08-29 04:06:26,342 | INFO | 🌐 Session warmed
2026-08-29 04:06:26,726 | INFO |    ↳ Status 403
2026-08-29 04:06:26,726 | WARNING |    ⚠ Blocked (403) retry 3
2026-08-29 04:06:26,784 | INFO | 🌐 Session warmed
2026-08-29 04:06:26,965 | INFO |    ↳ Status 403
2026-08-29 04:06:26,965 | WARNING |    ⚠ Blocked (403) retry 1
2026-08-29 04:06:27,022 | INFO | 🌐 Session warmed
2026-08-29 04:06:27,371 | INFO |    ↳ Status 200
2026-08-29 04:06:27,371 | INFO |    ✓ Found 8 movies
2026-08-29 04:06:27,372 | INFO | [1274/1901] Fetching Nuzvid (NZVD)
2026-08-29 04:06:28,657 | INFO |    ↳ Status 200
2026-08-29 04:06:28,657 | INFO |    ✓ Found 7 movies
2026-08-29 04:06:28,657 | INFO | [1275/1901] Fetching Nyamathi (NYNT)
2026-08-29 04:06:28,798 | INFO |    ↳ Status 403
2026-08-29 04:06:28,798 | WARNING |    ⚠ Blocked (403) retry 2
2026-08-29 04:06:28,855 | INFO | 🌐 Session warmed
2026-08-29 04:06:29,663 | INFO |    ↳ Status 200
2026-08-29 04:06:29,663 | INFO |    ✓ Found 3 movies
2026-08-29 04:06:29,663 | INFO | [1276/1901] Fetching Oddanchatram (ODDA)
2026-08-29 04:06:30,343 | INFO | [1277/1901] Fetching Ojhar (HJOR)
2026-08-29 04:06:30,586 | INFO |    ↳ Status 200
2026-08-29 04:06:30,586 | INFO |    ✓ Found 7 movies
2026-08-29 04:06:30,586 | INFO | [1278/1901] Fetching Okha (OKAH)
2026-08-29 04:06:30,784 | INFO | [1279/1901] Fetching Ongole (ONGL)
2026-08-29 04:06:31,547 | INFO |    ↳ Status 403
2026-08-29 04:06:31,547 | WARNING |    ⚠ Blocked (403) retry 1
2026-08-29 04:06:31,606 | INFO | 🌐 Session warmed
2026-08-29 04:06:31,653 | INFO |    ↳ Status 403
2026-08-29 04:06:31,653 | WARNING |    ⚠ Blocked (403) retry 1
2026-08-29 04:06:31,713 | INFO | 🌐 Session warmed
2026-08-29 04:06:32,025 | INFO |    ↳ Status 200
2026-08-29 04:06:32,026 | INFO |    ✓ Found 8 movies
2026-08-29 04:06:32,026 | INFO | [1280/1901] Fetching Ooty (OOTY)
2026-08-29 04:06:32,131 | INFO |    ↳ Status 403
2026-08-29 04:06:32,131 | WARNING |    ⚠ Blocked (403) retry 3
2026-08-29 04:06:32,190 | INFO | 🌐 Session warmed
2026-08-29 04:06:33,165 | INFO |    ↳ Status 200
2026-08-29 04:06:33,166 | INFO |    ✓ Found 7 movies
2026-08-29 04:06:33,166 | INFO | [1281/1901] Fetching Orai (ORAI)
2026-08-29 04:06:33,308 | INFO |    ↳ Status 403
2026-08-29 04:06:33,308 | WARNING |    ⚠ Blocked (403) retry 2
2026-08-29 04:06:33,366 | INFO | 🌐 Session warmed
2026-08-29 04:06:33,691 | INFO |    ↳ Status 403
2026-08-29 04:06:33,691 | WARNING |    ⚠ Blocked (403) retry 2
2026-08-29 04:06:33,751 | INFO | 🌐 Session warmed
2026-08-29 04:06:34,207 | INFO |    ↳ Status 200
2026-08-29 04:06:34,208 | INFO |    ✓ Found 8 movies
2026-08-29 04:06:34,208 | INFO | [1282/1901] Fetching Orchha (ORHH)
2026-08-29 04:06:35,507 | INFO |    ↳ Status 200
2026-08-29 04:06:35,507 | INFO |    ✓ Found 7 movies
2026-08-29 04:06:35,508 | INFO | [1283/1901] Fetching Ottapalam (OTTP)
2026-08-29 04:06:36,184 | INFO |    ↳ Status 403
2026-08-29 04:06:36,185 | WARNING |    ⚠ Blocked (403) retry 3
2026-08-29 04:06:36,190 | INFO | [1284/1901] Fetching P. Dharmavaram (PDHR)
2026-08-29 04:06:36,244 | INFO | 🌐 Session warmed
2026-08-29 04:06:36,833 | INFO |    ↳ Status 200
2026-08-29 04:06:36,833 | INFO |    ✓ Found 8 movies
2026-08-29 04:06:36,833 | INFO | [1285/1901] Fetching P.Gannavaram (PPGG)
2026-08-29 04:06:36,942 | INFO |    ↳ Status 403
2026-08-29 04:06:36,942 | WARNING |    ⚠ Blocked (403) retry 3
2026-08-29 04:06:37,012 | INFO | 🌐 Session warmed
2026-08-29 04:06:37,407 | INFO |    ↳ Status 403
2026-08-29 04:06:37,407 | WARNING |    ⚠ Blocked (403) retry 1
2026-08-29 04:06:37,472 | INFO | 🌐 Session warmed
2026-08-29 04:06:37,888 | INFO |    ↳ Status 200
2026-08-29 04:06:37,888 | INFO |    ✓ Found 8 movies
2026-08-29 04:06:37,888 | INFO | [1286/1901] Fetching Padampur (PADA)
2026-08-29 04:06:39,590 | INFO |    ↳ Status 200
2026-08-29 04:06:39,591 | INFO |    ✓ Found 4 movies
2026-08-29 04:06:39,591 | INFO | [1287/1901] Fetching Padrauna (PADR)
2026-08-29 04:06:39,781 | INFO |    ↳ Status 403
2026-08-29 04:06:39,781 | WARNING |    ⚠ Blocked (403) retry 2
2026-08-29 04:06:39,840 | INFO | 🌐 Session warmed
2026-08-29 04:06:40,245 | INFO | [1288/1901] Fetching Padubidri (PUYI)
2026-08-29 04:06:41,012 | INFO | [1289/1901] Fetching Pakala (PAKA)
2026-08-29 04:06:41,190 | INFO |    ↳ Status 200
2026-08-29 04:06:41,190 | INFO |    ✓ Found 6 movies
2026-08-29 04:06:41,190 | INFO | [1290/1901] Fetching Pala (PALL)
2026-08-29 04:06:41,218 | INFO |    ↳ Status 403
2026-08-29 04:06:41,218 | WARNING |    ⚠ Blocked (403) retry 1
2026-08-29 04:06:41,278 | INFO | 🌐 Session warmed
2026-08-29 04:06:42,160 | INFO |    ↳ Status 403
2026-08-29 04:06:42,160 | WARNING |    ⚠ Blocked (403) retry 1
2026-08-29 04:06:42,217 | INFO | 🌐 Session warmed
2026-08-29 04:06:42,849 | INFO |    ↳ Status 200
2026-08-29 04:06:42,849 | INFO |    ✓ Found 8 movies
2026-08-29 04:06:42,850 | INFO | [1291/1901] Fetching Palakkad (PLKK)
2026-08-29 04:06:43,068 | INFO |    ↳ Status 403
2026-08-29 04:06:43,068 | WARNING |    ⚠ Blocked (403) retry 3
2026-08-29 04:06:43,123 | INFO | 🌐 Session warmed
2026-08-29 04:06:43,462 | INFO |    ↳ Status 403
2026-08-29 04:06:43,462 | WARNING |    ⚠ Blocked (403) retry 2
2026-08-29 04:06:43,520 | INFO | 🌐 Session warmed
2026-08-29 04:06:43,822 | INFO |    ↳ Status 200
2026-08-29 04:06:43,822 | INFO |    ✓ Found 8 movies
2026-08-29 04:06:43,823 | INFO | [1292/1901] Fetching Palakollu (PLKL)
2026-08-29 04:06:44,067 | INFO |    ↳ Status 403
2026-08-29 04:06:44,067 | WARNING |    ⚠ Blocked (403) retry 2
2026-08-29 04:06:44,123 | INFO | 🌐 Session warmed
2026-08-29 04:06:45,523 | INFO |    ↳ Status 200
2026-08-29 04:06:45,523 | INFO |    ✓ Found 7 movies
2026-08-29 04:06:45,523 | INFO | [1293/1901] Fetching Palakonda (PALK)
2026-08-29 04:06:46,195 | INFO |    ↳ Status 403
2026-08-29 04:06:46,195 | WARNING |    ⚠ Blocked (403) retry 3
2026-08-29 04:06:46,256 | INFO | 🌐 Session warmed
2026-08-29 04:06:47,006 | INFO |    ↳ Status 200
2026-08-29 04:06:47,006 | INFO |    ✓ Found 7 movies
2026-08-29 04:06:47,006 | INFO | [1294/1901] Fetching Palakurthy (PLAT)
2026-08-29 04:06:47,123 | INFO | [1295/1901] Fetching Palamaner (PLMN)
2026-08-29 04:06:47,529 | INFO |    ↳ Status 403
2026-08-29 04:06:47,529 | WARNING |    ⚠ Blocked (403) retry 3
2026-08-29 04:06:47,594 | INFO | 🌐 Session warmed
2026-08-29 04:06:47,817 | INFO |    ↳ Status 403
2026-08-29 04:06:47,817 | WARNING |    ⚠ Blocked (403) retry 1
2026-08-29 04:06:47,882 | INFO | 🌐 Session warmed
2026-08-29 04:06:48,759 | INFO |    ↳ Status 200
2026-08-29 04:06:48,759 | INFO |    ✓ Found 7 movies
2026-08-29 04:06:48,759 | INFO | [1296/1901] Fetching Palampur (PALM)
2026-08-29 04:06:49,760 | INFO |    ↳ Status 403
2026-08-29 04:06:49,760 | WARNING |    ⚠ Blocked (403) retry 2
2026-08-29 04:06:49,826 | INFO | 🌐 Session warmed
2026-08-29 04:06:49,889 | INFO |    ↳ Status 200
2026-08-29 04:06:49,890 | INFO |    ✓ Found 6 movies
2026-08-29 04:06:49,890 | INFO | [1297/1901] Fetching Palani (PALA)
2026-08-29 04:06:50,256 | INFO | [1298/1901] Fetching Palanpur (PALN)
2026-08-29 04:06:51,520 | INFO |    ↳ Status 200
2026-08-29 04:06:51,520 | INFO |    ✓ Found 7 movies
2026-08-29 04:06:51,520 | INFO | [1299/1901] Fetching Palapetty (PALT)
2026-08-29 04:06:51,591 | INFO |    ↳ Status 403
2026-08-29 04:06:51,591 | WARNING |    ⚠ Blocked (403) retry 1
2026-08-29 04:06:51,594 | INFO | [1300/1901] Fetching Palasa (PALS)
2026-08-29 04:06:51,654 | INFO | 🌐 Session warmed
2026-08-29 04:06:52,665 | INFO |    ↳ Status 200
2026-08-29 04:06:52,665 | INFO |    ✓ Found 8 movies
2026-08-29 04:06:52,665 | INFO | [1301/1901] Fetching Palghar (PALG)
2026-08-29 04:06:52,768 | INFO |    ↳ Status 403
2026-08-29 04:06:52,768 | WARNING |    ⚠ Blocked (403) retry 1
2026-08-29 04:06:52,824 | INFO | 🌐 Session warmed
2026-08-29 04:06:52,830 | INFO |    ↳ Status 403
2026-08-29 04:06:52,830 | WARNING |    ⚠ Blocked (403) retry 3
2026-08-29 04:06:52,892 | INFO | 🌐 Session warmed
2026-08-29 04:06:54,040 | INFO |    ↳ Status 403
2026-08-29 04:06:54,040 | WARNING |    ⚠ Blocked (403) retry 2
2026-08-29 04:06:54,087 | INFO |    ↳ Status 200
2026-08-29 04:06:54,087 | INFO |    ✓ Found 5 movies
2026-08-29 04:06:54,087 | INFO | [1302/1901] Fetching Pali (PAAL)
2026-08-29 04:06:54,096 | INFO | 🌐 Session warmed
2026-08-29 04:06:55,064 | INFO |    ↳ Status 403
2026-08-29 04:06:55,064 | WARNING |    ⚠ Blocked (403) retry 2
2026-08-29 04:06:55,133 | INFO | 🌐 Session warmed
2026-08-29 04:06:56,040 | INFO |    ↳ Status 200
2026-08-29 04:06:56,040 | INFO |    ✓ Found 4 movies
2026-08-29 04:06:56,040 | INFO | [1303/1901] Fetching Palia Kalan (PAKN)
2026-08-29 04:06:56,892 | INFO | [1304/1901] Fetching Palitana (PALI)
2026-08-29 04:06:57,043 | INFO |    ↳ Status 200
2026-08-29 04:06:57,044 | INFO |    ✓ Found 6 movies
2026-08-29 04:06:57,044 | INFO | [1305/1901] Fetching Palladam (PLDM)
2026-08-29 04:06:57,138 | INFO |    ↳ Status 403
2026-08-29 04:06:57,139 | WARNING |    ⚠ Blocked (403) retry 3
2026-08-29 04:06:57,202 | INFO | 🌐 Session warmed
2026-08-29 04:06:57,811 | INFO |    ↳ Status 403
2026-08-29 04:06:57,811 | WARNING |    ⚠ Blocked (403) retry 1
2026-08-29 04:06:57,814 | INFO |    ↳ Status 403
2026-08-29 04:06:57,814 | WARNING |    ⚠ Blocked (403) retry 3
2026-08-29 04:06:57,884 | INFO | 🌐 Session warmed
2026-08-29 04:06:57,887 | INFO | 🌐 Session warmed
2026-08-29 04:06:58,672 | INFO |    ↳ Status 200
2026-08-29 04:06:58,672 | INFO |    ✓ Found 8 movies
2026-08-29 04:06:58,672 | INFO | [1306/1901] Fetching Pallickathodu (PKTU)
2026-08-29 04:06:59,768 | INFO |    ↳ Status 200
2026-08-29 04:06:59,768 | INFO |    ✓ Found 8 movies
2026-08-29 04:06:59,769 | INFO | [1307/1901] Fetching Pallipalayam (PLLI)
2026-08-29 04:06:59,941 | INFO |    ↳ Status 403
2026-08-29 04:06:59,942 | WARNING |    ⚠ Blocked (403) retry 2
2026-08-29 04:06:59,998 | INFO | 🌐 Session warmed
2026-08-29 04:07:01,081 | INFO |    ↳ Status 200
2026-08-29 04:07:01,082 | INFO |    ✓ Found 7 movies
2026-08-29 04:07:01,082 | INFO | [1308/1901] Fetching Palluruthy (PALY)
2026-08-29 04:07:01,203 | INFO | [1309/1901] Fetching Palwal (PLWL)
2026-08-29 04:07:01,879 | INFO |    ↳ Status 403
2026-08-29 04:07:01,879 | WARNING |    ⚠ Blocked (403) retry 1
2026-08-29 04:07:01,887 | INFO | [1310/1901] Fetching Palwancha (PLWA)
2026-08-29 04:07:01,938 | INFO | 🌐 Session warmed
2026-08-29 04:07:02,709 | INFO |    ↳ Status 200
2026-08-29 04:07:02,709 | INFO |    ✓ Found 8 movies
2026-08-29 04:07:02,709 | INFO | [1311/1901] Fetching Pamarru (PAMA)
2026-08-29 04:07:02,857 | INFO |    ↳ Status 403
2026-08-29 04:07:02,857 | WARNING |    ⚠ Blocked (403) retry 1
2026-08-29 04:07:02,922 | INFO | 🌐 Session warmed
2026-08-29 04:07:03,260 | INFO |    ↳ Status 403
2026-08-29 04:07:03,260 | WARNING |    ⚠ Blocked (403) retry 3
2026-08-29 04:07:03,320 | INFO | 🌐 Session warmed
2026-08-29 04:07:03,886 | INFO |    ↳ Status 200
2026-08-29 04:07:03,886 | INFO |    ✓ Found 7 movies
2026-08-29 04:07:03,886 | INFO | [1312/1901] Fetching Pamidi (PAMI)
2026-08-29 04:07:04,200 | INFO |    ↳ Status 403
2026-08-29 04:07:04,200 | WARNING |    ⚠ Blocked (403) retry 2
2026-08-29 04:07:04,256 | INFO | 🌐 Session warmed
2026-08-29 04:07:05,132 | INFO |    ↳ Status 200
2026-08-29 04:07:05,132 | INFO |    ✓ Found 8 movies
2026-08-29 04:07:05,132 | INFO | [1313/1901] Fetching Pamuru (PMMR)
2026-08-29 04:07:05,237 | INFO |    ↳ Status 403
2026-08-29 04:07:05,237 | WARNING |    ⚠ Blocked (403) retry 2
2026-08-29 04:07:05,296 | INFO | 🌐 Session warmed
2026-08-29 04:07:06,272 | INFO |    ↳ Status 200
2026-08-29 04:07:06,272 | INFO |    ✓ Found 7 movies
2026-08-29 04:07:06,272 | INFO | [1314/1901] Fetching Panachamoodu (PAMO)
2026-08-29 04:07:07,316 | INFO |    ↳ Status 200
2026-08-29 04:07:07,316 | INFO |    ✓ Found 8 movies
2026-08-29 04:07:07,317 | INFO | [1315/1901] Fetching Panaji (PANA)
2026-08-29 04:07:07,320 | INFO | [1316/1901] Fetching Panapakkam (PANP)
2026-08-29 04:07:07,355 | INFO |    ↳ Status 403
2026-08-29 04:07:07,356 | WARNING |    ⚠ Blocked (403) retry 3
2026-08-29 04:07:07,409 | INFO | 🌐 Session warmed
2026-08-29 04:07:08,638 | INFO |    ↳ Status 200
2026-08-29 04:07:08,638 | INFO |    ✓ Found 7 movies
2026-08-29 04:07:08,638 | INFO | [1317/1901] Fetching Panchgani (PANC)
2026-08-29 04:07:08,667 | INFO |    ↳ Status 403
2026-08-29 04:07:08,668 | WARNING |    ⚠ Blocked (403) retry 3
2026-08-29 04:07:08,726 | INFO |    ↳ Status 403
2026-08-29 04:07:08,726 | WARNING |    ⚠ Blocked (403) retry 1
2026-08-29 04:07:08,729 | INFO | 🌐 Session warmed
2026-08-29 04:07:08,781 | INFO | 🌐 Session warmed
2026-08-29 04:07:10,133 | INFO |    ↳ Status 200
2026-08-29 04:07:10,133 | INFO |    ✓ Found 5 movies
2026-08-29 04:07:10,133 | INFO | [1318/1901] Fetching Panchkula (PNCH)
2026-08-29 04:07:11,124 | INFO |    ↳ Status 403
2026-08-29 04:07:11,124 | WARNING |    ⚠ Blocked (403) retry 2
2026-08-29 04:07:11,180 | INFO | 🌐 Session warmed
2026-08-29 04:07:11,315 | INFO |    ↳ Status 200
2026-08-29 04:07:11,315 | INFO |    ✓ Found 7 movies
2026-08-29 04:07:11,315 | INFO | [1319/1901] Fetching Pandalam (PADM)
2026-08-29 04:07:11,409 | INFO | [1320/1901] Fetching Pandavapura (PAVA)
2026-08-29 04:07:12,511 | INFO |    ↳ Status 403
2026-08-29 04:07:12,511 | WARNING |    ⚠ Blocked (403) retry 1
2026-08-29 04:07:12,569 | INFO | 🌐 Session warmed
2026-08-29 04:07:12,730 | INFO | [1321/1901] Fetching Pandhana (PAND)
2026-08-29 04:07:12,747 | INFO |    ↳ Status 200
2026-08-29 04:07:12,747 | INFO |    ✓ Found 8 movies
2026-08-29 04:07:12,747 | INFO | [1322/1901] Fetching Pandharkawada (PANR)
2026-08-29 04:07:13,764 | INFO |    ↳ Status 403
2026-08-29 04:07:13,764 | WARNING |    ⚠ Blocked (403) retry 1
2026-08-29 04:07:13,830 | INFO | 🌐 Session warmed
2026-08-29 04:07:14,192 | INFO |    ↳ Status 200
2026-08-29 04:07:14,192 | INFO |    ✓ Found 5 movies
2026-08-29 04:07:14,192 | INFO | [1323/1901] Fetching Pandharpur (PNDH)
2026-08-29 04:07:14,240 | INFO |    ↳ Status 403
2026-08-29 04:07:14,240 | WARNING |    ⚠ Blocked (403) retry 3
2026-08-29 04:07:14,297 | INFO | 🌐 Session warmed
2026-08-29 04:07:14,869 | INFO |    ↳ Status 403
2026-08-29 04:07:14,869 | WARNING |    ⚠ Blocked (403) retry 2
2026-08-29 04:07:14,926 | INFO | 🌐 Session warmed
2026-08-29 04:07:15,328 | INFO |    ↳ Status 200
2026-08-29 04:07:15,328 | INFO |    ✓ Found 5 movies
2026-08-29 04:07:15,328 | INFO | [1324/1901] Fetching Pandua (PANU)
2026-08-29 04:07:15,947 | INFO |    ↳ Status 403
2026-08-29 04:07:15,947 | WARNING |    ⚠ Blocked (403) retry 2
2026-08-29 04:07:16,005 | INFO | 🌐 Session warmed
2026-08-29 04:07:16,517 | INFO |    ↳ Status 200
2026-08-29 04:07:16,517 | INFO |    ✓ Found 8 movies
2026-08-29 04:07:16,517 | INFO | [1325/1901] Fetching Panipat (PAN)
2026-08-29 04:07:18,045 | INFO |    ↳ Status 200
2026-08-29 04:07:18,045 | INFO |    ✓ Found 7 movies
2026-08-29 04:07:18,045 | INFO | [1326/1901] Fetching Panna (PANN)
2026-08-29 04:07:18,205 | INFO |    ↳ Status 403
2026-08-29 04:07:18,205 | WARNING |    ⚠ Blocked (403) retry 3
2026-08-29 04:07:18,264 | INFO | 🌐 Session warmed
2026-08-29 04:07:18,298 | INFO | [1327/1901] Fetching Panruti (PANT)
2026-08-29 04:07:18,761 | INFO |    ↳ Status 403
2026-08-29 04:07:18,762 | WARNING |    ⚠ Blocked (403) retry 3
2026-08-29 04:07:18,826 | INFO | 🌐 Session warmed
2026-08-29 04:07:19,335 | INFO |    ↳ Status 403
2026-08-29 04:07:19,335 | WARNING |    ⚠ Blocked (403) retry 1
2026-08-29 04:07:19,389 | INFO | 🌐 Session warmed
2026-08-29 04:07:19,407 | INFO |    ↳ Status 200
2026-08-29 04:07:19,408 | INFO |    ✓ Found 7 movies
2026-08-29 04:07:19,408 | INFO | [1328/1901] Fetching Pansemal (PNSM)
2026-08-29 04:07:20,350 | INFO |    ↳ Status 200
2026-08-29 04:07:20,350 | INFO |    ✓ Found 8 movies
2026-08-29 04:07:20,350 | INFO | [1329/1901] Fetching Paonta Sahib (POTA)
2026-08-29 04:07:21,755 | INFO |    ↳ Status 403
2026-08-29 04:07:21,755 | WARNING |    ⚠ Blocked (403) retry 2
2026-08-29 04:07:21,815 | INFO | 🌐 Session warmed
2026-08-29 04:07:22,265 | INFO | [1330/1901] Fetching Papanasam (PAPA)
2026-08-29 04:07:22,337 | INFO |    ↳ Status 200
2026-08-29 04:07:22,337 | INFO |    ✓ Found 8 movies
2026-08-29 04:07:22,338 | INFO | [1331/1901] Fetching Paradeep (PARD)
2026-08-29 04:07:22,826 | INFO | [1332/1901] Fetching Paralakhemundi (PRKM)
2026-08-29 04:07:23,236 | INFO |    ↳ Status 403
2026-08-29 04:07:23,236 | WARNING |    ⚠ Blocked (403) retry 1
2026-08-29 04:07:23,295 | INFO | 🌐 Session warmed
2026-08-29 04:07:23,613 | INFO |    ↳ Status 403
2026-08-29 04:07:23,614 | WARNING |    ⚠ Blocked (403) retry 1
2026-08-29 04:07:23,673 | INFO | 🌐 Session warmed
2026-08-29 04:07:24,623 | INFO |    ↳ Status 200
2026-08-29 04:07:24,623 | INFO |    ✓ Found 8 movies
2026-08-29 04:07:24,623 | INFO | [1333/1901] Fetching Parappanangadi (PAVP)
2026-08-29 04:07:24,874 | INFO |    ↳ Status 403
2026-08-29 04:07:24,874 | WARNING |    ⚠ Blocked (403) retry 3
2026-08-29 04:07:24,932 | INFO | 🌐 Session warmed
2026-08-29 04:07:25,359 | INFO |    ↳ Status 403
2026-08-29 04:07:25,359 | WARNING |    ⚠ Blocked (403) retry 2
2026-08-29 04:07:25,377 | INFO |    ↳ Status 403
2026-08-29 04:07:25,378 | WARNING |    ⚠ Blocked (403) retry 2
2026-08-29 04:07:25,429 | INFO | 🌐 Session warmed
2026-08-29 04:07:25,447 | INFO | 🌐 Session warmed
2026-08-29 04:07:26,261 | INFO |    ↳ Status 200
2026-08-29 04:07:26,261 | INFO |    ✓ Found 8 movies
2026-08-29 04:07:26,261 | INFO | [1334/1901] Fetching Paratwada (PARA)
2026-08-29 04:07:27,838 | INFO |    ↳ Status 200
2026-08-29 04:07:27,838 | INFO |    ✓ Found 5 movies
2026-08-29 04:07:27,839 | INFO | [1335/1901] Fetching Parbhani (PARB)
2026-08-29 04:07:28,580 | INFO |    ↳ Status 403
2026-08-29 04:07:28,580 | WARNING |    ⚠ Blocked (403) retry 3
2026-08-29 04:07:28,646 | INFO | 🌐 Session warmed
2026-08-29 04:07:28,761 | INFO |    ↳ Status 403
2026-08-29 04:07:28,761 | WARNING |    ⚠ Blocked (403) retry 3
2026-08-29 04:07:28,815 | INFO |    ↳ Status 200
2026-08-29 04:07:28,815 | INFO |    ✓ Found 5 movies
2026-08-29 04:07:28,816 | INFO | [1336/1901] Fetching Parchur (PARC)
2026-08-29 04:07:28,833 | INFO | 🌐 Session warmed
2026-08-29 04:07:28,932 | INFO | [1337/1901] Fetching Parigi (Telangana) (PARI)
2026-08-29 04:07:30,135 | INFO |    ↳ Status 403
2026-08-29 04:07:30,135 | WARNING |    ⚠ Blocked (403) retry 1
2026-08-29 04:07:30,212 | INFO | 🌐 Session warmed
2026-08-29 04:07:30,235 | INFO |    ↳ Status 200
2026-08-29 04:07:30,236 | INFO |    ✓ Found 7 movies
2026-08-29 04:07:30,236 | INFO | [1338/1901] Fetching Parkal (PARL)
2026-08-29 04:07:31,511 | INFO |    ↳ Status 200
2026-08-29 04:07:31,511 | INFO |    ✓ Found 7 movies
2026-08-29 04:07:31,511 | INFO | [1339/1901] Fetching Parli (PRLI)
2026-08-29 04:07:32,528 | INFO |    ↳ Status 403
2026-08-29 04:07:32,528 | WARNING |    ⚠ Blocked (403) retry 2
2026-08-29 04:07:32,587 | INFO | 🌐 Session warmed
2026-08-29 04:07:32,647 | INFO | [1340/1901] Fetching Parvathipuram (PRVT)
2026-08-29 04:07:32,734 | INFO |    ↳ Status 200
2026-08-29 04:07:32,734 | INFO |    ✓ Found 5 movies
2026-08-29 04:07:32,734 | INFO | [1341/1901] Fetching Parwanoo (PARW)
2026-08-29 04:07:32,834 | INFO | [1342/1901] Fetching Pasighat (PSHG)
2026-08-29 04:07:33,549 | INFO |    ↳ Status 403
2026-08-29 04:07:33,549 | WARNING |    ⚠ Blocked (403) retry 1
2026-08-29 04:07:33,605 | INFO | 🌐 Session warmed
2026-08-29 04:07:33,867 | INFO |    ↳ Status 403
2026-08-29 04:07:33,867 | WARNING |    ⚠ Blocked (403) retry 1
2026-08-29 04:07:33,923 | INFO | 🌐 Session warmed
2026-08-29 04:07:34,113 | INFO |    ↳ Status 200
2026-08-29 04:07:34,113 | INFO |    ✓ Found 6 movies
2026-08-29 04:07:34,114 | INFO | [1343/1901] Fetching Patan (PATA)
2026-08-29 04:07:35,132 | INFO |    ↳ Status 200
2026-08-29 04:07:35,132 | INFO |    ✓ Found 8 movies
2026-08-29 04:07:35,132 | INFO | [1344/1901] Fetching Patan (CG) (TNPR)
2026-08-29 04:07:35,434 | INFO |    ↳ Status 403
2026-08-29 04:07:35,434 | WARNING |    ⚠ Blocked (403) retry 2
2026-08-29 04:07:35,437 | INFO |    ↳ Status 403
2026-08-29 04:07:35,437 | WARNING |    ⚠ Blocked (403) retry 3
2026-08-29 04:07:35,514 | INFO | 🌐 Session warmed
2026-08-29 04:07:35,523 | INFO | 🌐 Session warmed
2026-08-29 04:07:36,136 | INFO |    ↳ Status 403
2026-08-29 04:07:36,136 | WARNING |    ⚠ Blocked (403) retry 2
2026-08-29 04:07:36,193 | INFO | 🌐 Session warmed
2026-08-29 04:07:36,263 | INFO |    ↳ Status 200
2026-08-29 04:07:36,263 | INFO |    ✓ Found 8 movies
2026-08-29 04:07:36,263 | INFO | [1345/1901] Fetching Patan (Satara) (PATM)
2026-08-29 04:07:37,389 | INFO |    ↳ Status 200
2026-08-29 04:07:37,389 | INFO |    ✓ Found 8 movies
2026-08-29 04:07:37,389 | INFO | [1346/1901] Fetching Pathalgaon (PAHT)
2026-08-29 04:07:38,218 | INFO |    ↳ Status 403
2026-08-29 04:07:38,218 | WARNING |    ⚠ Blocked (403) retry 3
2026-08-29 04:07:38,277 | INFO | 🌐 Session warmed
2026-08-29 04:07:38,941 | INFO |    ↳ Status 200
2026-08-29 04:07:38,941 | INFO |    ✓ Found 8 movies
2026-08-29 04:07:38,941 | INFO | [1347/1901] Fetching Pathanamthitta (PTNM)
2026-08-29 04:07:39,270 | INFO |    ↳ Status 403
2026-08-29 04:07:39,270 | WARNING |    ⚠ Blocked (403) retry 3
2026-08-29 04:07:39,327 | INFO | 🌐 Session warmed
2026-08-29 04:07:39,514 | INFO | [1348/1901] Fetching Pathanapuram (PTPM)
2026-08-29 04:07:40,364 | INFO |    ↳ Status 403
2026-08-29 04:07:40,364 | WARNING |    ⚠ Blocked (403) retry 1
2026-08-29 04:07:40,422 | INFO | 🌐 Session warmed
2026-08-29 04:07:40,626 | INFO |    ↳ Status 200
2026-08-29 04:07:40,626 | INFO |    ✓ Found 8 movies
2026-08-29 04:07:40,626 | INFO | [1349/1901] Fetching Pathankot (PATH)
2026-08-29 04:07:41,815 | INFO |    ↳ Status 200
2026-08-29 04:07:41,815 | INFO |    ✓ Found 8 movies
2026-08-29 04:07:41,815 | INFO | [1350/1901] Fetching Pathapatnam (PTPT)
2026-08-29 04:07:42,095 | INFO |    ↳ Status 403
2026-08-29 04:07:42,095 | WARNING |    ⚠ Blocked (403) retry 2
2026-08-29 04:07:42,152 | INFO | 🌐 Session warmed
2026-08-29 04:07:42,278 | INFO | [1351/1901] Fetching Pathsala (PATS)
2026-08-29 04:07:43,327 | INFO | [1352/1901] Fetching Patiala (PATI)
2026-08-29 04:07:43,459 | INFO |    ↳ Status 403
2026-08-29 04:07:43,459 | WARNING |    ⚠ Blocked (403) retry 1
2026-08-29 04:07:43,474 | INFO |    ↳ Status 200
2026-08-29 04:07:43,474 | INFO |    ✓ Found 7 movies
2026-08-29 04:07:43,474 | INFO | [1353/1901] Fetching Patna (PATN)
2026-08-29 04:07:43,518 | INFO | 🌐 Session warmed
2026-08-29 04:07:43,977 | INFO |    ↳ Status 403
2026-08-29 04:07:43,977 | WARNING |    ⚠ Blocked (403) retry 1
2026-08-29 04:07:44,036 | INFO | 🌐 Session warmed
2026-08-29 04:07:45,015 | INFO |    ↳ Status 403
2026-08-29 04:07:45,015 | WARNING |    ⚠ Blocked (403) retry 3
2026-08-29 04:07:45,074 | INFO | 🌐 Session warmed
2026-08-29 04:07:45,148 | INFO |    ↳ Status 200
2026-08-29 04:07:45,148 | INFO |    ✓ Found 7 movies
2026-08-29 04:07:45,148 | INFO | [1354/1901] Fetching Patran (PATR)
2026-08-29 04:07:45,606 | INFO |    ↳ Status 403
2026-08-29 04:07:45,606 | WARNING |    ⚠ Blocked (403) retry 2
2026-08-29 04:07:45,686 | INFO | 🌐 Session warmed
2026-08-29 04:07:46,346 | INFO |    ↳ Status 200
2026-08-29 04:07:46,346 | INFO |    ✓ Found 8 movies
2026-08-29 04:07:46,346 | INFO | [1355/1901] Fetching Patratu (PARY)
2026-08-29 04:07:46,399 | INFO |    ↳ Status 403
2026-08-29 04:07:46,399 | WARNING |    ⚠ Blocked (403) retry 2
2026-08-29 04:07:46,457 | INFO | 🌐 Session warmed
2026-08-29 04:07:47,545 | INFO |    ↳ Status 200
2026-08-29 04:07:47,545 | INFO |    ✓ Found 8 movies
2026-08-29 04:07:47,545 | INFO | [1356/1901] Fetching Pattambi (PTMB)
2026-08-29 04:07:48,697 | INFO |    ↳ Status 200
2026-08-29 04:07:48,698 | INFO |    ✓ Found 8 movies
2026-08-29 04:07:48,698 | INFO | [1357/1901] Fetching Pattukkottai (PATU)
2026-08-29 04:07:49,027 | INFO |    ↳ Status 403
2026-08-29 04:07:49,027 | WARNING |    ⚠ Blocked (403) retry 3
2026-08-29 04:07:49,075 | INFO | [1358/1901] Fetching Pavagada (PAGD)
2026-08-29 04:07:49,094 | INFO | 🌐 Session warmed
2026-08-29 04:07:49,494 | INFO |    ↳ Status 403
2026-08-29 04:07:49,494 | WARNING |    ⚠ Blocked (403) retry 3
2026-08-29 04:07:49,560 | INFO | 🌐 Session warmed
2026-08-29 04:07:49,988 | INFO |    ↳ Status 200
2026-08-29 04:07:49,989 | INFO |    ✓ Found 7 movies
2026-08-29 04:07:49,989 | INFO | [1359/1901] Fetching Payakaraopeta (PATE)
2026-08-29 04:07:50,117 | INFO |    ↳ Status 403
2026-08-29 04:07:50,117 | WARNING |    ⚠ Blocked (403) retry 1
2026-08-29 04:07:50,180 | INFO | 🌐 Session warmed
2026-08-29 04:07:51,539 | INFO |    ↳ Status 200
2026-08-29 04:07:51,539 | INFO |    ✓ Found 7 movies
2026-08-29 04:07:51,540 | INFO | [1360/1901] Fetching Payyanur (PAYY)
2026-08-29 04:07:52,472 | INFO |    ↳ Status 403
2026-08-29 04:07:52,472 | WARNING |    ⚠ Blocked (403) retry 2
2026-08-29 04:07:52,530 | INFO | 🌐 Session warmed
2026-08-29 04:07:52,695 | INFO |    ↳ Status 200
2026-08-29 04:07:52,695 | INFO |    ✓ Found 8 movies
2026-08-29 04:07:52,695 | INFO | [1361/1901] Fetching Payyoli (PAYO)
2026-08-29 04:07:53,094 | INFO | [1362/1901] Fetching Pazhayannur (PLYN)
2026-08-29 04:07:53,560 | INFO | [1363/1901] Fetching Pebbair (PEIR)
2026-08-29 04:07:54,310 | INFO |    ↳ Status 200
2026-08-29 04:07:54,311 | INFO |    ✓ Found 8 movies
2026-08-29 04:07:54,311 | INFO | [1364/1901] Fetching Pedana (PEDZ)
2026-08-29 04:07:54,446 | INFO |    ↳ Status 403
2026-08-29 04:07:54,446 | WARNING |    ⚠ Blocked (403) retry 1
2026-08-29 04:07:54,504 | INFO | 🌐 Session warmed
2026-08-29 04:07:54,884 | INFO |    ↳ Status 403
2026-08-29 04:07:54,884 | WARNING |    ⚠ Blocked (403) retry 1
2026-08-29 04:07:54,943 | INFO | 🌐 Session warmed
2026-08-29 04:07:55,460 | INFO |    ↳ Status 200
2026-08-29 04:07:55,460 | INFO |    ✓ Found 8 movies
2026-08-29 04:07:55,460 | INFO | [1365/1901] Fetching Pedanandipadu (PEDN)
2026-08-29 04:07:55,661 | INFO |    ↳ Status 403
2026-08-29 04:07:55,661 | WARNING |    ⚠ Blocked (403) retry 3
2026-08-29 04:07:55,717 | INFO | 🌐 Session warmed
2026-08-29 04:07:56,456 | INFO |    ↳ Status 200
2026-08-29 04:07:56,456 | INFO |    ✓ Found 7 movies
2026-08-29 04:07:56,456 | INFO | [1366/1901] Fetching Pedapadu (PEDD)
2026-08-29 04:07:56,612 | INFO |    ↳ Status 403
2026-08-29 04:07:56,612 | WARNING |    ⚠ Blocked (403) retry 2
2026-08-29 04:07:56,669 | INFO | 🌐 Session warmed
2026-08-29 04:07:57,041 | INFO |    ↳ Status 403
2026-08-29 04:07:57,041 | WARNING |    ⚠ Blocked (403) retry 2
2026-08-29 04:07:57,097 | INFO | 🌐 Session warmed
2026-08-29 04:07:57,455 | INFO |    ↳ Status 200
2026-08-29 04:07:57,456 | INFO |    ✓ Found 7 movies
2026-08-29 04:07:57,456 | INFO | [1367/1901] Fetching Peddapalli (PEDA)
2026-08-29 04:07:58,868 | INFO |    ↳ Status 200
2026-08-29 04:07:58,868 | INFO |    ✓ Found 7 movies
2026-08-29 04:07:58,868 | INFO | [1368/1901] Fetching Peddapuram (PEDP)
2026-08-29 04:07:59,595 | INFO |    ↳ Status 403
2026-08-29 04:07:59,595 | WARNING |    ⚠ Blocked (403) retry 3
2026-08-29 04:07:59,651 | INFO | 🌐 Session warmed
2026-08-29 04:07:59,718 | INFO | [1369/1901] Fetching Pen (PEN)
2026-08-29 04:07:59,826 | INFO |    ↳ Status 200
2026-08-29 04:07:59,826 | INFO |    ✓ Found 7 movies
2026-08-29 04:07:59,826 | INFO | [1370/1901] Fetching Pendra (PEND)
2026-08-29 04:08:00,234 | INFO |    ↳ Status 403
2026-08-29 04:08:00,234 | WARNING |    ⚠ Blocked (403) retry 3
2026-08-29 04:08:00,296 | INFO | 🌐 Session warmed
2026-08-29 04:08:00,924 | INFO |    ↳ Status 403
2026-08-29 04:08:00,924 | WARNING |    ⚠ Blocked (403) retry 1
2026-08-29 04:08:00,983 | INFO | 🌐 Session warmed
2026-08-29 04:08:01,293 | INFO |    ↳ Status 200
2026-08-29 04:08:01,293 | INFO |    ✓ Found 8 movies
2026-08-29 04:08:01,293 | INFO | [1371/1901] Fetching Pennagaram (PENM)
2026-08-29 04:08:02,175 | INFO |    ↳ Status 200
2026-08-29 04:08:02,175 | INFO |    ✓ Found 7 movies
2026-08-29 04:08:02,175 | INFO | [1372/1901] Fetching Penuganchiprolu (PENU)
2026-08-29 04:08:02,701 | INFO |    ↳ Status 403
2026-08-29 04:08:02,701 | WARNING |    ⚠ Blocked (403) retry 2
2026-08-29 04:08:02,758 | INFO | 🌐 Session warmed
2026-08-29 04:08:03,460 | INFO |    ↳ Status 200
2026-08-29 04:08:03,460 | INFO |    ✓ Found 7 movies
2026-08-29 04:08:03,460 | INFO | [1373/1901] Fetching Penugonda (PDDG)
2026-08-29 04:08:03,651 | INFO | [1374/1901] Fetching Peralam (PERL)
2026-08-29 04:08:04,297 | INFO | [1375/1901] Fetching Perambalur (PERA)
2026-08-29 04:08:04,626 | INFO |    ↳ Status 200
2026-08-29 04:08:04,626 | INFO |    ✓ Found 7 movies
2026-08-29 04:08:04,626 | INFO | [1376/1901] Fetching Peravoor (PPVR)
2026-08-29 04:08:04,755 | INFO |    ↳ Status 403
2026-08-29 04:08:04,755 | WARNING |    ⚠ Blocked (403) retry 1
2026-08-29 04:08:04,824 | INFO | 🌐 Session warmed
2026-08-29 04:08:05,421 | INFO |    ↳ Status 403
2026-08-29 04:08:05,421 | WARNING |    ⚠ Blocked (403) retry 1
2026-08-29 04:08:05,448 | INFO |    ↳ Status 403
2026-08-29 04:08:05,448 | WARNING |    ⚠ Blocked (403) retry 3
2026-08-29 04:08:05,489 | INFO | 🌐 Session warmed
2026-08-29 04:08:05,519 | INFO | 🌐 Session warmed
2026-08-29 04:08:05,820 | INFO |    ↳ Status 200
2026-08-29 04:08:05,821 | INFO |    ✓ Found 8 movies
2026-08-29 04:08:05,821 | INFO | [1377/1901] Fetching Peringamala (PRGM)
2026-08-29 04:08:06,621 | INFO |    ↳ Status 403
2026-08-29 04:08:06,621 | WARNING |    ⚠ Blocked (403) retry 2
2026-08-29 04:08:06,679 | INFO | 🌐 Session warmed
2026-08-29 04:08:07,125 | INFO |    ↳ Status 200
2026-08-29 04:08:07,125 | INFO |    ✓ Found 8 movies
2026-08-29 04:08:07,125 | INFO | [1378/1901] Fetching Peringottukurissi (PERN)
2026-08-29 04:08:07,770 | INFO |    ↳ Status 403
2026-08-29 04:08:07,770 | WARNING |    ⚠ Blocked (403) retry 2
2026-08-29 04:08:07,829 | INFO | 🌐 Session warmed
2026-08-29 04:08:09,294 | INFO |    ↳ Status 200
2026-08-29 04:08:09,294 | INFO |    ✓ Found 8 movies
2026-08-29 04:08:09,294 | INFO | [1379/1901] Fetching Perinthalmanna (PNTM)
2026-08-29 04:08:09,445 | INFO |    ↳ Status 403
2026-08-29 04:08:09,445 | WARNING |    ⚠ Blocked (403) retry 3
2026-08-29 04:08:09,502 | INFO | 🌐 Session warmed
2026-08-29 04:08:09,519 | INFO | [1380/1901] Fetching Periyapatna (PERI)
2026-08-29 04:08:10,526 | INFO |    ↳ Status 403
2026-08-29 04:08:10,526 | WARNING |    ⚠ Blocked (403) retry 1
2026-08-29 04:08:10,567 | INFO |    ↳ Status 200
2026-08-29 04:08:10,567 | INFO |    ✓ Found 8 movies
2026-08-29 04:08:10,567 | INFO | [1381/1901] Fetching Pernambut (PERM)
2026-08-29 04:08:10,584 | INFO | 🌐 Session warmed
2026-08-29 04:08:11,197 | INFO |    ↳ Status 403
2026-08-29 04:08:11,197 | WARNING |    ⚠ Blocked (403) retry 3
2026-08-29 04:08:11,253 | INFO | 🌐 Session warmed
2026-08-29 04:08:12,236 | INFO |    ↳ Status 200
2026-08-29 04:08:12,237 | INFO |    ✓ Found 8 movies
2026-08-29 04:08:12,237 | INFO | [1382/1901] Fetching Perundurai (PEDR)
2026-08-29 04:08:12,943 | INFO |    ↳ Status 403
2026-08-29 04:08:12,943 | WARNING |    ⚠ Blocked (403) retry 2
2026-08-29 04:08:13,002 | INFO | 🌐 Session warmed
2026-08-29 04:08:13,502 | INFO | [1383/1901] Fetching Petlad (PETL)
2026-08-29 04:08:13,821 | INFO |    ↳ Status 200
2026-08-29 04:08:13,821 | INFO |    ✓ Found 8 movies
2026-08-29 04:08:13,822 | INFO | [1384/1901] Fetching Phagwara (PHAG)
2026-08-29 04:08:14,430 | INFO |    ↳ Status 403
2026-08-29 04:08:14,431 | WARNING |    ⚠ Blocked (403) retry 1
2026-08-29 04:08:14,487 | INFO | 🌐 Session warmed
2026-08-29 04:08:15,254 | INFO | [1385/1901] Fetching Phalodi (PHLD)
2026-08-29 04:08:15,429 | INFO |    ↳ Status 200
2026-08-29 04:08:15,429 | INFO |    ✓ Found 8 movies
2026-08-29 04:08:15,430 | INFO | [1386/1901] Fetching Phaltan (PHAL)
2026-08-29 04:08:16,208 | INFO |    ↳ Status 403
2026-08-29 04:08:16,208 | WARNING |    ⚠ Blocked (403) retry 3
2026-08-29 04:08:16,240 | INFO |    ↳ Status 403
2026-08-29 04:08:16,241 | WARNING |    ⚠ Blocked (403) retry 1
2026-08-29 04:08:16,276 | INFO | 🌐 Session warmed
2026-08-29 04:08:16,308 | INFO | 🌐 Session warmed
2026-08-29 04:08:16,427 | INFO |    ↳ Status 403
2026-08-29 04:08:16,427 | WARNING |    ⚠ Blocked (403) retry 2
2026-08-29 04:08:16,498 | INFO | 🌐 Session warmed
2026-08-29 04:08:16,635 | INFO |    ↳ Status 200
2026-08-29 04:08:16,635 | INFO |    ✓ Found 5 movies
2026-08-29 04:08:16,635 | INFO | [1387/1901] Fetching Phulbani (PHBN)
2026-08-29 04:08:17,663 | INFO |    ↳ Status 200
2026-08-29 04:08:17,663 | INFO |    ✓ Found 8 movies
2026-08-29 04:08:17,663 | INFO | [1388/1901] Fetching Piduguralla (PIDU)
2026-08-29 04:08:18,463 | INFO |    ↳ Status 403
2026-08-29 04:08:18,463 | WARNING |    ⚠ Blocked (403) retry 2
2026-08-29 04:08:18,524 | INFO | 🌐 Session warmed
2026-08-29 04:08:18,962 | INFO |    ↳ Status 200
2026-08-29 04:08:18,962 | INFO |    ✓ Found 7 movies
2026-08-29 04:08:18,962 | INFO | [1389/1901] Fetching Pilani (PILA)
2026-08-29 04:08:19,512 | INFO |    ↳ Status 403
2026-08-29 04:08:19,512 | WARNING |    ⚠ Blocked (403) retry 3
2026-08-29 04:08:19,576 | INFO | 🌐 Session warmed
2026-08-29 04:08:20,277 | INFO | [1390/1901] Fetching Pileru (PLRU)
2026-08-29 04:08:20,624 | INFO |    ↳ Status 200
2026-08-29 04:08:20,624 | INFO |    ✓ Found 4 movies
2026-08-29 04:08:20,624 | INFO | [1391/1901] Fetching Pilibhit (PIHI)
2026-08-29 04:08:21,132 | INFO |    ↳ Status 403
2026-08-29 04:08:21,132 | WARNING |    ⚠ Blocked (403) retry 1
2026-08-29 04:08:21,195 | INFO | 🌐 Session warmed
2026-08-29 04:08:21,561 | INFO |    ↳ Status 403
2026-08-29 04:08:21,561 | WARNING |    ⚠ Blocked (403) retry 3
2026-08-29 04:08:21,627 | INFO | 🌐 Session warmed
2026-08-29 04:08:21,835 | INFO |    ↳ Status 200
2026-08-29 04:08:21,835 | INFO |    ✓ Found 6 movies
2026-08-29 04:08:21,835 | INFO | [1392/1901] Fetching Pimpalner (PPAL)
2026-08-29 04:08:22,998 | INFO |    ↳ Status 200
2026-08-29 04:08:22,999 | INFO |    ✓ Found 8 movies
2026-08-29 04:08:22,999 | INFO | [1393/1901] Fetching Pimpri (PIMP)
2026-08-29 04:08:23,454 | INFO |    ↳ Status 403
2026-08-29 04:08:23,454 | WARNING |    ⚠ Blocked (403) retry 2
2026-08-29 04:08:23,512 | INFO | 🌐 Session warmed
2026-08-29 04:08:23,576 | INFO | [1394/1901] Fetching Pinjore (PINJ)
2026-08-29 04:08:24,199 | INFO |    ↳ Status 403
2026-08-29 04:08:24,199 | WARNING |    ⚠ Blocked (403) retry 1
2026-08-29 04:08:24,258 | INFO | 🌐 Session warmed
2026-08-29 04:08:24,666 | INFO |    ↳ Status 200
2026-08-29 04:08:24,666 | INFO |    ✓ Found 5 movies
2026-08-29 04:08:24,666 | INFO | [1395/1901] Fetching Pipariya (PIPY)
2026-08-29 04:08:25,627 | INFO | [1396/1901] Fetching Pipraich (PIPR)
2026-08-29 04:08:25,880 | INFO |    ↳ Status 200
2026-08-29 04:08:25,880 | INFO |    ✓ Found 7 movies
2026-08-29 04:08:25,880 | INFO | [1397/1901] Fetching Pithampur (PITH)
2026-08-29 04:08:26,275 | INFO |    ↳ Status 403
2026-08-29 04:08:26,275 | WARNING |    ⚠ Blocked (403) retry 1
2026-08-29 04:08:26,341 | INFO | 🌐 Session warmed
2026-08-29 04:08:26,563 | INFO |    ↳ Status 403
2026-08-29 04:08:26,563 | WARNING |    ⚠ Blocked (403) retry 2
2026-08-29 04:08:26,628 | INFO | 🌐 Session warmed
2026-08-29 04:08:26,685 | INFO |    ↳ Status 403
2026-08-29 04:08:26,685 | WARNING |    ⚠ Blocked (403) retry 3
2026-08-29 04:08:26,740 | INFO | 🌐 Session warmed
2026-08-29 04:08:27,440 | INFO |    ↳ Status 200
2026-08-29 04:08:27,440 | INFO |    ✓ Found 7 movies
2026-08-29 04:08:27,440 | INFO | [1398/1901] Fetching Pithapuram (PITA)
2026-08-29 04:08:28,307 | INFO |    ↳ Status 403
2026-08-29 04:08:28,307 | WARNING |    ⚠ Blocked (403) retry 2
2026-08-29 04:08:28,362 | INFO | 🌐 Session warmed
2026-08-29 04:08:28,428 | INFO |    ↳ Status 200
2026-08-29 04:08:28,428 | INFO |    ✓ Found 7 movies
2026-08-29 04:08:28,428 | INFO | [1399/1901] Fetching Pithora (PHOR)
2026-08-29 04:08:29,947 | INFO |    ↳ Status 403
2026-08-29 04:08:29,947 | WARNING |    ⚠ Blocked (403) retry 3
2026-08-29 04:08:30,002 | INFO | 🌐 Session warmed
2026-08-29 04:08:30,317 | INFO |    ↳ Status 200
2026-08-29 04:08:30,317 | INFO |    ✓ Found 8 movies
2026-08-29 04:08:30,317 | INFO | [1400/1901] Fetching Pithoragarh (PITO)
2026-08-29 04:08:30,741 | INFO | [1401/1901] Fetching Pitlam (PILM)
2026-08-29 04:08:31,385 | INFO |    ↳ Status 200
2026-08-29 04:08:31,385 | INFO |    ✓ Found 8 movies
2026-08-29 04:08:31,385 | INFO | [1402/1901] Fetching Pochampally (POCH)
2026-08-29 04:08:31,678 | INFO |    ↳ Status 403
2026-08-29 04:08:31,678 | WARNING |    ⚠ Blocked (403) retry 3
2026-08-29 04:08:31,741 | INFO | 🌐 Session warmed
2026-08-29 04:08:32,099 | INFO |    ↳ Status 403
2026-08-29 04:08:32,099 | WARNING |    ⚠ Blocked (403) retry 1
2026-08-29 04:08:32,170 | INFO | 🌐 Session warmed
2026-08-29 04:08:32,427 | INFO |    ↳ Status 200
2026-08-29 04:08:32,427 | INFO |    ✓ Found 7 movies
2026-08-29 04:08:32,427 | INFO | [1403/1901] Fetching Podalakur (PODA)
2026-08-29 04:08:34,002 | INFO | [1404/1901] Fetching Podili (PODI)
2026-08-29 04:08:34,131 | INFO |    ↳ Status 200
2026-08-29 04:08:34,131 | INFO |    ✓ Found 7 movies
2026-08-29 04:08:34,131 | INFO | [1405/1901] Fetching Polavaram (PLAB)
2026-08-29 04:08:34,501 | INFO |    ↳ Status 403
2026-08-29 04:08:34,501 | WARNING |    ⚠ Blocked (403) retry 2
2026-08-29 04:08:34,561 | INFO | 🌐 Session warmed
2026-08-29 04:08:35,027 | INFO |    ↳ Status 403
2026-08-29 04:08:35,027 | WARNING |    ⚠ Blocked (403) retry 1
2026-08-29 04:08:35,081 | INFO | 🌐 Session warmed
2026-08-29 04:08:35,742 | INFO | [1406/1901] Fetching Pollachi (POLL)
2026-08-29 04:08:35,772 | INFO |    ↳ Status 200
2026-08-29 04:08:35,772 | INFO |    ✓ Found 7 movies
2026-08-29 04:08:35,773 | INFO | [1407/1901] Fetching Pondicherry (POND)
2026-08-29 04:08:36,791 | INFO |    ↳ Status 403
2026-08-29 04:08:36,791 | WARNING |    ⚠ Blocked (403) retry 2
2026-08-29 04:08:36,847 | INFO | 🌐 Session warmed
2026-08-29 04:08:37,082 | INFO |    ↳ Status 403
2026-08-29 04:08:37,082 | WARNING |    ⚠ Blocked (403) retry 1
2026-08-29 04:08:37,146 | INFO | 🌐 Session warmed
2026-08-29 04:08:37,252 | INFO |    ↳ Status 200
2026-08-29 04:08:37,252 | INFO |    ✓ Found 7 movies
2026-08-29 04:08:37,252 | INFO | [1408/1901] Fetching Ponduru (PONU)
2026-08-29 04:08:37,641 | INFO |    ↳ Status 403
2026-08-29 04:08:37,641 | WARNING |    ⚠ Blocked (403) retry 3
2026-08-29 04:08:37,702 | INFO | 🌐 Session warmed
2026-08-29 04:08:38,765 | INFO |    ↳ Status 200
2026-08-29 04:08:38,765 | INFO |    ✓ Found 7 movies
2026-08-29 04:08:38,765 | INFO | [1409/1901] Fetching Ponkunnam (PONK)
2026-08-29 04:08:39,486 | INFO |    ↳ Status 403
2026-08-29 04:08:39,487 | WARNING |    ⚠ Blocked (403) retry 3
2026-08-29 04:08:39,499 | INFO |    ↳ Status 403
2026-08-29 04:08:39,499 | WARNING |    ⚠ Blocked (403) retry 2
2026-08-29 04:08:39,554 | INFO | 🌐 Session warmed
2026-08-29 04:08:39,566 | INFO | 🌐 Session warmed
2026-08-29 04:08:40,287 | INFO |    ↳ Status 200
2026-08-29 04:08:40,287 | INFO |    ✓ Found 8 movies
2026-08-29 04:08:40,287 | INFO | [1410/1901] Fetching Ponnamaravathi (PONM)
2026-08-29 04:08:41,702 | INFO | [1411/1901] Fetching Ponnani (PONN)
2026-08-29 04:08:41,928 | INFO |    ↳ Status 200
2026-08-29 04:08:41,928 | INFO |    ✓ Found 7 movies
2026-08-29 04:08:41,928 | INFO | [1412/1901] Fetching Ponneri (PONE)
2026-08-29 04:08:42,828 | INFO |    ↳ Status 403
2026-08-29 04:08:42,828 | WARNING |    ⚠ Blocked (403) retry 3
2026-08-29 04:08:42,885 | INFO | 🌐 Session warmed
2026-08-29 04:08:43,043 | INFO |    ↳ Status 403
2026-08-29 04:08:43,043 | WARNING |    ⚠ Blocked (403) retry 1
2026-08-29 04:08:43,098 | INFO | 🌐 Session warmed
2026-08-29 04:08:43,554 | INFO | [1413/1901] Fetching Poovar (POOV)
2026-08-29 04:08:43,665 | INFO |    ↳ Status 200
2026-08-29 04:08:43,665 | INFO |    ✓ Found 7 movies
2026-08-29 04:08:43,666 | INFO | [1414/1901] Fetching Porbandar (PORB)
2026-08-29 04:08:44,272 | INFO |    ↳ Status 403
2026-08-29 04:08:44,272 | WARNING |    ⚠ Blocked (403) retry 1
2026-08-29 04:08:44,331 | INFO | 🌐 Session warmed
2026-08-29 04:08:45,071 | INFO |    ↳ Status 200
2026-08-29 04:08:45,072 | INFO |    ✓ Found 8 movies
2026-08-29 04:08:45,072 | INFO | [1415/1901] Fetching Port Blair (PORT)
2026-08-29 04:08:45,464 | INFO |    ↳ Status 403
2026-08-29 04:08:45,464 | WARNING |    ⚠ Blocked (403) retry 2
2026-08-29 04:08:45,520 | INFO | 🌐 Session warmed
2026-08-29 04:08:46,501 | INFO |    ↳ Status 403
2026-08-29 04:08:46,501 | WARNING |    ⚠ Blocked (403) retry 2
2026-08-29 04:08:46,560 | INFO | 🌐 Session warmed
2026-08-29 04:08:46,682 | INFO |    ↳ Status 200
2026-08-29 04:08:46,682 | INFO |    ✓ Found 1 movies
2026-08-29 04:08:46,682 | INFO | [1416/1901] Fetching Porumamilla (PORU)
2026-08-29 04:08:46,885 | INFO | [1417/1901] Fetching Pratapgarh (Rajasthan) (PTRT)
2026-08-29 04:08:47,498 | INFO |    ↳ Status 403
2026-08-29 04:08:47,498 | WARNING |    ⚠ Blocked (403) retry 1
2026-08-29 04:08:47,552 | INFO | 🌐 Session warmed
2026-08-29 04:08:47,785 | INFO |    ↳ Status 200
2026-08-29 04:08:47,786 | INFO |    ✓ Found 7 movies
2026-08-29 04:08:47,786 | INFO | [1418/1901] Fetching Pratapgarh (UP) (PRAT)
2026-08-29 04:08:48,854 | INFO |    ↳ Status 403
2026-08-29 04:08:48,854 | WARNING |    ⚠ Blocked (403) retry 3
2026-08-29 04:08:48,912 | INFO | 🌐 Session warmed
2026-08-29 04:08:49,477 | INFO |    ↳ Status 200
2026-08-29 04:08:49,477 | INFO |    ✓ Found 6 movies
2026-08-29 04:08:49,477 | INFO | [1419/1901] Fetching Prayagraj (Allahabad) (ALLH)
2026-08-29 04:08:49,573 | INFO |    ↳ Status 403
2026-08-29 04:08:49,574 | WARNING |    ⚠ Blocked (403) retry 2
2026-08-29 04:08:49,629 | INFO |    ↳ Status 403
2026-08-29 04:08:49,629 | WARNING |    ⚠ Blocked (403) retry 3
2026-08-29 04:08:49,633 | INFO | 🌐 Session warmed
2026-08-29 04:08:49,690 | INFO | 🌐 Session warmed
2026-08-29 04:08:51,266 | INFO |    ↳ Status 200
2026-08-29 04:08:51,266 | INFO |    ✓ Found 6 movies
2026-08-29 04:08:51,266 | INFO | [1420/1901] Fetching Proddatur (PROD)
2026-08-29 04:08:52,806 | INFO |    ↳ Status 200
2026-08-29 04:08:52,806 | INFO |    ✓ Found 7 movies
2026-08-29 04:08:52,807 | INFO | [1421/1901] Fetching Pudukkottai (PUDH)
2026-08-29 04:08:52,912 | INFO | [1422/1901] Fetching Pulgaon (PUON)
2026-08-29 04:08:52,941 | INFO |    ↳ Status 403
2026-08-29 04:08:52,941 | WARNING |    ⚠ Blocked (403) retry 3
2026-08-29 04:08:52,995 | INFO | 🌐 Session warmed
2026-08-29 04:08:53,690 | INFO | [1423/1901] Fetching Puliampatti (PAPT)
2026-08-29 04:08:53,781 | INFO |    ↳ Status 200
2026-08-29 04:08:53,782 | INFO |    ✓ Found 7 movies
2026-08-29 04:08:53,782 | INFO | [1424/1901] Fetching Pulivendula (PLVN)
2026-08-29 04:08:54,321 | INFO |    ↳ Status 403
2026-08-29 04:08:54,321 | WARNING |    ⚠ Blocked (403) retry 1
2026-08-29 04:08:54,379 | INFO | 🌐 Session warmed
2026-08-29 04:08:54,913 | INFO |    ↳ Status 403
2026-08-29 04:08:54,913 | WARNING |    ⚠ Blocked (403) retry 1
2026-08-29 04:08:54,972 | INFO | 🌐 Session warmed
2026-08-29 04:08:55,163 | INFO |    ↳ Status 200
2026-08-29 04:08:55,163 | INFO |    ✓ Found 8 movies
2026-08-29 04:08:55,163 | INFO | [1425/1901] Fetching Puliyangudi (PULI)
2026-08-29 04:08:56,008 | INFO |    ↳ Status 403
2026-08-29 04:08:56,008 | WARNING |    ⚠ Blocked (403) retry 2
2026-08-29 04:08:56,064 | INFO | 🌐 Session warmed
2026-08-29 04:08:56,809 | INFO |    ↳ Status 200
2026-08-29 04:08:56,809 | INFO |    ✓ Found 7 movies
2026-08-29 04:08:56,810 | INFO | [1426/1901] Fetching Pulluvila (PULA)
2026-08-29 04:08:56,995 | INFO | [1427/1901] Fetching Pulpally (PULP)
2026-08-29 04:08:57,258 | INFO |    ↳ Status 403
2026-08-29 04:08:57,258 | WARNING |    ⚠ Blocked (403) retry 2
2026-08-29 04:08:57,319 | INFO | 🌐 Session warmed
2026-08-29 04:08:58,141 | INFO |    ↳ Status 200
2026-08-29 04:08:58,141 | INFO |    ✓ Found 8 movies
2026-08-29 04:08:58,142 | INFO | [1428/1901] Fetching Pulwama (PULW)
2026-08-29 04:08:58,145 | INFO |    ↳ Status 403
2026-08-29 04:08:58,145 | WARNING |    ⚠ Blocked (403) retry 1
2026-08-29 04:08:58,205 | INFO | 🌐 Session warmed
2026-08-29 04:08:59,069 | INFO |    ↳ Status 403
2026-08-29 04:08:59,070 | WARNING |    ⚠ Blocked (403) retry 3
2026-08-29 04:08:59,127 | INFO | 🌐 Session warmed
2026-08-29 04:08:59,168 | INFO |    ↳ Status 200
2026-08-29 04:08:59,168 | INFO |    ✓ Found 8 movies
2026-08-29 04:08:59,168 | INFO | [1429/1901] Fetching Punalur (PUNA)
2026-08-29 04:09:00,593 | INFO |    ↳ Status 403
2026-08-29 04:09:00,593 | WARNING |    ⚠ Blocked (403) retry 2
2026-08-29 04:09:00,600 | INFO |    ↳ Status 403
2026-08-29 04:09:00,600 | WARNING |    ⚠ Blocked (403) retry 3
2026-08-29 04:09:00,657 | INFO |    ↳ Status 200
2026-08-29 04:09:00,657 | INFO |    ✓ Found 8 movies
2026-08-29 04:09:00,657 | INFO | [1430/1901] Fetching Punganur (PGNR)
2026-08-29 04:09:00,668 | INFO | 🌐 Session warmed
2026-08-29 04:09:00,686 | INFO | 🌐 Session warmed
2026-08-29 04:09:01,701 | INFO |    ↳ Status 200
2026-08-29 04:09:01,701 | INFO |    ✓ Found 7 movies
2026-08-29 04:09:01,702 | INFO | [1431/1901] Fetching Puranpur (PAPN)
2026-08-29 04:09:03,128 | INFO | [1432/1901] Fetching Puri (PURI)
2026-08-29 04:09:03,179 | INFO |    ↳ Status 200
2026-08-29 04:09:03,179 | INFO |    ✓ Found 8 movies
2026-08-29 04:09:03,179 | INFO | [1433/1901] Fetching Purnea (PURN)
2026-08-29 04:09:03,841 | INFO |    ↳ Status 403
2026-08-29 04:09:03,841 | WARNING |    ⚠ Blocked (403) retry 1
2026-08-29 04:09:03,903 | INFO | 🌐 Session warmed
2026-08-29 04:09:04,038 | INFO |    ↳ Status 403
2026-08-29 04:09:04,038 | WARNING |    ⚠ Blocked (403) retry 3
2026-08-29 04:09:04,113 | INFO | 🌐 Session warmed
2026-08-29 04:09:04,230 | INFO |    ↳ Status 200
2026-08-29 04:09:04,230 | INFO |    ✓ Found 7 movies
2026-08-29 04:09:04,230 | INFO | [1434/1901] Fetching Purulia (PURU)
2026-08-29 04:09:04,687 | INFO | [1435/1901] Fetching Pusad (PUSD)
2026-08-29 04:09:05,604 | INFO |    ↳ Status 403
2026-08-29 04:09:05,604 | WARNING |    ⚠ Blocked (403) retry 2
2026-08-29 04:09:05,664 | INFO | 🌐 Session warmed
2026-08-29 04:09:05,724 | INFO |    ↳ Status 200
2026-08-29 04:09:05,724 | INFO |    ✓ Found 8 movies
2026-08-29 04:09:05,724 | INFO | [1436/1901] Fetching Pusapatirega (PREG)
2026-08-29 04:09:05,803 | INFO |    ↳ Status 403
2026-08-29 04:09:05,803 | WARNING |    ⚠ Blocked (403) retry 1
2026-08-29 04:09:05,861 | INFO | 🌐 Session warmed
2026-08-29 04:09:07,390 | INFO |    ↳ Status 200
2026-08-29 04:09:07,390 | INFO |    ✓ Found 7 movies
2026-08-29 04:09:07,390 | INFO | [1437/1901] Fetching Pushkar (PUSH)
2026-08-29 04:09:08,112 | INFO |    ↳ Status 403
2026-08-29 04:09:08,112 | WARNING |    ⚠ Blocked (403) retry 2
2026-08-29 04:09:08,115 | INFO | [1438/1901] Fetching Puthenvelikara (PUTH)
2026-08-29 04:09:08,169 | INFO | 🌐 Session warmed
2026-08-29 04:09:08,492 | INFO |    ↳ Status 200
2026-08-29 04:09:08,493 | INFO |    ✓ Found 4 movies
2026-08-29 04:09:08,493 | INFO | [1439/1901] Fetching Puthenvelikkara (PUTD)
2026-08-29 04:09:08,645 | INFO |    ↳ Status 403
2026-08-29 04:09:08,646 | WARNING |    ⚠ Blocked (403) retry 3
2026-08-29 04:09:08,705 | INFO | 🌐 Session warmed
2026-08-29 04:09:09,201 | INFO |    ↳ Status 403
2026-08-29 04:09:09,201 | WARNING |    ⚠ Blocked (403) retry 1
2026-08-29 04:09:09,268 | INFO | 🌐 Session warmed
2026-08-29 04:09:10,977 | INFO |    ↳ Status 200
2026-08-29 04:09:10,977 | INFO |    ✓ Found 8 movies
2026-08-29 04:09:10,977 | INFO | [1440/1901] Fetching Puthoor (PUTR)
2026-08-29 04:09:10,992 | INFO |    ↳ Status 403
2026-08-29 04:09:10,992 | WARNING |    ⚠ Blocked (403) retry 3
2026-08-29 04:09:11,055 | INFO | 🌐 Session warmed
2026-08-29 04:09:11,486 | INFO |    ↳ Status 403
2026-08-29 04:09:11,486 | WARNING |    ⚠ Blocked (403) retry 2
2026-08-29 04:09:11,546 | INFO | 🌐 Session warmed
2026-08-29 04:09:12,294 | INFO |    ↳ Status 200
2026-08-29 04:09:12,294 | INFO |    ✓ Found 8 movies
2026-08-29 04:09:12,294 | INFO | [1441/1901] Fetching Puttur (Andhra Pradesh) (PUTT)
2026-08-29 04:09:12,706 | INFO | [1442/1901] Fetching Puttur (Karnataka) (PTTU)
2026-08-29 04:09:13,867 | INFO |    ↳ Status 403
2026-08-29 04:09:13,867 | WARNING |    ⚠ Blocked (403) retry 1
2026-08-29 04:09:13,881 | INFO |    ↳ Status 200
2026-08-29 04:09:13,881 | INFO |    ✓ Found 3 movies
2026-08-29 04:09:13,881 | INFO | [1443/1901] Fetching Rabkavi Banhatti (RBKH)
2026-08-29 04:09:13,928 | INFO | 🌐 Session warmed
2026-08-29 04:09:14,544 | INFO |    ↳ Status 403
2026-08-29 04:09:14,544 | WARNING |    ⚠ Blocked (403) retry 3
2026-08-29 04:09:14,603 | INFO | 🌐 Session warmed
2026-08-29 04:09:15,055 | INFO | [1444/1901] Fetching Radhamoni (RDHM)
2026-08-29 04:09:15,114 | INFO |    ↳ Status 200
2026-08-29 04:09:15,115 | INFO |    ✓ Found 3 movies
2026-08-29 04:09:15,115 | INFO | [1445/1901] Fetching Raebareli (RAEB)
2026-08-29 04:09:16,305 | INFO |    ↳ Status 403
2026-08-29 04:09:16,305 | WARNING |    ⚠ Blocked (403) retry 2
2026-08-29 04:09:16,371 | INFO | 🌐 Session warmed
2026-08-29 04:09:16,417 | INFO |    ↳ Status 403
2026-08-29 04:09:16,417 | WARNING |    ⚠ Blocked (403) retry 1
2026-08-29 04:09:16,476 | INFO | 🌐 Session warmed
2026-08-29 04:09:17,476 | INFO |    ↳ Status 200
2026-08-29 04:09:17,477 | INFO |    ✓ Found 6 movies
2026-08-29 04:09:17,477 | INFO | [1446/1901] Fetching Raghopur (RAHO)
2026-08-29 04:09:18,603 | INFO | [1447/1901] Fetching Raghunathganj (RAGH)
2026-08-29 04:09:18,634 | INFO |    ↳ Status 403
2026-08-29 04:09:18,634 | WARNING |    ⚠ Blocked (403) retry 2
2026-08-29 04:09:18,694 | INFO | 🌐 Session warmed
2026-08-29 04:09:19,175 | INFO |    ↳ Status 200
2026-08-29 04:09:19,175 | INFO |    ✓ Found 7 movies
2026-08-29 04:09:19,175 | INFO | [1448/1901] Fetching Rahata (RAHA)
2026-08-29 04:09:19,530 | INFO |    ↳ Status 403
2026-08-29 04:09:19,530 | WARNING |    ⚠ Blocked (403) retry 1
2026-08-29 04:09:19,589 | INFO | 🌐 Session warmed
2026-08-29 04:09:19,698 | INFO |    ↳ Status 403
2026-08-29 04:09:19,698 | WARNING |    ⚠ Blocked (403) retry 3
2026-08-29 04:09:19,753 | INFO | 🌐 Session warmed
2026-08-29 04:09:20,557 | INFO |    ↳ Status 200
2026-08-29 04:09:20,557 | INFO |    ✓ Found 8 movies
2026-08-29 04:09:20,557 | INFO | [1449/1901] Fetching Rahimatpur (RAHI)
2026-08-29 04:09:21,425 | INFO |    ↳ Status 403
2026-08-29 04:09:21,426 | WARNING |    ⚠ Blocked (403) retry 2
2026-08-29 04:09:21,486 | INFO | 🌐 Session warmed
2026-08-29 04:09:21,494 | INFO |    ↳ Status 200
2026-08-29 04:09:21,494 | INFO |    ✓ Found 5 movies
2026-08-29 04:09:21,494 | INFO | [1450/1901] Fetching Rahuri (RAHU)
2026-08-29 04:09:22,080 | INFO |    ↳ Status 403
2026-08-29 04:09:22,080 | WARNING |    ⚠ Blocked (403) retry 3
2026-08-29 04:09:22,149 | INFO | 🌐 Session warmed
2026-08-29 04:09:22,809 | INFO |    ↳ Status 200
2026-08-29 04:09:22,809 | INFO |    ✓ Found 5 movies
2026-08-29 04:09:22,809 | INFO | [1451/1901] Fetching Raibag (RAIB)
2026-08-29 04:09:23,753 | INFO | [1452/1901] Fetching Raichur (RAUR)
2026-08-29 04:09:24,146 | INFO |    ↳ Status 200
2026-08-29 04:09:24,146 | INFO |    ✓ Found 3 movies
2026-08-29 04:09:24,146 | INFO | [1453/1901] Fetching Raigad (RAI)
2026-08-29 04:09:24,529 | INFO |    ↳ Status 403
2026-08-29 04:09:24,530 | WARNING |    ⚠ Blocked (403) retry 1
2026-08-29 04:09:24,590 | INFO | 🌐 Session warmed
2026-08-29 04:09:24,746 | INFO |    ↳ Status 403
2026-08-29 04:09:24,747 | WARNING |    ⚠ Blocked (403) retry 3
2026-08-29 04:09:24,810 | INFO | 🌐 Session warmed
2026-08-29 04:09:25,713 | INFO |    ↳ Status 200
2026-08-29 04:09:25,713 | INFO |    ✓ Found 5 movies
2026-08-29 04:09:25,713 | INFO | [1454/1901] Fetching Raiganj (RAIJ)
2026-08-29 04:09:26,149 | INFO | [1455/1901] Fetching Raigarh (RAIG)
2026-08-29 04:09:26,789 | INFO |    ↳ Status 403
2026-08-29 04:09:26,789 | WARNING |    ⚠ Blocked (403) retry 1
2026-08-29 04:09:26,852 | INFO | 🌐 Session warmed
2026-08-29 04:09:26,852 | INFO |    ↳ Status 403
2026-08-29 04:09:26,853 | WARNING |    ⚠ Blocked (403) retry 2
2026-08-29 04:09:26,906 | INFO | 🌐 Session warmed
2026-08-29 04:09:26,909 | INFO |    ↳ Status 200
2026-08-29 04:09:26,909 | INFO |    ✓ Found 8 movies
2026-08-29 04:09:26,909 | INFO | [1456/1901] Fetching Raikal (RYKL)
2026-08-29 04:09:27,838 | INFO |    ↳ Status 200
2026-08-29 04:09:27,838 | INFO |    ✓ Found 7 movies
2026-08-29 04:09:27,838 | INFO | [1457/1901] Fetching Raikot (RKOT)
2026-08-29 04:09:28,501 | INFO |    ↳ Status 403
2026-08-29 04:09:28,501 | WARNING |    ⚠ Blocked (403) retry 2
2026-08-29 04:09:28,560 | INFO | 🌐 Session warmed
2026-08-29 04:09:28,810 | INFO | [1458/1901] Fetching Railway Koduru (RLKD)
2026-08-29 04:09:29,551 | INFO |    ↳ Status 200
2026-08-29 04:09:29,551 | INFO |    ✓ Found 8 movies
2026-08-29 04:09:29,551 | INFO | [1459/1901] Fetching Raipur (RAIPUR)
2026-08-29 04:09:29,935 | INFO |    ↳ Status 403
2026-08-29 04:09:29,935 | WARNING |    ⚠ Blocked (403) retry 1
2026-08-29 04:09:29,991 | INFO | 🌐 Session warmed
2026-08-29 04:09:30,307 | INFO |    ↳ Status 403
2026-08-29 04:09:30,307 | WARNING |    ⚠ Blocked (403) retry 3
2026-08-29 04:09:30,366 | INFO | 🌐 Session warmed
2026-08-29 04:09:30,843 | INFO |    ↳ Status 200
2026-08-29 04:09:30,843 | INFO |    ✓ Found 8 movies
2026-08-29 04:09:30,843 | INFO | [1460/1901] Fetching Raipuriya (YAYA)
2026-08-29 04:09:31,641 | INFO |    ↳ Status 403
2026-08-29 04:09:31,641 | WARNING |    ⚠ Blocked (403) retry 2
2026-08-29 04:09:31,701 | INFO | 🌐 Session warmed
2026-08-29 04:09:31,737 | INFO |    ↳ Status 200
2026-08-29 04:09:31,737 | INFO |    ✓ Found 8 movies
2026-08-29 04:09:31,737 | INFO | [1461/1901] Fetching Raisinghnagar (RSNG)
2026-08-29 04:09:31,786 | INFO |    ↳ Status 403
2026-08-29 04:09:31,786 | WARNING |    ⚠ Blocked (403) retry 3
2026-08-29 04:09:31,843 | INFO | 🌐 Session warmed
2026-08-29 04:09:32,896 | INFO |    ↳ Status 200
2026-08-29 04:09:32,897 | INFO |    ✓ Found 4 movies
2026-08-29 04:09:32,897 | INFO | [1462/1901] Fetching Raja Ka Bagh (RJKB)
2026-08-29 04:09:34,327 | INFO |    ↳ Status 403
2026-08-29 04:09:34,327 | WARNING |    ⚠ Blocked (403) retry 3
2026-08-29 04:09:34,366 | INFO | [1463/1901] Fetching Rajakumari (RAAJ)
2026-08-29 04:09:34,386 | INFO | 🌐 Session warmed
2026-08-29 04:09:34,593 | INFO |    ↳ Status 200
2026-08-29 04:09:34,593 | INFO |    ✓ Found 8 movies
2026-08-29 04:09:34,593 | INFO | [1464/1901] Fetching Rajam (RJAM)
2026-08-29 04:09:35,580 | INFO |    ↳ Status 403
2026-08-29 04:09:35,580 | WARNING |    ⚠ Blocked (403) retry 1
2026-08-29 04:09:35,640 | INFO | 🌐 Session warmed
2026-08-29 04:09:35,843 | INFO | [1465/1901] Fetching Rajamahendravaram (Rajahmundry) (RJMU)
2026-08-29 04:09:36,149 | INFO |    ↳ Status 200
2026-08-29 04:09:36,149 | INFO |    ✓ Found 7 movies
2026-08-29 04:09:36,150 | INFO | [1466/1901] Fetching Rajapalayam (RAYM)
2026-08-29 04:09:36,599 | INFO |    ↳ Status 403
2026-08-29 04:09:36,600 | WARNING |    ⚠ Blocked (403) retry 1
2026-08-29 04:09:36,656 | INFO | 🌐 Session warmed
2026-08-29 04:09:37,187 | INFO |    ↳ Status 200
2026-08-29 04:09:37,187 | INFO |    ✓ Found 7 movies
2026-08-29 04:09:37,187 | INFO | [1467/1901] Fetching Rajapur (RJPR)
2026-08-29 04:09:37,829 | INFO |    ↳ Status 403
2026-08-29 04:09:37,829 | WARNING |    ⚠ Blocked (403) retry 2
2026-08-29 04:09:37,889 | INFO | 🌐 Session warmed
2026-08-29 04:09:38,231 | INFO |    ↳ Status 200
2026-08-29 04:09:38,231 | INFO |    ✓ Found 8 movies
2026-08-29 04:09:38,231 | INFO | [1468/1901] Fetching Rajarampalli (RJRP)
2026-08-29 04:09:38,386 | INFO | [1469/1901] Fetching Rajavommangi (RJVM)
2026-08-29 04:09:38,960 | INFO |    ↳ Status 403
2026-08-29 04:09:38,960 | WARNING |    ⚠ Blocked (403) retry 2
2026-08-29 04:09:39,021 | INFO | 🌐 Session warmed
2026-08-29 04:09:39,633 | INFO |    ↳ Status 200
2026-08-29 04:09:39,633 | INFO |    ✓ Found 8 movies
2026-08-29 04:09:39,634 | INFO | [1470/1901] Fetching Rajgangpur (RJGR)
2026-08-29 04:09:39,778 | INFO |    ↳ Status 403
2026-08-29 04:09:39,778 | WARNING |    ⚠ Blocked (403) retry 1
2026-08-29 04:09:39,843 | INFO | 🌐 Session warmed
2026-08-29 04:09:41,168 | INFO |    ↳ Status 403
2026-08-29 04:09:41,168 | WARNING |    ⚠ Blocked (403) retry 3
2026-08-29 04:09:41,226 | INFO | 🌐 Session warmed
2026-08-29 04:09:41,694 | INFO |    ↳ Status 200
2026-08-29 04:09:41,694 | INFO |    ✓ Found 8 movies
2026-08-29 04:09:41,694 | INFO | [1471/1901] Fetching Rajgurunagar (RAJR)
2026-08-29 04:09:42,008 | INFO |    ↳ Status 403
2026-08-29 04:09:42,008 | WARNING |    ⚠ Blocked (403) retry 2
2026-08-29 04:09:42,062 | INFO | 🌐 Session warmed
2026-08-29 04:09:42,336 | INFO |    ↳ Status 403
2026-08-29 04:09:42,336 | WARNING |    ⚠ Blocked (403) retry 3
2026-08-29 04:09:42,404 | INFO | 🌐 Session warmed
2026-08-29 04:09:43,165 | INFO |    ↳ Status 200
2026-08-29 04:09:43,165 | INFO |    ✓ Found 5 movies
2026-08-29 04:09:43,166 | INFO | [1472/1901] Fetching Rajiana (RIJA)
2026-08-29 04:09:44,476 | INFO |    ↳ Status 200
2026-08-29 04:09:44,476 | INFO |    ✓ Found 8 movies
2026-08-29 04:09:44,477 | INFO | [1473/1901] Fetching Rajkot (RAJK)
2026-08-29 04:09:45,227 | INFO | [1474/1901] Fetching Rajnandgaon (RAJA)
2026-08-29 04:09:45,318 | INFO |    ↳ Status 403
2026-08-29 04:09:45,319 | WARNING |    ⚠ Blocked (403) retry 3
2026-08-29 04:09:45,379 | INFO | 🌐 Session warmed
2026-08-29 04:09:46,141 | INFO |    ↳ Status 200
2026-08-29 04:09:46,141 | INFO |    ✓ Found 8 movies
2026-08-29 04:09:46,141 | INFO | [1475/1901] Fetching Rajpipla (RJPA)
2026-08-29 04:09:46,404 | INFO | [1476/1901] Fetching Rajpur (RAJP)
2026-08-29 04:09:46,490 | INFO |    ↳ Status 403
2026-08-29 04:09:46,490 | WARNING |    ⚠ Blocked (403) retry 1
2026-08-29 04:09:46,546 | INFO | 🌐 Session warmed
2026-08-29 04:09:47,292 | INFO |    ↳ Status 200
2026-08-29 04:09:47,292 | INFO |    ✓ Found 8 movies
2026-08-29 04:09:47,293 | INFO | [1477/1901] Fetching Rajpura (RARA)
2026-08-29 04:09:47,390 | INFO |    ↳ Status 403
2026-08-29 04:09:47,390 | WARNING |    ⚠ Blocked (403) retry 1
2026-08-29 04:09:47,452 | INFO | 🌐 Session warmed
2026-08-29 04:09:48,711 | INFO |    ↳ Status 403
2026-08-29 04:09:48,711 | WARNING |    ⚠ Blocked (403) retry 2
2026-08-29 04:09:48,771 | INFO | 🌐 Session warmed
2026-08-29 04:09:48,899 | INFO |    ↳ Status 200
2026-08-29 04:09:48,899 | INFO |    ✓ Found 8 movies
2026-08-29 04:09:48,899 | INFO | [1478/1901] Fetching Rajsamand (RAJS)
2026-08-29 04:09:49,379 | INFO | [1479/1901] Fetching Rajula (RJLA)
2026-08-29 04:09:49,830 | INFO |    ↳ Status 403
2026-08-29 04:09:49,830 | WARNING |    ⚠ Blocked (403) retry 2
2026-08-29 04:09:49,883 | INFO | 🌐 Session warmed
2026-08-29 04:09:49,916 | INFO |    ↳ Status 200
2026-08-29 04:09:49,916 | INFO |    ✓ Found 8 movies
2026-08-29 04:09:49,916 | INFO | [1480/1901] Fetching Ramachandrapuram (RCPR)
2026-08-29 04:09:50,034 | INFO |    ↳ Status 403
2026-08-29 04:09:50,034 | WARNING |    ⚠ Blocked (403) retry 1
2026-08-29 04:09:50,107 | INFO | 🌐 Session warmed
2026-08-29 04:09:51,285 | INFO |    ↳ Status 200
2026-08-29 04:09:51,285 | INFO |    ✓ Found 7 movies
2026-08-29 04:09:51,285 | INFO | [1481/1901] Fetching Ramanagara (RANG)
2026-08-29 04:09:52,154 | INFO |    ↳ Status 403
2026-08-29 04:09:52,154 | WARNING |    ⚠ Blocked (403) retry 3
2026-08-29 04:09:52,261 | INFO | 🌐 Session warmed
2026-08-29 04:09:52,430 | INFO |    ↳ Status 403
2026-08-29 04:09:52,430 | WARNING |    ⚠ Blocked (403) retry 2
2026-08-29 04:09:52,487 | INFO | 🌐 Session warmed
2026-08-29 04:09:52,501 | INFO |    ↳ Status 200
2026-08-29 04:09:52,501 | INFO |    ✓ Found 3 movies
2026-08-29 04:09:52,501 | INFO | [1482/1901] Fetching Ramanathapuram (RAPU)
2026-08-29 04:09:52,864 | INFO |    ↳ Status 403
2026-08-29 04:09:52,865 | WARNING |    ⚠ Blocked (403) retry 3
2026-08-29 04:09:52,922 | INFO | 🌐 Session warmed
2026-08-29 04:09:53,925 | INFO |    ↳ Status 200
2026-08-29 04:09:53,925 | INFO |    ✓ Found 7 movies
2026-08-29 04:09:53,925 | INFO | [1483/1901] Fetching Ramayampet (RAMP)
2026-08-29 04:09:55,220 | INFO |    ↳ Status 200
2026-08-29 04:09:55,220 | INFO |    ✓ Found 7 movies
2026-08-29 04:09:55,220 | INFO | [1484/1901] Fetching Ramdurg (RAMD)
2026-08-29 04:09:55,768 | INFO |    ↳ Status 403
2026-08-29 04:09:55,768 | WARNING |    ⚠ Blocked (403) retry 3
2026-08-29 04:09:55,829 | INFO | 🌐 Session warmed
2026-08-29 04:09:56,261 | INFO | [1485/1901] Fetching Rameswarpur (RMPR)
2026-08-29 04:09:56,914 | INFO |    ↳ Status 200
2026-08-29 04:09:56,914 | INFO |    ✓ Found 3 movies
2026-08-29 04:09:56,915 | INFO | [1486/1901] Fetching Ramgarh (GGHH)
2026-08-29 04:09:56,922 | INFO | [1487/1901] Fetching Ramgarhwa (RGHA)
2026-08-29 04:09:57,672 | INFO |    ↳ Status 403
2026-08-29 04:09:57,672 | WARNING |    ⚠ Blocked (403) retry 1
2026-08-29 04:09:57,709 | INFO |    ↳ Status 403
2026-08-29 04:09:57,709 | WARNING |    ⚠ Blocked (403) retry 1
2026-08-29 04:09:57,732 | INFO | 🌐 Session warmed
2026-08-29 04:09:57,769 | INFO | 🌐 Session warmed
2026-08-29 04:09:58,452 | INFO |    ↳ Status 200
2026-08-29 04:09:58,453 | INFO |    ✓ Found 8 movies
2026-08-29 04:09:58,453 | INFO | [1488/1901] Fetching Ramjibanpur (PUUR)
2026-08-29 04:09:59,829 | INFO | [1489/1901] Fetching Ramnagar (RAMN)
2026-08-29 04:09:59,879 | INFO |    ↳ Status 403
2026-08-29 04:09:59,879 | WARNING |    ⚠ Blocked (403) retry 2
2026-08-29 04:09:59,945 | INFO | 🌐 Session warmed
2026-08-29 04:10:00,038 | INFO |    ↳ Status 403
2026-08-29 04:10:00,038 | WARNING |    ⚠ Blocked (403) retry 2
2026-08-29 04:10:00,093 | INFO | 🌐 Session warmed
2026-08-29 04:10:00,094 | INFO |    ↳ Status 200
2026-08-29 04:10:00,094 | INFO |    ✓ Found 8 movies
2026-08-29 04:10:00,094 | INFO | [1490/1901] Fetching Rampachodavaram (RACD)
2026-08-29 04:10:00,609 | INFO |    ↳ Status 403
2026-08-29 04:10:00,609 | WARNING |    ⚠ Blocked (403) retry 1
2026-08-29 04:10:00,666 | INFO | 🌐 Session warmed
2026-08-29 04:10:01,294 | INFO |    ↳ Status 200
2026-08-29 04:10:01,294 | INFO |    ✓ Found 8 movies
2026-08-29 04:10:01,294 | INFO | [1491/1901] Fetching Rampur (RAMU)
2026-08-29 04:10:02,373 | INFO |    ↳ Status 403
2026-08-29 04:10:02,373 | WARNING |    ⚠ Blocked (403) retry 2
2026-08-29 04:10:02,430 | INFO | 🌐 Session warmed
2026-08-29 04:10:02,456 | INFO |    ↳ Status 200
2026-08-29 04:10:02,456 | INFO |    ✓ Found 6 movies
2026-08-29 04:10:02,456 | INFO | [1492/1901] Fetching Ramtek (RMTE)
2026-08-29 04:10:02,850 | INFO |    ↳ Status 403
2026-08-29 04:10:02,850 | WARNING |    ⚠ Blocked (403) retry 3
2026-08-29 04:10:02,907 | INFO | 🌐 Session warmed
2026-08-29 04:10:03,343 | INFO |    ↳ Status 403
2026-08-29 04:10:03,344 | WARNING |    ⚠ Blocked (403) retry 3
2026-08-29 04:10:03,380 | INFO |    ↳ Status 200
2026-08-29 04:10:03,380 | INFO |    ✓ Found 8 movies
2026-08-29 04:10:03,381 | INFO | [1493/1901] Fetching Ranaghat (RANA)
2026-08-29 04:10:03,402 | INFO | 🌐 Session warmed
2026-08-29 04:10:04,992 | INFO |    ↳ Status 200
2026-08-29 04:10:04,992 | INFO |    ✓ Found 8 movies
2026-08-29 04:10:04,992 | INFO | [1494/1901] Fetching Ranastalam (RNST)
2026-08-29 04:10:05,170 | INFO |    ↳ Status 403
2026-08-29 04:10:05,170 | WARNING |    ⚠ Blocked (403) retry 3
2026-08-29 04:10:05,228 | INFO | 🌐 Session warmed
2026-08-29 04:10:06,021 | INFO |    ↳ Status 200
2026-08-29 04:10:06,021 | INFO |    ✓ Found 7 movies
2026-08-29 04:10:06,022 | INFO | [1495/1901] Fetching Ranchi (RANC)
2026-08-29 04:10:06,907 | INFO | [1496/1901] Fetching Ranebennur (RANE)
2026-08-29 04:10:07,094 | INFO |    ↳ Status 200
2026-08-29 04:10:07,095 | INFO |    ✓ Found 5 movies
2026-08-29 04:10:07,095 | INFO | [1497/1901] Fetching Rangia (RAAA)
2026-08-29 04:10:07,403 | INFO | [1498/1901] Fetching Raniganj (RNGJ)
2026-08-29 04:10:07,538 | INFO |    ↳ Status 403
2026-08-29 04:10:07,538 | WARNING |    ⚠ Blocked (403) retry 1
2026-08-29 04:10:07,595 | INFO | 🌐 Session warmed
2026-08-29 04:10:08,524 | INFO |    ↳ Status 200
2026-08-29 04:10:08,524 | INFO |    ✓ Found 8 movies
2026-08-29 04:10:08,524 | INFO | [1499/1901] Fetching Ranipet (RANI)
2026-08-29 04:10:08,600 | INFO |    ↳ Status 403
2026-08-29 04:10:08,600 | WARNING |    ⚠ Blocked (403) retry 1
2026-08-29 04:10:08,656 | INFO | 🌐 Session warmed
2026-08-29 04:10:09,228 | INFO | [1500/1901] Fetching Ranni (RANN)
2026-08-29 04:10:09,434 | INFO |    ↳ Status 403
2026-08-29 04:10:09,434 | WARNING |    ⚠ Blocked (403) retry 2
2026-08-29 04:10:09,495 | INFO | 🌐 Session warmed
2026-08-29 04:10:10,153 | INFO |    ↳ Status 200
2026-08-29 04:10:10,153 | INFO |    ✓ Found 7 movies
2026-08-29 04:10:10,153 | INFO | [1501/1901] Fetching Rapur (RAPR)
2026-08-29 04:10:10,557 | INFO |    ↳ Status 403
2026-08-29 04:10:10,557 | WARNING |    ⚠ Blocked (403) retry 1
2026-08-29 04:10:10,613 | INFO | 🌐 Session warmed
2026-08-29 04:10:10,848 | INFO |    ↳ Status 403
2026-08-29 04:10:10,848 | WARNING |    ⚠ Blocked (403) retry 2
2026-08-29 04:10:10,906 | INFO | 🌐 Session warmed
2026-08-29 04:10:11,609 | INFO |    ↳ Status 200
2026-08-29 04:10:11,609 | INFO |    ✓ Found 8 movies
2026-08-29 04:10:11,609 | INFO | [1502/1901] Fetching Rasipuram (RSPM)
2026-08-29 04:10:12,152 | INFO |    ↳ Status 403
2026-08-29 04:10:12,152 | WARNING |    ⚠ Blocked (403) retry 3
2026-08-29 04:10:12,213 | INFO | 🌐 Session warmed
2026-08-29 04:10:12,501 | INFO |    ↳ Status 403
2026-08-29 04:10:12,501 | WARNING |    ⚠ Blocked (403) retry 2
2026-08-29 04:10:12,570 | INFO | 🌐 Session warmed
2026-08-29 04:10:13,138 | INFO |    ↳ Status 200
2026-08-29 04:10:13,138 | INFO |    ✓ Found 7 movies
2026-08-29 04:10:13,138 | INFO | [1503/1901] Fetching Rath (ATRH)
2026-08-29 04:10:13,811 | INFO |    ↳ Status 403
2026-08-29 04:10:13,811 | WARNING |    ⚠ Blocked (403) retry 3
2026-08-29 04:10:13,867 | INFO | 🌐 Session warmed
2026-08-29 04:10:14,418 | INFO |    ↳ Status 200
2026-08-29 04:10:14,418 | INFO |    ✓ Found 8 movies
2026-08-29 04:10:14,418 | INFO | [1504/1901] Fetching Ratlam (RATL)
2026-08-29 04:10:15,699 | INFO |    ↳ Status 200
2026-08-29 04:10:15,699 | INFO |    ✓ Found 7 movies
2026-08-29 04:10:15,699 | INFO | [1505/1901] Fetching Ratnagiri (RATN)
2026-08-29 04:10:15,962 | INFO |    ↳ Status 403
2026-08-29 04:10:15,962 | WARNING |    ⚠ Blocked (403) retry 3
2026-08-29 04:10:16,019 | INFO | 🌐 Session warmed
2026-08-29 04:10:16,213 | INFO | [1506/1901] Fetching Ratnagiri (Odisha) (RATO)
2026-08-29 04:10:16,998 | INFO |    ↳ Status 403
2026-08-29 04:10:16,998 | WARNING |    ⚠ Blocked (403) retry 1
2026-08-29 04:10:17,067 | INFO | 🌐 Session warmed
2026-08-29 04:10:17,403 | INFO |    ↳ Status 200
2026-08-29 04:10:17,403 | INFO |    ✓ Found 5 movies
2026-08-29 04:10:17,403 | INFO | [1507/1901] Fetching Ravulapalem (RVPL)
2026-08-29 04:10:17,867 | INFO | [1508/1901] Fetching Raxaul (RAXA)
2026-08-29 04:10:18,792 | INFO |    ↳ Status 200
2026-08-29 04:10:18,792 | INFO |    ✓ Found 7 movies
2026-08-29 04:10:18,792 | INFO | [1509/1901] Fetching Rayachoti (RYCT)
2026-08-29 04:10:18,798 | INFO |    ↳ Status 403
2026-08-29 04:10:18,798 | WARNING |    ⚠ Blocked (403) retry 1
2026-08-29 04:10:18,857 | INFO | 🌐 Session warmed
2026-08-29 04:10:19,366 | INFO |    ↳ Status 403
2026-08-29 04:10:19,366 | WARNING |    ⚠ Blocked (403) retry 2
2026-08-29 04:10:19,421 | INFO | 🌐 Session warmed
2026-08-29 04:10:20,020 | INFO | [1510/1901] Fetching Rayagada (RADA)
2026-08-29 04:10:20,548 | INFO |    ↳ Status 200
2026-08-29 04:10:20,548 | INFO |    ✓ Found 7 movies
2026-08-29 04:10:20,548 | INFO | [1511/1901] Fetching Rayakottai (RTTA)
2026-08-29 04:10:21,083 | INFO |    ↳ Status 403
2026-08-29 04:10:21,084 | WARNING |    ⚠ Blocked (403) retry 1
2026-08-29 04:10:21,099 | INFO |    ↳ Status 403
2026-08-29 04:10:21,099 | WARNING |    ⚠ Blocked (403) retry 2
2026-08-29 04:10:21,151 | INFO | 🌐 Session warmed
2026-08-29 04:10:21,164 | INFO | 🌐 Session warmed
2026-08-29 04:10:21,637 | INFO |    ↳ Status 200
2026-08-29 04:10:21,637 | INFO |    ✓ Found 8 movies
2026-08-29 04:10:21,637 | INFO | [1512/1901] Fetching Rayavaram (RAYA)
2026-08-29 04:10:22,581 | INFO |    ↳ Status 200
2026-08-29 04:10:22,581 | INFO |    ✓ Found 7 movies
2026-08-29 04:10:22,581 | INFO | [1513/1901] Fetching Razole (RAZO)
2026-08-29 04:10:22,792 | INFO |    ↳ Status 403
2026-08-29 04:10:22,792 | WARNING |    ⚠ Blocked (403) retry 3
2026-08-29 04:10:22,851 | INFO | 🌐 Session warmed
2026-08-29 04:10:23,309 | INFO |    ↳ Status 403
2026-08-29 04:10:23,310 | WARNING |    ⚠ Blocked (403) retry 2
2026-08-29 04:10:23,380 | INFO | 🌐 Session warmed
2026-08-29 04:10:23,716 | INFO |    ↳ Status 200
2026-08-29 04:10:23,716 | INFO |    ✓ Found 8 movies
2026-08-29 04:10:23,716 | INFO | [1514/1901] Fetching Rentachintala (RENT)
2026-08-29 04:10:23,841 | INFO |    ↳ Status 403
2026-08-29 04:10:23,841 | WARNING |    ⚠ Blocked (403) retry 3
2026-08-29 04:10:23,900 | INFO | 🌐 Session warmed
2026-08-29 04:10:25,103 | INFO |    ↳ Status 200
2026-08-29 04:10:25,103 | INFO |    ✓ Found 7 movies
2026-08-29 04:10:25,103 | INFO | [1515/1901] Fetching Renukoot (RENU)
2026-08-29 04:10:26,314 | INFO |    ↳ Status 200
2026-08-29 04:10:26,314 | INFO |    ✓ Found 6 movies
2026-08-29 04:10:26,314 | INFO | [1516/1901] Fetching Repalle (REPA)
2026-08-29 04:10:26,602 | INFO |    ↳ Status 403
2026-08-29 04:10:26,602 | WARNING |    ⚠ Blocked (403) retry 3
2026-08-29 04:10:26,662 | INFO | 🌐 Session warmed
2026-08-29 04:10:26,851 | INFO | [1517/1901] Fetching Revdanda (REVD)
2026-08-29 04:10:27,538 | INFO |    ↳ Status 200
2026-08-29 04:10:27,538 | INFO |    ✓ Found 7 movies
2026-08-29 04:10:27,538 | INFO | [1518/1901] Fetching Rewa (RWAA)
2026-08-29 04:10:27,900 | INFO | [1519/1901] Fetching Rewari (REWA)
2026-08-29 04:10:27,981 | INFO |    ↳ Status 403
2026-08-29 04:10:27,981 | WARNING |    ⚠ Blocked (403) retry 1
2026-08-29 04:10:28,049 | INFO | 🌐 Session warmed
2026-08-29 04:10:29,073 | INFO |    ↳ Status 200
2026-08-29 04:10:29,073 | INFO |    ✓ Found 7 movies
2026-08-29 04:10:29,073 | INFO | [1520/1901] Fetching RiBhoi (RIBH)
2026-08-29 04:10:29,293 | INFO |    ↳ Status 403
2026-08-29 04:10:29,293 | WARNING |    ⚠ Blocked (403) retry 1
2026-08-29 04:10:29,348 | INFO | 🌐 Session warmed
2026-08-29 04:10:29,827 | INFO |    ↳ Status 403
2026-08-29 04:10:29,828 | WARNING |    ⚠ Blocked (403) retry 2
2026-08-29 04:10:29,891 | INFO | 🌐 Session warmed
2026-08-29 04:10:30,475 | INFO |    ↳ Status 200
2026-08-29 04:10:30,476 | INFO |    ✓ Found 5 movies
2026-08-29 04:10:30,476 | INFO | [1521/1901] Fetching Ringas (RGAS)
2026-08-29 04:10:30,662 | INFO | [1522/1901] Fetching Rishikesh (RKES)
2026-08-29 04:10:31,393 | INFO |    ↳ Status 403
2026-08-29 04:10:31,393 | WARNING |    ⚠ Blocked (403) retry 2
2026-08-29 04:10:31,405 | INFO |    ↳ Status 200
2026-08-29 04:10:31,405 | INFO |    ✓ Found 4 movies
2026-08-29 04:10:31,405 | INFO | [1523/1901] Fetching Rishra (RSRA)
2026-08-29 04:10:31,450 | INFO | 🌐 Session warmed
2026-08-29 04:10:32,012 | INFO |    ↳ Status 403
2026-08-29 04:10:32,012 | WARNING |    ⚠ Blocked (403) retry 1
2026-08-29 04:10:32,069 | INFO | 🌐 Session warmed
2026-08-29 04:10:32,665 | INFO |    ↳ Status 403
2026-08-29 04:10:32,665 | WARNING |    ⚠ Blocked (403) retry 3
2026-08-29 04:10:32,722 | INFO | 🌐 Session warmed
2026-08-29 04:10:32,840 | INFO |    ↳ Status 200
2026-08-29 04:10:32,840 | INFO |    ✓ Found 8 movies
2026-08-29 04:10:32,840 | INFO | [1524/1901] Fetching Robertsganj (ROBE)
2026-08-29 04:10:33,704 | INFO |    ↳ Status 403
2026-08-29 04:10:33,705 | WARNING |    ⚠ Blocked (403) retry 2
2026-08-29 04:10:33,765 | INFO | 🌐 Session warmed
2026-08-29 04:10:33,907 | INFO |    ↳ Status 200
2026-08-29 04:10:33,907 | INFO |    ✓ Found 8 movies
2026-08-29 04:10:33,907 | INFO | [1525/1901] Fetching Rohtak (ROH)
2026-08-29 04:10:34,196 | INFO |    ↳ Status 403
2026-08-29 04:10:34,196 | WARNING |    ⚠ Blocked (403) retry 3
2026-08-29 04:10:34,253 | INFO | 🌐 Session warmed
2026-08-29 04:10:35,284 | INFO |    ↳ Status 200
2026-08-29 04:10:35,285 | INFO |    ✓ Found 7 movies
2026-08-29 04:10:35,285 | INFO | [1526/1901] Fetching Ron (RONC)
2026-08-29 04:10:36,567 | INFO |    ↳ Status 200
2026-08-29 04:10:36,567 | INFO |    ✓ Found 3 movies
2026-08-29 04:10:36,568 | INFO | [1527/1901] Fetching Rongjeng (RNG)
2026-08-29 04:10:36,722 | INFO | [1528/1901] Fetching Roorkee (ROOR)
2026-08-29 04:10:37,170 | INFO |    ↳ Status 403
2026-08-29 04:10:37,170 | WARNING |    ⚠ Blocked (403) retry 3
2026-08-29 04:10:37,227 | INFO | 🌐 Session warmed
2026-08-29 04:10:37,501 | INFO |    ↳ Status 403
2026-08-29 04:10:37,502 | WARNING |    ⚠ Blocked (403) retry 1
2026-08-29 04:10:37,560 | INFO | 🌐 Session warmed
2026-08-29 04:10:38,200 | INFO |    ↳ Status 200
2026-08-29 04:10:38,201 | INFO |    ✓ Found 5 movies
2026-08-29 04:10:38,201 | INFO | [1529/1901] Fetching Rourkela (RKOR)
2026-08-29 04:10:38,253 | INFO | [1530/1901] Fetching Routhulapudi (ROUT)
2026-08-29 04:10:39,426 | INFO |    ↳ Status 403
2026-08-29 04:10:39,426 | WARNING |    ⚠ Blocked (403) retry 1
2026-08-29 04:10:39,484 | INFO | 🌐 Session warmed
2026-08-29 04:10:39,574 | INFO |    ↳ Status 403
2026-08-29 04:10:39,574 | WARNING |    ⚠ Blocked (403) retry 2
2026-08-29 04:10:39,630 | INFO | 🌐 Session warmed
2026-08-29 04:10:40,033 | INFO |    ↳ Status 200
2026-08-29 04:10:40,033 | INFO |    ✓ Found 8 movies
2026-08-29 04:10:40,033 | INFO | [1531/1901] Fetching Rudauli (RUDU)
2026-08-29 04:10:41,227 | INFO | [1532/1901] Fetching Rudrapur (RUDP)
2026-08-29 04:10:41,249 | INFO |    ↳ Status 200
2026-08-29 04:10:41,249 | INFO |    ✓ Found 8 movies
2026-08-29 04:10:41,249 | INFO | [1533/1901] Fetching Rupnagar (RUPN)
2026-08-29 04:10:41,481 | INFO |    ↳ Status 403
2026-08-29 04:10:41,481 | WARNING |    ⚠ Blocked (403) retry 2
2026-08-29 04:10:41,540 | INFO | 🌐 Session warmed
2026-08-29 04:10:42,113 | INFO |    ↳ Status 403
2026-08-29 04:10:42,114 | WARNING |    ⚠ Blocked (403) retry 1
2026-08-29 04:10:42,169 | INFO | 🌐 Session warmed
2026-08-29 04:10:42,300 | INFO |    ↳ Status 200
2026-08-29 04:10:42,300 | INFO |    ✓ Found 8 movies
2026-08-29 04:10:42,300 | INFO | [1534/1901] Fetching Sabbavaram (SABB)
2026-08-29 04:10:42,313 | INFO |    ↳ Status 403
2026-08-29 04:10:42,313 | WARNING |    ⚠ Blocked (403) retry 3
2026-08-29 04:10:42,370 | INFO | 🌐 Session warmed
2026-08-29 04:10:44,026 | INFO |    ↳ Status 403
2026-08-29 04:10:44,026 | WARNING |    ⚠ Blocked (403) retry 2
2026-08-29 04:10:44,085 | INFO | 🌐 Session warmed
2026-08-29 04:10:44,547 | INFO |    ↳ Status 403
2026-08-29 04:10:44,548 | WARNING |    ⚠ Blocked (403) retry 3
2026-08-29 04:10:44,604 | INFO | 🌐 Session warmed
2026-08-29 04:10:44,621 | INFO |    ↳ Status 200
2026-08-29 04:10:44,621 | INFO |    ✓ Found 7 movies
2026-08-29 04:10:44,621 | INFO | [1535/1901] Fetching Sadasivpet (SADA)
2026-08-29 04:10:45,659 | INFO |    ↳ Status 200
2026-08-29 04:10:45,659 | INFO |    ✓ Found 7 movies
2026-08-29 04:10:45,659 | INFO | [1536/1901] Fetching Safidon (SAFI)
2026-08-29 04:10:46,371 | INFO | [1537/1901] Fetching Sagar (SAMP)
2026-08-29 04:10:46,963 | INFO |    ↳ Status 200
2026-08-29 04:10:46,963 | INFO |    ✓ Found 7 movies
2026-08-29 04:10:46,963 | INFO | [1538/1901] Fetching Sagwara (SAGA)
2026-08-29 04:10:47,038 | INFO |    ↳ Status 403
2026-08-29 04:10:47,038 | WARNING |    ⚠ Blocked (403) retry 3
2026-08-29 04:10:47,098 | INFO | 🌐 Session warmed
2026-08-29 04:10:47,773 | INFO |    ↳ Status 403
2026-08-29 04:10:47,773 | WARNING |    ⚠ Blocked (403) retry 1
2026-08-29 04:10:47,836 | INFO | 🌐 Session warmed
2026-08-29 04:10:48,442 | INFO |    ↳ Status 200
2026-08-29 04:10:48,442 | INFO |    ✓ Found 4 movies
2026-08-29 04:10:48,442 | INFO | [1539/1901] Fetching Saharanpur (SAHA)
2026-08-29 04:10:48,604 | INFO | [1540/1901] Fetching Saharsa (SAHH)
2026-08-29 04:10:49,699 | INFO |    ↳ Status 403
2026-08-29 04:10:49,699 | WARNING |    ⚠ Blocked (403) retry 2
2026-08-29 04:10:49,757 | INFO | 🌐 Session warmed
2026-08-29 04:10:49,796 | INFO |    ↳ Status 403
2026-08-29 04:10:49,796 | WARNING |    ⚠ Blocked (403) retry 1
2026-08-29 04:10:49,832 | INFO |    ↳ Status 200
2026-08-29 04:10:49,832 | INFO |    ✓ Found 6 movies
2026-08-29 04:10:49,832 | INFO | [1541/1901] Fetching Sahibganj (SBBB)
2026-08-29 04:10:49,854 | INFO | 🌐 Session warmed
2026-08-29 04:10:51,098 | INFO | [1542/1901] Fetching Sahjanwa (SAHJ)
2026-08-29 04:10:51,737 | INFO |    ↳ Status 403
2026-08-29 04:10:51,737 | WARNING |    ⚠ Blocked (403) retry 2
2026-08-29 04:10:51,796 | INFO | 🌐 Session warmed
2026-08-29 04:10:51,835 | INFO |    ↳ Status 200
2026-08-29 04:10:51,835 | INFO |    ✓ Found 8 movies
2026-08-29 04:10:51,835 | INFO | [1543/1901] Fetching Sakleshpur (SASA)
2026-08-29 04:10:52,158 | INFO |    ↳ Status 403
2026-08-29 04:10:52,159 | WARNING |    ⚠ Blocked (403) retry 1
2026-08-29 04:10:52,218 | INFO | 🌐 Session warmed
2026-08-29 04:10:52,675 | INFO |    ↳ Status 403
2026-08-29 04:10:52,675 | WARNING |    ⚠ Blocked (403) retry 3
2026-08-29 04:10:52,732 | INFO | 🌐 Session warmed
2026-08-29 04:10:53,286 | INFO |    ↳ Status 200
2026-08-29 04:10:53,286 | INFO |    ✓ Found 3 movies
2026-08-29 04:10:53,286 | INFO | [1544/1901] Fetching Sakti (SAKT)
2026-08-29 04:10:54,082 | INFO |    ↳ Status 403
2026-08-29 04:10:54,082 | WARNING |    ⚠ Blocked (403) retry 2
2026-08-29 04:10:54,144 | INFO | 🌐 Session warmed
2026-08-29 04:10:54,437 | INFO |    ↳ Status 200
2026-08-29 04:10:54,437 | INFO |    ✓ Found 8 movies
2026-08-29 04:10:54,437 | INFO | [1545/1901] Fetching Salem (SALM)
2026-08-29 04:10:55,006 | INFO |    ↳ Status 403
2026-08-29 04:10:55,006 | WARNING |    ⚠ Blocked (403) retry 3
2026-08-29 04:10:55,063 | INFO | 🌐 Session warmed
2026-08-29 04:10:55,933 | INFO |    ↳ Status 200
2026-08-29 04:10:55,933 | INFO |    ✓ Found 7 movies
2026-08-29 04:10:55,933 | INFO | [1546/1901] Fetching Saligrama (SGMA)
2026-08-29 04:10:56,733 | INFO | [1547/1901] Fetching Salihundam (SAHM)
2026-08-29 04:10:56,888 | INFO |    ↳ Status 403
2026-08-29 04:10:56,888 | WARNING |    ⚠ Blocked (403) retry 3
2026-08-29 04:10:56,946 | INFO | 🌐 Session warmed
2026-08-29 04:10:57,556 | INFO |    ↳ Status 200
2026-08-29 04:10:57,556 | INFO |    ✓ Found 3 movies
2026-08-29 04:10:57,556 | INFO | [1548/1901] Fetching Salur (SALU)
2026-08-29 04:10:57,582 | INFO |    ↳ Status 403
2026-08-29 04:10:57,582 | WARNING |    ⚠ Blocked (403) retry 1
2026-08-29 04:10:57,636 | INFO | 🌐 Session warmed
2026-08-29 04:10:59,063 | INFO | [1549/1901] Fetching Samalkota (SAMA)
2026-08-29 04:10:59,844 | INFO |    ↳ Status 200
2026-08-29 04:10:59,844 | INFO |    ✓ Found 7 movies
2026-08-29 04:10:59,844 | INFO | [1550/1901] Fetching Samastipur (SMST)
2026-08-29 04:10:59,957 | INFO |    ↳ Status 403
2026-08-29 04:10:59,957 | WARNING |    ⚠ Blocked (403) retry 2
2026-08-29 04:11:00,016 | INFO | 🌐 Session warmed
2026-08-29 04:11:00,220 | INFO |    ↳ Status 403
2026-08-29 04:11:00,220 | WARNING |    ⚠ Blocked (403) retry 1
2026-08-29 04:11:00,284 | INFO | 🌐 Session warmed
2026-08-29 04:11:00,947 | INFO | [1551/1901] Fetching Sambalpur (SAMB)
2026-08-29 04:11:01,124 | INFO |    ↳ Status 200
2026-08-29 04:11:01,124 | INFO |    ✓ Found 8 movies
2026-08-29 04:11:01,125 | INFO | [1552/1901] Fetching Sambhal (SAML)
2026-08-29 04:11:01,819 | INFO |    ↳ Status 403
2026-08-29 04:11:01,819 | WARNING |    ⚠ Blocked (403) retry 1
2026-08-29 04:11:01,875 | INFO | 🌐 Session warmed
2026-08-29 04:11:02,564 | INFO |    ↳ Status 403
2026-08-29 04:11:02,564 | WARNING |    ⚠ Blocked (403) retry 2
2026-08-29 04:11:02,622 | INFO | 🌐 Session warmed
2026-08-29 04:11:02,972 | INFO |    ↳ Status 200
2026-08-29 04:11:02,972 | INFO |    ✓ Found 6 movies
2026-08-29 04:11:02,972 | INFO | [1553/1901] Fetching Sambhar (SABH)
2026-08-29 04:11:03,358 | INFO |    ↳ Status 403
2026-08-29 04:11:03,358 | WARNING |    ⚠ Blocked (403) retry 3
2026-08-29 04:11:03,414 | INFO | 🌐 Session warmed
2026-08-29 04:11:03,705 | INFO |    ↳ Status 403
2026-08-29 04:11:03,705 | WARNING |    ⚠ Blocked (403) retry 2
2026-08-29 04:11:03,763 | INFO | 🌐 Session warmed
2026-08-29 04:11:04,925 | INFO |    ↳ Status 200
2026-08-29 04:11:04,925 | INFO |    ✓ Found 4 movies
2026-08-29 04:11:04,925 | INFO | [1554/1901] Fetching Samsi (SAMS)
2026-08-29 04:11:05,331 | INFO |    ↳ Status 403
2026-08-29 04:11:05,331 | WARNING |    ⚠ Blocked (403) retry 3
2026-08-29 04:11:05,392 | INFO | 🌐 Session warmed
2026-08-29 04:11:05,960 | INFO |    ↳ Status 200
2026-08-29 04:11:05,960 | INFO |    ✓ Found 8 movies
2026-08-29 04:11:05,960 | INFO | [1555/1901] Fetching Sanand (SANA)
2026-08-29 04:11:07,031 | INFO |    ↳ Status 403
2026-08-29 04:11:07,031 | WARNING |    ⚠ Blocked (403) retry 3
2026-08-29 04:11:07,090 | INFO | 🌐 Session warmed
2026-08-29 04:11:07,414 | INFO | [1556/1901] Fetching Sanawad (SNWD)
2026-08-29 04:11:08,062 | INFO |    ↳ Status 403
2026-08-29 04:11:08,062 | WARNING |    ⚠ Blocked (403) retry 1
2026-08-29 04:11:08,124 | INFO | 🌐 Session warmed
2026-08-29 04:11:08,468 | INFO |    ↳ Status 200
2026-08-29 04:11:08,469 | INFO |    ✓ Found 8 movies
2026-08-29 04:11:08,469 | INFO | [1557/1901] Fetching Sangamner (SMNE)
2026-08-29 04:11:09,393 | INFO | [1558/1901] Fetching Sangareddy (SARE)
2026-08-29 04:11:09,455 | INFO |    ↳ Status 200
2026-08-29 04:11:09,455 | INFO |    ✓ Found 5 movies
2026-08-29 04:11:09,455 | INFO | [1559/1901] Fetching Sangaria (SAGR)
2026-08-29 04:11:10,064 | INFO |    ↳ Status 403
2026-08-29 04:11:10,064 | WARNING |    ⚠ Blocked (403) retry 2
2026-08-29 04:11:10,127 | INFO | 🌐 Session warmed
2026-08-29 04:11:10,204 | INFO |    ↳ Status 403
2026-08-29 04:11:10,205 | WARNING |    ⚠ Blocked (403) retry 1
2026-08-29 04:11:10,259 | INFO | 🌐 Session warmed
2026-08-29 04:11:11,090 | INFO | [1560/1901] Fetching Sangli (SANG)
2026-08-29 04:11:11,138 | INFO |    ↳ Status 200
2026-08-29 04:11:11,138 | INFO |    ✓ Found 4 movies
2026-08-29 04:11:11,138 | INFO | [1561/1901] Fetching Sangola (SNGO)
2026-08-29 04:11:12,117 | INFO |    ↳ Status 403
2026-08-29 04:11:12,117 | WARNING |    ⚠ Blocked (403) retry 2
2026-08-29 04:11:12,180 | INFO | 🌐 Session warmed
2026-08-29 04:11:12,218 | INFO |    ↳ Status 403
2026-08-29 04:11:12,218 | WARNING |    ⚠ Blocked (403) retry 1
2026-08-29 04:11:12,277 | INFO | 🌐 Session warmed
2026-08-29 04:11:12,349 | INFO |    ↳ Status 200
2026-08-29 04:11:12,349 | INFO |    ✓ Found 5 movies
2026-08-29 04:11:12,349 | INFO | [1562/1901] Fetching Sangrur (SANR)
2026-08-29 04:11:13,250 | INFO |    ↳ Status 403
2026-08-29 04:11:13,250 | WARNING |    ⚠ Blocked (403) retry 3
2026-08-29 04:11:13,306 | INFO | 🌐 Session warmed
2026-08-29 04:11:13,685 | INFO |    ↳ Status 200
2026-08-29 04:11:13,685 | INFO |    ✓ Found 8 movies
2026-08-29 04:11:13,685 | INFO | [1563/1901] Fetching Sankarankoil (SAKL)
2026-08-29 04:11:14,681 | INFO |    ↳ Status 403
2026-08-29 04:11:14,681 | WARNING |    ⚠ Blocked (403) retry 2
2026-08-29 04:11:14,744 | INFO | 🌐 Session warmed
2026-08-29 04:11:15,112 | INFO |    ↳ Status 200
2026-08-29 04:11:15,112 | INFO |    ✓ Found 7 movies
2026-08-29 04:11:15,112 | INFO | [1564/1901] Fetching Sankarapuram (SKPM)
2026-08-29 04:11:15,344 | INFO |    ↳ Status 403
2026-08-29 04:11:15,345 | WARNING |    ⚠ Blocked (403) retry 3
2026-08-29 04:11:15,401 | INFO | 🌐 Session warmed
2026-08-29 04:11:16,749 | INFO |    ↳ Status 200
2026-08-29 04:11:16,749 | INFO |    ✓ Found 7 movies
2026-08-29 04:11:16,749 | INFO | [1565/1901] Fetching Sankeshwar (SKHW)
2026-08-29 04:11:17,307 | INFO | [1566/1901] Fetching Sankri (SANK)
2026-08-29 04:11:17,811 | INFO |    ↳ Status 403
2026-08-29 04:11:17,811 | WARNING |    ⚠ Blocked (403) retry 3
2026-08-29 04:11:17,868 | INFO | 🌐 Session warmed
2026-08-29 04:11:18,118 | INFO |    ↳ Status 403
2026-08-29 04:11:18,118 | WARNING |    ⚠ Blocked (403) retry 1
2026-08-29 04:11:18,180 | INFO | 🌐 Session warmed
2026-08-29 04:11:18,766 | INFO |    ↳ Status 200
2026-08-29 04:11:18,766 | INFO |    ✓ Found 3 movies
2026-08-29 04:11:18,767 | INFO | [1567/1901] Fetching Santhebennur (STHB)
2026-08-29 04:11:19,401 | INFO | [1568/1901] Fetching Sanwer (SAWR)
2026-08-29 04:11:19,891 | INFO |    ↳ Status 403
2026-08-29 04:11:19,891 | WARNING |    ⚠ Blocked (403) retry 2
2026-08-29 04:11:19,947 | INFO | 🌐 Session warmed
2026-08-29 04:11:20,344 | INFO |    ↳ Status 200
2026-08-29 04:11:20,344 | INFO |    ✓ Found 3 movies
2026-08-29 04:11:20,344 | INFO | [1569/1901] Fetching Saoner (SAOR)
2026-08-29 04:11:20,629 | INFO |    ↳ Status 403
2026-08-29 04:11:20,629 | WARNING |    ⚠ Blocked (403) retry 1
2026-08-29 04:11:20,687 | INFO | 🌐 Session warmed
2026-08-29 04:11:21,300 | INFO |    ↳ Status 200
2026-08-29 04:11:21,300 | INFO |    ✓ Found 5 movies
2026-08-29 04:11:21,300 | INFO | [1570/1901] Fetching Saraipali (SPAL)
2026-08-29 04:11:21,868 | INFO | [1571/1901] Fetching Sarangarh (SARH)
2026-08-29 04:11:22,498 | INFO |    ↳ Status 403
2026-08-29 04:11:22,499 | WARNING |    ⚠ Blocked (403) retry 2
2026-08-29 04:11:22,555 | INFO | 🌐 Session warmed
2026-08-29 04:11:22,575 | INFO |    ↳ Status 200
2026-08-29 04:11:22,575 | INFO |    ✓ Found 8 movies
2026-08-29 04:11:22,575 | INFO | [1572/1901] Fetching Sarangpur (SARA)
2026-08-29 04:11:23,144 | INFO |    ↳ Status 403
2026-08-29 04:11:23,144 | WARNING |    ⚠ Blocked (403) retry 3
2026-08-29 04:11:23,181 | INFO |    ↳ Status 403
2026-08-29 04:11:23,181 | WARNING |    ⚠ Blocked (403) retry 1
2026-08-29 04:11:23,203 | INFO | 🌐 Session warmed
2026-08-29 04:11:23,240 | INFO | 🌐 Session warmed
2026-08-29 04:11:24,022 | INFO |    ↳ Status 200
2026-08-29 04:11:24,022 | INFO |    ✓ Found 7 movies
2026-08-29 04:11:24,023 | INFO | [1573/1901] Fetching Sarapaka (SARP)
2026-08-29 04:11:25,175 | INFO |    ↳ Status 200
2026-08-29 04:11:25,176 | INFO |    ✓ Found 7 movies
2026-08-29 04:11:25,176 | INFO | [1574/1901] Fetching Sardhana (DDDD)
2026-08-29 04:11:25,253 | INFO |    ↳ Status 403
2026-08-29 04:11:25,253 | WARNING |    ⚠ Blocked (403) retry 2
2026-08-29 04:11:25,314 | INFO | 🌐 Session warmed
2026-08-29 04:11:25,343 | INFO |    ↳ Status 403
2026-08-29 04:11:25,343 | WARNING |    ⚠ Blocked (403) retry 3
2026-08-29 04:11:25,401 | INFO | 🌐 Session warmed
2026-08-29 04:11:26,419 | INFO |    ↳ Status 200
2026-08-29 04:11:26,419 | INFO |    ✓ Found 8 movies
2026-08-29 04:11:26,419 | INFO | [1575/1901] Fetching Sardulgarh (SARD)
2026-08-29 04:11:27,203 | INFO | [1576/1901] Fetching Sarnath (SART)
2026-08-29 04:11:28,108 | INFO |    ↳ Status 200
2026-08-29 04:11:28,109 | INFO |    ✓ Found 8 movies
2026-08-29 04:11:28,109 | INFO | [1577/1901] Fetching Sarni (SARN)
2026-08-29 04:11:28,193 | INFO |    ↳ Status 403
2026-08-29 04:11:28,193 | WARNING |    ⚠ Blocked (403) retry 1
2026-08-29 04:11:28,251 | INFO | 🌐 Session warmed
2026-08-29 04:11:28,661 | INFO |    ↳ Status 403
2026-08-29 04:11:28,661 | WARNING |    ⚠ Blocked (403) retry 3
2026-08-29 04:11:28,721 | INFO | 🌐 Session warmed
2026-08-29 04:11:29,402 | INFO | [1578/1901] Fetching Sarsiwa (SARS)
2026-08-29 04:11:29,490 | INFO |    ↳ Status 200
2026-08-29 04:11:29,490 | INFO |    ✓ Found 7 movies
2026-08-29 04:11:29,490 | INFO | [1579/1901] Fetching Sasaram (SARM)
2026-08-29 04:11:30,215 | INFO |    ↳ Status 403
2026-08-29 04:11:30,215 | WARNING |    ⚠ Blocked (403) retry 2
2026-08-29 04:11:30,271 | INFO | 🌐 Session warmed
2026-08-29 04:11:30,395 | INFO |    ↳ Status 403
2026-08-29 04:11:30,395 | WARNING |    ⚠ Blocked (403) retry 1
2026-08-29 04:11:30,449 | INFO |    ↳ Status 200
2026-08-29 04:11:30,449 | INFO |    ✓ Found 7 movies
2026-08-29 04:11:30,449 | INFO | [1580/1901] Fetching Satana (STNA)
2026-08-29 04:11:30,453 | INFO | 🌐 Session warmed
2026-08-29 04:11:32,066 | INFO |    ↳ Status 200
2026-08-29 04:11:32,067 | INFO |    ✓ Found 5 movies
2026-08-29 04:11:32,067 | INFO | [1581/1901] Fetching Satara (SATA)
2026-08-29 04:11:32,576 | INFO |    ↳ Status 403
2026-08-29 04:11:32,576 | WARNING |    ⚠ Blocked (403) retry 2
2026-08-29 04:11:32,637 | INFO | 🌐 Session warmed
2026-08-29 04:11:32,721 | INFO | [1582/1901] Fetching Sathankulam (SNTK)
2026-08-29 04:11:33,094 | INFO |    ↳ Status 403
2026-08-29 04:11:33,094 | WARNING |    ⚠ Blocked (403) retry 3
2026-08-29 04:11:33,153 | INFO | 🌐 Session warmed
2026-08-29 04:11:33,165 | INFO |    ↳ Status 200
2026-08-29 04:11:33,165 | INFO |    ✓ Found 5 movies
2026-08-29 04:11:33,165 | INFO | [1583/1901] Fetching Sathupally (SATH)
2026-08-29 04:11:33,512 | INFO |    ↳ Status 403
2026-08-29 04:11:33,512 | WARNING |    ⚠ Blocked (403) retry 1
2026-08-29 04:11:33,571 | INFO | 🌐 Session warmed
2026-08-29 04:11:34,138 | INFO |    ↳ Status 200
2026-08-29 04:11:34,139 | INFO |    ✓ Found 7 movies
2026-08-29 04:11:34,139 | INFO | [1584/1901] Fetching Sathyamangalam (STHY)
2026-08-29 04:11:35,368 | INFO |    ↳ Status 403
2026-08-29 04:11:35,368 | WARNING |    ⚠ Blocked (403) retry 2
2026-08-29 04:11:35,426 | INFO | 🌐 Session warmed
2026-08-29 04:11:35,946 | INFO |    ↳ Status 403
2026-08-29 04:11:35,946 | WARNING |    ⚠ Blocked (403) retry 3
2026-08-29 04:11:36,004 | INFO | 🌐 Session warmed
2026-08-29 04:11:36,052 | INFO |    ↳ Status 200
2026-08-29 04:11:36,053 | INFO |    ✓ Found 7 movies
2026-08-29 04:11:36,053 | INFO | [1585/1901] Fetching Satmile (SATI)
2026-08-29 04:11:37,153 | INFO | [1586/1901] Fetching Satna (SATN)
2026-08-29 04:11:37,586 | INFO |    ↳ Status 200
2026-08-29 04:11:37,586 | INFO |    ✓ Found 8 movies
2026-08-29 04:11:37,587 | INFO | [1587/1901] Fetching Sattenapalle (SATL)
2026-08-29 04:11:38,276 | INFO |    ↳ Status 403
2026-08-29 04:11:38,277 | WARNING |    ⚠ Blocked (403) retry 1
2026-08-29 04:11:38,333 | INFO | 🌐 Session warmed
2026-08-29 04:11:38,387 | INFO |    ↳ Status 403
2026-08-29 04:11:38,388 | WARNING |    ⚠ Blocked (403) retry 3
2026-08-29 04:11:38,449 | INFO | 🌐 Session warmed
2026-08-29 04:11:38,766 | INFO |    ↳ Status 200
2026-08-29 04:11:38,767 | INFO |    ✓ Found 7 movies
2026-08-29 04:11:38,767 | INFO | [1588/1901] Fetching Saundatti (SAUN)
2026-08-29 04:11:40,004 | INFO | [1589/1901] Fetching Sawai Madhopur (SWMP)
2026-08-29 04:11:40,146 | INFO |    ↳ Status 403
2026-08-29 04:11:40,146 | WARNING |    ⚠ Blocked (403) retry 2
2026-08-29 04:11:40,203 | INFO | 🌐 Session warmed
2026-08-29 04:11:40,626 | INFO |    ↳ Status 403
2026-08-29 04:11:40,627 | WARNING |    ⚠ Blocked (403) retry 1
2026-08-29 04:11:40,680 | INFO |    ↳ Status 200
2026-08-29 04:11:40,680 | INFO |    ✓ Found 3 movies
2026-08-29 04:11:40,680 | INFO | [1590/1901] Fetching Sawantwadi (SAWA)
2026-08-29 04:11:40,688 | INFO | 🌐 Session warmed
2026-08-29 04:11:42,002 | INFO |    ↳ Status 200
2026-08-29 04:11:42,002 | INFO |    ✓ Found 8 movies
2026-08-29 04:11:42,002 | INFO | [1591/1901] Fetching Sayan (SYAN)
2026-08-29 04:11:42,449 | INFO | [1592/1901] Fetching Secunderabad (SCBD)
2026-08-29 04:11:42,786 | INFO |    ↳ Status 403
2026-08-29 04:11:42,786 | WARNING |    ⚠ Blocked (403) retry 2
2026-08-29 04:11:42,845 | INFO | 🌐 Session warmed
2026-08-29 04:11:43,261 | INFO |    ↳ Status 403
2026-08-29 04:11:43,261 | WARNING |    ⚠ Blocked (403) retry 3
2026-08-29 04:11:43,322 | INFO |    ↳ Status 403
2026-08-29 04:11:43,322 | WARNING |    ⚠ Blocked (403) retry 1
2026-08-29 04:11:43,323 | INFO | 🌐 Session warmed
2026-08-29 04:11:43,383 | INFO | 🌐 Session warmed
2026-08-29 04:11:43,602 | INFO |    ↳ Status 200
2026-08-29 04:11:43,602 | INFO |    ✓ Found 8 movies
2026-08-29 04:11:43,602 | INFO | [1593/1901] Fetching Seethanagaram (SEET)
2026-08-29 04:11:45,544 | INFO |    ↳ Status 200
2026-08-29 04:11:45,544 | INFO |    ✓ Found 7 movies
2026-08-29 04:11:45,544 | INFO | [1594/1901] Fetching Sehmalpur (SEHL)
2026-08-29 04:11:45,672 | INFO |    ↳ Status 403
2026-08-29 04:11:45,672 | WARNING |    ⚠ Blocked (403) retry 2
2026-08-29 04:11:45,733 | INFO | 🌐 Session warmed
2026-08-29 04:11:46,193 | INFO |    ↳ Status 403
2026-08-29 04:11:46,193 | WARNING |    ⚠ Blocked (403) retry 3
2026-08-29 04:11:46,252 | INFO | 🌐 Session warmed
2026-08-29 04:11:46,875 | INFO |    ↳ Status 200
2026-08-29 04:11:46,875 | INFO |    ✓ Found 8 movies
2026-08-29 04:11:46,875 | INFO | [1595/1901] Fetching Sehore (SEHO)
2026-08-29 04:11:47,323 | INFO | [1596/1901] Fetching Selu (SELU)
2026-08-29 04:11:48,415 | INFO |    ↳ Status 200
2026-08-29 04:11:48,415 | INFO |    ✓ Found 7 movies
2026-08-29 04:11:48,416 | INFO | [1597/1901] Fetching Semiliguda (SIMI)
2026-08-29 04:11:48,420 | INFO |    ↳ Status 403
2026-08-29 04:11:48,420 | WARNING |    ⚠ Blocked (403) retry 1
2026-08-29 04:11:48,486 | INFO | 🌐 Session warmed
2026-08-29 04:11:48,612 | INFO |    ↳ Status 403
2026-08-29 04:11:48,612 | WARNING |    ⚠ Blocked (403) retry 3
2026-08-29 04:11:48,674 | INFO | 🌐 Session warmed
2026-08-29 04:11:49,898 | INFO |    ↳ Status 200
2026-08-29 04:11:49,898 | INFO |    ✓ Found 8 movies
2026-08-29 04:11:49,899 | INFO | [1598/1901] Fetching Senapati (SENA)
2026-08-29 04:11:50,130 | INFO |    ↳ Status 403
2026-08-29 04:11:50,130 | WARNING |    ⚠ Blocked (403) retry 2
2026-08-29 04:11:50,195 | INFO | 🌐 Session warmed
2026-08-29 04:11:50,253 | INFO | [1599/1901] Fetching Sendhwa (SEND)
2026-08-29 04:11:50,992 | INFO |    ↳ Status 403
2026-08-29 04:11:50,992 | WARNING |    ⚠ Blocked (403) retry 1
2026-08-29 04:11:51,057 | INFO | 🌐 Session warmed
2026-08-29 04:11:51,156 | INFO |    ↳ Status 200
2026-08-29 04:11:51,156 | INFO |    ✓ Found 8 movies
2026-08-29 04:11:51,156 | INFO | [1600/1901] Fetching Sendurai (SEAI)
2026-08-29 04:11:52,655 | INFO |    ↳ Status 200
2026-08-29 04:11:52,655 | INFO |    ✓ Found 8 movies
2026-08-29 04:11:52,655 | INFO | [1601/1901] Fetching Sengottai (SENG)
2026-08-29 04:11:52,675 | INFO | [1602/1901] Fetching Seoni (SEON)
2026-08-29 04:11:52,940 | INFO |    ↳ Status 403
2026-08-29 04:11:52,940 | WARNING |    ⚠ Blocked (403) retry 2
2026-08-29 04:11:52,997 | INFO | 🌐 Session warmed
2026-08-29 04:11:53,338 | INFO |    ↳ Status 403
2026-08-29 04:11:53,338 | WARNING |    ⚠ Blocked (403) retry 3
2026-08-29 04:11:53,395 | INFO | 🌐 Session warmed
2026-08-29 04:11:53,612 | INFO |    ↳ Status 403
2026-08-29 04:11:53,612 | WARNING |    ⚠ Blocked (403) retry 1
2026-08-29 04:11:53,667 | INFO | 🌐 Session warmed
2026-08-29 04:11:54,222 | INFO |    ↳ Status 200
2026-08-29 04:11:54,222 | INFO |    ✓ Found 7 movies
2026-08-29 04:11:54,222 | INFO | [1603/1901] Fetching Seoni Malwa (SEMA)
2026-08-29 04:11:55,613 | INFO |    ↳ Status 200
2026-08-29 04:11:55,613 | INFO |    ✓ Found 7 movies
2026-08-29 04:11:55,613 | INFO | [1604/1901] Fetching Serampore (SERA)
2026-08-29 04:11:55,813 | INFO |    ↳ Status 403
2026-08-29 04:11:55,813 | WARNING |    ⚠ Blocked (403) retry 2
2026-08-29 04:11:55,871 | INFO | 🌐 Session warmed
2026-08-29 04:11:55,914 | INFO |    ↳ Status 403
2026-08-29 04:11:55,914 | WARNING |    ⚠ Blocked (403) retry 3
2026-08-29 04:11:55,970 | INFO | 🌐 Session warmed
2026-08-29 04:11:57,240 | INFO |    ↳ Status 200
2026-08-29 04:11:57,241 | INFO |    ✓ Found 8 movies
2026-08-29 04:11:57,241 | INFO | [1605/1901] Fetching Shadnagar (SHAD)
2026-08-29 04:11:57,396 | INFO | [1606/1901] Fetching Shahada (SHHA)
2026-08-29 04:11:58,588 | INFO |    ↳ Status 403
2026-08-29 04:11:58,588 | WARNING |    ⚠ Blocked (403) retry 1
2026-08-29 04:11:58,641 | INFO | 🌐 Session warmed
2026-08-29 04:11:58,941 | INFO |    ↳ Status 200
2026-08-29 04:11:58,941 | INFO |    ✓ Found 7 movies
2026-08-29 04:11:58,942 | INFO | [1607/1901] Fetching Shahapur (SHAP)
2026-08-29 04:11:59,198 | INFO |    ↳ Status 403
2026-08-29 04:11:59,198 | WARNING |    ⚠ Blocked (403) retry 3
2026-08-29 04:11:59,255 | INFO | 🌐 Session warmed
2026-08-29 04:11:59,970 | INFO | [1608/1901] Fetching Shahdol (SHAH)
2026-08-29 04:12:00,313 | INFO |    ↳ Status 200
2026-08-29 04:12:00,314 | INFO |    ✓ Found 3 movies
2026-08-29 04:12:00,314 | INFO | [1609/1901] Fetching Shahjahanpur (SHJH)
2026-08-29 04:12:00,699 | INFO |    ↳ Status 403
2026-08-29 04:12:00,700 | WARNING |    ⚠ Blocked (403) retry 2
2026-08-29 04:12:00,754 | INFO | 🌐 Session warmed
2026-08-29 04:12:01,256 | INFO |    ↳ Status 403
2026-08-29 04:12:01,256 | WARNING |    ⚠ Blocked (403) retry 1
2026-08-29 04:12:01,319 | INFO | 🌐 Session warmed
2026-08-29 04:12:01,874 | INFO |    ↳ Status 200
2026-08-29 04:12:01,874 | INFO |    ✓ Found 6 movies
2026-08-29 04:12:01,874 | INFO | [1610/1901] Fetching Shahpur (SUPH)
2026-08-29 04:12:03,044 | INFO |    ↳ Status 200
2026-08-29 04:12:03,044 | INFO |    ✓ Found 8 movies
2026-08-29 04:12:03,045 | INFO | [1611/1901] Fetching Shahpura (SHAA)
2026-08-29 04:12:03,255 | INFO | [1612/1901] Fetching Shajapur (SJUR)
2026-08-29 04:12:03,478 | INFO |    ↳ Status 403
2026-08-29 04:12:03,478 | WARNING |    ⚠ Blocked (403) retry 2
2026-08-29 04:12:03,541 | INFO | 🌐 Session warmed
2026-08-29 04:12:03,621 | INFO |    ↳ Status 403
2026-08-29 04:12:03,621 | WARNING |    ⚠ Blocked (403) retry 3
2026-08-29 04:12:03,678 | INFO | 🌐 Session warmed
2026-08-29 04:12:03,886 | INFO |    ↳ Status 403
2026-08-29 04:12:03,886 | WARNING |    ⚠ Blocked (403) retry 1
2026-08-29 04:12:03,962 | INFO | 🌐 Session warmed
2026-08-29 04:12:04,500 | INFO |    ↳ Status 200
2026-08-29 04:12:04,501 | INFO |    ✓ Found 4 movies
2026-08-29 04:12:04,501 | INFO | [1613/1901] Fetching Shamgarh (SGAH)
2026-08-29 04:12:05,652 | INFO |    ↳ Status 403
2026-08-29 04:12:05,652 | WARNING |    ⚠ Blocked (403) retry 2
2026-08-29 04:12:05,727 | INFO | 🌐 Session warmed
2026-08-29 04:12:06,237 | INFO |    ↳ Status 200
2026-08-29 04:12:06,237 | INFO |    ✓ Found 8 movies
2026-08-29 04:12:06,238 | INFO | [1614/1901] Fetching Shamli (SHAM)
2026-08-29 04:12:06,763 | INFO |    ↳ Status 403
2026-08-29 04:12:06,763 | WARNING |    ⚠ Blocked (403) retry 3
2026-08-29 04:12:06,818 | INFO | 🌐 Session warmed
2026-08-29 04:12:07,468 | INFO |    ↳ Status 200
2026-08-29 04:12:07,469 | INFO |    ✓ Found 8 movies
2026-08-29 04:12:07,469 | INFO | [1615/1901] Fetching Shankarampet (SHAN)
2026-08-29 04:12:07,679 | INFO | [1616/1901] Fetching Shankarpally (SKRP)
2026-08-29 04:12:08,536 | INFO |    ↳ Status 403
2026-08-29 04:12:08,536 | WARNING |    ⚠ Blocked (403) retry 1
2026-08-29 04:12:08,593 | INFO | 🌐 Session warmed
2026-08-29 04:12:08,835 | INFO |    ↳ Status 200
2026-08-29 04:12:08,835 | INFO |    ✓ Found 7 movies
2026-08-29 04:12:08,835 | INFO | [1617/1901] Fetching Shankarpur (SHNC)
2026-08-29 04:12:09,067 | INFO |    ↳ Status 403
2026-08-29 04:12:09,067 | WARNING |    ⚠ Blocked (403) retry 3
2026-08-29 04:12:09,131 | INFO | 🌐 Session warmed
2026-08-29 04:12:10,348 | INFO |    ↳ Status 200
2026-08-29 04:12:10,348 | INFO |    ✓ Found 8 movies
2026-08-29 04:12:10,349 | INFO | [1618/1901] Fetching Shela (SHEL)
2026-08-29 04:12:10,646 | INFO |    ↳ Status 403
2026-08-29 04:12:10,646 | WARNING |    ⚠ Blocked (403) retry 2
2026-08-29 04:12:10,709 | INFO | 🌐 Session warmed
2026-08-29 04:12:10,818 | INFO | [1619/1901] Fetching Sheopur (SHPR)
2026-08-29 04:12:11,921 | INFO |    ↳ Status 200
2026-08-29 04:12:11,921 | INFO |    ✓ Found 8 movies
2026-08-29 04:12:11,921 | INFO | [1620/1901] Fetching Sheorinarayan (SHEO)
2026-08-29 04:12:12,211 | INFO |    ↳ Status 403
2026-08-29 04:12:12,212 | WARNING |    ⚠ Blocked (403) retry 1
2026-08-29 04:12:12,274 | INFO | 🌐 Session warmed
2026-08-29 04:12:13,131 | INFO | [1621/1901] Fetching Shikaripur (SHKR)
2026-08-29 04:12:13,441 | INFO |    ↳ Status 403
2026-08-29 04:12:13,442 | WARNING |    ⚠ Blocked (403) retry 3
2026-08-29 04:12:13,478 | INFO |    ↳ Status 200
2026-08-29 04:12:13,478 | INFO |    ✓ Found 8 movies
2026-08-29 04:12:13,478 | INFO | [1622/1901] Fetching Shikarpur (SHIP)
2026-08-29 04:12:13,505 | INFO | 🌐 Session warmed
2026-08-29 04:12:13,931 | INFO |    ↳ Status 403
2026-08-29 04:12:13,931 | WARNING |    ⚠ Blocked (403) retry 2
2026-08-29 04:12:13,993 | INFO | 🌐 Session warmed
2026-08-29 04:12:14,244 | INFO |    ↳ Status 403
2026-08-29 04:12:14,244 | WARNING |    ⚠ Blocked (403) retry 1
2026-08-29 04:12:14,301 | INFO | 🌐 Session warmed
2026-08-29 04:12:15,100 | INFO |    ↳ Status 200
2026-08-29 04:12:15,100 | INFO |    ✓ Found 1 movies
2026-08-29 04:12:15,100 | INFO | [1623/1901] Fetching Shikrapur (SKHR)
2026-08-29 04:12:16,542 | INFO |    ↳ Status 403
2026-08-29 04:12:16,542 | WARNING |    ⚠ Blocked (403) retry 2
2026-08-29 04:12:16,600 | INFO | 🌐 Session warmed
2026-08-29 04:12:16,629 | INFO |    ↳ Status 200
2026-08-29 04:12:16,629 | INFO |    ✓ Found 8 movies
2026-08-29 04:12:16,629 | INFO | [1624/1901] Fetching Shillong (SHLG)
2026-08-29 04:12:17,364 | INFO |    ↳ Status 403
2026-08-29 04:12:17,364 | WARNING |    ⚠ Blocked (403) retry 3
2026-08-29 04:12:17,421 | INFO | 🌐 Session warmed
2026-08-29 04:12:17,505 | INFO | [1625/1901] Fetching Shimla (SMLA)
2026-08-29 04:12:17,803 | INFO |    ↳ Status 200
2026-08-29 04:12:17,803 | INFO |    ✓ Found 5 movies
2026-08-29 04:12:17,803 | INFO | [1626/1901] Fetching Shindkheda (SHDK)
2026-08-29 04:12:18,521 | INFO |    ↳ Status 403
2026-08-29 04:12:18,521 | WARNING |    ⚠ Blocked (403) retry 1
2026-08-29 04:12:18,587 | INFO | 🌐 Session warmed
2026-08-29 04:12:19,252 | INFO |    ↳ Status 403
2026-08-29 04:12:19,252 | WARNING |    ⚠ Blocked (403) retry 3
2026-08-29 04:12:19,310 | INFO | 🌐 Session warmed
2026-08-29 04:12:19,445 | INFO |    ↳ Status 200
2026-08-29 04:12:19,445 | INFO |    ✓ Found 8 movies
2026-08-29 04:12:19,446 | INFO | [1627/1901] Fetching Shirahatti (SHTI)
2026-08-29 04:12:20,640 | INFO |    ↳ Status 200
2026-08-29 04:12:20,640 | INFO |    ✓ Found 3 movies
2026-08-29 04:12:20,640 | INFO | [1628/1901] Fetching Shirali (SHIR)
2026-08-29 04:12:20,789 | INFO |    ↳ Status 403
2026-08-29 04:12:20,789 | WARNING |    ⚠ Blocked (403) retry 2
2026-08-29 04:12:20,849 | INFO | 🌐 Session warmed
2026-08-29 04:12:21,422 | INFO | [1629/1901] Fetching Shirpur (SRUR)
2026-08-29 04:12:22,052 | INFO |    ↳ Status 403
2026-08-29 04:12:22,052 | WARNING |    ⚠ Blocked (403) retry 1
2026-08-29 04:12:22,109 | INFO | 🌐 Session warmed
2026-08-29 04:12:22,224 | INFO |    ↳ Status 200
2026-08-29 04:12:22,224 | INFO |    ✓ Found 3 movies
2026-08-29 04:12:22,224 | INFO | [1630/1901] Fetching Shirur (SHRU)
2026-08-29 04:12:23,310 | INFO | [1631/1901] Fetching Shivamogga (SHIA)
2026-08-29 04:12:23,698 | INFO |    ↳ Status 200
2026-08-29 04:12:23,698 | INFO |    ✓ Found 5 movies
2026-08-29 04:12:23,698 | INFO | [1632/1901] Fetching Shivpuri (SHIV)
2026-08-29 04:12:23,997 | INFO |    ↳ Status 403
2026-08-29 04:12:23,998 | WARNING |    ⚠ Blocked (403) retry 3
2026-08-29 04:12:24,007 | INFO |    ↳ Status 403
2026-08-29 04:12:24,007 | WARNING |    ⚠ Blocked (403) retry 2
2026-08-29 04:12:24,068 | INFO | 🌐 Session warmed
2026-08-29 04:12:24,076 | INFO | 🌐 Session warmed
2026-08-29 04:12:24,572 | INFO |    ↳ Status 403
2026-08-29 04:12:24,572 | WARNING |    ⚠ Blocked (403) retry 1
2026-08-29 04:12:24,641 | INFO | 🌐 Session warmed
2026-08-29 04:12:24,779 | INFO |    ↳ Status 200
2026-08-29 04:12:24,779 | INFO |    ✓ Found 7 movies
2026-08-29 04:12:24,779 | INFO | [1633/1901] Fetching Shopian (SPHN)
2026-08-29 04:12:26,438 | INFO |    ↳ Status 200
2026-08-29 04:12:26,438 | INFO |    ✓ Found 8 movies
2026-08-29 04:12:26,438 | INFO | [1634/1901] Fetching Shoranur (SHNR)
2026-08-29 04:12:26,904 | INFO |    ↳ Status 403
2026-08-29 04:12:26,904 | WARNING |    ⚠ Blocked (403) retry 2
2026-08-29 04:12:26,963 | INFO | 🌐 Session warmed
2026-08-29 04:12:27,145 | INFO |    ↳ Status 403
2026-08-29 04:12:27,145 | WARNING |    ⚠ Blocked (403) retry 3
2026-08-29 04:12:27,201 | INFO | 🌐 Session warmed
2026-08-29 04:12:27,530 | INFO |    ↳ Status 200
2026-08-29 04:12:27,530 | INFO |    ✓ Found 8 movies
2026-08-29 04:12:27,530 | INFO | [1635/1901] Fetching Shrigonda (SHRI)
2026-08-29 04:12:28,068 | INFO | [1636/1901] Fetching Shrirampur (SHUR)
2026-08-29 04:12:28,632 | INFO |    ↳ Status 200
2026-08-29 04:12:28,632 | INFO |    ✓ Found 8 movies
2026-08-29 04:12:28,633 | INFO | [1637/1901] Fetching Shujalpur (SHLP)
2026-08-29 04:12:29,325 | INFO |    ↳ Status 403
2026-08-29 04:12:29,325 | WARNING |    ⚠ Blocked (403) retry 1
2026-08-29 04:12:29,384 | INFO | 🌐 Session warmed
2026-08-29 04:12:29,914 | INFO |    ↳ Status 200
2026-08-29 04:12:29,914 | INFO |    ✓ Found 8 movies
2026-08-29 04:12:29,914 | INFO | [1638/1901] Fetching Shuklaganj (SKLG)
2026-08-29 04:12:29,965 | INFO |    ↳ Status 403
2026-08-29 04:12:29,965 | WARNING |    ⚠ Blocked (403) retry 3
2026-08-29 04:12:30,020 | INFO | 🌐 Session warmed
2026-08-29 04:12:31,151 | INFO |    ↳ Status 403
2026-08-29 04:12:31,151 | WARNING |    ⚠ Blocked (403) retry 2
2026-08-29 04:12:31,201 | INFO | [1639/1901] Fetching Siddharthnagar (SIDZ)
2026-08-29 04:12:31,211 | INFO | 🌐 Session warmed
2026-08-29 04:12:31,250 | INFO |    ↳ Status 200
2026-08-29 04:12:31,250 | INFO |    ✓ Found 6 movies
2026-08-29 04:12:31,250 | INFO | [1640/1901] Fetching Siddhpur (SIDD)
2026-08-29 04:12:31,954 | INFO |    ↳ Status 403
2026-08-29 04:12:31,954 | WARNING |    ⚠ Blocked (403) retry 1
2026-08-29 04:12:32,009 | INFO | 🌐 Session warmed
2026-08-29 04:12:32,245 | INFO |    ↳ Status 200
2026-08-29 04:12:32,245 | INFO |    ✓ Found 8 movies
2026-08-29 04:12:32,245 | INFO | [1641/1901] Fetching Siddipet (SDDP)
2026-08-29 04:12:33,832 | INFO |    ↳ Status 200
2026-08-29 04:12:33,832 | INFO |    ✓ Found 7 movies
2026-08-29 04:12:33,833 | INFO | [1642/1901] Fetching Sidlaghatta (SIDL)
2026-08-29 04:12:34,020 | INFO | [1643/1901] Fetching Sihora (SIHO)
2026-08-29 04:12:34,266 | INFO |    ↳ Status 403
2026-08-29 04:12:34,266 | WARNING |    ⚠ Blocked (403) retry 2
2026-08-29 04:12:34,325 | INFO | 🌐 Session warmed
2026-08-29 04:12:34,572 | INFO |    ↳ Status 403
2026-08-29 04:12:34,572 | WARNING |    ⚠ Blocked (403) retry 3
2026-08-29 04:12:34,630 | INFO | 🌐 Session warmed
2026-08-29 04:12:35,007 | INFO |    ↳ Status 403
2026-08-29 04:12:35,007 | WARNING |    ⚠ Blocked (403) retry 1
2026-08-29 04:12:35,066 | INFO | 🌐 Session warmed
2026-08-29 04:12:35,444 | INFO |    ↳ Status 200
2026-08-29 04:12:35,444 | INFO |    ✓ Found 3 movies
2026-08-29 04:12:35,444 | INFO | [1644/1901] Fetching Sikar (SIKR)
2026-08-29 04:12:36,898 | INFO |    ↳ Status 200
2026-08-29 04:12:36,898 | INFO |    ✓ Found 4 movies
2026-08-29 04:12:36,898 | INFO | [1645/1901] Fetching Silchar (SIL)
2026-08-29 04:12:37,285 | INFO |    ↳ Status 403
2026-08-29 04:12:37,285 | WARNING |    ⚠ Blocked (403) retry 2
2026-08-29 04:12:37,353 | INFO | 🌐 Session warmed
2026-08-29 04:12:37,610 | INFO |    ↳ Status 403
2026-08-29 04:12:37,610 | WARNING |    ⚠ Blocked (403) retry 3
2026-08-29 04:12:37,674 | INFO | 🌐 Session warmed
2026-08-29 04:12:38,531 | INFO |    ↳ Status 200
2026-08-29 04:12:38,531 | INFO |    ✓ Found 8 movies
2026-08-29 04:12:38,531 | INFO | [1646/1901] Fetching Siliguri (SILI)
2026-08-29 04:12:38,630 | INFO | [1647/1901] Fetching Silvassa (SILV)
2026-08-29 04:12:39,357 | INFO |    ↳ Status 403
2026-08-29 04:12:39,357 | WARNING |    ⚠ Blocked (403) retry 1
2026-08-29 04:12:39,416 | INFO | 🌐 Session warmed
2026-08-29 04:12:39,969 | INFO |    ↳ Status 200
2026-08-29 04:12:39,969 | INFO |    ✓ Found 8 movies
2026-08-29 04:12:39,969 | INFO | [1648/1901] Fetching Sindhanur (SIND)
2026-08-29 04:12:40,156 | INFO |    ↳ Status 403
2026-08-29 04:12:40,157 | WARNING |    ⚠ Blocked (403) retry 3
2026-08-29 04:12:40,214 | INFO | 🌐 Session warmed
2026-08-29 04:12:41,236 | INFO |    ↳ Status 403
2026-08-29 04:12:41,236 | WARNING |    ⚠ Blocked (403) retry 2
2026-08-29 04:12:41,292 | INFO | 🌐 Session warmed
2026-08-29 04:12:41,530 | INFO |    ↳ Status 200
2026-08-29 04:12:41,530 | INFO |    ✓ Found 3 movies
2026-08-29 04:12:41,530 | INFO | [1649/1901] Fetching Sindhudurg (SNDH)
2026-08-29 04:12:41,674 | INFO | [1650/1901] Fetching Singapore (SING)
2026-08-29 04:12:42,670 | INFO |    ↳ Status 403
2026-08-29 04:12:42,670 | WARNING |    ⚠ Blocked (403) retry 1
2026-08-29 04:12:42,727 | INFO | 🌐 Session warmed
2026-08-29 04:12:42,787 | INFO |    ↳ Status 200
2026-08-29 04:12:42,787 | INFO |    ✓ Found 5 movies
2026-08-29 04:12:42,787 | INFO | [1651/1901] Fetching Singarayakonda (SIGN)
2026-08-29 04:12:44,027 | INFO |    ↳ Status 403
2026-08-29 04:12:44,027 | WARNING |    ⚠ Blocked (403) retry 3
2026-08-29 04:12:44,085 | INFO | 🌐 Session warmed
2026-08-29 04:12:44,214 | INFO | [1652/1901] Fetching Singrauli (SNGR)
2026-08-29 04:12:44,298 | INFO |    ↳ Status 200
2026-08-29 04:12:44,298 | INFO |    ✓ Found 7 movies
2026-08-29 04:12:44,298 | INFO | [1653/1901] Fetching Sinnar (SINA)
2026-08-29 04:12:44,986 | INFO |    ↳ Status 403
2026-08-29 04:12:44,986 | WARNING |    ⚠ Blocked (403) retry 2
2026-08-29 04:12:45,040 | INFO | 🌐 Session warmed
2026-08-29 04:12:45,406 | INFO |    ↳ Status 200
2026-08-29 04:12:45,406 | INFO |    ✓ Found 5 movies
2026-08-29 04:12:45,406 | INFO | [1654/1901] Fetching Sira (SIRA)
2026-08-29 04:12:45,452 | INFO |    ↳ Status 403
2026-08-29 04:12:45,452 | WARNING |    ⚠ Blocked (403) retry 1
2026-08-29 04:12:45,511 | INFO | 🌐 Session warmed
2026-08-29 04:12:46,387 | INFO |    ↳ Status 200
2026-08-29 04:12:46,387 | INFO |    ✓ Found 8 movies
2026-08-29 04:12:46,387 | INFO | [1655/1901] Fetching Sircilla (SIRC)
2026-08-29 04:12:47,161 | INFO |    ↳ Status 403
2026-08-29 04:12:47,161 | WARNING |    ⚠ Blocked (403) retry 2
2026-08-29 04:12:47,224 | INFO | 🌐 Session warmed
2026-08-29 04:12:47,652 | INFO |    ↳ Status 403
2026-08-29 04:12:47,652 | WARNING |    ⚠ Blocked (403) retry 3
2026-08-29 04:12:47,714 | INFO | 🌐 Session warmed
2026-08-29 04:12:47,927 | INFO |    ↳ Status 200
2026-08-29 04:12:47,928 | INFO |    ✓ Found 7 movies
2026-08-29 04:12:47,928 | INFO | [1656/1901] Fetching Sirmaur (SIRM)
2026-08-29 04:12:48,085 | INFO | [1657/1901] Fetching Sirohi (SIRO)
2026-08-29 04:12:49,327 | INFO |    ↳ Status 200
2026-08-29 04:12:49,327 | INFO |    ✓ Found 8 movies
2026-08-29 04:12:49,327 | INFO | [1658/1901] Fetching Sirsa (SISA)
2026-08-29 04:12:49,436 | INFO |    ↳ Status 403
2026-08-29 04:12:49,437 | WARNING |    ⚠ Blocked (403) retry 1
2026-08-29 04:12:49,495 | INFO | 🌐 Session warmed
2026-08-29 04:12:50,222 | INFO |    ↳ Status 403
2026-08-29 04:12:50,222 | WARNING |    ⚠ Blocked (403) retry 3
2026-08-29 04:12:50,278 | INFO | 🌐 Session warmed
2026-08-29 04:12:50,754 | INFO |    ↳ Status 200
2026-08-29 04:12:50,754 | INFO |    ✓ Found 7 movies
2026-08-29 04:12:50,754 | INFO | [1659/1901] Fetching Sirsi (SRSI)
2026-08-29 04:12:51,444 | INFO |    ↳ Status 403
2026-08-29 04:12:51,444 | WARNING |    ⚠ Blocked (403) retry 2
2026-08-29 04:12:51,502 | INFO | 🌐 Session warmed
2026-08-29 04:12:51,714 | INFO | [1660/1901] Fetching Siruguppa (SPPA)
2026-08-29 04:12:52,202 | INFO |    ↳ Status 200
2026-08-29 04:12:52,202 | INFO |    ✓ Found 3 movies
2026-08-29 04:12:52,203 | INFO | [1661/1901] Fetching Sitamarhi (SIMA)
2026-08-29 04:12:52,816 | INFO |    ↳ Status 403
2026-08-29 04:12:52,816 | WARNING |    ⚠ Blocked (403) retry 1
2026-08-29 04:12:52,872 | INFO | 🌐 Session warmed
2026-08-29 04:12:53,520 | INFO |    ↳ Status 200
2026-08-29 04:12:53,521 | INFO |    ✓ Found 7 movies
2026-08-29 04:12:53,521 | INFO | [1662/1901] Fetching Sitapur (SITA)
2026-08-29 04:12:54,278 | INFO | [1663/1901] Fetching Sivaganga (SHVG)
2026-08-29 04:12:54,365 | INFO |    ↳ Status 403
2026-08-29 04:12:54,365 | WARNING |    ⚠ Blocked (403) retry 3
2026-08-29 04:12:54,425 | INFO | 🌐 Session warmed
2026-08-29 04:12:54,874 | INFO |    ↳ Status 200
2026-08-29 04:12:54,874 | INFO |    ✓ Found 6 movies
2026-08-29 04:12:54,874 | INFO | [1664/1901] Fetching Sivakasi (SIV)
2026-08-29 04:12:54,890 | INFO |    ↳ Status 403
2026-08-29 04:12:54,890 | WARNING |    ⚠ Blocked (403) retry 2
2026-08-29 04:12:54,949 | INFO | 🌐 Session warmed
2026-08-29 04:12:55,195 | INFO |    ↳ Status 403
2026-08-29 04:12:55,196 | WARNING |    ⚠ Blocked (403) retry 1
2026-08-29 04:12:55,258 | INFO | 🌐 Session warmed
2026-08-29 04:12:56,022 | INFO |    ↳ Status 200
2026-08-29 04:12:56,022 | INFO |    ✓ Found 7 movies
2026-08-29 04:12:56,023 | INFO | [1665/1901] Fetching Sivasagar (SVSG)
2026-08-29 04:12:57,389 | INFO |    ↳ Status 200
2026-08-29 04:12:57,390 | INFO |    ✓ Found 8 movies
2026-08-29 04:12:57,390 | INFO | [1666/1901] Fetching Siwan (SWNB)
2026-08-29 04:12:57,470 | INFO |    ↳ Status 403
2026-08-29 04:12:57,470 | WARNING |    ⚠ Blocked (403) retry 2
2026-08-29 04:12:57,527 | INFO | 🌐 Session warmed
2026-08-29 04:12:58,326 | INFO |    ↳ Status 200
2026-08-29 04:12:58,326 | INFO |    ✓ Found 8 movies
2026-08-29 04:12:58,326 | INFO | [1667/1901] Fetching Solan (SCO)
2026-08-29 04:12:58,346 | INFO |    ↳ Status 403
2026-08-29 04:12:58,346 | WARNING |    ⚠ Blocked (403) retry 3
2026-08-29 04:12:58,405 | INFO | 🌐 Session warmed
2026-08-29 04:12:58,425 | INFO | [1668/1901] Fetching Solapur (SOLA)
2026-08-29 04:12:59,266 | INFO |    ↳ Status 200
2026-08-29 04:12:59,266 | INFO |    ✓ Found 6 movies
2026-08-29 04:12:59,266 | INFO | [1669/1901] Fetching Solukhumbu (SOLU)
2026-08-29 04:12:59,650 | INFO |    ↳ Status 403
2026-08-29 04:12:59,650 | WARNING |    ⚠ Blocked (403) retry 1
2026-08-29 04:12:59,706 | INFO | 🌐 Session warmed
2026-08-29 04:13:00,273 | INFO |    ↳ Status 403
2026-08-29 04:13:00,273 | WARNING |    ⚠ Blocked (403) retry 3
2026-08-29 04:13:00,329 | INFO | 🌐 Session warmed
2026-08-29 04:13:00,815 | INFO |    ↳ Status 200
2026-08-29 04:13:00,815 | INFO |    ✓ Found 1 movies
2026-08-29 04:13:00,815 | INFO | [1670/1901] Fetching Sompeta (SOMA)
2026-08-29 04:13:01,989 | INFO |    ↳ Status 403
2026-08-29 04:13:01,989 | WARNING |    ⚠ Blocked (403) retry 2
2026-08-29 04:13:02,048 | INFO | 🌐 Session warmed
2026-08-29 04:13:02,252 | INFO |    ↳ Status 200
2026-08-29 04:13:02,253 | INFO |    ✓ Found 7 movies
2026-08-29 04:13:02,253 | INFO | [1671/1901] Fetching Sonari (SOYW)
2026-08-29 04:13:02,406 | INFO | [1672/1901] Fetching Songadh (SONG)
2026-08-29 04:13:03,265 | INFO |    ↳ Status 200
2026-08-29 04:13:03,265 | INFO |    ✓ Found 8 movies
2026-08-29 04:13:03,265 | INFO | [1673/1901] Fetching Sonipat (RAIH)
2026-08-29 04:13:03,665 | INFO |    ↳ Status 403
2026-08-29 04:13:03,665 | WARNING |    ⚠ Blocked (403) retry 1
2026-08-29 04:13:03,720 | INFO | 🌐 Session warmed
2026-08-29 04:13:04,294 | INFO |    ↳ Status 200
2026-08-29 04:13:04,294 | INFO |    ✓ Found 7 movies
2026-08-29 04:13:04,294 | INFO | [1674/1901] Fetching Sonkatch (SONH)
2026-08-29 04:13:04,330 | INFO | [1675/1901] Fetching Soron (SORO)
2026-08-29 04:13:04,697 | INFO |    ↳ Status 403
2026-08-29 04:13:04,697 | WARNING |    ⚠ Blocked (403) retry 3
2026-08-29 04:13:04,761 | INFO | 🌐 Session warmed
2026-08-29 04:13:05,360 | INFO |    ↳ Status 403
2026-08-29 04:13:05,361 | WARNING |    ⚠ Blocked (403) retry 1
2026-08-29 04:13:05,420 | INFO | 🌐 Session warmed
2026-08-29 04:13:05,649 | INFO |    ↳ Status 200
2026-08-29 04:13:05,649 | INFO |    ✓ Found 7 movies
2026-08-29 04:13:05,649 | INFO | [1676/1901] Fetching South 24 Parganas (SPAR)
2026-08-29 04:13:06,072 | INFO |    ↳ Status 403
2026-08-29 04:13:06,072 | WARNING |    ⚠ Blocked (403) retry 2
2026-08-29 04:13:06,136 | INFO | 🌐 Session warmed
2026-08-29 04:13:07,329 | INFO |    ↳ Status 200
2026-08-29 04:13:07,329 | INFO |    ✓ Found 8 movies
2026-08-29 04:13:07,329 | INFO | [1677/1901] Fetching Sri Ganganagar (SRIG)
2026-08-29 04:13:07,381 | INFO |    ↳ Status 403
2026-08-29 04:13:07,381 | WARNING |    ⚠ Blocked (403) retry 2
2026-08-29 04:13:07,442 | INFO | 🌐 Session warmed
2026-08-29 04:13:08,761 | INFO | [1678/1901] Fetching Sri Sathya Sai (SRRS)
2026-08-29 04:13:09,006 | INFO |    ↳ Status 200
2026-08-29 04:13:09,006 | INFO |    ✓ Found 4 movies
2026-08-29 04:13:09,006 | INFO | [1679/1901] Fetching Srikakulam (SRKL)
2026-08-29 04:13:09,466 | INFO |    ↳ Status 403
2026-08-29 04:13:09,467 | WARNING |    ⚠ Blocked (403) retry 3
2026-08-29 04:13:09,522 | INFO | 🌐 Session warmed
2026-08-29 04:13:09,756 | INFO |    ↳ Status 403
2026-08-29 04:13:09,756 | WARNING |    ⚠ Blocked (403) retry 1
2026-08-29 04:13:09,816 | INFO | 🌐 Session warmed
2026-08-29 04:13:09,942 | INFO |    ↳ Status 200
2026-08-29 04:13:09,942 | INFO |    ✓ Found 7 movies
2026-08-29 04:13:09,942 | INFO | [1680/1901] Fetching Srinagar (SRNG)
2026-08-29 04:13:10,664 | INFO |    ↳ Status 403
2026-08-29 04:13:10,664 | WARNING |    ⚠ Blocked (403) retry 3
2026-08-29 04:13:10,723 | INFO | 🌐 Session warmed
2026-08-29 04:13:11,488 | INFO |    ↳ Status 200
2026-08-29 04:13:11,488 | INFO |    ✓ Found 7 movies
2026-08-29 04:13:11,488 | INFO | [1681/1901] Fetching Srirangapatna (SRIR)
2026-08-29 04:13:11,770 | INFO |    ↳ Status 403
2026-08-29 04:13:11,770 | WARNING |    ⚠ Blocked (403) retry 2
2026-08-29 04:13:11,861 | INFO | 🌐 Session warmed
2026-08-29 04:13:13,130 | INFO |    ↳ Status 200
2026-08-29 04:13:13,130 | INFO |    ✓ Found 3 movies
2026-08-29 04:13:13,130 | INFO | [1682/1901] Fetching Srivaikuntam (SRTA)
2026-08-29 04:13:13,522 | INFO | [1683/1901] Fetching Srivilliputhur (SRIV)
2026-08-29 04:13:14,723 | INFO | [1684/1901] Fetching Station Ghanpur (STGH)
2026-08-29 04:13:14,780 | INFO |    ↳ Status 403
2026-08-29 04:13:14,780 | WARNING |    ⚠ Blocked (403) retry 1
2026-08-29 04:13:14,840 | INFO | 🌐 Session warmed
2026-08-29 04:13:14,867 | INFO |    ↳ Status 200
2026-08-29 04:13:14,868 | INFO |    ✓ Found 7 movies
2026-08-29 04:13:14,868 | INFO | [1685/1901] Fetching Sugauli (SSBI)
2026-08-29 04:13:15,258 | INFO |    ↳ Status 403
2026-08-29 04:13:15,258 | WARNING |    ⚠ Blocked (403) retry 3
2026-08-29 04:13:15,322 | INFO | 🌐 Session warmed
2026-08-29 04:13:15,641 | INFO |    ↳ Status 403
2026-08-29 04:13:15,641 | WARNING |    ⚠ Blocked (403) retry 1
2026-08-29 04:13:15,700 | INFO | 🌐 Session warmed
2026-08-29 04:13:16,109 | INFO |    ↳ Status 200
2026-08-29 04:13:16,109 | INFO |    ✓ Found 7 movies
2026-08-29 04:13:16,110 | INFO | [1686/1901] Fetching Sujangarh (SJNG)
2026-08-29 04:13:16,562 | INFO |    ↳ Status 403
2026-08-29 04:13:16,562 | WARNING |    ⚠ Blocked (403) retry 2
2026-08-29 04:13:16,622 | INFO | 🌐 Session warmed
2026-08-29 04:13:17,437 | INFO |    ↳ Status 200
2026-08-29 04:13:17,437 | INFO |    ✓ Found 8 movies
2026-08-29 04:13:17,437 | INFO | [1687/1901] Fetching Sukma (SUKU)
2026-08-29 04:13:18,058 | INFO |    ↳ Status 403
2026-08-29 04:13:18,058 | WARNING |    ⚠ Blocked (403) retry 2
2026-08-29 04:13:18,116 | INFO | 🌐 Session warmed
2026-08-29 04:13:18,601 | INFO |    ↳ Status 200
2026-08-29 04:13:18,602 | INFO |    ✓ Found 8 movies
2026-08-29 04:13:18,602 | INFO | [1688/1901] Fetching Sultanabad (SULX)
2026-08-29 04:13:19,323 | INFO | [1689/1901] Fetching Sultanpur (SLUT)
2026-08-29 04:13:19,929 | INFO |    ↳ Status 403
2026-08-29 04:13:19,929 | WARNING |    ⚠ Blocked (403) retry 3
2026-08-29 04:13:19,989 | INFO | 🌐 Session warmed
2026-08-29 04:13:20,011 | INFO |    ↳ Status 403
2026-08-29 04:13:20,011 | WARNING |    ⚠ Blocked (403) retry 1
2026-08-29 04:13:20,068 | INFO | 🌐 Session warmed
2026-08-29 04:13:20,323 | INFO |    ↳ Status 200
2026-08-29 04:13:20,323 | INFO |    ✓ Found 8 movies
2026-08-29 04:13:20,323 | INFO | [1690/1901] Fetching Sulthan Bathery (SULY)
2026-08-29 04:13:20,906 | INFO |    ↳ Status 403
2026-08-29 04:13:20,906 | WARNING |    ⚠ Blocked (403) retry 3
2026-08-29 04:13:20,969 | INFO | 🌐 Session warmed
2026-08-29 04:13:21,772 | INFO |    ↳ Status 200
2026-08-29 04:13:21,772 | INFO |    ✓ Found 8 movies
2026-08-29 04:13:21,772 | INFO | [1691/1901] Fetching Sumerpur (SURJ)
2026-08-29 04:13:21,927 | INFO |    ↳ Status 403
2026-08-29 04:13:21,927 | WARNING |    ⚠ Blocked (403) retry 2
2026-08-29 04:13:21,986 | INFO | 🌐 Session warmed
2026-08-29 04:13:22,923 | INFO |    ↳ Status 200
2026-08-29 04:13:22,923 | INFO |    ✓ Found 4 movies
2026-08-29 04:13:22,923 | INFO | [1692/1901] Fetching Sundar Nagar (SUNR)
2026-08-29 04:13:23,989 | INFO | [1693/1901] Fetching Sundargarh (SUND)
2026-08-29 04:13:24,067 | INFO |    ↳ Status 200
2026-08-29 04:13:24,067 | INFO |    ✓ Found 6 movies
2026-08-29 04:13:24,067 | INFO | [1694/1901] Fetching Supaul (SPUL)
2026-08-29 04:13:24,970 | INFO | [1695/1901] Fetching Surajpur (SURA)
2026-08-29 04:13:25,036 | INFO |    ↳ Status 403
2026-08-29 04:13:25,036 | WARNING |    ⚠ Blocked (403) retry 3
2026-08-29 04:13:25,101 | INFO | 🌐 Session warmed
2026-08-29 04:13:25,146 | INFO |    ↳ Status 403
2026-08-29 04:13:25,146 | WARNING |    ⚠ Blocked (403) retry 1
2026-08-29 04:13:25,203 | INFO | 🌐 Session warmed
2026-08-29 04:13:25,668 | INFO |    ↳ Status 200
2026-08-29 04:13:25,668 | INFO |    ✓ Found 8 movies
2026-08-29 04:13:25,668 | INFO | [1696/1901] Fetching Surat (SURT)
2026-08-29 04:13:25,714 | INFO |    ↳ Status 403
2026-08-29 04:13:25,714 | WARNING |    ⚠ Blocked (403) retry 1
2026-08-29 04:13:25,770 | INFO | 🌐 Session warmed
2026-08-29 04:13:26,684 | INFO |    ↳ Status 200
2026-08-29 04:13:26,684 | INFO |    ✓ Found 8 movies
2026-08-29 04:13:26,684 | INFO | [1697/1901] Fetching Surathkal (SRTK)
2026-08-29 04:13:27,205 | INFO |    ↳ Status 403
2026-08-29 04:13:27,205 | WARNING |    ⚠ Blocked (403) retry 2
2026-08-29 04:13:27,267 | INFO | 🌐 Session warmed
2026-08-29 04:13:27,761 | INFO |    ↳ Status 403
2026-08-29 04:13:27,761 | WARNING |    ⚠ Blocked (403) retry 2
2026-08-29 04:13:27,828 | INFO | 🌐 Session warmed
2026-08-29 04:13:28,859 | INFO |    ↳ Status 200
2026-08-29 04:13:28,859 | INFO |    ✓ Found 8 movies
2026-08-29 04:13:28,859 | INFO | [1698/1901] Fetching Surendranagar (SRDN)
2026-08-29 04:13:29,102 | INFO | [1699/1901] Fetching Suri (BSRI)
2026-08-29 04:13:29,851 | INFO |    ↳ Status 200
2026-08-29 04:13:29,851 | INFO |    ✓ Found 8 movies
2026-08-29 04:13:29,851 | INFO | [1700/1901] Fetching Suryapet (SURY)
2026-08-29 04:13:29,958 | INFO |    ↳ Status 403
2026-08-29 04:13:29,958 | WARNING |    ⚠ Blocked (403) retry 3
2026-08-29 04:13:30,029 | INFO | 🌐 Session warmed
2026-08-29 04:13:30,186 | INFO |    ↳ Status 403
2026-08-29 04:13:30,186 | WARNING |    ⚠ Blocked (403) retry 1
2026-08-29 04:13:30,244 | INFO | 🌐 Session warmed
2026-08-29 04:13:30,768 | INFO |    ↳ Status 200
2026-08-29 04:13:30,769 | INFO |    ✓ Found 7 movies
2026-08-29 04:13:30,769 | INFO | [1701/1901] Fetching T.Narasapuram (TNRP)
2026-08-29 04:13:30,957 | INFO |    ↳ Status 403
2026-08-29 04:13:30,957 | WARNING |    ⚠ Blocked (403) retry 3
2026-08-29 04:13:31,016 | INFO | 🌐 Session warmed
2026-08-29 04:13:31,817 | INFO |    ↳ Status 200
2026-08-29 04:13:31,817 | INFO |    ✓ Found 8 movies
2026-08-29 04:13:31,818 | INFO | [1702/1901] Fetching Tadepalligudem (TADP)
2026-08-29 04:13:32,372 | INFO |    ↳ Status 403
2026-08-29 04:13:32,372 | WARNING |    ⚠ Blocked (403) retry 2
2026-08-29 04:13:32,432 | INFO | 🌐 Session warmed
2026-08-29 04:13:33,142 | INFO |    ↳ Status 200
2026-08-29 04:13:33,142 | INFO |    ✓ Found 7 movies
2026-08-29 04:13:33,142 | INFO | [1703/1901] Fetching Tadikalapudi (TADK)
2026-08-29 04:13:34,029 | INFO | [1704/1901] Fetching Tadipatri (TDPT)
2026-08-29 04:13:34,584 | INFO |    ↳ Status 200
2026-08-29 04:13:34,584 | INFO |    ✓ Found 7 movies
2026-08-29 04:13:34,584 | INFO | [1705/1901] Fetching Talcher (TALC)
2026-08-29 04:13:35,016 | INFO | [1706/1901] Fetching Taliparamba (TALI)
2026-08-29 04:13:35,195 | INFO |    ↳ Status 403
2026-08-29 04:13:35,195 | WARNING |    ⚠ Blocked (403) retry 1
2026-08-29 04:13:35,220 | INFO |    ↳ Status 403
2026-08-29 04:13:35,220 | WARNING |    ⚠ Blocked (403) retry 3
2026-08-29 04:13:35,258 | INFO | 🌐 Session warmed
2026-08-29 04:13:35,284 | INFO | 🌐 Session warmed
2026-08-29 04:13:35,657 | INFO |    ↳ Status 200
2026-08-29 04:13:35,658 | INFO |    ✓ Found 8 movies
2026-08-29 04:13:35,658 | INFO | [1707/1901] Fetching Tallapudi (TTPP)
2026-08-29 04:13:35,949 | INFO |    ↳ Status 403
2026-08-29 04:13:35,949 | WARNING |    ⚠ Blocked (403) retry 1
2026-08-29 04:13:36,011 | INFO | 🌐 Session warmed
2026-08-29 04:13:36,963 | INFO |    ↳ Status 403
2026-08-29 04:13:36,963 | WARNING |    ⚠ Blocked (403) retry 2
2026-08-29 04:13:37,020 | INFO | 🌐 Session warmed
2026-08-29 04:13:37,790 | INFO |    ↳ Status 403
2026-08-29 04:13:37,790 | WARNING |    ⚠ Blocked (403) retry 2
2026-08-29 04:13:37,846 | INFO | 🌐 Session warmed
2026-08-29 04:13:37,863 | INFO |    ↳ Status 200
2026-08-29 04:13:37,863 | INFO |    ✓ Found 7 movies
2026-08-29 04:13:37,863 | INFO | [1708/1901] Fetching Tallarevu (TALL)
2026-08-29 04:13:39,284 | INFO | [1709/1901] Fetching Talwandi Bhai (TALW)
2026-08-29 04:13:39,531 | INFO |    ↳ Status 200
2026-08-29 04:13:39,532 | INFO |    ✓ Found 7 movies
2026-08-29 04:13:39,532 | INFO | [1710/1901] Fetching Tamluk (TMLU)
2026-08-29 04:13:39,738 | INFO |    ↳ Status 403
2026-08-29 04:13:39,739 | WARNING |    ⚠ Blocked (403) retry 3
2026-08-29 04:13:39,795 | INFO | 🌐 Session warmed
2026-08-29 04:13:40,642 | INFO |    ↳ Status 403
2026-08-29 04:13:40,643 | WARNING |    ⚠ Blocked (403) retry 1
2026-08-29 04:13:40,707 | INFO | 🌐 Session warmed
2026-08-29 04:13:40,777 | INFO |    ↳ Status 200
2026-08-29 04:13:40,777 | INFO |    ✓ Found 8 movies
2026-08-29 04:13:40,777 | INFO | [1711/1901] Fetching Tanda (TNDA)
2026-08-29 04:13:41,242 | INFO |    ↳ Status 403
2026-08-29 04:13:41,242 | WARNING |    ⚠ Blocked (403) retry 3
2026-08-29 04:13:41,304 | INFO | 🌐 Session warmed
2026-08-29 04:13:42,092 | INFO |    ↳ Status 200
2026-08-29 04:13:42,092 | INFO |    ✓ Found 8 movies
2026-08-29 04:13:42,092 | INFO | [1712/1901] Fetching Tandur (TAND)
2026-08-29 04:13:42,680 | INFO |    ↳ Status 403
2026-08-29 04:13:42,680 | WARNING |    ⚠ Blocked (403) retry 2
2026-08-29 04:13:42,739 | INFO | 🌐 Session warmed
2026-08-29 04:13:43,399 | INFO |    ↳ Status 200
2026-08-29 04:13:43,400 | INFO |    ✓ Found 7 movies
2026-08-29 04:13:43,400 | INFO | [1713/1901] Fetching Tangla (TAAA)
2026-08-29 04:13:43,795 | INFO | [1714/1901] Fetching Tangutur (TANG)
2026-08-29 04:13:44,636 | INFO |    ↳ Status 403
2026-08-29 04:13:44,636 | WARNING |    ⚠ Blocked (403) retry 1
2026-08-29 04:13:44,701 | INFO | 🌐 Session warmed
2026-08-29 04:13:45,068 | INFO |    ↳ Status 200
2026-08-29 04:13:45,068 | INFO |    ✓ Found 8 movies
2026-08-29 04:13:45,068 | INFO | [1715/1901] Fetching Tanuku (TANK)
2026-08-29 04:13:45,304 | INFO | [1716/1901] Fetching Tarapur (TRPM)
2026-08-29 04:13:45,587 | INFO |    ↳ Status 403
2026-08-29 04:13:45,587 | WARNING |    ⚠ Blocked (403) retry 3
2026-08-29 04:13:45,643 | INFO | 🌐 Session warmed
2026-08-29 04:13:46,539 | INFO |    ↳ Status 200
2026-08-29 04:13:46,539 | INFO |    ✓ Found 7 movies
2026-08-29 04:13:46,539 | INFO | [1717/1901] Fetching Tarikere (TERE)
2026-08-29 04:13:46,543 | INFO |    ↳ Status 403
2026-08-29 04:13:46,543 | WARNING |    ⚠ Blocked (403) retry 1
2026-08-29 04:13:46,595 | INFO | 🌐 Session warmed
2026-08-29 04:13:47,004 | INFO |    ↳ Status 403
2026-08-29 04:13:47,004 | WARNING |    ⚠ Blocked (403) retry 2
2026-08-29 04:13:47,064 | INFO | 🌐 Session warmed
2026-08-29 04:13:47,461 | INFO |    ↳ Status 200
2026-08-29 04:13:47,461 | INFO |    ✓ Found 3 movies
2026-08-29 04:13:47,461 | INFO | [1718/1901] Fetching Tasgaon (TASG)
2026-08-29 04:13:48,234 | INFO |    ↳ Status 403
2026-08-29 04:13:48,234 | WARNING |    ⚠ Blocked (403) retry 2
2026-08-29 04:13:48,293 | INFO | 🌐 Session warmed
2026-08-29 04:13:49,117 | INFO |    ↳ Status 200
2026-08-29 04:13:49,117 | INFO |    ✓ Found 5 movies
2026-08-29 04:13:49,117 | INFO | [1719/1901] Fetching Tatipaka (TATI)
2026-08-29 04:13:49,643 | INFO | [1720/1901] Fetching Tawang (TAWA)
2026-08-29 04:13:49,842 | INFO |    ↳ Status 403
2026-08-29 04:13:49,842 | WARNING |    ⚠ Blocked (403) retry 3
2026-08-29 04:13:49,899 | INFO | 🌐 Session warmed
2026-08-29 04:13:50,663 | INFO |    ↳ Status 200
2026-08-29 04:13:50,663 | INFO |    ✓ Found 7 movies
2026-08-29 04:13:50,663 | INFO | [1721/1901] Fetching Tekkali (TKLI)
2026-08-29 04:13:50,905 | INFO |    ↳ Status 403
2026-08-29 04:13:50,905 | WARNING |    ⚠ Blocked (403) retry 1
2026-08-29 04:13:50,962 | INFO | 🌐 Session warmed
2026-08-29 04:13:51,307 | INFO |    ↳ Status 403
2026-08-29 04:13:51,307 | WARNING |    ⚠ Blocked (403) retry 3
2026-08-29 04:13:51,368 | INFO | 🌐 Session warmed
2026-08-29 04:13:51,843 | INFO |    ↳ Status 200
2026-08-29 04:13:51,843 | INFO |    ✓ Found 7 movies
2026-08-29 04:13:51,843 | INFO | [1722/1901] Fetching Tembhurni (TMBH)
2026-08-29 04:13:53,055 | INFO |    ↳ Status 403
2026-08-29 04:13:53,055 | WARNING |    ⚠ Blocked (403) retry 2
2026-08-29 04:13:53,120 | INFO | 🌐 Session warmed
2026-08-29 04:13:53,430 | INFO |    ↳ Status 200
2026-08-29 04:13:53,430 | INFO |    ✓ Found 8 movies
2026-08-29 04:13:53,430 | INFO | [1723/1901] Fetching Tenali (TENA)
2026-08-29 04:13:53,899 | INFO | [1724/1901] Fetching Tenkasi (TENK)
2026-08-29 04:13:54,545 | INFO |    ↳ Status 200
2026-08-29 04:13:54,545 | INFO |    ✓ Found 7 movies
2026-08-29 04:13:54,545 | INFO | [1725/1901] Fetching Terdal (TERD)
2026-08-29 04:13:55,176 | INFO |    ↳ Status 403
2026-08-29 04:13:55,176 | WARNING |    ⚠ Blocked (403) retry 1
2026-08-29 04:13:55,239 | INFO | 🌐 Session warmed
2026-08-29 04:13:55,368 | INFO | [1726/1901] Fetching Tezpur (TEZP)
2026-08-29 04:13:55,735 | INFO |    ↳ Status 403
2026-08-29 04:13:55,735 | WARNING |    ⚠ Blocked (403) retry 3
2026-08-29 04:13:55,798 | INFO | 🌐 Session warmed
2026-08-29 04:13:56,289 | INFO |    ↳ Status 403
2026-08-29 04:13:56,289 | WARNING |    ⚠ Blocked (403) retry 1
2026-08-29 04:13:56,346 | INFO | 🌐 Session warmed
2026-08-29 04:13:56,779 | INFO |    ↳ Status 200
2026-08-29 04:13:56,779 | INFO |    ✓ Found 3 movies
2026-08-29 04:13:56,779 | INFO | [1727/1901] Fetching Tezu (TEZU)
2026-08-29 04:13:57,049 | INFO |    ↳ Status 403
2026-08-29 04:13:57,049 | WARNING |    ⚠ Blocked (403) retry 2
2026-08-29 04:13:57,107 | INFO | 🌐 Session warmed
2026-08-29 04:13:58,675 | INFO |    ↳ Status 403
2026-08-29 04:13:58,675 | WARNING |    ⚠ Blocked (403) retry 2
2026-08-29 04:13:58,735 | INFO | 🌐 Session warmed
2026-08-29 04:13:58,893 | INFO |    ↳ Status 200
2026-08-29 04:13:58,893 | INFO |    ✓ Found 8 movies
2026-08-29 04:13:58,893 | INFO | [1728/1901] Fetching Thalassery (THAY)
2026-08-29 04:13:59,798 | INFO | [1729/1901] Fetching Thalayolaparambu (THAL)
2026-08-29 04:13:59,882 | INFO |    ↳ Status 200
2026-08-29 04:13:59,882 | INFO |    ✓ Found 8 movies
2026-08-29 04:13:59,882 | INFO | [1730/1901] Fetching Thalikulam (THAI)
2026-08-29 04:14:00,397 | INFO |    ↳ Status 403
2026-08-29 04:14:00,397 | WARNING |    ⚠ Blocked (403) retry 3
2026-08-29 04:14:00,461 | INFO | 🌐 Session warmed
2026-08-29 04:14:00,833 | INFO |    ↳ Status 403
2026-08-29 04:14:00,834 | WARNING |    ⚠ Blocked (403) retry 1
2026-08-29 04:14:00,893 | INFO | 🌐 Session warmed
2026-08-29 04:14:01,172 | INFO |    ↳ Status 200
2026-08-29 04:14:01,172 | INFO |    ✓ Found 8 movies
2026-08-29 04:14:01,172 | INFO | [1731/1901] Fetching Thallada (THDA)
2026-08-29 04:14:01,535 | INFO |    ↳ Status 403
2026-08-29 04:14:01,535 | WARNING |    ⚠ Blocked (403) retry 3
2026-08-29 04:14:01,592 | INFO | 🌐 Session warmed
2026-08-29 04:14:02,826 | INFO |    ↳ Status 200
2026-08-29 04:14:02,826 | INFO |    ✓ Found 8 movies
2026-08-29 04:14:02,826 | INFO | [1732/1901] Fetching Thamarassery (TMRY)
2026-08-29 04:14:02,996 | INFO |    ↳ Status 403
2026-08-29 04:14:02,996 | WARNING |    ⚠ Blocked (403) retry 2
2026-08-29 04:14:03,051 | INFO | 🌐 Session warmed
2026-08-29 04:14:03,928 | INFO |    ↳ Status 200
2026-08-29 04:14:03,928 | INFO |    ✓ Found 8 movies
2026-08-29 04:14:03,928 | INFO | [1733/1901] Fetching Thanipadi (THPD)
2026-08-29 04:14:04,461 | INFO | [1734/1901] Fetching Thanjavur (TANJ)
2026-08-29 04:14:05,210 | INFO |    ↳ Status 200
2026-08-29 04:14:05,210 | INFO |    ✓ Found 7 movies
2026-08-29 04:14:05,210 | INFO | [1735/1901] Fetching Tharad (THRD)
2026-08-29 04:14:05,592 | INFO | [1736/1901] Fetching Theni (THEN)
2026-08-29 04:14:05,639 | INFO |    ↳ Status 403
2026-08-29 04:14:05,640 | WARNING |    ⚠ Blocked (403) retry 1
2026-08-29 04:14:05,700 | INFO | 🌐 Session warmed
2026-08-29 04:14:05,831 | INFO |    ↳ Status 403
2026-08-29 04:14:05,831 | WARNING |    ⚠ Blocked (403) retry 3
2026-08-29 04:14:05,889 | INFO | 🌐 Session warmed
2026-08-29 04:14:06,566 | INFO |    ↳ Status 403
2026-08-29 04:14:06,566 | WARNING |    ⚠ Blocked (403) retry 1
2026-08-29 04:14:06,636 | INFO | 🌐 Session warmed
2026-08-29 04:14:06,907 | INFO |    ↳ Status 200
2026-08-29 04:14:06,907 | INFO |    ✓ Found 8 movies
2026-08-29 04:14:06,907 | INFO | [1737/1901] Fetching Thimmapuram (Addu Road) (TMPR)
2026-08-29 04:14:07,565 | INFO |    ↳ Status 403
2026-08-29 04:14:07,565 | WARNING |    ⚠ Blocked (403) retry 2
2026-08-29 04:14:07,621 | INFO | 🌐 Session warmed
2026-08-29 04:14:08,253 | INFO |    ↳ Status 403
2026-08-29 04:14:08,254 | WARNING |    ⚠ Blocked (403) retry 2
2026-08-29 04:14:08,312 | INFO | 🌐 Session warmed
2026-08-29 04:14:08,505 | INFO |    ↳ Status 200
2026-08-29 04:14:08,505 | INFO |    ✓ Found 8 movies
2026-08-29 04:14:08,505 | INFO | [1738/1901] Fetching Thirubuvanai (THRU)
2026-08-29 04:14:09,436 | INFO |    ↳ Status 200
2026-08-29 04:14:09,436 | INFO |    ✓ Found 7 movies
2026-08-29 04:14:09,437 | INFO | [1739/1901] Fetching Thirumalagiri (THRM)
2026-08-29 04:14:09,889 | INFO | [1740/1901] Fetching Thiruthuraipoondi (THND)
2026-08-29 04:14:10,273 | INFO |    ↳ Status 403
2026-08-29 04:14:10,274 | WARNING |    ⚠ Blocked (403) retry 3
2026-08-29 04:14:10,337 | INFO | 🌐 Session warmed
2026-08-29 04:14:10,873 | INFO |    ↳ Status 403
2026-08-29 04:14:10,873 | WARNING |    ⚠ Blocked (403) retry 1
2026-08-29 04:14:10,931 | INFO | 🌐 Session warmed
2026-08-29 04:14:11,040 | INFO |    ↳ Status 200
2026-08-29 04:14:11,040 | INFO |    ✓ Found 7 movies
2026-08-29 04:14:11,040 | INFO | [1741/1901] Fetching Thiruttani (THTN)
2026-08-29 04:14:11,349 | INFO |    ↳ Status 403
2026-08-29 04:14:11,349 | WARNING |    ⚠ Blocked (403) retry 3
2026-08-29 04:14:11,411 | INFO | 🌐 Session warmed
2026-08-29 04:14:12,387 | INFO |    ↳ Status 200
2026-08-29 04:14:12,387 | INFO |    ✓ Found 7 movies
2026-08-29 04:14:12,387 | INFO | [1742/1901] Fetching Thiruvalla (THVL)
2026-08-29 04:14:12,610 | INFO |    ↳ Status 403
2026-08-29 04:14:12,610 | WARNING |    ⚠ Blocked (403) retry 2
2026-08-29 04:14:12,667 | INFO | 🌐 Session warmed
2026-08-29 04:14:13,724 | INFO |    ↳ Status 200
2026-08-29 04:14:13,724 | INFO |    ✓ Found 8 movies
2026-08-29 04:14:13,724 | INFO | [1743/1901] Fetching Thiruvarur (THVR)
2026-08-29 04:14:14,337 | INFO | [1744/1901] Fetching Thodupuzha (THOD)
2026-08-29 04:14:14,896 | INFO |    ↳ Status 200
2026-08-29 04:14:14,896 | INFO |    ✓ Found 7 movies
2026-08-29 04:14:14,897 | INFO | [1745/1901] Fetching Thoothukudi (THOO)
2026-08-29 04:14:15,411 | INFO | [1746/1901] Fetching Thorrur (THOR)
2026-08-29 04:14:15,681 | INFO |    ↳ Status 403
2026-08-29 04:14:15,681 | WARNING |    ⚠ Blocked (403) retry 1
2026-08-29 04:14:15,744 | INFO | 🌐 Session warmed
2026-08-29 04:14:15,822 | INFO |    ↳ Status 200
2026-08-29 04:14:15,822 | INFO |    ✓ Found 7 movies
2026-08-29 04:14:15,822 | INFO | [1747/1901] Fetching Thottiyam (THYM)
2026-08-29 04:14:15,905 | INFO |    ↳ Status 403
2026-08-29 04:14:15,905 | WARNING |    ⚠ Blocked (403) retry 3
2026-08-29 04:14:15,962 | INFO | 🌐 Session warmed
2026-08-29 04:14:16,293 | INFO |    ↳ Status 403
2026-08-29 04:14:16,293 | WARNING |    ⚠ Blocked (403) retry 1
2026-08-29 04:14:16,351 | INFO | 🌐 Session warmed
2026-08-29 04:14:17,150 | INFO |    ↳ Status 200
2026-08-29 04:14:17,150 | INFO |    ✓ Found 7 movies
2026-08-29 04:14:17,151 | INFO | [1748/1901] Fetching Thriprayar (THPR)
2026-08-29 04:14:18,132 | INFO |    ↳ Status 403
2026-08-29 04:14:18,132 | WARNING |    ⚠ Blocked (403) retry 2
2026-08-29 04:14:18,200 | INFO | 🌐 Session warmed
2026-08-29 04:14:18,244 | INFO |    ↳ Status 403
2026-08-29 04:14:18,244 | WARNING |    ⚠ Blocked (403) retry 2
2026-08-29 04:14:18,311 | INFO | 🌐 Session warmed
2026-08-29 04:14:18,529 | INFO |    ↳ Status 200
2026-08-29 04:14:18,529 | INFO |    ✓ Found 8 movies
2026-08-29 04:14:18,529 | INFO | [1749/1901] Fetching Thrissur (THSR)
2026-08-29 04:14:19,962 | INFO | [1750/1901] Fetching Thullur (THUL)
2026-08-29 04:14:19,993 | INFO |    ↳ Status 200
2026-08-29 04:14:19,993 | INFO |    ✓ Found 8 movies
2026-08-29 04:14:19,993 | INFO | [1751/1901] Fetching Thuraiyur (THYR)
2026-08-29 04:14:20,632 | INFO |    ↳ Status 403
2026-08-29 04:14:20,632 | WARNING |    ⚠ Blocked (403) retry 1
2026-08-29 04:14:20,694 | INFO | 🌐 Session warmed
2026-08-29 04:14:20,842 | INFO |    ↳ Status 403
2026-08-29 04:14:20,842 | WARNING |    ⚠ Blocked (403) retry 3
2026-08-29 04:14:20,899 | INFO | 🌐 Session warmed
2026-08-29 04:14:20,973 | INFO |    ↳ Status 200
2026-08-29 04:14:20,974 | INFO |    ✓ Found 7 movies
2026-08-29 04:14:20,974 | INFO | [1752/1901] Fetching Tilda Neora (TNO)
2026-08-29 04:14:21,243 | INFO |    ↳ Status 403
2026-08-29 04:14:21,243 | WARNING |    ⚠ Blocked (403) retry 3
2026-08-29 04:14:21,298 | INFO | 🌐 Session warmed
2026-08-29 04:14:22,418 | INFO |    ↳ Status 403
2026-08-29 04:14:22,418 | WARNING |    ⚠ Blocked (403) retry 2
2026-08-29 04:14:22,475 | INFO | 🌐 Session warmed
2026-08-29 04:14:22,909 | INFO |    ↳ Status 200
2026-08-29 04:14:22,909 | INFO |    ✓ Found 8 movies
2026-08-29 04:14:22,909 | INFO | [1753/1901] Fetching Tindivanam (TNVM)
2026-08-29 04:14:24,011 | INFO |    ↳ Status 200
2026-08-29 04:14:24,011 | INFO |    ✓ Found 7 movies
2026-08-29 04:14:24,011 | INFO | [1754/1901] Fetching Tinsukia (TINS)
2026-08-29 04:14:24,899 | INFO | [1755/1901] Fetching Tiptur (TIPT)
2026-08-29 04:14:25,158 | INFO |    ↳ Status 403
2026-08-29 04:14:25,158 | WARNING |    ⚠ Blocked (403) retry 3
2026-08-29 04:14:25,196 | INFO |    ↳ Status 200
2026-08-29 04:14:25,197 | INFO |    ✓ Found 8 movies
2026-08-29 04:14:25,197 | INFO | [1756/1901] Fetching Tiruchendur (TRCD)
2026-08-29 04:14:25,215 | INFO | 🌐 Session warmed
2026-08-29 04:14:25,298 | INFO | [1757/1901] Fetching Tirukoilur (TRKR)
2026-08-29 04:14:26,116 | INFO |    ↳ Status 403
2026-08-29 04:14:26,116 | WARNING |    ⚠ Blocked (403) retry 1
2026-08-29 04:14:26,184 | INFO | 🌐 Session warmed
2026-08-29 04:14:26,329 | INFO |    ↳ Status 200
2026-08-29 04:14:26,329 | INFO |    ✓ Found 7 movies
2026-08-29 04:14:26,329 | INFO | [1758/1901] Fetching Tirumakudalu Narasipura (TINA)
2026-08-29 04:14:26,330 | INFO |    ↳ Status 403
2026-08-29 04:14:26,330 | WARNING |    ⚠ Blocked (403) retry 1
2026-08-29 04:14:26,387 | INFO | 🌐 Session warmed
2026-08-29 04:14:27,827 | INFO |    ↳ Status 200
2026-08-29 04:14:27,827 | INFO |    ✓ Found 3 movies
2026-08-29 04:14:27,828 | INFO | [1759/1901] Fetching Tirunelveli (TIRV)
2026-08-29 04:14:28,498 | INFO |    ↳ Status 403
2026-08-29 04:14:28,498 | WARNING |    ⚠ Blocked (403) retry 2
2026-08-29 04:14:28,533 | INFO |    ↳ Status 403
2026-08-29 04:14:28,533 | WARNING |    ⚠ Blocked (403) retry 2
2026-08-29 04:14:28,556 | INFO | 🌐 Session warmed
2026-08-29 04:14:28,594 | INFO | 🌐 Session warmed
2026-08-29 04:14:29,215 | INFO | [1760/1901] Fetching Tirupati (TIRU)
2026-08-29 04:14:29,458 | INFO |    ↳ Status 200
2026-08-29 04:14:29,458 | INFO |    ✓ Found 7 movies
2026-08-29 04:14:29,458 | INFO | [1761/1901] Fetching Tirupattur (TRPR)
2026-08-29 04:14:30,451 | INFO |    ↳ Status 403
2026-08-29 04:14:30,451 | WARNING |    ⚠ Blocked (403) retry 1
2026-08-29 04:14:30,494 | INFO |    ↳ Status 200
2026-08-29 04:14:30,494 | INFO |    ✓ Found 7 movies
2026-08-29 04:14:30,494 | INFO | [1762/1901] Fetching Tirupur (TIRP)
2026-08-29 04:14:30,513 | INFO | 🌐 Session warmed
2026-08-29 04:14:31,688 | INFO |    ↳ Status 200
2026-08-29 04:14:31,688 | INFO |    ✓ Found 7 movies
2026-08-29 04:14:31,688 | INFO | [1763/1901] Fetching Tirur (TRUR)
2026-08-29 04:14:31,778 | INFO |    ↳ Status 403
2026-08-29 04:14:31,778 | WARNING |    ⚠ Blocked (403) retry 3
2026-08-29 04:14:31,802 | INFO |    ↳ Status 403
2026-08-29 04:14:31,803 | WARNING |    ⚠ Blocked (403) retry 3
2026-08-29 04:14:31,847 | INFO | 🌐 Session warmed
2026-08-29 04:14:31,876 | INFO | 🌐 Session warmed
2026-08-29 04:14:32,366 | INFO |    ↳ Status 403
2026-08-29 04:14:32,366 | WARNING |    ⚠ Blocked (403) retry 2
2026-08-29 04:14:32,424 | INFO | 🌐 Session warmed
2026-08-29 04:14:33,036 | INFO |    ↳ Status 200
2026-08-29 04:14:33,036 | INFO |    ✓ Found 8 movies
2026-08-29 04:14:33,036 | INFO | [1764/1901] Fetching Tiruvallur (TRVL)
2026-08-29 04:14:33,976 | INFO |    ↳ Status 200
2026-08-29 04:14:33,976 | INFO |    ✓ Found 7 movies
2026-08-29 04:14:33,976 | INFO | [1765/1901] Fetching Tiruvannamalai (TVNM)
2026-08-29 04:14:35,079 | INFO |    ↳ Status 200
2026-08-29 04:14:35,079 | INFO |    ✓ Found 7 movies
2026-08-29 04:14:35,079 | INFO | [1766/1901] Fetching Tiruvarur (TIVA)
2026-08-29 04:14:35,305 | INFO |    ↳ Status 403
2026-08-29 04:14:35,305 | WARNING |    ⚠ Blocked (403) retry 3
2026-08-29 04:14:35,371 | INFO | 🌐 Session warmed
2026-08-29 04:14:35,848 | INFO | [1767/1901] Fetching Tiruvuru (TRVR)
2026-08-29 04:14:35,876 | INFO | [1768/1901] Fetching Titagarh (TTGH)
2026-08-29 04:14:36,192 | INFO |    ↳ Status 200
2026-08-29 04:14:36,192 | INFO |    ✓ Found 7 movies
2026-08-29 04:14:36,192 | INFO | [1769/1901] Fetching Titlagarh (TITL)
2026-08-29 04:14:36,527 | INFO |    ↳ Status 403
2026-08-29 04:14:36,527 | WARNING |    ⚠ Blocked (403) retry 1
2026-08-29 04:14:36,589 | INFO | 🌐 Session warmed
2026-08-29 04:14:36,648 | INFO |    ↳ Status 403
2026-08-29 04:14:36,649 | WARNING |    ⚠ Blocked (403) retry 1
2026-08-29 04:14:36,712 | INFO | 🌐 Session warmed
2026-08-29 04:14:37,805 | INFO |    ↳ Status 200
2026-08-29 04:14:37,805 | INFO |    ✓ Found 8 movies
2026-08-29 04:14:37,805 | INFO | [1770/1901] Fetching Tittakudi (TITT)
2026-08-29 04:14:38,651 | INFO |    ↳ Status 403
2026-08-29 04:14:38,651 | WARNING |    ⚠ Blocked (403) retry 2
2026-08-29 04:14:38,707 | INFO | 🌐 Session warmed
2026-08-29 04:14:38,826 | INFO |    ↳ Status 200
2026-08-29 04:14:38,826 | INFO |    ✓ Found 7 movies
2026-08-29 04:14:38,827 | INFO | [1771/1901] Fetching Tonk (TONK)
2026-08-29 04:14:38,957 | INFO |    ↳ Status 403
2026-08-29 04:14:38,957 | WARNING |    ⚠ Blocked (403) retry 2
2026-08-29 04:14:39,029 | INFO | 🌐 Session warmed
2026-08-29 04:14:39,372 | INFO | [1772/1901] Fetching Toopran (TOOP)
2026-08-29 04:14:39,855 | INFO |    ↳ Status 200
2026-08-29 04:14:39,855 | INFO |    ✓ Found 4 movies
2026-08-29 04:14:39,856 | INFO | [1773/1901] Fetching Trichy (TRIC)
2026-08-29 04:14:40,484 | INFO |    ↳ Status 403
2026-08-29 04:14:40,484 | WARNING |    ⚠ Blocked (403) retry 1
2026-08-29 04:14:40,549 | INFO | 🌐 Session warmed
2026-08-29 04:14:41,502 | INFO |    ↳ Status 200
2026-08-29 04:14:41,502 | INFO |    ✓ Found 7 movies
2026-08-29 04:14:41,502 | INFO | [1774/1901] Fetching Trivandrum (TRIV)
2026-08-29 04:14:41,950 | INFO |    ↳ Status 403
2026-08-29 04:14:41,950 | WARNING |    ⚠ Blocked (403) retry 3
2026-08-29 04:14:42,006 | INFO | 🌐 Session warmed
2026-08-29 04:14:42,387 | INFO |    ↳ Status 403
2026-08-29 04:14:42,387 | WARNING |    ⚠ Blocked (403) retry 2
2026-08-29 04:14:42,393 | INFO |    ↳ Status 403
2026-08-29 04:14:42,393 | WARNING |    ⚠ Blocked (403) retry 3
2026-08-29 04:14:42,459 | INFO | 🌐 Session warmed
2026-08-29 04:14:42,465 | INFO | 🌐 Session warmed
2026-08-29 04:14:42,913 | INFO |    ↳ Status 200
2026-08-29 04:14:42,913 | INFO |    ✓ Found 8 movies
2026-08-29 04:14:42,913 | INFO | [1775/1901] Fetching Tumakuru (Tumkur) (TUMK)
2026-08-29 04:14:44,540 | INFO |    ↳ Status 200
2026-08-29 04:14:44,540 | INFO |    ✓ Found 3 movies
2026-08-29 04:14:44,540 | INFO | [1776/1901] Fetching Tumsar (TUSR)
2026-08-29 04:14:45,133 | INFO |    ↳ Status 403
2026-08-29 04:14:45,133 | WARNING |    ⚠ Blocked (403) retry 3
2026-08-29 04:14:45,190 | INFO | 🌐 Session warmed
2026-08-29 04:14:45,666 | INFO |    ↳ Status 200
2026-08-29 04:14:45,666 | INFO |    ✓ Found 5 movies
2026-08-29 04:14:45,666 | INFO | [1777/1901] Fetching Tura (TURA)
2026-08-29 04:14:46,006 | INFO | [1778/1901] Fetching Turputallu (TUPP)
2026-08-29 04:14:46,465 | INFO | [1779/1901] Fetching Turuvekere (TUKE)
2026-08-29 04:14:46,820 | INFO |    ↳ Status 403
2026-08-29 04:14:46,820 | WARNING |    ⚠ Blocked (403) retry 1
2026-08-29 04:14:46,888 | INFO | 🌐 Session warmed
2026-08-29 04:14:47,264 | INFO |    ↳ Status 200
2026-08-29 04:14:47,264 | INFO |    ✓ Found 8 movies
2026-08-29 04:14:47,264 | INFO | [1780/1901] Fetching Udaipur (UDAI)
2026-08-29 04:14:47,449 | INFO |    ↳ Status 403
2026-08-29 04:14:47,450 | WARNING |    ⚠ Blocked (403) retry 1
2026-08-29 04:14:47,508 | INFO | 🌐 Session warmed
2026-08-29 04:14:48,862 | INFO |    ↳ Status 403
2026-08-29 04:14:48,862 | WARNING |    ⚠ Blocked (403) retry 2
2026-08-29 04:14:48,926 | INFO | 🌐 Session warmed
2026-08-29 04:14:48,941 | INFO |    ↳ Status 200
2026-08-29 04:14:48,941 | INFO |    ✓ Found 4 movies
2026-08-29 04:14:48,942 | INFO | [1781/1901] Fetching Udaynarayanpur (UDAY)
2026-08-29 04:14:49,190 | INFO | [1782/1901] Fetching Udgir (UDGR)
2026-08-29 04:14:49,843 | INFO |    ↳ Status 403
2026-08-29 04:14:49,843 | WARNING |    ⚠ Blocked (403) retry 2
2026-08-29 04:14:49,902 | INFO | 🌐 Session warmed
2026-08-29 04:14:50,162 | INFO |    ↳ Status 403
2026-08-29 04:14:50,163 | WARNING |    ⚠ Blocked (403) retry 1
2026-08-29 04:14:50,220 | INFO | 🌐 Session warmed
2026-08-29 04:14:50,642 | INFO |    ↳ Status 200
2026-08-29 04:14:50,642 | INFO |    ✓ Found 8 movies
2026-08-29 04:14:50,642 | INFO | [1783/1901] Fetching Udhampur (UDHM)
2026-08-29 04:14:52,282 | INFO |    ↳ Status 403
2026-08-29 04:14:52,282 | WARNING |    ⚠ Blocked (403) retry 3
2026-08-29 04:14:52,341 | INFO | 🌐 Session warmed
2026-08-29 04:14:52,416 | INFO |    ↳ Status 200
2026-08-29 04:14:52,416 | INFO |    ✓ Found 7 movies
2026-08-29 04:14:52,416 | INFO | [1784/1901] Fetching Udumalpet (UDMP)
2026-08-29 04:14:52,550 | INFO |    ↳ Status 403
2026-08-29 04:14:52,550 | WARNING |    ⚠ Blocked (403) retry 2
2026-08-29 04:14:52,608 | INFO | 🌐 Session warmed
2026-08-29 04:14:52,803 | INFO |    ↳ Status 403
2026-08-29 04:14:52,803 | WARNING |    ⚠ Blocked (403) retry 3
2026-08-29 04:14:52,873 | INFO | 🌐 Session warmed
2026-08-29 04:14:53,437 | INFO |    ↳ Status 200
2026-08-29 04:14:53,438 | INFO |    ✓ Found 7 movies
2026-08-29 04:14:53,438 | INFO | [1785/1901] Fetching Udupi (UDUP)
2026-08-29 04:14:55,057 | INFO |    ↳ Status 200
2026-08-29 04:14:55,057 | INFO |    ✓ Found 3 movies
2026-08-29 04:14:55,057 | INFO | [1786/1901] Fetching Ujhani (UJHA)
2026-08-29 04:14:55,771 | INFO |    ↳ Status 403
2026-08-29 04:14:55,771 | WARNING |    ⚠ Blocked (403) retry 3
2026-08-29 04:14:55,831 | INFO | 🌐 Session warmed
2026-08-29 04:14:55,955 | INFO |    ↳ Status 200
2026-08-29 04:14:55,955 | INFO |    ✓ Found 6 movies
2026-08-29 04:14:55,955 | INFO | [1787/1901] Fetching Ujjain (UJJN)
2026-08-29 04:14:56,341 | INFO | [1788/1901] Fetching Ulikkal (ULLI)
2026-08-29 04:14:56,874 | INFO | [1789/1901] Fetching Uluberia (ULUR)
2026-08-29 04:14:57,221 | INFO |    ↳ Status 403
2026-08-29 04:14:57,221 | WARNING |    ⚠ Blocked (403) retry 1
2026-08-29 04:14:57,279 | INFO | 🌐 Session warmed
2026-08-29 04:14:57,301 | INFO |    ↳ Status 200
2026-08-29 04:14:57,302 | INFO |    ✓ Found 7 movies
2026-08-29 04:14:57,302 | INFO | [1790/1901] Fetching Ulundurpet (ULPT)
2026-08-29 04:14:57,831 | INFO |    ↳ Status 403
2026-08-29 04:14:57,831 | WARNING |    ⚠ Blocked (403) retry 1
2026-08-29 04:14:57,890 | INFO | 🌐 Session warmed
2026-08-29 04:14:58,271 | INFO |    ↳ Status 200
2026-08-29 04:14:58,271 | INFO |    ✓ Found 7 movies
2026-08-29 04:14:58,271 | INFO | [1791/1901] Fetching Umaria (UMR)
2026-08-29 04:14:59,021 | INFO |    ↳ Status 403
2026-08-29 04:14:59,021 | WARNING |    ⚠ Blocked (403) retry 2
2026-08-29 04:14:59,090 | INFO | 🌐 Session warmed
2026-08-29 04:14:59,360 | INFO |    ↳ Status 200
2026-08-29 04:14:59,361 | INFO |    ✓ Found 8 movies
2026-08-29 04:14:59,361 | INFO | [1792/1901] Fetching Umbergaon (UMER)
2026-08-29 04:14:59,831 | INFO | [1793/1901] Fetching Umbraj (UMBR)
2026-08-29 04:15:00,235 | INFO |    ↳ Status 403
2026-08-29 04:15:00,236 | WARNING |    ⚠ Blocked (403) retry 2
2026-08-29 04:15:00,299 | INFO | 🌐 Session warmed
2026-08-29 04:15:00,396 | INFO |    ↳ Status 200
2026-08-29 04:15:00,396 | INFO |    ✓ Found 8 movies
2026-08-29 04:15:00,396 | INFO | [1794/1901] Fetching Umerkote (UMEK)
2026-08-29 04:15:00,640 | INFO |    ↳ Status 403
2026-08-29 04:15:00,640 | WARNING |    ⚠ Blocked (403) retry 1
2026-08-29 04:15:00,695 | INFO | 🌐 Session warmed
2026-08-29 04:15:01,743 | INFO |    ↳ Status 200
2026-08-29 04:15:01,743 | INFO |    ✓ Found 8 movies
2026-08-29 04:15:01,743 | INFO | [1795/1901] Fetching Umred (UMRD)
2026-08-29 04:15:02,013 | INFO |    ↳ Status 403
2026-08-29 04:15:02,013 | WARNING |    ⚠ Blocked (403) retry 3
2026-08-29 04:15:02,068 | INFO | 🌐 Session warmed
2026-08-29 04:15:02,730 | INFO |    ↳ Status 200
2026-08-29 04:15:02,730 | INFO |    ✓ Found 8 movies
2026-08-29 04:15:02,730 | INFO | [1796/1901] Fetching Una (BEEL)
2026-08-29 04:15:03,032 | INFO |    ↳ Status 403
2026-08-29 04:15:03,032 | WARNING |    ⚠ Blocked (403) retry 2
2026-08-29 04:15:03,090 | INFO | 🌐 Session warmed
2026-08-29 04:15:03,288 | INFO |    ↳ Status 403
2026-08-29 04:15:03,288 | WARNING |    ⚠ Blocked (403) retry 3
2026-08-29 04:15:03,347 | INFO | 🌐 Session warmed
2026-08-29 04:15:03,695 | INFO |    ↳ Status 200
2026-08-29 04:15:03,695 | INFO |    ✓ Found 6 movies
2026-08-29 04:15:03,695 | INFO | [1797/1901] Fetching Una (Gujarat) (UNAU)
2026-08-29 04:15:04,795 | INFO |    ↳ Status 200
2026-08-29 04:15:04,795 | INFO |    ✓ Found 8 movies
2026-08-29 04:15:04,795 | INFO | [1798/1901] Fetching Undavalli (UVLI)
2026-08-29 04:15:06,069 | INFO | [1799/1901] Fetching Unnao (UNNA)
2026-08-29 04:15:06,213 | INFO |    ↳ Status 200
2026-08-29 04:15:06,213 | INFO |    ✓ Found 8 movies
2026-08-29 04:15:06,213 | INFO | [1800/1901] Fetching Uppada (UPDA)
2026-08-29 04:15:06,480 | INFO |    ↳ Status 403
2026-08-29 04:15:06,480 | WARNING |    ⚠ Blocked (403) retry 3
2026-08-29 04:15:06,536 | INFO | 🌐 Session warmed
2026-08-29 04:15:06,961 | INFO |    ↳ Status 403
2026-08-29 04:15:06,961 | WARNING |    ⚠ Blocked (403) retry 1
2026-08-29 04:15:07,025 | INFO | 🌐 Session warmed
2026-08-29 04:15:07,347 | INFO | [1801/1901] Fetching Uthamapalayam (UTHM)
2026-08-29 04:15:07,664 | INFO |    ↳ Status 200
2026-08-29 04:15:07,664 | INFO |    ✓ Found 8 movies
2026-08-29 04:15:07,664 | INFO | [1802/1901] Fetching Uthangarai (UHGR)
2026-08-29 04:15:08,149 | INFO |    ↳ Status 403
2026-08-29 04:15:08,149 | WARNING |    ⚠ Blocked (403) retry 1
2026-08-29 04:15:08,213 | INFO | 🌐 Session warmed
2026-08-29 04:15:08,798 | INFO |    ↳ Status 403
2026-08-29 04:15:08,798 | WARNING |    ⚠ Blocked (403) retry 2
2026-08-29 04:15:08,851 | INFO | 🌐 Session warmed
2026-08-29 04:15:08,884 | INFO |    ↳ Status 200
2026-08-29 04:15:08,884 | INFO |    ✓ Found 8 movies
2026-08-29 04:15:08,884 | INFO | [1803/1901] Fetching Uthiramerur (UTHI)
2026-08-29 04:15:09,939 | INFO |    ↳ Status 403
2026-08-29 04:15:09,939 | WARNING |    ⚠ Blocked (403) retry 2
2026-08-29 04:15:10,002 | INFO | 🌐 Session warmed
2026-08-29 04:15:10,537 | INFO | [1804/1901] Fetching Uthukottai (UTHU)
2026-08-29 04:15:10,572 | INFO |    ↳ Status 200
2026-08-29 04:15:10,572 | INFO |    ✓ Found 8 movies
2026-08-29 04:15:10,572 | INFO | [1805/1901] Fetching Utraula (UTRA)
2026-08-29 04:15:11,743 | INFO |    ↳ Status 403
2026-08-29 04:15:11,743 | WARNING |    ⚠ Blocked (403) retry 1
2026-08-29 04:15:11,800 | INFO | 🌐 Session warmed
2026-08-29 04:15:12,110 | INFO |    ↳ Status 200
2026-08-29 04:15:12,110 | INFO |    ✓ Found 6 movies
2026-08-29 04:15:12,110 | INFO | [1806/1901] Fetching Uttara Kannada (UTK)
2026-08-29 04:15:12,126 | INFO |    ↳ Status 403
2026-08-29 04:15:12,126 | WARNING |    ⚠ Blocked (403) retry 3
2026-08-29 04:15:12,182 | INFO | 🌐 Session warmed
2026-08-29 04:15:13,226 | INFO |    ↳ Status 403
2026-08-29 04:15:13,226 | WARNING |    ⚠ Blocked (403) retry 3
2026-08-29 04:15:13,306 | INFO |    ↳ Status 200
2026-08-29 04:15:13,306 | INFO |    ✓ Found 3 movies
2026-08-29 04:15:13,306 | INFO | [1807/1901] Fetching Uttarkashi (UTTA)
2026-08-29 04:15:13,395 | INFO | 🌐 Session warmed
2026-08-29 04:15:13,541 | INFO |    ↳ Status 403
2026-08-29 04:15:13,542 | WARNING |    ⚠ Blocked (403) retry 2
2026-08-29 04:15:13,598 | INFO | 🌐 Session warmed
2026-08-29 04:15:14,412 | INFO |    ↳ Status 200
2026-08-29 04:15:14,412 | INFO |    ✓ Found 8 movies
2026-08-29 04:15:14,413 | INFO | [1808/1901] Fetching Vadakara (VDKR)
2026-08-29 04:15:15,659 | INFO |    ↳ Status 200
2026-08-29 04:15:15,659 | INFO |    ✓ Found 8 movies
2026-08-29 04:15:15,660 | INFO | [1809/1901] Fetching Vadakkencherry (VDCY)
2026-08-29 04:15:16,182 | INFO | [1810/1901] Fetching Vadalur (VADA)
2026-08-29 04:15:16,576 | INFO |    ↳ Status 403
2026-08-29 04:15:16,576 | WARNING |    ⚠ Blocked (403) retry 3
2026-08-29 04:15:16,633 | INFO | 🌐 Session warmed
2026-08-29 04:15:16,642 | INFO |    ↳ Status 200
2026-08-29 04:15:16,642 | INFO |    ✓ Found 8 movies
2026-08-29 04:15:16,643 | INFO | [1811/1901] Fetching Vadanappally (VADN)
2026-08-29 04:15:17,395 | INFO | [1812/1901] Fetching Vadodara (VAD)
2026-08-29 04:15:17,548 | INFO |    ↳ Status 403
2026-08-29 04:15:17,548 | WARNING |    ⚠ Blocked (403) retry 1
2026-08-29 04:15:17,647 | INFO | 🌐 Session warmed
2026-08-29 04:15:18,196 | INFO |    ↳ Status 200
2026-08-29 04:15:18,196 | INFO |    ✓ Found 8 movies
2026-08-29 04:15:18,196 | INFO | [1813/1901] Fetching Vaduj (VADJ)
2026-08-29 04:15:18,543 | INFO |    ↳ Status 403
2026-08-29 04:15:18,543 | WARNING |    ⚠ Blocked (403) retry 1
2026-08-29 04:15:18,604 | INFO | 🌐 Session warmed
2026-08-29 04:15:19,226 | INFO |    ↳ Status 200
2026-08-29 04:15:19,226 | INFO |    ✓ Found 5 movies
2026-08-29 04:15:19,226 | INFO | [1814/1901] Fetching Vaijapur (VAIJ)
2026-08-29 04:15:20,018 | INFO |    ↳ Status 403
2026-08-29 04:15:20,018 | WARNING |    ⚠ Blocked (403) retry 2
2026-08-29 04:15:20,071 | INFO | 🌐 Session warmed
2026-08-29 04:15:20,633 | INFO | [1815/1901] Fetching Valanchery (VALA)
2026-08-29 04:15:20,752 | INFO |    ↳ Status 403
2026-08-29 04:15:20,752 | WARNING |    ⚠ Blocked (403) retry 2
2026-08-29 04:15:20,809 | INFO | 🌐 Session warmed
2026-08-29 04:15:21,517 | INFO |    ↳ Status 200
2026-08-29 04:15:21,517 | INFO |    ✓ Found 8 movies
2026-08-29 04:15:21,517 | INFO | [1816/1901] Fetching Valaparla (VLAP)
2026-08-29 04:15:21,645 | INFO |    ↳ Status 403
2026-08-29 04:15:21,645 | WARNING |    ⚠ Blocked (403) retry 1
2026-08-29 04:15:21,704 | INFO | 🌐 Session warmed
2026-08-29 04:15:22,845 | INFO |    ↳ Status 403
2026-08-29 04:15:22,845 | WARNING |    ⚠ Blocked (403) retry 3
2026-08-29 04:15:22,899 | INFO | 🌐 Session warmed
2026-08-29 04:15:23,110 | INFO |    ↳ Status 200
2026-08-29 04:15:23,110 | INFO |    ✓ Found 8 movies
2026-08-29 04:15:23,110 | INFO | [1817/1901] Fetching Valigonda (VALI)
2026-08-29 04:15:23,330 | INFO |    ↳ Status 403
2026-08-29 04:15:23,331 | WARNING |    ⚠ Blocked (403) retry 2
2026-08-29 04:15:23,391 | INFO | 🌐 Session warmed
2026-08-29 04:15:23,645 | INFO |    ↳ Status 403
2026-08-29 04:15:23,645 | WARNING |    ⚠ Blocked (403) retry 3
2026-08-29 04:15:23,702 | INFO | 🌐 Session warmed
2026-08-29 04:15:24,376 | INFO |    ↳ Status 200
2026-08-29 04:15:24,376 | INFO |    ✓ Found 7 movies
2026-08-29 04:15:24,376 | INFO | [1818/1901] Fetching Valluru (VALL)
2026-08-29 04:15:25,434 | INFO |    ↳ Status 200
2026-08-29 04:15:25,434 | INFO |    ✓ Found 7 movies
2026-08-29 04:15:25,434 | INFO | [1819/1901] Fetching Valsad (VLSD)
2026-08-29 04:15:26,520 | INFO |    ↳ Status 403
2026-08-29 04:15:26,520 | WARNING |    ⚠ Blocked (403) retry 3
2026-08-29 04:15:26,588 | INFO | 🌐 Session warmed
2026-08-29 04:15:26,899 | INFO | [1820/1901] Fetching Vaniyambadi (VANI)
2026-08-29 04:15:26,907 | INFO |    ↳ Status 200
2026-08-29 04:15:26,907 | INFO |    ✓ Found 8 movies
2026-08-29 04:15:26,907 | INFO | [1821/1901] Fetching Vapi (VAPI)
2026-08-29 04:15:27,539 | INFO |    ↳ Status 403
2026-08-29 04:15:27,539 | WARNING |    ⚠ Blocked (403) retry 1
2026-08-29 04:15:27,594 | INFO | 🌐 Session warmed
2026-08-29 04:15:27,703 | INFO | [1822/1901] Fetching Varadaiahpalem (VARA)
2026-08-29 04:15:27,933 | INFO |    ↳ Status 200
2026-08-29 04:15:27,933 | INFO |    ✓ Found 8 movies
2026-08-29 04:15:27,933 | INFO | [1823/1901] Fetching Varadiyam (VRYM)
2026-08-29 04:15:28,576 | INFO |    ↳ Status 403
2026-08-29 04:15:28,576 | WARNING |    ⚠ Blocked (403) retry 1
2026-08-29 04:15:28,633 | INFO | 🌐 Session warmed
2026-08-29 04:15:29,234 | INFO |    ↳ Status 200
2026-08-29 04:15:29,235 | INFO |    ✓ Found 8 movies
2026-08-29 04:15:29,235 | INFO | [1824/1901] Fetching Varanasi (VAR)
2026-08-29 04:15:29,974 | INFO |    ↳ Status 403
2026-08-29 04:15:29,974 | WARNING |    ⚠ Blocked (403) retry 2
2026-08-29 04:15:30,036 | INFO | 🌐 Session warmed
2026-08-29 04:15:30,588 | INFO |    ↳ Status 200
2026-08-29 04:15:30,588 | INFO |    ✓ Found 6 movies
2026-08-29 04:15:30,588 | INFO | [1825/1901] Fetching Varkala (VKAL)
2026-08-29 04:15:30,588 | INFO | [1826/1901] Fetching Vasind (VASI)
2026-08-29 04:15:30,630 | INFO |    ↳ Status 403
2026-08-29 04:15:30,630 | WARNING |    ⚠ Blocked (403) retry 2
2026-08-29 04:15:30,689 | INFO | 🌐 Session warmed
2026-08-29 04:15:31,416 | INFO |    ↳ Status 403
2026-08-29 04:15:31,416 | WARNING |    ⚠ Blocked (403) retry 1
2026-08-29 04:15:31,481 | INFO | 🌐 Session warmed
2026-08-29 04:15:31,903 | INFO |    ↳ Status 200
2026-08-29 04:15:31,903 | INFO |    ✓ Found 8 movies
2026-08-29 04:15:31,903 | INFO | [1827/1901] Fetching Vatsavai (VAST)
2026-08-29 04:15:33,205 | INFO |    ↳ Status 403
2026-08-29 04:15:33,205 | WARNING |    ⚠ Blocked (403) retry 2
2026-08-29 04:15:33,270 | INFO | 🌐 Session warmed
2026-08-29 04:15:33,427 | INFO |    ↳ Status 403
2026-08-29 04:15:33,427 | WARNING |    ⚠ Blocked (403) retry 3
2026-08-29 04:15:33,438 | INFO |    ↳ Status 200
2026-08-29 04:15:33,438 | INFO |    ✓ Found 7 movies
2026-08-29 04:15:33,438 | INFO | [1828/1901] Fetching Vazhapadi (VAZH)
2026-08-29 04:15:33,503 | INFO | 🌐 Session warmed
2026-08-29 04:15:33,949 | INFO |    ↳ Status 403
2026-08-29 04:15:33,949 | WARNING |    ⚠ Blocked (403) retry 3
2026-08-29 04:15:34,012 | INFO | 🌐 Session warmed
2026-08-29 04:15:34,698 | INFO |    ↳ Status 200
2026-08-29 04:15:34,698 | INFO |    ✓ Found 7 movies
2026-08-29 04:15:34,698 | INFO | [1829/1901] Fetching Vedasandur (VEDA)
2026-08-29 04:15:36,054 | INFO |    ↳ Status 403
2026-08-29 04:15:36,054 | WARNING |    ⚠ Blocked (403) retry 3
2026-08-29 04:15:36,113 | INFO | 🌐 Session warmed
2026-08-29 04:15:36,325 | INFO |    ↳ Status 200
2026-08-29 04:15:36,326 | INFO |    ✓ Found 7 movies
2026-08-29 04:15:36,326 | INFO | [1830/1901] Fetching Veeraghattam (VEER)
2026-08-29 04:15:37,261 | INFO |    ↳ Status 200
2026-08-29 04:15:37,262 | INFO |    ✓ Found 7 movies
2026-08-29 04:15:37,262 | INFO | [1831/1901] Fetching Velangi (VELG)
2026-08-29 04:15:37,503 | INFO | [1832/1901] Fetching Velanja (VELA)
2026-08-29 04:15:38,012 | INFO | [1833/1901] Fetching Velanthavalam (VELM)
2026-08-29 04:15:38,177 | INFO |    ↳ Status 200
2026-08-29 04:15:38,177 | INFO |    ✓ Found 7 movies
2026-08-29 04:15:38,177 | INFO | [1834/1901] Fetching Vellakoil (VELI)
2026-08-29 04:15:38,778 | INFO |    ↳ Status 403
2026-08-29 04:15:38,779 | WARNING |    ⚠ Blocked (403) retry 1
2026-08-29 04:15:38,842 | INFO | 🌐 Session warmed
2026-08-29 04:15:38,896 | INFO |    ↳ Status 403
2026-08-29 04:15:38,896 | WARNING |    ⚠ Blocked (403) retry 1
2026-08-29 04:15:38,954 | INFO | 🌐 Session warmed
2026-08-29 04:15:39,133 | INFO |    ↳ Status 200
2026-08-29 04:15:39,133 | INFO |    ✓ Found 7 movies
2026-08-29 04:15:39,133 | INFO | [1835/1901] Fetching Vellampalli (VMPL)
2026-08-29 04:15:40,113 | INFO | [1836/1901] Fetching Vellore (VELL)
2026-08-29 04:15:40,675 | INFO |    ↳ Status 403
2026-08-29 04:15:40,675 | WARNING |    ⚠ Blocked (403) retry 2
2026-08-29 04:15:40,732 | INFO |    ↳ Status 403
2026-08-29 04:15:40,732 | WARNING |    ⚠ Blocked (403) retry 2
2026-08-29 04:15:40,735 | INFO | 🌐 Session warmed
2026-08-29 04:15:40,790 | INFO | 🌐 Session warmed
2026-08-29 04:15:40,796 | INFO |    ↳ Status 403
2026-08-29 04:15:40,796 | WARNING |    ⚠ Blocked (403) retry 1
2026-08-29 04:15:40,821 | INFO |    ↳ Status 200
2026-08-29 04:15:40,821 | INFO |    ✓ Found 8 movies
2026-08-29 04:15:40,821 | INFO | [1837/1901] Fetching Velugodu (VLGD)
2026-08-29 04:15:40,856 | INFO | 🌐 Session warmed
2026-08-29 04:15:42,159 | INFO |    ↳ Status 200
2026-08-29 04:15:42,159 | INFO |    ✓ Found 8 movies
2026-08-29 04:15:42,159 | INFO | [1838/1901] Fetching Vempalli (VAIM)
2026-08-29 04:15:43,111 | INFO |    ↳ Status 403
2026-08-29 04:15:43,111 | WARNING |    ⚠ Blocked (403) retry 2
2026-08-29 04:15:43,178 | INFO | 🌐 Session warmed
2026-08-29 04:15:43,935 | INFO |    ↳ Status 200
2026-08-29 04:15:43,935 | INFO |    ✓ Found 7 movies
2026-08-29 04:15:43,935 | INFO | [1839/1901] Fetching Vemulawada (VERU)
2026-08-29 04:15:44,113 | INFO |    ↳ Status 403
2026-08-29 04:15:44,113 | WARNING |    ⚠ Blocked (403) retry 3
2026-08-29 04:15:44,120 | INFO |    ↳ Status 403
2026-08-29 04:15:44,121 | WARNING |    ⚠ Blocked (403) retry 3
2026-08-29 04:15:44,186 | INFO | 🌐 Session warmed
2026-08-29 04:15:44,197 | INFO | 🌐 Session warmed
2026-08-29 04:15:45,379 | INFO |    ↳ Status 200
2026-08-29 04:15:45,379 | INFO |    ✓ Found 7 movies
2026-08-29 04:15:45,380 | INFO | [1840/1901] Fetching Vengurla (VENG)
2026-08-29 04:15:46,142 | INFO |    ↳ Status 403
2026-08-29 04:15:46,142 | WARNING |    ⚠ Blocked (403) retry 3
2026-08-29 04:15:46,202 | INFO | 🌐 Session warmed
2026-08-29 04:15:46,660 | INFO |    ↳ Status 200
2026-08-29 04:15:46,660 | INFO |    ✓ Found 5 movies
2026-08-29 04:15:46,660 | INFO | [1841/1901] Fetching Venkatapuram (VNKT)
2026-08-29 04:15:47,921 | INFO |    ↳ Status 200
2026-08-29 04:15:47,921 | INFO |    ✓ Found 7 movies
2026-08-29 04:15:47,921 | INFO | [1842/1901] Fetching Veraval (VRAL)
2026-08-29 04:15:48,187 | INFO | [1843/1901] Fetching Vetapalem (VLEM)
2026-08-29 04:15:48,197 | INFO | [1844/1901] Fetching Vettaikaranpudur (VETA)
2026-08-29 04:15:49,091 | INFO |    ↳ Status 403
2026-08-29 04:15:49,091 | WARNING |    ⚠ Blocked (403) retry 1
2026-08-29 04:15:49,162 | INFO | 🌐 Session warmed
2026-08-29 04:15:49,309 | INFO |    ↳ Status 200
2026-08-29 04:15:49,309 | INFO |    ✓ Found 8 movies
2026-08-29 04:15:49,309 | INFO | [1845/1901] Fetching Vettavalam (VETT)
2026-08-29 04:15:49,444 | INFO |    ↳ Status 403
2026-08-29 04:15:49,444 | WARNING |    ⚠ Blocked (403) retry 1
2026-08-29 04:15:49,507 | INFO | 🌐 Session warmed
2026-08-29 04:15:50,202 | INFO | [1846/1901] Fetching Vidisha (VIDI)
2026-08-29 04:15:50,891 | INFO |    ↳ Status 200
2026-08-29 04:15:50,891 | INFO |    ✓ Found 7 movies
2026-08-29 04:15:50,891 | INFO | [1847/1901] Fetching Vijapur (VIUR)
2026-08-29 04:15:51,209 | INFO |    ↳ Status 403
2026-08-29 04:15:51,209 | WARNING |    ⚠ Blocked (403) retry 2
2026-08-29 04:15:51,269 | INFO | 🌐 Session warmed
2026-08-29 04:15:51,383 | INFO |    ↳ Status 403
2026-08-29 04:15:51,383 | WARNING |    ⚠ Blocked (403) retry 1
2026-08-29 04:15:51,446 | INFO | 🌐 Session warmed
2026-08-29 04:15:51,455 | INFO |    ↳ Status 403
2026-08-29 04:15:51,455 | WARNING |    ⚠ Blocked (403) retry 2
2026-08-29 04:15:51,523 | INFO | 🌐 Session warmed
2026-08-29 04:15:52,140 | INFO |    ↳ Status 200
2026-08-29 04:15:52,140 | INFO |    ✓ Found 8 movies
2026-08-29 04:15:52,141 | INFO | [1848/1901] Fetching Vijayapura (Bengaluru Rural) (VIJP)
2026-08-29 04:15:53,625 | INFO |    ↳ Status 200
2026-08-29 04:15:53,625 | INFO |    ✓ Found 3 movies
2026-08-29 04:15:53,625 | INFO | [1849/1901] Fetching Vijayapura (Bijapur) (VJPR)
2026-08-29 04:15:53,644 | INFO |    ↳ Status 403
2026-08-29 04:15:53,644 | WARNING |    ⚠ Blocked (403) retry 2
2026-08-29 04:15:53,709 | INFO | 🌐 Session warmed
2026-08-29 04:15:54,110 | INFO |    ↳ Status 403
2026-08-29 04:15:54,110 | WARNING |    ⚠ Blocked (403) retry 3
2026-08-29 04:15:54,166 | INFO | 🌐 Session warmed
2026-08-29 04:15:54,668 | INFO |    ↳ Status 403
2026-08-29 04:15:54,668 | WARNING |    ⚠ Blocked (403) retry 3
2026-08-29 04:15:54,730 | INFO | 🌐 Session warmed
2026-08-29 04:15:55,255 | INFO |    ↳ Status 200
2026-08-29 04:15:55,256 | INFO |    ✓ Found 3 movies
2026-08-29 04:15:55,256 | INFO | [1850/1901] Fetching Vijayarai (VRAI)
2026-08-29 04:15:56,526 | INFO |    ↳ Status 403
2026-08-29 04:15:56,526 | WARNING |    ⚠ Blocked (403) retry 3
2026-08-29 04:15:56,585 | INFO | 🌐 Session warmed
2026-08-29 04:15:56,798 | INFO |    ↳ Status 200
2026-08-29 04:15:56,799 | INFO |    ✓ Found 7 movies
2026-08-29 04:15:56,799 | INFO | [1851/1901] Fetching Vijayawada (VIJA)
2026-08-29 04:15:58,167 | INFO | [1852/1901] Fetching Vikarabad (VKBD)
2026-08-29 04:15:58,441 | INFO |    ↳ Status 200
2026-08-29 04:15:58,441 | INFO |    ✓ Found 7 movies
2026-08-29 04:15:58,441 | INFO | [1853/1901] Fetching Vikasnagar (VKNG)
2026-08-29 04:15:58,730 | INFO | [1854/1901] Fetching Vikravandi (VIVI)
2026-08-29 04:15:59,380 | INFO |    ↳ Status 403
2026-08-29 04:15:59,380 | WARNING |    ⚠ Blocked (403) retry 1
2026-08-29 04:15:59,446 | INFO | 🌐 Session warmed
2026-08-29 04:15:59,717 | INFO |    ↳ Status 403
2026-08-29 04:15:59,717 | WARNING |    ⚠ Blocked (403) retry 1
2026-08-29 04:15:59,780 | INFO | 🌐 Session warmed
2026-08-29 04:15:59,918 | INFO |    ↳ Status 200
2026-08-29 04:15:59,919 | INFO |    ✓ Found 8 movies
2026-08-29 04:15:59,919 | INFO | [1855/1901] Fetching Villupuram (VILL)
2026-08-29 04:16:00,585 | INFO | [1856/1901] Fetching Vinukonda (VNKD)
2026-08-29 04:16:01,349 | INFO |    ↳ Status 403
2026-08-29 04:16:01,350 | WARNING |    ⚠ Blocked (403) retry 1
2026-08-29 04:16:01,373 | INFO |    ↳ Status 200
2026-08-29 04:16:01,373 | INFO |    ✓ Found 7 movies
2026-08-29 04:16:01,373 | INFO | [1857/1901] Fetching Viralimalai (VIRA)
2026-08-29 04:16:01,408 | INFO | 🌐 Session warmed
2026-08-29 04:16:01,601 | INFO |    ↳ Status 403
2026-08-29 04:16:01,601 | WARNING |    ⚠ Blocked (403) retry 2
2026-08-29 04:16:01,660 | INFO | 🌐 Session warmed
2026-08-29 04:16:01,746 | INFO |    ↳ Status 403
2026-08-29 04:16:01,746 | WARNING |    ⚠ Blocked (403) retry 2
2026-08-29 04:16:01,811 | INFO | 🌐 Session warmed
2026-08-29 04:16:02,908 | INFO |    ↳ Status 200
2026-08-29 04:16:02,908 | INFO |    ✓ Found 8 movies
2026-08-29 04:16:02,908 | INFO | [1858/1901] Fetching Virudhachalam (VIDM)
2026-08-29 04:16:03,055 | INFO |    ↳ Status 403
2026-08-29 04:16:03,055 | WARNING |    ⚠ Blocked (403) retry 2
2026-08-29 04:16:03,120 | INFO | 🌐 Session warmed
2026-08-29 04:16:04,565 | INFO |    ↳ Status 200
2026-08-29 04:16:04,565 | INFO |    ✓ Found 7 movies
2026-08-29 04:16:04,565 | INFO | [1859/1901] Fetching Virudhunagar (VIRU)
2026-08-29 04:16:04,828 | INFO |    ↳ Status 403
2026-08-29 04:16:04,828 | WARNING |    ⚠ Blocked (403) retry 3
2026-08-29 04:16:04,877 | INFO |    ↳ Status 403
2026-08-29 04:16:04,878 | WARNING |    ⚠ Blocked (403) retry 3
2026-08-29 04:16:04,889 | INFO | 🌐 Session warmed
2026-08-29 04:16:04,945 | INFO | 🌐 Session warmed
2026-08-29 04:16:05,868 | INFO |    ↳ Status 200
2026-08-29 04:16:05,868 | INFO |    ✓ Found 7 movies
2026-08-29 04:16:05,868 | INFO | [1860/1901] Fetching Visnagar (VISN)
2026-08-29 04:16:06,251 | INFO |    ↳ Status 403
2026-08-29 04:16:06,251 | WARNING |    ⚠ Blocked (403) retry 3
2026-08-29 04:16:06,309 | INFO | 🌐 Session warmed
2026-08-29 04:16:07,001 | INFO |    ↳ Status 200
2026-08-29 04:16:07,002 | INFO |    ✓ Found 8 movies
2026-08-29 04:16:07,002 | INFO | [1861/1901] Fetching Vissannapeta (VSNP)
2026-08-29 04:16:08,165 | INFO |    ↳ Status 200
2026-08-29 04:16:08,165 | INFO |    ✓ Found 7 movies
2026-08-29 04:16:08,165 | INFO | [1862/1901] Fetching Vita (VITA)
2026-08-29 04:16:08,889 | INFO | [1863/1901] Fetching Vithlapur (VTHC)
2026-08-29 04:16:08,945 | INFO | [1864/1901] Fetching Vizag (Visakhapatnam) (VIZA)
2026-08-29 04:16:09,700 | INFO |    ↳ Status 403
2026-08-29 04:16:09,700 | WARNING |    ⚠ Blocked (403) retry 1
2026-08-29 04:16:09,759 | INFO | 🌐 Session warmed
2026-08-29 04:16:09,827 | INFO |    ↳ Status 200
2026-08-29 04:16:09,827 | INFO |    ✓ Found 5 movies
2026-08-29 04:16:09,827 | INFO | [1865/1901] Fetching Vizianagaram (VIZI)
2026-08-29 04:16:09,929 | INFO |    ↳ Status 403
2026-08-29 04:16:09,929 | WARNING |    ⚠ Blocked (403) retry 1
2026-08-29 04:16:09,987 | INFO | 🌐 Session warmed
2026-08-29 04:16:10,309 | INFO | [1866/1901] Fetching Vrindavan (VRIN)
2026-08-29 04:16:11,071 | INFO |    ↳ Status 403
2026-08-29 04:16:11,071 | WARNING |    ⚠ Blocked (403) retry 1
2026-08-29 04:16:11,127 | INFO | 🌐 Session warmed
2026-08-29 04:16:11,262 | INFO |    ↳ Status 200
2026-08-29 04:16:11,262 | INFO |    ✓ Found 7 movies
2026-08-29 04:16:11,262 | INFO | [1867/1901] Fetching Vuyyuru (VYUR)
2026-08-29 04:16:11,761 | INFO |    ↳ Status 403
2026-08-29 04:16:11,761 | WARNING |    ⚠ Blocked (403) retry 2
2026-08-29 04:16:11,806 | INFO |    ↳ Status 403
2026-08-29 04:16:11,807 | WARNING |    ⚠ Blocked (403) retry 2
2026-08-29 04:16:11,834 | INFO | 🌐 Session warmed
2026-08-29 04:16:11,864 | INFO | 🌐 Session warmed
2026-08-29 04:16:12,630 | INFO |    ↳ Status 200
2026-08-29 04:16:12,631 | INFO |    ✓ Found 7 movies
2026-08-29 04:16:12,631 | INFO | [1868/1901] Fetching Vyara (VYAR)
2026-08-29 04:16:13,048 | INFO |    ↳ Status 403
2026-08-29 04:16:13,048 | WARNING |    ⚠ Blocked (403) retry 2
2026-08-29 04:16:13,105 | INFO | 🌐 Session warmed
2026-08-29 04:16:13,846 | INFO |    ↳ Status 200
2026-08-29 04:16:13,846 | INFO |    ✓ Found 8 movies
2026-08-29 04:16:13,846 | INFO | [1869/1901] Fetching Wadakkancherry (WADA)
2026-08-29 04:16:14,786 | INFO |    ↳ Status 403
2026-08-29 04:16:14,786 | WARNING |    ⚠ Blocked (403) retry 3
2026-08-29 04:16:14,843 | INFO | 🌐 Session warmed
2026-08-29 04:16:15,172 | INFO |    ↳ Status 403
2026-08-29 04:16:15,172 | WARNING |    ⚠ Blocked (403) retry 3
2026-08-29 04:16:15,232 | INFO | 🌐 Session warmed
2026-08-29 04:16:15,531 | INFO |    ↳ Status 200
2026-08-29 04:16:15,532 | INFO |    ✓ Found 8 movies
2026-08-29 04:16:15,532 | INFO | [1870/1901] Fetching Wai (WAIP)
2026-08-29 04:16:16,175 | INFO |    ↳ Status 403
2026-08-29 04:16:16,175 | WARNING |    ⚠ Blocked (403) retry 3
2026-08-29 04:16:16,236 | INFO | 🌐 Session warmed
2026-08-29 04:16:17,067 | INFO |    ↳ Status 200
2026-08-29 04:16:17,067 | INFO |    ✓ Found 5 movies
2026-08-29 04:16:17,067 | INFO | [1871/1901] Fetching Waluj (WALU)
2026-08-29 04:16:18,325 | INFO |    ↳ Status 200
2026-08-29 04:16:18,325 | INFO |    ✓ Found 8 movies
2026-08-29 04:16:18,325 | INFO | [1872/1901] Fetching Wanaparthy (WANA)
2026-08-29 04:16:18,843 | INFO | [1873/1901] Fetching Wani (WANI)
2026-08-29 04:16:19,233 | INFO | [1874/1901] Fetching Warangal (WAR)
2026-08-29 04:16:19,637 | INFO |    ↳ Status 200
2026-08-29 04:16:19,638 | INFO |    ✓ Found 7 movies
2026-08-29 04:16:19,638 | INFO | [1875/1901] Fetching Wardha (WARD)
2026-08-29 04:16:20,086 | INFO |    ↳ Status 403
2026-08-29 04:16:20,086 | WARNING |    ⚠ Blocked (403) retry 1
2026-08-29 04:16:20,147 | INFO | 🌐 Session warmed
2026-08-29 04:16:20,236 | INFO | [1876/1901] Fetching Warora (WRRA)
2026-08-29 04:16:20,379 | INFO |    ↳ Status 403
2026-08-29 04:16:20,379 | WARNING |    ⚠ Blocked (403) retry 1
2026-08-29 04:16:20,436 | INFO | 🌐 Session warmed
2026-08-29 04:16:20,959 | INFO |    ↳ Status 200
2026-08-29 04:16:20,959 | INFO |    ✓ Found 5 movies
2026-08-29 04:16:20,959 | INFO | [1877/1901] Fetching Washim (WASH)
2026-08-29 04:16:21,488 | INFO |    ↳ Status 403
2026-08-29 04:16:21,488 | WARNING |    ⚠ Blocked (403) retry 1
2026-08-29 04:16:21,543 | INFO | 🌐 Session warmed
2026-08-29 04:16:22,089 | INFO |    ↳ Status 403
2026-08-29 04:16:22,090 | WARNING |    ⚠ Blocked (403) retry 2
2026-08-29 04:16:22,157 | INFO | 🌐 Session warmed
2026-08-29 04:16:22,283 | INFO |    ↳ Status 200
2026-08-29 04:16:22,283 | INFO |    ✓ Found 5 movies
2026-08-29 04:16:22,283 | INFO | [1878/1901] Fetching Wayanad (WAYA)
2026-08-29 04:16:22,307 | INFO |    ↳ Status 403
2026-08-29 04:16:22,307 | WARNING |    ⚠ Blocked (403) retry 2
2026-08-29 04:16:22,362 | INFO | 🌐 Session warmed
2026-08-29 04:16:23,712 | INFO |    ↳ Status 200
2026-08-29 04:16:23,712 | INFO |    ✓ Found 8 movies
2026-08-29 04:16:23,712 | INFO | [1879/1901] Fetching West Kameng (WTKN)
2026-08-29 04:16:23,819 | INFO |    ↳ Status 403
2026-08-29 04:16:23,819 | WARNING |    ⚠ Blocked (403) retry 2
2026-08-29 04:16:23,883 | INFO | 🌐 Session warmed
2026-08-29 04:16:25,064 | INFO |    ↳ Status 403
2026-08-29 04:16:25,065 | WARNING |    ⚠ Blocked (403) retry 3
2026-08-29 04:16:25,069 | INFO |    ↳ Status 200
2026-08-29 04:16:25,069 | INFO |    ✓ Found 5 movies
2026-08-29 04:16:25,069 | INFO | [1880/1901] Fetching Wyra (WWAR)
2026-08-29 04:16:25,126 | INFO | 🌐 Session warmed
2026-08-29 04:16:25,270 | INFO |    ↳ Status 403
2026-08-29 04:16:25,270 | WARNING |    ⚠ Blocked (403) retry 3
2026-08-29 04:16:25,325 | INFO | 🌐 Session warmed
2026-08-29 04:16:25,987 | INFO |    ↳ Status 200
2026-08-29 04:16:25,987 | INFO |    ✓ Found 7 movies
2026-08-29 04:16:25,987 | INFO | [1881/1901] Fetching Yadagirigutta (YADG)
2026-08-29 04:16:27,067 | INFO |    ↳ Status 403
2026-08-29 04:16:27,067 | WARNING |    ⚠ Blocked (403) retry 3
2026-08-29 04:16:27,131 | INFO | 🌐 Session warmed
2026-08-29 04:16:27,418 | INFO |    ↳ Status 200
2026-08-29 04:16:27,418 | INFO |    ✓ Found 7 movies
2026-08-29 04:16:27,418 | INFO | [1882/1901] Fetching Yamunanagar (YAMU)
2026-08-29 04:16:28,927 | INFO |    ↳ Status 200
2026-08-29 04:16:28,927 | INFO |    ✓ Found 7 movies
2026-08-29 04:16:28,927 | INFO | [1883/1901] Fetching Yanam (YANM)
2026-08-29 04:16:29,126 | INFO | [1884/1901] Fetching Yangon (MYAN)
2026-08-29 04:16:29,326 | INFO | [1885/1901] Fetching Yavatmal (YAVA)
2026-08-29 04:16:30,075 | INFO |    ↳ Status 200
2026-08-29 04:16:30,076 | INFO |    ✓ Found 7 movies
2026-08-29 04:16:30,076 | INFO | [1886/1901] Fetching Yelagiri (YLGA)
2026-08-29 04:16:30,084 | INFO |    ↳ Status 403
2026-08-29 04:16:30,085 | WARNING |    ⚠ Blocked (403) retry 1
2026-08-29 04:16:30,142 | INFO | 🌐 Session warmed
2026-08-29 04:16:30,218 | INFO |    ↳ Status 403
2026-08-29 04:16:30,218 | WARNING |    ⚠ Blocked (403) retry 1
2026-08-29 04:16:30,281 | INFO | 🌐 Session warmed
2026-08-29 04:16:31,078 | INFO |    ↳ Status 200
2026-08-29 04:16:31,078 | INFO |    ✓ Found 7 movies
2026-08-29 04:16:31,079 | INFO | [1887/1901] Fetching Yelburga (YELB)
2026-08-29 04:16:31,131 | INFO | [1888/1901] Fetching Yeleswaram (YELE)
2026-08-29 04:16:31,994 | INFO |    ↳ Status 403
2026-08-29 04:16:31,994 | WARNING |    ⚠ Blocked (403) retry 2
2026-08-29 04:16:32,051 | INFO | 🌐 Session warmed
2026-08-29 04:16:32,209 | INFO |    ↳ Status 200
2026-08-29 04:16:32,210 | INFO |    ✓ Found 3 movies
2026-08-29 04:16:32,210 | INFO | [1889/1901] Fetching Yellamanchili (YLMN)
2026-08-29 04:16:32,216 | INFO |    ↳ Status 403
2026-08-29 04:16:32,216 | WARNING |    ⚠ Blocked (403) retry 1
2026-08-29 04:16:32,274 | INFO | 🌐 Session warmed
2026-08-29 04:16:32,385 | INFO |    ↳ Status 403
2026-08-29 04:16:32,385 | WARNING |    ⚠ Blocked (403) retry 2
2026-08-29 04:16:32,441 | INFO | 🌐 Session warmed
2026-08-29 04:16:33,750 | INFO |    ↳ Status 200
2026-08-29 04:16:33,750 | INFO |    ✓ Found 7 movies
2026-08-29 04:16:33,750 | INFO | [1890/1901] Fetching Yellandu (YRLL)
2026-08-29 04:16:34,144 | INFO |    ↳ Status 403
2026-08-29 04:16:34,144 | WARNING |    ⚠ Blocked (403) retry 2
2026-08-29 04:16:34,198 | INFO | 🌐 Session warmed
2026-08-29 04:16:34,683 | INFO |    ↳ Status 200
2026-08-29 04:16:34,684 | INFO |    ✓ Found 7 movies
2026-08-29 04:16:34,684 | INFO | [1891/1901] Fetching Yellareddy (YLLR)
2026-08-29 04:16:35,348 | INFO |    ↳ Status 403
2026-08-29 04:16:35,348 | WARNING |    ⚠ Blocked (403) retry 3
2026-08-29 04:16:35,404 | INFO | 🌐 Session warmed
2026-08-29 04:16:35,590 | INFO |    ↳ Status 403
2026-08-29 04:16:35,590 | WARNING |    ⚠ Blocked (403) retry 3
2026-08-29 04:16:35,646 | INFO | 🌐 Session warmed
2026-08-29 04:16:35,958 | INFO |    ↳ Status 200
2026-08-29 04:16:35,959 | INFO |    ✓ Found 7 movies
2026-08-29 04:16:35,959 | INFO | [1892/1901] Fetching Yellareddypet (YLRD)
2026-08-29 04:16:37,234 | INFO |    ↳ Status 200
2026-08-29 04:16:37,235 | INFO |    ✓ Found 8 movies
2026-08-29 04:16:37,235 | INFO | [1893/1901] Fetching Yemmiganur (YEMM)
2026-08-29 04:16:37,255 | INFO |    ↳ Status 403
2026-08-29 04:16:37,255 | WARNING |    ⚠ Blocked (403) retry 3
2026-08-29 04:16:37,311 | INFO | 🌐 Session warmed
2026-08-29 04:16:38,623 | INFO |    ↳ Status 200
2026-08-29 04:16:38,623 | INFO |    ✓ Found 7 movies
2026-08-29 04:16:38,623 | INFO | [1894/1901] Fetching Yeola (YEOL)
2026-08-29 04:16:39,404 | INFO | [1895/1901] Fetching Yerragondapalem (YERA)
2026-08-29 04:16:39,647 | INFO | [1896/1901] Fetching Yerraguntla (YERR)
2026-08-29 04:16:40,156 | INFO |    ↳ Status 200
2026-08-29 04:16:40,156 | INFO |    ✓ Found 8 movies
2026-08-29 04:16:40,156 | INFO | [1897/1901] Fetching Yewat (YEWE)
2026-08-29 04:16:40,525 | INFO |    ↳ Status 403
2026-08-29 04:16:40,525 | WARNING |    ⚠ Blocked (403) retry 1
2026-08-29 04:16:40,591 | INFO | 🌐 Session warmed
2026-08-29 04:16:40,822 | INFO |    ↳ Status 403
2026-08-29 04:16:40,823 | WARNING |    ⚠ Blocked (403) retry 1
2026-08-29 04:16:40,890 | INFO | 🌐 Session warmed
2026-08-29 04:16:41,174 | INFO |    ↳ Status 200
2026-08-29 04:16:41,174 | INFO |    ✓ Found 8 movies
2026-08-29 04:16:41,175 | INFO | [1898/1901] Fetching Yuksom (YUKS)
2026-08-29 04:16:41,311 | INFO | [1899/1901] Fetching Zaheerabad (ZAGE)
2026-08-29 04:16:42,304 | INFO |    ↳ Status 200
2026-08-29 04:16:42,304 | INFO |    ✓ Found 1 movies
2026-08-29 04:16:42,304 | INFO | [1900/1901] Fetching Zarap (ZARA)
2026-08-29 04:16:42,534 | INFO |    ↳ Status 403
2026-08-29 04:16:42,534 | WARNING |    ⚠ Blocked (403) retry 1
2026-08-29 04:16:42,592 | INFO | 🌐 Session warmed
2026-08-29 04:16:42,812 | INFO |    ↳ Status 403
2026-08-29 04:16:42,812 | WARNING |    ⚠ Blocked (403) retry 2
2026-08-29 04:16:42,844 | INFO |    ↳ Status 403
2026-08-29 04:16:42,844 | WARNING |    ⚠ Blocked (403) retry 2
2026-08-29 04:16:42,870 | INFO | 🌐 Session warmed
2026-08-29 04:16:42,905 | INFO | 🌐 Session warmed
2026-08-29 04:16:44,290 | INFO |    ↳ Status 200
2026-08-29 04:16:44,291 | INFO |    ✓ Found 8 movies
2026-08-29 04:16:44,291 | INFO | [1901/1901] Fetching Ziro (ZIRO)
2026-08-29 04:16:44,815 | INFO |    ↳ Status 403
2026-08-29 04:16:44,815 | WARNING |    ⚠ Blocked (403) retry 2
2026-08-29 04:16:44,871 | INFO | 🌐 Session warmed
2026-08-29 04:16:45,925 | INFO |    ↳ Status 200
2026-08-29 04:16:45,926 | INFO |    ✓ Found 5 movies
2026-08-29 04:16:46,212 | INFO |    ↳ Status 403
2026-08-29 04:16:46,212 | WARNING |    ⚠ Blocked (403) retry 3
2026-08-29 04:16:46,266 | INFO | 🌐 Session warmed
2026-08-29 04:16:46,273 | INFO |    ↳ Status 403
2026-08-29 04:16:46,273 | WARNING |    ⚠ Blocked (403) retry 3
2026-08-29 04:16:46,326 | INFO | 🌐 Session warmed
2026-08-29 04:16:48,084 | INFO |    ↳ Status 403
2026-08-29 04:16:48,084 | WARNING |    ⚠ Blocked (403) retry 3
2026-08-29 04:16:48,146 | INFO | 🌐 Session warmed
2026-08-29 04:16:52,159 | INFO | 
🏆 Top 20 Trending Movies

2026-08-29 04:16:52,159 | INFO |  1. Toxic: A Fairy Tale for Grown-ups | Points: 7060 | Cities: 1063
2026-08-29 04:16:52,159 | INFO |  2. Hanuman Ansh                   | Points: 5887 | Cities: 871
2026-08-29 04:16:52,159 | INFO |  3. Avengers Endgame: Encore       | Points: 4869 | Cities: 866
2026-08-29 04:16:52,159 | INFO |  4. Mirzapur: The Movie            | Points: 2696 | Cities: 522
2026-08-29 04:16:52,159 | INFO |  5. Irumudi                        | Points: 2366 | Cities: 365
2026-08-29 04:16:52,159 | INFO |  6. Spider-Man: Brand New Day      | Points: 2151 | Cities: 626
2026-08-29 04:16:52,159 | INFO |  7. Panjaa                         | Points: 1772 | Cities: 232
2026-08-29 04:16:52,159 | INFO |  8. Bethlehem Kudumba Unit         | Points: 1488 | Cities: 262
2026-08-29 04:16:52,159 | INFO |  9. Once More                      | Points: 860  | Cities: 252
2026-08-29 04:16:52,159 | INFO | 10. Insidious: Out of The Further  | Points: 778  | Cities: 262
2026-08-29 04:16:52,160 | INFO | 11. Awarapan 2                     | Points: 710  | Cities: 260
2026-08-29 04:16:52,160 | INFO | 12. Avengers: Doomsday             | Points: 599  | Cities: 276
2026-08-29 04:16:52,160 | INFO | 13. Jana Nayagan                   | Points: 522  | Cities: 105
2026-08-29 04:16:52,160 | INFO | 14. Vishwanath and Sons            | Points: 450  | Cities: 223
2026-08-29 04:16:52,160 | INFO | 15. Khalifa-The Ruler              | Points: 444  | Cities: 74
2026-08-29 04:16:52,160 | INFO | 16. Modha Rathri                   | Points: 420  | Cities: 119
2026-08-29 04:16:52,160 | INFO | 17. Poarmugham                     | Points: 380  | Cities: 55
2026-08-29 04:16:52,160 | INFO | 18. FIFA World Cup 2026 - England Vs DR Congo | Points: 370  | Cities: 74
2026-08-29 04:16:52,160 | INFO | 19. Werwulf                        | Points: 328  | Cities: 59
2026-08-29 04:16:52,160 | INFO | 20. I'm Game                       | Points: 296  | Cities: 74
2026-08-29 04:16:52,160 | INFO | 
📊 Run Summary
2026-08-29 04:16:52,160 | INFO |    Success Cities : 1342
2026-08-29 04:16:52,160 | INFO |    Failed Cities  : 0
2026-08-29 04:16:52,160 | INFO |    Success Rate   : 70.59%
2026-08-29 04:16:52,160 | INFO | 
✅ Rankings saved to Data/2026/Rankings_2026-08-29.json

