2026-09-29 02:05:14,051 | INFO | 
🚀 Starting run for 2026-09-29

2026-09-29 02:05:14,054 | INFO | 📌 Total cities: 1901

2026-09-29 02:05:14,193 | INFO | 🌐 Session warmed
2026-09-29 02:05:14,193 | INFO | [1/1901] Fetching Mumbai (MUMBAI)
2026-09-29 02:05:14,195 | INFO | 🌐 Session warmed
2026-09-29 02:05:14,196 | INFO | [3/1901] Fetching Bengaluru (BANG)
2026-09-29 02:05:14,198 | INFO | 🌐 Session warmed
2026-09-29 02:05:14,198 | INFO | [4/1901] Fetching Hyderabad (HYD)
2026-09-29 02:05:14,236 | INFO | 🌐 Session warmed
2026-09-29 02:05:14,237 | INFO | [2/1901] Fetching Delhi-NCR (NCR)
2026-09-29 02:05:14,938 | INFO |    ↳ Status 403
2026-09-29 02:05:14,939 | WARNING |    ⚠ Blocked (403) retry 1
2026-09-29 02:05:14,956 | INFO |    ↳ Status 403
2026-09-29 02:05:14,956 | WARNING |    ⚠ Blocked (403) retry 1
2026-09-29 02:05:15,013 | INFO | 🌐 Session warmed
2026-09-29 02:05:15,028 | INFO | 🌐 Session warmed
2026-09-29 02:05:15,426 | INFO |    ↳ Status 403
2026-09-29 02:05:15,426 | WARNING |    ⚠ Blocked (403) retry 1
2026-09-29 02:05:15,482 | INFO |    ↳ Status 403
2026-09-29 02:05:15,482 | WARNING |    ⚠ Blocked (403) retry 1
2026-09-29 02:05:15,495 | INFO | 🌐 Session warmed
2026-09-29 02:05:15,555 | INFO | 🌐 Session warmed
2026-09-29 02:05:16,976 | INFO |    ↳ Status 403
2026-09-29 02:05:16,976 | WARNING |    ⚠ Blocked (403) retry 2
2026-09-29 02:05:17,054 | INFO | 🌐 Session warmed
2026-09-29 02:05:17,238 | INFO |    ↳ Status 403
2026-09-29 02:05:17,238 | WARNING |    ⚠ Blocked (403) retry 2
2026-09-29 02:05:17,247 | INFO |    ↳ Status 403
2026-09-29 02:05:17,247 | WARNING |    ⚠ Blocked (403) retry 2
2026-09-29 02:05:17,320 | INFO | 🌐 Session warmed
2026-09-29 02:05:17,322 | INFO | 🌐 Session warmed
2026-09-29 02:05:17,448 | INFO |    ↳ Status 403
2026-09-29 02:05:17,448 | WARNING |    ⚠ Blocked (403) retry 2
2026-09-29 02:05:17,537 | INFO | 🌐 Session warmed
2026-09-29 02:05:19,756 | INFO |    ↳ Status 403
2026-09-29 02:05:19,756 | WARNING |    ⚠ Blocked (403) retry 3
2026-09-29 02:05:19,821 | INFO | 🌐 Session warmed
2026-09-29 02:05:20,329 | INFO |    ↳ Status 403
2026-09-29 02:05:20,329 | WARNING |    ⚠ Blocked (403) retry 3
2026-09-29 02:05:20,332 | INFO |    ↳ Status 403
2026-09-29 02:05:20,332 | WARNING |    ⚠ Blocked (403) retry 3
2026-09-29 02:05:20,406 | INFO | 🌐 Session warmed
2026-09-29 02:05:20,415 | INFO | 🌐 Session warmed
2026-09-29 02:05:20,597 | INFO |    ↳ Status 403
2026-09-29 02:05:20,597 | WARNING |    ⚠ Blocked (403) retry 3
2026-09-29 02:05:20,669 | INFO | 🌐 Session warmed
2026-09-29 02:05:23,821 | INFO | [5/1901] Fetching Chandigarh (CHD)
2026-09-29 02:05:24,407 | INFO | [6/1901] Fetching Ahmedabad (AHD)
2026-09-29 02:05:24,415 | INFO | [7/1901] Fetching Pune (PUNE)
2026-09-29 02:05:24,601 | INFO |    ↳ Status 403
2026-09-29 02:05:24,601 | WARNING |    ⚠ Blocked (403) retry 1
2026-09-29 02:05:24,669 | INFO | [8/1901] Fetching Chennai (CHEN)
2026-09-29 02:05:24,685 | INFO | 🌐 Session warmed
2026-09-29 02:05:25,450 | INFO |    ↳ Status 403
2026-09-29 02:05:25,450 | WARNING |    ⚠ Blocked (403) retry 1
2026-09-29 02:05:25,529 | INFO | 🌐 Session warmed
2026-09-29 02:05:25,720 | INFO |    ↳ Status 403
2026-09-29 02:05:25,720 | WARNING |    ⚠ Blocked (403) retry 1
2026-09-29 02:05:25,792 | INFO | 🌐 Session warmed
2026-09-29 02:05:25,824 | INFO |    ↳ Status 403
2026-09-29 02:05:25,824 | WARNING |    ⚠ Blocked (403) retry 1
2026-09-29 02:05:25,893 | INFO | 🌐 Session warmed
2026-09-29 02:05:26,308 | INFO |    ↳ Status 403
2026-09-29 02:05:26,308 | WARNING |    ⚠ Blocked (403) retry 2
2026-09-29 02:05:26,378 | INFO | 🌐 Session warmed
2026-09-29 02:05:27,777 | INFO |    ↳ Status 403
2026-09-29 02:05:27,777 | WARNING |    ⚠ Blocked (403) retry 2
2026-09-29 02:05:27,815 | INFO |    ↳ Status 403
2026-09-29 02:05:27,815 | WARNING |    ⚠ Blocked (403) retry 2
2026-09-29 02:05:27,855 | INFO | 🌐 Session warmed
2026-09-29 02:05:27,906 | INFO | 🌐 Session warmed
2026-09-29 02:05:28,188 | INFO |    ↳ Status 403
2026-09-29 02:05:28,188 | WARNING |    ⚠ Blocked (403) retry 2
2026-09-29 02:05:28,258 | INFO | 🌐 Session warmed
2026-09-29 02:05:29,555 | INFO |    ↳ Status 403
2026-09-29 02:05:29,555 | WARNING |    ⚠ Blocked (403) retry 3
2026-09-29 02:05:29,624 | INFO | 🌐 Session warmed
2026-09-29 02:05:30,812 | INFO |    ↳ Status 403
2026-09-29 02:05:30,812 | WARNING |    ⚠ Blocked (403) retry 3
2026-09-29 02:05:30,821 | INFO |    ↳ Status 403
2026-09-29 02:05:30,821 | WARNING |    ⚠ Blocked (403) retry 3
2026-09-29 02:05:30,887 | INFO | 🌐 Session warmed
2026-09-29 02:05:30,896 | INFO | 🌐 Session warmed
2026-09-29 02:05:31,318 | INFO |    ↳ Status 403
2026-09-29 02:05:31,318 | WARNING |    ⚠ Blocked (403) retry 3
2026-09-29 02:05:31,394 | INFO | 🌐 Session warmed
2026-09-29 02:05:33,625 | INFO | [9/1901] Fetching Kolkata (KOLK)
2026-09-29 02:05:34,887 | INFO | [10/1901] Fetching Kochi (KOCH)
2026-09-29 02:05:34,889 | INFO |    ↳ Status 403
2026-09-29 02:05:34,889 | WARNING |    ⚠ Blocked (403) retry 1
2026-09-29 02:05:34,896 | INFO | [11/1901] Fetching Aalo (AALU)
2026-09-29 02:05:34,966 | INFO | 🌐 Session warmed
2026-09-29 02:05:35,394 | INFO | [12/1901] Fetching Abohar (ABOR)
2026-09-29 02:05:35,897 | INFO |    ↳ Status 403
2026-09-29 02:05:35,897 | WARNING |    ⚠ Blocked (403) retry 1
2026-09-29 02:05:35,963 | INFO | 🌐 Session warmed
2026-09-29 02:05:36,089 | INFO |    ↳ Status 403
2026-09-29 02:05:36,089 | WARNING |    ⚠ Blocked (403) retry 1
2026-09-29 02:05:36,157 | INFO | 🌐 Session warmed
2026-09-29 02:05:36,226 | INFO |    ↳ Status 403
2026-09-29 02:05:36,226 | WARNING |    ⚠ Blocked (403) retry 1
2026-09-29 02:05:36,302 | INFO | 🌐 Session warmed
2026-09-29 02:05:37,244 | INFO |    ↳ Status 403
2026-09-29 02:05:37,244 | WARNING |    ⚠ Blocked (403) retry 2
2026-09-29 02:05:37,318 | INFO | 🌐 Session warmed
2026-09-29 02:05:37,970 | INFO |    ↳ Status 403
2026-09-29 02:05:37,970 | WARNING |    ⚠ Blocked (403) retry 2
2026-09-29 02:05:38,036 | INFO | 🌐 Session warmed
2026-09-29 02:05:38,231 | INFO |    ↳ Status 403
2026-09-29 02:05:38,231 | WARNING |    ⚠ Blocked (403) retry 2
2026-09-29 02:05:38,304 | INFO | 🌐 Session warmed
2026-09-29 02:05:38,525 | INFO |    ↳ Status 403
2026-09-29 02:05:38,525 | WARNING |    ⚠ Blocked (403) retry 2
2026-09-29 02:05:38,597 | INFO | 🌐 Session warmed
2026-09-29 02:05:40,551 | INFO |    ↳ Status 403
2026-09-29 02:05:40,551 | WARNING |    ⚠ Blocked (403) retry 3
2026-09-29 02:05:40,619 | INFO | 🌐 Session warmed
2026-09-29 02:05:40,928 | INFO |    ↳ Status 403
2026-09-29 02:05:40,928 | WARNING |    ⚠ Blocked (403) retry 3
2026-09-29 02:05:40,997 | INFO | 🌐 Session warmed
2026-09-29 02:05:41,083 | INFO |    ↳ Status 403
2026-09-29 02:05:41,083 | WARNING |    ⚠ Blocked (403) retry 3
2026-09-29 02:05:41,161 | INFO | 🌐 Session warmed
2026-09-29 02:05:41,345 | INFO |    ↳ Status 403
2026-09-29 02:05:41,345 | WARNING |    ⚠ Blocked (403) retry 3
2026-09-29 02:05:41,421 | INFO | 🌐 Session warmed
2026-09-29 02:05:44,619 | INFO | [13/1901] Fetching Abu Road (ABRD)
2026-09-29 02:05:44,997 | INFO | [14/1901] Fetching Achampet (ACHM)
2026-09-29 02:05:45,161 | INFO | [15/1901] Fetching Acharapakkam (ACHA)
2026-09-29 02:05:45,422 | INFO | [16/1901] Fetching Addanki (ADKI)
2026-09-29 02:05:45,888 | INFO |    ↳ Status 403
2026-09-29 02:05:45,889 | WARNING |    ⚠ Blocked (403) retry 1
2026-09-29 02:05:45,953 | INFO | 🌐 Session warmed
2026-09-29 02:05:46,322 | INFO |    ↳ Status 403
2026-09-29 02:05:46,322 | WARNING |    ⚠ Blocked (403) retry 1
2026-09-29 02:05:46,396 | INFO | 🌐 Session warmed
2026-09-29 02:05:46,408 | INFO |    ↳ Status 403
2026-09-29 02:05:46,408 | WARNING |    ⚠ Blocked (403) retry 1
2026-09-29 02:05:46,489 | INFO | 🌐 Session warmed
2026-09-29 02:05:46,828 | INFO |    ↳ Status 403
2026-09-29 02:05:46,828 | WARNING |    ⚠ Blocked (403) retry 1
2026-09-29 02:05:46,897 | INFO | 🌐 Session warmed
2026-09-29 02:05:47,806 | INFO |    ↳ Status 403
2026-09-29 02:05:47,806 | WARNING |    ⚠ Blocked (403) retry 2
2026-09-29 02:05:47,874 | INFO | 🌐 Session warmed
2026-09-29 02:05:48,296 | INFO |    ↳ Status 403
2026-09-29 02:05:48,296 | WARNING |    ⚠ Blocked (403) retry 2
2026-09-29 02:05:48,359 | INFO |    ↳ Status 403
2026-09-29 02:05:48,359 | WARNING |    ⚠ Blocked (403) retry 2
2026-09-29 02:05:48,363 | INFO | 🌐 Session warmed
2026-09-29 02:05:48,435 | INFO | 🌐 Session warmed
2026-09-29 02:05:49,115 | INFO |    ↳ Status 403
2026-09-29 02:05:49,115 | WARNING |    ⚠ Blocked (403) retry 2
2026-09-29 02:05:49,189 | INFO | 🌐 Session warmed
2026-09-29 02:05:50,913 | INFO |    ↳ Status 403
2026-09-29 02:05:50,913 | WARNING |    ⚠ Blocked (403) retry 3
2026-09-29 02:05:50,983 | INFO | 🌐 Session warmed
2026-09-29 02:05:51,209 | INFO |    ↳ Status 403
2026-09-29 02:05:51,209 | WARNING |    ⚠ Blocked (403) retry 3
2026-09-29 02:05:51,275 | INFO | 🌐 Session warmed
2026-09-29 02:05:51,454 | INFO |    ↳ Status 403
2026-09-29 02:05:51,454 | WARNING |    ⚠ Blocked (403) retry 3
2026-09-29 02:05:51,537 | INFO | 🌐 Session warmed
2026-09-29 02:05:52,187 | INFO |    ↳ Status 403
2026-09-29 02:05:52,187 | WARNING |    ⚠ Blocked (403) retry 3
2026-09-29 02:05:52,256 | INFO | 🌐 Session warmed
2026-09-29 02:05:54,983 | INFO | [17/1901] Fetching Adilabad (ADIL)
2026-09-29 02:05:55,275 | INFO | [18/1901] Fetching Adimali (ADIM)
2026-09-29 02:05:55,537 | INFO | [19/1901] Fetching Adipur (ADPR)
2026-09-29 02:05:55,771 | INFO |    ↳ Status 403
2026-09-29 02:05:55,771 | WARNING |    ⚠ Blocked (403) retry 1
2026-09-29 02:05:55,845 | INFO | 🌐 Session warmed
2026-09-29 02:05:56,211 | INFO |    ↳ Status 403
2026-09-29 02:05:56,211 | WARNING |    ⚠ Blocked (403) retry 1
2026-09-29 02:05:56,257 | INFO | [20/1901] Fetching Adoni (ADNI)
2026-09-29 02:05:56,282 | INFO | 🌐 Session warmed
2026-09-29 02:05:56,712 | INFO |    ↳ Status 403
2026-09-29 02:05:56,712 | WARNING |    ⚠ Blocked (403) retry 1
2026-09-29 02:05:56,775 | INFO | 🌐 Session warmed
2026-09-29 02:05:57,152 | INFO |    ↳ Status 403
2026-09-29 02:05:57,152 | WARNING |    ⚠ Blocked (403) retry 1
2026-09-29 02:05:57,233 | INFO | 🌐 Session warmed
2026-09-29 02:05:57,688 | INFO |    ↳ Status 403
2026-09-29 02:05:57,689 | WARNING |    ⚠ Blocked (403) retry 2
2026-09-29 02:05:57,759 | INFO | 🌐 Session warmed
2026-09-29 02:05:58,600 | INFO |    ↳ Status 403
2026-09-29 02:05:58,600 | WARNING |    ⚠ Blocked (403) retry 2
2026-09-29 02:05:58,639 | INFO |    ↳ Status 403
2026-09-29 02:05:58,639 | WARNING |    ⚠ Blocked (403) retry 2
2026-09-29 02:05:58,683 | INFO | 🌐 Session warmed
2026-09-29 02:05:58,718 | INFO | 🌐 Session warmed
2026-09-29 02:05:58,909 | INFO |    ↳ Status 403
2026-09-29 02:05:58,909 | WARNING |    ⚠ Blocked (403) retry 2
2026-09-29 02:05:59,046 | INFO | 🌐 Session warmed
2026-09-29 02:06:00,831 | INFO |    ↳ Status 403
2026-09-29 02:06:00,831 | WARNING |    ⚠ Blocked (403) retry 3
2026-09-29 02:06:00,897 | INFO | 🌐 Session warmed
2026-09-29 02:06:01,357 | INFO |    ↳ Status 403
2026-09-29 02:06:01,358 | WARNING |    ⚠ Blocked (403) retry 3
2026-09-29 02:06:01,429 | INFO | 🌐 Session warmed
2026-09-29 02:06:01,604 | INFO |    ↳ Status 403
2026-09-29 02:06:01,604 | WARNING |    ⚠ Blocked (403) retry 3
2026-09-29 02:06:01,671 | INFO | 🌐 Session warmed
2026-09-29 02:06:02,190 | INFO |    ↳ Status 403
2026-09-29 02:06:02,190 | WARNING |    ⚠ Blocked (403) retry 3
2026-09-29 02:06:02,257 | INFO | 🌐 Session warmed
2026-09-29 02:06:04,898 | INFO | [21/1901] Fetching Agar Malwa (AGOR)
2026-09-29 02:06:05,429 | INFO | [22/1901] Fetching Agartala (AGAR)
2026-09-29 02:06:05,574 | INFO |    ↳ Status 403
2026-09-29 02:06:05,574 | WARNING |    ⚠ Blocked (403) retry 1
2026-09-29 02:06:05,645 | INFO | 🌐 Session warmed
2026-09-29 02:06:05,671 | INFO | [23/1901] Fetching Agiripalli (AGIR)
2026-09-29 02:06:06,225 | INFO |    ↳ Status 403
2026-09-29 02:06:06,225 | WARNING |    ⚠ Blocked (403) retry 1
2026-09-29 02:06:06,257 | INFO | [24/1901] Fetching Agra (AGRA)
2026-09-29 02:06:06,293 | INFO | 🌐 Session warmed
2026-09-29 02:06:06,634 | INFO |    ↳ Status 403
2026-09-29 02:06:06,634 | WARNING |    ⚠ Blocked (403) retry 1
2026-09-29 02:06:06,705 | INFO | 🌐 Session warmed
2026-09-29 02:06:07,552 | INFO |    ↳ Status 403
2026-09-29 02:06:07,552 | WARNING |    ⚠ Blocked (403) retry 1
2026-09-29 02:06:07,621 | INFO | 🌐 Session warmed
2026-09-29 02:06:07,995 | INFO |    ↳ Status 403
2026-09-29 02:06:07,995 | WARNING |    ⚠ Blocked (403) retry 2
2026-09-29 02:06:08,064 | INFO | 🌐 Session warmed
2026-09-29 02:06:08,331 | INFO |    ↳ Status 403
2026-09-29 02:06:08,331 | WARNING |    ⚠ Blocked (403) retry 2
2026-09-29 02:06:08,409 | INFO | 🌐 Session warmed
2026-09-29 02:06:08,696 | INFO |    ↳ Status 403
2026-09-29 02:06:08,696 | WARNING |    ⚠ Blocked (403) retry 2
2026-09-29 02:06:08,764 | INFO | 🌐 Session warmed
2026-09-29 02:06:10,025 | INFO |    ↳ Status 403
2026-09-29 02:06:10,026 | WARNING |    ⚠ Blocked (403) retry 2
2026-09-29 02:06:10,100 | INFO | 🌐 Session warmed
2026-09-29 02:06:11,068 | INFO |    ↳ Status 403
2026-09-29 02:06:11,068 | WARNING |    ⚠ Blocked (403) retry 3
2026-09-29 02:06:11,140 | INFO | 🌐 Session warmed
2026-09-29 02:06:11,208 | INFO |    ↳ Status 403
2026-09-29 02:06:11,209 | WARNING |    ⚠ Blocked (403) retry 3
2026-09-29 02:06:11,280 | INFO | 🌐 Session warmed
2026-09-29 02:06:11,731 | INFO |    ↳ Status 403
2026-09-29 02:06:11,732 | WARNING |    ⚠ Blocked (403) retry 3
2026-09-29 02:06:11,807 | INFO | 🌐 Session warmed
2026-09-29 02:06:13,445 | INFO |    ↳ Status 403
2026-09-29 02:06:13,445 | WARNING |    ⚠ Blocked (403) retry 3
2026-09-29 02:06:13,536 | INFO | 🌐 Session warmed
2026-09-29 02:06:15,141 | INFO | [25/1901] Fetching Ahilyanagar (Ahmednagar) (AHMED)
2026-09-29 02:06:15,281 | INFO | [26/1901] Fetching Ahmedgarh (AHMG)
2026-09-29 02:06:15,808 | INFO | [27/1901] Fetching Ahore (AHOR)
2026-09-29 02:06:16,162 | INFO |    ↳ Status 403
2026-09-29 02:06:16,162 | WARNING |    ⚠ Blocked (403) retry 1
2026-09-29 02:06:16,232 | INFO | 🌐 Session warmed
2026-09-29 02:06:16,427 | INFO |    ↳ Status 403
2026-09-29 02:06:16,427 | WARNING |    ⚠ Blocked (403) retry 1
2026-09-29 02:06:16,500 | INFO | 🌐 Session warmed
2026-09-29 02:06:17,013 | INFO |    ↳ Status 403
2026-09-29 02:06:17,013 | WARNING |    ⚠ Blocked (403) retry 1
2026-09-29 02:06:17,085 | INFO | 🌐 Session warmed
2026-09-29 02:06:17,536 | INFO | [28/1901] Fetching Aizawl (AIZW)
2026-09-29 02:06:17,933 | INFO |    ↳ Status 403
2026-09-29 02:06:17,933 | WARNING |    ⚠ Blocked (403) retry 2
2026-09-29 02:06:18,003 | INFO | 🌐 Session warmed
2026-09-29 02:06:18,174 | INFO |    ↳ Status 403
2026-09-29 02:06:18,174 | WARNING |    ⚠ Blocked (403) retry 2
2026-09-29 02:06:18,248 | INFO | 🌐 Session warmed
2026-09-29 02:06:18,849 | INFO |    ↳ Status 403
2026-09-29 02:06:18,849 | WARNING |    ⚠ Blocked (403) retry 2
2026-09-29 02:06:18,926 | INFO | 🌐 Session warmed
2026-09-29 02:06:18,951 | INFO |    ↳ Status 403
2026-09-29 02:06:18,951 | WARNING |    ⚠ Blocked (403) retry 1
2026-09-29 02:06:19,028 | INFO | 🌐 Session warmed
2026-09-29 02:06:20,728 | INFO |    ↳ Status 403
2026-09-29 02:06:20,728 | WARNING |    ⚠ Blocked (403) retry 2
2026-09-29 02:06:20,794 | INFO | 🌐 Session warmed
2026-09-29 02:06:21,041 | INFO |    ↳ Status 403
2026-09-29 02:06:21,041 | WARNING |    ⚠ Blocked (403) retry 3
2026-09-29 02:06:21,110 | INFO | 🌐 Session warmed
2026-09-29 02:06:21,247 | INFO |    ↳ Status 403
2026-09-29 02:06:21,247 | WARNING |    ⚠ Blocked (403) retry 3
2026-09-29 02:06:21,319 | INFO | 🌐 Session warmed
2026-09-29 02:06:21,569 | INFO |    ↳ Status 403
2026-09-29 02:06:21,569 | WARNING |    ⚠ Blocked (403) retry 3
2026-09-29 02:06:21,650 | INFO | 🌐 Session warmed
2026-09-29 02:06:23,736 | INFO |    ↳ Status 403
2026-09-29 02:06:23,736 | WARNING |    ⚠ Blocked (403) retry 3
2026-09-29 02:06:23,818 | INFO | 🌐 Session warmed
2026-09-29 02:06:25,110 | INFO | [29/1901] Fetching Ajmer (AJMER)
2026-09-29 02:06:25,319 | INFO | [30/1901] Fetching Akaltara (AKAL)
2026-09-29 02:06:25,650 | INFO | [31/1901] Fetching Akbarpur (AKBR)
2026-09-29 02:06:26,056 | INFO |    ↳ Status 403
2026-09-29 02:06:26,057 | WARNING |    ⚠ Blocked (403) retry 1
2026-09-29 02:06:26,125 | INFO | 🌐 Session warmed
2026-09-29 02:06:26,723 | INFO |    ↳ Status 403
2026-09-29 02:06:26,723 | WARNING |    ⚠ Blocked (403) retry 1
2026-09-29 02:06:26,820 | INFO | 🌐 Session warmed
2026-09-29 02:06:26,840 | INFO |    ↳ Status 403
2026-09-29 02:06:26,840 | WARNING |    ⚠ Blocked (403) retry 1
2026-09-29 02:06:26,911 | INFO | 🌐 Session warmed
2026-09-29 02:06:27,818 | INFO | [32/1901] Fetching Akividu (AKVD)
2026-09-29 02:06:27,910 | INFO |    ↳ Status 403
2026-09-29 02:06:27,910 | WARNING |    ⚠ Blocked (403) retry 2
2026-09-29 02:06:27,983 | INFO | 🌐 Session warmed
2026-09-29 02:06:28,997 | INFO |    ↳ Status 403
2026-09-29 02:06:28,998 | WARNING |    ⚠ Blocked (403) retry 2
2026-09-29 02:06:29,044 | INFO |    ↳ Status 403
2026-09-29 02:06:29,044 | WARNING |    ⚠ Blocked (403) retry 1
2026-09-29 02:06:29,064 | INFO | 🌐 Session warmed
2026-09-29 02:06:29,064 | INFO |    ↳ Status 403
2026-09-29 02:06:29,064 | WARNING |    ⚠ Blocked (403) retry 2
2026-09-29 02:06:29,117 | INFO | 🌐 Session warmed
2026-09-29 02:06:29,138 | INFO | 🌐 Session warmed
2026-09-29 02:06:30,943 | INFO |    ↳ Status 403
2026-09-29 02:06:30,943 | WARNING |    ⚠ Blocked (403) retry 2
2026-09-29 02:06:31,013 | INFO | 🌐 Session warmed
2026-09-29 02:06:31,185 | INFO |    ↳ Status 403
2026-09-29 02:06:31,185 | WARNING |    ⚠ Blocked (403) retry 3
2026-09-29 02:06:31,251 | INFO | 🌐 Session warmed
2026-09-29 02:06:31,990 | INFO |    ↳ Status 403
2026-09-29 02:06:31,990 | WARNING |    ⚠ Blocked (403) retry 3
2026-09-29 02:06:32,059 | INFO | 🌐 Session warmed
2026-09-29 02:06:32,356 | INFO |    ↳ Status 403
2026-09-29 02:06:32,356 | WARNING |    ⚠ Blocked (403) retry 3
2026-09-29 02:06:32,426 | INFO | 🌐 Session warmed
2026-09-29 02:06:33,671 | INFO |    ↳ Status 403
2026-09-29 02:06:33,671 | WARNING |    ⚠ Blocked (403) retry 3
2026-09-29 02:06:33,741 | INFO | 🌐 Session warmed
2026-09-29 02:06:35,251 | INFO | [33/1901] Fetching Akluj (AKLJ)
2026-09-29 02:06:36,060 | INFO | [34/1901] Fetching Akola (AKOL)
2026-09-29 02:06:36,333 | INFO |    ↳ Status 403
2026-09-29 02:06:36,333 | WARNING |    ⚠ Blocked (403) retry 1
2026-09-29 02:06:36,420 | INFO | 🌐 Session warmed
2026-09-29 02:06:36,426 | INFO | [35/1901] Fetching Akot (TKOT)
2026-09-29 02:06:37,234 | INFO |    ↳ Status 403
2026-09-29 02:06:37,234 | WARNING |    ⚠ Blocked (403) retry 1
2026-09-29 02:06:37,307 | INFO | 🌐 Session warmed
2026-09-29 02:06:37,687 | INFO |    ↳ Status 403
2026-09-29 02:06:37,687 | WARNING |    ⚠ Blocked (403) retry 1
2026-09-29 02:06:37,741 | INFO | [36/1901] Fetching Alakode (ALAK)
2026-09-29 02:06:37,754 | INFO | 🌐 Session warmed
2026-09-29 02:06:38,592 | INFO |    ↳ Status 403
2026-09-29 02:06:38,592 | WARNING |    ⚠ Blocked (403) retry 2
2026-09-29 02:06:38,668 | INFO | 🌐 Session warmed
2026-09-29 02:06:38,911 | INFO |    ↳ Status 403
2026-09-29 02:06:38,911 | WARNING |    ⚠ Blocked (403) retry 1
2026-09-29 02:06:38,989 | INFO | 🌐 Session warmed
2026-09-29 02:06:39,236 | INFO |    ↳ Status 403
2026-09-29 02:06:39,236 | WARNING |    ⚠ Blocked (403) retry 2
2026-09-29 02:06:39,312 | INFO | 🌐 Session warmed
2026-09-29 02:06:39,453 | INFO |    ↳ Status 403
2026-09-29 02:06:39,454 | WARNING |    ⚠ Blocked (403) retry 2
2026-09-29 02:06:39,524 | INFO | 🌐 Session warmed
2026-09-29 02:06:41,319 | INFO |    ↳ Status 403
2026-09-29 02:06:41,320 | WARNING |    ⚠ Blocked (403) retry 2
2026-09-29 02:06:41,406 | INFO |    ↳ Status 403
2026-09-29 02:06:41,406 | WARNING |    ⚠ Blocked (403) retry 3
2026-09-29 02:06:41,411 | INFO | 🌐 Session warmed
2026-09-29 02:06:41,473 | INFO | 🌐 Session warmed
2026-09-29 02:06:42,052 | INFO |    ↳ Status 403
2026-09-29 02:06:42,052 | WARNING |    ⚠ Blocked (403) retry 3
2026-09-29 02:06:42,118 | INFO | 🌐 Session warmed
2026-09-29 02:06:42,187 | INFO |    ↳ Status 403
2026-09-29 02:06:42,187 | WARNING |    ⚠ Blocked (403) retry 3
2026-09-29 02:06:42,256 | INFO | 🌐 Session warmed
2026-09-29 02:06:44,121 | INFO |    ↳ Status 403
2026-09-29 02:06:44,121 | WARNING |    ⚠ Blocked (403) retry 3
2026-09-29 02:06:44,204 | INFO | 🌐 Session warmed
2026-09-29 02:06:45,473 | INFO | [37/1901] Fetching Alangudi (ALNI)
2026-09-29 02:06:46,119 | INFO | [38/1901] Fetching Alangulam (ALKM)
2026-09-29 02:06:46,256 | INFO | [39/1901] Fetching Alappuzha (ALPZ)
2026-09-29 02:06:46,418 | INFO |    ↳ Status 403
2026-09-29 02:06:46,418 | WARNING |    ⚠ Blocked (403) retry 1
2026-09-29 02:06:46,491 | INFO | 🌐 Session warmed
2026-09-29 02:06:46,756 | INFO |    ↳ Status 403
2026-09-29 02:06:46,756 | WARNING |    ⚠ Blocked (403) retry 1
2026-09-29 02:06:46,833 | INFO | 🌐 Session warmed
2026-09-29 02:06:47,212 | INFO |    ↳ Status 403
2026-09-29 02:06:47,212 | WARNING |    ⚠ Blocked (403) retry 1
2026-09-29 02:06:47,293 | INFO | 🌐 Session warmed
2026-09-29 02:06:48,158 | INFO |    ↳ Status 403
2026-09-29 02:06:48,158 | WARNING |    ⚠ Blocked (403) retry 2
2026-09-29 02:06:48,204 | INFO | [40/1901] Fetching Alathur (ALAR)
2026-09-29 02:06:48,233 | INFO | 🌐 Session warmed
2026-09-29 02:06:48,608 | INFO |    ↳ Status 403
2026-09-29 02:06:48,608 | WARNING |    ⚠ Blocked (403) retry 2
2026-09-29 02:06:48,674 | INFO | 🌐 Session warmed
2026-09-29 02:06:49,185 | INFO |    ↳ Status 403
2026-09-29 02:06:49,185 | WARNING |    ⚠ Blocked (403) retry 2
2026-09-29 02:06:49,256 | INFO | 🌐 Session warmed
2026-09-29 02:06:49,536 | INFO |    ↳ Status 403
2026-09-29 02:06:49,536 | WARNING |    ⚠ Blocked (403) retry 1
2026-09-29 02:06:49,605 | INFO | 🌐 Session warmed
2026-09-29 02:06:51,331 | INFO |    ↳ Status 403
2026-09-29 02:06:51,331 | WARNING |    ⚠ Blocked (403) retry 2
2026-09-29 02:06:51,410 | INFO | 🌐 Session warmed
2026-09-29 02:06:51,535 | INFO |    ↳ Status 403
2026-09-29 02:06:51,535 | WARNING |    ⚠ Blocked (403) retry 3
2026-09-29 02:06:51,608 | INFO | 🌐 Session warmed
2026-09-29 02:06:51,645 | INFO |    ↳ Status 403
2026-09-29 02:06:51,645 | WARNING |    ⚠ Blocked (403) retry 3
2026-09-29 02:06:51,714 | INFO | 🌐 Session warmed
2026-09-29 02:06:52,461 | INFO |    ↳ Status 403
2026-09-29 02:06:52,461 | WARNING |    ⚠ Blocked (403) retry 3
2026-09-29 02:06:52,533 | INFO | 🌐 Session warmed
2026-09-29 02:06:54,238 | INFO |    ↳ Status 403
2026-09-29 02:06:54,238 | WARNING |    ⚠ Blocked (403) retry 3
2026-09-29 02:06:54,320 | INFO | 🌐 Session warmed
2026-09-29 02:06:55,608 | INFO | [41/1901] Fetching Alibaug (ALBG)
2026-09-29 02:06:55,714 | INFO | [42/1901] Fetching Aligarh (ALI)
2026-09-29 02:06:56,533 | INFO | [43/1901] Fetching Alipurduar (ALIP)
2026-09-29 02:06:56,562 | INFO |    ↳ Status 403
2026-09-29 02:06:56,562 | WARNING |    ⚠ Blocked (403) retry 1
2026-09-29 02:06:56,594 | INFO |    ↳ Status 403
2026-09-29 02:06:56,594 | WARNING |    ⚠ Blocked (403) retry 1
2026-09-29 02:06:56,640 | INFO | 🌐 Session warmed
2026-09-29 02:06:56,666 | INFO | 🌐 Session warmed
2026-09-29 02:06:57,674 | INFO |    ↳ Status 403
2026-09-29 02:06:57,674 | WARNING |    ⚠ Blocked (403) retry 1
2026-09-29 02:06:57,746 | INFO | 🌐 Session warmed
2026-09-29 02:06:58,321 | INFO | [44/1901] Fetching Allagadda (ALGD)
2026-09-29 02:06:59,011 | INFO |    ↳ Status 403
2026-09-29 02:06:59,012 | WARNING |    ⚠ Blocked (403) retry 2
2026-09-29 02:06:59,030 | INFO |    ↳ Status 403
2026-09-29 02:06:59,030 | WARNING |    ⚠ Blocked (403) retry 2
2026-09-29 02:06:59,084 | INFO | 🌐 Session warmed
2026-09-29 02:06:59,107 | INFO | 🌐 Session warmed
2026-09-29 02:06:59,204 | INFO |    ↳ Status 403
2026-09-29 02:06:59,204 | WARNING |    ⚠ Blocked (403) retry 1
2026-09-29 02:06:59,279 | INFO | 🌐 Session warmed
2026-09-29 02:06:59,750 | INFO |    ↳ Status 403
2026-09-29 02:06:59,750 | WARNING |    ⚠ Blocked (403) retry 2
2026-09-29 02:06:59,821 | INFO | 🌐 Session warmed
2026-09-29 02:07:00,951 | INFO |    ↳ Status 403
2026-09-29 02:07:00,951 | WARNING |    ⚠ Blocked (403) retry 2
2026-09-29 02:07:01,035 | INFO | 🌐 Session warmed
2026-09-29 02:07:01,732 | INFO |    ↳ Status 403
2026-09-29 02:07:01,732 | WARNING |    ⚠ Blocked (403) retry 3
2026-09-29 02:07:01,809 | INFO | 🌐 Session warmed
2026-09-29 02:07:02,369 | INFO |    ↳ Status 403
2026-09-29 02:07:02,369 | WARNING |    ⚠ Blocked (403) retry 3
2026-09-29 02:07:02,442 | INFO | 🌐 Session warmed
2026-09-29 02:07:03,004 | INFO |    ↳ Status 403
2026-09-29 02:07:03,004 | WARNING |    ⚠ Blocked (403) retry 3
2026-09-29 02:07:03,077 | INFO | 🌐 Session warmed
2026-09-29 02:07:03,718 | INFO |    ↳ Status 403
2026-09-29 02:07:03,718 | WARNING |    ⚠ Blocked (403) retry 3
2026-09-29 02:07:03,804 | INFO | 🌐 Session warmed
2026-09-29 02:07:05,810 | INFO | [45/1901] Fetching Almora (ALMO)
2026-09-29 02:07:06,442 | INFO | [46/1901] Fetching Alsisar (Rajasthan) (ALSR)
2026-09-29 02:07:07,077 | INFO | [47/1901] Fetching Alur (ALUR)
2026-09-29 02:07:07,212 | INFO |    ↳ Status 403
2026-09-29 02:07:07,212 | WARNING |    ⚠ Blocked (403) retry 1
2026-09-29 02:07:07,281 | INFO | 🌐 Session warmed
2026-09-29 02:07:07,532 | INFO |    ↳ Status 403
2026-09-29 02:07:07,532 | WARNING |    ⚠ Blocked (403) retry 1
2026-09-29 02:07:07,607 | INFO | 🌐 Session warmed
2026-09-29 02:07:07,804 | INFO | [48/1901] Fetching Alwar (ALWR)
2026-09-29 02:07:08,015 | INFO |    ↳ Status 403
2026-09-29 02:07:08,015 | WARNING |    ⚠ Blocked (403) retry 1
2026-09-29 02:07:08,086 | INFO | 🌐 Session warmed
2026-09-29 02:07:08,752 | INFO |    ↳ Status 403
2026-09-29 02:07:08,753 | WARNING |    ⚠ Blocked (403) retry 1
2026-09-29 02:07:08,831 | INFO | 🌐 Session warmed
2026-09-29 02:07:09,305 | INFO |    ↳ Status 403
2026-09-29 02:07:09,305 | WARNING |    ⚠ Blocked (403) retry 2
2026-09-29 02:07:09,379 | INFO | 🌐 Session warmed
2026-09-29 02:07:09,459 | INFO |    ↳ Status 403
2026-09-29 02:07:09,459 | WARNING |    ⚠ Blocked (403) retry 2
2026-09-29 02:07:09,530 | INFO | 🌐 Session warmed
2026-09-29 02:07:10,321 | INFO |    ↳ Status 403
2026-09-29 02:07:10,322 | WARNING |    ⚠ Blocked (403) retry 2
2026-09-29 02:07:10,397 | INFO | 🌐 Session warmed
2026-09-29 02:07:11,246 | INFO |    ↳ Status 403
2026-09-29 02:07:11,246 | WARNING |    ⚠ Blocked (403) retry 2
2026-09-29 02:07:11,314 | INFO | 🌐 Session warmed
2026-09-29 02:07:12,561 | INFO |    ↳ Status 403
2026-09-29 02:07:12,562 | WARNING |    ⚠ Blocked (403) retry 3
2026-09-29 02:07:12,638 | INFO | 🌐 Session warmed
2026-09-29 02:07:12,752 | INFO |    ↳ Status 403
2026-09-29 02:07:12,752 | WARNING |    ⚠ Blocked (403) retry 3
2026-09-29 02:07:12,823 | INFO | 🌐 Session warmed
2026-09-29 02:07:13,579 | INFO |    ↳ Status 403
2026-09-29 02:07:13,579 | WARNING |    ⚠ Blocked (403) retry 3
2026-09-29 02:07:13,644 | INFO | 🌐 Session warmed
2026-09-29 02:07:14,547 | INFO |    ↳ Status 403
2026-09-29 02:07:14,547 | WARNING |    ⚠ Blocked (403) retry 3
2026-09-29 02:07:14,615 | INFO | 🌐 Session warmed
2026-09-29 02:07:16,639 | INFO | [49/1901] Fetching Amadalavalasa (ADAM)
2026-09-29 02:07:16,823 | INFO | [50/1901] Fetching Amalapuram (AMAP)
2026-09-29 02:07:17,644 | INFO | [51/1901] Fetching Amalner (AMLN)
2026-09-29 02:07:17,835 | INFO |    ↳ Status 403
2026-09-29 02:07:17,835 | WARNING |    ⚠ Blocked (403) retry 1
2026-09-29 02:07:17,910 | INFO | 🌐 Session warmed
2026-09-29 02:07:18,201 | INFO |    ↳ Status 403
2026-09-29 02:07:18,201 | WARNING |    ⚠ Blocked (403) retry 1
2026-09-29 02:07:18,267 | INFO | 🌐 Session warmed
2026-09-29 02:07:18,615 | INFO | [52/1901] Fetching Amangal (AMAN)
2026-09-29 02:07:18,649 | INFO |    ↳ Status 403
2026-09-29 02:07:18,649 | WARNING |    ⚠ Blocked (403) retry 1
2026-09-29 02:07:18,723 | INFO | 🌐 Session warmed
2026-09-29 02:07:19,796 | INFO |    ↳ Status 403
2026-09-29 02:07:19,796 | WARNING |    ⚠ Blocked (403) retry 2
2026-09-29 02:07:19,808 | INFO |    ↳ Status 403
2026-09-29 02:07:19,808 | WARNING |    ⚠ Blocked (403) retry 1
2026-09-29 02:07:19,873 | INFO | 🌐 Session warmed
2026-09-29 02:07:19,889 | INFO | 🌐 Session warmed
2026-09-29 02:07:20,294 | INFO |    ↳ Status 403
2026-09-29 02:07:20,294 | WARNING |    ⚠ Blocked (403) retry 2
2026-09-29 02:07:20,360 | INFO | 🌐 Session warmed
2026-09-29 02:07:20,378 | INFO |    ↳ Status 403
2026-09-29 02:07:20,378 | WARNING |    ⚠ Blocked (403) retry 2
2026-09-29 02:07:20,445 | INFO | 🌐 Session warmed
2026-09-29 02:07:21,879 | INFO |    ↳ Status 403
2026-09-29 02:07:21,879 | WARNING |    ⚠ Blocked (403) retry 2
2026-09-29 02:07:21,953 | INFO | 🌐 Session warmed
2026-09-29 02:07:23,031 | INFO |    ↳ Status 403
2026-09-29 02:07:23,031 | WARNING |    ⚠ Blocked (403) retry 3
2026-09-29 02:07:23,103 | INFO | 🌐 Session warmed
2026-09-29 02:07:23,424 | INFO |    ↳ Status 403
2026-09-29 02:07:23,424 | WARNING |    ⚠ Blocked (403) retry 3
2026-09-29 02:07:23,499 | INFO | 🌐 Session warmed
2026-09-29 02:07:23,558 | INFO |    ↳ Status 403
2026-09-29 02:07:23,558 | WARNING |    ⚠ Blocked (403) retry 3
2026-09-29 02:07:23,625 | INFO | 🌐 Session warmed
2026-09-29 02:07:24,614 | INFO |    ↳ Status 403
2026-09-29 02:07:24,614 | WARNING |    ⚠ Blocked (403) retry 3
2026-09-29 02:07:24,690 | INFO | 🌐 Session warmed
2026-09-29 02:07:27,104 | INFO | [53/1901] Fetching Amanpur (ZAMA)
2026-09-29 02:07:27,500 | INFO | [54/1901] Fetching Amaravathi (AVTI)
2026-09-29 02:07:27,625 | INFO | [55/1901] Fetching Ambajogai (AMBG)
2026-09-29 02:07:28,145 | INFO |    ↳ Status 403
2026-09-29 02:07:28,146 | WARNING |    ⚠ Blocked (403) retry 1
2026-09-29 02:07:28,239 | INFO | 🌐 Session warmed
2026-09-29 02:07:28,412 | INFO |    ↳ Status 403
2026-09-29 02:07:28,412 | WARNING |    ⚠ Blocked (403) retry 1
2026-09-29 02:07:28,479 | INFO | 🌐 Session warmed
2026-09-29 02:07:28,493 | INFO |    ↳ Status 403
2026-09-29 02:07:28,493 | WARNING |    ⚠ Blocked (403) retry 1
2026-09-29 02:07:28,571 | INFO | 🌐 Session warmed
2026-09-29 02:07:28,691 | INFO | [56/1901] Fetching Ambala (AMB)
2026-09-29 02:07:29,317 | INFO |    ↳ Status 403
2026-09-29 02:07:29,317 | WARNING |    ⚠ Blocked (403) retry 1
2026-09-29 02:07:29,394 | INFO | 🌐 Session warmed
2026-09-29 02:07:30,135 | INFO |    ↳ Status 403
2026-09-29 02:07:30,135 | WARNING |    ⚠ Blocked (403) retry 2
2026-09-29 02:07:30,204 | INFO | 🌐 Session warmed
2026-09-29 02:07:30,439 | INFO |    ↳ Status 403
2026-09-29 02:07:30,439 | WARNING |    ⚠ Blocked (403) retry 2
2026-09-29 02:07:30,509 | INFO | 🌐 Session warmed
2026-09-29 02:07:30,620 | INFO |    ↳ Status 403
2026-09-29 02:07:30,620 | WARNING |    ⚠ Blocked (403) retry 2
2026-09-29 02:07:30,688 | INFO | 🌐 Session warmed
2026-09-29 02:07:31,090 | INFO |    ↳ Status 403
2026-09-29 02:07:31,090 | WARNING |    ⚠ Blocked (403) retry 2
2026-09-29 02:07:31,175 | INFO | 🌐 Session warmed
2026-09-29 02:07:33,477 | INFO |    ↳ Status 403
2026-09-29 02:07:33,477 | WARNING |    ⚠ Blocked (403) retry 3
2026-09-29 02:07:33,544 | INFO | 🌐 Session warmed
2026-09-29 02:07:33,743 | INFO |    ↳ Status 403
2026-09-29 02:07:33,743 | WARNING |    ⚠ Blocked (403) retry 3
2026-09-29 02:07:33,758 | INFO |    ↳ Status 403
2026-09-29 02:07:33,758 | WARNING |    ⚠ Blocked (403) retry 3
2026-09-29 02:07:33,820 | INFO | 🌐 Session warmed
2026-09-29 02:07:33,829 | INFO | 🌐 Session warmed
2026-09-29 02:07:34,468 | INFO |    ↳ Status 403
2026-09-29 02:07:34,468 | WARNING |    ⚠ Blocked (403) retry 3
2026-09-29 02:07:34,541 | INFO | 🌐 Session warmed
2026-09-29 02:07:37,545 | INFO | [57/1901] Fetching Ambikapur (AMBI)
2026-09-29 02:07:37,820 | INFO | [58/1901] Fetching Ambur (AMBR)
2026-09-29 02:07:37,829 | INFO | [59/1901] Fetching Amgaon (AMGN)
2026-09-29 02:07:38,541 | INFO | [60/1901] Fetching Amravati (AMRA)
2026-09-29 02:07:38,638 | INFO |    ↳ Status 403
2026-09-29 02:07:38,638 | WARNING |    ⚠ Blocked (403) retry 1
2026-09-29 02:07:38,675 | INFO |    ↳ Status 403
2026-09-29 02:07:38,675 | WARNING |    ⚠ Blocked (403) retry 1
2026-09-29 02:07:38,713 | INFO | 🌐 Session warmed
2026-09-29 02:07:38,744 | INFO | 🌐 Session warmed
2026-09-29 02:07:39,196 | INFO |    ↳ Status 403
2026-09-29 02:07:39,196 | WARNING |    ⚠ Blocked (403) retry 1
2026-09-29 02:07:39,279 | INFO | 🌐 Session warmed
2026-09-29 02:07:39,515 | INFO |    ↳ Status 403
2026-09-29 02:07:39,515 | WARNING |    ⚠ Blocked (403) retry 1
2026-09-29 02:07:39,600 | INFO | 🌐 Session warmed
2026-09-29 02:07:40,846 | INFO |    ↳ Status 403
2026-09-29 02:07:40,846 | WARNING |    ⚠ Blocked (403) retry 2
2026-09-29 02:07:40,913 | INFO | 🌐 Session warmed
2026-09-29 02:07:40,980 | INFO |    ↳ Status 403
2026-09-29 02:07:40,980 | WARNING |    ⚠ Blocked (403) retry 2
2026-09-29 02:07:41,049 | INFO | 🌐 Session warmed
2026-09-29 02:07:41,415 | INFO |    ↳ Status 403
2026-09-29 02:07:41,415 | WARNING |    ⚠ Blocked (403) retry 2
2026-09-29 02:07:41,471 | INFO |    ↳ Status 403
2026-09-29 02:07:41,471 | WARNING |    ⚠ Blocked (403) retry 2
2026-09-29 02:07:41,484 | INFO | 🌐 Session warmed
2026-09-29 02:07:41,545 | INFO | 🌐 Session warmed
2026-09-29 02:07:44,029 | INFO |    ↳ Status 403
2026-09-29 02:07:44,029 | WARNING |    ⚠ Blocked (403) retry 3
2026-09-29 02:07:44,070 | INFO |    ↳ Status 403
2026-09-29 02:07:44,070 | WARNING |    ⚠ Blocked (403) retry 3
2026-09-29 02:07:44,100 | INFO | 🌐 Session warmed
2026-09-29 02:07:44,137 | INFO | 🌐 Session warmed
2026-09-29 02:07:44,477 | INFO |    ↳ Status 403
2026-09-29 02:07:44,477 | WARNING |    ⚠ Blocked (403) retry 3
2026-09-29 02:07:44,551 | INFO | 🌐 Session warmed
2026-09-29 02:07:44,908 | INFO |    ↳ Status 403
2026-09-29 02:07:44,908 | WARNING |    ⚠ Blocked (403) retry 3
2026-09-29 02:07:44,990 | INFO | 🌐 Session warmed
2026-09-29 02:07:48,100 | INFO | [61/1901] Fetching Amreli (AMRE)
2026-09-29 02:07:48,138 | INFO | [62/1901] Fetching Amritsar (AMRI)
2026-09-29 02:07:48,552 | INFO | [63/1901] Fetching Amroha (AMRO)
2026-09-29 02:07:48,923 | INFO |    ↳ Status 403
2026-09-29 02:07:48,923 | WARNING |    ⚠ Blocked (403) retry 1
2026-09-29 02:07:48,990 | INFO | [64/1901] Fetching Anaikatti (ANAI)
2026-09-29 02:07:49,007 | INFO | 🌐 Session warmed
2026-09-29 02:07:49,315 | INFO |    ↳ Status 403
2026-09-29 02:07:49,315 | WARNING |    ⚠ Blocked (403) retry 1
2026-09-29 02:07:49,393 | INFO | 🌐 Session warmed
2026-09-29 02:07:49,786 | INFO |    ↳ Status 403
2026-09-29 02:07:49,786 | WARNING |    ⚠ Blocked (403) retry 1
2026-09-29 02:07:49,853 | INFO | 🌐 Session warmed
2026-09-29 02:07:50,000 | INFO |    ↳ Status 403
2026-09-29 02:07:50,000 | WARNING |    ⚠ Blocked (403) retry 1
2026-09-29 02:07:50,072 | INFO | 🌐 Session warmed
2026-09-29 02:07:51,004 | INFO |    ↳ Status 403
2026-09-29 02:07:51,004 | WARNING |    ⚠ Blocked (403) retry 2
2026-09-29 02:07:51,076 | INFO | 🌐 Session warmed
2026-09-29 02:07:51,514 | INFO |    ↳ Status 403
2026-09-29 02:07:51,514 | WARNING |    ⚠ Blocked (403) retry 2
2026-09-29 02:07:51,600 | INFO | 🌐 Session warmed
2026-09-29 02:07:52,116 | INFO |    ↳ Status 403
2026-09-29 02:07:52,116 | WARNING |    ⚠ Blocked (403) retry 2
2026-09-29 02:07:52,185 | INFO | 🌐 Session warmed
2026-09-29 02:07:52,404 | INFO |    ↳ Status 403
2026-09-29 02:07:52,404 | WARNING |    ⚠ Blocked (403) retry 2
2026-09-29 02:07:52,485 | INFO | 🌐 Session warmed
2026-09-29 02:07:53,763 | INFO |    ↳ Status 403
2026-09-29 02:07:53,763 | WARNING |    ⚠ Blocked (403) retry 3
2026-09-29 02:07:53,836 | INFO | 🌐 Session warmed
2026-09-29 02:07:54,773 | INFO |    ↳ Status 403
2026-09-29 02:07:54,774 | WARNING |    ⚠ Blocked (403) retry 3
2026-09-29 02:07:54,848 | INFO | 🌐 Session warmed
2026-09-29 02:07:55,393 | INFO |    ↳ Status 403
2026-09-29 02:07:55,393 | WARNING |    ⚠ Blocked (403) retry 3
2026-09-29 02:07:55,571 | INFO | 🌐 Session warmed
2026-09-29 02:07:55,848 | INFO |    ↳ Status 403
2026-09-29 02:07:55,848 | WARNING |    ⚠ Blocked (403) retry 3
2026-09-29 02:07:55,919 | INFO | 🌐 Session warmed
2026-09-29 02:07:57,836 | INFO | [65/1901] Fetching Anakapalle (ANKP)
2026-09-29 02:07:58,848 | INFO | [66/1901] Fetching Anand (AND)
2026-09-29 02:07:58,913 | INFO |    ↳ Status 403
2026-09-29 02:07:58,913 | WARNING |    ⚠ Blocked (403) retry 1
2026-09-29 02:07:58,981 | INFO | 🌐 Session warmed
2026-09-29 02:07:59,571 | INFO | [67/1901] Fetching Anandapur (ANPR)
2026-09-29 02:07:59,780 | INFO |    ↳ Status 403
2026-09-29 02:07:59,780 | WARNING |    ⚠ Blocked (403) retry 1
2026-09-29 02:07:59,853 | INFO | 🌐 Session warmed
2026-09-29 02:07:59,919 | INFO | [68/1901] Fetching Anantapalli (ANTT)
2026-09-29 02:08:00,733 | INFO |    ↳ Status 403
2026-09-29 02:08:00,733 | WARNING |    ⚠ Blocked (403) retry 2
2026-09-29 02:08:00,777 | INFO |    ↳ Status 403
2026-09-29 02:08:00,777 | WARNING |    ⚠ Blocked (403) retry 1
2026-09-29 02:08:00,805 | INFO | 🌐 Session warmed
2026-09-29 02:08:00,843 | INFO | 🌐 Session warmed
2026-09-29 02:08:00,992 | INFO |    ↳ Status 403
2026-09-29 02:08:00,992 | WARNING |    ⚠ Blocked (403) retry 1
2026-09-29 02:08:01,077 | INFO | 🌐 Session warmed
2026-09-29 02:08:01,752 | INFO |    ↳ Status 403
2026-09-29 02:08:01,753 | WARNING |    ⚠ Blocked (403) retry 2
2026-09-29 02:08:01,821 | INFO | 🌐 Session warmed
2026-09-29 02:08:02,616 | INFO |    ↳ Status 403
2026-09-29 02:08:02,616 | WARNING |    ⚠ Blocked (403) retry 2
2026-09-29 02:08:02,681 | INFO | 🌐 Session warmed
2026-09-29 02:08:03,372 | INFO |    ↳ Status 403
2026-09-29 02:08:03,372 | WARNING |    ⚠ Blocked (403) retry 2
2026-09-29 02:08:03,459 | INFO | 🌐 Session warmed
2026-09-29 02:08:03,773 | INFO |    ↳ Status 403
2026-09-29 02:08:03,773 | WARNING |    ⚠ Blocked (403) retry 3
2026-09-29 02:08:03,841 | INFO | 🌐 Session warmed
2026-09-29 02:08:04,802 | INFO |    ↳ Status 403
2026-09-29 02:08:04,802 | WARNING |    ⚠ Blocked (403) retry 3
2026-09-29 02:08:04,877 | INFO | 🌐 Session warmed
2026-09-29 02:08:05,526 | INFO |    ↳ Status 403
2026-09-29 02:08:05,526 | WARNING |    ⚠ Blocked (403) retry 3
2026-09-29 02:08:05,614 | INFO | 🌐 Session warmed
2026-09-29 02:08:06,124 | INFO |    ↳ Status 403
2026-09-29 02:08:06,124 | WARNING |    ⚠ Blocked (403) retry 3
2026-09-29 02:08:06,194 | INFO | 🌐 Session warmed
2026-09-29 02:08:07,841 | INFO | [69/1901] Fetching Anantapur (ANAN)
2026-09-29 02:08:08,878 | INFO | [70/1901] Fetching Anaparthi (ANPT)
2026-09-29 02:08:09,239 | INFO |    ↳ Status 403
2026-09-29 02:08:09,240 | WARNING |    ⚠ Blocked (403) retry 1
2026-09-29 02:08:09,324 | INFO | 🌐 Session warmed
2026-09-29 02:08:09,614 | INFO | [71/1901] Fetching Anchal (ANHL)
2026-09-29 02:08:09,949 | INFO |    ↳ Status 403
2026-09-29 02:08:09,949 | WARNING |    ⚠ Blocked (403) retry 1
2026-09-29 02:08:10,025 | INFO | 🌐 Session warmed
2026-09-29 02:08:10,194 | INFO | [72/1901] Fetching Andaman And Nicobar (AANI)
2026-09-29 02:08:10,326 | INFO |    ↳ Status 403
2026-09-29 02:08:10,326 | WARNING |    ⚠ Blocked (403) retry 1
2026-09-29 02:08:10,406 | INFO | 🌐 Session warmed
2026-09-29 02:08:11,276 | INFO |    ↳ Status 403
2026-09-29 02:08:11,276 | WARNING |    ⚠ Blocked (403) retry 2
2026-09-29 02:08:11,286 | INFO |    ↳ Status 403
2026-09-29 02:08:11,286 | WARNING |    ⚠ Blocked (403) retry 1
2026-09-29 02:08:11,355 | INFO | 🌐 Session warmed
2026-09-29 02:08:11,361 | INFO | 🌐 Session warmed
2026-09-29 02:08:12,207 | INFO |    ↳ Status 403
2026-09-29 02:08:12,207 | WARNING |    ⚠ Blocked (403) retry 2
2026-09-29 02:08:12,278 | INFO | 🌐 Session warmed
2026-09-29 02:08:12,600 | INFO |    ↳ Status 403
2026-09-29 02:08:12,600 | WARNING |    ⚠ Blocked (403) retry 2
2026-09-29 02:08:12,665 | INFO | 🌐 Session warmed
2026-09-29 02:08:13,362 | INFO |    ↳ Status 403
2026-09-29 02:08:13,362 | WARNING |    ⚠ Blocked (403) retry 2
2026-09-29 02:08:13,432 | INFO | 🌐 Session warmed
2026-09-29 02:08:14,687 | INFO |    ↳ Status 403
2026-09-29 02:08:14,687 | WARNING |    ⚠ Blocked (403) retry 3
2026-09-29 02:08:14,763 | INFO | 🌐 Session warmed
2026-09-29 02:08:15,050 | INFO |    ↳ Status 403
2026-09-29 02:08:15,051 | WARNING |    ⚠ Blocked (403) retry 3
2026-09-29 02:08:15,123 | INFO | 🌐 Session warmed
2026-09-29 02:08:15,307 | INFO |    ↳ Status 403
2026-09-29 02:08:15,307 | WARNING |    ⚠ Blocked (403) retry 3
2026-09-29 02:08:15,389 | INFO | 🌐 Session warmed
2026-09-29 02:08:16,281 | INFO |    ↳ Status 403
2026-09-29 02:08:16,281 | WARNING |    ⚠ Blocked (403) retry 3
2026-09-29 02:08:16,352 | INFO | 🌐 Session warmed
2026-09-29 02:08:18,763 | INFO | [73/1901] Fetching Anekal (ANEK)
2026-09-29 02:08:19,124 | INFO | [74/1901] Fetching Angadipuram (ANDM)
2026-09-29 02:08:19,389 | INFO | [75/1901] Fetching Angamaly (ANGA)
2026-09-29 02:08:19,915 | INFO |    ↳ Status 403
2026-09-29 02:08:19,915 | WARNING |    ⚠ Blocked (403) retry 1
2026-09-29 02:08:19,983 | INFO | 🌐 Session warmed
2026-09-29 02:08:20,324 | INFO |    ↳ Status 403
2026-09-29 02:08:20,324 | WARNING |    ⚠ Blocked (403) retry 1
2026-09-29 02:08:20,352 | INFO | [76/1901] Fetching Angara (ANGR)
2026-09-29 02:08:20,389 | INFO | 🌐 Session warmed
2026-09-29 02:08:20,496 | INFO |    ↳ Status 403
2026-09-29 02:08:20,496 | WARNING |    ⚠ Blocked (403) retry 1
2026-09-29 02:08:20,568 | INFO | 🌐 Session warmed
2026-09-29 02:08:21,027 | INFO |    ↳ Status 403
2026-09-29 02:08:21,027 | WARNING |    ⚠ Blocked (403) retry 1
2026-09-29 02:08:21,097 | INFO | 🌐 Session warmed
2026-09-29 02:08:21,614 | INFO |    ↳ Status 403
2026-09-29 02:08:21,614 | WARNING |    ⚠ Blocked (403) retry 2
2026-09-29 02:08:21,685 | INFO | 🌐 Session warmed
2026-09-29 02:08:22,336 | INFO |    ↳ Status 403
2026-09-29 02:08:22,336 | WARNING |    ⚠ Blocked (403) retry 2
2026-09-29 02:08:22,410 | INFO | 🌐 Session warmed
2026-09-29 02:08:22,958 | INFO |    ↳ Status 403
2026-09-29 02:08:22,958 | WARNING |    ⚠ Blocked (403) retry 2
2026-09-29 02:08:23,034 | INFO | 🌐 Session warmed
2026-09-29 02:08:23,330 | INFO |    ↳ Status 403
2026-09-29 02:08:23,331 | WARNING |    ⚠ Blocked (403) retry 2
2026-09-29 02:08:23,401 | INFO | 🌐 Session warmed
2026-09-29 02:08:25,048 | INFO |    ↳ Status 403
2026-09-29 02:08:25,048 | WARNING |    ⚠ Blocked (403) retry 3
2026-09-29 02:08:25,112 | INFO | 🌐 Session warmed
2026-09-29 02:08:25,312 | INFO |    ↳ Status 403
2026-09-29 02:08:25,312 | WARNING |    ⚠ Blocked (403) retry 3
2026-09-29 02:08:25,386 | INFO | 🌐 Session warmed
2026-09-29 02:08:26,075 | INFO |    ↳ Status 403
2026-09-29 02:08:26,076 | WARNING |    ⚠ Blocked (403) retry 3
2026-09-29 02:08:26,150 | INFO | 🌐 Session warmed
2026-09-29 02:08:26,690 | INFO |    ↳ Status 403
2026-09-29 02:08:26,690 | WARNING |    ⚠ Blocked (403) retry 3
2026-09-29 02:08:26,767 | INFO | 🌐 Session warmed
2026-09-29 02:08:29,112 | INFO | [77/1901] Fetching Angul (ANGL)
2026-09-29 02:08:29,386 | INFO | [78/1901] Fetching Anjad (ANJA)
2026-09-29 02:08:30,009 | INFO |    ↳ Status 403
2026-09-29 02:08:30,009 | WARNING |    ⚠ Blocked (403) retry 1
2026-09-29 02:08:30,084 | INFO | 🌐 Session warmed
2026-09-29 02:08:30,150 | INFO | [79/1901] Fetching Anjar (ANJR)
2026-09-29 02:08:30,303 | INFO |    ↳ Status 403
2026-09-29 02:08:30,303 | WARNING |    ⚠ Blocked (403) retry 1
2026-09-29 02:08:30,370 | INFO | 🌐 Session warmed
2026-09-29 02:08:30,767 | INFO | [80/1901] Fetching Anklav (ANKV)
2026-09-29 02:08:31,404 | INFO |    ↳ Status 403
2026-09-29 02:08:31,404 | WARNING |    ⚠ Blocked (403) retry 1
2026-09-29 02:08:31,477 | INFO | 🌐 Session warmed
2026-09-29 02:08:31,588 | INFO |    ↳ Status 403
2026-09-29 02:08:31,588 | WARNING |    ⚠ Blocked (403) retry 1
2026-09-29 02:08:31,669 | INFO | 🌐 Session warmed
2026-09-29 02:08:32,383 | INFO |    ↳ Status 403
2026-09-29 02:08:32,383 | WARNING |    ⚠ Blocked (403) retry 2
2026-09-29 02:08:32,463 | INFO | 🌐 Session warmed
2026-09-29 02:08:32,695 | INFO |    ↳ Status 403
2026-09-29 02:08:32,695 | WARNING |    ⚠ Blocked (403) retry 2
2026-09-29 02:08:32,764 | INFO | 🌐 Session warmed
2026-09-29 02:08:33,142 | INFO |    ↳ Status 403
2026-09-29 02:08:33,142 | WARNING |    ⚠ Blocked (403) retry 2
2026-09-29 02:08:33,218 | INFO | 🌐 Session warmed
2026-09-29 02:08:33,524 | INFO |    ↳ Status 403
2026-09-29 02:08:33,524 | WARNING |    ⚠ Blocked (403) retry 2
2026-09-29 02:08:33,609 | INFO | 🌐 Session warmed
2026-09-29 02:08:35,346 | INFO |    ↳ Status 403
2026-09-29 02:08:35,346 | WARNING |    ⚠ Blocked (403) retry 3
2026-09-29 02:08:35,401 | INFO |    ↳ Status 403
2026-09-29 02:08:35,401 | WARNING |    ⚠ Blocked (403) retry 3
2026-09-29 02:08:35,418 | INFO | 🌐 Session warmed
2026-09-29 02:08:35,468 | INFO | 🌐 Session warmed
2026-09-29 02:08:36,465 | INFO |    ↳ Status 403
2026-09-29 02:08:36,466 | WARNING |    ⚠ Blocked (403) retry 3
2026-09-29 02:08:36,536 | INFO | 🌐 Session warmed
2026-09-29 02:08:36,878 | INFO |    ↳ Status 403
2026-09-29 02:08:36,879 | WARNING |    ⚠ Blocked (403) retry 3
2026-09-29 02:08:36,948 | INFO | 🌐 Session warmed
2026-09-29 02:08:39,418 | INFO | [81/1901] Fetching Ankleshwar (ANKL)
2026-09-29 02:08:39,468 | INFO | [82/1901] Fetching Ankola (ANKO)
2026-09-29 02:08:40,101 | INFO |    ↳ Status 403
2026-09-29 02:08:40,101 | WARNING |    ⚠ Blocked (403) retry 1
2026-09-29 02:08:40,171 | INFO | 🌐 Session warmed
2026-09-29 02:08:40,536 | INFO | [83/1901] Fetching Annavaram (ANVR)
2026-09-29 02:08:40,750 | INFO |    ↳ Status 403
2026-09-29 02:08:40,750 | WARNING |    ⚠ Blocked (403) retry 1
2026-09-29 02:08:40,819 | INFO | 🌐 Session warmed
2026-09-29 02:08:40,949 | INFO | [84/1901] Fetching Annigeri (ANGI)
2026-09-29 02:08:41,619 | INFO |    ↳ Status 403
2026-09-29 02:08:41,619 | WARNING |    ⚠ Blocked (403) retry 1
2026-09-29 02:08:41,692 | INFO | 🌐 Session warmed
2026-09-29 02:08:41,771 | INFO |    ↳ Status 403
2026-09-29 02:08:41,772 | WARNING |    ⚠ Blocked (403) retry 1
2026-09-29 02:08:41,845 | INFO | 🌐 Session warmed
2026-09-29 02:08:42,110 | INFO |    ↳ Status 403
2026-09-29 02:08:42,110 | WARNING |    ⚠ Blocked (403) retry 2
2026-09-29 02:08:42,197 | INFO | 🌐 Session warmed
2026-09-29 02:08:43,157 | INFO |    ↳ Status 403
2026-09-29 02:08:43,157 | WARNING |    ⚠ Blocked (403) retry 2
2026-09-29 02:08:43,241 | INFO | 🌐 Session warmed
2026-09-29 02:08:43,781 | INFO |    ↳ Status 403
2026-09-29 02:08:43,781 | WARNING |    ⚠ Blocked (403) retry 2
2026-09-29 02:08:43,853 | INFO | 🌐 Session warmed
2026-09-29 02:08:44,068 | INFO |    ↳ Status 403
2026-09-29 02:08:44,068 | WARNING |    ⚠ Blocked (403) retry 2
2026-09-29 02:08:44,134 | INFO | 🌐 Session warmed
2026-09-29 02:08:45,004 | INFO |    ↳ Status 403
2026-09-29 02:08:45,004 | WARNING |    ⚠ Blocked (403) retry 3
2026-09-29 02:08:45,077 | INFO | 🌐 Session warmed
2026-09-29 02:08:46,035 | INFO |    ↳ Status 403
2026-09-29 02:08:46,035 | WARNING |    ⚠ Blocked (403) retry 3
2026-09-29 02:08:46,108 | INFO | 🌐 Session warmed
2026-09-29 02:08:46,612 | INFO |    ↳ Status 403
2026-09-29 02:08:46,612 | WARNING |    ⚠ Blocked (403) retry 3
2026-09-29 02:08:46,684 | INFO | 🌐 Session warmed
2026-09-29 02:08:47,071 | INFO |    ↳ Status 403
2026-09-29 02:08:47,071 | WARNING |    ⚠ Blocked (403) retry 3
2026-09-29 02:08:47,155 | INFO | 🌐 Session warmed
2026-09-29 02:08:49,077 | INFO | [85/1901] Fetching Anthiyur (ATYR)
2026-09-29 02:08:50,108 | INFO | [86/1901] Fetching Apra (APRA)
2026-09-29 02:08:50,263 | INFO |    ↳ Status 403
2026-09-29 02:08:50,263 | WARNING |    ⚠ Blocked (403) retry 1
2026-09-29 02:08:50,330 | INFO | 🌐 Session warmed
2026-09-29 02:08:50,685 | INFO | [87/1901] Fetching Arakkonam (ARAK)
2026-09-29 02:08:50,928 | INFO |    ↳ Status 403
2026-09-29 02:08:50,928 | WARNING |    ⚠ Blocked (403) retry 1
2026-09-29 02:08:50,997 | INFO | 🌐 Session warmed
2026-09-29 02:08:51,156 | INFO | [88/1901] Fetching Arambagh (AMBH)
2026-09-29 02:08:51,950 | INFO |    ↳ Status 403
2026-09-29 02:08:51,950 | WARNING |    ⚠ Blocked (403) retry 1
2026-09-29 02:08:52,064 | INFO | 🌐 Session warmed
2026-09-29 02:08:52,249 | INFO |    ↳ Status 403
2026-09-29 02:08:52,249 | WARNING |    ⚠ Blocked (403) retry 1
2026-09-29 02:08:52,319 | INFO | 🌐 Session warmed
2026-09-29 02:08:52,367 | INFO |    ↳ Status 403
2026-09-29 02:08:52,367 | WARNING |    ⚠ Blocked (403) retry 2
2026-09-29 02:08:52,441 | INFO | 🌐 Session warmed
2026-09-29 02:08:52,645 | INFO |    ↳ Status 403
2026-09-29 02:08:52,645 | WARNING |    ⚠ Blocked (403) retry 2
2026-09-29 02:08:53,928 | INFO |    ↳ Status 403
2026-09-29 02:08:53,928 | WARNING |    ⚠ Blocked (403) retry 2
2026-09-29 02:08:54,005 | INFO | 🌐 Session warmed
2026-09-29 02:08:54,353 | INFO |    ↳ Status 403
2026-09-29 02:08:54,353 | WARNING |    ⚠ Blocked (403) retry 2
2026-09-29 02:08:54,423 | INFO | 🌐 Session warmed
2026-09-29 02:08:54,658 | INFO | 🌐 Session warmed
2026-09-29 02:08:55,257 | INFO |    ↳ Status 403
2026-09-29 02:08:55,257 | WARNING |    ⚠ Blocked (403) retry 3
2026-09-29 02:08:55,326 | INFO | 🌐 Session warmed
2026-09-29 02:08:56,842 | INFO |    ↳ Status 403
2026-09-29 02:08:56,842 | WARNING |    ⚠ Blocked (403) retry 3
2026-09-29 02:08:56,916 | INFO | 🌐 Session warmed
2026-09-29 02:08:57,043 | INFO |    ↳ Status 403
2026-09-29 02:08:57,043 | WARNING |    ⚠ Blocked (403) retry 3
2026-09-29 02:08:57,112 | INFO | 🌐 Session warmed
2026-09-29 02:08:57,698 | INFO |    ↳ Status 403
2026-09-29 02:08:57,698 | WARNING |    ⚠ Blocked (403) retry 3
2026-09-29 02:08:57,771 | INFO | 🌐 Session warmed
2026-09-29 02:08:59,326 | INFO | [89/1901] Fetching Arambol (ARMB)
2026-09-29 02:09:00,288 | INFO |    ↳ Status 403
2026-09-29 02:09:00,288 | WARNING |    ⚠ Blocked (403) retry 1
2026-09-29 02:09:00,356 | INFO | 🌐 Session warmed
2026-09-29 02:09:00,917 | INFO | [90/1901] Fetching Aranthangi (ARNT)
2026-09-29 02:09:01,112 | INFO | [91/1901] Fetching Aravakurichi (ARAV)
2026-09-29 02:09:01,771 | INFO | [92/1901] Fetching Ariyalur (ARIY)
2026-09-29 02:09:01,822 | INFO |    ↳ Status 403
2026-09-29 02:09:01,822 | WARNING |    ⚠ Blocked (403) retry 1
2026-09-29 02:09:01,890 | INFO | 🌐 Session warmed
2026-09-29 02:09:02,291 | INFO |    ↳ Status 403
2026-09-29 02:09:02,291 | WARNING |    ⚠ Blocked (403) retry 1
2026-09-29 02:09:02,360 | INFO | 🌐 Session warmed
2026-09-29 02:09:02,509 | INFO |    ↳ Status 403
2026-09-29 02:09:02,509 | WARNING |    ⚠ Blocked (403) retry 2
2026-09-29 02:09:02,580 | INFO | 🌐 Session warmed
2026-09-29 02:09:02,837 | INFO |    ↳ Status 403
2026-09-29 02:09:02,837 | WARNING |    ⚠ Blocked (403) retry 1
2026-09-29 02:09:02,904 | INFO | 🌐 Session warmed
2026-09-29 02:09:03,721 | INFO |    ↳ Status 403
2026-09-29 02:09:03,721 | WARNING |    ⚠ Blocked (403) retry 2
2026-09-29 02:09:03,794 | INFO | 🌐 Session warmed
2026-09-29 02:09:04,746 | INFO |    ↳ Status 403
2026-09-29 02:09:04,746 | WARNING |    ⚠ Blocked (403) retry 2
2026-09-29 02:09:04,819 | INFO | 🌐 Session warmed
2026-09-29 02:09:05,292 | INFO |    ↳ Status 403
2026-09-29 02:09:05,292 | WARNING |    ⚠ Blocked (403) retry 2
2026-09-29 02:09:05,322 | INFO |    ↳ Status 403
2026-09-29 02:09:05,322 | WARNING |    ⚠ Blocked (403) retry 3
2026-09-29 02:09:05,364 | INFO | 🌐 Session warmed
2026-09-29 02:09:05,397 | INFO | 🌐 Session warmed
2026-09-29 02:09:06,674 | INFO |    ↳ Status 403
2026-09-29 02:09:06,674 | WARNING |    ⚠ Blocked (403) retry 3
2026-09-29 02:09:06,747 | INFO | 🌐 Session warmed
2026-09-29 02:09:07,822 | INFO |    ↳ Status 403
2026-09-29 02:09:07,822 | WARNING |    ⚠ Blocked (403) retry 3
2026-09-29 02:09:07,887 | INFO | 🌐 Session warmed
2026-09-29 02:09:08,529 | INFO |    ↳ Status 403
2026-09-29 02:09:08,529 | WARNING |    ⚠ Blocked (403) retry 3
2026-09-29 02:09:08,602 | INFO | 🌐 Session warmed
2026-09-29 02:09:09,397 | INFO | [93/1901] Fetching Arkalgud (ARGU)
2026-09-29 02:09:10,143 | INFO |    ↳ Status 403
2026-09-29 02:09:10,143 | WARNING |    ⚠ Blocked (403) retry 1
2026-09-29 02:09:10,214 | INFO | 🌐 Session warmed
2026-09-29 02:09:10,747 | INFO | [94/1901] Fetching Armoor (ARMO)
2026-09-29 02:09:11,576 | INFO |    ↳ Status 403
2026-09-29 02:09:11,577 | WARNING |    ⚠ Blocked (403) retry 1
2026-09-29 02:09:11,653 | INFO | 🌐 Session warmed
2026-09-29 02:09:11,888 | INFO | [95/1901] Fetching Arni (ARNI)
2026-09-29 02:09:11,954 | INFO |    ↳ Status 403
2026-09-29 02:09:11,954 | WARNING |    ⚠ Blocked (403) retry 2
2026-09-29 02:09:12,021 | INFO | 🌐 Session warmed
2026-09-29 02:09:12,603 | INFO | [96/1901] Fetching Arsikere (ARSI)
2026-09-29 02:09:13,073 | INFO |    ↳ Status 403
2026-09-29 02:09:13,074 | WARNING |    ⚠ Blocked (403) retry 1
2026-09-29 02:09:13,142 | INFO | 🌐 Session warmed
2026-09-29 02:09:13,455 | INFO |    ↳ Status 403
2026-09-29 02:09:13,455 | WARNING |    ⚠ Blocked (403) retry 1
2026-09-29 02:09:13,529 | INFO | 🌐 Session warmed
2026-09-29 02:09:14,034 | INFO |    ↳ Status 403
2026-09-29 02:09:14,034 | WARNING |    ⚠ Blocked (403) retry 2
2026-09-29 02:09:14,104 | INFO | 🌐 Session warmed
2026-09-29 02:09:15,171 | INFO |    ↳ Status 403
2026-09-29 02:09:15,171 | WARNING |    ⚠ Blocked (403) retry 3
2026-09-29 02:09:15,256 | INFO | 🌐 Session warmed
2026-09-29 02:09:15,267 | INFO |    ↳ Status 403
2026-09-29 02:09:15,267 | WARNING |    ⚠ Blocked (403) retry 2
2026-09-29 02:09:15,348 | INFO | 🌐 Session warmed
2026-09-29 02:09:15,653 | INFO |    ↳ Status 403
2026-09-29 02:09:15,653 | WARNING |    ⚠ Blocked (403) retry 2
2026-09-29 02:09:15,724 | INFO | 🌐 Session warmed
2026-09-29 02:09:16,897 | INFO |    ↳ Status 403
2026-09-29 02:09:16,897 | WARNING |    ⚠ Blocked (403) retry 3
2026-09-29 02:09:16,983 | INFO | 🌐 Session warmed
2026-09-29 02:09:18,442 | INFO |    ↳ Status 403
2026-09-29 02:09:18,442 | WARNING |    ⚠ Blocked (403) retry 3
2026-09-29 02:09:18,537 | INFO | 🌐 Session warmed
2026-09-29 02:09:18,886 | INFO |    ↳ Status 403
2026-09-29 02:09:18,887 | WARNING |    ⚠ Blocked (403) retry 3
2026-09-29 02:09:18,949 | INFO | 🌐 Session warmed
2026-09-29 02:09:19,257 | INFO | [97/1901] Fetching Aruppukottai (ARUP)
2026-09-29 02:09:20,652 | INFO |    ↳ Status 403
2026-09-29 02:09:20,652 | WARNING |    ⚠ Blocked (403) retry 1
2026-09-29 02:09:20,721 | INFO | 🌐 Session warmed
2026-09-29 02:09:20,983 | INFO | [98/1901] Fetching Asansol (ASANSOL)
2026-09-29 02:09:22,215 | INFO |    ↳ Status 403
2026-09-29 02:09:22,215 | WARNING |    ⚠ Blocked (403) retry 1
2026-09-29 02:09:22,285 | INFO | 🌐 Session warmed
2026-09-29 02:09:22,537 | INFO | [99/1901] Fetching Ashoknagar (AKMP)
2026-09-29 02:09:22,950 | INFO | [100/1901] Fetching Ashoknagar (West Bengal) (ASNA)
2026-09-29 02:09:23,041 | INFO |    ↳ Status 403
2026-09-29 02:09:23,042 | WARNING |    ⚠ Blocked (403) retry 2
2026-09-29 02:09:23,114 | INFO | 🌐 Session warmed
2026-09-29 02:09:23,296 | INFO |    ↳ Status 403
2026-09-29 02:09:23,296 | WARNING |    ⚠ Blocked (403) retry 1
2026-09-29 02:09:23,389 | INFO | 🌐 Session warmed
2026-09-29 02:09:23,646 | INFO |    ↳ Status 403
2026-09-29 02:09:23,646 | WARNING |    ⚠ Blocked (403) retry 1
2026-09-29 02:09:23,727 | INFO | 🌐 Session warmed
2026-09-29 02:09:24,473 | INFO |    ↳ Status 403
2026-09-29 02:09:24,474 | WARNING |    ⚠ Blocked (403) retry 2
2026-09-29 02:09:24,551 | INFO | 🌐 Session warmed
2026-09-29 02:09:25,281 | INFO |    ↳ Status 403
2026-09-29 02:09:25,281 | WARNING |    ⚠ Blocked (403) retry 2
2026-09-29 02:09:25,350 | INFO | 🌐 Session warmed
2026-09-29 02:09:25,388 | INFO |    ↳ Status 403
2026-09-29 02:09:25,388 | WARNING |    ⚠ Blocked (403) retry 2
2026-09-29 02:09:25,458 | INFO | 🌐 Session warmed
2026-09-29 02:09:26,501 | INFO |    ↳ Status 403
2026-09-29 02:09:26,501 | WARNING |    ⚠ Blocked (403) retry 3
2026-09-29 02:09:26,570 | INFO | 🌐 Session warmed
2026-09-29 02:09:27,769 | INFO |    ↳ Status 403
2026-09-29 02:09:27,769 | WARNING |    ⚠ Blocked (403) retry 3
2026-09-29 02:09:27,870 | INFO | 🌐 Session warmed
2026-09-29 02:09:28,088 | INFO |    ↳ Status 403
2026-09-29 02:09:28,088 | WARNING |    ⚠ Blocked (403) retry 3
2026-09-29 02:09:28,156 | INFO | 🌐 Session warmed
2026-09-29 02:09:28,604 | INFO |    ↳ Status 403
2026-09-29 02:09:28,604 | WARNING |    ⚠ Blocked (403) retry 3
2026-09-29 02:09:28,671 | INFO | 🌐 Session warmed
2026-09-29 02:09:30,571 | INFO | [101/1901] Fetching Ashta (ASTA)
2026-09-29 02:09:31,747 | INFO |    ↳ Status 403
2026-09-29 02:09:31,747 | WARNING |    ⚠ Blocked (403) retry 1
2026-09-29 02:09:31,814 | INFO | 🌐 Session warmed
2026-09-29 02:09:31,870 | INFO | [102/1901] Fetching Ashta (Maharashtra) (ASMA)
2026-09-29 02:09:32,156 | INFO | [103/1901] Fetching Asika (ASIK)
2026-09-29 02:09:32,671 | INFO | [104/1901] Fetching Aswaraopeta (ASWA)
2026-09-29 02:09:32,851 | INFO |    ↳ Status 403
2026-09-29 02:09:32,851 | INFO |    ↳ Status 403
2026-09-29 02:09:32,852 | WARNING |    ⚠ Blocked (403) retry 1
2026-09-29 02:09:32,852 | WARNING |    ⚠ Blocked (403) retry 1
2026-09-29 02:09:32,930 | INFO | 🌐 Session warmed
2026-09-29 02:09:32,950 | INFO | 🌐 Session warmed
2026-09-29 02:09:33,965 | INFO |    ↳ Status 403
2026-09-29 02:09:33,965 | WARNING |    ⚠ Blocked (403) retry 1
2026-09-29 02:09:34,042 | INFO | 🌐 Session warmed
2026-09-29 02:09:34,195 | INFO |    ↳ Status 403
2026-09-29 02:09:34,195 | WARNING |    ⚠ Blocked (403) retry 2
2026-09-29 02:09:34,265 | INFO | 🌐 Session warmed
2026-09-29 02:09:34,699 | INFO |    ↳ Status 403
2026-09-29 02:09:34,699 | WARNING |    ⚠ Blocked (403) retry 2
2026-09-29 02:09:34,767 | INFO | 🌐 Session warmed
2026-09-29 02:09:35,023 | INFO |    ↳ Status 403
2026-09-29 02:09:35,024 | WARNING |    ⚠ Blocked (403) retry 2
2026-09-29 02:09:35,091 | INFO | 🌐 Session warmed
2026-09-29 02:09:35,752 | INFO |    ↳ Status 403
2026-09-29 02:09:35,752 | WARNING |    ⚠ Blocked (403) retry 2
2026-09-29 02:09:35,824 | INFO | 🌐 Session warmed
2026-09-29 02:09:37,420 | INFO |    ↳ Status 403
2026-09-29 02:09:37,420 | WARNING |    ⚠ Blocked (403) retry 3
2026-09-29 02:09:37,483 | INFO |    ↳ Status 403
2026-09-29 02:09:37,483 | WARNING |    ⚠ Blocked (403) retry 3
2026-09-29 02:09:37,492 | INFO | 🌐 Session warmed
2026-09-29 02:09:37,551 | INFO | 🌐 Session warmed
2026-09-29 02:09:38,273 | INFO |    ↳ Status 403
2026-09-29 02:09:38,273 | WARNING |    ⚠ Blocked (403) retry 3
2026-09-29 02:09:38,350 | INFO | 🌐 Session warmed
2026-09-29 02:09:38,525 | INFO |    ↳ Status 403
2026-09-29 02:09:38,525 | WARNING |    ⚠ Blocked (403) retry 3
2026-09-29 02:09:38,593 | INFO | 🌐 Session warmed
2026-09-29 02:09:41,492 | INFO | [105/1901] Fetching Athagarh (ATHG)
2026-09-29 02:09:41,551 | INFO | [106/1901] Fetching Athani (ATHN)
2026-09-29 02:09:42,350 | INFO | [107/1901] Fetching Atmakur (Nellore) (ATMK)
2026-09-29 02:09:42,593 | INFO | [108/1901] Fetching Atpadi (ATPA)
2026-09-29 02:09:42,805 | INFO |    ↳ Status 403
2026-09-29 02:09:42,805 | WARNING |    ⚠ Blocked (403) retry 1
2026-09-29 02:09:42,812 | INFO |    ↳ Status 403
2026-09-29 02:09:42,812 | WARNING |    ⚠ Blocked (403) retry 1
2026-09-29 02:09:42,885 | INFO | 🌐 Session warmed
2026-09-29 02:09:42,889 | INFO | 🌐 Session warmed
2026-09-29 02:09:43,689 | INFO |    ↳ Status 403
2026-09-29 02:09:43,689 | WARNING |    ⚠ Blocked (403) retry 1
2026-09-29 02:09:43,760 | INFO | 🌐 Session warmed
2026-09-29 02:09:43,766 | INFO |    ↳ Status 403
2026-09-29 02:09:43,766 | WARNING |    ⚠ Blocked (403) retry 1
2026-09-29 02:09:43,834 | INFO | 🌐 Session warmed
2026-09-29 02:09:45,206 | INFO |    ↳ Status 403
2026-09-29 02:09:45,206 | WARNING |    ⚠ Blocked (403) retry 2
2026-09-29 02:09:45,214 | INFO |    ↳ Status 403
2026-09-29 02:09:45,214 | WARNING |    ⚠ Blocked (403) retry 2
2026-09-29 02:09:45,280 | INFO | 🌐 Session warmed
2026-09-29 02:09:45,291 | INFO | 🌐 Session warmed
2026-09-29 02:09:45,704 | INFO |    ↳ Status 403
2026-09-29 02:09:45,705 | WARNING |    ⚠ Blocked (403) retry 2
2026-09-29 02:09:45,772 | INFO | 🌐 Session warmed
2026-09-29 02:09:45,825 | INFO |    ↳ Status 403
2026-09-29 02:09:45,826 | WARNING |    ⚠ Blocked (403) retry 2
2026-09-29 02:09:45,896 | INFO | 🌐 Session warmed
2026-09-29 02:09:48,411 | INFO |    ↳ Status 403
2026-09-29 02:09:48,411 | WARNING |    ⚠ Blocked (403) retry 3
2026-09-29 02:09:48,458 | INFO |    ↳ Status 403
2026-09-29 02:09:48,458 | WARNING |    ⚠ Blocked (403) retry 3
2026-09-29 02:09:48,485 | INFO | 🌐 Session warmed
2026-09-29 02:09:48,526 | INFO | 🌐 Session warmed
2026-09-29 02:09:48,532 | INFO |    ↳ Status 403
2026-09-29 02:09:48,532 | WARNING |    ⚠ Blocked (403) retry 3
2026-09-29 02:09:48,608 | INFO | 🌐 Session warmed
2026-09-29 02:09:48,755 | INFO |    ↳ Status 403
2026-09-29 02:09:48,755 | WARNING |    ⚠ Blocked (403) retry 3
2026-09-29 02:09:48,832 | INFO | 🌐 Session warmed
2026-09-29 02:09:52,485 | INFO | [109/1901] Fetching Atraulia (ATRA)
2026-09-29 02:09:52,527 | INFO | [110/1901] Fetching Attibele (ATTO)
2026-09-29 02:09:52,608 | INFO | [111/1901] Fetching Attili (ATLI)
2026-09-29 02:09:52,832 | INFO | [112/1901] Fetching Attingal (ATTI)
2026-09-29 02:09:53,366 | INFO |    ↳ Status 403
2026-09-29 02:09:53,366 | WARNING |    ⚠ Blocked (403) retry 1
2026-09-29 02:09:53,389 | INFO |    ↳ Status 403
2026-09-29 02:09:53,389 | WARNING |    ⚠ Blocked (403) retry 1
2026-09-29 02:09:53,463 | INFO | 🌐 Session warmed
2026-09-29 02:09:53,516 | INFO | 🌐 Session warmed
2026-09-29 02:09:53,746 | INFO |    ↳ Status 403
2026-09-29 02:09:53,746 | WARNING |    ⚠ Blocked (403) retry 1
2026-09-29 02:09:53,818 | INFO | 🌐 Session warmed
2026-09-29 02:09:53,945 | INFO |    ↳ Status 403
2026-09-29 02:09:53,946 | WARNING |    ⚠ Blocked (403) retry 1
2026-09-29 02:09:54,024 | INFO | 🌐 Session warmed
2026-09-29 02:09:55,363 | INFO |    ↳ Status 403
2026-09-29 02:09:55,363 | WARNING |    ⚠ Blocked (403) retry 2
2026-09-29 02:09:55,435 | INFO |    ↳ Status 403
2026-09-29 02:09:55,435 | WARNING |    ⚠ Blocked (403) retry 2
2026-09-29 02:09:55,447 | INFO | 🌐 Session warmed
2026-09-29 02:09:55,517 | INFO | 🌐 Session warmed
2026-09-29 02:09:55,988 | INFO |    ↳ Status 403
2026-09-29 02:09:55,988 | WARNING |    ⚠ Blocked (403) retry 2
2026-09-29 02:09:56,054 | INFO | 🌐 Session warmed
2026-09-29 02:09:56,228 | INFO |    ↳ Status 403
2026-09-29 02:09:56,228 | WARNING |    ⚠ Blocked (403) retry 2
2026-09-29 02:09:56,297 | INFO | 🌐 Session warmed
2026-09-29 02:09:58,127 | INFO |    ↳ Status 403
2026-09-29 02:09:58,127 | WARNING |    ⚠ Blocked (403) retry 3
2026-09-29 02:09:58,198 | INFO | 🌐 Session warmed
2026-09-29 02:09:58,453 | INFO |    ↳ Status 403
2026-09-29 02:09:58,453 | WARNING |    ⚠ Blocked (403) retry 3
2026-09-29 02:09:58,520 | INFO | 🌐 Session warmed
2026-09-29 02:09:59,013 | INFO |    ↳ Status 403
2026-09-29 02:09:59,013 | WARNING |    ⚠ Blocked (403) retry 3
2026-09-29 02:09:59,080 | INFO | 🌐 Session warmed
2026-09-29 02:09:59,316 | INFO |    ↳ Status 403
2026-09-29 02:09:59,316 | WARNING |    ⚠ Blocked (403) retry 3
2026-09-29 02:09:59,390 | INFO | 🌐 Session warmed
2026-09-29 02:10:02,198 | INFO | [113/1901] Fetching Attur (ATTR)
2026-09-29 02:10:02,520 | INFO | [114/1901] Fetching Aurangabad (Bihar) (AUBI)
2026-09-29 02:10:03,080 | INFO | [115/1901] Fetching Aurangabad (West Bengal) (AURW)
2026-09-29 02:10:03,313 | INFO |    ↳ Status 403
2026-09-29 02:10:03,314 | WARNING |    ⚠ Blocked (403) retry 1
2026-09-29 02:10:03,391 | INFO | [116/1901] Fetching Auroville (AURV)
2026-09-29 02:10:03,404 | INFO | 🌐 Session warmed
2026-09-29 02:10:03,744 | INFO |    ↳ Status 403
2026-09-29 02:10:03,744 | WARNING |    ⚠ Blocked (403) retry 1
2026-09-29 02:10:03,811 | INFO | 🌐 Session warmed
2026-09-29 02:10:04,280 | INFO |    ↳ Status 403
2026-09-29 02:10:04,280 | WARNING |    ⚠ Blocked (403) retry 1
2026-09-29 02:10:04,353 | INFO | 🌐 Session warmed
2026-09-29 02:10:04,419 | INFO |    ↳ Status 403
2026-09-29 02:10:04,420 | WARNING |    ⚠ Blocked (403) retry 1
2026-09-29 02:10:04,487 | INFO | 🌐 Session warmed
2026-09-29 02:10:05,442 | INFO |    ↳ Status 403
2026-09-29 02:10:05,443 | WARNING |    ⚠ Blocked (403) retry 2
2026-09-29 02:10:05,517 | INFO | 🌐 Session warmed
2026-09-29 02:10:05,597 | INFO |    ↳ Status 403
2026-09-29 02:10:05,597 | WARNING |    ⚠ Blocked (403) retry 2
2026-09-29 02:10:05,661 | INFO | 🌐 Session warmed
2026-09-29 02:10:06,266 | INFO |    ↳ Status 403
2026-09-29 02:10:06,266 | WARNING |    ⚠ Blocked (403) retry 2
2026-09-29 02:10:06,317 | INFO |    ↳ Status 403
2026-09-29 02:10:06,317 | WARNING |    ⚠ Blocked (403) retry 2
2026-09-29 02:10:06,342 | INFO | 🌐 Session warmed
2026-09-29 02:10:06,384 | INFO | 🌐 Session warmed
2026-09-29 02:10:08,455 | INFO |    ↳ Status 403
2026-09-29 02:10:08,455 | WARNING |    ⚠ Blocked (403) retry 3
2026-09-29 02:10:08,523 | INFO | 🌐 Session warmed
2026-09-29 02:10:08,568 | INFO |    ↳ Status 403
2026-09-29 02:10:08,568 | WARNING |    ⚠ Blocked (403) retry 3
2026-09-29 02:10:08,639 | INFO | 🌐 Session warmed
2026-09-29 02:10:09,430 | INFO |    ↳ Status 403
2026-09-29 02:10:09,431 | WARNING |    ⚠ Blocked (403) retry 3
2026-09-29 02:10:09,509 | INFO | 🌐 Session warmed
2026-09-29 02:10:09,746 | INFO |    ↳ Status 403
2026-09-29 02:10:09,746 | WARNING |    ⚠ Blocked (403) retry 3
2026-09-29 02:10:09,817 | INFO | 🌐 Session warmed
2026-09-29 02:10:12,523 | INFO | [117/1901] Fetching Aushapur (AUSH)
2026-09-29 02:10:12,639 | INFO | [118/1901] Fetching Avinashi (AVII)
2026-09-29 02:10:13,347 | INFO |    ↳ Status 403
2026-09-29 02:10:13,348 | WARNING |    ⚠ Blocked (403) retry 1
2026-09-29 02:10:13,422 | INFO | 🌐 Session warmed
2026-09-29 02:10:13,510 | INFO | [119/1901] Fetching Ayodhya (AYOD)
2026-09-29 02:10:13,537 | INFO |    ↳ Status 403
2026-09-29 02:10:13,537 | WARNING |    ⚠ Blocked (403) retry 1
2026-09-29 02:10:13,616 | INFO | 🌐 Session warmed
2026-09-29 02:10:13,817 | INFO | [120/1901] Fetching Azamgarh (AZMG)
2026-09-29 02:10:14,508 | INFO |    ↳ Status 403
2026-09-29 02:10:14,509 | WARNING |    ⚠ Blocked (403) retry 1
2026-09-29 02:10:14,521 | INFO |    ↳ Status 403
2026-09-29 02:10:14,521 | WARNING |    ⚠ Blocked (403) retry 1
2026-09-29 02:10:14,608 | INFO | 🌐 Session warmed
2026-09-29 02:10:14,610 | INFO | 🌐 Session warmed
2026-09-29 02:10:15,048 | INFO |    ↳ Status 403
2026-09-29 02:10:15,048 | WARNING |    ⚠ Blocked (403) retry 2
2026-09-29 02:10:15,120 | INFO | 🌐 Session warmed
2026-09-29 02:10:15,962 | INFO |    ↳ Status 403
2026-09-29 02:10:15,962 | WARNING |    ⚠ Blocked (403) retry 2
2026-09-29 02:10:16,031 | INFO | 🌐 Session warmed
2026-09-29 02:10:16,718 | INFO |    ↳ Status 403
2026-09-29 02:10:16,718 | WARNING |    ⚠ Blocked (403) retry 2
2026-09-29 02:10:16,796 | INFO | 🌐 Session warmed
2026-09-29 02:10:16,837 | INFO |    ↳ Status 403
2026-09-29 02:10:16,837 | WARNING |    ⚠ Blocked (403) retry 2
2026-09-29 02:10:16,910 | INFO | 🌐 Session warmed
2026-09-29 02:10:18,199 | INFO |    ↳ Status 403
2026-09-29 02:10:18,199 | WARNING |    ⚠ Blocked (403) retry 3
2026-09-29 02:10:18,280 | INFO | 🌐 Session warmed
2026-09-29 02:10:19,094 | INFO |    ↳ Status 403
2026-09-29 02:10:19,094 | WARNING |    ⚠ Blocked (403) retry 3
2026-09-29 02:10:19,169 | INFO | 🌐 Session warmed
2026-09-29 02:10:19,752 | INFO |    ↳ Status 403
2026-09-29 02:10:19,752 | WARNING |    ⚠ Blocked (403) retry 3
2026-09-29 02:10:19,818 | INFO | 🌐 Session warmed
2026-09-29 02:10:19,835 | INFO |    ↳ Status 403
2026-09-29 02:10:19,835 | WARNING |    ⚠ Blocked (403) retry 3
2026-09-29 02:10:19,906 | INFO | 🌐 Session warmed
2026-09-29 02:10:22,280 | INFO | [121/1901] Fetching B. Kothakota (BKOT)
2026-09-29 02:10:23,170 | INFO | [122/1901] Fetching Babra (BABT)
2026-09-29 02:10:23,612 | INFO |    ↳ Status 403
2026-09-29 02:10:23,613 | WARNING |    ⚠ Blocked (403) retry 1
2026-09-29 02:10:23,688 | INFO | 🌐 Session warmed
2026-09-29 02:10:23,818 | INFO | [123/1901] Fetching Badami (BAMA)
2026-09-29 02:10:23,906 | INFO | [124/1901] Fetching Badaun (BADN)
2026-09-29 02:10:24,140 | INFO |    ↳ Status 403
2026-09-29 02:10:24,140 | WARNING |    ⚠ Blocked (403) retry 1
2026-09-29 02:10:24,216 | INFO | 🌐 Session warmed
2026-09-29 02:10:24,949 | INFO |    ↳ Status 403
2026-09-29 02:10:24,949 | WARNING |    ⚠ Blocked (403) retry 1
2026-09-29 02:10:25,023 | INFO | 🌐 Session warmed
2026-09-29 02:10:25,060 | INFO |    ↳ Status 403
2026-09-29 02:10:25,060 | WARNING |    ⚠ Blocked (403) retry 1
2026-09-29 02:10:25,150 | INFO | 🌐 Session warmed
2026-09-29 02:10:25,845 | INFO |    ↳ Status 403
2026-09-29 02:10:25,845 | WARNING |    ⚠ Blocked (403) retry 2
2026-09-29 02:10:25,918 | INFO | 🌐 Session warmed
2026-09-29 02:10:26,213 | INFO |    ↳ Status 403
2026-09-29 02:10:26,214 | WARNING |    ⚠ Blocked (403) retry 2
2026-09-29 02:10:26,289 | INFO | 🌐 Session warmed
2026-09-29 02:10:26,744 | INFO |    ↳ Status 403
2026-09-29 02:10:26,744 | WARNING |    ⚠ Blocked (403) retry 2
2026-09-29 02:10:26,814 | INFO | 🌐 Session warmed
2026-09-29 02:10:26,847 | INFO |    ↳ Status 403
2026-09-29 02:10:26,847 | WARNING |    ⚠ Blocked (403) retry 2
2026-09-29 02:10:26,919 | INFO | 🌐 Session warmed
2026-09-29 02:10:28,965 | INFO |    ↳ Status 403
2026-09-29 02:10:28,965 | WARNING |    ⚠ Blocked (403) retry 3
2026-09-29 02:10:29,031 | INFO | 🌐 Session warmed
2026-09-29 02:10:29,182 | INFO |    ↳ Status 403
2026-09-29 02:10:29,182 | WARNING |    ⚠ Blocked (403) retry 3
2026-09-29 02:10:29,255 | INFO | 🌐 Session warmed
2026-09-29 02:10:29,737 | INFO |    ↳ Status 403
2026-09-29 02:10:29,737 | WARNING |    ⚠ Blocked (403) retry 3
2026-09-29 02:10:29,815 | INFO | 🌐 Session warmed
2026-09-29 02:10:30,180 | INFO |    ↳ Status 403
2026-09-29 02:10:30,180 | WARNING |    ⚠ Blocked (403) retry 3
2026-09-29 02:10:30,256 | INFO | 🌐 Session warmed
2026-09-29 02:10:33,031 | INFO | [125/1901] Fetching Baddi (BADD)
2026-09-29 02:10:33,255 | INFO | [126/1901] Fetching Badhra (BAHR)
2026-09-29 02:10:33,816 | INFO | [127/1901] Fetching Badnagar (BADA)
2026-09-29 02:10:34,256 | INFO | [128/1901] Fetching Badnawar (BADR)
2026-09-29 02:10:34,292 | INFO |    ↳ Status 403
2026-09-29 02:10:34,292 | WARNING |    ⚠ Blocked (403) retry 1
2026-09-29 02:10:34,365 | INFO | 🌐 Session warmed
2026-09-29 02:10:34,500 | INFO |    ↳ Status 403
2026-09-29 02:10:34,500 | WARNING |    ⚠ Blocked (403) retry 1
2026-09-29 02:10:34,579 | INFO | 🌐 Session warmed
2026-09-29 02:10:34,863 | INFO |    ↳ Status 403
2026-09-29 02:10:34,863 | WARNING |    ⚠ Blocked (403) retry 1
2026-09-29 02:10:34,935 | INFO | 🌐 Session warmed
2026-09-29 02:10:35,466 | INFO |    ↳ Status 403
2026-09-29 02:10:35,466 | WARNING |    ⚠ Blocked (403) retry 1
2026-09-29 02:10:35,538 | INFO | 🌐 Session warmed
2026-09-29 02:10:36,385 | INFO |    ↳ Status 403
2026-09-29 02:10:36,385 | WARNING |    ⚠ Blocked (403) retry 2
2026-09-29 02:10:36,462 | INFO | 🌐 Session warmed
2026-09-29 02:10:36,841 | INFO |    ↳ Status 403
2026-09-29 02:10:36,841 | WARNING |    ⚠ Blocked (403) retry 2
2026-09-29 02:10:36,915 | INFO | 🌐 Session warmed
2026-09-29 02:10:37,175 | INFO |    ↳ Status 403
2026-09-29 02:10:37,175 | WARNING |    ⚠ Blocked (403) retry 2
2026-09-29 02:10:37,252 | INFO | 🌐 Session warmed
2026-09-29 02:10:37,597 | INFO |    ↳ Status 403
2026-09-29 02:10:37,597 | WARNING |    ⚠ Blocked (403) retry 2
2026-09-29 02:10:37,665 | INFO | 🌐 Session warmed
2026-09-29 02:10:39,649 | INFO |    ↳ Status 403
2026-09-29 02:10:39,649 | WARNING |    ⚠ Blocked (403) retry 3
2026-09-29 02:10:39,684 | INFO |    ↳ Status 403
2026-09-29 02:10:39,684 | WARNING |    ⚠ Blocked (403) retry 3
2026-09-29 02:10:39,717 | INFO | 🌐 Session warmed
2026-09-29 02:10:39,753 | INFO | 🌐 Session warmed
2026-09-29 02:10:40,420 | INFO |    ↳ Status 403
2026-09-29 02:10:40,420 | WARNING |    ⚠ Blocked (403) retry 3
2026-09-29 02:10:40,490 | INFO |    ↳ Status 403
2026-09-29 02:10:40,490 | WARNING |    ⚠ Blocked (403) retry 3
2026-09-29 02:10:40,519 | INFO | 🌐 Session warmed
2026-09-29 02:10:40,560 | INFO | 🌐 Session warmed
2026-09-29 02:10:43,717 | INFO | [129/1901] Fetching Badvel (BADV)
2026-09-29 02:10:43,753 | INFO | [130/1901] Fetching Bagaha (BAAG)
2026-09-29 02:10:44,376 | INFO |    ↳ Status 403
2026-09-29 02:10:44,376 | WARNING |    ⚠ Blocked (403) retry 1
2026-09-29 02:10:44,421 | INFO |    ↳ Status 403
2026-09-29 02:10:44,421 | WARNING |    ⚠ Blocked (403) retry 1
2026-09-29 02:10:44,447 | INFO | 🌐 Session warmed
2026-09-29 02:10:44,491 | INFO | 🌐 Session warmed
2026-09-29 02:10:44,519 | INFO | [131/1901] Fetching Bagalkot (BAGA)
2026-09-29 02:10:44,560 | INFO | [132/1901] Fetching Bagbahara (BBHA)
2026-09-29 02:10:45,728 | INFO |    ↳ Status 403
2026-09-29 02:10:45,728 | WARNING |    ⚠ Blocked (403) retry 1
2026-09-29 02:10:45,796 | INFO | 🌐 Session warmed
2026-09-29 02:10:45,806 | INFO |    ↳ Status 403
2026-09-29 02:10:45,806 | WARNING |    ⚠ Blocked (403) retry 1
2026-09-29 02:10:45,873 | INFO | 🌐 Session warmed
2026-09-29 02:10:46,273 | INFO |    ↳ Status 403
2026-09-29 02:10:46,273 | WARNING |    ⚠ Blocked (403) retry 2
2026-09-29 02:10:46,357 | INFO | 🌐 Session warmed
2026-09-29 02:10:46,579 | INFO |    ↳ Status 403
2026-09-29 02:10:46,579 | WARNING |    ⚠ Blocked (403) retry 2
2026-09-29 02:10:46,652 | INFO | 🌐 Session warmed
2026-09-29 02:10:47,548 | INFO |    ↳ Status 403
2026-09-29 02:10:47,548 | WARNING |    ⚠ Blocked (403) retry 2
2026-09-29 02:10:47,617 | INFO | 🌐 Session warmed
2026-09-29 02:10:48,049 | INFO |    ↳ Status 403
2026-09-29 02:10:48,050 | WARNING |    ⚠ Blocked (403) retry 2
2026-09-29 02:10:48,124 | INFO | 🌐 Session warmed
2026-09-29 02:10:49,230 | INFO |    ↳ Status 403
2026-09-29 02:10:49,230 | WARNING |    ⚠ Blocked (403) retry 3
2026-09-29 02:10:49,305 | INFO | 🌐 Session warmed
2026-09-29 02:10:50,060 | INFO |    ↳ Status 403
2026-09-29 02:10:50,060 | WARNING |    ⚠ Blocked (403) retry 3
2026-09-29 02:10:50,132 | INFO | 🌐 Session warmed
2026-09-29 02:10:51,021 | INFO |    ↳ Status 403
2026-09-29 02:10:51,021 | WARNING |    ⚠ Blocked (403) retry 3
2026-09-29 02:10:51,089 | INFO | 🌐 Session warmed
2026-09-29 02:10:51,488 | INFO |    ↳ Status 403
2026-09-29 02:10:51,488 | WARNING |    ⚠ Blocked (403) retry 3
2026-09-29 02:10:51,556 | INFO | 🌐 Session warmed
2026-09-29 02:10:53,305 | INFO | [133/1901] Fetching Bagepalli (BGPI)
2026-09-29 02:10:54,132 | INFO | [134/1901] Fetching Bagha Purana (BAPU)
2026-09-29 02:10:54,177 | INFO |    ↳ Status 403
2026-09-29 02:10:54,177 | WARNING |    ⚠ Blocked (403) retry 1
2026-09-29 02:10:54,253 | INFO | 🌐 Session warmed
2026-09-29 02:10:55,090 | INFO | [135/1901] Fetching Baghmari (BGAM)
2026-09-29 02:10:55,170 | INFO |    ↳ Status 403
2026-09-29 02:10:55,171 | WARNING |    ⚠ Blocked (403) retry 1
2026-09-29 02:10:55,242 | INFO | 🌐 Session warmed
2026-09-29 02:10:55,556 | INFO | [136/1901] Fetching Bagnan (BAGN)
2026-09-29 02:10:56,151 | INFO |    ↳ Status 403
2026-09-29 02:10:56,151 | WARNING |    ⚠ Blocked (403) retry 1
2026-09-29 02:10:56,180 | INFO |    ↳ Status 403
2026-09-29 02:10:56,180 | WARNING |    ⚠ Blocked (403) retry 2
2026-09-29 02:10:56,224 | INFO | 🌐 Session warmed
2026-09-29 02:10:56,256 | INFO | 🌐 Session warmed
2026-09-29 02:10:56,825 | INFO |    ↳ Status 403
2026-09-29 02:10:56,825 | WARNING |    ⚠ Blocked (403) retry 1
2026-09-29 02:10:56,897 | INFO | 🌐 Session warmed
2026-09-29 02:10:57,210 | INFO |    ↳ Status 403
2026-09-29 02:10:57,210 | WARNING |    ⚠ Blocked (403) retry 2
2026-09-29 02:10:57,278 | INFO | 🌐 Session warmed
2026-09-29 02:10:58,477 | INFO |    ↳ Status 403
2026-09-29 02:10:58,477 | WARNING |    ⚠ Blocked (403) retry 2
2026-09-29 02:10:58,556 | INFO | 🌐 Session warmed
2026-09-29 02:10:58,848 | INFO |    ↳ Status 403
2026-09-29 02:10:58,848 | WARNING |    ⚠ Blocked (403) retry 2
2026-09-29 02:10:58,917 | INFO | 🌐 Session warmed
2026-09-29 02:10:58,974 | INFO |    ↳ Status 403
2026-09-29 02:10:58,974 | WARNING |    ⚠ Blocked (403) retry 3
2026-09-29 02:10:59,039 | INFO | 🌐 Session warmed
2026-09-29 02:10:59,929 | INFO |    ↳ Status 403
2026-09-29 02:10:59,929 | WARNING |    ⚠ Blocked (403) retry 3
2026-09-29 02:10:59,996 | INFO | 🌐 Session warmed
2026-09-29 02:11:01,745 | INFO |    ↳ Status 403
2026-09-29 02:11:01,745 | WARNING |    ⚠ Blocked (403) retry 3
2026-09-29 02:11:01,813 | INFO | 🌐 Session warmed
2026-09-29 02:11:01,976 | INFO |    ↳ Status 403
2026-09-29 02:11:01,977 | WARNING |    ⚠ Blocked (403) retry 3
2026-09-29 02:11:02,044 | INFO | 🌐 Session warmed
2026-09-29 02:11:03,039 | INFO | [137/1901] Fetching Bagru (BAGU)
2026-09-29 02:11:03,837 | INFO |    ↳ Status 403
2026-09-29 02:11:03,837 | WARNING |    ⚠ Blocked (403) retry 1
2026-09-29 02:11:03,917 | INFO | 🌐 Session warmed
2026-09-29 02:11:03,997 | INFO | [138/1901] Fetching Bahadurgarh (BAHD)
2026-09-29 02:11:04,720 | INFO |    ↳ Status 403
2026-09-29 02:11:04,721 | WARNING |    ⚠ Blocked (403) retry 1
2026-09-29 02:11:04,805 | INFO | 🌐 Session warmed
2026-09-29 02:11:05,676 | INFO |    ↳ Status 403
2026-09-29 02:11:05,676 | WARNING |    ⚠ Blocked (403) retry 2
2026-09-29 02:11:05,745 | INFO | 🌐 Session warmed
2026-09-29 02:11:05,813 | INFO | [139/1901] Fetching Bahraich (BHRH)
2026-09-29 02:11:06,045 | INFO | [140/1901] Fetching Baidyabati (BAID)
2026-09-29 02:11:06,804 | INFO |    ↳ Status 403
2026-09-29 02:11:06,804 | WARNING |    ⚠ Blocked (403) retry 2
2026-09-29 02:11:06,872 | INFO | 🌐 Session warmed
2026-09-29 02:11:06,897 | INFO |    ↳ Status 403
2026-09-29 02:11:06,897 | WARNING |    ⚠ Blocked (403) retry 1
2026-09-29 02:11:06,967 | INFO | 🌐 Session warmed
2026-09-29 02:11:07,356 | INFO |    ↳ Status 403
2026-09-29 02:11:07,356 | WARNING |    ⚠ Blocked (403) retry 1
2026-09-29 02:11:07,426 | INFO | 🌐 Session warmed
2026-09-29 02:11:08,509 | INFO |    ↳ Status 403
2026-09-29 02:11:08,509 | WARNING |    ⚠ Blocked (403) retry 3
2026-09-29 02:11:08,577 | INFO | 🌐 Session warmed
2026-09-29 02:11:08,981 | INFO |    ↳ Status 403
2026-09-29 02:11:08,981 | WARNING |    ⚠ Blocked (403) retry 2
2026-09-29 02:11:09,067 | INFO |    ↳ Status 403
2026-09-29 02:11:09,067 | WARNING |    ⚠ Blocked (403) retry 2
2026-09-29 02:11:09,067 | INFO | 🌐 Session warmed
2026-09-29 02:11:09,134 | INFO | 🌐 Session warmed
2026-09-29 02:11:09,521 | INFO |    ↳ Status 403
2026-09-29 02:11:09,521 | WARNING |    ⚠ Blocked (403) retry 3
2026-09-29 02:11:09,590 | INFO | 🌐 Session warmed
2026-09-29 02:11:12,195 | INFO |    ↳ Status 403
2026-09-29 02:11:12,195 | WARNING |    ⚠ Blocked (403) retry 3
2026-09-29 02:11:12,271 | INFO | 🌐 Session warmed
2026-09-29 02:11:12,387 | INFO |    ↳ Status 403
2026-09-29 02:11:12,387 | WARNING |    ⚠ Blocked (403) retry 3
2026-09-29 02:11:12,453 | INFO | 🌐 Session warmed
2026-09-29 02:11:12,578 | INFO | [141/1901] Fetching Baihar (BIAH)
2026-09-29 02:11:13,590 | INFO | [142/1901] Fetching Baijnath (BAIJ)
2026-09-29 02:11:13,886 | INFO |    ↳ Status 403
2026-09-29 02:11:13,886 | WARNING |    ⚠ Blocked (403) retry 1
2026-09-29 02:11:13,954 | INFO | 🌐 Session warmed
2026-09-29 02:11:14,650 | INFO |    ↳ Status 403
2026-09-29 02:11:14,650 | WARNING |    ⚠ Blocked (403) retry 1
2026-09-29 02:11:14,720 | INFO | 🌐 Session warmed
2026-09-29 02:11:15,797 | INFO |    ↳ Status 403
2026-09-29 02:11:15,797 | WARNING |    ⚠ Blocked (403) retry 2
2026-09-29 02:11:15,872 | INFO | 🌐 Session warmed
2026-09-29 02:11:16,272 | INFO | [143/1901] Fetching Baikunthpur (BKTH)
2026-09-29 02:11:16,453 | INFO | [144/1901] Fetching Baindur (BAND)
2026-09-29 02:11:16,761 | INFO |    ↳ Status 403
2026-09-29 02:11:16,761 | WARNING |    ⚠ Blocked (403) retry 2
2026-09-29 02:11:16,834 | INFO | 🌐 Session warmed
2026-09-29 02:11:17,439 | INFO |    ↳ Status 403
2026-09-29 02:11:17,439 | WARNING |    ⚠ Blocked (403) retry 1
2026-09-29 02:11:17,515 | INFO | 🌐 Session warmed
2026-09-29 02:11:17,797 | INFO |    ↳ Status 403
2026-09-29 02:11:17,797 | WARNING |    ⚠ Blocked (403) retry 1
2026-09-29 02:11:17,867 | INFO | 🌐 Session warmed
2026-09-29 02:11:18,547 | INFO |    ↳ Status 403
2026-09-29 02:11:18,547 | WARNING |    ⚠ Blocked (403) retry 3
2026-09-29 02:11:18,614 | INFO | 🌐 Session warmed
2026-09-29 02:11:19,648 | INFO |    ↳ Status 403
2026-09-29 02:11:19,648 | WARNING |    ⚠ Blocked (403) retry 2
2026-09-29 02:11:19,721 | INFO | 🌐 Session warmed
2026-09-29 02:11:19,862 | INFO |    ↳ Status 403
2026-09-29 02:11:19,862 | WARNING |    ⚠ Blocked (403) retry 3
2026-09-29 02:11:19,945 | INFO | 🌐 Session warmed
2026-09-29 02:11:20,231 | INFO |    ↳ Status 403
2026-09-29 02:11:20,232 | WARNING |    ⚠ Blocked (403) retry 2
2026-09-29 02:11:20,300 | INFO | 🌐 Session warmed
2026-09-29 02:11:22,614 | INFO | [145/1901] Fetching Bakhrahat (BART)
2026-09-29 02:11:23,027 | INFO |    ↳ Status 403
2026-09-29 02:11:23,027 | WARNING |    ⚠ Blocked (403) retry 3
2026-09-29 02:11:23,093 | INFO | 🌐 Session warmed
2026-09-29 02:11:23,458 | INFO |    ↳ Status 403
2026-09-29 02:11:23,459 | WARNING |    ⚠ Blocked (403) retry 3
2026-09-29 02:11:23,532 | INFO | 🌐 Session warmed
2026-09-29 02:11:23,592 | INFO |    ↳ Status 403
2026-09-29 02:11:23,592 | WARNING |    ⚠ Blocked (403) retry 1
2026-09-29 02:11:23,661 | INFO | 🌐 Session warmed
2026-09-29 02:11:23,945 | INFO | [146/1901] Fetching Balaghat (BLGT)
2026-09-29 02:11:25,155 | INFO |    ↳ Status 403
2026-09-29 02:11:25,155 | WARNING |    ⚠ Blocked (403) retry 1
2026-09-29 02:11:25,225 | INFO | 🌐 Session warmed
2026-09-29 02:11:25,932 | INFO |    ↳ Status 403
2026-09-29 02:11:25,932 | WARNING |    ⚠ Blocked (403) retry 2
2026-09-29 02:11:26,017 | INFO | 🌐 Session warmed
2026-09-29 02:11:27,093 | INFO | [147/1901] Fetching Balangir (BALG)
2026-09-29 02:11:27,474 | INFO |    ↳ Status 403
2026-09-29 02:11:27,474 | WARNING |    ⚠ Blocked (403) retry 2
2026-09-29 02:11:27,532 | INFO | [148/1901] Fetching Balasore (BLSR)
2026-09-29 02:11:27,549 | INFO | 🌐 Session warmed
2026-09-29 02:11:27,978 | INFO |    ↳ Status 403
2026-09-29 02:11:27,978 | WARNING |    ⚠ Blocked (403) retry 1
2026-09-29 02:11:28,058 | INFO | 🌐 Session warmed
2026-09-29 02:11:28,506 | INFO |    ↳ Status 403
2026-09-29 02:11:28,506 | WARNING |    ⚠ Blocked (403) retry 1
2026-09-29 02:11:28,577 | INFO | 🌐 Session warmed
2026-09-29 02:11:29,100 | INFO |    ↳ Status 403
2026-09-29 02:11:29,100 | WARNING |    ⚠ Blocked (403) retry 3
2026-09-29 02:11:29,165 | INFO | 🌐 Session warmed
2026-09-29 02:11:29,970 | INFO |    ↳ Status 403
2026-09-29 02:11:29,971 | WARNING |    ⚠ Blocked (403) retry 2
2026-09-29 02:11:30,037 | INFO | 🌐 Session warmed
2026-09-29 02:11:30,187 | INFO |    ↳ Status 403
2026-09-29 02:11:30,187 | WARNING |    ⚠ Blocked (403) retry 3
2026-09-29 02:11:30,251 | INFO |    ↳ Status 403
2026-09-29 02:11:30,251 | WARNING |    ⚠ Blocked (403) retry 2
2026-09-29 02:11:30,264 | INFO | 🌐 Session warmed
2026-09-29 02:11:30,318 | INFO | 🌐 Session warmed
2026-09-29 02:11:32,970 | INFO |    ↳ Status 403
2026-09-29 02:11:32,971 | WARNING |    ⚠ Blocked (403) retry 3
2026-09-29 02:11:33,042 | INFO | 🌐 Session warmed
2026-09-29 02:11:33,165 | INFO | [149/1901] Fetching Balijipeta (BLIJ)
2026-09-29 02:11:33,367 | INFO |    ↳ Status 403
2026-09-29 02:11:33,367 | WARNING |    ⚠ Blocked (403) retry 3
2026-09-29 02:11:33,442 | INFO | 🌐 Session warmed
2026-09-29 02:11:34,072 | INFO |    ↳ Status 403
2026-09-29 02:11:34,072 | WARNING |    ⚠ Blocked (403) retry 1
2026-09-29 02:11:34,139 | INFO | 🌐 Session warmed
2026-09-29 02:11:34,264 | INFO | [150/1901] Fetching Ballia (ALBI)
2026-09-29 02:11:35,350 | INFO |    ↳ Status 403
2026-09-29 02:11:35,350 | WARNING |    ⚠ Blocked (403) retry 1
2026-09-29 02:11:35,420 | INFO | 🌐 Session warmed
2026-09-29 02:11:35,830 | INFO |    ↳ Status 403
2026-09-29 02:11:35,830 | WARNING |    ⚠ Blocked (403) retry 2
2026-09-29 02:11:35,900 | INFO | 🌐 Session warmed
2026-09-29 02:11:37,042 | INFO | [151/1901] Fetching Balod (BALD)
2026-09-29 02:11:37,372 | INFO |    ↳ Status 403
2026-09-29 02:11:37,372 | WARNING |    ⚠ Blocked (403) retry 2
2026-09-29 02:11:37,442 | INFO | [152/1901] Fetching Baloda Bazar (BBCH)
2026-09-29 02:11:37,459 | INFO | 🌐 Session warmed
2026-09-29 02:11:38,272 | INFO |    ↳ Status 403
2026-09-29 02:11:38,272 | WARNING |    ⚠ Blocked (403) retry 1
2026-09-29 02:11:38,299 | INFO |    ↳ Status 403
2026-09-29 02:11:38,299 | WARNING |    ⚠ Blocked (403) retry 1
2026-09-29 02:11:38,350 | INFO | 🌐 Session warmed
2026-09-29 02:11:38,374 | INFO | 🌐 Session warmed
2026-09-29 02:11:38,841 | INFO |    ↳ Status 403
2026-09-29 02:11:38,841 | WARNING |    ⚠ Blocked (403) retry 3
2026-09-29 02:11:38,911 | INFO | 🌐 Session warmed
2026-09-29 02:11:40,410 | INFO |    ↳ Status 403
2026-09-29 02:11:40,410 | WARNING |    ⚠ Blocked (403) retry 2
2026-09-29 02:11:40,495 | INFO | 🌐 Session warmed
2026-09-29 02:11:40,671 | INFO |    ↳ Status 403
2026-09-29 02:11:40,671 | WARNING |    ⚠ Blocked (403) retry 3
2026-09-29 02:11:40,749 | INFO | 🌐 Session warmed
2026-09-29 02:11:40,758 | INFO |    ↳ Status 403
2026-09-29 02:11:40,758 | WARNING |    ⚠ Blocked (403) retry 2
2026-09-29 02:11:40,823 | INFO | 🌐 Session warmed
2026-09-29 02:11:42,911 | INFO | [153/1901] Fetching Balotra (BALO)
2026-09-29 02:11:43,508 | INFO |    ↳ Status 403
2026-09-29 02:11:43,508 | WARNING |    ⚠ Blocked (403) retry 3
2026-09-29 02:11:43,585 | INFO | 🌐 Session warmed
2026-09-29 02:11:43,635 | INFO |    ↳ Status 403
2026-09-29 02:11:43,636 | WARNING |    ⚠ Blocked (403) retry 3
2026-09-29 02:11:43,705 | INFO | 🌐 Session warmed
2026-09-29 02:11:43,886 | INFO |    ↳ Status 403
2026-09-29 02:11:43,886 | WARNING |    ⚠ Blocked (403) retry 1
2026-09-29 02:11:43,957 | INFO | 🌐 Session warmed
2026-09-29 02:11:44,749 | INFO | [154/1901] Fetching Balrampur (BLUR)
2026-09-29 02:11:45,892 | INFO |    ↳ Status 403
2026-09-29 02:11:45,892 | WARNING |    ⚠ Blocked (403) retry 2
2026-09-29 02:11:45,903 | INFO |    ↳ Status 403
2026-09-29 02:11:45,904 | WARNING |    ⚠ Blocked (403) retry 1
2026-09-29 02:11:45,971 | INFO | 🌐 Session warmed
2026-09-29 02:11:45,990 | INFO | 🌐 Session warmed
2026-09-29 02:11:47,585 | INFO | [155/1901] Fetching Balurghat (BALU)
2026-09-29 02:11:47,706 | INFO | [156/1901] Fetching Banaganapalli (BNPL)
2026-09-29 02:11:48,089 | INFO |    ↳ Status 403
2026-09-29 02:11:48,089 | WARNING |    ⚠ Blocked (403) retry 2
2026-09-29 02:11:48,166 | INFO | 🌐 Session warmed
2026-09-29 02:11:48,646 | INFO |    ↳ Status 403
2026-09-29 02:11:48,646 | WARNING |    ⚠ Blocked (403) retry 1
2026-09-29 02:11:48,719 | INFO |    ↳ Status 403
2026-09-29 02:11:48,719 | WARNING |    ⚠ Blocked (403) retry 3
2026-09-29 02:11:48,723 | INFO | 🌐 Session warmed
2026-09-29 02:11:48,794 | INFO | 🌐 Session warmed
2026-09-29 02:11:48,799 | INFO |    ↳ Status 403
2026-09-29 02:11:48,799 | WARNING |    ⚠ Blocked (403) retry 1
2026-09-29 02:11:48,875 | INFO | 🌐 Session warmed
2026-09-29 02:11:50,950 | INFO |    ↳ Status 403
2026-09-29 02:11:50,950 | WARNING |    ⚠ Blocked (403) retry 2
2026-09-29 02:11:50,978 | INFO |    ↳ Status 403
2026-09-29 02:11:50,978 | WARNING |    ⚠ Blocked (403) retry 2
2026-09-29 02:11:51,038 | INFO | 🌐 Session warmed
2026-09-29 02:11:51,063 | INFO | 🌐 Session warmed
2026-09-29 02:11:51,065 | INFO |    ↳ Status 403
2026-09-29 02:11:51,065 | WARNING |    ⚠ Blocked (403) retry 3
2026-09-29 02:11:51,156 | INFO | 🌐 Session warmed
2026-09-29 02:11:52,795 | INFO | [157/1901] Fetching Banahatti (BANZ)
2026-09-29 02:11:53,688 | INFO |    ↳ Status 403
2026-09-29 02:11:53,688 | WARNING |    ⚠ Blocked (403) retry 1
2026-09-29 02:11:53,760 | INFO | 🌐 Session warmed
2026-09-29 02:11:53,824 | INFO |    ↳ Status 403
2026-09-29 02:11:53,824 | WARNING |    ⚠ Blocked (403) retry 3
2026-09-29 02:11:53,890 | INFO | 🌐 Session warmed
2026-09-29 02:11:54,279 | INFO |    ↳ Status 403
2026-09-29 02:11:54,279 | WARNING |    ⚠ Blocked (403) retry 3
2026-09-29 02:11:54,343 | INFO | 🌐 Session warmed
2026-09-29 02:11:55,156 | INFO | [158/1901] Fetching Banaskantha (BANA)
2026-09-29 02:11:55,605 | INFO |    ↳ Status 403
2026-09-29 02:11:55,606 | WARNING |    ⚠ Blocked (403) retry 2
2026-09-29 02:11:55,670 | INFO | 🌐 Session warmed
2026-09-29 02:11:56,566 | INFO |    ↳ Status 403
2026-09-29 02:11:56,566 | WARNING |    ⚠ Blocked (403) retry 1
2026-09-29 02:11:56,643 | INFO | 🌐 Session warmed
2026-09-29 02:11:57,890 | INFO | [159/1901] Fetching Banga (BNGA)
2026-09-29 02:11:58,343 | INFO | [160/1901] Fetching Bangaon (BAGO)
2026-09-29 02:11:58,475 | INFO |    ↳ Status 403
2026-09-29 02:11:58,476 | WARNING |    ⚠ Blocked (403) retry 3
2026-09-29 02:11:58,552 | INFO | 🌐 Session warmed
2026-09-29 02:11:58,840 | INFO |    ↳ Status 403
2026-09-29 02:11:58,840 | WARNING |    ⚠ Blocked (403) retry 1
2026-09-29 02:11:58,922 | INFO | 🌐 Session warmed
2026-09-29 02:11:58,971 | INFO |    ↳ Status 403
2026-09-29 02:11:58,971 | WARNING |    ⚠ Blocked (403) retry 2
2026-09-29 02:11:59,040 | INFO | 🌐 Session warmed
2026-09-29 02:11:59,207 | INFO |    ↳ Status 403
2026-09-29 02:11:59,207 | WARNING |    ⚠ Blocked (403) retry 1
2026-09-29 02:11:59,275 | INFO | 🌐 Session warmed
2026-09-29 02:12:00,861 | INFO |    ↳ Status 403
2026-09-29 02:12:00,861 | WARNING |    ⚠ Blocked (403) retry 2
2026-09-29 02:12:00,897 | INFO |    ↳ Status 403
2026-09-29 02:12:00,898 | WARNING |    ⚠ Blocked (403) retry 2
2026-09-29 02:12:00,935 | INFO | 🌐 Session warmed
2026-09-29 02:12:00,968 | INFO | 🌐 Session warmed
2026-09-29 02:12:02,373 | INFO |    ↳ Status 403
2026-09-29 02:12:02,373 | WARNING |    ⚠ Blocked (403) retry 3
2026-09-29 02:12:02,439 | INFO | 🌐 Session warmed
2026-09-29 02:12:02,553 | INFO | [161/1901] Fetching Bangarpet (BAGT)
2026-09-29 02:12:03,540 | INFO |    ↳ Status 403
2026-09-29 02:12:03,540 | WARNING |    ⚠ Blocked (403) retry 1
2026-09-29 02:12:03,606 | INFO | 🌐 Session warmed
2026-09-29 02:12:03,866 | INFO |    ↳ Status 403
2026-09-29 02:12:03,866 | WARNING |    ⚠ Blocked (403) retry 3
2026-09-29 02:12:03,875 | INFO |    ↳ Status 403
2026-09-29 02:12:03,875 | WARNING |    ⚠ Blocked (403) retry 3
2026-09-29 02:12:03,936 | INFO | 🌐 Session warmed
2026-09-29 02:12:03,944 | INFO | 🌐 Session warmed
2026-09-29 02:12:06,000 | INFO |    ↳ Status 403
2026-09-29 02:12:06,001 | WARNING |    ⚠ Blocked (403) retry 2
2026-09-29 02:12:06,074 | INFO | 🌐 Session warmed
2026-09-29 02:12:06,439 | INFO | [162/1901] Fetching Bangarupalem (BGPM)
2026-09-29 02:12:07,840 | INFO |    ↳ Status 403
2026-09-29 02:12:07,841 | WARNING |    ⚠ Blocked (403) retry 1
2026-09-29 02:12:07,914 | INFO | 🌐 Session warmed
2026-09-29 02:12:07,937 | INFO | [163/1901] Fetching Banki (BANK)
2026-09-29 02:12:07,945 | INFO | [164/1901] Fetching Bankura (BNKU)
2026-09-29 02:12:08,708 | INFO |    ↳ Status 403
2026-09-29 02:12:08,708 | WARNING |    ⚠ Blocked (403) retry 1
2026-09-29 02:12:08,786 | INFO | 🌐 Session warmed
2026-09-29 02:12:09,111 | INFO |    ↳ Status 403
2026-09-29 02:12:09,111 | WARNING |    ⚠ Blocked (403) retry 3
2026-09-29 02:12:09,176 | INFO | 🌐 Session warmed
2026-09-29 02:12:09,232 | INFO |    ↳ Status 403
2026-09-29 02:12:09,232 | WARNING |    ⚠ Blocked (403) retry 1
2026-09-29 02:12:09,301 | INFO | 🌐 Session warmed
2026-09-29 02:12:09,626 | INFO |    ↳ Status 403
2026-09-29 02:12:09,626 | WARNING |    ⚠ Blocked (403) retry 2
2026-09-29 02:12:09,707 | INFO | 🌐 Session warmed
2026-09-29 02:12:10,867 | INFO |    ↳ Status 403
2026-09-29 02:12:10,867 | WARNING |    ⚠ Blocked (403) retry 2
2026-09-29 02:12:10,937 | INFO | 🌐 Session warmed
2026-09-29 02:12:11,082 | INFO |    ↳ Status 403
2026-09-29 02:12:11,083 | WARNING |    ⚠ Blocked (403) retry 2
2026-09-29 02:12:11,159 | INFO | 🌐 Session warmed
2026-09-29 02:12:12,905 | INFO |    ↳ Status 403
2026-09-29 02:12:12,905 | WARNING |    ⚠ Blocked (403) retry 3
2026-09-29 02:12:12,985 | INFO | 🌐 Session warmed
2026-09-29 02:12:13,176 | INFO | [165/1901] Fetching Banswada (BNSA)
2026-09-29 02:12:13,689 | INFO |    ↳ Status 403
2026-09-29 02:12:13,689 | WARNING |    ⚠ Blocked (403) retry 3
2026-09-29 02:12:13,757 | INFO | 🌐 Session warmed
2026-09-29 02:12:14,132 | INFO |    ↳ Status 403
2026-09-29 02:12:14,132 | WARNING |    ⚠ Blocked (403) retry 1
2026-09-29 02:12:14,203 | INFO | 🌐 Session warmed
2026-09-29 02:12:14,238 | INFO |    ↳ Status 403
2026-09-29 02:12:14,239 | WARNING |    ⚠ Blocked (403) retry 3
2026-09-29 02:12:14,310 | INFO | 🌐 Session warmed
2026-09-29 02:12:16,567 | INFO |    ↳ Status 403
2026-09-29 02:12:16,568 | WARNING |    ⚠ Blocked (403) retry 2
2026-09-29 02:12:16,637 | INFO | 🌐 Session warmed
2026-09-29 02:12:16,986 | INFO | [166/1901] Fetching Banswara (BANS)
2026-09-29 02:12:17,758 | INFO | [167/1901] Fetching Bantumilli (BANT)
2026-09-29 02:12:17,981 | INFO |    ↳ Status 403
2026-09-29 02:12:17,981 | WARNING |    ⚠ Blocked (403) retry 1
2026-09-29 02:12:18,055 | INFO | 🌐 Session warmed
2026-09-29 02:12:18,310 | INFO | [168/1901] Fetching Bapatla (BAPA)
2026-09-29 02:12:18,988 | INFO |    ↳ Status 403
2026-09-29 02:12:18,988 | WARNING |    ⚠ Blocked (403) retry 1
2026-09-29 02:12:19,056 | INFO | 🌐 Session warmed
2026-09-29 02:12:19,332 | INFO |    ↳ Status 403
2026-09-29 02:12:19,332 | WARNING |    ⚠ Blocked (403) retry 1
2026-09-29 02:12:19,404 | INFO | 🌐 Session warmed
2026-09-29 02:12:19,447 | INFO |    ↳ Status 403
2026-09-29 02:12:19,447 | WARNING |    ⚠ Blocked (403) retry 3
2026-09-29 02:12:19,516 | INFO | 🌐 Session warmed
2026-09-29 02:12:20,279 | INFO |    ↳ Status 403
2026-09-29 02:12:20,279 | WARNING |    ⚠ Blocked (403) retry 2
2026-09-29 02:12:20,345 | INFO | 🌐 Session warmed
2026-09-29 02:12:21,476 | INFO |    ↳ Status 403
2026-09-29 02:12:21,476 | WARNING |    ⚠ Blocked (403) retry 2
2026-09-29 02:12:21,551 | INFO | 🌐 Session warmed
2026-09-29 02:12:21,616 | INFO |    ↳ Status 403
2026-09-29 02:12:21,616 | WARNING |    ⚠ Blocked (403) retry 2
2026-09-29 02:12:21,687 | INFO | 🌐 Session warmed
2026-09-29 02:12:23,204 | INFO |    ↳ Status 403
2026-09-29 02:12:23,204 | WARNING |    ⚠ Blocked (403) retry 3
2026-09-29 02:12:23,345 | INFO | 🌐 Session warmed
2026-09-29 02:12:23,517 | INFO | [169/1901] Fetching Barabanki (BARK)
2026-09-29 02:12:24,773 | INFO |    ↳ Status 403
2026-09-29 02:12:24,773 | WARNING |    ⚠ Blocked (403) retry 1
2026-09-29 02:12:24,792 | INFO |    ↳ Status 403
2026-09-29 02:12:24,792 | WARNING |    ⚠ Blocked (403) retry 3
2026-09-29 02:12:24,868 | INFO | 🌐 Session warmed
2026-09-29 02:12:24,872 | INFO | 🌐 Session warmed
2026-09-29 02:12:24,962 | INFO |    ↳ Status 403
2026-09-29 02:12:24,962 | WARNING |    ⚠ Blocked (403) retry 3
2026-09-29 02:12:25,030 | INFO | 🌐 Session warmed
2026-09-29 02:12:26,587 | INFO |    ↳ Status 403
2026-09-29 02:12:26,588 | WARNING |    ⚠ Blocked (403) retry 2
2026-09-29 02:12:26,665 | INFO | 🌐 Session warmed
2026-09-29 02:12:27,345 | INFO | [170/1901] Fetching Baramati (BARA)
2026-09-29 02:12:28,068 | INFO |    ↳ Status 403
2026-09-29 02:12:28,068 | WARNING |    ⚠ Blocked (403) retry 1
2026-09-29 02:12:28,149 | INFO | 🌐 Session warmed
2026-09-29 02:12:28,872 | INFO | [171/1901] Fetching Baramulla (BRML)
2026-09-29 02:12:29,031 | INFO | [172/1901] Fetching Baran (BARN)
2026-09-29 02:12:29,873 | INFO |    ↳ Status 403
2026-09-29 02:12:29,873 | WARNING |    ⚠ Blocked (403) retry 1
2026-09-29 02:12:29,900 | INFO |    ↳ Status 403
2026-09-29 02:12:29,901 | WARNING |    ⚠ Blocked (403) retry 3
2026-09-29 02:12:29,948 | INFO | 🌐 Session warmed
2026-09-29 02:12:29,977 | INFO | 🌐 Session warmed
2026-09-29 02:12:30,044 | INFO |    ↳ Status 403
2026-09-29 02:12:30,044 | WARNING |    ⚠ Blocked (403) retry 1
2026-09-29 02:12:30,121 | INFO | 🌐 Session warmed
2026-09-29 02:12:30,324 | INFO |    ↳ Status 403
2026-09-29 02:12:30,324 | WARNING |    ⚠ Blocked (403) retry 2
2026-09-29 02:12:30,392 | INFO | 🌐 Session warmed
2026-09-29 02:12:31,746 | INFO |    ↳ Status 403
2026-09-29 02:12:31,746 | WARNING |    ⚠ Blocked (403) retry 2
2026-09-29 02:12:31,813 | INFO | 🌐 Session warmed
2026-09-29 02:12:31,831 | INFO |    ↳ Status 403
2026-09-29 02:12:31,831 | WARNING |    ⚠ Blocked (403) retry 2
2026-09-29 02:12:31,905 | INFO | 🌐 Session warmed
2026-09-29 02:12:33,287 | INFO |    ↳ Status 403
2026-09-29 02:12:33,287 | WARNING |    ⚠ Blocked (403) retry 3
2026-09-29 02:12:33,378 | INFO | 🌐 Session warmed
2026-09-29 02:12:33,978 | INFO | [173/1901] Fetching Barasat (BSRT)
2026-09-29 02:12:34,610 | INFO |    ↳ Status 403
2026-09-29 02:12:34,610 | WARNING |    ⚠ Blocked (403) retry 1
2026-09-29 02:12:34,690 | INFO | 🌐 Session warmed
2026-09-29 02:12:34,814 | INFO |    ↳ Status 403
2026-09-29 02:12:34,814 | WARNING |    ⚠ Blocked (403) retry 3
2026-09-29 02:12:34,882 | INFO | 🌐 Session warmed
2026-09-29 02:12:34,915 | INFO |    ↳ Status 403
2026-09-29 02:12:34,916 | WARNING |    ⚠ Blocked (403) retry 3
2026-09-29 02:12:34,998 | INFO | 🌐 Session warmed
2026-09-29 02:12:36,687 | INFO |    ↳ Status 403
2026-09-29 02:12:36,687 | WARNING |    ⚠ Blocked (403) retry 2
2026-09-29 02:12:36,753 | INFO | 🌐 Session warmed
2026-09-29 02:12:37,378 | INFO | [174/1901] Fetching Baraut (BARL)
2026-09-29 02:12:38,564 | INFO |    ↳ Status 403
2026-09-29 02:12:38,564 | WARNING |    ⚠ Blocked (403) retry 1
2026-09-29 02:12:38,637 | INFO | 🌐 Session warmed
2026-09-29 02:12:38,882 | INFO | [175/1901] Fetching Barbil (BABR)
2026-09-29 02:12:38,998 | INFO | [176/1901] Fetching Bardoli (BRDL)
2026-09-29 02:12:39,861 | INFO |    ↳ Status 403
2026-09-29 02:12:39,861 | WARNING |    ⚠ Blocked (403) retry 3
2026-09-29 02:12:39,929 | INFO | 🌐 Session warmed
2026-09-29 02:12:40,036 | INFO |    ↳ Status 403
2026-09-29 02:12:40,036 | WARNING |    ⚠ Blocked (403) retry 1
2026-09-29 02:12:40,113 | INFO | 🌐 Session warmed
2026-09-29 02:12:40,221 | INFO |    ↳ Status 403
2026-09-29 02:12:40,221 | WARNING |    ⚠ Blocked (403) retry 1
2026-09-29 02:12:40,292 | INFO | 🌐 Session warmed
2026-09-29 02:12:40,918 | INFO |    ↳ Status 403
2026-09-29 02:12:40,918 | WARNING |    ⚠ Blocked (403) retry 2
2026-09-29 02:12:40,983 | INFO | 🌐 Session warmed
2026-09-29 02:12:41,930 | INFO |    ↳ Status 403
2026-09-29 02:12:41,931 | WARNING |    ⚠ Blocked (403) retry 2
2026-09-29 02:12:42,010 | INFO | 🌐 Session warmed
2026-09-29 02:12:42,308 | INFO |    ↳ Status 403
2026-09-29 02:12:42,308 | WARNING |    ⚠ Blocked (403) retry 2
2026-09-29 02:12:42,395 | INFO | 🌐 Session warmed
2026-09-29 02:12:43,745 | INFO |    ↳ Status 403
2026-09-29 02:12:43,745 | WARNING |    ⚠ Blocked (403) retry 3
2026-09-29 02:12:43,813 | INFO | 🌐 Session warmed
2026-09-29 02:12:43,929 | INFO | [177/1901] Fetching Bareilly (BARE)
2026-09-29 02:12:44,596 | INFO |    ↳ Status 403
2026-09-29 02:12:44,596 | WARNING |    ⚠ Blocked (403) retry 1
2026-09-29 02:12:44,681 | INFO | 🌐 Session warmed
2026-09-29 02:12:45,133 | INFO |    ↳ Status 403
2026-09-29 02:12:45,133 | WARNING |    ⚠ Blocked (403) retry 3
2026-09-29 02:12:45,202 | INFO | 🌐 Session warmed
2026-09-29 02:12:45,257 | INFO |    ↳ Status 403
2026-09-29 02:12:45,257 | WARNING |    ⚠ Blocked (403) retry 3
2026-09-29 02:12:45,322 | INFO | 🌐 Session warmed
2026-09-29 02:12:46,354 | INFO |    ↳ Status 403
2026-09-29 02:12:46,355 | WARNING |    ⚠ Blocked (403) retry 2
2026-09-29 02:12:46,428 | INFO | 🌐 Session warmed
2026-09-29 02:12:47,813 | INFO | [178/1901] Fetching Bareja (BEJA)
2026-09-29 02:12:48,619 | INFO |    ↳ Status 403
2026-09-29 02:12:48,619 | WARNING |    ⚠ Blocked (403) retry 1
2026-09-29 02:12:48,688 | INFO | 🌐 Session warmed
2026-09-29 02:12:49,090 | INFO |    ↳ Status 403
2026-09-29 02:12:49,090 | WARNING |    ⚠ Blocked (403) retry 3
2026-09-29 02:12:49,175 | INFO | 🌐 Session warmed
2026-09-29 02:12:49,202 | INFO | [179/1901] Fetching Bargarh (BARG)
2026-09-29 02:12:49,323 | INFO | [180/1901] Fetching Barharwa (BRWA)
2026-09-29 02:12:49,952 | INFO |    ↳ Status 403
2026-09-29 02:12:49,952 | WARNING |    ⚠ Blocked (403) retry 1
2026-09-29 02:12:50,021 | INFO | 🌐 Session warmed
2026-09-29 02:12:50,072 | INFO |    ↳ Status 403
2026-09-29 02:12:50,072 | WARNING |    ⚠ Blocked (403) retry 1
2026-09-29 02:12:50,147 | INFO | 🌐 Session warmed
2026-09-29 02:12:50,750 | INFO |    ↳ Status 403
2026-09-29 02:12:50,750 | WARNING |    ⚠ Blocked (403) retry 2
2026-09-29 02:12:50,819 | INFO | 🌐 Session warmed
2026-09-29 02:12:52,301 | INFO |    ↳ Status 403
2026-09-29 02:12:52,302 | WARNING |    ⚠ Blocked (403) retry 2
2026-09-29 02:12:52,357 | INFO |    ↳ Status 403
2026-09-29 02:12:52,357 | WARNING |    ⚠ Blocked (403) retry 2
2026-09-29 02:12:52,375 | INFO | 🌐 Session warmed
2026-09-29 02:12:52,423 | INFO | 🌐 Session warmed
2026-09-29 02:12:53,176 | INFO | [181/1901] Fetching Barhi (BHAI)
2026-09-29 02:12:53,751 | INFO |    ↳ Status 403
2026-09-29 02:12:53,751 | WARNING |    ⚠ Blocked (403) retry 3
2026-09-29 02:12:53,831 | INFO | 🌐 Session warmed
2026-09-29 02:12:54,207 | INFO |    ↳ Status 403
2026-09-29 02:12:54,207 | WARNING |    ⚠ Blocked (403) retry 1
2026-09-29 02:12:54,276 | INFO | 🌐 Session warmed
2026-09-29 02:12:55,569 | INFO |    ↳ Status 403
2026-09-29 02:12:55,569 | WARNING |    ⚠ Blocked (403) retry 3
2026-09-29 02:12:55,649 | INFO | 🌐 Session warmed
2026-09-29 02:12:55,696 | INFO |    ↳ Status 403
2026-09-29 02:12:55,696 | WARNING |    ⚠ Blocked (403) retry 3
2026-09-29 02:12:55,766 | INFO | 🌐 Session warmed
2026-09-29 02:12:56,542 | INFO |    ↳ Status 403
2026-09-29 02:12:56,542 | WARNING |    ⚠ Blocked (403) retry 2
2026-09-29 02:12:56,609 | INFO | 🌐 Session warmed
2026-09-29 02:12:57,831 | INFO | [182/1901] Fetching Baripada (BARI)
2026-09-29 02:12:58,919 | INFO |    ↳ Status 403
2026-09-29 02:12:58,919 | WARNING |    ⚠ Blocked (403) retry 1
2026-09-29 02:12:58,992 | INFO | 🌐 Session warmed
2026-09-29 02:12:59,649 | INFO | [183/1901] Fetching Barmer (BARM)
2026-09-29 02:12:59,670 | INFO |    ↳ Status 403
2026-09-29 02:12:59,670 | WARNING |    ⚠ Blocked (403) retry 3
2026-09-29 02:12:59,739 | INFO | 🌐 Session warmed
2026-09-29 02:12:59,766 | INFO | [184/1901] Fetching Barnala (BAR)
2026-09-29 02:13:00,619 | INFO |    ↳ Status 403
2026-09-29 02:13:00,619 | WARNING |    ⚠ Blocked (403) retry 1
2026-09-29 02:13:00,688 | INFO | 🌐 Session warmed
2026-09-29 02:13:01,019 | INFO |    ↳ Status 403
2026-09-29 02:13:01,019 | WARNING |    ⚠ Blocked (403) retry 1
2026-09-29 02:13:01,092 | INFO | 🌐 Session warmed
2026-09-29 02:13:01,204 | INFO |    ↳ Status 403
2026-09-29 02:13:01,205 | WARNING |    ⚠ Blocked (403) retry 2
2026-09-29 02:13:01,279 | INFO | 🌐 Session warmed
2026-09-29 02:13:03,050 | INFO |    ↳ Status 403
2026-09-29 02:13:03,050 | WARNING |    ⚠ Blocked (403) retry 2
2026-09-29 02:13:03,062 | INFO |    ↳ Status 403
2026-09-29 02:13:03,062 | WARNING |    ⚠ Blocked (403) retry 2
2026-09-29 02:13:03,121 | INFO | 🌐 Session warmed
2026-09-29 02:13:03,137 | INFO | 🌐 Session warmed
2026-09-29 02:13:03,740 | INFO | [185/1901] Fetching Barpeta Road (BRPD)
2026-09-29 02:13:04,161 | INFO |    ↳ Status 403
2026-09-29 02:13:04,162 | WARNING |    ⚠ Blocked (403) retry 3
2026-09-29 02:13:04,245 | INFO | 🌐 Session warmed
2026-09-29 02:13:04,705 | INFO |    ↳ Status 403
2026-09-29 02:13:04,705 | WARNING |    ⚠ Blocked (403) retry 1
2026-09-29 02:13:04,793 | INFO | 🌐 Session warmed
2026-09-29 02:13:05,859 | INFO |    ↳ Status 403
2026-09-29 02:13:05,859 | WARNING |    ⚠ Blocked (403) retry 3
2026-09-29 02:13:05,934 | INFO | 🌐 Session warmed
2026-09-29 02:13:06,241 | INFO |    ↳ Status 403
2026-09-29 02:13:06,241 | WARNING |    ⚠ Blocked (403) retry 3
2026-09-29 02:13:06,310 | INFO | 🌐 Session warmed
2026-09-29 02:13:06,584 | INFO |    ↳ Status 403
2026-09-29 02:13:06,584 | WARNING |    ⚠ Blocked (403) retry 2
2026-09-29 02:13:06,654 | INFO | 🌐 Session warmed
2026-09-29 02:13:08,245 | INFO | [186/1901] Fetching Barrackpore (BARR)
2026-09-29 02:13:09,278 | INFO |    ↳ Status 403
2026-09-29 02:13:09,278 | WARNING |    ⚠ Blocked (403) retry 1
2026-09-29 02:13:09,348 | INFO | 🌐 Session warmed
2026-09-29 02:13:09,451 | INFO |    ↳ Status 403
2026-09-29 02:13:09,451 | WARNING |    ⚠ Blocked (403) retry 3
2026-09-29 02:13:09,524 | INFO | 🌐 Session warmed
2026-09-29 02:13:09,934 | INFO | [187/1901] Fetching Barshi (BRHI)
2026-09-29 02:13:10,310 | INFO | [188/1901] Fetching Baruipur (BARU)
2026-09-29 02:13:11,169 | INFO |    ↳ Status 403
2026-09-29 02:13:11,169 | WARNING |    ⚠ Blocked (403) retry 1
2026-09-29 02:13:11,237 | INFO | 🌐 Session warmed
2026-09-29 02:13:11,324 | INFO |    ↳ Status 403
2026-09-29 02:13:11,325 | WARNING |    ⚠ Blocked (403) retry 2
2026-09-29 02:13:11,404 | INFO | 🌐 Session warmed
2026-09-29 02:13:11,442 | INFO |    ↳ Status 403
2026-09-29 02:13:11,442 | WARNING |    ⚠ Blocked (403) retry 1
2026-09-29 02:13:11,518 | INFO | 🌐 Session warmed
2026-09-29 02:13:13,481 | INFO |    ↳ Status 403
2026-09-29 02:13:13,481 | WARNING |    ⚠ Blocked (403) retry 2
2026-09-29 02:13:13,519 | INFO |    ↳ Status 403
2026-09-29 02:13:13,519 | WARNING |    ⚠ Blocked (403) retry 2
2026-09-29 02:13:13,524 | INFO | [189/1901] Fetching Barwadih (BARQ)
2026-09-29 02:13:13,558 | INFO | 🌐 Session warmed
2026-09-29 02:13:13,591 | INFO | 🌐 Session warmed
2026-09-29 02:13:14,531 | INFO |    ↳ Status 403
2026-09-29 02:13:14,531 | WARNING |    ⚠ Blocked (403) retry 3
2026-09-29 02:13:14,606 | INFO | 🌐 Session warmed
2026-09-29 02:13:14,839 | INFO |    ↳ Status 403
2026-09-29 02:13:14,839 | WARNING |    ⚠ Blocked (403) retry 1
2026-09-29 02:13:14,908 | INFO | 🌐 Session warmed
2026-09-29 02:13:16,530 | INFO |    ↳ Status 403
2026-09-29 02:13:16,530 | WARNING |    ⚠ Blocked (403) retry 3
2026-09-29 02:13:16,599 | INFO | 🌐 Session warmed
2026-09-29 02:13:16,678 | INFO |    ↳ Status 403
2026-09-29 02:13:16,679 | WARNING |    ⚠ Blocked (403) retry 3
2026-09-29 02:13:16,746 | INFO | 🌐 Session warmed
2026-09-29 02:13:16,798 | INFO |    ↳ Status 403
2026-09-29 02:13:16,798 | WARNING |    ⚠ Blocked (403) retry 2
2026-09-29 02:13:16,907 | INFO | 🌐 Session warmed
2026-09-29 02:13:18,607 | INFO | [190/1901] Fetching Barwaha (BARH)
2026-09-29 02:13:19,339 | INFO |    ↳ Status 403
2026-09-29 02:13:19,339 | WARNING |    ⚠ Blocked (403) retry 1
2026-09-29 02:13:19,412 | INFO | 🌐 Session warmed
2026-09-29 02:13:19,586 | INFO |    ↳ Status 403
2026-09-29 02:13:19,586 | WARNING |    ⚠ Blocked (403) retry 3
2026-09-29 02:13:19,653 | INFO | 🌐 Session warmed
2026-09-29 02:13:20,600 | INFO | [191/1901] Fetching Barwani (BRWN)
2026-09-29 02:13:20,746 | INFO | [192/1901] Fetching Basantpur (BABA)
2026-09-29 02:13:21,592 | INFO |    ↳ Status 403
2026-09-29 02:13:21,592 | WARNING |    ⚠ Blocked (403) retry 1
2026-09-29 02:13:21,661 | INFO | 🌐 Session warmed
2026-09-29 02:13:21,719 | INFO |    ↳ Status 403
2026-09-29 02:13:21,719 | WARNING |    ⚠ Blocked (403) retry 1
2026-09-29 02:13:21,787 | INFO | 🌐 Session warmed
2026-09-29 02:13:21,789 | INFO |    ↳ Status 403
2026-09-29 02:13:21,789 | WARNING |    ⚠ Blocked (403) retry 2
2026-09-29 02:13:21,865 | INFO | 🌐 Session warmed
2026-09-29 02:13:23,382 | INFO |    ↳ Status 403
2026-09-29 02:13:23,382 | WARNING |    ⚠ Blocked (403) retry 2
2026-09-29 02:13:23,457 | INFO | 🌐 Session warmed
2026-09-29 02:13:23,654 | INFO | [193/1901] Fetching Basirhat (BIRH)
2026-09-29 02:13:23,759 | INFO |    ↳ Status 403
2026-09-29 02:13:23,759 | WARNING |    ⚠ Blocked (403) retry 2
2026-09-29 02:13:23,831 | INFO | 🌐 Session warmed
2026-09-29 02:13:24,966 | INFO |    ↳ Status 403
2026-09-29 02:13:24,966 | WARNING |    ⚠ Blocked (403) retry 1
2026-09-29 02:13:25,037 | INFO | 🌐 Session warmed
2026-09-29 02:13:25,046 | INFO |    ↳ Status 403
2026-09-29 02:13:25,047 | WARNING |    ⚠ Blocked (403) retry 3
2026-09-29 02:13:25,116 | INFO | 🌐 Session warmed
2026-09-29 02:13:26,447 | INFO |    ↳ Status 403
2026-09-29 02:13:26,447 | WARNING |    ⚠ Blocked (403) retry 3
2026-09-29 02:13:26,521 | INFO | 🌐 Session warmed
2026-09-29 02:13:27,059 | INFO |    ↳ Status 403
2026-09-29 02:13:27,059 | WARNING |    ⚠ Blocked (403) retry 2
2026-09-29 02:13:27,129 | INFO | 🌐 Session warmed
2026-09-29 02:13:27,130 | INFO |    ↳ Status 403
2026-09-29 02:13:27,130 | WARNING |    ⚠ Blocked (403) retry 3
2026-09-29 02:13:27,203 | INFO | 🌐 Session warmed
2026-09-29 02:13:29,117 | INFO | [194/1901] Fetching Basna (BASN)
2026-09-29 02:13:30,368 | INFO |    ↳ Status 403
2026-09-29 02:13:30,368 | WARNING |    ⚠ Blocked (403) retry 3
2026-09-29 02:13:30,371 | INFO |    ↳ Status 403
2026-09-29 02:13:30,371 | WARNING |    ⚠ Blocked (403) retry 1
2026-09-29 02:13:30,453 | INFO | 🌐 Session warmed
2026-09-29 02:13:30,468 | INFO | 🌐 Session warmed
2026-09-29 02:13:30,522 | INFO | [195/1901] Fetching Basti (BAST)
2026-09-29 02:13:31,203 | INFO | [196/1901] Fetching Bathinda (BHAT)
2026-09-29 02:13:31,893 | INFO |    ↳ Status 403
2026-09-29 02:13:31,893 | WARNING |    ⚠ Blocked (403) retry 1
2026-09-29 02:13:31,964 | INFO | 🌐 Session warmed
2026-09-29 02:13:32,245 | INFO |    ↳ Status 403
2026-09-29 02:13:32,245 | WARNING |    ⚠ Blocked (403) retry 1
2026-09-29 02:13:32,318 | INFO | 🌐 Session warmed
2026-09-29 02:13:32,656 | INFO |    ↳ Status 403
2026-09-29 02:13:32,656 | WARNING |    ⚠ Blocked (403) retry 2
2026-09-29 02:13:32,731 | INFO | 🌐 Session warmed
2026-09-29 02:13:34,065 | INFO |    ↳ Status 403
2026-09-29 02:13:34,065 | WARNING |    ⚠ Blocked (403) retry 2
2026-09-29 02:13:34,139 | INFO | 🌐 Session warmed
2026-09-29 02:13:34,187 | INFO |    ↳ Status 403
2026-09-29 02:13:34,187 | WARNING |    ⚠ Blocked (403) retry 2
2026-09-29 02:13:34,263 | INFO | 🌐 Session warmed
2026-09-29 02:13:34,453 | INFO | [197/1901] Fetching Batlagundu (BTGD)
2026-09-29 02:13:35,236 | INFO |    ↳ Status 403
2026-09-29 02:13:35,236 | WARNING |    ⚠ Blocked (403) retry 1
2026-09-29 02:13:35,312 | INFO | 🌐 Session warmed
2026-09-29 02:13:35,514 | INFO |    ↳ Status 403
2026-09-29 02:13:35,514 | WARNING |    ⚠ Blocked (403) retry 3
2026-09-29 02:13:35,584 | INFO | 🌐 Session warmed
2026-09-29 02:13:36,985 | INFO |    ↳ Status 403
2026-09-29 02:13:36,985 | WARNING |    ⚠ Blocked (403) retry 2
2026-09-29 02:13:37,057 | INFO | 🌐 Session warmed
2026-09-29 02:13:37,421 | INFO |    ↳ Status 403
2026-09-29 02:13:37,421 | WARNING |    ⚠ Blocked (403) retry 3
2026-09-29 02:13:37,498 | INFO | 🌐 Session warmed
2026-09-29 02:13:37,539 | INFO |    ↳ Status 403
2026-09-29 02:13:37,539 | WARNING |    ⚠ Blocked (403) retry 3
2026-09-29 02:13:37,610 | INFO | 🌐 Session warmed
2026-09-29 02:13:39,585 | INFO | [198/1901] Fetching Bavla (BAVL)
2026-09-29 02:13:39,785 | INFO |    ↳ Status 403
2026-09-29 02:13:39,785 | WARNING |    ⚠ Blocked (403) retry 3
2026-09-29 02:13:39,859 | INFO | 🌐 Session warmed
2026-09-29 02:13:40,336 | INFO |    ↳ Status 403
2026-09-29 02:13:40,336 | WARNING |    ⚠ Blocked (403) retry 1
2026-09-29 02:13:40,409 | INFO | 🌐 Session warmed
2026-09-29 02:13:41,498 | INFO | [199/1901] Fetching Bayad (BAYA)
2026-09-29 02:13:41,610 | INFO | [200/1901] Fetching Bayana (BANY)
2026-09-29 02:13:42,666 | INFO |    ↳ Status 403
2026-09-29 02:13:42,666 | WARNING |    ⚠ Blocked (403) retry 2
2026-09-29 02:13:42,677 | INFO |    ↳ Status 403
2026-09-29 02:13:42,677 | WARNING |    ⚠ Blocked (403) retry 1
2026-09-29 02:13:42,736 | INFO | 🌐 Session warmed
2026-09-29 02:13:42,746 | INFO |    ↳ Status 403
2026-09-29 02:13:42,746 | WARNING |    ⚠ Blocked (403) retry 1
2026-09-29 02:13:42,755 | INFO | 🌐 Session warmed
2026-09-29 02:13:42,819 | INFO | 🌐 Session warmed
2026-09-29 02:13:43,860 | INFO | [201/1901] Fetching Bazpur (BAZP)
2026-09-29 02:13:44,784 | INFO |    ↳ Status 403
2026-09-29 02:13:44,784 | WARNING |    ⚠ Blocked (403) retry 1
2026-09-29 02:13:44,856 | INFO | 🌐 Session warmed
2026-09-29 02:13:44,976 | INFO |    ↳ Status 403
2026-09-29 02:13:44,976 | WARNING |    ⚠ Blocked (403) retry 2
2026-09-29 02:13:45,046 | INFO | 🌐 Session warmed
2026-09-29 02:13:45,223 | INFO |    ↳ Status 403
2026-09-29 02:13:45,223 | WARNING |    ⚠ Blocked (403) retry 2
2026-09-29 02:13:45,290 | INFO | 🌐 Session warmed
2026-09-29 02:13:45,976 | INFO |    ↳ Status 403
2026-09-29 02:13:45,976 | WARNING |    ⚠ Blocked (403) retry 3
2026-09-29 02:13:46,048 | INFO | 🌐 Session warmed
2026-09-29 02:13:47,177 | INFO |    ↳ Status 403
2026-09-29 02:13:47,177 | WARNING |    ⚠ Blocked (403) retry 2
2026-09-29 02:13:47,257 | INFO | 🌐 Session warmed
2026-09-29 02:13:47,832 | INFO |    ↳ Status 403
2026-09-29 02:13:47,833 | WARNING |    ⚠ Blocked (403) retry 3
2026-09-29 02:13:47,912 | INFO | 🌐 Session warmed
2026-09-29 02:13:48,551 | INFO |    ↳ Status 403
2026-09-29 02:13:48,551 | WARNING |    ⚠ Blocked (403) retry 3
2026-09-29 02:13:48,625 | INFO | 🌐 Session warmed
2026-09-29 02:13:50,048 | INFO | [202/1901] Fetching Beawar (BEAW)
2026-09-29 02:13:50,407 | INFO |    ↳ Status 403
2026-09-29 02:13:50,407 | WARNING |    ⚠ Blocked (403) retry 3
2026-09-29 02:13:50,473 | INFO | 🌐 Session warmed
2026-09-29 02:13:50,846 | INFO |    ↳ Status 403
2026-09-29 02:13:50,846 | WARNING |    ⚠ Blocked (403) retry 1
2026-09-29 02:13:50,913 | INFO | 🌐 Session warmed
2026-09-29 02:13:51,912 | INFO | [203/1901] Fetching Beed (BEED)
2026-09-29 02:13:52,625 | INFO | [204/1901] Fetching Beguniapada (BEGU)
2026-09-29 02:13:52,880 | INFO |    ↳ Status 403
2026-09-29 02:13:52,880 | WARNING |    ⚠ Blocked (403) retry 1
2026-09-29 02:13:52,956 | INFO | 🌐 Session warmed
2026-09-29 02:13:53,047 | INFO |    ↳ Status 403
2026-09-29 02:13:53,047 | WARNING |    ⚠ Blocked (403) retry 2
2026-09-29 02:13:53,117 | INFO | 🌐 Session warmed
2026-09-29 02:13:53,627 | INFO |    ↳ Status 403
2026-09-29 02:13:53,627 | WARNING |    ⚠ Blocked (403) retry 1
2026-09-29 02:13:53,698 | INFO | 🌐 Session warmed
2026-09-29 02:13:54,473 | INFO | [205/1901] Fetching Begusarai (BEGS)
2026-09-29 02:13:54,626 | INFO |    ↳ Status 403
2026-09-29 02:13:54,626 | WARNING |    ⚠ Blocked (403) retry 2
2026-09-29 02:13:54,794 | INFO | 🌐 Session warmed
2026-09-29 02:13:55,380 | INFO |    ↳ Status 403
2026-09-29 02:13:55,380 | WARNING |    ⚠ Blocked (403) retry 2
2026-09-29 02:13:55,445 | INFO | 🌐 Session warmed
2026-09-29 02:13:55,722 | INFO |    ↳ Status 403
2026-09-29 02:13:55,722 | WARNING |    ⚠ Blocked (403) retry 1
2026-09-29 02:13:55,790 | INFO | 🌐 Session warmed
2026-09-29 02:13:56,325 | INFO |    ↳ Status 403
2026-09-29 02:13:56,325 | WARNING |    ⚠ Blocked (403) retry 3
2026-09-29 02:13:56,399 | INFO | 🌐 Session warmed
2026-09-29 02:13:57,597 | INFO |    ↳ Status 403
2026-09-29 02:13:57,597 | WARNING |    ⚠ Blocked (403) retry 2
2026-09-29 02:13:57,669 | INFO | 🌐 Session warmed
2026-09-29 02:13:57,757 | INFO |    ↳ Status 403
2026-09-29 02:13:57,757 | WARNING |    ⚠ Blocked (403) retry 3
2026-09-29 02:13:57,832 | INFO | 🌐 Session warmed
2026-09-29 02:13:58,381 | INFO |    ↳ Status 403
2026-09-29 02:13:58,381 | WARNING |    ⚠ Blocked (403) retry 3
2026-09-29 02:13:58,456 | INFO | 🌐 Session warmed
2026-09-29 02:14:00,399 | INFO | [206/1901] Fetching Behror (BEHR)
2026-09-29 02:14:00,914 | INFO |    ↳ Status 403
2026-09-29 02:14:00,914 | WARNING |    ⚠ Blocked (403) retry 3
2026-09-29 02:14:00,983 | INFO | 🌐 Session warmed
2026-09-29 02:14:01,763 | INFO |    ↳ Status 403
2026-09-29 02:14:01,763 | WARNING |    ⚠ Blocked (403) retry 1
2026-09-29 02:14:01,831 | INFO | 🌐 Session warmed
2026-09-29 02:14:01,832 | INFO | [207/1901] Fetching Belagavi (Belgaum) (BELG)
2026-09-29 02:14:02,456 | INFO | [208/1901] Fetching Belakavadi (BLVD)
2026-09-29 02:14:02,685 | INFO |    ↳ Status 403
2026-09-29 02:14:02,685 | WARNING |    ⚠ Blocked (403) retry 1
2026-09-29 02:14:02,755 | INFO | 🌐 Session warmed
2026-09-29 02:14:03,276 | INFO |    ↳ Status 403
2026-09-29 02:14:03,277 | WARNING |    ⚠ Blocked (403) retry 1
2026-09-29 02:14:03,352 | INFO | 🌐 Session warmed
2026-09-29 02:14:03,982 | INFO |    ↳ Status 403
2026-09-29 02:14:03,982 | WARNING |    ⚠ Blocked (403) retry 2
2026-09-29 02:14:04,058 | INFO | 🌐 Session warmed
2026-09-29 02:14:04,983 | INFO | [209/1901] Fetching Belghoria (BELB)
2026-09-29 02:14:05,060 | INFO |    ↳ Status 403
2026-09-29 02:14:05,060 | WARNING |    ⚠ Blocked (403) retry 2
2026-09-29 02:14:05,135 | INFO | 🌐 Session warmed
2026-09-29 02:14:05,158 | INFO |    ↳ Status 403
2026-09-29 02:14:05,158 | WARNING |    ⚠ Blocked (403) retry 2
2026-09-29 02:14:05,230 | INFO | 🌐 Session warmed
2026-09-29 02:14:05,750 | INFO |    ↳ Status 403
2026-09-29 02:14:05,750 | WARNING |    ⚠ Blocked (403) retry 1
2026-09-29 02:14:05,817 | INFO | 🌐 Session warmed
2026-09-29 02:14:06,874 | INFO |    ↳ Status 403
2026-09-29 02:14:06,874 | WARNING |    ⚠ Blocked (403) retry 3
2026-09-29 02:14:06,947 | INFO | 🌐 Session warmed
2026-09-29 02:14:07,699 | INFO |    ↳ Status 403
2026-09-29 02:14:07,699 | WARNING |    ⚠ Blocked (403) retry 2
2026-09-29 02:14:07,767 | INFO | 🌐 Session warmed
2026-09-29 02:14:07,874 | INFO |    ↳ Status 403
2026-09-29 02:14:07,874 | WARNING |    ⚠ Blocked (403) retry 3
2026-09-29 02:14:07,943 | INFO | 🌐 Session warmed
2026-09-29 02:14:07,950 | INFO |    ↳ Status 403
2026-09-29 02:14:07,950 | WARNING |    ⚠ Blocked (403) retry 3
2026-09-29 02:14:08,025 | INFO | 🌐 Session warmed
2026-09-29 02:14:10,425 | INFO |    ↳ Status 403
2026-09-29 02:14:10,425 | WARNING |    ⚠ Blocked (403) retry 3
2026-09-29 02:14:10,500 | INFO | 🌐 Session warmed
2026-09-29 02:14:10,948 | INFO | [210/1901] Fetching Bellampalli (BELL)
2026-09-29 02:14:11,943 | INFO | [211/1901] Fetching Bellary (BLRY)
2026-09-29 02:14:12,026 | INFO | [212/1901] Fetching Belur (BELU)
2026-09-29 02:14:12,285 | INFO |    ↳ Status 403
2026-09-29 02:14:12,285 | WARNING |    ⚠ Blocked (403) retry 1
2026-09-29 02:14:12,363 | INFO | 🌐 Session warmed
2026-09-29 02:14:12,621 | INFO |    ↳ Status 403
2026-09-29 02:14:12,621 | WARNING |    ⚠ Blocked (403) retry 1
2026-09-29 02:14:12,694 | INFO | 🌐 Session warmed
2026-09-29 02:14:12,903 | INFO |    ↳ Status 403
2026-09-29 02:14:12,904 | WARNING |    ⚠ Blocked (403) retry 1
2026-09-29 02:14:12,975 | INFO | 🌐 Session warmed
2026-09-29 02:14:14,033 | INFO |    ↳ Status 403
2026-09-29 02:14:14,034 | WARNING |    ⚠ Blocked (403) retry 2
2026-09-29 02:14:14,110 | INFO | 🌐 Session warmed
2026-09-29 02:14:14,380 | INFO |    ↳ Status 403
2026-09-29 02:14:14,380 | WARNING |    ⚠ Blocked (403) retry 2
2026-09-29 02:14:14,447 | INFO | 🌐 Session warmed
2026-09-29 02:14:14,500 | INFO | [213/1901] Fetching Bemetara (BMTA)
2026-09-29 02:14:14,969 | INFO |    ↳ Status 403
2026-09-29 02:14:14,969 | WARNING |    ⚠ Blocked (403) retry 2
2026-09-29 02:14:15,035 | INFO | 🌐 Session warmed
2026-09-29 02:14:15,288 | INFO |    ↳ Status 403
2026-09-29 02:14:15,288 | WARNING |    ⚠ Blocked (403) retry 1
2026-09-29 02:14:15,367 | INFO | 🌐 Session warmed
2026-09-29 02:14:16,738 | INFO |    ↳ Status 403
2026-09-29 02:14:16,738 | WARNING |    ⚠ Blocked (403) retry 3
2026-09-29 02:14:16,816 | INFO | 🌐 Session warmed
2026-09-29 02:14:17,303 | INFO |    ↳ Status 403
2026-09-29 02:14:17,303 | WARNING |    ⚠ Blocked (403) retry 2
2026-09-29 02:14:17,388 | INFO | 🌐 Session warmed
2026-09-29 02:14:17,810 | INFO |    ↳ Status 403
2026-09-29 02:14:17,810 | WARNING |    ⚠ Blocked (403) retry 3
2026-09-29 02:14:17,880 | INFO | 🌐 Session warmed
2026-09-29 02:14:18,180 | INFO |    ↳ Status 403
2026-09-29 02:14:18,180 | WARNING |    ⚠ Blocked (403) retry 3
2026-09-29 02:14:18,261 | INFO | 🌐 Session warmed
2026-09-29 02:14:20,694 | INFO |    ↳ Status 403
2026-09-29 02:14:20,694 | WARNING |    ⚠ Blocked (403) retry 3
2026-09-29 02:14:20,763 | INFO | 🌐 Session warmed
2026-09-29 02:14:20,816 | INFO | [214/1901] Fetching Berachampa (BRAC)
2026-09-29 02:14:21,540 | INFO |    ↳ Status 403
2026-09-29 02:14:21,540 | WARNING |    ⚠ Blocked (403) retry 1
2026-09-29 02:14:21,608 | INFO | 🌐 Session warmed
2026-09-29 02:14:21,880 | INFO | [215/1901] Fetching Berhampore (W.B.) (BEHA)
2026-09-29 02:14:22,261 | INFO | [216/1901] Fetching Berhampur (Odisha) (BERP)
2026-09-29 02:14:22,915 | INFO |    ↳ Status 403
2026-09-29 02:14:22,916 | WARNING |    ⚠ Blocked (403) retry 1
2026-09-29 02:14:22,984 | INFO | 🌐 Session warmed
2026-09-29 02:14:23,440 | INFO |    ↳ Status 403
2026-09-29 02:14:23,440 | WARNING |    ⚠ Blocked (403) retry 1
2026-09-29 02:14:23,514 | INFO | 🌐 Session warmed
2026-09-29 02:14:23,784 | INFO |    ↳ Status 403
2026-09-29 02:14:23,784 | WARNING |    ⚠ Blocked (403) retry 2
2026-09-29 02:14:23,853 | INFO | 🌐 Session warmed
2026-09-29 02:14:24,763 | INFO | [217/1901] Fetching Bestavaripeta (BEST)
2026-09-29 02:14:25,109 | INFO |    ↳ Status 403
2026-09-29 02:14:25,109 | WARNING |    ⚠ Blocked (403) retry 2
2026-09-29 02:14:25,174 | INFO |    ↳ Status 403
2026-09-29 02:14:25,174 | WARNING |    ⚠ Blocked (403) retry 2
2026-09-29 02:14:25,176 | INFO | 🌐 Session warmed
2026-09-29 02:14:25,243 | INFO | 🌐 Session warmed
2026-09-29 02:14:25,513 | INFO |    ↳ Status 403
2026-09-29 02:14:25,513 | WARNING |    ⚠ Blocked (403) retry 1
2026-09-29 02:14:25,588 | INFO | 🌐 Session warmed
2026-09-29 02:14:27,266 | INFO |    ↳ Status 403
2026-09-29 02:14:27,266 | WARNING |    ⚠ Blocked (403) retry 3
2026-09-29 02:14:27,331 | INFO | 🌐 Session warmed
2026-09-29 02:14:27,503 | INFO |    ↳ Status 403
2026-09-29 02:14:27,503 | WARNING |    ⚠ Blocked (403) retry 2
2026-09-29 02:14:27,587 | INFO | 🌐 Session warmed
2026-09-29 02:14:28,491 | INFO |    ↳ Status 403
2026-09-29 02:14:28,491 | WARNING |    ⚠ Blocked (403) retry 3
2026-09-29 02:14:28,561 | INFO | 🌐 Session warmed
2026-09-29 02:14:28,622 | INFO |    ↳ Status 403
2026-09-29 02:14:28,622 | WARNING |    ⚠ Blocked (403) retry 3
2026-09-29 02:14:28,694 | INFO | 🌐 Session warmed
2026-09-29 02:14:30,320 | INFO |    ↳ Status 403
2026-09-29 02:14:30,320 | WARNING |    ⚠ Blocked (403) retry 3
2026-09-29 02:14:30,399 | INFO | 🌐 Session warmed
2026-09-29 02:14:31,332 | INFO | [218/1901] Fetching Betalbatim (BTBM)
2026-09-29 02:14:31,980 | INFO |    ↳ Status 403
2026-09-29 02:14:31,981 | WARNING |    ⚠ Blocked (403) retry 1
2026-09-29 02:14:32,056 | INFO | 🌐 Session warmed
2026-09-29 02:14:32,561 | INFO | [219/1901] Fetching Betberia (BETB)
2026-09-29 02:14:32,694 | INFO | [220/1901] Fetching Bethamcherla (BETH)
2026-09-29 02:14:33,724 | INFO |    ↳ Status 403
2026-09-29 02:14:33,724 | WARNING |    ⚠ Blocked (403) retry 1
2026-09-29 02:14:33,795 | INFO | 🌐 Session warmed
2026-09-29 02:14:33,828 | INFO |    ↳ Status 403
2026-09-29 02:14:33,828 | WARNING |    ⚠ Blocked (403) retry 1
2026-09-29 02:14:33,896 | INFO | 🌐 Session warmed
2026-09-29 02:14:34,122 | INFO |    ↳ Status 403
2026-09-29 02:14:34,122 | WARNING |    ⚠ Blocked (403) retry 2
2026-09-29 02:14:34,201 | INFO | 🌐 Session warmed
2026-09-29 02:14:34,399 | INFO | [221/1901] Fetching Bettiah (BETA)
2026-09-29 02:14:35,445 | INFO |    ↳ Status 403
2026-09-29 02:14:35,446 | WARNING |    ⚠ Blocked (403) retry 2
2026-09-29 02:14:35,519 | INFO | 🌐 Session warmed
2026-09-29 02:14:35,529 | INFO |    ↳ Status 403
2026-09-29 02:14:35,529 | WARNING |    ⚠ Blocked (403) retry 1
2026-09-29 02:14:35,600 | INFO | 🌐 Session warmed
2026-09-29 02:14:35,736 | INFO |    ↳ Status 403
2026-09-29 02:14:35,736 | WARNING |    ⚠ Blocked (403) retry 2
2026-09-29 02:14:35,824 | INFO | 🌐 Session warmed
2026-09-29 02:14:37,258 | INFO |    ↳ Status 403
2026-09-29 02:14:37,258 | WARNING |    ⚠ Blocked (403) retry 3
2026-09-29 02:14:37,328 | INFO | 🌐 Session warmed
2026-09-29 02:14:38,017 | INFO |    ↳ Status 403
2026-09-29 02:14:38,017 | WARNING |    ⚠ Blocked (403) retry 2
2026-09-29 02:14:38,084 | INFO | 🌐 Session warmed
2026-09-29 02:14:38,492 | INFO |    ↳ Status 403
2026-09-29 02:14:38,492 | WARNING |    ⚠ Blocked (403) retry 3
2026-09-29 02:14:38,562 | INFO | 🌐 Session warmed
2026-09-29 02:14:38,702 | INFO |    ↳ Status 403
2026-09-29 02:14:38,702 | WARNING |    ⚠ Blocked (403) retry 3
2026-09-29 02:14:38,791 | INFO | 🌐 Session warmed
2026-09-29 02:14:41,084 | INFO |    ↳ Status 403
2026-09-29 02:14:41,085 | WARNING |    ⚠ Blocked (403) retry 3
2026-09-29 02:14:41,155 | INFO | 🌐 Session warmed
2026-09-29 02:14:41,328 | INFO | [222/1901] Fetching Betul (BETU)
2026-09-29 02:14:42,562 | INFO | [223/1901] Fetching Bhadrachalam (BHDR)
2026-09-29 02:14:42,636 | INFO |    ↳ Status 403
2026-09-29 02:14:42,636 | WARNING |    ⚠ Blocked (403) retry 1
2026-09-29 02:14:42,703 | INFO | 🌐 Session warmed
2026-09-29 02:14:42,791 | INFO | [224/1901] Fetching Bhadrak (BHAD)
2026-09-29 02:14:43,428 | INFO |    ↳ Status 403
2026-09-29 02:14:43,428 | WARNING |    ⚠ Blocked (403) retry 1
2026-09-29 02:14:43,512 | INFO | 🌐 Session warmed
2026-09-29 02:14:43,796 | INFO |    ↳ Status 403
2026-09-29 02:14:43,796 | WARNING |    ⚠ Blocked (403) retry 1
2026-09-29 02:14:43,867 | INFO | 🌐 Session warmed
2026-09-29 02:14:44,509 | INFO |    ↳ Status 403
2026-09-29 02:14:44,509 | WARNING |    ⚠ Blocked (403) retry 2
2026-09-29 02:14:44,577 | INFO | 🌐 Session warmed
2026-09-29 02:14:45,155 | INFO | [225/1901] Fetching Bhadravati (BDVT)
2026-09-29 02:14:45,446 | INFO |    ↳ Status 403
2026-09-29 02:14:45,446 | WARNING |    ⚠ Blocked (403) retry 2
2026-09-29 02:14:45,525 | INFO | 🌐 Session warmed
2026-09-29 02:14:45,686 | INFO |    ↳ Status 403
2026-09-29 02:14:45,686 | WARNING |    ⚠ Blocked (403) retry 2
2026-09-29 02:14:45,762 | INFO | 🌐 Session warmed
2026-09-29 02:14:45,890 | INFO |    ↳ Status 403
2026-09-29 02:14:45,890 | WARNING |    ⚠ Blocked (403) retry 1
2026-09-29 02:14:45,973 | INFO | 🌐 Session warmed
2026-09-29 02:14:47,225 | INFO |    ↳ Status 403
2026-09-29 02:14:47,225 | WARNING |    ⚠ Blocked (403) retry 3
2026-09-29 02:14:47,293 | INFO | 🌐 Session warmed
2026-09-29 02:14:48,386 | INFO |    ↳ Status 403
2026-09-29 02:14:48,386 | WARNING |    ⚠ Blocked (403) retry 2
2026-09-29 02:14:48,463 | INFO | 🌐 Session warmed
2026-09-29 02:14:48,937 | INFO |    ↳ Status 403
2026-09-29 02:14:48,937 | WARNING |    ⚠ Blocked (403) retry 3
2026-09-29 02:14:48,990 | INFO |    ↳ Status 403
2026-09-29 02:14:48,990 | WARNING |    ⚠ Blocked (403) retry 3
2026-09-29 02:14:49,013 | INFO | 🌐 Session warmed
2026-09-29 02:14:49,058 | INFO | 🌐 Session warmed
2026-09-29 02:14:51,293 | INFO | [226/1901] Fetching Bhagalpur (BHAG)
2026-09-29 02:14:51,595 | INFO |    ↳ Status 403
2026-09-29 02:14:51,595 | WARNING |    ⚠ Blocked (403) retry 3
2026-09-29 02:14:51,668 | INFO | 🌐 Session warmed
2026-09-29 02:14:52,412 | INFO |    ↳ Status 403
2026-09-29 02:14:52,412 | WARNING |    ⚠ Blocked (403) retry 1
2026-09-29 02:14:52,485 | INFO | 🌐 Session warmed
2026-09-29 02:14:53,013 | INFO | [227/1901] Fetching Bhainsa (BHAN)
2026-09-29 02:14:53,059 | INFO | [228/1901] Fetching Bhandara (BHAA)
2026-09-29 02:14:54,169 | INFO |    ↳ Status 403
2026-09-29 02:14:54,169 | WARNING |    ⚠ Blocked (403) retry 1
2026-09-29 02:14:54,236 | INFO | 🌐 Session warmed
2026-09-29 02:14:54,334 | INFO |    ↳ Status 403
2026-09-29 02:14:54,334 | WARNING |    ⚠ Blocked (403) retry 1
2026-09-29 02:14:54,403 | INFO | 🌐 Session warmed
2026-09-29 02:14:54,607 | INFO |    ↳ Status 403
2026-09-29 02:14:54,608 | WARNING |    ⚠ Blocked (403) retry 2
2026-09-29 02:14:54,683 | INFO | 🌐 Session warmed
2026-09-29 02:14:55,668 | INFO | [229/1901] Fetching Bharamasagara (BASA)
2026-09-29 02:14:56,074 | INFO |    ↳ Status 403
2026-09-29 02:14:56,075 | WARNING |    ⚠ Blocked (403) retry 2
2026-09-29 02:14:56,152 | INFO | 🌐 Session warmed
2026-09-29 02:14:56,473 | INFO |    ↳ Status 403
2026-09-29 02:14:56,473 | WARNING |    ⚠ Blocked (403) retry 1
2026-09-29 02:14:56,539 | INFO | 🌐 Session warmed
2026-09-29 02:14:56,718 | INFO |    ↳ Status 403
2026-09-29 02:14:56,718 | WARNING |    ⚠ Blocked (403) retry 2
2026-09-29 02:14:56,793 | INFO | 🌐 Session warmed
2026-09-29 02:14:58,032 | INFO |    ↳ Status 403
2026-09-29 02:14:58,032 | WARNING |    ⚠ Blocked (403) retry 3
2026-09-29 02:14:58,105 | INFO | 🌐 Session warmed
2026-09-29 02:14:58,870 | INFO |    ↳ Status 403
2026-09-29 02:14:58,870 | WARNING |    ⚠ Blocked (403) retry 2
2026-09-29 02:14:58,947 | INFO | 🌐 Session warmed
2026-09-29 02:14:59,398 | INFO |    ↳ Status 403
2026-09-29 02:14:59,399 | WARNING |    ⚠ Blocked (403) retry 3
2026-09-29 02:14:59,467 | INFO | 🌐 Session warmed
2026-09-29 02:14:59,542 | INFO |    ↳ Status 403
2026-09-29 02:14:59,542 | WARNING |    ⚠ Blocked (403) retry 3
2026-09-29 02:14:59,614 | INFO | 🌐 Session warmed
2026-09-29 02:15:02,105 | INFO | [230/1901] Fetching Bharatpur (BHRT)
2026-09-29 02:15:02,148 | INFO |    ↳ Status 403
2026-09-29 02:15:02,148 | WARNING |    ⚠ Blocked (403) retry 3
2026-09-29 02:15:02,217 | INFO | 🌐 Session warmed
2026-09-29 02:15:03,420 | INFO |    ↳ Status 403
2026-09-29 02:15:03,420 | WARNING |    ⚠ Blocked (403) retry 1
2026-09-29 02:15:03,467 | INFO | [231/1901] Fetching Bharuch (BHAR)
2026-09-29 02:15:03,492 | INFO | 🌐 Session warmed
2026-09-29 02:15:03,614 | INFO | [232/1901] Fetching Bhatapara (BTAP)
2026-09-29 02:15:04,777 | INFO |    ↳ Status 403
2026-09-29 02:15:04,777 | WARNING |    ⚠ Blocked (403) retry 1
2026-09-29 02:15:04,818 | INFO |    ↳ Status 403
2026-09-29 02:15:04,818 | WARNING |    ⚠ Blocked (403) retry 1
2026-09-29 02:15:04,845 | INFO | 🌐 Session warmed
2026-09-29 02:15:04,889 | INFO | 🌐 Session warmed
2026-09-29 02:15:05,739 | INFO |    ↳ Status 403
2026-09-29 02:15:05,739 | WARNING |    ⚠ Blocked (403) retry 2
2026-09-29 02:15:05,810 | INFO | 🌐 Session warmed
2026-09-29 02:15:06,218 | INFO | [233/1901] Fetching Bhatgaon (BHAZ)
2026-09-29 02:15:06,794 | INFO |    ↳ Status 403
2026-09-29 02:15:06,794 | WARNING |    ⚠ Blocked (403) retry 2
2026-09-29 02:15:06,865 | INFO | 🌐 Session warmed
2026-09-29 02:15:06,945 | INFO |    ↳ Status 403
2026-09-29 02:15:06,945 | WARNING |    ⚠ Blocked (403) retry 2
2026-09-29 02:15:07,022 | INFO | 🌐 Session warmed
2026-09-29 02:15:07,043 | INFO |    ↳ Status 403
2026-09-29 02:15:07,043 | WARNING |    ⚠ Blocked (403) retry 1
2026-09-29 02:15:07,114 | INFO | 🌐 Session warmed
2026-09-29 02:15:08,720 | INFO |    ↳ Status 403
2026-09-29 02:15:08,720 | WARNING |    ⚠ Blocked (403) retry 3
2026-09-29 02:15:08,791 | INFO | 🌐 Session warmed
2026-09-29 02:15:09,023 | INFO |    ↳ Status 403
2026-09-29 02:15:09,023 | WARNING |    ⚠ Blocked (403) retry 2
2026-09-29 02:15:09,093 | INFO | 🌐 Session warmed
2026-09-29 02:15:10,181 | INFO |    ↳ Status 403
2026-09-29 02:15:10,181 | WARNING |    ⚠ Blocked (403) retry 3
2026-09-29 02:15:10,247 | INFO |    ↳ Status 403
2026-09-29 02:15:10,248 | WARNING |    ⚠ Blocked (403) retry 3
2026-09-29 02:15:10,254 | INFO | 🌐 Session warmed
2026-09-29 02:15:10,333 | INFO | 🌐 Session warmed
2026-09-29 02:15:11,745 | INFO |    ↳ Status 403
2026-09-29 02:15:11,745 | WARNING |    ⚠ Blocked (403) retry 3
2026-09-29 02:15:11,813 | INFO | 🌐 Session warmed
2026-09-29 02:15:12,791 | INFO | [234/1901] Fetching Bhatkal (BAKL)
2026-09-29 02:15:13,846 | INFO |    ↳ Status 403
2026-09-29 02:15:13,846 | WARNING |    ⚠ Blocked (403) retry 1
2026-09-29 02:15:13,929 | INFO | 🌐 Session warmed
2026-09-29 02:15:14,254 | INFO | [235/1901] Fetching Bhattiprolu (BATT)
2026-09-29 02:15:14,334 | INFO | [236/1901] Fetching Bhavani (BHNI)
2026-09-29 02:15:14,874 | INFO |    ↳ Status 403
2026-09-29 02:15:14,874 | WARNING |    ⚠ Blocked (403) retry 1
2026-09-29 02:15:14,959 | INFO | 🌐 Session warmed
2026-09-29 02:15:15,250 | INFO |    ↳ Status 403
2026-09-29 02:15:15,250 | WARNING |    ⚠ Blocked (403) retry 1
2026-09-29 02:15:15,321 | INFO | 🌐 Session warmed
2026-09-29 02:15:15,813 | INFO | [237/1901] Fetching Bhavnagar (BHNG)
2026-09-29 02:15:16,023 | INFO |    ↳ Status 403
2026-09-29 02:15:16,023 | WARNING |    ⚠ Blocked (403) retry 2
2026-09-29 02:15:16,115 | INFO | 🌐 Session warmed
2026-09-29 02:15:16,912 | INFO |    ↳ Status 403
2026-09-29 02:15:16,912 | WARNING |    ⚠ Blocked (403) retry 1
2026-09-29 02:15:16,949 | INFO |    ↳ Status 403
2026-09-29 02:15:16,949 | WARNING |    ⚠ Blocked (403) retry 2
2026-09-29 02:15:16,983 | INFO | 🌐 Session warmed
2026-09-29 02:15:17,029 | INFO | 🌐 Session warmed
2026-09-29 02:15:17,595 | INFO |    ↳ Status 403
2026-09-29 02:15:17,595 | WARNING |    ⚠ Blocked (403) retry 2
2026-09-29 02:15:17,667 | INFO | 🌐 Session warmed
2026-09-29 02:15:19,327 | INFO |    ↳ Status 403
2026-09-29 02:15:19,327 | WARNING |    ⚠ Blocked (403) retry 2
2026-09-29 02:15:19,392 | INFO | 🌐 Session warmed
2026-09-29 02:15:19,444 | INFO |    ↳ Status 403
2026-09-29 02:15:19,444 | WARNING |    ⚠ Blocked (403) retry 3
2026-09-29 02:15:19,512 | INFO | 🌐 Session warmed
2026-09-29 02:15:19,656 | INFO |    ↳ Status 403
2026-09-29 02:15:19,656 | WARNING |    ⚠ Blocked (403) retry 3
2026-09-29 02:15:19,729 | INFO | 🌐 Session warmed
2026-09-29 02:15:20,609 | INFO |    ↳ Status 403
2026-09-29 02:15:20,609 | WARNING |    ⚠ Blocked (403) retry 3
2026-09-29 02:15:20,678 | INFO | 🌐 Session warmed
2026-09-29 02:15:22,742 | INFO |    ↳ Status 403
2026-09-29 02:15:22,743 | WARNING |    ⚠ Blocked (403) retry 3
2026-09-29 02:15:22,818 | INFO | 🌐 Session warmed
2026-09-29 02:15:23,512 | INFO | [238/1901] Fetching Bhawanipatna (BHAW)
2026-09-29 02:15:23,730 | INFO | [239/1901] Fetching Bheemgal (BHMG)
2026-09-29 02:15:24,408 | INFO |    ↳ Status 403
2026-09-29 02:15:24,408 | WARNING |    ⚠ Blocked (403) retry 1
2026-09-29 02:15:24,412 | INFO |    ↳ Status 403
2026-09-29 02:15:24,412 | WARNING |    ⚠ Blocked (403) retry 1
2026-09-29 02:15:24,490 | INFO | 🌐 Session warmed
2026-09-29 02:15:24,491 | INFO | 🌐 Session warmed
2026-09-29 02:15:24,678 | INFO | [240/1901] Fetching Bhilai (BHILAI)
2026-09-29 02:15:25,706 | INFO |    ↳ Status 403
2026-09-29 02:15:25,706 | WARNING |    ⚠ Blocked (403) retry 1
2026-09-29 02:15:25,777 | INFO | 🌐 Session warmed
2026-09-29 02:15:26,163 | INFO |    ↳ Status 403
2026-09-29 02:15:26,163 | WARNING |    ⚠ Blocked (403) retry 2
2026-09-29 02:15:26,238 | INFO | 🌐 Session warmed
2026-09-29 02:15:26,655 | INFO |    ↳ Status 403
2026-09-29 02:15:26,656 | WARNING |    ⚠ Blocked (403) retry 2
2026-09-29 02:15:26,723 | INFO | 🌐 Session warmed
2026-09-29 02:15:26,818 | INFO | [241/1901] Fetching Bhilwara (BHIL)
2026-09-29 02:15:27,535 | INFO |    ↳ Status 403
2026-09-29 02:15:27,535 | WARNING |    ⚠ Blocked (403) retry 2
2026-09-29 02:15:27,611 | INFO | 🌐 Session warmed
2026-09-29 02:15:27,869 | INFO |    ↳ Status 403
2026-09-29 02:15:27,869 | WARNING |    ⚠ Blocked (403) retry 1
2026-09-29 02:15:27,942 | INFO | 🌐 Session warmed
2026-09-29 02:15:29,449 | INFO |    ↳ Status 403
2026-09-29 02:15:29,449 | WARNING |    ⚠ Blocked (403) retry 3
2026-09-29 02:15:29,529 | INFO | 🌐 Session warmed
2026-09-29 02:15:30,108 | INFO |    ↳ Status 403
2026-09-29 02:15:30,109 | WARNING |    ⚠ Blocked (403) retry 3
2026-09-29 02:15:30,152 | INFO |    ↳ Status 403
2026-09-29 02:15:30,152 | WARNING |    ⚠ Blocked (403) retry 2
2026-09-29 02:15:30,196 | INFO | 🌐 Session warmed
2026-09-29 02:15:30,231 | INFO | 🌐 Session warmed
2026-09-29 02:15:30,444 | INFO |    ↳ Status 403
2026-09-29 02:15:30,444 | WARNING |    ⚠ Blocked (403) retry 3
2026-09-29 02:15:30,526 | INFO | 🌐 Session warmed
2026-09-29 02:15:33,469 | INFO |    ↳ Status 403
2026-09-29 02:15:33,469 | WARNING |    ⚠ Blocked (403) retry 3
2026-09-29 02:15:33,529 | INFO | [242/1901] Fetching Bhimadole (BMDE)
2026-09-29 02:15:33,536 | INFO | 🌐 Session warmed
2026-09-29 02:15:34,197 | INFO | [243/1901] Fetching Bhimavaram (BHIM)
2026-09-29 02:15:34,278 | INFO |    ↳ Status 403
2026-09-29 02:15:34,278 | WARNING |    ⚠ Blocked (403) retry 1
2026-09-29 02:15:34,348 | INFO | 🌐 Session warmed
2026-09-29 02:15:34,526 | INFO | [244/1901] Fetching Bhind (BIND)
2026-09-29 02:15:35,346 | INFO |    ↳ Status 403
2026-09-29 02:15:35,346 | WARNING |    ⚠ Blocked (403) retry 1
2026-09-29 02:15:35,415 | INFO | 🌐 Session warmed
2026-09-29 02:15:35,569 | INFO |    ↳ Status 403
2026-09-29 02:15:35,569 | WARNING |    ⚠ Blocked (403) retry 1
2026-09-29 02:15:35,636 | INFO | 🌐 Session warmed
2026-09-29 02:15:36,633 | INFO |    ↳ Status 403
2026-09-29 02:15:36,633 | WARNING |    ⚠ Blocked (403) retry 2
2026-09-29 02:15:36,704 | INFO | 🌐 Session warmed
2026-09-29 02:15:37,252 | INFO |    ↳ Status 403
2026-09-29 02:15:37,252 | WARNING |    ⚠ Blocked (403) retry 2
2026-09-29 02:15:37,320 | INFO | 🌐 Session warmed
2026-09-29 02:15:37,536 | INFO | [245/1901] Fetching Bhiwadi (BHWD)
2026-09-29 02:15:37,818 | INFO |    ↳ Status 403
2026-09-29 02:15:37,819 | WARNING |    ⚠ Blocked (403) retry 2
2026-09-29 02:15:37,890 | INFO | 🌐 Session warmed
2026-09-29 02:15:38,398 | INFO |    ↳ Status 403
2026-09-29 02:15:38,398 | WARNING |    ⚠ Blocked (403) retry 1
2026-09-29 02:15:38,466 | INFO | 🌐 Session warmed
2026-09-29 02:15:39,364 | INFO |    ↳ Status 403
2026-09-29 02:15:39,364 | WARNING |    ⚠ Blocked (403) retry 3
2026-09-29 02:15:39,446 | INFO | 🌐 Session warmed
2026-09-29 02:15:40,181 | INFO |    ↳ Status 403
2026-09-29 02:15:40,181 | WARNING |    ⚠ Blocked (403) retry 3
2026-09-29 02:15:40,273 | INFO | 🌐 Session warmed
2026-09-29 02:15:40,694 | INFO |    ↳ Status 403
2026-09-29 02:15:40,694 | WARNING |    ⚠ Blocked (403) retry 3
2026-09-29 02:15:40,717 | INFO |    ↳ Status 403
2026-09-29 02:15:40,717 | WARNING |    ⚠ Blocked (403) retry 2
2026-09-29 02:15:40,772 | INFO | 🌐 Session warmed
2026-09-29 02:15:40,789 | INFO | 🌐 Session warmed
2026-09-29 02:15:43,447 | INFO | [246/1901] Fetching Bhiwani (BHWN)
2026-09-29 02:15:43,961 | INFO |    ↳ Status 403
2026-09-29 02:15:43,961 | WARNING |    ⚠ Blocked (403) retry 3
2026-09-29 02:15:44,037 | INFO | 🌐 Session warmed
2026-09-29 02:15:44,090 | INFO |    ↳ Status 403
2026-09-29 02:15:44,090 | WARNING |    ⚠ Blocked (403) retry 1
2026-09-29 02:15:44,157 | INFO | 🌐 Session warmed
2026-09-29 02:15:44,273 | INFO | [247/1901] Fetching Bhogapuram (BHOG)
2026-09-29 02:15:44,772 | INFO | [248/1901] Fetching Bhongir (BHON)
2026-09-29 02:15:44,938 | INFO |    ↳ Status 403
2026-09-29 02:15:44,938 | WARNING |    ⚠ Blocked (403) retry 1
2026-09-29 02:15:45,009 | INFO | 🌐 Session warmed
2026-09-29 02:15:45,944 | INFO |    ↳ Status 403
2026-09-29 02:15:45,944 | WARNING |    ⚠ Blocked (403) retry 1
2026-09-29 02:15:46,012 | INFO | 🌐 Session warmed
2026-09-29 02:15:46,530 | INFO |    ↳ Status 403
2026-09-29 02:15:46,530 | WARNING |    ⚠ Blocked (403) retry 2
2026-09-29 02:15:46,608 | INFO | 🌐 Session warmed
2026-09-29 02:15:46,868 | INFO |    ↳ Status 403
2026-09-29 02:15:46,868 | WARNING |    ⚠ Blocked (403) retry 2
2026-09-29 02:15:46,935 | INFO | 🌐 Session warmed
2026-09-29 02:15:48,037 | INFO | [249/1901] Fetching Bhopal (BHOP)
2026-09-29 02:15:48,204 | INFO |    ↳ Status 403
2026-09-29 02:15:48,204 | WARNING |    ⚠ Blocked (403) retry 2
2026-09-29 02:15:48,275 | INFO | 🌐 Session warmed
2026-09-29 02:15:49,244 | INFO |    ↳ Status 403
2026-09-29 02:15:49,244 | WARNING |    ⚠ Blocked (403) retry 1
2026-09-29 02:15:49,314 | INFO | 🌐 Session warmed
2026-09-29 02:15:49,848 | INFO |    ↳ Status 403
2026-09-29 02:15:49,848 | WARNING |    ⚠ Blocked (403) retry 3
2026-09-29 02:15:49,921 | INFO | 🌐 Session warmed
2026-09-29 02:15:50,205 | INFO |    ↳ Status 403
2026-09-29 02:15:50,205 | WARNING |    ⚠ Blocked (403) retry 3
2026-09-29 02:15:50,272 | INFO | 🌐 Session warmed
2026-09-29 02:15:51,302 | INFO |    ↳ Status 403
2026-09-29 02:15:51,302 | WARNING |    ⚠ Blocked (403) retry 3
2026-09-29 02:15:51,372 | INFO | 🌐 Session warmed
2026-09-29 02:15:51,500 | INFO |    ↳ Status 403
2026-09-29 02:15:51,500 | WARNING |    ⚠ Blocked (403) retry 2
2026-09-29 02:15:51,570 | INFO | 🌐 Session warmed
2026-09-29 02:15:53,921 | INFO | [250/1901] Fetching Bhubaneswar (BHUB)
2026-09-29 02:15:54,272 | INFO | [251/1901] Fetching Bhuj (BHUJ)
2026-09-29 02:15:54,733 | INFO |    ↳ Status 403
2026-09-29 02:15:54,734 | WARNING |    ⚠ Blocked (403) retry 3
2026-09-29 02:15:54,807 | INFO | 🌐 Session warmed
2026-09-29 02:15:55,193 | INFO |    ↳ Status 403
2026-09-29 02:15:55,193 | WARNING |    ⚠ Blocked (403) retry 1
2026-09-29 02:15:55,264 | INFO | 🌐 Session warmed
2026-09-29 02:15:55,366 | INFO |    ↳ Status 403
2026-09-29 02:15:55,366 | WARNING |    ⚠ Blocked (403) retry 1
2026-09-29 02:15:55,372 | INFO | [252/1901] Fetching Bhuntar (BHUN)
2026-09-29 02:15:55,436 | INFO | 🌐 Session warmed
2026-09-29 02:15:56,510 | INFO |    ↳ Status 403
2026-09-29 02:15:56,510 | WARNING |    ⚠ Blocked (403) retry 1
2026-09-29 02:15:56,580 | INFO | 🌐 Session warmed
2026-09-29 02:15:57,559 | INFO |    ↳ Status 403
2026-09-29 02:15:57,559 | WARNING |    ⚠ Blocked (403) retry 2
2026-09-29 02:15:57,562 | INFO |    ↳ Status 403
2026-09-29 02:15:57,562 | WARNING |    ⚠ Blocked (403) retry 2
2026-09-29 02:15:57,655 | INFO | 🌐 Session warmed
2026-09-29 02:15:57,659 | INFO | 🌐 Session warmed
2026-09-29 02:15:58,797 | INFO |    ↳ Status 403
2026-09-29 02:15:58,797 | WARNING |    ⚠ Blocked (403) retry 2
2026-09-29 02:15:58,807 | INFO | [253/1901] Fetching Bhupalpalle (BHUP)
2026-09-29 02:15:58,865 | INFO | 🌐 Session warmed
2026-09-29 02:16:00,125 | INFO |    ↳ Status 403
2026-09-29 02:16:00,125 | WARNING |    ⚠ Blocked (403) retry 1
2026-09-29 02:16:00,204 | INFO | 🌐 Session warmed
2026-09-29 02:16:00,702 | INFO |    ↳ Status 403
2026-09-29 02:16:00,702 | WARNING |    ⚠ Blocked (403) retry 3
2026-09-29 02:16:00,860 | INFO | 🌐 Session warmed
2026-09-29 02:16:00,982 | INFO |    ↳ Status 403
2026-09-29 02:16:00,982 | WARNING |    ⚠ Blocked (403) retry 3
2026-09-29 02:16:01,050 | INFO | 🌐 Session warmed
2026-09-29 02:16:02,129 | INFO |    ↳ Status 403
2026-09-29 02:16:02,129 | WARNING |    ⚠ Blocked (403) retry 3
2026-09-29 02:16:02,201 | INFO | 🌐 Session warmed
2026-09-29 02:16:02,301 | INFO |    ↳ Status 403
2026-09-29 02:16:02,301 | WARNING |    ⚠ Blocked (403) retry 2
2026-09-29 02:16:02,369 | INFO | 🌐 Session warmed
2026-09-29 02:16:04,860 | INFO | [254/1901] Fetching Bhusawal (BHUS)
2026-09-29 02:16:05,050 | INFO | [255/1901] Fetching Bhutan (BHUT)
2026-09-29 02:16:05,078 | INFO |    ↳ Status 403
2026-09-29 02:16:05,078 | WARNING |    ⚠ Blocked (403) retry 3
2026-09-29 02:16:05,150 | INFO | 🌐 Session warmed
2026-09-29 02:16:05,961 | INFO |    ↳ Status 403
2026-09-29 02:16:05,961 | WARNING |    ⚠ Blocked (403) retry 1
2026-09-29 02:16:06,030 | INFO | 🌐 Session warmed
2026-09-29 02:16:06,140 | INFO |    ↳ Status 403
2026-09-29 02:16:06,140 | WARNING |    ⚠ Blocked (403) retry 1
2026-09-29 02:16:06,202 | INFO | [256/1901] Fetching Bhuvanagiri (BHUV)
2026-09-29 02:16:06,211 | INFO | 🌐 Session warmed
2026-09-29 02:16:07,305 | INFO |    ↳ Status 403
2026-09-29 02:16:07,305 | WARNING |    ⚠ Blocked (403) retry 1
2026-09-29 02:16:07,373 | INFO | 🌐 Session warmed
2026-09-29 02:16:07,998 | INFO |    ↳ Status 403
2026-09-29 02:16:07,998 | WARNING |    ⚠ Blocked (403) retry 2
2026-09-29 02:16:08,053 | INFO |    ↳ Status 403
2026-09-29 02:16:08,054 | WARNING |    ⚠ Blocked (403) retry 2
2026-09-29 02:16:08,063 | INFO | 🌐 Session warmed
2026-09-29 02:16:08,121 | INFO | 🌐 Session warmed
2026-09-29 02:16:09,150 | INFO | [257/1901] Fetching Biaora (BIAR)
2026-09-29 02:16:09,686 | INFO |    ↳ Status 403
2026-09-29 02:16:09,686 | WARNING |    ⚠ Blocked (403) retry 2
2026-09-29 02:16:09,755 | INFO | 🌐 Session warmed
2026-09-29 02:16:10,040 | INFO |    ↳ Status 403
2026-09-29 02:16:10,041 | WARNING |    ⚠ Blocked (403) retry 1
2026-09-29 02:16:10,109 | INFO | 🌐 Session warmed
2026-09-29 02:16:10,702 | INFO |    ↳ Status 403
2026-09-29 02:16:10,702 | WARNING |    ⚠ Blocked (403) retry 3
2026-09-29 02:16:10,786 | INFO | 🌐 Session warmed
2026-09-29 02:16:11,045 | INFO |    ↳ Status 403
2026-09-29 02:16:11,045 | WARNING |    ⚠ Blocked (403) retry 3
2026-09-29 02:16:11,122 | INFO | 🌐 Session warmed
2026-09-29 02:16:12,271 | INFO |    ↳ Status 403
2026-09-29 02:16:12,271 | WARNING |    ⚠ Blocked (403) retry 2
2026-09-29 02:16:12,341 | INFO | 🌐 Session warmed
2026-09-29 02:16:12,388 | INFO |    ↳ Status 403
2026-09-29 02:16:12,388 | WARNING |    ⚠ Blocked (403) retry 3
2026-09-29 02:16:12,455 | INFO | 🌐 Session warmed
2026-09-29 02:16:14,786 | INFO | [258/1901] Fetching Bibinagar (BBNG)
2026-09-29 02:16:15,122 | INFO | [259/1901] Fetching Bichkunda (BHCK)
2026-09-29 02:16:15,587 | INFO |    ↳ Status 403
2026-09-29 02:16:15,587 | WARNING |    ⚠ Blocked (403) retry 3
2026-09-29 02:16:15,654 | INFO | 🌐 Session warmed
2026-09-29 02:16:16,158 | INFO |    ↳ Status 403
2026-09-29 02:16:16,158 | WARNING |    ⚠ Blocked (403) retry 1
2026-09-29 02:16:16,230 | INFO | 🌐 Session warmed
2026-09-29 02:16:16,354 | INFO |    ↳ Status 403
2026-09-29 02:16:16,354 | WARNING |    ⚠ Blocked (403) retry 1
2026-09-29 02:16:16,426 | INFO | 🌐 Session warmed
2026-09-29 02:16:16,455 | INFO | [260/1901] Fetching Bidadi (BIDI)
2026-09-29 02:16:17,308 | INFO |    ↳ Status 403
2026-09-29 02:16:17,308 | WARNING |    ⚠ Blocked (403) retry 1
2026-09-29 02:16:17,382 | INFO | 🌐 Session warmed
2026-09-29 02:16:18,200 | INFO |    ↳ Status 403
2026-09-29 02:16:18,200 | WARNING |    ⚠ Blocked (403) retry 2
2026-09-29 02:16:18,268 | INFO | 🌐 Session warmed
2026-09-29 02:16:18,814 | INFO |    ↳ Status 403
2026-09-29 02:16:18,814 | WARNING |    ⚠ Blocked (403) retry 2
2026-09-29 02:16:18,892 | INFO | 🌐 Session warmed
2026-09-29 02:16:19,409 | INFO |    ↳ Status 403
2026-09-29 02:16:19,409 | WARNING |    ⚠ Blocked (403) retry 2
2026-09-29 02:16:19,482 | INFO | 🌐 Session warmed
2026-09-29 02:16:19,654 | INFO | [261/1901] Fetching Bidar (BIDR)
2026-09-29 02:16:20,411 | INFO |    ↳ Status 403
2026-09-29 02:16:20,411 | WARNING |    ⚠ Blocked (403) retry 1
2026-09-29 02:16:20,484 | INFO | 🌐 Session warmed
2026-09-29 02:16:21,136 | INFO |    ↳ Status 403
2026-09-29 02:16:21,136 | WARNING |    ⚠ Blocked (403) retry 3
2026-09-29 02:16:21,208 | INFO | 🌐 Session warmed
2026-09-29 02:16:22,197 | INFO |    ↳ Status 403
2026-09-29 02:16:22,197 | WARNING |    ⚠ Blocked (403) retry 2
2026-09-29 02:16:22,266 | INFO | 🌐 Session warmed
2026-09-29 02:16:22,280 | INFO |    ↳ Status 403
2026-09-29 02:16:22,280 | WARNING |    ⚠ Blocked (403) retry 3
2026-09-29 02:16:22,348 | INFO | 🌐 Session warmed
2026-09-29 02:16:22,681 | INFO |    ↳ Status 403
2026-09-29 02:16:22,681 | WARNING |    ⚠ Blocked (403) retry 3
2026-09-29 02:16:22,748 | INFO | 🌐 Session warmed
2026-09-29 02:16:25,208 | INFO | [262/1901] Fetching Bihar Sharif (BIHS)
2026-09-29 02:16:25,452 | INFO |    ↳ Status 403
2026-09-29 02:16:25,452 | WARNING |    ⚠ Blocked (403) retry 3
2026-09-29 02:16:25,522 | INFO | 🌐 Session warmed
2026-09-29 02:16:25,912 | INFO |    ↳ Status 403
2026-09-29 02:16:25,912 | WARNING |    ⚠ Blocked (403) retry 1
2026-09-29 02:16:25,980 | INFO | 🌐 Session warmed
2026-09-29 02:16:26,348 | INFO | [263/1901] Fetching Bihpuria (BIHP)
2026-09-29 02:16:26,748 | INFO | [264/1901] Fetching Bijainagar (BINW)
2026-09-29 02:16:27,161 | INFO |    ↳ Status 403
2026-09-29 02:16:27,161 | WARNING |    ⚠ Blocked (403) retry 1
2026-09-29 02:16:27,234 | INFO | 🌐 Session warmed
2026-09-29 02:16:27,777 | INFO |    ↳ Status 403
2026-09-29 02:16:27,777 | WARNING |    ⚠ Blocked (403) retry 2
2026-09-29 02:16:27,860 | INFO | 🌐 Session warmed
2026-09-29 02:16:28,094 | INFO |    ↳ Status 403
2026-09-29 02:16:28,094 | WARNING |    ⚠ Blocked (403) retry 1
2026-09-29 02:16:28,162 | INFO | 🌐 Session warmed
2026-09-29 02:16:29,518 | INFO |    ↳ Status 403
2026-09-29 02:16:29,518 | WARNING |    ⚠ Blocked (403) retry 2
2026-09-29 02:16:29,522 | INFO | [265/1901] Fetching Bijnor (BIJ)
2026-09-29 02:16:29,587 | INFO | 🌐 Session warmed
2026-09-29 02:16:30,163 | INFO |    ↳ Status 403
2026-09-29 02:16:30,163 | WARNING |    ⚠ Blocked (403) retry 2
2026-09-29 02:16:30,231 | INFO | 🌐 Session warmed
2026-09-29 02:16:30,708 | INFO |    ↳ Status 403
2026-09-29 02:16:30,708 | WARNING |    ⚠ Blocked (403) retry 1
2026-09-29 02:16:30,781 | INFO | 🌐 Session warmed
2026-09-29 02:16:31,044 | INFO |    ↳ Status 403
2026-09-29 02:16:31,045 | WARNING |    ⚠ Blocked (403) retry 3
2026-09-29 02:16:31,114 | INFO | 🌐 Session warmed
2026-09-29 02:16:32,385 | INFO |    ↳ Status 403
2026-09-29 02:16:32,385 | WARNING |    ⚠ Blocked (403) retry 3
2026-09-29 02:16:32,468 | INFO | 🌐 Session warmed
2026-09-29 02:16:32,731 | INFO |    ↳ Status 403
2026-09-29 02:16:32,731 | WARNING |    ⚠ Blocked (403) retry 2
2026-09-29 02:16:32,801 | INFO | 🌐 Session warmed
2026-09-29 02:16:32,877 | INFO |    ↳ Status 403
2026-09-29 02:16:32,877 | WARNING |    ⚠ Blocked (403) retry 3
2026-09-29 02:16:32,948 | INFO | 🌐 Session warmed
2026-09-29 02:16:35,114 | INFO | [266/1901] Fetching Bijoynagar (BIJO)
2026-09-29 02:16:35,914 | INFO |    ↳ Status 403
2026-09-29 02:16:35,915 | WARNING |    ⚠ Blocked (403) retry 3
2026-09-29 02:16:35,989 | INFO | 🌐 Session warmed
2026-09-29 02:16:36,123 | INFO |    ↳ Status 403
2026-09-29 02:16:36,123 | WARNING |    ⚠ Blocked (403) retry 1
2026-09-29 02:16:36,192 | INFO | 🌐 Session warmed
2026-09-29 02:16:36,469 | INFO | [267/1901] Fetching Bikaner (BIK)
2026-09-29 02:16:36,948 | INFO | [268/1901] Fetching Bikramganj (BANJ)
2026-09-29 02:16:37,121 | INFO |    ↳ Status 403
2026-09-29 02:16:37,121 | WARNING |    ⚠ Blocked (403) retry 1
2026-09-29 02:16:37,194 | INFO | 🌐 Session warmed
2026-09-29 02:16:37,799 | INFO |    ↳ Status 403
2026-09-29 02:16:37,799 | WARNING |    ⚠ Blocked (403) retry 1
2026-09-29 02:16:37,872 | INFO | 🌐 Session warmed
2026-09-29 02:16:38,243 | INFO |    ↳ Status 403
2026-09-29 02:16:38,243 | WARNING |    ⚠ Blocked (403) retry 2
2026-09-29 02:16:38,317 | INFO | 🌐 Session warmed
2026-09-29 02:16:39,567 | INFO |    ↳ Status 403
2026-09-29 02:16:39,567 | WARNING |    ⚠ Blocked (403) retry 2
2026-09-29 02:16:39,637 | INFO | 🌐 Session warmed
2026-09-29 02:16:39,829 | INFO |    ↳ Status 403
2026-09-29 02:16:39,829 | WARNING |    ⚠ Blocked (403) retry 2
2026-09-29 02:16:39,896 | INFO | 🌐 Session warmed
2026-09-29 02:16:39,989 | INFO | [269/1901] Fetching Bilara (BILR)
2026-09-29 02:16:41,082 | INFO |    ↳ Status 403
2026-09-29 02:16:41,082 | WARNING |    ⚠ Blocked (403) retry 1
2026-09-29 02:16:41,146 | INFO | 🌐 Session warmed
2026-09-29 02:16:41,175 | INFO |    ↳ Status 403
2026-09-29 02:16:41,175 | WARNING |    ⚠ Blocked (403) retry 3
2026-09-29 02:16:41,249 | INFO | 🌐 Session warmed
2026-09-29 02:16:42,637 | INFO |    ↳ Status 403
2026-09-29 02:16:42,637 | WARNING |    ⚠ Blocked (403) retry 3
2026-09-29 02:16:42,663 | INFO |    ↳ Status 403
2026-09-29 02:16:42,663 | WARNING |    ⚠ Blocked (403) retry 3
2026-09-29 02:16:42,714 | INFO | 🌐 Session warmed
2026-09-29 02:16:42,748 | INFO | 🌐 Session warmed
2026-09-29 02:16:43,517 | INFO |    ↳ Status 403
2026-09-29 02:16:43,517 | WARNING |    ⚠ Blocked (403) retry 2
2026-09-29 02:16:43,586 | INFO | 🌐 Session warmed
2026-09-29 02:16:45,250 | INFO | [270/1901] Fetching Bilaspur (BILA)
2026-09-29 02:16:46,294 | INFO |    ↳ Status 403
2026-09-29 02:16:46,294 | WARNING |    ⚠ Blocked (403) retry 3
2026-09-29 02:16:46,363 | INFO | 🌐 Session warmed
2026-09-29 02:16:46,369 | INFO |    ↳ Status 403
2026-09-29 02:16:46,369 | WARNING |    ⚠ Blocked (403) retry 1
2026-09-29 02:16:46,439 | INFO | 🌐 Session warmed
2026-09-29 02:16:46,714 | INFO | [271/1901] Fetching Bilaspur (Himachal Pradesh) (BIPS)
2026-09-29 02:16:46,748 | INFO | [272/1901] Fetching Bilgi (BILG)
2026-09-29 02:16:47,749 | INFO |    ↳ Status 403
2026-09-29 02:16:47,749 | WARNING |    ⚠ Blocked (403) retry 1
2026-09-29 02:16:47,815 | INFO | 🌐 Session warmed
2026-09-29 02:16:48,080 | INFO |    ↳ Status 403
2026-09-29 02:16:48,080 | WARNING |    ⚠ Blocked (403) retry 1
2026-09-29 02:16:48,146 | INFO | 🌐 Session warmed
2026-09-29 02:16:48,242 | INFO |    ↳ Status 403
2026-09-29 02:16:48,243 | WARNING |    ⚠ Blocked (403) retry 2
2026-09-29 02:16:48,309 | INFO | 🌐 Session warmed
2026-09-29 02:16:49,937 | INFO |    ↳ Status 403
2026-09-29 02:16:49,938 | WARNING |    ⚠ Blocked (403) retry 2
2026-09-29 02:16:50,011 | INFO | 🌐 Session warmed
2026-09-29 02:16:50,042 | INFO |    ↳ Status 403
2026-09-29 02:16:50,042 | WARNING |    ⚠ Blocked (403) retry 2
2026-09-29 02:16:50,111 | INFO | 🌐 Session warmed
2026-09-29 02:16:50,363 | INFO | [273/1901] Fetching Bilimora (BILI)
2026-09-29 02:16:51,041 | INFO |    ↳ Status 403
2026-09-29 02:16:51,041 | WARNING |    ⚠ Blocked (403) retry 1
2026-09-29 02:16:51,121 | INFO | 🌐 Session warmed
2026-09-29 02:16:51,291 | INFO |    ↳ Status 403
2026-09-29 02:16:51,291 | WARNING |    ⚠ Blocked (403) retry 3
2026-09-29 02:16:51,359 | INFO | 🌐 Session warmed
2026-09-29 02:16:52,827 | INFO |    ↳ Status 403
2026-09-29 02:16:52,827 | WARNING |    ⚠ Blocked (403) retry 3
2026-09-29 02:16:52,892 | INFO | 🌐 Session warmed
2026-09-29 02:16:52,942 | INFO |    ↳ Status 403
2026-09-29 02:16:52,942 | WARNING |    ⚠ Blocked (403) retry 3
2026-09-29 02:16:52,969 | INFO |    ↳ Status 403
2026-09-29 02:16:52,969 | WARNING |    ⚠ Blocked (403) retry 2
2026-09-29 02:16:53,018 | INFO | 🌐 Session warmed
2026-09-29 02:16:53,040 | INFO | 🌐 Session warmed
2026-09-29 02:16:55,359 | INFO | [274/1901] Fetching Billawar (BILL)
2026-09-29 02:16:55,820 | INFO |    ↳ Status 403
2026-09-29 02:16:55,820 | WARNING |    ⚠ Blocked (403) retry 3
2026-09-29 02:16:55,886 | INFO | 🌐 Session warmed
2026-09-29 02:16:56,589 | INFO |    ↳ Status 403
2026-09-29 02:16:56,589 | WARNING |    ⚠ Blocked (403) retry 1
2026-09-29 02:16:56,669 | INFO | 🌐 Session warmed
2026-09-29 02:16:56,892 | INFO | [275/1901] Fetching Biraul (BIRL)
2026-09-29 02:16:57,019 | INFO | [276/1901] Fetching Birra (BIRR)
2026-09-29 02:16:57,916 | INFO |    ↳ Status 403
2026-09-29 02:16:57,916 | WARNING |    ⚠ Blocked (403) retry 1
2026-09-29 02:16:57,995 | INFO | 🌐 Session warmed
2026-09-29 02:16:58,046 | INFO |    ↳ Status 403
2026-09-29 02:16:58,046 | WARNING |    ⚠ Blocked (403) retry 1
2026-09-29 02:16:58,118 | INFO | 🌐 Session warmed
2026-09-29 02:16:58,398 | INFO |    ↳ Status 403
2026-09-29 02:16:58,398 | WARNING |    ⚠ Blocked (403) retry 2
2026-09-29 02:16:58,465 | INFO | 🌐 Session warmed
2026-09-29 02:16:59,887 | INFO | [277/1901] Fetching Bishnupur (VVDF)
2026-09-29 02:17:00,004 | INFO |    ↳ Status 403
2026-09-29 02:17:00,004 | WARNING |    ⚠ Blocked (403) retry 2
2026-09-29 02:17:00,071 | INFO | 🌐 Session warmed
2026-09-29 02:17:00,288 | INFO |    ↳ Status 403
2026-09-29 02:17:00,288 | WARNING |    ⚠ Blocked (403) retry 2
2026-09-29 02:17:00,373 | INFO | 🌐 Session warmed
2026-09-29 02:17:01,164 | INFO |    ↳ Status 403
2026-09-29 02:17:01,164 | WARNING |    ⚠ Blocked (403) retry 1
2026-09-29 02:17:01,195 | INFO |    ↳ Status 403
2026-09-29 02:17:01,195 | WARNING |    ⚠ Blocked (403) retry 3
2026-09-29 02:17:01,237 | INFO | 🌐 Session warmed
2026-09-29 02:17:01,275 | INFO | 🌐 Session warmed
2026-09-29 02:17:03,059 | INFO |    ↳ Status 403
2026-09-29 02:17:03,059 | WARNING |    ⚠ Blocked (403) retry 2
2026-09-29 02:17:03,124 | INFO |    ↳ Status 403
2026-09-29 02:17:03,124 | WARNING |    ⚠ Blocked (403) retry 3
2026-09-29 02:17:03,129 | INFO | 🌐 Session warmed
2026-09-29 02:17:03,193 | INFO | 🌐 Session warmed
2026-09-29 02:17:03,370 | INFO |    ↳ Status 403
2026-09-29 02:17:03,370 | WARNING |    ⚠ Blocked (403) retry 3
2026-09-29 02:17:03,440 | INFO | 🌐 Session warmed
2026-09-29 02:17:05,276 | INFO | [278/1901] Fetching Bishrampur (BSRM)
2026-09-29 02:17:06,010 | INFO |    ↳ Status 403
2026-09-29 02:17:06,010 | WARNING |    ⚠ Blocked (403) retry 1
2026-09-29 02:17:06,076 | INFO | 🌐 Session warmed
2026-09-29 02:17:06,426 | INFO |    ↳ Status 403
2026-09-29 02:17:06,426 | WARNING |    ⚠ Blocked (403) retry 3
2026-09-29 02:17:06,496 | INFO | 🌐 Session warmed
2026-09-29 02:17:07,194 | INFO | [279/1901] Fetching Biswanath Chariali (BICH)
2026-09-29 02:17:07,440 | INFO | [280/1901] Fetching Bobbili (BOBB)
2026-09-29 02:17:08,143 | INFO |    ↳ Status 403
2026-09-29 02:17:08,143 | WARNING |    ⚠ Blocked (403) retry 1
2026-09-29 02:17:08,216 | INFO | 🌐 Session warmed
2026-09-29 02:17:08,241 | INFO |    ↳ Status 403
2026-09-29 02:17:08,241 | WARNING |    ⚠ Blocked (403) retry 1
2026-09-29 02:17:08,272 | INFO |    ↳ Status 403
2026-09-29 02:17:08,272 | WARNING |    ⚠ Blocked (403) retry 2
2026-09-29 02:17:08,317 | INFO | 🌐 Session warmed
2026-09-29 02:17:08,345 | INFO | 🌐 Session warmed
2026-09-29 02:17:10,233 | INFO |    ↳ Status 403
2026-09-29 02:17:10,233 | WARNING |    ⚠ Blocked (403) retry 2
2026-09-29 02:17:10,305 | INFO | 🌐 Session warmed
2026-09-29 02:17:10,492 | INFO |    ↳ Status 403
2026-09-29 02:17:10,492 | WARNING |    ⚠ Blocked (403) retry 2
2026-09-29 02:17:10,497 | INFO | [281/1901] Fetching Bodhan (BODH)
2026-09-29 02:17:10,566 | INFO | 🌐 Session warmed
2026-09-29 02:17:11,505 | INFO |    ↳ Status 403
2026-09-29 02:17:11,505 | WARNING |    ⚠ Blocked (403) retry 1
2026-09-29 02:17:11,571 | INFO |    ↳ Status 403
2026-09-29 02:17:11,571 | WARNING |    ⚠ Blocked (403) retry 3
2026-09-29 02:17:11,576 | INFO | 🌐 Session warmed
2026-09-29 02:17:11,642 | INFO | 🌐 Session warmed
2026-09-29 02:17:12,998 | INFO |    ↳ Status 403
2026-09-29 02:17:12,998 | WARNING |    ⚠ Blocked (403) retry 3
2026-09-29 02:17:13,064 | INFO | 🌐 Session warmed
2026-09-29 02:17:13,229 | INFO |    ↳ Status 403
2026-09-29 02:17:13,229 | WARNING |    ⚠ Blocked (403) retry 3
2026-09-29 02:17:13,302 | INFO | 🌐 Session warmed
2026-09-29 02:17:13,994 | INFO |    ↳ Status 403
2026-09-29 02:17:13,994 | WARNING |    ⚠ Blocked (403) retry 2
2026-09-29 02:17:14,063 | INFO | 🌐 Session warmed
2026-09-29 02:17:15,642 | INFO | [282/1901] Fetching Bodinayakanur (BODI)
2026-09-29 02:17:16,346 | INFO |    ↳ Status 403
2026-09-29 02:17:16,346 | WARNING |    ⚠ Blocked (403) retry 1
2026-09-29 02:17:16,421 | INFO | 🌐 Session warmed
2026-09-29 02:17:17,058 | INFO |    ↳ Status 403
2026-09-29 02:17:17,058 | WARNING |    ⚠ Blocked (403) retry 3
2026-09-29 02:17:17,064 | INFO | [283/1901] Fetching Boisar (BOIS)
2026-09-29 02:17:17,136 | INFO | 🌐 Session warmed
2026-09-29 02:17:17,302 | INFO | [284/1901] Fetching Bokaro (BOKA)
2026-09-29 02:17:18,138 | INFO |    ↳ Status 403
2026-09-29 02:17:18,138 | WARNING |    ⚠ Blocked (403) retry 1
2026-09-29 02:17:18,224 | INFO | 🌐 Session warmed
2026-09-29 02:17:18,257 | INFO |    ↳ Status 403
2026-09-29 02:17:18,257 | WARNING |    ⚠ Blocked (403) retry 1
2026-09-29 02:17:18,335 | INFO | 🌐 Session warmed
2026-09-29 02:17:18,627 | INFO |    ↳ Status 403
2026-09-29 02:17:18,627 | WARNING |    ⚠ Blocked (403) retry 2
2026-09-29 02:17:18,696 | INFO | 🌐 Session warmed
2026-09-29 02:17:20,333 | INFO |    ↳ Status 403
2026-09-29 02:17:20,333 | WARNING |    ⚠ Blocked (403) retry 2
2026-09-29 02:17:20,407 | INFO | 🌐 Session warmed
2026-09-29 02:17:20,580 | INFO |    ↳ Status 403
2026-09-29 02:17:20,580 | WARNING |    ⚠ Blocked (403) retry 2
2026-09-29 02:17:20,653 | INFO | 🌐 Session warmed
2026-09-29 02:17:21,136 | INFO | [285/1901] Fetching Bolpur (BLPR)
2026-09-29 02:17:21,356 | INFO |    ↳ Status 403
2026-09-29 02:17:21,356 | WARNING |    ⚠ Blocked (403) retry 3
2026-09-29 02:17:21,425 | INFO | 🌐 Session warmed
2026-09-29 02:17:22,088 | INFO |    ↳ Status 403
2026-09-29 02:17:22,088 | WARNING |    ⚠ Blocked (403) retry 1
2026-09-29 02:17:22,158 | INFO | 🌐 Session warmed
2026-09-29 02:17:23,182 | INFO |    ↳ Status 403
2026-09-29 02:17:23,182 | WARNING |    ⚠ Blocked (403) retry 3
2026-09-29 02:17:23,253 | INFO | 🌐 Session warmed
2026-09-29 02:17:23,328 | INFO |    ↳ Status 403
2026-09-29 02:17:23,329 | WARNING |    ⚠ Blocked (403) retry 3
2026-09-29 02:17:23,396 | INFO | 🌐 Session warmed
2026-09-29 02:17:23,963 | INFO |    ↳ Status 403
2026-09-29 02:17:23,963 | WARNING |    ⚠ Blocked (403) retry 2
2026-09-29 02:17:24,036 | INFO | 🌐 Session warmed
2026-09-29 02:17:25,425 | INFO | [286/1901] Fetching Bomdila (BMDA)
2026-09-29 02:17:26,655 | INFO |    ↳ Status 403
2026-09-29 02:17:26,655 | WARNING |    ⚠ Blocked (403) retry 1
2026-09-29 02:17:26,726 | INFO | 🌐 Session warmed
2026-09-29 02:17:27,154 | INFO |    ↳ Status 403
2026-09-29 02:17:27,154 | WARNING |    ⚠ Blocked (403) retry 3
2026-09-29 02:17:27,223 | INFO | 🌐 Session warmed
2026-09-29 02:17:27,253 | INFO | [287/1901] Fetching Bommidi (BOMM)
2026-09-29 02:17:27,396 | INFO | [288/1901] Fetching Bonakal (BNKL)
2026-09-29 02:17:28,066 | INFO |    ↳ Status 403
2026-09-29 02:17:28,066 | WARNING |    ⚠ Blocked (403) retry 1
2026-09-29 02:17:28,131 | INFO |    ↳ Status 403
2026-09-29 02:17:28,131 | WARNING |    ⚠ Blocked (403) retry 1
2026-09-29 02:17:28,139 | INFO | 🌐 Session warmed
2026-09-29 02:17:28,200 | INFO | 🌐 Session warmed
2026-09-29 02:17:28,701 | INFO |    ↳ Status 403
2026-09-29 02:17:28,701 | WARNING |    ⚠ Blocked (403) retry 2
2026-09-29 02:17:28,781 | INFO | 🌐 Session warmed
2026-09-29 02:17:30,359 | INFO |    ↳ Status 403
2026-09-29 02:17:30,359 | WARNING |    ⚠ Blocked (403) retry 2
2026-09-29 02:17:30,428 | INFO | 🌐 Session warmed
2026-09-29 02:17:30,446 | INFO |    ↳ Status 403
2026-09-29 02:17:30,446 | WARNING |    ⚠ Blocked (403) retry 2
2026-09-29 02:17:30,515 | INFO | 🌐 Session warmed
2026-09-29 02:17:31,223 | INFO | [289/1901] Fetching Bongaigaon (BONG)
2026-09-29 02:17:31,861 | INFO |    ↳ Status 403
2026-09-29 02:17:31,861 | WARNING |    ⚠ Blocked (403) retry 3
2026-09-29 02:17:31,929 | INFO | 🌐 Session warmed
2026-09-29 02:17:32,187 | INFO |    ↳ Status 403
2026-09-29 02:17:32,187 | WARNING |    ⚠ Blocked (403) retry 1
2026-09-29 02:17:32,259 | INFO | 🌐 Session warmed
2026-09-29 02:17:33,600 | INFO |    ↳ Status 403
2026-09-29 02:17:33,600 | WARNING |    ⚠ Blocked (403) retry 3
2026-09-29 02:17:33,672 | INFO | 🌐 Session warmed
2026-09-29 02:17:33,776 | INFO |    ↳ Status 403
2026-09-29 02:17:33,776 | WARNING |    ⚠ Blocked (403) retry 3
2026-09-29 02:17:33,846 | INFO | 🌐 Session warmed
2026-09-29 02:17:34,590 | INFO |    ↳ Status 403
2026-09-29 02:17:34,590 | WARNING |    ⚠ Blocked (403) retry 2
2026-09-29 02:17:35,929 | INFO | [290/1901] Fetching Bongaon (BONI)
2026-09-29 02:17:36,740 | INFO |    ↳ Status 403
2026-09-29 02:17:36,740 | WARNING |    ⚠ Blocked (403) retry 1
2026-09-29 02:17:36,812 | INFO | 🌐 Session warmed
2026-09-29 02:17:37,672 | INFO | [291/1901] Fetching Borsad (BORM)
2026-09-29 02:17:37,705 | INFO | 🌐 Session warmed
2026-09-29 02:17:37,846 | INFO | [292/1901] Fetching Botad (BOTA)
2026-09-29 02:17:38,643 | INFO |    ↳ Status 403
2026-09-29 02:17:38,643 | WARNING |    ⚠ Blocked (403) retry 1
2026-09-29 02:17:38,710 | INFO | 🌐 Session warmed
2026-09-29 02:17:38,710 | INFO |    ↳ Status 403
2026-09-29 02:17:38,710 | WARNING |    ⚠ Blocked (403) retry 2
2026-09-29 02:17:38,745 | INFO |    ↳ Status 403
2026-09-29 02:17:38,745 | WARNING |    ⚠ Blocked (403) retry 1
2026-09-29 02:17:38,788 | INFO | 🌐 Session warmed
2026-09-29 02:17:38,812 | INFO | 🌐 Session warmed
2026-09-29 02:17:40,476 | INFO |    ↳ Status 403
2026-09-29 02:17:40,476 | WARNING |    ⚠ Blocked (403) retry 3
2026-09-29 02:17:40,547 | INFO | 🌐 Session warmed
2026-09-29 02:17:40,638 | INFO |    ↳ Status 403
2026-09-29 02:17:40,638 | WARNING |    ⚠ Blocked (403) retry 2
2026-09-29 02:17:40,708 | INFO | 🌐 Session warmed
2026-09-29 02:17:41,077 | INFO |    ↳ Status 403
2026-09-29 02:17:41,077 | WARNING |    ⚠ Blocked (403) retry 2
2026-09-29 02:17:41,152 | INFO | 🌐 Session warmed
2026-09-29 02:17:41,600 | INFO |    ↳ Status 403
2026-09-29 02:17:41,600 | WARNING |    ⚠ Blocked (403) retry 3
2026-09-29 02:17:41,669 | INFO | 🌐 Session warmed
2026-09-29 02:17:43,515 | INFO |    ↳ Status 403
2026-09-29 02:17:43,515 | WARNING |    ⚠ Blocked (403) retry 3
2026-09-29 02:17:43,586 | INFO | 🌐 Session warmed
2026-09-29 02:17:44,139 | INFO |    ↳ Status 403
2026-09-29 02:17:44,139 | WARNING |    ⚠ Blocked (403) retry 3
2026-09-29 02:17:44,209 | INFO | 🌐 Session warmed
2026-09-29 02:17:44,547 | INFO | [293/1901] Fetching Brahmapur (KHUB)
2026-09-29 02:17:45,638 | INFO |    ↳ Status 403
2026-09-29 02:17:45,638 | WARNING |    ⚠ Blocked (403) retry 1
2026-09-29 02:17:45,669 | INFO | [294/1901] Fetching Brahmapuri (BHMP)
2026-09-29 02:17:45,710 | INFO | 🌐 Session warmed
2026-09-29 02:17:46,827 | INFO |    ↳ Status 403
2026-09-29 02:17:46,827 | WARNING |    ⚠ Blocked (403) retry 1
2026-09-29 02:17:46,900 | INFO | 🌐 Session warmed
2026-09-29 02:17:47,586 | INFO | [295/1901] Fetching Brajrajnagar (BJNG)
2026-09-29 02:17:47,854 | INFO |    ↳ Status 403
2026-09-29 02:17:47,854 | WARNING |    ⚠ Blocked (403) retry 2
2026-09-29 02:17:47,918 | INFO | 🌐 Session warmed
2026-09-29 02:17:48,210 | INFO | [296/1901] Fetching Buchireddypalem (BCHR)
2026-09-29 02:17:48,529 | INFO |    ↳ Status 403
2026-09-29 02:17:48,529 | WARNING |    ⚠ Blocked (403) retry 2
2026-09-29 02:17:48,596 | INFO | 🌐 Session warmed
2026-09-29 02:17:48,934 | INFO |    ↳ Status 403
2026-09-29 02:17:48,934 | WARNING |    ⚠ Blocked (403) retry 1
2026-09-29 02:17:48,947 | INFO |    ↳ Status 403
2026-09-29 02:17:48,947 | WARNING |    ⚠ Blocked (403) retry 1
2026-09-29 02:17:49,002 | INFO | 🌐 Session warmed
2026-09-29 02:17:49,013 | INFO | 🌐 Session warmed
2026-09-29 02:17:50,663 | INFO |    ↳ Status 403
2026-09-29 02:17:50,663 | WARNING |    ⚠ Blocked (403) retry 3
2026-09-29 02:17:50,732 | INFO | 🌐 Session warmed
2026-09-29 02:17:51,207 | INFO |    ↳ Status 403
2026-09-29 02:17:51,207 | WARNING |    ⚠ Blocked (403) retry 2
2026-09-29 02:17:51,209 | INFO |    ↳ Status 403
2026-09-29 02:17:51,210 | WARNING |    ⚠ Blocked (403) retry 2
2026-09-29 02:17:51,291 | INFO | 🌐 Session warmed
2026-09-29 02:17:51,299 | INFO | 🌐 Session warmed
2026-09-29 02:17:51,427 | INFO |    ↳ Status 403
2026-09-29 02:17:51,427 | WARNING |    ⚠ Blocked (403) retry 3
2026-09-29 02:17:51,494 | INFO | 🌐 Session warmed
2026-09-29 02:17:53,935 | INFO |    ↳ Status 403
2026-09-29 02:17:53,935 | WARNING |    ⚠ Blocked (403) retry 3
2026-09-29 02:17:54,010 | INFO | 🌐 Session warmed
2026-09-29 02:17:54,250 | INFO |    ↳ Status 403
2026-09-29 02:17:54,250 | WARNING |    ⚠ Blocked (403) retry 3
2026-09-29 02:17:54,330 | INFO | 🌐 Session warmed
2026-09-29 02:17:54,733 | INFO | [297/1901] Fetching Budhlada (BUDL)
2026-09-29 02:17:55,421 | INFO |    ↳ Status 403
2026-09-29 02:17:55,422 | WARNING |    ⚠ Blocked (403) retry 1
2026-09-29 02:17:55,494 | INFO | [298/1901] Fetching Buhari (BUHA)
2026-09-29 02:17:55,501 | INFO | 🌐 Session warmed
2026-09-29 02:17:56,448 | INFO |    ↳ Status 403
2026-09-29 02:17:56,449 | WARNING |    ⚠ Blocked (403) retry 1
2026-09-29 02:17:56,516 | INFO | 🌐 Session warmed
2026-09-29 02:17:57,174 | INFO |    ↳ Status 403
2026-09-29 02:17:57,174 | WARNING |    ⚠ Blocked (403) retry 2
2026-09-29 02:17:57,240 | INFO | 🌐 Session warmed
2026-09-29 02:17:58,010 | INFO | [299/1901] Fetching Bulandshahr (BULA)
2026-09-29 02:17:58,330 | INFO | [300/1901] Fetching Buldana (BULD)
2026-09-29 02:17:58,518 | INFO |    ↳ Status 403
2026-09-29 02:17:58,518 | WARNING |    ⚠ Blocked (403) retry 2
2026-09-29 02:17:58,590 | INFO | 🌐 Session warmed
2026-09-29 02:17:59,090 | INFO |    ↳ Status 403
2026-09-29 02:17:59,090 | WARNING |    ⚠ Blocked (403) retry 1
2026-09-29 02:17:59,155 | INFO | 🌐 Session warmed
2026-09-29 02:17:59,622 | INFO |    ↳ Status 403
2026-09-29 02:17:59,622 | WARNING |    ⚠ Blocked (403) retry 1
2026-09-29 02:17:59,691 | INFO | 🌐 Session warmed
2026-09-29 02:18:00,523 | INFO |    ↳ Status 403
2026-09-29 02:18:00,524 | WARNING |    ⚠ Blocked (403) retry 3
2026-09-29 02:18:00,594 | INFO | 🌐 Session warmed
2026-09-29 02:18:01,418 | INFO |    ↳ Status 403
2026-09-29 02:18:01,418 | WARNING |    ⚠ Blocked (403) retry 2
2026-09-29 02:18:01,496 | INFO | 🌐 Session warmed
2026-09-29 02:18:01,933 | INFO |    ↳ Status 403
2026-09-29 02:18:01,933 | WARNING |    ⚠ Blocked (403) retry 3
2026-09-29 02:18:02,005 | INFO | 🌐 Session warmed
2026-09-29 02:18:02,023 | INFO |    ↳ Status 403
2026-09-29 02:18:02,023 | WARNING |    ⚠ Blocked (403) retry 2
2026-09-29 02:18:02,093 | INFO | 🌐 Session warmed
2026-09-29 02:18:04,595 | INFO | [301/1901] Fetching Bundu (BUND)
2026-09-29 02:18:04,766 | INFO |    ↳ Status 403
2026-09-29 02:18:04,766 | WARNING |    ⚠ Blocked (403) retry 3
2026-09-29 02:18:04,840 | INFO | 🌐 Session warmed
2026-09-29 02:18:05,019 | INFO |    ↳ Status 403
2026-09-29 02:18:05,019 | WARNING |    ⚠ Blocked (403) retry 3
2026-09-29 02:18:05,093 | INFO | 🌐 Session warmed
2026-09-29 02:18:05,405 | INFO |    ↳ Status 403
2026-09-29 02:18:05,405 | WARNING |    ⚠ Blocked (403) retry 1
2026-09-29 02:18:05,471 | INFO | 🌐 Session warmed
2026-09-29 02:18:06,005 | INFO | [302/1901] Fetching Burdwan (BURD)
2026-09-29 02:18:06,627 | INFO |    ↳ Status 403
2026-09-29 02:18:06,628 | WARNING |    ⚠ Blocked (403) retry 1
2026-09-29 02:18:06,699 | INFO | 🌐 Session warmed
2026-09-29 02:18:07,569 | INFO |    ↳ Status 403
2026-09-29 02:18:07,569 | WARNING |    ⚠ Blocked (403) retry 2
2026-09-29 02:18:07,640 | INFO | 🌐 Session warmed
2026-09-29 02:18:08,407 | INFO |    ↳ Status 403
2026-09-29 02:18:08,407 | WARNING |    ⚠ Blocked (403) retry 2
2026-09-29 02:18:08,476 | INFO | 🌐 Session warmed
2026-09-29 02:18:08,840 | INFO | [303/1901] Fetching Burhanpur (BRHP)
2026-09-29 02:18:09,093 | INFO | [304/1901] Fetching Burhar (BRHR)
2026-09-29 02:18:10,158 | INFO |    ↳ Status 403
2026-09-29 02:18:10,158 | WARNING |    ⚠ Blocked (403) retry 1
2026-09-29 02:18:10,224 | INFO | 🌐 Session warmed
2026-09-29 02:18:10,442 | INFO |    ↳ Status 403
2026-09-29 02:18:10,442 | WARNING |    ⚠ Blocked (403) retry 1
2026-09-29 02:18:10,516 | INFO | 🌐 Session warmed
2026-09-29 02:18:10,606 | INFO |    ↳ Status 403
2026-09-29 02:18:10,606 | WARNING |    ⚠ Blocked (403) retry 3
2026-09-29 02:18:10,685 | INFO | 🌐 Session warmed
2026-09-29 02:18:11,117 | INFO |    ↳ Status 403
2026-09-29 02:18:11,117 | WARNING |    ⚠ Blocked (403) retry 3
2026-09-29 02:18:11,201 | INFO | 🌐 Session warmed
2026-09-29 02:18:12,283 | INFO |    ↳ Status 403
2026-09-29 02:18:12,283 | WARNING |    ⚠ Blocked (403) retry 2
2026-09-29 02:18:12,362 | INFO | 🌐 Session warmed
2026-09-29 02:18:12,545 | INFO |    ↳ Status 403
2026-09-29 02:18:12,545 | WARNING |    ⚠ Blocked (403) retry 2
2026-09-29 02:18:12,614 | INFO | 🌐 Session warmed
2026-09-29 02:18:14,685 | INFO | [305/1901] Fetching Buttayagudem (BUTY)
2026-09-29 02:18:15,008 | INFO |    ↳ Status 403
2026-09-29 02:18:15,008 | WARNING |    ⚠ Blocked (403) retry 3
2026-09-29 02:18:15,087 | INFO | 🌐 Session warmed
2026-09-29 02:18:15,201 | INFO | [306/1901] Fetching Byadagi (BYAD)
2026-09-29 02:18:15,576 | INFO |    ↳ Status 403
2026-09-29 02:18:15,577 | WARNING |    ⚠ Blocked (403) retry 3
2026-09-29 02:18:15,644 | INFO | 🌐 Session warmed
2026-09-29 02:18:15,970 | INFO |    ↳ Status 403
2026-09-29 02:18:15,970 | WARNING |    ⚠ Blocked (403) retry 1
2026-09-29 02:18:16,054 | INFO | 🌐 Session warmed
2026-09-29 02:18:16,267 | INFO |    ↳ Status 403
2026-09-29 02:18:16,267 | WARNING |    ⚠ Blocked (403) retry 1
2026-09-29 02:18:16,335 | INFO | 🌐 Session warmed
2026-09-29 02:18:18,128 | INFO |    ↳ Status 403
2026-09-29 02:18:18,128 | WARNING |    ⚠ Blocked (403) retry 2
2026-09-29 02:18:18,200 | INFO | 🌐 Session warmed
2026-09-29 02:18:18,295 | INFO |    ↳ Status 403
2026-09-29 02:18:18,296 | WARNING |    ⚠ Blocked (403) retry 2
2026-09-29 02:18:18,363 | INFO | 🌐 Session warmed
2026-09-29 02:18:19,087 | INFO | [307/1901] Fetching Byadgi (BYDA)
2026-09-29 02:18:19,644 | INFO | [308/1901] Fetching Byasanagar (BYAS)
2026-09-29 02:18:20,109 | INFO |    ↳ Status 403
2026-09-29 02:18:20,109 | WARNING |    ⚠ Blocked (403) retry 1
2026-09-29 02:18:20,175 | INFO | 🌐 Session warmed
2026-09-29 02:18:20,682 | INFO |    ↳ Status 403
2026-09-29 02:18:20,682 | WARNING |    ⚠ Blocked (403) retry 1
2026-09-29 02:18:20,749 | INFO | 🌐 Session warmed
2026-09-29 02:18:20,867 | INFO |    ↳ Status 403
2026-09-29 02:18:20,867 | WARNING |    ⚠ Blocked (403) retry 3
2026-09-29 02:18:20,938 | INFO | 🌐 Session warmed
2026-09-29 02:18:21,705 | INFO |    ↳ Status 403
2026-09-29 02:18:21,705 | WARNING |    ⚠ Blocked (403) retry 3
2026-09-29 02:18:21,777 | INFO | 🌐 Session warmed
2026-09-29 02:18:22,090 | INFO |    ↳ Status 403
2026-09-29 02:18:22,090 | WARNING |    ⚠ Blocked (403) retry 2
2026-09-29 02:18:22,165 | INFO | 🌐 Session warmed
2026-09-29 02:18:22,967 | INFO |    ↳ Status 403
2026-09-29 02:18:22,968 | WARNING |    ⚠ Blocked (403) retry 2
2026-09-29 02:18:23,041 | INFO | 🌐 Session warmed
2026-09-29 02:18:24,939 | INFO | [309/1901] Fetching Calicut (CALC)
2026-09-29 02:18:24,995 | INFO |    ↳ Status 403
2026-09-29 02:18:24,995 | WARNING |    ⚠ Blocked (403) retry 3
2026-09-29 02:18:25,066 | INFO | 🌐 Session warmed
2026-09-29 02:18:25,778 | INFO | [310/1901] Fetching Canning (CANN)
2026-09-29 02:18:26,148 | INFO |    ↳ Status 403
2026-09-29 02:18:26,148 | WARNING |    ⚠ Blocked (403) retry 3
2026-09-29 02:18:26,151 | INFO |    ↳ Status 403
2026-09-29 02:18:26,152 | WARNING |    ⚠ Blocked (403) retry 1
2026-09-29 02:18:26,223 | INFO | 🌐 Session warmed
2026-09-29 02:18:26,228 | INFO | 🌐 Session warmed
2026-09-29 02:18:26,960 | INFO |    ↳ Status 403
2026-09-29 02:18:26,961 | WARNING |    ⚠ Blocked (403) retry 1
2026-09-29 02:18:27,033 | INFO | 🌐 Session warmed
2026-09-29 02:18:27,979 | INFO |    ↳ Status 403
2026-09-29 02:18:27,979 | WARNING |    ⚠ Blocked (403) retry 2
2026-09-29 02:18:28,062 | INFO | 🌐 Session warmed
2026-09-29 02:18:29,067 | INFO | [311/1901] Fetching Chagallu (CHAG)
2026-09-29 02:18:29,444 | INFO |    ↳ Status 403
2026-09-29 02:18:29,444 | WARNING |    ⚠ Blocked (403) retry 2
2026-09-29 02:18:29,601 | INFO | 🌐 Session warmed
2026-09-29 02:18:30,224 | INFO | [312/1901] Fetching Chakan (CHAK)
2026-09-29 02:18:30,450 | INFO |    ↳ Status 403
2026-09-29 02:18:30,450 | WARNING |    ⚠ Blocked (403) retry 1
2026-09-29 02:18:30,519 | INFO | 🌐 Session warmed
2026-09-29 02:18:31,208 | INFO |    ↳ Status 403
2026-09-29 02:18:31,209 | WARNING |    ⚠ Blocked (403) retry 3
2026-09-29 02:18:31,279 | INFO | 🌐 Session warmed
2026-09-29 02:18:31,386 | INFO |    ↳ Status 403
2026-09-29 02:18:31,386 | WARNING |    ⚠ Blocked (403) retry 1
2026-09-29 02:18:31,458 | INFO | 🌐 Session warmed
2026-09-29 02:18:32,382 | INFO |    ↳ Status 403
2026-09-29 02:18:32,382 | WARNING |    ⚠ Blocked (403) retry 3
2026-09-29 02:18:32,453 | INFO | 🌐 Session warmed
2026-09-29 02:18:32,767 | INFO |    ↳ Status 403
2026-09-29 02:18:32,767 | WARNING |    ⚠ Blocked (403) retry 2
2026-09-29 02:18:32,838 | INFO | 🌐 Session warmed
2026-09-29 02:18:33,188 | INFO |    ↳ Status 403
2026-09-29 02:18:33,188 | WARNING |    ⚠ Blocked (403) retry 2
2026-09-29 02:18:33,254 | INFO | 🌐 Session warmed
2026-09-29 02:18:35,279 | INFO | [313/1901] Fetching Chalakudy (CHAL)
2026-09-29 02:18:35,578 | INFO |    ↳ Status 403
2026-09-29 02:18:35,578 | WARNING |    ⚠ Blocked (403) retry 3
2026-09-29 02:18:35,654 | INFO | 🌐 Session warmed
2026-09-29 02:18:35,994 | INFO |    ↳ Status 403
2026-09-29 02:18:35,994 | WARNING |    ⚠ Blocked (403) retry 1
2026-09-29 02:18:36,078 | INFO | 🌐 Session warmed
2026-09-29 02:18:36,453 | INFO | [314/1901] Fetching Chalisgaon (CHLS)
2026-09-29 02:18:36,569 | INFO |    ↳ Status 403
2026-09-29 02:18:36,569 | WARNING |    ⚠ Blocked (403) retry 3
2026-09-29 02:18:36,654 | INFO | 🌐 Session warmed
2026-09-29 02:18:37,865 | INFO |    ↳ Status 403
2026-09-29 02:18:37,865 | WARNING |    ⚠ Blocked (403) retry 1
2026-09-29 02:18:37,926 | INFO |    ↳ Status 403
2026-09-29 02:18:37,926 | WARNING |    ⚠ Blocked (403) retry 2
2026-09-29 02:18:37,941 | INFO | 🌐 Session warmed
2026-09-29 02:18:37,998 | INFO | 🌐 Session warmed
2026-09-29 02:18:39,654 | INFO | [315/1901] Fetching Challakere (CHLA)
2026-09-29 02:18:40,175 | INFO |    ↳ Status 403
2026-09-29 02:18:40,175 | WARNING |    ⚠ Blocked (403) retry 2
2026-09-29 02:18:40,241 | INFO | 🌐 Session warmed
2026-09-29 02:18:40,655 | INFO | [316/1901] Fetching Challapalli (CHAP)
2026-09-29 02:18:40,818 | INFO |    ↳ Status 403
2026-09-29 02:18:40,818 | WARNING |    ⚠ Blocked (403) retry 3
2026-09-29 02:18:40,885 | INFO | 🌐 Session warmed
2026-09-29 02:18:40,962 | INFO |    ↳ Status 403
2026-09-29 02:18:40,962 | WARNING |    ⚠ Blocked (403) retry 1
2026-09-29 02:18:41,039 | INFO | 🌐 Session warmed
2026-09-29 02:18:41,330 | INFO |    ↳ Status 403
2026-09-29 02:18:41,331 | WARNING |    ⚠ Blocked (403) retry 1
2026-09-29 02:18:41,402 | INFO | 🌐 Session warmed
2026-09-29 02:18:42,967 | INFO |    ↳ Status 403
2026-09-29 02:18:42,967 | WARNING |    ⚠ Blocked (403) retry 2
2026-09-29 02:18:43,034 | INFO | 🌐 Session warmed
2026-09-29 02:18:43,430 | INFO |    ↳ Status 403
2026-09-29 02:18:43,430 | WARNING |    ⚠ Blocked (403) retry 3
2026-09-29 02:18:43,502 | INFO | 🌐 Session warmed
2026-09-29 02:18:43,814 | INFO |    ↳ Status 403
2026-09-29 02:18:43,814 | WARNING |    ⚠ Blocked (403) retry 2
2026-09-29 02:18:43,885 | INFO | 🌐 Session warmed
2026-09-29 02:18:44,886 | INFO | [317/1901] Fetching Chamarajnagar (CHAJ)
2026-09-29 02:18:45,536 | INFO |    ↳ Status 403
2026-09-29 02:18:45,536 | WARNING |    ⚠ Blocked (403) retry 1
2026-09-29 02:18:45,607 | INFO | 🌐 Session warmed
2026-09-29 02:18:46,067 | INFO |    ↳ Status 403
2026-09-29 02:18:46,067 | WARNING |    ⚠ Blocked (403) retry 3
2026-09-29 02:18:46,139 | INFO | 🌐 Session warmed
2026-09-29 02:18:46,752 | INFO |    ↳ Status 403
2026-09-29 02:18:46,752 | WARNING |    ⚠ Blocked (403) retry 3
2026-09-29 02:18:46,826 | INFO | 🌐 Session warmed
2026-09-29 02:18:47,502 | INFO | [318/1901] Fetching Chamba (CHMB)
2026-09-29 02:18:47,851 | INFO |    ↳ Status 403
2026-09-29 02:18:47,851 | WARNING |    ⚠ Blocked (403) retry 2
2026-09-29 02:18:47,936 | INFO | 🌐 Session warmed
2026-09-29 02:18:48,345 | INFO |    ↳ Status 403
2026-09-29 02:18:48,345 | WARNING |    ⚠ Blocked (403) retry 1
2026-09-29 02:18:48,416 | INFO | 🌐 Session warmed
2026-09-29 02:18:50,140 | INFO | [319/1901] Fetching Chamoli (CHMK)
2026-09-29 02:18:50,343 | INFO |    ↳ Status 403
2026-09-29 02:18:50,343 | WARNING |    ⚠ Blocked (403) retry 2
2026-09-29 02:18:50,412 | INFO | 🌐 Session warmed
2026-09-29 02:18:50,772 | INFO |    ↳ Status 403
2026-09-29 02:18:50,772 | WARNING |    ⚠ Blocked (403) retry 1
2026-09-29 02:18:50,827 | INFO | [320/1901] Fetching Champa (CHAM)
2026-09-29 02:18:50,845 | INFO | 🌐 Session warmed
2026-09-29 02:18:51,010 | INFO |    ↳ Status 403
2026-09-29 02:18:51,010 | WARNING |    ⚠ Blocked (403) retry 3
2026-09-29 02:18:51,076 | INFO | 🌐 Session warmed
2026-09-29 02:18:52,023 | INFO |    ↳ Status 403
2026-09-29 02:18:52,023 | WARNING |    ⚠ Blocked (403) retry 1
2026-09-29 02:18:52,091 | INFO | 🌐 Session warmed
2026-09-29 02:18:53,231 | INFO |    ↳ Status 403
2026-09-29 02:18:53,231 | WARNING |    ⚠ Blocked (403) retry 2
2026-09-29 02:18:53,304 | INFO | 🌐 Session warmed
2026-09-29 02:18:53,320 | INFO |    ↳ Status 403
2026-09-29 02:18:53,320 | WARNING |    ⚠ Blocked (403) retry 3
2026-09-29 02:18:53,389 | INFO | 🌐 Session warmed
2026-09-29 02:18:54,305 | INFO |    ↳ Status 403
2026-09-29 02:18:54,305 | WARNING |    ⚠ Blocked (403) retry 2
2026-09-29 02:18:54,374 | INFO | 🌐 Session warmed
2026-09-29 02:18:55,076 | INFO | [321/1901] Fetching Champahati (CHAI)
2026-09-29 02:18:56,056 | INFO |    ↳ Status 403
2026-09-29 02:18:56,056 | WARNING |    ⚠ Blocked (403) retry 3
2026-09-29 02:18:56,127 | INFO | 🌐 Session warmed
2026-09-29 02:18:56,388 | INFO |    ↳ Status 403
2026-09-29 02:18:56,388 | WARNING |    ⚠ Blocked (403) retry 1
2026-09-29 02:18:56,481 | INFO | 🌐 Session warmed
2026-09-29 02:18:57,284 | INFO |    ↳ Status 403
2026-09-29 02:18:57,284 | WARNING |    ⚠ Blocked (403) retry 3
2026-09-29 02:18:57,351 | INFO | 🌐 Session warmed
2026-09-29 02:18:57,389 | INFO | [322/1901] Fetching Chanchal (CCWC)
2026-09-29 02:18:58,230 | INFO |    ↳ Status 403
2026-09-29 02:18:58,230 | WARNING |    ⚠ Blocked (403) retry 2
2026-09-29 02:18:58,302 | INFO | 🌐 Session warmed
2026-09-29 02:18:58,758 | INFO |    ↳ Status 403
2026-09-29 02:18:58,758 | WARNING |    ⚠ Blocked (403) retry 1
2026-09-29 02:18:58,831 | INFO | 🌐 Session warmed
2026-09-29 02:19:00,127 | INFO | [323/1901] Fetching Chandannagar (CHDD)
2026-09-29 02:19:00,612 | INFO |    ↳ Status 403
2026-09-29 02:19:00,612 | WARNING |    ⚠ Blocked (403) retry 2
2026-09-29 02:19:00,685 | INFO | 🌐 Session warmed
2026-09-29 02:19:01,173 | INFO |    ↳ Status 403
2026-09-29 02:19:01,173 | WARNING |    ⚠ Blocked (403) retry 3
2026-09-29 02:19:01,275 | INFO | 🌐 Session warmed
2026-09-29 02:19:01,295 | INFO |    ↳ Status 403
2026-09-29 02:19:01,295 | WARNING |    ⚠ Blocked (403) retry 1
2026-09-29 02:19:01,351 | INFO | [324/1901] Fetching Chandausi (CHDN)
2026-09-29 02:19:01,368 | INFO | 🌐 Session warmed
2026-09-29 02:19:02,539 | INFO |    ↳ Status 403
2026-09-29 02:19:02,540 | WARNING |    ⚠ Blocked (403) retry 1
2026-09-29 02:19:02,614 | INFO | 🌐 Session warmed
2026-09-29 02:19:03,215 | INFO |    ↳ Status 403
2026-09-29 02:19:03,215 | WARNING |    ⚠ Blocked (403) retry 2
2026-09-29 02:19:03,285 | INFO | 🌐 Session warmed
2026-09-29 02:19:04,011 | INFO |    ↳ Status 403
2026-09-29 02:19:04,012 | WARNING |    ⚠ Blocked (403) retry 3
2026-09-29 02:19:04,084 | INFO | 🌐 Session warmed
2026-09-29 02:19:04,420 | INFO |    ↳ Status 403
2026-09-29 02:19:04,420 | WARNING |    ⚠ Blocked (403) retry 2
2026-09-29 02:19:04,501 | INFO | 🌐 Session warmed
2026-09-29 02:19:05,275 | INFO | [325/1901] Fetching Chandbali (CHAZ)
2026-09-29 02:19:05,982 | INFO |    ↳ Status 403
2026-09-29 02:19:05,982 | WARNING |    ⚠ Blocked (403) retry 3
2026-09-29 02:19:06,052 | INFO | 🌐 Session warmed
2026-09-29 02:19:06,248 | INFO |    ↳ Status 403
2026-09-29 02:19:06,248 | WARNING |    ⚠ Blocked (403) retry 1
2026-09-29 02:19:06,323 | INFO | 🌐 Session warmed
2026-09-29 02:19:07,720 | INFO |    ↳ Status 403
2026-09-29 02:19:07,720 | WARNING |    ⚠ Blocked (403) retry 3
2026-09-29 02:19:07,866 | INFO | 🌐 Session warmed
2026-09-29 02:19:08,084 | INFO | [326/1901] Fetching Chandpur Siau (CHHA)
2026-09-29 02:19:08,584 | INFO |    ↳ Status 403
2026-09-29 02:19:08,585 | WARNING |    ⚠ Blocked (403) retry 2
2026-09-29 02:19:08,658 | INFO | 🌐 Session warmed
2026-09-29 02:19:08,813 | INFO |    ↳ Status 403
2026-09-29 02:19:08,813 | WARNING |    ⚠ Blocked (403) retry 1
2026-09-29 02:19:08,884 | INFO | 🌐 Session warmed
2026-09-29 02:19:10,053 | INFO | [327/1901] Fetching Chandrakona (CKNA)
2026-09-29 02:19:10,600 | INFO |    ↳ Status 403
2026-09-29 02:19:10,600 | WARNING |    ⚠ Blocked (403) retry 2
2026-09-29 02:19:10,675 | INFO | 🌐 Session warmed
2026-09-29 02:19:11,019 | INFO |    ↳ Status 403
2026-09-29 02:19:11,019 | WARNING |    ⚠ Blocked (403) retry 1
2026-09-29 02:19:11,085 | INFO | 🌐 Session warmed
2026-09-29 02:19:11,827 | INFO |    ↳ Status 403
2026-09-29 02:19:11,827 | WARNING |    ⚠ Blocked (403) retry 3
2026-09-29 02:19:11,866 | INFO | [328/1901] Fetching Chandrapur (CHAN)
2026-09-29 02:19:11,904 | INFO | 🌐 Session warmed
2026-09-29 02:19:12,499 | INFO |    ↳ Status 403
2026-09-29 02:19:12,499 | WARNING |    ⚠ Blocked (403) retry 1
2026-09-29 02:19:12,576 | INFO | 🌐 Session warmed
2026-09-29 02:19:12,825 | INFO |    ↳ Status 403
2026-09-29 02:19:12,825 | WARNING |    ⚠ Blocked (403) retry 2
2026-09-29 02:19:13,027 | INFO | 🌐 Session warmed
2026-09-29 02:19:13,901 | INFO |    ↳ Status 403
2026-09-29 02:19:13,901 | WARNING |    ⚠ Blocked (403) retry 3
2026-09-29 02:19:13,971 | INFO | 🌐 Session warmed
2026-09-29 02:19:14,670 | INFO |    ↳ Status 403
2026-09-29 02:19:14,670 | WARNING |    ⚠ Blocked (403) retry 2
2026-09-29 02:19:14,748 | INFO | 🌐 Session warmed
2026-09-29 02:19:15,904 | INFO | [329/1901] Fetching Chandur (CAND)
2026-09-29 02:19:16,438 | INFO |    ↳ Status 403
2026-09-29 02:19:16,438 | WARNING |    ⚠ Blocked (403) retry 3
2026-09-29 02:19:16,514 | INFO | 🌐 Session warmed
2026-09-29 02:19:16,942 | INFO |    ↳ Status 403
2026-09-29 02:19:16,943 | WARNING |    ⚠ Blocked (403) retry 1
2026-09-29 02:19:17,016 | INFO | 🌐 Session warmed
2026-09-29 02:19:17,971 | INFO | [330/1901] Fetching Changanassery (CNSY)
2026-09-29 02:19:18,130 | INFO |    ↳ Status 403
2026-09-29 02:19:18,130 | WARNING |    ⚠ Blocked (403) retry 3
2026-09-29 02:19:18,212 | INFO | 🌐 Session warmed
2026-09-29 02:19:18,912 | INFO |    ↳ Status 403
2026-09-29 02:19:18,912 | WARNING |    ⚠ Blocked (403) retry 1
2026-09-29 02:19:18,984 | INFO | 🌐 Session warmed
2026-09-29 02:19:19,057 | INFO |    ↳ Status 403
2026-09-29 02:19:19,057 | WARNING |    ⚠ Blocked (403) retry 2
2026-09-29 02:19:19,134 | INFO | 🌐 Session warmed
2026-09-29 02:19:20,515 | INFO | [331/1901] Fetching Changaramkulam (CHAA)
2026-09-29 02:19:20,940 | INFO |    ↳ Status 403
2026-09-29 02:19:20,940 | WARNING |    ⚠ Blocked (403) retry 2
2026-09-29 02:19:21,009 | INFO | 🌐 Session warmed
2026-09-29 02:19:21,582 | INFO |    ↳ Status 403
2026-09-29 02:19:21,582 | WARNING |    ⚠ Blocked (403) retry 1
2026-09-29 02:19:21,656 | INFO | 🌐 Session warmed
2026-09-29 02:19:22,212 | INFO | [332/1901] Fetching Channagiri (CHGI)
2026-09-29 02:19:22,295 | INFO |    ↳ Status 403
2026-09-29 02:19:22,295 | WARNING |    ⚠ Blocked (403) retry 3
2026-09-29 02:19:22,364 | INFO | 🌐 Session warmed
2026-09-29 02:19:23,325 | INFO |    ↳ Status 403
2026-09-29 02:19:23,325 | WARNING |    ⚠ Blocked (403) retry 2
2026-09-29 02:19:23,326 | INFO |    ↳ Status 403
2026-09-29 02:19:23,326 | WARNING |    ⚠ Blocked (403) retry 1
2026-09-29 02:19:23,405 | INFO | 🌐 Session warmed
2026-09-29 02:19:23,411 | INFO | 🌐 Session warmed
2026-09-29 02:19:24,327 | INFO |    ↳ Status 403
2026-09-29 02:19:24,328 | WARNING |    ⚠ Blocked (403) retry 3
2026-09-29 02:19:24,396 | INFO | 🌐 Session warmed
2026-09-29 02:19:25,760 | INFO |    ↳ Status 403
2026-09-29 02:19:25,760 | WARNING |    ⚠ Blocked (403) retry 2
2026-09-29 02:19:25,827 | INFO | 🌐 Session warmed
2026-09-29 02:19:26,302 | INFO |    ↳ Status 403
2026-09-29 02:19:26,302 | WARNING |    ⚠ Blocked (403) retry 3
2026-09-29 02:19:26,365 | INFO | [333/1901] Fetching Channapatna (CPTN)
2026-09-29 02:19:26,370 | INFO | 🌐 Session warmed
2026-09-29 02:19:27,512 | INFO |    ↳ Status 403
2026-09-29 02:19:27,512 | WARNING |    ⚠ Blocked (403) retry 1
2026-09-29 02:19:27,584 | INFO | 🌐 Session warmed
2026-09-29 02:19:28,396 | INFO | [334/1901] Fetching Channarayapatna (CHNN)
2026-09-29 02:19:28,939 | INFO |    ↳ Status 403
2026-09-29 02:19:28,939 | WARNING |    ⚠ Blocked (403) retry 3
2026-09-29 02:19:29,007 | INFO | 🌐 Session warmed
2026-09-29 02:19:29,534 | INFO |    ↳ Status 403
2026-09-29 02:19:29,534 | WARNING |    ⚠ Blocked (403) retry 2
2026-09-29 02:19:29,606 | INFO | 🌐 Session warmed
2026-09-29 02:19:29,717 | INFO |    ↳ Status 403
2026-09-29 02:19:29,718 | WARNING |    ⚠ Blocked (403) retry 1
2026-09-29 02:19:29,795 | INFO | 🌐 Session warmed
2026-09-29 02:19:30,371 | INFO | [335/1901] Fetching Chanpatia (CHAT)
2026-09-29 02:19:31,544 | INFO |    ↳ Status 403
2026-09-29 02:19:31,544 | WARNING |    ⚠ Blocked (403) retry 2
2026-09-29 02:19:31,625 | INFO | 🌐 Session warmed
2026-09-29 02:19:31,746 | INFO |    ↳ Status 403
2026-09-29 02:19:31,746 | WARNING |    ⚠ Blocked (403) retry 1
2026-09-29 02:19:32,402 | INFO |    ↳ Status 403
2026-09-29 02:19:32,402 | WARNING |    ⚠ Blocked (403) retry 3
2026-09-29 02:19:32,473 | INFO | 🌐 Session warmed
2026-09-29 02:19:32,937 | INFO | 🌐 Session warmed
2026-09-29 02:19:33,008 | INFO | [336/1901] Fetching Chapra (CHPR)
2026-09-29 02:19:34,130 | INFO |    ↳ Status 403
2026-09-29 02:19:34,130 | WARNING |    ⚠ Blocked (403) retry 1
2026-09-29 02:19:34,201 | INFO | 🌐 Session warmed
2026-09-29 02:19:34,687 | INFO |    ↳ Status 403
2026-09-29 02:19:34,687 | WARNING |    ⚠ Blocked (403) retry 3
2026-09-29 02:19:34,756 | INFO | 🌐 Session warmed
2026-09-29 02:19:35,013 | INFO |    ↳ Status 403
2026-09-29 02:19:35,013 | WARNING |    ⚠ Blocked (403) retry 2
2026-09-29 02:19:35,090 | INFO | 🌐 Session warmed
2026-09-29 02:19:36,298 | INFO |    ↳ Status 403
2026-09-29 02:19:36,298 | WARNING |    ⚠ Blocked (403) retry 2
2026-09-29 02:19:36,368 | INFO | 🌐 Session warmed
2026-09-29 02:19:36,474 | INFO | [337/1901] Fetching Charkhi Dadri (CCDD)
2026-09-29 02:19:37,584 | INFO |    ↳ Status 403
2026-09-29 02:19:37,584 | WARNING |    ⚠ Blocked (403) retry 1
2026-09-29 02:19:37,657 | INFO | 🌐 Session warmed
2026-09-29 02:19:38,495 | INFO |    ↳ Status 403
2026-09-29 02:19:38,495 | WARNING |    ⚠ Blocked (403) retry 3
2026-09-29 02:19:38,565 | INFO | 🌐 Session warmed
2026-09-29 02:19:38,756 | INFO | [338/1901] Fetching Chaygaon (CHOG)
2026-09-29 02:19:39,508 | INFO |    ↳ Status 403
2026-09-29 02:19:39,508 | WARNING |    ⚠ Blocked (403) retry 3
2026-09-29 02:19:39,553 | INFO |    ↳ Status 403
2026-09-29 02:19:39,553 | WARNING |    ⚠ Blocked (403) retry 2
2026-09-29 02:19:39,577 | INFO | 🌐 Session warmed
2026-09-29 02:19:39,617 | INFO | 🌐 Session warmed
2026-09-29 02:19:40,007 | INFO |    ↳ Status 403
2026-09-29 02:19:40,007 | WARNING |    ⚠ Blocked (403) retry 1
2026-09-29 02:19:40,075 | INFO | 🌐 Session warmed
2026-09-29 02:19:42,312 | INFO |    ↳ Status 403
2026-09-29 02:19:42,312 | WARNING |    ⚠ Blocked (403) retry 2
2026-09-29 02:19:42,388 | INFO | 🌐 Session warmed
2026-09-29 02:19:42,565 | INFO | [339/1901] Fetching Chebrolu (CHEB)
2026-09-29 02:19:42,835 | INFO |    ↳ Status 403
2026-09-29 02:19:42,835 | WARNING |    ⚠ Blocked (403) retry 3
2026-09-29 02:19:42,901 | INFO | 🌐 Session warmed
2026-09-29 02:19:43,298 | INFO |    ↳ Status 403
2026-09-29 02:19:43,298 | WARNING |    ⚠ Blocked (403) retry 1
2026-09-29 02:19:43,375 | INFO | 🌐 Session warmed
2026-09-29 02:19:43,577 | INFO | [340/1901] Fetching Cheeka (CHEK)
2026-09-29 02:19:44,922 | INFO |    ↳ Status 403
2026-09-29 02:19:44,922 | WARNING |    ⚠ Blocked (403) retry 1
2026-09-29 02:19:44,991 | INFO | 🌐 Session warmed
2026-09-29 02:19:45,526 | INFO |    ↳ Status 403
2026-09-29 02:19:45,526 | WARNING |    ⚠ Blocked (403) retry 3
2026-09-29 02:19:45,584 | INFO |    ↳ Status 403
2026-09-29 02:19:45,584 | WARNING |    ⚠ Blocked (403) retry 2
2026-09-29 02:19:45,595 | INFO | 🌐 Session warmed
2026-09-29 02:19:45,651 | INFO | 🌐 Session warmed
2026-09-29 02:19:46,902 | INFO | [341/1901] Fetching Cheepurupalli (CHEE)
2026-09-29 02:19:47,198 | INFO |    ↳ Status 403
2026-09-29 02:19:47,198 | WARNING |    ⚠ Blocked (403) retry 2
2026-09-29 02:19:47,270 | INFO | 🌐 Session warmed
2026-09-29 02:19:48,284 | INFO |    ↳ Status 403
2026-09-29 02:19:48,284 | WARNING |    ⚠ Blocked (403) retry 1
2026-09-29 02:19:48,406 | INFO |    ↳ Status 403
2026-09-29 02:19:48,406 | WARNING |    ⚠ Blocked (403) retry 3
2026-09-29 02:19:48,421 | INFO | 🌐 Session warmed
2026-09-29 02:19:48,481 | INFO | 🌐 Session warmed
2026-09-29 02:19:49,595 | INFO | [342/1901] Fetching Chelpur (CHEL)
2026-09-29 02:19:49,896 | INFO |    ↳ Status 403
2026-09-29 02:19:49,896 | WARNING |    ⚠ Blocked (403) retry 3
2026-09-29 02:19:50,023 | INFO | 🌐 Session warmed
2026-09-29 02:19:50,615 | INFO |    ↳ Status 403
2026-09-29 02:19:50,615 | WARNING |    ⚠ Blocked (403) retry 2
2026-09-29 02:19:50,685 | INFO | 🌐 Session warmed
2026-09-29 02:19:50,930 | INFO |    ↳ Status 403
2026-09-29 02:19:50,931 | WARNING |    ⚠ Blocked (403) retry 1
2026-09-29 02:19:50,998 | INFO | 🌐 Session warmed
2026-09-29 02:19:52,481 | INFO | [343/1901] Fetching Chelur (CHEO)
2026-09-29 02:19:52,779 | INFO |    ↳ Status 403
2026-09-29 02:19:52,779 | WARNING |    ⚠ Blocked (403) retry 2
2026-09-29 02:19:52,855 | INFO | 🌐 Session warmed
2026-09-29 02:19:53,215 | INFO |    ↳ Status 403
2026-09-29 02:19:53,215 | WARNING |    ⚠ Blocked (403) retry 1
2026-09-29 02:19:53,286 | INFO | 🌐 Session warmed
2026-09-29 02:19:53,854 | INFO |    ↳ Status 403
2026-09-29 02:19:53,854 | WARNING |    ⚠ Blocked (403) retry 3
2026-09-29 02:19:53,923 | INFO | 🌐 Session warmed
2026-09-29 02:19:54,024 | INFO | [344/1901] Fetching Chendrapinni (CNPI)
2026-09-29 02:19:55,014 | INFO |    ↳ Status 403
2026-09-29 02:19:55,014 | WARNING |    ⚠ Blocked (403) retry 1
2026-09-29 02:19:55,085 | INFO | 🌐 Session warmed
2026-09-29 02:19:55,236 | INFO |    ↳ Status 403
2026-09-29 02:19:55,236 | WARNING |    ⚠ Blocked (403) retry 2
2026-09-29 02:19:55,316 | INFO | 🌐 Session warmed
2026-09-29 02:19:56,068 | INFO |    ↳ Status 403
2026-09-29 02:19:56,068 | WARNING |    ⚠ Blocked (403) retry 3
2026-09-29 02:19:56,138 | INFO | 🌐 Session warmed
2026-09-29 02:19:57,192 | INFO |    ↳ Status 403
2026-09-29 02:19:57,192 | WARNING |    ⚠ Blocked (403) retry 2
2026-09-29 02:19:57,267 | INFO | 🌐 Session warmed
2026-09-29 02:19:57,923 | INFO | [345/1901] Fetching Chengalpattu (CHET)
2026-09-29 02:19:58,561 | INFO |    ↳ Status 403
2026-09-29 02:19:58,561 | WARNING |    ⚠ Blocked (403) retry 1
2026-09-29 02:19:58,628 | INFO | 🌐 Session warmed
2026-09-29 02:19:58,706 | INFO |    ↳ Status 403
2026-09-29 02:19:58,706 | WARNING |    ⚠ Blocked (403) retry 3
2026-09-29 02:19:58,773 | INFO | 🌐 Session warmed
2026-09-29 02:20:00,138 | INFO | [346/1901] Fetching Chengannur (CHEG)
2026-09-29 02:20:00,502 | INFO |    ↳ Status 403
2026-09-29 02:20:00,502 | WARNING |    ⚠ Blocked (403) retry 3
2026-09-29 02:20:00,577 | INFO | 🌐 Session warmed
2026-09-29 02:20:00,964 | INFO |    ↳ Status 403
2026-09-29 02:20:00,964 | WARNING |    ⚠ Blocked (403) retry 2
2026-09-29 02:20:01,040 | INFO | 🌐 Session warmed
2026-09-29 02:20:01,161 | INFO |    ↳ Status 403
2026-09-29 02:20:01,161 | WARNING |    ⚠ Blocked (403) retry 1
2026-09-29 02:20:01,235 | INFO | 🌐 Session warmed
2026-09-29 02:20:02,774 | INFO | [347/1901] Fetching Chennur (CHNU)
2026-09-29 02:20:03,001 | INFO |    ↳ Status 403
2026-09-29 02:20:03,001 | WARNING |    ⚠ Blocked (403) retry 2
2026-09-29 02:20:03,074 | INFO | 🌐 Session warmed
2026-09-29 02:20:03,921 | INFO |    ↳ Status 403
2026-09-29 02:20:03,921 | WARNING |    ⚠ Blocked (403) retry 1
2026-09-29 02:20:03,986 | INFO | 🌐 Session warmed
2026-09-29 02:20:04,200 | INFO |    ↳ Status 403
2026-09-29 02:20:04,200 | WARNING |    ⚠ Blocked (403) retry 3
2026-09-29 02:20:04,273 | INFO | 🌐 Session warmed
2026-09-29 02:20:04,578 | INFO | [348/1901] Fetching Chenthrapini (CHEI)
2026-09-29 02:20:05,430 | INFO |    ↳ Status 403
2026-09-29 02:20:05,430 | WARNING |    ⚠ Blocked (403) retry 1
2026-09-29 02:20:05,510 | INFO | 🌐 Session warmed
2026-09-29 02:20:06,081 | INFO |    ↳ Status 403
2026-09-29 02:20:06,081 | WARNING |    ⚠ Blocked (403) retry 2
2026-09-29 02:20:06,151 | INFO | 🌐 Session warmed
2026-09-29 02:20:06,297 | INFO |    ↳ Status 403
2026-09-29 02:20:06,297 | WARNING |    ⚠ Blocked (403) retry 3
2026-09-29 02:20:06,372 | INFO | 🌐 Session warmed
2026-09-29 02:20:07,640 | INFO |    ↳ Status 403
2026-09-29 02:20:07,641 | WARNING |    ⚠ Blocked (403) retry 2
2026-09-29 02:20:07,709 | INFO | 🌐 Session warmed
2026-09-29 02:20:08,273 | INFO | [349/1901] Fetching Cherial (CHRY)
2026-09-29 02:20:08,876 | INFO |    ↳ Status 403
2026-09-29 02:20:08,876 | WARNING |    ⚠ Blocked (403) retry 3
2026-09-29 02:20:08,945 | INFO | 🌐 Session warmed
2026-09-29 02:20:09,483 | INFO |    ↳ Status 403
2026-09-29 02:20:09,483 | WARNING |    ⚠ Blocked (403) retry 1
2026-09-29 02:20:09,562 | INFO | 🌐 Session warmed
2026-09-29 02:20:10,372 | INFO | [350/1901] Fetching Cherla (CHRL)
2026-09-29 02:20:11,020 | INFO |    ↳ Status 403
2026-09-29 02:20:11,020 | WARNING |    ⚠ Blocked (403) retry 1
2026-09-29 02:20:11,074 | INFO |    ↳ Status 403
2026-09-29 02:20:11,074 | WARNING |    ⚠ Blocked (403) retry 3
2026-09-29 02:20:11,096 | INFO | 🌐 Session warmed
2026-09-29 02:20:11,168 | INFO | 🌐 Session warmed
2026-09-29 02:20:11,967 | INFO |    ↳ Status 403
2026-09-29 02:20:11,968 | WARNING |    ⚠ Blocked (403) retry 2
2026-09-29 02:20:12,042 | INFO | 🌐 Session warmed
2026-09-29 02:20:12,822 | INFO |    ↳ Status 403
2026-09-29 02:20:12,822 | WARNING |    ⚠ Blocked (403) retry 2
2026-09-29 02:20:12,888 | INFO | 🌐 Session warmed
2026-09-29 02:20:12,945 | INFO | [351/1901] Fetching Cherpulassery (CHER)
2026-09-29 02:20:14,010 | INFO |    ↳ Status 403
2026-09-29 02:20:14,010 | WARNING |    ⚠ Blocked (403) retry 1
2026-09-29 02:20:14,080 | INFO | 🌐 Session warmed
2026-09-29 02:20:15,048 | INFO |    ↳ Status 403
2026-09-29 02:20:15,048 | WARNING |    ⚠ Blocked (403) retry 3
2026-09-29 02:20:15,168 | INFO | [352/1901] Fetching Cherrapunji (CHPU)
2026-09-29 02:20:15,170 | INFO | 🌐 Session warmed
2026-09-29 02:20:15,738 | INFO |    ↳ Status 403
2026-09-29 02:20:15,738 | WARNING |    ⚠ Blocked (403) retry 3
2026-09-29 02:20:15,808 | INFO | 🌐 Session warmed
2026-09-29 02:20:16,009 | INFO |    ↳ Status 403
2026-09-29 02:20:16,009 | WARNING |    ⚠ Blocked (403) retry 1
2026-09-29 02:20:16,089 | INFO | 🌐 Session warmed
2026-09-29 02:20:16,337 | INFO |    ↳ Status 403
2026-09-29 02:20:16,337 | WARNING |    ⚠ Blocked (403) retry 2
2026-09-29 02:20:16,416 | INFO | 🌐 Session warmed
2026-09-29 02:20:18,404 | INFO |    ↳ Status 403
2026-09-29 02:20:18,404 | WARNING |    ⚠ Blocked (403) retry 2
2026-09-29 02:20:18,476 | INFO | 🌐 Session warmed
2026-09-29 02:20:19,170 | INFO | [353/1901] Fetching Cherthala (CRTL)
2026-09-29 02:20:19,578 | INFO |    ↳ Status 403
2026-09-29 02:20:19,579 | WARNING |    ⚠ Blocked (403) retry 3
2026-09-29 02:20:19,655 | INFO | 🌐 Session warmed
2026-09-29 02:20:19,808 | INFO | [354/1901] Fetching Chetpet (PPPT)
2026-09-29 02:20:19,972 | INFO |    ↳ Status 403
2026-09-29 02:20:19,973 | WARNING |    ⚠ Blocked (403) retry 1
2026-09-29 02:20:20,074 | INFO | 🌐 Session warmed
2026-09-29 02:20:20,957 | INFO |    ↳ Status 403
2026-09-29 02:20:20,957 | WARNING |    ⚠ Blocked (403) retry 1
2026-09-29 02:20:21,022 | INFO | 🌐 Session warmed
2026-09-29 02:20:21,289 | INFO |    ↳ Status 403
2026-09-29 02:20:21,289 | WARNING |    ⚠ Blocked (403) retry 3
2026-09-29 02:20:21,355 | INFO | 🌐 Session warmed
2026-09-29 02:20:21,880 | INFO |    ↳ Status 403
2026-09-29 02:20:21,880 | WARNING |    ⚠ Blocked (403) retry 2
2026-09-29 02:20:21,950 | INFO | 🌐 Session warmed
2026-09-29 02:20:23,195 | INFO |    ↳ Status 403
2026-09-29 02:20:23,195 | WARNING |    ⚠ Blocked (403) retry 2
2026-09-29 02:20:23,265 | INFO | 🌐 Session warmed
2026-09-29 02:20:23,655 | INFO | [355/1901] Fetching Chevella (CHEV)
2026-09-29 02:20:24,570 | INFO |    ↳ Status 403
2026-09-29 02:20:24,570 | WARNING |    ⚠ Blocked (403) retry 3
2026-09-29 02:20:24,638 | INFO | 🌐 Session warmed
2026-09-29 02:20:25,070 | INFO |    ↳ Status 403
2026-09-29 02:20:25,071 | WARNING |    ⚠ Blocked (403) retry 1
2026-09-29 02:20:25,142 | INFO | 🌐 Session warmed
2026-09-29 02:20:25,356 | INFO | [356/1901] Fetching Cheyyar (CHEY)
2026-09-29 02:20:26,170 | INFO |    ↳ Status 403
2026-09-29 02:20:26,170 | WARNING |    ⚠ Blocked (403) retry 1
2026-09-29 02:20:26,238 | INFO | 🌐 Session warmed
2026-09-29 02:20:26,442 | INFO |    ↳ Status 403
2026-09-29 02:20:26,442 | WARNING |    ⚠ Blocked (403) retry 3
2026-09-29 02:20:26,515 | INFO | 🌐 Session warmed
2026-09-29 02:20:27,437 | INFO |    ↳ Status 403
2026-09-29 02:20:27,437 | WARNING |    ⚠ Blocked (403) retry 2
2026-09-29 02:20:27,513 | INFO | 🌐 Session warmed
2026-09-29 02:20:28,004 | INFO |    ↳ Status 403
2026-09-29 02:20:28,004 | WARNING |    ⚠ Blocked (403) retry 2
2026-09-29 02:20:28,083 | INFO | 🌐 Session warmed
2026-09-29 02:20:28,639 | INFO | [357/1901] Fetching Cheyyur (CHYR)
2026-09-29 02:20:29,815 | INFO |    ↳ Status 403
2026-09-29 02:20:29,815 | WARNING |    ⚠ Blocked (403) retry 1
2026-09-29 02:20:29,889 | INFO | 🌐 Session warmed
2026-09-29 02:20:30,165 | INFO |    ↳ Status 403
2026-09-29 02:20:30,165 | WARNING |    ⚠ Blocked (403) retry 3
2026-09-29 02:20:30,236 | INFO | 🌐 Session warmed
2026-09-29 02:20:30,516 | INFO | [358/1901] Fetching Chhabra (CHHB)
2026-09-29 02:20:30,811 | INFO |    ↳ Status 403
2026-09-29 02:20:30,811 | WARNING |    ⚠ Blocked (403) retry 3
2026-09-29 02:20:30,880 | INFO | 🌐 Session warmed
2026-09-29 02:20:31,314 | INFO |    ↳ Status 403
2026-09-29 02:20:31,314 | WARNING |    ⚠ Blocked (403) retry 1
2026-09-29 02:20:31,384 | INFO | 🌐 Session warmed
2026-09-29 02:20:31,567 | INFO |    ↳ Status 403
2026-09-29 02:20:31,567 | WARNING |    ⚠ Blocked (403) retry 2
2026-09-29 02:20:31,637 | INFO | 🌐 Session warmed
2026-09-29 02:20:33,694 | INFO |    ↳ Status 403
2026-09-29 02:20:33,694 | WARNING |    ⚠ Blocked (403) retry 2
2026-09-29 02:20:33,765 | INFO | 🌐 Session warmed
2026-09-29 02:20:34,236 | INFO | [359/1901] Fetching Chhatarpur (CHHT)
2026-09-29 02:20:34,606 | INFO |    ↳ Status 403
2026-09-29 02:20:34,606 | WARNING |    ⚠ Blocked (403) retry 3
2026-09-29 02:20:34,682 | INFO | 🌐 Session warmed
2026-09-29 02:20:34,881 | INFO | [360/1901] Fetching Chhatrapati Sambhajinagar (Aurangabad) (AURA)
2026-09-29 02:20:35,572 | INFO |    ↳ Status 403
2026-09-29 02:20:35,572 | WARNING |    ⚠ Blocked (403) retry 1
2026-09-29 02:20:35,641 | INFO | 🌐 Session warmed
2026-09-29 02:20:35,683 | INFO |    ↳ Status 403
2026-09-29 02:20:35,683 | WARNING |    ⚠ Blocked (403) retry 1
2026-09-29 02:20:35,753 | INFO | 🌐 Session warmed
2026-09-29 02:20:36,612 | INFO |    ↳ Status 403
2026-09-29 02:20:36,612 | WARNING |    ⚠ Blocked (403) retry 3
2026-09-29 02:20:36,681 | INFO | 🌐 Session warmed
2026-09-29 02:20:37,364 | INFO |    ↳ Status 403
2026-09-29 02:20:37,364 | WARNING |    ⚠ Blocked (403) retry 2
2026-09-29 02:20:37,436 | INFO | 🌐 Session warmed
2026-09-29 02:20:37,653 | INFO |    ↳ Status 403
2026-09-29 02:20:37,653 | WARNING |    ⚠ Blocked (403) retry 2
2026-09-29 02:20:37,721 | INFO | 🌐 Session warmed
2026-09-29 02:20:38,683 | INFO | [361/1901] Fetching Chhibramau (CHHI)
2026-09-29 02:20:39,361 | INFO |    ↳ Status 403
2026-09-29 02:20:39,361 | WARNING |    ⚠ Blocked (403) retry 1
2026-09-29 02:20:39,438 | INFO | 🌐 Session warmed
2026-09-29 02:20:40,417 | INFO |    ↳ Status 403
2026-09-29 02:20:40,417 | WARNING |    ⚠ Blocked (403) retry 3
2026-09-29 02:20:40,485 | INFO | 🌐 Session warmed
2026-09-29 02:20:40,548 | INFO |    ↳ Status 403
2026-09-29 02:20:40,548 | WARNING |    ⚠ Blocked (403) retry 3
2026-09-29 02:20:40,624 | INFO | 🌐 Session warmed
2026-09-29 02:20:40,681 | INFO | [362/1901] Fetching Chhindwara (CHIN)
2026-09-29 02:20:41,335 | INFO |    ↳ Status 403
2026-09-29 02:20:41,335 | WARNING |    ⚠ Blocked (403) retry 1
2026-09-29 02:20:41,414 | INFO | 🌐 Session warmed
2026-09-29 02:20:41,429 | INFO |    ↳ Status 403
2026-09-29 02:20:41,429 | WARNING |    ⚠ Blocked (403) retry 2
2026-09-29 02:20:41,497 | INFO | 🌐 Session warmed
2026-09-29 02:20:43,695 | INFO |    ↳ Status 403
2026-09-29 02:20:43,695 | WARNING |    ⚠ Blocked (403) retry 2
2026-09-29 02:20:43,765 | INFO | 🌐 Session warmed
2026-09-29 02:20:44,485 | INFO | [363/1901] Fetching Chickmagaluru (CHKA)
2026-09-29 02:20:44,554 | INFO |    ↳ Status 403
2026-09-29 02:20:44,554 | WARNING |    ⚠ Blocked (403) retry 3
2026-09-29 02:20:44,623 | INFO | 🌐 Session warmed
2026-09-29 02:20:44,624 | INFO | [364/1901] Fetching Chidambaram (CHID)
2026-09-29 02:20:45,153 | INFO |    ↳ Status 403
2026-09-29 02:20:45,154 | WARNING |    ⚠ Blocked (403) retry 1
2026-09-29 02:20:45,229 | INFO | 🌐 Session warmed
2026-09-29 02:20:45,714 | INFO |    ↳ Status 403
2026-09-29 02:20:45,714 | WARNING |    ⚠ Blocked (403) retry 1
2026-09-29 02:20:45,786 | INFO | 🌐 Session warmed
2026-09-29 02:20:46,560 | INFO |    ↳ Status 403
2026-09-29 02:20:46,560 | WARNING |    ⚠ Blocked (403) retry 3
2026-09-29 02:20:46,629 | INFO | 🌐 Session warmed
2026-09-29 02:20:46,998 | INFO |    ↳ Status 403
2026-09-29 02:20:46,998 | WARNING |    ⚠ Blocked (403) retry 2
2026-09-29 02:20:47,064 | INFO | 🌐 Session warmed
2026-09-29 02:20:48,000 | INFO |    ↳ Status 403
2026-09-29 02:20:48,000 | WARNING |    ⚠ Blocked (403) retry 2
2026-09-29 02:20:48,066 | INFO | 🌐 Session warmed
2026-09-29 02:20:48,623 | INFO | [365/1901] Fetching Chikhli (CHIH)
2026-09-29 02:20:49,896 | INFO |    ↳ Status 403
2026-09-29 02:20:49,896 | WARNING |    ⚠ Blocked (403) retry 1
2026-09-29 02:20:49,969 | INFO | 🌐 Session warmed
2026-09-29 02:20:50,187 | INFO |    ↳ Status 403
2026-09-29 02:20:50,187 | WARNING |    ⚠ Blocked (403) retry 3
2026-09-29 02:20:50,254 | INFO | 🌐 Session warmed
2026-09-29 02:20:50,629 | INFO | [366/1901] Fetching Chikkaballapur (CHIK)
2026-09-29 02:20:50,783 | INFO |    ↳ Status 403
2026-09-29 02:20:50,783 | WARNING |    ⚠ Blocked (403) retry 3
2026-09-29 02:20:50,860 | INFO | 🌐 Session warmed
2026-09-29 02:20:51,980 | INFO |    ↳ Status 403
2026-09-29 02:20:51,981 | WARNING |    ⚠ Blocked (403) retry 2
2026-09-29 02:20:51,983 | INFO |    ↳ Status 403
2026-09-29 02:20:51,983 | WARNING |    ⚠ Blocked (403) retry 1
2026-09-29 02:20:52,062 | INFO | 🌐 Session warmed
2026-09-29 02:20:52,063 | INFO | 🌐 Session warmed
2026-09-29 02:20:54,013 | INFO |    ↳ Status 403
2026-09-29 02:20:54,014 | WARNING |    ⚠ Blocked (403) retry 2
2026-09-29 02:20:54,088 | INFO | 🌐 Session warmed
2026-09-29 02:20:54,255 | INFO | [367/1901] Fetching Chikmagalur (CHUR)
2026-09-29 02:20:54,795 | INFO |    ↳ Status 403
2026-09-29 02:20:54,795 | WARNING |    ⚠ Blocked (403) retry 3
2026-09-29 02:20:54,860 | INFO | [368/1901] Fetching Chikodi (CHOK)
2026-09-29 02:20:54,930 | INFO | 🌐 Session warmed
2026-09-29 02:20:55,365 | INFO |    ↳ Status 403
2026-09-29 02:20:55,365 | WARNING |    ⚠ Blocked (403) retry 1
2026-09-29 02:20:55,436 | INFO | 🌐 Session warmed
2026-09-29 02:20:55,688 | INFO |    ↳ Status 403
2026-09-29 02:20:55,688 | WARNING |    ⚠ Blocked (403) retry 1
2026-09-29 02:20:55,756 | INFO | 🌐 Session warmed
2026-09-29 02:20:57,149 | INFO |    ↳ Status 403
2026-09-29 02:20:57,149 | WARNING |    ⚠ Blocked (403) retry 3
2026-09-29 02:20:57,222 | INFO | 🌐 Session warmed
2026-09-29 02:20:57,536 | INFO |    ↳ Status 403
2026-09-29 02:20:57,536 | WARNING |    ⚠ Blocked (403) retry 2
2026-09-29 02:20:57,605 | INFO | 🌐 Session warmed
2026-09-29 02:20:57,666 | INFO |    ↳ Status 403
2026-09-29 02:20:57,666 | WARNING |    ⚠ Blocked (403) retry 2
2026-09-29 02:20:57,733 | INFO | 🌐 Session warmed
2026-09-29 02:20:58,931 | INFO | [369/1901] Fetching Chilakaluripet (CHIL)
2026-09-29 02:20:59,725 | INFO |    ↳ Status 403
2026-09-29 02:20:59,725 | WARNING |    ⚠ Blocked (403) retry 1
2026-09-29 02:20:59,807 | INFO | 🌐 Session warmed
2026-09-29 02:21:00,457 | INFO |    ↳ Status 403
2026-09-29 02:21:00,457 | WARNING |    ⚠ Blocked (403) retry 3
2026-09-29 02:21:00,528 | INFO | 🌐 Session warmed
2026-09-29 02:21:00,695 | INFO |    ↳ Status 403
2026-09-29 02:21:00,695 | WARNING |    ⚠ Blocked (403) retry 3
2026-09-29 02:21:00,779 | INFO | 🌐 Session warmed
2026-09-29 02:21:01,222 | INFO | [370/1901] Fetching Chinnalapatti (CNPT)
2026-09-29 02:21:01,651 | INFO |    ↳ Status 403
2026-09-29 02:21:01,651 | WARNING |    ⚠ Blocked (403) retry 2
2026-09-29 02:21:01,750 | INFO | 🌐 Session warmed
2026-09-29 02:21:02,531 | INFO |    ↳ Status 403
2026-09-29 02:21:02,531 | WARNING |    ⚠ Blocked (403) retry 1
2026-09-29 02:21:02,618 | INFO | 🌐 Session warmed
2026-09-29 02:21:04,528 | INFO | [371/1901] Fetching Chinnamandem (CHNA)
2026-09-29 02:21:04,578 | INFO |    ↳ Status 403
2026-09-29 02:21:04,578 | WARNING |    ⚠ Blocked (403) retry 2
2026-09-29 02:21:04,670 | INFO | 🌐 Session warmed
2026-09-29 02:21:04,709 | INFO |    ↳ Status 403
2026-09-29 02:21:04,709 | WARNING |    ⚠ Blocked (403) retry 3
2026-09-29 02:21:04,780 | INFO | [372/1901] Fetching Chinnamanur (CHAR)
2026-09-29 02:21:04,783 | INFO | 🌐 Session warmed
2026-09-29 02:21:05,622 | INFO |    ↳ Status 403
2026-09-29 02:21:05,622 | WARNING |    ⚠ Blocked (403) retry 1
2026-09-29 02:21:05,695 | INFO | 🌐 Session warmed
2026-09-29 02:21:06,132 | INFO |    ↳ Status 403
2026-09-29 02:21:06,133 | WARNING |    ⚠ Blocked (403) retry 1
2026-09-29 02:21:06,204 | INFO | 🌐 Session warmed
2026-09-29 02:21:07,952 | INFO |    ↳ Status 403
2026-09-29 02:21:07,952 | WARNING |    ⚠ Blocked (403) retry 3
2026-09-29 02:21:08,021 | INFO | 🌐 Session warmed
2026-09-29 02:21:08,087 | INFO |    ↳ Status 403
2026-09-29 02:21:08,087 | WARNING |    ⚠ Blocked (403) retry 2
2026-09-29 02:21:08,169 | INFO | 🌐 Session warmed
2026-09-29 02:21:08,328 | INFO |    ↳ Status 403
2026-09-29 02:21:08,328 | WARNING |    ⚠ Blocked (403) retry 2
2026-09-29 02:21:08,415 | INFO | 🌐 Session warmed
2026-09-29 02:21:08,783 | INFO | [373/1901] Fetching Chinsurah (CHSA)
2026-09-29 02:21:09,411 | INFO |    ↳ Status 403
2026-09-29 02:21:09,411 | WARNING |    ⚠ Blocked (403) retry 1
2026-09-29 02:21:09,481 | INFO | 🌐 Session warmed
2026-09-29 02:21:10,865 | INFO |    ↳ Status 403
2026-09-29 02:21:10,865 | WARNING |    ⚠ Blocked (403) retry 3
2026-09-29 02:21:10,933 | INFO | 🌐 Session warmed
2026-09-29 02:21:11,175 | INFO |    ↳ Status 403
2026-09-29 02:21:11,175 | WARNING |    ⚠ Blocked (403) retry 2
2026-09-29 02:21:11,247 | INFO | 🌐 Session warmed
2026-09-29 02:21:11,426 | INFO |    ↳ Status 403
2026-09-29 02:21:11,427 | WARNING |    ⚠ Blocked (403) retry 3
2026-09-29 02:21:11,495 | INFO | 🌐 Session warmed
2026-09-29 02:21:12,021 | INFO | [374/1901] Fetching Chintalapudi (CHPD)
2026-09-29 02:21:13,116 | INFO |    ↳ Status 403
2026-09-29 02:21:13,116 | WARNING |    ⚠ Blocked (403) retry 1
2026-09-29 02:21:13,181 | INFO | 🌐 Session warmed
2026-09-29 02:21:14,375 | INFO |    ↳ Status 403
2026-09-29 02:21:14,375 | WARNING |    ⚠ Blocked (403) retry 3
2026-09-29 02:21:14,453 | INFO | 🌐 Session warmed
2026-09-29 02:21:14,811 | INFO |    ↳ Status 403
2026-09-29 02:21:14,811 | WARNING |    ⚠ Blocked (403) retry 2
2026-09-29 02:21:14,880 | INFO | 🌐 Session warmed
2026-09-29 02:21:14,933 | INFO | [375/1901] Fetching Chintamani (CHTI)
2026-09-29 02:21:15,495 | INFO | [376/1901] Fetching Chinturu (CHTN)
2026-09-29 02:21:16,153 | INFO |    ↳ Status 403
2026-09-29 02:21:16,153 | WARNING |    ⚠ Blocked (403) retry 1
2026-09-29 02:21:16,225 | INFO | 🌐 Session warmed
2026-09-29 02:21:16,425 | INFO |    ↳ Status 403
2026-09-29 02:21:16,425 | WARNING |    ⚠ Blocked (403) retry 1
2026-09-29 02:21:16,494 | INFO | 🌐 Session warmed
2026-09-29 02:21:18,295 | INFO |    ↳ Status 403
2026-09-29 02:21:18,295 | WARNING |    ⚠ Blocked (403) retry 3
2026-09-29 02:21:18,381 | INFO | 🌐 Session warmed
2026-09-29 02:21:18,453 | INFO | [377/1901] Fetching Chiplun (CHPL)
2026-09-29 02:21:18,496 | INFO |    ↳ Status 403
2026-09-29 02:21:18,496 | WARNING |    ⚠ Blocked (403) retry 2
2026-09-29 02:21:18,578 | INFO | 🌐 Session warmed
2026-09-29 02:21:18,591 | INFO |    ↳ Status 403
2026-09-29 02:21:18,591 | WARNING |    ⚠ Blocked (403) retry 2
2026-09-29 02:21:18,665 | INFO | 🌐 Session warmed
2026-09-29 02:21:19,541 | INFO |    ↳ Status 403
2026-09-29 02:21:19,541 | WARNING |    ⚠ Blocked (403) retry 1
2026-09-29 02:21:19,616 | INFO | 🌐 Session warmed
2026-09-29 02:21:21,647 | INFO |    ↳ Status 403
2026-09-29 02:21:21,648 | WARNING |    ⚠ Blocked (403) retry 3
2026-09-29 02:21:21,682 | INFO |    ↳ Status 403
2026-09-29 02:21:21,682 | WARNING |    ⚠ Blocked (403) retry 2
2026-09-29 02:21:21,716 | INFO | 🌐 Session warmed
2026-09-29 02:21:21,748 | INFO | 🌐 Session warmed
2026-09-29 02:21:21,970 | INFO |    ↳ Status 403
2026-09-29 02:21:21,970 | WARNING |    ⚠ Blocked (403) retry 3
2026-09-29 02:21:22,038 | INFO | 🌐 Session warmed
2026-09-29 02:21:22,382 | INFO | [378/1901] Fetching Chiraiyakot (CHYO)
2026-09-29 02:21:23,560 | INFO |    ↳ Status 403
2026-09-29 02:21:23,560 | WARNING |    ⚠ Blocked (403) retry 1
2026-09-29 02:21:23,627 | INFO | 🌐 Session warmed
2026-09-29 02:21:24,656 | INFO |    ↳ Status 403
2026-09-29 02:21:24,656 | WARNING |    ⚠ Blocked (403) retry 3
2026-09-29 02:21:24,734 | INFO | 🌐 Session warmed
2026-09-29 02:21:25,418 | INFO |    ↳ Status 403
2026-09-29 02:21:25,418 | WARNING |    ⚠ Blocked (403) retry 2
2026-09-29 02:21:25,487 | INFO | 🌐 Session warmed
2026-09-29 02:21:25,716 | INFO | [379/1901] Fetching Chirala (CHIR)
2026-09-29 02:21:26,038 | INFO | [380/1901] Fetching Chirawa (CWRJ)
2026-09-29 02:21:26,432 | INFO |    ↳ Status 403
2026-09-29 02:21:26,432 | WARNING |    ⚠ Blocked (403) retry 1
2026-09-29 02:21:26,500 | INFO | 🌐 Session warmed
2026-09-29 02:21:27,361 | INFO |    ↳ Status 403
2026-09-29 02:21:27,361 | WARNING |    ⚠ Blocked (403) retry 1
2026-09-29 02:21:27,442 | INFO | 🌐 Session warmed
2026-09-29 02:21:28,294 | INFO |    ↳ Status 403
2026-09-29 02:21:28,295 | WARNING |    ⚠ Blocked (403) retry 2
2026-09-29 02:21:28,375 | INFO | 🌐 Session warmed
2026-09-29 02:21:28,472 | INFO |    ↳ Status 403
2026-09-29 02:21:28,473 | WARNING |    ⚠ Blocked (403) retry 3
2026-09-29 02:21:28,543 | INFO | 🌐 Session warmed
2026-09-29 02:21:28,734 | INFO | [381/1901] Fetching Chitradurga (CHIT)
2026-09-29 02:21:29,717 | INFO |    ↳ Status 403
2026-09-29 02:21:29,717 | WARNING |    ⚠ Blocked (403) retry 1
2026-09-29 02:21:29,783 | INFO | 🌐 Session warmed
2026-09-29 02:21:29,841 | INFO |    ↳ Status 403
2026-09-29 02:21:29,841 | WARNING |    ⚠ Blocked (403) retry 2
2026-09-29 02:21:29,977 | INFO | 🌐 Session warmed
2026-09-29 02:21:31,611 | INFO |    ↳ Status 403
2026-09-29 02:21:31,611 | WARNING |    ⚠ Blocked (403) retry 3
2026-09-29 02:21:31,679 | INFO | 🌐 Session warmed
2026-09-29 02:21:32,112 | INFO |    ↳ Status 403
2026-09-29 02:21:32,112 | WARNING |    ⚠ Blocked (403) retry 2
2026-09-29 02:21:32,180 | INFO | 🌐 Session warmed
2026-09-29 02:21:32,543 | INFO | [382/1901] Fetching Chittoor (CHTT)
2026-09-29 02:21:32,660 | INFO |    ↳ Status 403
2026-09-29 02:21:32,660 | WARNING |    ⚠ Blocked (403) retry 3
2026-09-29 02:21:32,729 | INFO | 🌐 Session warmed
2026-09-29 02:21:33,652 | INFO |    ↳ Status 403
2026-09-29 02:21:33,652 | WARNING |    ⚠ Blocked (403) retry 1
2026-09-29 02:21:33,718 | INFO | 🌐 Session warmed
2026-09-29 02:21:35,004 | INFO |    ↳ Status 403
2026-09-29 02:21:35,004 | WARNING |    ⚠ Blocked (403) retry 3
2026-09-29 02:21:35,071 | INFO | 🌐 Session warmed
2026-09-29 02:21:35,583 | INFO |    ↳ Status 403
2026-09-29 02:21:35,583 | WARNING |    ⚠ Blocked (403) retry 2
2026-09-29 02:21:35,659 | INFO | 🌐 Session warmed
2026-09-29 02:21:35,680 | INFO | [383/1901] Fetching Chittorgarh (COTT)
2026-09-29 02:21:36,730 | INFO | [384/1901] Fetching Chodavaram (CDVM)
2026-09-29 02:21:36,875 | INFO |    ↳ Status 403
2026-09-29 02:21:36,875 | WARNING |    ⚠ Blocked (403) retry 1
2026-09-29 02:21:36,947 | INFO | 🌐 Session warmed
2026-09-29 02:21:37,476 | INFO |    ↳ Status 403
2026-09-29 02:21:37,476 | WARNING |    ⚠ Blocked (403) retry 1
2026-09-29 02:21:37,544 | INFO | 🌐 Session warmed
2026-09-29 02:21:38,438 | INFO |    ↳ Status 403
2026-09-29 02:21:38,438 | WARNING |    ⚠ Blocked (403) retry 3
2026-09-29 02:21:38,510 | INFO | 🌐 Session warmed
2026-09-29 02:21:38,925 | INFO |    ↳ Status 403
2026-09-29 02:21:38,925 | WARNING |    ⚠ Blocked (403) retry 2
2026-09-29 02:21:38,998 | INFO | 🌐 Session warmed
2026-09-29 02:21:39,071 | INFO | [385/1901] Fetching Chon Buri (CHBR)
2026-09-29 02:21:39,851 | INFO |    ↳ Status 403
2026-09-29 02:21:39,851 | WARNING |    ⚠ Blocked (403) retry 2
2026-09-29 02:21:39,922 | INFO | 🌐 Session warmed
2026-09-29 02:21:40,095 | INFO |    ↳ Status 403
2026-09-29 02:21:40,095 | WARNING |    ⚠ Blocked (403) retry 1
2026-09-29 02:21:40,160 | INFO | 🌐 Session warmed
2026-09-29 02:21:41,903 | INFO |    ↳ Status 403
2026-09-29 02:21:41,903 | WARNING |    ⚠ Blocked (403) retry 3
2026-09-29 02:21:41,969 | INFO | 🌐 Session warmed
2026-09-29 02:21:42,461 | INFO |    ↳ Status 403
2026-09-29 02:21:42,461 | WARNING |    ⚠ Blocked (403) retry 2
2026-09-29 02:21:42,510 | INFO | [386/1901] Fetching Chotila (CHOT)
2026-09-29 02:21:42,533 | INFO | 🌐 Session warmed
2026-09-29 02:21:42,584 | INFO |    ↳ Status 403
2026-09-29 02:21:42,584 | WARNING |    ⚠ Blocked (403) retry 3
2026-09-29 02:21:42,660 | INFO | 🌐 Session warmed
2026-09-29 02:21:43,342 | INFO |    ↳ Status 403
2026-09-29 02:21:43,342 | WARNING |    ⚠ Blocked (403) retry 1
2026-09-29 02:21:43,415 | INFO | 🌐 Session warmed
2026-09-29 02:21:45,147 | INFO |    ↳ Status 403
2026-09-29 02:21:45,147 | WARNING |    ⚠ Blocked (403) retry 2
2026-09-29 02:21:45,227 | INFO | 🌐 Session warmed
2026-09-29 02:21:45,345 | INFO |    ↳ Status 403
2026-09-29 02:21:45,345 | WARNING |    ⚠ Blocked (403) retry 3
2026-09-29 02:21:45,419 | INFO | 🌐 Session warmed
2026-09-29 02:21:45,969 | INFO | [387/1901] Fetching Choutuppal (CHOU)
2026-09-29 02:21:46,661 | INFO | [388/1901] Fetching Churachandpur (CHUC)
2026-09-29 02:21:47,371 | INFO |    ↳ Status 403
2026-09-29 02:21:47,371 | WARNING |    ⚠ Blocked (403) retry 1
2026-09-29 02:21:47,443 | INFO | 🌐 Session warmed
2026-09-29 02:21:47,957 | INFO |    ↳ Status 403
2026-09-29 02:21:47,958 | WARNING |    ⚠ Blocked (403) retry 1
2026-09-29 02:21:48,024 | INFO | 🌐 Session warmed
2026-09-29 02:21:48,453 | INFO |    ↳ Status 403
2026-09-29 02:21:48,453 | WARNING |    ⚠ Blocked (403) retry 3
2026-09-29 02:21:48,517 | INFO | 🌐 Session warmed
2026-09-29 02:21:49,420 | INFO | [389/1901] Fetching Churu (CHRU)
2026-09-29 02:21:49,841 | INFO |    ↳ Status 403
2026-09-29 02:21:49,841 | WARNING |    ⚠ Blocked (403) retry 2
2026-09-29 02:21:49,918 | INFO | 🌐 Session warmed
2026-09-29 02:21:50,362 | INFO |    ↳ Status 403
2026-09-29 02:21:50,362 | WARNING |    ⚠ Blocked (403) retry 2
2026-09-29 02:21:50,438 | INFO | 🌐 Session warmed
2026-09-29 02:21:50,485 | INFO |    ↳ Status 403
2026-09-29 02:21:50,486 | WARNING |    ⚠ Blocked (403) retry 1
2026-09-29 02:21:50,563 | INFO | 🌐 Session warmed
2026-09-29 02:21:52,256 | INFO |    ↳ Status 403
2026-09-29 02:21:52,256 | WARNING |    ⚠ Blocked (403) retry 2
2026-09-29 02:21:52,334 | INFO | 🌐 Session warmed
2026-09-29 02:21:52,518 | INFO | [390/1901] Fetching Coimbatore (COIM)
2026-09-29 02:21:53,147 | INFO |    ↳ Status 403
2026-09-29 02:21:53,147 | WARNING |    ⚠ Blocked (403) retry 3
2026-09-29 02:21:53,217 | INFO | 🌐 Session warmed
2026-09-29 02:21:53,307 | INFO |    ↳ Status 403
2026-09-29 02:21:53,307 | WARNING |    ⚠ Blocked (403) retry 1
2026-09-29 02:21:53,378 | INFO | 🌐 Session warmed
2026-09-29 02:21:53,743 | INFO |    ↳ Status 403
2026-09-29 02:21:53,743 | WARNING |    ⚠ Blocked (403) retry 3
2026-09-29 02:21:53,821 | INFO | 🌐 Session warmed
2026-09-29 02:21:55,203 | INFO |    ↳ Status 403
2026-09-29 02:21:55,204 | WARNING |    ⚠ Blocked (403) retry 2
2026-09-29 02:21:55,288 | INFO | 🌐 Session warmed
2026-09-29 02:21:55,422 | INFO |    ↳ Status 403
2026-09-29 02:21:55,422 | WARNING |    ⚠ Blocked (403) retry 3
2026-09-29 02:21:55,495 | INFO | 🌐 Session warmed
2026-09-29 02:21:57,218 | INFO | [391/1901] Fetching Colombo (COLO)
2026-09-29 02:21:57,821 | INFO | [392/1901] Fetching Cooch Behar (COBE)
2026-09-29 02:21:58,343 | INFO |    ↳ Status 403
2026-09-29 02:21:58,343 | WARNING |    ⚠ Blocked (403) retry 1
2026-09-29 02:21:58,414 | INFO | 🌐 Session warmed
2026-09-29 02:21:58,416 | INFO |    ↳ Status 403
2026-09-29 02:21:58,416 | WARNING |    ⚠ Blocked (403) retry 3
2026-09-29 02:21:58,485 | INFO | 🌐 Session warmed
2026-09-29 02:21:58,875 | INFO |    ↳ Status 403
2026-09-29 02:21:58,875 | WARNING |    ⚠ Blocked (403) retry 1
2026-09-29 02:21:58,939 | INFO | 🌐 Session warmed
2026-09-29 02:21:59,495 | INFO | [393/1901] Fetching Coonoor (CUNR)
2026-09-29 02:22:00,275 | INFO |    ↳ Status 403
2026-09-29 02:22:00,275 | WARNING |    ⚠ Blocked (403) retry 2
2026-09-29 02:22:00,341 | INFO | 🌐 Session warmed
2026-09-29 02:22:00,925 | INFO |    ↳ Status 403
2026-09-29 02:22:00,925 | WARNING |    ⚠ Blocked (403) retry 1
2026-09-29 02:22:01,061 | INFO | 🌐 Session warmed
2026-09-29 02:22:01,240 | INFO |    ↳ Status 403
2026-09-29 02:22:01,240 | WARNING |    ⚠ Blocked (403) retry 2
2026-09-29 02:22:01,309 | INFO | 🌐 Session warmed
2026-09-29 02:22:02,485 | INFO | [394/1901] Fetching Cuddalore (CUDD)
2026-09-29 02:22:03,310 | INFO |    ↳ Status 403
2026-09-29 02:22:03,310 | WARNING |    ⚠ Blocked (403) retry 2
2026-09-29 02:22:03,379 | INFO | 🌐 Session warmed
2026-09-29 02:22:03,442 | INFO |    ↳ Status 403
2026-09-29 02:22:03,442 | WARNING |    ⚠ Blocked (403) retry 3
2026-09-29 02:22:03,512 | INFO | 🌐 Session warmed
2026-09-29 02:22:03,866 | INFO |    ↳ Status 403
2026-09-29 02:22:03,866 | WARNING |    ⚠ Blocked (403) retry 1
2026-09-29 02:22:03,943 | INFO | 🌐 Session warmed
2026-09-29 02:22:04,683 | INFO |    ↳ Status 403
2026-09-29 02:22:04,683 | WARNING |    ⚠ Blocked (403) retry 3
2026-09-29 02:22:04,762 | INFO | 🌐 Session warmed
2026-09-29 02:22:06,129 | INFO |    ↳ Status 403
2026-09-29 02:22:06,129 | WARNING |    ⚠ Blocked (403) retry 2
2026-09-29 02:22:06,207 | INFO | 🌐 Session warmed
2026-09-29 02:22:06,733 | INFO |    ↳ Status 403
2026-09-29 02:22:06,733 | WARNING |    ⚠ Blocked (403) retry 3
2026-09-29 02:22:06,821 | INFO | 🌐 Session warmed
2026-09-29 02:22:07,512 | INFO | [395/1901] Fetching Cumbum (CMBM)
2026-09-29 02:22:08,485 | INFO |    ↳ Status 403
2026-09-29 02:22:08,485 | WARNING |    ⚠ Blocked (403) retry 1
2026-09-29 02:22:08,554 | INFO | 🌐 Session warmed
2026-09-29 02:22:08,762 | INFO | [396/1901] Fetching Cumbum (AP) (CUMB)
2026-09-29 02:22:09,111 | INFO |    ↳ Status 403
2026-09-29 02:22:09,111 | WARNING |    ⚠ Blocked (403) retry 3
2026-09-29 02:22:09,189 | INFO | 🌐 Session warmed
2026-09-29 02:22:09,466 | INFO |    ↳ Status 403
2026-09-29 02:22:09,466 | WARNING |    ⚠ Blocked (403) retry 1
2026-09-29 02:22:09,539 | INFO | 🌐 Session warmed
2026-09-29 02:22:10,258 | INFO |    ↳ Status 403
2026-09-29 02:22:10,258 | WARNING |    ⚠ Blocked (403) retry 2
2026-09-29 02:22:10,330 | INFO | 🌐 Session warmed
2026-09-29 02:22:10,821 | INFO | [397/1901] Fetching Cuttack (CUTT)
2026-09-29 02:22:11,293 | INFO |    ↳ Status 403
2026-09-29 02:22:11,293 | WARNING |    ⚠ Blocked (403) retry 2
2026-09-29 02:22:11,373 | INFO | 🌐 Session warmed
2026-09-29 02:22:11,709 | INFO |    ↳ Status 403
2026-09-29 02:22:11,709 | WARNING |    ⚠ Blocked (403) retry 1
2026-09-29 02:22:11,785 | INFO | 🌐 Session warmed
2026-09-29 02:22:13,137 | INFO |    ↳ Status 403
2026-09-29 02:22:13,137 | WARNING |    ⚠ Blocked (403) retry 3
2026-09-29 02:22:13,189 | INFO | [398/1901] Fetching Dabhara (DABH)
2026-09-29 02:22:13,212 | INFO | 🌐 Session warmed
2026-09-29 02:22:13,417 | INFO |    ↳ Status 403
2026-09-29 02:22:13,417 | WARNING |    ⚠ Blocked (403) retry 2
2026-09-29 02:22:13,491 | INFO | 🌐 Session warmed
2026-09-29 02:22:14,223 | INFO |    ↳ Status 403
2026-09-29 02:22:14,224 | WARNING |    ⚠ Blocked (403) retry 3
2026-09-29 02:22:14,299 | INFO | 🌐 Session warmed
2026-09-29 02:22:14,479 | INFO |    ↳ Status 403
2026-09-29 02:22:14,479 | WARNING |    ⚠ Blocked (403) retry 1
2026-09-29 02:22:14,551 | INFO | 🌐 Session warmed
2026-09-29 02:22:16,388 | INFO |    ↳ Status 403
2026-09-29 02:22:16,389 | WARNING |    ⚠ Blocked (403) retry 3
2026-09-29 02:22:16,464 | INFO | 🌐 Session warmed
2026-09-29 02:22:16,856 | INFO |    ↳ Status 403
2026-09-29 02:22:16,856 | WARNING |    ⚠ Blocked (403) retry 2
2026-09-29 02:22:16,931 | INFO | 🌐 Session warmed
2026-09-29 02:22:17,213 | INFO | [399/1901] Fetching Dabra (DABR)
2026-09-29 02:22:17,883 | INFO |    ↳ Status 403
2026-09-29 02:22:17,883 | WARNING |    ⚠ Blocked (403) retry 1
2026-09-29 02:22:17,952 | INFO | 🌐 Session warmed
2026-09-29 02:22:18,299 | INFO | [400/1901] Fetching Dahanu (DHAU)
2026-09-29 02:22:19,568 | INFO |    ↳ Status 403
2026-09-29 02:22:19,568 | WARNING |    ⚠ Blocked (403) retry 1
2026-09-29 02:22:19,644 | INFO | 🌐 Session warmed
2026-09-29 02:22:20,039 | INFO |    ↳ Status 403
2026-09-29 02:22:20,039 | WARNING |    ⚠ Blocked (403) retry 2
2026-09-29 02:22:20,147 | INFO |    ↳ Status 403
2026-09-29 02:22:20,147 | WARNING |    ⚠ Blocked (403) retry 3
2026-09-29 02:22:20,197 | INFO | 🌐 Session warmed
2026-09-29 02:22:20,220 | INFO | 🌐 Session warmed
2026-09-29 02:22:20,465 | INFO | [401/1901] Fetching Dahegam (DHGM)
2026-09-29 02:22:21,558 | INFO |    ↳ Status 403
2026-09-29 02:22:21,558 | WARNING |    ⚠ Blocked (403) retry 1
2026-09-29 02:22:21,627 | INFO | 🌐 Session warmed
2026-09-29 02:22:22,066 | INFO |    ↳ Status 403
2026-09-29 02:22:22,066 | WARNING |    ⚠ Blocked (403) retry 2
2026-09-29 02:22:22,147 | INFO | 🌐 Session warmed
2026-09-29 02:22:23,438 | INFO |    ↳ Status 403
2026-09-29 02:22:23,438 | WARNING |    ⚠ Blocked (403) retry 3
2026-09-29 02:22:23,514 | INFO | 🌐 Session warmed
2026-09-29 02:22:23,539 | INFO |    ↳ Status 403
2026-09-29 02:22:23,539 | WARNING |    ⚠ Blocked (403) retry 2
2026-09-29 02:22:23,608 | INFO | 🌐 Session warmed
2026-09-29 02:22:24,221 | INFO | [402/1901] Fetching Dahod (DAHO)
2026-09-29 02:22:24,823 | INFO |    ↳ Status 403
2026-09-29 02:22:24,823 | WARNING |    ⚠ Blocked (403) retry 3
2026-09-29 02:22:24,897 | INFO | 🌐 Session warmed
2026-09-29 02:22:25,441 | INFO |    ↳ Status 403
2026-09-29 02:22:25,441 | WARNING |    ⚠ Blocked (403) retry 1
2026-09-29 02:22:25,520 | INFO | 🌐 Session warmed
2026-09-29 02:22:26,647 | INFO |    ↳ Status 403
2026-09-29 02:22:26,647 | WARNING |    ⚠ Blocked (403) retry 3
2026-09-29 02:22:26,716 | INFO | 🌐 Session warmed
2026-09-29 02:22:27,478 | INFO |    ↳ Status 403
2026-09-29 02:22:27,478 | WARNING |    ⚠ Blocked (403) retry 2
2026-09-29 02:22:27,515 | INFO | [403/1901] Fetching Dakshin Barasat (DAKS)
2026-09-29 02:22:27,550 | INFO | 🌐 Session warmed
2026-09-29 02:22:28,445 | INFO |    ↳ Status 403
2026-09-29 02:22:28,445 | WARNING |    ⚠ Blocked (403) retry 1
2026-09-29 02:22:28,528 | INFO | 🌐 Session warmed
2026-09-29 02:22:28,897 | INFO | [404/1901] Fetching Dalli Rajhara (DALL)
2026-09-29 02:22:29,686 | INFO |    ↳ Status 403
2026-09-29 02:22:29,686 | WARNING |    ⚠ Blocked (403) retry 1
2026-09-29 02:22:29,761 | INFO | 🌐 Session warmed
2026-09-29 02:22:30,202 | INFO |    ↳ Status 403
2026-09-29 02:22:30,202 | WARNING |    ⚠ Blocked (403) retry 3
2026-09-29 02:22:30,273 | INFO | 🌐 Session warmed
2026-09-29 02:22:30,599 | INFO |    ↳ Status 403
2026-09-29 02:22:30,599 | WARNING |    ⚠ Blocked (403) retry 2
2026-09-29 02:22:30,681 | INFO | 🌐 Session warmed
2026-09-29 02:22:30,716 | INFO | [405/1901] Fetching Dalmianagar (DAAL)
2026-09-29 02:22:31,735 | INFO |    ↳ Status 403
2026-09-29 02:22:31,735 | WARNING |    ⚠ Blocked (403) retry 2
2026-09-29 02:22:31,801 | INFO | 🌐 Session warmed
2026-09-29 02:22:31,916 | INFO |    ↳ Status 403
2026-09-29 02:22:31,916 | WARNING |    ⚠ Blocked (403) retry 1
2026-09-29 02:22:31,984 | INFO | 🌐 Session warmed
2026-09-29 02:22:33,911 | INFO |    ↳ Status 403
2026-09-29 02:22:33,911 | WARNING |    ⚠ Blocked (403) retry 2
2026-09-29 02:22:33,997 | INFO | 🌐 Session warmed
2026-09-29 02:22:34,089 | INFO |    ↳ Status 403
2026-09-29 02:22:34,089 | WARNING |    ⚠ Blocked (403) retry 3
2026-09-29 02:22:34,162 | INFO | 🌐 Session warmed
2026-09-29 02:22:34,273 | INFO | [406/1901] Fetching Daltonganj (DATG)
2026-09-29 02:22:34,972 | INFO |    ↳ Status 403
2026-09-29 02:22:34,972 | WARNING |    ⚠ Blocked (403) retry 3
2026-09-29 02:22:35,037 | INFO | 🌐 Session warmed
2026-09-29 02:22:35,400 | INFO |    ↳ Status 403
2026-09-29 02:22:35,400 | WARNING |    ⚠ Blocked (403) retry 1
2026-09-29 02:22:35,476 | INFO | 🌐 Session warmed
2026-09-29 02:22:36,890 | INFO |    ↳ Status 403
2026-09-29 02:22:36,890 | WARNING |    ⚠ Blocked (403) retry 3
2026-09-29 02:22:36,963 | INFO | 🌐 Session warmed
2026-09-29 02:22:37,654 | INFO |    ↳ Status 403
2026-09-29 02:22:37,654 | WARNING |    ⚠ Blocked (403) retry 2
2026-09-29 02:22:37,730 | INFO | 🌐 Session warmed
2026-09-29 02:22:38,162 | INFO | [407/1901] Fetching Daman (DAMA)
2026-09-29 02:22:39,013 | INFO |    ↳ Status 403
2026-09-29 02:22:39,013 | WARNING |    ⚠ Blocked (403) retry 1
2026-09-29 02:22:39,037 | INFO | [408/1901] Fetching Damarcherla (DAMC)
2026-09-29 02:22:39,095 | INFO | 🌐 Session warmed
2026-09-29 02:22:40,351 | INFO |    ↳ Status 403
2026-09-29 02:22:40,351 | WARNING |    ⚠ Blocked (403) retry 1
2026-09-29 02:22:40,418 | INFO | 🌐 Session warmed
2026-09-29 02:22:40,810 | INFO |    ↳ Status 403
2026-09-29 02:22:40,810 | WARNING |    ⚠ Blocked (403) retry 3
2026-09-29 02:22:40,877 | INFO | 🌐 Session warmed
2026-09-29 02:22:40,964 | INFO | [409/1901] Fetching Dammapeta (DMPT)
2026-09-29 02:22:40,974 | INFO |    ↳ Status 403
2026-09-29 02:22:40,974 | WARNING |    ⚠ Blocked (403) retry 2
2026-09-29 02:22:41,046 | INFO | 🌐 Session warmed
2026-09-29 02:22:41,649 | INFO |    ↳ Status 403
2026-09-29 02:22:41,650 | WARNING |    ⚠ Blocked (403) retry 1
2026-09-29 02:22:41,723 | INFO | 🌐 Session warmed
2026-09-29 02:22:42,096 | INFO |    ↳ Status 403
2026-09-29 02:22:42,096 | WARNING |    ⚠ Blocked (403) retry 2
2026-09-29 02:22:42,167 | INFO | 🌐 Session warmed
2026-09-29 02:22:44,104 | INFO |    ↳ Status 403
2026-09-29 02:22:44,104 | WARNING |    ⚠ Blocked (403) retry 3
2026-09-29 02:22:44,110 | INFO |    ↳ Status 403
2026-09-29 02:22:44,110 | WARNING |    ⚠ Blocked (403) retry 2
2026-09-29 02:22:44,187 | INFO | 🌐 Session warmed
2026-09-29 02:22:44,194 | INFO | 🌐 Session warmed
2026-09-29 02:22:44,878 | INFO | [410/1901] Fetching Damoh (DAMO)
2026-09-29 02:22:45,402 | INFO |    ↳ Status 403
2026-09-29 02:22:45,402 | WARNING |    ⚠ Blocked (403) retry 3
2026-09-29 02:22:45,475 | INFO | 🌐 Session warmed
2026-09-29 02:22:45,527 | INFO |    ↳ Status 403
2026-09-29 02:22:45,527 | WARNING |    ⚠ Blocked (403) retry 1
2026-09-29 02:22:45,595 | INFO | 🌐 Session warmed
2026-09-29 02:22:47,295 | INFO |    ↳ Status 403
2026-09-29 02:22:47,295 | WARNING |    ⚠ Blocked (403) retry 3
2026-09-29 02:22:47,369 | INFO | 🌐 Session warmed
2026-09-29 02:22:47,841 | INFO |    ↳ Status 403
2026-09-29 02:22:47,841 | WARNING |    ⚠ Blocked (403) retry 2
2026-09-29 02:22:47,922 | INFO | 🌐 Session warmed
2026-09-29 02:22:48,188 | INFO | [411/1901] Fetching Danapur (DANA)
2026-09-29 02:22:49,186 | INFO |    ↳ Status 403
2026-09-29 02:22:49,186 | WARNING |    ⚠ Blocked (403) retry 1
2026-09-29 02:22:49,262 | INFO | 🌐 Session warmed
2026-09-29 02:22:49,475 | INFO | [412/1901] Fetching Dandeli (DAND)
2026-09-29 02:22:50,672 | INFO |    ↳ Status 403
2026-09-29 02:22:50,672 | WARNING |    ⚠ Blocked (403) retry 1
2026-09-29 02:22:50,743 | INFO | 🌐 Session warmed
2026-09-29 02:22:51,209 | INFO |    ↳ Status 403
2026-09-29 02:22:51,209 | WARNING |    ⚠ Blocked (403) retry 3
2026-09-29 02:22:51,265 | INFO |    ↳ Status 403
2026-09-29 02:22:51,265 | WARNING |    ⚠ Blocked (403) retry 2
2026-09-29 02:22:51,283 | INFO | 🌐 Session warmed
2026-09-29 02:22:51,334 | INFO | 🌐 Session warmed
2026-09-29 02:22:51,370 | INFO | [413/1901] Fetching Dang (DANG)
2026-09-29 02:22:52,176 | INFO |    ↳ Status 403
2026-09-29 02:22:52,176 | WARNING |    ⚠ Blocked (403) retry 1
2026-09-29 02:22:52,241 | INFO | 🌐 Session warmed
2026-09-29 02:22:52,778 | INFO |    ↳ Status 403
2026-09-29 02:22:52,778 | WARNING |    ⚠ Blocked (403) retry 2
2026-09-29 02:22:52,850 | INFO | 🌐 Session warmed
2026-09-29 02:22:54,418 | INFO |    ↳ Status 403
2026-09-29 02:22:54,419 | WARNING |    ⚠ Blocked (403) retry 2
2026-09-29 02:22:54,484 | INFO | 🌐 Session warmed
2026-09-29 02:22:54,499 | INFO |    ↳ Status 403
2026-09-29 02:22:54,500 | WARNING |    ⚠ Blocked (403) retry 3
2026-09-29 02:22:54,568 | INFO | 🌐 Session warmed
2026-09-29 02:22:55,283 | INFO | [414/1901] Fetching Dankaur (DAUK)
2026-09-29 02:22:55,985 | INFO |    ↳ Status 403
2026-09-29 02:22:55,985 | WARNING |    ⚠ Blocked (403) retry 3
2026-09-29 02:22:56,056 | INFO | 🌐 Session warmed
2026-09-29 02:22:56,072 | INFO |    ↳ Status 403
2026-09-29 02:22:56,072 | WARNING |    ⚠ Blocked (403) retry 1
2026-09-29 02:22:56,146 | INFO | 🌐 Session warmed
2026-09-29 02:22:57,826 | INFO |    ↳ Status 403
2026-09-29 02:22:57,826 | WARNING |    ⚠ Blocked (403) retry 3
2026-09-29 02:22:57,891 | INFO | 🌐 Session warmed
2026-09-29 02:22:58,314 | INFO |    ↳ Status 403
2026-09-29 02:22:58,314 | WARNING |    ⚠ Blocked (403) retry 2
2026-09-29 02:22:58,384 | INFO | 🌐 Session warmed
2026-09-29 02:22:58,568 | INFO | [415/1901] Fetching Dantewada (DTWD)
2026-09-29 02:22:59,952 | INFO |    ↳ Status 403
2026-09-29 02:22:59,952 | WARNING |    ⚠ Blocked (403) retry 1
2026-09-29 02:23:00,019 | INFO | 🌐 Session warmed
2026-09-29 02:23:00,056 | INFO | [416/1901] Fetching Daporijo (DAPO)
2026-09-29 02:23:00,915 | INFO |    ↳ Status 403
2026-09-29 02:23:00,915 | WARNING |    ⚠ Blocked (403) retry 1
2026-09-29 02:23:00,981 | INFO | 🌐 Session warmed
2026-09-29 02:23:01,430 | INFO |    ↳ Status 403
2026-09-29 02:23:01,430 | WARNING |    ⚠ Blocked (403) retry 3
2026-09-29 02:23:01,502 | INFO | 🌐 Session warmed
2026-09-29 02:23:01,892 | INFO | [417/1901] Fetching Darbhanga (DARB)
2026-09-29 02:23:02,274 | INFO |    ↳ Status 403
2026-09-29 02:23:02,274 | WARNING |    ⚠ Blocked (403) retry 2
2026-09-29 02:23:02,350 | INFO | 🌐 Session warmed
2026-09-29 02:23:02,541 | INFO |    ↳ Status 403
2026-09-29 02:23:02,541 | WARNING |    ⚠ Blocked (403) retry 1
2026-09-29 02:23:02,626 | INFO | 🌐 Session warmed
2026-09-29 02:23:02,639 | INFO |    ↳ Status 403
2026-09-29 02:23:02,639 | WARNING |    ⚠ Blocked (403) retry 2
2026-09-29 02:23:02,722 | INFO | 🌐 Session warmed
2026-09-29 02:23:04,623 | INFO |    ↳ Status 403
2026-09-29 02:23:04,623 | WARNING |    ⚠ Blocked (403) retry 2
2026-09-29 02:23:04,691 | INFO | 🌐 Session warmed
2026-09-29 02:23:05,000 | INFO |    ↳ Status 403
2026-09-29 02:23:05,000 | WARNING |    ⚠ Blocked (403) retry 3
2026-09-29 02:23:05,071 | INFO | 🌐 Session warmed
2026-09-29 02:23:05,502 | INFO | [418/1901] Fetching Darjeeling (DARJ)
2026-09-29 02:23:05,944 | INFO |    ↳ Status 403
2026-09-29 02:23:05,944 | WARNING |    ⚠ Blocked (403) retry 3
2026-09-29 02:23:06,025 | INFO | 🌐 Session warmed
2026-09-29 02:23:06,768 | INFO |    ↳ Status 403
2026-09-29 02:23:06,768 | WARNING |    ⚠ Blocked (403) retry 1
2026-09-29 02:23:06,837 | INFO | 🌐 Session warmed
2026-09-29 02:23:07,420 | INFO |    ↳ Status 403
2026-09-29 02:23:07,420 | WARNING |    ⚠ Blocked (403) retry 3
2026-09-29 02:23:07,493 | INFO | 🌐 Session warmed
2026-09-29 02:23:08,453 | INFO |    ↳ Status 403
2026-09-29 02:23:08,453 | WARNING |    ⚠ Blocked (403) retry 2
2026-09-29 02:23:08,540 | INFO | 🌐 Session warmed
2026-09-29 02:23:09,071 | INFO | [419/1901] Fetching Darlapudi (DRLA)
2026-09-29 02:23:10,025 | INFO | [420/1901] Fetching Darsi (DARS)
2026-09-29 02:23:10,050 | INFO |    ↳ Status 403
2026-09-29 02:23:10,051 | WARNING |    ⚠ Blocked (403) retry 1
2026-09-29 02:23:10,116 | INFO | 🌐 Session warmed
2026-09-29 02:23:10,759 | INFO |    ↳ Status 403
2026-09-29 02:23:10,759 | WARNING |    ⚠ Blocked (403) retry 1
2026-09-29 02:23:10,914 | INFO | 🌐 Session warmed
2026-09-29 02:23:11,260 | INFO |    ↳ Status 403
2026-09-29 02:23:11,260 | WARNING |    ⚠ Blocked (403) retry 3
2026-09-29 02:23:11,343 | INFO | 🌐 Session warmed
2026-09-29 02:23:11,494 | INFO | [421/1901] Fetching Darwha (DARA)
2026-09-29 02:23:12,122 | INFO |    ↳ Status 403
2026-09-29 02:23:12,122 | WARNING |    ⚠ Blocked (403) retry 2
2026-09-29 02:23:12,201 | INFO | 🌐 Session warmed
2026-09-29 02:23:12,244 | INFO |    ↳ Status 403
2026-09-29 02:23:12,244 | WARNING |    ⚠ Blocked (403) retry 1
2026-09-29 02:23:12,313 | INFO | 🌐 Session warmed
2026-09-29 02:23:12,932 | INFO |    ↳ Status 403
2026-09-29 02:23:12,932 | WARNING |    ⚠ Blocked (403) retry 2
2026-09-29 02:23:13,008 | INFO | 🌐 Session warmed
2026-09-29 02:23:14,536 | INFO |    ↳ Status 403
2026-09-29 02:23:14,536 | WARNING |    ⚠ Blocked (403) retry 2
2026-09-29 02:23:14,608 | INFO | 🌐 Session warmed
2026-09-29 02:23:15,252 | INFO |    ↳ Status 403
2026-09-29 02:23:15,252 | WARNING |    ⚠ Blocked (403) retry 3
2026-09-29 02:23:15,330 | INFO | 🌐 Session warmed
2026-09-29 02:23:15,343 | INFO | [422/1901] Fetching Dasuya (DASU)
2026-09-29 02:23:16,289 | INFO |    ↳ Status 403
2026-09-29 02:23:16,289 | WARNING |    ⚠ Blocked (403) retry 1
2026-09-29 02:23:16,301 | INFO |    ↳ Status 403
2026-09-29 02:23:16,301 | WARNING |    ⚠ Blocked (403) retry 3
2026-09-29 02:23:16,382 | INFO | 🌐 Session warmed
2026-09-29 02:23:16,384 | INFO | 🌐 Session warmed
2026-09-29 02:23:17,298 | INFO |    ↳ Status 403
2026-09-29 02:23:17,298 | WARNING |    ⚠ Blocked (403) retry 3
2026-09-29 02:23:17,375 | INFO | 🌐 Session warmed
2026-09-29 02:23:18,796 | INFO |    ↳ Status 403
2026-09-29 02:23:18,796 | WARNING |    ⚠ Blocked (403) retry 2
2026-09-29 02:23:18,868 | INFO | 🌐 Session warmed
2026-09-29 02:23:19,330 | INFO | [423/1901] Fetching Datia (DATI)
2026-09-29 02:23:20,384 | INFO | [424/1901] Fetching Daund (DAUN)
2026-09-29 02:23:20,646 | INFO |    ↳ Status 403
2026-09-29 02:23:20,646 | WARNING |    ⚠ Blocked (403) retry 1
2026-09-29 02:23:20,714 | INFO | 🌐 Session warmed
2026-09-29 02:23:21,232 | INFO |    ↳ Status 403
2026-09-29 02:23:21,232 | WARNING |    ⚠ Blocked (403) retry 1
2026-09-29 02:23:21,307 | INFO | 🌐 Session warmed
2026-09-29 02:23:21,375 | INFO | [425/1901] Fetching Dausa (DAUS)
2026-09-29 02:23:21,713 | INFO |    ↳ Status 403
2026-09-29 02:23:21,713 | WARNING |    ⚠ Blocked (403) retry 3
2026-09-29 02:23:21,784 | INFO | 🌐 Session warmed
2026-09-29 02:23:22,529 | INFO |    ↳ Status 403
2026-09-29 02:23:22,530 | WARNING |    ⚠ Blocked (403) retry 1
2026-09-29 02:23:22,596 | INFO | 🌐 Session warmed
2026-09-29 02:23:22,845 | INFO |    ↳ Status 403
2026-09-29 02:23:22,845 | WARNING |    ⚠ Blocked (403) retry 2
2026-09-29 02:23:22,912 | INFO | 🌐 Session warmed
2026-09-29 02:23:23,039 | INFO |    ↳ Status 403
2026-09-29 02:23:23,039 | WARNING |    ⚠ Blocked (403) retry 2
2026-09-29 02:23:23,112 | INFO | 🌐 Session warmed
2026-09-29 02:23:24,298 | INFO |    ↳ Status 403
2026-09-29 02:23:24,298 | WARNING |    ⚠ Blocked (403) retry 2
2026-09-29 02:23:24,365 | INFO | 🌐 Session warmed
2026-09-29 02:23:25,784 | INFO | [426/1901] Fetching Davanagere (DAVA)
2026-09-29 02:23:26,131 | INFO |    ↳ Status 403
2026-09-29 02:23:26,131 | WARNING |    ⚠ Blocked (403) retry 3
2026-09-29 02:23:26,203 | INFO | 🌐 Session warmed
2026-09-29 02:23:26,234 | INFO |    ↳ Status 403
2026-09-29 02:23:26,234 | WARNING |    ⚠ Blocked (403) retry 3
2026-09-29 02:23:26,323 | INFO | 🌐 Session warmed
2026-09-29 02:23:26,430 | INFO |    ↳ Status 403
2026-09-29 02:23:26,430 | WARNING |    ⚠ Blocked (403) retry 1
2026-09-29 02:23:26,500 | INFO | 🌐 Session warmed
2026-09-29 02:23:27,302 | INFO |    ↳ Status 403
2026-09-29 02:23:27,303 | WARNING |    ⚠ Blocked (403) retry 3
2026-09-29 02:23:27,369 | INFO | 🌐 Session warmed
2026-09-29 02:23:28,309 | INFO |    ↳ Status 403
2026-09-29 02:23:28,309 | WARNING |    ⚠ Blocked (403) retry 2
2026-09-29 02:23:28,377 | INFO | 🌐 Session warmed
2026-09-29 02:23:30,204 | INFO | [427/1901] Fetching Davuluru (DVLR)
2026-09-29 02:23:30,323 | INFO | [428/1901] Fetching Deesa (DEES)
2026-09-29 02:23:31,015 | INFO |    ↳ Status 403
2026-09-29 02:23:31,015 | WARNING |    ⚠ Blocked (403) retry 3
2026-09-29 02:23:31,095 | INFO | 🌐 Session warmed
2026-09-29 02:23:31,244 | INFO |    ↳ Status 403
2026-09-29 02:23:31,244 | WARNING |    ⚠ Blocked (403) retry 1
2026-09-29 02:23:31,310 | INFO | 🌐 Session warmed
2026-09-29 02:23:31,369 | INFO | [429/1901] Fetching Dehradun (DEH)
2026-09-29 02:23:31,494 | INFO |    ↳ Status 403
2026-09-29 02:23:31,494 | WARNING |    ⚠ Blocked (403) retry 1
2026-09-29 02:23:31,564 | INFO | 🌐 Session warmed
2026-09-29 02:23:32,367 | INFO |    ↳ Status 403
2026-09-29 02:23:32,367 | WARNING |    ⚠ Blocked (403) retry 1
2026-09-29 02:23:32,434 | INFO | 🌐 Session warmed
2026-09-29 02:23:33,624 | INFO |    ↳ Status 403
2026-09-29 02:23:33,624 | WARNING |    ⚠ Blocked (403) retry 2
2026-09-29 02:23:33,715 | INFO | 🌐 Session warmed
2026-09-29 02:23:33,774 | INFO |    ↳ Status 403
2026-09-29 02:23:33,774 | WARNING |    ⚠ Blocked (403) retry 2
2026-09-29 02:23:33,842 | INFO | 🌐 Session warmed
2026-09-29 02:23:34,684 | INFO |    ↳ Status 403
2026-09-29 02:23:34,685 | WARNING |    ⚠ Blocked (403) retry 2
2026-09-29 02:23:34,750 | INFO | 🌐 Session warmed
2026-09-29 02:23:35,096 | INFO | [430/1901] Fetching Deogadh (DEOD)
2026-09-29 02:23:36,132 | INFO |    ↳ Status 403
2026-09-29 02:23:36,133 | WARNING |    ⚠ Blocked (403) retry 1
2026-09-29 02:23:36,198 | INFO | 🌐 Session warmed
2026-09-29 02:23:36,369 | INFO |    ↳ Status 403
2026-09-29 02:23:36,369 | WARNING |    ⚠ Blocked (403) retry 3
2026-09-29 02:23:36,436 | INFO | 🌐 Session warmed
2026-09-29 02:23:37,193 | INFO |    ↳ Status 403
2026-09-29 02:23:37,193 | WARNING |    ⚠ Blocked (403) retry 3
2026-09-29 02:23:37,261 | INFO | 🌐 Session warmed
2026-09-29 02:23:37,944 | INFO |    ↳ Status 403
2026-09-29 02:23:37,945 | WARNING |    ⚠ Blocked (403) retry 3
2026-09-29 02:23:38,017 | INFO | 🌐 Session warmed
2026-09-29 02:23:38,282 | INFO |    ↳ Status 403
2026-09-29 02:23:38,283 | WARNING |    ⚠ Blocked (403) retry 2
2026-09-29 02:23:38,353 | INFO | 🌐 Session warmed
2026-09-29 02:23:40,436 | INFO | [431/1901] Fetching Deoghar (DOGH)
2026-09-29 02:23:41,072 | INFO |    ↳ Status 403
2026-09-29 02:23:41,072 | WARNING |    ⚠ Blocked (403) retry 3
2026-09-29 02:23:41,148 | INFO | 🌐 Session warmed
2026-09-29 02:23:41,262 | INFO | [432/1901] Fetching Deoli (DEOL)
2026-09-29 02:23:41,509 | INFO |    ↳ Status 403
2026-09-29 02:23:41,509 | WARNING |    ⚠ Blocked (403) retry 1
2026-09-29 02:23:41,576 | INFO | 🌐 Session warmed
2026-09-29 02:23:42,017 | INFO | [433/1901] Fetching Deoli (Rajasthan) (DEOY)
2026-09-29 02:23:42,360 | INFO |    ↳ Status 403
2026-09-29 02:23:42,360 | WARNING |    ⚠ Blocked (403) retry 1
2026-09-29 02:23:42,444 | INFO | 🌐 Session warmed
2026-09-29 02:23:42,699 | INFO |    ↳ Status 403
2026-09-29 02:23:42,699 | WARNING |    ⚠ Blocked (403) retry 1
2026-09-29 02:23:42,769 | INFO | 🌐 Session warmed
2026-09-29 02:23:43,617 | INFO |    ↳ Status 403
2026-09-29 02:23:43,617 | WARNING |    ⚠ Blocked (403) retry 2
2026-09-29 02:23:43,683 | INFO | 🌐 Session warmed
2026-09-29 02:23:44,105 | INFO |    ↳ Status 403
2026-09-29 02:23:44,105 | WARNING |    ⚠ Blocked (403) retry 2
2026-09-29 02:23:44,172 | INFO | 🌐 Session warmed
2026-09-29 02:23:44,615 | INFO |    ↳ Status 403
2026-09-29 02:23:44,615 | WARNING |    ⚠ Blocked (403) retry 2
2026-09-29 02:23:44,685 | INFO | 🌐 Session warmed
2026-09-29 02:23:45,148 | INFO | [434/1901] Fetching Deoli(Rajasthan) (DEOY)
2026-09-29 02:23:46,324 | INFO |    ↳ Status 403
2026-09-29 02:23:46,324 | WARNING |    ⚠ Blocked (403) retry 1
2026-09-29 02:23:46,391 | INFO | 🌐 Session warmed
2026-09-29 02:23:46,427 | INFO |    ↳ Status 403
2026-09-29 02:23:46,427 | WARNING |    ⚠ Blocked (403) retry 3
2026-09-29 02:23:46,498 | INFO | 🌐 Session warmed
2026-09-29 02:23:47,219 | INFO |    ↳ Status 403
2026-09-29 02:23:47,219 | WARNING |    ⚠ Blocked (403) retry 3
2026-09-29 02:23:47,292 | INFO | 🌐 Session warmed
2026-09-29 02:23:47,618 | INFO |    ↳ Status 403
2026-09-29 02:23:47,618 | WARNING |    ⚠ Blocked (403) retry 3
2026-09-29 02:23:47,688 | INFO | 🌐 Session warmed
2026-09-29 02:23:48,621 | INFO |    ↳ Status 403
2026-09-29 02:23:48,621 | WARNING |    ⚠ Blocked (403) retry 2
2026-09-29 02:23:48,704 | INFO | 🌐 Session warmed
2026-09-29 02:23:50,498 | INFO | [435/1901] Fetching Deoria (DEEO)
2026-09-29 02:23:51,292 | INFO | [436/1901] Fetching Deralakatte (DERA)
2026-09-29 02:23:51,356 | INFO |    ↳ Status 403
2026-09-29 02:23:51,356 | WARNING |    ⚠ Blocked (403) retry 1
2026-09-29 02:23:51,552 | INFO | 🌐 Session warmed
2026-09-29 02:23:51,560 | INFO |    ↳ Status 403
2026-09-29 02:23:51,560 | WARNING |    ⚠ Blocked (403) retry 3
2026-09-29 02:23:51,636 | INFO | 🌐 Session warmed
2026-09-29 02:23:51,688 | INFO | [437/1901] Fetching Devadurga (DEVD)
2026-09-29 02:23:52,150 | INFO |    ↳ Status 403
2026-09-29 02:23:52,150 | WARNING |    ⚠ Blocked (403) retry 1
2026-09-29 02:23:52,233 | INFO | 🌐 Session warmed
2026-09-29 02:23:52,738 | INFO |    ↳ Status 403
2026-09-29 02:23:52,738 | WARNING |    ⚠ Blocked (403) retry 1
2026-09-29 02:23:52,806 | INFO | 🌐 Session warmed
2026-09-29 02:23:53,578 | INFO |    ↳ Status 403
2026-09-29 02:23:53,578 | WARNING |    ⚠ Blocked (403) retry 2
2026-09-29 02:23:53,649 | INFO | 🌐 Session warmed
2026-09-29 02:23:54,204 | INFO |    ↳ Status 403
2026-09-29 02:23:54,205 | WARNING |    ⚠ Blocked (403) retry 2
2026-09-29 02:23:54,280 | INFO | 🌐 Session warmed
2026-09-29 02:23:55,195 | INFO |    ↳ Status 403
2026-09-29 02:23:55,195 | WARNING |    ⚠ Blocked (403) retry 2
2026-09-29 02:23:55,273 | INFO | 🌐 Session warmed
2026-09-29 02:23:55,636 | INFO | [438/1901] Fetching Devakottai (DEVA)
2026-09-29 02:23:56,294 | INFO |    ↳ Status 403
2026-09-29 02:23:56,294 | WARNING |    ⚠ Blocked (403) retry 3
2026-09-29 02:23:56,366 | INFO | 🌐 Session warmed
2026-09-29 02:23:56,771 | INFO |    ↳ Status 403
2026-09-29 02:23:56,771 | WARNING |    ⚠ Blocked (403) retry 1
2026-09-29 02:23:56,842 | INFO | 🌐 Session warmed
2026-09-29 02:23:57,198 | INFO |    ↳ Status 403
2026-09-29 02:23:57,198 | WARNING |    ⚠ Blocked (403) retry 3
2026-09-29 02:23:57,266 | INFO | 🌐 Session warmed
2026-09-29 02:23:58,240 | INFO |    ↳ Status 403
2026-09-29 02:23:58,240 | WARNING |    ⚠ Blocked (403) retry 3
2026-09-29 02:23:58,418 | INFO | 🌐 Session warmed
2026-09-29 02:23:59,053 | INFO |    ↳ Status 403
2026-09-29 02:23:59,053 | WARNING |    ⚠ Blocked (403) retry 2
2026-09-29 02:23:59,130 | INFO | 🌐 Session warmed
2026-09-29 02:24:00,367 | INFO | [439/1901] Fetching Devarakadra (DEVR)
2026-09-29 02:24:01,267 | INFO | [440/1901] Fetching Devarakonda (DEVK)
2026-09-29 02:24:01,362 | INFO |    ↳ Status 403
2026-09-29 02:24:01,362 | WARNING |    ⚠ Blocked (403) retry 1
2026-09-29 02:24:01,433 | INFO | 🌐 Session warmed
2026-09-29 02:24:01,814 | INFO |    ↳ Status 403
2026-09-29 02:24:01,814 | WARNING |    ⚠ Blocked (403) retry 3
2026-09-29 02:24:01,884 | INFO | 🌐 Session warmed
2026-09-29 02:24:02,121 | INFO |    ↳ Status 403
2026-09-29 02:24:02,121 | WARNING |    ⚠ Blocked (403) retry 1
2026-09-29 02:24:02,190 | INFO | 🌐 Session warmed
2026-09-29 02:24:02,419 | INFO | [441/1901] Fetching Devarapalle (DVRL)
2026-09-29 02:24:03,097 | INFO |    ↳ Status 403
2026-09-29 02:24:03,097 | WARNING |    ⚠ Blocked (403) retry 1
2026-09-29 02:24:03,166 | INFO | 🌐 Session warmed
2026-09-29 02:24:03,847 | INFO |    ↳ Status 403
2026-09-29 02:24:03,847 | WARNING |    ⚠ Blocked (403) retry 2
2026-09-29 02:24:03,959 | INFO | 🌐 Session warmed
2026-09-29 02:24:04,287 | INFO |    ↳ Status 403
2026-09-29 02:24:04,287 | WARNING |    ⚠ Blocked (403) retry 2
2026-09-29 02:24:04,364 | INFO | 🌐 Session warmed
2026-09-29 02:24:05,418 | INFO |    ↳ Status 403
2026-09-29 02:24:05,418 | WARNING |    ⚠ Blocked (403) retry 2
2026-09-29 02:24:05,484 | INFO | 🌐 Session warmed
2026-09-29 02:24:05,884 | INFO | [442/1901] Fetching Devarapalli (DVRP)
2026-09-29 02:24:06,767 | INFO |    ↳ Status 403
2026-09-29 02:24:06,767 | WARNING |    ⚠ Blocked (403) retry 3
2026-09-29 02:24:06,835 | INFO | 🌐 Session warmed
2026-09-29 02:24:07,221 | INFO |    ↳ Status 403
2026-09-29 02:24:07,221 | WARNING |    ⚠ Blocked (403) retry 3
2026-09-29 02:24:07,273 | INFO |    ↳ Status 403
2026-09-29 02:24:07,273 | WARNING |    ⚠ Blocked (403) retry 1
2026-09-29 02:24:07,292 | INFO | 🌐 Session warmed
2026-09-29 02:24:07,346 | INFO | 🌐 Session warmed
2026-09-29 02:24:08,883 | INFO |    ↳ Status 403
2026-09-29 02:24:08,883 | WARNING |    ⚠ Blocked (403) retry 3
2026-09-29 02:24:08,955 | INFO | 🌐 Session warmed
2026-09-29 02:24:09,202 | INFO |    ↳ Status 403
2026-09-29 02:24:09,202 | WARNING |    ⚠ Blocked (403) retry 2
2026-09-29 02:24:09,272 | INFO | 🌐 Session warmed
2026-09-29 02:24:10,835 | INFO | [443/1901] Fetching Devgad (DEGA)
2026-09-29 02:24:11,292 | INFO | [444/1901] Fetching Dewas (DEWAS)
2026-09-29 02:24:11,590 | INFO |    ↳ Status 403
2026-09-29 02:24:11,590 | WARNING |    ⚠ Blocked (403) retry 1
2026-09-29 02:24:11,662 | INFO | 🌐 Session warmed
2026-09-29 02:24:12,413 | INFO |    ↳ Status 403
2026-09-29 02:24:12,413 | WARNING |    ⚠ Blocked (403) retry 1
2026-09-29 02:24:12,491 | INFO | 🌐 Session warmed
2026-09-29 02:24:12,552 | INFO |    ↳ Status 403
2026-09-29 02:24:12,552 | WARNING |    ⚠ Blocked (403) retry 3
2026-09-29 02:24:12,623 | INFO | 🌐 Session warmed
2026-09-29 02:24:12,955 | INFO | [445/1901] Fetching Dhamnod (DMND)
2026-09-29 02:24:13,702 | INFO |    ↳ Status 403
2026-09-29 02:24:13,702 | WARNING |    ⚠ Blocked (403) retry 1
2026-09-29 02:24:13,779 | INFO | 🌐 Session warmed
2026-09-29 02:24:13,978 | INFO |    ↳ Status 403
2026-09-29 02:24:13,978 | WARNING |    ⚠ Blocked (403) retry 2
2026-09-29 02:24:14,045 | INFO | 🌐 Session warmed
2026-09-29 02:24:14,611 | INFO |    ↳ Status 403
2026-09-29 02:24:14,611 | WARNING |    ⚠ Blocked (403) retry 2
2026-09-29 02:24:14,682 | INFO | 🌐 Session warmed
2026-09-29 02:24:16,006 | INFO |    ↳ Status 403
2026-09-29 02:24:16,006 | WARNING |    ⚠ Blocked (403) retry 2
2026-09-29 02:24:16,075 | INFO | 🌐 Session warmed
2026-09-29 02:24:16,624 | INFO | [446/1901] Fetching Dhampur (DHPR)
2026-09-29 02:24:16,716 | INFO |    ↳ Status 403
2026-09-29 02:24:16,716 | WARNING |    ⚠ Blocked (403) retry 3
2026-09-29 02:24:16,795 | INFO | 🌐 Session warmed
2026-09-29 02:24:17,446 | INFO |    ↳ Status 403
2026-09-29 02:24:17,446 | WARNING |    ⚠ Blocked (403) retry 3
2026-09-29 02:24:17,522 | INFO | 🌐 Session warmed
2026-09-29 02:24:17,816 | INFO |    ↳ Status 403
2026-09-29 02:24:17,817 | WARNING |    ⚠ Blocked (403) retry 1
2026-09-29 02:24:17,890 | INFO | 🌐 Session warmed
2026-09-29 02:24:19,441 | INFO |    ↳ Status 403
2026-09-29 02:24:19,441 | WARNING |    ⚠ Blocked (403) retry 3
2026-09-29 02:24:19,519 | INFO | 🌐 Session warmed
2026-09-29 02:24:19,964 | INFO |    ↳ Status 403
2026-09-29 02:24:19,964 | WARNING |    ⚠ Blocked (403) retry 2
2026-09-29 02:24:20,032 | INFO | 🌐 Session warmed
2026-09-29 02:24:20,796 | INFO | [447/1901] Fetching Dhamtari (DHMT)
2026-09-29 02:24:21,522 | INFO | [448/1901] Fetching Dhanaura (CFFG)
2026-09-29 02:24:22,093 | INFO |    ↳ Status 403
2026-09-29 02:24:22,093 | WARNING |    ⚠ Blocked (403) retry 1
2026-09-29 02:24:22,166 | INFO | 🌐 Session warmed
2026-09-29 02:24:22,616 | INFO |    ↳ Status 403
2026-09-29 02:24:22,616 | WARNING |    ⚠ Blocked (403) retry 1
2026-09-29 02:24:22,690 | INFO | 🌐 Session warmed
2026-09-29 02:24:22,765 | INFO |    ↳ Status 403
2026-09-29 02:24:22,765 | WARNING |    ⚠ Blocked (403) retry 3
2026-09-29 02:24:22,847 | INFO | 🌐 Session warmed
2026-09-29 02:24:23,520 | INFO | [449/1901] Fetching Dhanbad (DHAN)
2026-09-29 02:24:23,885 | INFO |    ↳ Status 403
2026-09-29 02:24:23,885 | WARNING |    ⚠ Blocked (403) retry 2
2026-09-29 02:24:23,954 | INFO | 🌐 Session warmed
2026-09-29 02:24:24,729 | INFO |    ↳ Status 403
2026-09-29 02:24:24,729 | WARNING |    ⚠ Blocked (403) retry 1
2026-09-29 02:24:24,806 | INFO | 🌐 Session warmed
2026-09-29 02:24:24,886 | INFO |    ↳ Status 403
2026-09-29 02:24:24,886 | WARNING |    ⚠ Blocked (403) retry 2
2026-09-29 02:24:24,955 | INFO | 🌐 Session warmed
2026-09-29 02:24:26,649 | INFO |    ↳ Status 403
2026-09-29 02:24:26,649 | WARNING |    ⚠ Blocked (403) retry 3
2026-09-29 02:24:26,722 | INFO | 🌐 Session warmed
2026-09-29 02:24:26,847 | INFO | [450/1901] Fetching Dhanera (DHAC)
2026-09-29 02:24:27,032 | INFO |    ↳ Status 403
2026-09-29 02:24:27,033 | WARNING |    ⚠ Blocked (403) retry 2
2026-09-29 02:24:27,103 | INFO | 🌐 Session warmed
2026-09-29 02:24:28,016 | INFO |    ↳ Status 403
2026-09-29 02:24:28,016 | WARNING |    ⚠ Blocked (403) retry 3
2026-09-29 02:24:28,044 | INFO |    ↳ Status 403
2026-09-29 02:24:28,044 | WARNING |    ⚠ Blocked (403) retry 1
2026-09-29 02:24:28,097 | INFO | 🌐 Session warmed
2026-09-29 02:24:28,121 | INFO | 🌐 Session warmed
2026-09-29 02:24:29,759 | INFO |    ↳ Status 403
2026-09-29 02:24:29,759 | WARNING |    ⚠ Blocked (403) retry 2
2026-09-29 02:24:29,831 | INFO | 🌐 Session warmed
2026-09-29 02:24:30,217 | INFO |    ↳ Status 403
2026-09-29 02:24:30,217 | WARNING |    ⚠ Blocked (403) retry 3
2026-09-29 02:24:30,351 | INFO | 🌐 Session warmed
2026-09-29 02:24:30,722 | INFO | [451/1901] Fetching Dhar (DARH)
2026-09-29 02:24:31,852 | INFO |    ↳ Status 403
2026-09-29 02:24:31,852 | WARNING |    ⚠ Blocked (403) retry 1
2026-09-29 02:24:31,933 | INFO | 🌐 Session warmed
2026-09-29 02:24:32,097 | INFO | [452/1901] Fetching Dharamjaigarh (SHGA)
2026-09-29 02:24:32,799 | INFO |    ↳ Status 403
2026-09-29 02:24:32,799 | WARNING |    ⚠ Blocked (403) retry 3
2026-09-29 02:24:32,869 | INFO | 🌐 Session warmed
2026-09-29 02:24:33,475 | INFO |    ↳ Status 403
2026-09-29 02:24:33,475 | WARNING |    ⚠ Blocked (403) retry 1
2026-09-29 02:24:33,544 | INFO | 🌐 Session warmed
2026-09-29 02:24:33,679 | INFO |    ↳ Status 403
2026-09-29 02:24:33,679 | WARNING |    ⚠ Blocked (403) retry 2
2026-09-29 02:24:33,750 | INFO | 🌐 Session warmed
2026-09-29 02:24:34,352 | INFO | [453/1901] Fetching Dharampur (DPUR)
2026-09-29 02:24:35,289 | INFO |    ↳ Status 403
2026-09-29 02:24:35,289 | WARNING |    ⚠ Blocked (403) retry 2
2026-09-29 02:24:35,356 | INFO | 🌐 Session warmed
2026-09-29 02:24:35,480 | INFO |    ↳ Status 403
2026-09-29 02:24:35,480 | WARNING |    ⚠ Blocked (403) retry 1
2026-09-29 02:24:35,554 | INFO | 🌐 Session warmed
2026-09-29 02:24:36,869 | INFO | [454/1901] Fetching Dharamsala (DMSL)
2026-09-29 02:24:37,010 | INFO |    ↳ Status 403
2026-09-29 02:24:37,011 | WARNING |    ⚠ Blocked (403) retry 3
2026-09-29 02:24:37,078 | INFO | 🌐 Session warmed
2026-09-29 02:24:37,707 | INFO |    ↳ Status 403
2026-09-29 02:24:37,707 | WARNING |    ⚠ Blocked (403) retry 1
2026-09-29 02:24:37,777 | INFO | 🌐 Session warmed
2026-09-29 02:24:37,935 | INFO |    ↳ Status 403
2026-09-29 02:24:37,935 | WARNING |    ⚠ Blocked (403) retry 2
2026-09-29 02:24:38,002 | INFO | 🌐 Session warmed
2026-09-29 02:24:38,390 | INFO |    ↳ Status 403
2026-09-29 02:24:38,390 | WARNING |    ⚠ Blocked (403) retry 3
2026-09-29 02:24:38,456 | INFO | 🌐 Session warmed
2026-09-29 02:24:39,903 | INFO |    ↳ Status 403
2026-09-29 02:24:39,903 | WARNING |    ⚠ Blocked (403) retry 2
2026-09-29 02:24:39,969 | INFO | 🌐 Session warmed
2026-09-29 02:24:41,079 | INFO | [455/1901] Fetching Dharamshala (DMSL)
2026-09-29 02:24:41,265 | INFO |    ↳ Status 403
2026-09-29 02:24:41,265 | WARNING |    ⚠ Blocked (403) retry 3
2026-09-29 02:24:41,336 | INFO | 🌐 Session warmed
2026-09-29 02:24:42,225 | INFO |    ↳ Status 403
2026-09-29 02:24:42,225 | WARNING |    ⚠ Blocked (403) retry 1
2026-09-29 02:24:42,298 | INFO | 🌐 Session warmed
2026-09-29 02:24:42,457 | INFO | [456/1901] Fetching Dharapuram (DHAR)
2026-09-29 02:24:42,610 | INFO |    ↳ Status 403
2026-09-29 02:24:42,610 | WARNING |    ⚠ Blocked (403) retry 3
2026-09-29 02:24:42,679 | INFO | 🌐 Session warmed
2026-09-29 02:24:43,312 | INFO |    ↳ Status 403
2026-09-29 02:24:43,312 | WARNING |    ⚠ Blocked (403) retry 1
2026-09-29 02:24:43,408 | INFO | 🌐 Session warmed
2026-09-29 02:24:44,701 | INFO |    ↳ Status 403
2026-09-29 02:24:44,701 | WARNING |    ⚠ Blocked (403) retry 2
2026-09-29 02:24:44,783 | INFO | 🌐 Session warmed
2026-09-29 02:24:45,337 | INFO | [457/1901] Fetching Dharashiv (Osmanabad) (OSMA)
2026-09-29 02:24:45,652 | INFO |    ↳ Status 403
2026-09-29 02:24:45,652 | WARNING |    ⚠ Blocked (403) retry 2
2026-09-29 02:24:45,718 | INFO | 🌐 Session warmed
2026-09-29 02:24:46,180 | INFO |    ↳ Status 403
2026-09-29 02:24:46,180 | WARNING |    ⚠ Blocked (403) retry 1
2026-09-29 02:24:46,248 | INFO | 🌐 Session warmed
2026-09-29 02:24:46,679 | INFO | [458/1901] Fetching Dharmanagar (DHAT)
2026-09-29 02:24:47,326 | INFO |    ↳ Status 403
2026-09-29 02:24:47,326 | WARNING |    ⚠ Blocked (403) retry 1
2026-09-29 02:24:47,401 | INFO | 🌐 Session warmed
2026-09-29 02:24:47,986 | INFO |    ↳ Status 403
2026-09-29 02:24:47,986 | WARNING |    ⚠ Blocked (403) retry 3
2026-09-29 02:24:48,060 | INFO | 🌐 Session warmed
2026-09-29 02:24:48,399 | INFO |    ↳ Status 403
2026-09-29 02:24:48,399 | WARNING |    ⚠ Blocked (403) retry 2
2026-09-29 02:24:48,467 | INFO | 🌐 Session warmed
2026-09-29 02:24:48,693 | INFO |    ↳ Status 403
2026-09-29 02:24:48,693 | WARNING |    ⚠ Blocked (403) retry 3
2026-09-29 02:24:48,763 | INFO | 🌐 Session warmed
2026-09-29 02:24:49,593 | INFO |    ↳ Status 403
2026-09-29 02:24:49,593 | WARNING |    ⚠ Blocked (403) retry 2
2026-09-29 02:24:49,670 | INFO | 🌐 Session warmed
2026-09-29 02:24:51,341 | INFO |    ↳ Status 403
2026-09-29 02:24:51,341 | WARNING |    ⚠ Blocked (403) retry 3
2026-09-29 02:24:51,411 | INFO | 🌐 Session warmed
2026-09-29 02:24:52,060 | INFO | [459/1901] Fetching Dharmapuri (DMPI)
2026-09-29 02:24:52,763 | INFO | [460/1901] Fetching Dharmavaram (DDMA)
2026-09-29 02:24:52,855 | INFO |    ↳ Status 403
2026-09-29 02:24:52,855 | WARNING |    ⚠ Blocked (403) retry 3
2026-09-29 02:24:52,924 | INFO | 🌐 Session warmed
2026-09-29 02:24:53,037 | INFO |    ↳ Status 403
2026-09-29 02:24:53,037 | WARNING |    ⚠ Blocked (403) retry 1
2026-09-29 02:24:53,110 | INFO | 🌐 Session warmed
2026-09-29 02:24:53,684 | INFO |    ↳ Status 403
2026-09-29 02:24:53,684 | WARNING |    ⚠ Blocked (403) retry 1
2026-09-29 02:24:53,754 | INFO | 🌐 Session warmed
2026-09-29 02:24:55,376 | INFO |    ↳ Status 403
2026-09-29 02:24:55,376 | WARNING |    ⚠ Blocked (403) retry 2
2026-09-29 02:24:55,411 | INFO | [461/1901] Fetching Dharpally (DPLL)
2026-09-29 02:24:55,450 | INFO | 🌐 Session warmed
2026-09-29 02:24:55,556 | INFO |    ↳ Status 403
2026-09-29 02:24:55,556 | WARNING |    ⚠ Blocked (403) retry 2
2026-09-29 02:24:55,622 | INFO | 🌐 Session warmed
2026-09-29 02:24:56,239 | INFO |    ↳ Status 403
2026-09-29 02:24:56,239 | WARNING |    ⚠ Blocked (403) retry 1
2026-09-29 02:24:56,304 | INFO | 🌐 Session warmed
2026-09-29 02:24:56,924 | INFO | [462/1901] Fetching Dharpur (DUUU)
2026-09-29 02:24:58,022 | INFO |    ↳ Status 403
2026-09-29 02:24:58,022 | WARNING |    ⚠ Blocked (403) retry 1
2026-09-29 02:24:58,091 | INFO | 🌐 Session warmed
2026-09-29 02:24:58,554 | INFO |    ↳ Status 403
2026-09-29 02:24:58,554 | WARNING |    ⚠ Blocked (403) retry 3
2026-09-29 02:24:58,623 | INFO | 🌐 Session warmed
2026-09-29 02:24:58,656 | INFO |    ↳ Status 403
2026-09-29 02:24:58,656 | WARNING |    ⚠ Blocked (403) retry 2
2026-09-29 02:24:58,687 | INFO |    ↳ Status 403
2026-09-29 02:24:58,687 | WARNING |    ⚠ Blocked (403) retry 3
2026-09-29 02:24:58,727 | INFO | 🌐 Session warmed
2026-09-29 02:24:58,790 | INFO | 🌐 Session warmed
2026-09-29 02:24:59,994 | INFO |    ↳ Status 403
2026-09-29 02:24:59,995 | WARNING |    ⚠ Blocked (403) retry 2
2026-09-29 02:25:00,063 | INFO | 🌐 Session warmed
2026-09-29 02:25:01,451 | INFO |    ↳ Status 403
2026-09-29 02:25:01,451 | WARNING |    ⚠ Blocked (403) retry 3
2026-09-29 02:25:01,527 | INFO | 🌐 Session warmed
2026-09-29 02:25:02,623 | INFO | [463/1901] Fetching Dharuhera (DHRA)
2026-09-29 02:25:02,790 | INFO | [464/1901] Fetching Dharwad (DHAW)
2026-09-29 02:25:03,410 | INFO |    ↳ Status 403
2026-09-29 02:25:03,410 | WARNING |    ⚠ Blocked (403) retry 1
2026-09-29 02:25:03,441 | INFO |    ↳ Status 403
2026-09-29 02:25:03,441 | WARNING |    ⚠ Blocked (403) retry 3
2026-09-29 02:25:03,483 | INFO | 🌐 Session warmed
2026-09-29 02:25:03,529 | INFO | 🌐 Session warmed
2026-09-29 02:25:03,970 | INFO |    ↳ Status 403
2026-09-29 02:25:03,970 | WARNING |    ⚠ Blocked (403) retry 1
2026-09-29 02:25:04,036 | INFO | 🌐 Session warmed
2026-09-29 02:25:05,527 | INFO | [465/1901] Fetching Dhaulana (DHAL)
2026-09-29 02:25:05,699 | INFO |    ↳ Status 403
2026-09-29 02:25:05,700 | WARNING |    ⚠ Blocked (403) retry 2
2026-09-29 02:25:05,765 | INFO | 🌐 Session warmed
2026-09-29 02:25:06,098 | INFO |    ↳ Status 403
2026-09-29 02:25:06,098 | WARNING |    ⚠ Blocked (403) retry 2
2026-09-29 02:25:06,166 | INFO | 🌐 Session warmed
2026-09-29 02:25:06,201 | INFO |    ↳ Status 403
2026-09-29 02:25:06,201 | WARNING |    ⚠ Blocked (403) retry 1
2026-09-29 02:25:06,278 | INFO | 🌐 Session warmed
2026-09-29 02:25:07,529 | INFO | [466/1901] Fetching Dhekiajuli (DEKJ)
2026-09-29 02:25:08,405 | INFO |    ↳ Status 403
2026-09-29 02:25:08,405 | WARNING |    ⚠ Blocked (403) retry 1
2026-09-29 02:25:08,494 | INFO | 🌐 Session warmed
2026-09-29 02:25:08,616 | INFO |    ↳ Status 403
2026-09-29 02:25:08,616 | WARNING |    ⚠ Blocked (403) retry 2
2026-09-29 02:25:08,686 | INFO | 🌐 Session warmed
2026-09-29 02:25:08,904 | INFO |    ↳ Status 403
2026-09-29 02:25:08,904 | WARNING |    ⚠ Blocked (403) retry 3
2026-09-29 02:25:08,976 | INFO | 🌐 Session warmed
2026-09-29 02:25:09,439 | INFO |    ↳ Status 403
2026-09-29 02:25:09,439 | WARNING |    ⚠ Blocked (403) retry 3
2026-09-29 02:25:09,514 | INFO | 🌐 Session warmed
2026-09-29 02:25:10,300 | INFO |    ↳ Status 403
2026-09-29 02:25:10,300 | WARNING |    ⚠ Blocked (403) retry 2
2026-09-29 02:25:10,371 | INFO | 🌐 Session warmed
2026-09-29 02:25:11,906 | INFO |    ↳ Status 403
2026-09-29 02:25:11,906 | WARNING |    ⚠ Blocked (403) retry 3
2026-09-29 02:25:11,976 | INFO | 🌐 Session warmed
2026-09-29 02:25:12,976 | INFO | [467/1901] Fetching Dhemaji (DHEM)
2026-09-29 02:25:13,255 | INFO |    ↳ Status 403
2026-09-29 02:25:13,255 | WARNING |    ⚠ Blocked (403) retry 3
2026-09-29 02:25:13,326 | INFO | 🌐 Session warmed
2026-09-29 02:25:13,515 | INFO | [468/1901] Fetching Dhenkanal (DNAL)
2026-09-29 02:25:13,849 | INFO |    ↳ Status 403
2026-09-29 02:25:13,849 | WARNING |    ⚠ Blocked (403) retry 1
2026-09-29 02:25:13,914 | INFO | 🌐 Session warmed
2026-09-29 02:25:14,415 | INFO |    ↳ Status 403
2026-09-29 02:25:14,415 | WARNING |    ⚠ Blocked (403) retry 1
2026-09-29 02:25:14,489 | INFO | 🌐 Session warmed
2026-09-29 02:25:15,730 | INFO |    ↳ Status 403
2026-09-29 02:25:15,730 | WARNING |    ⚠ Blocked (403) retry 2
2026-09-29 02:25:15,846 | INFO | 🌐 Session warmed
2026-09-29 02:25:15,977 | INFO | [469/1901] Fetching Dholka (DHOL)
2026-09-29 02:25:16,850 | INFO |    ↳ Status 403
2026-09-29 02:25:16,850 | WARNING |    ⚠ Blocked (403) retry 2
2026-09-29 02:25:16,978 | INFO | 🌐 Session warmed
2026-09-29 02:25:16,980 | INFO |    ↳ Status 403
2026-09-29 02:25:16,980 | WARNING |    ⚠ Blocked (403) retry 1
2026-09-29 02:25:17,050 | INFO | 🌐 Session warmed
2026-09-29 02:25:17,327 | INFO | [470/1901] Fetching Dholpur (DHUR)
2026-09-29 02:25:17,979 | INFO |    ↳ Status 403
2026-09-29 02:25:17,979 | WARNING |    ⚠ Blocked (403) retry 1
2026-09-29 02:25:18,048 | INFO | 🌐 Session warmed
2026-09-29 02:25:18,563 | INFO |    ↳ Status 403
2026-09-29 02:25:18,563 | WARNING |    ⚠ Blocked (403) retry 3
2026-09-29 02:25:18,632 | INFO | 🌐 Session warmed
2026-09-29 02:25:19,038 | INFO |    ↳ Status 403
2026-09-29 02:25:19,038 | WARNING |    ⚠ Blocked (403) retry 2
2026-09-29 02:25:19,144 | INFO | 🌐 Session warmed
2026-09-29 02:25:19,734 | INFO |    ↳ Status 403
2026-09-29 02:25:19,734 | WARNING |    ⚠ Blocked (403) retry 3
2026-09-29 02:25:19,801 | INFO | 🌐 Session warmed
2026-09-29 02:25:20,073 | INFO |    ↳ Status 403
2026-09-29 02:25:20,073 | WARNING |    ⚠ Blocked (403) retry 2
2026-09-29 02:25:20,167 | INFO | 🌐 Session warmed
2026-09-29 02:25:21,796 | INFO |    ↳ Status 403
2026-09-29 02:25:21,796 | WARNING |    ⚠ Blocked (403) retry 3
2026-09-29 02:25:21,864 | INFO | 🌐 Session warmed
2026-09-29 02:25:22,633 | INFO | [471/1901] Fetching Dhone (DHON)
2026-09-29 02:25:22,945 | INFO |    ↳ Status 403
2026-09-29 02:25:22,945 | WARNING |    ⚠ Blocked (403) retry 3
2026-09-29 02:25:23,021 | INFO | 🌐 Session warmed
2026-09-29 02:25:23,801 | INFO | [472/1901] Fetching Dhoraji (DHOR)
2026-09-29 02:25:23,931 | INFO |    ↳ Status 403
2026-09-29 02:25:23,931 | WARNING |    ⚠ Blocked (403) retry 1
2026-09-29 02:25:24,003 | INFO | 🌐 Session warmed
2026-09-29 02:25:25,029 | INFO |    ↳ Status 403
2026-09-29 02:25:25,029 | WARNING |    ⚠ Blocked (403) retry 1
2026-09-29 02:25:25,103 | INFO | 🌐 Session warmed
2026-09-29 02:25:25,864 | INFO | [473/1901] Fetching Dhrangadhra (DHRN)
2026-09-29 02:25:25,926 | INFO |    ↳ Status 403
2026-09-29 02:25:25,926 | WARNING |    ⚠ Blocked (403) retry 2
2026-09-29 02:25:25,997 | INFO | 🌐 Session warmed
2026-09-29 02:25:26,803 | INFO |    ↳ Status 403
2026-09-29 02:25:26,803 | WARNING |    ⚠ Blocked (403) retry 1
2026-09-29 02:25:26,868 | INFO | 🌐 Session warmed
2026-09-29 02:25:27,021 | INFO | [474/1901] Fetching Dhubri (DHBR)
2026-09-29 02:25:27,428 | INFO |    ↳ Status 403
2026-09-29 02:25:27,429 | WARNING |    ⚠ Blocked (403) retry 2
2026-09-29 02:25:27,497 | INFO | 🌐 Session warmed
2026-09-29 02:25:27,785 | INFO |    ↳ Status 403
2026-09-29 02:25:27,785 | WARNING |    ⚠ Blocked (403) retry 1
2026-09-29 02:25:27,856 | INFO | 🌐 Session warmed
2026-09-29 02:25:28,618 | INFO |    ↳ Status 403
2026-09-29 02:25:28,618 | WARNING |    ⚠ Blocked (403) retry 3
2026-09-29 02:25:28,686 | INFO | 🌐 Session warmed
2026-09-29 02:25:29,270 | INFO |    ↳ Status 403
2026-09-29 02:25:29,270 | WARNING |    ⚠ Blocked (403) retry 2
2026-09-29 02:25:29,339 | INFO | 🌐 Session warmed
2026-09-29 02:25:30,064 | INFO |    ↳ Status 403
2026-09-29 02:25:30,064 | WARNING |    ⚠ Blocked (403) retry 2
2026-09-29 02:25:30,130 | INFO | 🌐 Session warmed
2026-09-29 02:25:30,517 | INFO |    ↳ Status 403
2026-09-29 02:25:30,517 | WARNING |    ⚠ Blocked (403) retry 3
2026-09-29 02:25:30,585 | INFO | 🌐 Session warmed
2026-09-29 02:25:32,686 | INFO | [475/1901] Fetching Dhule (DHLE)
2026-09-29 02:25:32,717 | INFO |    ↳ Status 403
2026-09-29 02:25:32,717 | WARNING |    ⚠ Blocked (403) retry 3
2026-09-29 02:25:32,782 | INFO | 🌐 Session warmed
2026-09-29 02:25:32,993 | INFO |    ↳ Status 403
2026-09-29 02:25:32,993 | WARNING |    ⚠ Blocked (403) retry 3
2026-09-29 02:25:33,072 | INFO | 🌐 Session warmed
2026-09-29 02:25:33,604 | INFO |    ↳ Status 403
2026-09-29 02:25:33,604 | WARNING |    ⚠ Blocked (403) retry 1
2026-09-29 02:25:33,679 | INFO | 🌐 Session warmed
2026-09-29 02:25:34,585 | INFO | [476/1901] Fetching Dhulian (DHAA)
2026-09-29 02:25:35,325 | INFO |    ↳ Status 403
2026-09-29 02:25:35,325 | WARNING |    ⚠ Blocked (403) retry 2
2026-09-29 02:25:35,391 | INFO | 🌐 Session warmed
2026-09-29 02:25:35,953 | INFO |    ↳ Status 403
2026-09-29 02:25:35,953 | WARNING |    ⚠ Blocked (403) retry 1
2026-09-29 02:25:36,025 | INFO | 🌐 Session warmed
2026-09-29 02:25:36,782 | INFO | [477/1901] Fetching Dhuliyan (DHUI)
2026-09-29 02:25:37,072 | INFO | [478/1901] Fetching Dhuri (DHRI)
2026-09-29 02:25:37,871 | INFO |    ↳ Status 403
2026-09-29 02:25:37,871 | WARNING |    ⚠ Blocked (403) retry 1
2026-09-29 02:25:37,899 | INFO |    ↳ Status 403
2026-09-29 02:25:37,899 | WARNING |    ⚠ Blocked (403) retry 1
2026-09-29 02:25:37,953 | INFO | 🌐 Session warmed
2026-09-29 02:25:37,968 | INFO | 🌐 Session warmed
2026-09-29 02:25:38,063 | INFO |    ↳ Status 403
2026-09-29 02:25:38,063 | WARNING |    ⚠ Blocked (403) retry 3
2026-09-29 02:25:38,133 | INFO | 🌐 Session warmed
2026-09-29 02:25:38,240 | INFO |    ↳ Status 403
2026-09-29 02:25:38,240 | WARNING |    ⚠ Blocked (403) retry 2
2026-09-29 02:25:38,316 | INFO | 🌐 Session warmed
2026-09-29 02:25:39,657 | INFO |    ↳ Status 403
2026-09-29 02:25:39,657 | WARNING |    ⚠ Blocked (403) retry 2
2026-09-29 02:25:39,724 | INFO | 🌐 Session warmed
2026-09-29 02:25:40,074 | INFO |    ↳ Status 403
2026-09-29 02:25:40,074 | WARNING |    ⚠ Blocked (403) retry 2
2026-09-29 02:25:40,149 | INFO | 🌐 Session warmed
2026-09-29 02:25:40,989 | INFO |    ↳ Status 403
2026-09-29 02:25:40,989 | WARNING |    ⚠ Blocked (403) retry 3
2026-09-29 02:25:41,063 | INFO | 🌐 Session warmed
2026-09-29 02:25:42,133 | INFO | [479/1901] Fetching Diamond Harbour (MNHR)
2026-09-29 02:25:43,086 | INFO |    ↳ Status 403
2026-09-29 02:25:43,086 | WARNING |    ⚠ Blocked (403) retry 3
2026-09-29 02:25:43,158 | INFO | 🌐 Session warmed
2026-09-29 02:25:43,440 | INFO |    ↳ Status 403
2026-09-29 02:25:43,440 | WARNING |    ⚠ Blocked (403) retry 3
2026-09-29 02:25:43,508 | INFO | 🌐 Session warmed
2026-09-29 02:25:43,540 | INFO |    ↳ Status 403
2026-09-29 02:25:43,540 | WARNING |    ⚠ Blocked (403) retry 1
2026-09-29 02:25:43,608 | INFO | 🌐 Session warmed
2026-09-29 02:25:45,064 | INFO | [480/1901] Fetching Dibrugarh (DIB)
2026-09-29 02:25:45,745 | INFO |    ↳ Status 403
2026-09-29 02:25:45,745 | WARNING |    ⚠ Blocked (403) retry 2
2026-09-29 02:25:45,812 | INFO | 🌐 Session warmed
2026-09-29 02:25:46,395 | INFO |    ↳ Status 403
2026-09-29 02:25:46,395 | WARNING |    ⚠ Blocked (403) retry 1
2026-09-29 02:25:46,461 | INFO | 🌐 Session warmed
2026-09-29 02:25:47,159 | INFO | [481/1901] Fetching Digras (DIGR)
2026-09-29 02:25:47,508 | INFO | [482/1901] Fetching Dildar Nagar (DLDR)
2026-09-29 02:25:48,365 | INFO |    ↳ Status 403
2026-09-29 02:25:48,365 | WARNING |    ⚠ Blocked (403) retry 2
2026-09-29 02:25:48,500 | INFO | 🌐 Session warmed
2026-09-29 02:25:48,571 | INFO |    ↳ Status 403
2026-09-29 02:25:48,572 | WARNING |    ⚠ Blocked (403) retry 1
2026-09-29 02:25:48,584 | INFO |    ↳ Status 403
2026-09-29 02:25:48,584 | WARNING |    ⚠ Blocked (403) retry 1
2026-09-29 02:25:48,643 | INFO | 🌐 Session warmed
2026-09-29 02:25:48,659 | INFO | 🌐 Session warmed
2026-09-29 02:25:48,870 | INFO |    ↳ Status 403
2026-09-29 02:25:48,870 | WARNING |    ⚠ Blocked (403) retry 3
2026-09-29 02:25:48,941 | INFO | 🌐 Session warmed
2026-09-29 02:25:50,662 | INFO |    ↳ Status 403
2026-09-29 02:25:50,662 | WARNING |    ⚠ Blocked (403) retry 2
2026-09-29 02:25:50,726 | INFO | 🌐 Session warmed
2026-09-29 02:25:51,039 | INFO |    ↳ Status 403
2026-09-29 02:25:51,039 | WARNING |    ⚠ Blocked (403) retry 2
2026-09-29 02:25:51,106 | INFO | 🌐 Session warmed
2026-09-29 02:25:51,820 | INFO |    ↳ Status 403
2026-09-29 02:25:51,820 | WARNING |    ⚠ Blocked (403) retry 3
2026-09-29 02:25:51,891 | INFO | 🌐 Session warmed
2026-09-29 02:25:52,941 | INFO | [483/1901] Fetching Dima Hasao (DMHO)
2026-09-29 02:25:53,539 | INFO |    ↳ Status 403
2026-09-29 02:25:53,539 | WARNING |    ⚠ Blocked (403) retry 3
2026-09-29 02:25:53,618 | INFO | 🌐 Session warmed
2026-09-29 02:25:53,679 | INFO |    ↳ Status 403
2026-09-29 02:25:53,679 | WARNING |    ⚠ Blocked (403) retry 1
2026-09-29 02:25:53,747 | INFO | 🌐 Session warmed
2026-09-29 02:25:54,126 | INFO |    ↳ Status 403
2026-09-29 02:25:54,126 | WARNING |    ⚠ Blocked (403) retry 3
2026-09-29 02:25:54,193 | INFO | 🌐 Session warmed
2026-09-29 02:25:55,892 | INFO | [484/1901] Fetching Dimapur (DMPR)
2026-09-29 02:25:55,925 | INFO |    ↳ Status 403
2026-09-29 02:25:55,925 | WARNING |    ⚠ Blocked (403) retry 2
2026-09-29 02:25:55,997 | INFO | 🌐 Session warmed
2026-09-29 02:25:56,969 | INFO |    ↳ Status 403
2026-09-29 02:25:56,969 | WARNING |    ⚠ Blocked (403) retry 1
2026-09-29 02:25:57,040 | INFO | 🌐 Session warmed
2026-09-29 02:25:57,619 | INFO | [485/1901] Fetching Dinanagar (DINA)
2026-09-29 02:25:58,194 | INFO | [486/1901] Fetching Dindigul (DIND)
2026-09-29 02:25:58,279 | INFO |    ↳ Status 403
2026-09-29 02:25:58,279 | WARNING |    ⚠ Blocked (403) retry 1
2026-09-29 02:25:58,356 | INFO | 🌐 Session warmed
2026-09-29 02:25:58,755 | INFO |    ↳ Status 403
2026-09-29 02:25:58,755 | WARNING |    ⚠ Blocked (403) retry 2
2026-09-29 02:25:58,825 | INFO | 🌐 Session warmed
2026-09-29 02:25:59,007 | INFO |    ↳ Status 403
2026-09-29 02:25:59,007 | WARNING |    ⚠ Blocked (403) retry 3
2026-09-29 02:25:59,080 | INFO | 🌐 Session warmed
2026-09-29 02:25:59,405 | INFO |    ↳ Status 403
2026-09-29 02:25:59,405 | WARNING |    ⚠ Blocked (403) retry 1
2026-09-29 02:25:59,488 | INFO | 🌐 Session warmed
2026-09-29 02:26:00,099 | INFO |    ↳ Status 403
2026-09-29 02:26:00,099 | WARNING |    ⚠ Blocked (403) retry 2
2026-09-29 02:26:00,184 | INFO | 🌐 Session warmed
2026-09-29 02:26:01,327 | INFO |    ↳ Status 403
2026-09-29 02:26:01,327 | WARNING |    ⚠ Blocked (403) retry 2
2026-09-29 02:26:01,417 | INFO | 🌐 Session warmed
2026-09-29 02:26:02,146 | INFO |    ↳ Status 403
2026-09-29 02:26:02,146 | WARNING |    ⚠ Blocked (403) retry 3
2026-09-29 02:26:02,214 | INFO | 🌐 Session warmed
2026-09-29 02:26:03,081 | INFO | [487/1901] Fetching Diphu (DIPH)
2026-09-29 02:26:03,294 | INFO |    ↳ Status 403
2026-09-29 02:26:03,294 | WARNING |    ⚠ Blocked (403) retry 3
2026-09-29 02:26:03,366 | INFO | 🌐 Session warmed
2026-09-29 02:26:04,202 | INFO |    ↳ Status 403
2026-09-29 02:26:04,202 | WARNING |    ⚠ Blocked (403) retry 1
2026-09-29 02:26:04,276 | INFO | 🌐 Session warmed
2026-09-29 02:26:04,281 | INFO |    ↳ Status 403
2026-09-29 02:26:04,281 | WARNING |    ⚠ Blocked (403) retry 3
2026-09-29 02:26:04,350 | INFO | 🌐 Session warmed
2026-09-29 02:26:06,215 | INFO | [488/1901] Fetching Dirang (DGGD)
2026-09-29 02:26:06,559 | INFO |    ↳ Status 403
2026-09-29 02:26:06,559 | WARNING |    ⚠ Blocked (403) retry 2
2026-09-29 02:26:06,627 | INFO | 🌐 Session warmed
2026-09-29 02:26:06,995 | INFO |    ↳ Status 403
2026-09-29 02:26:06,995 | WARNING |    ⚠ Blocked (403) retry 1
2026-09-29 02:26:07,073 | INFO | 🌐 Session warmed
2026-09-29 02:26:07,366 | INFO | [489/1901] Fetching Doddaballapura (DDBP)
2026-09-29 02:26:08,027 | INFO |    ↳ Status 403
2026-09-29 02:26:08,027 | WARNING |    ⚠ Blocked (403) retry 1
2026-09-29 02:26:08,097 | INFO | 🌐 Session warmed
2026-09-29 02:26:08,350 | INFO | [490/1901] Fetching Doimukh (MDHK)
2026-09-29 02:26:09,260 | INFO |    ↳ Status 403
2026-09-29 02:26:09,260 | WARNING |    ⚠ Blocked (403) retry 2
2026-09-29 02:26:09,277 | INFO |    ↳ Status 403
2026-09-29 02:26:09,277 | WARNING |    ⚠ Blocked (403) retry 3
2026-09-29 02:26:09,333 | INFO | 🌐 Session warmed
2026-09-29 02:26:09,359 | INFO | 🌐 Session warmed
2026-09-29 02:26:09,634 | INFO |    ↳ Status 403
2026-09-29 02:26:09,634 | WARNING |    ⚠ Blocked (403) retry 1
2026-09-29 02:26:09,708 | INFO | 🌐 Session warmed
2026-09-29 02:26:09,745 | INFO |    ↳ Status 403
2026-09-29 02:26:09,745 | WARNING |    ⚠ Blocked (403) retry 2
2026-09-29 02:26:09,815 | INFO | 🌐 Session warmed
2026-09-29 02:26:11,373 | INFO |    ↳ Status 403
2026-09-29 02:26:11,374 | WARNING |    ⚠ Blocked (403) retry 2
2026-09-29 02:26:11,471 | INFO | 🌐 Session warmed
2026-09-29 02:26:12,154 | INFO |    ↳ Status 403
2026-09-29 02:26:12,154 | WARNING |    ⚠ Blocked (403) retry 3
2026-09-29 02:26:12,223 | INFO | 🌐 Session warmed
2026-09-29 02:26:12,808 | INFO |    ↳ Status 403
2026-09-29 02:26:12,809 | WARNING |    ⚠ Blocked (403) retry 3
2026-09-29 02:26:12,880 | INFO | 🌐 Session warmed
2026-09-29 02:26:13,360 | INFO | [491/1901] Fetching Domkal (DMKL)
2026-09-29 02:26:14,228 | INFO |    ↳ Status 403
2026-09-29 02:26:14,228 | WARNING |    ⚠ Blocked (403) retry 3
2026-09-29 02:26:14,295 | INFO | 🌐 Session warmed
2026-09-29 02:26:14,445 | INFO |    ↳ Status 403
2026-09-29 02:26:14,445 | WARNING |    ⚠ Blocked (403) retry 1
2026-09-29 02:26:14,519 | INFO | 🌐 Session warmed
2026-09-29 02:26:16,223 | INFO | [492/1901] Fetching Dongargarh (DONG)
2026-09-29 02:26:16,658 | INFO |    ↳ Status 403
2026-09-29 02:26:16,658 | WARNING |    ⚠ Blocked (403) retry 2
2026-09-29 02:26:16,726 | INFO | 🌐 Session warmed
2026-09-29 02:26:16,880 | INFO | [493/1901] Fetching Doolahat Bazar (DLBZ)
2026-09-29 02:26:16,963 | INFO |    ↳ Status 403
2026-09-29 02:26:16,963 | WARNING |    ⚠ Blocked (403) retry 1
2026-09-29 02:26:17,040 | INFO | 🌐 Session warmed
2026-09-29 02:26:17,529 | INFO |    ↳ Status 403
2026-09-29 02:26:17,529 | WARNING |    ⚠ Blocked (403) retry 1
2026-09-29 02:26:17,618 | INFO | 🌐 Session warmed
2026-09-29 02:26:18,295 | INFO | [494/1901] Fetching Doraha (DORH)
2026-09-29 02:26:19,443 | INFO |    ↳ Status 403
2026-09-29 02:26:19,443 | WARNING |    ⚠ Blocked (403) retry 2
2026-09-29 02:26:19,467 | INFO |    ↳ Status 403
2026-09-29 02:26:19,468 | WARNING |    ⚠ Blocked (403) retry 3
2026-09-29 02:26:19,495 | INFO |    ↳ Status 403
2026-09-29 02:26:19,495 | WARNING |    ⚠ Blocked (403) retry 2
2026-09-29 02:26:19,539 | INFO | 🌐 Session warmed
2026-09-29 02:26:19,549 | INFO | 🌐 Session warmed
2026-09-29 02:26:19,561 | INFO |    ↳ Status 403
2026-09-29 02:26:19,561 | WARNING |    ⚠ Blocked (403) retry 1
2026-09-29 02:26:19,570 | INFO | 🌐 Session warmed
2026-09-29 02:26:19,636 | INFO | 🌐 Session warmed
2026-09-29 02:26:21,371 | INFO |    ↳ Status 403
2026-09-29 02:26:21,371 | WARNING |    ⚠ Blocked (403) retry 2
2026-09-29 02:26:21,443 | INFO | 🌐 Session warmed
2026-09-29 02:26:22,213 | INFO |    ↳ Status 403
2026-09-29 02:26:22,213 | WARNING |    ⚠ Blocked (403) retry 3
2026-09-29 02:26:22,282 | INFO | 🌐 Session warmed
2026-09-29 02:26:22,688 | INFO |    ↳ Status 403
2026-09-29 02:26:22,688 | WARNING |    ⚠ Blocked (403) retry 3
2026-09-29 02:26:22,775 | INFO | 🌐 Session warmed
2026-09-29 02:26:23,550 | INFO | [495/1901] Fetching Dornakal (DORN)
2026-09-29 02:26:24,187 | INFO |    ↳ Status 403
2026-09-29 02:26:24,187 | WARNING |    ⚠ Blocked (403) retry 3
2026-09-29 02:26:24,262 | INFO | 🌐 Session warmed
2026-09-29 02:26:24,285 | INFO |    ↳ Status 403
2026-09-29 02:26:24,285 | WARNING |    ⚠ Blocked (403) retry 1
2026-09-29 02:26:24,355 | INFO | 🌐 Session warmed
2026-09-29 02:26:26,282 | INFO | [496/1901] Fetching Dowlaiswaram (DOWL)
2026-09-29 02:26:26,468 | INFO |    ↳ Status 403
2026-09-29 02:26:26,468 | WARNING |    ⚠ Blocked (403) retry 2
2026-09-29 02:26:26,543 | INFO | 🌐 Session warmed
2026-09-29 02:26:26,776 | INFO | [497/1901] Fetching Draksharamam (DAKR)
2026-09-29 02:26:27,178 | INFO |    ↳ Status 403
2026-09-29 02:26:27,178 | WARNING |    ⚠ Blocked (403) retry 1
2026-09-29 02:26:27,244 | INFO | 🌐 Session warmed
2026-09-29 02:26:27,800 | INFO |    ↳ Status 403
2026-09-29 02:26:27,801 | WARNING |    ⚠ Blocked (403) retry 1
2026-09-29 02:26:27,877 | INFO | 🌐 Session warmed
2026-09-29 02:26:28,262 | INFO | [498/1901] Fetching Dubbaka (DBBK)
2026-09-29 02:26:29,226 | INFO |    ↳ Status 403
2026-09-29 02:26:29,226 | WARNING |    ⚠ Blocked (403) retry 2
2026-09-29 02:26:29,293 | INFO | 🌐 Session warmed
2026-09-29 02:26:29,324 | INFO |    ↳ Status 403
2026-09-29 02:26:29,324 | WARNING |    ⚠ Blocked (403) retry 3
2026-09-29 02:26:29,381 | INFO |    ↳ Status 403
2026-09-29 02:26:29,381 | WARNING |    ⚠ Blocked (403) retry 1
2026-09-29 02:26:29,393 | INFO | 🌐 Session warmed
2026-09-29 02:26:29,454 | INFO | 🌐 Session warmed
2026-09-29 02:26:30,189 | INFO |    ↳ Status 403
2026-09-29 02:26:30,189 | WARNING |    ⚠ Blocked (403) retry 2
2026-09-29 02:26:30,255 | INFO | 🌐 Session warmed
2026-09-29 02:26:31,496 | INFO |    ↳ Status 403
2026-09-29 02:26:31,496 | WARNING |    ⚠ Blocked (403) retry 2
2026-09-29 02:26:31,566 | INFO | 🌐 Session warmed
2026-09-29 02:26:32,593 | INFO |    ↳ Status 403
2026-09-29 02:26:32,593 | WARNING |    ⚠ Blocked (403) retry 3
2026-09-29 02:26:32,701 | INFO | 🌐 Session warmed
2026-09-29 02:26:33,393 | INFO | [499/1901] Fetching Dubrajpur (DUBR)
2026-09-29 02:26:33,669 | INFO |    ↳ Status 403
2026-09-29 02:26:33,669 | WARNING |    ⚠ Blocked (403) retry 3
2026-09-29 02:26:33,735 | INFO | 🌐 Session warmed
2026-09-29 02:26:34,342 | INFO |    ↳ Status 403
2026-09-29 02:26:34,342 | WARNING |    ⚠ Blocked (403) retry 1
2026-09-29 02:26:34,408 | INFO | 🌐 Session warmed
2026-09-29 02:26:34,822 | INFO |    ↳ Status 403
2026-09-29 02:26:34,822 | WARNING |    ⚠ Blocked (403) retry 3
2026-09-29 02:26:34,895 | INFO | 🌐 Session warmed
2026-09-29 02:26:36,436 | INFO |    ↳ Status 403
2026-09-29 02:26:36,436 | WARNING |    ⚠ Blocked (403) retry 2
2026-09-29 02:26:36,506 | INFO | 🌐 Session warmed
2026-09-29 02:26:36,702 | INFO | [500/1901] Fetching Dudhi (DUDH)
2026-09-29 02:26:37,610 | INFO |    ↳ Status 403
2026-09-29 02:26:37,610 | WARNING |    ⚠ Blocked (403) retry 1
2026-09-29 02:26:37,679 | INFO | 🌐 Session warmed
2026-09-29 02:26:37,735 | INFO | [501/1901] Fetching Dumka (DUMKA)
2026-09-29 02:26:38,450 | INFO |    ↳ Status 403
2026-09-29 02:26:38,450 | WARNING |    ⚠ Blocked (403) retry 1
2026-09-29 02:26:38,545 | INFO | 🌐 Session warmed
2026-09-29 02:26:38,895 | INFO | [502/1901] Fetching Dungarpur (DUNG)
2026-09-29 02:26:39,307 | INFO |    ↳ Status 403
2026-09-29 02:26:39,307 | WARNING |    ⚠ Blocked (403) retry 2
2026-09-29 02:26:39,374 | INFO | 🌐 Session warmed
2026-09-29 02:26:39,388 | INFO |    ↳ Status 403
2026-09-29 02:26:39,388 | WARNING |    ⚠ Blocked (403) retry 3
2026-09-29 02:26:39,467 | INFO | 🌐 Session warmed
2026-09-29 02:26:39,551 | INFO |    ↳ Status 403
2026-09-29 02:26:39,551 | WARNING |    ⚠ Blocked (403) retry 1
2026-09-29 02:26:39,619 | INFO | 🌐 Session warmed
2026-09-29 02:26:40,439 | INFO |    ↳ Status 403
2026-09-29 02:26:40,439 | WARNING |    ⚠ Blocked (403) retry 2
2026-09-29 02:26:40,515 | INFO | 🌐 Session warmed
2026-09-29 02:26:41,555 | INFO |    ↳ Status 403
2026-09-29 02:26:41,555 | WARNING |    ⚠ Blocked (403) retry 2
2026-09-29 02:26:41,626 | INFO | 🌐 Session warmed
2026-09-29 02:26:42,171 | INFO |    ↳ Status 403
2026-09-29 02:26:42,171 | WARNING |    ⚠ Blocked (403) retry 3
2026-09-29 02:26:42,240 | INFO | 🌐 Session warmed
2026-09-29 02:26:43,182 | INFO |    ↳ Status 403
2026-09-29 02:26:43,182 | WARNING |    ⚠ Blocked (403) retry 3
2026-09-29 02:26:43,263 | INFO | 🌐 Session warmed
2026-09-29 02:26:43,467 | INFO | [503/1901] Fetching Durg (DURG)
2026-09-29 02:26:44,194 | INFO |    ↳ Status 403
2026-09-29 02:26:44,194 | WARNING |    ⚠ Blocked (403) retry 1
2026-09-29 02:26:44,265 | INFO |    ↳ Status 403
2026-09-29 02:26:44,265 | WARNING |    ⚠ Blocked (403) retry 3
2026-09-29 02:26:44,265 | INFO | 🌐 Session warmed
2026-09-29 02:26:44,335 | INFO | 🌐 Session warmed
2026-09-29 02:26:46,013 | INFO |    ↳ Status 403
2026-09-29 02:26:46,013 | WARNING |    ⚠ Blocked (403) retry 2
2026-09-29 02:26:46,081 | INFO | 🌐 Session warmed
2026-09-29 02:26:46,240 | INFO | [504/1901] Fetching Durgapur (DURGA)
2026-09-29 02:26:47,264 | INFO | [505/1901] Fetching Dwarka (DWAR)
2026-09-29 02:26:47,559 | INFO |    ↳ Status 403
2026-09-29 02:26:47,559 | WARNING |    ⚠ Blocked (403) retry 1
2026-09-29 02:26:47,628 | INFO | 🌐 Session warmed
2026-09-29 02:26:48,335 | INFO | [506/1901] Fetching East Godavari (ESTG)
2026-09-29 02:26:48,539 | INFO |    ↳ Status 403
2026-09-29 02:26:48,539 | WARNING |    ⚠ Blocked (403) retry 1
2026-09-29 02:26:48,614 | INFO | 🌐 Session warmed
2026-09-29 02:26:49,207 | INFO |    ↳ Status 403
2026-09-29 02:26:49,207 | WARNING |    ⚠ Blocked (403) retry 1
2026-09-29 02:26:49,264 | INFO |    ↳ Status 403
2026-09-29 02:26:49,264 | WARNING |    ⚠ Blocked (403) retry 2
2026-09-29 02:26:49,273 | INFO | 🌐 Session warmed
2026-09-29 02:26:49,348 | INFO | 🌐 Session warmed
2026-09-29 02:26:49,455 | INFO |    ↳ Status 403
2026-09-29 02:26:49,455 | WARNING |    ⚠ Blocked (403) retry 3
2026-09-29 02:26:49,524 | INFO | 🌐 Session warmed
2026-09-29 02:26:50,636 | INFO |    ↳ Status 403
2026-09-29 02:26:50,636 | WARNING |    ⚠ Blocked (403) retry 2
2026-09-29 02:26:50,705 | INFO | 🌐 Session warmed
2026-09-29 02:26:51,010 | INFO |    ↳ Status 403
2026-09-29 02:26:51,010 | WARNING |    ⚠ Blocked (403) retry 2
2026-09-29 02:26:51,079 | INFO | 🌐 Session warmed
2026-09-29 02:26:52,588 | INFO |    ↳ Status 403
2026-09-29 02:26:52,588 | WARNING |    ⚠ Blocked (403) retry 3
2026-09-29 02:26:52,668 | INFO | 🌐 Session warmed
2026-09-29 02:26:53,524 | INFO | [507/1901] Fetching Edappal (EDPL)
2026-09-29 02:26:54,134 | INFO |    ↳ Status 403
2026-09-29 02:26:54,134 | WARNING |    ⚠ Blocked (403) retry 3
2026-09-29 02:26:54,203 | INFO | 🌐 Session warmed
2026-09-29 02:26:54,392 | INFO |    ↳ Status 403
2026-09-29 02:26:54,392 | WARNING |    ⚠ Blocked (403) retry 1
2026-09-29 02:26:54,461 | INFO | 🌐 Session warmed
2026-09-29 02:26:56,189 | INFO |    ↳ Status 403
2026-09-29 02:26:56,189 | WARNING |    ⚠ Blocked (403) retry 3
2026-09-29 02:26:56,269 | INFO | 🌐 Session warmed
2026-09-29 02:26:56,669 | INFO | [508/1901] Fetching Edlapadu (EDLP)
2026-09-29 02:26:56,854 | INFO |    ↳ Status 403
2026-09-29 02:26:56,854 | WARNING |    ⚠ Blocked (403) retry 2
2026-09-29 02:26:56,926 | INFO | 🌐 Session warmed
2026-09-29 02:26:57,500 | INFO |    ↳ Status 403
2026-09-29 02:26:57,500 | WARNING |    ⚠ Blocked (403) retry 1
2026-09-29 02:26:57,568 | INFO | 🌐 Session warmed
2026-09-29 02:26:58,203 | INFO | [509/1901] Fetching Ekma (EKMA)
2026-09-29 02:26:59,097 | INFO |    ↳ Status 403
2026-09-29 02:26:59,097 | WARNING |    ⚠ Blocked (403) retry 1
2026-09-29 02:26:59,167 | INFO | 🌐 Session warmed
2026-09-29 02:26:59,208 | INFO |    ↳ Status 403
2026-09-29 02:26:59,208 | WARNING |    ⚠ Blocked (403) retry 2
2026-09-29 02:26:59,279 | INFO | 🌐 Session warmed
2026-09-29 02:27:00,101 | INFO |    ↳ Status 403
2026-09-29 02:27:00,101 | WARNING |    ⚠ Blocked (403) retry 3
2026-09-29 02:27:00,168 | INFO | 🌐 Session warmed
2026-09-29 02:27:00,270 | INFO | [510/1901] Fetching Elesvaram (ELES)
2026-09-29 02:27:01,011 | INFO |    ↳ Status 403
2026-09-29 02:27:01,011 | WARNING |    ⚠ Blocked (403) retry 1
2026-09-29 02:27:01,075 | INFO |    ↳ Status 403
2026-09-29 02:27:01,075 | WARNING |    ⚠ Blocked (403) retry 2
2026-09-29 02:27:01,078 | INFO | 🌐 Session warmed
2026-09-29 02:27:01,148 | INFO | 🌐 Session warmed
2026-09-29 02:27:02,293 | INFO |    ↳ Status 403
2026-09-29 02:27:02,293 | WARNING |    ⚠ Blocked (403) retry 3
2026-09-29 02:27:02,365 | INFO | 🌐 Session warmed
2026-09-29 02:27:02,868 | INFO |    ↳ Status 403
2026-09-29 02:27:02,868 | WARNING |    ⚠ Blocked (403) retry 2
2026-09-29 02:27:02,991 | INFO | 🌐 Session warmed
2026-09-29 02:27:04,168 | INFO | [511/1901] Fetching Eluru (ELRU)
2026-09-29 02:27:04,209 | INFO |    ↳ Status 403
2026-09-29 02:27:04,209 | WARNING |    ⚠ Blocked (403) retry 3
2026-09-29 02:27:04,279 | INFO | 🌐 Session warmed
2026-09-29 02:27:05,143 | INFO |    ↳ Status 403
2026-09-29 02:27:05,143 | WARNING |    ⚠ Blocked (403) retry 1
2026-09-29 02:27:05,214 | INFO | 🌐 Session warmed
2026-09-29 02:27:06,228 | INFO |    ↳ Status 403
2026-09-29 02:27:06,228 | WARNING |    ⚠ Blocked (403) retry 3
2026-09-29 02:27:06,304 | INFO | 🌐 Session warmed
2026-09-29 02:27:06,365 | INFO | [512/1901] Fetching Enkoor (ENKR)
2026-09-29 02:27:07,079 | INFO |    ↳ Status 403
2026-09-29 02:27:07,079 | WARNING |    ⚠ Blocked (403) retry 1
2026-09-29 02:27:07,158 | INFO | 🌐 Session warmed
2026-09-29 02:27:07,585 | INFO |    ↳ Status 403
2026-09-29 02:27:07,585 | WARNING |    ⚠ Blocked (403) retry 2
2026-09-29 02:27:07,663 | INFO | 🌐 Session warmed
2026-09-29 02:27:08,280 | INFO | [513/1901] Fetching Eramalloor (ERMR)
2026-09-29 02:27:09,353 | INFO |    ↳ Status 403
2026-09-29 02:27:09,353 | WARNING |    ⚠ Blocked (403) retry 2
2026-09-29 02:27:09,416 | INFO | 🌐 Session warmed
2026-09-29 02:27:09,576 | INFO |    ↳ Status 403
2026-09-29 02:27:09,577 | WARNING |    ⚠ Blocked (403) retry 1
2026-09-29 02:27:09,651 | INFO | 🌐 Session warmed
2026-09-29 02:27:10,304 | INFO | [514/1901] Fetching Erandol (ERAN)
2026-09-29 02:27:10,468 | INFO |    ↳ Status 403
2026-09-29 02:27:10,468 | WARNING |    ⚠ Blocked (403) retry 3
2026-09-29 02:27:10,540 | INFO | 🌐 Session warmed
2026-09-29 02:27:10,978 | INFO |    ↳ Status 403
2026-09-29 02:27:10,978 | WARNING |    ⚠ Blocked (403) retry 1
2026-09-29 02:27:11,051 | INFO | 🌐 Session warmed
2026-09-29 02:27:11,347 | INFO |    ↳ Status 403
2026-09-29 02:27:11,347 | WARNING |    ⚠ Blocked (403) retry 2
2026-09-29 02:27:11,417 | INFO | 🌐 Session warmed
2026-09-29 02:27:12,706 | INFO |    ↳ Status 403
2026-09-29 02:27:12,706 | WARNING |    ⚠ Blocked (403) retry 3
2026-09-29 02:27:12,776 | INFO | 🌐 Session warmed
2026-09-29 02:27:13,083 | INFO |    ↳ Status 403
2026-09-29 02:27:13,083 | WARNING |    ⚠ Blocked (403) retry 2
2026-09-29 02:27:13,200 | INFO | 🌐 Session warmed
2026-09-29 02:27:14,540 | INFO | [515/1901] Fetching Erattupetta (ERAT)
2026-09-29 02:27:14,671 | INFO |    ↳ Status 403
2026-09-29 02:27:14,671 | WARNING |    ⚠ Blocked (403) retry 3
2026-09-29 02:27:14,742 | INFO | 🌐 Session warmed
2026-09-29 02:27:15,499 | INFO |    ↳ Status 403
2026-09-29 02:27:15,499 | WARNING |    ⚠ Blocked (403) retry 1
2026-09-29 02:27:15,568 | INFO | 🌐 Session warmed
2026-09-29 02:27:16,475 | INFO |    ↳ Status 403
2026-09-29 02:27:16,475 | WARNING |    ⚠ Blocked (403) retry 3
2026-09-29 02:27:16,554 | INFO | 🌐 Session warmed
2026-09-29 02:27:16,777 | INFO | [516/1901] Fetching Ernakulam (ERNK)
2026-09-29 02:27:17,331 | INFO |    ↳ Status 403
2026-09-29 02:27:17,331 | WARNING |    ⚠ Blocked (403) retry 2
2026-09-29 02:27:17,405 | INFO | 🌐 Session warmed
2026-09-29 02:27:17,501 | INFO |    ↳ Status 403
2026-09-29 02:27:17,501 | WARNING |    ⚠ Blocked (403) retry 1
2026-09-29 02:27:18,743 | INFO | [517/1901] Fetching Erode (EROD)
2026-09-29 02:27:20,117 | INFO |    ↳ Status 403
2026-09-29 02:27:20,117 | WARNING |    ⚠ Blocked (403) retry 1
2026-09-29 02:27:20,165 | INFO | 🌐 Session warmed
2026-09-29 02:27:20,195 | INFO | 🌐 Session warmed
2026-09-29 02:27:20,554 | INFO | [518/1901] Fetching Etah (ETAH)
2026-09-29 02:27:20,705 | INFO |    ↳ Status 403
2026-09-29 02:27:20,705 | WARNING |    ⚠ Blocked (403) retry 3
2026-09-29 02:27:20,776 | INFO | 🌐 Session warmed
2026-09-29 02:27:21,896 | INFO |    ↳ Status 403
2026-09-29 02:27:21,896 | WARNING |    ⚠ Blocked (403) retry 1
2026-09-29 02:27:21,962 | INFO | 🌐 Session warmed
2026-09-29 02:27:21,981 | INFO |    ↳ Status 403
2026-09-29 02:27:21,981 | WARNING |    ⚠ Blocked (403) retry 2
2026-09-29 02:27:22,022 | INFO |    ↳ Status 403
2026-09-29 02:27:22,022 | WARNING |    ⚠ Blocked (403) retry 2
2026-09-29 02:27:22,056 | INFO | 🌐 Session warmed
2026-09-29 02:27:22,092 | INFO | 🌐 Session warmed
2026-09-29 02:27:23,967 | INFO |    ↳ Status 403
2026-09-29 02:27:23,967 | WARNING |    ⚠ Blocked (403) retry 2
2026-09-29 02:27:24,040 | INFO | 🌐 Session warmed
2026-09-29 02:27:24,777 | INFO | [519/1901] Fetching Etawah (ETWH)
2026-09-29 02:27:25,120 | INFO |    ↳ Status 403
2026-09-29 02:27:25,120 | WARNING |    ⚠ Blocked (403) retry 3
2026-09-29 02:27:25,185 | INFO | 🌐 Session warmed
2026-09-29 02:27:25,320 | INFO |    ↳ Status 403
2026-09-29 02:27:25,320 | WARNING |    ⚠ Blocked (403) retry 3
2026-09-29 02:27:25,395 | INFO | 🌐 Session warmed
2026-09-29 02:27:25,952 | INFO |    ↳ Status 403
2026-09-29 02:27:25,952 | WARNING |    ⚠ Blocked (403) retry 1
2026-09-29 02:27:26,018 | INFO | 🌐 Session warmed
2026-09-29 02:27:27,217 | INFO |    ↳ Status 403
2026-09-29 02:27:27,217 | WARNING |    ⚠ Blocked (403) retry 3
2026-09-29 02:27:27,294 | INFO | 🌐 Session warmed
2026-09-29 02:27:28,018 | INFO |    ↳ Status 403
2026-09-29 02:27:28,018 | WARNING |    ⚠ Blocked (403) retry 2
2026-09-29 02:27:28,091 | INFO | 🌐 Session warmed
2026-09-29 02:27:29,186 | INFO | [520/1901] Fetching Ettumanoor (ETTU)
2026-09-29 02:27:29,395 | INFO | [521/1901] Fetching Eturnagaram (ETNR)
2026-09-29 02:27:30,399 | INFO |    ↳ Status 403
2026-09-29 02:27:30,399 | WARNING |    ⚠ Blocked (403) retry 1
2026-09-29 02:27:30,467 | INFO | 🌐 Session warmed
2026-09-29 02:27:30,527 | INFO |    ↳ Status 403
2026-09-29 02:27:30,527 | WARNING |    ⚠ Blocked (403) retry 1
2026-09-29 02:27:30,597 | INFO | 🌐 Session warmed
2026-09-29 02:27:30,784 | INFO |    ↳ Status 403
2026-09-29 02:27:30,784 | WARNING |    ⚠ Blocked (403) retry 3
2026-09-29 02:27:30,849 | INFO | 🌐 Session warmed
2026-09-29 02:27:31,294 | INFO | [522/1901] Fetching Faizabad (FAZA)
2026-09-29 02:27:32,084 | INFO |    ↳ Status 403
2026-09-29 02:27:32,084 | WARNING |    ⚠ Blocked (403) retry 2
2026-09-29 02:27:32,157 | INFO | 🌐 Session warmed
2026-09-29 02:27:32,701 | INFO |    ↳ Status 403
2026-09-29 02:27:32,702 | WARNING |    ⚠ Blocked (403) retry 1
2026-09-29 02:27:32,772 | INFO | 🌐 Session warmed
2026-09-29 02:27:32,870 | INFO |    ↳ Status 403
2026-09-29 02:27:32,870 | WARNING |    ⚠ Blocked (403) retry 2
2026-09-29 02:27:32,955 | INFO | 🌐 Session warmed
2026-09-29 02:27:34,849 | INFO | [523/1901] Fetching Falakata (FALA)
2026-09-29 02:27:34,877 | INFO |    ↳ Status 403
2026-09-29 02:27:34,877 | WARNING |    ⚠ Blocked (403) retry 2
2026-09-29 02:27:34,944 | INFO | 🌐 Session warmed
2026-09-29 02:27:35,261 | INFO |    ↳ Status 403
2026-09-29 02:27:35,261 | WARNING |    ⚠ Blocked (403) retry 3
2026-09-29 02:27:35,327 | INFO | 🌐 Session warmed
2026-09-29 02:27:35,738 | INFO |    ↳ Status 403
2026-09-29 02:27:35,738 | WARNING |    ⚠ Blocked (403) retry 1
2026-09-29 02:27:35,816 | INFO | 🌐 Session warmed
2026-09-29 02:27:36,293 | INFO |    ↳ Status 403
2026-09-29 02:27:36,293 | WARNING |    ⚠ Blocked (403) retry 3
2026-09-29 02:27:36,379 | INFO | 🌐 Session warmed
2026-09-29 02:27:38,092 | INFO |    ↳ Status 403
2026-09-29 02:27:38,092 | WARNING |    ⚠ Blocked (403) retry 2
2026-09-29 02:27:38,162 | INFO | 🌐 Session warmed
2026-09-29 02:27:38,176 | INFO |    ↳ Status 403
2026-09-29 02:27:38,176 | WARNING |    ⚠ Blocked (403) retry 3
2026-09-29 02:27:38,244 | INFO | 🌐 Session warmed
2026-09-29 02:27:39,327 | INFO | [524/1901] Fetching Falna (FALN)
2026-09-29 02:27:40,379 | INFO | [525/1901] Fetching Faridkot (DKOT)
2026-09-29 02:27:40,688 | INFO |    ↳ Status 403
2026-09-29 02:27:40,688 | WARNING |    ⚠ Blocked (403) retry 1
2026-09-29 02:27:40,757 | INFO | 🌐 Session warmed
2026-09-29 02:27:41,259 | INFO |    ↳ Status 403
2026-09-29 02:27:41,260 | WARNING |    ⚠ Blocked (403) retry 1
2026-09-29 02:27:41,263 | INFO |    ↳ Status 403
2026-09-29 02:27:41,263 | WARNING |    ⚠ Blocked (403) retry 3
2026-09-29 02:27:41,344 | INFO | 🌐 Session warmed
2026-09-29 02:27:41,344 | INFO | 🌐 Session warmed
2026-09-29 02:27:42,244 | INFO | [526/1901] Fetching Farrukhabad (FARU)
2026-09-29 02:27:42,881 | INFO |    ↳ Status 403
2026-09-29 02:27:42,881 | WARNING |    ⚠ Blocked (403) retry 1
2026-09-29 02:27:42,958 | INFO | 🌐 Session warmed
2026-09-29 02:27:43,166 | INFO |    ↳ Status 403
2026-09-29 02:27:43,166 | WARNING |    ⚠ Blocked (403) retry 2
2026-09-29 02:27:43,242 | INFO | 🌐 Session warmed
2026-09-29 02:27:43,249 | INFO |    ↳ Status 403
2026-09-29 02:27:43,249 | WARNING |    ⚠ Blocked (403) retry 2
2026-09-29 02:27:43,318 | INFO | 🌐 Session warmed
2026-09-29 02:27:44,913 | INFO |    ↳ Status 403
2026-09-29 02:27:44,914 | WARNING |    ⚠ Blocked (403) retry 2
2026-09-29 02:27:44,991 | INFO | 🌐 Session warmed
2026-09-29 02:27:45,344 | INFO | [527/1901] Fetching Fatehabad (FATD)
2026-09-29 02:27:46,132 | INFO |    ↳ Status 403
2026-09-29 02:27:46,132 | WARNING |    ⚠ Blocked (403) retry 3
2026-09-29 02:27:46,172 | INFO |    ↳ Status 403
2026-09-29 02:27:46,172 | WARNING |    ⚠ Blocked (403) retry 3
2026-09-29 02:27:46,206 | INFO | 🌐 Session warmed
2026-09-29 02:27:46,240 | INFO | 🌐 Session warmed
2026-09-29 02:27:46,353 | INFO |    ↳ Status 403
2026-09-29 02:27:46,353 | WARNING |    ⚠ Blocked (403) retry 1
2026-09-29 02:27:46,455 | INFO | 🌐 Session warmed
2026-09-29 02:27:47,671 | INFO |    ↳ Status 403
2026-09-29 02:27:47,671 | WARNING |    ⚠ Blocked (403) retry 3
2026-09-29 02:27:47,737 | INFO | 🌐 Session warmed
2026-09-29 02:27:48,676 | INFO |    ↳ Status 403
2026-09-29 02:27:48,677 | WARNING |    ⚠ Blocked (403) retry 2
2026-09-29 02:27:48,743 | INFO | 🌐 Session warmed
2026-09-29 02:27:50,206 | INFO | [528/1901] Fetching Fatehgarh Sahib (FASA)
2026-09-29 02:27:50,241 | INFO | [529/1901] Fetching Fatehpur (FATE)
2026-09-29 02:27:50,886 | INFO |    ↳ Status 403
2026-09-29 02:27:50,886 | WARNING |    ⚠ Blocked (403) retry 1
2026-09-29 02:27:50,902 | INFO |    ↳ Status 403
2026-09-29 02:27:50,902 | WARNING |    ⚠ Blocked (403) retry 1
2026-09-29 02:27:50,965 | INFO | 🌐 Session warmed
2026-09-29 02:27:50,993 | INFO | 🌐 Session warmed
2026-09-29 02:27:51,737 | INFO | [530/1901] Fetching Fatehpur(Rajasthan) (FATR)
2026-09-29 02:27:51,808 | INFO |    ↳ Status 403
2026-09-29 02:27:51,808 | WARNING |    ⚠ Blocked (403) retry 3
2026-09-29 02:27:51,878 | INFO | 🌐 Session warmed
2026-09-29 02:27:52,480 | INFO |    ↳ Status 403
2026-09-29 02:27:52,480 | WARNING |    ⚠ Blocked (403) retry 1
2026-09-29 02:27:52,548 | INFO | 🌐 Session warmed
2026-09-29 02:27:52,940 | INFO |    ↳ Status 403
2026-09-29 02:27:52,940 | WARNING |    ⚠ Blocked (403) retry 2
2026-09-29 02:27:53,027 | INFO | 🌐 Session warmed
2026-09-29 02:27:53,349 | INFO |    ↳ Status 403
2026-09-29 02:27:53,349 | WARNING |    ⚠ Blocked (403) retry 2
2026-09-29 02:27:53,416 | INFO | 🌐 Session warmed
2026-09-29 02:27:54,926 | INFO |    ↳ Status 403
2026-09-29 02:27:54,926 | WARNING |    ⚠ Blocked (403) retry 2
2026-09-29 02:27:54,996 | INFO | 🌐 Session warmed
2026-09-29 02:27:55,878 | INFO | [531/1901] Fetching Fazilka (FAKA)
2026-09-29 02:27:56,135 | INFO |    ↳ Status 403
2026-09-29 02:27:56,135 | WARNING |    ⚠ Blocked (403) retry 3
2026-09-29 02:27:56,217 | INFO | 🌐 Session warmed
2026-09-29 02:27:56,546 | INFO |    ↳ Status 403
2026-09-29 02:27:56,546 | WARNING |    ⚠ Blocked (403) retry 3
2026-09-29 02:27:56,612 | INFO | 🌐 Session warmed
2026-09-29 02:27:57,136 | INFO |    ↳ Status 403
2026-09-29 02:27:57,136 | WARNING |    ⚠ Blocked (403) retry 1
2026-09-29 02:27:57,204 | INFO | 🌐 Session warmed
2026-09-29 02:27:57,938 | INFO |    ↳ Status 403
2026-09-29 02:27:57,938 | WARNING |    ⚠ Blocked (403) retry 3
2026-09-29 02:27:58,018 | INFO | 🌐 Session warmed
2026-09-29 02:27:59,248 | INFO |    ↳ Status 403
2026-09-29 02:27:59,248 | WARNING |    ⚠ Blocked (403) retry 2
2026-09-29 02:27:59,314 | INFO | 🌐 Session warmed
2026-09-29 02:28:00,218 | INFO | [532/1901] Fetching Firozabad (FRZD)
2026-09-29 02:28:00,613 | INFO | [533/1901] Fetching Firozpur (FRZR)
2026-09-29 02:28:01,388 | INFO |    ↳ Status 403
2026-09-29 02:28:01,388 | WARNING |    ⚠ Blocked (403) retry 1
2026-09-29 02:28:01,456 | INFO | 🌐 Session warmed
2026-09-29 02:28:01,589 | INFO |    ↳ Status 403
2026-09-29 02:28:01,589 | WARNING |    ⚠ Blocked (403) retry 1
2026-09-29 02:28:01,658 | INFO | 🌐 Session warmed
2026-09-29 02:28:02,018 | INFO | [534/1901] Fetching Forbesganj (FORB)
2026-09-29 02:28:02,518 | INFO |    ↳ Status 403
2026-09-29 02:28:02,518 | WARNING |    ⚠ Blocked (403) retry 3
2026-09-29 02:28:02,589 | INFO | 🌐 Session warmed
2026-09-29 02:28:02,840 | INFO |    ↳ Status 403
2026-09-29 02:28:02,840 | WARNING |    ⚠ Blocked (403) retry 1
2026-09-29 02:28:02,906 | INFO | 🌐 Session warmed
2026-09-29 02:28:03,512 | INFO |    ↳ Status 403
2026-09-29 02:28:03,512 | WARNING |    ⚠ Blocked (403) retry 2
2026-09-29 02:28:03,587 | INFO | 🌐 Session warmed
2026-09-29 02:28:04,024 | INFO |    ↳ Status 403
2026-09-29 02:28:04,025 | WARNING |    ⚠ Blocked (403) retry 2
2026-09-29 02:28:04,097 | INFO | 🌐 Session warmed
2026-09-29 02:28:05,156 | INFO |    ↳ Status 403
2026-09-29 02:28:05,156 | WARNING |    ⚠ Blocked (403) retry 2
2026-09-29 02:28:05,229 | INFO | 🌐 Session warmed
2026-09-29 02:28:06,345 | INFO |    ↳ Status 403
2026-09-29 02:28:06,345 | WARNING |    ⚠ Blocked (403) retry 3
2026-09-29 02:28:06,410 | INFO | 🌐 Session warmed
2026-09-29 02:28:06,589 | INFO | [535/1901] Fetching France (FCR)
2026-09-29 02:28:07,228 | INFO |    ↳ Status 403
2026-09-29 02:28:07,228 | WARNING |    ⚠ Blocked (403) retry 3
2026-09-29 02:28:07,299 | INFO | 🌐 Session warmed
2026-09-29 02:28:07,668 | INFO |    ↳ Status 403
2026-09-29 02:28:07,668 | WARNING |    ⚠ Blocked (403) retry 1
2026-09-29 02:28:07,747 | INFO | 🌐 Session warmed
2026-09-29 02:28:08,332 | INFO |    ↳ Status 403
2026-09-29 02:28:08,332 | WARNING |    ⚠ Blocked (403) retry 3
2026-09-29 02:28:08,407 | INFO | 🌐 Session warmed
2026-09-29 02:28:09,430 | INFO |    ↳ Status 403
2026-09-29 02:28:09,430 | WARNING |    ⚠ Blocked (403) retry 2
2026-09-29 02:28:09,503 | INFO | 🌐 Session warmed
2026-09-29 02:28:10,410 | INFO | [536/1901] Fetching Fulkusma (FULK)
2026-09-29 02:28:11,134 | INFO |    ↳ Status 403
2026-09-29 02:28:11,134 | WARNING |    ⚠ Blocked (403) retry 1
2026-09-29 02:28:11,215 | INFO | 🌐 Session warmed
2026-09-29 02:28:11,300 | INFO | [537/1901] Fetching G.Mamidada (GMAD)
2026-09-29 02:28:12,135 | INFO |    ↳ Status 403
2026-09-29 02:28:12,135 | WARNING |    ⚠ Blocked (403) retry 3
2026-09-29 02:28:12,205 | INFO | 🌐 Session warmed
2026-09-29 02:28:12,371 | INFO |    ↳ Status 403
2026-09-29 02:28:12,371 | WARNING |    ⚠ Blocked (403) retry 1
2026-09-29 02:28:12,407 | INFO | [538/1901] Fetching Gadag (GADG)
2026-09-29 02:28:12,446 | INFO | 🌐 Session warmed
2026-09-29 02:28:13,014 | INFO |    ↳ Status 403
2026-09-29 02:28:13,014 | WARNING |    ⚠ Blocked (403) retry 2
2026-09-29 02:28:13,097 | INFO | 🌐 Session warmed
2026-09-29 02:28:13,744 | INFO |    ↳ Status 403
2026-09-29 02:28:13,744 | WARNING |    ⚠ Blocked (403) retry 1
2026-09-29 02:28:13,816 | INFO | 🌐 Session warmed
2026-09-29 02:28:14,352 | INFO |    ↳ Status 403
2026-09-29 02:28:14,353 | WARNING |    ⚠ Blocked (403) retry 2
2026-09-29 02:28:14,429 | INFO | 🌐 Session warmed
2026-09-29 02:28:15,731 | INFO |    ↳ Status 403
2026-09-29 02:28:15,731 | WARNING |    ⚠ Blocked (403) retry 2
2026-09-29 02:28:15,812 | INFO | 🌐 Session warmed
2026-09-29 02:28:16,205 | INFO | [539/1901] Fetching Gadarwara (GDWR)
2026-09-29 02:28:16,292 | INFO |    ↳ Status 403
2026-09-29 02:28:16,292 | WARNING |    ⚠ Blocked (403) retry 3
2026-09-29 02:28:16,365 | INFO | 🌐 Session warmed
2026-09-29 02:28:17,124 | INFO |    ↳ Status 403
2026-09-29 02:28:17,124 | WARNING |    ⚠ Blocked (403) retry 1
2026-09-29 02:28:17,217 | INFO | 🌐 Session warmed
2026-09-29 02:28:17,394 | INFO |    ↳ Status 403
2026-09-29 02:28:17,394 | WARNING |    ⚠ Blocked (403) retry 3
2026-09-29 02:28:17,471 | INFO | 🌐 Session warmed
2026-09-29 02:28:18,846 | INFO |    ↳ Status 403
2026-09-29 02:28:18,847 | WARNING |    ⚠ Blocked (403) retry 2
2026-09-29 02:28:18,919 | INFO | 🌐 Session warmed
2026-09-29 02:28:18,944 | INFO |    ↳ Status 403
2026-09-29 02:28:18,944 | WARNING |    ⚠ Blocked (403) retry 3
2026-09-29 02:28:19,011 | INFO | 🌐 Session warmed
2026-09-29 02:28:20,366 | INFO | [540/1901] Fetching Gadchiroli (GDRO)
2026-09-29 02:28:21,393 | INFO |    ↳ Status 403
2026-09-29 02:28:21,393 | WARNING |    ⚠ Blocked (403) retry 1
2026-09-29 02:28:21,462 | INFO | 🌐 Session warmed
2026-09-29 02:28:21,471 | INFO | [541/1901] Fetching Gadwal (GADW)
2026-09-29 02:28:22,007 | INFO |    ↳ Status 403
2026-09-29 02:28:22,007 | WARNING |    ⚠ Blocked (403) retry 3
2026-09-29 02:28:22,077 | INFO | 🌐 Session warmed
2026-09-29 02:28:22,187 | INFO |    ↳ Status 403
2026-09-29 02:28:22,187 | WARNING |    ⚠ Blocked (403) retry 1
2026-09-29 02:28:22,352 | INFO | 🌐 Session warmed
2026-09-29 02:28:23,011 | INFO | [542/1901] Fetching Gajapathinagaram (GJPT)
2026-09-29 02:28:23,500 | INFO |    ↳ Status 403
2026-09-29 02:28:23,500 | WARNING |    ⚠ Blocked (403) retry 2
2026-09-29 02:28:23,575 | INFO | 🌐 Session warmed
2026-09-29 02:28:23,942 | INFO |    ↳ Status 403
2026-09-29 02:28:23,942 | WARNING |    ⚠ Blocked (403) retry 1
2026-09-29 02:28:24,024 | INFO | 🌐 Session warmed
2026-09-29 02:28:24,170 | INFO |    ↳ Status 403
2026-09-29 02:28:24,170 | WARNING |    ⚠ Blocked (403) retry 2
2026-09-29 02:28:24,252 | INFO | 🌐 Session warmed
2026-09-29 02:28:25,702 | INFO |    ↳ Status 403
2026-09-29 02:28:25,702 | WARNING |    ⚠ Blocked (403) retry 2
2026-09-29 02:28:25,771 | INFO | 🌐 Session warmed
2026-09-29 02:28:26,078 | INFO | [543/1901] Fetching Gajendragarh (GJGH)
2026-09-29 02:28:26,257 | INFO |    ↳ Status 403
2026-09-29 02:28:26,257 | WARNING |    ⚠ Blocked (403) retry 3
2026-09-29 02:28:26,323 | INFO | 🌐 Session warmed
2026-09-29 02:28:26,927 | INFO |    ↳ Status 403
2026-09-29 02:28:26,927 | WARNING |    ⚠ Blocked (403) retry 3
2026-09-29 02:28:27,015 | INFO | 🌐 Session warmed
2026-09-29 02:28:27,107 | INFO |    ↳ Status 403
2026-09-29 02:28:27,107 | WARNING |    ⚠ Blocked (403) retry 1
2026-09-29 02:28:27,176 | INFO | 🌐 Session warmed
2026-09-29 02:28:28,827 | INFO |    ↳ Status 403
2026-09-29 02:28:28,827 | WARNING |    ⚠ Blocked (403) retry 2
2026-09-29 02:28:28,880 | INFO |    ↳ Status 403
2026-09-29 02:28:28,881 | WARNING |    ⚠ Blocked (403) retry 3
2026-09-29 02:28:28,901 | INFO | 🌐 Session warmed
2026-09-29 02:28:29,033 | INFO | 🌐 Session warmed
2026-09-29 02:28:30,323 | INFO | [544/1901] Fetching Gajwel (GAJW)
2026-09-29 02:28:31,015 | INFO | [545/1901] Fetching Gampalagudem (GMPL)
2026-09-29 02:28:31,238 | INFO |    ↳ Status 403
2026-09-29 02:28:31,238 | WARNING |    ⚠ Blocked (403) retry 1
2026-09-29 02:28:31,309 | INFO | 🌐 Session warmed
2026-09-29 02:28:31,684 | INFO |    ↳ Status 403
2026-09-29 02:28:31,684 | WARNING |    ⚠ Blocked (403) retry 1
2026-09-29 02:28:31,750 | INFO | 🌐 Session warmed
2026-09-29 02:28:31,923 | INFO |    ↳ Status 403
2026-09-29 02:28:31,923 | WARNING |    ⚠ Blocked (403) retry 3
2026-09-29 02:28:32,007 | INFO | 🌐 Session warmed
2026-09-29 02:28:33,033 | INFO | [546/1901] Fetching Ganapavaram (GANP)
2026-09-29 02:28:33,491 | INFO |    ↳ Status 403
2026-09-29 02:28:33,491 | WARNING |    ⚠ Blocked (403) retry 2
2026-09-29 02:28:33,565 | INFO | 🌐 Session warmed
2026-09-29 02:28:34,030 | INFO |    ↳ Status 403
2026-09-29 02:28:34,030 | WARNING |    ⚠ Blocked (403) retry 2
2026-09-29 02:28:34,076 | INFO |    ↳ Status 403
2026-09-29 02:28:34,076 | WARNING |    ⚠ Blocked (403) retry 1
2026-09-29 02:28:34,122 | INFO | 🌐 Session warmed
2026-09-29 02:28:34,146 | INFO | 🌐 Session warmed
2026-09-29 02:28:36,007 | INFO | [547/1901] Fetching Gandhidham (GDHAM)
2026-09-29 02:28:36,238 | INFO |    ↳ Status 403
2026-09-29 02:28:36,238 | WARNING |    ⚠ Blocked (403) retry 3
2026-09-29 02:28:36,365 | INFO |    ↳ Status 403
2026-09-29 02:28:36,365 | WARNING |    ⚠ Blocked (403) retry 2
2026-09-29 02:28:36,371 | INFO | 🌐 Session warmed
2026-09-29 02:28:36,442 | INFO | 🌐 Session warmed
2026-09-29 02:28:36,911 | INFO |    ↳ Status 403
2026-09-29 02:28:36,911 | WARNING |    ⚠ Blocked (403) retry 3
2026-09-29 02:28:36,978 | INFO | 🌐 Session warmed
2026-09-29 02:28:37,348 | INFO |    ↳ Status 403
2026-09-29 02:28:37,348 | WARNING |    ⚠ Blocked (403) retry 1
2026-09-29 02:28:37,421 | INFO | 🌐 Session warmed
2026-09-29 02:28:39,773 | INFO |    ↳ Status 403
2026-09-29 02:28:39,773 | WARNING |    ⚠ Blocked (403) retry 3
2026-09-29 02:28:39,813 | INFO |    ↳ Status 403
2026-09-29 02:28:39,813 | WARNING |    ⚠ Blocked (403) retry 2
2026-09-29 02:28:39,844 | INFO | 🌐 Session warmed
2026-09-29 02:28:39,902 | INFO | 🌐 Session warmed
2026-09-29 02:28:40,371 | INFO | [548/1901] Fetching Gandhinagar (GNAGAR)
2026-09-29 02:28:40,979 | INFO | [549/1901] Fetching Gangarampur (GNGR)
2026-09-29 02:28:41,095 | INFO |    ↳ Status 403
2026-09-29 02:28:41,095 | WARNING |    ⚠ Blocked (403) retry 1
2026-09-29 02:28:41,165 | INFO | 🌐 Session warmed
2026-09-29 02:28:42,274 | INFO |    ↳ Status 403
2026-09-29 02:28:42,274 | WARNING |    ⚠ Blocked (403) retry 1
2026-09-29 02:28:42,345 | INFO | 🌐 Session warmed
2026-09-29 02:28:43,192 | INFO |    ↳ Status 403
2026-09-29 02:28:43,192 | WARNING |    ⚠ Blocked (403) retry 3
2026-09-29 02:28:43,258 | INFO | 🌐 Session warmed
2026-09-29 02:28:43,376 | INFO |    ↳ Status 403
2026-09-29 02:28:43,376 | WARNING |    ⚠ Blocked (403) retry 2
2026-09-29 02:28:43,463 | INFO | 🌐 Session warmed
2026-09-29 02:28:43,844 | INFO | [550/1901] Fetching Gangavati (GAVT)
2026-09-29 02:28:44,526 | INFO |    ↳ Status 403
2026-09-29 02:28:44,526 | WARNING |    ⚠ Blocked (403) retry 2
2026-09-29 02:28:44,596 | INFO | 🌐 Session warmed
2026-09-29 02:28:44,899 | INFO |    ↳ Status 403
2026-09-29 02:28:44,899 | WARNING |    ⚠ Blocked (403) retry 1
2026-09-29 02:28:44,966 | INFO | 🌐 Session warmed
2026-09-29 02:28:46,335 | INFO |    ↳ Status 403
2026-09-29 02:28:46,335 | WARNING |    ⚠ Blocked (403) retry 3
2026-09-29 02:28:46,412 | INFO | 🌐 Session warmed
2026-09-29 02:28:46,872 | INFO |    ↳ Status 403
2026-09-29 02:28:46,872 | WARNING |    ⚠ Blocked (403) retry 2
2026-09-29 02:28:46,948 | INFO | 🌐 Session warmed
2026-09-29 02:28:47,258 | INFO | [551/1901] Fetching Gangoh (GANZ)
2026-09-29 02:28:47,623 | INFO |    ↳ Status 403
2026-09-29 02:28:47,623 | WARNING |    ⚠ Blocked (403) retry 3
2026-09-29 02:28:47,705 | INFO | 🌐 Session warmed
2026-09-29 02:28:48,485 | INFO |    ↳ Status 403
2026-09-29 02:28:48,485 | WARNING |    ⚠ Blocked (403) retry 1
2026-09-29 02:28:48,556 | INFO | 🌐 Session warmed
2026-09-29 02:28:50,304 | INFO |    ↳ Status 403
2026-09-29 02:28:50,304 | WARNING |    ⚠ Blocked (403) retry 2
2026-09-29 02:28:50,328 | INFO |    ↳ Status 403
2026-09-29 02:28:50,328 | WARNING |    ⚠ Blocked (403) retry 3
2026-09-29 02:28:50,383 | INFO | 🌐 Session warmed
2026-09-29 02:28:50,402 | INFO | 🌐 Session warmed
2026-09-29 02:28:50,412 | INFO | [552/1901] Fetching Gangtok (GANG)
2026-09-29 02:28:51,614 | INFO |    ↳ Status 403
2026-09-29 02:28:51,614 | WARNING |    ⚠ Blocked (403) retry 1
2026-09-29 02:28:51,682 | INFO | 🌐 Session warmed
2026-09-29 02:28:51,705 | INFO | [553/1901] Fetching Ganjam (GHZA)
2026-09-29 02:28:52,339 | INFO |    ↳ Status 403
2026-09-29 02:28:52,340 | WARNING |    ⚠ Blocked (403) retry 1
2026-09-29 02:28:52,408 | INFO | 🌐 Session warmed
2026-09-29 02:28:53,002 | INFO |    ↳ Status 403
2026-09-29 02:28:53,002 | WARNING |    ⚠ Blocked (403) retry 3
2026-09-29 02:28:53,080 | INFO | 🌐 Session warmed
2026-09-29 02:28:53,728 | INFO |    ↳ Status 403
2026-09-29 02:28:53,728 | WARNING |    ⚠ Blocked (403) retry 2
2026-09-29 02:28:53,797 | INFO | 🌐 Session warmed
2026-09-29 02:28:54,402 | INFO | [554/1901] Fetching Ganjbasoda (GANJ)
2026-09-29 02:28:54,548 | INFO |    ↳ Status 403
2026-09-29 02:28:54,548 | WARNING |    ⚠ Blocked (403) retry 2
2026-09-29 02:28:54,617 | INFO | 🌐 Session warmed
2026-09-29 02:28:55,034 | INFO |    ↳ Status 403
2026-09-29 02:28:55,034 | WARNING |    ⚠ Blocked (403) retry 1
2026-09-29 02:28:55,108 | INFO | 🌐 Session warmed
2026-09-29 02:28:56,615 | INFO |    ↳ Status 403
2026-09-29 02:28:56,615 | WARNING |    ⚠ Blocked (403) retry 3
2026-09-29 02:28:56,686 | INFO | 🌐 Session warmed
2026-09-29 02:28:57,080 | INFO | [555/1901] Fetching Gannavaram (GANN)
2026-09-29 02:28:57,423 | INFO |    ↳ Status 403
2026-09-29 02:28:57,423 | WARNING |    ⚠ Blocked (403) retry 2
2026-09-29 02:28:57,475 | INFO |    ↳ Status 403
2026-09-29 02:28:57,475 | WARNING |    ⚠ Blocked (403) retry 3
2026-09-29 02:28:57,492 | INFO | 🌐 Session warmed
2026-09-29 02:28:57,551 | INFO | 🌐 Session warmed
2026-09-29 02:28:58,096 | INFO |    ↳ Status 403
2026-09-29 02:28:58,097 | WARNING |    ⚠ Blocked (403) retry 1
2026-09-29 02:28:58,165 | INFO | 🌐 Session warmed
2026-09-29 02:29:00,406 | INFO |    ↳ Status 403
2026-09-29 02:29:00,406 | WARNING |    ⚠ Blocked (403) retry 2
2026-09-29 02:29:00,490 | INFO | 🌐 Session warmed
2026-09-29 02:29:00,556 | INFO |    ↳ Status 403
2026-09-29 02:29:00,557 | WARNING |    ⚠ Blocked (403) retry 3
2026-09-29 02:29:00,630 | INFO | 🌐 Session warmed
2026-09-29 02:29:00,687 | INFO | [556/1901] Fetching Garhwal (GRAH)
2026-09-29 02:29:01,485 | INFO |    ↳ Status 403
2026-09-29 02:29:01,485 | WARNING |    ⚠ Blocked (403) retry 1
2026-09-29 02:29:01,551 | INFO | [557/1901] Fetching Garla (GALA)
2026-09-29 02:29:01,557 | INFO | 🌐 Session warmed
2026-09-29 02:29:02,351 | INFO |    ↳ Status 403
2026-09-29 02:29:02,351 | WARNING |    ⚠ Blocked (403) retry 1
2026-09-29 02:29:02,417 | INFO | 🌐 Session warmed
2026-09-29 02:29:03,777 | INFO |    ↳ Status 403
2026-09-29 02:29:03,777 | WARNING |    ⚠ Blocked (403) retry 3
2026-09-29 02:29:03,845 | INFO | 🌐 Session warmed
2026-09-29 02:29:03,883 | INFO |    ↳ Status 403
2026-09-29 02:29:03,883 | WARNING |    ⚠ Blocked (403) retry 2
2026-09-29 02:29:03,955 | INFO | 🌐 Session warmed
2026-09-29 02:29:04,631 | INFO | [558/1901] Fetching Gauribidanur (GAUR)
2026-09-29 02:29:04,637 | INFO |    ↳ Status 403
2026-09-29 02:29:04,637 | WARNING |    ⚠ Blocked (403) retry 2
2026-09-29 02:29:04,718 | INFO | 🌐 Session warmed
2026-09-29 02:29:06,009 | INFO |    ↳ Status 403
2026-09-29 02:29:06,009 | WARNING |    ⚠ Blocked (403) retry 1
2026-09-29 02:29:06,138 | INFO | 🌐 Session warmed
2026-09-29 02:29:07,160 | INFO |    ↳ Status 403
2026-09-29 02:29:07,160 | WARNING |    ⚠ Blocked (403) retry 3
2026-09-29 02:29:07,230 | INFO | 🌐 Session warmed
2026-09-29 02:29:07,544 | INFO |    ↳ Status 403
2026-09-29 02:29:07,544 | WARNING |    ⚠ Blocked (403) retry 3
2026-09-29 02:29:07,618 | INFO | 🌐 Session warmed
2026-09-29 02:29:07,845 | INFO | [559/1901] Fetching Gauriganj (GNGJ)
2026-09-29 02:29:07,946 | INFO |    ↳ Status 403
2026-09-29 02:29:07,947 | WARNING |    ⚠ Blocked (403) retry 2
2026-09-29 02:29:08,013 | INFO | 🌐 Session warmed
2026-09-29 02:29:11,230 | INFO | [560/1901] Fetching Gaya (GAYA)
2026-09-29 02:29:11,283 | INFO |    ↳ Status 403
2026-09-29 02:29:11,283 | WARNING |    ⚠ Blocked (403) retry 3
2026-09-29 02:29:11,352 | INFO | 🌐 Session warmed
2026-09-29 02:29:11,618 | INFO | [561/1901] Fetching Gazole (GAZP)
2026-09-29 02:29:12,252 | INFO |    ↳ Status 403
2026-09-29 02:29:12,252 | WARNING |    ⚠ Blocked (403) retry 1
2026-09-29 02:29:12,321 | INFO | 🌐 Session warmed
2026-09-29 02:29:12,599 | INFO |    ↳ Status 403
2026-09-29 02:29:12,599 | WARNING |    ⚠ Blocked (403) retry 1
2026-09-29 02:29:12,684 | INFO | 🌐 Session warmed
2026-09-29 02:29:12,775 | INFO |    ↳ Status 403
2026-09-29 02:29:12,776 | WARNING |    ⚠ Blocked (403) retry 1
2026-09-29 02:29:12,849 | INFO | 🌐 Session warmed
2026-09-29 02:29:14,382 | INFO |    ↳ Status 403
2026-09-29 02:29:14,382 | WARNING |    ⚠ Blocked (403) retry 2
2026-09-29 02:29:14,456 | INFO | 🌐 Session warmed
2026-09-29 02:29:14,611 | INFO |    ↳ Status 403
2026-09-29 02:29:14,612 | WARNING |    ⚠ Blocked (403) retry 2
2026-09-29 02:29:14,697 | INFO | 🌐 Session warmed
2026-09-29 02:29:14,959 | INFO |    ↳ Status 403
2026-09-29 02:29:14,959 | WARNING |    ⚠ Blocked (403) retry 2
2026-09-29 02:29:15,028 | INFO | 🌐 Session warmed
2026-09-29 02:29:15,385 | INFO | [562/1901] Fetching Georai (GEOR)
2026-09-29 02:29:16,635 | INFO |    ↳ Status 403
2026-09-29 02:29:16,635 | WARNING |    ⚠ Blocked (403) retry 1
2026-09-29 02:29:16,704 | INFO | 🌐 Session warmed
2026-09-29 02:29:17,501 | INFO |    ↳ Status 403
2026-09-29 02:29:17,501 | WARNING |    ⚠ Blocked (403) retry 3
2026-09-29 02:29:17,516 | INFO |    ↳ Status 403
2026-09-29 02:29:17,516 | WARNING |    ⚠ Blocked (403) retry 3
2026-09-29 02:29:17,573 | INFO | 🌐 Session warmed
2026-09-29 02:29:17,589 | INFO | 🌐 Session warmed
2026-09-29 02:29:18,333 | INFO |    ↳ Status 403
2026-09-29 02:29:18,333 | WARNING |    ⚠ Blocked (403) retry 2
2026-09-29 02:29:18,405 | INFO | 🌐 Session warmed
2026-09-29 02:29:18,421 | INFO |    ↳ Status 403
2026-09-29 02:29:18,421 | WARNING |    ⚠ Blocked (403) retry 3
2026-09-29 02:29:18,488 | INFO | 🌐 Session warmed
2026-09-29 02:29:21,498 | INFO |    ↳ Status 403
2026-09-29 02:29:21,498 | WARNING |    ⚠ Blocked (403) retry 3
2026-09-29 02:29:21,566 | INFO | 🌐 Session warmed
2026-09-29 02:29:21,573 | INFO | [563/1901] Fetching Ghatanji (GHAT)
2026-09-29 02:29:21,589 | INFO | [564/1901] Fetching Ghazipur (GHAR)
2026-09-29 02:29:22,488 | INFO | [565/1901] Fetching Ghorasahan (GHOR)
2026-09-29 02:29:22,679 | INFO |    ↳ Status 403
2026-09-29 02:29:22,680 | WARNING |    ⚠ Blocked (403) retry 1
2026-09-29 02:29:22,754 | INFO |    ↳ Status 403
2026-09-29 02:29:22,754 | WARNING |    ⚠ Blocked (403) retry 1
2026-09-29 02:29:22,763 | INFO | 🌐 Session warmed
2026-09-29 02:29:22,825 | INFO | 🌐 Session warmed
2026-09-29 02:29:23,182 | INFO |    ↳ Status 403
2026-09-29 02:29:23,182 | WARNING |    ⚠ Blocked (403) retry 1
2026-09-29 02:29:23,249 | INFO | 🌐 Session warmed
2026-09-29 02:29:24,942 | INFO |    ↳ Status 403
2026-09-29 02:29:24,942 | WARNING |    ⚠ Blocked (403) retry 2
2026-09-29 02:29:24,947 | INFO |    ↳ Status 403
2026-09-29 02:29:24,947 | WARNING |    ⚠ Blocked (403) retry 2
2026-09-29 02:29:25,029 | INFO | 🌐 Session warmed
2026-09-29 02:29:25,029 | INFO | 🌐 Session warmed
2026-09-29 02:29:25,236 | INFO |    ↳ Status 403
2026-09-29 02:29:25,236 | WARNING |    ⚠ Blocked (403) retry 2
2026-09-29 02:29:25,303 | INFO | 🌐 Session warmed
2026-09-29 02:29:25,567 | INFO | [566/1901] Fetching Ghumarwin (GHUM)
2026-09-29 02:29:26,663 | INFO |    ↳ Status 403
2026-09-29 02:29:26,663 | WARNING |    ⚠ Blocked (403) retry 1
2026-09-29 02:29:26,741 | INFO | 🌐 Session warmed
2026-09-29 02:29:27,959 | INFO |    ↳ Status 403
2026-09-29 02:29:27,959 | WARNING |    ⚠ Blocked (403) retry 3
2026-09-29 02:29:28,025 | INFO | 🌐 Session warmed
2026-09-29 02:29:28,107 | INFO |    ↳ Status 403
2026-09-29 02:29:28,107 | WARNING |    ⚠ Blocked (403) retry 3
2026-09-29 02:29:28,179 | INFO | 🌐 Session warmed
2026-09-29 02:29:28,590 | INFO |    ↳ Status 403
2026-09-29 02:29:28,590 | WARNING |    ⚠ Blocked (403) retry 3
2026-09-29 02:29:28,656 | INFO | 🌐 Session warmed
2026-09-29 02:29:29,073 | INFO |    ↳ Status 403
2026-09-29 02:29:29,073 | WARNING |    ⚠ Blocked (403) retry 2
2026-09-29 02:29:29,141 | INFO | 🌐 Session warmed
2026-09-29 02:29:32,026 | INFO | [567/1901] Fetching Giddalur (GDAL)
2026-09-29 02:29:32,047 | INFO |    ↳ Status 403
2026-09-29 02:29:32,047 | WARNING |    ⚠ Blocked (403) retry 3
2026-09-29 02:29:32,124 | INFO | 🌐 Session warmed
2026-09-29 02:29:32,180 | INFO | [568/1901] Fetching Gingee (GING)
2026-09-29 02:29:32,657 | INFO | [569/1901] Fetching Giridih (GIRI)
2026-09-29 02:29:33,056 | INFO |    ↳ Status 403
2026-09-29 02:29:33,056 | WARNING |    ⚠ Blocked (403) retry 1
2026-09-29 02:29:33,128 | INFO | 🌐 Session warmed
2026-09-29 02:29:33,347 | INFO |    ↳ Status 403
2026-09-29 02:29:33,347 | WARNING |    ⚠ Blocked (403) retry 1
2026-09-29 02:29:33,425 | INFO | 🌐 Session warmed
2026-09-29 02:29:33,940 | INFO |    ↳ Status 403
2026-09-29 02:29:33,940 | WARNING |    ⚠ Blocked (403) retry 1
2026-09-29 02:29:34,007 | INFO | 🌐 Session warmed
2026-09-29 02:29:35,130 | INFO |    ↳ Status 403
2026-09-29 02:29:35,130 | WARNING |    ⚠ Blocked (403) retry 2
2026-09-29 02:29:35,275 | INFO | 🌐 Session warmed
2026-09-29 02:29:35,371 | INFO |    ↳ Status 403
2026-09-29 02:29:35,371 | WARNING |    ⚠ Blocked (403) retry 2
2026-09-29 02:29:35,443 | INFO | 🌐 Session warmed
2026-09-29 02:29:35,658 | INFO |    ↳ Status 403
2026-09-29 02:29:35,658 | WARNING |    ⚠ Blocked (403) retry 2
2026-09-29 02:29:35,730 | INFO | 🌐 Session warmed
2026-09-29 02:29:36,124 | INFO | [570/1901] Fetching Goa (GOA)
2026-09-29 02:29:36,815 | INFO |    ↳ Status 403
2026-09-29 02:29:36,816 | WARNING |    ⚠ Blocked (403) retry 1
2026-09-29 02:29:36,881 | INFO | 🌐 Session warmed
2026-09-29 02:29:38,114 | INFO |    ↳ Status 403
2026-09-29 02:29:38,114 | WARNING |    ⚠ Blocked (403) retry 3
2026-09-29 02:29:38,165 | INFO |    ↳ Status 403
2026-09-29 02:29:38,165 | WARNING |    ⚠ Blocked (403) retry 3
2026-09-29 02:29:38,189 | INFO | 🌐 Session warmed
2026-09-29 02:29:38,233 | INFO | 🌐 Session warmed
2026-09-29 02:29:39,014 | INFO |    ↳ Status 403
2026-09-29 02:29:39,014 | WARNING |    ⚠ Blocked (403) retry 3
2026-09-29 02:29:39,073 | INFO |    ↳ Status 403
2026-09-29 02:29:39,073 | WARNING |    ⚠ Blocked (403) retry 2
2026-09-29 02:29:39,082 | INFO | 🌐 Session warmed
2026-09-29 02:29:39,144 | INFO | 🌐 Session warmed
2026-09-29 02:29:42,189 | INFO | [571/1901] Fetching Goalpara (GOAL)
2026-09-29 02:29:42,233 | INFO | [572/1901] Fetching Gobichettipalayam (GOBI)
2026-09-29 02:29:42,532 | INFO |    ↳ Status 403
2026-09-29 02:29:42,532 | WARNING |    ⚠ Blocked (403) retry 3
2026-09-29 02:29:42,606 | INFO | 🌐 Session warmed
2026-09-29 02:29:43,083 | INFO | [573/1901] Fetching Godavarikhani (GDVK)
2026-09-29 02:29:43,181 | INFO |    ↳ Status 403
2026-09-29 02:29:43,181 | WARNING |    ⚠ Blocked (403) retry 1
2026-09-29 02:29:43,230 | INFO |    ↳ Status 403
2026-09-29 02:29:43,230 | WARNING |    ⚠ Blocked (403) retry 1
2026-09-29 02:29:43,254 | INFO | 🌐 Session warmed
2026-09-29 02:29:43,300 | INFO | 🌐 Session warmed
2026-09-29 02:29:44,304 | INFO |    ↳ Status 403
2026-09-29 02:29:44,304 | WARNING |    ⚠ Blocked (403) retry 1
2026-09-29 02:29:44,376 | INFO | 🌐 Session warmed
2026-09-29 02:29:45,281 | INFO |    ↳ Status 403
2026-09-29 02:29:45,281 | WARNING |    ⚠ Blocked (403) retry 2
2026-09-29 02:29:45,345 | INFO | 🌐 Session warmed
2026-09-29 02:29:45,408 | INFO |    ↳ Status 403
2026-09-29 02:29:45,408 | WARNING |    ⚠ Blocked (403) retry 2
2026-09-29 02:29:45,480 | INFO | 🌐 Session warmed
2026-09-29 02:29:46,606 | INFO | [574/1901] Fetching Godda (GDDA)
2026-09-29 02:29:46,614 | INFO |    ↳ Status 403
2026-09-29 02:29:46,614 | WARNING |    ⚠ Blocked (403) retry 2
2026-09-29 02:29:46,684 | INFO | 🌐 Session warmed
2026-09-29 02:29:47,959 | INFO |    ↳ Status 403
2026-09-29 02:29:47,959 | WARNING |    ⚠ Blocked (403) retry 1
2026-09-29 02:29:48,051 | INFO | 🌐 Session warmed
2026-09-29 02:29:48,307 | INFO |    ↳ Status 403
2026-09-29 02:29:48,307 | WARNING |    ⚠ Blocked (403) retry 3
2026-09-29 02:29:48,382 | INFO | 🌐 Session warmed
2026-09-29 02:29:48,548 | INFO |    ↳ Status 403
2026-09-29 02:29:48,548 | WARNING |    ⚠ Blocked (403) retry 3
2026-09-29 02:29:48,620 | INFO | 🌐 Session warmed
2026-09-29 02:29:49,474 | INFO |    ↳ Status 403
2026-09-29 02:29:49,474 | WARNING |    ⚠ Blocked (403) retry 3
2026-09-29 02:29:49,540 | INFO | 🌐 Session warmed
2026-09-29 02:29:50,170 | INFO |    ↳ Status 403
2026-09-29 02:29:50,170 | WARNING |    ⚠ Blocked (403) retry 2
2026-09-29 02:29:50,243 | INFO | 🌐 Session warmed
2026-09-29 02:29:52,382 | INFO | [575/1901] Fetching Godhra (GODH)
2026-09-29 02:29:52,620 | INFO | [576/1901] Fetching Gogawa (GOGA)
2026-09-29 02:29:53,235 | INFO |    ↳ Status 403
2026-09-29 02:29:53,235 | WARNING |    ⚠ Blocked (403) retry 1
2026-09-29 02:29:53,306 | INFO | 🌐 Session warmed
2026-09-29 02:29:53,541 | INFO | [577/1901] Fetching Gohana (GOHA)
2026-09-29 02:29:53,581 | INFO |    ↳ Status 403
2026-09-29 02:29:53,581 | WARNING |    ⚠ Blocked (403) retry 1
2026-09-29 02:29:53,639 | INFO |    ↳ Status 403
2026-09-29 02:29:53,639 | WARNING |    ⚠ Blocked (403) retry 3
2026-09-29 02:29:53,710 | INFO | 🌐 Session warmed
2026-09-29 02:29:53,715 | INFO | 🌐 Session warmed
2026-09-29 02:29:54,454 | INFO |    ↳ Status 403
2026-09-29 02:29:54,454 | WARNING |    ⚠ Blocked (403) retry 1
2026-09-29 02:29:54,522 | INFO | 🌐 Session warmed
2026-09-29 02:29:55,356 | INFO |    ↳ Status 403
2026-09-29 02:29:55,356 | WARNING |    ⚠ Blocked (403) retry 2
2026-09-29 02:29:55,424 | INFO | 🌐 Session warmed
2026-09-29 02:29:55,702 | INFO |    ↳ Status 403
2026-09-29 02:29:55,702 | WARNING |    ⚠ Blocked (403) retry 2
2026-09-29 02:29:55,771 | INFO | 🌐 Session warmed
2026-09-29 02:29:56,234 | INFO |    ↳ Status 403
2026-09-29 02:29:56,234 | WARNING |    ⚠ Blocked (403) retry 2
2026-09-29 02:29:56,310 | INFO | 🌐 Session warmed
2026-09-29 02:29:57,715 | INFO | [578/1901] Fetching Gokak (GKGK)
2026-09-29 02:29:58,432 | INFO |    ↳ Status 403
2026-09-29 02:29:58,432 | WARNING |    ⚠ Blocked (403) retry 3
2026-09-29 02:29:58,498 | INFO | 🌐 Session warmed
2026-09-29 02:29:58,829 | INFO |    ↳ Status 403
2026-09-29 02:29:58,830 | WARNING |    ⚠ Blocked (403) retry 1
2026-09-29 02:29:58,899 | INFO | 🌐 Session warmed
2026-09-29 02:29:58,901 | INFO |    ↳ Status 403
2026-09-29 02:29:58,902 | WARNING |    ⚠ Blocked (403) retry 3
2026-09-29 02:29:58,967 | INFO | 🌐 Session warmed
2026-09-29 02:29:59,669 | INFO |    ↳ Status 403
2026-09-29 02:29:59,669 | WARNING |    ⚠ Blocked (403) retry 3
2026-09-29 02:29:59,739 | INFO | 🌐 Session warmed
2026-09-29 02:30:01,152 | INFO |    ↳ Status 403
2026-09-29 02:30:01,152 | WARNING |    ⚠ Blocked (403) retry 2
2026-09-29 02:30:01,231 | INFO | 🌐 Session warmed
2026-09-29 02:30:02,498 | INFO | [579/1901] Fetching Gokarna (GOKA)
2026-09-29 02:30:02,968 | INFO | [580/1901] Fetching Gokavaram (GOKM)
2026-09-29 02:30:03,739 | INFO | [581/1901] Fetching Gola Bazar (GABR)
2026-09-29 02:30:03,758 | INFO |    ↳ Status 403
2026-09-29 02:30:03,758 | WARNING |    ⚠ Blocked (403) retry 1
2026-09-29 02:30:03,837 | INFO | 🌐 Session warmed
2026-09-29 02:30:04,114 | INFO |    ↳ Status 403
2026-09-29 02:30:04,114 | WARNING |    ⚠ Blocked (403) retry 1
2026-09-29 02:30:04,192 | INFO | 🌐 Session warmed
2026-09-29 02:30:04,560 | INFO |    ↳ Status 403
2026-09-29 02:30:04,560 | WARNING |    ⚠ Blocked (403) retry 3
2026-09-29 02:30:04,629 | INFO | 🌐 Session warmed
2026-09-29 02:30:05,071 | INFO |    ↳ Status 403
2026-09-29 02:30:05,071 | WARNING |    ⚠ Blocked (403) retry 1
2026-09-29 02:30:05,144 | INFO | 🌐 Session warmed
2026-09-29 02:30:05,464 | INFO |    ↳ Status 403
2026-09-29 02:30:05,464 | WARNING |    ⚠ Blocked (403) retry 2
2026-09-29 02:30:05,539 | INFO | 🌐 Session warmed
2026-09-29 02:30:05,949 | INFO |    ↳ Status 403
2026-09-29 02:30:05,949 | WARNING |    ⚠ Blocked (403) retry 2
2026-09-29 02:30:06,027 | INFO | 🌐 Session warmed
2026-09-29 02:30:07,433 | INFO |    ↳ Status 403
2026-09-29 02:30:07,433 | WARNING |    ⚠ Blocked (403) retry 2
2026-09-29 02:30:07,509 | INFO | 🌐 Session warmed
2026-09-29 02:30:08,533 | INFO |    ↳ Status 403
2026-09-29 02:30:08,533 | WARNING |    ⚠ Blocked (403) retry 3
2026-09-29 02:30:08,615 | INFO | 🌐 Session warmed
2026-09-29 02:30:08,629 | INFO | [582/1901] Fetching Golaghat (GHT)
2026-09-29 02:30:08,792 | INFO |    ↳ Status 403
2026-09-29 02:30:08,792 | WARNING |    ⚠ Blocked (403) retry 3
2026-09-29 02:30:08,863 | INFO | 🌐 Session warmed
2026-09-29 02:30:09,981 | INFO |    ↳ Status 403
2026-09-29 02:30:09,981 | WARNING |    ⚠ Blocked (403) retry 1
2026-09-29 02:30:10,148 | INFO | 🌐 Session warmed
2026-09-29 02:30:10,489 | INFO |    ↳ Status 403
2026-09-29 02:30:10,489 | WARNING |    ⚠ Blocked (403) retry 3
2026-09-29 02:30:10,554 | INFO | 🌐 Session warmed
2026-09-29 02:30:12,418 | INFO |    ↳ Status 403
2026-09-29 02:30:12,418 | WARNING |    ⚠ Blocked (403) retry 2
2026-09-29 02:30:12,543 | INFO | 🌐 Session warmed
2026-09-29 02:30:12,615 | INFO | [583/1901] Fetching Gollaprolu (GOLL)
2026-09-29 02:30:12,863 | INFO | [584/1901] Fetching Gonda (GOND)
2026-09-29 02:30:13,313 | INFO |    ↳ Status 403
2026-09-29 02:30:13,313 | WARNING |    ⚠ Blocked (403) retry 1
2026-09-29 02:30:13,383 | INFO | 🌐 Session warmed
2026-09-29 02:30:13,985 | INFO |    ↳ Status 403
2026-09-29 02:30:13,985 | WARNING |    ⚠ Blocked (403) retry 1
2026-09-29 02:30:14,063 | INFO | 🌐 Session warmed
2026-09-29 02:30:14,554 | INFO | [585/1901] Fetching Gondal (GONA)
2026-09-29 02:30:15,211 | INFO |    ↳ Status 403
2026-09-29 02:30:15,211 | WARNING |    ⚠ Blocked (403) retry 2
2026-09-29 02:30:15,279 | INFO | 🌐 Session warmed
2026-09-29 02:30:15,521 | INFO |    ↳ Status 403
2026-09-29 02:30:15,521 | WARNING |    ⚠ Blocked (403) retry 3
2026-09-29 02:30:15,600 | INFO | 🌐 Session warmed
2026-09-29 02:30:15,696 | INFO |    ↳ Status 403
2026-09-29 02:30:15,696 | WARNING |    ⚠ Blocked (403) retry 1
2026-09-29 02:30:15,746 | INFO |    ↳ Status 403
2026-09-29 02:30:15,746 | WARNING |    ⚠ Blocked (403) retry 2
2026-09-29 02:30:15,764 | INFO | 🌐 Session warmed
2026-09-29 02:30:15,816 | INFO | 🌐 Session warmed
2026-09-29 02:30:17,769 | INFO |    ↳ Status 403
2026-09-29 02:30:17,769 | WARNING |    ⚠ Blocked (403) retry 2
2026-09-29 02:30:17,882 | INFO | 🌐 Session warmed
2026-09-29 02:30:17,998 | INFO |    ↳ Status 403
2026-09-29 02:30:17,998 | WARNING |    ⚠ Blocked (403) retry 3
2026-09-29 02:30:18,073 | INFO | 🌐 Session warmed
2026-09-29 02:30:18,910 | INFO |    ↳ Status 403
2026-09-29 02:30:18,910 | WARNING |    ⚠ Blocked (403) retry 3
2026-09-29 02:30:18,980 | INFO | 🌐 Session warmed
2026-09-29 02:30:19,601 | INFO | [586/1901] Fetching Gondia (GNDA)
2026-09-29 02:30:20,522 | INFO |    ↳ Status 403
2026-09-29 02:30:20,522 | WARNING |    ⚠ Blocked (403) retry 1
2026-09-29 02:30:20,590 | INFO | 🌐 Session warmed
2026-09-29 02:30:20,947 | INFO |    ↳ Status 403
2026-09-29 02:30:20,947 | WARNING |    ⚠ Blocked (403) retry 3
2026-09-29 02:30:21,016 | INFO | 🌐 Session warmed
2026-09-29 02:30:22,074 | INFO | [587/1901] Fetching Goolikkadavu (GOOL)
2026-09-29 02:30:22,764 | INFO |    ↳ Status 403
2026-09-29 02:30:22,765 | WARNING |    ⚠ Blocked (403) retry 2
2026-09-29 02:30:22,837 | INFO | 🌐 Session warmed
2026-09-29 02:30:22,980 | INFO | [588/1901] Fetching Gooty (GOOT)
2026-09-29 02:30:23,141 | INFO |    ↳ Status 403
2026-09-29 02:30:23,141 | WARNING |    ⚠ Blocked (403) retry 1
2026-09-29 02:30:23,209 | INFO | 🌐 Session warmed
2026-09-29 02:30:23,950 | INFO |    ↳ Status 403
2026-09-29 02:30:23,950 | WARNING |    ⚠ Blocked (403) retry 1
2026-09-29 02:30:24,021 | INFO | 🌐 Session warmed
2026-09-29 02:30:25,016 | INFO | [589/1901] Fetching Gopalganj (GOPG)
2026-09-29 02:30:25,123 | INFO |    ↳ Status 403
2026-09-29 02:30:25,123 | WARNING |    ⚠ Blocked (403) retry 2
2026-09-29 02:30:25,200 | INFO | 🌐 Session warmed
2026-09-29 02:30:25,856 | INFO |    ↳ Status 403
2026-09-29 02:30:25,857 | WARNING |    ⚠ Blocked (403) retry 3
2026-09-29 02:30:25,937 | INFO | 🌐 Session warmed
2026-09-29 02:30:26,053 | INFO |    ↳ Status 403
2026-09-29 02:30:26,053 | WARNING |    ⚠ Blocked (403) retry 1
2026-09-29 02:30:26,120 | INFO | 🌐 Session warmed
2026-09-29 02:30:26,424 | INFO |    ↳ Status 403
2026-09-29 02:30:26,424 | WARNING |    ⚠ Blocked (403) retry 2
2026-09-29 02:30:26,494 | INFO | 🌐 Session warmed
2026-09-29 02:30:28,281 | INFO |    ↳ Status 403
2026-09-29 02:30:28,281 | WARNING |    ⚠ Blocked (403) retry 2
2026-09-29 02:30:28,349 | INFO | 🌐 Session warmed
2026-09-29 02:30:28,453 | INFO |    ↳ Status 403
2026-09-29 02:30:28,453 | WARNING |    ⚠ Blocked (403) retry 3
2026-09-29 02:30:28,519 | INFO | 🌐 Session warmed
2026-09-29 02:30:29,136 | INFO |    ↳ Status 403
2026-09-29 02:30:29,136 | WARNING |    ⚠ Blocked (403) retry 3
2026-09-29 02:30:29,203 | INFO | 🌐 Session warmed
2026-09-29 02:30:29,937 | INFO | [590/1901] Fetching Gopalpet (GOPA)
2026-09-29 02:30:31,323 | INFO |    ↳ Status 403
2026-09-29 02:30:31,323 | WARNING |    ⚠ Blocked (403) retry 1
2026-09-29 02:30:31,388 | INFO | 🌐 Session warmed
2026-09-29 02:30:31,690 | INFO |    ↳ Status 403
2026-09-29 02:30:31,690 | WARNING |    ⚠ Blocked (403) retry 3
2026-09-29 02:30:31,760 | INFO | 🌐 Session warmed
2026-09-29 02:30:32,520 | INFO | [591/1901] Fetching Gopiganj (GOPI)
2026-09-29 02:30:33,204 | INFO | [592/1901] Fetching Gorakhpur (GRKP)
2026-09-29 02:30:33,246 | INFO |    ↳ Status 403
2026-09-29 02:30:33,246 | WARNING |    ⚠ Blocked (403) retry 2
2026-09-29 02:30:33,315 | INFO | 🌐 Session warmed
2026-09-29 02:30:33,546 | INFO |    ↳ Status 403
2026-09-29 02:30:33,546 | WARNING |    ⚠ Blocked (403) retry 1
2026-09-29 02:30:33,622 | INFO | 🌐 Session warmed
2026-09-29 02:30:34,554 | INFO |    ↳ Status 403
2026-09-29 02:30:34,555 | WARNING |    ⚠ Blocked (403) retry 1
2026-09-29 02:30:34,624 | INFO | 🌐 Session warmed
2026-09-29 02:30:35,760 | INFO | [593/1901] Fetching Goramadagu (GMDU)
2026-09-29 02:30:36,010 | INFO |    ↳ Status 403
2026-09-29 02:30:36,011 | WARNING |    ⚠ Blocked (403) retry 2
2026-09-29 02:30:36,085 | INFO | 🌐 Session warmed
2026-09-29 02:30:36,300 | INFO |    ↳ Status 403
2026-09-29 02:30:36,300 | WARNING |    ⚠ Blocked (403) retry 2
2026-09-29 02:30:36,374 | INFO | 🌐 Session warmed
2026-09-29 02:30:36,471 | INFO |    ↳ Status 403
2026-09-29 02:30:36,471 | WARNING |    ⚠ Blocked (403) retry 3
2026-09-29 02:30:36,537 | INFO | 🌐 Session warmed
2026-09-29 02:30:36,614 | INFO |    ↳ Status 403
2026-09-29 02:30:36,614 | WARNING |    ⚠ Blocked (403) retry 1
2026-09-29 02:30:36,684 | INFO | 🌐 Session warmed
2026-09-29 02:30:38,991 | INFO |    ↳ Status 403
2026-09-29 02:30:38,992 | WARNING |    ⚠ Blocked (403) retry 2
2026-09-29 02:30:39,066 | INFO | 🌐 Session warmed
2026-09-29 02:30:39,418 | INFO |    ↳ Status 403
2026-09-29 02:30:39,418 | WARNING |    ⚠ Blocked (403) retry 3
2026-09-29 02:30:39,563 | INFO | 🌐 Session warmed
2026-09-29 02:30:39,684 | INFO |    ↳ Status 403
2026-09-29 02:30:39,684 | WARNING |    ⚠ Blocked (403) retry 3
2026-09-29 02:30:39,760 | INFO | 🌐 Session warmed
2026-09-29 02:30:40,537 | INFO | [594/1901] Fetching Gorantla (GORA)
2026-09-29 02:30:41,927 | INFO |    ↳ Status 403
2026-09-29 02:30:41,927 | WARNING |    ⚠ Blocked (403) retry 1
2026-09-29 02:30:41,995 | INFO | 🌐 Session warmed
2026-09-29 02:30:42,139 | INFO |    ↳ Status 403
2026-09-29 02:30:42,139 | WARNING |    ⚠ Blocked (403) retry 3
2026-09-29 02:30:42,204 | INFO | 🌐 Session warmed
2026-09-29 02:30:43,564 | INFO | [595/1901] Fetching Gotegaon (GTGN)
2026-09-29 02:30:43,760 | INFO | [596/1901] Fetching Gownipalli (GOWP)
2026-09-29 02:30:44,107 | INFO |    ↳ Status 403
2026-09-29 02:30:44,107 | WARNING |    ⚠ Blocked (403) retry 2
2026-09-29 02:30:44,177 | INFO | 🌐 Session warmed
2026-09-29 02:30:44,369 | INFO |    ↳ Status 403
2026-09-29 02:30:44,369 | WARNING |    ⚠ Blocked (403) retry 1
2026-09-29 02:30:44,468 | INFO |    ↳ Status 403
2026-09-29 02:30:44,468 | WARNING |    ⚠ Blocked (403) retry 1
2026-09-29 02:30:44,498 | INFO | 🌐 Session warmed
2026-09-29 02:30:44,535 | INFO | 🌐 Session warmed
2026-09-29 02:30:46,190 | INFO |    ↳ Status 403
2026-09-29 02:30:46,190 | WARNING |    ⚠ Blocked (403) retry 2
2026-09-29 02:30:46,204 | INFO | [597/1901] Fetching Gudivada (GUDI)
2026-09-29 02:30:46,258 | INFO | 🌐 Session warmed
2026-09-29 02:30:46,821 | INFO |    ↳ Status 403
2026-09-29 02:30:46,822 | WARNING |    ⚠ Blocked (403) retry 2
2026-09-29 02:30:46,945 | INFO | 🌐 Session warmed
2026-09-29 02:30:47,173 | INFO |    ↳ Status 403
2026-09-29 02:30:47,173 | WARNING |    ⚠ Blocked (403) retry 1
2026-09-29 02:30:47,240 | INFO | 🌐 Session warmed
2026-09-29 02:30:47,489 | INFO |    ↳ Status 403
2026-09-29 02:30:47,489 | WARNING |    ⚠ Blocked (403) retry 3
2026-09-29 02:30:47,567 | INFO | 🌐 Session warmed
2026-09-29 02:30:49,399 | INFO |    ↳ Status 403
2026-09-29 02:30:49,399 | WARNING |    ⚠ Blocked (403) retry 3
2026-09-29 02:30:49,451 | INFO |    ↳ Status 403
2026-09-29 02:30:49,451 | WARNING |    ⚠ Blocked (403) retry 2
2026-09-29 02:30:49,482 | INFO | 🌐 Session warmed
2026-09-29 02:30:49,524 | INFO | 🌐 Session warmed
2026-09-29 02:30:50,251 | INFO |    ↳ Status 403
2026-09-29 02:30:50,251 | WARNING |    ⚠ Blocked (403) retry 3
2026-09-29 02:30:50,322 | INFO | 🌐 Session warmed
2026-09-29 02:30:51,568 | INFO | [598/1901] Fetching Gudiyatham (GDTM)
2026-09-29 02:30:52,203 | INFO |    ↳ Status 403
2026-09-29 02:30:52,203 | WARNING |    ⚠ Blocked (403) retry 1
2026-09-29 02:30:52,277 | INFO | 🌐 Session warmed
2026-09-29 02:30:52,639 | INFO |    ↳ Status 403
2026-09-29 02:30:52,639 | WARNING |    ⚠ Blocked (403) retry 3
2026-09-29 02:30:52,711 | INFO | 🌐 Session warmed
2026-09-29 02:30:53,482 | INFO | [599/1901] Fetching Gudlavalleru (GULU)
2026-09-29 02:30:54,260 | INFO |    ↳ Status 403
2026-09-29 02:30:54,260 | WARNING |    ⚠ Blocked (403) retry 1
2026-09-29 02:30:54,323 | INFO | [600/1901] Fetching Gudur (GUDR)
2026-09-29 02:30:54,332 | INFO | 🌐 Session warmed
2026-09-29 02:30:54,667 | INFO |    ↳ Status 403
2026-09-29 02:30:54,667 | WARNING |    ⚠ Blocked (403) retry 2
2026-09-29 02:30:54,737 | INFO | 🌐 Session warmed
2026-09-29 02:30:55,217 | INFO |    ↳ Status 403
2026-09-29 02:30:55,217 | WARNING |    ⚠ Blocked (403) retry 1
2026-09-29 02:30:55,289 | INFO | 🌐 Session warmed
2026-09-29 02:30:56,559 | INFO |    ↳ Status 403
2026-09-29 02:30:56,559 | WARNING |    ⚠ Blocked (403) retry 2
2026-09-29 02:30:56,637 | INFO | 🌐 Session warmed
2026-09-29 02:30:56,711 | INFO | [601/1901] Fetching Guhagar (GUHA)
2026-09-29 02:30:57,288 | INFO |    ↳ Status 403
2026-09-29 02:30:57,288 | WARNING |    ⚠ Blocked (403) retry 2
2026-09-29 02:30:57,358 | INFO | 🌐 Session warmed
2026-09-29 02:30:57,423 | INFO |    ↳ Status 403
2026-09-29 02:30:57,423 | WARNING |    ⚠ Blocked (403) retry 1
2026-09-29 02:30:57,498 | INFO |    ↳ Status 403
2026-09-29 02:30:57,498 | WARNING |    ⚠ Blocked (403) retry 3
2026-09-29 02:30:57,501 | INFO | 🌐 Session warmed
2026-09-29 02:30:57,568 | INFO | 🌐 Session warmed
2026-09-29 02:30:59,507 | INFO |    ↳ Status 403
2026-09-29 02:30:59,507 | WARNING |    ⚠ Blocked (403) retry 2
2026-09-29 02:30:59,578 | INFO | 🌐 Session warmed
2026-09-29 02:30:59,777 | INFO |    ↳ Status 403
2026-09-29 02:30:59,777 | WARNING |    ⚠ Blocked (403) retry 3
2026-09-29 02:30:59,847 | INFO | 🌐 Session warmed
2026-09-29 02:31:00,406 | INFO |    ↳ Status 403
2026-09-29 02:31:00,406 | WARNING |    ⚠ Blocked (403) retry 3
2026-09-29 02:31:00,483 | INFO | 🌐 Session warmed
2026-09-29 02:31:01,568 | INFO | [602/1901] Fetching Gulaothi (GULL)
2026-09-29 02:31:02,483 | INFO |    ↳ Status 403
2026-09-29 02:31:02,483 | WARNING |    ⚠ Blocked (403) retry 3
2026-09-29 02:31:02,556 | INFO | 🌐 Session warmed
2026-09-29 02:31:02,891 | INFO |    ↳ Status 403
2026-09-29 02:31:02,891 | WARNING |    ⚠ Blocked (403) retry 1
2026-09-29 02:31:02,980 | INFO | 🌐 Session warmed
2026-09-29 02:31:03,848 | INFO | [603/1901] Fetching Guledgudda (GULD)
2026-09-29 02:31:04,483 | INFO | [604/1901] Fetching Gummadidala (GUMM)
2026-09-29 02:31:04,885 | INFO |    ↳ Status 403
2026-09-29 02:31:04,885 | WARNING |    ⚠ Blocked (403) retry 2
2026-09-29 02:31:04,951 | INFO | 🌐 Session warmed
2026-09-29 02:31:05,042 | INFO |    ↳ Status 403
2026-09-29 02:31:05,042 | WARNING |    ⚠ Blocked (403) retry 1
2026-09-29 02:31:05,110 | INFO | 🌐 Session warmed
2026-09-29 02:31:05,158 | INFO |    ↳ Status 403
2026-09-29 02:31:05,158 | WARNING |    ⚠ Blocked (403) retry 1
2026-09-29 02:31:05,230 | INFO | 🌐 Session warmed
2026-09-29 02:31:06,556 | INFO | [605/1901] Fetching Guna (GUNA)
2026-09-29 02:31:07,044 | INFO |    ↳ Status 403
2026-09-29 02:31:07,045 | WARNING |    ⚠ Blocked (403) retry 2
2026-09-29 02:31:07,115 | INFO | 🌐 Session warmed
2026-09-29 02:31:07,414 | INFO |    ↳ Status 403
2026-09-29 02:31:07,414 | WARNING |    ⚠ Blocked (403) retry 2
2026-09-29 02:31:07,479 | INFO | 🌐 Session warmed
2026-09-29 02:31:07,648 | INFO |    ↳ Status 403
2026-09-29 02:31:07,648 | WARNING |    ⚠ Blocked (403) retry 1
2026-09-29 02:31:07,723 | INFO | 🌐 Session warmed
2026-09-29 02:31:08,086 | INFO |    ↳ Status 403
2026-09-29 02:31:08,086 | WARNING |    ⚠ Blocked (403) retry 3
2026-09-29 02:31:08,159 | INFO | 🌐 Session warmed
2026-09-29 02:31:09,512 | INFO |    ↳ Status 403
2026-09-29 02:31:09,512 | WARNING |    ⚠ Blocked (403) retry 2
2026-09-29 02:31:09,585 | INFO | 🌐 Session warmed
2026-09-29 02:31:09,799 | INFO |    ↳ Status 403
2026-09-29 02:31:09,799 | WARNING |    ⚠ Blocked (403) retry 3
2026-09-29 02:31:09,871 | INFO | 🌐 Session warmed
2026-09-29 02:31:10,714 | INFO |    ↳ Status 403
2026-09-29 02:31:10,715 | WARNING |    ⚠ Blocked (403) retry 3
2026-09-29 02:31:10,786 | INFO | 🌐 Session warmed
2026-09-29 02:31:12,159 | INFO | [606/1901] Fetching Gundlupet (GUND)
2026-09-29 02:31:12,272 | INFO |    ↳ Status 403
2026-09-29 02:31:12,273 | WARNING |    ⚠ Blocked (403) retry 3
2026-09-29 02:31:12,407 | INFO | 🌐 Session warmed
2026-09-29 02:31:13,042 | INFO |    ↳ Status 403
2026-09-29 02:31:13,042 | WARNING |    ⚠ Blocked (403) retry 1
2026-09-29 02:31:13,123 | INFO | 🌐 Session warmed
2026-09-29 02:31:13,871 | INFO | [607/1901] Fetching Guntakal (GUNL)
2026-09-29 02:31:14,786 | INFO | [608/1901] Fetching Guntur (GUNT)
2026-09-29 02:31:15,002 | INFO |    ↳ Status 403
2026-09-29 02:31:15,002 | WARNING |    ⚠ Blocked (403) retry 2
2026-09-29 02:31:15,085 | INFO | 🌐 Session warmed
2026-09-29 02:31:15,092 | INFO |    ↳ Status 403
2026-09-29 02:31:15,092 | WARNING |    ⚠ Blocked (403) retry 1
2026-09-29 02:31:15,160 | INFO | 🌐 Session warmed
2026-09-29 02:31:15,645 | INFO |    ↳ Status 403
2026-09-29 02:31:15,645 | WARNING |    ⚠ Blocked (403) retry 1
2026-09-29 02:31:15,715 | INFO | 🌐 Session warmed
2026-09-29 02:31:16,408 | INFO | [609/1901] Fetching Gurap (GRAP)
2026-09-29 02:31:17,319 | INFO |    ↳ Status 403
2026-09-29 02:31:17,319 | WARNING |    ⚠ Blocked (403) retry 2
2026-09-29 02:31:17,372 | INFO |    ↳ Status 403
2026-09-29 02:31:17,372 | WARNING |    ⚠ Blocked (403) retry 1
2026-09-29 02:31:17,393 | INFO | 🌐 Session warmed
2026-09-29 02:31:17,446 | INFO | 🌐 Session warmed
2026-09-29 02:31:17,781 | INFO |    ↳ Status 403
2026-09-29 02:31:17,781 | WARNING |    ⚠ Blocked (403) retry 3
2026-09-29 02:31:17,857 | INFO | 🌐 Session warmed
2026-09-29 02:31:17,958 | INFO |    ↳ Status 403
2026-09-29 02:31:17,958 | WARNING |    ⚠ Blocked (403) retry 2
2026-09-29 02:31:18,025 | INFO | 🌐 Session warmed
2026-09-29 02:31:19,599 | INFO |    ↳ Status 403
2026-09-29 02:31:19,599 | WARNING |    ⚠ Blocked (403) retry 2
2026-09-29 02:31:19,671 | INFO | 🌐 Session warmed
2026-09-29 02:31:20,699 | INFO |    ↳ Status 403
2026-09-29 02:31:20,699 | WARNING |    ⚠ Blocked (403) retry 3
2026-09-29 02:31:20,769 | INFO | 🌐 Session warmed
2026-09-29 02:31:21,237 | INFO |    ↳ Status 403
2026-09-29 02:31:21,237 | WARNING |    ⚠ Blocked (403) retry 3
2026-09-29 02:31:21,309 | INFO | 🌐 Session warmed
2026-09-29 02:31:21,857 | INFO | [610/1901] Fetching Gurazala (GURZ)
2026-09-29 02:31:22,447 | INFO |    ↳ Status 403
2026-09-29 02:31:22,447 | WARNING |    ⚠ Blocked (403) retry 3
2026-09-29 02:31:22,516 | INFO | 🌐 Session warmed
2026-09-29 02:31:22,983 | INFO |    ↳ Status 403
2026-09-29 02:31:22,983 | WARNING |    ⚠ Blocked (403) retry 1
2026-09-29 02:31:23,054 | INFO | 🌐 Session warmed
2026-09-29 02:31:24,769 | INFO | [611/1901] Fetching Gurdaspur (GSPR)
2026-09-29 02:31:24,973 | INFO |    ↳ Status 403
2026-09-29 02:31:24,973 | WARNING |    ⚠ Blocked (403) retry 2
2026-09-29 02:31:25,043 | INFO | 🌐 Session warmed
2026-09-29 02:31:25,309 | INFO | [612/1901] Fetching Guruvayur (GUVY)
2026-09-29 02:31:25,602 | INFO |    ↳ Status 403
2026-09-29 02:31:25,603 | WARNING |    ⚠ Blocked (403) retry 1
2026-09-29 02:31:25,674 | INFO | 🌐 Session warmed
2026-09-29 02:31:26,511 | INFO |    ↳ Status 403
2026-09-29 02:31:26,511 | WARNING |    ⚠ Blocked (403) retry 1
2026-09-29 02:31:26,516 | INFO | [613/1901] Fetching Guwahati (GUW)
2026-09-29 02:31:26,582 | INFO | 🌐 Session warmed
2026-09-29 02:31:27,577 | INFO |    ↳ Status 403
2026-09-29 02:31:27,577 | WARNING |    ⚠ Blocked (403) retry 1
2026-09-29 02:31:27,645 | INFO | 🌐 Session warmed
2026-09-29 02:31:27,927 | INFO |    ↳ Status 403
2026-09-29 02:31:27,927 | WARNING |    ⚠ Blocked (403) retry 3
2026-09-29 02:31:27,944 | INFO |    ↳ Status 403
2026-09-29 02:31:27,944 | WARNING |    ⚠ Blocked (403) retry 2
2026-09-29 02:31:28,002 | INFO | 🌐 Session warmed
2026-09-29 02:31:28,028 | INFO | 🌐 Session warmed
2026-09-29 02:31:28,789 | INFO |    ↳ Status 403
2026-09-29 02:31:28,789 | WARNING |    ⚠ Blocked (403) retry 2
2026-09-29 02:31:28,859 | INFO | 🌐 Session warmed
2026-09-29 02:31:30,004 | INFO |    ↳ Status 403
2026-09-29 02:31:30,004 | WARNING |    ⚠ Blocked (403) retry 2
2026-09-29 02:31:30,082 | INFO | 🌐 Session warmed
2026-09-29 02:31:30,774 | INFO |    ↳ Status 403
2026-09-29 02:31:30,774 | WARNING |    ⚠ Blocked (403) retry 3
2026-09-29 02:31:30,842 | INFO | 🌐 Session warmed
2026-09-29 02:31:31,661 | INFO |    ↳ Status 403
2026-09-29 02:31:31,661 | WARNING |    ⚠ Blocked (403) retry 3
2026-09-29 02:31:31,735 | INFO | 🌐 Session warmed
2026-09-29 02:31:32,003 | INFO | [614/1901] Fetching Gwalior (GWAL)
2026-09-29 02:31:32,774 | INFO |    ↳ Status 403
2026-09-29 02:31:32,774 | WARNING |    ⚠ Blocked (403) retry 1
2026-09-29 02:31:32,851 | INFO | 🌐 Session warmed
2026-09-29 02:31:33,211 | INFO |    ↳ Status 403
2026-09-29 02:31:33,211 | WARNING |    ⚠ Blocked (403) retry 3
2026-09-29 02:31:33,283 | INFO | 🌐 Session warmed
2026-09-29 02:31:34,656 | INFO |    ↳ Status 403
2026-09-29 02:31:34,656 | WARNING |    ⚠ Blocked (403) retry 2
2026-09-29 02:31:34,729 | INFO | 🌐 Session warmed
2026-09-29 02:31:34,842 | INFO | [615/1901] Fetching Habra (HARR)
2026-09-29 02:31:35,735 | INFO | [616/1901] Fetching Haflong (HALG)
2026-09-29 02:31:36,199 | INFO |    ↳ Status 403
2026-09-29 02:31:36,199 | WARNING |    ⚠ Blocked (403) retry 1
2026-09-29 02:31:36,271 | INFO | 🌐 Session warmed
2026-09-29 02:31:37,017 | INFO |    ↳ Status 403
2026-09-29 02:31:37,017 | WARNING |    ⚠ Blocked (403) retry 1
2026-09-29 02:31:37,082 | INFO | 🌐 Session warmed
2026-09-29 02:31:37,283 | INFO | [617/1901] Fetching Hagaribommanahalli (HHGG)
2026-09-29 02:31:38,074 | INFO |    ↳ Status 403
2026-09-29 02:31:38,074 | WARNING |    ⚠ Blocked (403) retry 3
2026-09-29 02:31:38,148 | INFO | 🌐 Session warmed
2026-09-29 02:31:38,195 | INFO |    ↳ Status 403
2026-09-29 02:31:38,195 | WARNING |    ⚠ Blocked (403) retry 2
2026-09-29 02:31:38,262 | INFO | 🌐 Session warmed
2026-09-29 02:31:38,450 | INFO |    ↳ Status 403
2026-09-29 02:31:38,450 | WARNING |    ⚠ Blocked (403) retry 1
2026-09-29 02:31:38,525 | INFO | 🌐 Session warmed
2026-09-29 02:31:39,445 | INFO |    ↳ Status 403
2026-09-29 02:31:39,445 | WARNING |    ⚠ Blocked (403) retry 2
2026-09-29 02:31:39,519 | INFO | 🌐 Session warmed
2026-09-29 02:31:40,231 | INFO |    ↳ Status 403
2026-09-29 02:31:40,231 | WARNING |    ⚠ Blocked (403) retry 2
2026-09-29 02:31:40,301 | INFO | 🌐 Session warmed
2026-09-29 02:31:41,072 | INFO |    ↳ Status 403
2026-09-29 02:31:41,072 | WARNING |    ⚠ Blocked (403) retry 3
2026-09-29 02:31:41,147 | INFO | 🌐 Session warmed
2026-09-29 02:31:42,148 | INFO | [618/1901] Fetching Hajipur (HAJI)
2026-09-29 02:31:42,159 | INFO |    ↳ Status 403
2026-09-29 02:31:42,159 | WARNING |    ⚠ Blocked (403) retry 3
2026-09-29 02:31:42,226 | INFO | 🌐 Session warmed
2026-09-29 02:31:43,312 | INFO |    ↳ Status 403
2026-09-29 02:31:43,312 | WARNING |    ⚠ Blocked (403) retry 1
2026-09-29 02:31:43,386 | INFO | 🌐 Session warmed
2026-09-29 02:31:43,544 | INFO |    ↳ Status 403
2026-09-29 02:31:43,544 | WARNING |    ⚠ Blocked (403) retry 3
2026-09-29 02:31:43,614 | INFO | 🌐 Session warmed
2026-09-29 02:31:45,147 | INFO | [619/1901] Fetching Haldia (HLDI)
2026-09-29 02:31:45,723 | INFO |    ↳ Status 403
2026-09-29 02:31:45,723 | WARNING |    ⚠ Blocked (403) retry 2
2026-09-29 02:31:45,797 | INFO | 🌐 Session warmed
2026-09-29 02:31:46,226 | INFO | [620/1901] Fetching Halduchaur (HUCR)
2026-09-29 02:31:46,465 | INFO |    ↳ Status 403
2026-09-29 02:31:46,465 | WARNING |    ⚠ Blocked (403) retry 1
2026-09-29 02:31:46,544 | INFO | 🌐 Session warmed
2026-09-29 02:31:46,901 | INFO |    ↳ Status 403
2026-09-29 02:31:46,901 | WARNING |    ⚠ Blocked (403) retry 1
2026-09-29 02:31:46,981 | INFO | 🌐 Session warmed
2026-09-29 02:31:47,615 | INFO | [621/1901] Fetching Haldwani (HALD)
2026-09-29 02:31:48,632 | INFO |    ↳ Status 403
2026-09-29 02:31:48,632 | WARNING |    ⚠ Blocked (403) retry 2
2026-09-29 02:31:48,703 | INFO | 🌐 Session warmed
2026-09-29 02:31:48,873 | INFO |    ↳ Status 403
2026-09-29 02:31:48,873 | WARNING |    ⚠ Blocked (403) retry 1
2026-09-29 02:31:48,940 | INFO |    ↳ Status 403
2026-09-29 02:31:48,940 | WARNING |    ⚠ Blocked (403) retry 2
2026-09-29 02:31:48,943 | INFO | 🌐 Session warmed
2026-09-29 02:31:49,022 | INFO | 🌐 Session warmed
2026-09-29 02:31:49,068 | INFO |    ↳ Status 403
2026-09-29 02:31:49,068 | WARNING |    ⚠ Blocked (403) retry 3
2026-09-29 02:31:49,155 | INFO | 🌐 Session warmed
2026-09-29 02:31:51,234 | INFO |    ↳ Status 403
2026-09-29 02:31:51,234 | WARNING |    ⚠ Blocked (403) retry 2
2026-09-29 02:31:51,306 | INFO | 🌐 Session warmed
2026-09-29 02:31:51,755 | INFO |    ↳ Status 403
2026-09-29 02:31:51,755 | WARNING |    ⚠ Blocked (403) retry 3
2026-09-29 02:31:51,832 | INFO | 🌐 Session warmed
2026-09-29 02:31:52,005 | INFO |    ↳ Status 403
2026-09-29 02:31:52,005 | WARNING |    ⚠ Blocked (403) retry 3
2026-09-29 02:31:52,075 | INFO | 🌐 Session warmed
2026-09-29 02:31:53,155 | INFO | [622/1901] Fetching Haliya (HALI)
2026-09-29 02:31:54,522 | INFO |    ↳ Status 403
2026-09-29 02:31:54,522 | WARNING |    ⚠ Blocked (403) retry 1
2026-09-29 02:31:54,596 | INFO | 🌐 Session warmed
2026-09-29 02:31:54,656 | INFO |    ↳ Status 403
2026-09-29 02:31:54,656 | WARNING |    ⚠ Blocked (403) retry 3
2026-09-29 02:31:54,725 | INFO | 🌐 Session warmed
2026-09-29 02:31:55,833 | INFO | [623/1901] Fetching Halol (HALO)
2026-09-29 02:31:56,076 | INFO | [624/1901] Fetching Hamirpur (HP) (HAMI)
2026-09-29 02:31:56,625 | INFO |    ↳ Status 403
2026-09-29 02:31:56,625 | WARNING |    ⚠ Blocked (403) retry 1
2026-09-29 02:31:56,690 | INFO | 🌐 Session warmed
2026-09-29 02:31:56,737 | INFO |    ↳ Status 403
2026-09-29 02:31:56,737 | WARNING |    ⚠ Blocked (403) retry 2
2026-09-29 02:31:56,805 | INFO | 🌐 Session warmed
2026-09-29 02:31:57,074 | INFO |    ↳ Status 403
2026-09-29 02:31:57,074 | WARNING |    ⚠ Blocked (403) retry 1
2026-09-29 02:31:57,142 | INFO | 🌐 Session warmed
2026-09-29 02:31:58,510 | INFO |    ↳ Status 403
2026-09-29 02:31:58,510 | WARNING |    ⚠ Blocked (403) retry 2
2026-09-29 02:31:58,583 | INFO | 🌐 Session warmed
2026-09-29 02:31:58,725 | INFO | [625/1901] Fetching Hampi (HMPI)
2026-09-29 02:31:59,035 | INFO |    ↳ Status 403
2026-09-29 02:31:59,035 | WARNING |    ⚠ Blocked (403) retry 2
2026-09-29 02:31:59,109 | INFO | 🌐 Session warmed
2026-09-29 02:31:59,659 | INFO |    ↳ Status 403
2026-09-29 02:31:59,660 | WARNING |    ⚠ Blocked (403) retry 3
2026-09-29 02:31:59,685 | INFO |    ↳ Status 403
2026-09-29 02:31:59,685 | WARNING |    ⚠ Blocked (403) retry 1
2026-09-29 02:31:59,733 | INFO | 🌐 Session warmed
2026-09-29 02:31:59,760 | INFO | 🌐 Session warmed
2026-09-29 02:32:01,712 | INFO |    ↳ Status 403
2026-09-29 02:32:01,713 | WARNING |    ⚠ Blocked (403) retry 3
2026-09-29 02:32:01,778 | INFO | 🌐 Session warmed
2026-09-29 02:32:01,891 | INFO |    ↳ Status 403
2026-09-29 02:32:01,891 | WARNING |    ⚠ Blocked (403) retry 2
2026-09-29 02:32:01,963 | INFO |    ↳ Status 403
2026-09-29 02:32:01,963 | WARNING |    ⚠ Blocked (403) retry 3
2026-09-29 02:32:01,966 | INFO | 🌐 Session warmed
2026-09-29 02:32:02,033 | INFO | 🌐 Session warmed
2026-09-29 02:32:03,734 | INFO | [626/1901] Fetching Handwara (HNDW)
2026-09-29 02:32:04,519 | INFO |    ↳ Status 403
2026-09-29 02:32:04,520 | WARNING |    ⚠ Blocked (403) retry 1
2026-09-29 02:32:04,591 | INFO | 🌐 Session warmed
2026-09-29 02:32:05,287 | INFO |    ↳ Status 403
2026-09-29 02:32:05,288 | WARNING |    ⚠ Blocked (403) retry 3
2026-09-29 02:32:05,353 | INFO | 🌐 Session warmed
2026-09-29 02:32:05,779 | INFO | [627/1901] Fetching Hanuman Junction (HANU)
2026-09-29 02:32:06,033 | INFO | [628/1901] Fetching Hanumangarh (HNMG)
2026-09-29 02:32:06,239 | INFO |    ↳ Status 403
2026-09-29 02:32:06,239 | WARNING |    ⚠ Blocked (403) retry 2
2026-09-29 02:32:06,309 | INFO | 🌐 Session warmed
2026-09-29 02:32:06,607 | INFO |    ↳ Status 403
2026-09-29 02:32:06,607 | WARNING |    ⚠ Blocked (403) retry 1
2026-09-29 02:32:06,673 | INFO | 🌐 Session warmed
2026-09-29 02:32:06,947 | INFO |    ↳ Status 403
2026-09-29 02:32:06,947 | WARNING |    ⚠ Blocked (403) retry 1
2026-09-29 02:32:07,022 | INFO | 🌐 Session warmed
2026-09-29 02:32:08,627 | INFO |    ↳ Status 403
2026-09-29 02:32:08,627 | WARNING |    ⚠ Blocked (403) retry 2
2026-09-29 02:32:08,712 | INFO | 🌐 Session warmed
2026-09-29 02:32:08,887 | INFO |    ↳ Status 403
2026-09-29 02:32:08,887 | WARNING |    ⚠ Blocked (403) retry 2
2026-09-29 02:32:08,960 | INFO | 🌐 Session warmed
2026-09-29 02:32:09,353 | INFO | [629/1901] Fetching Hapur (HAPR)
2026-09-29 02:32:09,549 | INFO |    ↳ Status 403
2026-09-29 02:32:09,550 | WARNING |    ⚠ Blocked (403) retry 3
2026-09-29 02:32:09,626 | INFO | 🌐 Session warmed
2026-09-29 02:32:10,421 | INFO |    ↳ Status 200
2026-09-29 02:32:10,421 | INFO |    ✓ Found 7 movies
2026-09-29 02:32:10,421 | INFO | [630/1901] Fetching Harda (HRDA)
2026-09-29 02:32:11,727 | INFO |    ↳ Status 403
2026-09-29 02:32:11,727 | WARNING |    ⚠ Blocked (403) retry 3
2026-09-29 02:32:11,806 | INFO | 🌐 Session warmed
2026-09-29 02:32:11,850 | INFO |    ↳ Status 403
2026-09-29 02:32:11,850 | WARNING |    ⚠ Blocked (403) retry 3
2026-09-29 02:32:11,919 | INFO | 🌐 Session warmed
2026-09-29 02:32:12,784 | INFO |    ↳ Status 200
2026-09-29 02:32:12,785 | INFO |    ✓ Found 7 movies
2026-09-29 02:32:12,785 | INFO | [631/1901] Fetching Hardoi (HRDI)
2026-09-29 02:32:13,626 | INFO | [632/1901] Fetching Haria (HARI)
2026-09-29 02:32:13,680 | INFO |    ↳ Status 403
2026-09-29 02:32:13,680 | WARNING |    ⚠ Blocked (403) retry 1
2026-09-29 02:32:13,747 | INFO | 🌐 Session warmed
2026-09-29 02:32:14,364 | INFO |    ↳ Status 403
2026-09-29 02:32:14,364 | WARNING |    ⚠ Blocked (403) retry 1
2026-09-29 02:32:14,436 | INFO | 🌐 Session warmed
2026-09-29 02:32:15,593 | INFO |    ↳ Status 403
2026-09-29 02:32:15,593 | WARNING |    ⚠ Blocked (403) retry 2
2026-09-29 02:32:15,666 | INFO | 🌐 Session warmed
2026-09-29 02:32:15,806 | INFO | [633/1901] Fetching Haridwar (HRDR)
2026-09-29 02:32:15,919 | INFO | [634/1901] Fetching Harihar (HRRR)
2026-09-29 02:32:16,405 | INFO |    ↳ Status 403
2026-09-29 02:32:16,406 | WARNING |    ⚠ Blocked (403) retry 2
2026-09-29 02:32:16,489 | INFO | 🌐 Session warmed
2026-09-29 02:32:16,615 | INFO |    ↳ Status 403
2026-09-29 02:32:16,615 | WARNING |    ⚠ Blocked (403) retry 1
2026-09-29 02:32:16,683 | INFO | 🌐 Session warmed
2026-09-29 02:32:17,235 | INFO |    ↳ Status 403
2026-09-29 02:32:17,235 | WARNING |    ⚠ Blocked (403) retry 1
2026-09-29 02:32:17,302 | INFO | 🌐 Session warmed
2026-09-29 02:32:18,463 | INFO |    ↳ Status 403
2026-09-29 02:32:18,463 | WARNING |    ⚠ Blocked (403) retry 2
2026-09-29 02:32:18,543 | INFO |    ↳ Status 403
2026-09-29 02:32:18,543 | INFO | 🌐 Session warmed
2026-09-29 02:32:18,543 | WARNING |    ⚠ Blocked (403) retry 3
2026-09-29 02:32:18,622 | INFO | 🌐 Session warmed
2026-09-29 02:32:19,603 | INFO |    ↳ Status 403
2026-09-29 02:32:19,603 | WARNING |    ⚠ Blocked (403) retry 3
2026-09-29 02:32:19,674 | INFO | 🌐 Session warmed
2026-09-29 02:32:19,681 | INFO |    ↳ Status 403
2026-09-29 02:32:19,681 | WARNING |    ⚠ Blocked (403) retry 2
2026-09-29 02:32:19,755 | INFO | 🌐 Session warmed
2026-09-29 02:32:21,386 | INFO |    ↳ Status 403
2026-09-29 02:32:21,386 | WARNING |    ⚠ Blocked (403) retry 3
2026-09-29 02:32:21,475 | INFO | 🌐 Session warmed
2026-09-29 02:32:22,468 | INFO |    ↳ Status 403
2026-09-29 02:32:22,468 | WARNING |    ⚠ Blocked (403) retry 3
2026-09-29 02:32:22,536 | INFO | 🌐 Session warmed
2026-09-29 02:32:22,623 | INFO | [635/1901] Fetching Haripad (HRPD)
2026-09-29 02:32:23,674 | INFO | [636/1901] Fetching Harugeri (HARU)
2026-09-29 02:32:23,714 | INFO |    ↳ Status 403
2026-09-29 02:32:23,714 | WARNING |    ⚠ Blocked (403) retry 1
2026-09-29 02:32:23,785 | INFO | 🌐 Session warmed
2026-09-29 02:32:24,921 | INFO |    ↳ Status 403
2026-09-29 02:32:24,921 | WARNING |    ⚠ Blocked (403) retry 1
2026-09-29 02:32:24,987 | INFO | 🌐 Session warmed
2026-09-29 02:32:25,476 | INFO | [637/1901] Fetching Harur (HRUR)
2026-09-29 02:32:26,105 | INFO |    ↳ Status 403
2026-09-29 02:32:26,105 | WARNING |    ⚠ Blocked (403) retry 1
2026-09-29 02:32:26,166 | INFO |    ↳ Status 403
2026-09-29 02:32:26,166 | WARNING |    ⚠ Blocked (403) retry 2
2026-09-29 02:32:26,178 | INFO | 🌐 Session warmed
2026-09-29 02:32:26,244 | INFO | 🌐 Session warmed
2026-09-29 02:32:26,537 | INFO | [638/1901] Fetching Hasanparthy (HASA)
2026-09-29 02:32:27,326 | INFO |    ↳ Status 403
2026-09-29 02:32:27,326 | WARNING |    ⚠ Blocked (403) retry 2
2026-09-29 02:32:27,397 | INFO | 🌐 Session warmed
2026-09-29 02:32:27,406 | INFO |    ↳ Status 403
2026-09-29 02:32:27,406 | WARNING |    ⚠ Blocked (403) retry 1
2026-09-29 02:32:27,481 | INFO | 🌐 Session warmed
2026-09-29 02:32:28,312 | INFO |    ↳ Status 403
2026-09-29 02:32:28,312 | WARNING |    ⚠ Blocked (403) retry 2
2026-09-29 02:32:28,378 | INFO | 🌐 Session warmed
2026-09-29 02:32:29,157 | INFO |    ↳ Status 403
2026-09-29 02:32:29,157 | WARNING |    ⚠ Blocked (403) retry 3
2026-09-29 02:32:29,162 | INFO |    ↳ Status 403
2026-09-29 02:32:29,162 | WARNING |    ⚠ Blocked (403) retry 2
2026-09-29 02:32:29,236 | INFO | 🌐 Session warmed
2026-09-29 02:32:29,238 | INFO | 🌐 Session warmed
2026-09-29 02:32:30,590 | INFO |    ↳ Status 403
2026-09-29 02:32:30,591 | WARNING |    ⚠ Blocked (403) retry 3
2026-09-29 02:32:30,666 | INFO | 🌐 Session warmed
2026-09-29 02:32:31,406 | INFO |    ↳ Status 403
2026-09-29 02:32:31,406 | WARNING |    ⚠ Blocked (403) retry 3
2026-09-29 02:32:31,476 | INFO | 🌐 Session warmed
2026-09-29 02:32:32,384 | INFO |    ↳ Status 403
2026-09-29 02:32:32,384 | WARNING |    ⚠ Blocked (403) retry 3
2026-09-29 02:32:32,448 | INFO | 🌐 Session warmed
2026-09-29 02:32:33,236 | INFO | [639/1901] Fetching Hasanparthy (HASZ)
2026-09-29 02:32:34,023 | INFO |    ↳ Status 403
2026-09-29 02:32:34,023 | WARNING |    ⚠ Blocked (403) retry 1
2026-09-29 02:32:34,173 | INFO | 🌐 Session warmed
2026-09-29 02:32:34,666 | INFO | [640/1901] Fetching Hasanpur (HANS)
2026-09-29 02:32:35,476 | INFO | [641/1901] Fetching Hasnabad (HSNA)
2026-09-29 02:32:35,883 | INFO |    ↳ Status 403
2026-09-29 02:32:35,883 | WARNING |    ⚠ Blocked (403) retry 2
2026-09-29 02:32:35,950 | INFO | 🌐 Session warmed
2026-09-29 02:32:36,030 | INFO |    ↳ Status 403
2026-09-29 02:32:36,030 | WARNING |    ⚠ Blocked (403) retry 1
2026-09-29 02:32:36,098 | INFO | 🌐 Session warmed
2026-09-29 02:32:36,449 | INFO | [642/1901] Fetching Hassan (HASN)
2026-09-29 02:32:36,796 | INFO |    ↳ Status 403
2026-09-29 02:32:36,796 | WARNING |    ⚠ Blocked (403) retry 1
2026-09-29 02:32:36,929 | INFO | 🌐 Session warmed
2026-09-29 02:32:37,823 | INFO |    ↳ Status 403
2026-09-29 02:32:37,823 | WARNING |    ⚠ Blocked (403) retry 1
2026-09-29 02:32:37,975 | INFO | 🌐 Session warmed
2026-09-29 02:32:38,475 | INFO |    ↳ Status 403
2026-09-29 02:32:38,475 | WARNING |    ⚠ Blocked (403) retry 2
2026-09-29 02:32:38,541 | INFO | 🌐 Session warmed
2026-09-29 02:32:38,972 | INFO |    ↳ Status 403
2026-09-29 02:32:38,972 | WARNING |    ⚠ Blocked (403) retry 3
2026-09-29 02:32:39,044 | INFO | 🌐 Session warmed
2026-09-29 02:32:39,283 | INFO |    ↳ Status 403
2026-09-29 02:32:39,283 | WARNING |    ⚠ Blocked (403) retry 2
2026-09-29 02:32:39,356 | INFO | 🌐 Session warmed
2026-09-29 02:32:40,027 | INFO |    ↳ Status 403
2026-09-29 02:32:40,027 | WARNING |    ⚠ Blocked (403) retry 2
2026-09-29 02:32:40,096 | INFO | 🌐 Session warmed
2026-09-29 02:32:41,772 | INFO |    ↳ Status 403
2026-09-29 02:32:41,772 | WARNING |    ⚠ Blocked (403) retry 3
2026-09-29 02:32:41,841 | INFO | 🌐 Session warmed
2026-09-29 02:32:42,568 | INFO |    ↳ Status 403
2026-09-29 02:32:42,568 | WARNING |    ⚠ Blocked (403) retry 3
2026-09-29 02:32:42,649 | INFO | 🌐 Session warmed
2026-09-29 02:32:43,044 | INFO | [643/1901] Fetching Hathras (HATH)
2026-09-29 02:32:43,355 | INFO |    ↳ Status 403
2026-09-29 02:32:43,355 | WARNING |    ⚠ Blocked (403) retry 3
2026-09-29 02:32:43,447 | INFO | 🌐 Session warmed
2026-09-29 02:32:43,889 | INFO |    ↳ Status 403
2026-09-29 02:32:43,889 | WARNING |    ⚠ Blocked (403) retry 1
2026-09-29 02:32:43,958 | INFO | 🌐 Session warmed
2026-09-29 02:32:45,841 | INFO | [644/1901] Fetching Haveri (HRE)
2026-09-29 02:32:46,163 | INFO |    ↳ Status 403
2026-09-29 02:32:46,163 | WARNING |    ⚠ Blocked (403) retry 2
2026-09-29 02:32:46,249 | INFO | 🌐 Session warmed
2026-09-29 02:32:46,650 | INFO | [645/1901] Fetching Hazaribagh (HAZA)
2026-09-29 02:32:46,714 | INFO |    ↳ Status 403
2026-09-29 02:32:46,714 | WARNING |    ⚠ Blocked (403) retry 1
2026-09-29 02:32:46,784 | INFO | 🌐 Session warmed
2026-09-29 02:32:47,447 | INFO | [646/1901] Fetching Himmatnagar (HIMM)
2026-09-29 02:32:47,968 | INFO |    ↳ Status 403
2026-09-29 02:32:47,968 | WARNING |    ⚠ Blocked (403) retry 1
2026-09-29 02:32:48,035 | INFO | 🌐 Session warmed
2026-09-29 02:32:48,277 | INFO |    ↳ Status 403
2026-09-29 02:32:48,277 | WARNING |    ⚠ Blocked (403) retry 1
2026-09-29 02:32:48,349 | INFO | 🌐 Session warmed
2026-09-29 02:32:49,065 | INFO |    ↳ Status 403
2026-09-29 02:32:49,065 | WARNING |    ⚠ Blocked (403) retry 2
2026-09-29 02:32:49,124 | INFO |    ↳ Status 403
2026-09-29 02:32:49,124 | WARNING |    ⚠ Blocked (403) retry 3
2026-09-29 02:32:49,137 | INFO | 🌐 Session warmed
2026-09-29 02:32:49,201 | INFO | 🌐 Session warmed
2026-09-29 02:32:49,872 | INFO |    ↳ Status 403
2026-09-29 02:32:49,872 | WARNING |    ⚠ Blocked (403) retry 2
2026-09-29 02:32:49,943 | INFO | 🌐 Session warmed
2026-09-29 02:32:50,597 | INFO |    ↳ Status 403
2026-09-29 02:32:50,597 | WARNING |    ⚠ Blocked (403) retry 2
2026-09-29 02:32:50,670 | INFO | 🌐 Session warmed
2026-09-29 02:32:52,180 | INFO |    ↳ Status 403
2026-09-29 02:32:52,180 | WARNING |    ⚠ Blocked (403) retry 3
2026-09-29 02:32:52,251 | INFO | 🌐 Session warmed
2026-09-29 02:32:53,165 | INFO |    ↳ Status 403
2026-09-29 02:32:53,165 | WARNING |    ⚠ Blocked (403) retry 3
2026-09-29 02:32:53,201 | INFO | [647/1901] Fetching Hindaun City (HIND)
2026-09-29 02:32:53,235 | INFO | 🌐 Session warmed
2026-09-29 02:32:53,680 | INFO |    ↳ Status 403
2026-09-29 02:32:53,680 | WARNING |    ⚠ Blocked (403) retry 3
2026-09-29 02:32:53,746 | INFO | 🌐 Session warmed
2026-09-29 02:32:53,873 | INFO |    ↳ Status 403
2026-09-29 02:32:53,873 | WARNING |    ⚠ Blocked (403) retry 1
2026-09-29 02:32:53,944 | INFO | 🌐 Session warmed
2026-09-29 02:32:55,592 | INFO |    ↳ Status 403
2026-09-29 02:32:55,592 | WARNING |    ⚠ Blocked (403) retry 2
2026-09-29 02:32:55,671 | INFO | 🌐 Session warmed
2026-09-29 02:32:56,252 | INFO | [648/1901] Fetching Hindupur (HNDP)
2026-09-29 02:32:57,003 | INFO |    ↳ Status 403
2026-09-29 02:32:57,003 | WARNING |    ⚠ Blocked (403) retry 1
2026-09-29 02:32:57,072 | INFO | 🌐 Session warmed
2026-09-29 02:32:57,236 | INFO | [649/1901] Fetching Hindupuram (HINP)
2026-09-29 02:32:57,746 | INFO | [650/1901] Fetching Hinganghat (HINA)
2026-09-29 02:32:57,974 | INFO |    ↳ Status 403
2026-09-29 02:32:57,974 | WARNING |    ⚠ Blocked (403) retry 1
2026-09-29 02:32:58,042 | INFO | 🌐 Session warmed
2026-09-29 02:32:58,389 | INFO |    ↳ Status 403
2026-09-29 02:32:58,389 | WARNING |    ⚠ Blocked (403) retry 1
2026-09-29 02:32:58,478 | INFO | 🌐 Session warmed
2026-09-29 02:32:58,728 | INFO |    ↳ Status 403
2026-09-29 02:32:58,728 | WARNING |    ⚠ Blocked (403) retry 3
2026-09-29 02:32:58,794 | INFO | 🌐 Session warmed
2026-09-29 02:32:59,011 | INFO |    ↳ Status 403
2026-09-29 02:32:59,011 | WARNING |    ⚠ Blocked (403) retry 2
2026-09-29 02:32:59,086 | INFO | 🌐 Session warmed
2026-09-29 02:33:00,041 | INFO |    ↳ Status 403
2026-09-29 02:33:00,042 | WARNING |    ⚠ Blocked (403) retry 2
2026-09-29 02:33:00,111 | INFO | 🌐 Session warmed
2026-09-29 02:33:00,708 | INFO |    ↳ Status 403
2026-09-29 02:33:00,708 | WARNING |    ⚠ Blocked (403) retry 2
2026-09-29 02:33:00,783 | INFO | 🌐 Session warmed
2026-09-29 02:33:02,119 | INFO |    ↳ Status 403
2026-09-29 02:33:02,119 | WARNING |    ⚠ Blocked (403) retry 3
2026-09-29 02:33:02,190 | INFO | 🌐 Session warmed
2026-09-29 02:33:02,794 | INFO | [651/1901] Fetching Hingoli (HING)
2026-09-29 02:33:03,281 | INFO |    ↳ Status 403
2026-09-29 02:33:03,281 | WARNING |    ⚠ Blocked (403) retry 3
2026-09-29 02:33:03,351 | INFO | 🌐 Session warmed
2026-09-29 02:33:03,895 | INFO |    ↳ Status 403
2026-09-29 02:33:03,895 | WARNING |    ⚠ Blocked (403) retry 1
2026-09-29 02:33:03,965 | INFO | 🌐 Session warmed
2026-09-29 02:33:04,051 | INFO |    ↳ Status 403
2026-09-29 02:33:04,051 | WARNING |    ⚠ Blocked (403) retry 3
2026-09-29 02:33:04,124 | INFO | 🌐 Session warmed
2026-09-29 02:33:05,825 | INFO |    ↳ Status 403
2026-09-29 02:33:05,825 | WARNING |    ⚠ Blocked (403) retry 2
2026-09-29 02:33:05,922 | INFO | 🌐 Session warmed
2026-09-29 02:33:06,191 | INFO | [652/1901] Fetching Hiramandalam (HIRA)
2026-09-29 02:33:07,351 | INFO | [653/1901] Fetching Hirekerur (HIRE)
2026-09-29 02:33:07,552 | INFO |    ↳ Status 403
2026-09-29 02:33:07,552 | WARNING |    ⚠ Blocked (403) retry 1
2026-09-29 02:33:07,624 | INFO | 🌐 Session warmed
2026-09-29 02:33:08,124 | INFO | [654/1901] Fetching Hiriyur (HIRI)
2026-09-29 02:33:08,181 | INFO |    ↳ Status 403
2026-09-29 02:33:08,181 | WARNING |    ⚠ Blocked (403) retry 1
2026-09-29 02:33:08,249 | INFO | 🌐 Session warmed
2026-09-29 02:33:09,118 | INFO |    ↳ Status 403
2026-09-29 02:33:09,118 | WARNING |    ⚠ Blocked (403) retry 1
2026-09-29 02:33:09,156 | INFO |    ↳ Status 403
2026-09-29 02:33:09,156 | WARNING |    ⚠ Blocked (403) retry 3
2026-09-29 02:33:09,185 | INFO | 🌐 Session warmed
2026-09-29 02:33:09,225 | INFO | 🌐 Session warmed
2026-09-29 02:33:09,608 | INFO |    ↳ Status 403
2026-09-29 02:33:09,608 | WARNING |    ⚠ Blocked (403) retry 2
2026-09-29 02:33:09,685 | INFO | 🌐 Session warmed
2026-09-29 02:33:10,535 | INFO |    ↳ Status 403
2026-09-29 02:33:10,535 | WARNING |    ⚠ Blocked (403) retry 2
2026-09-29 02:33:10,598 | INFO | 🌐 Session warmed
2026-09-29 02:33:10,928 | INFO |    ↳ Status 403
2026-09-29 02:33:10,928 | WARNING |    ⚠ Blocked (403) retry 2
2026-09-29 02:33:11,000 | INFO | 🌐 Session warmed
2026-09-29 02:33:12,965 | INFO |    ↳ Status 403
2026-09-29 02:33:12,965 | WARNING |    ⚠ Blocked (403) retry 3
2026-09-29 02:33:13,031 | INFO | 🌐 Session warmed
2026-09-29 02:33:13,226 | INFO | [655/1901] Fetching Hisar (HISR)
2026-09-29 02:33:13,472 | INFO |    ↳ Status 403
2026-09-29 02:33:13,472 | WARNING |    ⚠ Blocked (403) retry 3
2026-09-29 02:33:13,547 | INFO | 🌐 Session warmed
2026-09-29 02:33:13,650 | INFO |    ↳ Status 403
2026-09-29 02:33:13,651 | WARNING |    ⚠ Blocked (403) retry 3
2026-09-29 02:33:13,737 | INFO | 🌐 Session warmed
2026-09-29 02:33:14,523 | INFO |    ↳ Status 403
2026-09-29 02:33:14,523 | WARNING |    ⚠ Blocked (403) retry 1
2026-09-29 02:33:14,686 | INFO | 🌐 Session warmed
2026-09-29 02:33:16,432 | INFO |    ↳ Status 403
2026-09-29 02:33:16,432 | WARNING |    ⚠ Blocked (403) retry 2
2026-09-29 02:33:16,502 | INFO | 🌐 Session warmed
2026-09-29 02:33:17,031 | INFO | [656/1901] Fetching Holenarasipura (HOLE)
2026-09-29 02:33:17,547 | INFO | [657/1901] Fetching Honnali (HONV)
2026-09-29 02:33:17,654 | INFO |    ↳ Status 403
2026-09-29 02:33:17,654 | WARNING |    ⚠ Blocked (403) retry 1
2026-09-29 02:33:17,724 | INFO | 🌐 Session warmed
2026-09-29 02:33:17,738 | INFO | [658/1901] Fetching Honnavara (HNVR)
2026-09-29 02:33:18,517 | INFO |    ↳ Status 403
2026-09-29 02:33:18,517 | WARNING |    ⚠ Blocked (403) retry 1
2026-09-29 02:33:18,559 | INFO |    ↳ Status 403
2026-09-29 02:33:18,559 | WARNING |    ⚠ Blocked (403) retry 1
2026-09-29 02:33:18,593 | INFO | 🌐 Session warmed
2026-09-29 02:33:18,635 | INFO | 🌐 Session warmed
2026-09-29 02:33:19,589 | INFO |    ↳ Status 403
2026-09-29 02:33:19,589 | WARNING |    ⚠ Blocked (403) retry 3
2026-09-29 02:33:19,663 | INFO | 🌐 Session warmed
2026-09-29 02:33:20,057 | INFO |    ↳ Status 403
2026-09-29 02:33:20,057 | WARNING |    ⚠ Blocked (403) retry 2
2026-09-29 02:33:20,152 | INFO | 🌐 Session warmed
2026-09-29 02:33:20,870 | INFO |    ↳ Status 403
2026-09-29 02:33:20,870 | WARNING |    ⚠ Blocked (403) retry 2
2026-09-29 02:33:20,976 | INFO | 🌐 Session warmed
2026-09-29 02:33:21,020 | INFO |    ↳ Status 403
2026-09-29 02:33:21,020 | WARNING |    ⚠ Blocked (403) retry 2
2026-09-29 02:33:21,086 | INFO | 🌐 Session warmed
2026-09-29 02:33:23,431 | INFO |    ↳ Status 403
2026-09-29 02:33:23,432 | WARNING |    ⚠ Blocked (403) retry 3
2026-09-29 02:33:23,498 | INFO | 🌐 Session warmed
2026-09-29 02:33:23,647 | INFO |    ↳ Status 403
2026-09-29 02:33:23,647 | WARNING |    ⚠ Blocked (403) retry 3
2026-09-29 02:33:23,663 | INFO | [659/1901] Fetching Hooghly (HOOG)
2026-09-29 02:33:23,752 | INFO | 🌐 Session warmed
2026-09-29 02:33:24,303 | INFO |    ↳ Status 403
2026-09-29 02:33:24,303 | WARNING |    ⚠ Blocked (403) retry 3
2026-09-29 02:33:24,374 | INFO | 🌐 Session warmed
2026-09-29 02:33:24,779 | INFO |    ↳ Status 403
2026-09-29 02:33:24,779 | WARNING |    ⚠ Blocked (403) retry 1
2026-09-29 02:33:24,872 | INFO | 🌐 Session warmed
2026-09-29 02:33:26,662 | INFO |    ↳ Status 403
2026-09-29 02:33:26,662 | WARNING |    ⚠ Blocked (403) retry 2
2026-09-29 02:33:26,736 | INFO | 🌐 Session warmed
2026-09-29 02:33:27,499 | INFO | [660/1901] Fetching Hoshangabad (HSGB)
2026-09-29 02:33:27,752 | INFO | [661/1901] Fetching Hoshiarpur (HOSH)
2026-09-29 02:33:28,374 | INFO | [662/1901] Fetching Hoskote (HOKT)
2026-09-29 02:33:28,557 | INFO |    ↳ Status 403
2026-09-29 02:33:28,557 | WARNING |    ⚠ Blocked (403) retry 1
2026-09-29 02:33:28,629 | INFO | 🌐 Session warmed
2026-09-29 02:33:28,651 | INFO |    ↳ Status 403
2026-09-29 02:33:28,651 | WARNING |    ⚠ Blocked (403) retry 1
2026-09-29 02:33:28,717 | INFO | 🌐 Session warmed
2026-09-29 02:33:29,039 | INFO |    ↳ Status 403
2026-09-29 02:33:29,039 | WARNING |    ⚠ Blocked (403) retry 1
2026-09-29 02:33:29,137 | INFO | 🌐 Session warmed
2026-09-29 02:33:29,874 | INFO |    ↳ Status 403
2026-09-29 02:33:29,874 | WARNING |    ⚠ Blocked (403) retry 3
2026-09-29 02:33:29,943 | INFO | 🌐 Session warmed
2026-09-29 02:33:30,416 | INFO |    ↳ Status 403
2026-09-29 02:33:30,416 | WARNING |    ⚠ Blocked (403) retry 2
2026-09-29 02:33:30,492 | INFO | 🌐 Session warmed
2026-09-29 02:33:30,942 | INFO |    ↳ Status 403
2026-09-29 02:33:30,942 | WARNING |    ⚠ Blocked (403) retry 2
2026-09-29 02:33:31,027 | INFO | 🌐 Session warmed
2026-09-29 02:33:31,369 | INFO |    ↳ Status 403
2026-09-29 02:33:31,369 | WARNING |    ⚠ Blocked (403) retry 2
2026-09-29 02:33:31,436 | INFO | 🌐 Session warmed
2026-09-29 02:33:33,865 | INFO |    ↳ Status 403
2026-09-29 02:33:33,865 | WARNING |    ⚠ Blocked (403) retry 3
2026-09-29 02:33:33,943 | INFO | [663/1901] Fetching Hospet (HOSP)
2026-09-29 02:33:33,945 | INFO | 🌐 Session warmed
2026-09-29 02:33:34,057 | INFO |    ↳ Status 403
2026-09-29 02:33:34,057 | WARNING |    ⚠ Blocked (403) retry 3
2026-09-29 02:33:34,131 | INFO | 🌐 Session warmed
2026-09-29 02:33:34,523 | INFO |    ↳ Status 403
2026-09-29 02:33:34,523 | WARNING |    ⚠ Blocked (403) retry 3
2026-09-29 02:33:34,590 | INFO | 🌐 Session warmed
2026-09-29 02:33:35,106 | INFO |    ↳ Status 403
2026-09-29 02:33:35,106 | WARNING |    ⚠ Blocked (403) retry 1
2026-09-29 02:33:35,175 | INFO | 🌐 Session warmed
2026-09-29 02:33:37,327 | INFO |    ↳ Status 403
2026-09-29 02:33:37,327 | WARNING |    ⚠ Blocked (403) retry 2
2026-09-29 02:33:37,402 | INFO | 🌐 Session warmed
2026-09-29 02:33:37,946 | INFO | [664/1901] Fetching Hosur (HSUR)
2026-09-29 02:33:38,131 | INFO | [665/1901] Fetching Howrah (HWRH)
2026-09-29 02:33:38,590 | INFO | [666/1901] Fetching Hubballi (Hubli) (HUBL)
2026-09-29 02:33:38,900 | INFO |    ↳ Status 403
2026-09-29 02:33:38,900 | WARNING |    ⚠ Blocked (403) retry 1
2026-09-29 02:33:38,968 | INFO | 🌐 Session warmed
2026-09-29 02:33:39,063 | INFO |    ↳ Status 403
2026-09-29 02:33:39,063 | WARNING |    ⚠ Blocked (403) retry 1
2026-09-29 02:33:39,135 | INFO | 🌐 Session warmed
2026-09-29 02:33:40,004 | INFO |    ↳ Status 403
2026-09-29 02:33:40,004 | WARNING |    ⚠ Blocked (403) retry 1
2026-09-29 02:33:40,076 | INFO | 🌐 Session warmed
2026-09-29 02:33:40,148 | INFO |    ↳ Status 403
2026-09-29 02:33:40,148 | WARNING |    ⚠ Blocked (403) retry 3
2026-09-29 02:33:40,220 | INFO | 🌐 Session warmed
2026-09-29 02:33:41,212 | INFO |    ↳ Status 403
2026-09-29 02:33:41,212 | WARNING |    ⚠ Blocked (403) retry 2
2026-09-29 02:33:41,285 | INFO | 🌐 Session warmed
2026-09-29 02:33:41,334 | INFO |    ↳ Status 403
2026-09-29 02:33:41,334 | WARNING |    ⚠ Blocked (403) retry 2
2026-09-29 02:33:41,464 | INFO | 🌐 Session warmed
2026-09-29 02:33:41,864 | INFO |    ↳ Status 403
2026-09-29 02:33:41,864 | WARNING |    ⚠ Blocked (403) retry 2
2026-09-29 02:33:41,947 | INFO | 🌐 Session warmed
2026-09-29 02:33:44,220 | INFO | [667/1901] Fetching Hunagunda (HNGN)
2026-09-29 02:33:44,681 | INFO |    ↳ Status 403
2026-09-29 02:33:44,681 | WARNING |    ⚠ Blocked (403) retry 3
2026-09-29 02:33:44,748 | INFO | 🌐 Session warmed
2026-09-29 02:33:44,784 | INFO |    ↳ Status 403
2026-09-29 02:33:44,784 | WARNING |    ⚠ Blocked (403) retry 3
2026-09-29 02:33:44,857 | INFO | 🌐 Session warmed
2026-09-29 02:33:45,079 | INFO |    ↳ Status 403
2026-09-29 02:33:45,079 | WARNING |    ⚠ Blocked (403) retry 3
2026-09-29 02:33:45,172 | INFO | 🌐 Session warmed
2026-09-29 02:33:45,605 | INFO |    ↳ Status 403
2026-09-29 02:33:45,605 | WARNING |    ⚠ Blocked (403) retry 1
2026-09-29 02:33:45,672 | INFO | 🌐 Session warmed
2026-09-29 02:33:47,359 | INFO |    ↳ Status 403
2026-09-29 02:33:47,359 | WARNING |    ⚠ Blocked (403) retry 2
2026-09-29 02:33:47,428 | INFO | 🌐 Session warmed
2026-09-29 02:33:48,748 | INFO | [668/1901] Fetching Hunsur (HUSR)
2026-09-29 02:33:48,858 | INFO | [669/1901] Fetching Husnabad (HSBD)
2026-09-29 02:33:49,172 | INFO | [670/1901] Fetching Huvinahadagali (HULI)
2026-09-29 02:33:49,485 | INFO |    ↳ Status 403
2026-09-29 02:33:49,485 | WARNING |    ⚠ Blocked (403) retry 1
2026-09-29 02:33:49,578 | INFO | 🌐 Session warmed
2026-09-29 02:33:49,835 | INFO |    ↳ Status 403
2026-09-29 02:33:49,835 | WARNING |    ⚠ Blocked (403) retry 1
2026-09-29 02:33:49,906 | INFO | 🌐 Session warmed
2026-09-29 02:33:50,133 | INFO |    ↳ Status 403
2026-09-29 02:33:50,134 | WARNING |    ⚠ Blocked (403) retry 3
2026-09-29 02:33:50,200 | INFO | 🌐 Session warmed
2026-09-29 02:33:50,356 | INFO |    ↳ Status 403
2026-09-29 02:33:50,356 | WARNING |    ⚠ Blocked (403) retry 1
2026-09-29 02:33:50,426 | INFO | 🌐 Session warmed
2026-09-29 02:33:51,545 | INFO |    ↳ Status 403
2026-09-29 02:33:51,546 | WARNING |    ⚠ Blocked (403) retry 2
2026-09-29 02:33:51,620 | INFO | 🌐 Session warmed
2026-09-29 02:33:51,817 | INFO |    ↳ Status 403
2026-09-29 02:33:51,817 | WARNING |    ⚠ Blocked (403) retry 2
2026-09-29 02:33:51,885 | INFO | 🌐 Session warmed
2026-09-29 02:33:52,400 | INFO |    ↳ Status 403
2026-09-29 02:33:52,400 | WARNING |    ⚠ Blocked (403) retry 2
2026-09-29 02:33:52,476 | INFO | 🌐 Session warmed
2026-09-29 02:33:54,200 | INFO | [671/1901] Fetching Huzurabad (HZUB)
2026-09-29 02:33:54,459 | INFO |    ↳ Status 403
2026-09-29 02:33:54,459 | WARNING |    ⚠ Blocked (403) retry 3
2026-09-29 02:33:54,532 | INFO | 🌐 Session warmed
2026-09-29 02:33:54,539 | INFO |    ↳ Status 403
2026-09-29 02:33:54,539 | WARNING |    ⚠ Blocked (403) retry 3
2026-09-29 02:33:54,607 | INFO | 🌐 Session warmed
2026-09-29 02:33:54,857 | INFO |    ↳ Status 403
2026-09-29 02:33:54,857 | WARNING |    ⚠ Blocked (403) retry 1
2026-09-29 02:33:55,091 | INFO | 🌐 Session warmed
2026-09-29 02:33:55,819 | INFO |    ↳ Status 403
2026-09-29 02:33:55,819 | WARNING |    ⚠ Blocked (403) retry 3
2026-09-29 02:33:55,884 | INFO | 🌐 Session warmed
2026-09-29 02:33:56,813 | INFO |    ↳ Status 403
2026-09-29 02:33:56,813 | WARNING |    ⚠ Blocked (403) retry 2
2026-09-29 02:33:56,878 | INFO | 🌐 Session warmed
2026-09-29 02:33:58,532 | INFO | [672/1901] Fetching Huzurnagar (HUZU)
2026-09-29 02:33:58,607 | INFO | [673/1901] Fetching Ichalkaranji (ICHL)
2026-09-29 02:33:59,405 | INFO |    ↳ Status 403
2026-09-29 02:33:59,405 | WARNING |    ⚠ Blocked (403) retry 1
2026-09-29 02:33:59,472 | INFO | 🌐 Session warmed
2026-09-29 02:33:59,517 | INFO |    ↳ Status 403
2026-09-29 02:33:59,517 | WARNING |    ⚠ Blocked (403) retry 1
2026-09-29 02:33:59,583 | INFO | 🌐 Session warmed
2026-09-29 02:33:59,885 | INFO | [674/1901] Fetching Ichchapuram (ICPR)
2026-09-29 02:33:59,972 | INFO |    ↳ Status 403
2026-09-29 02:33:59,972 | WARNING |    ⚠ Blocked (403) retry 3
2026-09-29 02:34:00,039 | INFO | 🌐 Session warmed
2026-09-29 02:34:01,383 | INFO |    ↳ Status 403
2026-09-29 02:34:01,383 | WARNING |    ⚠ Blocked (403) retry 2
2026-09-29 02:34:01,458 | INFO | 🌐 Session warmed
2026-09-29 02:34:01,876 | INFO |    ↳ Status 403
2026-09-29 02:34:01,876 | WARNING |    ⚠ Blocked (403) retry 2
2026-09-29 02:34:01,941 | INFO | 🌐 Session warmed
2026-09-29 02:34:02,272 | INFO |    ↳ Status 200
2026-09-29 02:34:02,272 | INFO |    ✓ Found 8 movies
2026-09-29 02:34:02,272 | INFO | [675/1901] Fetching Idappadi (IDPI)
2026-09-29 02:34:03,968 | INFO |    ↳ Status 200
2026-09-29 02:34:03,969 | INFO |    ✓ Found 8 movies
2026-09-29 02:34:03,969 | INFO | [676/1901] Fetching Idar (IDAR)
2026-09-29 02:34:04,039 | INFO | [677/1901] Fetching Idukki (IDKI)
2026-09-29 02:34:04,573 | INFO |    ↳ Status 403
2026-09-29 02:34:04,573 | WARNING |    ⚠ Blocked (403) retry 3
2026-09-29 02:34:04,643 | INFO | 🌐 Session warmed
2026-09-29 02:34:04,935 | INFO |    ↳ Status 403
2026-09-29 02:34:04,935 | WARNING |    ⚠ Blocked (403) retry 1
2026-09-29 02:34:05,004 | INFO | 🌐 Session warmed
2026-09-29 02:34:05,301 | INFO |    ↳ Status 403
2026-09-29 02:34:05,301 | WARNING |    ⚠ Blocked (403) retry 1
2026-09-29 02:34:05,357 | INFO |    ↳ Status 403
2026-09-29 02:34:05,357 | WARNING |    ⚠ Blocked (403) retry 3
2026-09-29 02:34:05,369 | INFO | 🌐 Session warmed
2026-09-29 02:34:05,431 | INFO | 🌐 Session warmed
2026-09-29 02:34:07,128 | INFO |    ↳ Status 403
2026-09-29 02:34:07,128 | WARNING |    ⚠ Blocked (403) retry 2
2026-09-29 02:34:07,199 | INFO | 🌐 Session warmed
2026-09-29 02:34:07,405 | INFO |    ↳ Status 403
2026-09-29 02:34:07,405 | WARNING |    ⚠ Blocked (403) retry 2
2026-09-29 02:34:07,477 | INFO | 🌐 Session warmed
2026-09-29 02:34:08,644 | INFO | [678/1901] Fetching Ieeja (IEEJ)
2026-09-29 02:34:09,431 | INFO | [679/1901] Fetching Imphal (IMPH)
2026-09-29 02:34:09,441 | INFO |    ↳ Status 403
2026-09-29 02:34:09,441 | WARNING |    ⚠ Blocked (403) retry 1
2026-09-29 02:34:09,510 | INFO | 🌐 Session warmed
2026-09-29 02:34:10,198 | INFO |    ↳ Status 403
2026-09-29 02:34:10,198 | WARNING |    ⚠ Blocked (403) retry 1
2026-09-29 02:34:10,268 | INFO | 🌐 Session warmed
2026-09-29 02:34:10,398 | INFO |    ↳ Status 403
2026-09-29 02:34:10,398 | WARNING |    ⚠ Blocked (403) retry 3
2026-09-29 02:34:10,467 | INFO | 🌐 Session warmed
2026-09-29 02:34:10,706 | INFO |    ↳ Status 403
2026-09-29 02:34:10,706 | WARNING |    ⚠ Blocked (403) retry 3
2026-09-29 02:34:10,774 | INFO | 🌐 Session warmed
2026-09-29 02:34:11,225 | INFO |    ↳ Status 403
2026-09-29 02:34:11,225 | WARNING |    ⚠ Blocked (403) retry 2
2026-09-29 02:34:11,310 | INFO | 🌐 Session warmed
2026-09-29 02:34:12,144 | INFO |    ↳ Status 403
2026-09-29 02:34:12,144 | WARNING |    ⚠ Blocked (403) retry 2
2026-09-29 02:34:12,211 | INFO | 🌐 Session warmed
2026-09-29 02:34:14,468 | INFO | [680/1901] Fetching Indapur (INDA)
2026-09-29 02:34:14,609 | INFO |    ↳ Status 403
2026-09-29 02:34:14,609 | WARNING |    ⚠ Blocked (403) retry 3
2026-09-29 02:34:14,679 | INFO | 🌐 Session warmed
2026-09-29 02:34:14,774 | INFO | [681/1901] Fetching Indi (IIND)
2026-09-29 02:34:15,499 | INFO |    ↳ Status 403
2026-09-29 02:34:15,499 | WARNING |    ⚠ Blocked (403) retry 3
2026-09-29 02:34:15,579 | INFO | 🌐 Session warmed
2026-09-29 02:34:15,738 | INFO |    ↳ Status 403
2026-09-29 02:34:15,738 | WARNING |    ⚠ Blocked (403) retry 1
2026-09-29 02:34:15,806 | INFO | 🌐 Session warmed
2026-09-29 02:34:16,053 | INFO |    ↳ Status 403
2026-09-29 02:34:16,053 | WARNING |    ⚠ Blocked (403) retry 1
2026-09-29 02:34:16,131 | INFO | 🌐 Session warmed
2026-09-29 02:34:18,176 | INFO |    ↳ Status 403
2026-09-29 02:34:18,176 | WARNING |    ⚠ Blocked (403) retry 2
2026-09-29 02:34:18,257 | INFO | 🌐 Session warmed
2026-09-29 02:34:18,427 | INFO |    ↳ Status 403
2026-09-29 02:34:18,427 | WARNING |    ⚠ Blocked (403) retry 2
2026-09-29 02:34:18,495 | INFO | 🌐 Session warmed
2026-09-29 02:34:18,679 | INFO | [682/1901] Fetching Indore (IND)
2026-09-29 02:34:19,579 | INFO | [683/1901] Fetching Indukurpeta (IDPA)
2026-09-29 02:34:19,792 | INFO |    ↳ Status 403
2026-09-29 02:34:19,792 | WARNING |    ⚠ Blocked (403) retry 1
2026-09-29 02:34:19,866 | INFO | 🌐 Session warmed
2026-09-29 02:34:20,750 | INFO |    ↳ Status 403
2026-09-29 02:34:20,750 | WARNING |    ⚠ Blocked (403) retry 1
2026-09-29 02:34:20,812 | INFO | 🌐 Session warmed
2026-09-29 02:34:21,435 | INFO |    ↳ Status 403
2026-09-29 02:34:21,436 | WARNING |    ⚠ Blocked (403) retry 3
2026-09-29 02:34:21,526 | INFO | 🌐 Session warmed
2026-09-29 02:34:21,545 | INFO |    ↳ Status 403
2026-09-29 02:34:21,545 | WARNING |    ⚠ Blocked (403) retry 3
2026-09-29 02:34:21,622 | INFO | 🌐 Session warmed
2026-09-29 02:34:22,273 | INFO |    ↳ Status 403
2026-09-29 02:34:22,273 | WARNING |    ⚠ Blocked (403) retry 2
2026-09-29 02:34:22,343 | INFO | 🌐 Session warmed
2026-09-29 02:34:22,677 | INFO |    ↳ Status 403
2026-09-29 02:34:22,677 | WARNING |    ⚠ Blocked (403) retry 2
2026-09-29 02:34:22,746 | INFO | 🌐 Session warmed
2026-09-29 02:34:25,368 | INFO |    ↳ Status 403
2026-09-29 02:34:25,368 | WARNING |    ⚠ Blocked (403) retry 3
2026-09-29 02:34:25,445 | INFO | 🌐 Session warmed
2026-09-29 02:34:25,526 | INFO | [684/1901] Fetching Irinjalakuda (IRNK)
2026-09-29 02:34:25,622 | INFO | [685/1901] Fetching Itanagar (ITNG)
2026-09-29 02:34:25,863 | INFO |    ↳ Status 403
2026-09-29 02:34:25,863 | WARNING |    ⚠ Blocked (403) retry 3
2026-09-29 02:34:25,931 | INFO | 🌐 Session warmed
2026-09-29 02:34:26,662 | INFO |    ↳ Status 403
2026-09-29 02:34:26,662 | WARNING |    ⚠ Blocked (403) retry 1
2026-09-29 02:34:26,804 | INFO | 🌐 Session warmed
2026-09-29 02:34:26,807 | INFO |    ↳ Status 403
2026-09-29 02:34:26,807 | WARNING |    ⚠ Blocked (403) retry 1
2026-09-29 02:34:26,893 | INFO | 🌐 Session warmed
2026-09-29 02:34:28,538 | INFO |    ↳ Status 403
2026-09-29 02:34:28,538 | WARNING |    ⚠ Blocked (403) retry 2
2026-09-29 02:34:28,605 | INFO | 🌐 Session warmed
2026-09-29 02:34:28,991 | INFO |    ↳ Status 403
2026-09-29 02:34:28,991 | WARNING |    ⚠ Blocked (403) retry 2
2026-09-29 02:34:29,065 | INFO | 🌐 Session warmed
2026-09-29 02:34:29,445 | INFO | [686/1901] Fetching Itarsi (ITAR)
2026-09-29 02:34:29,931 | INFO | [687/1901] Fetching Jabalpur (JABL)
2026-09-29 02:34:30,608 | INFO |    ↳ Status 403
2026-09-29 02:34:30,608 | WARNING |    ⚠ Blocked (403) retry 1
2026-09-29 02:34:30,685 | INFO | 🌐 Session warmed
2026-09-29 02:34:30,695 | INFO |    ↳ Status 403
2026-09-29 02:34:30,695 | WARNING |    ⚠ Blocked (403) retry 1
2026-09-29 02:34:30,764 | INFO | 🌐 Session warmed
2026-09-29 02:34:31,774 | INFO |    ↳ Status 403
2026-09-29 02:34:31,774 | WARNING |    ⚠ Blocked (403) retry 3
2026-09-29 02:34:31,843 | INFO | 🌐 Session warmed
2026-09-29 02:34:32,401 | INFO |    ↳ Status 403
2026-09-29 02:34:32,401 | WARNING |    ⚠ Blocked (403) retry 2
2026-09-29 02:34:32,461 | INFO |    ↳ Status 403
2026-09-29 02:34:32,461 | WARNING |    ⚠ Blocked (403) retry 3
2026-09-29 02:34:32,472 | INFO | 🌐 Session warmed
2026-09-29 02:34:32,538 | INFO | 🌐 Session warmed
2026-09-29 02:34:32,747 | INFO |    ↳ Status 403
2026-09-29 02:34:32,747 | WARNING |    ⚠ Blocked (403) retry 2
2026-09-29 02:34:32,820 | INFO | 🌐 Session warmed
2026-09-29 02:34:35,757 | INFO |    ↳ Status 403
2026-09-29 02:34:35,757 | WARNING |    ⚠ Blocked (403) retry 3
2026-09-29 02:34:35,777 | INFO |    ↳ Status 403
2026-09-29 02:34:35,777 | WARNING |    ⚠ Blocked (403) retry 3
2026-09-29 02:34:35,834 | INFO | 🌐 Session warmed
2026-09-29 02:34:35,843 | INFO | [688/1901] Fetching Jadcherla (JADC)
2026-09-29 02:34:35,855 | INFO | 🌐 Session warmed
2026-09-29 02:34:36,539 | INFO | [689/1901] Fetching Jagalur (JAGA)
2026-09-29 02:34:36,796 | INFO |    ↳ Status 403
2026-09-29 02:34:36,796 | WARNING |    ⚠ Blocked (403) retry 1
2026-09-29 02:34:36,870 | INFO | 🌐 Session warmed
2026-09-29 02:34:37,216 | INFO |    ↳ Status 403
2026-09-29 02:34:37,216 | WARNING |    ⚠ Blocked (403) retry 1
2026-09-29 02:34:37,283 | INFO | 🌐 Session warmed
2026-09-29 02:34:38,934 | INFO |    ↳ Status 403
2026-09-29 02:34:38,934 | WARNING |    ⚠ Blocked (403) retry 2
2026-09-29 02:34:39,003 | INFO | 🌐 Session warmed
2026-09-29 02:34:39,229 | INFO |    ↳ Status 403
2026-09-29 02:34:39,229 | WARNING |    ⚠ Blocked (403) retry 2
2026-09-29 02:34:39,309 | INFO | 🌐 Session warmed
2026-09-29 02:34:39,834 | INFO | [690/1901] Fetching Jagatdal (JGDL)
2026-09-29 02:34:39,855 | INFO | [691/1901] Fetching Jagdalpur (JAGD)
2026-09-29 02:34:40,559 | INFO |    ↳ Status 403
2026-09-29 02:34:40,559 | WARNING |    ⚠ Blocked (403) retry 1
2026-09-29 02:34:40,649 | INFO | 🌐 Session warmed
2026-09-29 02:34:41,258 | INFO |    ↳ Status 403
2026-09-29 02:34:41,258 | WARNING |    ⚠ Blocked (403) retry 1
2026-09-29 02:34:41,324 | INFO | 🌐 Session warmed
2026-09-29 02:34:42,303 | INFO |    ↳ Status 403
2026-09-29 02:34:42,303 | WARNING |    ⚠ Blocked (403) retry 3
2026-09-29 02:34:42,371 | INFO | 🌐 Session warmed
2026-09-29 02:34:42,446 | INFO |    ↳ Status 403
2026-09-29 02:34:42,446 | WARNING |    ⚠ Blocked (403) retry 2
2026-09-29 02:34:42,522 | INFO | 🌐 Session warmed
2026-09-29 02:34:42,720 | INFO |    ↳ Status 403
2026-09-29 02:34:42,720 | WARNING |    ⚠ Blocked (403) retry 3
2026-09-29 02:34:42,794 | INFO | 🌐 Session warmed
2026-09-29 02:34:43,299 | INFO |    ↳ Status 403
2026-09-29 02:34:43,299 | WARNING |    ⚠ Blocked (403) retry 2
2026-09-29 02:34:43,387 | INFO | 🌐 Session warmed
2026-09-29 02:34:45,242 | INFO |    ↳ Status 403
2026-09-29 02:34:45,242 | WARNING |    ⚠ Blocked (403) retry 3
2026-09-29 02:34:45,312 | INFO | 🌐 Session warmed
2026-09-29 02:34:46,371 | INFO | [692/1901] Fetching Jaggampeta (JAGG)
2026-09-29 02:34:46,694 | INFO |    ↳ Status 403
2026-09-29 02:34:46,694 | WARNING |    ⚠ Blocked (403) retry 3
2026-09-29 02:34:46,764 | INFO | 🌐 Session warmed
2026-09-29 02:34:46,795 | INFO | [693/1901] Fetching Jaggayyapeta (JGGY)
2026-09-29 02:34:47,721 | INFO |    ↳ Status 403
2026-09-29 02:34:47,721 | WARNING |    ⚠ Blocked (403) retry 1
2026-09-29 02:34:47,787 | INFO | 🌐 Session warmed
2026-09-29 02:34:47,888 | INFO |    ↳ Status 403
2026-09-29 02:34:47,888 | WARNING |    ⚠ Blocked (403) retry 1
2026-09-29 02:34:47,960 | INFO | 🌐 Session warmed
2026-09-29 02:34:49,313 | INFO | [694/1901] Fetching Jagraon (JGRO)
2026-09-29 02:34:49,489 | INFO |    ↳ Status 403
2026-09-29 02:34:49,489 | WARNING |    ⚠ Blocked (403) retry 2
2026-09-29 02:34:49,560 | INFO | 🌐 Session warmed
2026-09-29 02:34:49,891 | INFO |    ↳ Status 403
2026-09-29 02:34:49,891 | WARNING |    ⚠ Blocked (403) retry 2
2026-09-29 02:34:49,958 | INFO | 🌐 Session warmed
2026-09-29 02:34:50,468 | INFO |    ↳ Status 403
2026-09-29 02:34:50,468 | WARNING |    ⚠ Blocked (403) retry 1
2026-09-29 02:34:50,541 | INFO | 🌐 Session warmed
2026-09-29 02:34:50,764 | INFO | [695/1901] Fetching Jagtial (JGTL)
2026-09-29 02:34:51,742 | INFO |    ↳ Status 403
2026-09-29 02:34:51,742 | WARNING |    ⚠ Blocked (403) retry 1
2026-09-29 02:34:51,812 | INFO | 🌐 Session warmed
2026-09-29 02:34:52,400 | INFO |    ↳ Status 403
2026-09-29 02:34:52,400 | WARNING |    ⚠ Blocked (403) retry 2
2026-09-29 02:34:52,472 | INFO | 🌐 Session warmed
2026-09-29 02:34:52,781 | INFO |    ↳ Status 403
2026-09-29 02:34:52,781 | WARNING |    ⚠ Blocked (403) retry 3
2026-09-29 02:34:52,850 | INFO | 🌐 Session warmed
2026-09-29 02:34:52,959 | INFO |    ↳ Status 403
2026-09-29 02:34:52,959 | WARNING |    ⚠ Blocked (403) retry 3
2026-09-29 02:34:53,034 | INFO | 🌐 Session warmed
2026-09-29 02:34:53,893 | INFO |    ↳ Status 403
2026-09-29 02:34:53,893 | WARNING |    ⚠ Blocked (403) retry 2
2026-09-29 02:34:53,968 | INFO | 🌐 Session warmed
2026-09-29 02:34:55,208 | INFO |    ↳ Status 403
2026-09-29 02:34:55,208 | WARNING |    ⚠ Blocked (403) retry 3
2026-09-29 02:34:55,283 | INFO | 🌐 Session warmed
2026-09-29 02:34:56,850 | INFO | [696/1901] Fetching Jaipur (JAIP)
2026-09-29 02:34:57,034 | INFO | [697/1901] Fetching Jaisalmer (JSMR)
2026-09-29 02:34:57,304 | INFO |    ↳ Status 403
2026-09-29 02:34:57,304 | WARNING |    ⚠ Blocked (403) retry 3
2026-09-29 02:34:57,377 | INFO | 🌐 Session warmed
2026-09-29 02:34:58,061 | INFO |    ↳ Status 403
2026-09-29 02:34:58,061 | WARNING |    ⚠ Blocked (403) retry 1
2026-09-29 02:34:58,186 | INFO |    ↳ Status 403
2026-09-29 02:34:58,186 | WARNING |    ⚠ Blocked (403) retry 1
2026-09-29 02:34:58,230 | INFO | 🌐 Session warmed
2026-09-29 02:34:58,266 | INFO | 🌐 Session warmed
2026-09-29 02:34:59,283 | INFO | [698/1901] Fetching Jajpur Road (JAJP)
2026-09-29 02:35:00,197 | INFO |    ↳ Status 403
2026-09-29 02:35:00,197 | WARNING |    ⚠ Blocked (403) retry 2
2026-09-29 02:35:00,273 | INFO | 🌐 Session warmed
2026-09-29 02:35:00,275 | INFO |    ↳ Status 403
2026-09-29 02:35:00,275 | WARNING |    ⚠ Blocked (403) retry 1
2026-09-29 02:35:00,343 | INFO | 🌐 Session warmed
2026-09-29 02:35:00,460 | INFO |    ↳ Status 403
2026-09-29 02:35:00,460 | WARNING |    ⚠ Blocked (403) retry 2
2026-09-29 02:35:00,553 | INFO | 🌐 Session warmed
2026-09-29 02:35:01,378 | INFO | [699/1901] Fetching Jajpur Town (Odisha) (JTTT)
2026-09-29 02:35:02,006 | INFO |    ↳ Status 403
2026-09-29 02:35:02,006 | WARNING |    ⚠ Blocked (403) retry 2
2026-09-29 02:35:02,009 | INFO |    ↳ Status 403
2026-09-29 02:35:02,009 | WARNING |    ⚠ Blocked (403) retry 1
2026-09-29 02:35:02,089 | INFO | 🌐 Session warmed
2026-09-29 02:35:02,097 | INFO | 🌐 Session warmed
2026-09-29 02:35:03,202 | INFO |    ↳ Status 403
2026-09-29 02:35:03,202 | WARNING |    ⚠ Blocked (403) retry 3
2026-09-29 02:35:03,227 | INFO |    ↳ Status 403
2026-09-29 02:35:03,227 | WARNING |    ⚠ Blocked (403) retry 3
2026-09-29 02:35:03,284 | INFO | 🌐 Session warmed
2026-09-29 02:35:03,303 | INFO | 🌐 Session warmed
2026-09-29 02:35:03,791 | INFO |    ↳ Status 403
2026-09-29 02:35:03,791 | WARNING |    ⚠ Blocked (403) retry 2
2026-09-29 02:35:03,857 | INFO | 🌐 Session warmed
2026-09-29 02:35:05,446 | INFO |    ↳ Status 403
2026-09-29 02:35:05,446 | WARNING |    ⚠ Blocked (403) retry 3
2026-09-29 02:35:05,519 | INFO | 🌐 Session warmed
2026-09-29 02:35:07,227 | INFO |    ↳ Status 403
2026-09-29 02:35:07,227 | WARNING |    ⚠ Blocked (403) retry 3
2026-09-29 02:35:07,284 | INFO | [700/1901] Fetching Jalakandapuram (JAKA)
2026-09-29 02:35:07,301 | INFO | 🌐 Session warmed
2026-09-29 02:35:07,303 | INFO | [701/1901] Fetching Jalalabad (JLAB)
2026-09-29 02:35:08,131 | INFO |    ↳ Status 403
2026-09-29 02:35:08,131 | WARNING |    ⚠ Blocked (403) retry 1
2026-09-29 02:35:08,200 | INFO | 🌐 Session warmed
2026-09-29 02:35:08,699 | INFO |    ↳ Status 403
2026-09-29 02:35:08,699 | WARNING |    ⚠ Blocked (403) retry 1
2026-09-29 02:35:08,766 | INFO | 🌐 Session warmed
2026-09-29 02:35:09,519 | INFO | [702/1901] Fetching Jalandhar (JALA)
2026-09-29 02:35:09,837 | INFO |    ↳ Status 403
2026-09-29 02:35:09,837 | WARNING |    ⚠ Blocked (403) retry 2
2026-09-29 02:35:09,905 | INFO | 🌐 Session warmed
2026-09-29 02:35:10,367 | INFO |    ↳ Status 403
2026-09-29 02:35:10,367 | WARNING |    ⚠ Blocked (403) retry 1
2026-09-29 02:35:10,445 | INFO | 🌐 Session warmed
2026-09-29 02:35:11,001 | INFO |    ↳ Status 403
2026-09-29 02:35:11,001 | WARNING |    ⚠ Blocked (403) retry 2
2026-09-29 02:35:11,068 | INFO | 🌐 Session warmed
2026-09-29 02:35:11,301 | INFO | [703/1901] Fetching Jalaun (JAUN)
2026-09-29 02:35:12,545 | INFO |    ↳ Status 403
2026-09-29 02:35:12,545 | WARNING |    ⚠ Blocked (403) retry 1
2026-09-29 02:35:12,562 | INFO |    ↳ Status 200
2026-09-29 02:35:12,562 | INFO |    ✓ Found 7 movies
2026-09-29 02:35:12,562 | INFO | [704/1901] Fetching Jalgaon (JALG)
2026-09-29 02:35:12,637 | INFO | 🌐 Session warmed
2026-09-29 02:35:13,291 | INFO |    ↳ Status 403
2026-09-29 02:35:13,291 | WARNING |    ⚠ Blocked (403) retry 1
2026-09-29 02:35:13,369 | INFO | 🌐 Session warmed
2026-09-29 02:35:13,608 | INFO |    ↳ Status 403
2026-09-29 02:35:13,608 | WARNING |    ⚠ Blocked (403) retry 3
2026-09-29 02:35:13,684 | INFO | 🌐 Session warmed
2026-09-29 02:35:13,965 | INFO |    ↳ Status 403
2026-09-29 02:35:13,965 | WARNING |    ⚠ Blocked (403) retry 3
2026-09-29 02:35:14,040 | INFO | 🌐 Session warmed
2026-09-29 02:35:14,582 | INFO |    ↳ Status 403
2026-09-29 02:35:14,582 | WARNING |    ⚠ Blocked (403) retry 2
2026-09-29 02:35:14,653 | INFO | 🌐 Session warmed
2026-09-29 02:35:15,442 | INFO |    ↳ Status 403
2026-09-29 02:35:15,442 | WARNING |    ⚠ Blocked (403) retry 2
2026-09-29 02:35:15,515 | INFO | 🌐 Session warmed
2026-09-29 02:35:17,684 | INFO | [705/1901] Fetching Jalna (JALN)
2026-09-29 02:35:17,863 | INFO |    ↳ Status 403
2026-09-29 02:35:17,863 | WARNING |    ⚠ Blocked (403) retry 3
2026-09-29 02:35:18,010 | INFO | 🌐 Session warmed
2026-09-29 02:35:18,040 | INFO | [706/1901] Fetching Jalore (LALO)
2026-09-29 02:35:18,769 | INFO |    ↳ Status 403
2026-09-29 02:35:18,769 | WARNING |    ⚠ Blocked (403) retry 1
2026-09-29 02:35:18,839 | INFO | 🌐 Session warmed
2026-09-29 02:35:18,928 | INFO |    ↳ Status 403
2026-09-29 02:35:18,928 | WARNING |    ⚠ Blocked (403) retry 3
2026-09-29 02:35:18,998 | INFO | 🌐 Session warmed
2026-09-29 02:35:19,268 | INFO |    ↳ Status 403
2026-09-29 02:35:19,268 | WARNING |    ⚠ Blocked (403) retry 1
2026-09-29 02:35:19,337 | INFO | 🌐 Session warmed
2026-09-29 02:35:20,745 | INFO |    ↳ Status 403
2026-09-29 02:35:20,745 | WARNING |    ⚠ Blocked (403) retry 2
2026-09-29 02:35:20,825 | INFO | 🌐 Session warmed
2026-09-29 02:35:21,581 | INFO |    ↳ Status 403
2026-09-29 02:35:21,581 | WARNING |    ⚠ Blocked (403) retry 2
2026-09-29 02:35:21,662 | INFO | 🌐 Session warmed
2026-09-29 02:35:22,010 | INFO | [707/1901] Fetching Jalpaiguri (JPG)
2026-09-29 02:35:22,710 | INFO |    ↳ Status 403
2026-09-29 02:35:22,710 | WARNING |    ⚠ Blocked (403) retry 1
2026-09-29 02:35:22,777 | INFO | 🌐 Session warmed
2026-09-29 02:35:22,998 | INFO | [708/1901] Fetching Jami (JAMI)
2026-09-29 02:35:23,952 | INFO |    ↳ Status 403
2026-09-29 02:35:23,952 | WARNING |    ⚠ Blocked (403) retry 3
2026-09-29 02:35:24,018 | INFO | 🌐 Session warmed
2026-09-29 02:35:24,269 | INFO |    ↳ Status 403
2026-09-29 02:35:24,269 | WARNING |    ⚠ Blocked (403) retry 1
2026-09-29 02:35:24,356 | INFO | 🌐 Session warmed
2026-09-29 02:35:24,470 | INFO |    ↳ Status 403
2026-09-29 02:35:24,470 | WARNING |    ⚠ Blocked (403) retry 3
2026-09-29 02:35:24,541 | INFO | 🌐 Session warmed
2026-09-29 02:35:25,102 | INFO |    ↳ Status 403
2026-09-29 02:35:25,103 | WARNING |    ⚠ Blocked (403) retry 2
2026-09-29 02:35:25,171 | INFO | 🌐 Session warmed
2026-09-29 02:35:26,763 | INFO |    ↳ Status 403
2026-09-29 02:35:26,763 | WARNING |    ⚠ Blocked (403) retry 2
2026-09-29 02:35:26,837 | INFO | 🌐 Session warmed
2026-09-29 02:35:28,018 | INFO | [709/1901] Fetching Jamkhandi (JAAM)
2026-09-29 02:35:28,246 | INFO |    ↳ Status 403
2026-09-29 02:35:28,246 | WARNING |    ⚠ Blocked (403) retry 3
2026-09-29 02:35:28,315 | INFO | 🌐 Session warmed
2026-09-29 02:35:28,542 | INFO | [710/1901] Fetching Jamkhed (JAMK)
2026-09-29 02:35:29,282 | INFO |    ↳ Status 403
2026-09-29 02:35:29,282 | WARNING |    ⚠ Blocked (403) retry 1
2026-09-29 02:35:29,352 | INFO | 🌐 Session warmed
2026-09-29 02:35:29,425 | INFO |    ↳ Status 403
2026-09-29 02:35:29,425 | WARNING |    ⚠ Blocked (403) retry 1
2026-09-29 02:35:29,496 | INFO | 🌐 Session warmed
2026-09-29 02:35:29,767 | INFO |    ↳ Status 403
2026-09-29 02:35:29,767 | WARNING |    ⚠ Blocked (403) retry 3
2026-09-29 02:35:29,838 | INFO | 🌐 Session warmed
2026-09-29 02:35:31,168 | INFO |    ↳ Status 403
2026-09-29 02:35:31,168 | WARNING |    ⚠ Blocked (403) retry 2
2026-09-29 02:35:31,300 | INFO | 🌐 Session warmed
2026-09-29 02:35:31,573 | INFO |    ↳ Status 403
2026-09-29 02:35:31,573 | WARNING |    ⚠ Blocked (403) retry 2
2026-09-29 02:35:31,639 | INFO | 🌐 Session warmed
2026-09-29 02:35:32,315 | INFO | [711/1901] Fetching Jammalamadugu (JAMD)
2026-09-29 02:35:33,007 | INFO |    ↳ Status 403
2026-09-29 02:35:33,007 | WARNING |    ⚠ Blocked (403) retry 1
2026-09-29 02:35:33,072 | INFO | 🌐 Session warmed
2026-09-29 02:35:33,838 | INFO | [712/1901] Fetching Jammikunta (JMKN)
2026-09-29 02:35:34,283 | INFO |    ↳ Status 403
2026-09-29 02:35:34,283 | WARNING |    ⚠ Blocked (403) retry 3
2026-09-29 02:35:34,353 | INFO | 🌐 Session warmed
2026-09-29 02:35:34,496 | INFO |    ↳ Status 403
2026-09-29 02:35:34,496 | WARNING |    ⚠ Blocked (403) retry 3
2026-09-29 02:35:34,552 | INFO |    ↳ Status 403
2026-09-29 02:35:34,552 | WARNING |    ⚠ Blocked (403) retry 1
2026-09-29 02:35:34,565 | INFO | 🌐 Session warmed
2026-09-29 02:35:34,618 | INFO | 🌐 Session warmed
2026-09-29 02:35:35,374 | INFO |    ↳ Status 403
2026-09-29 02:35:35,374 | WARNING |    ⚠ Blocked (403) retry 2
2026-09-29 02:35:35,453 | INFO | 🌐 Session warmed
2026-09-29 02:35:36,688 | INFO |    ↳ Status 403
2026-09-29 02:35:36,688 | WARNING |    ⚠ Blocked (403) retry 2
2026-09-29 02:35:36,759 | INFO | 🌐 Session warmed
2026-09-29 02:35:38,198 | INFO |    ↳ Status 403
2026-09-29 02:35:38,199 | WARNING |    ⚠ Blocked (403) retry 3
2026-09-29 02:35:38,267 | INFO | 🌐 Session warmed
2026-09-29 02:35:38,354 | INFO | [713/1901] Fetching Jammu (JAMM)
2026-09-29 02:35:38,565 | INFO | [714/1901] Fetching Jamnagar (JAM)
2026-09-29 02:35:39,016 | INFO |    ↳ Status 403
2026-09-29 02:35:39,016 | WARNING |    ⚠ Blocked (403) retry 1
2026-09-29 02:35:39,084 | INFO | 🌐 Session warmed
2026-09-29 02:35:39,599 | INFO |    ↳ Status 403
2026-09-29 02:35:39,599 | WARNING |    ⚠ Blocked (403) retry 1
2026-09-29 02:35:39,638 | INFO |    ↳ Status 403
2026-09-29 02:35:39,638 | WARNING |    ⚠ Blocked (403) retry 3
2026-09-29 02:35:39,677 | INFO | 🌐 Session warmed
2026-09-29 02:35:39,706 | INFO | 🌐 Session warmed
2026-09-29 02:35:40,791 | INFO |    ↳ Status 403
2026-09-29 02:35:40,791 | WARNING |    ⚠ Blocked (403) retry 2
2026-09-29 02:35:40,918 | INFO | 🌐 Session warmed
2026-09-29 02:35:41,970 | INFO |    ↳ Status 403
2026-09-29 02:35:41,971 | WARNING |    ⚠ Blocked (403) retry 2
2026-09-29 02:35:42,038 | INFO | 🌐 Session warmed
2026-09-29 02:35:42,268 | INFO | [715/1901] Fetching Jamner (JAMN)
2026-09-29 02:35:43,593 | INFO |    ↳ Status 403
2026-09-29 02:35:43,593 | WARNING |    ⚠ Blocked (403) retry 1
2026-09-29 02:35:43,661 | INFO | 🌐 Session warmed
2026-09-29 02:35:43,706 | INFO | [716/1901] Fetching Jamshedpur (JMDP)
2026-09-29 02:35:43,883 | INFO |    ↳ Status 403
2026-09-29 02:35:43,883 | WARNING |    ⚠ Blocked (403) retry 3
2026-09-29 02:35:43,960 | INFO | 🌐 Session warmed
2026-09-29 02:35:45,031 | INFO |    ↳ Status 403
2026-09-29 02:35:45,032 | WARNING |    ⚠ Blocked (403) retry 1
2026-09-29 02:35:45,098 | INFO | 🌐 Session warmed
2026-09-29 02:35:45,353 | INFO |    ↳ Status 403
2026-09-29 02:35:45,353 | WARNING |    ⚠ Blocked (403) retry 3
2026-09-29 02:35:45,425 | INFO | 🌐 Session warmed
2026-09-29 02:35:46,967 | INFO |    ↳ Status 200
2026-09-29 02:35:46,967 | INFO |    ✓ Found 8 movies
2026-09-29 02:35:46,967 | INFO | [717/1901] Fetching Jamui (JUMI)
2026-09-29 02:35:47,248 | INFO |    ↳ Status 403
2026-09-29 02:35:47,248 | WARNING |    ⚠ Blocked (403) retry 2
2026-09-29 02:35:47,315 | INFO | 🌐 Session warmed
2026-09-29 02:35:47,961 | INFO | [718/1901] Fetching Jangaon (JNGN)
2026-09-29 02:35:48,368 | INFO |    ↳ Status 200
2026-09-29 02:35:48,369 | INFO |    ✓ Found 8 movies
2026-09-29 02:35:48,369 | INFO | [719/1901] Fetching Jangareddy Gudem (JANG)
2026-09-29 02:35:48,870 | INFO |    ↳ Status 403
2026-09-29 02:35:48,870 | WARNING |    ⚠ Blocked (403) retry 1
2026-09-29 02:35:48,939 | INFO | 🌐 Session warmed
2026-09-29 02:35:49,425 | INFO | [720/1901] Fetching Janjgir (JANR)
2026-09-29 02:35:49,948 | INFO |    ↳ Status 200
2026-09-29 02:35:49,949 | INFO |    ✓ Found 8 movies
2026-09-29 02:35:49,949 | INFO | [721/1901] Fetching Jaora (JAOR)
2026-09-29 02:35:50,060 | INFO |    ↳ Status 403
2026-09-29 02:35:50,060 | WARNING |    ⚠ Blocked (403) retry 3
2026-09-29 02:35:50,135 | INFO | 🌐 Session warmed
2026-09-29 02:35:50,625 | INFO |    ↳ Status 403
2026-09-29 02:35:50,625 | WARNING |    ⚠ Blocked (403) retry 1
2026-09-29 02:35:50,722 | INFO | 🌐 Session warmed
2026-09-29 02:35:50,806 | INFO |    ↳ Status 403
2026-09-29 02:35:50,806 | WARNING |    ⚠ Blocked (403) retry 1
2026-09-29 02:35:50,880 | INFO | 🌐 Session warmed
2026-09-29 02:35:51,161 | INFO |    ↳ Status 403
2026-09-29 02:35:51,161 | WARNING |    ⚠ Blocked (403) retry 2
2026-09-29 02:35:51,237 | INFO | 🌐 Session warmed
2026-09-29 02:35:52,809 | INFO |    ↳ Status 403
2026-09-29 02:35:52,809 | WARNING |    ⚠ Blocked (403) retry 2
2026-09-29 02:35:52,891 | INFO | 🌐 Session warmed
2026-09-29 02:35:53,161 | INFO |    ↳ Status 403
2026-09-29 02:35:53,161 | WARNING |    ⚠ Blocked (403) retry 2
2026-09-29 02:35:53,230 | INFO | 🌐 Session warmed
2026-09-29 02:35:54,135 | INFO | [722/1901] Fetching Jasdan (JASD)
2026-09-29 02:35:54,140 | INFO |    ↳ Status 403
2026-09-29 02:35:54,140 | WARNING |    ⚠ Blocked (403) retry 3
2026-09-29 02:35:54,212 | INFO | 🌐 Session warmed
2026-09-29 02:35:55,512 | INFO |    ↳ Status 403
2026-09-29 02:35:55,512 | WARNING |    ⚠ Blocked (403) retry 1
2026-09-29 02:35:55,583 | INFO | 🌐 Session warmed
2026-09-29 02:35:55,865 | INFO |    ↳ Status 403
2026-09-29 02:35:55,865 | WARNING |    ⚠ Blocked (403) retry 3
2026-09-29 02:35:55,999 | INFO | 🌐 Session warmed
2026-09-29 02:35:56,236 | INFO |    ↳ Status 403
2026-09-29 02:35:56,237 | WARNING |    ⚠ Blocked (403) retry 3
2026-09-29 02:35:56,305 | INFO | 🌐 Session warmed
2026-09-29 02:35:57,286 | INFO |    ↳ Status 403
2026-09-29 02:35:57,287 | WARNING |    ⚠ Blocked (403) retry 2
2026-09-29 02:35:57,356 | INFO | 🌐 Session warmed
2026-09-29 02:35:58,212 | INFO | [723/1901] Fetching Jashpur (JASH)
2026-09-29 02:35:58,839 | INFO |    ↳ Status 403
2026-09-29 02:35:58,839 | WARNING |    ⚠ Blocked (403) retry 1
2026-09-29 02:35:58,932 | INFO | 🌐 Session warmed
2026-09-29 02:36:00,000 | INFO | [724/1901] Fetching Jatni (JATN)
2026-09-29 02:36:00,305 | INFO | [725/1901] Fetching Jaunpur (JANP)
2026-09-29 02:36:00,581 | INFO |    ↳ Status 403
2026-09-29 02:36:00,582 | WARNING |    ⚠ Blocked (403) retry 3
2026-09-29 02:36:00,651 | INFO | 🌐 Session warmed
2026-09-29 02:36:00,799 | INFO |    ↳ Status 403
2026-09-29 02:36:00,799 | WARNING |    ⚠ Blocked (403) retry 2
2026-09-29 02:36:00,870 | INFO | 🌐 Session warmed
2026-09-29 02:36:01,014 | INFO |    ↳ Status 403
2026-09-29 02:36:01,014 | WARNING |    ⚠ Blocked (403) retry 1
2026-09-29 02:36:01,084 | INFO | 🌐 Session warmed
2026-09-29 02:36:01,330 | INFO |    ↳ Status 403
2026-09-29 02:36:01,330 | WARNING |    ⚠ Blocked (403) retry 1
2026-09-29 02:36:01,396 | INFO | 🌐 Session warmed
2026-09-29 02:36:03,265 | INFO |    ↳ Status 403
2026-09-29 02:36:03,266 | WARNING |    ⚠ Blocked (403) retry 2
2026-09-29 02:36:03,340 | INFO | 🌐 Session warmed
2026-09-29 02:36:03,488 | INFO |    ↳ Status 403
2026-09-29 02:36:03,488 | WARNING |    ⚠ Blocked (403) retry 2
2026-09-29 02:36:03,556 | INFO | 🌐 Session warmed
2026-09-29 02:36:03,821 | INFO |    ↳ Status 403
2026-09-29 02:36:03,821 | WARNING |    ⚠ Blocked (403) retry 3
2026-09-29 02:36:03,896 | INFO | 🌐 Session warmed
2026-09-29 02:36:04,651 | INFO | [726/1901] Fetching Jayamkondacholapuram (JYAM)
2026-09-29 02:36:05,982 | INFO |    ↳ Status 403
2026-09-29 02:36:05,982 | WARNING |    ⚠ Blocked (403) retry 1
2026-09-29 02:36:06,061 | INFO | 🌐 Session warmed
2026-09-29 02:36:06,371 | INFO |    ↳ Status 403
2026-09-29 02:36:06,371 | WARNING |    ⚠ Blocked (403) retry 3
2026-09-29 02:36:06,441 | INFO | 🌐 Session warmed
2026-09-29 02:36:06,804 | INFO |    ↳ Status 403
2026-09-29 02:36:06,804 | WARNING |    ⚠ Blocked (403) retry 3
2026-09-29 02:36:06,880 | INFO | 🌐 Session warmed
2026-09-29 02:36:07,694 | INFO |    ↳ Status 403
2026-09-29 02:36:07,694 | WARNING |    ⚠ Blocked (403) retry 2
2026-09-29 02:36:07,766 | INFO | 🌐 Session warmed
2026-09-29 02:36:07,896 | INFO | [727/1901] Fetching Jaysingpur (JYSP)
2026-09-29 02:36:09,137 | INFO |    ↳ Status 403
2026-09-29 02:36:09,138 | WARNING |    ⚠ Blocked (403) retry 1
2026-09-29 02:36:09,204 | INFO | 🌐 Session warmed
2026-09-29 02:36:10,441 | INFO | [728/1901] Fetching Jehanabad (JEHA)
2026-09-29 02:36:10,881 | INFO | [729/1901] Fetching Jejuri (JEJU)
2026-09-29 02:36:10,968 | INFO |    ↳ Status 403
2026-09-29 02:36:10,968 | INFO |    ↳ Status 403
2026-09-29 02:36:10,968 | WARNING |    ⚠ Blocked (403) retry 2
2026-09-29 02:36:10,968 | WARNING |    ⚠ Blocked (403) retry 3
2026-09-29 02:36:11,071 | INFO | 🌐 Session warmed
2026-09-29 02:36:11,073 | INFO | 🌐 Session warmed
2026-09-29 02:36:11,622 | INFO |    ↳ Status 403
2026-09-29 02:36:11,622 | WARNING |    ⚠ Blocked (403) retry 1
2026-09-29 02:36:11,660 | INFO |    ↳ Status 403
2026-09-29 02:36:11,660 | WARNING |    ⚠ Blocked (403) retry 1
2026-09-29 02:36:11,702 | INFO | 🌐 Session warmed
2026-09-29 02:36:11,733 | INFO | 🌐 Session warmed
2026-09-29 02:36:13,407 | INFO |    ↳ Status 403
2026-09-29 02:36:13,407 | WARNING |    ⚠ Blocked (403) retry 2
2026-09-29 02:36:13,480 | INFO | 🌐 Session warmed
2026-09-29 02:36:13,838 | INFO |    ↳ Status 403
2026-09-29 02:36:13,838 | WARNING |    ⚠ Blocked (403) retry 2
2026-09-29 02:36:13,908 | INFO | 🌐 Session warmed
2026-09-29 02:36:14,012 | INFO |    ↳ Status 403
2026-09-29 02:36:14,012 | WARNING |    ⚠ Blocked (403) retry 3
2026-09-29 02:36:14,082 | INFO | 🌐 Session warmed
2026-09-29 02:36:15,071 | INFO | [730/1901] Fetching Jetpur (JETP)
2026-09-29 02:36:16,146 | INFO |    ↳ Status 403
2026-09-29 02:36:16,146 | WARNING |    ⚠ Blocked (403) retry 3
2026-09-29 02:36:16,238 | INFO | 🌐 Session warmed
2026-09-29 02:36:16,273 | INFO |    ↳ Status 403
2026-09-29 02:36:16,273 | WARNING |    ⚠ Blocked (403) retry 1
2026-09-29 02:36:16,345 | INFO | 🌐 Session warmed
2026-09-29 02:36:17,085 | INFO |    ↳ Status 403
2026-09-29 02:36:17,085 | WARNING |    ⚠ Blocked (403) retry 3
2026-09-29 02:36:17,162 | INFO | 🌐 Session warmed
2026-09-29 02:36:18,082 | INFO | [731/1901] Fetching Jewar (JEWR)
2026-09-29 02:36:18,152 | INFO |    ↳ Status 403
2026-09-29 02:36:18,152 | WARNING |    ⚠ Blocked (403) retry 2
2026-09-29 02:36:18,223 | INFO | 🌐 Session warmed
2026-09-29 02:36:18,880 | INFO |    ↳ Status 403
2026-09-29 02:36:18,881 | WARNING |    ⚠ Blocked (403) retry 1
2026-09-29 02:36:18,955 | INFO | 🌐 Session warmed
2026-09-29 02:36:20,239 | INFO | [732/1901] Fetching Jeypore (JEYP)
2026-09-29 02:36:20,907 | INFO |    ↳ Status 403
2026-09-29 02:36:20,907 | WARNING |    ⚠ Blocked (403) retry 3
2026-09-29 02:36:20,973 | INFO |    ↳ Status 403
2026-09-29 02:36:20,973 | WARNING |    ⚠ Blocked (403) retry 2
2026-09-29 02:36:20,977 | INFO | 🌐 Session warmed
2026-09-29 02:36:20,988 | INFO |    ↳ Status 403
2026-09-29 02:36:20,988 | WARNING |    ⚠ Blocked (403) retry 1
2026-09-29 02:36:21,048 | INFO | 🌐 Session warmed
2026-09-29 02:36:21,058 | INFO | 🌐 Session warmed
2026-09-29 02:36:21,162 | INFO | [733/1901] Fetching Jhabua (JHAB)
2026-09-29 02:36:22,379 | INFO |    ↳ Status 403
2026-09-29 02:36:22,379 | WARNING |    ⚠ Blocked (403) retry 1
2026-09-29 02:36:22,535 | INFO | 🌐 Session warmed
2026-09-29 02:36:23,299 | INFO |    ↳ Status 403
2026-09-29 02:36:23,299 | WARNING |    ⚠ Blocked (403) retry 2
2026-09-29 02:36:23,372 | INFO | 🌐 Session warmed
2026-09-29 02:36:23,808 | INFO |    ↳ Status 403
2026-09-29 02:36:23,808 | WARNING |    ⚠ Blocked (403) retry 3
2026-09-29 02:36:23,878 | INFO | 🌐 Session warmed
2026-09-29 02:36:24,845 | INFO |    ↳ Status 403
2026-09-29 02:36:24,845 | WARNING |    ⚠ Blocked (403) retry 2
2026-09-29 02:36:24,915 | INFO | 🌐 Session warmed
2026-09-29 02:36:24,977 | INFO | [734/1901] Fetching Jhajha (JHAA)
2026-09-29 02:36:25,738 | INFO |    ↳ Status 403
2026-09-29 02:36:25,739 | WARNING |    ⚠ Blocked (403) retry 1
2026-09-29 02:36:25,807 | INFO | 🌐 Session warmed
2026-09-29 02:36:26,444 | INFO |    ↳ Status 403
2026-09-29 02:36:26,444 | WARNING |    ⚠ Blocked (403) retry 3
2026-09-29 02:36:26,510 | INFO | 🌐 Session warmed
2026-09-29 02:36:27,609 | INFO |    ↳ Status 403
2026-09-29 02:36:27,610 | WARNING |    ⚠ Blocked (403) retry 2
2026-09-29 02:36:27,684 | INFO | 🌐 Session warmed
2026-09-29 02:36:27,860 | INFO |    ↳ Status 403
2026-09-29 02:36:27,860 | WARNING |    ⚠ Blocked (403) retry 3
2026-09-29 02:36:27,878 | INFO | [735/1901] Fetching Jhajjar (JHAJ)
2026-09-29 02:36:27,929 | INFO | 🌐 Session warmed
2026-09-29 02:36:29,956 | INFO |    ↳ Status 200
2026-09-29 02:36:29,956 | INFO |    ✓ Found 7 movies
2026-09-29 02:36:29,956 | INFO | [736/1901] Fetching Jhansi (JNSI)
2026-09-29 02:36:30,510 | INFO | [737/1901] Fetching Jhargram (JARG)
2026-09-29 02:36:30,564 | INFO |    ↳ Status 403
2026-09-29 02:36:30,564 | WARNING |    ⚠ Blocked (403) retry 3
2026-09-29 02:36:30,640 | INFO | 🌐 Session warmed
2026-09-29 02:36:30,932 | INFO |    ↳ Status 403
2026-09-29 02:36:30,932 | WARNING |    ⚠ Blocked (403) retry 1
2026-09-29 02:36:31,001 | INFO | 🌐 Session warmed
2026-09-29 02:36:31,721 | INFO |    ↳ Status 403
2026-09-29 02:36:31,721 | WARNING |    ⚠ Blocked (403) retry 1
2026-09-29 02:36:31,798 | INFO | 🌐 Session warmed
2026-09-29 02:36:31,929 | INFO | [738/1901] Fetching Jharsuguda (JRSG)
2026-09-29 02:36:32,585 | INFO |    ↳ Status 403
2026-09-29 02:36:32,585 | WARNING |    ⚠ Blocked (403) retry 1
2026-09-29 02:36:32,657 | INFO | 🌐 Session warmed
2026-09-29 02:36:32,771 | INFO |    ↳ Status 403
2026-09-29 02:36:32,771 | WARNING |    ⚠ Blocked (403) retry 2
2026-09-29 02:36:32,842 | INFO | 🌐 Session warmed
2026-09-29 02:36:33,893 | INFO |    ↳ Status 403
2026-09-29 02:36:33,893 | WARNING |    ⚠ Blocked (403) retry 2
2026-09-29 02:36:33,970 | INFO | 🌐 Session warmed
2026-09-29 02:36:34,640 | INFO | [739/1901] Fetching Jhunjhunu (JHUN)
2026-09-29 02:36:35,053 | INFO |    ↳ Status 403
2026-09-29 02:36:35,054 | WARNING |    ⚠ Blocked (403) retry 2
2026-09-29 02:36:35,124 | INFO | 🌐 Session warmed
2026-09-29 02:36:35,447 | INFO |    ↳ Status 403
2026-09-29 02:36:35,447 | WARNING |    ⚠ Blocked (403) retry 1
2026-09-29 02:36:35,517 | INFO | 🌐 Session warmed
2026-09-29 02:36:36,199 | INFO |    ↳ Status 403
2026-09-29 02:36:36,199 | WARNING |    ⚠ Blocked (403) retry 3
2026-09-29 02:36:36,271 | INFO | 🌐 Session warmed
2026-09-29 02:36:37,256 | INFO |    ↳ Status 403
2026-09-29 02:36:37,256 | WARNING |    ⚠ Blocked (403) retry 3
2026-09-29 02:36:37,332 | INFO | 🌐 Session warmed
2026-09-29 02:36:37,884 | INFO |    ↳ Status 403
2026-09-29 02:36:37,885 | WARNING |    ⚠ Blocked (403) retry 3
2026-09-29 02:36:37,916 | INFO |    ↳ Status 403
2026-09-29 02:36:37,916 | WARNING |    ⚠ Blocked (403) retry 2
2026-09-29 02:36:37,958 | INFO | 🌐 Session warmed
2026-09-29 02:36:37,993 | INFO | 🌐 Session warmed
2026-09-29 02:36:40,272 | INFO | [740/1901] Fetching Jiaganj (JAGJ)
2026-09-29 02:36:40,897 | INFO |    ↳ Status 403
2026-09-29 02:36:40,897 | WARNING |    ⚠ Blocked (403) retry 1
2026-09-29 02:36:40,968 | INFO | 🌐 Session warmed
2026-09-29 02:36:40,969 | INFO |    ↳ Status 403
2026-09-29 02:36:40,969 | WARNING |    ⚠ Blocked (403) retry 3
2026-09-29 02:36:41,042 | INFO | 🌐 Session warmed
2026-09-29 02:36:41,332 | INFO | [741/1901] Fetching Jigani (JIIG)
2026-09-29 02:36:41,958 | INFO | [742/1901] Fetching Jind (JIND)
2026-09-29 02:36:42,408 | INFO |    ↳ Status 403
2026-09-29 02:36:42,408 | WARNING |    ⚠ Blocked (403) retry 1
2026-09-29 02:36:42,476 | INFO | 🌐 Session warmed
2026-09-29 02:36:43,164 | INFO |    ↳ Status 403
2026-09-29 02:36:43,164 | WARNING |    ⚠ Blocked (403) retry 1
2026-09-29 02:36:43,232 | INFO | 🌐 Session warmed
2026-09-29 02:36:43,304 | INFO |    ↳ Status 403
2026-09-29 02:36:43,304 | WARNING |    ⚠ Blocked (403) retry 2
2026-09-29 02:36:43,377 | INFO | 🌐 Session warmed
2026-09-29 02:36:44,485 | INFO |    ↳ Status 403
2026-09-29 02:36:44,485 | WARNING |    ⚠ Blocked (403) retry 2
2026-09-29 02:36:44,555 | INFO | 🌐 Session warmed
2026-09-29 02:36:44,883 | INFO |    ↳ Status 403
2026-09-29 02:36:44,883 | WARNING |    ⚠ Blocked (403) retry 2
2026-09-29 02:36:44,951 | INFO | 🌐 Session warmed
2026-09-29 02:36:45,042 | INFO | [743/1901] Fetching Jintur (JINT)
2026-09-29 02:36:45,836 | INFO |    ↳ Status 403
2026-09-29 02:36:45,836 | WARNING |    ⚠ Blocked (403) retry 1
2026-09-29 02:36:45,904 | INFO | 🌐 Session warmed
2026-09-29 02:36:46,046 | INFO |    ↳ Status 403
2026-09-29 02:36:46,046 | WARNING |    ⚠ Blocked (403) retry 3
2026-09-29 02:36:46,115 | INFO | 🌐 Session warmed
2026-09-29 02:36:47,205 | INFO |    ↳ Status 403
2026-09-29 02:36:47,205 | WARNING |    ⚠ Blocked (403) retry 3
2026-09-29 02:36:47,285 | INFO | 🌐 Session warmed
2026-09-29 02:36:47,762 | INFO |    ↳ Status 403
2026-09-29 02:36:47,762 | WARNING |    ⚠ Blocked (403) retry 3
2026-09-29 02:36:47,835 | INFO | 🌐 Session warmed
2026-09-29 02:36:48,322 | INFO |    ↳ Status 403
2026-09-29 02:36:48,323 | WARNING |    ⚠ Blocked (403) retry 2
2026-09-29 02:36:48,403 | INFO | 🌐 Session warmed
2026-09-29 02:36:50,115 | INFO | [744/1901] Fetching Jirapur (JIRA)
2026-09-29 02:36:50,917 | INFO |    ↳ Status 403
2026-09-29 02:36:50,917 | WARNING |    ⚠ Blocked (403) retry 1
2026-09-29 02:36:50,990 | INFO | 🌐 Session warmed
2026-09-29 02:36:51,285 | INFO | [745/1901] Fetching Jodhpur (JODH)
2026-09-29 02:36:51,678 | INFO |    ↳ Status 403
2026-09-29 02:36:51,679 | WARNING |    ⚠ Blocked (403) retry 3
2026-09-29 02:36:51,749 | INFO | 🌐 Session warmed
2026-09-29 02:36:51,835 | INFO | [746/1901] Fetching Jolarpettai (JLPI)
2026-09-29 02:36:52,092 | INFO |    ↳ Status 403
2026-09-29 02:36:52,092 | WARNING |    ⚠ Blocked (403) retry 1
2026-09-29 02:36:52,170 | INFO | 🌐 Session warmed
2026-09-29 02:36:52,754 | INFO |    ↳ Status 403
2026-09-29 02:36:52,754 | WARNING |    ⚠ Blocked (403) retry 1
2026-09-29 02:36:52,823 | INFO | 🌐 Session warmed
2026-09-29 02:36:53,405 | INFO |    ↳ Status 403
2026-09-29 02:36:53,405 | WARNING |    ⚠ Blocked (403) retry 2
2026-09-29 02:36:53,475 | INFO | 🌐 Session warmed
2026-09-29 02:36:53,991 | INFO |    ↳ Status 403
2026-09-29 02:36:53,992 | WARNING |    ⚠ Blocked (403) retry 2
2026-09-29 02:36:54,063 | INFO | 🌐 Session warmed
2026-09-29 02:36:55,132 | INFO |    ↳ Status 403
2026-09-29 02:36:55,132 | WARNING |    ⚠ Blocked (403) retry 2
2026-09-29 02:36:55,208 | INFO | 🌐 Session warmed
2026-09-29 02:36:55,749 | INFO | [747/1901] Fetching Jorhat (JORT)
2026-09-29 02:36:56,648 | INFO |    ↳ Status 403
2026-09-29 02:36:56,648 | WARNING |    ⚠ Blocked (403) retry 3
2026-09-29 02:36:56,721 | INFO | 🌐 Session warmed
2026-09-29 02:36:57,008 | INFO |    ↳ Status 403
2026-09-29 02:36:57,008 | WARNING |    ⚠ Blocked (403) retry 1
2026-09-29 02:36:57,080 | INFO | 🌐 Session warmed
2026-09-29 02:36:57,162 | INFO |    ↳ Status 403
2026-09-29 02:36:57,162 | WARNING |    ⚠ Blocked (403) retry 3
2026-09-29 02:36:57,242 | INFO | 🌐 Session warmed
2026-09-29 02:36:58,028 | INFO |    ↳ Status 403
2026-09-29 02:36:58,028 | WARNING |    ⚠ Blocked (403) retry 3
2026-09-29 02:36:58,099 | INFO | 🌐 Session warmed
2026-09-29 02:36:58,880 | INFO |    ↳ Status 403
2026-09-29 02:36:58,881 | WARNING |    ⚠ Blocked (403) retry 2
2026-09-29 02:36:58,958 | INFO | 🌐 Session warmed
2026-09-29 02:37:00,721 | INFO | [748/1901] Fetching Joynagar Majilpur (MAPR)
2026-09-29 02:37:01,243 | INFO | [749/1901] Fetching Junagadh (JUGH)
2026-09-29 02:37:01,530 | INFO |    ↳ Status 403
2026-09-29 02:37:01,530 | WARNING |    ⚠ Blocked (403) retry 1
2026-09-29 02:37:01,598 | INFO | 🌐 Session warmed
2026-09-29 02:37:02,088 | INFO |    ↳ Status 403
2026-09-29 02:37:02,088 | WARNING |    ⚠ Blocked (403) retry 3
2026-09-29 02:37:02,100 | INFO | [750/1901] Fetching Junagarh (JUNA)
2026-09-29 02:37:02,177 | INFO | 🌐 Session warmed
2026-09-29 02:37:02,289 | INFO |    ↳ Status 403
2026-09-29 02:37:02,289 | WARNING |    ⚠ Blocked (403) retry 1
2026-09-29 02:37:02,357 | INFO | 🌐 Session warmed
2026-09-29 02:37:03,252 | INFO |    ↳ Status 403
2026-09-29 02:37:03,252 | WARNING |    ⚠ Blocked (403) retry 1
2026-09-29 02:37:03,329 | INFO | 🌐 Session warmed
2026-09-29 02:37:03,824 | INFO |    ↳ Status 403
2026-09-29 02:37:03,824 | WARNING |    ⚠ Blocked (403) retry 2
2026-09-29 02:37:03,898 | INFO | 🌐 Session warmed
2026-09-29 02:37:04,248 | INFO |    ↳ Status 403
2026-09-29 02:37:04,248 | WARNING |    ⚠ Blocked (403) retry 2
2026-09-29 02:37:04,315 | INFO | 🌐 Session warmed
2026-09-29 02:37:04,996 | INFO |    ↳ Status 403
2026-09-29 02:37:04,996 | WARNING |    ⚠ Blocked (403) retry 2
2026-09-29 02:37:05,073 | INFO | 🌐 Session warmed
2026-09-29 02:37:06,177 | INFO | [751/1901] Fetching K.D Peta (PTDK)
2026-09-29 02:37:06,611 | INFO |    ↳ Status 403
2026-09-29 02:37:06,611 | WARNING |    ⚠ Blocked (403) retry 3
2026-09-29 02:37:06,687 | INFO | 🌐 Session warmed
2026-09-29 02:37:07,053 | INFO |    ↳ Status 403
2026-09-29 02:37:07,053 | WARNING |    ⚠ Blocked (403) retry 1
2026-09-29 02:37:07,124 | INFO | 🌐 Session warmed
2026-09-29 02:37:07,572 | INFO |    ↳ Status 403
2026-09-29 02:37:07,572 | WARNING |    ⚠ Blocked (403) retry 3
2026-09-29 02:37:07,653 | INFO | 🌐 Session warmed
2026-09-29 02:37:08,172 | INFO |    ↳ Status 403
2026-09-29 02:37:08,172 | WARNING |    ⚠ Blocked (403) retry 3
2026-09-29 02:37:08,245 | INFO | 🌐 Session warmed
2026-09-29 02:37:08,881 | INFO |    ↳ Status 403
2026-09-29 02:37:08,881 | WARNING |    ⚠ Blocked (403) retry 2
2026-09-29 02:37:08,948 | INFO | 🌐 Session warmed
2026-09-29 02:37:10,688 | INFO | [752/1901] Fetching Kadakkal (KDKL)
2026-09-29 02:37:11,654 | INFO | [753/1901] Fetching Kadapa (KDPA)
2026-09-29 02:37:11,782 | INFO |    ↳ Status 403
2026-09-29 02:37:11,782 | WARNING |    ⚠ Blocked (403) retry 3
2026-09-29 02:37:11,850 | INFO | 🌐 Session warmed
2026-09-29 02:37:11,852 | INFO |    ↳ Status 403
2026-09-29 02:37:11,852 | WARNING |    ⚠ Blocked (403) retry 1
2026-09-29 02:37:11,927 | INFO | 🌐 Session warmed
2026-09-29 02:37:12,245 | INFO | [754/1901] Fetching Kadi (KADI)
2026-09-29 02:37:12,671 | INFO |    ↳ Status 403
2026-09-29 02:37:12,671 | WARNING |    ⚠ Blocked (403) retry 1
2026-09-29 02:37:12,747 | INFO | 🌐 Session warmed
2026-09-29 02:37:13,503 | INFO |    ↳ Status 403
2026-09-29 02:37:13,504 | WARNING |    ⚠ Blocked (403) retry 1
2026-09-29 02:37:13,578 | INFO | 🌐 Session warmed
2026-09-29 02:37:14,270 | INFO |    ↳ Status 403
2026-09-29 02:37:14,270 | WARNING |    ⚠ Blocked (403) retry 2
2026-09-29 02:37:14,337 | INFO | 🌐 Session warmed
2026-09-29 02:37:14,776 | INFO |    ↳ Status 403
2026-09-29 02:37:14,776 | WARNING |    ⚠ Blocked (403) retry 2
2026-09-29 02:37:14,842 | INFO | 🌐 Session warmed
2026-09-29 02:37:15,582 | INFO |    ↳ Status 403
2026-09-29 02:37:15,583 | WARNING |    ⚠ Blocked (403) retry 2
2026-09-29 02:37:15,655 | INFO | 🌐 Session warmed
2026-09-29 02:37:15,850 | INFO | [755/1901] Fetching Kadiri (KADR)
2026-09-29 02:37:16,782 | INFO |    ↳ Status 403
2026-09-29 02:37:16,782 | WARNING |    ⚠ Blocked (403) retry 1
2026-09-29 02:37:16,854 | INFO | 🌐 Session warmed
2026-09-29 02:37:17,158 | INFO |    ↳ Status 403
2026-09-29 02:37:17,158 | WARNING |    ⚠ Blocked (403) retry 3
2026-09-29 02:37:17,224 | INFO | 🌐 Session warmed
2026-09-29 02:37:17,907 | INFO |    ↳ Status 403
2026-09-29 02:37:17,907 | WARNING |    ⚠ Blocked (403) retry 3
2026-09-29 02:37:17,973 | INFO | 🌐 Session warmed
2026-09-29 02:37:18,402 | INFO |    ↳ Status 403
2026-09-29 02:37:18,402 | WARNING |    ⚠ Blocked (403) retry 3
2026-09-29 02:37:18,557 | INFO |    ↳ Status 403
2026-09-29 02:37:18,557 | WARNING |    ⚠ Blocked (403) retry 2
2026-09-29 02:37:18,581 | INFO | 🌐 Session warmed
2026-09-29 02:37:18,623 | INFO | 🌐 Session warmed
2026-09-29 02:37:21,225 | INFO | [756/1901] Fetching Kadiyam (KADY)
2026-09-29 02:37:21,840 | INFO |    ↳ Status 403
2026-09-29 02:37:21,840 | WARNING |    ⚠ Blocked (403) retry 3
2026-09-29 02:37:21,912 | INFO | 🌐 Session warmed
2026-09-29 02:37:21,974 | INFO | [757/1901] Fetching Kadthal (KADT)
2026-09-29 02:37:22,083 | INFO |    ↳ Status 403
2026-09-29 02:37:22,083 | WARNING |    ⚠ Blocked (403) retry 1
2026-09-29 02:37:22,173 | INFO | 🌐 Session warmed
2026-09-29 02:37:22,582 | INFO | [758/1901] Fetching Kaikaluru (KAIK)
2026-09-29 02:37:22,762 | INFO |    ↳ Status 403
2026-09-29 02:37:22,762 | WARNING |    ⚠ Blocked (403) retry 1
2026-09-29 02:37:22,828 | INFO | 🌐 Session warmed
2026-09-29 02:37:23,255 | INFO |    ↳ Status 403
2026-09-29 02:37:23,255 | WARNING |    ⚠ Blocked (403) retry 1
2026-09-29 02:37:23,324 | INFO | 🌐 Session warmed
2026-09-29 02:37:24,234 | INFO |    ↳ Status 403
2026-09-29 02:37:24,234 | WARNING |    ⚠ Blocked (403) retry 2
2026-09-29 02:37:24,305 | INFO | 🌐 Session warmed
2026-09-29 02:37:24,501 | INFO |    ↳ Status 403
2026-09-29 02:37:24,501 | WARNING |    ⚠ Blocked (403) retry 2
2026-09-29 02:37:24,568 | INFO | 🌐 Session warmed
2026-09-29 02:37:25,534 | INFO |    ↳ Status 403
2026-09-29 02:37:25,534 | WARNING |    ⚠ Blocked (403) retry 2
2026-09-29 02:37:25,606 | INFO | 🌐 Session warmed
2026-09-29 02:37:25,913 | INFO | [759/1901] Fetching Kaithal (KAIT)
2026-09-29 02:37:27,085 | INFO |    ↳ Status 403
2026-09-29 02:37:27,085 | WARNING |    ⚠ Blocked (403) retry 1
2026-09-29 02:37:27,159 | INFO | 🌐 Session warmed
2026-09-29 02:37:27,275 | INFO |    ↳ Status 403
2026-09-29 02:37:27,275 | WARNING |    ⚠ Blocked (403) retry 3
2026-09-29 02:37:27,358 | INFO | 🌐 Session warmed
2026-09-29 02:37:27,960 | INFO |    ↳ Status 403
2026-09-29 02:37:27,960 | WARNING |    ⚠ Blocked (403) retry 3
2026-09-29 02:37:28,034 | INFO | 🌐 Session warmed
2026-09-29 02:37:28,918 | INFO |    ↳ Status 403
2026-09-29 02:37:28,918 | WARNING |    ⚠ Blocked (403) retry 3
2026-09-29 02:37:28,988 | INFO | 🌐 Session warmed
2026-09-29 02:37:29,362 | INFO |    ↳ Status 403
2026-09-29 02:37:29,362 | WARNING |    ⚠ Blocked (403) retry 2
2026-09-29 02:37:29,434 | INFO | 🌐 Session warmed
2026-09-29 02:37:31,358 | INFO | [760/1901] Fetching Kakarapalli (KAAP)
2026-09-29 02:37:32,035 | INFO | [761/1901] Fetching Kakinada (KAKI)
2026-09-29 02:37:32,121 | INFO |    ↳ Status 403
2026-09-29 02:37:32,121 | WARNING |    ⚠ Blocked (403) retry 1
2026-09-29 02:37:32,188 | INFO | 🌐 Session warmed
2026-09-29 02:37:32,603 | INFO |    ↳ Status 403
2026-09-29 02:37:32,603 | WARNING |    ⚠ Blocked (403) retry 3
2026-09-29 02:37:32,670 | INFO | 🌐 Session warmed
2026-09-29 02:37:32,923 | INFO |    ↳ Status 403
2026-09-29 02:37:32,924 | WARNING |    ⚠ Blocked (403) retry 1
2026-09-29 02:37:32,988 | INFO | [762/1901] Fetching Kalaburagi (Gulbarga) (GULB)
2026-09-29 02:37:32,993 | INFO | 🌐 Session warmed
2026-09-29 02:37:33,631 | INFO |    ↳ Status 403
2026-09-29 02:37:33,631 | WARNING |    ⚠ Blocked (403) retry 1
2026-09-29 02:37:33,698 | INFO | 🌐 Session warmed
2026-09-29 02:37:34,056 | INFO |    ↳ Status 403
2026-09-29 02:37:34,056 | WARNING |    ⚠ Blocked (403) retry 2
2026-09-29 02:37:34,135 | INFO | 🌐 Session warmed
2026-09-29 02:37:34,659 | INFO |    ↳ Status 403
2026-09-29 02:37:34,659 | WARNING |    ⚠ Blocked (403) retry 2
2026-09-29 02:37:34,729 | INFO | 🌐 Session warmed
2026-09-29 02:37:35,955 | INFO |    ↳ Status 403
2026-09-29 02:37:35,955 | WARNING |    ⚠ Blocked (403) retry 2
2026-09-29 02:37:36,029 | INFO | 🌐 Session warmed
2026-09-29 02:37:36,671 | INFO | [763/1901] Fetching Kalady (KLDY)
2026-09-29 02:37:36,952 | INFO |    ↳ Status 403
2026-09-29 02:37:36,952 | WARNING |    ⚠ Blocked (403) retry 3
2026-09-29 02:37:37,023 | INFO | 🌐 Session warmed
2026-09-29 02:37:37,301 | INFO |    ↳ Status 403
2026-09-29 02:37:37,301 | WARNING |    ⚠ Blocked (403) retry 1
2026-09-29 02:37:37,390 | INFO | 🌐 Session warmed
2026-09-29 02:37:37,788 | INFO |    ↳ Status 403
2026-09-29 02:37:37,788 | WARNING |    ⚠ Blocked (403) retry 3
2026-09-29 02:37:37,858 | INFO | 🌐 Session warmed
2026-09-29 02:37:38,715 | INFO |    ↳ Status 403
2026-09-29 02:37:38,715 | WARNING |    ⚠ Blocked (403) retry 3
2026-09-29 02:37:38,786 | INFO | 🌐 Session warmed
2026-09-29 02:37:39,260 | INFO |    ↳ Status 403
2026-09-29 02:37:39,260 | WARNING |    ⚠ Blocked (403) retry 2
2026-09-29 02:37:39,340 | INFO | 🌐 Session warmed
2026-09-29 02:37:41,023 | INFO | [764/1901] Fetching Kalanaur (KANR)
2026-09-29 02:37:41,859 | INFO | [765/1901] Fetching Kalimpong (KALI)
2026-09-29 02:37:42,322 | INFO |    ↳ Status 403
2026-09-29 02:37:42,322 | WARNING |    ⚠ Blocked (403) retry 1
2026-09-29 02:37:42,386 | INFO |    ↳ Status 403
2026-09-29 02:37:42,386 | WARNING |    ⚠ Blocked (403) retry 3
2026-09-29 02:37:42,413 | INFO | 🌐 Session warmed
2026-09-29 02:37:42,454 | INFO | 🌐 Session warmed
2026-09-29 02:37:42,705 | INFO |    ↳ Status 403
2026-09-29 02:37:42,705 | WARNING |    ⚠ Blocked (403) retry 1
2026-09-29 02:37:42,774 | INFO | 🌐 Session warmed
2026-09-29 02:37:42,786 | INFO | [766/1901] Fetching Kalla (KLLL)
2026-09-29 02:37:43,450 | INFO |    ↳ Status 403
2026-09-29 02:37:43,450 | WARNING |    ⚠ Blocked (403) retry 1
2026-09-29 02:37:43,518 | INFO | 🌐 Session warmed
2026-09-29 02:37:44,452 | INFO |    ↳ Status 403
2026-09-29 02:37:44,452 | WARNING |    ⚠ Blocked (403) retry 2
2026-09-29 02:37:44,522 | INFO | 🌐 Session warmed
2026-09-29 02:37:44,652 | INFO |    ↳ Status 403
2026-09-29 02:37:44,652 | WARNING |    ⚠ Blocked (403) retry 2
2026-09-29 02:37:44,727 | INFO | 🌐 Session warmed
2026-09-29 02:37:45,161 | INFO |    ↳ Status 403
2026-09-29 02:37:45,161 | WARNING |    ⚠ Blocked (403) retry 2
2026-09-29 02:37:45,230 | INFO | 🌐 Session warmed
2026-09-29 02:37:46,454 | INFO | [767/1901] Fetching Kallachi (KALC)
2026-09-29 02:37:47,149 | INFO |    ↳ Status 403
2026-09-29 02:37:47,149 | WARNING |    ⚠ Blocked (403) retry 3
2026-09-29 02:37:47,228 | INFO | 🌐 Session warmed
2026-09-29 02:37:47,379 | INFO |    ↳ Status 403
2026-09-29 02:37:47,379 | WARNING |    ⚠ Blocked (403) retry 1
2026-09-29 02:37:47,449 | INFO | 🌐 Session warmed
2026-09-29 02:37:47,895 | INFO |    ↳ Status 403
2026-09-29 02:37:47,895 | WARNING |    ⚠ Blocked (403) retry 3
2026-09-29 02:37:47,966 | INFO | 🌐 Session warmed
2026-09-29 02:37:48,067 | INFO |    ↳ Status 403
2026-09-29 02:37:48,067 | WARNING |    ⚠ Blocked (403) retry 3
2026-09-29 02:37:48,137 | INFO | 🌐 Session warmed
2026-09-29 02:37:49,782 | INFO |    ↳ Status 403
2026-09-29 02:37:49,782 | WARNING |    ⚠ Blocked (403) retry 2
2026-09-29 02:37:49,855 | INFO | 🌐 Session warmed
2026-09-29 02:37:51,229 | INFO | [768/1901] Fetching Kalladikode (KALD)
2026-09-29 02:37:51,966 | INFO | [769/1901] Fetching Kallakurichi (KALL)
2026-09-29 02:37:52,121 | INFO |    ↳ Status 403
2026-09-29 02:37:52,121 | WARNING |    ⚠ Blocked (403) retry 1
2026-09-29 02:37:52,138 | INFO | [770/1901] Fetching Kallur (KLUR)
2026-09-29 02:37:52,189 | INFO | 🌐 Session warmed
2026-09-29 02:37:52,479 | INFO |    ↳ Status 403
2026-09-29 02:37:52,479 | WARNING |    ⚠ Blocked (403) retry 3
2026-09-29 02:37:52,554 | INFO | 🌐 Session warmed
2026-09-29 02:37:52,766 | INFO |    ↳ Status 403
2026-09-29 02:37:52,766 | WARNING |    ⚠ Blocked (403) retry 1
2026-09-29 02:37:52,834 | INFO | 🌐 Session warmed
2026-09-29 02:37:53,020 | INFO |    ↳ Status 403
2026-09-29 02:37:53,020 | WARNING |    ⚠ Blocked (403) retry 1
2026-09-29 02:37:53,089 | INFO | 🌐 Session warmed
2026-09-29 02:37:54,598 | INFO |    ↳ Status 403
2026-09-29 02:37:54,598 | WARNING |    ⚠ Blocked (403) retry 2
2026-09-29 02:37:54,678 | INFO | 🌐 Session warmed
2026-09-29 02:37:54,934 | INFO |    ↳ Status 403
2026-09-29 02:37:54,934 | WARNING |    ⚠ Blocked (403) retry 2
2026-09-29 02:37:55,003 | INFO |    ↳ Status 403
2026-09-29 02:37:55,003 | WARNING |    ⚠ Blocked (403) retry 2
2026-09-29 02:37:55,008 | INFO | 🌐 Session warmed
2026-09-29 02:37:55,076 | INFO | 🌐 Session warmed
2026-09-29 02:37:56,554 | INFO | [771/1901] Fetching Kalluru (KALR)
2026-09-29 02:37:57,718 | INFO |    ↳ Status 403
2026-09-29 02:37:57,718 | WARNING |    ⚠ Blocked (403) retry 3
2026-09-29 02:37:57,792 | INFO | 🌐 Session warmed
2026-09-29 02:37:57,842 | INFO |    ↳ Status 403
2026-09-29 02:37:57,842 | WARNING |    ⚠ Blocked (403) retry 3
2026-09-29 02:37:57,858 | INFO |    ↳ Status 403
2026-09-29 02:37:57,858 | WARNING |    ⚠ Blocked (403) retry 1
2026-09-29 02:37:57,921 | INFO | 🌐 Session warmed
2026-09-29 02:37:57,946 | INFO | 🌐 Session warmed
2026-09-29 02:37:58,423 | INFO |    ↳ Status 403
2026-09-29 02:37:58,423 | WARNING |    ⚠ Blocked (403) retry 3
2026-09-29 02:37:58,493 | INFO | 🌐 Session warmed
2026-09-29 02:37:59,592 | INFO |    ↳ Status 403
2026-09-29 02:37:59,592 | WARNING |    ⚠ Blocked (403) retry 2
2026-09-29 02:37:59,665 | INFO | 🌐 Session warmed
2026-09-29 02:38:01,792 | INFO | [772/1901] Fetching Kalna (KALN)
2026-09-29 02:38:01,921 | INFO | [773/1901] Fetching Kalol (Gandhinagar) (KALG)
2026-09-29 02:38:02,493 | INFO | [774/1901] Fetching Kalol (Panchmahal) (PANH)
2026-09-29 02:38:02,699 | INFO |    ↳ Status 403
2026-09-29 02:38:02,699 | WARNING |    ⚠ Blocked (403) retry 1
2026-09-29 02:38:02,721 | INFO |    ↳ Status 403
2026-09-29 02:38:02,721 | WARNING |    ⚠ Blocked (403) retry 1
2026-09-29 02:38:02,783 | INFO | 🌐 Session warmed
2026-09-29 02:38:02,800 | INFO | 🌐 Session warmed
2026-09-29 02:38:03,057 | INFO |    ↳ Status 403
2026-09-29 02:38:03,057 | WARNING |    ⚠ Blocked (403) retry 3
2026-09-29 02:38:03,126 | INFO | 🌐 Session warmed
2026-09-29 02:38:03,418 | INFO |    ↳ Status 403
2026-09-29 02:38:03,418 | WARNING |    ⚠ Blocked (403) retry 1
2026-09-29 02:38:03,496 | INFO | 🌐 Session warmed
2026-09-29 02:38:04,686 | INFO |    ↳ Status 403
2026-09-29 02:38:04,686 | WARNING |    ⚠ Blocked (403) retry 2
2026-09-29 02:38:04,759 | INFO | 🌐 Session warmed
2026-09-29 02:38:04,987 | INFO |    ↳ Status 403
2026-09-29 02:38:04,987 | WARNING |    ⚠ Blocked (403) retry 2
2026-09-29 02:38:05,059 | INFO | 🌐 Session warmed
2026-09-29 02:38:05,130 | INFO |    ↳ Status 403
2026-09-29 02:38:05,130 | WARNING |    ⚠ Blocked (403) retry 2
2026-09-29 02:38:05,202 | INFO | 🌐 Session warmed
2026-09-29 02:38:07,126 | INFO | [775/1901] Fetching Kalwakurthy (KALW)
2026-09-29 02:38:07,802 | INFO |    ↳ Status 403
2026-09-29 02:38:07,802 | WARNING |    ⚠ Blocked (403) retry 3
2026-09-29 02:38:07,873 | INFO | 🌐 Session warmed
2026-09-29 02:38:08,042 | INFO |    ↳ Status 403
2026-09-29 02:38:08,042 | WARNING |    ⚠ Blocked (403) retry 1
2026-09-29 02:38:08,112 | INFO | 🌐 Session warmed
2026-09-29 02:38:08,245 | INFO |    ↳ Status 403
2026-09-29 02:38:08,245 | WARNING |    ⚠ Blocked (403) retry 3
2026-09-29 02:38:08,316 | INFO | 🌐 Session warmed
2026-09-29 02:38:08,396 | INFO |    ↳ Status 403
2026-09-29 02:38:08,396 | WARNING |    ⚠ Blocked (403) retry 3
2026-09-29 02:38:08,464 | INFO | 🌐 Session warmed
2026-09-29 02:38:10,458 | INFO |    ↳ Status 403
2026-09-29 02:38:10,458 | WARNING |    ⚠ Blocked (403) retry 2
2026-09-29 02:38:10,534 | INFO | 🌐 Session warmed
2026-09-29 02:38:11,873 | INFO | [776/1901] Fetching Kalyani (KALY)
2026-09-29 02:38:12,317 | INFO | [777/1901] Fetching Kamalaapur (KMLA)
2026-09-29 02:38:12,464 | INFO | [778/1901] Fetching Kamalapur (KMLR)
2026-09-29 02:38:12,892 | INFO |    ↳ Status 403
2026-09-29 02:38:12,892 | WARNING |    ⚠ Blocked (403) retry 1
2026-09-29 02:38:12,959 | INFO | 🌐 Session warmed
2026-09-29 02:38:13,028 | INFO |    ↳ Status 403
2026-09-29 02:38:13,028 | WARNING |    ⚠ Blocked (403) retry 1
2026-09-29 02:38:13,113 | INFO | 🌐 Session warmed
2026-09-29 02:38:13,656 | INFO |    ↳ Status 403
2026-09-29 02:38:13,656 | WARNING |    ⚠ Blocked (403) retry 3
2026-09-29 02:38:13,727 | INFO | 🌐 Session warmed
2026-09-29 02:38:13,808 | INFO |    ↳ Status 403
2026-09-29 02:38:13,808 | WARNING |    ⚠ Blocked (403) retry 1
2026-09-29 02:38:13,879 | INFO | 🌐 Session warmed
2026-09-29 02:38:15,229 | INFO |    ↳ Status 403
2026-09-29 02:38:15,229 | WARNING |    ⚠ Blocked (403) retry 2
2026-09-29 02:38:15,298 | INFO | 🌐 Session warmed
2026-09-29 02:38:15,314 | INFO |    ↳ Status 403
2026-09-29 02:38:15,314 | WARNING |    ⚠ Blocked (403) retry 2
2026-09-29 02:38:15,424 | INFO | 🌐 Session warmed
2026-09-29 02:38:15,972 | INFO |    ↳ Status 403
2026-09-29 02:38:15,972 | WARNING |    ⚠ Blocked (403) retry 2
2026-09-29 02:38:16,038 | INFO | 🌐 Session warmed
2026-09-29 02:38:17,728 | INFO | [779/1901] Fetching Kamanaickenpalayam (KPLA)
2026-09-29 02:38:18,393 | INFO |    ↳ Status 403
2026-09-29 02:38:18,393 | WARNING |    ⚠ Blocked (403) retry 3
2026-09-29 02:38:18,444 | INFO |    ↳ Status 403
2026-09-29 02:38:18,444 | WARNING |    ⚠ Blocked (403) retry 3
2026-09-29 02:38:18,469 | INFO | 🌐 Session warmed
2026-09-29 02:38:18,511 | INFO | 🌐 Session warmed
2026-09-29 02:38:18,977 | INFO |    ↳ Status 403
2026-09-29 02:38:18,977 | WARNING |    ⚠ Blocked (403) retry 1
2026-09-29 02:38:19,056 | INFO | 🌐 Session warmed
2026-09-29 02:38:19,153 | INFO |    ↳ Status 403
2026-09-29 02:38:19,153 | WARNING |    ⚠ Blocked (403) retry 3
2026-09-29 02:38:19,230 | INFO | 🌐 Session warmed
2026-09-29 02:38:20,977 | INFO |    ↳ Status 403
2026-09-29 02:38:20,977 | WARNING |    ⚠ Blocked (403) retry 2
2026-09-29 02:38:21,047 | INFO | 🌐 Session warmed
2026-09-29 02:38:22,469 | INFO | [780/1901] Fetching Kamareddy (KMRD)
2026-09-29 02:38:22,512 | INFO | [781/1901] Fetching Kamavarapukota (KPKT)
2026-09-29 02:38:23,230 | INFO | [782/1901] Fetching Kambainallur (KAMR)
2026-09-29 02:38:23,306 | INFO |    ↳ Status 403
2026-09-29 02:38:23,306 | WARNING |    ⚠ Blocked (403) retry 1
2026-09-29 02:38:23,385 | INFO | 🌐 Session warmed
2026-09-29 02:38:23,786 | INFO |    ↳ Status 403
2026-09-29 02:38:23,786 | WARNING |    ⚠ Blocked (403) retry 1
2026-09-29 02:38:23,824 | INFO |    ↳ Status 403
2026-09-29 02:38:23,825 | WARNING |    ⚠ Blocked (403) retry 3
2026-09-29 02:38:23,898 | INFO | 🌐 Session warmed
2026-09-29 02:38:23,988 | INFO | 🌐 Session warmed
2026-09-29 02:38:24,057 | INFO |    ↳ Status 403
2026-09-29 02:38:24,057 | WARNING |    ⚠ Blocked (403) retry 1
2026-09-29 02:38:24,129 | INFO | 🌐 Session warmed
2026-09-29 02:38:25,212 | INFO |    ↳ Status 403
2026-09-29 02:38:25,212 | WARNING |    ⚠ Blocked (403) retry 2
2026-09-29 02:38:25,280 | INFO | 🌐 Session warmed
2026-09-29 02:38:25,891 | INFO |    ↳ Status 403
2026-09-29 02:38:25,891 | WARNING |    ⚠ Blocked (403) retry 2
2026-09-29 02:38:25,923 | INFO |    ↳ Status 403
2026-09-29 02:38:25,923 | WARNING |    ⚠ Blocked (403) retry 2
2026-09-29 02:38:25,964 | INFO | 🌐 Session warmed
2026-09-29 02:38:25,995 | INFO | 🌐 Session warmed
2026-09-29 02:38:27,898 | INFO | [783/1901] Fetching Kamptee (KAMP)
2026-09-29 02:38:28,133 | INFO |    ↳ Status 403
2026-09-29 02:38:28,133 | WARNING |    ⚠ Blocked (403) retry 3
2026-09-29 02:38:28,204 | INFO | 🌐 Session warmed
2026-09-29 02:38:28,890 | INFO |    ↳ Status 403
2026-09-29 02:38:28,890 | WARNING |    ⚠ Blocked (403) retry 3
2026-09-29 02:38:28,910 | INFO |    ↳ Status 403
2026-09-29 02:38:28,910 | WARNING |    ⚠ Blocked (403) retry 3
2026-09-29 02:38:28,965 | INFO | 🌐 Session warmed
2026-09-29 02:38:28,971 | INFO |    ↳ Status 403
2026-09-29 02:38:28,971 | WARNING |    ⚠ Blocked (403) retry 1
2026-09-29 02:38:29,000 | INFO | 🌐 Session warmed
2026-09-29 02:38:29,059 | INFO | 🌐 Session warmed
2026-09-29 02:38:31,379 | INFO |    ↳ Status 403
2026-09-29 02:38:31,379 | WARNING |    ⚠ Blocked (403) retry 2
2026-09-29 02:38:31,449 | INFO | 🌐 Session warmed
2026-09-29 02:38:32,205 | INFO | [784/1901] Fetching Kamrej (KMRJ)
2026-09-29 02:38:32,965 | INFO | [785/1901] Fetching Kanakapura (KAKP)
2026-09-29 02:38:33,001 | INFO | [786/1901] Fetching Kanatal (KANA)
2026-09-29 02:38:33,574 | INFO |    ↳ Status 403
2026-09-29 02:38:33,574 | WARNING |    ⚠ Blocked (403) retry 1
2026-09-29 02:38:33,640 | INFO | 🌐 Session warmed
2026-09-29 02:38:33,657 | INFO |    ↳ Status 403
2026-09-29 02:38:33,657 | WARNING |    ⚠ Blocked (403) retry 1
2026-09-29 02:38:33,681 | INFO |    ↳ Status 403
2026-09-29 02:38:33,681 | WARNING |    ⚠ Blocked (403) retry 1
2026-09-29 02:38:33,735 | INFO | 🌐 Session warmed
2026-09-29 02:38:33,761 | INFO | 🌐 Session warmed
2026-09-29 02:38:34,359 | INFO |    ↳ Status 403
2026-09-29 02:38:34,359 | WARNING |    ⚠ Blocked (403) retry 3
2026-09-29 02:38:34,428 | INFO | 🌐 Session warmed
2026-09-29 02:38:35,354 | INFO |    ↳ Status 403
2026-09-29 02:38:35,354 | WARNING |    ⚠ Blocked (403) retry 2
2026-09-29 02:38:35,420 | INFO | 🌐 Session warmed
2026-09-29 02:38:35,604 | INFO |    ↳ Status 403
2026-09-29 02:38:35,604 | WARNING |    ⚠ Blocked (403) retry 2
2026-09-29 02:38:35,675 | INFO | 🌐 Session warmed
2026-09-29 02:38:35,705 | INFO |    ↳ Status 403
2026-09-29 02:38:35,705 | WARNING |    ⚠ Blocked (403) retry 2
2026-09-29 02:38:35,772 | INFO | 🌐 Session warmed
2026-09-29 02:38:38,412 | INFO |    ↳ Status 403
2026-09-29 02:38:38,412 | WARNING |    ⚠ Blocked (403) retry 3
2026-09-29 02:38:38,428 | INFO | [787/1901] Fetching Kanchikacherla (KNCH)
2026-09-29 02:38:38,483 | INFO | 🌐 Session warmed
2026-09-29 02:38:38,545 | INFO |    ↳ Status 403
2026-09-29 02:38:38,545 | WARNING |    ⚠ Blocked (403) retry 3
2026-09-29 02:38:38,624 | INFO | 🌐 Session warmed
2026-09-29 02:38:39,071 | INFO |    ↳ Status 403
2026-09-29 02:38:39,071 | WARNING |    ⚠ Blocked (403) retry 3
2026-09-29 02:38:39,076 | INFO |    ↳ Status 403
2026-09-29 02:38:39,076 | WARNING |    ⚠ Blocked (403) retry 1
2026-09-29 02:38:39,148 | INFO | 🌐 Session warmed
2026-09-29 02:38:39,171 | INFO | 🌐 Session warmed
2026-09-29 02:38:40,953 | INFO |    ↳ Status 403
2026-09-29 02:38:40,953 | WARNING |    ⚠ Blocked (403) retry 2
2026-09-29 02:38:41,033 | INFO | 🌐 Session warmed
2026-09-29 02:38:42,483 | INFO | [788/1901] Fetching Kanchipuram (KNPM)
2026-09-29 02:38:42,625 | INFO | [789/1901] Fetching Kandamangalam (KNDM)
2026-09-29 02:38:43,148 | INFO | [790/1901] Fetching Kandukur (KAND)
2026-09-29 02:38:43,199 | INFO |    ↳ Status 403
2026-09-29 02:38:43,199 | WARNING |    ⚠ Blocked (403) retry 1
2026-09-29 02:38:43,268 | INFO | 🌐 Session warmed
2026-09-29 02:38:44,150 | INFO |    ↳ Status 200
2026-09-29 02:38:44,150 | INFO |    ✓ Found 8 movies
2026-09-29 02:38:44,150 | INFO | [791/1901] Fetching Kangayam (KGKM)
2026-09-29 02:38:44,209 | INFO |    ↳ Status 403
2026-09-29 02:38:44,209 | WARNING |    ⚠ Blocked (403) retry 3
2026-09-29 02:38:44,280 | INFO | 🌐 Session warmed
2026-09-29 02:38:44,539 | INFO |    ↳ Status 403
2026-09-29 02:38:44,539 | WARNING |    ⚠ Blocked (403) retry 1
2026-09-29 02:38:44,617 | INFO | 🌐 Session warmed
2026-09-29 02:38:44,887 | INFO |    ↳ Status 403
2026-09-29 02:38:44,887 | WARNING |    ⚠ Blocked (403) retry 1
2026-09-29 02:38:44,969 | INFO | 🌐 Session warmed
2026-09-29 02:38:45,271 | INFO |    ↳ Status 403
2026-09-29 02:38:45,272 | WARNING |    ⚠ Blocked (403) retry 2
2026-09-29 02:38:45,340 | INFO | 🌐 Session warmed
2026-09-29 02:38:46,636 | INFO |    ↳ Status 403
2026-09-29 02:38:46,636 | WARNING |    ⚠ Blocked (403) retry 2
2026-09-29 02:38:46,660 | INFO |    ↳ Status 403
2026-09-29 02:38:46,660 | WARNING |    ⚠ Blocked (403) retry 2
2026-09-29 02:38:46,708 | INFO | 🌐 Session warmed
2026-09-29 02:38:46,740 | INFO | 🌐 Session warmed
2026-09-29 02:38:47,972 | INFO |    ↳ Status 403
2026-09-29 02:38:47,972 | WARNING |    ⚠ Blocked (403) retry 3
2026-09-29 02:38:48,053 | INFO | 🌐 Session warmed
2026-09-29 02:38:48,280 | INFO | [792/1901] Fetching Kangra (KANG)
2026-09-29 02:38:49,192 | INFO |    ↳ Status 403
2026-09-29 02:38:49,192 | WARNING |    ⚠ Blocked (403) retry 1
2026-09-29 02:38:49,260 | INFO | 🌐 Session warmed
2026-09-29 02:38:49,717 | INFO |    ↳ Status 403
2026-09-29 02:38:49,717 | WARNING |    ⚠ Blocked (403) retry 3
2026-09-29 02:38:49,756 | INFO |    ↳ Status 403
2026-09-29 02:38:49,756 | WARNING |    ⚠ Blocked (403) retry 3
2026-09-29 02:38:49,793 | INFO | 🌐 Session warmed
2026-09-29 02:38:49,828 | INFO | 🌐 Session warmed
2026-09-29 02:38:51,404 | INFO |    ↳ Status 403
2026-09-29 02:38:51,404 | WARNING |    ⚠ Blocked (403) retry 2
2026-09-29 02:38:51,483 | INFO | 🌐 Session warmed
2026-09-29 02:38:52,053 | INFO | [793/1901] Fetching Kanhangad (KKNN)
2026-09-29 02:38:53,433 | INFO |    ↳ Status 403
2026-09-29 02:38:53,433 | WARNING |    ⚠ Blocked (403) retry 1
2026-09-29 02:38:53,503 | INFO | 🌐 Session warmed
2026-09-29 02:38:53,793 | INFO | [794/1901] Fetching Kanichar (KANC)
2026-09-29 02:38:53,828 | INFO | [795/1901] Fetching Kanigiri (KANI)
2026-09-29 02:38:54,553 | INFO |    ↳ Status 403
2026-09-29 02:38:54,553 | WARNING |    ⚠ Blocked (403) retry 3
2026-09-29 02:38:54,630 | INFO | 🌐 Session warmed
2026-09-29 02:38:54,870 | INFO |    ↳ Status 403
2026-09-29 02:38:54,870 | WARNING |    ⚠ Blocked (403) retry 1
2026-09-29 02:38:54,941 | INFO | 🌐 Session warmed
2026-09-29 02:38:55,209 | INFO |    ↳ Status 403
2026-09-29 02:38:55,209 | WARNING |    ⚠ Blocked (403) retry 1
2026-09-29 02:38:55,213 | INFO |    ↳ Status 403
2026-09-29 02:38:55,214 | WARNING |    ⚠ Blocked (403) retry 2
2026-09-29 02:38:55,297 | INFO | 🌐 Session warmed
2026-09-29 02:38:55,303 | INFO | 🌐 Session warmed
2026-09-29 02:38:56,776 | INFO |    ↳ Status 403
2026-09-29 02:38:56,776 | WARNING |    ⚠ Blocked (403) retry 2
2026-09-29 02:38:56,842 | INFO | 🌐 Session warmed
2026-09-29 02:38:57,408 | INFO |    ↳ Status 403
2026-09-29 02:38:57,408 | WARNING |    ⚠ Blocked (403) retry 2
2026-09-29 02:38:57,477 | INFO | 🌐 Session warmed
2026-09-29 02:38:58,091 | INFO |    ↳ Status 403
2026-09-29 02:38:58,091 | WARNING |    ⚠ Blocked (403) retry 3
2026-09-29 02:38:58,168 | INFO | 🌐 Session warmed
2026-09-29 02:38:58,630 | INFO | [796/1901] Fetching Kanipakam (KAAM)
2026-09-29 02:38:59,560 | INFO |    ↳ Status 403
2026-09-29 02:38:59,561 | WARNING |    ⚠ Blocked (403) retry 3
2026-09-29 02:38:59,638 | INFO | 🌐 Session warmed
2026-09-29 02:39:00,017 | INFO |    ↳ Status 403
2026-09-29 02:39:00,017 | WARNING |    ⚠ Blocked (403) retry 1
2026-09-29 02:39:00,085 | INFO | 🌐 Session warmed
2026-09-29 02:39:00,280 | INFO |    ↳ Status 403
2026-09-29 02:39:00,280 | WARNING |    ⚠ Blocked (403) retry 3
2026-09-29 02:39:00,361 | INFO | 🌐 Session warmed
2026-09-29 02:39:02,031 | INFO |    ↳ Status 403
2026-09-29 02:39:02,031 | WARNING |    ⚠ Blocked (403) retry 2
2026-09-29 02:39:02,103 | INFO | 🌐 Session warmed
2026-09-29 02:39:02,169 | INFO | [797/1901] Fetching Kanjirappally (KNNJ)
2026-09-29 02:39:02,858 | INFO |    ↳ Status 403
2026-09-29 02:39:02,859 | WARNING |    ⚠ Blocked (403) retry 1
2026-09-29 02:39:02,929 | INFO | 🌐 Session warmed
2026-09-29 02:39:03,639 | INFO | [798/1901] Fetching Kankavli (KNKS)
2026-09-29 02:39:04,361 | INFO | [799/1901] Fetching Kanker (KANK)
2026-09-29 02:39:04,855 | INFO |    ↳ Status 403
2026-09-29 02:39:04,855 | WARNING |    ⚠ Blocked (403) retry 1
2026-09-29 02:39:04,912 | INFO |    ↳ Status 403
2026-09-29 02:39:04,912 | WARNING |    ⚠ Blocked (403) retry 3
2026-09-29 02:39:04,924 | INFO | 🌐 Session warmed
2026-09-29 02:39:04,978 | INFO |    ↳ Status 403
2026-09-29 02:39:04,978 | WARNING |    ⚠ Blocked (403) retry 1
2026-09-29 02:39:04,992 | INFO | 🌐 Session warmed
2026-09-29 02:39:05,048 | INFO | 🌐 Session warmed
2026-09-29 02:39:05,221 | INFO |    ↳ Status 403
2026-09-29 02:39:05,222 | WARNING |    ⚠ Blocked (403) retry 2
2026-09-29 02:39:05,298 | INFO | 🌐 Session warmed
2026-09-29 02:39:06,788 | INFO |    ↳ Status 403
2026-09-29 02:39:06,788 | WARNING |    ⚠ Blocked (403) retry 2
2026-09-29 02:39:06,878 | INFO | 🌐 Session warmed
2026-09-29 02:39:06,993 | INFO |    ↳ Status 403
2026-09-29 02:39:06,993 | WARNING |    ⚠ Blocked (403) retry 2
2026-09-29 02:39:07,066 | INFO | 🌐 Session warmed
2026-09-29 02:39:08,660 | INFO |    ↳ Status 403
2026-09-29 02:39:08,660 | WARNING |    ⚠ Blocked (403) retry 3
2026-09-29 02:39:08,731 | INFO | 🌐 Session warmed
2026-09-29 02:39:08,992 | INFO | [800/1901] Fetching Kankipadu (KADU)
2026-09-29 02:39:10,281 | INFO |    ↳ Status 403
2026-09-29 02:39:10,281 | WARNING |    ⚠ Blocked (403) retry 3
2026-09-29 02:39:10,350 | INFO | 🌐 Session warmed
2026-09-29 02:39:10,382 | INFO |    ↳ Status 403
2026-09-29 02:39:10,382 | WARNING |    ⚠ Blocked (403) retry 3
2026-09-29 02:39:10,395 | INFO |    ↳ Status 403
2026-09-29 02:39:10,395 | WARNING |    ⚠ Blocked (403) retry 1
2026-09-29 02:39:10,464 | INFO | 🌐 Session warmed
2026-09-29 02:39:10,468 | INFO | 🌐 Session warmed
2026-09-29 02:39:12,525 | INFO |    ↳ Status 403
2026-09-29 02:39:12,525 | WARNING |    ⚠ Blocked (403) retry 2
2026-09-29 02:39:12,613 | INFO | 🌐 Session warmed
2026-09-29 02:39:12,731 | INFO | [801/1901] Fetching Kankroli (KANL)
2026-09-29 02:39:14,142 | INFO |    ↳ Status 403
2026-09-29 02:39:14,143 | WARNING |    ⚠ Blocked (403) retry 1
2026-09-29 02:39:14,218 | INFO | 🌐 Session warmed
2026-09-29 02:39:14,350 | INFO | [802/1901] Fetching Kannauj (KANJ)
2026-09-29 02:39:14,464 | INFO | [803/1901] Fetching Kannur (KANN)
2026-09-29 02:39:15,096 | INFO |    ↳ Status 403
2026-09-29 02:39:15,096 | WARNING |    ⚠ Blocked (403) retry 1
2026-09-29 02:39:15,166 | INFO | 🌐 Session warmed
2026-09-29 02:39:15,655 | INFO |    ↳ Status 403
2026-09-29 02:39:15,655 | WARNING |    ⚠ Blocked (403) retry 1
2026-09-29 02:39:15,735 | INFO | 🌐 Session warmed
2026-09-29 02:39:15,939 | INFO |    ↳ Status 403
2026-09-29 02:39:15,940 | WARNING |    ⚠ Blocked (403) retry 3
2026-09-29 02:39:16,014 | INFO | 🌐 Session warmed
2026-09-29 02:39:16,515 | INFO |    ↳ Status 200
2026-09-29 02:39:16,515 | INFO |    ✓ Found 8 movies
2026-09-29 02:39:16,516 | INFO | [804/1901] Fetching Kanpur (KANP)
2026-09-29 02:39:17,130 | INFO |    ↳ Status 403
2026-09-29 02:39:17,130 | WARNING |    ⚠ Blocked (403) retry 2
2026-09-29 02:39:17,198 | INFO | 🌐 Session warmed
2026-09-29 02:39:17,394 | INFO |    ↳ Status 403
2026-09-29 02:39:17,394 | WARNING |    ⚠ Blocked (403) retry 2
2026-09-29 02:39:17,480 | INFO | 🌐 Session warmed
2026-09-29 02:39:18,303 | INFO |    ↳ Status 200
2026-09-29 02:39:18,303 | INFO |    ✓ Found 7 movies
2026-09-29 02:39:18,303 | INFO | [805/1901] Fetching Kantabanji (KTBJ)
2026-09-29 02:39:19,256 | INFO |    ↳ Status 403
2026-09-29 02:39:19,256 | WARNING |    ⚠ Blocked (403) retry 1
2026-09-29 02:39:19,324 | INFO | 🌐 Session warmed
2026-09-29 02:39:20,014 | INFO | [806/1901] Fetching Kanyakumari (KAKM)
2026-09-29 02:39:20,473 | INFO |    ↳ Status 403
2026-09-29 02:39:20,473 | WARNING |    ⚠ Blocked (403) retry 3
2026-09-29 02:39:20,543 | INFO | 🌐 Session warmed
2026-09-29 02:39:20,690 | INFO |    ↳ Status 403
2026-09-29 02:39:20,690 | WARNING |    ⚠ Blocked (403) retry 3
2026-09-29 02:39:20,761 | INFO | 🌐 Session warmed
2026-09-29 02:39:21,354 | INFO |    ↳ Status 403
2026-09-29 02:39:21,354 | WARNING |    ⚠ Blocked (403) retry 1
2026-09-29 02:39:21,396 | INFO |    ↳ Status 403
2026-09-29 02:39:21,397 | WARNING |    ⚠ Blocked (403) retry 2
2026-09-29 02:39:21,446 | INFO | 🌐 Session warmed
2026-09-29 02:39:21,467 | INFO | 🌐 Session warmed
2026-09-29 02:39:23,505 | INFO |    ↳ Status 403
2026-09-29 02:39:23,505 | WARNING |    ⚠ Blocked (403) retry 2
2026-09-29 02:39:23,579 | INFO | 🌐 Session warmed
2026-09-29 02:39:24,175 | INFO |    ↳ Status 403
2026-09-29 02:39:24,175 | WARNING |    ⚠ Blocked (403) retry 3
2026-09-29 02:39:24,247 | INFO | 🌐 Session warmed
2026-09-29 02:39:24,544 | INFO | [807/1901] Fetching Kapadvanj (KAPP)
2026-09-29 02:39:24,761 | INFO | [808/1901] Fetching Kapurthala (IKGP)
2026-09-29 02:39:25,313 | INFO |    ↳ Status 403
2026-09-29 02:39:25,313 | WARNING |    ⚠ Blocked (403) retry 1
2026-09-29 02:39:25,394 | INFO | 🌐 Session warmed
2026-09-29 02:39:26,170 | INFO |    ↳ Status 403
2026-09-29 02:39:26,170 | WARNING |    ⚠ Blocked (403) retry 1
2026-09-29 02:39:26,243 | INFO | 🌐 Session warmed
2026-09-29 02:39:26,654 | INFO |    ↳ Status 403
2026-09-29 02:39:26,654 | WARNING |    ⚠ Blocked (403) retry 3
2026-09-29 02:39:26,724 | INFO | 🌐 Session warmed
2026-09-29 02:39:27,194 | INFO |    ↳ Status 403
2026-09-29 02:39:27,194 | WARNING |    ⚠ Blocked (403) retry 2
2026-09-29 02:39:27,337 | INFO | 🌐 Session warmed
2026-09-29 02:39:28,247 | INFO | [809/1901] Fetching Karad (KARD)
2026-09-29 02:39:28,371 | INFO |    ↳ Status 403
2026-09-29 02:39:28,371 | WARNING |    ⚠ Blocked (403) retry 2
2026-09-29 02:39:28,443 | INFO | 🌐 Session warmed
2026-09-29 02:39:28,977 | INFO |    ↳ Status 403
2026-09-29 02:39:28,977 | WARNING |    ⚠ Blocked (403) retry 1
2026-09-29 02:39:29,047 | INFO | 🌐 Session warmed
2026-09-29 02:39:30,246 | INFO |    ↳ Status 403
2026-09-29 02:39:30,247 | WARNING |    ⚠ Blocked (403) retry 3
2026-09-29 02:39:30,319 | INFO | 🌐 Session warmed
2026-09-29 02:39:30,724 | INFO | [810/1901] Fetching Karaikal (KARA)
2026-09-29 02:39:31,413 | INFO |    ↳ Status 403
2026-09-29 02:39:31,413 | WARNING |    ⚠ Blocked (403) retry 2
2026-09-29 02:39:31,420 | INFO |    ↳ Status 403
2026-09-29 02:39:31,420 | WARNING |    ⚠ Blocked (403) retry 3
2026-09-29 02:39:31,498 | INFO | 🌐 Session warmed
2026-09-29 02:39:31,559 | INFO | 🌐 Session warmed
2026-09-29 02:39:31,944 | INFO |    ↳ Status 403
2026-09-29 02:39:31,945 | WARNING |    ⚠ Blocked (403) retry 1
2026-09-29 02:39:32,017 | INFO | 🌐 Session warmed
2026-09-29 02:39:33,709 | INFO |    ↳ Status 403
2026-09-29 02:39:33,709 | WARNING |    ⚠ Blocked (403) retry 2
2026-09-29 02:39:33,778 | INFO | 🌐 Session warmed
2026-09-29 02:39:34,319 | INFO | [811/1901] Fetching Karambakkudi (KRBK)
2026-09-29 02:39:34,686 | INFO |    ↳ Status 403
2026-09-29 02:39:34,686 | WARNING |    ⚠ Blocked (403) retry 3
2026-09-29 02:39:34,754 | INFO | 🌐 Session warmed
2026-09-29 02:39:35,302 | INFO |    ↳ Status 403
2026-09-29 02:39:35,302 | WARNING |    ⚠ Blocked (403) retry 1
2026-09-29 02:39:35,368 | INFO | 🌐 Session warmed
2026-09-29 02:39:35,499 | INFO | [812/1901] Fetching Karanja Lad (KLAD)
2026-09-29 02:39:36,336 | INFO |    ↳ Status 403
2026-09-29 02:39:36,336 | WARNING |    ⚠ Blocked (403) retry 1
2026-09-29 02:39:36,408 | INFO | 🌐 Session warmed
2026-09-29 02:39:36,878 | INFO |    ↳ Status 403
2026-09-29 02:39:36,878 | WARNING |    ⚠ Blocked (403) retry 3
2026-09-29 02:39:36,951 | INFO | 🌐 Session warmed
2026-09-29 02:39:37,015 | INFO |    ↳ Status 403
2026-09-29 02:39:37,015 | WARNING |    ⚠ Blocked (403) retry 2
2026-09-29 02:39:37,102 | INFO | 🌐 Session warmed
2026-09-29 02:39:38,528 | INFO |    ↳ Status 403
2026-09-29 02:39:38,528 | WARNING |    ⚠ Blocked (403) retry 2
2026-09-29 02:39:38,603 | INFO | 🌐 Session warmed
2026-09-29 02:39:38,754 | INFO | [813/1901] Fetching Karanjia (KARJ)
2026-09-29 02:39:39,911 | INFO |    ↳ Status 403
2026-09-29 02:39:39,911 | WARNING |    ⚠ Blocked (403) retry 1
2026-09-29 02:39:39,986 | INFO | 🌐 Session warmed
2026-09-29 02:39:40,318 | INFO |    ↳ Status 403
2026-09-29 02:39:40,319 | WARNING |    ⚠ Blocked (403) retry 3
2026-09-29 02:39:40,394 | INFO | 🌐 Session warmed
2026-09-29 02:39:40,952 | INFO | [814/1901] Fetching Kareli (KARE)
2026-09-29 02:39:41,332 | INFO |    ↳ Status 403
2026-09-29 02:39:41,333 | WARNING |    ⚠ Blocked (403) retry 3
2026-09-29 02:39:41,407 | INFO | 🌐 Session warmed
2026-09-29 02:39:41,611 | INFO |    ↳ Status 403
2026-09-29 02:39:41,611 | WARNING |    ⚠ Blocked (403) retry 1
2026-09-29 02:39:41,695 | INFO | 🌐 Session warmed
2026-09-29 02:39:41,939 | INFO |    ↳ Status 403
2026-09-29 02:39:41,939 | WARNING |    ⚠ Blocked (403) retry 2
2026-09-29 02:39:42,006 | INFO | 🌐 Session warmed
2026-09-29 02:39:43,865 | INFO |    ↳ Status 403
2026-09-29 02:39:43,865 | WARNING |    ⚠ Blocked (403) retry 2
2026-09-29 02:39:43,942 | INFO | 🌐 Session warmed
2026-09-29 02:39:44,394 | INFO | [815/1901] Fetching Karepalli (KRPL)
2026-09-29 02:39:45,122 | INFO |    ↳ Status 200
2026-09-29 02:39:45,123 | INFO |    ✓ Found 8 movies
2026-09-29 02:39:45,123 | INFO | [816/1901] Fetching Kargi Road (KRRD)
2026-09-29 02:39:45,408 | INFO | [817/1901] Fetching Karimangalam (KARI)
2026-09-29 02:39:45,510 | INFO |    ↳ Status 403
2026-09-29 02:39:45,510 | WARNING |    ⚠ Blocked (403) retry 1
2026-09-29 02:39:45,582 | INFO | 🌐 Session warmed
2026-09-29 02:39:46,253 | INFO |    ↳ Status 200
2026-09-29 02:39:46,253 | INFO |    ✓ Found 8 movies
2026-09-29 02:39:46,253 | INFO | [818/1901] Fetching Karimganj (KRNJ)
2026-09-29 02:39:46,561 | INFO |    ↳ Status 403
2026-09-29 02:39:46,561 | WARNING |    ⚠ Blocked (403) retry 3
2026-09-29 02:39:46,714 | INFO |    ↳ Status 403
2026-09-29 02:39:46,714 | WARNING |    ⚠ Blocked (403) retry 1
2026-09-29 02:39:46,771 | INFO | 🌐 Session warmed
2026-09-29 02:39:46,789 | INFO | 🌐 Session warmed
2026-09-29 02:39:47,423 | INFO |    ↳ Status 200
2026-09-29 02:39:47,423 | INFO |    ✓ Found 7 movies
2026-09-29 02:39:47,423 | INFO | [819/1901] Fetching Karimnagar (KARIM)
2026-09-29 02:39:47,661 | INFO |    ↳ Status 403
2026-09-29 02:39:47,661 | WARNING |    ⚠ Blocked (403) retry 2
2026-09-29 02:39:47,734 | INFO | 🌐 Session warmed
2026-09-29 02:39:48,482 | INFO |    ↳ Status 403
2026-09-29 02:39:48,482 | WARNING |    ⚠ Blocked (403) retry 1
2026-09-29 02:39:48,545 | INFO |    ↳ Status 403
2026-09-29 02:39:48,545 | WARNING |    ⚠ Blocked (403) retry 2
2026-09-29 02:39:48,560 | INFO | 🌐 Session warmed
2026-09-29 02:39:48,613 | INFO | 🌐 Session warmed
2026-09-29 02:39:50,488 | INFO |    ↳ Status 403
2026-09-29 02:39:50,488 | WARNING |    ⚠ Blocked (403) retry 2
2026-09-29 02:39:50,556 | INFO | 🌐 Session warmed
2026-09-29 02:39:50,771 | INFO | [820/1901] Fetching Kariyad (KRYD)
2026-09-29 02:39:51,136 | INFO |    ↳ Status 403
2026-09-29 02:39:51,136 | WARNING |    ⚠ Blocked (403) retry 3
2026-09-29 02:39:51,208 | INFO | 🌐 Session warmed
2026-09-29 02:39:51,368 | INFO |    ↳ Status 403
2026-09-29 02:39:51,368 | WARNING |    ⚠ Blocked (403) retry 3
2026-09-29 02:39:51,442 | INFO | 🌐 Session warmed
2026-09-29 02:39:52,020 | INFO |    ↳ Status 403
2026-09-29 02:39:52,020 | WARNING |    ⚠ Blocked (403) retry 1
2026-09-29 02:39:52,095 | INFO | 🌐 Session warmed
2026-09-29 02:39:53,396 | INFO |    ↳ Status 403
2026-09-29 02:39:53,396 | WARNING |    ⚠ Blocked (403) retry 3
2026-09-29 02:39:53,473 | INFO | 🌐 Session warmed
2026-09-29 02:39:54,491 | INFO |    ↳ Status 403
2026-09-29 02:39:54,491 | WARNING |    ⚠ Blocked (403) retry 2
2026-09-29 02:39:54,561 | INFO | 🌐 Session warmed
2026-09-29 02:39:55,209 | INFO | [821/1901] Fetching Karjat (KART)
2026-09-29 02:39:55,442 | INFO | [822/1901] Fetching Karkala (KARK)
2026-09-29 02:39:56,509 | INFO |    ↳ Status 403
2026-09-29 02:39:56,509 | WARNING |    ⚠ Blocked (403) retry 1
2026-09-29 02:39:56,580 | INFO | 🌐 Session warmed
2026-09-29 02:39:56,607 | INFO |    ↳ Status 403
2026-09-29 02:39:56,607 | WARNING |    ⚠ Blocked (403) retry 1
2026-09-29 02:39:56,680 | INFO | 🌐 Session warmed
2026-09-29 02:39:57,474 | INFO | [823/1901] Fetching Karmala (KMML)
2026-09-29 02:39:57,575 | INFO |    ↳ Status 403
2026-09-29 02:39:57,575 | WARNING |    ⚠ Blocked (403) retry 3
2026-09-29 02:39:57,680 | INFO | 🌐 Session warmed
2026-09-29 02:39:58,425 | INFO |    ↳ Status 403
2026-09-29 02:39:58,425 | WARNING |    ⚠ Blocked (403) retry 2
2026-09-29 02:39:58,450 | INFO |    ↳ Status 403
2026-09-29 02:39:58,450 | WARNING |    ⚠ Blocked (403) retry 1
2026-09-29 02:39:58,500 | INFO | 🌐 Session warmed
2026-09-29 02:39:58,526 | INFO | 🌐 Session warmed
2026-09-29 02:39:58,579 | INFO |    ↳ Status 403
2026-09-29 02:39:58,579 | WARNING |    ⚠ Blocked (403) retry 2
2026-09-29 02:39:58,649 | INFO | 🌐 Session warmed
2026-09-29 02:40:00,495 | INFO |    ↳ Status 403
2026-09-29 02:40:00,495 | WARNING |    ⚠ Blocked (403) retry 2
2026-09-29 02:40:00,567 | INFO | 🌐 Session warmed
2026-09-29 02:40:01,485 | INFO |    ↳ Status 403
2026-09-29 02:40:01,485 | WARNING |    ⚠ Blocked (403) retry 3
2026-09-29 02:40:01,569 | INFO | 🌐 Session warmed
2026-09-29 02:40:01,680 | INFO | [824/1901] Fetching Karmamthody (KRMA)
2026-09-29 02:40:01,915 | INFO |    ↳ Status 403
2026-09-29 02:40:01,915 | WARNING |    ⚠ Blocked (403) retry 3
2026-09-29 02:40:01,989 | INFO | 🌐 Session warmed
2026-09-29 02:40:02,649 | INFO |    ↳ Status 403
2026-09-29 02:40:02,649 | WARNING |    ⚠ Blocked (403) retry 1
2026-09-29 02:40:02,725 | INFO | 🌐 Session warmed
2026-09-29 02:40:03,790 | INFO |    ↳ Status 403
2026-09-29 02:40:03,791 | WARNING |    ⚠ Blocked (403) retry 3
2026-09-29 02:40:03,861 | INFO | 🌐 Session warmed
2026-09-29 02:40:04,951 | INFO |    ↳ Status 403
2026-09-29 02:40:04,951 | WARNING |    ⚠ Blocked (403) retry 2
2026-09-29 02:40:05,021 | INFO | 🌐 Session warmed
2026-09-29 02:40:05,570 | INFO | [825/1901] Fetching Karnal (KARN)
2026-09-29 02:40:05,990 | INFO | [826/1901] Fetching Karunagapally (KARG)
2026-09-29 02:40:06,564 | INFO |    ↳ Status 403
2026-09-29 02:40:06,564 | WARNING |    ⚠ Blocked (403) retry 1
2026-09-29 02:40:06,636 | INFO | 🌐 Session warmed
2026-09-29 02:40:07,152 | INFO |    ↳ Status 403
2026-09-29 02:40:07,152 | WARNING |    ⚠ Blocked (403) retry 1
2026-09-29 02:40:07,222 | INFO | 🌐 Session warmed
2026-09-29 02:40:07,854 | INFO |    ↳ Status 403
2026-09-29 02:40:07,854 | WARNING |    ⚠ Blocked (403) retry 3
2026-09-29 02:40:07,861 | INFO | [827/1901] Fetching Karur (KARU)
2026-09-29 02:40:07,932 | INFO | 🌐 Session warmed
2026-09-29 02:40:08,676 | INFO |    ↳ Status 403
2026-09-29 02:40:08,676 | WARNING |    ⚠ Blocked (403) retry 1
2026-09-29 02:40:08,733 | INFO |    ↳ Status 403
2026-09-29 02:40:08,733 | WARNING |    ⚠ Blocked (403) retry 2
2026-09-29 02:40:08,750 | INFO | 🌐 Session warmed
2026-09-29 02:40:08,810 | INFO | 🌐 Session warmed
2026-09-29 02:40:09,417 | INFO |    ↳ Status 403
2026-09-29 02:40:09,417 | WARNING |    ⚠ Blocked (403) retry 2
2026-09-29 02:40:09,490 | INFO | 🌐 Session warmed
2026-09-29 02:40:10,448 | INFO |    ↳ Status 403
2026-09-29 02:40:10,448 | WARNING |    ⚠ Blocked (403) retry 2
2026-09-29 02:40:10,523 | INFO | 🌐 Session warmed
2026-09-29 02:40:11,933 | INFO | [828/1901] Fetching Karwar (KWAR)
2026-09-29 02:40:12,184 | INFO |    ↳ Status 403
2026-09-29 02:40:12,184 | WARNING |    ⚠ Blocked (403) retry 3
2026-09-29 02:40:12,257 | INFO | 🌐 Session warmed
2026-09-29 02:40:12,557 | INFO |    ↳ Status 403
2026-09-29 02:40:12,557 | WARNING |    ⚠ Blocked (403) retry 1
2026-09-29 02:40:12,626 | INFO | 🌐 Session warmed
2026-09-29 02:40:12,632 | INFO |    ↳ Status 403
2026-09-29 02:40:12,632 | WARNING |    ⚠ Blocked (403) retry 3
2026-09-29 02:40:12,706 | INFO | 🌐 Session warmed
2026-09-29 02:40:13,379 | INFO |    ↳ Status 403
2026-09-29 02:40:13,379 | WARNING |    ⚠ Blocked (403) retry 3
2026-09-29 02:40:13,456 | INFO | 🌐 Session warmed
2026-09-29 02:40:14,443 | INFO |    ↳ Status 403
2026-09-29 02:40:14,443 | WARNING |    ⚠ Blocked (403) retry 2
2026-09-29 02:40:14,510 | INFO | 🌐 Session warmed
2026-09-29 02:40:16,257 | INFO | [829/1901] Fetching Kasaragod (KASA)
2026-09-29 02:40:16,707 | INFO | [830/1901] Fetching Kasdol (KASD)
2026-09-29 02:40:17,438 | INFO |    ↳ Status 403
2026-09-29 02:40:17,438 | WARNING |    ⚠ Blocked (403) retry 1
2026-09-29 02:40:17,456 | INFO | [831/1901] Fetching Kasganj (KASG)
2026-09-29 02:40:17,518 | INFO | 🌐 Session warmed
2026-09-29 02:40:17,855 | INFO |    ↳ Status 403
2026-09-29 02:40:17,855 | WARNING |    ⚠ Blocked (403) retry 3
2026-09-29 02:40:17,870 | INFO |    ↳ Status 403
2026-09-29 02:40:17,871 | WARNING |    ⚠ Blocked (403) retry 1
2026-09-29 02:40:17,928 | INFO | 🌐 Session warmed
2026-09-29 02:40:17,948 | INFO | 🌐 Session warmed
2026-09-29 02:40:18,766 | INFO |    ↳ Status 403
2026-09-29 02:40:18,766 | WARNING |    ⚠ Blocked (403) retry 1
2026-09-29 02:40:18,889 | INFO | 🌐 Session warmed
2026-09-29 02:40:19,588 | INFO |    ↳ Status 403
2026-09-29 02:40:19,588 | WARNING |    ⚠ Blocked (403) retry 2
2026-09-29 02:40:19,665 | INFO | 🌐 Session warmed
2026-09-29 02:40:19,677 | INFO |    ↳ Status 403
2026-09-29 02:40:19,677 | WARNING |    ⚠ Blocked (403) retry 2
2026-09-29 02:40:19,752 | INFO | 🌐 Session warmed
2026-09-29 02:40:20,687 | INFO |    ↳ Status 403
2026-09-29 02:40:20,687 | WARNING |    ⚠ Blocked (403) retry 2
2026-09-29 02:40:20,759 | INFO | 🌐 Session warmed
2026-09-29 02:40:21,929 | INFO | [832/1901] Fetching Kashig (KSHG)
2026-09-29 02:40:22,315 | INFO |    ↳ Status 403
2026-09-29 02:40:22,315 | WARNING |    ⚠ Blocked (403) retry 3
2026-09-29 02:40:22,395 | INFO | 🌐 Session warmed
2026-09-29 02:40:22,756 | INFO |    ↳ Status 403
2026-09-29 02:40:22,756 | WARNING |    ⚠ Blocked (403) retry 1
2026-09-29 02:40:22,825 | INFO | 🌐 Session warmed
2026-09-29 02:40:22,987 | INFO |    ↳ Status 403
2026-09-29 02:40:22,987 | WARNING |    ⚠ Blocked (403) retry 3
2026-09-29 02:40:23,070 | INFO | 🌐 Session warmed
2026-09-29 02:40:24,048 | INFO |    ↳ Status 403
2026-09-29 02:40:24,049 | WARNING |    ⚠ Blocked (403) retry 3
2026-09-29 02:40:24,120 | INFO | 🌐 Session warmed
2026-09-29 02:40:24,957 | INFO |    ↳ Status 403
2026-09-29 02:40:24,957 | WARNING |    ⚠ Blocked (403) retry 2
2026-09-29 02:40:25,031 | INFO | 🌐 Session warmed
2026-09-29 02:40:26,395 | INFO | [833/1901] Fetching Kashipur (KASH)
2026-09-29 02:40:27,071 | INFO | [834/1901] Fetching Kashti (KAST)
2026-09-29 02:40:27,721 | INFO |    ↳ Status 403
2026-09-29 02:40:27,721 | WARNING |    ⚠ Blocked (403) retry 1
2026-09-29 02:40:27,789 | INFO | 🌐 Session warmed
2026-09-29 02:40:27,804 | INFO |    ↳ Status 403
2026-09-29 02:40:27,805 | WARNING |    ⚠ Blocked (403) retry 1
2026-09-29 02:40:27,871 | INFO | 🌐 Session warmed
2026-09-29 02:40:27,987 | INFO |    ↳ Status 403
2026-09-29 02:40:27,987 | WARNING |    ⚠ Blocked (403) retry 3
2026-09-29 02:40:28,064 | INFO | 🌐 Session warmed
2026-09-29 02:40:28,121 | INFO | [835/1901] Fetching Kasibugga (KSBG)
2026-09-29 02:40:29,139 | INFO |    ↳ Status 403
2026-09-29 02:40:29,139 | WARNING |    ⚠ Blocked (403) retry 1
2026-09-29 02:40:29,212 | INFO | 🌐 Session warmed
2026-09-29 02:40:29,644 | INFO |    ↳ Status 403
2026-09-29 02:40:29,644 | WARNING |    ⚠ Blocked (403) retry 2
2026-09-29 02:40:29,714 | INFO | 🌐 Session warmed
2026-09-29 02:40:29,853 | INFO |    ↳ Status 403
2026-09-29 02:40:29,853 | WARNING |    ⚠ Blocked (403) retry 2
2026-09-29 02:40:29,923 | INFO | 🌐 Session warmed
2026-09-29 02:40:31,536 | INFO |    ↳ Status 403
2026-09-29 02:40:31,536 | WARNING |    ⚠ Blocked (403) retry 2
2026-09-29 02:40:31,644 | INFO | 🌐 Session warmed
2026-09-29 02:40:32,065 | INFO | [836/1901] Fetching Katghora (KATG)
2026-09-29 02:40:32,439 | INFO |    ↳ Status 403
2026-09-29 02:40:32,439 | WARNING |    ⚠ Blocked (403) retry 3
2026-09-29 02:40:32,513 | INFO | 🌐 Session warmed
2026-09-29 02:40:32,941 | INFO |    ↳ Status 403
2026-09-29 02:40:32,941 | WARNING |    ⚠ Blocked (403) retry 1
2026-09-29 02:40:33,034 | INFO |    ↳ Status 403
2026-09-29 02:40:33,034 | WARNING |    ⚠ Blocked (403) retry 3
2026-09-29 02:40:33,075 | INFO | 🌐 Session warmed
2026-09-29 02:40:33,123 | INFO | 🌐 Session warmed
2026-09-29 02:40:34,271 | INFO |    ↳ Status 403
2026-09-29 02:40:34,271 | WARNING |    ⚠ Blocked (403) retry 3
2026-09-29 02:40:34,361 | INFO | 🌐 Session warmed
2026-09-29 02:40:35,452 | INFO |    ↳ Status 403
2026-09-29 02:40:35,452 | WARNING |    ⚠ Blocked (403) retry 2
2026-09-29 02:40:35,532 | INFO | 🌐 Session warmed
2026-09-29 02:40:36,513 | INFO | [837/1901] Fetching Kathipudi (KATP)
2026-09-29 02:40:37,123 | INFO | [838/1901] Fetching Kathmandu (KATM)
2026-09-29 02:40:37,373 | INFO |    ↳ Status 403
2026-09-29 02:40:37,373 | WARNING |    ⚠ Blocked (403) retry 1
2026-09-29 02:40:37,444 | INFO | 🌐 Session warmed
2026-09-29 02:40:38,225 | INFO |    ↳ Status 403
2026-09-29 02:40:38,225 | WARNING |    ⚠ Blocked (403) retry 3
2026-09-29 02:40:38,300 | INFO | 🌐 Session warmed
2026-09-29 02:40:38,361 | INFO | [839/1901] Fetching Kathua (KATH)
2026-09-29 02:40:38,399 | INFO |    ↳ Status 403
2026-09-29 02:40:38,399 | WARNING |    ⚠ Blocked (403) retry 1
2026-09-29 02:40:38,470 | INFO | 🌐 Session warmed
2026-09-29 02:40:39,037 | INFO |    ↳ Status 403
2026-09-29 02:40:39,037 | WARNING |    ⚠ Blocked (403) retry 1
2026-09-29 02:40:39,121 | INFO | 🌐 Session warmed
2026-09-29 02:40:39,140 | INFO |    ↳ Status 403
2026-09-29 02:40:39,140 | WARNING |    ⚠ Blocked (403) retry 2
2026-09-29 02:40:39,231 | INFO | 🌐 Session warmed
2026-09-29 02:40:40,539 | INFO |    ↳ Status 403
2026-09-29 02:40:40,539 | WARNING |    ⚠ Blocked (403) retry 2
2026-09-29 02:40:40,607 | INFO | 🌐 Session warmed
2026-09-29 02:40:41,001 | INFO |    ↳ Status 403
2026-09-29 02:40:41,002 | WARNING |    ⚠ Blocked (403) retry 2
2026-09-29 02:40:41,073 | INFO | 🌐 Session warmed
2026-09-29 02:40:42,300 | INFO | [840/1901] Fetching Katihar (KATI)
2026-09-29 02:40:42,478 | INFO |    ↳ Status 403
2026-09-29 02:40:42,478 | WARNING |    ⚠ Blocked (403) retry 3
2026-09-29 02:40:42,549 | INFO | 🌐 Session warmed
2026-09-29 02:40:43,216 | INFO |    ↳ Status 403
2026-09-29 02:40:43,216 | WARNING |    ⚠ Blocked (403) retry 1
2026-09-29 02:40:43,286 | INFO | 🌐 Session warmed
2026-09-29 02:40:43,585 | INFO |    ↳ Status 403
2026-09-29 02:40:43,585 | WARNING |    ⚠ Blocked (403) retry 3
2026-09-29 02:40:43,654 | INFO | 🌐 Session warmed
2026-09-29 02:40:43,831 | INFO |    ↳ Status 403
2026-09-29 02:40:43,831 | WARNING |    ⚠ Blocked (403) retry 3
2026-09-29 02:40:43,899 | INFO | 🌐 Session warmed
2026-09-29 02:40:45,357 | INFO |    ↳ Status 403
2026-09-29 02:40:45,357 | WARNING |    ⚠ Blocked (403) retry 2
2026-09-29 02:40:45,427 | INFO | 🌐 Session warmed
2026-09-29 02:40:46,550 | INFO | [841/1901] Fetching Katni (KATN)
2026-09-29 02:40:47,641 | INFO |    ↳ Status 403
2026-09-29 02:40:47,641 | WARNING |    ⚠ Blocked (403) retry 1
2026-09-29 02:40:47,654 | INFO | [842/1901] Fetching Katra (KATR)
2026-09-29 02:40:47,714 | INFO | 🌐 Session warmed
2026-09-29 02:40:47,899 | INFO | [843/1901] Fetching Katrenikona (KTRN)
2026-09-29 02:40:48,277 | INFO |    ↳ Status 403
2026-09-29 02:40:48,277 | WARNING |    ⚠ Blocked (403) retry 1
2026-09-29 02:40:48,367 | INFO | 🌐 Session warmed
2026-09-29 02:40:48,814 | INFO |    ↳ Status 403
2026-09-29 02:40:48,814 | WARNING |    ⚠ Blocked (403) retry 3
2026-09-29 02:40:48,883 | INFO |    ↳ Status 403
2026-09-29 02:40:48,883 | WARNING |    ⚠ Blocked (403) retry 1
2026-09-29 02:40:48,885 | INFO | 🌐 Session warmed
2026-09-29 02:40:48,951 | INFO | 🌐 Session warmed
2026-09-29 02:40:49,442 | INFO |    ↳ Status 403
2026-09-29 02:40:49,442 | WARNING |    ⚠ Blocked (403) retry 2
2026-09-29 02:40:49,509 | INFO | 🌐 Session warmed
2026-09-29 02:40:49,997 | INFO |    ↳ Status 403
2026-09-29 02:40:49,997 | WARNING |    ⚠ Blocked (403) retry 2
2026-09-29 02:40:50,075 | INFO | 🌐 Session warmed
2026-09-29 02:40:50,986 | INFO |    ↳ Status 403
2026-09-29 02:40:50,987 | WARNING |    ⚠ Blocked (403) retry 2
2026-09-29 02:40:51,059 | INFO | 🌐 Session warmed
2026-09-29 02:40:52,248 | INFO |    ↳ Status 403
2026-09-29 02:40:52,248 | WARNING |    ⚠ Blocked (403) retry 3
2026-09-29 02:40:52,323 | INFO | 🌐 Session warmed
2026-09-29 02:40:52,840 | INFO |    ↳ Status 403
2026-09-29 02:40:52,840 | WARNING |    ⚠ Blocked (403) retry 3
2026-09-29 02:40:52,886 | INFO | [844/1901] Fetching Kattappana (AWCK)
2026-09-29 02:40:52,914 | INFO | 🌐 Session warmed
2026-09-29 02:40:54,095 | INFO |    ↳ Status 403
2026-09-29 02:40:54,095 | WARNING |    ⚠ Blocked (403) retry 3
2026-09-29 02:40:54,161 | INFO | 🌐 Session warmed
2026-09-29 02:40:54,235 | INFO |    ↳ Status 403
2026-09-29 02:40:54,235 | WARNING |    ⚠ Blocked (403) retry 1
2026-09-29 02:40:54,307 | INFO | 🌐 Session warmed
2026-09-29 02:40:56,139 | INFO |    ↳ Status 403
2026-09-29 02:40:56,139 | WARNING |    ⚠ Blocked (403) retry 2
2026-09-29 02:40:56,212 | INFO | 🌐 Session warmed
2026-09-29 02:40:56,324 | INFO | [845/1901] Fetching Katwa (KATW)
2026-09-29 02:40:56,914 | INFO | [846/1901] Fetching Kavali (KVLI)
2026-09-29 02:40:57,383 | INFO |    ↳ Status 403
2026-09-29 02:40:57,383 | WARNING |    ⚠ Blocked (403) retry 1
2026-09-29 02:40:57,455 | INFO | 🌐 Session warmed
2026-09-29 02:40:57,879 | INFO |    ↳ Status 403
2026-09-29 02:40:57,879 | WARNING |    ⚠ Blocked (403) retry 1
2026-09-29 02:40:57,951 | INFO | 🌐 Session warmed
2026-09-29 02:40:58,161 | INFO | [847/1901] Fetching Kaveripattinam (KANM)
2026-09-29 02:40:59,222 | INFO |    ↳ Status 403
2026-09-29 02:40:59,222 | WARNING |    ⚠ Blocked (403) retry 2
2026-09-29 02:40:59,294 | INFO | 🌐 Session warmed
2026-09-29 02:40:59,308 | INFO |    ↳ Status 403
2026-09-29 02:40:59,308 | WARNING |    ⚠ Blocked (403) retry 3
2026-09-29 02:40:59,381 | INFO | 🌐 Session warmed
2026-09-29 02:40:59,417 | INFO |    ↳ Status 403
2026-09-29 02:40:59,417 | WARNING |    ⚠ Blocked (403) retry 1
2026-09-29 02:40:59,495 | INFO | 🌐 Session warmed
2026-09-29 02:40:59,702 | INFO |    ↳ Status 403
2026-09-29 02:40:59,702 | WARNING |    ⚠ Blocked (403) retry 2
2026-09-29 02:40:59,783 | INFO | 🌐 Session warmed
2026-09-29 02:41:01,826 | INFO |    ↳ Status 403
2026-09-29 02:41:01,827 | WARNING |    ⚠ Blocked (403) retry 2
2026-09-29 02:41:01,896 | INFO | 🌐 Session warmed
2026-09-29 02:41:02,337 | INFO |    ↳ Status 403
2026-09-29 02:41:02,337 | WARNING |    ⚠ Blocked (403) retry 3
2026-09-29 02:41:02,406 | INFO | 🌐 Session warmed
2026-09-29 02:41:03,024 | INFO |    ↳ Status 403
2026-09-29 02:41:03,024 | WARNING |    ⚠ Blocked (403) retry 3
2026-09-29 02:41:03,097 | INFO | 🌐 Session warmed
2026-09-29 02:41:03,382 | INFO | [848/1901] Fetching Kaviti (KAVT)
2026-09-29 02:41:04,095 | INFO |    ↳ Status 403
2026-09-29 02:41:04,095 | WARNING |    ⚠ Blocked (403) retry 1
2026-09-29 02:41:04,164 | INFO | 🌐 Session warmed
2026-09-29 02:41:05,168 | INFO |    ↳ Status 403
2026-09-29 02:41:05,168 | WARNING |    ⚠ Blocked (403) retry 3
2026-09-29 02:41:05,235 | INFO | 🌐 Session warmed
2026-09-29 02:41:06,170 | INFO |    ↳ Status 403
2026-09-29 02:41:06,170 | WARNING |    ⚠ Blocked (403) retry 2
2026-09-29 02:41:06,248 | INFO | 🌐 Session warmed
2026-09-29 02:41:06,407 | INFO | [849/1901] Fetching Kawardha (KAWA)
2026-09-29 02:41:07,097 | INFO | [850/1901] Fetching Kayamkulam (KAYA)
2026-09-29 02:41:07,517 | INFO |    ↳ Status 403
2026-09-29 02:41:07,518 | WARNING |    ⚠ Blocked (403) retry 1
2026-09-29 02:41:07,586 | INFO | 🌐 Session warmed
2026-09-29 02:41:08,153 | INFO |    ↳ Status 403
2026-09-29 02:41:08,153 | WARNING |    ⚠ Blocked (403) retry 1
2026-09-29 02:41:08,222 | INFO | 🌐 Session warmed
2026-09-29 02:41:09,236 | INFO | [851/1901] Fetching Kazhakkoottam (KAZK)
2026-09-29 02:41:09,670 | INFO |    ↳ Status 403
2026-09-29 02:41:09,670 | WARNING |    ⚠ Blocked (403) retry 3
2026-09-29 02:41:09,752 | INFO | 🌐 Session warmed
2026-09-29 02:41:09,856 | INFO |    ↳ Status 403
2026-09-29 02:41:09,856 | WARNING |    ⚠ Blocked (403) retry 2
2026-09-29 02:41:09,925 | INFO | 🌐 Session warmed
2026-09-29 02:41:10,019 | INFO |    ↳ Status 403
2026-09-29 02:41:10,019 | WARNING |    ⚠ Blocked (403) retry 1
2026-09-29 02:41:10,089 | INFO | 🌐 Session warmed
2026-09-29 02:41:10,315 | INFO |    ↳ Status 403
2026-09-29 02:41:10,315 | WARNING |    ⚠ Blocked (403) retry 2
2026-09-29 02:41:10,380 | INFO | 🌐 Session warmed
2026-09-29 02:41:12,288 | INFO |    ↳ Status 403
2026-09-29 02:41:12,289 | WARNING |    ⚠ Blocked (403) retry 2
2026-09-29 02:41:12,356 | INFO | 🌐 Session warmed
2026-09-29 02:41:12,678 | INFO |    ↳ Status 403
2026-09-29 02:41:12,678 | WARNING |    ⚠ Blocked (403) retry 3
2026-09-29 02:41:12,746 | INFO | 🌐 Session warmed
2026-09-29 02:41:13,183 | INFO |    ↳ Status 403
2026-09-29 02:41:13,183 | WARNING |    ⚠ Blocked (403) retry 3
2026-09-29 02:41:13,254 | INFO | 🌐 Session warmed
2026-09-29 02:41:13,752 | INFO | [852/1901] Fetching Kazipet (KAZI)
2026-09-29 02:41:14,545 | INFO |    ↳ Status 403
2026-09-29 02:41:14,545 | WARNING |    ⚠ Blocked (403) retry 1
2026-09-29 02:41:14,623 | INFO | 🌐 Session warmed
2026-09-29 02:41:15,740 | INFO |    ↳ Status 403
2026-09-29 02:41:15,740 | WARNING |    ⚠ Blocked (403) retry 3
2026-09-29 02:41:15,810 | INFO | 🌐 Session warmed
2026-09-29 02:41:16,427 | INFO |    ↳ Status 403
2026-09-29 02:41:16,427 | WARNING |    ⚠ Blocked (403) retry 2
2026-09-29 02:41:16,495 | INFO | 🌐 Session warmed
2026-09-29 02:41:16,746 | INFO | [853/1901] Fetching Kekri (KEKR)
2026-09-29 02:41:17,254 | INFO | [854/1901] Fetching Kendrapara (KNDR)
2026-09-29 02:41:18,034 | INFO |    ↳ Status 403
2026-09-29 02:41:18,035 | WARNING |    ⚠ Blocked (403) retry 1
2026-09-29 02:41:18,045 | INFO |    ↳ Status 403
2026-09-29 02:41:18,045 | WARNING |    ⚠ Blocked (403) retry 1
2026-09-29 02:41:18,113 | INFO | 🌐 Session warmed
2026-09-29 02:41:18,120 | INFO | 🌐 Session warmed
2026-09-29 02:41:19,177 | INFO |    ↳ Status 403
2026-09-29 02:41:19,177 | WARNING |    ⚠ Blocked (403) retry 3
2026-09-29 02:41:19,257 | INFO | 🌐 Session warmed
2026-09-29 02:41:19,810 | INFO | [855/1901] Fetching Keonjhar (KNJH)
2026-09-29 02:41:19,917 | INFO |    ↳ Status 403
2026-09-29 02:41:19,917 | WARNING |    ⚠ Blocked (403) retry 2
2026-09-29 02:41:19,996 | INFO | 🌐 Session warmed
2026-09-29 02:41:20,150 | INFO |    ↳ Status 403
2026-09-29 02:41:20,150 | WARNING |    ⚠ Blocked (403) retry 2
2026-09-29 02:41:20,214 | INFO | 🌐 Session warmed
2026-09-29 02:41:20,465 | INFO |    ↳ Status 403
2026-09-29 02:41:20,465 | WARNING |    ⚠ Blocked (403) retry 1
2026-09-29 02:41:20,556 | INFO | 🌐 Session warmed
2026-09-29 02:41:22,251 | INFO |    ↳ Status 403
2026-09-29 02:41:22,251 | WARNING |    ⚠ Blocked (403) retry 2
2026-09-29 02:41:22,322 | INFO | 🌐 Session warmed
2026-09-29 02:41:23,255 | INFO |    ↳ Status 403
2026-09-29 02:41:23,255 | WARNING |    ⚠ Blocked (403) retry 3
2026-09-29 02:41:23,258 | INFO | [856/1901] Fetching Kesamudram (KESA)
2026-09-29 02:41:23,323 | INFO | 🌐 Session warmed
2026-09-29 02:41:23,332 | INFO |    ↳ Status 403
2026-09-29 02:41:23,332 | WARNING |    ⚠ Blocked (403) retry 3
2026-09-29 02:41:23,406 | INFO | 🌐 Session warmed
2026-09-29 02:41:24,536 | INFO |    ↳ Status 403
2026-09-29 02:41:24,536 | WARNING |    ⚠ Blocked (403) retry 1
2026-09-29 02:41:24,612 | INFO | 🌐 Session warmed
2026-09-29 02:41:25,380 | INFO |    ↳ Status 403
2026-09-29 02:41:25,380 | WARNING |    ⚠ Blocked (403) retry 3
2026-09-29 02:41:25,452 | INFO | 🌐 Session warmed
2026-09-29 02:41:26,295 | INFO |    ↳ Status 403
2026-09-29 02:41:26,295 | WARNING |    ⚠ Blocked (403) retry 2
2026-09-29 02:41:26,369 | INFO | 🌐 Session warmed
2026-09-29 02:41:27,323 | INFO | [857/1901] Fetching Kesinga (KEGA)
2026-09-29 02:41:27,406 | INFO | [858/1901] Fetching Kevadia (KEVA)
2026-09-29 02:41:28,132 | INFO |    ↳ Status 403
2026-09-29 02:41:28,133 | WARNING |    ⚠ Blocked (403) retry 1
2026-09-29 02:41:28,205 | INFO | 🌐 Session warmed
2026-09-29 02:41:28,553 | INFO |    ↳ Status 403
2026-09-29 02:41:28,554 | WARNING |    ⚠ Blocked (403) retry 1
2026-09-29 02:41:28,623 | INFO | 🌐 Session warmed
2026-09-29 02:41:29,440 | INFO |    ↳ Status 403
2026-09-29 02:41:29,440 | WARNING |    ⚠ Blocked (403) retry 3
2026-09-29 02:41:29,453 | INFO | [859/1901] Fetching Khachrod (KHCU)
2026-09-29 02:41:29,513 | INFO | 🌐 Session warmed
2026-09-29 02:41:29,893 | INFO |    ↳ Status 403
2026-09-29 02:41:29,893 | WARNING |    ⚠ Blocked (403) retry 2
2026-09-29 02:41:29,964 | INFO | 🌐 Session warmed
2026-09-29 02:41:30,211 | INFO |    ↳ Status 403
2026-09-29 02:41:30,211 | WARNING |    ⚠ Blocked (403) retry 1
2026-09-29 02:41:30,279 | INFO | 🌐 Session warmed
2026-09-29 02:41:30,728 | INFO |    ↳ Status 403
2026-09-29 02:41:30,728 | WARNING |    ⚠ Blocked (403) retry 2
2026-09-29 02:41:30,801 | INFO | 🌐 Session warmed
2026-09-29 02:41:32,670 | INFO |    ↳ Status 403
2026-09-29 02:41:32,671 | WARNING |    ⚠ Blocked (403) retry 2
2026-09-29 02:41:32,740 | INFO | 🌐 Session warmed
2026-09-29 02:41:33,007 | INFO |    ↳ Status 403
2026-09-29 02:41:33,007 | WARNING |    ⚠ Blocked (403) retry 3
2026-09-29 02:41:33,080 | INFO | 🌐 Session warmed
2026-09-29 02:41:33,513 | INFO | [860/1901] Fetching Khadda (KADA)
2026-09-29 02:41:33,525 | INFO |    ↳ Status 403
2026-09-29 02:41:33,525 | WARNING |    ⚠ Blocked (403) retry 3
2026-09-29 02:41:33,594 | INFO | 🌐 Session warmed
2026-09-29 02:41:34,211 | INFO |    ↳ Status 403
2026-09-29 02:41:34,211 | WARNING |    ⚠ Blocked (403) retry 1
2026-09-29 02:41:34,284 | INFO | 🌐 Session warmed
2026-09-29 02:41:35,428 | INFO |    ↳ Status 403
2026-09-29 02:41:35,428 | WARNING |    ⚠ Blocked (403) retry 3
2026-09-29 02:41:35,503 | INFO | 🌐 Session warmed
2026-09-29 02:41:36,630 | INFO |    ↳ Status 403
2026-09-29 02:41:36,630 | WARNING |    ⚠ Blocked (403) retry 2
2026-09-29 02:41:36,712 | INFO | 🌐 Session warmed
2026-09-29 02:41:37,080 | INFO | [861/1901] Fetching Khajani (KHAI)
2026-09-29 02:41:37,594 | INFO | [862/1901] Fetching Khajipet (KHAJ)
2026-09-29 02:41:37,723 | INFO |    ↳ Status 403
2026-09-29 02:41:37,723 | WARNING |    ⚠ Blocked (403) retry 1
2026-09-29 02:41:37,793 | INFO | 🌐 Session warmed
2026-09-29 02:41:38,852 | INFO |    ↳ Status 403
2026-09-29 02:41:38,852 | WARNING |    ⚠ Blocked (403) retry 1
2026-09-29 02:41:38,930 | INFO | 🌐 Session warmed
2026-09-29 02:41:39,503 | INFO | [863/1901] Fetching Khajuraho (KHRH)
2026-09-29 02:41:39,603 | INFO |    ↳ Status 403
2026-09-29 02:41:39,603 | WARNING |    ⚠ Blocked (403) retry 3
2026-09-29 02:41:39,693 | INFO | 🌐 Session warmed
2026-09-29 02:41:39,733 | INFO |    ↳ Status 403
2026-09-29 02:41:39,733 | WARNING |    ⚠ Blocked (403) retry 2
2026-09-29 02:41:39,809 | INFO | 🌐 Session warmed
2026-09-29 02:41:40,382 | INFO |    ↳ Status 403
2026-09-29 02:41:40,382 | WARNING |    ⚠ Blocked (403) retry 1
2026-09-29 02:41:40,456 | INFO | 🌐 Session warmed
2026-09-29 02:41:41,293 | INFO |    ↳ Status 403
2026-09-29 02:41:41,293 | WARNING |    ⚠ Blocked (403) retry 2
2026-09-29 02:41:41,364 | INFO | 🌐 Session warmed
2026-09-29 02:41:42,554 | INFO |    ↳ Status 403
2026-09-29 02:41:42,554 | WARNING |    ⚠ Blocked (403) retry 2
2026-09-29 02:41:42,627 | INFO | 🌐 Session warmed
2026-09-29 02:41:42,818 | INFO |    ↳ Status 403
2026-09-29 02:41:42,818 | WARNING |    ⚠ Blocked (403) retry 3
2026-09-29 02:41:42,893 | INFO | 🌐 Session warmed
2026-09-29 02:41:43,693 | INFO | [864/1901] Fetching Khalilabad (KHBD)
2026-09-29 02:41:44,444 | INFO |    ↳ Status 403
2026-09-29 02:41:44,445 | WARNING |    ⚠ Blocked (403) retry 3
2026-09-29 02:41:44,537 | INFO | 🌐 Session warmed
2026-09-29 02:41:44,720 | INFO |    ↳ Status 403
2026-09-29 02:41:44,721 | WARNING |    ⚠ Blocked (403) retry 1
2026-09-29 02:41:44,788 | INFO | 🌐 Session warmed
2026-09-29 02:41:45,801 | INFO |    ↳ Status 403
2026-09-29 02:41:45,801 | WARNING |    ⚠ Blocked (403) retry 3
2026-09-29 02:41:45,867 | INFO | 🌐 Session warmed
2026-09-29 02:41:46,587 | INFO |    ↳ Status 403
2026-09-29 02:41:46,587 | WARNING |    ⚠ Blocked (403) retry 2
2026-09-29 02:41:46,665 | INFO | 🌐 Session warmed
2026-09-29 02:41:46,894 | INFO | [865/1901] Fetching Khambhat (KHBH)
2026-09-29 02:41:47,610 | INFO |    ↳ Status 403
2026-09-29 02:41:47,610 | WARNING |    ⚠ Blocked (403) retry 1
2026-09-29 02:41:47,676 | INFO | 🌐 Session warmed
2026-09-29 02:41:48,537 | INFO | [866/1901] Fetching Khamgaon (KHMG)
2026-09-29 02:41:49,188 | INFO |    ↳ Status 403
2026-09-29 02:41:49,188 | WARNING |    ⚠ Blocked (403) retry 1
2026-09-29 02:41:49,255 | INFO | 🌐 Session warmed
2026-09-29 02:41:49,498 | INFO |    ↳ Status 403
2026-09-29 02:41:49,498 | WARNING |    ⚠ Blocked (403) retry 2
2026-09-29 02:41:49,578 | INFO | 🌐 Session warmed
2026-09-29 02:41:49,689 | INFO |    ↳ Status 403
2026-09-29 02:41:49,689 | WARNING |    ⚠ Blocked (403) retry 3
2026-09-29 02:41:49,756 | INFO | 🌐 Session warmed
2026-09-29 02:41:49,868 | INFO | [867/1901] Fetching Khammam (KHAM)
2026-09-29 02:41:50,813 | INFO |    ↳ Status 403
2026-09-29 02:41:50,814 | WARNING |    ⚠ Blocked (403) retry 1
2026-09-29 02:41:50,885 | INFO | 🌐 Session warmed
2026-09-29 02:41:51,040 | INFO |    ↳ Status 403
2026-09-29 02:41:51,040 | WARNING |    ⚠ Blocked (403) retry 2
2026-09-29 02:41:51,110 | INFO | 🌐 Session warmed
2026-09-29 02:41:52,605 | INFO |    ↳ Status 403
2026-09-29 02:41:52,605 | WARNING |    ⚠ Blocked (403) retry 2
2026-09-29 02:41:52,682 | INFO | 🌐 Session warmed
2026-09-29 02:41:52,748 | INFO |    ↳ Status 403
2026-09-29 02:41:52,748 | WARNING |    ⚠ Blocked (403) retry 3
2026-09-29 02:41:52,825 | INFO | 🌐 Session warmed
2026-09-29 02:41:53,756 | INFO | [868/1901] Fetching Khanapur (KHPR)
2026-09-29 02:41:54,312 | INFO |    ↳ Status 403
2026-09-29 02:41:54,312 | WARNING |    ⚠ Blocked (403) retry 3
2026-09-29 02:41:54,384 | INFO | 🌐 Session warmed
2026-09-29 02:41:54,752 | INFO |    ↳ Status 403
2026-09-29 02:41:54,752 | WARNING |    ⚠ Blocked (403) retry 1
2026-09-29 02:41:54,825 | INFO | 🌐 Session warmed
2026-09-29 02:41:55,378 | INFO |    ↳ Status 403
2026-09-29 02:41:55,378 | WARNING |    ⚠ Blocked (403) retry 3
2026-09-29 02:41:55,471 | INFO | 🌐 Session warmed
2026-09-29 02:41:56,825 | INFO | [869/1901] Fetching Khandela (KHND)
2026-09-29 02:41:58,246 | INFO |    ↳ Status 403
2026-09-29 02:41:58,246 | WARNING |    ⚠ Blocked (403) retry 1
2026-09-29 02:41:58,314 | INFO | 🌐 Session warmed
2026-09-29 02:41:58,384 | INFO | [870/1901] Fetching Khandwa (KHDW)
2026-09-29 02:41:59,049 | INFO |    ↳ Status 403
2026-09-29 02:41:59,049 | WARNING |    ⚠ Blocked (403) retry 1
2026-09-29 02:41:59,121 | INFO | 🌐 Session warmed
2026-09-29 02:41:59,471 | INFO | [871/1901] Fetching Khanna (KHAN)
2026-09-29 02:42:00,066 | INFO |    ↳ Status 403
2026-09-29 02:42:00,067 | WARNING |    ⚠ Blocked (403) retry 2
2026-09-29 02:42:00,133 | INFO |    ↳ Status 403
2026-09-29 02:42:00,133 | WARNING |    ⚠ Blocked (403) retry 2
2026-09-29 02:42:00,139 | INFO | 🌐 Session warmed
2026-09-29 02:42:00,214 | INFO | 🌐 Session warmed
2026-09-29 02:42:00,278 | INFO |    ↳ Status 403
2026-09-29 02:42:00,278 | WARNING |    ⚠ Blocked (403) retry 1
2026-09-29 02:42:00,357 | INFO | 🌐 Session warmed
2026-09-29 02:42:01,049 | INFO |    ↳ Status 403
2026-09-29 02:42:01,049 | WARNING |    ⚠ Blocked (403) retry 2
2026-09-29 02:42:01,115 | INFO | 🌐 Session warmed
2026-09-29 02:42:02,064 | INFO |    ↳ Status 403
2026-09-29 02:42:02,064 | WARNING |    ⚠ Blocked (403) retry 2
2026-09-29 02:42:02,136 | INFO | 🌐 Session warmed
2026-09-29 02:42:03,332 | INFO |    ↳ Status 403
2026-09-29 02:42:03,332 | WARNING |    ⚠ Blocked (403) retry 3
2026-09-29 02:42:03,405 | INFO | 🌐 Session warmed
2026-09-29 02:42:03,610 | INFO |    ↳ Status 403
2026-09-29 02:42:03,610 | WARNING |    ⚠ Blocked (403) retry 3
2026-09-29 02:42:03,681 | INFO | 🌐 Session warmed
2026-09-29 02:42:04,352 | INFO |    ↳ Status 403
2026-09-29 02:42:04,352 | WARNING |    ⚠ Blocked (403) retry 3
2026-09-29 02:42:04,425 | INFO | 🌐 Session warmed
2026-09-29 02:42:05,031 | INFO |    ↳ Status 403
2026-09-29 02:42:05,031 | WARNING |    ⚠ Blocked (403) retry 3
2026-09-29 02:42:05,102 | INFO | 🌐 Session warmed
2026-09-29 02:42:07,406 | INFO | [872/1901] Fetching Kharagpur (KGPR)
2026-09-29 02:42:07,681 | INFO | [873/1901] Fetching Kharghar (KHAG)
2026-09-29 02:42:08,411 | INFO |    ↳ Status 403
2026-09-29 02:42:08,411 | WARNING |    ⚠ Blocked (403) retry 1
2026-09-29 02:42:08,426 | INFO | [874/1901] Fetching Khargone (KHAR)
2026-09-29 02:42:08,434 | INFO |    ↳ Status 403
2026-09-29 02:42:08,434 | WARNING |    ⚠ Blocked (403) retry 1
2026-09-29 02:42:08,482 | INFO | 🌐 Session warmed
2026-09-29 02:42:08,511 | INFO | 🌐 Session warmed
2026-09-29 02:42:09,101 | INFO |    ↳ Status 403
2026-09-29 02:42:09,101 | WARNING |    ⚠ Blocked (403) retry 1
2026-09-29 02:42:09,103 | INFO | [875/1901] Fetching Khariar Road (KHRR)
2026-09-29 02:42:09,178 | INFO | 🌐 Session warmed
2026-09-29 02:42:10,062 | INFO |    ↳ Status 403
2026-09-29 02:42:10,062 | WARNING |    ⚠ Blocked (403) retry 1
2026-09-29 02:42:10,129 | INFO | 🌐 Session warmed
2026-09-29 02:42:10,427 | INFO |    ↳ Status 403
2026-09-29 02:42:10,427 | WARNING |    ⚠ Blocked (403) retry 2
2026-09-29 02:42:10,493 | INFO | 🌐 Session warmed
2026-09-29 02:42:10,568 | INFO |    ↳ Status 403
2026-09-29 02:42:10,568 | WARNING |    ⚠ Blocked (403) retry 2
2026-09-29 02:42:10,641 | INFO | 🌐 Session warmed
2026-09-29 02:42:11,249 | INFO |    ↳ Status 403
2026-09-29 02:42:11,250 | WARNING |    ⚠ Blocked (403) retry 2
2026-09-29 02:42:11,332 | INFO | 🌐 Session warmed
2026-09-29 02:42:11,854 | INFO |    ↳ Status 403
2026-09-29 02:42:11,854 | WARNING |    ⚠ Blocked (403) retry 2
2026-09-29 02:42:11,924 | INFO | 🌐 Session warmed
2026-09-29 02:42:13,550 | INFO |    ↳ Status 403
2026-09-29 02:42:13,550 | WARNING |    ⚠ Blocked (403) retry 3
2026-09-29 02:42:13,618 | INFO | 🌐 Session warmed
2026-09-29 02:42:14,013 | INFO |    ↳ Status 403
2026-09-29 02:42:14,013 | WARNING |    ⚠ Blocked (403) retry 3
2026-09-29 02:42:14,083 | INFO | 🌐 Session warmed
2026-09-29 02:42:14,154 | INFO |    ↳ Status 403
2026-09-29 02:42:14,154 | WARNING |    ⚠ Blocked (403) retry 3
2026-09-29 02:42:14,237 | INFO | 🌐 Session warmed
2026-09-29 02:42:14,695 | INFO |    ↳ Status 403
2026-09-29 02:42:14,695 | WARNING |    ⚠ Blocked (403) retry 3
2026-09-29 02:42:14,770 | INFO | 🌐 Session warmed
2026-09-29 02:42:17,619 | INFO | [876/1901] Fetching Kharsia (KHAS)
2026-09-29 02:42:18,083 | INFO | [877/1901] Fetching Khategaon (KTEG)
2026-09-29 02:42:18,237 | INFO | [878/1901] Fetching Khatima (KHTM)
2026-09-29 02:42:18,770 | INFO | [879/1901] Fetching Khatta (KHAT)
2026-09-29 02:42:18,894 | INFO |    ↳ Status 200
2026-09-29 02:42:18,894 | INFO |    ✓ Found 8 movies
2026-09-29 02:42:18,894 | INFO | [880/1901] Fetching Khed (KHED)
2026-09-29 02:42:18,931 | INFO |    ↳ Status 403
2026-09-29 02:42:18,931 | WARNING |    ⚠ Blocked (403) retry 1
2026-09-29 02:42:19,002 | INFO | 🌐 Session warmed
2026-09-29 02:42:19,111 | INFO |    ↳ Status 403
2026-09-29 02:42:19,111 | WARNING |    ⚠ Blocked (403) retry 1
2026-09-29 02:42:19,176 | INFO | 🌐 Session warmed
2026-09-29 02:42:20,044 | INFO |    ↳ Status 403
2026-09-29 02:42:20,044 | WARNING |    ⚠ Blocked (403) retry 1
2026-09-29 02:42:20,110 | INFO | 🌐 Session warmed
2026-09-29 02:42:21,140 | INFO |    ↳ Status 200
2026-09-29 02:42:21,140 | INFO |    ✓ Found 8 movies
2026-09-29 02:42:21,140 | INFO | [881/1901] Fetching Kheda (KHDA)
2026-09-29 02:42:21,218 | INFO |    ↳ Status 403
2026-09-29 02:42:21,218 | WARNING |    ⚠ Blocked (403) retry 2
2026-09-29 02:42:21,288 | INFO | 🌐 Session warmed
2026-09-29 02:42:21,527 | INFO |    ↳ Status 403
2026-09-29 02:42:21,527 | WARNING |    ⚠ Blocked (403) retry 2
2026-09-29 02:42:21,597 | INFO | 🌐 Session warmed
2026-09-29 02:42:22,079 | INFO |    ↳ Status 403
2026-09-29 02:42:22,079 | WARNING |    ⚠ Blocked (403) retry 2
2026-09-29 02:42:22,143 | INFO | 🌐 Session warmed
2026-09-29 02:42:22,750 | INFO |    ↳ Status 200
2026-09-29 02:42:22,750 | INFO |    ✓ Found 7 movies
2026-09-29 02:42:22,750 | INFO | [882/1901] Fetching Khedbrahma (KHMA)
2026-09-29 02:42:23,708 | INFO |    ↳ Status 403
2026-09-29 02:42:23,708 | WARNING |    ⚠ Blocked (403) retry 1
2026-09-29 02:42:23,774 | INFO | 🌐 Session warmed
2026-09-29 02:42:23,938 | INFO |    ↳ Status 403
2026-09-29 02:42:23,938 | WARNING |    ⚠ Blocked (403) retry 3
2026-09-29 02:42:24,006 | INFO | 🌐 Session warmed
2026-09-29 02:42:24,774 | INFO |    ↳ Status 403
2026-09-29 02:42:24,774 | WARNING |    ⚠ Blocked (403) retry 3
2026-09-29 02:42:24,843 | INFO | 🌐 Session warmed
2026-09-29 02:42:24,919 | INFO |    ↳ Status 403
2026-09-29 02:42:24,919 | WARNING |    ⚠ Blocked (403) retry 3
2026-09-29 02:42:24,987 | INFO | 🌐 Session warmed
2026-09-29 02:42:25,828 | INFO |    ↳ Status 403
2026-09-29 02:42:25,828 | WARNING |    ⚠ Blocked (403) retry 2
2026-09-29 02:42:25,896 | INFO | 🌐 Session warmed
2026-09-29 02:42:28,006 | INFO | [883/1901] Fetching Khila (KHIL)
2026-09-29 02:42:28,844 | INFO | [884/1901] Fetching Khopoli (KHOP)
2026-09-29 02:42:28,988 | INFO | [885/1901] Fetching Khowai (KHOW)
2026-09-29 02:42:29,011 | INFO |    ↳ Status 403
2026-09-29 02:42:29,011 | WARNING |    ⚠ Blocked (403) retry 3
2026-09-29 02:42:29,165 | INFO | 🌐 Session warmed
2026-09-29 02:42:29,357 | INFO |    ↳ Status 403
2026-09-29 02:42:29,357 | WARNING |    ⚠ Blocked (403) retry 1
2026-09-29 02:42:29,439 | INFO | 🌐 Session warmed
2026-09-29 02:42:30,220 | INFO |    ↳ Status 403
2026-09-29 02:42:30,221 | WARNING |    ⚠ Blocked (403) retry 1
2026-09-29 02:42:30,290 | INFO | 🌐 Session warmed
2026-09-29 02:42:30,328 | INFO |    ↳ Status 403
2026-09-29 02:42:30,328 | WARNING |    ⚠ Blocked (403) retry 1
2026-09-29 02:42:30,399 | INFO | 🌐 Session warmed
2026-09-29 02:42:31,574 | INFO |    ↳ Status 403
2026-09-29 02:42:31,574 | WARNING |    ⚠ Blocked (403) retry 2
2026-09-29 02:42:31,638 | INFO | 🌐 Session warmed
2026-09-29 02:42:32,069 | INFO |    ↳ Status 403
2026-09-29 02:42:32,069 | WARNING |    ⚠ Blocked (403) retry 2
2026-09-29 02:42:32,137 | INFO | 🌐 Session warmed
2026-09-29 02:42:32,457 | INFO |    ↳ Status 403
2026-09-29 02:42:32,458 | WARNING |    ⚠ Blocked (403) retry 2
2026-09-29 02:42:32,529 | INFO | 🌐 Session warmed
2026-09-29 02:42:33,166 | INFO | [886/1901] Fetching Khurja (KHUR)
2026-09-29 02:42:33,816 | INFO |    ↳ Status 403
2026-09-29 02:42:33,816 | WARNING |    ⚠ Blocked (403) retry 1
2026-09-29 02:42:33,882 | INFO | 🌐 Session warmed
2026-09-29 02:42:34,543 | INFO |    ↳ Status 403
2026-09-29 02:42:34,543 | WARNING |    ⚠ Blocked (403) retry 3
2026-09-29 02:42:34,620 | INFO | 🌐 Session warmed
2026-09-29 02:42:34,825 | INFO |    ↳ Status 403
2026-09-29 02:42:34,825 | WARNING |    ⚠ Blocked (403) retry 3
2026-09-29 02:42:34,893 | INFO | 🌐 Session warmed
2026-09-29 02:42:35,668 | INFO |    ↳ Status 403
2026-09-29 02:42:35,669 | WARNING |    ⚠ Blocked (403) retry 3
2026-09-29 02:42:35,749 | INFO | 🌐 Session warmed
2026-09-29 02:42:36,263 | INFO |    ↳ Status 403
2026-09-29 02:42:36,264 | WARNING |    ⚠ Blocked (403) retry 2
2026-09-29 02:42:36,346 | INFO | 🌐 Session warmed
2026-09-29 02:42:38,620 | INFO | [887/1901] Fetching Kichha (KCHA)
2026-09-29 02:42:38,894 | INFO | [888/1901] Fetching Kim (KIMG)
2026-09-29 02:42:39,611 | INFO |    ↳ Status 403
2026-09-29 02:42:39,611 | WARNING |    ⚠ Blocked (403) retry 3
2026-09-29 02:42:39,677 | INFO | 🌐 Session warmed
2026-09-29 02:42:39,749 | INFO | [889/1901] Fetching Kinathukadavu (KIAV)
2026-09-29 02:42:39,762 | INFO |    ↳ Status 403
2026-09-29 02:42:39,763 | WARNING |    ⚠ Blocked (403) retry 1
2026-09-29 02:42:39,835 | INFO | 🌐 Session warmed
2026-09-29 02:42:39,901 | INFO |    ↳ Status 403
2026-09-29 02:42:39,901 | WARNING |    ⚠ Blocked (403) retry 1
2026-09-29 02:42:39,970 | INFO | 🌐 Session warmed
2026-09-29 02:42:41,012 | INFO |    ↳ Status 403
2026-09-29 02:42:41,012 | WARNING |    ⚠ Blocked (403) retry 1
2026-09-29 02:42:41,084 | INFO | 🌐 Session warmed
2026-09-29 02:42:42,177 | INFO |    ↳ Status 403
2026-09-29 02:42:42,177 | WARNING |    ⚠ Blocked (403) retry 2
2026-09-29 02:42:42,252 | INFO | 🌐 Session warmed
2026-09-29 02:42:42,260 | INFO |    ↳ Status 403
2026-09-29 02:42:42,260 | WARNING |    ⚠ Blocked (403) retry 2
2026-09-29 02:42:42,329 | INFO | 🌐 Session warmed
2026-09-29 02:42:43,111 | INFO |    ↳ Status 403
2026-09-29 02:42:43,111 | WARNING |    ⚠ Blocked (403) retry 2
2026-09-29 02:42:43,182 | INFO | 🌐 Session warmed
2026-09-29 02:42:43,678 | INFO | [890/1901] Fetching Kinnaur (KNRU)
2026-09-29 02:42:44,315 | INFO |    ↳ Status 403
2026-09-29 02:42:44,315 | WARNING |    ⚠ Blocked (403) retry 1
2026-09-29 02:42:44,386 | INFO | 🌐 Session warmed
2026-09-29 02:42:45,013 | INFO |    ↳ Status 403
2026-09-29 02:42:45,013 | WARNING |    ⚠ Blocked (403) retry 3
2026-09-29 02:42:45,080 | INFO | 🌐 Session warmed
2026-09-29 02:42:45,627 | INFO |    ↳ Status 403
2026-09-29 02:42:45,627 | WARNING |    ⚠ Blocked (403) retry 3
2026-09-29 02:42:45,701 | INFO | 🌐 Session warmed
2026-09-29 02:42:46,131 | INFO |    ↳ Status 403
2026-09-29 02:42:46,131 | WARNING |    ⚠ Blocked (403) retry 3
2026-09-29 02:42:46,200 | INFO | 🌐 Session warmed
2026-09-29 02:42:46,558 | INFO |    ↳ Status 403
2026-09-29 02:42:46,558 | WARNING |    ⚠ Blocked (403) retry 2
2026-09-29 02:42:46,639 | INFO | 🌐 Session warmed
2026-09-29 02:42:49,080 | INFO | [891/1901] Fetching Kirlampudi (KIDI)
2026-09-29 02:42:49,492 | INFO |    ↳ Status 403
2026-09-29 02:42:49,492 | WARNING |    ⚠ Blocked (403) retry 3
2026-09-29 02:42:49,570 | INFO | 🌐 Session warmed
2026-09-29 02:42:49,702 | INFO | [892/1901] Fetching Kishanganj (KSGJ)
2026-09-29 02:42:49,735 | INFO |    ↳ Status 403
2026-09-29 02:42:49,735 | WARNING |    ⚠ Blocked (403) retry 1
2026-09-29 02:42:49,807 | INFO | 🌐 Session warmed
2026-09-29 02:42:50,200 | INFO | [893/1901] Fetching Kishangarh (KISH)
2026-09-29 02:42:51,003 | INFO |    ↳ Status 403
2026-09-29 02:42:51,004 | WARNING |    ⚠ Blocked (403) retry 1
2026-09-29 02:42:51,072 | INFO | 🌐 Session warmed
2026-09-29 02:42:51,416 | INFO |    ↳ Status 403
2026-09-29 02:42:51,416 | WARNING |    ⚠ Blocked (403) retry 1
2026-09-29 02:42:51,487 | INFO | 🌐 Session warmed
2026-09-29 02:42:51,839 | INFO |    ↳ Status 403
2026-09-29 02:42:51,839 | WARNING |    ⚠ Blocked (403) retry 2
2026-09-29 02:42:51,905 | INFO | 🌐 Session warmed
2026-09-29 02:42:52,782 | INFO |    ↳ Status 403
2026-09-29 02:42:52,782 | WARNING |    ⚠ Blocked (403) retry 2
2026-09-29 02:42:52,851 | INFO | 🌐 Session warmed
2026-09-29 02:42:53,259 | INFO |    ↳ Status 403
2026-09-29 02:42:53,259 | WARNING |    ⚠ Blocked (403) retry 2
2026-09-29 02:42:53,330 | INFO | 🌐 Session warmed
2026-09-29 02:42:53,570 | INFO | [894/1901] Fetching Kodad (KODA)
2026-09-29 02:42:54,415 | INFO |    ↳ Status 403
2026-09-29 02:42:54,415 | WARNING |    ⚠ Blocked (403) retry 1
2026-09-29 02:42:54,480 | INFO | 🌐 Session warmed
2026-09-29 02:42:55,249 | INFO |    ↳ Status 403
2026-09-29 02:42:55,249 | WARNING |    ⚠ Blocked (403) retry 3
2026-09-29 02:42:55,317 | INFO | 🌐 Session warmed
2026-09-29 02:42:55,469 | INFO |    ↳ Status 403
2026-09-29 02:42:55,470 | WARNING |    ⚠ Blocked (403) retry 3
2026-09-29 02:42:55,543 | INFO | 🌐 Session warmed
2026-09-29 02:42:56,548 | INFO |    ↳ Status 403
2026-09-29 02:42:56,548 | WARNING |    ⚠ Blocked (403) retry 2
2026-09-29 02:42:56,567 | INFO |    ↳ Status 403
2026-09-29 02:42:56,567 | WARNING |    ⚠ Blocked (403) retry 3
2026-09-29 02:42:56,621 | INFO | 🌐 Session warmed
2026-09-29 02:42:56,637 | INFO | 🌐 Session warmed
2026-09-29 02:42:59,317 | INFO | [895/1901] Fetching Kodagu (Coorg) (COOR)
2026-09-29 02:42:59,544 | INFO | [896/1901] Fetching Kodaikanal (KODI)
2026-09-29 02:42:59,592 | INFO |    ↳ Status 403
2026-09-29 02:42:59,592 | WARNING |    ⚠ Blocked (403) retry 3
2026-09-29 02:42:59,663 | INFO | 🌐 Session warmed
2026-09-29 02:43:00,407 | INFO |    ↳ Status 403
2026-09-29 02:43:00,407 | WARNING |    ⚠ Blocked (403) retry 1
2026-09-29 02:43:00,475 | INFO | 🌐 Session warmed
2026-09-29 02:43:00,635 | INFO |    ↳ Status 403
2026-09-29 02:43:00,635 | WARNING |    ⚠ Blocked (403) retry 1
2026-09-29 02:43:00,637 | INFO | [897/1901] Fetching Kodakara (KDKR)
2026-09-29 02:43:00,704 | INFO | 🌐 Session warmed
2026-09-29 02:43:01,367 | INFO |    ↳ Status 403
2026-09-29 02:43:01,367 | WARNING |    ⚠ Blocked (403) retry 1
2026-09-29 02:43:01,433 | INFO | 🌐 Session warmed
2026-09-29 02:43:02,368 | INFO |    ↳ Status 403
2026-09-29 02:43:02,368 | WARNING |    ⚠ Blocked (403) retry 2
2026-09-29 02:43:02,380 | INFO |    ↳ Status 403
2026-09-29 02:43:02,380 | WARNING |    ⚠ Blocked (403) retry 2
2026-09-29 02:43:02,439 | INFO | 🌐 Session warmed
2026-09-29 02:43:02,448 | INFO | 🌐 Session warmed
2026-09-29 02:43:03,663 | INFO | [898/1901] Fetching Kodaly (KOLY)
2026-09-29 02:43:03,688 | INFO |    ↳ Status 403
2026-09-29 02:43:03,688 | WARNING |    ⚠ Blocked (403) retry 2
2026-09-29 02:43:03,760 | INFO | 🌐 Session warmed
2026-09-29 02:43:04,421 | INFO |    ↳ Status 403
2026-09-29 02:43:04,421 | WARNING |    ⚠ Blocked (403) retry 1
2026-09-29 02:43:04,494 | INFO | 🌐 Session warmed
2026-09-29 02:43:05,642 | INFO |    ↳ Status 403
2026-09-29 02:43:05,642 | WARNING |    ⚠ Blocked (403) retry 3
2026-09-29 02:43:05,655 | INFO |    ↳ Status 403
2026-09-29 02:43:05,656 | WARNING |    ⚠ Blocked (403) retry 3
2026-09-29 02:43:05,732 | INFO | 🌐 Session warmed
2026-09-29 02:43:05,735 | INFO | 🌐 Session warmed
2026-09-29 02:43:06,390 | INFO |    ↳ Status 403
2026-09-29 02:43:06,390 | WARNING |    ⚠ Blocked (403) retry 2
2026-09-29 02:43:06,457 | INFO | 🌐 Session warmed
2026-09-29 02:43:07,447 | INFO |    ↳ Status 200
2026-09-29 02:43:07,447 | INFO |    ✓ Found 8 movies
2026-09-29 02:43:07,447 | INFO | [899/1901] Fetching Koderma (KODZ)
2026-09-29 02:43:08,448 | INFO |    ↳ Status 200
2026-09-29 02:43:08,448 | INFO |    ✓ Found 8 movies
2026-09-29 02:43:08,448 | INFO | [900/1901] Fetching Kodumur (KODM)
2026-09-29 02:43:09,086 | INFO |    ↳ Status 403
2026-09-29 02:43:09,086 | WARNING |    ⚠ Blocked (403) retry 3
2026-09-29 02:43:09,151 | INFO | 🌐 Session warmed
2026-09-29 02:43:09,458 | INFO |    ↳ Status 403
2026-09-29 02:43:09,458 | WARNING |    ⚠ Blocked (403) retry 1
2026-09-29 02:43:09,529 | INFO | 🌐 Session warmed
2026-09-29 02:43:09,732 | INFO | [901/1901] Fetching Kodumuru (KODM)
2026-09-29 02:43:09,736 | INFO | [902/1901] Fetching Kodungallur (KODU)
2026-09-29 02:43:10,538 | INFO |    ↳ Status 403
2026-09-29 02:43:10,538 | WARNING |    ⚠ Blocked (403) retry 1
2026-09-29 02:43:10,633 | INFO | 🌐 Session warmed
2026-09-29 02:43:10,945 | INFO |    ↳ Status 403
2026-09-29 02:43:10,945 | WARNING |    ⚠ Blocked (403) retry 1
2026-09-29 02:43:11,012 | INFO | 🌐 Session warmed
2026-09-29 02:43:11,664 | INFO |    ↳ Status 403
2026-09-29 02:43:11,664 | WARNING |    ⚠ Blocked (403) retry 2
2026-09-29 02:43:11,857 | INFO | 🌐 Session warmed
2026-09-29 02:43:12,597 | INFO |    ↳ Status 403
2026-09-29 02:43:12,597 | WARNING |    ⚠ Blocked (403) retry 2
2026-09-29 02:43:12,667 | INFO | 🌐 Session warmed
2026-09-29 02:43:12,937 | INFO |    ↳ Status 403
2026-09-29 02:43:12,937 | WARNING |    ⚠ Blocked (403) retry 2
2026-09-29 02:43:13,020 | INFO | 🌐 Session warmed
2026-09-29 02:43:13,151 | INFO | [903/1901] Fetching Kohima (KOHI)
2026-09-29 02:43:13,883 | INFO |    ↳ Status 403
2026-09-29 02:43:13,883 | WARNING |    ⚠ Blocked (403) retry 1
2026-09-29 02:43:13,954 | INFO | 🌐 Session warmed
2026-09-29 02:43:15,181 | INFO |    ↳ Status 403
2026-09-29 02:43:15,182 | WARNING |    ⚠ Blocked (403) retry 3
2026-09-29 02:43:15,249 | INFO | 🌐 Session warmed
2026-09-29 02:43:15,828 | INFO |    ↳ Status 403
2026-09-29 02:43:15,828 | WARNING |    ⚠ Blocked (403) retry 2
2026-09-29 02:43:15,897 | INFO | 🌐 Session warmed
2026-09-29 02:43:15,956 | INFO |    ↳ Status 403
2026-09-29 02:43:15,956 | WARNING |    ⚠ Blocked (403) retry 3
2026-09-29 02:43:16,022 | INFO | 🌐 Session warmed
2026-09-29 02:43:16,410 | INFO |    ↳ Status 403
2026-09-29 02:43:16,410 | WARNING |    ⚠ Blocked (403) retry 3
2026-09-29 02:43:16,482 | INFO | 🌐 Session warmed
2026-09-29 02:43:18,626 | INFO |    ↳ Status 403
2026-09-29 02:43:18,626 | WARNING |    ⚠ Blocked (403) retry 3
2026-09-29 02:43:18,724 | INFO | 🌐 Session warmed
2026-09-29 02:43:19,249 | INFO | [904/1901] Fetching Koilkuntla (KOIL)
2026-09-29 02:43:20,022 | INFO | [905/1901] Fetching Kokrajhar (KKJR)
2026-09-29 02:43:20,198 | INFO |    ↳ Status 403
2026-09-29 02:43:20,198 | WARNING |    ⚠ Blocked (403) retry 1
2026-09-29 02:43:20,271 | INFO | 🌐 Session warmed
2026-09-29 02:43:20,482 | INFO | [906/1901] Fetching Kolar (OLAR)
2026-09-29 02:43:20,843 | INFO |    ↳ Status 403
2026-09-29 02:43:20,843 | WARNING |    ⚠ Blocked (403) retry 1
2026-09-29 02:43:20,912 | INFO | 🌐 Session warmed
2026-09-29 02:43:21,502 | INFO |    ↳ Status 403
2026-09-29 02:43:21,502 | WARNING |    ⚠ Blocked (403) retry 1
2026-09-29 02:43:21,573 | INFO | 🌐 Session warmed
2026-09-29 02:43:22,529 | INFO |    ↳ Status 403
2026-09-29 02:43:22,529 | WARNING |    ⚠ Blocked (403) retry 2
2026-09-29 02:43:22,604 | INFO | 🌐 Session warmed
2026-09-29 02:43:22,725 | INFO | [907/1901] Fetching Kolhapur (KOLH)
2026-09-29 02:43:23,216 | INFO |    ↳ Status 403
2026-09-29 02:43:23,216 | WARNING |    ⚠ Blocked (403) retry 2
2026-09-29 02:43:23,287 | INFO | 🌐 Session warmed
2026-09-29 02:43:23,534 | INFO |    ↳ Status 403
2026-09-29 02:43:23,534 | WARNING |    ⚠ Blocked (403) retry 2
2026-09-29 02:43:23,617 | INFO | 🌐 Session warmed
2026-09-29 02:43:23,749 | INFO |    ↳ Status 403
2026-09-29 02:43:23,749 | WARNING |    ⚠ Blocked (403) retry 1
2026-09-29 02:43:23,822 | INFO | 🌐 Session warmed
2026-09-29 02:43:25,540 | INFO |    ↳ Status 403
2026-09-29 02:43:25,540 | WARNING |    ⚠ Blocked (403) retry 2
2026-09-29 02:43:25,620 | INFO | 🌐 Session warmed
2026-09-29 02:43:25,627 | INFO |    ↳ Status 403
2026-09-29 02:43:25,627 | WARNING |    ⚠ Blocked (403) retry 3
2026-09-29 02:43:25,698 | INFO | 🌐 Session warmed
2026-09-29 02:43:26,654 | INFO |    ↳ Status 403
2026-09-29 02:43:26,654 | WARNING |    ⚠ Blocked (403) retry 3
2026-09-29 02:43:26,723 | INFO | 🌐 Session warmed
2026-09-29 02:43:26,937 | INFO |    ↳ Status 403
2026-09-29 02:43:26,937 | WARNING |    ⚠ Blocked (403) retry 3
2026-09-29 02:43:27,011 | INFO | 🌐 Session warmed
2026-09-29 02:43:28,460 | INFO |    ↳ Status 403
2026-09-29 02:43:28,460 | WARNING |    ⚠ Blocked (403) retry 3
2026-09-29 02:43:28,529 | INFO | 🌐 Session warmed
2026-09-29 02:43:29,699 | INFO | [908/1901] Fetching Kollam (KOLM)
2026-09-29 02:43:30,724 | INFO | [909/1901] Fetching Kollapur (KOLL)
2026-09-29 02:43:30,999 | INFO |    ↳ Status 403
2026-09-29 02:43:30,999 | WARNING |    ⚠ Blocked (403) retry 1
2026-09-29 02:43:31,011 | INFO | [910/1901] Fetching Kollengode (KOLE)
2026-09-29 02:43:31,069 | INFO | 🌐 Session warmed
2026-09-29 02:43:31,584 | INFO |    ↳ Status 403
2026-09-29 02:43:31,584 | WARNING |    ⚠ Blocked (403) retry 1
2026-09-29 02:43:31,655 | INFO | 🌐 Session warmed
2026-09-29 02:43:32,012 | INFO |    ↳ Status 403
2026-09-29 02:43:32,012 | WARNING |    ⚠ Blocked (403) retry 1
2026-09-29 02:43:32,079 | INFO | 🌐 Session warmed
2026-09-29 02:43:32,530 | INFO | [911/1901] Fetching Komarapalayam (KOMA)
2026-09-29 02:43:32,821 | INFO |    ↳ Status 403
2026-09-29 02:43:32,821 | WARNING |    ⚠ Blocked (403) retry 2
2026-09-29 02:43:32,892 | INFO | 🌐 Session warmed
2026-09-29 02:43:33,733 | INFO |    ↳ Status 403
2026-09-29 02:43:33,733 | WARNING |    ⚠ Blocked (403) retry 1
2026-09-29 02:43:33,802 | INFO | 🌐 Session warmed
2026-09-29 02:43:33,890 | INFO |    ↳ Status 403
2026-09-29 02:43:33,890 | WARNING |    ⚠ Blocked (403) retry 2
2026-09-29 02:43:33,957 | INFO | 🌐 Session warmed
2026-09-29 02:43:34,217 | INFO |    ↳ Status 403
2026-09-29 02:43:34,217 | WARNING |    ⚠ Blocked (403) retry 2
2026-09-29 02:43:34,289 | INFO | 🌐 Session warmed
2026-09-29 02:43:36,186 | INFO |    ↳ Status 403
2026-09-29 02:43:36,186 | WARNING |    ⚠ Blocked (403) retry 2
2026-09-29 02:43:36,234 | INFO |    ↳ Status 403
2026-09-29 02:43:36,235 | WARNING |    ⚠ Blocked (403) retry 3
2026-09-29 02:43:36,254 | INFO | 🌐 Session warmed
2026-09-29 02:43:36,313 | INFO | 🌐 Session warmed
2026-09-29 02:43:36,635 | INFO |    ↳ Status 403
2026-09-29 02:43:36,635 | WARNING |    ⚠ Blocked (403) retry 3
2026-09-29 02:43:36,712 | INFO | 🌐 Session warmed
2026-09-29 02:43:37,298 | INFO |    ↳ Status 403
2026-09-29 02:43:37,298 | WARNING |    ⚠ Blocked (403) retry 3
2026-09-29 02:43:37,365 | INFO | 🌐 Session warmed
2026-09-29 02:43:39,189 | INFO |    ↳ Status 403
2026-09-29 02:43:39,190 | WARNING |    ⚠ Blocked (403) retry 3
2026-09-29 02:43:39,257 | INFO | 🌐 Session warmed
2026-09-29 02:43:40,313 | INFO | [912/1901] Fetching Kommugudem (KOMG)
2026-09-29 02:43:40,713 | INFO | [913/1901] Fetching Kondagaon (KNGN)
2026-09-29 02:43:41,365 | INFO | [914/1901] Fetching Kondlahalli (KNAI)
2026-09-29 02:43:41,700 | INFO |    ↳ Status 403
2026-09-29 02:43:41,700 | WARNING |    ⚠ Blocked (403) retry 1
2026-09-29 02:43:41,782 | INFO | 🌐 Session warmed
2026-09-29 02:43:42,090 | INFO |    ↳ Status 403
2026-09-29 02:43:42,091 | WARNING |    ⚠ Blocked (403) retry 1
2026-09-29 02:43:42,176 | INFO | 🌐 Session warmed
2026-09-29 02:43:42,608 | INFO |    ↳ Status 403
2026-09-29 02:43:42,608 | WARNING |    ⚠ Blocked (403) retry 1
2026-09-29 02:43:42,695 | INFO | 🌐 Session warmed
2026-09-29 02:43:43,257 | INFO | [915/1901] Fetching Konithiwada (KNTH)
2026-09-29 02:43:43,504 | INFO |    ↳ Status 403
2026-09-29 02:43:43,504 | WARNING |    ⚠ Blocked (403) retry 2
2026-09-29 02:43:43,570 | INFO | 🌐 Session warmed
2026-09-29 02:43:43,992 | INFO |    ↳ Status 403
2026-09-29 02:43:43,992 | WARNING |    ⚠ Blocked (403) retry 1
2026-09-29 02:43:44,061 | INFO | 🌐 Session warmed
2026-09-29 02:43:44,090 | INFO |    ↳ Status 403
2026-09-29 02:43:44,090 | WARNING |    ⚠ Blocked (403) retry 2
2026-09-29 02:43:44,165 | INFO | 🌐 Session warmed
2026-09-29 02:43:44,895 | INFO |    ↳ Status 403
2026-09-29 02:43:44,895 | WARNING |    ⚠ Blocked (403) retry 2
2026-09-29 02:43:44,968 | INFO | 🌐 Session warmed
2026-09-29 02:43:46,215 | INFO |    ↳ Status 403
2026-09-29 02:43:46,215 | WARNING |    ⚠ Blocked (403) retry 2
2026-09-29 02:43:46,296 | INFO | 🌐 Session warmed
2026-09-29 02:43:46,752 | INFO |    ↳ Status 403
2026-09-29 02:43:46,752 | WARNING |    ⚠ Blocked (403) retry 3
2026-09-29 02:43:46,827 | INFO | 🌐 Session warmed
2026-09-29 02:43:47,496 | INFO |    ↳ Status 403
2026-09-29 02:43:47,496 | WARNING |    ⚠ Blocked (403) retry 3
2026-09-29 02:43:47,586 | INFO | 🌐 Session warmed
2026-09-29 02:43:48,327 | INFO |    ↳ Status 403
2026-09-29 02:43:48,327 | WARNING |    ⚠ Blocked (403) retry 3
2026-09-29 02:43:48,398 | INFO | 🌐 Session warmed
2026-09-29 02:43:49,297 | INFO |    ↳ Status 403
2026-09-29 02:43:49,297 | WARNING |    ⚠ Blocked (403) retry 3
2026-09-29 02:43:49,382 | INFO | 🌐 Session warmed
2026-09-29 02:43:50,827 | INFO | [916/1901] Fetching Konni (KONI)
2026-09-29 02:43:51,587 | INFO | [917/1901] Fetching Koothattukulam (KTTM)
2026-09-29 02:43:52,027 | INFO |    ↳ Status 403
2026-09-29 02:43:52,027 | WARNING |    ⚠ Blocked (403) retry 1
2026-09-29 02:43:52,097 | INFO | 🌐 Session warmed
2026-09-29 02:43:52,341 | INFO |    ↳ Status 403
2026-09-29 02:43:52,341 | WARNING |    ⚠ Blocked (403) retry 1
2026-09-29 02:43:52,399 | INFO | [918/1901] Fetching Kopargaon (KOPG)
2026-09-29 02:43:52,423 | INFO | 🌐 Session warmed
2026-09-29 02:43:53,382 | INFO | [919/1901] Fetching Koppam (KOPP)
2026-09-29 02:43:53,693 | INFO |    ↳ Status 403
2026-09-29 02:43:53,693 | WARNING |    ⚠ Blocked (403) retry 1
2026-09-29 02:43:53,760 | INFO | 🌐 Session warmed
2026-09-29 02:43:54,063 | INFO |    ↳ Status 403
2026-09-29 02:43:54,063 | WARNING |    ⚠ Blocked (403) retry 2
2026-09-29 02:43:54,134 | INFO | 🌐 Session warmed
2026-09-29 02:43:54,191 | INFO |    ↳ Status 403
2026-09-29 02:43:54,191 | WARNING |    ⚠ Blocked (403) retry 1
2026-09-29 02:43:54,271 | INFO | 🌐 Session warmed
2026-09-29 02:43:54,496 | INFO |    ↳ Status 403
2026-09-29 02:43:54,496 | WARNING |    ⚠ Blocked (403) retry 2
2026-09-29 02:43:54,562 | INFO | 🌐 Session warmed
2026-09-29 02:43:55,904 | INFO |    ↳ Status 403
2026-09-29 02:43:55,904 | WARNING |    ⚠ Blocked (403) retry 2
2026-09-29 02:43:55,986 | INFO | 🌐 Session warmed
2026-09-29 02:43:56,489 | INFO |    ↳ Status 403
2026-09-29 02:43:56,489 | WARNING |    ⚠ Blocked (403) retry 2
2026-09-29 02:43:56,635 | INFO | 🌐 Session warmed
2026-09-29 02:43:57,191 | INFO |    ↳ Status 403
2026-09-29 02:43:57,191 | WARNING |    ⚠ Blocked (403) retry 3
2026-09-29 02:43:57,335 | INFO | 🌐 Session warmed
2026-09-29 02:43:57,589 | INFO |    ↳ Status 403
2026-09-29 02:43:57,589 | WARNING |    ⚠ Blocked (403) retry 3
2026-09-29 02:43:57,662 | INFO | 🌐 Session warmed
2026-09-29 02:43:59,309 | INFO |    ↳ Status 403
2026-09-29 02:43:59,309 | WARNING |    ⚠ Blocked (403) retry 3
2026-09-29 02:43:59,379 | INFO | 🌐 Session warmed
2026-09-29 02:43:59,785 | INFO |    ↳ Status 403
2026-09-29 02:43:59,785 | WARNING |    ⚠ Blocked (403) retry 3
2026-09-29 02:43:59,858 | INFO | 🌐 Session warmed
2026-09-29 02:44:01,335 | INFO | [920/1901] Fetching Koraput (KOPT)
2026-09-29 02:44:01,662 | INFO | [921/1901] Fetching Koratagere (ORAG)
2026-09-29 02:44:02,170 | INFO |    ↳ Status 403
2026-09-29 02:44:02,171 | WARNING |    ⚠ Blocked (403) retry 1
2026-09-29 02:44:02,241 | INFO | 🌐 Session warmed
2026-09-29 02:44:02,885 | INFO |    ↳ Status 403
2026-09-29 02:44:02,885 | WARNING |    ⚠ Blocked (403) retry 1
2026-09-29 02:44:02,959 | INFO | 🌐 Session warmed
2026-09-29 02:44:03,379 | INFO | [922/1901] Fetching Korba (KRBA)
2026-09-29 02:44:03,858 | INFO | [923/1901] Fetching Korutla (KCKA)
2026-09-29 02:44:04,401 | INFO |    ↳ Status 403
2026-09-29 02:44:04,401 | WARNING |    ⚠ Blocked (403) retry 1
2026-09-29 02:44:04,429 | INFO |    ↳ Status 403
2026-09-29 02:44:04,429 | WARNING |    ⚠ Blocked (403) retry 2
2026-09-29 02:44:04,478 | INFO | 🌐 Session warmed
2026-09-29 02:44:04,509 | INFO | 🌐 Session warmed
2026-09-29 02:44:04,583 | INFO |    ↳ Status 403
2026-09-29 02:44:04,583 | WARNING |    ⚠ Blocked (403) retry 2
2026-09-29 02:44:04,650 | INFO | 🌐 Session warmed
2026-09-29 02:44:05,168 | INFO |    ↳ Status 403
2026-09-29 02:44:05,169 | WARNING |    ⚠ Blocked (403) retry 1
2026-09-29 02:44:05,238 | INFO | 🌐 Session warmed
2026-09-29 02:44:06,460 | INFO |    ↳ Status 403
2026-09-29 02:44:06,460 | WARNING |    ⚠ Blocked (403) retry 2
2026-09-29 02:44:06,545 | INFO | 🌐 Session warmed
2026-09-29 02:44:07,573 | INFO |    ↳ Status 403
2026-09-29 02:44:07,573 | WARNING |    ⚠ Blocked (403) retry 2
2026-09-29 02:44:07,633 | INFO |    ↳ Status 403
2026-09-29 02:44:07,633 | WARNING |    ⚠ Blocked (403) retry 3
2026-09-29 02:44:07,649 | INFO | 🌐 Session warmed
2026-09-29 02:44:07,702 | INFO | 🌐 Session warmed
2026-09-29 02:44:07,819 | INFO |    ↳ Status 403
2026-09-29 02:44:07,819 | WARNING |    ⚠ Blocked (403) retry 3
2026-09-29 02:44:07,887 | INFO | 🌐 Session warmed
2026-09-29 02:44:09,493 | INFO |    ↳ Status 403
2026-09-29 02:44:09,493 | WARNING |    ⚠ Blocked (403) retry 3
2026-09-29 02:44:09,561 | INFO | 🌐 Session warmed
2026-09-29 02:44:10,315 | INFO |    ↳ Status 403
2026-09-29 02:44:10,315 | WARNING |    ⚠ Blocked (403) retry 3
2026-09-29 02:44:10,386 | INFO | 🌐 Session warmed
2026-09-29 02:44:11,702 | INFO | [924/1901] Fetching Korwa (KORW)
2026-09-29 02:44:11,887 | INFO | [925/1901] Fetching Kosamba (KOSA)
2026-09-29 02:44:12,537 | INFO |    ↳ Status 403
2026-09-29 02:44:12,537 | WARNING |    ⚠ Blocked (403) retry 1
2026-09-29 02:44:12,614 | INFO | 🌐 Session warmed
2026-09-29 02:44:13,264 | INFO |    ↳ Status 403
2026-09-29 02:44:13,264 | WARNING |    ⚠ Blocked (403) retry 1
2026-09-29 02:44:13,331 | INFO | 🌐 Session warmed
2026-09-29 02:44:13,561 | INFO | [926/1901] Fetching Kosgi (KOSG)
2026-09-29 02:44:14,316 | INFO |    ↳ Status 403
2026-09-29 02:44:14,316 | WARNING |    ⚠ Blocked (403) retry 1
2026-09-29 02:44:14,387 | INFO | [927/1901] Fetching Kota (KOTA)
2026-09-29 02:44:14,398 | INFO | 🌐 Session warmed
2026-09-29 02:44:14,554 | INFO |    ↳ Status 403
2026-09-29 02:44:14,554 | WARNING |    ⚠ Blocked (403) retry 2
2026-09-29 02:44:14,623 | INFO | 🌐 Session warmed
2026-09-29 02:44:15,126 | INFO |    ↳ Status 403
2026-09-29 02:44:15,126 | WARNING |    ⚠ Blocked (403) retry 1
2026-09-29 02:44:15,253 | INFO |    ↳ Status 403
2026-09-29 02:44:15,253 | WARNING |    ⚠ Blocked (403) retry 2
2026-09-29 02:44:15,320 | INFO | 🌐 Session warmed
2026-09-29 02:44:15,331 | INFO | 🌐 Session warmed
2026-09-29 02:44:16,744 | INFO |    ↳ Status 403
2026-09-29 02:44:16,744 | WARNING |    ⚠ Blocked (403) retry 2
2026-09-29 02:44:16,824 | INFO | 🌐 Session warmed
2026-09-29 02:44:16,970 | INFO |    ↳ Status 403
2026-09-29 02:44:16,970 | WARNING |    ⚠ Blocked (403) retry 2
2026-09-29 02:44:17,114 | INFO | 🌐 Session warmed
2026-09-29 02:44:17,814 | INFO |    ↳ Status 403
2026-09-29 02:44:17,814 | WARNING |    ⚠ Blocked (403) retry 3
2026-09-29 02:44:17,897 | INFO | 🌐 Session warmed
2026-09-29 02:44:18,665 | INFO |    ↳ Status 403
2026-09-29 02:44:18,665 | WARNING |    ⚠ Blocked (403) retry 3
2026-09-29 02:44:18,732 | INFO | 🌐 Session warmed
2026-09-29 02:44:19,793 | INFO |    ↳ Status 403
2026-09-29 02:44:19,793 | WARNING |    ⚠ Blocked (403) retry 3
2026-09-29 02:44:19,872 | INFO | 🌐 Session warmed
2026-09-29 02:44:20,094 | INFO |    ↳ Status 403
2026-09-29 02:44:20,094 | WARNING |    ⚠ Blocked (403) retry 3
2026-09-29 02:44:20,162 | INFO | 🌐 Session warmed
2026-09-29 02:44:21,897 | INFO | [928/1901] Fetching Kota (AP) (KOAN)
2026-09-29 02:44:22,733 | INFO | [929/1901] Fetching Kotabommali (KTAB)
2026-09-29 02:44:23,002 | INFO |    ↳ Status 403
2026-09-29 02:44:23,002 | WARNING |    ⚠ Blocked (403) retry 1
2026-09-29 02:44:23,084 | INFO | 🌐 Session warmed
2026-09-29 02:44:23,377 | INFO |    ↳ Status 403
2026-09-29 02:44:23,377 | WARNING |    ⚠ Blocked (403) retry 1
2026-09-29 02:44:23,443 | INFO | 🌐 Session warmed
2026-09-29 02:44:23,872 | INFO | [930/1901] Fetching Kotananduru (KTND)
2026-09-29 02:44:24,163 | INFO | [931/1901] Fetching Kotdwara (KOTD)
2026-09-29 02:44:24,746 | INFO |    ↳ Status 403
2026-09-29 02:44:24,746 | WARNING |    ⚠ Blocked (403) retry 1
2026-09-29 02:44:24,816 | INFO | 🌐 Session warmed
2026-09-29 02:44:25,053 | INFO |    ↳ Status 403
2026-09-29 02:44:25,054 | WARNING |    ⚠ Blocked (403) retry 2
2026-09-29 02:44:25,118 | INFO | 🌐 Session warmed
2026-09-29 02:44:25,237 | INFO |    ↳ Status 403
2026-09-29 02:44:25,237 | WARNING |    ⚠ Blocked (403) retry 1
2026-09-29 02:44:25,324 | INFO | 🌐 Session warmed
2026-09-29 02:44:25,811 | INFO |    ↳ Status 403
2026-09-29 02:44:25,811 | WARNING |    ⚠ Blocked (403) retry 2
2026-09-29 02:44:25,882 | INFO | 🌐 Session warmed
2026-09-29 02:44:26,834 | INFO |    ↳ Status 403
2026-09-29 02:44:26,834 | WARNING |    ⚠ Blocked (403) retry 2
2026-09-29 02:44:26,906 | INFO | 🌐 Session warmed
2026-09-29 02:44:27,148 | INFO |    ↳ Status 403
2026-09-29 02:44:27,148 | WARNING |    ⚠ Blocked (403) retry 2
2026-09-29 02:44:27,227 | INFO | 🌐 Session warmed
2026-09-29 02:44:28,452 | INFO |    ↳ Status 403
2026-09-29 02:44:28,453 | WARNING |    ⚠ Blocked (403) retry 3
2026-09-29 02:44:28,539 | INFO | 🌐 Session warmed
2026-09-29 02:44:29,081 | INFO |    ↳ Status 403
2026-09-29 02:44:29,081 | WARNING |    ⚠ Blocked (403) retry 3
2026-09-29 02:44:29,159 | INFO | 🌐 Session warmed
2026-09-29 02:44:29,810 | INFO |    ↳ Status 403
2026-09-29 02:44:29,810 | WARNING |    ⚠ Blocked (403) retry 3
2026-09-29 02:44:29,883 | INFO | 🌐 Session warmed
2026-09-29 02:44:30,167 | INFO |    ↳ Status 403
2026-09-29 02:44:30,168 | WARNING |    ⚠ Blocked (403) retry 3
2026-09-29 02:44:30,236 | INFO | 🌐 Session warmed
2026-09-29 02:44:32,539 | INFO | [932/1901] Fetching Kothacheruvu (KTCR)
2026-09-29 02:44:33,160 | INFO | [933/1901] Fetching Kothagudem (KTGM)
2026-09-29 02:44:33,883 | INFO | [934/1901] Fetching Kothakota (KOTL)
2026-09-29 02:44:33,889 | INFO |    ↳ Status 403
2026-09-29 02:44:33,889 | WARNING |    ⚠ Blocked (403) retry 1
2026-09-29 02:44:33,949 | INFO |    ↳ Status 403
2026-09-29 02:44:33,949 | WARNING |    ⚠ Blocked (403) retry 1
2026-09-29 02:44:33,958 | INFO | 🌐 Session warmed
2026-09-29 02:44:34,015 | INFO | 🌐 Session warmed
2026-09-29 02:44:34,236 | INFO | [935/1901] Fetching Kothamangalam (KTMM)
2026-09-29 02:44:34,735 | INFO |    ↳ Status 403
2026-09-29 02:44:34,735 | WARNING |    ⚠ Blocked (403) retry 1
2026-09-29 02:44:34,819 | INFO | 🌐 Session warmed
2026-09-29 02:44:35,037 | INFO |    ↳ Status 403
2026-09-29 02:44:35,037 | WARNING |    ⚠ Blocked (403) retry 1
2026-09-29 02:44:35,119 | INFO | 🌐 Session warmed
2026-09-29 02:44:35,665 | INFO |    ↳ Status 403
2026-09-29 02:44:35,665 | WARNING |    ⚠ Blocked (403) retry 2
2026-09-29 02:44:35,739 | INFO | 🌐 Session warmed
2026-09-29 02:44:36,081 | INFO |    ↳ Status 403
2026-09-29 02:44:36,081 | WARNING |    ⚠ Blocked (403) retry 2
2026-09-29 02:44:36,152 | INFO | 🌐 Session warmed
2026-09-29 02:44:36,793 | INFO |    ↳ Status 403
2026-09-29 02:44:36,793 | WARNING |    ⚠ Blocked (403) retry 2
2026-09-29 02:44:36,868 | INFO | 🌐 Session warmed
2026-09-29 02:44:37,153 | INFO |    ↳ Status 403
2026-09-29 02:44:37,153 | WARNING |    ⚠ Blocked (403) retry 2
2026-09-29 02:44:37,220 | INFO | 🌐 Session warmed
2026-09-29 02:44:38,422 | INFO |    ↳ Status 403
2026-09-29 02:44:38,422 | WARNING |    ⚠ Blocked (403) retry 3
2026-09-29 02:44:38,502 | INFO | 🌐 Session warmed
2026-09-29 02:44:39,245 | INFO |    ↳ Status 403
2026-09-29 02:44:39,245 | WARNING |    ⚠ Blocked (403) retry 3
2026-09-29 02:44:39,312 | INFO | 🌐 Session warmed
2026-09-29 02:44:39,908 | INFO |    ↳ Status 403
2026-09-29 02:44:39,908 | WARNING |    ⚠ Blocked (403) retry 3
2026-09-29 02:44:39,988 | INFO | 🌐 Session warmed
2026-09-29 02:44:40,550 | INFO |    ↳ Status 403
2026-09-29 02:44:40,550 | WARNING |    ⚠ Blocked (403) retry 3
2026-09-29 02:44:40,634 | INFO | 🌐 Session warmed
2026-09-29 02:44:42,502 | INFO | [936/1901] Fetching Kothapalli (KOTC)
2026-09-29 02:44:43,313 | INFO | [937/1901] Fetching Kothapeta (KTPE)
2026-09-29 02:44:43,788 | INFO |    ↳ Status 403
2026-09-29 02:44:43,789 | WARNING |    ⚠ Blocked (403) retry 1
2026-09-29 02:44:43,858 | INFO | 🌐 Session warmed
2026-09-29 02:44:43,988 | INFO | [938/1901] Fetching Kothavalasa (KTVL)
2026-09-29 02:44:44,421 | INFO |    ↳ Status 403
2026-09-29 02:44:44,421 | WARNING |    ⚠ Blocked (403) retry 1
2026-09-29 02:44:44,491 | INFO | 🌐 Session warmed
2026-09-29 02:44:44,634 | INFO | [939/1901] Fetching Kotkapura (KOTK)
2026-09-29 02:44:44,823 | INFO |    ↳ Status 403
2026-09-29 02:44:44,823 | WARNING |    ⚠ Blocked (403) retry 1
2026-09-29 02:44:44,896 | INFO | 🌐 Session warmed
2026-09-29 02:44:45,646 | INFO |    ↳ Status 403
2026-09-29 02:44:45,646 | WARNING |    ⚠ Blocked (403) retry 1
2026-09-29 02:44:45,725 | INFO | 🌐 Session warmed
2026-09-29 02:44:46,240 | INFO |    ↳ Status 403
2026-09-29 02:44:46,240 | WARNING |    ⚠ Blocked (403) retry 2
2026-09-29 02:44:46,306 | INFO | 🌐 Session warmed
2026-09-29 02:44:46,375 | INFO |    ↳ Status 403
2026-09-29 02:44:46,375 | WARNING |    ⚠ Blocked (403) retry 2
2026-09-29 02:44:46,463 | INFO | 🌐 Session warmed
2026-09-29 02:44:46,565 | INFO |    ↳ Status 403
2026-09-29 02:44:46,565 | WARNING |    ⚠ Blocked (403) retry 2
2026-09-29 02:44:46,637 | INFO | 🌐 Session warmed
2026-09-29 02:44:47,646 | INFO |    ↳ Status 403
2026-09-29 02:44:47,647 | WARNING |    ⚠ Blocked (403) retry 2
2026-09-29 02:44:47,722 | INFO | 🌐 Session warmed
2026-09-29 02:44:49,147 | INFO |    ↳ Status 403
2026-09-29 02:44:49,147 | WARNING |    ⚠ Blocked (403) retry 3
2026-09-29 02:44:49,218 | INFO | 🌐 Session warmed
2026-09-29 02:44:49,325 | INFO |    ↳ Status 403
2026-09-29 02:44:49,325 | WARNING |    ⚠ Blocked (403) retry 3
2026-09-29 02:44:49,402 | INFO | 🌐 Session warmed
2026-09-29 02:44:49,964 | INFO |    ↳ Status 403
2026-09-29 02:44:49,964 | WARNING |    ⚠ Blocked (403) retry 3
2026-09-29 02:44:50,040 | INFO | 🌐 Session warmed
2026-09-29 02:44:50,707 | INFO |    ↳ Status 403
2026-09-29 02:44:50,708 | WARNING |    ⚠ Blocked (403) retry 3
2026-09-29 02:44:50,782 | INFO | 🌐 Session warmed
2026-09-29 02:44:53,218 | INFO | [940/1901] Fetching Kotma (KOTM)
2026-09-29 02:44:53,402 | INFO | [941/1901] Fetching Kotpad (KTPD)
2026-09-29 02:44:54,041 | INFO | [942/1901] Fetching Kotputli (KPLI)
2026-09-29 02:44:54,455 | INFO |    ↳ Status 403
2026-09-29 02:44:54,455 | WARNING |    ⚠ Blocked (403) retry 1
2026-09-29 02:44:54,546 | INFO | 🌐 Session warmed
2026-09-29 02:44:54,629 | INFO |    ↳ Status 403
2026-09-29 02:44:54,629 | WARNING |    ⚠ Blocked (403) retry 1
2026-09-29 02:44:54,697 | INFO | 🌐 Session warmed
2026-09-29 02:44:54,782 | INFO | [943/1901] Fetching Kottakkal (KOKK)
2026-09-29 02:44:54,941 | INFO |    ↳ Status 403
2026-09-29 02:44:54,941 | WARNING |    ⚠ Blocked (403) retry 1
2026-09-29 02:44:55,012 | INFO | 🌐 Session warmed
2026-09-29 02:44:55,557 | INFO |    ↳ Status 403
2026-09-29 02:44:55,557 | WARNING |    ⚠ Blocked (403) retry 1
2026-09-29 02:44:55,632 | INFO | 🌐 Session warmed
2026-09-29 02:44:56,361 | INFO |    ↳ Status 403
2026-09-29 02:44:56,361 | WARNING |    ⚠ Blocked (403) retry 2
2026-09-29 02:44:56,430 | INFO | 🌐 Session warmed
2026-09-29 02:44:56,727 | INFO |    ↳ Status 403
2026-09-29 02:44:56,727 | WARNING |    ⚠ Blocked (403) retry 2
2026-09-29 02:44:56,797 | INFO | 🌐 Session warmed
2026-09-29 02:44:56,968 | INFO |    ↳ Status 403
2026-09-29 02:44:56,968 | WARNING |    ⚠ Blocked (403) retry 2
2026-09-29 02:44:57,041 | INFO | 🌐 Session warmed
2026-09-29 02:44:57,363 | INFO |    ↳ Status 403
2026-09-29 02:44:57,363 | WARNING |    ⚠ Blocked (403) retry 2
2026-09-29 02:44:57,435 | INFO | 🌐 Session warmed
2026-09-29 02:44:59,621 | INFO |    ↳ Status 403
2026-09-29 02:44:59,621 | WARNING |    ⚠ Blocked (403) retry 3
2026-09-29 02:44:59,690 | INFO | 🌐 Session warmed
2026-09-29 02:44:59,788 | INFO |    ↳ Status 403
2026-09-29 02:44:59,789 | WARNING |    ⚠ Blocked (403) retry 3
2026-09-29 02:44:59,858 | INFO | 🌐 Session warmed
2026-09-29 02:45:00,234 | INFO |    ↳ Status 403
2026-09-29 02:45:00,235 | WARNING |    ⚠ Blocked (403) retry 3
2026-09-29 02:45:00,312 | INFO | 🌐 Session warmed
2026-09-29 02:45:00,844 | INFO |    ↳ Status 403
2026-09-29 02:45:00,844 | WARNING |    ⚠ Blocked (403) retry 3
2026-09-29 02:45:00,917 | INFO | 🌐 Session warmed
2026-09-29 02:45:03,691 | INFO | [944/1901] Fetching Kottayam (KTYM)
2026-09-29 02:45:03,858 | INFO | [945/1901] Fetching Kottayi (KOTT)
2026-09-29 02:45:04,312 | INFO | [946/1901] Fetching Kottiyam (KTTY)
2026-09-29 02:45:04,848 | INFO |    ↳ Status 403
2026-09-29 02:45:04,848 | WARNING |    ⚠ Blocked (403) retry 1
2026-09-29 02:45:04,895 | INFO |    ↳ Status 403
2026-09-29 02:45:04,895 | WARNING |    ⚠ Blocked (403) retry 1
2026-09-29 02:45:04,917 | INFO | [947/1901] Fetching Kotturu (KTUR)
2026-09-29 02:45:04,919 | INFO | 🌐 Session warmed
2026-09-29 02:45:04,965 | INFO | 🌐 Session warmed
2026-09-29 02:45:05,165 | INFO |    ↳ Status 403
2026-09-29 02:45:05,165 | WARNING |    ⚠ Blocked (403) retry 1
2026-09-29 02:45:05,234 | INFO | 🌐 Session warmed
2026-09-29 02:45:05,921 | INFO |    ↳ Status 403
2026-09-29 02:45:05,921 | WARNING |    ⚠ Blocked (403) retry 1
2026-09-29 02:45:05,993 | INFO | 🌐 Session warmed
2026-09-29 02:45:06,919 | INFO |    ↳ Status 403
2026-09-29 02:45:06,919 | WARNING |    ⚠ Blocked (403) retry 2
2026-09-29 02:45:07,004 | INFO | 🌐 Session warmed
2026-09-29 02:45:07,045 | INFO |    ↳ Status 403
2026-09-29 02:45:07,045 | WARNING |    ⚠ Blocked (403) retry 2
2026-09-29 02:45:07,127 | INFO | 🌐 Session warmed
2026-09-29 02:45:07,596 | INFO |    ↳ Status 403
2026-09-29 02:45:07,596 | WARNING |    ⚠ Blocked (403) retry 2
2026-09-29 02:45:07,675 | INFO | 🌐 Session warmed
2026-09-29 02:45:08,223 | INFO |    ↳ Status 403
2026-09-29 02:45:08,223 | WARNING |    ⚠ Blocked (403) retry 2
2026-09-29 02:45:08,297 | INFO | 🌐 Session warmed
2026-09-29 02:45:10,109 | INFO |    ↳ Status 403
2026-09-29 02:45:10,109 | WARNING |    ⚠ Blocked (403) retry 3
2026-09-29 02:45:10,183 | INFO | 🌐 Session warmed
2026-09-29 02:45:10,252 | INFO |    ↳ Status 403
2026-09-29 02:45:10,252 | WARNING |    ⚠ Blocked (403) retry 3
2026-09-29 02:45:10,324 | INFO | 🌐 Session warmed
2026-09-29 02:45:10,717 | INFO |    ↳ Status 403
2026-09-29 02:45:10,717 | WARNING |    ⚠ Blocked (403) retry 3
2026-09-29 02:45:10,790 | INFO | 🌐 Session warmed
2026-09-29 02:45:10,945 | INFO |    ↳ Status 403
2026-09-29 02:45:10,945 | WARNING |    ⚠ Blocked (403) retry 3
2026-09-29 02:45:11,015 | INFO | 🌐 Session warmed
2026-09-29 02:45:14,183 | INFO | [948/1901] Fetching Kovilpatti (KOVI)
2026-09-29 02:45:14,324 | INFO | [949/1901] Fetching Kovur (Nellore) (KOVR)
2026-09-29 02:45:14,791 | INFO | [950/1901] Fetching Kovvur (KOVU)
2026-09-29 02:45:14,824 | INFO |    ↳ Status 403
2026-09-29 02:45:14,824 | WARNING |    ⚠ Blocked (403) retry 1
2026-09-29 02:45:14,898 | INFO | 🌐 Session warmed
2026-09-29 02:45:15,015 | INFO | [951/1901] Fetching Koyyalagudem (KOEM)
2026-09-29 02:45:15,403 | INFO |    ↳ Status 403
2026-09-29 02:45:15,403 | WARNING |    ⚠ Blocked (403) retry 1
2026-09-29 02:45:15,473 | INFO | 🌐 Session warmed
2026-09-29 02:45:15,822 | INFO |    ↳ Status 403
2026-09-29 02:45:15,822 | WARNING |    ⚠ Blocked (403) retry 1
2026-09-29 02:45:15,836 | INFO |    ↳ Status 403
2026-09-29 02:45:15,836 | WARNING |    ⚠ Blocked (403) retry 1
2026-09-29 02:45:15,896 | INFO | 🌐 Session warmed
2026-09-29 02:45:15,911 | INFO | 🌐 Session warmed
2026-09-29 02:45:16,829 | INFO |    ↳ Status 403
2026-09-29 02:45:16,829 | WARNING |    ⚠ Blocked (403) retry 2
2026-09-29 02:45:16,904 | INFO | 🌐 Session warmed
2026-09-29 02:45:17,391 | INFO |    ↳ Status 403
2026-09-29 02:45:17,392 | WARNING |    ⚠ Blocked (403) retry 2
2026-09-29 02:45:17,460 | INFO | 🌐 Session warmed
2026-09-29 02:45:17,940 | INFO |    ↳ Status 403
2026-09-29 02:45:17,940 | WARNING |    ⚠ Blocked (403) retry 2
2026-09-29 02:45:18,012 | INFO | 🌐 Session warmed
2026-09-29 02:45:18,264 | INFO |    ↳ Status 403
2026-09-29 02:45:18,264 | WARNING |    ⚠ Blocked (403) retry 2
2026-09-29 02:45:18,334 | INFO | 🌐 Session warmed
2026-09-29 02:45:19,613 | INFO |    ↳ Status 403
2026-09-29 02:45:19,613 | WARNING |    ⚠ Blocked (403) retry 3
2026-09-29 02:45:19,729 | INFO | 🌐 Session warmed
2026-09-29 02:45:20,545 | INFO |    ↳ Status 403
2026-09-29 02:45:20,545 | WARNING |    ⚠ Blocked (403) retry 3
2026-09-29 02:45:20,620 | INFO | 🌐 Session warmed
2026-09-29 02:45:21,300 | INFO |    ↳ Status 403
2026-09-29 02:45:21,300 | WARNING |    ⚠ Blocked (403) retry 3
2026-09-29 02:45:21,367 | INFO | 🌐 Session warmed
2026-09-29 02:45:21,710 | INFO |    ↳ Status 403
2026-09-29 02:45:21,710 | WARNING |    ⚠ Blocked (403) retry 3
2026-09-29 02:45:21,777 | INFO | 🌐 Session warmed
2026-09-29 02:45:23,730 | INFO | [952/1901] Fetching Kozhikode (KOZH)
2026-09-29 02:45:24,468 | INFO |    ↳ Status 403
2026-09-29 02:45:24,468 | WARNING |    ⚠ Blocked (403) retry 1
2026-09-29 02:45:24,545 | INFO | 🌐 Session warmed
2026-09-29 02:45:24,621 | INFO | [953/1901] Fetching Kozhinjampara (KOZA)
2026-09-29 02:45:25,367 | INFO | [954/1901] Fetching Krishnagiri (KRHN)
2026-09-29 02:45:25,616 | INFO |    ↳ Status 403
2026-09-29 02:45:25,617 | WARNING |    ⚠ Blocked (403) retry 1
2026-09-29 02:45:25,700 | INFO | 🌐 Session warmed
2026-09-29 02:45:25,777 | INFO | [955/1901] Fetching Krishnanagar (KNWB)
2026-09-29 02:45:26,522 | INFO |    ↳ Status 403
2026-09-29 02:45:26,522 | WARNING |    ⚠ Blocked (403) retry 2
2026-09-29 02:45:26,552 | INFO |    ↳ Status 403
2026-09-29 02:45:26,552 | WARNING |    ⚠ Blocked (403) retry 1
2026-09-29 02:45:26,594 | INFO | 🌐 Session warmed
2026-09-29 02:45:26,619 | INFO |    ↳ Status 403
2026-09-29 02:45:26,619 | WARNING |    ⚠ Blocked (403) retry 1
2026-09-29 02:45:26,622 | INFO | 🌐 Session warmed
2026-09-29 02:45:26,688 | INFO | 🌐 Session warmed
2026-09-29 02:45:27,481 | INFO |    ↳ Status 403
2026-09-29 02:45:27,481 | WARNING |    ⚠ Blocked (403) retry 2
2026-09-29 02:45:27,550 | INFO | 🌐 Session warmed
2026-09-29 02:45:28,345 | INFO |    ↳ Status 403
2026-09-29 02:45:28,345 | WARNING |    ⚠ Blocked (403) retry 2
2026-09-29 02:45:28,397 | INFO |    ↳ Status 403
2026-09-29 02:45:28,397 | WARNING |    ⚠ Blocked (403) retry 2
2026-09-29 02:45:28,432 | INFO | 🌐 Session warmed
2026-09-29 02:45:28,473 | INFO | 🌐 Session warmed
2026-09-29 02:45:29,433 | INFO |    ↳ Status 403
2026-09-29 02:45:29,433 | WARNING |    ⚠ Blocked (403) retry 3
2026-09-29 02:45:29,510 | INFO | 🌐 Session warmed
2026-09-29 02:45:30,947 | INFO |    ↳ Status 403
2026-09-29 02:45:30,947 | WARNING |    ⚠ Blocked (403) retry 3
2026-09-29 02:45:31,016 | INFO | 🌐 Session warmed
2026-09-29 02:45:31,678 | INFO |    ↳ Status 403
2026-09-29 02:45:31,678 | WARNING |    ⚠ Blocked (403) retry 3
2026-09-29 02:45:31,745 | INFO |    ↳ Status 403
2026-09-29 02:45:31,872 | WARNING |    ⚠ Blocked (403) retry 3
2026-09-29 02:45:31,955 | INFO | 🌐 Session warmed
2026-09-29 02:45:31,963 | INFO | 🌐 Session warmed
2026-09-29 02:45:33,510 | INFO | [956/1901] Fetching Krishnarajanagara (KRJT)
2026-09-29 02:45:34,204 | INFO |    ↳ Status 403
2026-09-29 02:45:34,204 | WARNING |    ⚠ Blocked (403) retry 1
2026-09-29 02:45:34,270 | INFO | 🌐 Session warmed
2026-09-29 02:45:35,016 | INFO | [957/1901] Fetching Krishnarajpete (K.R.Pete) (KEKE)
2026-09-29 02:45:35,955 | INFO | [958/1901] Fetching Krosuru (KRSR)
2026-09-29 02:45:35,963 | INFO | [959/1901] Fetching Kruthivennu (KRTH)
2026-09-29 02:45:36,167 | INFO |    ↳ Status 403
2026-09-29 02:45:36,167 | WARNING |    ⚠ Blocked (403) retry 2
2026-09-29 02:45:36,393 | INFO | 🌐 Session warmed
2026-09-29 02:45:36,412 | INFO |    ↳ Status 403
2026-09-29 02:45:36,413 | WARNING |    ⚠ Blocked (403) retry 1
2026-09-29 02:45:36,482 | INFO | 🌐 Session warmed
2026-09-29 02:45:36,743 | INFO |    ↳ Status 403
2026-09-29 02:45:36,743 | WARNING |    ⚠ Blocked (403) retry 1
2026-09-29 02:45:36,815 | INFO | 🌐 Session warmed
2026-09-29 02:45:36,856 | INFO |    ↳ Status 403
2026-09-29 02:45:36,857 | WARNING |    ⚠ Blocked (403) retry 1
2026-09-29 02:45:36,925 | INFO | 🌐 Session warmed
2026-09-29 02:45:38,225 | INFO |    ↳ Status 403
2026-09-29 02:45:38,225 | WARNING |    ⚠ Blocked (403) retry 2
2026-09-29 02:45:38,300 | INFO | 🌐 Session warmed
2026-09-29 02:45:38,676 | INFO |    ↳ Status 403
2026-09-29 02:45:38,676 | WARNING |    ⚠ Blocked (403) retry 2
2026-09-29 02:45:38,744 | INFO | 🌐 Session warmed
2026-09-29 02:45:38,809 | INFO |    ↳ Status 403
2026-09-29 02:45:38,809 | WARNING |    ⚠ Blocked (403) retry 2
2026-09-29 02:45:38,877 | INFO | 🌐 Session warmed
2026-09-29 02:45:39,545 | INFO |    ↳ Status 403
2026-09-29 02:45:39,545 | WARNING |    ⚠ Blocked (403) retry 3
2026-09-29 02:45:39,614 | INFO | 🌐 Session warmed
2026-09-29 02:45:40,973 | INFO |    ↳ Status 403
2026-09-29 02:45:40,973 | WARNING |    ⚠ Blocked (403) retry 3
2026-09-29 02:45:41,043 | INFO | 🌐 Session warmed
2026-09-29 02:45:41,666 | INFO |    ↳ Status 403
2026-09-29 02:45:41,666 | WARNING |    ⚠ Blocked (403) retry 3
2026-09-29 02:45:41,730 | INFO | 🌐 Session warmed
2026-09-29 02:45:42,147 | INFO |    ↳ Status 403
2026-09-29 02:45:42,147 | WARNING |    ⚠ Blocked (403) retry 3
2026-09-29 02:45:42,211 | INFO | 🌐 Session warmed
2026-09-29 02:45:43,614 | INFO | [960/1901] Fetching Kuchaman City (KHCY)
2026-09-29 02:45:44,236 | INFO |    ↳ Status 403
2026-09-29 02:45:44,236 | WARNING |    ⚠ Blocked (403) retry 1
2026-09-29 02:45:44,303 | INFO | 🌐 Session warmed
2026-09-29 02:45:45,043 | INFO | [961/1901] Fetching Kuchipudi (KCPD)
2026-09-29 02:45:45,730 | INFO | [962/1901] Fetching Kudus (KUDU)
2026-09-29 02:45:45,968 | INFO |    ↳ Status 403
2026-09-29 02:45:45,968 | WARNING |    ⚠ Blocked (403) retry 2
2026-09-29 02:45:46,038 | INFO | 🌐 Session warmed
2026-09-29 02:45:46,211 | INFO | [963/1901] Fetching Kujang (KUAG)
2026-09-29 02:45:46,345 | INFO |    ↳ Status 403
2026-09-29 02:45:46,345 | WARNING |    ⚠ Blocked (403) retry 1
2026-09-29 02:45:46,422 | INFO | 🌐 Session warmed
2026-09-29 02:45:46,891 | INFO |    ↳ Status 403
2026-09-29 02:45:46,891 | WARNING |    ⚠ Blocked (403) retry 1
2026-09-29 02:45:46,960 | INFO | 🌐 Session warmed
2026-09-29 02:45:47,042 | INFO |    ↳ Status 403
2026-09-29 02:45:47,042 | WARNING |    ⚠ Blocked (403) retry 1
2026-09-29 02:45:47,107 | INFO | 🌐 Session warmed
2026-09-29 02:45:48,325 | INFO |    ↳ Status 403
2026-09-29 02:45:48,325 | WARNING |    ⚠ Blocked (403) retry 2
2026-09-29 02:45:48,398 | INFO | 🌐 Session warmed
2026-09-29 02:45:48,772 | INFO |    ↳ Status 403
2026-09-29 02:45:48,773 | WARNING |    ⚠ Blocked (403) retry 2
2026-09-29 02:45:48,839 | INFO | 🌐 Session warmed
2026-09-29 02:45:49,051 | INFO |    ↳ Status 403
2026-09-29 02:45:49,051 | WARNING |    ⚠ Blocked (403) retry 2
2026-09-29 02:45:49,072 | INFO |    ↳ Status 403
2026-09-29 02:45:49,072 | WARNING |    ⚠ Blocked (403) retry 3
2026-09-29 02:45:49,125 | INFO | 🌐 Session warmed
2026-09-29 02:45:49,146 | INFO | 🌐 Session warmed
2026-09-29 02:45:51,549 | INFO |    ↳ Status 403
2026-09-29 02:45:51,549 | WARNING |    ⚠ Blocked (403) retry 3
2026-09-29 02:45:51,617 | INFO | 🌐 Session warmed
2026-09-29 02:45:51,820 | INFO |    ↳ Status 403
2026-09-29 02:45:51,820 | WARNING |    ⚠ Blocked (403) retry 3
2026-09-29 02:45:51,897 | INFO | 🌐 Session warmed
2026-09-29 02:45:52,227 | INFO |    ↳ Status 403
2026-09-29 02:45:52,227 | WARNING |    ⚠ Blocked (403) retry 3
2026-09-29 02:45:52,294 | INFO | 🌐 Session warmed
2026-09-29 02:45:53,146 | INFO | [964/1901] Fetching Kukshi (KUKS)
2026-09-29 02:45:54,534 | INFO |    ↳ Status 403
2026-09-29 02:45:54,534 | WARNING |    ⚠ Blocked (403) retry 1
2026-09-29 02:45:54,605 | INFO | 🌐 Session warmed
2026-09-29 02:45:55,617 | INFO | [965/1901] Fetching Kulithalai (KULI)
2026-09-29 02:45:55,897 | INFO | [966/1901] Fetching Kullu (KULU)
2026-09-29 02:45:56,294 | INFO | [967/1901] Fetching Kumarakom (KMOA)
2026-09-29 02:45:56,296 | INFO |    ↳ Status 403
2026-09-29 02:45:56,296 | WARNING |    ⚠ Blocked (403) retry 1
2026-09-29 02:45:56,367 | INFO | 🌐 Session warmed
2026-09-29 02:45:56,605 | INFO |    ↳ Status 403
2026-09-29 02:45:56,605 | WARNING |    ⚠ Blocked (403) retry 2
2026-09-29 02:45:56,677 | INFO | 🌐 Session warmed
2026-09-29 02:45:56,759 | INFO |    ↳ Status 403
2026-09-29 02:45:56,759 | WARNING |    ⚠ Blocked (403) retry 1
2026-09-29 02:45:56,828 | INFO | 🌐 Session warmed
2026-09-29 02:45:57,190 | INFO |    ↳ Status 403
2026-09-29 02:45:57,191 | WARNING |    ⚠ Blocked (403) retry 1
2026-09-29 02:45:57,275 | INFO | 🌐 Session warmed
2026-09-29 02:45:58,420 | INFO |    ↳ Status 403
2026-09-29 02:45:58,420 | WARNING |    ⚠ Blocked (403) retry 2
2026-09-29 02:45:58,492 | INFO | 🌐 Session warmed
2026-09-29 02:45:59,232 | INFO |    ↳ Status 403
2026-09-29 02:45:59,232 | WARNING |    ⚠ Blocked (403) retry 2
2026-09-29 02:45:59,305 | INFO | 🌐 Session warmed
2026-09-29 02:45:59,325 | INFO |    ↳ Status 403
2026-09-29 02:45:59,325 | WARNING |    ⚠ Blocked (403) retry 2
2026-09-29 02:45:59,462 | INFO | 🌐 Session warmed
2026-09-29 02:46:00,060 | INFO |    ↳ Status 403
2026-09-29 02:46:00,060 | WARNING |    ⚠ Blocked (403) retry 3
2026-09-29 02:46:00,156 | INFO | 🌐 Session warmed
2026-09-29 02:46:01,625 | INFO |    ↳ Status 403
2026-09-29 02:46:01,625 | WARNING |    ⚠ Blocked (403) retry 3
2026-09-29 02:46:01,694 | INFO | 🌐 Session warmed
2026-09-29 02:46:02,165 | INFO |    ↳ Status 403
2026-09-29 02:46:02,165 | WARNING |    ⚠ Blocked (403) retry 3
2026-09-29 02:46:02,241 | INFO | 🌐 Session warmed
2026-09-29 02:46:02,587 | INFO |    ↳ Status 403
2026-09-29 02:46:02,587 | WARNING |    ⚠ Blocked (403) retry 3
2026-09-29 02:46:02,659 | INFO | 🌐 Session warmed
2026-09-29 02:46:04,156 | INFO | [968/1901] Fetching Kumbakonam (KUMB)
2026-09-29 02:46:04,982 | INFO |    ↳ Status 403
2026-09-29 02:46:04,982 | WARNING |    ⚠ Blocked (403) retry 1
2026-09-29 02:46:05,050 | INFO | 🌐 Session warmed
2026-09-29 02:46:05,695 | INFO | [969/1901] Fetching Kumily (KUMI)
2026-09-29 02:46:06,241 | INFO | [970/1901] Fetching Kunda (KUDD)
2026-09-29 02:46:06,659 | INFO | [971/1901] Fetching Kundapura (KUNA)
2026-09-29 02:46:06,898 | INFO |    ↳ Status 403
2026-09-29 02:46:06,898 | WARNING |    ⚠ Blocked (403) retry 2
2026-09-29 02:46:06,963 | INFO | 🌐 Session warmed
2026-09-29 02:46:07,045 | INFO |    ↳ Status 403
2026-09-29 02:46:07,045 | WARNING |    ⚠ Blocked (403) retry 1
2026-09-29 02:46:07,070 | INFO |    ↳ Status 403
2026-09-29 02:46:07,070 | WARNING |    ⚠ Blocked (403) retry 1
2026-09-29 02:46:07,137 | INFO | 🌐 Session warmed
2026-09-29 02:46:07,220 | INFO | 🌐 Session warmed
2026-09-29 02:46:07,566 | INFO |    ↳ Status 403
2026-09-29 02:46:07,567 | WARNING |    ⚠ Blocked (403) retry 1
2026-09-29 02:46:07,637 | INFO | 🌐 Session warmed
2026-09-29 02:46:09,130 | INFO |    ↳ Status 403
2026-09-29 02:46:09,130 | WARNING |    ⚠ Blocked (403) retry 2
2026-09-29 02:46:09,205 | INFO | 🌐 Session warmed
2026-09-29 02:46:10,030 | INFO |    ↳ Status 403
2026-09-29 02:46:10,031 | WARNING |    ⚠ Blocked (403) retry 2
2026-09-29 02:46:10,037 | INFO |    ↳ Status 200
2026-09-29 02:46:10,037 | INFO |    ✓ Found 7 movies
2026-09-29 02:46:10,037 | INFO | [972/1901] Fetching Kunigal (KUUN)
2026-09-29 02:46:10,075 | INFO |    ↳ Status 403
2026-09-29 02:46:10,075 | WARNING |    ⚠ Blocked (403) retry 3
2026-09-29 02:46:10,150 | INFO | 🌐 Session warmed
2026-09-29 02:46:10,770 | INFO | 🌐 Session warmed
2026-09-29 02:46:11,634 | INFO |    ↳ Status 200
2026-09-29 02:46:11,634 | INFO |    ✓ Found 8 movies
2026-09-29 02:46:11,634 | INFO | [973/1901] Fetching Kunkuri (KKRI)
2026-09-29 02:46:12,451 | INFO |    ↳ Status 403
2026-09-29 02:46:12,451 | WARNING |    ⚠ Blocked (403) retry 3
2026-09-29 02:46:12,528 | INFO | 🌐 Session warmed
2026-09-29 02:46:13,589 | INFO |    ↳ Status 200
2026-09-29 02:46:13,589 | INFO |    ✓ Found 8 movies
2026-09-29 02:46:13,589 | INFO | [974/1901] Fetching Kunnamkulam (KUNN)
2026-09-29 02:46:13,860 | INFO |    ↳ Status 403
2026-09-29 02:46:13,860 | WARNING |    ⚠ Blocked (403) retry 3
2026-09-29 02:46:13,928 | INFO | 🌐 Session warmed
2026-09-29 02:46:14,150 | INFO | [975/1901] Fetching Kuravilangad (KURA)
2026-09-29 02:46:14,813 | INFO |    ↳ Status 200
2026-09-29 02:46:14,813 | INFO |    ✓ Found 8 movies
2026-09-29 02:46:14,814 | INFO | [976/1901] Fetching Kurnool (KURN)
2026-09-29 02:46:15,192 | INFO |    ↳ Status 403
2026-09-29 02:46:15,192 | WARNING |    ⚠ Blocked (403) retry 1
2026-09-29 02:46:15,270 | INFO | 🌐 Session warmed
2026-09-29 02:46:16,033 | INFO |    ↳ Status 403
2026-09-29 02:46:16,033 | WARNING |    ⚠ Blocked (403) retry 1
2026-09-29 02:46:16,103 | INFO | 🌐 Session warmed
2026-09-29 02:46:16,529 | INFO | [977/1901] Fetching Kurseong (KURS)
2026-09-29 02:46:17,376 | INFO |    ↳ Status 403
2026-09-29 02:46:17,376 | WARNING |    ⚠ Blocked (403) retry 1
2026-09-29 02:46:17,435 | INFO |    ↳ Status 403
2026-09-29 02:46:17,435 | WARNING |    ⚠ Blocked (403) retry 2
2026-09-29 02:46:17,445 | INFO | 🌐 Session warmed
2026-09-29 02:46:17,508 | INFO | 🌐 Session warmed
2026-09-29 02:46:17,929 | INFO | [978/1901] Fetching Kurud (KRDU)
2026-09-29 02:46:18,117 | INFO |    ↳ Status 403
2026-09-29 02:46:18,117 | WARNING |    ⚠ Blocked (403) retry 2
2026-09-29 02:46:18,194 | INFO | 🌐 Session warmed
2026-09-29 02:46:19,317 | INFO |    ↳ Status 403
2026-09-29 02:46:19,317 | WARNING |    ⚠ Blocked (403) retry 1
2026-09-29 02:46:19,391 | INFO | 🌐 Session warmed
2026-09-29 02:46:19,479 | INFO |    ↳ Status 403
2026-09-29 02:46:19,479 | WARNING |    ⚠ Blocked (403) retry 2
2026-09-29 02:46:19,557 | INFO | 🌐 Session warmed
2026-09-29 02:46:20,949 | INFO |    ↳ Status 403
2026-09-29 02:46:20,950 | WARNING |    ⚠ Blocked (403) retry 3
2026-09-29 02:46:21,183 | INFO | 🌐 Session warmed
2026-09-29 02:46:21,192 | INFO |    ↳ Status 200
2026-09-29 02:46:21,192 | INFO |    ✓ Found 8 movies
2026-09-29 02:46:21,192 | INFO | [979/1901] Fetching Kurukshetra (KURU)
2026-09-29 02:46:21,523 | INFO |    ↳ Status 403
2026-09-29 02:46:21,523 | WARNING |    ⚠ Blocked (403) retry 2
2026-09-29 02:46:21,592 | INFO | 🌐 Session warmed
2026-09-29 02:46:22,092 | INFO |    ↳ Status 403
2026-09-29 02:46:22,092 | WARNING |    ⚠ Blocked (403) retry 1
2026-09-29 02:46:22,162 | INFO | 🌐 Session warmed
2026-09-29 02:46:22,523 | INFO |    ↳ Status 403
2026-09-29 02:46:22,523 | WARNING |    ⚠ Blocked (403) retry 3
2026-09-29 02:46:22,603 | INFO | 🌐 Session warmed
2026-09-29 02:46:24,397 | INFO |    ↳ Status 403
2026-09-29 02:46:24,397 | WARNING |    ⚠ Blocked (403) retry 3
2026-09-29 02:46:24,402 | INFO |    ↳ Status 403
2026-09-29 02:46:24,402 | WARNING |    ⚠ Blocked (403) retry 2
2026-09-29 02:46:24,475 | INFO | 🌐 Session warmed
2026-09-29 02:46:24,480 | INFO | 🌐 Session warmed
2026-09-29 02:46:25,184 | INFO | [980/1901] Fetching Kurumaseri (KURY)
2026-09-29 02:46:26,130 | INFO |    ↳ Status 403
2026-09-29 02:46:26,130 | WARNING |    ⚠ Blocked (403) retry 1
2026-09-29 02:46:26,201 | INFO | 🌐 Session warmed
2026-09-29 02:46:26,604 | INFO | [981/1901] Fetching Kurundwad (KURD)
2026-09-29 02:46:27,644 | INFO |    ↳ Status 403
2026-09-29 02:46:27,644 | WARNING |    ⚠ Blocked (403) retry 1
2026-09-29 02:46:27,713 | INFO | 🌐 Session warmed
2026-09-29 02:46:27,817 | INFO |    ↳ Status 403
2026-09-29 02:46:27,817 | WARNING |    ⚠ Blocked (403) retry 3
2026-09-29 02:46:27,887 | INFO | 🌐 Session warmed
2026-09-29 02:46:28,475 | INFO | [982/1901] Fetching Kushalnagar (KUSA)
2026-09-29 02:46:28,495 | INFO |    ↳ Status 403
2026-09-29 02:46:28,495 | WARNING |    ⚠ Blocked (403) retry 2
2026-09-29 02:46:28,565 | INFO | 🌐 Session warmed
2026-09-29 02:46:29,354 | INFO |    ↳ Status 403
2026-09-29 02:46:29,354 | WARNING |    ⚠ Blocked (403) retry 2
2026-09-29 02:46:29,424 | INFO | 🌐 Session warmed
2026-09-29 02:46:29,551 | INFO |    ↳ Status 403
2026-09-29 02:46:29,551 | WARNING |    ⚠ Blocked (403) retry 1
2026-09-29 02:46:29,624 | INFO | 🌐 Session warmed
2026-09-29 02:46:31,504 | INFO |    ↳ Status 403
2026-09-29 02:46:31,504 | WARNING |    ⚠ Blocked (403) retry 2
2026-09-29 02:46:31,577 | INFO | 🌐 Session warmed
2026-09-29 02:46:31,759 | INFO |    ↳ Status 403
2026-09-29 02:46:31,759 | WARNING |    ⚠ Blocked (403) retry 3
2026-09-29 02:46:31,829 | INFO | 🌐 Session warmed
2026-09-29 02:46:31,887 | INFO | [983/1901] Fetching Kushinagar (KUSH)
2026-09-29 02:46:32,352 | INFO |    ↳ Status 403
2026-09-29 02:46:32,352 | WARNING |    ⚠ Blocked (403) retry 3
2026-09-29 02:46:32,419 | INFO | 🌐 Session warmed
2026-09-29 02:46:32,916 | INFO |    ↳ Status 403
2026-09-29 02:46:32,916 | WARNING |    ⚠ Blocked (403) retry 1
2026-09-29 02:46:32,983 | INFO | 🌐 Session warmed
2026-09-29 02:46:34,478 | INFO |    ↳ Status 403
2026-09-29 02:46:34,478 | WARNING |    ⚠ Blocked (403) retry 3
2026-09-29 02:46:34,548 | INFO | 🌐 Session warmed
2026-09-29 02:46:35,050 | INFO |    ↳ Status 403
2026-09-29 02:46:35,050 | WARNING |    ⚠ Blocked (403) retry 2
2026-09-29 02:46:35,120 | INFO | 🌐 Session warmed
2026-09-29 02:46:35,829 | INFO | [984/1901] Fetching Kusumgram (KKKL)
2026-09-29 02:46:36,420 | INFO | [985/1901] Fetching Kutch (KTCH)
2026-09-29 02:46:36,941 | INFO |    ↳ Status 403
2026-09-29 02:46:36,941 | WARNING |    ⚠ Blocked (403) retry 1
2026-09-29 02:46:37,009 | INFO | 🌐 Session warmed
2026-09-29 02:46:37,772 | INFO |    ↳ Status 403
2026-09-29 02:46:37,772 | WARNING |    ⚠ Blocked (403) retry 1
2026-09-29 02:46:37,781 | INFO |    ↳ Status 403
2026-09-29 02:46:37,781 | WARNING |    ⚠ Blocked (403) retry 3
2026-09-29 02:46:37,845 | INFO | 🌐 Session warmed
2026-09-29 02:46:37,862 | INFO | 🌐 Session warmed
2026-09-29 02:46:38,548 | INFO | [986/1901] Fetching Kuthuparamba (KUTH)
2026-09-29 02:46:38,777 | INFO |    ↳ Status 403
2026-09-29 02:46:38,777 | WARNING |    ⚠ Blocked (403) retry 2
2026-09-29 02:46:38,849 | INFO | 🌐 Session warmed
2026-09-29 02:46:39,644 | INFO |    ↳ Status 403
2026-09-29 02:46:39,644 | WARNING |    ⚠ Blocked (403) retry 1
2026-09-29 02:46:39,713 | INFO | 🌐 Session warmed
2026-09-29 02:46:40,005 | INFO |    ↳ Status 403
2026-09-29 02:46:40,005 | WARNING |    ⚠ Blocked (403) retry 2
2026-09-29 02:46:40,081 | INFO | 🌐 Session warmed
2026-09-29 02:46:41,333 | INFO |    ↳ Status 403
2026-09-29 02:46:41,333 | WARNING |    ⚠ Blocked (403) retry 2
2026-09-29 02:46:41,410 | INFO | 🌐 Session warmed
2026-09-29 02:46:41,632 | INFO |    ↳ Status 403
2026-09-29 02:46:41,633 | WARNING |    ⚠ Blocked (403) retry 3
2026-09-29 02:46:41,718 | INFO | 🌐 Session warmed
2026-09-29 02:46:41,862 | INFO | [987/1901] Fetching Ladakh (LEHA)
2026-09-29 02:46:42,913 | INFO |    ↳ Status 403
2026-09-29 02:46:42,913 | WARNING |    ⚠ Blocked (403) retry 3
2026-09-29 02:46:42,985 | INFO | 🌐 Session warmed
2026-09-29 02:46:43,140 | INFO |    ↳ Status 403
2026-09-29 02:46:43,140 | WARNING |    ⚠ Blocked (403) retry 1
2026-09-29 02:46:43,212 | INFO | 🌐 Session warmed
2026-09-29 02:46:44,672 | INFO |    ↳ Status 403
2026-09-29 02:46:44,672 | WARNING |    ⚠ Blocked (403) retry 3
2026-09-29 02:46:44,741 | INFO | 🌐 Session warmed
2026-09-29 02:46:45,009 | INFO |    ↳ Status 403
2026-09-29 02:46:45,009 | WARNING |    ⚠ Blocked (403) retry 2
2026-09-29 02:46:45,074 | INFO | 🌐 Session warmed
2026-09-29 02:46:45,718 | INFO | [988/1901] Fetching Lakhanpur (ALKP)
2026-09-29 02:46:46,380 | INFO |    ↳ Status 403
2026-09-29 02:46:46,380 | WARNING |    ⚠ Blocked (403) retry 1
2026-09-29 02:46:46,457 | INFO | 🌐 Session warmed
2026-09-29 02:46:46,985 | INFO | [989/1901] Fetching Lakhimpur (LAHA)
2026-09-29 02:46:47,960 | INFO |    ↳ Status 403
2026-09-29 02:46:47,960 | WARNING |    ⚠ Blocked (403) retry 3
2026-09-29 02:46:48,030 | INFO | 🌐 Session warmed
2026-09-29 02:46:48,242 | INFO |    ↳ Status 403
2026-09-29 02:46:48,242 | WARNING |    ⚠ Blocked (403) retry 1
2026-09-29 02:46:48,316 | INFO | 🌐 Session warmed
2026-09-29 02:46:48,446 | INFO |    ↳ Status 403
2026-09-29 02:46:48,446 | WARNING |    ⚠ Blocked (403) retry 2
2026-09-29 02:46:48,517 | INFO | 🌐 Session warmed
2026-09-29 02:46:48,741 | INFO | [990/1901] Fetching Lakhimpur Kheri (LKPK)
2026-09-29 02:46:50,052 | INFO |    ↳ Status 403
2026-09-29 02:46:50,052 | WARNING |    ⚠ Blocked (403) retry 1
2026-09-29 02:46:50,116 | INFO | 🌐 Session warmed
2026-09-29 02:46:50,712 | INFO |    ↳ Status 403
2026-09-29 02:46:50,712 | WARNING |    ⚠ Blocked (403) retry 2
2026-09-29 02:46:50,782 | INFO | 🌐 Session warmed
2026-09-29 02:46:51,435 | INFO |    ↳ Status 403
2026-09-29 02:46:51,435 | WARNING |    ⚠ Blocked (403) retry 3
2026-09-29 02:46:51,501 | INFO | 🌐 Session warmed
2026-09-29 02:46:51,799 | INFO |    ↳ Status 403
2026-09-29 02:46:51,799 | WARNING |    ⚠ Blocked (403) retry 2
2026-09-29 02:46:51,874 | INFO | 🌐 Session warmed
2026-09-29 02:46:52,030 | INFO | [991/1901] Fetching Lakhisarai (LASK)
2026-09-29 02:46:53,111 | INFO |    ↳ Status 403
2026-09-29 02:46:53,111 | WARNING |    ⚠ Blocked (403) retry 1
2026-09-29 02:46:53,190 | INFO | 🌐 Session warmed
2026-09-29 02:46:53,995 | INFO |    ↳ Status 403
2026-09-29 02:46:53,995 | WARNING |    ⚠ Blocked (403) retry 3
2026-09-29 02:46:54,069 | INFO | 🌐 Session warmed
2026-09-29 02:46:55,053 | INFO |    ↳ Status 403
2026-09-29 02:46:55,053 | WARNING |    ⚠ Blocked (403) retry 2
2026-09-29 02:46:55,118 | INFO | 🌐 Session warmed
2026-09-29 02:46:55,180 | INFO |    ↳ Status 403
2026-09-29 02:46:55,180 | WARNING |    ⚠ Blocked (403) retry 3
2026-09-29 02:46:55,248 | INFO | 🌐 Session warmed
2026-09-29 02:46:55,502 | INFO | [992/1901] Fetching Lakkavaram (LRAM)
2026-09-29 02:46:56,159 | INFO |    ↳ Status 403
2026-09-29 02:46:56,159 | WARNING |    ⚠ Blocked (403) retry 1
2026-09-29 02:46:56,230 | INFO | 🌐 Session warmed
2026-09-29 02:46:57,940 | INFO |    ↳ Status 403
2026-09-29 02:46:57,940 | WARNING |    ⚠ Blocked (403) retry 3
2026-09-29 02:46:58,009 | INFO | 🌐 Session warmed
2026-09-29 02:46:58,070 | INFO | [993/1901] Fetching Lakshmeshwara (LKSH)
2026-09-29 02:46:58,216 | INFO |    ↳ Status 403
2026-09-29 02:46:58,216 | WARNING |    ⚠ Blocked (403) retry 2
2026-09-29 02:46:58,288 | INFO | 🌐 Session warmed
2026-09-29 02:46:58,852 | INFO |    ↳ Status 403
2026-09-29 02:46:58,852 | WARNING |    ⚠ Blocked (403) retry 1
2026-09-29 02:46:58,933 | INFO | 🌐 Session warmed
2026-09-29 02:46:59,249 | INFO | [994/1901] Fetching Lakshmikantapur (LKMP)
2026-09-29 02:47:00,619 | INFO |    ↳ Status 403
2026-09-29 02:47:00,620 | WARNING |    ⚠ Blocked (403) retry 1
2026-09-29 02:47:00,628 | INFO |    ↳ Status 403
2026-09-29 02:47:00,628 | WARNING |    ⚠ Blocked (403) retry 2
2026-09-29 02:47:00,698 | INFO | 🌐 Session warmed
2026-09-29 02:47:00,709 | INFO | 🌐 Session warmed
2026-09-29 02:47:01,073 | INFO |    ↳ Status 403
2026-09-29 02:47:01,073 | WARNING |    ⚠ Blocked (403) retry 3
2026-09-29 02:47:01,154 | INFO | 🌐 Session warmed
2026-09-29 02:47:02,009 | INFO | [995/1901] Fetching Lalgudi (LALG)
2026-09-29 02:47:02,692 | INFO |    ↳ Status 403
2026-09-29 02:47:02,692 | WARNING |    ⚠ Blocked (403) retry 1
2026-09-29 02:47:02,751 | INFO |    ↳ Status 403
2026-09-29 02:47:02,751 | WARNING |    ⚠ Blocked (403) retry 2
2026-09-29 02:47:02,766 | INFO | 🌐 Session warmed
2026-09-29 02:47:02,837 | INFO | 🌐 Session warmed
2026-09-29 02:47:03,945 | INFO |    ↳ Status 403
2026-09-29 02:47:03,945 | WARNING |    ⚠ Blocked (403) retry 3
2026-09-29 02:47:04,018 | INFO | 🌐 Session warmed
2026-09-29 02:47:04,680 | INFO |    ↳ Status 403
2026-09-29 02:47:04,680 | WARNING |    ⚠ Blocked (403) retry 2
2026-09-29 02:47:04,817 | INFO | 🌐 Session warmed
2026-09-29 02:47:05,155 | INFO | [996/1901] Fetching Lalitpur (LLTP)
2026-09-29 02:47:06,073 | INFO |    ↳ Status 403
2026-09-29 02:47:06,073 | WARNING |    ⚠ Blocked (403) retry 3
2026-09-29 02:47:06,147 | INFO | 🌐 Session warmed
2026-09-29 02:47:06,482 | INFO |    ↳ Status 403
2026-09-29 02:47:06,482 | WARNING |    ⚠ Blocked (403) retry 1
2026-09-29 02:47:06,563 | INFO | 🌐 Session warmed
2026-09-29 02:47:07,842 | INFO |    ↳ Status 403
2026-09-29 02:47:07,842 | WARNING |    ⚠ Blocked (403) retry 3
2026-09-29 02:47:07,909 | INFO | 🌐 Session warmed
2026-09-29 02:47:08,018 | INFO | [997/1901] Fetching Lansdowne (LADW)
2026-09-29 02:47:08,851 | INFO |    ↳ Status 403
2026-09-29 02:47:08,852 | WARNING |    ⚠ Blocked (403) retry 2
2026-09-29 02:47:08,911 | INFO |    ↳ Status 403
2026-09-29 02:47:08,912 | WARNING |    ⚠ Blocked (403) retry 1
2026-09-29 02:47:08,924 | INFO | 🌐 Session warmed
2026-09-29 02:47:09,005 | INFO | 🌐 Session warmed
2026-09-29 02:47:10,148 | INFO | [998/1901] Fetching Latur (LAT)
2026-09-29 02:47:10,883 | INFO |    ↳ Status 403
2026-09-29 02:47:10,883 | WARNING |    ⚠ Blocked (403) retry 2
2026-09-29 02:47:10,955 | INFO | 🌐 Session warmed
2026-09-29 02:47:11,463 | INFO |    ↳ Status 403
2026-09-29 02:47:11,463 | WARNING |    ⚠ Blocked (403) retry 1
2026-09-29 02:47:11,528 | INFO | 🌐 Session warmed
2026-09-29 02:47:11,909 | INFO | [999/1901] Fetching Lavasa (LAVA)
2026-09-29 02:47:12,064 | INFO |    ↳ Status 403
2026-09-29 02:47:12,064 | WARNING |    ⚠ Blocked (403) retry 3
2026-09-29 02:47:12,131 | INFO | 🌐 Session warmed
2026-09-29 02:47:13,047 | INFO |    ↳ Status 403
2026-09-29 02:47:13,047 | WARNING |    ⚠ Blocked (403) retry 1
2026-09-29 02:47:13,124 | INFO | 🌐 Session warmed
2026-09-29 02:47:13,702 | INFO |    ↳ Status 403
2026-09-29 02:47:13,702 | WARNING |    ⚠ Blocked (403) retry 2
2026-09-29 02:47:13,770 | INFO | 🌐 Session warmed
2026-09-29 02:47:13,958 | INFO |    ↳ Status 403
2026-09-29 02:47:13,958 | WARNING |    ⚠ Blocked (403) retry 3
2026-09-29 02:47:14,033 | INFO | 🌐 Session warmed
2026-09-29 02:47:15,022 | INFO |    ↳ Status 403
2026-09-29 02:47:15,022 | WARNING |    ⚠ Blocked (403) retry 2
2026-09-29 02:47:15,090 | INFO | 🌐 Session warmed
2026-09-29 02:47:16,131 | INFO | [1000/1901] Fetching Leeja (LEEJ)
2026-09-29 02:47:16,784 | INFO |    ↳ Status 403
2026-09-29 02:47:16,784 | WARNING |    ⚠ Blocked (403) retry 1
2026-09-29 02:47:16,858 | INFO | 🌐 Session warmed
2026-09-29 02:47:16,934 | INFO |    ↳ Status 403
2026-09-29 02:47:16,934 | WARNING |    ⚠ Blocked (403) retry 3
2026-09-29 02:47:17,011 | INFO | 🌐 Session warmed
2026-09-29 02:47:18,034 | INFO | [1001/1901] Fetching Leh (LEHL)
2026-09-29 02:47:18,214 | INFO |    ↳ Status 403
2026-09-29 02:47:18,214 | WARNING |    ⚠ Blocked (403) retry 3
2026-09-29 02:47:18,286 | INFO | 🌐 Session warmed
2026-09-29 02:47:18,950 | INFO |    ↳ Status 403
2026-09-29 02:47:18,950 | WARNING |    ⚠ Blocked (403) retry 1
2026-09-29 02:47:18,979 | INFO |    ↳ Status 403
2026-09-29 02:47:18,979 | WARNING |    ⚠ Blocked (403) retry 2
2026-09-29 02:47:19,052 | INFO | 🌐 Session warmed
2026-09-29 02:47:19,115 | INFO | 🌐 Session warmed
2026-09-29 02:47:20,964 | INFO |    ↳ Status 403
2026-09-29 02:47:20,964 | WARNING |    ⚠ Blocked (403) retry 2
2026-09-29 02:47:21,012 | INFO | [1002/1901] Fetching Lingasugur (LING)
2026-09-29 02:47:21,033 | INFO | 🌐 Session warmed
2026-09-29 02:47:21,710 | INFO |    ↳ Status 403
2026-09-29 02:47:21,710 | WARNING |    ⚠ Blocked (403) retry 1
2026-09-29 02:47:21,780 | INFO | 🌐 Session warmed
2026-09-29 02:47:21,821 | INFO |    ↳ Status 403
2026-09-29 02:47:21,821 | WARNING |    ⚠ Blocked (403) retry 3
2026-09-29 02:47:21,893 | INFO | 🌐 Session warmed
2026-09-29 02:47:22,287 | INFO | [1003/1901] Fetching Lohardaga (LOHA)
2026-09-29 02:47:22,970 | INFO |    ↳ Status 403
2026-09-29 02:47:22,970 | WARNING |    ⚠ Blocked (403) retry 1
2026-09-29 02:47:23,048 | INFO | 🌐 Session warmed
2026-09-29 02:47:23,515 | INFO |    ↳ Status 403
2026-09-29 02:47:23,515 | WARNING |    ⚠ Blocked (403) retry 2
2026-09-29 02:47:23,596 | INFO | 🌐 Session warmed
2026-09-29 02:47:24,249 | INFO |    ↳ Status 403
2026-09-29 02:47:24,249 | WARNING |    ⚠ Blocked (403) retry 3
2026-09-29 02:47:24,316 | INFO | 🌐 Session warmed
2026-09-29 02:47:24,925 | INFO |    ↳ Status 403
2026-09-29 02:47:24,925 | WARNING |    ⚠ Blocked (403) retry 2
2026-09-29 02:47:25,002 | INFO | 🌐 Session warmed
2026-09-29 02:47:25,893 | INFO | [1004/1901] Fetching Lonand (LONZ)
2026-09-29 02:47:26,500 | INFO |    ↳ Status 403
2026-09-29 02:47:26,500 | WARNING |    ⚠ Blocked (403) retry 3
2026-09-29 02:47:26,574 | INFO | 🌐 Session warmed
2026-09-29 02:47:26,888 | INFO |    ↳ Status 403
2026-09-29 02:47:26,889 | WARNING |    ⚠ Blocked (403) retry 1
2026-09-29 02:47:26,963 | INFO | 🌐 Session warmed
2026-09-29 02:47:27,739 | INFO |    ↳ Status 403
2026-09-29 02:47:27,739 | WARNING |    ⚠ Blocked (403) retry 3
2026-09-29 02:47:27,813 | INFO | 🌐 Session warmed
2026-09-29 02:47:28,316 | INFO | [1005/1901] Fetching Lonar (LONA)
2026-09-29 02:47:28,833 | INFO |    ↳ Status 403
2026-09-29 02:47:28,833 | WARNING |    ⚠ Blocked (403) retry 2
2026-09-29 02:47:28,900 | INFO | 🌐 Session warmed
2026-09-29 02:47:29,139 | INFO |    ↳ Status 403
2026-09-29 02:47:29,139 | WARNING |    ⚠ Blocked (403) retry 1
2026-09-29 02:47:29,207 | INFO | 🌐 Session warmed
2026-09-29 02:47:30,574 | INFO | [1006/1901] Fetching Lonavala (LNVL)
2026-09-29 02:47:31,061 | INFO |    ↳ Status 403
2026-09-29 02:47:31,061 | WARNING |    ⚠ Blocked (403) retry 2
2026-09-29 02:47:31,134 | INFO | 🌐 Session warmed
2026-09-29 02:47:31,461 | INFO |    ↳ Status 403
2026-09-29 02:47:31,461 | WARNING |    ⚠ Blocked (403) retry 1
2026-09-29 02:47:31,538 | INFO | 🌐 Session warmed
2026-09-29 02:47:31,814 | INFO | [1007/1901] Fetching Loni (LONI)
2026-09-29 02:47:31,923 | INFO |    ↳ Status 403
2026-09-29 02:47:31,923 | WARNING |    ⚠ Blocked (403) retry 3
2026-09-29 02:47:32,001 | INFO | 🌐 Session warmed
2026-09-29 02:47:32,503 | INFO |    ↳ Status 403
2026-09-29 02:47:32,503 | WARNING |    ⚠ Blocked (403) retry 1
2026-09-29 02:47:32,581 | INFO | 🌐 Session warmed
2026-09-29 02:47:33,188 | INFO |    ↳ Status 403
2026-09-29 02:47:33,188 | WARNING |    ⚠ Blocked (403) retry 2
2026-09-29 02:47:33,330 | INFO | 🌐 Session warmed
2026-09-29 02:47:33,982 | INFO |    ↳ Status 403
2026-09-29 02:47:33,982 | WARNING |    ⚠ Blocked (403) retry 3
2026-09-29 02:47:34,060 | INFO | 🌐 Session warmed
2026-09-29 02:47:34,701 | INFO |    ↳ Status 200
2026-09-29 02:47:34,701 | INFO |    ✓ Found 8 movies
2026-09-29 02:47:34,701 | INFO | [1008/1901] Fetching Lucknow (LUCK)
2026-09-29 02:47:36,002 | INFO | [1009/1901] Fetching Ludhiana (LUDH)
2026-09-29 02:47:36,020 | INFO |    ↳ Status 200
2026-09-29 02:47:36,020 | INFO |    ✓ Found 7 movies
2026-09-29 02:47:36,020 | INFO | [1010/1901] Fetching Lunawada (LUNA)
2026-09-29 02:47:36,504 | INFO |    ↳ Status 403
2026-09-29 02:47:36,504 | WARNING |    ⚠ Blocked (403) retry 3
2026-09-29 02:47:36,574 | INFO | 🌐 Session warmed
2026-09-29 02:47:36,914 | INFO |    ↳ Status 403
2026-09-29 02:47:36,914 | WARNING |    ⚠ Blocked (403) retry 1
2026-09-29 02:47:36,992 | INFO | 🌐 Session warmed
2026-09-29 02:47:38,060 | INFO | [1011/1901] Fetching Luxettipet (LAKS)
2026-09-29 02:47:38,064 | INFO |    ↳ Status 200
2026-09-29 02:47:38,064 | INFO |    ✓ Found 7 movies
2026-09-29 02:47:38,064 | INFO | [1012/1901] Fetching MUNNAR (MUNN)
2026-09-29 02:47:39,128 | INFO |    ↳ Status 403
2026-09-29 02:47:39,128 | WARNING |    ⚠ Blocked (403) retry 1
2026-09-29 02:47:39,196 | INFO | 🌐 Session warmed
2026-09-29 02:47:39,409 | INFO |    ↳ Status 403
2026-09-29 02:47:39,409 | WARNING |    ⚠ Blocked (403) retry 2
2026-09-29 02:47:39,477 | INFO | 🌐 Session warmed
2026-09-29 02:47:40,025 | INFO |    ↳ Status 200
2026-09-29 02:47:40,025 | INFO |    ✓ Found 8 movies
2026-09-29 02:47:40,025 | INFO | [1013/1901] Fetching Macherla (MACH)
2026-09-29 02:47:40,575 | INFO | [1014/1901] Fetching Machilipatnam (MAPM)
2026-09-29 02:47:41,121 | INFO |    ↳ Status 403
2026-09-29 02:47:41,121 | WARNING |    ⚠ Blocked (403) retry 2
2026-09-29 02:47:41,189 | INFO | 🌐 Session warmed
2026-09-29 02:47:41,265 | INFO |    ↳ Status 403
2026-09-29 02:47:41,265 | WARNING |    ⚠ Blocked (403) retry 1
2026-09-29 02:47:41,314 | INFO |    ↳ Status 403
2026-09-29 02:47:41,314 | WARNING |    ⚠ Blocked (403) retry 1
2026-09-29 02:47:41,335 | INFO | 🌐 Session warmed
2026-09-29 02:47:41,391 | INFO | 🌐 Session warmed
2026-09-29 02:47:42,526 | INFO |    ↳ Status 403
2026-09-29 02:47:42,526 | WARNING |    ⚠ Blocked (403) retry 3
2026-09-29 02:47:42,599 | INFO | 🌐 Session warmed
2026-09-29 02:47:43,364 | INFO |    ↳ Status 403
2026-09-29 02:47:43,364 | WARNING |    ⚠ Blocked (403) retry 2
2026-09-29 02:47:43,438 | INFO | 🌐 Session warmed
2026-09-29 02:47:43,590 | INFO |    ↳ Status 403
2026-09-29 02:47:43,590 | WARNING |    ⚠ Blocked (403) retry 2
2026-09-29 02:47:43,668 | INFO | 🌐 Session warmed
2026-09-29 02:47:44,102 | INFO |    ↳ Status 403
2026-09-29 02:47:44,102 | WARNING |    ⚠ Blocked (403) retry 3
2026-09-29 02:47:44,173 | INFO | 🌐 Session warmed
2026-09-29 02:47:46,599 | INFO | [1015/1901] Fetching Madalu (MADA)
2026-09-29 02:47:46,626 | INFO |    ↳ Status 403
2026-09-29 02:47:46,626 | WARNING |    ⚠ Blocked (403) retry 3
2026-09-29 02:47:46,695 | INFO | 🌐 Session warmed
2026-09-29 02:47:46,722 | INFO |    ↳ Status 403
2026-09-29 02:47:46,722 | WARNING |    ⚠ Blocked (403) retry 3
2026-09-29 02:47:46,794 | INFO | 🌐 Session warmed
2026-09-29 02:47:47,707 | INFO |    ↳ Status 403
2026-09-29 02:47:47,708 | WARNING |    ⚠ Blocked (403) retry 1
2026-09-29 02:47:47,778 | INFO | 🌐 Session warmed
2026-09-29 02:47:48,173 | INFO | [1016/1901] Fetching Madanapalle (MDNP)
2026-09-29 02:47:49,072 | INFO |    ↳ Status 403
2026-09-29 02:47:49,072 | WARNING |    ⚠ Blocked (403) retry 1
2026-09-29 02:47:49,161 | INFO | 🌐 Session warmed
2026-09-29 02:47:49,804 | INFO |    ↳ Status 403
2026-09-29 02:47:49,804 | WARNING |    ⚠ Blocked (403) retry 2
2026-09-29 02:47:49,926 | INFO | 🌐 Session warmed
2026-09-29 02:47:50,695 | INFO | [1017/1901] Fetching Maddur (MADD)
2026-09-29 02:47:50,795 | INFO | [1018/1901] Fetching Madhavaram (MDHA)
2026-09-29 02:47:51,193 | INFO |    ↳ Status 403
2026-09-29 02:47:51,193 | WARNING |    ⚠ Blocked (403) retry 2
2026-09-29 02:47:51,274 | INFO | 🌐 Session warmed
2026-09-29 02:47:51,894 | INFO |    ↳ Status 403
2026-09-29 02:47:51,894 | WARNING |    ⚠ Blocked (403) retry 1
2026-09-29 02:47:51,968 | INFO | 🌐 Session warmed
2026-09-29 02:47:52,048 | INFO |    ↳ Status 403
2026-09-29 02:47:52,049 | WARNING |    ⚠ Blocked (403) retry 1
2026-09-29 02:47:52,115 | INFO | 🌐 Session warmed
2026-09-29 02:47:52,560 | INFO |    ↳ Status 403
2026-09-29 02:47:52,560 | WARNING |    ⚠ Blocked (403) retry 3
2026-09-29 02:47:52,638 | INFO | 🌐 Session warmed
2026-09-29 02:47:53,906 | INFO |    ↳ Status 403
2026-09-29 02:47:53,906 | WARNING |    ⚠ Blocked (403) retry 3
2026-09-29 02:47:53,977 | INFO | 🌐 Session warmed
2026-09-29 02:47:54,019 | INFO |    ↳ Status 403
2026-09-29 02:47:54,019 | WARNING |    ⚠ Blocked (403) retry 2
2026-09-29 02:47:54,094 | INFO | 🌐 Session warmed
2026-09-29 02:47:54,345 | INFO |    ↳ Status 403
2026-09-29 02:47:54,345 | WARNING |    ⚠ Blocked (403) retry 2
2026-09-29 02:47:54,416 | INFO | 🌐 Session warmed
2026-09-29 02:47:56,639 | INFO | [1019/1901] Fetching Madhepura (MHEA)
2026-09-29 02:47:57,276 | INFO |    ↳ Status 403
2026-09-29 02:47:57,276 | WARNING |    ⚠ Blocked (403) retry 3
2026-09-29 02:47:57,285 | INFO |    ↳ Status 403
2026-09-29 02:47:57,286 | WARNING |    ⚠ Blocked (403) retry 1
2026-09-29 02:47:57,355 | INFO | 🌐 Session warmed
2026-09-29 02:47:57,472 | INFO |    ↳ Status 403
2026-09-29 02:47:57,472 | WARNING |    ⚠ Blocked (403) retry 3
2026-09-29 02:47:57,538 | INFO | 🌐 Session warmed
2026-09-29 02:47:57,978 | INFO | [1020/1901] Fetching Madhira (MADR)
2026-09-29 02:47:58,978 | INFO | 🌐 Session warmed
2026-09-29 02:47:59,123 | INFO |    ↳ Status 403
2026-09-29 02:47:59,123 | WARNING |    ⚠ Blocked (403) retry 1
2026-09-29 02:47:59,193 | INFO | 🌐 Session warmed
2026-09-29 02:47:59,367 | INFO |    ↳ Status 403
2026-09-29 02:47:59,367 | WARNING |    ⚠ Blocked (403) retry 2
2026-09-29 02:47:59,440 | INFO | 🌐 Session warmed
2026-09-29 02:48:01,539 | INFO | [1021/1901] Fetching Madhubani (MADZ)
2026-09-29 02:48:01,598 | INFO |    ↳ Status 403
2026-09-29 02:48:01,598 | WARNING |    ⚠ Blocked (403) retry 2
2026-09-29 02:48:01,666 | INFO | 🌐 Session warmed
2026-09-29 02:48:02,329 | INFO |    ↳ Status 403
2026-09-29 02:48:02,329 | WARNING |    ⚠ Blocked (403) retry 1
2026-09-29 02:48:02,343 | INFO |    ↳ Status 403
2026-09-29 02:48:02,343 | WARNING |    ⚠ Blocked (403) retry 3
2026-09-29 02:48:02,407 | INFO | 🌐 Session warmed
2026-09-29 02:48:02,424 | INFO | 🌐 Session warmed
2026-09-29 02:48:02,979 | INFO | [1022/1901] Fetching Madikeri (MADI)
2026-09-29 02:48:03,852 | INFO |    ↳ Status 403
2026-09-29 02:48:03,852 | WARNING |    ⚠ Blocked (403) retry 1
2026-09-29 02:48:03,920 | INFO | 🌐 Session warmed
2026-09-29 02:48:04,036 | INFO |    ↳ Status 403
2026-09-29 02:48:04,036 | WARNING |    ⚠ Blocked (403) retry 2
2026-09-29 02:48:04,105 | INFO | 🌐 Session warmed
2026-09-29 02:48:04,655 | INFO |    ↳ Status 403
2026-09-29 02:48:04,655 | WARNING |    ⚠ Blocked (403) retry 3
2026-09-29 02:48:04,731 | INFO | 🌐 Session warmed
2026-09-29 02:48:06,117 | INFO |    ↳ Status 403
2026-09-29 02:48:06,117 | WARNING |    ⚠ Blocked (403) retry 2
2026-09-29 02:48:06,205 | INFO | 🌐 Session warmed
2026-09-29 02:48:06,425 | INFO | [1023/1901] Fetching Madugula (MDGL)
2026-09-29 02:48:07,260 | INFO |    ↳ Status 403
2026-09-29 02:48:07,260 | WARNING |    ⚠ Blocked (403) retry 3
2026-09-29 02:48:07,335 | INFO |    ↳ Status 403
2026-09-29 02:48:07,335 | WARNING |    ⚠ Blocked (403) retry 1
2026-09-29 02:48:07,339 | INFO | 🌐 Session warmed
2026-09-29 02:48:07,407 | INFO | 🌐 Session warmed
2026-09-29 02:48:08,732 | INFO | [1024/1901] Fetching Madurai (MADU)
2026-09-29 02:48:09,269 | INFO |    ↳ Status 403
2026-09-29 02:48:09,269 | WARNING |    ⚠ Blocked (403) retry 3
2026-09-29 02:48:09,343 | INFO | 🌐 Session warmed
2026-09-29 02:48:09,706 | INFO |    ↳ Status 403
2026-09-29 02:48:09,707 | WARNING |    ⚠ Blocked (403) retry 2
2026-09-29 02:48:09,714 | INFO |    ↳ Status 403
2026-09-29 02:48:09,714 | WARNING |    ⚠ Blocked (403) retry 1
2026-09-29 02:48:09,789 | INFO | 🌐 Session warmed
2026-09-29 02:48:09,789 | INFO | 🌐 Session warmed
2026-09-29 02:48:11,339 | INFO | [1025/1901] Fetching Magadi (MAGA)
2026-09-29 02:48:12,046 | INFO |    ↳ Status 403
2026-09-29 02:48:12,046 | WARNING |    ⚠ Blocked (403) retry 2
2026-09-29 02:48:12,116 | INFO | 🌐 Session warmed
2026-09-29 02:48:12,414 | INFO |    ↳ Status 403
2026-09-29 02:48:12,414 | WARNING |    ⚠ Blocked (403) retry 1
2026-09-29 02:48:12,499 | INFO | 🌐 Session warmed
2026-09-29 02:48:12,770 | INFO |    ↳ Status 403
2026-09-29 02:48:12,771 | WARNING |    ⚠ Blocked (403) retry 3
2026-09-29 02:48:12,845 | INFO | 🌐 Session warmed
2026-09-29 02:48:13,344 | INFO | [1026/1901] Fetching Mahabaleshwar (MABL)
2026-09-29 02:48:13,989 | INFO |    ↳ Status 403
2026-09-29 02:48:13,989 | WARNING |    ⚠ Blocked (403) retry 1
2026-09-29 02:48:14,058 | INFO | 🌐 Session warmed
2026-09-29 02:48:14,454 | INFO |    ↳ Status 403
2026-09-29 02:48:14,454 | WARNING |    ⚠ Blocked (403) retry 2
2026-09-29 02:48:14,530 | INFO | 🌐 Session warmed
2026-09-29 02:48:15,256 | INFO |    ↳ Status 403
2026-09-29 02:48:15,256 | WARNING |    ⚠ Blocked (403) retry 3
2026-09-29 02:48:15,331 | INFO | 🌐 Session warmed
2026-09-29 02:48:15,847 | INFO |    ↳ Status 403
2026-09-29 02:48:15,847 | WARNING |    ⚠ Blocked (403) retry 2
2026-09-29 02:48:15,941 | INFO | 🌐 Session warmed
2026-09-29 02:48:16,845 | INFO | [1027/1901] Fetching Mahabubabad (MAHA)
2026-09-29 02:48:17,260 | INFO |    ↳ Status 403
2026-09-29 02:48:17,260 | WARNING |    ⚠ Blocked (403) retry 3
2026-09-29 02:48:17,331 | INFO | 🌐 Session warmed
2026-09-29 02:48:18,013 | INFO |    ↳ Status 403
2026-09-29 02:48:18,014 | WARNING |    ⚠ Blocked (403) retry 1
2026-09-29 02:48:18,086 | INFO | 🌐 Session warmed
2026-09-29 02:48:19,208 | INFO |    ↳ Status 403
2026-09-29 02:48:19,208 | WARNING |    ⚠ Blocked (403) retry 3
2026-09-29 02:48:19,282 | INFO | 🌐 Session warmed
2026-09-29 02:48:19,331 | INFO | [1028/1901] Fetching Mahad (MHAD)
2026-09-29 02:48:19,832 | INFO |    ↳ Status 403
2026-09-29 02:48:19,832 | WARNING |    ⚠ Blocked (403) retry 2
2026-09-29 02:48:19,900 | INFO | 🌐 Session warmed
2026-09-29 02:48:20,611 | INFO |    ↳ Status 403
2026-09-29 02:48:20,611 | WARNING |    ⚠ Blocked (403) retry 1
2026-09-29 02:48:20,681 | INFO | 🌐 Session warmed
2026-09-29 02:48:21,332 | INFO | [1029/1901] Fetching Mahalingpur (MAGP)
2026-09-29 02:48:22,242 | INFO |    ↳ Status 403
2026-09-29 02:48:22,242 | WARNING |    ⚠ Blocked (403) retry 1
2026-09-29 02:48:22,309 | INFO | 🌐 Session warmed
2026-09-29 02:48:22,635 | INFO |    ↳ Status 403
2026-09-29 02:48:22,635 | WARNING |    ⚠ Blocked (403) retry 3
2026-09-29 02:48:22,708 | INFO | 🌐 Session warmed
2026-09-29 02:48:23,070 | INFO |    ↳ Status 403
2026-09-29 02:48:23,070 | WARNING |    ⚠ Blocked (403) retry 2
2026-09-29 02:48:23,143 | INFO | 🌐 Session warmed
2026-09-29 02:48:23,283 | INFO | [1030/1901] Fetching Maharajganj (RAJG)
2026-09-29 02:48:23,994 | INFO |    ↳ Status 403
2026-09-29 02:48:23,994 | WARNING |    ⚠ Blocked (403) retry 1
2026-09-29 02:48:24,063 | INFO | 🌐 Session warmed
2026-09-29 02:48:25,194 | INFO |    ↳ Status 200
2026-09-29 02:48:25,194 | INFO |    ✓ Found 8 movies
2026-09-29 02:48:25,194 | INFO | [1031/1901] Fetching Mahasamund (MAMU)
2026-09-29 02:48:25,985 | INFO |    ↳ Status 403
2026-09-29 02:48:25,985 | WARNING |    ⚠ Blocked (403) retry 2
2026-09-29 02:48:26,061 | INFO | 🌐 Session warmed
2026-09-29 02:48:26,364 | INFO |    ↳ Status 403
2026-09-29 02:48:26,364 | WARNING |    ⚠ Blocked (403) retry 3
2026-09-29 02:48:26,432 | INFO | 🌐 Session warmed
2026-09-29 02:48:26,708 | INFO | [1032/1901] Fetching Mahbubnagar (MAHB)
2026-09-29 02:48:26,797 | INFO |    ↳ Status 200
2026-09-29 02:48:26,797 | INFO |    ✓ Found 8 movies
2026-09-29 02:48:26,798 | INFO | [1033/1901] Fetching Mahemdavad (MAHM)
2026-09-29 02:48:27,746 | INFO |    ↳ Status 403
2026-09-29 02:48:27,746 | WARNING |    ⚠ Blocked (403) retry 1
2026-09-29 02:48:27,813 | INFO | 🌐 Session warmed
2026-09-29 02:48:28,086 | INFO |    ↳ Status 403
2026-09-29 02:48:28,086 | WARNING |    ⚠ Blocked (403) retry 1
2026-09-29 02:48:28,162 | INFO | 🌐 Session warmed
2026-09-29 02:48:29,405 | INFO |    ↳ Status 403
2026-09-29 02:48:29,405 | WARNING |    ⚠ Blocked (403) retry 3
2026-09-29 02:48:29,474 | INFO | 🌐 Session warmed
2026-09-29 02:48:29,736 | INFO |    ↳ Status 403
2026-09-29 02:48:29,736 | WARNING |    ⚠ Blocked (403) retry 2
2026-09-29 02:48:29,812 | INFO | 🌐 Session warmed
2026-09-29 02:48:30,313 | INFO |    ↳ Status 403
2026-09-29 02:48:30,313 | WARNING |    ⚠ Blocked (403) retry 2
2026-09-29 02:48:30,391 | INFO | 🌐 Session warmed
2026-09-29 02:48:30,432 | INFO | [1034/1901] Fetching Maheshtala (MAHS)
2026-09-29 02:48:31,187 | INFO |    ↳ Status 403
2026-09-29 02:48:31,187 | WARNING |    ⚠ Blocked (403) retry 1
2026-09-29 02:48:31,259 | INFO | 🌐 Session warmed
2026-09-29 02:48:32,922 | INFO |    ↳ Status 403
2026-09-29 02:48:32,922 | WARNING |    ⚠ Blocked (403) retry 2
2026-09-29 02:48:32,996 | INFO | 🌐 Session warmed
2026-09-29 02:48:33,123 | INFO |    ↳ Status 403
2026-09-29 02:48:33,123 | WARNING |    ⚠ Blocked (403) retry 3
2026-09-29 02:48:33,191 | INFO | 🌐 Session warmed
2026-09-29 02:48:33,475 | INFO | [1035/1901] Fetching Maheshwar (MAHE)
2026-09-29 02:48:33,755 | INFO |    ↳ Status 403
2026-09-29 02:48:33,755 | WARNING |    ⚠ Blocked (403) retry 3
2026-09-29 02:48:33,825 | INFO | 🌐 Session warmed
2026-09-29 02:48:34,142 | INFO |    ↳ Status 403
2026-09-29 02:48:34,142 | WARNING |    ⚠ Blocked (403) retry 1
2026-09-29 02:48:34,302 | INFO | 🌐 Session warmed
2026-09-29 02:48:36,358 | INFO |    ↳ Status 403
2026-09-29 02:48:36,358 | WARNING |    ⚠ Blocked (403) retry 3
2026-09-29 02:48:36,393 | INFO |    ↳ Status 403
2026-09-29 02:48:36,393 | WARNING |    ⚠ Blocked (403) retry 2
2026-09-29 02:48:36,463 | INFO | 🌐 Session warmed
2026-09-29 02:48:36,464 | INFO | 🌐 Session warmed
2026-09-29 02:48:37,191 | INFO | [1036/1901] Fetching Maheshwaram (MHSR)
2026-09-29 02:48:37,826 | INFO | [1037/1901] Fetching Mahishadal (MMAI)
2026-09-29 02:48:38,403 | INFO |    ↳ Status 403
2026-09-29 02:48:38,404 | WARNING |    ⚠ Blocked (403) retry 1
2026-09-29 02:48:38,475 | INFO | 🌐 Session warmed
2026-09-29 02:48:38,483 | INFO |    ↳ Status 403
2026-09-29 02:48:38,483 | WARNING |    ⚠ Blocked (403) retry 1
2026-09-29 02:48:38,554 | INFO | 🌐 Session warmed
2026-09-29 02:48:39,603 | INFO |    ↳ Status 403
2026-09-29 02:48:39,603 | WARNING |    ⚠ Blocked (403) retry 3
2026-09-29 02:48:39,680 | INFO | 🌐 Session warmed
2026-09-29 02:48:40,194 | INFO |    ↳ Status 403
2026-09-29 02:48:40,194 | WARNING |    ⚠ Blocked (403) retry 2
2026-09-29 02:48:40,264 | INFO | 🌐 Session warmed
2026-09-29 02:48:40,413 | INFO |    ↳ Status 403
2026-09-29 02:48:40,413 | WARNING |    ⚠ Blocked (403) retry 2
2026-09-29 02:48:40,463 | INFO | [1038/1901] Fetching Mahudha (MAHU)
2026-09-29 02:48:40,483 | INFO | 🌐 Session warmed
2026-09-29 02:48:41,648 | INFO |    ↳ Status 403
2026-09-29 02:48:41,648 | WARNING |    ⚠ Blocked (403) retry 1
2026-09-29 02:48:41,725 | INFO | 🌐 Session warmed
2026-09-29 02:48:43,181 | INFO |    ↳ Status 403
2026-09-29 02:48:43,181 | WARNING |    ⚠ Blocked (403) retry 3
2026-09-29 02:48:43,248 | INFO | 🌐 Session warmed
2026-09-29 02:48:43,491 | INFO |    ↳ Status 403
2026-09-29 02:48:43,491 | WARNING |    ⚠ Blocked (403) retry 2
2026-09-29 02:48:43,565 | INFO | 🌐 Session warmed
2026-09-29 02:48:43,680 | INFO | [1039/1901] Fetching Mahuva (MAHV)
2026-09-29 02:48:43,683 | INFO |    ↳ Status 403
2026-09-29 02:48:43,683 | WARNING |    ⚠ Blocked (403) retry 3
2026-09-29 02:48:43,753 | INFO | 🌐 Session warmed
2026-09-29 02:48:44,476 | INFO |    ↳ Status 403
2026-09-29 02:48:44,476 | WARNING |    ⚠ Blocked (403) retry 1
2026-09-29 02:48:44,552 | INFO | 🌐 Session warmed
2026-09-29 02:48:46,448 | INFO |    ↳ Status 403
2026-09-29 02:48:46,448 | WARNING |    ⚠ Blocked (403) retry 3
2026-09-29 02:48:46,521 | INFO | 🌐 Session warmed
2026-09-29 02:48:46,708 | INFO |    ↳ Status 403
2026-09-29 02:48:46,708 | WARNING |    ⚠ Blocked (403) retry 2
2026-09-29 02:48:46,784 | INFO | 🌐 Session warmed
2026-09-29 02:48:47,248 | INFO | [1040/1901] Fetching Makrana (MAKA)
2026-09-29 02:48:47,754 | INFO | [1041/1901] Fetching Makthal (MAKT)
2026-09-29 02:48:48,381 | INFO |    ↳ Status 403
2026-09-29 02:48:48,381 | WARNING |    ⚠ Blocked (403) retry 1
2026-09-29 02:48:48,462 | INFO | 🌐 Session warmed
2026-09-29 02:48:48,581 | INFO |    ↳ Status 403
2026-09-29 02:48:48,581 | WARNING |    ⚠ Blocked (403) retry 1
2026-09-29 02:48:48,657 | INFO | 🌐 Session warmed
2026-09-29 02:48:49,890 | INFO |    ↳ Status 403
2026-09-29 02:48:49,890 | WARNING |    ⚠ Blocked (403) retry 3
2026-09-29 02:48:49,959 | INFO | 🌐 Session warmed
2026-09-29 02:48:50,118 | INFO |    ↳ Status 403
2026-09-29 02:48:50,118 | WARNING |    ⚠ Blocked (403) retry 2
2026-09-29 02:48:50,186 | INFO | 🌐 Session warmed
2026-09-29 02:48:50,521 | INFO | [1042/1901] Fetching Malappuram (MALP)
2026-09-29 02:48:50,567 | INFO |    ↳ Status 403
2026-09-29 02:48:50,567 | WARNING |    ⚠ Blocked (403) retry 2
2026-09-29 02:48:50,635 | INFO | 🌐 Session warmed
2026-09-29 02:48:51,143 | INFO |    ↳ Status 403
2026-09-29 02:48:51,144 | WARNING |    ⚠ Blocked (403) retry 1
2026-09-29 02:48:51,211 | INFO | 🌐 Session warmed
2026-09-29 02:48:53,522 | INFO |    ↳ Status 403
2026-09-29 02:48:53,522 | WARNING |    ⚠ Blocked (403) retry 3
2026-09-29 02:48:53,590 | INFO | 🌐 Session warmed
2026-09-29 02:48:53,609 | INFO |    ↳ Status 403
2026-09-29 02:48:53,609 | WARNING |    ⚠ Blocked (403) retry 2
2026-09-29 02:48:53,626 | INFO |    ↳ Status 403
2026-09-29 02:48:53,626 | WARNING |    ⚠ Blocked (403) retry 3
2026-09-29 02:48:53,681 | INFO | 🌐 Session warmed
2026-09-29 02:48:53,703 | INFO | 🌐 Session warmed
2026-09-29 02:48:53,959 | INFO | [1043/1901] Fetching Malda (MALD)
2026-09-29 02:48:55,369 | INFO |    ↳ Status 403
2026-09-29 02:48:55,369 | WARNING |    ⚠ Blocked (403) retry 1
2026-09-29 02:48:55,466 | INFO | 🌐 Session warmed
2026-09-29 02:48:56,768 | INFO |    ↳ Status 403
2026-09-29 02:48:56,768 | WARNING |    ⚠ Blocked (403) retry 3
2026-09-29 02:48:56,838 | INFO | 🌐 Session warmed
2026-09-29 02:48:57,295 | INFO |    ↳ Status 403
2026-09-29 02:48:57,295 | WARNING |    ⚠ Blocked (403) retry 2
2026-09-29 02:48:57,366 | INFO | 🌐 Session warmed
2026-09-29 02:48:57,590 | INFO | [1044/1901] Fetching Malebennur (MEBN)
2026-09-29 02:48:57,703 | INFO | [1045/1901] Fetching Malegaon (MALE)
2026-09-29 02:48:58,497 | INFO |    ↳ Status 403
2026-09-29 02:48:58,497 | WARNING |    ⚠ Blocked (403) retry 1
2026-09-29 02:48:58,571 | INFO | 🌐 Session warmed
2026-09-29 02:48:58,728 | INFO |    ↳ Status 403
2026-09-29 02:48:58,728 | WARNING |    ⚠ Blocked (403) retry 1
2026-09-29 02:48:58,803 | INFO | 🌐 Session warmed
2026-09-29 02:49:00,223 | INFO |    ↳ Status 403
2026-09-29 02:49:00,223 | WARNING |    ⚠ Blocked (403) retry 3
2026-09-29 02:49:00,298 | INFO | 🌐 Session warmed
2026-09-29 02:49:00,306 | INFO |    ↳ Status 403
2026-09-29 02:49:00,306 | WARNING |    ⚠ Blocked (403) retry 2
2026-09-29 02:49:00,382 | INFO | 🌐 Session warmed
2026-09-29 02:49:00,654 | INFO |    ↳ Status 403
2026-09-29 02:49:00,654 | WARNING |    ⚠ Blocked (403) retry 2
2026-09-29 02:49:00,723 | INFO | 🌐 Session warmed
2026-09-29 02:49:00,839 | INFO | [1046/1901] Fetching Malerkotla (MALR)
2026-09-29 02:49:01,748 | INFO |    ↳ Status 403
2026-09-29 02:49:01,748 | WARNING |    ⚠ Blocked (403) retry 1
2026-09-29 02:49:01,825 | INFO | 🌐 Session warmed
2026-09-29 02:49:03,484 | INFO |    ↳ Status 403
2026-09-29 02:49:03,484 | WARNING |    ⚠ Blocked (403) retry 3
2026-09-29 02:49:03,567 | INFO | 🌐 Session warmed
2026-09-29 02:49:03,642 | INFO |    ↳ Status 403
2026-09-29 02:49:03,642 | WARNING |    ⚠ Blocked (403) retry 3
2026-09-29 02:49:03,690 | INFO |    ↳ Status 403
2026-09-29 02:49:03,690 | WARNING |    ⚠ Blocked (403) retry 2
2026-09-29 02:49:03,716 | INFO | 🌐 Session warmed
2026-09-29 02:49:03,764 | INFO | 🌐 Session warmed
2026-09-29 02:49:04,298 | INFO | [1047/1901] Fetching Malikipuram (MALK)
2026-09-29 02:49:05,583 | INFO |    ↳ Status 403
2026-09-29 02:49:05,583 | WARNING |    ⚠ Blocked (403) retry 1
2026-09-29 02:49:05,652 | INFO | 🌐 Session warmed
2026-09-29 02:49:06,658 | INFO |    ↳ Status 403
2026-09-29 02:49:06,658 | WARNING |    ⚠ Blocked (403) retry 3
2026-09-29 02:49:06,733 | INFO | 🌐 Session warmed
2026-09-29 02:49:07,567 | INFO | [1048/1901] Fetching Malkangiri (MALG)
2026-09-29 02:49:07,667 | INFO |    ↳ Status 403
2026-09-29 02:49:07,667 | WARNING |    ⚠ Blocked (403) retry 2
2026-09-29 02:49:07,716 | INFO | [1049/1901] Fetching Malkapur (MAMA)
2026-09-29 02:49:07,741 | INFO | 🌐 Session warmed
2026-09-29 02:49:08,342 | INFO |    ↳ Status 403
2026-09-29 02:49:08,342 | WARNING |    ⚠ Blocked (403) retry 1
2026-09-29 02:49:08,425 | INFO | 🌐 Session warmed
2026-09-29 02:49:08,961 | INFO |    ↳ Status 403
2026-09-29 02:49:08,961 | WARNING |    ⚠ Blocked (403) retry 1
2026-09-29 02:49:09,047 | INFO | 🌐 Session warmed
2026-09-29 02:49:10,701 | INFO |    ↳ Status 403
2026-09-29 02:49:10,702 | WARNING |    ⚠ Blocked (403) retry 2
2026-09-29 02:49:10,733 | INFO | [1050/1901] Fetching Mall (MAAL)
2026-09-29 02:49:10,770 | INFO | 🌐 Session warmed
2026-09-29 02:49:10,800 | INFO |    ↳ Status 403
2026-09-29 02:49:10,800 | WARNING |    ⚠ Blocked (403) retry 3
2026-09-29 02:49:10,872 | INFO |    ↳ Status 403
2026-09-29 02:49:10,873 | WARNING |    ⚠ Blocked (403) retry 2
2026-09-29 02:49:10,873 | INFO | 🌐 Session warmed
2026-09-29 02:49:10,945 | INFO | 🌐 Session warmed
2026-09-29 02:49:11,772 | INFO |    ↳ Status 403
2026-09-29 02:49:11,772 | WARNING |    ⚠ Blocked (403) retry 1
2026-09-29 02:49:11,843 | INFO | 🌐 Session warmed
2026-09-29 02:49:13,464 | INFO |    ↳ Status 403
2026-09-29 02:49:13,464 | WARNING |    ⚠ Blocked (403) retry 3
2026-09-29 02:49:13,536 | INFO | 🌐 Session warmed
2026-09-29 02:49:13,906 | INFO |    ↳ Status 403
2026-09-29 02:49:13,906 | WARNING |    ⚠ Blocked (403) retry 3
2026-09-29 02:49:13,976 | INFO | 🌐 Session warmed
2026-09-29 02:49:14,090 | INFO |    ↳ Status 403
2026-09-29 02:49:14,090 | WARNING |    ⚠ Blocked (403) retry 2
2026-09-29 02:49:14,159 | INFO | 🌐 Session warmed
2026-09-29 02:49:14,873 | INFO | [1051/1901] Fetching Malout (MALO)
2026-09-29 02:49:15,576 | INFO |    ↳ Status 403
2026-09-29 02:49:15,576 | WARNING |    ⚠ Blocked (403) retry 1
2026-09-29 02:49:15,662 | INFO | 🌐 Session warmed
2026-09-29 02:49:17,270 | INFO |    ↳ Status 403
2026-09-29 02:49:17,270 | WARNING |    ⚠ Blocked (403) retry 3
2026-09-29 02:49:17,347 | INFO | 🌐 Session warmed
2026-09-29 02:49:17,537 | INFO | [1052/1901] Fetching Malur (MLLR)
2026-09-29 02:49:17,976 | INFO | [1053/1901] Fetching Mamallapuram (MMLL)
2026-09-29 02:49:18,019 | INFO |    ↳ Status 403
2026-09-29 02:49:18,019 | WARNING |    ⚠ Blocked (403) retry 2
2026-09-29 02:49:18,090 | INFO | 🌐 Session warmed
2026-09-29 02:49:18,201 | INFO |    ↳ Status 403
2026-09-29 02:49:18,201 | WARNING |    ⚠ Blocked (403) retry 1
2026-09-29 02:49:18,363 | INFO | 🌐 Session warmed
2026-09-29 02:49:18,822 | INFO |    ↳ Status 403
2026-09-29 02:49:18,822 | WARNING |    ⚠ Blocked (403) retry 1
2026-09-29 02:49:18,894 | INFO | 🌐 Session warmed
2026-09-29 02:49:20,011 | INFO |    ↳ Status 403
2026-09-29 02:49:20,011 | WARNING |    ⚠ Blocked (403) retry 2
2026-09-29 02:49:20,086 | INFO | 🌐 Session warmed
2026-09-29 02:49:20,943 | INFO |    ↳ Status 403
2026-09-29 02:49:20,943 | WARNING |    ⚠ Blocked (403) retry 2
2026-09-29 02:49:21,017 | INFO | 🌐 Session warmed
2026-09-29 02:49:21,221 | INFO |    ↳ Status 403
2026-09-29 02:49:21,221 | WARNING |    ⚠ Blocked (403) retry 3
2026-09-29 02:49:21,301 | INFO | 🌐 Session warmed
2026-09-29 02:49:21,347 | INFO | [1054/1901] Fetching Manali (MANA)
2026-09-29 02:49:22,071 | INFO |    ↳ Status 403
2026-09-29 02:49:22,071 | WARNING |    ⚠ Blocked (403) retry 1
2026-09-29 02:49:22,141 | INFO | 🌐 Session warmed
2026-09-29 02:49:22,994 | INFO |    ↳ Status 403
2026-09-29 02:49:22,994 | WARNING |    ⚠ Blocked (403) retry 3
2026-09-29 02:49:23,133 | INFO | 🌐 Session warmed
2026-09-29 02:49:24,005 | INFO |    ↳ Status 403
2026-09-29 02:49:24,005 | WARNING |    ⚠ Blocked (403) retry 3
2026-09-29 02:49:24,073 | INFO | 🌐 Session warmed
2026-09-29 02:49:24,327 | INFO |    ↳ Status 403
2026-09-29 02:49:24,327 | WARNING |    ⚠ Blocked (403) retry 2
2026-09-29 02:49:24,400 | INFO | 🌐 Session warmed
2026-09-29 02:49:25,301 | INFO | [1055/1901] Fetching Manamadurai (MNMI)
2026-09-29 02:49:26,629 | INFO |    ↳ Status 403
2026-09-29 02:49:26,629 | WARNING |    ⚠ Blocked (403) retry 1
2026-09-29 02:49:26,700 | INFO | 🌐 Session warmed
2026-09-29 02:49:27,133 | INFO | [1056/1901] Fetching Mananthavady (MAVY)
2026-09-29 02:49:27,508 | INFO |    ↳ Status 403
2026-09-29 02:49:27,509 | WARNING |    ⚠ Blocked (403) retry 3
2026-09-29 02:49:27,647 | INFO | 🌐 Session warmed
2026-09-29 02:49:28,074 | INFO | [1057/1901] Fetching Manapparai (MAPI)
2026-09-29 02:49:28,546 | INFO |    ↳ Status 403
2026-09-29 02:49:28,546 | WARNING |    ⚠ Blocked (403) retry 1
2026-09-29 02:49:28,556 | INFO |    ↳ Status 403
2026-09-29 02:49:28,556 | WARNING |    ⚠ Blocked (403) retry 2
2026-09-29 02:49:28,618 | INFO | 🌐 Session warmed
2026-09-29 02:49:28,627 | INFO | 🌐 Session warmed
2026-09-29 02:49:28,903 | INFO |    ↳ Status 403
2026-09-29 02:49:28,903 | WARNING |    ⚠ Blocked (403) retry 1
2026-09-29 02:49:28,968 | INFO | 🌐 Session warmed
2026-09-29 02:49:30,441 | INFO |    ↳ Status 403
2026-09-29 02:49:30,442 | WARNING |    ⚠ Blocked (403) retry 2
2026-09-29 02:49:30,512 | INFO | 🌐 Session warmed
2026-09-29 02:49:30,741 | INFO |    ↳ Status 403
2026-09-29 02:49:30,741 | WARNING |    ⚠ Blocked (403) retry 2
2026-09-29 02:49:30,816 | INFO | 🌐 Session warmed
2026-09-29 02:49:31,647 | INFO | [1058/1901] Fetching Manawar (MANW)
2026-09-29 02:49:32,035 | INFO |    ↳ Status 403
2026-09-29 02:49:32,035 | WARNING |    ⚠ Blocked (403) retry 3
2026-09-29 02:49:32,111 | INFO | 🌐 Session warmed
2026-09-29 02:49:32,542 | INFO |    ↳ Status 403
2026-09-29 02:49:32,542 | WARNING |    ⚠ Blocked (403) retry 1
2026-09-29 02:49:32,611 | INFO | 🌐 Session warmed
2026-09-29 02:49:33,516 | INFO |    ↳ Status 403
2026-09-29 02:49:33,516 | WARNING |    ⚠ Blocked (403) retry 3
2026-09-29 02:49:33,583 | INFO | 🌐 Session warmed
2026-09-29 02:49:33,793 | INFO |    ↳ Status 403
2026-09-29 02:49:33,793 | WARNING |    ⚠ Blocked (403) retry 3
2026-09-29 02:49:33,863 | INFO | 🌐 Session warmed
2026-09-29 02:49:34,780 | INFO |    ↳ Status 403
2026-09-29 02:49:34,780 | WARNING |    ⚠ Blocked (403) retry 2
2026-09-29 02:49:34,849 | INFO | 🌐 Session warmed
2026-09-29 02:49:36,111 | INFO | [1059/1901] Fetching Mancherial (MANC)
2026-09-29 02:49:37,382 | INFO |    ↳ Status 403
2026-09-29 02:49:37,382 | WARNING |    ⚠ Blocked (403) retry 1
2026-09-29 02:49:37,464 | INFO | 🌐 Session warmed
2026-09-29 02:49:37,583 | INFO | [1060/1901] Fetching Mandapeta (MAND)
2026-09-29 02:49:37,761 | INFO |    ↳ Status 403
2026-09-29 02:49:37,761 | WARNING |    ⚠ Blocked (403) retry 3
2026-09-29 02:49:37,836 | INFO | 🌐 Session warmed
2026-09-29 02:49:37,863 | INFO | [1061/1901] Fetching Mandarmoni (MNWS)
2026-09-29 02:49:38,583 | INFO |    ↳ Status 403
2026-09-29 02:49:38,584 | WARNING |    ⚠ Blocked (403) retry 1
2026-09-29 02:49:38,652 | INFO | 🌐 Session warmed
2026-09-29 02:49:38,878 | INFO |    ↳ Status 403
2026-09-29 02:49:38,878 | WARNING |    ⚠ Blocked (403) retry 1
2026-09-29 02:49:38,946 | INFO | 🌐 Session warmed
2026-09-29 02:49:39,260 | INFO |    ↳ Status 403
2026-09-29 02:49:39,260 | WARNING |    ⚠ Blocked (403) retry 2
2026-09-29 02:49:39,331 | INFO | 🌐 Session warmed
2026-09-29 02:49:40,298 | INFO |    ↳ Status 403
2026-09-29 02:49:40,298 | WARNING |    ⚠ Blocked (403) retry 2
2026-09-29 02:49:40,368 | INFO | 🌐 Session warmed
2026-09-29 02:49:41,028 | INFO |    ↳ Status 403
2026-09-29 02:49:41,028 | WARNING |    ⚠ Blocked (403) retry 2
2026-09-29 02:49:41,098 | INFO | 🌐 Session warmed
2026-09-29 02:49:41,836 | INFO | [1062/1901] Fetching Mandasa (MDAS)
2026-09-29 02:49:42,135 | INFO |    ↳ Status 403
2026-09-29 02:49:42,135 | WARNING |    ⚠ Blocked (403) retry 3
2026-09-29 02:49:42,207 | INFO | 🌐 Session warmed
2026-09-29 02:49:42,605 | INFO |    ↳ Status 403
2026-09-29 02:49:42,605 | WARNING |    ⚠ Blocked (403) retry 1
2026-09-29 02:49:42,679 | INFO | 🌐 Session warmed
2026-09-29 02:49:43,591 | INFO |    ↳ Status 403
2026-09-29 02:49:43,591 | WARNING |    ⚠ Blocked (403) retry 3
2026-09-29 02:49:43,668 | INFO | 🌐 Session warmed
2026-09-29 02:49:43,901 | INFO |    ↳ Status 403
2026-09-29 02:49:43,901 | WARNING |    ⚠ Blocked (403) retry 3
2026-09-29 02:49:43,968 | INFO | 🌐 Session warmed
2026-09-29 02:49:45,069 | INFO |    ↳ Status 403
2026-09-29 02:49:45,069 | WARNING |    ⚠ Blocked (403) retry 2
2026-09-29 02:49:45,149 | INFO | 🌐 Session warmed
2026-09-29 02:49:46,207 | INFO | [1063/1901] Fetching Mandav (MMND)
2026-09-29 02:49:47,032 | INFO |    ↳ Status 403
2026-09-29 02:49:47,033 | WARNING |    ⚠ Blocked (403) retry 1
2026-09-29 02:49:47,168 | INFO | 🌐 Session warmed
2026-09-29 02:49:47,669 | INFO | [1064/1901] Fetching Mandawa (MARJ)
2026-09-29 02:49:47,968 | INFO | [1065/1901] Fetching Mandi (MIHP)
2026-09-29 02:49:48,277 | INFO |    ↳ Status 403
2026-09-29 02:49:48,277 | WARNING |    ⚠ Blocked (403) retry 3
2026-09-29 02:49:48,346 | INFO | 🌐 Session warmed
2026-09-29 02:49:48,797 | INFO |    ↳ Status 403
2026-09-29 02:49:48,797 | WARNING |    ⚠ Blocked (403) retry 1
2026-09-29 02:49:48,872 | INFO |    ↳ Status 403
2026-09-29 02:49:48,872 | WARNING |    ⚠ Blocked (403) retry 1
2026-09-29 02:49:48,872 | INFO | 🌐 Session warmed
2026-09-29 02:49:48,955 | INFO | 🌐 Session warmed
2026-09-29 02:49:49,076 | INFO |    ↳ Status 403
2026-09-29 02:49:49,077 | WARNING |    ⚠ Blocked (403) retry 2
2026-09-29 02:49:49,146 | INFO | 🌐 Session warmed
2026-09-29 02:49:50,719 | INFO |    ↳ Status 403
2026-09-29 02:49:50,720 | WARNING |    ⚠ Blocked (403) retry 2
2026-09-29 02:49:50,786 | INFO | 🌐 Session warmed
2026-09-29 02:49:50,971 | INFO |    ↳ Status 403
2026-09-29 02:49:50,971 | WARNING |    ⚠ Blocked (403) retry 2
2026-09-29 02:49:51,041 | INFO | 🌐 Session warmed
2026-09-29 02:49:52,268 | INFO |    ↳ Status 403
2026-09-29 02:49:52,269 | WARNING |    ⚠ Blocked (403) retry 3
2026-09-29 02:49:52,337 | INFO | 🌐 Session warmed
2026-09-29 02:49:52,346 | INFO | [1066/1901] Fetching Mandi Dabwali (DABW)
2026-09-29 02:49:53,382 | INFO |    ↳ Status 403
2026-09-29 02:49:53,382 | WARNING |    ⚠ Blocked (403) retry 1
2026-09-29 02:49:53,461 | INFO | 🌐 Session warmed
2026-09-29 02:49:53,939 | INFO |    ↳ Status 403
2026-09-29 02:49:53,939 | WARNING |    ⚠ Blocked (403) retry 3
2026-09-29 02:49:54,009 | INFO | 🌐 Session warmed
2026-09-29 02:49:54,173 | INFO |    ↳ Status 403
2026-09-29 02:49:54,173 | WARNING |    ⚠ Blocked (403) retry 3
2026-09-29 02:49:54,247 | INFO | 🌐 Session warmed
2026-09-29 02:49:55,813 | INFO |    ↳ Status 403
2026-09-29 02:49:55,813 | WARNING |    ⚠ Blocked (403) retry 2
2026-09-29 02:49:55,882 | INFO | 🌐 Session warmed
2026-09-29 02:49:56,337 | INFO | [1067/1901] Fetching Mandi Gobindgarh (MBBH)
2026-09-29 02:49:57,655 | INFO |    ↳ Status 403
2026-09-29 02:49:57,655 | WARNING |    ⚠ Blocked (403) retry 1
2026-09-29 02:49:57,727 | INFO | 🌐 Session warmed
2026-09-29 02:49:58,009 | INFO | [1068/1901] Fetching Mandla (MADL)
2026-09-29 02:49:58,247 | INFO | [1069/1901] Fetching Mandsaur (MNDS)
2026-09-29 02:49:58,876 | INFO |    ↳ Status 403
2026-09-29 02:49:58,876 | WARNING |    ⚠ Blocked (403) retry 1
2026-09-29 02:49:58,914 | INFO |    ↳ Status 403
2026-09-29 02:49:58,915 | WARNING |    ⚠ Blocked (403) retry 1
2026-09-29 02:49:58,945 | INFO | 🌐 Session warmed
2026-09-29 02:49:58,984 | INFO | 🌐 Session warmed
2026-09-29 02:49:59,156 | INFO |    ↳ Status 403
2026-09-29 02:49:59,156 | WARNING |    ⚠ Blocked (403) retry 3
2026-09-29 02:49:59,224 | INFO | 🌐 Session warmed
2026-09-29 02:49:59,426 | INFO |    ↳ Status 403
2026-09-29 02:49:59,426 | WARNING |    ⚠ Blocked (403) retry 2
2026-09-29 02:49:59,494 | INFO | 🌐 Session warmed
2026-09-29 02:50:00,640 | INFO |    ↳ Status 403
2026-09-29 02:50:00,641 | WARNING |    ⚠ Blocked (403) retry 2
2026-09-29 02:50:00,732 | INFO | 🌐 Session warmed
2026-09-29 02:50:01,230 | INFO |    ↳ Status 403
2026-09-29 02:50:01,230 | WARNING |    ⚠ Blocked (403) retry 2
2026-09-29 02:50:01,304 | INFO | 🌐 Session warmed
2026-09-29 02:50:02,647 | INFO |    ↳ Status 403
2026-09-29 02:50:02,647 | WARNING |    ⚠ Blocked (403) retry 3
2026-09-29 02:50:02,718 | INFO | 🌐 Session warmed
2026-09-29 02:50:03,225 | INFO | [1070/1901] Fetching Mandvi (MAVI)
2026-09-29 02:50:03,886 | INFO |    ↳ Status 403
2026-09-29 02:50:03,886 | WARNING |    ⚠ Blocked (403) retry 3
2026-09-29 02:50:03,970 | INFO | 🌐 Session warmed
2026-09-29 02:50:04,283 | INFO |    ↳ Status 403
2026-09-29 02:50:04,283 | WARNING |    ⚠ Blocked (403) retry 1
2026-09-29 02:50:04,354 | INFO | 🌐 Session warmed
2026-09-29 02:50:04,507 | INFO |    ↳ Status 403
2026-09-29 02:50:04,507 | WARNING |    ⚠ Blocked (403) retry 3
2026-09-29 02:50:04,594 | INFO | 🌐 Session warmed
2026-09-29 02:50:06,200 | INFO |    ↳ Status 403
2026-09-29 02:50:06,200 | WARNING |    ⚠ Blocked (403) retry 2
2026-09-29 02:50:06,274 | INFO | 🌐 Session warmed
2026-09-29 02:50:06,718 | INFO | [1071/1901] Fetching Mandwa (MNDW)
2026-09-29 02:50:07,970 | INFO | [1072/1901] Fetching Mandya (MND)
2026-09-29 02:50:08,022 | INFO |    ↳ Status 403
2026-09-29 02:50:08,022 | WARNING |    ⚠ Blocked (403) retry 1
2026-09-29 02:50:08,095 | INFO | 🌐 Session warmed
2026-09-29 02:50:08,594 | INFO | [1073/1901] Fetching Manendragarh (MANE)
2026-09-29 02:50:09,223 | INFO |    ↳ Status 403
2026-09-29 02:50:09,223 | WARNING |    ⚠ Blocked (403) retry 1
2026-09-29 02:50:09,295 | INFO | 🌐 Session warmed
2026-09-29 02:50:09,479 | INFO |    ↳ Status 403
2026-09-29 02:50:09,479 | WARNING |    ⚠ Blocked (403) retry 3
2026-09-29 02:50:09,513 | INFO |    ↳ Status 403
2026-09-29 02:50:09,513 | WARNING |    ⚠ Blocked (403) retry 1
2026-09-29 02:50:09,562 | INFO | 🌐 Session warmed
2026-09-29 02:50:09,583 | INFO | 🌐 Session warmed
2026-09-29 02:50:09,913 | INFO |    ↳ Status 403
2026-09-29 02:50:09,913 | WARNING |    ⚠ Blocked (403) retry 2
2026-09-29 02:50:09,986 | INFO | 🌐 Session warmed
2026-09-29 02:50:11,085 | INFO |    ↳ Status 403
2026-09-29 02:50:11,085 | WARNING |    ⚠ Blocked (403) retry 2
2026-09-29 02:50:11,154 | INFO | 🌐 Session warmed
2026-09-29 02:50:11,456 | INFO |    ↳ Status 403
2026-09-29 02:50:11,456 | WARNING |    ⚠ Blocked (403) retry 2
2026-09-29 02:50:11,536 | INFO | 🌐 Session warmed
2026-09-29 02:50:12,715 | INFO |    ↳ Status 403
2026-09-29 02:50:12,715 | WARNING |    ⚠ Blocked (403) retry 3
2026-09-29 02:50:12,782 | INFO | 🌐 Session warmed
2026-09-29 02:50:13,562 | INFO | [1074/1901] Fetching Mangalagiri (MGLR)
2026-09-29 02:50:14,201 | INFO |    ↳ Status 403
2026-09-29 02:50:14,201 | WARNING |    ⚠ Blocked (403) retry 3
2026-09-29 02:50:14,287 | INFO | 🌐 Session warmed
2026-09-29 02:50:14,651 | INFO |    ↳ Status 403
2026-09-29 02:50:14,651 | WARNING |    ⚠ Blocked (403) retry 1
2026-09-29 02:50:14,676 | INFO |    ↳ Status 403
2026-09-29 02:50:14,676 | WARNING |    ⚠ Blocked (403) retry 3
2026-09-29 02:50:14,731 | INFO | 🌐 Session warmed
2026-09-29 02:50:14,765 | INFO | 🌐 Session warmed
2026-09-29 02:50:16,572 | INFO |    ↳ Status 403
2026-09-29 02:50:16,572 | WARNING |    ⚠ Blocked (403) retry 2
2026-09-29 02:50:16,648 | INFO | 🌐 Session warmed
2026-09-29 02:50:16,782 | INFO | [1075/1901] Fetching Mangaldoi (MANG)
2026-09-29 02:50:17,824 | INFO |    ↳ Status 403
2026-09-29 02:50:17,824 | WARNING |    ⚠ Blocked (403) retry 1
2026-09-29 02:50:17,895 | INFO | 🌐 Session warmed
2026-09-29 02:50:18,287 | INFO | [1076/1901] Fetching Mangaluru (Mangalore) (MLR)
2026-09-29 02:50:18,765 | INFO | [1077/1901] Fetching Mangalwedha (MNGW)
2026-09-29 02:50:18,911 | INFO |    ↳ Status 403
2026-09-29 02:50:18,911 | WARNING |    ⚠ Blocked (403) retry 1
2026-09-29 02:50:18,983 | INFO | 🌐 Session warmed
2026-09-29 02:50:19,311 | INFO |    ↳ Status 403
2026-09-29 02:50:19,311 | WARNING |    ⚠ Blocked (403) retry 3
2026-09-29 02:50:19,383 | INFO | 🌐 Session warmed
2026-09-29 02:50:19,461 | INFO |    ↳ Status 403
2026-09-29 02:50:19,461 | WARNING |    ⚠ Blocked (403) retry 1
2026-09-29 02:50:19,539 | INFO | 🌐 Session warmed
2026-09-29 02:50:19,845 | INFO |    ↳ Status 403
2026-09-29 02:50:19,845 | WARNING |    ⚠ Blocked (403) retry 2
2026-09-29 02:50:19,961 | INFO | 🌐 Session warmed
2026-09-29 02:50:20,747 | INFO |    ↳ Status 403
2026-09-29 02:50:20,748 | WARNING |    ⚠ Blocked (403) retry 2
2026-09-29 02:50:20,823 | INFO | 🌐 Session warmed
2026-09-29 02:50:21,166 | INFO |    ↳ Status 403
2026-09-29 02:50:21,166 | WARNING |    ⚠ Blocked (403) retry 2
2026-09-29 02:50:21,244 | INFO | 🌐 Session warmed
2026-09-29 02:50:23,234 | INFO |    ↳ Status 403
2026-09-29 02:50:23,234 | WARNING |    ⚠ Blocked (403) retry 3
2026-09-29 02:50:23,307 | INFO | 🌐 Session warmed
2026-09-29 02:50:23,383 | INFO | [1078/1901] Fetching Mangar (MNGR)
2026-09-29 02:50:23,552 | INFO |    ↳ Status 403
2026-09-29 02:50:23,553 | WARNING |    ⚠ Blocked (403) retry 3
2026-09-29 02:50:23,639 | INFO | 🌐 Session warmed
2026-09-29 02:50:24,030 | INFO |    ↳ Status 403
2026-09-29 02:50:24,030 | WARNING |    ⚠ Blocked (403) retry 3
2026-09-29 02:50:24,111 | INFO | 🌐 Session warmed
2026-09-29 02:50:24,689 | INFO |    ↳ Status 403
2026-09-29 02:50:24,689 | WARNING |    ⚠ Blocked (403) retry 1
2026-09-29 02:50:24,761 | INFO | 🌐 Session warmed
2026-09-29 02:50:26,656 | INFO |    ↳ Status 403
2026-09-29 02:50:26,656 | WARNING |    ⚠ Blocked (403) retry 2
2026-09-29 02:50:26,731 | INFO | 🌐 Session warmed
2026-09-29 02:50:27,308 | INFO | [1079/1901] Fetching Manikonda (AP) (MNAP)
2026-09-29 02:50:27,640 | INFO | [1080/1901] Fetching Manipal (MANI)
2026-09-29 02:50:28,111 | INFO | [1081/1901] Fetching Manjeri (MAJR)
2026-09-29 02:50:28,176 | INFO |    ↳ Status 403
2026-09-29 02:50:28,176 | WARNING |    ⚠ Blocked (403) retry 1
2026-09-29 02:50:28,252 | INFO | 🌐 Session warmed
2026-09-29 02:50:28,288 | INFO |    ↳ Status 403
2026-09-29 02:50:28,288 | WARNING |    ⚠ Blocked (403) retry 1
2026-09-29 02:50:28,357 | INFO | 🌐 Session warmed
2026-09-29 02:50:28,749 | INFO |    ↳ Status 403
2026-09-29 02:50:28,749 | WARNING |    ⚠ Blocked (403) retry 1
2026-09-29 02:50:28,821 | INFO | 🌐 Session warmed
2026-09-29 02:50:29,481 | INFO |    ↳ Status 403
2026-09-29 02:50:29,481 | WARNING |    ⚠ Blocked (403) retry 3
2026-09-29 02:50:29,548 | INFO | 🌐 Session warmed
2026-09-29 02:50:30,445 | INFO |    ↳ Status 403
2026-09-29 02:50:30,445 | WARNING |    ⚠ Blocked (403) retry 2
2026-09-29 02:50:30,474 | INFO |    ↳ Status 403
2026-09-29 02:50:30,474 | WARNING |    ⚠ Blocked (403) retry 2
2026-09-29 02:50:30,528 | INFO | 🌐 Session warmed
2026-09-29 02:50:30,562 | INFO | 🌐 Session warmed
2026-09-29 02:50:30,691 | INFO |    ↳ Status 403
2026-09-29 02:50:30,691 | WARNING |    ⚠ Blocked (403) retry 2
2026-09-29 02:50:30,763 | INFO | 🌐 Session warmed
2026-09-29 02:50:33,465 | INFO |    ↳ Status 403
2026-09-29 02:50:33,465 | WARNING |    ⚠ Blocked (403) retry 3
2026-09-29 02:50:33,532 | INFO | 🌐 Session warmed
2026-09-29 02:50:33,548 | INFO | [1082/1901] Fetching Manmad (MNMD)
2026-09-29 02:50:33,614 | INFO |    ↳ Status 403
2026-09-29 02:50:33,614 | WARNING |    ⚠ Blocked (403) retry 3
2026-09-29 02:50:33,684 | INFO | 🌐 Session warmed
2026-09-29 02:50:33,962 | INFO |    ↳ Status 403
2026-09-29 02:50:33,962 | WARNING |    ⚠ Blocked (403) retry 3
2026-09-29 02:50:34,036 | INFO | 🌐 Session warmed
2026-09-29 02:50:34,686 | INFO |    ↳ Status 403
2026-09-29 02:50:34,686 | WARNING |    ⚠ Blocked (403) retry 1
2026-09-29 02:50:34,752 | INFO | 🌐 Session warmed
2026-09-29 02:50:37,024 | INFO |    ↳ Status 403
2026-09-29 02:50:37,024 | WARNING |    ⚠ Blocked (403) retry 2
2026-09-29 02:50:37,093 | INFO | 🌐 Session warmed
2026-09-29 02:50:37,532 | INFO | [1083/1901] Fetching Mannargudi (MANB)
2026-09-29 02:50:37,685 | INFO | [1084/1901] Fetching Mannarkkad (MKKA)
2026-09-29 02:50:38,037 | INFO | [1085/1901] Fetching Mannur (MANR)
2026-09-29 02:50:38,580 | INFO |    ↳ Status 403
2026-09-29 02:50:38,580 | WARNING |    ⚠ Blocked (403) retry 1
2026-09-29 02:50:38,627 | INFO |    ↳ Status 403
2026-09-29 02:50:38,627 | WARNING |    ⚠ Blocked (403) retry 1
2026-09-29 02:50:38,650 | INFO | 🌐 Session warmed
2026-09-29 02:50:38,701 | INFO | 🌐 Session warmed
2026-09-29 02:50:38,766 | INFO |    ↳ Status 403
2026-09-29 02:50:38,766 | WARNING |    ⚠ Blocked (403) retry 1
2026-09-29 02:50:38,844 | INFO | 🌐 Session warmed
2026-09-29 02:50:39,867 | INFO |    ↳ Status 403
2026-09-29 02:50:39,867 | WARNING |    ⚠ Blocked (403) retry 3
2026-09-29 02:50:39,933 | INFO | 🌐 Session warmed
2026-09-29 02:50:40,699 | INFO |    ↳ Status 403
2026-09-29 02:50:40,699 | WARNING |    ⚠ Blocked (403) retry 2
2026-09-29 02:50:40,769 | INFO | 🌐 Session warmed
2026-09-29 02:50:40,825 | INFO |    ↳ Status 403
2026-09-29 02:50:40,825 | WARNING |    ⚠ Blocked (403) retry 2
2026-09-29 02:50:40,906 | INFO | 🌐 Session warmed
2026-09-29 02:50:41,261 | INFO |    ↳ Status 403
2026-09-29 02:50:41,261 | WARNING |    ⚠ Blocked (403) retry 2
2026-09-29 02:50:41,329 | INFO | 🌐 Session warmed
2026-09-29 02:50:43,933 | INFO | [1086/1901] Fetching Mansa (MNSA)
2026-09-29 02:50:44,177 | INFO |    ↳ Status 403
2026-09-29 02:50:44,177 | WARNING |    ⚠ Blocked (403) retry 3
2026-09-29 02:50:44,243 | INFO | 🌐 Session warmed
2026-09-29 02:50:44,248 | INFO |    ↳ Status 403
2026-09-29 02:50:44,248 | WARNING |    ⚠ Blocked (403) retry 3
2026-09-29 02:50:44,330 | INFO | 🌐 Session warmed
2026-09-29 02:50:44,552 | INFO |    ↳ Status 403
2026-09-29 02:50:44,552 | WARNING |    ⚠ Blocked (403) retry 3
2026-09-29 02:50:44,674 | INFO | 🌐 Session warmed
2026-09-29 02:50:44,706 | INFO |    ↳ Status 403
2026-09-29 02:50:44,706 | WARNING |    ⚠ Blocked (403) retry 1
2026-09-29 02:50:44,776 | INFO | 🌐 Session warmed
2026-09-29 02:50:46,540 | INFO |    ↳ Status 403
2026-09-29 02:50:46,540 | WARNING |    ⚠ Blocked (403) retry 2
2026-09-29 02:50:46,619 | INFO | 🌐 Session warmed
2026-09-29 02:50:48,243 | INFO | [1087/1901] Fetching Manthani (MATY)
2026-09-29 02:50:48,331 | INFO | [1088/1901] Fetching Manuguru (MNGU)
2026-09-29 02:50:48,675 | INFO | [1089/1901] Fetching Manvi (MLAK)
2026-09-29 02:50:49,149 | INFO |    ↳ Status 403
2026-09-29 02:50:49,149 | WARNING |    ⚠ Blocked (403) retry 1
2026-09-29 02:50:49,228 | INFO | 🌐 Session warmed
2026-09-29 02:50:49,278 | INFO |    ↳ Status 403
2026-09-29 02:50:49,278 | WARNING |    ⚠ Blocked (403) retry 1
2026-09-29 02:50:49,349 | INFO | 🌐 Session warmed
2026-09-29 02:50:49,699 | INFO |    ↳ Status 403
2026-09-29 02:50:49,699 | WARNING |    ⚠ Blocked (403) retry 3
2026-09-29 02:50:49,766 | INFO |    ↳ Status 403
2026-09-29 02:50:49,766 | WARNING |    ⚠ Blocked (403) retry 1
2026-09-29 02:50:49,770 | INFO | 🌐 Session warmed
2026-09-29 02:50:49,864 | INFO | 🌐 Session warmed
2026-09-29 02:50:51,013 | INFO |    ↳ Status 403
2026-09-29 02:50:51,013 | WARNING |    ⚠ Blocked (403) retry 2
2026-09-29 02:50:51,085 | INFO | 🌐 Session warmed
2026-09-29 02:50:51,182 | INFO |    ↳ Status 403
2026-09-29 02:50:51,182 | WARNING |    ⚠ Blocked (403) retry 2
2026-09-29 02:50:51,323 | INFO | 🌐 Session warmed
2026-09-29 02:50:51,691 | INFO |    ↳ Status 403
2026-09-29 02:50:51,691 | WARNING |    ⚠ Blocked (403) retry 2
2026-09-29 02:50:51,761 | INFO | 🌐 Session warmed
2026-09-29 02:50:53,770 | INFO | [1090/1901] Fetching Maraimalai Nagar (MMNR)
2026-09-29 02:50:53,858 | INFO |    ↳ Status 403
2026-09-29 02:50:53,858 | WARNING |    ⚠ Blocked (403) retry 3
2026-09-29 02:50:53,930 | INFO | 🌐 Session warmed
2026-09-29 02:50:54,434 | INFO |    ↳ Status 403
2026-09-29 02:50:54,434 | WARNING |    ⚠ Blocked (403) retry 3
2026-09-29 02:50:54,505 | INFO | 🌐 Session warmed
2026-09-29 02:50:54,627 | INFO |    ↳ Status 403
2026-09-29 02:50:54,627 | WARNING |    ⚠ Blocked (403) retry 1
2026-09-29 02:50:54,708 | INFO | 🌐 Session warmed
2026-09-29 02:50:54,889 | INFO |    ↳ Status 403
2026-09-29 02:50:54,889 | WARNING |    ⚠ Blocked (403) retry 3
2026-09-29 02:50:54,967 | INFO | 🌐 Session warmed
2026-09-29 02:50:56,856 | INFO |    ↳ Status 403
2026-09-29 02:50:56,856 | WARNING |    ⚠ Blocked (403) retry 2
2026-09-29 02:50:56,931 | INFO | 🌐 Session warmed
2026-09-29 02:50:57,930 | INFO | [1091/1901] Fetching Marayur (MAYR)
2026-09-29 02:50:58,505 | INFO | [1092/1901] Fetching Margao (MARG)
2026-09-29 02:50:58,707 | INFO |    ↳ Status 403
2026-09-29 02:50:58,707 | WARNING |    ⚠ Blocked (403) retry 1
2026-09-29 02:50:58,777 | INFO | 🌐 Session warmed
2026-09-29 02:50:58,967 | INFO | [1093/1901] Fetching Margherita (MARH)
2026-09-29 02:50:59,549 | INFO |    ↳ Status 403
2026-09-29 02:50:59,549 | WARNING |    ⚠ Blocked (403) retry 1
2026-09-29 02:50:59,616 | INFO | 🌐 Session warmed
2026-09-29 02:50:59,623 | INFO |    ↳ Status 403
2026-09-29 02:50:59,623 | WARNING |    ⚠ Blocked (403) retry 1
2026-09-29 02:50:59,705 | INFO | 🌐 Session warmed
2026-09-29 02:51:00,192 | INFO |    ↳ Status 403
2026-09-29 02:51:00,192 | WARNING |    ⚠ Blocked (403) retry 3
2026-09-29 02:51:00,262 | INFO | 🌐 Session warmed
2026-09-29 02:51:01,152 | INFO |    ↳ Status 403
2026-09-29 02:51:01,152 | WARNING |    ⚠ Blocked (403) retry 2
2026-09-29 02:51:01,218 | INFO | 🌐 Session warmed
2026-09-29 02:51:01,500 | INFO |    ↳ Status 403
2026-09-29 02:51:01,500 | WARNING |    ⚠ Blocked (403) retry 2
2026-09-29 02:51:01,637 | INFO | 🌐 Session warmed
2026-09-29 02:51:01,694 | INFO |    ↳ Status 403
2026-09-29 02:51:01,694 | WARNING |    ⚠ Blocked (403) retry 2
2026-09-29 02:51:01,772 | INFO | 🌐 Session warmed
2026-09-29 02:51:04,262 | INFO | [1094/1901] Fetching Markapur (MARK)
2026-09-29 02:51:04,328 | INFO |    ↳ Status 403
2026-09-29 02:51:04,328 | WARNING |    ⚠ Blocked (403) retry 3
2026-09-29 02:51:04,397 | INFO | 🌐 Session warmed
2026-09-29 02:51:04,526 | INFO |    ↳ Status 403
2026-09-29 02:51:04,526 | WARNING |    ⚠ Blocked (403) retry 3
2026-09-29 02:51:04,593 | INFO | 🌐 Session warmed
2026-09-29 02:51:05,174 | INFO |    ↳ Status 403
2026-09-29 02:51:05,175 | WARNING |    ⚠ Blocked (403) retry 3
2026-09-29 02:51:05,250 | INFO | 🌐 Session warmed
2026-09-29 02:51:05,426 | INFO |    ↳ Status 403
2026-09-29 02:51:05,426 | WARNING |    ⚠ Blocked (403) retry 1
2026-09-29 02:51:05,639 | INFO | 🌐 Session warmed
2026-09-29 02:51:07,688 | INFO |    ↳ Status 403
2026-09-29 02:51:07,688 | WARNING |    ⚠ Blocked (403) retry 2
2026-09-29 02:51:07,771 | INFO | 🌐 Session warmed
2026-09-29 02:51:08,397 | INFO | [1095/1901] Fetching Marpalle (MRPL)
2026-09-29 02:51:08,593 | INFO | [1096/1901] Fetching Marripeda (MARR)
2026-09-29 02:51:09,080 | INFO |    ↳ Status 403
2026-09-29 02:51:09,080 | WARNING |    ⚠ Blocked (403) retry 1
2026-09-29 02:51:09,151 | INFO | 🌐 Session warmed
2026-09-29 02:51:09,251 | INFO | [1097/1901] Fetching Marthandam (MRDM)
2026-09-29 02:51:09,911 | INFO |    ↳ Status 403
2026-09-29 02:51:09,911 | WARNING |    ⚠ Blocked (403) retry 1
2026-09-29 02:51:09,982 | INFO | 🌐 Session warmed
2026-09-29 02:51:11,072 | INFO |    ↳ Status 403
2026-09-29 02:51:11,072 | WARNING |    ⚠ Blocked (403) retry 3
2026-09-29 02:51:11,149 | INFO | 🌐 Session warmed
2026-09-29 02:51:11,183 | INFO |    ↳ Status 403
2026-09-29 02:51:11,183 | WARNING |    ⚠ Blocked (403) retry 2
2026-09-29 02:51:11,256 | INFO | 🌐 Session warmed
2026-09-29 02:51:11,760 | INFO |    ↳ Status 403
2026-09-29 02:51:11,760 | WARNING |    ⚠ Blocked (403) retry 2
2026-09-29 02:51:11,833 | INFO | 🌐 Session warmed
2026-09-29 02:51:12,309 | INFO |    ↳ Status 200
2026-09-29 02:51:12,310 | INFO |    ✓ Found 8 movies
2026-09-29 02:51:12,310 | INFO | [1098/1901] Fetching Martur (MART)
2026-09-29 02:51:13,549 | INFO |    ↳ Status 403
2026-09-29 02:51:13,549 | WARNING |    ⚠ Blocked (403) retry 1
2026-09-29 02:51:13,620 | INFO | 🌐 Session warmed
2026-09-29 02:51:14,222 | INFO |    ↳ Status 403
2026-09-29 02:51:14,223 | WARNING |    ⚠ Blocked (403) retry 3
2026-09-29 02:51:14,296 | INFO | 🌐 Session warmed
2026-09-29 02:51:14,514 | INFO |    ↳ Status 403
2026-09-29 02:51:14,515 | WARNING |    ⚠ Blocked (403) retry 3
2026-09-29 02:51:14,580 | INFO | 🌐 Session warmed
2026-09-29 02:51:15,149 | INFO | [1099/1901] Fetching Maslandapur (MASL)
2026-09-29 02:51:15,477 | INFO |    ↳ Status 403
2026-09-29 02:51:15,477 | WARNING |    ⚠ Blocked (403) retry 2
2026-09-29 02:51:15,542 | INFO | 🌐 Session warmed
2026-09-29 02:51:16,150 | INFO |    ↳ Status 403
2026-09-29 02:51:16,150 | WARNING |    ⚠ Blocked (403) retry 1
2026-09-29 02:51:16,224 | INFO | 🌐 Session warmed
2026-09-29 02:51:17,930 | INFO |    ↳ Status 403
2026-09-29 02:51:17,930 | WARNING |    ⚠ Blocked (403) retry 2
2026-09-29 02:51:17,994 | INFO | 🌐 Session warmed
2026-09-29 02:51:18,297 | INFO | [1100/1901] Fetching Math Chandipur (MPUR)
2026-09-29 02:51:18,420 | INFO |    ↳ Status 403
2026-09-29 02:51:18,421 | WARNING |    ⚠ Blocked (403) retry 3
2026-09-29 02:51:18,488 | INFO | 🌐 Session warmed
2026-09-29 02:51:18,581 | INFO | [1101/1901] Fetching Mathabhanga (MABH)
2026-09-29 02:51:19,239 | INFO |    ↳ Status 403
2026-09-29 02:51:19,240 | WARNING |    ⚠ Blocked (403) retry 1
2026-09-29 02:51:19,369 | INFO | 🌐 Session warmed
2026-09-29 02:51:19,797 | INFO |    ↳ Status 403
2026-09-29 02:51:19,798 | WARNING |    ⚠ Blocked (403) retry 1
2026-09-29 02:51:19,866 | INFO | 🌐 Session warmed
2026-09-29 02:51:20,995 | INFO |    ↳ Status 403
2026-09-29 02:51:20,995 | WARNING |    ⚠ Blocked (403) retry 3
2026-09-29 02:51:21,065 | INFO | 🌐 Session warmed
2026-09-29 02:51:21,098 | INFO |    ↳ Status 403
2026-09-29 02:51:21,098 | WARNING |    ⚠ Blocked (403) retry 2
2026-09-29 02:51:21,180 | INFO | 🌐 Session warmed
2026-09-29 02:51:22,203 | INFO |    ↳ Status 403
2026-09-29 02:51:22,203 | WARNING |    ⚠ Blocked (403) retry 2
2026-09-29 02:51:22,280 | INFO | 🌐 Session warmed
2026-09-29 02:51:22,489 | INFO | [1102/1901] Fetching Mathura (MATH)
2026-09-29 02:51:23,803 | INFO |    ↳ Status 403
2026-09-29 02:51:23,803 | WARNING |    ⚠ Blocked (403) retry 1
2026-09-29 02:51:23,874 | INFO | 🌐 Session warmed
2026-09-29 02:51:24,348 | INFO |    ↳ Status 403
2026-09-29 02:51:24,348 | WARNING |    ⚠ Blocked (403) retry 3
2026-09-29 02:51:24,419 | INFO | 🌐 Session warmed
2026-09-29 02:51:24,921 | INFO |    ↳ Status 403
2026-09-29 02:51:24,921 | WARNING |    ⚠ Blocked (403) retry 3
2026-09-29 02:51:24,996 | INFO | 🌐 Session warmed
2026-09-29 02:51:25,065 | INFO | [1103/1901] Fetching Mattannur (MATT)
2026-09-29 02:51:25,502 | INFO |    ↳ Status 403
2026-09-29 02:51:25,502 | WARNING |    ⚠ Blocked (403) retry 2
2026-09-29 02:51:25,569 | INFO | 🌐 Session warmed
2026-09-29 02:51:26,004 | INFO |    ↳ Status 403
2026-09-29 02:51:26,004 | WARNING |    ⚠ Blocked (403) retry 1
2026-09-29 02:51:26,181 | INFO | 🌐 Session warmed
2026-09-29 02:51:27,804 | INFO |    ↳ Status 403
2026-09-29 02:51:27,804 | WARNING |    ⚠ Blocked (403) retry 2
2026-09-29 02:51:27,874 | INFO | 🌐 Session warmed
2026-09-29 02:51:28,419 | INFO | [1104/1901] Fetching Mau (MAAU)
2026-09-29 02:51:28,693 | INFO |    ↳ Status 403
2026-09-29 02:51:28,693 | WARNING |    ⚠ Blocked (403) retry 3
2026-09-29 02:51:28,762 | INFO | 🌐 Session warmed
2026-09-29 02:51:28,997 | INFO | [1105/1901] Fetching Mavelikkara (MVLR)
2026-09-29 02:51:29,743 | INFO |    ↳ Status 403
2026-09-29 02:51:29,744 | WARNING |    ⚠ Blocked (403) retry 1
2026-09-29 02:51:29,816 | INFO | 🌐 Session warmed
2026-09-29 02:51:29,901 | INFO |    ↳ Status 403
2026-09-29 02:51:29,901 | WARNING |    ⚠ Blocked (403) retry 1
2026-09-29 02:51:29,971 | INFO | 🌐 Session warmed
2026-09-29 02:51:31,237 | INFO |    ↳ Status 403
2026-09-29 02:51:31,238 | WARNING |    ⚠ Blocked (403) retry 3
2026-09-29 02:51:31,309 | INFO | 🌐 Session warmed
2026-09-29 02:51:32,284 | INFO |    ↳ Status 200
2026-09-29 02:51:32,284 | INFO |    ✓ Found 7 movies
2026-09-29 02:51:32,284 | INFO | [1106/1901] Fetching Mayannur (MAYA)
2026-09-29 02:51:32,288 | INFO |    ↳ Status 403
2026-09-29 02:51:32,288 | WARNING |    ⚠ Blocked (403) retry 2
2026-09-29 02:51:32,359 | INFO | 🌐 Session warmed
2026-09-29 02:51:32,762 | INFO | [1107/1901] Fetching Mayiladuthurai (MAYI)
2026-09-29 02:51:33,686 | INFO |    ↳ Status 403
2026-09-29 02:51:33,686 | WARNING |    ⚠ Blocked (403) retry 1
2026-09-29 02:51:33,755 | INFO | 🌐 Session warmed
2026-09-29 02:51:34,408 | INFO |    ↳ Status 200
2026-09-29 02:51:34,408 | INFO |    ✓ Found 8 movies
2026-09-29 02:51:34,409 | INFO | [1108/1901] Fetching Medak (MDAK)
2026-09-29 02:51:35,310 | INFO | [1109/1901] Fetching Medarametla (MDRM)
2026-09-29 02:51:35,390 | INFO |    ↳ Status 403
2026-09-29 02:51:35,390 | WARNING |    ⚠ Blocked (403) retry 3
2026-09-29 02:51:35,459 | INFO | 🌐 Session warmed
2026-09-29 02:51:35,477 | INFO |    ↳ Status 200
2026-09-29 02:51:35,477 | INFO |    ✓ Found 8 movies
2026-09-29 02:51:35,477 | INFO | [1110/1901] Fetching Medchal (MDCH)
2026-09-29 02:51:35,609 | INFO |    ↳ Status 403
2026-09-29 02:51:35,609 | WARNING |    ⚠ Blocked (403) retry 2
2026-09-29 02:51:35,675 | INFO | 🌐 Session warmed
2026-09-29 02:51:36,453 | INFO |    ↳ Status 403
2026-09-29 02:51:36,453 | WARNING |    ⚠ Blocked (403) retry 1
2026-09-29 02:51:36,519 | INFO | 🌐 Session warmed
2026-09-29 02:51:36,579 | INFO |    ↳ Status 200
2026-09-29 02:51:36,579 | INFO |    ✓ Found 8 movies
2026-09-29 02:51:36,579 | INFO | [1111/1901] Fetching Medininagar (FFF)
2026-09-29 02:51:38,675 | INFO |    ↳ Status 200
2026-09-29 02:51:38,675 | INFO |    ✓ Found 8 movies
2026-09-29 02:51:38,675 | INFO | [1112/1901] Fetching Meerut (MERT)
2026-09-29 02:51:38,720 | INFO |    ↳ Status 403
2026-09-29 02:51:38,721 | WARNING |    ⚠ Blocked (403) retry 2
2026-09-29 02:51:38,791 | INFO | 🌐 Session warmed
2026-09-29 02:51:39,006 | INFO |    ↳ Status 403
2026-09-29 02:51:39,007 | WARNING |    ⚠ Blocked (403) retry 3
2026-09-29 02:51:39,086 | INFO | 🌐 Session warmed
2026-09-29 02:51:39,460 | INFO | [1113/1901] Fetching Mehkar (MEHK)
2026-09-29 02:51:40,133 | INFO |    ↳ Status 200
2026-09-29 02:51:40,133 | INFO |    ✓ Found 7 movies
2026-09-29 02:51:40,134 | INFO | [1114/1901] Fetching Mehsana (MEHS)
2026-09-29 02:51:40,448 | INFO |    ↳ Status 403
2026-09-29 02:51:40,448 | WARNING |    ⚠ Blocked (403) retry 1
2026-09-29 02:51:40,519 | INFO | 🌐 Session warmed
2026-09-29 02:51:41,814 | INFO |    ↳ Status 403
2026-09-29 02:51:41,814 | WARNING |    ⚠ Blocked (403) retry 3
2026-09-29 02:51:41,884 | INFO | 🌐 Session warmed
2026-09-29 02:51:42,122 | INFO |    ↳ Status 200
2026-09-29 02:51:42,122 | INFO |    ✓ Found 7 movies
2026-09-29 02:51:42,122 | INFO | [1115/1901] Fetching Melattur (MELA)
2026-09-29 02:51:42,627 | INFO |    ↳ Status 403
2026-09-29 02:51:42,627 | WARNING |    ⚠ Blocked (403) retry 2
2026-09-29 02:51:42,697 | INFO | 🌐 Session warmed
2026-09-29 02:51:43,086 | INFO | [1116/1901] Fetching Melli (MELL)
2026-09-29 02:51:43,726 | INFO |    ↳ Status 403
2026-09-29 02:51:43,726 | WARNING |    ⚠ Blocked (403) retry 1
2026-09-29 02:51:43,751 | INFO |    ↳ Status 200
2026-09-29 02:51:43,751 | INFO |    ✓ Found 8 movies
2026-09-29 02:51:43,752 | INFO | [1117/1901] Fetching Memari (MMRR)
2026-09-29 02:51:43,797 | INFO | 🌐 Session warmed
2026-09-29 02:51:44,671 | INFO |    ↳ Status 403
2026-09-29 02:51:44,671 | WARNING |    ⚠ Blocked (403) retry 1
2026-09-29 02:51:44,739 | INFO | 🌐 Session warmed
2026-09-29 02:51:45,658 | INFO |    ↳ Status 403
2026-09-29 02:51:45,658 | WARNING |    ⚠ Blocked (403) retry 3
2026-09-29 02:51:45,735 | INFO | 🌐 Session warmed
2026-09-29 02:51:45,884 | INFO | [1118/1901] Fetching Metpally (METT)
2026-09-29 02:51:46,050 | INFO |    ↳ Status 403
2026-09-29 02:51:46,050 | WARNING |    ⚠ Blocked (403) retry 2
2026-09-29 02:51:46,119 | INFO | 🌐 Session warmed
2026-09-29 02:51:46,807 | INFO |    ↳ Status 403
2026-09-29 02:51:46,807 | WARNING |    ⚠ Blocked (403) retry 2
2026-09-29 02:51:46,886 | INFO | 🌐 Session warmed
2026-09-29 02:51:47,212 | INFO |    ↳ Status 403
2026-09-29 02:51:47,212 | WARNING |    ⚠ Blocked (403) retry 1
2026-09-29 02:51:47,382 | INFO | 🌐 Session warmed
2026-09-29 02:51:49,334 | INFO |    ↳ Status 403
2026-09-29 02:51:49,334 | WARNING |    ⚠ Blocked (403) retry 3
2026-09-29 02:51:49,402 | INFO | 🌐 Session warmed
2026-09-29 02:51:49,631 | INFO |    ↳ Status 403
2026-09-29 02:51:49,631 | WARNING |    ⚠ Blocked (403) retry 2
2026-09-29 02:51:49,701 | INFO | 🌐 Session warmed
2026-09-29 02:51:49,736 | INFO | [1119/1901] Fetching Mettuppalayam (MTPM)
2026-09-29 02:51:50,275 | INFO |    ↳ Status 403
2026-09-29 02:51:50,276 | WARNING |    ⚠ Blocked (403) retry 3
2026-09-29 02:51:50,349 | INFO | 🌐 Session warmed
2026-09-29 02:51:50,622 | INFO |    ↳ Status 403
2026-09-29 02:51:50,622 | WARNING |    ⚠ Blocked (403) retry 1
2026-09-29 02:51:52,379 | INFO |    ↳ Status 403
2026-09-29 02:51:52,379 | WARNING |    ⚠ Blocked (403) retry 3
2026-09-29 02:51:52,448 | INFO | 🌐 Session warmed
2026-09-29 02:51:53,403 | INFO | [1120/1901] Fetching Mettur (METZ)
2026-09-29 02:51:54,109 | INFO |    ↳ Status 403
2026-09-29 02:51:54,109 | WARNING |    ⚠ Blocked (403) retry 1
2026-09-29 02:51:54,175 | INFO | 🌐 Session warmed
2026-09-29 02:51:54,349 | INFO | [1121/1901] Fetching Mhow (MHOW)
2026-09-29 02:51:55,342 | INFO |    ↳ Status 403
2026-09-29 02:51:55,342 | WARNING |    ⚠ Blocked (403) retry 1
2026-09-29 02:51:55,410 | INFO | 🌐 Session warmed
2026-09-29 02:51:55,543 | INFO | 🌐 Session warmed
2026-09-29 02:51:56,251 | INFO |    ↳ Status 403
2026-09-29 02:51:56,251 | WARNING |    ⚠ Blocked (403) retry 2
2026-09-29 02:51:56,325 | INFO | 🌐 Session warmed
2026-09-29 02:51:56,448 | INFO | [1122/1901] Fetching Midnapore (MDIP)
2026-09-29 02:51:57,109 | INFO |    ↳ Status 403
2026-09-29 02:51:57,109 | WARNING |    ⚠ Blocked (403) retry 1
2026-09-29 02:51:57,170 | INFO |    ↳ Status 403
2026-09-29 02:51:57,170 | WARNING |    ⚠ Blocked (403) retry 2
2026-09-29 02:51:57,180 | INFO | 🌐 Session warmed
2026-09-29 02:51:57,250 | INFO | 🌐 Session warmed
2026-09-29 02:51:57,964 | INFO |    ↳ Status 403
2026-09-29 02:51:57,964 | WARNING |    ⚠ Blocked (403) retry 2
2026-09-29 02:51:58,038 | INFO | 🌐 Session warmed
2026-09-29 02:51:59,427 | INFO |    ↳ Status 403
2026-09-29 02:51:59,427 | WARNING |    ⚠ Blocked (403) retry 2
2026-09-29 02:51:59,468 | INFO |    ↳ Status 403
2026-09-29 02:51:59,468 | WARNING |    ⚠ Blocked (403) retry 3
2026-09-29 02:51:59,520 | INFO | 🌐 Session warmed
2026-09-29 02:51:59,564 | INFO | 🌐 Session warmed
2026-09-29 02:52:00,017 | INFO |    ↳ Status 403
2026-09-29 02:52:00,017 | WARNING |    ⚠ Blocked (403) retry 3
2026-09-29 02:52:00,089 | INFO | 🌐 Session warmed
2026-09-29 02:52:01,199 | INFO |    ↳ Status 403
2026-09-29 02:52:01,199 | WARNING |    ⚠ Blocked (403) retry 3
2026-09-29 02:52:01,264 | INFO | 🌐 Session warmed
2026-09-29 02:52:02,741 | INFO |    ↳ Status 403
2026-09-29 02:52:02,741 | WARNING |    ⚠ Blocked (403) retry 3
2026-09-29 02:52:02,840 | INFO | 🌐 Session warmed
2026-09-29 02:52:03,564 | INFO | [1123/1901] Fetching Miraj (MIRJ)
2026-09-29 02:52:04,089 | INFO | [1124/1901] Fetching Mirganj (MRGJ)
2026-09-29 02:52:04,793 | INFO |    ↳ Status 403
2026-09-29 02:52:04,793 | WARNING |    ⚠ Blocked (403) retry 1
2026-09-29 02:52:04,873 | INFO | 🌐 Session warmed
2026-09-29 02:52:04,937 | INFO |    ↳ Status 403
2026-09-29 02:52:04,937 | WARNING |    ⚠ Blocked (403) retry 1
2026-09-29 02:52:05,017 | INFO | 🌐 Session warmed
2026-09-29 02:52:05,265 | INFO | [1125/1901] Fetching Miryalaguda (MRGD)
2026-09-29 02:52:06,668 | INFO |    ↳ Status 403
2026-09-29 02:52:06,669 | WARNING |    ⚠ Blocked (403) retry 1
2026-09-29 02:52:06,737 | INFO | 🌐 Session warmed
2026-09-29 02:52:06,840 | INFO | [1126/1901] Fetching Mirzapur (MIZP)
2026-09-29 02:52:07,022 | INFO |    ↳ Status 403
2026-09-29 02:52:07,022 | WARNING |    ⚠ Blocked (403) retry 2
2026-09-29 02:52:07,095 | INFO | 🌐 Session warmed
2026-09-29 02:52:07,244 | INFO |    ↳ Status 403
2026-09-29 02:52:07,244 | WARNING |    ⚠ Blocked (403) retry 2
2026-09-29 02:52:07,309 | INFO | 🌐 Session warmed
2026-09-29 02:52:07,569 | INFO |    ↳ Status 403
2026-09-29 02:52:07,569 | WARNING |    ⚠ Blocked (403) retry 1
2026-09-29 02:52:07,640 | INFO | 🌐 Session warmed
2026-09-29 02:52:09,089 | INFO |    ↳ Status 403
2026-09-29 02:52:09,089 | WARNING |    ⚠ Blocked (403) retry 2
2026-09-29 02:52:09,158 | INFO | 🌐 Session warmed
2026-09-29 02:52:09,345 | INFO |    ↳ Status 403
2026-09-29 02:52:09,345 | WARNING |    ⚠ Blocked (403) retry 2
2026-09-29 02:52:09,417 | INFO | 🌐 Session warmed
2026-09-29 02:52:09,770 | INFO |    ↳ Status 403
2026-09-29 02:52:09,771 | WARNING |    ⚠ Blocked (403) retry 3
2026-09-29 02:52:09,841 | INFO | 🌐 Session warmed
2026-09-29 02:52:10,142 | INFO |    ↳ Status 403
2026-09-29 02:52:10,142 | WARNING |    ⚠ Blocked (403) retry 3
2026-09-29 02:52:10,209 | INFO | 🌐 Session warmed
2026-09-29 02:52:12,146 | INFO |    ↳ Status 403
2026-09-29 02:52:12,146 | WARNING |    ⚠ Blocked (403) retry 3
2026-09-29 02:52:12,219 | INFO | 🌐 Session warmed
2026-09-29 02:52:12,286 | INFO |    ↳ Status 403
2026-09-29 02:52:12,286 | WARNING |    ⚠ Blocked (403) retry 3
2026-09-29 02:52:12,352 | INFO | 🌐 Session warmed
2026-09-29 02:52:13,841 | INFO | [1127/1901] Fetching Moga (MOGA)
2026-09-29 02:52:14,210 | INFO | [1128/1901] Fetching Mohali (MOHL)
2026-09-29 02:52:14,889 | INFO |    ↳ Status 403
2026-09-29 02:52:14,889 | WARNING |    ⚠ Blocked (403) retry 1
2026-09-29 02:52:14,971 | INFO | 🌐 Session warmed
2026-09-29 02:52:15,051 | INFO |    ↳ Status 403
2026-09-29 02:52:15,051 | WARNING |    ⚠ Blocked (403) retry 1
2026-09-29 02:52:15,124 | INFO | 🌐 Session warmed
2026-09-29 02:52:16,219 | INFO | [1129/1901] Fetching Mokama (MOKA)
2026-09-29 02:52:16,352 | INFO | [1130/1901] Fetching Molakalmuru (MOLA)
2026-09-29 02:52:16,801 | INFO |    ↳ Status 403
2026-09-29 02:52:16,801 | WARNING |    ⚠ Blocked (403) retry 2
2026-09-29 02:52:16,869 | INFO | 🌐 Session warmed
2026-09-29 02:52:17,417 | INFO |    ↳ Status 403
2026-09-29 02:52:17,417 | WARNING |    ⚠ Blocked (403) retry 1
2026-09-29 02:52:17,480 | INFO |    ↳ Status 403
2026-09-29 02:52:17,480 | WARNING |    ⚠ Blocked (403) retry 2
2026-09-29 02:52:17,483 | INFO | 🌐 Session warmed
2026-09-29 02:52:17,556 | INFO | 🌐 Session warmed
2026-09-29 02:52:17,746 | INFO |    ↳ Status 403
2026-09-29 02:52:17,746 | WARNING |    ⚠ Blocked (403) retry 1
2026-09-29 02:52:17,880 | INFO | 🌐 Session warmed
2026-09-29 02:52:19,125 | INFO |    ↳ Status 403
2026-09-29 02:52:19,125 | WARNING |    ⚠ Blocked (403) retry 2
2026-09-29 02:52:19,191 | INFO | 🌐 Session warmed
2026-09-29 02:52:19,547 | INFO |    ↳ Status 403
2026-09-29 02:52:19,547 | WARNING |    ⚠ Blocked (403) retry 2
2026-09-29 02:52:19,625 | INFO | 🌐 Session warmed
2026-09-29 02:52:20,171 | INFO |    ↳ Status 403
2026-09-29 02:52:20,171 | WARNING |    ⚠ Blocked (403) retry 3
2026-09-29 02:52:20,237 | INFO | 🌐 Session warmed
2026-09-29 02:52:20,829 | INFO |    ↳ Status 403
2026-09-29 02:52:20,829 | WARNING |    ⚠ Blocked (403) retry 3
2026-09-29 02:52:20,896 | INFO | 🌐 Session warmed
2026-09-29 02:52:22,215 | INFO |    ↳ Status 403
2026-09-29 02:52:22,215 | WARNING |    ⚠ Blocked (403) retry 3
2026-09-29 02:52:22,288 | INFO | 🌐 Session warmed
2026-09-29 02:52:22,689 | INFO |    ↳ Status 403
2026-09-29 02:52:22,689 | WARNING |    ⚠ Blocked (403) retry 3
2026-09-29 02:52:22,764 | INFO | 🌐 Session warmed
2026-09-29 02:52:24,237 | INFO | [1131/1901] Fetching Mominpet (MOMT)
2026-09-29 02:52:24,897 | INFO | [1132/1901] Fetching Moodbidri (MOOD)
2026-09-29 02:52:24,968 | INFO |    ↳ Status 403
2026-09-29 02:52:24,968 | WARNING |    ⚠ Blocked (403) retry 1
2026-09-29 02:52:25,047 | INFO | 🌐 Session warmed
2026-09-29 02:52:26,268 | INFO |    ↳ Status 403
2026-09-29 02:52:26,268 | WARNING |    ⚠ Blocked (403) retry 1
2026-09-29 02:52:26,289 | INFO | [1133/1901] Fetching Moradabad (MORA)
2026-09-29 02:52:26,335 | INFO | 🌐 Session warmed
2026-09-29 02:52:26,765 | INFO | [1134/1901] Fetching Moranhat (MORH)
2026-09-29 02:52:26,773 | INFO |    ↳ Status 403
2026-09-29 02:52:26,773 | WARNING |    ⚠ Blocked (403) retry 2
2026-09-29 02:52:26,858 | INFO | 🌐 Session warmed
2026-09-29 02:52:27,472 | INFO |    ↳ Status 403
2026-09-29 02:52:27,472 | WARNING |    ⚠ Blocked (403) retry 1
2026-09-29 02:52:27,543 | INFO | 🌐 Session warmed
2026-09-29 02:52:27,692 | INFO |    ↳ Status 403
2026-09-29 02:52:27,692 | WARNING |    ⚠ Blocked (403) retry 1
2026-09-29 02:52:27,757 | INFO | 🌐 Session warmed
2026-09-29 02:52:28,688 | INFO |    ↳ Status 403
2026-09-29 02:52:28,688 | WARNING |    ⚠ Blocked (403) retry 2
2026-09-29 02:52:28,759 | INFO | 🌐 Session warmed
2026-09-29 02:52:29,636 | INFO |    ↳ Status 403
2026-09-29 02:52:29,636 | WARNING |    ⚠ Blocked (403) retry 2
2026-09-29 02:52:29,713 | INFO | 🌐 Session warmed
2026-09-29 02:52:29,825 | INFO |    ↳ Status 403
2026-09-29 02:52:29,826 | WARNING |    ⚠ Blocked (403) retry 2
2026-09-29 02:52:29,915 | INFO | 🌐 Session warmed
2026-09-29 02:52:30,096 | INFO |    ↳ Status 403
2026-09-29 02:52:30,097 | WARNING |    ⚠ Blocked (403) retry 3
2026-09-29 02:52:30,200 | INFO | 🌐 Session warmed
2026-09-29 02:52:31,939 | INFO |    ↳ Status 403
2026-09-29 02:52:31,939 | WARNING |    ⚠ Blocked (403) retry 3
2026-09-29 02:52:32,008 | INFO | 🌐 Session warmed
2026-09-29 02:52:32,525 | INFO |    ↳ Status 403
2026-09-29 02:52:32,525 | WARNING |    ⚠ Blocked (403) retry 3
2026-09-29 02:52:32,596 | INFO | 🌐 Session warmed
2026-09-29 02:52:32,948 | INFO |    ↳ Status 403
2026-09-29 02:52:32,948 | WARNING |    ⚠ Blocked (403) retry 3
2026-09-29 02:52:33,020 | INFO | 🌐 Session warmed
2026-09-29 02:52:34,200 | INFO | [1135/1901] Fetching Morbi (MOBI)
2026-09-29 02:52:35,244 | INFO |    ↳ Status 403
2026-09-29 02:52:35,244 | WARNING |    ⚠ Blocked (403) retry 1
2026-09-29 02:52:35,322 | INFO | 🌐 Session warmed
2026-09-29 02:52:36,008 | INFO | [1136/1901] Fetching Morena (MRMP)
2026-09-29 02:52:36,597 | INFO | [1137/1901] Fetching Morigaon (MRGO)
2026-09-29 02:52:37,013 | INFO |    ↳ Status 403
2026-09-29 02:52:37,013 | WARNING |    ⚠ Blocked (403) retry 1
2026-09-29 02:52:37,021 | INFO | [1138/1901] Fetching Morinda (MORI)
2026-09-29 02:52:37,086 | INFO | 🌐 Session warmed
2026-09-29 02:52:37,285 | INFO |    ↳ Status 403
2026-09-29 02:52:37,285 | WARNING |    ⚠ Blocked (403) retry 1
2026-09-29 02:52:37,356 | INFO | 🌐 Session warmed
2026-09-29 02:52:37,551 | INFO |    ↳ Status 403
2026-09-29 02:52:37,552 | WARNING |    ⚠ Blocked (403) retry 2
2026-09-29 02:52:37,643 | INFO | 🌐 Session warmed
2026-09-29 02:52:38,213 | INFO |    ↳ Status 403
2026-09-29 02:52:38,214 | WARNING |    ⚠ Blocked (403) retry 1
2026-09-29 02:52:38,292 | INFO | 🌐 Session warmed
2026-09-29 02:52:38,981 | INFO |    ↳ Status 403
2026-09-29 02:52:38,981 | WARNING |    ⚠ Blocked (403) retry 2
2026-09-29 02:52:38,984 | INFO |    ↳ Status 403
2026-09-29 02:52:38,984 | WARNING |    ⚠ Blocked (403) retry 2
2026-09-29 02:52:39,057 | INFO | 🌐 Session warmed
2026-09-29 02:52:39,065 | INFO | 🌐 Session warmed
2026-09-29 02:52:39,920 | INFO |    ↳ Status 403
2026-09-29 02:52:39,920 | WARNING |    ⚠ Blocked (403) retry 2
2026-09-29 02:52:39,989 | INFO | 🌐 Session warmed
2026-09-29 02:52:40,618 | INFO |    ↳ Status 403
2026-09-29 02:52:40,618 | WARNING |    ⚠ Blocked (403) retry 3
2026-09-29 02:52:40,692 | INFO | 🌐 Session warmed
2026-09-29 02:52:42,310 | INFO |    ↳ Status 403
2026-09-29 02:52:42,310 | WARNING |    ⚠ Blocked (403) retry 3
2026-09-29 02:52:42,327 | INFO |    ↳ Status 403
2026-09-29 02:52:42,327 | WARNING |    ⚠ Blocked (403) retry 3
2026-09-29 02:52:42,385 | INFO | 🌐 Session warmed
2026-09-29 02:52:42,404 | INFO | 🌐 Session warmed
2026-09-29 02:52:42,797 | INFO |    ↳ Status 403
2026-09-29 02:52:42,797 | WARNING |    ⚠ Blocked (403) retry 3
2026-09-29 02:52:42,887 | INFO | 🌐 Session warmed
2026-09-29 02:52:44,693 | INFO | [1139/1901] Fetching Mothkur (MTKR)
2026-09-29 02:52:45,332 | INFO |    ↳ Status 403
2026-09-29 02:52:45,333 | WARNING |    ⚠ Blocked (403) retry 1
2026-09-29 02:52:45,403 | INFO | 🌐 Session warmed
2026-09-29 02:52:46,385 | INFO | [1140/1901] Fetching Motihari (MOTI)
2026-09-29 02:52:46,404 | INFO | [1141/1901] Fetching Moyna (MAYN)
2026-09-29 02:52:46,888 | INFO | [1142/1901] Fetching Mudalagi (MUDG)
2026-09-29 02:52:47,190 | INFO |    ↳ Status 403
2026-09-29 02:52:47,190 | WARNING |    ⚠ Blocked (403) retry 1
2026-09-29 02:52:47,258 | INFO | 🌐 Session warmed
2026-09-29 02:52:47,282 | INFO |    ↳ Status 403
2026-09-29 02:52:47,282 | WARNING |    ⚠ Blocked (403) retry 1
2026-09-29 02:52:47,424 | INFO | 🌐 Session warmed
2026-09-29 02:52:47,513 | INFO |    ↳ Status 403
2026-09-29 02:52:47,513 | WARNING |    ⚠ Blocked (403) retry 1
2026-09-29 02:52:47,582 | INFO | 🌐 Session warmed
2026-09-29 02:52:47,652 | INFO |    ↳ Status 403
2026-09-29 02:52:47,652 | WARNING |    ⚠ Blocked (403) retry 2
2026-09-29 02:52:47,737 | INFO | 🌐 Session warmed
2026-09-29 02:52:49,104 | INFO |    ↳ Status 403
2026-09-29 02:52:49,104 | WARNING |    ⚠ Blocked (403) retry 2
2026-09-29 02:52:49,172 | INFO | 🌐 Session warmed
2026-09-29 02:52:49,355 | INFO |    ↳ Status 403
2026-09-29 02:52:49,355 | WARNING |    ⚠ Blocked (403) retry 2
2026-09-29 02:52:49,431 | INFO | 🌐 Session warmed
2026-09-29 02:52:49,557 | INFO |    ↳ Status 403
2026-09-29 02:52:49,557 | WARNING |    ⚠ Blocked (403) retry 2
2026-09-29 02:52:49,624 | INFO | 🌐 Session warmed
2026-09-29 02:52:50,910 | INFO |    ↳ Status 403
2026-09-29 02:52:50,910 | WARNING |    ⚠ Blocked (403) retry 3
2026-09-29 02:52:50,975 | INFO | 🌐 Session warmed
2026-09-29 02:52:51,998 | INFO |    ↳ Status 403
2026-09-29 02:52:51,998 | WARNING |    ⚠ Blocked (403) retry 3
2026-09-29 02:52:52,067 | INFO | 🌐 Session warmed
2026-09-29 02:52:52,455 | INFO |    ↳ Status 403
2026-09-29 02:52:52,455 | WARNING |    ⚠ Blocked (403) retry 3
2026-09-29 02:52:52,523 | INFO | 🌐 Session warmed
2026-09-29 02:52:52,525 | INFO |    ↳ Status 403
2026-09-29 02:52:52,525 | WARNING |    ⚠ Blocked (403) retry 3
2026-09-29 02:52:52,598 | INFO | 🌐 Session warmed
2026-09-29 02:52:54,975 | INFO | [1143/1901] Fetching Muddebihal (MUDD)
2026-09-29 02:52:56,067 | INFO | [1144/1901] Fetching Mudhol (MUDL)
2026-09-29 02:52:56,183 | INFO |    ↳ Status 403
2026-09-29 02:52:56,183 | WARNING |    ⚠ Blocked (403) retry 1
2026-09-29 02:52:56,261 | INFO | 🌐 Session warmed
2026-09-29 02:52:56,524 | INFO | [1145/1901] Fetching Mudigere (MDGR)
2026-09-29 02:52:56,598 | INFO | [1146/1901] Fetching Mughalsarai (MGSI)
2026-09-29 02:52:56,727 | INFO |    ↳ Status 403
2026-09-29 02:52:56,727 | WARNING |    ⚠ Blocked (403) retry 1
2026-09-29 02:52:56,796 | INFO | 🌐 Session warmed
2026-09-29 02:52:57,229 | INFO |    ↳ Status 403
2026-09-29 02:52:57,229 | WARNING |    ⚠ Blocked (403) retry 1
2026-09-29 02:52:57,299 | INFO | 🌐 Session warmed
2026-09-29 02:52:57,824 | INFO |    ↳ Status 403
2026-09-29 02:52:57,824 | WARNING |    ⚠ Blocked (403) retry 1
2026-09-29 02:52:57,892 | INFO | 🌐 Session warmed
2026-09-29 02:52:58,095 | INFO |    ↳ Status 403
2026-09-29 02:52:58,095 | WARNING |    ⚠ Blocked (403) retry 2
2026-09-29 02:52:58,164 | INFO | 🌐 Session warmed
2026-09-29 02:52:58,845 | INFO |    ↳ Status 403
2026-09-29 02:52:58,845 | WARNING |    ⚠ Blocked (403) retry 2
2026-09-29 02:52:58,912 | INFO | 🌐 Session warmed
2026-09-29 02:52:59,519 | INFO |    ↳ Status 403
2026-09-29 02:52:59,519 | WARNING |    ⚠ Blocked (403) retry 2
2026-09-29 02:52:59,590 | INFO | 🌐 Session warmed
2026-09-29 02:53:00,243 | INFO |    ↳ Status 403
2026-09-29 02:53:00,243 | WARNING |    ⚠ Blocked (403) retry 2
2026-09-29 02:53:00,312 | INFO | 🌐 Session warmed
2026-09-29 02:53:01,128 | INFO |    ↳ Status 403
2026-09-29 02:53:01,128 | WARNING |    ⚠ Blocked (403) retry 3
2026-09-29 02:53:01,201 | INFO | 🌐 Session warmed
2026-09-29 02:53:02,231 | INFO |    ↳ Status 403
2026-09-29 02:53:02,231 | WARNING |    ⚠ Blocked (403) retry 3
2026-09-29 02:53:02,298 | INFO | 🌐 Session warmed
2026-09-29 02:53:02,927 | INFO |    ↳ Status 403
2026-09-29 02:53:02,927 | WARNING |    ⚠ Blocked (403) retry 3
2026-09-29 02:53:03,002 | INFO | 🌐 Session warmed
2026-09-29 02:53:03,263 | INFO |    ↳ Status 403
2026-09-29 02:53:03,263 | WARNING |    ⚠ Blocked (403) retry 3
2026-09-29 02:53:03,346 | INFO | 🌐 Session warmed
2026-09-29 02:53:05,202 | INFO | [1147/1901] Fetching Mukerian (MUKE)
2026-09-29 02:53:05,846 | INFO |    ↳ Status 403
2026-09-29 02:53:05,846 | WARNING |    ⚠ Blocked (403) retry 1
2026-09-29 02:53:05,915 | INFO | 🌐 Session warmed
2026-09-29 02:53:06,298 | INFO | [1148/1901] Fetching Mukkam (MUKM)
2026-09-29 02:53:07,003 | INFO | [1149/1901] Fetching Muktsar (MKST)
2026-09-29 02:53:07,346 | INFO | [1150/1901] Fetching Mulbagal (MULB)
2026-09-29 02:53:07,521 | INFO |    ↳ Status 403
2026-09-29 02:53:07,521 | WARNING |    ⚠ Blocked (403) retry 1
2026-09-29 02:53:07,585 | INFO | 🌐 Session warmed
2026-09-29 02:53:07,674 | INFO |    ↳ Status 403
2026-09-29 02:53:07,674 | WARNING |    ⚠ Blocked (403) retry 2
2026-09-29 02:53:07,741 | INFO | 🌐 Session warmed
2026-09-29 02:53:07,750 | INFO |    ↳ Status 403
2026-09-29 02:53:07,750 | WARNING |    ⚠ Blocked (403) retry 1
2026-09-29 02:53:07,822 | INFO | 🌐 Session warmed
2026-09-29 02:53:08,167 | INFO |    ↳ Status 403
2026-09-29 02:53:08,167 | WARNING |    ⚠ Blocked (403) retry 1
2026-09-29 02:53:08,241 | INFO | 🌐 Session warmed
2026-09-29 02:53:09,494 | INFO |    ↳ Status 403
2026-09-29 02:53:09,494 | WARNING |    ⚠ Blocked (403) retry 2
2026-09-29 02:53:09,562 | INFO | 🌐 Session warmed
2026-09-29 02:53:10,172 | INFO |    ↳ Status 403
2026-09-29 02:53:10,173 | WARNING |    ⚠ Blocked (403) retry 2
2026-09-29 02:53:10,280 | INFO |    ↳ Status 403
2026-09-29 02:53:10,280 | WARNING |    ⚠ Blocked (403) retry 2
2026-09-29 02:53:10,354 | INFO | 🌐 Session warmed
2026-09-29 02:53:10,392 | INFO | 🌐 Session warmed
2026-09-29 02:53:11,116 | INFO |    ↳ Status 403
2026-09-29 02:53:11,116 | WARNING |    ⚠ Blocked (403) retry 3
2026-09-29 02:53:11,187 | INFO | 🌐 Session warmed
2026-09-29 02:53:12,622 | INFO |    ↳ Status 403
2026-09-29 02:53:12,622 | WARNING |    ⚠ Blocked (403) retry 3
2026-09-29 02:53:12,693 | INFO | 🌐 Session warmed
2026-09-29 02:53:13,180 | INFO |    ↳ Status 403
2026-09-29 02:53:13,180 | WARNING |    ⚠ Blocked (403) retry 3
2026-09-29 02:53:13,251 | INFO |    ↳ Status 403
2026-09-29 02:53:13,251 | WARNING |    ⚠ Blocked (403) retry 3
2026-09-29 02:53:13,267 | INFO | 🌐 Session warmed
2026-09-29 02:53:13,323 | INFO | 🌐 Session warmed
2026-09-29 02:53:15,188 | INFO | [1151/1901] Fetching Mulkanoor (MULK)
2026-09-29 02:53:16,604 | INFO |    ↳ Status 403
2026-09-29 02:53:16,604 | WARNING |    ⚠ Blocked (403) retry 1
2026-09-29 02:53:16,677 | INFO | 🌐 Session warmed
2026-09-29 02:53:16,693 | INFO | [1152/1901] Fetching Mullanpur (MULL)
2026-09-29 02:53:17,267 | INFO | [1153/1901] Fetching Mulleria (MULZ)
2026-09-29 02:53:17,323 | INFO | [1154/1901] Fetching Mulugu (MULU)
2026-09-29 02:53:17,844 | INFO |    ↳ Status 403
2026-09-29 02:53:17,844 | WARNING |    ⚠ Blocked (403) retry 1
2026-09-29 02:53:17,912 | INFO | 🌐 Session warmed
2026-09-29 02:53:18,153 | INFO |    ↳ Status 403
2026-09-29 02:53:18,153 | WARNING |    ⚠ Blocked (403) retry 1
2026-09-29 02:53:18,221 | INFO | 🌐 Session warmed
2026-09-29 02:53:18,410 | INFO |    ↳ Status 403
2026-09-29 02:53:18,410 | WARNING |    ⚠ Blocked (403) retry 2
2026-09-29 02:53:18,480 | INFO | 🌐 Session warmed
2026-09-29 02:53:18,731 | INFO |    ↳ Status 403
2026-09-29 02:53:18,731 | WARNING |    ⚠ Blocked (403) retry 1
2026-09-29 02:53:18,800 | INFO | 🌐 Session warmed
2026-09-29 02:53:19,729 | INFO |    ↳ Status 403
2026-09-29 02:53:19,729 | WARNING |    ⚠ Blocked (403) retry 2
2026-09-29 02:53:19,798 | INFO | 🌐 Session warmed
2026-09-29 02:53:20,295 | INFO |    ↳ Status 403
2026-09-29 02:53:20,295 | WARNING |    ⚠ Blocked (403) retry 2
2026-09-29 02:53:20,360 | INFO | 🌐 Session warmed
2026-09-29 02:53:21,127 | INFO |    ↳ Status 403
2026-09-29 02:53:21,128 | WARNING |    ⚠ Blocked (403) retry 2
2026-09-29 02:53:21,148 | INFO |    ↳ Status 403
2026-09-29 02:53:21,148 | WARNING |    ⚠ Blocked (403) retry 3
2026-09-29 02:53:21,204 | INFO | 🌐 Session warmed
2026-09-29 02:53:21,221 | INFO | 🌐 Session warmed
2026-09-29 02:53:22,418 | INFO |    ↳ Status 403
2026-09-29 02:53:22,418 | WARNING |    ⚠ Blocked (403) retry 3
2026-09-29 02:53:22,486 | INFO | 🌐 Session warmed
2026-09-29 02:53:23,638 | INFO |    ↳ Status 403
2026-09-29 02:53:23,638 | WARNING |    ⚠ Blocked (403) retry 3
2026-09-29 02:53:23,707 | INFO | 🌐 Session warmed
2026-09-29 02:53:24,503 | INFO |    ↳ Status 403
2026-09-29 02:53:24,503 | WARNING |    ⚠ Blocked (403) retry 3
2026-09-29 02:53:24,695 | INFO | 🌐 Session warmed
2026-09-29 02:53:25,221 | INFO | [1155/1901] Fetching Mulugu Ghanpur (GHNP)
2026-09-29 02:53:26,142 | INFO |    ↳ Status 403
2026-09-29 02:53:26,142 | WARNING |    ⚠ Blocked (403) retry 1
2026-09-29 02:53:26,210 | INFO | 🌐 Session warmed
2026-09-29 02:53:26,486 | INFO | [1156/1901] Fetching Mummidivaram (MUMM)
2026-09-29 02:53:27,707 | INFO | [1157/1901] Fetching Mundakayam (MUAM)
2026-09-29 02:53:27,874 | INFO |    ↳ Status 403
2026-09-29 02:53:27,874 | WARNING |    ⚠ Blocked (403) retry 1
2026-09-29 02:53:27,946 | INFO | 🌐 Session warmed
2026-09-29 02:53:28,354 | INFO |    ↳ Status 403
2026-09-29 02:53:28,354 | WARNING |    ⚠ Blocked (403) retry 2
2026-09-29 02:53:28,425 | INFO | 🌐 Session warmed
2026-09-29 02:53:28,696 | INFO | [1158/1901] Fetching Mundargi (MNDR)
2026-09-29 02:53:28,717 | INFO |    ↳ Status 403
2026-09-29 02:53:28,717 | WARNING |    ⚠ Blocked (403) retry 1
2026-09-29 02:53:28,801 | INFO | 🌐 Session warmed
2026-09-29 02:53:29,845 | INFO |    ↳ Status 403
2026-09-29 02:53:29,845 | WARNING |    ⚠ Blocked (403) retry 1
2026-09-29 02:53:29,925 | INFO |    ↳ Status 403
2026-09-29 02:53:29,926 | WARNING |    ⚠ Blocked (403) retry 2
2026-09-29 02:53:29,926 | INFO | 🌐 Session warmed
2026-09-29 02:53:29,995 | INFO | 🌐 Session warmed
2026-09-29 02:53:30,687 | INFO |    ↳ Status 403
2026-09-29 02:53:30,687 | WARNING |    ⚠ Blocked (403) retry 2
2026-09-29 02:53:30,758 | INFO | 🌐 Session warmed
2026-09-29 02:53:31,389 | INFO |    ↳ Status 403
2026-09-29 02:53:31,389 | WARNING |    ⚠ Blocked (403) retry 3
2026-09-29 02:53:31,462 | INFO | 🌐 Session warmed
2026-09-29 02:53:32,118 | INFO |    ↳ Status 403
2026-09-29 02:53:32,118 | WARNING |    ⚠ Blocked (403) retry 2
2026-09-29 02:53:32,192 | INFO | 🌐 Session warmed
2026-09-29 02:53:33,143 | INFO |    ↳ Status 403
2026-09-29 02:53:33,143 | WARNING |    ⚠ Blocked (403) retry 3
2026-09-29 02:53:33,212 | INFO | 🌐 Session warmed
2026-09-29 02:53:34,031 | INFO |    ↳ Status 403
2026-09-29 02:53:34,031 | WARNING |    ⚠ Blocked (403) retry 3
2026-09-29 02:53:34,097 | INFO | 🌐 Session warmed
2026-09-29 02:53:34,938 | INFO |    ↳ Status 403
2026-09-29 02:53:34,938 | WARNING |    ⚠ Blocked (403) retry 3
2026-09-29 02:53:35,013 | INFO | 🌐 Session warmed
2026-09-29 02:53:35,463 | INFO | [1159/1901] Fetching Mundra (MUDA)
2026-09-29 02:53:36,131 | INFO |    ↳ Status 403
2026-09-29 02:53:36,131 | WARNING |    ⚠ Blocked (403) retry 1
2026-09-29 02:53:36,209 | INFO | 🌐 Session warmed
2026-09-29 02:53:37,212 | INFO | [1160/1901] Fetching Mungra Badshahpur (BDPR)
2026-09-29 02:53:37,829 | INFO |    ↳ Status 403
2026-09-29 02:53:37,829 | WARNING |    ⚠ Blocked (403) retry 2
2026-09-29 02:53:37,896 | INFO | 🌐 Session warmed
2026-09-29 02:53:38,097 | INFO | [1161/1901] Fetching Muniguda (MUNI)
2026-09-29 02:53:38,436 | INFO |    ↳ Status 403
2026-09-29 02:53:38,436 | WARNING |    ⚠ Blocked (403) retry 1
2026-09-29 02:53:38,502 | INFO | 🌐 Session warmed
2026-09-29 02:53:38,760 | INFO |    ↳ Status 403
2026-09-29 02:53:38,761 | WARNING |    ⚠ Blocked (403) retry 1
2026-09-29 02:53:38,854 | INFO | 🌐 Session warmed
2026-09-29 02:53:39,014 | INFO | [1162/1901] Fetching Muradnagar (MRDG)
2026-09-29 02:53:39,810 | INFO |    ↳ Status 403
2026-09-29 02:53:39,810 | WARNING |    ⚠ Blocked (403) retry 1
2026-09-29 02:53:39,876 | INFO | 🌐 Session warmed
2026-09-29 02:53:40,625 | INFO |    ↳ Status 403
2026-09-29 02:53:40,625 | WARNING |    ⚠ Blocked (403) retry 2
2026-09-29 02:53:40,697 | INFO | 🌐 Session warmed
2026-09-29 02:53:40,908 | INFO |    ↳ Status 403
2026-09-29 02:53:40,908 | WARNING |    ⚠ Blocked (403) retry 2
2026-09-29 02:53:40,976 | INFO | 🌐 Session warmed
2026-09-29 02:53:41,731 | INFO |    ↳ Status 403
2026-09-29 02:53:41,732 | WARNING |    ⚠ Blocked (403) retry 2
2026-09-29 02:53:41,798 | INFO | 🌐 Session warmed
2026-09-29 02:53:41,954 | INFO |    ↳ Status 200
2026-09-29 02:53:41,954 | INFO |    ✓ Found 7 movies
2026-09-29 02:53:41,955 | INFO | [1163/1901] Fetching Murshidabad (MURS)
2026-09-29 02:53:43,432 | INFO |    ↳ Status 200
2026-09-29 02:53:43,433 | INFO |    ✓ Found 8 movies
2026-09-29 02:53:43,433 | INFO | [1164/1901] Fetching Murtizapur (MUUR)
2026-09-29 02:53:43,619 | INFO |    ↳ Status 403
2026-09-29 02:53:43,619 | WARNING |    ⚠ Blocked (403) retry 3
2026-09-29 02:53:43,694 | INFO | 🌐 Session warmed
2026-09-29 02:53:44,471 | INFO |    ↳ Status 200
2026-09-29 02:53:44,472 | INFO |    ✓ Found 8 movies
2026-09-29 02:53:44,472 | INFO | [1165/1901] Fetching Musiri (MUSI)
2026-09-29 02:53:44,775 | INFO |    ↳ Status 403
2026-09-29 02:53:44,775 | WARNING |    ⚠ Blocked (403) retry 1
2026-09-29 02:53:44,841 | INFO | 🌐 Session warmed
2026-09-29 02:53:45,176 | INFO |    ↳ Status 403
2026-09-29 02:53:45,176 | WARNING |    ⚠ Blocked (403) retry 3
2026-09-29 02:53:45,248 | INFO | 🌐 Session warmed
2026-09-29 02:53:46,727 | INFO |    ↳ Status 200
2026-09-29 02:53:46,727 | INFO |    ✓ Found 8 movies
2026-09-29 02:53:46,727 | INFO | [1166/1901] Fetching Mussoorie (MSS)
2026-09-29 02:53:47,122 | INFO |    ↳ Status 403
2026-09-29 02:53:47,122 | WARNING |    ⚠ Blocked (403) retry 2
2026-09-29 02:53:47,187 | INFO | 🌐 Session warmed
2026-09-29 02:53:47,695 | INFO | [1167/1901] Fetching Muvattupuzha (MUVA)
2026-09-29 02:53:48,685 | INFO |    ↳ Status 200
2026-09-29 02:53:48,685 | INFO |    ✓ Found 8 movies
2026-09-29 02:53:48,686 | INFO | [1168/1901] Fetching Muzaffarnagar (MUZ)
2026-09-29 02:53:48,854 | INFO |    ↳ Status 403
2026-09-29 02:53:48,854 | WARNING |    ⚠ Blocked (403) retry 1
2026-09-29 02:53:48,926 | INFO | 🌐 Session warmed
2026-09-29 02:53:49,248 | INFO | [1169/1901] Fetching Muzaffarpur (MUZA)
2026-09-29 02:53:49,701 | INFO |    ↳ Status 200
2026-09-29 02:53:49,702 | INFO |    ✓ Found 7 movies
2026-09-29 02:53:49,702 | INFO | [1170/1901] Fetching Mydukur (MYDU)
2026-09-29 02:53:49,880 | INFO |    ↳ Status 403
2026-09-29 02:53:49,880 | WARNING |    ⚠ Blocked (403) retry 1
2026-09-29 02:53:49,885 | INFO |    ↳ Status 403
2026-09-29 02:53:49,885 | WARNING |    ⚠ Blocked (403) retry 3
2026-09-29 02:53:49,955 | INFO | 🌐 Session warmed
2026-09-29 02:53:49,964 | INFO | 🌐 Session warmed
2026-09-29 02:53:50,565 | INFO |    ↳ Status 403
2026-09-29 02:53:50,565 | WARNING |    ⚠ Blocked (403) retry 2
2026-09-29 02:53:50,634 | INFO | 🌐 Session warmed
2026-09-29 02:53:50,954 | INFO |    ↳ Status 200
2026-09-29 02:53:50,954 | INFO |    ✓ Found 8 movies
2026-09-29 02:53:50,954 | INFO | [1171/1901] Fetching Mylavaram (MYLA)
2026-09-29 02:53:52,107 | INFO |    ↳ Status 403
2026-09-29 02:53:52,107 | WARNING |    ⚠ Blocked (403) retry 2
2026-09-29 02:53:52,172 | INFO | 🌐 Session warmed
2026-09-29 02:53:52,922 | INFO |    ↳ Status 200
2026-09-29 02:53:52,922 | INFO |    ✓ Found 8 movies
2026-09-29 02:53:52,922 | INFO | [1172/1901] Fetching Mysuru (Mysore) (MYS)
2026-09-29 02:53:53,913 | INFO |    ↳ Status 403
2026-09-29 02:53:53,914 | WARNING |    ⚠ Blocked (403) retry 3
2026-09-29 02:53:53,965 | INFO | [1173/1901] Fetching Nabadwip (NABB)
2026-09-29 02:53:53,982 | INFO | 🌐 Session warmed
2026-09-29 02:53:54,529 | INFO |    ↳ Status 200
2026-09-29 02:53:54,529 | INFO |    ✓ Found 8 movies
2026-09-29 02:53:54,529 | INFO | [1174/1901] Fetching Nabarangpur (NAGU)
2026-09-29 02:53:55,371 | INFO |    ↳ Status 403
2026-09-29 02:53:55,371 | WARNING |    ⚠ Blocked (403) retry 1
2026-09-29 02:53:55,439 | INFO | 🌐 Session warmed
2026-09-29 02:53:55,597 | INFO |    ↳ Status 200
2026-09-29 02:53:55,597 | INFO |    ✓ Found 7 movies
2026-09-29 02:53:55,597 | INFO | [1175/1901] Fetching Nabha (NABH)
2026-09-29 02:53:56,788 | INFO |    ↳ Status 200
2026-09-29 02:53:56,788 | INFO |    ✓ Found 7 movies
2026-09-29 02:53:56,788 | INFO | [1176/1901] Fetching Nadia (NDWB)
2026-09-29 02:53:56,841 | INFO |    ↳ Status 200
2026-09-29 02:53:56,841 | INFO |    ✓ Found 8 movies
2026-09-29 02:53:56,841 | INFO | [1177/1901] Fetching Nadiad (NADI)
2026-09-29 02:53:57,595 | INFO |    ↳ Status 403
2026-09-29 02:53:57,595 | WARNING |    ⚠ Blocked (403) retry 2
2026-09-29 02:53:57,666 | INFO | 🌐 Session warmed
2026-09-29 02:53:57,983 | INFO | [1178/1901] Fetching Nagamangala (NAGA)
2026-09-29 02:53:58,144 | INFO |    ↳ Status 200
2026-09-29 02:53:58,144 | INFO |    ✓ Found 8 movies
2026-09-29 02:53:58,144 | INFO | [1179/1901] Fetching Nagaon (NAAM)
2026-09-29 02:53:58,225 | INFO |    ↳ Status 200
2026-09-29 02:53:58,225 | INFO |    ✓ Found 7 movies
2026-09-29 02:53:58,225 | INFO | [1180/1901] Fetching Nagapattinam (NGPT)
2026-09-29 02:53:58,616 | INFO |    ↳ Status 403
2026-09-29 02:53:58,616 | WARNING |    ⚠ Blocked (403) retry 1
2026-09-29 02:53:58,683 | INFO | 🌐 Session warmed
2026-09-29 02:53:59,857 | INFO |    ↳ Status 200
2026-09-29 02:53:59,857 | INFO |    ✓ Found 8 movies
2026-09-29 02:53:59,857 | INFO | [1181/1901] Fetching Nagari (NAGI)
2026-09-29 02:53:59,914 | INFO |    ↳ Status 200
2026-09-29 02:53:59,914 | INFO |    ✓ Found 7 movies
2026-09-29 02:53:59,914 | INFO | [1182/1901] Fetching Nagarkurnool (NGKL)
2026-09-29 02:54:00,414 | INFO |    ↳ Status 403
2026-09-29 02:54:00,415 | WARNING |    ⚠ Blocked (403) retry 3
2026-09-29 02:54:00,493 | INFO | 🌐 Session warmed
2026-09-29 02:54:00,796 | INFO |    ↳ Status 403
2026-09-29 02:54:00,796 | WARNING |    ⚠ Blocked (403) retry 1
2026-09-29 02:54:00,865 | INFO | 🌐 Session warmed
2026-09-29 02:54:01,026 | INFO |    ↳ Status 403
2026-09-29 02:54:01,026 | WARNING |    ⚠ Blocked (403) retry 2
2026-09-29 02:54:01,094 | INFO | 🌐 Session warmed
2026-09-29 02:54:01,839 | INFO |    ↳ Status 200
2026-09-29 02:54:01,839 | INFO |    ✓ Found 8 movies
2026-09-29 02:54:01,839 | INFO | [1183/1901] Fetching Nagaur (NAGR)
2026-09-29 02:54:02,618 | INFO |    ↳ Status 403
2026-09-29 02:54:02,618 | WARNING |    ⚠ Blocked (403) retry 2
2026-09-29 02:54:02,685 | INFO | 🌐 Session warmed
2026-09-29 02:54:03,582 | INFO |    ↳ Status 200
2026-09-29 02:54:03,582 | INFO |    ✓ Found 7 movies
2026-09-29 02:54:03,582 | INFO | [1184/1901] Fetching Nagayalanka (NYLK)
2026-09-29 02:54:04,202 | INFO |    ↳ Status 403
2026-09-29 02:54:04,202 | WARNING |    ⚠ Blocked (403) retry 3
2026-09-29 02:54:04,267 | INFO | 🌐 Session warmed
2026-09-29 02:54:04,493 | INFO | [1185/1901] Fetching Nagda (NAGD)
2026-09-29 02:54:05,656 | INFO |    ↳ Status 200
2026-09-29 02:54:05,656 | INFO |    ✓ Found 8 movies
2026-09-29 02:54:05,657 | INFO | [1186/1901] Fetching Nagercoil (NAGE)
2026-09-29 02:54:05,726 | INFO |    ↳ Status 403
2026-09-29 02:54:05,726 | WARNING |    ⚠ Blocked (403) retry 3
2026-09-29 02:54:05,795 | INFO | 🌐 Session warmed
2026-09-29 02:54:05,837 | INFO |    ↳ Status 403
2026-09-29 02:54:05,837 | WARNING |    ⚠ Blocked (403) retry 1
2026-09-29 02:54:05,907 | INFO | 🌐 Session warmed
2026-09-29 02:54:07,553 | INFO |    ↳ Status 200
2026-09-29 02:54:07,553 | INFO |    ✓ Found 8 movies
2026-09-29 02:54:07,553 | INFO | [1187/1901] Fetching Nagothane (NAGO)
2026-09-29 02:54:07,622 | INFO |    ↳ Status 403
2026-09-29 02:54:07,623 | WARNING |    ⚠ Blocked (403) retry 2
2026-09-29 02:54:07,687 | INFO | 🌐 Session warmed
2026-09-29 02:54:08,267 | INFO | [1188/1901] Fetching Nagpur (NAGP)
2026-09-29 02:54:08,645 | INFO |    ↳ Status 200
2026-09-29 02:54:08,645 | INFO |    ✓ Found 8 movies
2026-09-29 02:54:08,645 | INFO | [1189/1901] Fetching Naharlagun (NAHA)
2026-09-29 02:54:09,675 | INFO |    ↳ Status 403
2026-09-29 02:54:09,675 | WARNING |    ⚠ Blocked (403) retry 1
2026-09-29 02:54:09,743 | INFO | 🌐 Session warmed
2026-09-29 02:54:09,795 | INFO | [1190/1901] Fetching Naidupeta (NDPT)
2026-09-29 02:54:10,025 | INFO |    ↳ Status 200
2026-09-29 02:54:10,025 | INFO |    ✓ Found 8 movies
2026-09-29 02:54:10,025 | INFO | [1191/1901] Fetching Naihati (NHTA)
2026-09-29 02:54:10,463 | INFO |    ↳ Status 403
2026-09-29 02:54:10,463 | WARNING |    ⚠ Blocked (403) retry 1
2026-09-29 02:54:10,532 | INFO | 🌐 Session warmed
2026-09-29 02:54:10,585 | INFO |    ↳ Status 403
2026-09-29 02:54:10,585 | WARNING |    ⚠ Blocked (403) retry 3
2026-09-29 02:54:10,667 | INFO | 🌐 Session warmed
2026-09-29 02:54:11,223 | INFO |    ↳ Status 200
2026-09-29 02:54:11,223 | INFO |    ✓ Found 8 movies
2026-09-29 02:54:11,224 | INFO | [1192/1901] Fetching Nainital (NAIN)
2026-09-29 02:54:11,417 | INFO |    ↳ Status 403
2026-09-29 02:54:11,417 | WARNING |    ⚠ Blocked (403) retry 2
2026-09-29 02:54:11,486 | INFO | 🌐 Session warmed
2026-09-29 02:54:12,404 | INFO |    ↳ Status 403
2026-09-29 02:54:12,404 | WARNING |    ⚠ Blocked (403) retry 2
2026-09-29 02:54:12,474 | INFO | 🌐 Session warmed
2026-09-29 02:54:12,941 | INFO |    ↳ Status 200
2026-09-29 02:54:12,941 | INFO |    ✓ Found 8 movies
2026-09-29 02:54:12,941 | INFO | [1193/1901] Fetching Najafgarh (NAJA)
2026-09-29 02:54:14,519 | INFO |    ↳ Status 403
2026-09-29 02:54:14,519 | WARNING |    ⚠ Blocked (403) retry 3
2026-09-29 02:54:14,594 | INFO | 🌐 Session warmed
2026-09-29 02:54:14,667 | INFO | [1194/1901] Fetching Najibabad (NAJI)
2026-09-29 02:54:15,129 | INFO |    ↳ Status 200
2026-09-29 02:54:15,129 | INFO |    ✓ Found 8 movies
2026-09-29 02:54:15,129 | INFO | [1195/1901] Fetching Nakhatrana (NKHT)
2026-09-29 02:54:15,421 | INFO |    ↳ Status 403
2026-09-29 02:54:15,422 | WARNING |    ⚠ Blocked (403) retry 3
2026-09-29 02:54:15,499 | INFO | 🌐 Session warmed
2026-09-29 02:54:15,597 | INFO |    ↳ Status 403
2026-09-29 02:54:15,597 | WARNING |    ⚠ Blocked (403) retry 1
2026-09-29 02:54:15,747 | INFO | 🌐 Session warmed
2026-09-29 02:54:16,368 | INFO |    ↳ Status 200
2026-09-29 02:54:16,368 | INFO |    ✓ Found 7 movies
2026-09-29 02:54:16,368 | INFO | [1196/1901] Fetching Nakodar (NAKO)
2026-09-29 02:54:17,972 | INFO |    ↳ Status 403
2026-09-29 02:54:17,973 | WARNING |    ⚠ Blocked (403) retry 2
2026-09-29 02:54:18,594 | INFO | [1197/1901] Fetching Nakrekal (NKRL)
2026-09-29 02:54:18,800 | INFO |    ↳ Status 200
2026-09-29 02:54:18,800 | INFO |    ✓ Found 7 movies
2026-09-29 02:54:18,800 | INFO | [1198/1901] Fetching Nalbari (NALB)
2026-09-29 02:54:19,283 | INFO | 🌐 Session warmed
2026-09-29 02:54:19,499 | INFO | [1199/1901] Fetching Nalgonda (NALK)
2026-09-29 02:54:19,955 | INFO |    ↳ Status 403
2026-09-29 02:54:19,955 | WARNING |    ⚠ Blocked (403) retry 1
2026-09-29 02:54:20,025 | INFO | 🌐 Session warmed
2026-09-29 02:54:20,600 | INFO |    ↳ Status 403
2026-09-29 02:54:20,600 | WARNING |    ⚠ Blocked (403) retry 1
2026-09-29 02:54:20,674 | INFO | 🌐 Session warmed
2026-09-29 02:54:21,191 | INFO |    ↳ Status 200
2026-09-29 02:54:21,192 | INFO |    ✓ Found 8 movies
2026-09-29 02:54:21,192 | INFO | [1200/1901] Fetching Nallajerla (NALJ)
2026-09-29 02:54:21,884 | INFO |    ↳ Status 403
2026-09-29 02:54:21,884 | WARNING |    ⚠ Blocked (403) retry 2
2026-09-29 02:54:21,950 | INFO | 🌐 Session warmed
2026-09-29 02:54:22,359 | INFO |    ↳ Status 403
2026-09-29 02:54:22,359 | WARNING |    ⚠ Blocked (403) retry 3
2026-09-29 02:54:22,430 | INFO | 🌐 Session warmed
2026-09-29 02:54:22,879 | INFO |    ↳ Status 200
2026-09-29 02:54:22,879 | INFO |    ✓ Found 8 movies
2026-09-29 02:54:22,879 | INFO | [1201/1901] Fetching Namakkal (NMKL)
2026-09-29 02:54:22,922 | INFO |    ↳ Status 403
2026-09-29 02:54:22,922 | WARNING |    ⚠ Blocked (403) retry 2
2026-09-29 02:54:23,002 | INFO | 🌐 Session warmed
2026-09-29 02:54:24,269 | INFO |    ↳ Status 200
2026-09-29 02:54:24,269 | INFO |    ✓ Found 8 movies
2026-09-29 02:54:24,269 | INFO | [1202/1901] Fetching Namchi (NAMI)
2026-09-29 02:54:25,193 | INFO |    ↳ Status 403
2026-09-29 02:54:25,193 | WARNING |    ⚠ Blocked (403) retry 3
2026-09-29 02:54:25,271 | INFO | 🌐 Session warmed
2026-09-29 02:54:25,384 | INFO |    ↳ Status 200
2026-09-29 02:54:25,384 | INFO |    ✓ Found 1 movies
2026-09-29 02:54:25,384 | INFO | [1203/1901] Fetching Namkhana (RAMS)
2026-09-29 02:54:26,386 | INFO |    ↳ Status 403
2026-09-29 02:54:26,386 | WARNING |    ⚠ Blocked (403) retry 3
2026-09-29 02:54:26,431 | INFO | [1204/1901] Fetching Namsai (NAMS)
2026-09-29 02:54:26,453 | INFO | 🌐 Session warmed
2026-09-29 02:54:26,973 | INFO |    ↳ Status 200
2026-09-29 02:54:26,974 | INFO |    ✓ Found 8 movies
2026-09-29 02:54:26,974 | INFO | [1205/1901] Fetching Nandakumar (NAKM)
2026-09-29 02:54:27,647 | INFO |    ↳ Status 403
2026-09-29 02:54:27,647 | WARNING |    ⚠ Blocked (403) retry 1
2026-09-29 02:54:27,720 | INFO | 🌐 Session warmed
2026-09-29 02:54:28,447 | INFO |    ↳ Status 200
2026-09-29 02:54:28,447 | INFO |    ✓ Found 8 movies
2026-09-29 02:54:28,447 | INFO | [1206/1901] Fetching Nanded (NAND)
2026-09-29 02:54:29,272 | INFO | [1207/1901] Fetching Nandigama (NDGM)
2026-09-29 02:54:29,823 | INFO |    ↳ Status 403
2026-09-29 02:54:29,823 | WARNING |    ⚠ Blocked (403) retry 2
2026-09-29 02:54:29,893 | INFO | 🌐 Session warmed
2026-09-29 02:54:29,936 | INFO |    ↳ Status 200
2026-09-29 02:54:29,936 | INFO |    ✓ Found 8 movies
2026-09-29 02:54:29,936 | INFO | [1208/1901] Fetching Nandikotkur (NDKT)
2026-09-29 02:54:30,112 | INFO |    ↳ Status 403
2026-09-29 02:54:30,112 | WARNING |    ⚠ Blocked (403) retry 1
2026-09-29 02:54:30,178 | INFO | 🌐 Session warmed
2026-09-29 02:54:30,454 | INFO | [1209/1901] Fetching Nandipet (NANZ)
2026-09-29 02:54:31,728 | INFO |    ↳ Status 403
2026-09-29 02:54:31,729 | WARNING |    ⚠ Blocked (403) retry 1
2026-09-29 02:54:31,802 | INFO | 🌐 Session warmed
2026-09-29 02:54:32,304 | INFO |    ↳ Status 200
2026-09-29 02:54:32,304 | INFO |    ✓ Found 8 movies
2026-09-29 02:54:32,304 | INFO | [1210/1901] Fetching Nandurbar (NDNB)
2026-09-29 02:54:32,526 | INFO |    ↳ Status 403
2026-09-29 02:54:32,526 | WARNING |    ⚠ Blocked (403) retry 2
2026-09-29 02:54:32,593 | INFO | 🌐 Session warmed
2026-09-29 02:54:33,242 | INFO |    ↳ Status 403
2026-09-29 02:54:33,242 | WARNING |    ⚠ Blocked (403) retry 3
2026-09-29 02:54:33,309 | INFO | 🌐 Session warmed
2026-09-29 02:54:33,946 | INFO |    ↳ Status 403
2026-09-29 02:54:33,946 | WARNING |    ⚠ Blocked (403) retry 2
2026-09-29 02:54:34,015 | INFO | 🌐 Session warmed
2026-09-29 02:54:34,040 | INFO |    ↳ Status 200
2026-09-29 02:54:34,040 | INFO |    ✓ Found 8 movies
2026-09-29 02:54:34,040 | INFO | [1211/1901] Fetching Nandyal (NADY)
2026-09-29 02:54:35,635 | INFO |    ↳ Status 403
2026-09-29 02:54:35,635 | WARNING |    ⚠ Blocked (403) retry 3
2026-09-29 02:54:35,710 | INFO | 🌐 Session warmed
2026-09-29 02:54:36,233 | INFO |    ↳ Status 200
2026-09-29 02:54:36,233 | INFO |    ✓ Found 8 movies
2026-09-29 02:54:36,233 | INFO | [1212/1901] Fetching Nanjanagudu (NJGU)
2026-09-29 02:54:37,309 | INFO | [1213/1901] Fetching Nanpara (NANP)
2026-09-29 02:54:37,437 | INFO |    ↳ Status 403
2026-09-29 02:54:37,438 | WARNING |    ⚠ Blocked (403) retry 3
2026-09-29 02:54:37,505 | INFO | 🌐 Session warmed
2026-09-29 02:54:38,644 | INFO |    ↳ Status 403
2026-09-29 02:54:38,644 | WARNING |    ⚠ Blocked (403) retry 1
2026-09-29 02:54:38,667 | INFO |    ↳ Status 200
2026-09-29 02:54:38,667 | INFO |    ✓ Found 8 movies
2026-09-29 02:54:38,667 | INFO | [1214/1901] Fetching Narasannapeta (NRPT)
2026-09-29 02:54:38,720 | INFO | 🌐 Session warmed
2026-09-29 02:54:39,625 | INFO |    ↳ Status 200
2026-09-29 02:54:39,625 | INFO |    ✓ Found 8 movies
2026-09-29 02:54:39,625 | INFO | [1215/1901] Fetching Narayankhed (NARY)
2026-09-29 02:54:39,710 | INFO | [1216/1901] Fetching Narayanpet (NRYN)
2026-09-29 02:54:40,389 | INFO |    ↳ Status 403
2026-09-29 02:54:40,389 | WARNING |    ⚠ Blocked (403) retry 1
2026-09-29 02:54:40,400 | INFO |    ↳ Status 403
2026-09-29 02:54:40,400 | WARNING |    ⚠ Blocked (403) retry 2
2026-09-29 02:54:40,466 | INFO | 🌐 Session warmed
2026-09-29 02:54:40,467 | INFO | 🌐 Session warmed
2026-09-29 02:54:41,382 | INFO |    ↳ Status 200
2026-09-29 02:54:41,382 | INFO |    ✓ Found 8 movies
2026-09-29 02:54:41,382 | INFO | [1217/1901] Fetching Narayanpur (NRYA)
2026-09-29 02:54:41,505 | INFO | [1218/1901] Fetching Narayanpur (Assam) (NSAZ)
2026-09-29 02:54:42,583 | INFO |    ↳ Status 403
2026-09-29 02:54:42,583 | WARNING |    ⚠ Blocked (403) retry 2
2026-09-29 02:54:42,669 | INFO | 🌐 Session warmed
2026-09-29 02:54:42,889 | INFO |    ↳ Status 403
2026-09-29 02:54:42,889 | WARNING |    ⚠ Blocked (403) retry 1
2026-09-29 02:54:42,966 | INFO | 🌐 Session warmed
2026-09-29 02:54:43,071 | INFO |    ↳ Status 200
2026-09-29 02:54:43,071 | INFO |    ✓ Found 8 movies
2026-09-29 02:54:43,071 | INFO | [1219/1901] Fetching Narayanpur (CH) (NRYA)
2026-09-29 02:54:43,117 | INFO |    ↳ Status 403
2026-09-29 02:54:43,117 | WARNING |    ⚠ Blocked (403) retry 3
2026-09-29 02:54:43,188 | INFO | 🌐 Session warmed
2026-09-29 02:54:44,344 | INFO |    ↳ Status 200
2026-09-29 02:54:44,344 | INFO |    ✓ Found 8 movies
2026-09-29 02:54:44,344 | INFO | [1220/1901] Fetching Nargund (NRGD)
2026-09-29 02:54:45,239 | INFO |    ↳ Status 403
2026-09-29 02:54:45,239 | WARNING |    ⚠ Blocked (403) retry 2
2026-09-29 02:54:45,321 | INFO | 🌐 Session warmed
2026-09-29 02:54:45,696 | INFO |    ↳ Status 200
2026-09-29 02:54:45,696 | INFO |    ✓ Found 8 movies
2026-09-29 02:54:45,696 | INFO | [1221/1901] Fetching Narnaul (NARN)
2026-09-29 02:54:45,899 | INFO |    ↳ Status 403
2026-09-29 02:54:45,899 | WARNING |    ⚠ Blocked (403) retry 3
2026-09-29 02:54:45,968 | INFO | 🌐 Session warmed
2026-09-29 02:54:47,188 | INFO | [1222/1901] Fetching Narsampet (NASP)
2026-09-29 02:54:47,833 | INFO |    ↳ Status 200
2026-09-29 02:54:47,833 | INFO |    ✓ Found 7 movies
2026-09-29 02:54:47,833 | INFO | [1223/1901] Fetching Narsapur (NARP)
2026-09-29 02:54:48,549 | INFO |    ↳ Status 403
2026-09-29 02:54:48,549 | WARNING |    ⚠ Blocked (403) retry 3
2026-09-29 02:54:48,578 | INFO |    ↳ Status 403
2026-09-29 02:54:48,578 | WARNING |    ⚠ Blocked (403) retry 1
2026-09-29 02:54:48,620 | INFO | 🌐 Session warmed
2026-09-29 02:54:48,644 | INFO | 🌐 Session warmed
2026-09-29 02:54:49,882 | INFO |    ↳ Status 200
2026-09-29 02:54:49,882 | INFO |    ✓ Found 8 movies
2026-09-29 02:54:49,882 | INFO | [1224/1901] Fetching Narsapur (Medak) (NRPR)
2026-09-29 02:54:49,969 | INFO | [1225/1901] Fetching Narsinghpur (NARR)
2026-09-29 02:54:50,677 | INFO |    ↳ Status 403
2026-09-29 02:54:50,677 | WARNING |    ⚠ Blocked (403) retry 2
2026-09-29 02:54:50,756 | INFO | 🌐 Session warmed
2026-09-29 02:54:50,779 | INFO |    ↳ Status 403
2026-09-29 02:54:50,779 | WARNING |    ⚠ Blocked (403) retry 1
2026-09-29 02:54:50,847 | INFO | 🌐 Session warmed
2026-09-29 02:54:51,801 | INFO |    ↳ Status 200
2026-09-29 02:54:51,801 | INFO |    ✓ Found 8 movies
2026-09-29 02:54:51,801 | INFO | [1226/1901] Fetching Narsipatnam (NARS)
2026-09-29 02:54:52,620 | INFO | [1227/1901] Fetching Narwana (NARA)
2026-09-29 02:54:53,054 | INFO |    ↳ Status 403
2026-09-29 02:54:53,054 | WARNING |    ⚠ Blocked (403) retry 2
2026-09-29 02:54:53,060 | INFO |    ↳ Status 200
2026-09-29 02:54:53,060 | INFO |    ✓ Found 8 movies
2026-09-29 02:54:53,060 | INFO | [1228/1901] Fetching Nashik (NASK)
2026-09-29 02:54:53,122 | INFO | 🌐 Session warmed
2026-09-29 02:54:53,464 | INFO |    ↳ Status 403
2026-09-29 02:54:53,464 | WARNING |    ⚠ Blocked (403) retry 1
2026-09-29 02:54:53,698 | INFO | 🌐 Session warmed
2026-09-29 02:54:53,934 | INFO |    ↳ Status 403
2026-09-29 02:54:53,934 | WARNING |    ⚠ Blocked (403) retry 3
2026-09-29 02:54:54,200 | INFO | 🌐 Session warmed
2026-09-29 02:54:55,055 | INFO |    ↳ Status 200
2026-09-29 02:54:55,055 | INFO |    ✓ Found 8 movies
2026-09-29 02:54:55,055 | INFO | [1229/1901] Fetching Natham (NATH)
2026-09-29 02:54:55,793 | INFO |    ↳ Status 403
2026-09-29 02:54:55,793 | WARNING |    ⚠ Blocked (403) retry 2
2026-09-29 02:54:55,874 | INFO | 🌐 Session warmed
2026-09-29 02:54:56,299 | INFO |    ↳ Status 403
2026-09-29 02:54:56,299 | WARNING |    ⚠ Blocked (403) retry 3
2026-09-29 02:54:56,369 | INFO | 🌐 Session warmed
2026-09-29 02:54:57,096 | INFO |    ↳ Status 200
2026-09-29 02:54:57,096 | INFO |    ✓ Found 8 movies
2026-09-29 02:54:57,096 | INFO | [1230/1901] Fetching Nathdwara (NATW)
2026-09-29 02:54:58,200 | INFO | [1231/1901] Fetching Nautanwa (NAUT)
2026-09-29 02:54:58,831 | INFO |    ↳ Status 403
2026-09-29 02:54:58,831 | WARNING |    ⚠ Blocked (403) retry 1
2026-09-29 02:54:58,902 | INFO | 🌐 Session warmed
2026-09-29 02:54:59,034 | INFO |    ↳ Status 200
2026-09-29 02:54:59,035 | INFO |    ✓ Found 7 movies
2026-09-29 02:54:59,035 | INFO | [1232/1901] Fetching Navsari (NVSR)
2026-09-29 02:54:59,156 | INFO |    ↳ Status 403
2026-09-29 02:54:59,157 | WARNING |    ⚠ Blocked (403) retry 3
2026-09-29 02:54:59,233 | INFO | 🌐 Session warmed
2026-09-29 02:55:00,369 | INFO | [1233/1901] Fetching Nawada (NAWD)
2026-09-29 02:55:00,464 | INFO |    ↳ Status 200
2026-09-29 02:55:00,465 | INFO |    ✓ Found 7 movies
2026-09-29 02:55:00,465 | INFO | [1234/1901] Fetching Nawalgarh (NANA)
2026-09-29 02:55:00,531 | INFO |    ↳ Status 403
2026-09-29 02:55:00,531 | WARNING |    ⚠ Blocked (403) retry 2
2026-09-29 02:55:00,599 | INFO | 🌐 Session warmed
2026-09-29 02:55:01,454 | INFO |    ↳ Status 403
2026-09-29 02:55:01,454 | WARNING |    ⚠ Blocked (403) retry 1
2026-09-29 02:55:01,530 | INFO | 🌐 Session warmed
2026-09-29 02:55:02,172 | INFO |    ↳ Status 200
2026-09-29 02:55:02,173 | INFO |    ✓ Found 7 movies
2026-09-29 02:55:02,173 | INFO | [1235/1901] Fetching Nawanshahr (NAVN)
2026-09-29 02:55:03,149 | INFO |    ↳ Status 200
2026-09-29 02:55:03,149 | INFO |    ✓ Found 7 movies
2026-09-29 02:55:03,149 | INFO | [1236/1901] Fetching Nawapara (NAWA)
2026-09-29 02:55:03,233 | INFO | [1237/1901] Fetching Nayagarh (NAYG)
2026-09-29 02:55:03,397 | INFO |    ↳ Status 403
2026-09-29 02:55:03,397 | WARNING |    ⚠ Blocked (403) retry 3
2026-09-29 02:55:03,466 | INFO | 🌐 Session warmed
2026-09-29 02:55:03,634 | INFO |    ↳ Status 403
2026-09-29 02:55:03,634 | WARNING |    ⚠ Blocked (403) retry 2
2026-09-29 02:55:03,713 | INFO | 🌐 Session warmed
2026-09-29 02:55:04,273 | INFO |    ↳ Status 403
2026-09-29 02:55:04,273 | WARNING |    ⚠ Blocked (403) retry 1
2026-09-29 02:55:04,339 | INFO | 🌐 Session warmed
2026-09-29 02:55:04,766 | INFO |    ↳ Status 200
2026-09-29 02:55:04,766 | INFO |    ✓ Found 8 movies
2026-09-29 02:55:04,766 | INFO | [1238/1901] Fetching Nazira (NZRA)
2026-09-29 02:55:05,739 | INFO |    ↳ Status 200
2026-09-29 02:55:05,739 | INFO |    ✓ Found 7 movies
2026-09-29 02:55:05,739 | INFO | [1239/1901] Fetching Nazirpur (NAZR)
2026-09-29 02:55:06,032 | INFO |    ↳ Status 403
2026-09-29 02:55:06,032 | WARNING |    ⚠ Blocked (403) retry 2
2026-09-29 02:55:06,112 | INFO | 🌐 Session warmed
2026-09-29 02:55:06,768 | INFO |    ↳ Status 403
2026-09-29 02:55:06,768 | WARNING |    ⚠ Blocked (403) retry 3
2026-09-29 02:55:06,838 | INFO | 🌐 Session warmed
2026-09-29 02:55:06,905 | INFO |    ↳ Status 200
2026-09-29 02:55:06,905 | INFO |    ✓ Found 8 movies
2026-09-29 02:55:06,905 | INFO | [1240/1901] Fetching Nedumbassery (NEDM)
2026-09-29 02:55:07,466 | INFO | [1241/1901] Fetching Nedumkandam (NEDU)
2026-09-29 02:55:08,324 | INFO |    ↳ Status 403
2026-09-29 02:55:08,324 | WARNING |    ⚠ Blocked (403) retry 1
2026-09-29 02:55:08,388 | INFO | 🌐 Session warmed
2026-09-29 02:55:08,486 | INFO |    ↳ Status 200
2026-09-29 02:55:08,486 | INFO |    ✓ Found 8 movies
2026-09-29 02:55:08,486 | INFO | [1242/1901] Fetching Neelapalli (NELP)
2026-09-29 02:55:08,773 | INFO |    ↳ Status 403
2026-09-29 02:55:08,773 | WARNING |    ⚠ Blocked (403) retry 3
2026-09-29 02:55:08,839 | INFO | 🌐 Session warmed
2026-09-29 02:55:09,952 | INFO |    ↳ Status 200
2026-09-29 02:55:09,952 | INFO |    ✓ Found 8 movies
2026-09-29 02:55:09,952 | INFO | [1243/1901] Fetching Neemrana (NEEM)
2026-09-29 02:55:10,710 | INFO |    ↳ Status 403
2026-09-29 02:55:10,710 | WARNING |    ⚠ Blocked (403) retry 2
2026-09-29 02:55:10,779 | INFO | 🌐 Session warmed
2026-09-29 02:55:10,838 | INFO | [1244/1901] Fetching Neemuch (NMCH)
2026-09-29 02:55:11,188 | INFO |    ↳ Status 200
2026-09-29 02:55:11,189 | INFO |    ✓ Found 7 movies
2026-09-29 02:55:11,189 | INFO | [1245/1901] Fetching Nelakondapalli (NELA)
2026-09-29 02:55:12,232 | INFO |    ↳ Status 403
2026-09-29 02:55:12,232 | WARNING |    ⚠ Blocked (403) retry 1
2026-09-29 02:55:12,372 | INFO | 🌐 Session warmed
2026-09-29 02:55:12,400 | INFO |    ↳ Status 200
2026-09-29 02:55:12,400 | INFO |    ✓ Found 8 movies
2026-09-29 02:55:12,400 | INFO | [1246/1901] Fetching Nelamangala (NMGL)
2026-09-29 02:55:12,840 | INFO | [1247/1901] Fetching Nellimarla (NLEM)
2026-09-29 02:55:14,046 | INFO |    ↳ Status 403
2026-09-29 02:55:14,046 | WARNING |    ⚠ Blocked (403) retry 1
2026-09-29 02:55:14,110 | INFO | 🌐 Session warmed
2026-09-29 02:55:14,177 | INFO |    ↳ Status 403
2026-09-29 02:55:14,177 | WARNING |    ⚠ Blocked (403) retry 3
2026-09-29 02:55:14,222 | INFO |    ↳ Status 200
2026-09-29 02:55:14,222 | INFO |    ✓ Found 8 movies
2026-09-29 02:55:14,222 | INFO | [1248/1901] Fetching Nellimoodu (NELM)
2026-09-29 02:55:14,250 | INFO | 🌐 Session warmed
2026-09-29 02:55:14,782 | INFO |    ↳ Status 403
2026-09-29 02:55:14,782 | WARNING |    ⚠ Blocked (403) retry 2
2026-09-29 02:55:14,863 | INFO | 🌐 Session warmed
2026-09-29 02:55:15,968 | INFO |    ↳ Status 200
2026-09-29 02:55:15,969 | INFO |    ✓ Found 8 movies
2026-09-29 02:55:15,969 | INFO | [1249/1901] Fetching Nellore (NELL)
2026-09-29 02:55:16,058 | INFO |    ↳ Status 200
2026-09-29 02:55:16,058 | INFO |    ✓ Found 8 movies
2026-09-29 02:55:16,058 | INFO | [1250/1901] Fetching Nemmara (NENM)
2026-09-29 02:55:17,254 | INFO |    ↳ Status 403
2026-09-29 02:55:17,254 | WARNING |    ⚠ Blocked (403) retry 1
2026-09-29 02:55:17,325 | INFO | 🌐 Session warmed
2026-09-29 02:55:17,515 | INFO |    ↳ Status 200
2026-09-29 02:55:17,515 | INFO |    ✓ Found 8 movies
2026-09-29 02:55:17,515 | INFO | [1251/1901] Fetching Nenmara (NENM)
2026-09-29 02:55:18,250 | INFO | [1252/1901] Fetching Nepalgunj (NEPJ)
2026-09-29 02:55:18,269 | INFO |    ↳ Status 403
2026-09-29 02:55:18,269 | WARNING |    ⚠ Blocked (403) retry 3
2026-09-29 02:55:18,339 | INFO | 🌐 Session warmed
2026-09-29 02:55:19,010 | INFO |    ↳ Status 200
2026-09-29 02:55:19,010 | INFO |    ✓ Found 8 movies
2026-09-29 02:55:19,010 | INFO | [1253/1901] Fetching Ner Parsopant (NERP)
2026-09-29 02:55:19,125 | INFO |    ↳ Status 403
2026-09-29 02:55:19,125 | WARNING |    ⚠ Blocked (403) retry 2
2026-09-29 02:55:19,174 | INFO |    ↳ Status 403
2026-09-29 02:55:19,174 | WARNING |    ⚠ Blocked (403) retry 1
2026-09-29 02:55:19,196 | INFO | 🌐 Session warmed
2026-09-29 02:55:19,251 | INFO | 🌐 Session warmed
2026-09-29 02:55:21,013 | INFO |    ↳ Status 200
2026-09-29 02:55:21,013 | INFO |    ✓ Found 8 movies
2026-09-29 02:55:21,013 | INFO | [1254/1901] Fetching Neral (NERA)
2026-09-29 02:55:21,247 | INFO |    ↳ Status 403
2026-09-29 02:55:21,248 | WARNING |    ⚠ Blocked (403) retry 2
2026-09-29 02:55:21,456 | INFO | 🌐 Session warmed
2026-09-29 02:55:21,955 | INFO |    ↳ Status 403
2026-09-29 02:55:21,955 | WARNING |    ⚠ Blocked (403) retry 3
2026-09-29 02:55:22,032 | INFO | 🌐 Session warmed
2026-09-29 02:55:22,218 | INFO |    ↳ Status 200
2026-09-29 02:55:22,218 | INFO |    ✓ Found 8 movies
2026-09-29 02:55:22,218 | INFO | [1255/1901] Fetching Nereducharla (NDRL)
2026-09-29 02:55:22,340 | INFO | [1256/1901] Fetching New Tehri (TEHR)
2026-09-29 02:55:23,153 | INFO |    ↳ Status 403
2026-09-29 02:55:23,153 | WARNING |    ⚠ Blocked (403) retry 1
2026-09-29 02:55:23,237 | INFO | 🌐 Session warmed
2026-09-29 02:55:23,614 | INFO |    ↳ Status 200
2026-09-29 02:55:23,614 | INFO |    ✓ Found 8 movies
2026-09-29 02:55:23,614 | INFO | [1257/1901] Fetching Neyveli (NYVL)
2026-09-29 02:55:24,436 | INFO |    ↳ Status 403
2026-09-29 02:55:24,436 | WARNING |    ⚠ Blocked (403) retry 3
2026-09-29 02:55:24,504 | INFO | 🌐 Session warmed
2026-09-29 02:55:24,781 | INFO |    ↳ Status 200
2026-09-29 02:55:24,781 | INFO |    ✓ Found 8 movies
2026-09-29 02:55:24,781 | INFO | [1258/1901] Fetching Nichlaul (NCUL)
2026-09-29 02:55:25,593 | INFO |    ↳ Status 403
2026-09-29 02:55:25,593 | WARNING |    ⚠ Blocked (403) retry 2
2026-09-29 02:55:25,661 | INFO | 🌐 Session warmed
2026-09-29 02:55:26,032 | INFO | [1259/1901] Fetching Nidadavolu (NDVD)
2026-09-29 02:55:26,736 | INFO |    ↳ Status 403
2026-09-29 02:55:26,736 | WARNING |    ⚠ Blocked (403) retry 1
2026-09-29 02:55:26,843 | INFO | 🌐 Session warmed
2026-09-29 02:55:27,059 | INFO |    ↳ Status 200
2026-09-29 02:55:27,059 | INFO |    ✓ Found 8 movies
2026-09-29 02:55:27,059 | INFO | [1260/1901] Fetching Nilagiri (NIGA)
2026-09-29 02:55:28,059 | INFO |    ↳ Status 200
2026-09-29 02:55:28,059 | INFO |    ✓ Found 8 movies
2026-09-29 02:55:28,059 | INFO | [1261/1901] Fetching Nilakottai (NILA)
2026-09-29 02:55:28,397 | INFO |    ↳ Status 403
2026-09-29 02:55:28,397 | WARNING |    ⚠ Blocked (403) retry 3
2026-09-29 02:55:28,464 | INFO | 🌐 Session warmed
2026-09-29 02:55:28,504 | INFO | [1262/1901] Fetching Nilanga (NLNG)
2026-09-29 02:55:29,297 | INFO |    ↳ Status 200
2026-09-29 02:55:29,297 | INFO |    ✓ Found 8 movies
2026-09-29 02:55:29,297 | INFO | [1263/1901] Fetching Nilgiris (NILG)
2026-09-29 02:55:29,766 | INFO |    ↳ Status 403
2026-09-29 02:55:29,767 | WARNING |    ⚠ Blocked (403) retry 1
2026-09-29 02:55:29,839 | INFO | 🌐 Session warmed
2026-09-29 02:55:30,319 | INFO |    ↳ Status 200
2026-09-29 02:55:30,319 | INFO |    ✓ Found 8 movies
2026-09-29 02:55:30,319 | INFO | [1264/1901] Fetching Nimapara (NIMA)
2026-09-29 02:55:31,664 | INFO |    ↳ Status 403
2026-09-29 02:55:31,664 | WARNING |    ⚠ Blocked (403) retry 2
2026-09-29 02:55:31,730 | INFO | 🌐 Session warmed
2026-09-29 02:55:31,791 | INFO |    ↳ Status 200
2026-09-29 02:55:31,791 | INFO |    ✓ Found 8 movies
2026-09-29 02:55:31,791 | INFO | [1265/1901] Fetching Nimbahera (NIPA)
2026-09-29 02:55:32,464 | INFO | [1266/1901] Fetching Nindra (NNDR)
2026-09-29 02:55:33,239 | INFO |    ↳ Status 200
2026-09-29 02:55:33,239 | INFO |    ✓ Found 7 movies
2026-09-29 02:55:33,239 | INFO | [1267/1901] Fetching Nipani (NIPN)
2026-09-29 02:55:33,327 | INFO |    ↳ Status 403
2026-09-29 02:55:33,327 | WARNING |    ⚠ Blocked (403) retry 1
2026-09-29 02:55:33,402 | INFO | 🌐 Session warmed
2026-09-29 02:55:34,444 | INFO |    ↳ Status 403
2026-09-29 02:55:34,444 | WARNING |    ⚠ Blocked (403) retry 3
2026-09-29 02:55:34,524 | INFO | 🌐 Session warmed
2026-09-29 02:55:34,995 | INFO |    ↳ Status 200
2026-09-29 02:55:34,996 | INFO |    ✓ Found 8 movies
2026-09-29 02:55:34,996 | INFO | [1268/1901] Fetching Niphad (NIPD)
2026-09-29 02:55:35,134 | INFO |    ↳ Status 403
2026-09-29 02:55:35,134 | WARNING |    ⚠ Blocked (403) retry 2
2026-09-29 02:55:35,210 | INFO | 🌐 Session warmed
2026-09-29 02:55:36,121 | INFO |    ↳ Status 200
2026-09-29 02:55:36,121 | INFO |    ✓ Found 8 movies
2026-09-29 02:55:36,122 | INFO | [1269/1901] Fetching Nirjuli (NIRJ)
2026-09-29 02:55:36,521 | INFO |    ↳ Status 200
2026-09-29 02:55:36,521 | INFO |    ✓ Found 8 movies
2026-09-29 02:55:36,521 | INFO | [1270/1901] Fetching Nizamabad (NIZA)
2026-09-29 02:55:37,444 | INFO |    ↳ Status 403
2026-09-29 02:55:37,444 | WARNING |    ⚠ Blocked (403) retry 1
2026-09-29 02:55:37,526 | INFO | 🌐 Session warmed
2026-09-29 02:55:38,435 | INFO |    ↳ Status 200
2026-09-29 02:55:38,435 | INFO |    ✓ Found 2 movies
2026-09-29 02:55:38,435 | INFO | [1271/1901] Fetching Nokha (NKHA)
2026-09-29 02:55:38,524 | INFO | [1272/1901] Fetching Nooranad (NOOR)
2026-09-29 02:55:38,527 | INFO |    ↳ Status 403
2026-09-29 02:55:38,527 | WARNING |    ⚠ Blocked (403) retry 3
2026-09-29 02:55:38,595 | INFO | 🌐 Session warmed
2026-09-29 02:55:39,265 | INFO |    ↳ Status 403
2026-09-29 02:55:39,265 | WARNING |    ⚠ Blocked (403) retry 1
2026-09-29 02:55:39,332 | INFO | 🌐 Session warmed
2026-09-29 02:55:39,668 | INFO |    ↳ Status 200
2026-09-29 02:55:39,668 | INFO |    ✓ Found 7 movies
2026-09-29 02:55:39,668 | INFO | [1273/1901] Fetching Nurpur (NURP)
2026-09-29 02:55:39,903 | INFO |    ↳ Status 403
2026-09-29 02:55:39,903 | WARNING |    ⚠ Blocked (403) retry 2
2026-09-29 02:55:39,976 | INFO | 🌐 Session warmed
2026-09-29 02:55:40,672 | INFO |    ↳ Status 200
2026-09-29 02:55:40,672 | INFO |    ✓ Found 8 movies
2026-09-29 02:55:40,672 | INFO | [1274/1901] Fetching Nuzvid (NZVD)
2026-09-29 02:55:42,447 | INFO |    ↳ Status 200
2026-09-29 02:55:42,447 | INFO |    ✓ Found 8 movies
2026-09-29 02:55:42,447 | INFO | [1275/1901] Fetching Nyamathi (NYNT)
2026-09-29 02:55:42,497 | INFO |    ↳ Status 200
2026-09-29 02:55:42,497 | INFO |    ✓ Found 8 movies
2026-09-29 02:55:42,497 | INFO | [1276/1901] Fetching Oddanchatram (ODDA)
2026-09-29 02:55:42,595 | INFO | [1277/1901] Fetching Ojhar (HJOR)
2026-09-29 02:55:42,962 | INFO |    ↳ Status 403
2026-09-29 02:55:42,962 | WARNING |    ⚠ Blocked (403) retry 3
2026-09-29 02:55:43,029 | INFO | 🌐 Session warmed
2026-09-29 02:55:43,637 | INFO |    ↳ Status 403
2026-09-29 02:55:43,637 | WARNING |    ⚠ Blocked (403) retry 1
2026-09-29 02:55:43,721 | INFO | 🌐 Session warmed
2026-09-29 02:55:44,026 | INFO |    ↳ Status 200
2026-09-29 02:55:44,027 | INFO |    ✓ Found 8 movies
2026-09-29 02:55:44,027 | INFO | [1278/1901] Fetching Okha (OKAH)
2026-09-29 02:55:44,105 | INFO |    ↳ Status 200
2026-09-29 02:55:44,105 | INFO |    ✓ Found 8 movies
2026-09-29 02:55:44,105 | INFO | [1279/1901] Fetching Ongole (ONGL)
2026-09-29 02:55:45,889 | INFO |    ↳ Status 200
2026-09-29 02:55:45,889 | INFO |    ✓ Found 8 movies
2026-09-29 02:55:45,889 | INFO | [1280/1901] Fetching Ooty (OOTY)
2026-09-29 02:55:45,947 | INFO |    ↳ Status 200
2026-09-29 02:55:45,947 | INFO |    ✓ Found 8 movies
2026-09-29 02:55:45,947 | INFO | [1281/1901] Fetching Orai (ORAI)
2026-09-29 02:55:46,004 | INFO |    ↳ Status 403
2026-09-29 02:55:46,005 | WARNING |    ⚠ Blocked (403) retry 2
2026-09-29 02:55:46,072 | INFO | 🌐 Session warmed
2026-09-29 02:55:47,030 | INFO | [1282/1901] Fetching Orchha (ORHH)
2026-09-29 02:55:47,426 | INFO |    ↳ Status 200
2026-09-29 02:55:47,426 | INFO |    ✓ Found 8 movies
2026-09-29 02:55:47,426 | INFO | [1283/1901] Fetching Ottapalam (OTTP)
2026-09-29 02:55:47,900 | INFO |    ↳ Status 200
2026-09-29 02:55:47,900 | INFO |    ✓ Found 8 movies
2026-09-29 02:55:47,900 | INFO | [1284/1901] Fetching P. Dharmavaram (PDHR)
2026-09-29 02:55:48,599 | INFO |    ↳ Status 200
2026-09-29 02:55:48,599 | INFO |    ✓ Found 7 movies
2026-09-29 02:55:48,599 | INFO | [1285/1901] Fetching P.Gannavaram (PPGG)
2026-09-29 02:55:48,834 | INFO |    ↳ Status 403
2026-09-29 02:55:48,834 | WARNING |    ⚠ Blocked (403) retry 3
2026-09-29 02:55:48,911 | INFO | 🌐 Session warmed
2026-09-29 02:55:49,526 | INFO |    ↳ Status 200
2026-09-29 02:55:49,526 | INFO |    ✓ Found 8 movies
2026-09-29 02:55:49,526 | INFO | [1286/1901] Fetching Padampur (PADA)
2026-09-29 02:55:49,866 | INFO |    ↳ Status 200
2026-09-29 02:55:49,866 | INFO |    ✓ Found 8 movies
2026-09-29 02:55:49,866 | INFO | [1287/1901] Fetching Padrauna (PADR)
2026-09-29 02:55:50,061 | INFO |    ↳ Status 200
2026-09-29 02:55:50,061 | INFO |    ✓ Found 8 movies
2026-09-29 02:55:50,061 | INFO | [1288/1901] Fetching Padubidri (PUYI)
2026-09-29 02:55:50,594 | INFO |    ↳ Status 200
2026-09-29 02:55:50,594 | INFO |    ✓ Found 7 movies
2026-09-29 02:55:50,594 | INFO | [1289/1901] Fetching Pakala (PAKA)
2026-09-29 02:55:51,658 | INFO |    ↳ Status 200
2026-09-29 02:55:51,658 | INFO |    ✓ Found 8 movies
2026-09-29 02:55:51,658 | INFO | [1290/1901] Fetching Pala (PALL)
2026-09-29 02:55:51,787 | INFO |    ↳ Status 200
2026-09-29 02:55:51,787 | INFO |    ✓ Found 7 movies
2026-09-29 02:55:51,787 | INFO | [1291/1901] Fetching Palakkad (PLKK)
2026-09-29 02:55:52,582 | INFO |    ↳ Status 200
2026-09-29 02:55:52,582 | INFO |    ✓ Found 8 movies
2026-09-29 02:55:52,582 | INFO | [1292/1901] Fetching Palakollu (PLKL)
2026-09-29 02:55:52,911 | INFO | [1293/1901] Fetching Palakonda (PALK)
2026-09-29 02:55:53,765 | INFO |    ↳ Status 200
2026-09-29 02:55:53,765 | INFO |    ✓ Found 8 movies
2026-09-29 02:55:53,765 | INFO | [1294/1901] Fetching Palakurthy (PLAT)
2026-09-29 02:55:53,833 | INFO |    ↳ Status 200
2026-09-29 02:55:53,834 | INFO |    ✓ Found 8 movies
2026-09-29 02:55:53,834 | INFO | [1295/1901] Fetching Palamaner (PLMN)
2026-09-29 02:55:53,846 | INFO |    ↳ Status 403
2026-09-29 02:55:53,846 | WARNING |    ⚠ Blocked (403) retry 1
2026-09-29 02:55:53,915 | INFO | 🌐 Session warmed
2026-09-29 02:55:54,075 | INFO |    ↳ Status 200
2026-09-29 02:55:54,075 | INFO |    ✓ Found 8 movies
2026-09-29 02:55:54,075 | INFO | [1296/1901] Fetching Palampur (PALM)
2026-09-29 02:55:55,100 | INFO |    ↳ Status 200
2026-09-29 02:55:55,101 | INFO |    ✓ Found 8 movies
2026-09-29 02:55:55,101 | INFO | [1297/1901] Fetching Palani (PALA)
2026-09-29 02:55:55,721 | INFO |    ↳ Status 200
2026-09-29 02:55:55,721 | INFO |    ✓ Found 6 movies
2026-09-29 02:55:55,722 | INFO | [1298/1901] Fetching Palanpur (PALN)
2026-09-29 02:55:55,922 | INFO |    ↳ Status 200
2026-09-29 02:55:55,923 | INFO |    ✓ Found 8 movies
2026-09-29 02:55:55,923 | INFO | [1299/1901] Fetching Palapetty (PALT)
2026-09-29 02:55:56,297 | INFO |    ↳ Status 403
2026-09-29 02:55:56,297 | WARNING |    ⚠ Blocked (403) retry 2
2026-09-29 02:55:56,377 | INFO | 🌐 Session warmed
2026-09-29 02:55:57,008 | INFO |    ↳ Status 200
2026-09-29 02:55:57,008 | INFO |    ✓ Found 7 movies
2026-09-29 02:55:57,008 | INFO | [1300/1901] Fetching Palasa (PALS)
2026-09-29 02:55:57,070 | INFO |    ↳ Status 200
2026-09-29 02:55:57,070 | INFO |    ✓ Found 8 movies
2026-09-29 02:55:57,070 | INFO | [1301/1901] Fetching Palghar (PALG)
2026-09-29 02:55:57,125 | INFO |    ↳ Status 200
2026-09-29 02:55:57,125 | INFO |    ✓ Found 8 movies
2026-09-29 02:55:57,125 | INFO | [1302/1901] Fetching Pali (PAAL)
2026-09-29 02:55:58,444 | INFO |    ↳ Status 200
2026-09-29 02:55:58,444 | INFO |    ✓ Found 8 movies
2026-09-29 02:55:58,444 | INFO | [1303/1901] Fetching Palia Kalan (PAKN)
2026-09-29 02:55:59,014 | INFO |    ↳ Status 403
2026-09-29 02:55:59,014 | WARNING |    ⚠ Blocked (403) retry 3
2026-09-29 02:55:59,074 | INFO |    ↳ Status 200
2026-09-29 02:55:59,074 | INFO |    ✓ Found 7 movies
2026-09-29 02:55:59,074 | INFO | [1304/1901] Fetching Palitana (PALI)
2026-09-29 02:55:59,088 | INFO | 🌐 Session warmed
2026-09-29 02:55:59,289 | INFO |    ↳ Status 200
2026-09-29 02:55:59,289 | INFO |    ✓ Found 8 movies
2026-09-29 02:55:59,289 | INFO | [1305/1901] Fetching Palladam (PLDM)
2026-09-29 02:55:59,952 | INFO |    ↳ Status 200
2026-09-29 02:55:59,952 | INFO |    ✓ Found 7 movies
2026-09-29 02:55:59,952 | INFO | [1306/1901] Fetching Pallickathodu (PKTU)
2026-09-29 02:56:00,802 | INFO |    ↳ Status 200
2026-09-29 02:56:00,802 | INFO |    ✓ Found 7 movies
2026-09-29 02:56:00,802 | INFO | [1307/1901] Fetching Pallipalayam (PLLI)
2026-09-29 02:56:01,201 | INFO |    ↳ Status 200
2026-09-29 02:56:01,201 | INFO |    ✓ Found 8 movies
2026-09-29 02:56:01,201 | INFO | [1308/1901] Fetching Palluruthy (PALY)
2026-09-29 02:56:01,256 | INFO |    ↳ Status 200
2026-09-29 02:56:01,256 | INFO |    ✓ Found 8 movies
2026-09-29 02:56:01,256 | INFO | [1309/1901] Fetching Palwal (PLWL)
2026-09-29 02:56:02,582 | INFO |    ↳ Status 200
2026-09-29 02:56:02,583 | INFO |    ✓ Found 8 movies
2026-09-29 02:56:02,583 | INFO | [1310/1901] Fetching Palwancha (PLWA)
2026-09-29 02:56:03,088 | INFO | [1311/1901] Fetching Pamarru (PAMA)
2026-09-29 02:56:03,132 | INFO |    ↳ Status 200
2026-09-29 02:56:03,132 | INFO |    ✓ Found 8 movies
2026-09-29 02:56:03,133 | INFO | [1312/1901] Fetching Pamidi (PAMI)
2026-09-29 02:56:03,535 | INFO |    ↳ Status 200
2026-09-29 02:56:03,535 | INFO |    ✓ Found 7 movies
2026-09-29 02:56:03,535 | INFO | [1313/1901] Fetching Pamuru (PMMR)
2026-09-29 02:56:03,890 | INFO |    ↳ Status 200
2026-09-29 02:56:03,890 | INFO |    ✓ Found 8 movies
2026-09-29 02:56:03,890 | INFO | [1314/1901] Fetching Panachamoodu (PAMO)
2026-09-29 02:56:04,040 | INFO |    ↳ Status 403
2026-09-29 02:56:04,040 | WARNING |    ⚠ Blocked (403) retry 1
2026-09-29 02:56:04,106 | INFO | 🌐 Session warmed
2026-09-29 02:56:04,336 | INFO |    ↳ Status 200
2026-09-29 02:56:04,336 | INFO |    ✓ Found 8 movies
2026-09-29 02:56:04,336 | INFO | [1315/1901] Fetching Panaji (PANA)
2026-09-29 02:56:05,515 | INFO |    ↳ Status 200
2026-09-29 02:56:05,516 | INFO |    ✓ Found 8 movies
2026-09-29 02:56:05,516 | INFO | [1316/1901] Fetching Panapakkam (PANP)
2026-09-29 02:56:05,595 | INFO |    ↳ Status 200
2026-09-29 02:56:05,596 | INFO |    ✓ Found 8 movies
2026-09-29 02:56:05,596 | INFO | [1317/1901] Fetching Panchgani (PANC)
2026-09-29 02:56:06,121 | INFO |    ↳ Status 403
2026-09-29 02:56:06,121 | WARNING |    ⚠ Blocked (403) retry 2
2026-09-29 02:56:06,196 | INFO | 🌐 Session warmed
2026-09-29 02:56:06,420 | INFO |    ↳ Status 200
2026-09-29 02:56:06,420 | INFO |    ✓ Found 7 movies
2026-09-29 02:56:06,420 | INFO | [1318/1901] Fetching Panchkula (PNCH)
2026-09-29 02:56:07,152 | INFO |    ↳ Status 200
2026-09-29 02:56:07,152 | INFO |    ✓ Found 8 movies
2026-09-29 02:56:07,152 | INFO | [1319/1901] Fetching Pandalam (PADM)
2026-09-29 02:56:07,802 | INFO |    ↳ Status 200
2026-09-29 02:56:07,802 | INFO |    ✓ Found 8 movies
2026-09-29 02:56:07,802 | INFO | [1320/1901] Fetching Pandavapura (PAVA)
2026-09-29 02:56:08,053 | INFO |    ↳ Status 200
2026-09-29 02:56:08,054 | INFO |    ✓ Found 7 movies
2026-09-29 02:56:08,054 | INFO | [1321/1901] Fetching Pandhana (PAND)
2026-09-29 02:56:08,832 | INFO |    ↳ Status 200
2026-09-29 02:56:08,832 | INFO |    ✓ Found 8 movies
2026-09-29 02:56:08,832 | INFO | [1322/1901] Fetching Pandharkawada (PANR)
2026-09-29 02:56:09,273 | INFO |    ↳ Status 403
2026-09-29 02:56:09,273 | WARNING |    ⚠ Blocked (403) retry 3
2026-09-29 02:56:09,348 | INFO | 🌐 Session warmed
2026-09-29 02:56:09,435 | INFO |    ↳ Status 200
2026-09-29 02:56:09,435 | INFO |    ✓ Found 8 movies
2026-09-29 02:56:09,435 | INFO | [1323/1901] Fetching Pandharpur (PNDH)
2026-09-29 02:56:10,073 | INFO |    ↳ Status 200
2026-09-29 02:56:10,073 | INFO |    ✓ Found 8 movies
2026-09-29 02:56:10,073 | INFO | [1324/1901] Fetching Pandua (PANU)
2026-09-29 02:56:10,321 | INFO |    ↳ Status 200
2026-09-29 02:56:10,321 | INFO |    ✓ Found 7 movies
2026-09-29 02:56:10,321 | INFO | [1325/1901] Fetching Panipat (PAN)
2026-09-29 02:56:11,577 | INFO |    ↳ Status 200
2026-09-29 02:56:11,577 | INFO |    ✓ Found 8 movies
2026-09-29 02:56:11,577 | INFO | [1326/1901] Fetching Panna (PANN)
2026-09-29 02:56:12,146 | INFO |    ↳ Status 200
2026-09-29 02:56:12,146 | INFO |    ✓ Found 7 movies
2026-09-29 02:56:12,147 | INFO | [1327/1901] Fetching Panruti (PANT)
2026-09-29 02:56:12,438 | INFO |    ↳ Status 200
2026-09-29 02:56:12,438 | INFO |    ✓ Found 8 movies
2026-09-29 02:56:12,438 | INFO | [1328/1901] Fetching Pansemal (PNSM)
2026-09-29 02:56:13,348 | INFO | [1329/1901] Fetching Paonta Sahib (POTA)
2026-09-29 02:56:13,463 | INFO |    ↳ Status 200
2026-09-29 02:56:13,464 | INFO |    ✓ Found 7 movies
2026-09-29 02:56:13,464 | INFO | [1330/1901] Fetching Papanasam (PAPA)
2026-09-29 02:56:13,830 | INFO |    ↳ Status 200
2026-09-29 02:56:13,830 | INFO |    ✓ Found 8 movies
2026-09-29 02:56:13,830 | INFO | [1331/1901] Fetching Paradeep (PARD)
2026-09-29 02:56:14,541 | INFO |    ↳ Status 403
2026-09-29 02:56:14,541 | WARNING |    ⚠ Blocked (403) retry 1
2026-09-29 02:56:14,615 | INFO | 🌐 Session warmed
2026-09-29 02:56:14,632 | INFO |    ↳ Status 200
2026-09-29 02:56:14,632 | INFO |    ✓ Found 8 movies
2026-09-29 02:56:14,632 | INFO | [1332/1901] Fetching Paralakhemundi (PRKM)
2026-09-29 02:56:15,802 | INFO |    ↳ Status 200
2026-09-29 02:56:15,802 | INFO |    ✓ Found 8 movies
2026-09-29 02:56:15,802 | INFO | [1333/1901] Fetching Parappanangadi (PAVP)
2026-09-29 02:56:15,901 | INFO |    ↳ Status 200
2026-09-29 02:56:15,901 | INFO |    ✓ Found 8 movies
2026-09-29 02:56:15,901 | INFO | [1334/1901] Fetching Paratwada (PARA)
2026-09-29 02:56:16,273 | INFO |    ↳ Status 200
2026-09-29 02:56:16,273 | INFO |    ✓ Found 8 movies
2026-09-29 02:56:16,273 | INFO | [1335/1901] Fetching Parbhani (PARB)
2026-09-29 02:56:16,499 | INFO |    ↳ Status 403
2026-09-29 02:56:16,500 | WARNING |    ⚠ Blocked (403) retry 2
2026-09-29 02:56:16,579 | INFO | 🌐 Session warmed
2026-09-29 02:56:16,836 | INFO |    ↳ Status 200
2026-09-29 02:56:16,836 | INFO |    ✓ Found 8 movies
2026-09-29 02:56:16,836 | INFO | [1336/1901] Fetching Parchur (PARC)
2026-09-29 02:56:17,261 | INFO |    ↳ Status 200
2026-09-29 02:56:17,261 | INFO |    ✓ Found 8 movies
2026-09-29 02:56:17,261 | INFO | [1337/1901] Fetching Parigi (Telangana) (PARI)
2026-09-29 02:56:17,670 | INFO |    ↳ Status 200
2026-09-29 02:56:17,670 | INFO |    ✓ Found 8 movies
2026-09-29 02:56:17,670 | INFO | [1338/1901] Fetching Parkal (PARL)
2026-09-29 02:56:18,305 | INFO |    ↳ Status 200
2026-09-29 02:56:18,305 | INFO |    ✓ Found 8 movies
2026-09-29 02:56:18,305 | INFO | [1339/1901] Fetching Parli (PRLI)
2026-09-29 02:56:19,427 | INFO |    ↳ Status 403
2026-09-29 02:56:19,427 | WARNING |    ⚠ Blocked (403) retry 3
2026-09-29 02:56:19,506 | INFO | 🌐 Session warmed
2026-09-29 02:56:19,578 | INFO |    ↳ Status 200
2026-09-29 02:56:19,578 | INFO |    ✓ Found 8 movies
2026-09-29 02:56:19,578 | INFO | [1340/1901] Fetching Parvathipuram (PRVT)
2026-09-29 02:56:19,695 | INFO |    ↳ Status 200
2026-09-29 02:56:19,695 | INFO |    ✓ Found 8 movies
2026-09-29 02:56:19,695 | INFO | [1341/1901] Fetching Parwanoo (PARW)
2026-09-29 02:56:20,048 | INFO |    ↳ Status 200
2026-09-29 02:56:20,048 | INFO |    ✓ Found 8 movies
2026-09-29 02:56:20,048 | INFO | [1342/1901] Fetching Pasighat (PSHG)
2026-09-29 02:56:20,669 | INFO |    ↳ Status 200
2026-09-29 02:56:20,669 | INFO |    ✓ Found 8 movies
2026-09-29 02:56:20,669 | INFO | [1343/1901] Fetching Patan (PATA)
2026-09-29 02:56:21,577 | INFO |    ↳ Status 200
2026-09-29 02:56:21,577 | INFO |    ✓ Found 6 movies
2026-09-29 02:56:21,577 | INFO | [1344/1901] Fetching Patan (CG) (TNPR)
2026-09-29 02:56:21,843 | INFO |    ↳ Status 200
2026-09-29 02:56:21,843 | INFO |    ✓ Found 8 movies
2026-09-29 02:56:21,843 | INFO | [1345/1901] Fetching Patan (Satara) (PATM)
2026-09-29 02:56:22,096 | INFO |    ↳ Status 200
2026-09-29 02:56:22,096 | INFO |    ✓ Found 7 movies
2026-09-29 02:56:22,096 | INFO | [1346/1901] Fetching Pathalgaon (PAHT)
2026-09-29 02:56:23,455 | INFO |    ↳ Status 200
2026-09-29 02:56:23,456 | INFO |    ✓ Found 8 movies
2026-09-29 02:56:23,456 | INFO | [1347/1901] Fetching Pathanamthitta (PTNM)
2026-09-29 02:56:23,506 | INFO | [1348/1901] Fetching Pathanapuram (PTPM)
2026-09-29 02:56:23,976 | INFO |    ↳ Status 200
2026-09-29 02:56:23,977 | INFO |    ✓ Found 8 movies
2026-09-29 02:56:23,977 | INFO | [1349/1901] Fetching Pathankot (PATH)
2026-09-29 02:56:24,684 | INFO |    ↳ Status 200
2026-09-29 02:56:24,684 | INFO |    ✓ Found 8 movies
2026-09-29 02:56:24,684 | INFO | [1350/1901] Fetching Pathapatnam (PTPT)
2026-09-29 02:56:24,730 | INFO |    ↳ Status 403
2026-09-29 02:56:24,730 | WARNING |    ⚠ Blocked (403) retry 1
2026-09-29 02:56:24,804 | INFO | 🌐 Session warmed
2026-09-29 02:56:25,064 | INFO |    ↳ Status 200
2026-09-29 02:56:25,064 | INFO |    ✓ Found 7 movies
2026-09-29 02:56:25,064 | INFO | [1351/1901] Fetching Pathsala (PATS)
2026-09-29 02:56:25,501 | INFO |    ↳ Status 200
2026-09-29 02:56:25,502 | INFO |    ✓ Found 8 movies
2026-09-29 02:56:25,502 | INFO | [1352/1901] Fetching Patiala (PATI)
2026-09-29 02:56:25,772 | INFO |    ↳ Status 200
2026-09-29 02:56:25,772 | INFO |    ✓ Found 8 movies
2026-09-29 02:56:25,772 | INFO | [1353/1901] Fetching Patna (PATN)
2026-09-29 02:56:26,367 | INFO |    ↳ Status 403
2026-09-29 02:56:26,367 | WARNING |    ⚠ Blocked (403) retry 1
2026-09-29 02:56:26,444 | INFO | 🌐 Session warmed
2026-09-29 02:56:26,991 | INFO |    ↳ Status 403
2026-09-29 02:56:26,991 | WARNING |    ⚠ Blocked (403) retry 2
2026-09-29 02:56:27,067 | INFO | 🌐 Session warmed
2026-09-29 02:56:27,404 | INFO |    ↳ Status 200
2026-09-29 02:56:27,404 | INFO |    ✓ Found 7 movies
2026-09-29 02:56:27,404 | INFO | [1354/1901] Fetching Patran (PATR)
2026-09-29 02:56:27,516 | INFO |    ↳ Status 200
2026-09-29 02:56:27,516 | INFO |    ✓ Found 7 movies
2026-09-29 02:56:27,517 | INFO | [1355/1901] Fetching Patratu (PARY)
2026-09-29 02:56:28,182 | INFO |    ↳ Status 403
2026-09-29 02:56:28,182 | WARNING |    ⚠ Blocked (403) retry 2
2026-09-29 02:56:28,256 | INFO | 🌐 Session warmed
2026-09-29 02:56:28,726 | INFO |    ↳ Status 200
2026-09-29 02:56:28,726 | INFO |    ✓ Found 7 movies
2026-09-29 02:56:28,726 | INFO | [1356/1901] Fetching Pattambi (PTMB)
2026-09-29 02:56:29,295 | INFO |    ↳ Status 200
2026-09-29 02:56:29,295 | INFO |    ✓ Found 8 movies
2026-09-29 02:56:29,296 | INFO | [1357/1901] Fetching Pattukkottai (PATU)
2026-09-29 02:56:29,826 | INFO |    ↳ Status 403
2026-09-29 02:56:29,826 | WARNING |    ⚠ Blocked (403) retry 3
2026-09-29 02:56:29,915 | INFO | 🌐 Session warmed
2026-09-29 02:56:30,338 | INFO |    ↳ Status 200
2026-09-29 02:56:30,338 | INFO |    ✓ Found 8 movies
2026-09-29 02:56:30,338 | INFO | [1358/1901] Fetching Pavagada (PAGD)
2026-09-29 02:56:31,037 | INFO |    ↳ Status 200
2026-09-29 02:56:31,038 | INFO |    ✓ Found 8 movies
2026-09-29 02:56:31,038 | INFO | [1359/1901] Fetching Payakaraopeta (PATE)
2026-09-29 02:56:31,646 | INFO |    ↳ Status 403
2026-09-29 02:56:31,647 | WARNING |    ⚠ Blocked (403) retry 3
2026-09-29 02:56:31,712 | INFO | 🌐 Session warmed
2026-09-29 02:56:32,640 | INFO |    ↳ Status 200
2026-09-29 02:56:32,640 | INFO |    ✓ Found 8 movies
2026-09-29 02:56:32,640 | INFO | [1360/1901] Fetching Payyanur (PAYY)
2026-09-29 02:56:32,806 | INFO |    ↳ Status 200
2026-09-29 02:56:32,806 | INFO |    ✓ Found 8 movies
2026-09-29 02:56:32,806 | INFO | [1361/1901] Fetching Payyoli (PAYO)
2026-09-29 02:56:33,915 | INFO | [1362/1901] Fetching Pazhayannur (PLYN)
2026-09-29 02:56:33,921 | INFO |    ↳ Status 200
2026-09-29 02:56:33,921 | INFO |    ✓ Found 8 movies
2026-09-29 02:56:33,921 | INFO | [1363/1901] Fetching Pebbair (PEIR)
2026-09-29 02:56:34,471 | INFO |    ↳ Status 200
2026-09-29 02:56:34,471 | INFO |    ✓ Found 8 movies
2026-09-29 02:56:34,471 | INFO | [1364/1901] Fetching Pedana (PEDZ)
2026-09-29 02:56:34,917 | INFO |    ↳ Status 403
2026-09-29 02:56:34,917 | WARNING |    ⚠ Blocked (403) retry 1
2026-09-29 02:56:34,984 | INFO | 🌐 Session warmed
2026-09-29 02:56:35,712 | INFO | [1365/1901] Fetching Pedanandipadu (PEDN)
2026-09-29 02:56:35,775 | INFO |    ↳ Status 200
2026-09-29 02:56:35,775 | INFO |    ✓ Found 8 movies
2026-09-29 02:56:35,775 | INFO | [1366/1901] Fetching Pedapadu (PEDD)
2026-09-29 02:56:36,315 | INFO |    ↳ Status 200
2026-09-29 02:56:36,315 | INFO |    ✓ Found 8 movies
2026-09-29 02:56:36,315 | INFO | [1367/1901] Fetching Peddapalli (PEDA)
2026-09-29 02:56:36,899 | INFO |    ↳ Status 200
2026-09-29 02:56:36,899 | INFO |    ✓ Found 8 movies
2026-09-29 02:56:36,899 | INFO | [1368/1901] Fetching Peddapuram (PEDP)
2026-09-29 02:56:36,934 | INFO |    ↳ Status 403
2026-09-29 02:56:36,934 | WARNING |    ⚠ Blocked (403) retry 1
2026-09-29 02:56:37,002 | INFO | 🌐 Session warmed
2026-09-29 02:56:37,313 | INFO |    ↳ Status 403
2026-09-29 02:56:37,313 | WARNING |    ⚠ Blocked (403) retry 2
2026-09-29 02:56:37,382 | INFO | 🌐 Session warmed
2026-09-29 02:56:37,885 | INFO |    ↳ Status 200
2026-09-29 02:56:37,885 | INFO |    ✓ Found 8 movies
2026-09-29 02:56:37,885 | INFO | [1369/1901] Fetching Pen (PEN)
2026-09-29 02:56:38,884 | INFO |    ↳ Status 200
2026-09-29 02:56:38,884 | INFO |    ✓ Found 8 movies
2026-09-29 02:56:38,884 | INFO | [1370/1901] Fetching Pendra (PEND)
2026-09-29 02:56:39,151 | INFO |    ↳ Status 403
2026-09-29 02:56:39,151 | WARNING |    ⚠ Blocked (403) retry 2
2026-09-29 02:56:39,228 | INFO | 🌐 Session warmed
2026-09-29 02:56:39,955 | INFO |    ↳ Status 200
2026-09-29 02:56:39,955 | INFO |    ✓ Found 8 movies
2026-09-29 02:56:39,955 | INFO | [1371/1901] Fetching Pennagaram (PENM)
2026-09-29 02:56:40,351 | INFO |    ↳ Status 403
2026-09-29 02:56:40,351 | WARNING |    ⚠ Blocked (403) retry 3
2026-09-29 02:56:40,434 | INFO | 🌐 Session warmed
2026-09-29 02:56:40,922 | INFO |    ↳ Status 200
2026-09-29 02:56:40,923 | INFO |    ✓ Found 8 movies
2026-09-29 02:56:40,923 | INFO | [1372/1901] Fetching Penuganchiprolu (PENU)
2026-09-29 02:56:40,995 | INFO |    ↳ Status 200
2026-09-29 02:56:40,995 | INFO |    ✓ Found 8 movies
2026-09-29 02:56:40,995 | INFO | [1373/1901] Fetching Penugonda (PDDG)
2026-09-29 02:56:41,953 | INFO |    ↳ Status 403
2026-09-29 02:56:41,953 | WARNING |    ⚠ Blocked (403) retry 3
2026-09-29 02:56:42,061 | INFO | 🌐 Session warmed
2026-09-29 02:56:43,259 | INFO |    ↳ Status 200
2026-09-29 02:56:43,259 | INFO |    ✓ Found 8 movies
2026-09-29 02:56:43,259 | INFO | [1374/1901] Fetching Peralam (PERL)
2026-09-29 02:56:43,315 | INFO |    ↳ Status 200
2026-09-29 02:56:43,315 | INFO |    ✓ Found 8 movies
2026-09-29 02:56:43,316 | INFO | [1375/1901] Fetching Perambalur (PERA)
2026-09-29 02:56:44,434 | INFO | [1376/1901] Fetching Peravoor (PPVR)
2026-09-29 02:56:45,138 | INFO |    ↳ Status 200
2026-09-29 02:56:45,139 | INFO |    ✓ Found 8 movies
2026-09-29 02:56:45,139 | INFO | [1377/1901] Fetching Peringamala (PRGM)
2026-09-29 02:56:45,196 | INFO |    ↳ Status 403
2026-09-29 02:56:45,197 | WARNING |    ⚠ Blocked (403) retry 1
2026-09-29 02:56:45,267 | INFO | 🌐 Session warmed
2026-09-29 02:56:45,544 | INFO |    ↳ Status 200
2026-09-29 02:56:45,544 | INFO |    ✓ Found 8 movies
2026-09-29 02:56:45,545 | INFO | [1378/1901] Fetching Peringottukurissi (PERN)
2026-09-29 02:56:46,062 | INFO | [1379/1901] Fetching Perinthalmanna (PNTM)
2026-09-29 02:56:46,750 | INFO |    ↳ Status 200
2026-09-29 02:56:46,750 | INFO |    ✓ Found 8 movies
2026-09-29 02:56:46,750 | INFO | [1380/1901] Fetching Periyapatna (PERI)
2026-09-29 02:56:46,874 | INFO |    ↳ Status 200
2026-09-29 02:56:46,874 | INFO |    ✓ Found 8 movies
2026-09-29 02:56:46,875 | INFO | [1381/1901] Fetching Pernambut (PERM)
2026-09-29 02:56:47,032 | INFO |    ↳ Status 403
2026-09-29 02:56:47,032 | WARNING |    ⚠ Blocked (403) retry 1
2026-09-29 02:56:47,109 | INFO | 🌐 Session warmed
2026-09-29 02:56:47,389 | INFO |    ↳ Status 403
2026-09-29 02:56:47,389 | WARNING |    ⚠ Blocked (403) retry 2
2026-09-29 02:56:47,462 | INFO | 🌐 Session warmed
2026-09-29 02:56:48,090 | INFO |    ↳ Status 200
2026-09-29 02:56:48,090 | INFO |    ✓ Found 8 movies
2026-09-29 02:56:48,090 | INFO | [1382/1901] Fetching Perundurai (PEDR)
2026-09-29 02:56:48,442 | INFO |    ↳ Status 200
2026-09-29 02:56:48,442 | INFO |    ✓ Found 8 movies
2026-09-29 02:56:48,442 | INFO | [1383/1901] Fetching Petlad (PETL)
2026-09-29 02:56:49,302 | INFO |    ↳ Status 200
2026-09-29 02:56:49,302 | INFO |    ✓ Found 8 movies
2026-09-29 02:56:49,302 | INFO | [1384/1901] Fetching Phagwara (PHAG)
2026-09-29 02:56:49,509 | INFO |    ↳ Status 403
2026-09-29 02:56:49,509 | WARNING |    ⚠ Blocked (403) retry 2
2026-09-29 02:56:49,580 | INFO | 🌐 Session warmed
2026-09-29 02:56:50,213 | INFO |    ↳ Status 403
2026-09-29 02:56:50,213 | WARNING |    ⚠ Blocked (403) retry 3
2026-09-29 02:56:50,281 | INFO | 🌐 Session warmed
2026-09-29 02:56:50,797 | INFO |    ↳ Status 200
2026-09-29 02:56:50,797 | INFO |    ✓ Found 7 movies
2026-09-29 02:56:50,797 | INFO | [1385/1901] Fetching Phalodi (PHLD)
2026-09-29 02:56:50,822 | INFO |    ↳ Status 200
2026-09-29 02:56:50,822 | INFO |    ✓ Found 7 movies
2026-09-29 02:56:50,822 | INFO | [1386/1901] Fetching Phaltan (PHAL)
2026-09-29 02:56:52,203 | INFO |    ↳ Status 200
2026-09-29 02:56:52,203 | INFO |    ✓ Found 7 movies
2026-09-29 02:56:52,203 | INFO | [1387/1901] Fetching Phulbani (PHBN)
2026-09-29 02:56:52,297 | INFO |    ↳ Status 200
2026-09-29 02:56:52,297 | INFO |    ✓ Found 8 movies
2026-09-29 02:56:52,298 | INFO | [1388/1901] Fetching Piduguralla (PIDU)
2026-09-29 02:56:52,831 | INFO |    ↳ Status 403
2026-09-29 02:56:52,831 | WARNING |    ⚠ Blocked (403) retry 3
2026-09-29 02:56:52,898 | INFO | 🌐 Session warmed
2026-09-29 02:56:53,819 | INFO |    ↳ Status 200
2026-09-29 02:56:53,819 | INFO |    ✓ Found 8 movies
2026-09-29 02:56:53,819 | INFO | [1389/1901] Fetching Pilani (PILA)
2026-09-29 02:56:53,920 | INFO |    ↳ Status 200
2026-09-29 02:56:53,920 | INFO |    ✓ Found 8 movies
2026-09-29 02:56:53,920 | INFO | [1390/1901] Fetching Pileru (PLRU)
2026-09-29 02:56:54,281 | INFO | [1391/1901] Fetching Pilibhit (PIHI)
2026-09-29 02:56:55,202 | INFO |    ↳ Status 403
2026-09-29 02:56:55,203 | WARNING |    ⚠ Blocked (403) retry 1
2026-09-29 02:56:55,274 | INFO | 🌐 Session warmed
2026-09-29 02:56:55,625 | INFO |    ↳ Status 200
2026-09-29 02:56:55,625 | INFO |    ✓ Found 8 movies
2026-09-29 02:56:55,625 | INFO | [1392/1901] Fetching Pimpalner (PPAL)
2026-09-29 02:56:55,919 | INFO |    ↳ Status 200
2026-09-29 02:56:55,919 | INFO |    ✓ Found 7 movies
2026-09-29 02:56:55,919 | INFO | [1393/1901] Fetching Pimpri (PIMP)
2026-09-29 02:56:56,899 | INFO | [1394/1901] Fetching Pinjore (PINJ)
2026-09-29 02:56:57,195 | INFO |    ↳ Status 403
2026-09-29 02:56:57,195 | WARNING |    ⚠ Blocked (403) retry 2
2026-09-29 02:56:57,270 | INFO | 🌐 Session warmed
2026-09-29 02:56:57,657 | INFO |    ↳ Status 200
2026-09-29 02:56:57,658 | INFO |    ✓ Found 8 movies
2026-09-29 02:56:57,658 | INFO | [1395/1901] Fetching Pipariya (PIPY)
2026-09-29 02:56:57,875 | INFO |    ↳ Status 403
2026-09-29 02:56:57,875 | WARNING |    ⚠ Blocked (403) retry 1
2026-09-29 02:56:57,941 | INFO | 🌐 Session warmed
2026-09-29 02:56:58,205 | INFO |    ↳ Status 200
2026-09-29 02:56:58,205 | INFO |    ✓ Found 8 movies
2026-09-29 02:56:58,205 | INFO | [1396/1901] Fetching Pipraich (PIPR)
2026-09-29 02:56:59,966 | INFO |    ↳ Status 200
2026-09-29 02:56:59,966 | INFO |    ✓ Found 7 movies
2026-09-29 02:56:59,966 | INFO | [1397/1901] Fetching Pithampur (PITH)
2026-09-29 02:57:00,188 | INFO |    ↳ Status 403
2026-09-29 02:57:00,188 | WARNING |    ⚠ Blocked (403) retry 2
2026-09-29 02:57:00,260 | INFO | 🌐 Session warmed
2026-09-29 02:57:00,261 | INFO |    ↳ Status 200
2026-09-29 02:57:00,261 | INFO |    ✓ Found 7 movies
2026-09-29 02:57:00,261 | INFO | [1398/1901] Fetching Pithapuram (PITA)
2026-09-29 02:57:00,647 | INFO |    ↳ Status 403
2026-09-29 02:57:00,647 | WARNING |    ⚠ Blocked (403) retry 3
2026-09-29 02:57:00,714 | INFO | 🌐 Session warmed
2026-09-29 02:57:01,465 | INFO |    ↳ Status 200
2026-09-29 02:57:01,465 | INFO |    ✓ Found 7 movies
2026-09-29 02:57:01,466 | INFO | [1399/1901] Fetching Pithora (PHOR)
2026-09-29 02:57:02,657 | INFO |    ↳ Status 200
2026-09-29 02:57:02,657 | INFO |    ✓ Found 8 movies
2026-09-29 02:57:02,657 | INFO | [1400/1901] Fetching Pithoragarh (PITO)
2026-09-29 02:57:02,898 | INFO |    ↳ Status 403
2026-09-29 02:57:02,899 | WARNING |    ⚠ Blocked (403) retry 3
2026-09-29 02:57:02,999 | INFO | 🌐 Session warmed
2026-09-29 02:57:03,192 | INFO |    ↳ Status 200
2026-09-29 02:57:03,192 | INFO |    ✓ Found 8 movies
2026-09-29 02:57:03,193 | INFO | [1401/1901] Fetching Pitlam (PILM)
2026-09-29 02:57:04,715 | INFO | [1402/1901] Fetching Pochampally (POCH)
2026-09-29 02:57:04,970 | INFO |    ↳ Status 200
2026-09-29 02:57:04,970 | INFO |    ✓ Found 8 movies
2026-09-29 02:57:04,970 | INFO | [1403/1901] Fetching Podalakur (PODA)
2026-09-29 02:57:05,225 | INFO |    ↳ Status 200
2026-09-29 02:57:05,225 | INFO |    ✓ Found 8 movies
2026-09-29 02:57:05,225 | INFO | [1404/1901] Fetching Podili (PODI)
2026-09-29 02:57:05,449 | INFO |    ↳ Status 403
2026-09-29 02:57:05,450 | WARNING |    ⚠ Blocked (403) retry 1
2026-09-29 02:57:05,531 | INFO | 🌐 Session warmed
2026-09-29 02:57:06,265 | INFO |    ↳ Status 200
2026-09-29 02:57:06,265 | INFO |    ✓ Found 8 movies
2026-09-29 02:57:06,266 | INFO | [1405/1901] Fetching Polavaram (PLAB)
2026-09-29 02:57:07,000 | INFO | [1406/1901] Fetching Pollachi (POLL)
2026-09-29 02:57:07,202 | INFO |    ↳ Status 403
2026-09-29 02:57:07,202 | WARNING |    ⚠ Blocked (403) retry 2
2026-09-29 02:57:07,269 | INFO | 🌐 Session warmed
2026-09-29 02:57:07,413 | INFO |    ↳ Status 200
2026-09-29 02:57:07,413 | INFO |    ✓ Found 8 movies
2026-09-29 02:57:07,413 | INFO | [1407/1901] Fetching Pondicherry (POND)
2026-09-29 02:57:07,639 | INFO |    ↳ Status 200
2026-09-29 02:57:07,639 | INFO |    ✓ Found 8 movies
2026-09-29 02:57:07,639 | INFO | [1408/1901] Fetching Ponduru (PONU)
2026-09-29 02:57:07,932 | INFO |    ↳ Status 403
2026-09-29 02:57:07,932 | WARNING |    ⚠ Blocked (403) retry 1
2026-09-29 02:57:08,013 | INFO | 🌐 Session warmed
2026-09-29 02:57:09,028 | INFO |    ↳ Status 200
2026-09-29 02:57:09,028 | INFO |    ✓ Found 8 movies
2026-09-29 02:57:09,028 | INFO | [1409/1901] Fetching Ponkunnam (PONK)
2026-09-29 02:57:09,398 | INFO |    ↳ Status 200
2026-09-29 02:57:09,398 | INFO |    ✓ Found 8 movies
2026-09-29 02:57:09,398 | INFO | [1410/1901] Fetching Ponnamaravathi (PONM)
2026-09-29 02:57:09,993 | INFO |    ↳ Status 403
2026-09-29 02:57:09,993 | WARNING |    ⚠ Blocked (403) retry 2
2026-09-29 02:57:10,065 | INFO | 🌐 Session warmed
2026-09-29 02:57:10,106 | INFO |    ↳ Status 403
2026-09-29 02:57:10,107 | WARNING |    ⚠ Blocked (403) retry 3
2026-09-29 02:57:10,175 | INFO | 🌐 Session warmed
2026-09-29 02:57:10,366 | INFO |    ↳ Status 200
2026-09-29 02:57:10,366 | INFO |    ✓ Found 8 movies
2026-09-29 02:57:10,366 | INFO | [1411/1901] Fetching Ponnani (PONN)
2026-09-29 02:57:10,860 | INFO |    ↳ Status 200
2026-09-29 02:57:10,860 | INFO |    ✓ Found 8 movies
2026-09-29 02:57:10,860 | INFO | [1412/1901] Fetching Ponneri (PONE)
2026-09-29 02:57:11,665 | INFO |    ↳ Status 200
2026-09-29 02:57:11,665 | INFO |    ✓ Found 8 movies
2026-09-29 02:57:11,665 | INFO | [1413/1901] Fetching Poovar (POOV)
2026-09-29 02:57:12,937 | INFO |    ↳ Status 200
2026-09-29 02:57:12,937 | INFO |    ✓ Found 8 movies
2026-09-29 02:57:12,937 | INFO | [1414/1901] Fetching Porbandar (PORB)
2026-09-29 02:57:13,164 | INFO |    ↳ Status 200
2026-09-29 02:57:13,164 | INFO |    ✓ Found 8 movies
2026-09-29 02:57:13,164 | INFO | [1415/1901] Fetching Port Blair (PORT)
2026-09-29 02:57:13,420 | INFO |    ↳ Status 403
2026-09-29 02:57:13,420 | WARNING |    ⚠ Blocked (403) retry 3
2026-09-29 02:57:13,488 | INFO | 🌐 Session warmed
2026-09-29 02:57:14,176 | INFO | [1416/1901] Fetching Porumamilla (PORU)
2026-09-29 02:57:14,344 | INFO |    ↳ Status 200
2026-09-29 02:57:14,345 | INFO |    ✓ Found 8 movies
2026-09-29 02:57:14,345 | INFO | [1417/1901] Fetching Pratapgarh (Rajasthan) (PTRT)
2026-09-29 02:57:14,826 | INFO |    ↳ Status 200
2026-09-29 02:57:14,826 | INFO |    ✓ Found 3 movies
2026-09-29 02:57:14,826 | INFO | [1418/1901] Fetching Pratapgarh (UP) (PRAT)
2026-09-29 02:57:14,834 | INFO |    ↳ Status 403
2026-09-29 02:57:14,834 | WARNING |    ⚠ Blocked (403) retry 1
2026-09-29 02:57:14,913 | INFO | 🌐 Session warmed
2026-09-29 02:57:16,356 | INFO |    ↳ Status 200
2026-09-29 02:57:16,356 | INFO |    ✓ Found 7 movies
2026-09-29 02:57:16,356 | INFO | [1419/1901] Fetching Prayagraj (Allahabad) (ALLH)
2026-09-29 02:57:16,599 | INFO |    ↳ Status 200
2026-09-29 02:57:16,599 | INFO |    ✓ Found 7 movies
2026-09-29 02:57:16,600 | INFO | [1420/1901] Fetching Proddatur (PROD)
2026-09-29 02:57:17,072 | INFO |    ↳ Status 403
2026-09-29 02:57:17,072 | WARNING |    ⚠ Blocked (403) retry 2
2026-09-29 02:57:17,140 | INFO | 🌐 Session warmed
2026-09-29 02:57:17,488 | INFO | [1421/1901] Fetching Pudukkottai (PUDH)
2026-09-29 02:57:18,037 | INFO |    ↳ Status 200
2026-09-29 02:57:18,037 | INFO |    ✓ Found 7 movies
2026-09-29 02:57:18,037 | INFO | [1422/1901] Fetching Pulgaon (PUON)
2026-09-29 02:57:18,587 | INFO |    ↳ Status 403
2026-09-29 02:57:18,587 | WARNING |    ⚠ Blocked (403) retry 1
2026-09-29 02:57:18,657 | INFO | 🌐 Session warmed
2026-09-29 02:57:19,002 | INFO |    ↳ Status 200
2026-09-29 02:57:19,002 | INFO |    ✓ Found 8 movies
2026-09-29 02:57:19,002 | INFO | [1423/1901] Fetching Puliampatti (PAPT)
2026-09-29 02:57:19,510 | INFO |    ↳ Status 200
2026-09-29 02:57:19,510 | INFO |    ✓ Found 8 movies
2026-09-29 02:57:19,511 | INFO | [1424/1901] Fetching Pulivendula (PLVN)
2026-09-29 02:57:20,169 | INFO |    ↳ Status 200
2026-09-29 02:57:20,169 | INFO |    ✓ Found 8 movies
2026-09-29 02:57:20,169 | INFO | [1425/1901] Fetching Puliyangudi (PULI)
2026-09-29 02:57:20,352 | INFO |    ↳ Status 403
2026-09-29 02:57:20,352 | WARNING |    ⚠ Blocked (403) retry 3
2026-09-29 02:57:20,421 | INFO | 🌐 Session warmed
2026-09-29 02:57:21,003 | INFO |    ↳ Status 403
2026-09-29 02:57:21,003 | WARNING |    ⚠ Blocked (403) retry 2
2026-09-29 02:57:21,052 | INFO |    ↳ Status 200
2026-09-29 02:57:21,052 | INFO |    ✓ Found 8 movies
2026-09-29 02:57:21,052 | INFO | [1426/1901] Fetching Pulluvila (PULA)
2026-09-29 02:57:21,076 | INFO | 🌐 Session warmed
2026-09-29 02:57:22,142 | INFO |    ↳ Status 200
2026-09-29 02:57:22,142 | INFO |    ✓ Found 8 movies
2026-09-29 02:57:22,142 | INFO | [1427/1901] Fetching Pulpally (PULP)
2026-09-29 02:57:22,673 | INFO |    ↳ Status 200
2026-09-29 02:57:22,674 | INFO |    ✓ Found 8 movies
2026-09-29 02:57:22,674 | INFO | [1428/1901] Fetching Pulwama (PULW)
2026-09-29 02:57:23,379 | INFO |    ↳ Status 200
2026-09-29 02:57:23,379 | INFO |    ✓ Found 8 movies
2026-09-29 02:57:23,379 | INFO | [1429/1901] Fetching Punalur (PUNA)
2026-09-29 02:57:23,765 | INFO |    ↳ Status 403
2026-09-29 02:57:23,766 | WARNING |    ⚠ Blocked (403) retry 3
2026-09-29 02:57:23,834 | INFO | 🌐 Session warmed
2026-09-29 02:57:23,860 | INFO |    ↳ Status 200
2026-09-29 02:57:23,860 | INFO |    ✓ Found 8 movies
2026-09-29 02:57:23,860 | INFO | [1430/1901] Fetching Punganur (PGNR)
2026-09-29 02:57:24,422 | INFO | [1431/1901] Fetching Puranpur (PAPN)
2026-09-29 02:57:24,699 | INFO |    ↳ Status 200
2026-09-29 02:57:24,699 | INFO |    ✓ Found 8 movies
2026-09-29 02:57:24,700 | INFO | [1432/1901] Fetching Puri (PURI)
2026-09-29 02:57:25,385 | INFO |    ↳ Status 403
2026-09-29 02:57:25,385 | WARNING |    ⚠ Blocked (403) retry 1
2026-09-29 02:57:25,458 | INFO | 🌐 Session warmed
2026-09-29 02:57:25,566 | INFO |    ↳ Status 200
2026-09-29 02:57:25,566 | INFO |    ✓ Found 8 movies
2026-09-29 02:57:25,566 | INFO | [1433/1901] Fetching Purnea (PURN)
2026-09-29 02:57:27,056 | INFO |    ↳ Status 200
2026-09-29 02:57:27,056 | INFO |    ✓ Found 7 movies
2026-09-29 02:57:27,057 | INFO | [1434/1901] Fetching Purulia (PURU)
2026-09-29 02:57:27,186 | INFO |    ↳ Status 200
2026-09-29 02:57:27,186 | INFO |    ✓ Found 8 movies
2026-09-29 02:57:27,186 | INFO | [1435/1901] Fetching Pusad (PUSD)
2026-09-29 02:57:27,787 | INFO |    ↳ Status 403
2026-09-29 02:57:27,787 | WARNING |    ⚠ Blocked (403) retry 2
2026-09-29 02:57:27,834 | INFO | [1436/1901] Fetching Pusapatirega (PREG)
2026-09-29 02:57:27,860 | INFO | 🌐 Session warmed
2026-09-29 02:57:28,800 | INFO |    ↳ Status 403
2026-09-29 02:57:28,800 | WARNING |    ⚠ Blocked (403) retry 1
2026-09-29 02:57:28,894 | INFO | 🌐 Session warmed
2026-09-29 02:57:29,145 | INFO |    ↳ Status 200
2026-09-29 02:57:29,145 | INFO |    ✓ Found 8 movies
2026-09-29 02:57:29,145 | INFO | [1437/1901] Fetching Pushkar (PUSH)
2026-09-29 02:57:29,225 | INFO |    ↳ Status 200
2026-09-29 02:57:29,226 | INFO |    ✓ Found 8 movies
2026-09-29 02:57:29,226 | INFO | [1438/1901] Fetching Puthenvelikara (PUTH)
2026-09-29 02:57:30,958 | INFO |    ↳ Status 403
2026-09-29 02:57:30,959 | WARNING |    ⚠ Blocked (403) retry 2
2026-09-29 02:57:31,030 | INFO | 🌐 Session warmed
2026-09-29 02:57:31,106 | INFO |    ↳ Status 403
2026-09-29 02:57:31,106 | WARNING |    ⚠ Blocked (403) retry 3
2026-09-29 02:57:31,173 | INFO | 🌐 Session warmed
2026-09-29 02:57:31,200 | INFO |    ↳ Status 200
2026-09-29 02:57:31,200 | INFO |    ✓ Found 7 movies
2026-09-29 02:57:31,201 | INFO | [1439/1901] Fetching Puthenvelikkara (PUTD)
2026-09-29 02:57:31,838 | INFO |    ↳ Status 200
2026-09-29 02:57:31,838 | INFO |    ✓ Found 8 movies
2026-09-29 02:57:31,838 | INFO | [1440/1901] Fetching Puthoor (PUTR)
2026-09-29 02:57:32,655 | INFO |    ↳ Status 200
2026-09-29 02:57:32,655 | INFO |    ✓ Found 8 movies
2026-09-29 02:57:32,655 | INFO | [1441/1901] Fetching Puttur (Andhra Pradesh) (PUTT)
2026-09-29 02:57:32,836 | INFO |    ↳ Status 200
2026-09-29 02:57:32,836 | INFO |    ✓ Found 8 movies
2026-09-29 02:57:32,836 | INFO | [1442/1901] Fetching Puttur (Karnataka) (PTTU)
2026-09-29 02:57:33,666 | INFO |    ↳ Status 403
2026-09-29 02:57:33,666 | WARNING |    ⚠ Blocked (403) retry 3
2026-09-29 02:57:33,736 | INFO | 🌐 Session warmed
2026-09-29 02:57:34,547 | INFO |    ↳ Status 200
2026-09-29 02:57:34,547 | INFO |    ✓ Found 8 movies
2026-09-29 02:57:34,547 | INFO | [1443/1901] Fetching Rabkavi Banhatti (RBKH)
2026-09-29 02:57:34,561 | INFO |    ↳ Status 200
2026-09-29 02:57:34,561 | INFO |    ✓ Found 8 movies
2026-09-29 02:57:34,561 | INFO | [1444/1901] Fetching Radhamoni (RDHM)
2026-09-29 02:57:35,173 | INFO | [1445/1901] Fetching Raebareli (RAEB)
2026-09-29 02:57:35,830 | INFO |    ↳ Status 200
2026-09-29 02:57:35,830 | INFO |    ✓ Found 8 movies
2026-09-29 02:57:35,830 | INFO | [1446/1901] Fetching Raghopur (RAHO)
2026-09-29 02:57:36,293 | INFO |    ↳ Status 200
2026-09-29 02:57:36,294 | INFO |    ✓ Found 8 movies
2026-09-29 02:57:36,294 | INFO | [1447/1901] Fetching Raghunathganj (RAGH)
2026-09-29 02:57:36,567 | INFO |    ↳ Status 403
2026-09-29 02:57:36,567 | WARNING |    ⚠ Blocked (403) retry 1
2026-09-29 02:57:36,641 | INFO | 🌐 Session warmed
2026-09-29 02:57:37,337 | INFO |    ↳ Status 200
2026-09-29 02:57:37,337 | INFO |    ✓ Found 7 movies
2026-09-29 02:57:37,337 | INFO | [1448/1901] Fetching Rahata (RAHA)
2026-09-29 02:57:37,632 | INFO |    ↳ Status 200
2026-09-29 02:57:37,632 | INFO |    ✓ Found 8 movies
2026-09-29 02:57:37,632 | INFO | [1449/1901] Fetching Rahimatpur (RAHI)
2026-09-29 02:57:37,736 | INFO | [1450/1901] Fetching Rahuri (RAHU)
2026-09-29 02:57:38,593 | INFO |    ↳ Status 403
2026-09-29 02:57:38,593 | WARNING |    ⚠ Blocked (403) retry 2
2026-09-29 02:57:38,673 | INFO | 🌐 Session warmed
2026-09-29 02:57:38,939 | INFO |    ↳ Status 200
2026-09-29 02:57:38,939 | INFO |    ✓ Found 8 movies
2026-09-29 02:57:38,939 | INFO | [1451/1901] Fetching Raibag (RAIB)
2026-09-29 02:57:39,053 | INFO |    ↳ Status 200
2026-09-29 02:57:39,053 | INFO |    ✓ Found 8 movies
2026-09-29 02:57:39,053 | INFO | [1452/1901] Fetching Raichur (RAUR)
2026-09-29 02:57:39,086 | INFO |    ↳ Status 403
2026-09-29 02:57:39,086 | WARNING |    ⚠ Blocked (403) retry 1
2026-09-29 02:57:39,159 | INFO | 🌐 Session warmed
2026-09-29 02:57:40,215 | INFO |    ↳ Status 200
2026-09-29 02:57:40,216 | INFO |    ✓ Found 8 movies
2026-09-29 02:57:40,216 | INFO | [1453/1901] Fetching Raigad (RAI)
2026-09-29 02:57:41,166 | INFO |    ↳ Status 200
2026-09-29 02:57:41,166 | INFO |    ✓ Found 8 movies
2026-09-29 02:57:41,166 | INFO | [1454/1901] Fetching Raiganj (RAIJ)
2026-09-29 02:57:41,429 | INFO |    ↳ Status 200
2026-09-29 02:57:41,430 | INFO |    ✓ Found 8 movies
2026-09-29 02:57:41,430 | INFO | [1455/1901] Fetching Raigarh (RAIG)
2026-09-29 02:57:41,513 | INFO |    ↳ Status 403
2026-09-29 02:57:41,513 | WARNING |    ⚠ Blocked (403) retry 2
2026-09-29 02:57:41,587 | INFO | 🌐 Session warmed
2026-09-29 02:57:42,050 | INFO |    ↳ Status 403
2026-09-29 02:57:42,050 | WARNING |    ⚠ Blocked (403) retry 3
2026-09-29 02:57:42,129 | INFO | 🌐 Session warmed
2026-09-29 02:57:42,846 | INFO |    ↳ Status 200
2026-09-29 02:57:42,846 | INFO |    ✓ Found 8 movies
2026-09-29 02:57:42,847 | INFO | [1456/1901] Fetching Raikal (RYKL)
2026-09-29 02:57:43,687 | INFO |    ↳ Status 200
2026-09-29 02:57:43,688 | INFO |    ✓ Found 8 movies
2026-09-29 02:57:43,688 | INFO | [1457/1901] Fetching Raikot (RKOT)
2026-09-29 02:57:44,006 | INFO |    ↳ Status 200
2026-09-29 02:57:44,006 | INFO |    ✓ Found 8 movies
2026-09-29 02:57:44,006 | INFO | [1458/1901] Fetching Railway Koduru (RLKD)
2026-09-29 02:57:44,961 | INFO |    ↳ Status 403
2026-09-29 02:57:44,961 | WARNING |    ⚠ Blocked (403) retry 3
2026-09-29 02:57:45,039 | INFO | 🌐 Session warmed
2026-09-29 02:57:45,306 | INFO |    ↳ Status 200
2026-09-29 02:57:45,306 | INFO |    ✓ Found 8 movies
2026-09-29 02:57:45,307 | INFO | [1459/1901] Fetching Raipur (RAIPUR)
2026-09-29 02:57:45,483 | INFO |    ↳ Status 200
2026-09-29 02:57:45,484 | INFO |    ✓ Found 8 movies
2026-09-29 02:57:45,484 | INFO | [1460/1901] Fetching Raipuriya (YAYA)
2026-09-29 02:57:46,129 | INFO | [1461/1901] Fetching Raisinghnagar (RSNG)
2026-09-29 02:57:46,817 | INFO |    ↳ Status 403
2026-09-29 02:57:46,818 | WARNING |    ⚠ Blocked (403) retry 1
2026-09-29 02:57:46,889 | INFO | 🌐 Session warmed
2026-09-29 02:57:47,018 | INFO |    ↳ Status 200
2026-09-29 02:57:47,019 | INFO |    ✓ Found 8 movies
2026-09-29 02:57:47,019 | INFO | [1462/1901] Fetching Raja Ka Bagh (RJKB)
2026-09-29 02:57:47,380 | INFO |    ↳ Status 200
2026-09-29 02:57:47,381 | INFO |    ✓ Found 8 movies
2026-09-29 02:57:47,381 | INFO | [1463/1901] Fetching Rajakumari (RAAJ)
2026-09-29 02:57:48,429 | INFO |    ↳ Status 200
2026-09-29 02:57:48,430 | INFO |    ✓ Found 8 movies
2026-09-29 02:57:48,430 | INFO | [1464/1901] Fetching Rajam (RJAM)
2026-09-29 02:57:48,939 | INFO |    ↳ Status 200
2026-09-29 02:57:48,939 | INFO |    ✓ Found 8 movies
2026-09-29 02:57:48,939 | INFO | [1465/1901] Fetching Rajamahendravaram (Rajahmundry) (RJMU)
2026-09-29 02:57:49,039 | INFO | [1466/1901] Fetching Rajapalayam (RAYM)
2026-09-29 02:57:49,134 | INFO |    ↳ Status 403
2026-09-29 02:57:49,134 | WARNING |    ⚠ Blocked (403) retry 2
2026-09-29 02:57:49,201 | INFO | 🌐 Session warmed
2026-09-29 02:57:49,828 | INFO |    ↳ Status 403
2026-09-29 02:57:49,828 | WARNING |    ⚠ Blocked (403) retry 1
2026-09-29 02:57:49,897 | INFO | 🌐 Session warmed
2026-09-29 02:57:50,022 | INFO |    ↳ Status 200
2026-09-29 02:57:50,023 | INFO |    ✓ Found 8 movies
2026-09-29 02:57:50,023 | INFO | [1467/1901] Fetching Rajapur (RJPR)
2026-09-29 02:57:50,362 | INFO |    ↳ Status 200
2026-09-29 02:57:50,362 | INFO |    ✓ Found 8 movies
2026-09-29 02:57:50,362 | INFO | [1468/1901] Fetching Rajarampalli (RJRP)
2026-09-29 02:57:51,698 | INFO |    ↳ Status 200
2026-09-29 02:57:51,698 | INFO |    ✓ Found 8 movies
2026-09-29 02:57:51,698 | INFO | [1469/1901] Fetching Rajavommangi (RJVM)
2026-09-29 02:57:51,722 | INFO |    ↳ Status 403
2026-09-29 02:57:51,722 | WARNING |    ⚠ Blocked (403) retry 2
2026-09-29 02:57:51,799 | INFO | 🌐 Session warmed
2026-09-29 02:57:52,193 | INFO |    ↳ Status 403
2026-09-29 02:57:52,193 | WARNING |    ⚠ Blocked (403) retry 3
2026-09-29 02:57:52,269 | INFO | 🌐 Session warmed
2026-09-29 02:57:52,807 | INFO |    ↳ Status 200
2026-09-29 02:57:52,807 | INFO |    ✓ Found 8 movies
2026-09-29 02:57:52,807 | INFO | [1470/1901] Fetching Rajgangpur (RJGR)
2026-09-29 02:57:53,843 | INFO |    ↳ Status 200
2026-09-29 02:57:53,843 | INFO |    ✓ Found 8 movies
2026-09-29 02:57:53,843 | INFO | [1471/1901] Fetching Rajgurunagar (RAJR)
2026-09-29 02:57:54,541 | INFO |    ↳ Status 200
2026-09-29 02:57:54,542 | INFO |    ✓ Found 8 movies
2026-09-29 02:57:54,542 | INFO | [1472/1901] Fetching Rajiana (RIJA)
2026-09-29 02:57:54,956 | INFO |    ↳ Status 403
2026-09-29 02:57:54,957 | WARNING |    ⚠ Blocked (403) retry 3
2026-09-29 02:57:55,035 | INFO | 🌐 Session warmed
2026-09-29 02:57:55,122 | INFO |    ↳ Status 200
2026-09-29 02:57:55,122 | INFO |    ✓ Found 8 movies
2026-09-29 02:57:55,122 | INFO | [1473/1901] Fetching Rajkot (RAJK)
2026-09-29 02:57:55,650 | INFO |    ↳ Status 200
2026-09-29 02:57:55,650 | INFO |    ✓ Found 7 movies
2026-09-29 02:57:55,650 | INFO | [1474/1901] Fetching Rajnandgaon (RAJA)
2026-09-29 02:57:56,269 | INFO | [1475/1901] Fetching Rajpipla (RJPA)
2026-09-29 02:57:56,794 | INFO |    ↳ Status 200
2026-09-29 02:57:56,794 | INFO |    ✓ Found 7 movies
2026-09-29 02:57:56,794 | INFO | [1476/1901] Fetching Rajpur (RAJP)
2026-09-29 02:57:57,118 | INFO |    ↳ Status 200
2026-09-29 02:57:57,118 | INFO |    ✓ Found 8 movies
2026-09-29 02:57:57,118 | INFO | [1477/1901] Fetching Rajpura (RARA)
2026-09-29 02:57:57,251 | INFO |    ↳ Status 403
2026-09-29 02:57:57,251 | WARNING |    ⚠ Blocked (403) retry 1
2026-09-29 02:57:57,323 | INFO | 🌐 Session warmed
2026-09-29 02:57:57,846 | INFO |    ↳ Status 200
2026-09-29 02:57:57,846 | INFO |    ✓ Found 7 movies
2026-09-29 02:57:57,846 | INFO | [1478/1901] Fetching Rajsamand (RAJS)
2026-09-29 02:57:58,139 | INFO |    ↳ Status 200
2026-09-29 02:57:58,139 | INFO |    ✓ Found 7 movies
2026-09-29 02:57:58,139 | INFO | [1479/1901] Fetching Rajula (RJLA)
2026-09-29 02:57:58,956 | INFO |    ↳ Status 403
2026-09-29 02:57:58,956 | WARNING |    ⚠ Blocked (403) retry 2
2026-09-29 02:57:59,026 | INFO | 🌐 Session warmed
2026-09-29 02:57:59,035 | INFO | [1480/1901] Fetching Ramachandrapuram (RCPR)
2026-09-29 02:57:59,766 | INFO |    ↳ Status 403
2026-09-29 02:57:59,766 | WARNING |    ⚠ Blocked (403) retry 1
2026-09-29 02:57:59,840 | INFO | 🌐 Session warmed
2026-09-29 02:58:00,197 | INFO |    ↳ Status 200
2026-09-29 02:58:00,197 | INFO |    ✓ Found 7 movies
2026-09-29 02:58:00,197 | INFO | [1481/1901] Fetching Ramanagara (RANG)
2026-09-29 02:58:00,203 | INFO |    ↳ Status 200
2026-09-29 02:58:00,203 | INFO |    ✓ Found 8 movies
2026-09-29 02:58:00,203 | INFO | [1482/1901] Fetching Ramanathapuram (RAPU)
2026-09-29 02:58:01,500 | INFO |    ↳ Status 200
2026-09-29 02:58:01,500 | INFO |    ✓ Found 8 movies
2026-09-29 02:58:01,500 | INFO | [1483/1901] Fetching Ramayampet (RAMP)
2026-09-29 02:58:01,670 | INFO |    ↳ Status 403
2026-09-29 02:58:01,670 | WARNING |    ⚠ Blocked (403) retry 3
2026-09-29 02:58:01,750 | INFO | 🌐 Session warmed
2026-09-29 02:58:02,186 | INFO |    ↳ Status 403
2026-09-29 02:58:02,186 | WARNING |    ⚠ Blocked (403) retry 2
2026-09-29 02:58:02,258 | INFO |    ↳ Status 200
2026-09-29 02:58:02,258 | INFO |    ✓ Found 8 movies
2026-09-29 02:58:02,258 | INFO | [1484/1901] Fetching Ramdurg (RAMD)
2026-09-29 02:58:02,259 | INFO | 🌐 Session warmed
2026-09-29 02:58:03,942 | INFO |    ↳ Status 200
2026-09-29 02:58:03,942 | INFO |    ✓ Found 8 movies
2026-09-29 02:58:03,942 | INFO | [1485/1901] Fetching Rameswarpur (RMPR)
2026-09-29 02:58:04,116 | INFO |    ↳ Status 200
2026-09-29 02:58:04,116 | INFO |    ✓ Found 8 movies
2026-09-29 02:58:04,116 | INFO | [1486/1901] Fetching Ramgarh (GGHH)
2026-09-29 02:58:04,922 | INFO |    ↳ Status 403
2026-09-29 02:58:04,922 | WARNING |    ⚠ Blocked (403) retry 3
2026-09-29 02:58:04,990 | INFO | 🌐 Session warmed
2026-09-29 02:58:05,369 | INFO |    ↳ Status 200
2026-09-29 02:58:05,369 | INFO |    ✓ Found 8 movies
2026-09-29 02:58:05,369 | INFO | [1487/1901] Fetching Ramgarhwa (RGHA)
2026-09-29 02:58:05,751 | INFO | [1488/1901] Fetching Ramjibanpur (PUUR)
2026-09-29 02:58:05,804 | INFO |    ↳ Status 200
2026-09-29 02:58:05,804 | INFO |    ✓ Found 8 movies
2026-09-29 02:58:05,804 | INFO | [1489/1901] Fetching Ramnagar (RAMN)
2026-09-29 02:58:06,644 | INFO |    ↳ Status 403
2026-09-29 02:58:06,644 | WARNING |    ⚠ Blocked (403) retry 1
2026-09-29 02:58:06,724 | INFO | 🌐 Session warmed
2026-09-29 02:58:07,129 | INFO |    ↳ Status 200
2026-09-29 02:58:07,129 | INFO |    ✓ Found 7 movies
2026-09-29 02:58:07,129 | INFO | [1490/1901] Fetching Rampachodavaram (RACD)
2026-09-29 02:58:07,438 | INFO |    ↳ Status 200
2026-09-29 02:58:07,438 | INFO |    ✓ Found 8 movies
2026-09-29 02:58:07,438 | INFO | [1491/1901] Fetching Rampur (RAMU)
2026-09-29 02:58:08,805 | INFO |    ↳ Status 200
2026-09-29 02:58:08,805 | INFO |    ✓ Found 7 movies
2026-09-29 02:58:08,805 | INFO | [1492/1901] Fetching Ramtek (RMTE)
2026-09-29 02:58:08,872 | INFO |    ↳ Status 200
2026-09-29 02:58:08,872 | INFO |    ✓ Found 8 movies
2026-09-29 02:58:08,872 | INFO | [1493/1901] Fetching Ranaghat (RANA)
2026-09-29 02:58:08,885 | INFO |    ↳ Status 403
2026-09-29 02:58:08,885 | WARNING |    ⚠ Blocked (403) retry 2
2026-09-29 02:58:08,951 | INFO | 🌐 Session warmed
2026-09-29 02:58:08,991 | INFO | [1494/1901] Fetching Ranastalam (RNST)
2026-09-29 02:58:10,183 | INFO |    ↳ Status 200
2026-09-29 02:58:10,184 | INFO |    ✓ Found 8 movies
2026-09-29 02:58:10,184 | INFO | [1495/1901] Fetching Ranchi (RANC)
2026-09-29 02:58:10,362 | INFO |    ↳ Status 403
2026-09-29 02:58:10,362 | WARNING |    ⚠ Blocked (403) retry 1
2026-09-29 02:58:10,430 | INFO | 🌐 Session warmed
2026-09-29 02:58:10,610 | INFO |    ↳ Status 200
2026-09-29 02:58:10,610 | INFO |    ✓ Found 8 movies
2026-09-29 02:58:10,610 | INFO | [1496/1901] Fetching Ranebennur (RANE)
2026-09-29 02:58:11,182 | INFO |    ↳ Status 200
2026-09-29 02:58:11,182 | INFO |    ✓ Found 6 movies
2026-09-29 02:58:11,182 | INFO | [1497/1901] Fetching Rangia (RAAA)
2026-09-29 02:58:11,620 | INFO |    ↳ Status 403
2026-09-29 02:58:11,620 | WARNING |    ⚠ Blocked (403) retry 3
2026-09-29 02:58:11,687 | INFO | 🌐 Session warmed
2026-09-29 02:58:12,468 | INFO |    ↳ Status 200
2026-09-29 02:58:12,468 | INFO |    ✓ Found 7 movies
2026-09-29 02:58:12,468 | INFO | [1498/1901] Fetching Raniganj (RNGJ)
2026-09-29 02:58:12,500 | INFO |    ↳ Status 403
2026-09-29 02:58:12,500 | WARNING |    ⚠ Blocked (403) retry 2
2026-09-29 02:58:12,514 | INFO |    ↳ Status 200
2026-09-29 02:58:12,514 | INFO |    ✓ Found 8 movies
2026-09-29 02:58:12,515 | INFO | [1499/1901] Fetching Ranipet (RANI)
2026-09-29 02:58:12,573 | INFO | 🌐 Session warmed
2026-09-29 02:58:13,593 | INFO |    ↳ Status 200
2026-09-29 02:58:13,593 | INFO |    ✓ Found 8 movies
2026-09-29 02:58:13,593 | INFO | [1500/1901] Fetching Ranni (RANN)
2026-09-29 02:58:13,612 | INFO |    ↳ Status 200
2026-09-29 02:58:13,612 | INFO |    ✓ Found 8 movies
2026-09-29 02:58:13,612 | INFO | [1501/1901] Fetching Rapur (RAPR)
2026-09-29 02:58:14,789 | INFO |    ↳ Status 200
2026-09-29 02:58:14,789 | INFO |    ✓ Found 8 movies
2026-09-29 02:58:14,789 | INFO | [1502/1901] Fetching Rasipuram (RSPM)
2026-09-29 02:58:15,282 | INFO |    ↳ Status 403
2026-09-29 02:58:15,283 | WARNING |    ⚠ Blocked (403) retry 3
2026-09-29 02:58:15,359 | INFO | 🌐 Session warmed
2026-09-29 02:58:15,687 | INFO | [1503/1901] Fetching Rath (ATRH)
2026-09-29 02:58:16,179 | INFO |    ↳ Status 200
2026-09-29 02:58:16,179 | INFO |    ✓ Found 8 movies
2026-09-29 02:58:16,179 | INFO | [1504/1901] Fetching Ratlam (RATL)
2026-09-29 02:58:16,242 | INFO |    ↳ Status 200
2026-09-29 02:58:16,243 | INFO |    ✓ Found 8 movies
2026-09-29 02:58:16,243 | INFO | [1505/1901] Fetching Ratnagiri (RATN)
2026-09-29 02:58:16,310 | INFO |    ↳ Status 403
2026-09-29 02:58:16,310 | WARNING |    ⚠ Blocked (403) retry 1
2026-09-29 02:58:16,383 | INFO | 🌐 Session warmed
2026-09-29 02:58:17,356 | INFO |    ↳ Status 200
2026-09-29 02:58:17,357 | INFO |    ✓ Found 7 movies
2026-09-29 02:58:17,357 | INFO | [1506/1901] Fetching Ratnagiri (Odisha) (RATO)
2026-09-29 02:58:18,019 | INFO |    ↳ Status 403
2026-09-29 02:58:18,020 | WARNING |    ⚠ Blocked (403) retry 2
2026-09-29 02:58:18,090 | INFO | 🌐 Session warmed
2026-09-29 02:58:18,358 | INFO |    ↳ Status 200
2026-09-29 02:58:18,358 | INFO |    ✓ Found 8 movies
2026-09-29 02:58:18,358 | INFO | [1507/1901] Fetching Ravulapalem (RVPL)
2026-09-29 02:58:18,535 | INFO |    ↳ Status 200
2026-09-29 02:58:18,535 | INFO |    ✓ Found 8 movies
2026-09-29 02:58:18,535 | INFO | [1508/1901] Fetching Raxaul (RAXA)
2026-09-29 02:58:19,359 | INFO | [1509/1901] Fetching Rayachoti (RYCT)
2026-09-29 02:58:20,439 | INFO |    ↳ Status 403
2026-09-29 02:58:20,439 | WARNING |    ⚠ Blocked (403) retry 1
2026-09-29 02:58:20,509 | INFO | 🌐 Session warmed
2026-09-29 02:58:20,532 | INFO |    ↳ Status 200
2026-09-29 02:58:20,533 | INFO |    ✓ Found 8 movies
2026-09-29 02:58:20,533 | INFO | [1510/1901] Fetching Rayagada (RADA)
2026-09-29 02:58:20,806 | INFO |    ↳ Status 403
2026-09-29 02:58:20,806 | WARNING |    ⚠ Blocked (403) retry 3
2026-09-29 02:58:20,891 | INFO | 🌐 Session warmed
2026-09-29 02:58:21,131 | INFO |    ↳ Status 200
2026-09-29 02:58:21,131 | INFO |    ✓ Found 7 movies
2026-09-29 02:58:21,131 | INFO | [1511/1901] Fetching Rayakottai (RTTA)
2026-09-29 02:58:21,733 | INFO |    ↳ Status 200
2026-09-29 02:58:21,733 | INFO |    ✓ Found 8 movies
2026-09-29 02:58:21,733 | INFO | [1512/1901] Fetching Rayavaram (RAYA)
2026-09-29 02:58:22,832 | INFO |    ↳ Status 200
2026-09-29 02:58:22,832 | INFO |    ✓ Found 8 movies
2026-09-29 02:58:22,832 | INFO | [1513/1901] Fetching Razole (RAZO)
2026-09-29 02:58:22,904 | INFO |    ↳ Status 403
2026-09-29 02:58:22,904 | WARNING |    ⚠ Blocked (403) retry 2
2026-09-29 02:58:22,984 | INFO | 🌐 Session warmed
2026-09-29 02:58:23,394 | INFO |    ↳ Status 200
2026-09-29 02:58:23,395 | INFO |    ✓ Found 8 movies
2026-09-29 02:58:23,395 | INFO | [1514/1901] Fetching Rentachintala (RENT)
2026-09-29 02:58:24,386 | INFO |    ↳ Status 200
2026-09-29 02:58:24,386 | INFO |    ✓ Found 8 movies
2026-09-29 02:58:24,387 | INFO | [1515/1901] Fetching Renukoot (RENU)
2026-09-29 02:58:24,892 | INFO | [1516/1901] Fetching Repalle (REPA)
2026-09-29 02:58:25,236 | INFO |    ↳ Status 200
2026-09-29 02:58:25,236 | INFO |    ✓ Found 8 movies
2026-09-29 02:58:25,236 | INFO | [1517/1901] Fetching Revdanda (REVD)
2026-09-29 02:58:25,583 | INFO |    ↳ Status 403
2026-09-29 02:58:25,583 | WARNING |    ⚠ Blocked (403) retry 1
2026-09-29 02:58:25,652 | INFO | 🌐 Session warmed
2026-09-29 02:58:26,064 | INFO |    ↳ Status 403
2026-09-29 02:58:26,064 | WARNING |    ⚠ Blocked (403) retry 3
2026-09-29 02:58:26,138 | INFO | 🌐 Session warmed
2026-09-29 02:58:26,599 | INFO |    ↳ Status 200
2026-09-29 02:58:26,599 | INFO |    ✓ Found 7 movies
2026-09-29 02:58:26,599 | INFO | [1518/1901] Fetching Rewa (RWAA)
2026-09-29 02:58:26,852 | INFO |    ↳ Status 200
2026-09-29 02:58:26,852 | INFO |    ✓ Found 8 movies
2026-09-29 02:58:26,852 | INFO | [1519/1901] Fetching Rewari (REWA)
2026-09-29 02:58:27,961 | INFO |    ↳ Status 403
2026-09-29 02:58:27,961 | WARNING |    ⚠ Blocked (403) retry 2
2026-09-29 02:58:28,033 | INFO | 🌐 Session warmed
2026-09-29 02:58:28,631 | INFO |    ↳ Status 200
2026-09-29 02:58:28,631 | INFO |    ✓ Found 7 movies
2026-09-29 02:58:28,631 | INFO | [1520/1901] Fetching RiBhoi (RIBH)
2026-09-29 02:58:28,789 | INFO |    ↳ Status 200
2026-09-29 02:58:28,789 | INFO |    ✓ Found 7 movies
2026-09-29 02:58:28,789 | INFO | [1521/1901] Fetching Ringas (RGAS)
2026-09-29 02:58:29,779 | INFO |    ↳ Status 200
2026-09-29 02:58:29,779 | INFO |    ✓ Found 1 movies
2026-09-29 02:58:29,780 | INFO | [1522/1901] Fetching Rishikesh (RKES)
2026-09-29 02:58:30,138 | INFO | [1523/1901] Fetching Rishra (RSRA)
2026-09-29 02:58:31,023 | INFO |    ↳ Status 403
2026-09-29 02:58:31,023 | WARNING |    ⚠ Blocked (403) retry 1
2026-09-29 02:58:31,093 | INFO | 🌐 Session warmed
2026-09-29 02:58:31,102 | INFO |    ↳ Status 403
2026-09-29 02:58:31,102 | WARNING |    ⚠ Blocked (403) retry 3
2026-09-29 02:58:31,165 | INFO |    ↳ Status 200
2026-09-29 02:58:31,165 | INFO |    ✓ Found 7 movies
2026-09-29 02:58:31,165 | INFO | [1524/1901] Fetching Robertsganj (ROBE)
2026-09-29 02:58:31,174 | INFO | 🌐 Session warmed
2026-09-29 02:58:31,328 | INFO |    ↳ Status 200
2026-09-29 02:58:31,328 | INFO |    ✓ Found 8 movies
2026-09-29 02:58:31,329 | INFO | [1525/1901] Fetching Rohtak (ROH)
2026-09-29 02:58:32,966 | INFO |    ↳ Status 403
2026-09-29 02:58:32,966 | WARNING |    ⚠ Blocked (403) retry 2
2026-09-29 02:58:33,090 | INFO | 🌐 Session warmed
2026-09-29 02:58:33,272 | INFO |    ↳ Status 200
2026-09-29 02:58:33,272 | INFO |    ✓ Found 8 movies
2026-09-29 02:58:33,272 | INFO | [1526/1901] Fetching Ron (RONC)
2026-09-29 02:58:33,464 | INFO |    ↳ Status 200
2026-09-29 02:58:33,464 | INFO |    ✓ Found 7 movies
2026-09-29 02:58:33,464 | INFO | [1527/1901] Fetching Rongjeng (RNG)
2026-09-29 02:58:34,263 | INFO |    ↳ Status 200
2026-09-29 02:58:34,263 | INFO |    ✓ Found 8 movies
2026-09-29 02:58:34,263 | INFO | [1528/1901] Fetching Roorkee (ROOR)
2026-09-29 02:58:34,445 | INFO |    ↳ Status 200
2026-09-29 02:58:34,445 | INFO |    ✓ Found 1 movies
2026-09-29 02:58:34,445 | INFO | [1529/1901] Fetching Rourkela (RKOR)
2026-09-29 02:58:35,174 | INFO | [1530/1901] Fetching Routhulapudi (ROUT)
2026-09-29 02:58:35,439 | INFO |    ↳ Status 200
2026-09-29 02:58:35,439 | INFO |    ✓ Found 8 movies
2026-09-29 02:58:35,439 | INFO | [1531/1901] Fetching Rudauli (RUDU)
2026-09-29 02:58:36,061 | INFO |    ↳ Status 403
2026-09-29 02:58:36,061 | WARNING |    ⚠ Blocked (403) retry 3
2026-09-29 02:58:36,126 | INFO | 🌐 Session warmed
2026-09-29 02:58:36,218 | INFO |    ↳ Status 200
2026-09-29 02:58:36,218 | INFO |    ✓ Found 8 movies
2026-09-29 02:58:36,219 | INFO | [1532/1901] Fetching Rudrapur (RUDP)
2026-09-29 02:58:36,247 | INFO |    ↳ Status 403
2026-09-29 02:58:36,248 | WARNING |    ⚠ Blocked (403) retry 1
2026-09-29 02:58:36,329 | INFO | 🌐 Session warmed
2026-09-29 02:58:37,071 | INFO |    ↳ Status 200
2026-09-29 02:58:37,071 | INFO |    ✓ Found 8 movies
2026-09-29 02:58:37,071 | INFO | [1533/1901] Fetching Rupnagar (RUPN)
2026-09-29 02:58:37,901 | INFO |    ↳ Status 200
2026-09-29 02:58:37,901 | INFO |    ✓ Found 8 movies
2026-09-29 02:58:37,901 | INFO | [1534/1901] Fetching Sabbavaram (SABB)
2026-09-29 02:58:38,304 | INFO |    ↳ Status 403
2026-09-29 02:58:38,304 | WARNING |    ⚠ Blocked (403) retry 2
2026-09-29 02:58:38,373 | INFO | 🌐 Session warmed
2026-09-29 02:58:39,282 | INFO |    ↳ Status 200
2026-09-29 02:58:39,282 | INFO |    ✓ Found 7 movies
2026-09-29 02:58:39,282 | INFO | [1535/1901] Fetching Sadasivpet (SADA)
2026-09-29 02:58:39,479 | INFO |    ↳ Status 200
2026-09-29 02:58:39,479 | INFO |    ✓ Found 8 movies
2026-09-29 02:58:39,479 | INFO | [1536/1901] Fetching Safidon (SAFI)
2026-09-29 02:58:40,127 | INFO | [1537/1901] Fetching Sagar (SAMP)
2026-09-29 02:58:41,072 | INFO |    ↳ Status 403
2026-09-29 02:58:41,072 | WARNING |    ⚠ Blocked (403) retry 3
2026-09-29 02:58:41,131 | INFO |    ↳ Status 403
2026-09-29 02:58:41,131 | WARNING |    ⚠ Blocked (403) retry 1
2026-09-29 02:58:41,144 | INFO | 🌐 Session warmed
2026-09-29 02:58:41,203 | INFO |    ↳ Status 200
2026-09-29 02:58:41,203 | INFO |    ✓ Found 7 movies
2026-09-29 02:58:41,204 | INFO | [1538/1901] Fetching Sagwara (SAGA)
2026-09-29 02:58:41,204 | INFO | 🌐 Session warmed
2026-09-29 02:58:41,436 | INFO |    ↳ Status 200
2026-09-29 02:58:41,436 | INFO |    ✓ Found 8 movies
2026-09-29 02:58:41,436 | INFO | [1539/1901] Fetching Saharanpur (SAHA)
2026-09-29 02:58:42,451 | INFO |    ↳ Status 200
2026-09-29 02:58:42,452 | INFO |    ✓ Found 7 movies
2026-09-29 02:58:42,452 | INFO | [1540/1901] Fetching Saharsa (SAHH)
2026-09-29 02:58:42,659 | INFO |    ↳ Status 200
2026-09-29 02:58:42,659 | INFO |    ✓ Found 7 movies
2026-09-29 02:58:42,659 | INFO | [1541/1901] Fetching Sahibganj (SBBB)
2026-09-29 02:58:43,393 | INFO |    ↳ Status 403
2026-09-29 02:58:43,393 | WARNING |    ⚠ Blocked (403) retry 2
2026-09-29 02:58:43,461 | INFO | 🌐 Session warmed
2026-09-29 02:58:44,251 | INFO |    ↳ Status 200
2026-09-29 02:58:44,251 | INFO |    ✓ Found 7 movies
2026-09-29 02:58:44,251 | INFO | [1542/1901] Fetching Sahjanwa (SAHJ)
2026-09-29 02:58:44,761 | INFO |    ↳ Status 200
2026-09-29 02:58:44,761 | INFO |    ✓ Found 8 movies
2026-09-29 02:58:44,761 | INFO | [1543/1901] Fetching Sakleshpur (SASA)
2026-09-29 02:58:45,145 | INFO | [1544/1901] Fetching Sakti (SAKT)
2026-09-29 02:58:45,881 | INFO |    ↳ Status 403
2026-09-29 02:58:45,881 | WARNING |    ⚠ Blocked (403) retry 1
2026-09-29 02:58:45,954 | INFO | 🌐 Session warmed
2026-09-29 02:58:46,095 | INFO |    ↳ Status 403
2026-09-29 02:58:46,096 | WARNING |    ⚠ Blocked (403) retry 3
2026-09-29 02:58:46,112 | INFO |    ↳ Status 200
2026-09-29 02:58:46,112 | INFO |    ✓ Found 8 movies
2026-09-29 02:58:46,112 | INFO | [1545/1901] Fetching Salem (SALM)
2026-09-29 02:58:46,172 | INFO | 🌐 Session warmed
2026-09-29 02:58:46,673 | INFO |    ↳ Status 200
2026-09-29 02:58:46,673 | INFO |    ✓ Found 8 movies
2026-09-29 02:58:46,673 | INFO | [1546/1901] Fetching Saligrama (SGMA)
2026-09-29 02:58:47,722 | INFO |    ↳ Status 403
2026-09-29 02:58:47,722 | WARNING |    ⚠ Blocked (403) retry 2
2026-09-29 02:58:47,799 | INFO |    ↳ Status 200
2026-09-29 02:58:47,799 | INFO |    ✓ Found 8 movies
2026-09-29 02:58:47,799 | INFO | [1547/1901] Fetching Salihundam (SAHM)
2026-09-29 02:58:47,802 | INFO | 🌐 Session warmed
2026-09-29 02:58:48,345 | INFO |    ↳ Status 200
2026-09-29 02:58:48,345 | INFO |    ✓ Found 8 movies
2026-09-29 02:58:48,345 | INFO | [1548/1901] Fetching Salur (SALU)
2026-09-29 02:58:49,581 | INFO |    ↳ Status 200
2026-09-29 02:58:49,581 | INFO |    ✓ Found 8 movies
2026-09-29 02:58:49,581 | INFO | [1549/1901] Fetching Samalkota (SAMA)
2026-09-29 02:58:50,172 | INFO | [1550/1901] Fetching Samastipur (SMST)
2026-09-29 02:58:50,301 | INFO |    ↳ Status 200
2026-09-29 02:58:50,301 | INFO |    ✓ Found 8 movies
2026-09-29 02:58:50,301 | INFO | [1551/1901] Fetching Sambalpur (SAMB)
2026-09-29 02:58:50,805 | INFO |    ↳ Status 403
2026-09-29 02:58:50,805 | WARNING |    ⚠ Blocked (403) retry 3
2026-09-29 02:58:50,882 | INFO | 🌐 Session warmed
2026-09-29 02:58:51,001 | INFO |    ↳ Status 200
2026-09-29 02:58:51,001 | INFO |    ✓ Found 8 movies
2026-09-29 02:58:51,001 | INFO | [1552/1901] Fetching Sambhal (SAML)
2026-09-29 02:58:51,190 | INFO |    ↳ Status 403
2026-09-29 02:58:51,191 | WARNING |    ⚠ Blocked (403) retry 1
2026-09-29 02:58:51,382 | INFO | 🌐 Session warmed
2026-09-29 02:58:52,657 | INFO |    ↳ Status 200
2026-09-29 02:58:52,657 | INFO |    ✓ Found 7 movies
2026-09-29 02:58:52,657 | INFO | [1553/1901] Fetching Sambhar (SABH)
2026-09-29 02:58:52,733 | INFO |    ↳ Status 200
2026-09-29 02:58:52,733 | INFO |    ✓ Found 8 movies
2026-09-29 02:58:52,733 | INFO | [1554/1901] Fetching Samsi (SAMS)
2026-09-29 02:58:53,429 | INFO |    ↳ Status 403
2026-09-29 02:58:53,429 | WARNING |    ⚠ Blocked (403) retry 2
2026-09-29 02:58:53,496 | INFO | 🌐 Session warmed
2026-09-29 02:58:53,601 | INFO |    ↳ Status 200
2026-09-29 02:58:53,601 | INFO |    ✓ Found 7 movies
2026-09-29 02:58:53,601 | INFO | [1555/1901] Fetching Sanand (SANA)
2026-09-29 02:58:54,882 | INFO | [1556/1901] Fetching Sanawad (SNWD)
2026-09-29 02:58:55,189 | INFO |    ↳ Status 200
2026-09-29 02:58:55,189 | INFO |    ✓ Found 8 movies
2026-09-29 02:58:55,189 | INFO | [1557/1901] Fetching Sangamner (SMNE)
2026-09-29 02:58:55,759 | INFO |    ↳ Status 200
2026-09-29 02:58:55,759 | INFO |    ✓ Found 7 movies
2026-09-29 02:58:55,760 | INFO | [1558/1901] Fetching Sangareddy (SARE)
2026-09-29 02:58:55,774 | INFO |    ↳ Status 403
2026-09-29 02:58:55,774 | WARNING |    ⚠ Blocked (403) retry 1
2026-09-29 02:58:55,847 | INFO | 🌐 Session warmed
2026-09-29 02:58:56,409 | INFO |    ↳ Status 200
2026-09-29 02:58:56,410 | INFO |    ✓ Found 8 movies
2026-09-29 02:58:56,410 | INFO | [1559/1901] Fetching Sangaria (SAGR)
2026-09-29 02:58:56,769 | INFO |    ↳ Status 403
2026-09-29 02:58:56,769 | WARNING |    ⚠ Blocked (403) retry 3
2026-09-29 02:58:56,838 | INFO | 🌐 Session warmed
2026-09-29 02:58:57,354 | INFO |    ↳ Status 200
2026-09-29 02:58:57,354 | INFO |    ✓ Found 8 movies
2026-09-29 02:58:57,354 | INFO | [1560/1901] Fetching Sangli (SANG)
2026-09-29 02:58:57,684 | INFO |    ↳ Status 200
2026-09-29 02:58:57,684 | INFO |    ✓ Found 7 movies
2026-09-29 02:58:57,684 | INFO | [1561/1901] Fetching Sangola (SNGO)
2026-09-29 02:58:57,702 | INFO |    ↳ Status 403
2026-09-29 02:58:57,702 | WARNING |    ⚠ Blocked (403) retry 2
2026-09-29 02:58:57,770 | INFO | 🌐 Session warmed
2026-09-29 02:58:58,502 | INFO |    ↳ Status 200
2026-09-29 02:58:58,502 | INFO |    ✓ Found 8 movies
2026-09-29 02:58:58,502 | INFO | [1562/1901] Fetching Sangrur (SANR)
2026-09-29 02:58:59,355 | INFO |    ↳ Status 200
2026-09-29 02:58:59,355 | INFO |    ✓ Found 8 movies
2026-09-29 02:58:59,356 | INFO | [1563/1901] Fetching Sankarankoil (SAKL)
2026-09-29 02:58:59,850 | INFO |    ↳ Status 403
2026-09-29 02:58:59,850 | WARNING |    ⚠ Blocked (403) retry 1
2026-09-29 02:58:59,917 | INFO | 🌐 Session warmed
2026-09-29 02:59:00,793 | INFO |    ↳ Status 403
2026-09-29 02:59:00,793 | WARNING |    ⚠ Blocked (403) retry 3
2026-09-29 02:59:00,838 | INFO | [1564/1901] Fetching Sankarapuram (SKPM)
2026-09-29 02:59:00,865 | INFO | 🌐 Session warmed
2026-09-29 02:59:01,584 | INFO |    ↳ Status 403
2026-09-29 02:59:01,584 | WARNING |    ⚠ Blocked (403) retry 1
2026-09-29 02:59:01,651 | INFO | 🌐 Session warmed
2026-09-29 02:59:01,808 | INFO |    ↳ Status 200
2026-09-29 02:59:01,808 | INFO |    ✓ Found 8 movies
2026-09-29 02:59:01,808 | INFO | [1565/1901] Fetching Sankeshwar (SKHW)
2026-09-29 02:59:02,160 | INFO |    ↳ Status 403
2026-09-29 02:59:02,160 | WARNING |    ⚠ Blocked (403) retry 2
2026-09-29 02:59:02,231 | INFO | 🌐 Session warmed
2026-09-29 02:59:02,971 | INFO |    ↳ Status 200
2026-09-29 02:59:02,971 | INFO |    ✓ Found 8 movies
2026-09-29 02:59:02,971 | INFO | [1566/1901] Fetching Sankri (SANK)
2026-09-29 02:59:03,670 | INFO |    ↳ Status 403
2026-09-29 02:59:03,670 | WARNING |    ⚠ Blocked (403) retry 2
2026-09-29 02:59:03,742 | INFO | 🌐 Session warmed
2026-09-29 02:59:04,685 | INFO |    ↳ Status 200
2026-09-29 02:59:04,685 | INFO |    ✓ Found 8 movies
2026-09-29 02:59:04,685 | INFO | [1567/1901] Fetching Santhebennur (STHB)
2026-09-29 02:59:04,866 | INFO | [1568/1901] Fetching Sanwer (SAWR)
2026-09-29 02:59:04,899 | INFO |    ↳ Status 403
2026-09-29 02:59:04,899 | WARNING |    ⚠ Blocked (403) retry 3
2026-09-29 02:59:04,968 | INFO | 🌐 Session warmed
2026-09-29 02:59:05,888 | INFO |    ↳ Status 403
2026-09-29 02:59:05,888 | WARNING |    ⚠ Blocked (403) retry 1
2026-09-29 02:59:05,958 | INFO | 🌐 Session warmed
2026-09-29 02:59:06,591 | INFO |    ↳ Status 200
2026-09-29 02:59:06,592 | INFO |    ✓ Found 8 movies
2026-09-29 02:59:06,592 | INFO | [1569/1901] Fetching Saoner (SAOR)
2026-09-29 02:59:06,955 | INFO |    ↳ Status 403
2026-09-29 02:59:06,955 | WARNING |    ⚠ Blocked (403) retry 3
2026-09-29 02:59:07,025 | INFO | 🌐 Session warmed
2026-09-29 02:59:07,653 | INFO |    ↳ Status 403
2026-09-29 02:59:07,653 | WARNING |    ⚠ Blocked (403) retry 2
2026-09-29 02:59:07,723 | INFO | 🌐 Session warmed
2026-09-29 02:59:08,518 | INFO |    ↳ Status 200
2026-09-29 02:59:08,518 | INFO |    ✓ Found 8 movies
2026-09-29 02:59:08,518 | INFO | [1570/1901] Fetching Saraipali (SPAL)
2026-09-29 02:59:08,968 | INFO | [1571/1901] Fetching Sarangarh (SARH)
2026-09-29 02:59:09,432 | INFO |    ↳ Status 403
2026-09-29 02:59:09,432 | WARNING |    ⚠ Blocked (403) retry 1
2026-09-29 02:59:09,500 | INFO | 🌐 Session warmed
2026-09-29 02:59:10,343 | INFO |    ↳ Status 403
2026-09-29 02:59:10,344 | WARNING |    ⚠ Blocked (403) retry 1
2026-09-29 02:59:10,426 | INFO | 🌐 Session warmed
2026-09-29 02:59:10,970 | INFO |    ↳ Status 403
2026-09-29 02:59:10,970 | WARNING |    ⚠ Blocked (403) retry 3
2026-09-29 02:59:11,026 | INFO | [1572/1901] Fetching Sarangpur (SARA)
2026-09-29 02:59:11,049 | INFO | 🌐 Session warmed
2026-09-29 02:59:11,749 | INFO |    ↳ Status 403
2026-09-29 02:59:11,749 | WARNING |    ⚠ Blocked (403) retry 2
2026-09-29 02:59:11,772 | INFO |    ↳ Status 403
2026-09-29 02:59:11,772 | WARNING |    ⚠ Blocked (403) retry 1
2026-09-29 02:59:11,827 | INFO | 🌐 Session warmed
2026-09-29 02:59:11,843 | INFO | 🌐 Session warmed
2026-09-29 02:59:12,410 | INFO |    ↳ Status 403
2026-09-29 02:59:12,410 | WARNING |    ⚠ Blocked (403) retry 2
2026-09-29 02:59:12,488 | INFO | 🌐 Session warmed
2026-09-29 02:59:14,035 | INFO |    ↳ Status 403
2026-09-29 02:59:14,036 | WARNING |    ⚠ Blocked (403) retry 2
2026-09-29 02:59:14,106 | INFO | 🌐 Session warmed
2026-09-29 02:59:15,014 | INFO |    ↳ Status 403
2026-09-29 02:59:15,014 | WARNING |    ⚠ Blocked (403) retry 3
2026-09-29 02:59:15,049 | INFO | [1573/1901] Fetching Sarapaka (SARP)
2026-09-29 02:59:15,088 | INFO | 🌐 Session warmed
2026-09-29 02:59:15,472 | INFO |    ↳ Status 403
2026-09-29 02:59:15,472 | WARNING |    ⚠ Blocked (403) retry 3
2026-09-29 02:59:15,539 | INFO | 🌐 Session warmed
2026-09-29 02:59:16,387 | INFO |    ↳ Status 403
2026-09-29 02:59:16,387 | WARNING |    ⚠ Blocked (403) retry 1
2026-09-29 02:59:16,452 | INFO | 🌐 Session warmed
2026-09-29 02:59:16,748 | INFO |    ↳ Status 403
2026-09-29 02:59:16,748 | WARNING |    ⚠ Blocked (403) retry 3
2026-09-29 02:59:16,816 | INFO | 🌐 Session warmed
2026-09-29 02:59:18,657 | INFO |    ↳ Status 403
2026-09-29 02:59:18,657 | WARNING |    ⚠ Blocked (403) retry 2
2026-09-29 02:59:18,729 | INFO | 🌐 Session warmed
2026-09-29 02:59:19,089 | INFO | [1574/1901] Fetching Sardhana (DDDD)
2026-09-29 02:59:19,539 | INFO | [1575/1901] Fetching Sardulgarh (SARD)
2026-09-29 02:59:20,073 | INFO |    ↳ Status 403
2026-09-29 02:59:20,073 | WARNING |    ⚠ Blocked (403) retry 1
2026-09-29 02:59:20,145 | INFO | 🌐 Session warmed
2026-09-29 02:59:20,608 | INFO |    ↳ Status 403
2026-09-29 02:59:20,608 | WARNING |    ⚠ Blocked (403) retry 1
2026-09-29 02:59:20,672 | INFO | 🌐 Session warmed
2026-09-29 02:59:20,816 | INFO | [1576/1901] Fetching Sarnath (SART)
2026-09-29 02:59:21,755 | INFO |    ↳ Status 403
2026-09-29 02:59:21,755 | WARNING |    ⚠ Blocked (403) retry 1
2026-09-29 02:59:21,794 | INFO |    ↳ Status 403
2026-09-29 02:59:21,795 | WARNING |    ⚠ Blocked (403) retry 3
2026-09-29 02:59:21,824 | INFO | 🌐 Session warmed
2026-09-29 02:59:21,865 | INFO | 🌐 Session warmed
2026-09-29 02:59:22,216 | INFO |    ↳ Status 403
2026-09-29 02:59:22,216 | WARNING |    ⚠ Blocked (403) retry 2
2026-09-29 02:59:22,285 | INFO | 🌐 Session warmed
2026-09-29 02:59:22,584 | INFO |    ↳ Status 403
2026-09-29 02:59:22,584 | WARNING |    ⚠ Blocked (403) retry 2
2026-09-29 02:59:22,652 | INFO | 🌐 Session warmed
2026-09-29 02:59:23,978 | INFO |    ↳ Status 403
2026-09-29 02:59:23,978 | WARNING |    ⚠ Blocked (403) retry 2
2026-09-29 02:59:24,048 | INFO | 🌐 Session warmed
2026-09-29 02:59:24,911 | INFO |    ↳ Status 403
2026-09-29 02:59:24,911 | WARNING |    ⚠ Blocked (403) retry 3
2026-09-29 02:59:24,981 | INFO | 🌐 Session warmed
2026-09-29 02:59:25,479 | INFO |    ↳ Status 403
2026-09-29 02:59:25,480 | WARNING |    ⚠ Blocked (403) retry 3
2026-09-29 02:59:25,547 | INFO | 🌐 Session warmed
2026-09-29 02:59:25,866 | INFO | [1577/1901] Fetching Sarni (SARN)
2026-09-29 02:59:26,917 | INFO |    ↳ Status 403
2026-09-29 02:59:26,918 | WARNING |    ⚠ Blocked (403) retry 1
2026-09-29 02:59:26,990 | INFO | 🌐 Session warmed
2026-09-29 02:59:27,229 | INFO |    ↳ Status 403
2026-09-29 02:59:27,229 | WARNING |    ⚠ Blocked (403) retry 3
2026-09-29 02:59:27,298 | INFO | 🌐 Session warmed
2026-09-29 02:59:28,807 | INFO |    ↳ Status 403
2026-09-29 02:59:28,808 | WARNING |    ⚠ Blocked (403) retry 2
2026-09-29 02:59:28,876 | INFO | 🌐 Session warmed
2026-09-29 02:59:28,981 | INFO | [1578/1901] Fetching Sarsiwa (SARS)
2026-09-29 02:59:29,547 | INFO | [1579/1901] Fetching Sasaram (SARM)
2026-09-29 02:59:29,912 | INFO |    ↳ Status 403
2026-09-29 02:59:29,912 | WARNING |    ⚠ Blocked (403) retry 1
2026-09-29 02:59:29,993 | INFO | 🌐 Session warmed
2026-09-29 02:59:30,784 | INFO |    ↳ Status 403
2026-09-29 02:59:30,785 | WARNING |    ⚠ Blocked (403) retry 1
2026-09-29 02:59:30,855 | INFO | 🌐 Session warmed
2026-09-29 02:59:31,298 | INFO | [1580/1901] Fetching Satana (STNA)
2026-09-29 02:59:31,545 | INFO |    ↳ Status 403
2026-09-29 02:59:31,545 | WARNING |    ⚠ Blocked (403) retry 3
2026-09-29 02:59:31,612 | INFO | 🌐 Session warmed
2026-09-29 02:59:32,409 | INFO |    ↳ Status 403
2026-09-29 02:59:32,409 | WARNING |    ⚠ Blocked (403) retry 2
2026-09-29 02:59:32,479 | INFO | 🌐 Session warmed
2026-09-29 02:59:32,536 | INFO |    ↳ Status 403
2026-09-29 02:59:32,536 | WARNING |    ⚠ Blocked (403) retry 1
2026-09-29 02:59:32,627 | INFO | 🌐 Session warmed
2026-09-29 02:59:33,027 | INFO |    ↳ Status 403
2026-09-29 02:59:33,027 | WARNING |    ⚠ Blocked (403) retry 2
2026-09-29 02:59:33,097 | INFO | 🌐 Session warmed
2026-09-29 02:59:34,477 | INFO |    ↳ Status 403
2026-09-29 02:59:34,477 | WARNING |    ⚠ Blocked (403) retry 2
2026-09-29 02:59:34,545 | INFO | 🌐 Session warmed
2026-09-29 02:59:35,612 | INFO | [1581/1901] Fetching Satara (SATA)
2026-09-29 02:59:35,741 | INFO |    ↳ Status 403
2026-09-29 02:59:35,741 | WARNING |    ⚠ Blocked (403) retry 3
2026-09-29 02:59:35,818 | INFO | 🌐 Session warmed
2026-09-29 02:59:35,828 | INFO |    ↳ Status 403
2026-09-29 02:59:35,828 | WARNING |    ⚠ Blocked (403) retry 3
2026-09-29 02:59:35,901 | INFO | 🌐 Session warmed
2026-09-29 02:59:36,263 | INFO |    ↳ Status 403
2026-09-29 02:59:36,263 | WARNING |    ⚠ Blocked (403) retry 1
2026-09-29 02:59:36,335 | INFO | 🌐 Session warmed
2026-09-29 02:59:37,426 | INFO |    ↳ Status 403
2026-09-29 02:59:37,426 | WARNING |    ⚠ Blocked (403) retry 3
2026-09-29 02:59:37,502 | INFO | 🌐 Session warmed
2026-09-29 02:59:38,204 | INFO |    ↳ Status 403
2026-09-29 02:59:38,204 | WARNING |    ⚠ Blocked (403) retry 2
2026-09-29 02:59:38,274 | INFO | 🌐 Session warmed
2026-09-29 02:59:39,818 | INFO | [1582/1901] Fetching Sathankulam (SNTK)
2026-09-29 02:59:39,901 | INFO | [1583/1901] Fetching Sathupally (SATH)
2026-09-29 02:59:40,577 | INFO |    ↳ Status 403
2026-09-29 02:59:40,577 | WARNING |    ⚠ Blocked (403) retry 1
2026-09-29 02:59:40,663 | INFO | 🌐 Session warmed
2026-09-29 02:59:40,894 | INFO |    ↳ Status 403
2026-09-29 02:59:40,894 | WARNING |    ⚠ Blocked (403) retry 1
2026-09-29 02:59:40,967 | INFO | 🌐 Session warmed
2026-09-29 02:59:41,356 | INFO |    ↳ Status 403
2026-09-29 02:59:41,356 | WARNING |    ⚠ Blocked (403) retry 3
2026-09-29 02:59:41,430 | INFO | 🌐 Session warmed
2026-09-29 02:59:41,502 | INFO | [1584/1901] Fetching Sathyamangalam (STHY)
2026-09-29 02:59:42,160 | INFO |    ↳ Status 403
2026-09-29 02:59:42,160 | WARNING |    ⚠ Blocked (403) retry 1
2026-09-29 02:59:42,229 | INFO | 🌐 Session warmed
2026-09-29 02:59:42,666 | INFO |    ↳ Status 403
2026-09-29 02:59:42,666 | WARNING |    ⚠ Blocked (403) retry 2
2026-09-29 02:59:42,733 | INFO | 🌐 Session warmed
2026-09-29 02:59:43,017 | INFO |    ↳ Status 403
2026-09-29 02:59:43,017 | WARNING |    ⚠ Blocked (403) retry 2
2026-09-29 02:59:43,085 | INFO | 🌐 Session warmed
2026-09-29 02:59:44,041 | INFO |    ↳ Status 403
2026-09-29 02:59:44,041 | WARNING |    ⚠ Blocked (403) retry 2
2026-09-29 02:59:44,110 | INFO | 🌐 Session warmed
2026-09-29 02:59:45,430 | INFO | [1585/1901] Fetching Satmile (SATI)
2026-09-29 02:59:45,548 | INFO |    ↳ Status 403
2026-09-29 02:59:45,548 | WARNING |    ⚠ Blocked (403) retry 3
2026-09-29 02:59:45,619 | INFO | 🌐 Session warmed
2026-09-29 02:59:45,719 | INFO |    ↳ Status 403
2026-09-29 02:59:45,719 | WARNING |    ⚠ Blocked (403) retry 3
2026-09-29 02:59:45,790 | INFO | 🌐 Session warmed
2026-09-29 02:59:46,363 | INFO |    ↳ Status 403
2026-09-29 02:59:46,363 | WARNING |    ⚠ Blocked (403) retry 1
2026-09-29 02:59:46,437 | INFO | 🌐 Session warmed
2026-09-29 02:59:47,141 | INFO |    ↳ Status 403
2026-09-29 02:59:47,141 | WARNING |    ⚠ Blocked (403) retry 3
2026-09-29 02:59:47,220 | INFO | 🌐 Session warmed
2026-09-29 02:59:48,436 | INFO |    ↳ Status 403
2026-09-29 02:59:48,436 | WARNING |    ⚠ Blocked (403) retry 2
2026-09-29 02:59:48,509 | INFO | 🌐 Session warmed
2026-09-29 02:59:49,619 | INFO | [1586/1901] Fetching Satna (SATN)
2026-09-29 02:59:49,791 | INFO | [1587/1901] Fetching Sattenapalle (SATL)
2026-09-29 02:59:50,912 | INFO |    ↳ Status 403
2026-09-29 02:59:50,912 | WARNING |    ⚠ Blocked (403) retry 1
2026-09-29 02:59:50,992 | INFO | 🌐 Session warmed
2026-09-29 02:59:51,015 | INFO |    ↳ Status 403
2026-09-29 02:59:51,015 | WARNING |    ⚠ Blocked (403) retry 1
2026-09-29 02:59:51,092 | INFO | 🌐 Session warmed
2026-09-29 02:59:51,220 | INFO | [1588/1901] Fetching Saundatti (SAUN)
2026-09-29 02:59:51,749 | INFO |    ↳ Status 403
2026-09-29 02:59:51,749 | WARNING |    ⚠ Blocked (403) retry 3
2026-09-29 02:59:51,814 | INFO | 🌐 Session warmed
2026-09-29 02:59:52,348 | INFO |    ↳ Status 403
2026-09-29 02:59:52,348 | WARNING |    ⚠ Blocked (403) retry 1
2026-09-29 02:59:52,425 | INFO | 🌐 Session warmed
2026-09-29 02:59:53,014 | INFO |    ↳ Status 403
2026-09-29 02:59:53,014 | WARNING |    ⚠ Blocked (403) retry 2
2026-09-29 02:59:53,084 | INFO | 🌐 Session warmed
2026-09-29 02:59:53,276 | INFO |    ↳ Status 403
2026-09-29 02:59:53,276 | WARNING |    ⚠ Blocked (403) retry 2
2026-09-29 02:59:53,348 | INFO | 🌐 Session warmed
2026-09-29 02:59:54,803 | INFO |    ↳ Status 403
2026-09-29 02:59:54,803 | WARNING |    ⚠ Blocked (403) retry 2
2026-09-29 02:59:54,873 | INFO | 🌐 Session warmed
2026-09-29 02:59:55,814 | INFO | [1589/1901] Fetching Sawai Madhopur (SWMP)
2026-09-29 02:59:55,951 | INFO |    ↳ Status 403
2026-09-29 02:59:55,951 | WARNING |    ⚠ Blocked (403) retry 3
2026-09-29 02:59:56,022 | INFO | 🌐 Session warmed
2026-09-29 02:59:56,088 | INFO |    ↳ Status 403
2026-09-29 02:59:56,088 | WARNING |    ⚠ Blocked (403) retry 3
2026-09-29 02:59:56,153 | INFO | 🌐 Session warmed
2026-09-29 02:59:56,677 | INFO |    ↳ Status 403
2026-09-29 02:59:56,677 | WARNING |    ⚠ Blocked (403) retry 1
2026-09-29 02:59:56,757 | INFO | 🌐 Session warmed
2026-09-29 02:59:57,889 | INFO |    ↳ Status 403
2026-09-29 02:59:57,889 | WARNING |    ⚠ Blocked (403) retry 3
2026-09-29 02:59:57,961 | INFO | 🌐 Session warmed
2026-09-29 02:59:58,429 | INFO |    ↳ Status 403
2026-09-29 02:59:58,429 | WARNING |    ⚠ Blocked (403) retry 2
2026-09-29 02:59:58,502 | INFO | 🌐 Session warmed
2026-09-29 03:00:00,022 | INFO | [1590/1901] Fetching Sawantwadi (SAWA)
2026-09-29 03:00:00,153 | INFO | [1591/1901] Fetching Sayan (SYAN)
2026-09-29 03:00:00,784 | INFO |    ↳ Status 403
2026-09-29 03:00:00,785 | WARNING |    ⚠ Blocked (403) retry 1
2026-09-29 03:00:00,862 | INFO | 🌐 Session warmed
2026-09-29 03:00:01,156 | INFO |    ↳ Status 403
2026-09-29 03:00:01,156 | WARNING |    ⚠ Blocked (403) retry 3
2026-09-29 03:00:01,230 | INFO | 🌐 Session warmed
2026-09-29 03:00:01,416 | INFO |    ↳ Status 403
2026-09-29 03:00:01,416 | WARNING |    ⚠ Blocked (403) retry 1
2026-09-29 03:00:01,496 | INFO | 🌐 Session warmed
2026-09-29 03:00:01,961 | INFO | [1592/1901] Fetching Secunderabad (SCBD)
2026-09-29 03:00:02,931 | INFO |    ↳ Status 403
2026-09-29 03:00:02,932 | WARNING |    ⚠ Blocked (403) retry 1
2026-09-29 03:00:03,003 | INFO | 🌐 Session warmed
2026-09-29 03:00:03,192 | INFO |    ↳ Status 403
2026-09-29 03:00:03,192 | WARNING |    ⚠ Blocked (403) retry 2
2026-09-29 03:00:03,210 | INFO |    ↳ Status 403
2026-09-29 03:00:03,210 | WARNING |    ⚠ Blocked (403) retry 2
2026-09-29 03:00:03,262 | INFO | 🌐 Session warmed
2026-09-29 03:00:03,283 | INFO | 🌐 Session warmed
2026-09-29 03:00:05,221 | INFO |    ↳ Status 403
2026-09-29 03:00:05,221 | WARNING |    ⚠ Blocked (403) retry 2
2026-09-29 03:00:05,231 | INFO | [1593/1901] Fetching Seethanagaram (SEET)
2026-09-29 03:00:05,289 | INFO | 🌐 Session warmed
2026-09-29 03:00:06,120 | INFO |    ↳ Status 403
2026-09-29 03:00:06,120 | WARNING |    ⚠ Blocked (403) retry 3
2026-09-29 03:00:06,201 | INFO | 🌐 Session warmed
2026-09-29 03:00:06,356 | INFO |    ↳ Status 403
2026-09-29 03:00:06,356 | WARNING |    ⚠ Blocked (403) retry 3
2026-09-29 03:00:06,423 | INFO | 🌐 Session warmed
2026-09-29 03:00:06,496 | INFO |    ↳ Status 403
2026-09-29 03:00:06,496 | WARNING |    ⚠ Blocked (403) retry 1
2026-09-29 03:00:06,565 | INFO | 🌐 Session warmed
2026-09-29 03:00:08,077 | INFO |    ↳ Status 403
2026-09-29 03:00:08,077 | WARNING |    ⚠ Blocked (403) retry 3
2026-09-29 03:00:08,159 | INFO | 🌐 Session warmed
2026-09-29 03:00:08,858 | INFO |    ↳ Status 403
2026-09-29 03:00:08,858 | WARNING |    ⚠ Blocked (403) retry 2
2026-09-29 03:00:08,930 | INFO | 🌐 Session warmed
2026-09-29 03:00:10,201 | INFO | [1594/1901] Fetching Sehmalpur (SEHL)
2026-09-29 03:00:10,423 | INFO | [1595/1901] Fetching Sehore (SEHO)
2026-09-29 03:00:11,092 | INFO |    ↳ Status 403
2026-09-29 03:00:11,092 | WARNING |    ⚠ Blocked (403) retry 1
2026-09-29 03:00:11,165 | INFO |    ↳ Status 403
2026-09-29 03:00:11,165 | WARNING |    ⚠ Blocked (403) retry 1
2026-09-29 03:00:11,169 | INFO | 🌐 Session warmed
2026-09-29 03:00:11,237 | INFO | 🌐 Session warmed
2026-09-29 03:00:11,619 | INFO |    ↳ Status 403
2026-09-29 03:00:11,619 | WARNING |    ⚠ Blocked (403) retry 3
2026-09-29 03:00:11,701 | INFO | 🌐 Session warmed
2026-09-29 03:00:12,159 | INFO | [1596/1901] Fetching Selu (SELU)
2026-09-29 03:00:12,794 | INFO |    ↳ Status 403
2026-09-29 03:00:12,794 | WARNING |    ⚠ Blocked (403) retry 1
2026-09-29 03:00:12,804 | INFO |    ↳ Status 403
2026-09-29 03:00:12,804 | WARNING |    ⚠ Blocked (403) retry 2
2026-09-29 03:00:12,865 | INFO | 🌐 Session warmed
2026-09-29 03:00:12,887 | INFO | 🌐 Session warmed
2026-09-29 03:00:12,972 | INFO |    ↳ Status 403
2026-09-29 03:00:12,972 | WARNING |    ⚠ Blocked (403) retry 2
2026-09-29 03:00:13,181 | INFO | 🌐 Session warmed
2026-09-29 03:00:14,680 | INFO |    ↳ Status 403
2026-09-29 03:00:14,680 | WARNING |    ⚠ Blocked (403) retry 2
2026-09-29 03:00:14,746 | INFO | 🌐 Session warmed
2026-09-29 03:00:15,701 | INFO | [1597/1901] Fetching Semiliguda (SIMI)
2026-09-29 03:00:16,142 | INFO |    ↳ Status 403
2026-09-29 03:00:16,142 | WARNING |    ⚠ Blocked (403) retry 3
2026-09-29 03:00:16,213 | INFO | 🌐 Session warmed
2026-09-29 03:00:16,278 | INFO |    ↳ Status 403
2026-09-29 03:00:16,278 | WARNING |    ⚠ Blocked (403) retry 3
2026-09-29 03:00:16,345 | INFO | 🌐 Session warmed
2026-09-29 03:00:17,113 | INFO |    ↳ Status 403
2026-09-29 03:00:17,113 | WARNING |    ⚠ Blocked (403) retry 1
2026-09-29 03:00:17,190 | INFO | 🌐 Session warmed
2026-09-29 03:00:18,089 | INFO |    ↳ Status 403
2026-09-29 03:00:18,090 | WARNING |    ⚠ Blocked (403) retry 3
2026-09-29 03:00:18,155 | INFO | 🌐 Session warmed
2026-09-29 03:00:19,566 | INFO |    ↳ Status 403
2026-09-29 03:00:19,566 | WARNING |    ⚠ Blocked (403) retry 2
2026-09-29 03:00:19,633 | INFO | 🌐 Session warmed
2026-09-29 03:00:20,213 | INFO | [1598/1901] Fetching Senapati (SENA)
2026-09-29 03:00:20,345 | INFO | [1599/1901] Fetching Sendhwa (SEND)
2026-09-29 03:00:21,322 | INFO |    ↳ Status 403
2026-09-29 03:00:21,322 | WARNING |    ⚠ Blocked (403) retry 1
2026-09-29 03:00:21,451 | INFO | 🌐 Session warmed
2026-09-29 03:00:21,522 | INFO |    ↳ Status 403
2026-09-29 03:00:21,522 | WARNING |    ⚠ Blocked (403) retry 1
2026-09-29 03:00:21,666 | INFO | 🌐 Session warmed
2026-09-29 03:00:22,155 | INFO | [1600/1901] Fetching Sendurai (SEAI)
2026-09-29 03:00:22,502 | INFO |    ↳ Status 403
2026-09-29 03:00:22,502 | WARNING |    ⚠ Blocked (403) retry 3
2026-09-29 03:00:22,575 | INFO | 🌐 Session warmed
2026-09-29 03:00:23,260 | INFO |    ↳ Status 403
2026-09-29 03:00:23,260 | WARNING |    ⚠ Blocked (403) retry 1
2026-09-29 03:00:23,331 | INFO | 🌐 Session warmed
2026-09-29 03:00:23,796 | INFO |    ↳ Status 403
2026-09-29 03:00:23,796 | WARNING |    ⚠ Blocked (403) retry 2
2026-09-29 03:00:23,830 | INFO |    ↳ Status 403
2026-09-29 03:00:23,830 | WARNING |    ⚠ Blocked (403) retry 2
2026-09-29 03:00:23,871 | INFO | 🌐 Session warmed
2026-09-29 03:00:23,904 | INFO | 🌐 Session warmed
2026-09-29 03:00:25,556 | INFO |    ↳ Status 403
2026-09-29 03:00:25,556 | WARNING |    ⚠ Blocked (403) retry 2
2026-09-29 03:00:25,625 | INFO | 🌐 Session warmed
2026-09-29 03:00:26,575 | INFO | [1601/1901] Fetching Sengottai (SENG)
2026-09-29 03:00:26,766 | INFO |    ↳ Status 403
2026-09-29 03:00:26,766 | WARNING |    ⚠ Blocked (403) retry 3
2026-09-29 03:00:26,834 | INFO | 🌐 Session warmed
2026-09-29 03:00:27,249 | INFO |    ↳ Status 403
2026-09-29 03:00:27,249 | WARNING |    ⚠ Blocked (403) retry 3
2026-09-29 03:00:27,335 | INFO | 🌐 Session warmed
2026-09-29 03:00:27,944 | INFO |    ↳ Status 403
2026-09-29 03:00:27,944 | WARNING |    ⚠ Blocked (403) retry 1
2026-09-29 03:00:28,015 | INFO | 🌐 Session warmed
2026-09-29 03:00:28,467 | INFO |    ↳ Status 403
2026-09-29 03:00:28,468 | WARNING |    ⚠ Blocked (403) retry 3
2026-09-29 03:00:28,536 | INFO | 🌐 Session warmed
2026-09-29 03:00:30,111 | INFO |    ↳ Status 403
2026-09-29 03:00:30,111 | WARNING |    ⚠ Blocked (403) retry 2
2026-09-29 03:00:30,180 | INFO | 🌐 Session warmed
2026-09-29 03:00:30,834 | INFO | [1602/1901] Fetching Seoni (SEON)
2026-09-29 03:00:31,335 | INFO | [1603/1901] Fetching Seoni Malwa (SEMA)
2026-09-29 03:00:32,052 | INFO |    ↳ Status 403
2026-09-29 03:00:32,052 | WARNING |    ⚠ Blocked (403) retry 1
2026-09-29 03:00:32,122 | INFO | 🌐 Session warmed
2026-09-29 03:00:32,537 | INFO | [1604/1901] Fetching Serampore (SERA)
2026-09-29 03:00:32,728 | INFO |    ↳ Status 403
2026-09-29 03:00:32,729 | WARNING |    ⚠ Blocked (403) retry 1
2026-09-29 03:00:32,807 | INFO | 🌐 Session warmed
2026-09-29 03:00:33,238 | INFO |    ↳ Status 403
2026-09-29 03:00:33,239 | WARNING |    ⚠ Blocked (403) retry 3
2026-09-29 03:00:33,307 | INFO | 🌐 Session warmed
2026-09-29 03:00:33,845 | INFO |    ↳ Status 403
2026-09-29 03:00:33,845 | WARNING |    ⚠ Blocked (403) retry 1
2026-09-29 03:00:33,914 | INFO | 🌐 Session warmed
2026-09-29 03:00:34,088 | INFO |    ↳ Status 403
2026-09-29 03:00:34,088 | WARNING |    ⚠ Blocked (403) retry 2
2026-09-29 03:00:34,162 | INFO | 🌐 Session warmed
2026-09-29 03:00:35,130 | INFO |    ↳ Status 403
2026-09-29 03:00:35,130 | WARNING |    ⚠ Blocked (403) retry 2
2026-09-29 03:00:35,204 | INFO | 🌐 Session warmed
2026-09-29 03:00:36,113 | INFO |    ↳ Status 403
2026-09-29 03:00:36,113 | WARNING |    ⚠ Blocked (403) retry 2
2026-09-29 03:00:36,181 | INFO | 🌐 Session warmed
2026-09-29 03:00:37,307 | INFO | [1605/1901] Fetching Shadnagar (SHAD)
2026-09-29 03:00:37,468 | INFO |    ↳ Status 403
2026-09-29 03:00:37,468 | WARNING |    ⚠ Blocked (403) retry 3
2026-09-29 03:00:37,536 | INFO | 🌐 Session warmed
2026-09-29 03:00:37,961 | INFO |    ↳ Status 403
2026-09-29 03:00:37,962 | WARNING |    ⚠ Blocked (403) retry 3
2026-09-29 03:00:38,041 | INFO | 🌐 Session warmed
2026-09-29 03:00:38,356 | INFO |    ↳ Status 403
2026-09-29 03:00:38,356 | WARNING |    ⚠ Blocked (403) retry 1
2026-09-29 03:00:38,419 | INFO | 🌐 Session warmed
2026-09-29 03:00:39,083 | INFO |    ↳ Status 403
2026-09-29 03:00:39,083 | WARNING |    ⚠ Blocked (403) retry 3
2026-09-29 03:00:39,151 | INFO | 🌐 Session warmed
2026-09-29 03:00:40,093 | INFO |    ↳ Status 403
2026-09-29 03:00:40,093 | WARNING |    ⚠ Blocked (403) retry 2
2026-09-29 03:00:40,165 | INFO | 🌐 Session warmed
2026-09-29 03:00:41,536 | INFO | [1606/1901] Fetching Shahada (SHHA)
2026-09-29 03:00:42,042 | INFO | [1607/1901] Fetching Shahapur (SHAP)
2026-09-29 03:00:42,729 | INFO |    ↳ Status 403
2026-09-29 03:00:42,729 | WARNING |    ⚠ Blocked (403) retry 1
2026-09-29 03:00:42,796 | INFO | 🌐 Session warmed
2026-09-29 03:00:42,857 | INFO |    ↳ Status 403
2026-09-29 03:00:42,857 | WARNING |    ⚠ Blocked (403) retry 1
2026-09-29 03:00:42,932 | INFO | 🌐 Session warmed
2026-09-29 03:00:43,063 | INFO |    ↳ Status 403
2026-09-29 03:00:43,063 | WARNING |    ⚠ Blocked (403) retry 3
2026-09-29 03:00:43,129 | INFO | 🌐 Session warmed
2026-09-29 03:00:43,151 | INFO | [1608/1901] Fetching Shahdol (SHAH)
2026-09-29 03:00:44,214 | INFO |    ↳ Status 403
2026-09-29 03:00:44,214 | WARNING |    ⚠ Blocked (403) retry 1
2026-09-29 03:00:44,293 | INFO | 🌐 Session warmed
2026-09-29 03:00:44,553 | INFO |    ↳ Status 403
2026-09-29 03:00:44,553 | WARNING |    ⚠ Blocked (403) retry 2
2026-09-29 03:00:44,626 | INFO |    ↳ Status 403
2026-09-29 03:00:44,626 | WARNING |    ⚠ Blocked (403) retry 2
2026-09-29 03:00:44,633 | INFO | 🌐 Session warmed
2026-09-29 03:00:44,693 | INFO | 🌐 Session warmed
2026-09-29 03:00:46,490 | INFO |    ↳ Status 403
2026-09-29 03:00:46,490 | WARNING |    ⚠ Blocked (403) retry 2
2026-09-29 03:00:46,649 | INFO | 🌐 Session warmed
2026-09-29 03:00:47,129 | INFO | [1609/1901] Fetching Shahjahanpur (SHJH)
2026-09-29 03:00:47,641 | INFO |    ↳ Status 403
2026-09-29 03:00:47,641 | WARNING |    ⚠ Blocked (403) retry 3
2026-09-29 03:00:47,713 | INFO | 🌐 Session warmed
2026-09-29 03:00:47,859 | INFO |    ↳ Status 403
2026-09-29 03:00:47,859 | WARNING |    ⚠ Blocked (403) retry 3
2026-09-29 03:00:47,927 | INFO | 🌐 Session warmed
2026-09-29 03:00:48,183 | INFO |    ↳ Status 403
2026-09-29 03:00:48,183 | WARNING |    ⚠ Blocked (403) retry 1
2026-09-29 03:00:48,260 | INFO | 🌐 Session warmed
2026-09-29 03:00:49,751 | INFO |    ↳ Status 403
2026-09-29 03:00:49,751 | WARNING |    ⚠ Blocked (403) retry 3
2026-09-29 03:00:49,827 | INFO | 🌐 Session warmed
2026-09-29 03:00:50,596 | INFO |    ↳ Status 403
2026-09-29 03:00:50,596 | WARNING |    ⚠ Blocked (403) retry 2
2026-09-29 03:00:50,667 | INFO | 🌐 Session warmed
2026-09-29 03:00:51,713 | INFO | [1610/1901] Fetching Shahpur (SUPH)
2026-09-29 03:00:51,927 | INFO | [1611/1901] Fetching Shahpura (SHAA)
2026-09-29 03:00:53,002 | INFO |    ↳ Status 403
2026-09-29 03:00:53,002 | WARNING |    ⚠ Blocked (403) retry 1
2026-09-29 03:00:53,073 | INFO | 🌐 Session warmed
2026-09-29 03:00:53,210 | INFO |    ↳ Status 403
2026-09-29 03:00:53,210 | WARNING |    ⚠ Blocked (403) retry 1
2026-09-29 03:00:53,302 | INFO | 🌐 Session warmed
2026-09-29 03:00:53,646 | INFO |    ↳ Status 403
2026-09-29 03:00:53,646 | WARNING |    ⚠ Blocked (403) retry 3
2026-09-29 03:00:53,717 | INFO | 🌐 Session warmed
2026-09-29 03:00:53,827 | INFO | [1612/1901] Fetching Shajapur (SJUR)
2026-09-29 03:00:54,840 | INFO |    ↳ Status 403
2026-09-29 03:00:54,840 | WARNING |    ⚠ Blocked (403) retry 1
2026-09-29 03:00:54,908 | INFO | 🌐 Session warmed
2026-09-29 03:00:55,191 | INFO |    ↳ Status 403
2026-09-29 03:00:55,191 | WARNING |    ⚠ Blocked (403) retry 2
2026-09-29 03:00:55,265 | INFO | 🌐 Session warmed
2026-09-29 03:00:55,525 | INFO |    ↳ Status 403
2026-09-29 03:00:55,525 | WARNING |    ⚠ Blocked (403) retry 2
2026-09-29 03:00:55,658 | INFO | 🌐 Session warmed
2026-09-29 03:00:57,175 | INFO |    ↳ Status 403
2026-09-29 03:00:57,175 | WARNING |    ⚠ Blocked (403) retry 2
2026-09-29 03:00:57,243 | INFO | 🌐 Session warmed
2026-09-29 03:00:57,717 | INFO | [1613/1901] Fetching Shamgarh (SGAH)
2026-09-29 03:00:58,154 | INFO |    ↳ Status 403
2026-09-29 03:00:58,154 | WARNING |    ⚠ Blocked (403) retry 3
2026-09-29 03:00:58,226 | INFO | 🌐 Session warmed
2026-09-29 03:00:58,511 | INFO |    ↳ Status 403
2026-09-29 03:00:58,511 | WARNING |    ⚠ Blocked (403) retry 1
2026-09-29 03:00:58,586 | INFO | 🌐 Session warmed
2026-09-29 03:00:58,654 | INFO |    ↳ Status 403
2026-09-29 03:00:58,654 | WARNING |    ⚠ Blocked (403) retry 3
2026-09-29 03:00:58,733 | INFO | 🌐 Session warmed
2026-09-29 03:00:59,996 | INFO |    ↳ Status 403
2026-09-29 03:00:59,996 | WARNING |    ⚠ Blocked (403) retry 3
2026-09-29 03:01:00,070 | INFO | 🌐 Session warmed
2026-09-29 03:01:00,212 | INFO |    ↳ Status 403
2026-09-29 03:01:00,212 | WARNING |    ⚠ Blocked (403) retry 2
2026-09-29 03:01:00,294 | INFO | 🌐 Session warmed
2026-09-29 03:01:02,227 | INFO | [1614/1901] Fetching Shamli (SHAM)
2026-09-29 03:01:02,734 | INFO | [1615/1901] Fetching Shankarampet (SHAN)
2026-09-29 03:01:02,957 | INFO |    ↳ Status 403
2026-09-29 03:01:02,957 | WARNING |    ⚠ Blocked (403) retry 3
2026-09-29 03:01:03,031 | INFO | 🌐 Session warmed
2026-09-29 03:01:03,578 | INFO |    ↳ Status 403
2026-09-29 03:01:03,578 | WARNING |    ⚠ Blocked (403) retry 1
2026-09-29 03:01:03,605 | INFO |    ↳ Status 403
2026-09-29 03:01:03,605 | WARNING |    ⚠ Blocked (403) retry 1
2026-09-29 03:01:03,657 | INFO | 🌐 Session warmed
2026-09-29 03:01:03,679 | INFO | 🌐 Session warmed
2026-09-29 03:01:04,070 | INFO | [1616/1901] Fetching Shankarpally (SKRP)
2026-09-29 03:01:04,914 | INFO |    ↳ Status 403
2026-09-29 03:01:04,914 | WARNING |    ⚠ Blocked (403) retry 1
2026-09-29 03:01:04,983 | INFO | 🌐 Session warmed
2026-09-29 03:01:05,287 | INFO |    ↳ Status 403
2026-09-29 03:01:05,288 | WARNING |    ⚠ Blocked (403) retry 2
2026-09-29 03:01:05,392 | INFO | 🌐 Session warmed
2026-09-29 03:01:05,455 | INFO |    ↳ Status 403
2026-09-29 03:01:05,455 | WARNING |    ⚠ Blocked (403) retry 2
2026-09-29 03:01:05,528 | INFO | 🌐 Session warmed
2026-09-29 03:01:07,031 | INFO | [1617/1901] Fetching Shankarpur (SHNC)
2026-09-29 03:01:07,091 | INFO |    ↳ Status 403
2026-09-29 03:01:07,091 | WARNING |    ⚠ Blocked (403) retry 2
2026-09-29 03:01:07,167 | INFO | 🌐 Session warmed
2026-09-29 03:01:07,687 | INFO |    ↳ Status 403
2026-09-29 03:01:07,687 | WARNING |    ⚠ Blocked (403) retry 1
2026-09-29 03:01:07,754 | INFO | 🌐 Session warmed
2026-09-29 03:01:08,468 | INFO |    ↳ Status 403
2026-09-29 03:01:08,468 | WARNING |    ⚠ Blocked (403) retry 3
2026-09-29 03:01:08,534 | INFO | 🌐 Session warmed
2026-09-29 03:01:08,767 | INFO |    ↳ Status 403
2026-09-29 03:01:08,767 | WARNING |    ⚠ Blocked (403) retry 3
2026-09-29 03:01:08,847 | INFO | 🌐 Session warmed
2026-09-29 03:01:10,044 | INFO |    ↳ Status 403
2026-09-29 03:01:10,045 | WARNING |    ⚠ Blocked (403) retry 2
2026-09-29 03:01:10,118 | INFO | 🌐 Session warmed
2026-09-29 03:01:10,469 | INFO |    ↳ Status 403
2026-09-29 03:01:10,469 | WARNING |    ⚠ Blocked (403) retry 3
2026-09-29 03:01:10,536 | INFO | 🌐 Session warmed
2026-09-29 03:01:12,534 | INFO | [1618/1901] Fetching Shela (SHEL)
2026-09-29 03:01:12,848 | INFO | [1619/1901] Fetching Sheopur (SHPR)
2026-09-29 03:01:13,265 | INFO |    ↳ Status 403
2026-09-29 03:01:13,265 | WARNING |    ⚠ Blocked (403) retry 1
2026-09-29 03:01:13,287 | INFO |    ↳ Status 403
2026-09-29 03:01:13,287 | WARNING |    ⚠ Blocked (403) retry 3
2026-09-29 03:01:13,344 | INFO | 🌐 Session warmed
2026-09-29 03:01:13,368 | INFO | 🌐 Session warmed
2026-09-29 03:01:14,083 | INFO |    ↳ Status 403
2026-09-29 03:01:14,083 | WARNING |    ⚠ Blocked (403) retry 1
2026-09-29 03:01:14,149 | INFO | 🌐 Session warmed
2026-09-29 03:01:14,537 | INFO | [1620/1901] Fetching Sheorinarayan (SHEO)
2026-09-29 03:01:15,379 | INFO |    ↳ Status 403
2026-09-29 03:01:15,379 | WARNING |    ⚠ Blocked (403) retry 1
2026-09-29 03:01:15,449 | INFO | 🌐 Session warmed
2026-09-29 03:01:15,684 | INFO |    ↳ Status 403
2026-09-29 03:01:15,684 | WARNING |    ⚠ Blocked (403) retry 2
2026-09-29 03:01:15,751 | INFO | 🌐 Session warmed
2026-09-29 03:01:16,400 | INFO |    ↳ Status 403
2026-09-29 03:01:16,400 | WARNING |    ⚠ Blocked (403) retry 2
2026-09-29 03:01:16,470 | INFO | 🌐 Session warmed
2026-09-29 03:01:17,088 | INFO |    ↳ Status 403
2026-09-29 03:01:17,089 | WARNING |    ⚠ Blocked (403) retry 2
2026-09-29 03:01:17,168 | INFO | 🌐 Session warmed
2026-09-29 03:01:17,368 | INFO | [1621/1901] Fetching Shikaripur (SHKR)
2026-09-29 03:01:18,035 | INFO |    ↳ Status 403
2026-09-29 03:01:18,035 | WARNING |    ⚠ Blocked (403) retry 1
2026-09-29 03:01:18,110 | INFO | 🌐 Session warmed
2026-09-29 03:01:19,050 | INFO |    ↳ Status 403
2026-09-29 03:01:19,050 | WARNING |    ⚠ Blocked (403) retry 3
2026-09-29 03:01:19,118 | INFO | 🌐 Session warmed
2026-09-29 03:01:19,368 | INFO |    ↳ Status 403
2026-09-29 03:01:19,368 | WARNING |    ⚠ Blocked (403) retry 3
2026-09-29 03:01:19,433 | INFO | 🌐 Session warmed
2026-09-29 03:01:20,453 | INFO |    ↳ Status 403
2026-09-29 03:01:20,453 | WARNING |    ⚠ Blocked (403) retry 3
2026-09-29 03:01:20,498 | INFO |    ↳ Status 403
2026-09-29 03:01:20,499 | WARNING |    ⚠ Blocked (403) retry 2
2026-09-29 03:01:20,534 | INFO | 🌐 Session warmed
2026-09-29 03:01:20,570 | INFO | 🌐 Session warmed
2026-09-29 03:01:23,118 | INFO | [1622/1901] Fetching Shikarpur (SHIP)
2026-09-29 03:01:23,323 | INFO |    ↳ Status 403
2026-09-29 03:01:23,323 | WARNING |    ⚠ Blocked (403) retry 3
2026-09-29 03:01:23,391 | INFO | 🌐 Session warmed
2026-09-29 03:01:23,433 | INFO | [1623/1901] Fetching Shikrapur (SKHR)
2026-09-29 03:01:24,071 | INFO |    ↳ Status 403
2026-09-29 03:01:24,071 | WARNING |    ⚠ Blocked (403) retry 1
2026-09-29 03:01:24,141 | INFO | 🌐 Session warmed
2026-09-29 03:01:24,535 | INFO | [1624/1901] Fetching Shillong (SHLG)
2026-09-29 03:01:24,678 | INFO |    ↳ Status 403
2026-09-29 03:01:24,678 | WARNING |    ⚠ Blocked (403) retry 1
2026-09-29 03:01:24,750 | INFO | 🌐 Session warmed
2026-09-29 03:01:25,711 | INFO |    ↳ Status 403
2026-09-29 03:01:25,712 | WARNING |    ⚠ Blocked (403) retry 1
2026-09-29 03:01:25,778 | INFO | 🌐 Session warmed
2026-09-29 03:01:26,480 | INFO |    ↳ Status 403
2026-09-29 03:01:26,480 | WARNING |    ⚠ Blocked (403) retry 2
2026-09-29 03:01:26,551 | INFO | 🌐 Session warmed
2026-09-29 03:01:26,557 | INFO |    ↳ Status 403
2026-09-29 03:01:26,557 | WARNING |    ⚠ Blocked (403) retry 2
2026-09-29 03:01:26,623 | INFO | 🌐 Session warmed
2026-09-29 03:01:27,391 | INFO | [1625/1901] Fetching Shimla (SMLA)
2026-09-29 03:01:27,480 | INFO |    ↳ Status 403
2026-09-29 03:01:27,480 | WARNING |    ⚠ Blocked (403) retry 2
2026-09-29 03:01:27,558 | INFO | 🌐 Session warmed
2026-09-29 03:01:28,635 | INFO |    ↳ Status 403
2026-09-29 03:01:28,635 | WARNING |    ⚠ Blocked (403) retry 1
2026-09-29 03:01:28,703 | INFO | 🌐 Session warmed
2026-09-29 03:01:29,309 | INFO |    ↳ Status 403
2026-09-29 03:01:29,309 | WARNING |    ⚠ Blocked (403) retry 3
2026-09-29 03:01:29,376 | INFO | 🌐 Session warmed
2026-09-29 03:01:29,717 | INFO |    ↳ Status 403
2026-09-29 03:01:29,717 | WARNING |    ⚠ Blocked (403) retry 3
2026-09-29 03:01:29,787 | INFO | 🌐 Session warmed
2026-09-29 03:01:30,715 | INFO |    ↳ Status 403
2026-09-29 03:01:30,715 | WARNING |    ⚠ Blocked (403) retry 3
2026-09-29 03:01:30,782 | INFO | 🌐 Session warmed
2026-09-29 03:01:30,784 | INFO |    ↳ Status 403
2026-09-29 03:01:30,784 | WARNING |    ⚠ Blocked (403) retry 2
2026-09-29 03:01:30,850 | INFO | 🌐 Session warmed
2026-09-29 03:01:33,376 | INFO | [1626/1901] Fetching Shindkheda (SHDK)
2026-09-29 03:01:33,787 | INFO | [1627/1901] Fetching Shirahatti (SHTI)
2026-09-29 03:01:34,147 | INFO |    ↳ Status 403
2026-09-29 03:01:34,147 | WARNING |    ⚠ Blocked (403) retry 3
2026-09-29 03:01:34,220 | INFO | 🌐 Session warmed
2026-09-29 03:01:34,483 | INFO |    ↳ Status 403
2026-09-29 03:01:34,483 | WARNING |    ⚠ Blocked (403) retry 1
2026-09-29 03:01:34,552 | INFO | 🌐 Session warmed
2026-09-29 03:01:34,558 | INFO |    ↳ Status 403
2026-09-29 03:01:34,558 | WARNING |    ⚠ Blocked (403) retry 1
2026-09-29 03:01:34,629 | INFO | 🌐 Session warmed
2026-09-29 03:01:34,783 | INFO | [1628/1901] Fetching Shirali (SHIR)
2026-09-29 03:01:35,577 | INFO |    ↳ Status 403
2026-09-29 03:01:35,577 | WARNING |    ⚠ Blocked (403) retry 1
2026-09-29 03:01:35,648 | INFO | 🌐 Session warmed
2026-09-29 03:01:36,558 | INFO |    ↳ Status 403
2026-09-29 03:01:36,558 | WARNING |    ⚠ Blocked (403) retry 2
2026-09-29 03:01:36,626 | INFO | 🌐 Session warmed
2026-09-29 03:01:36,678 | INFO |    ↳ Status 403
2026-09-29 03:01:36,679 | WARNING |    ⚠ Blocked (403) retry 2
2026-09-29 03:01:36,837 | INFO | 🌐 Session warmed
2026-09-29 03:01:37,737 | INFO |    ↳ Status 403
2026-09-29 03:01:37,737 | WARNING |    ⚠ Blocked (403) retry 2
2026-09-29 03:01:37,806 | INFO | 🌐 Session warmed
2026-09-29 03:01:38,220 | INFO | [1629/1901] Fetching Shirpur (SRUR)
2026-09-29 03:01:39,247 | INFO |    ↳ Status 403
2026-09-29 03:01:39,248 | WARNING |    ⚠ Blocked (403) retry 1
2026-09-29 03:01:39,326 | INFO | 🌐 Session warmed
2026-09-29 03:01:39,353 | INFO |    ↳ Status 403
2026-09-29 03:01:39,353 | WARNING |    ⚠ Blocked (403) retry 3
2026-09-29 03:01:39,437 | INFO | 🌐 Session warmed
2026-09-29 03:01:39,545 | INFO |    ↳ Status 403
2026-09-29 03:01:39,545 | WARNING |    ⚠ Blocked (403) retry 3
2026-09-29 03:01:39,616 | INFO | 🌐 Session warmed
2026-09-29 03:01:40,856 | INFO |    ↳ Status 403
2026-09-29 03:01:40,856 | WARNING |    ⚠ Blocked (403) retry 3
2026-09-29 03:01:40,941 | INFO | 🌐 Session warmed
2026-09-29 03:01:41,285 | INFO |    ↳ Status 403
2026-09-29 03:01:41,285 | WARNING |    ⚠ Blocked (403) retry 2
2026-09-29 03:01:41,356 | INFO | 🌐 Session warmed
2026-09-29 03:01:43,437 | INFO | [1630/1901] Fetching Shirur (SHRU)
2026-09-29 03:01:43,616 | INFO | [1631/1901] Fetching Shivamogga (SHIA)
2026-09-29 03:01:44,601 | INFO |    ↳ Status 403
2026-09-29 03:01:44,601 | WARNING |    ⚠ Blocked (403) retry 1
2026-09-29 03:01:44,678 | INFO | 🌐 Session warmed
2026-09-29 03:01:44,741 | INFO |    ↳ Status 403
2026-09-29 03:01:44,741 | WARNING |    ⚠ Blocked (403) retry 3
2026-09-29 03:01:44,813 | INFO | 🌐 Session warmed
2026-09-29 03:01:44,844 | INFO |    ↳ Status 403
2026-09-29 03:01:44,844 | WARNING |    ⚠ Blocked (403) retry 1
2026-09-29 03:01:44,911 | INFO | 🌐 Session warmed
2026-09-29 03:01:44,941 | INFO | [1632/1901] Fetching Shivpuri (SHIV)
2026-09-29 03:01:45,789 | INFO |    ↳ Status 403
2026-09-29 03:01:45,789 | WARNING |    ⚠ Blocked (403) retry 1
2026-09-29 03:01:45,874 | INFO | 🌐 Session warmed
2026-09-29 03:01:46,620 | INFO |    ↳ Status 403
2026-09-29 03:01:46,621 | WARNING |    ⚠ Blocked (403) retry 2
2026-09-29 03:01:46,694 | INFO | 🌐 Session warmed
2026-09-29 03:01:47,304 | INFO |    ↳ Status 403
2026-09-29 03:01:47,304 | WARNING |    ⚠ Blocked (403) retry 2
2026-09-29 03:01:47,375 | INFO | 🌐 Session warmed
2026-09-29 03:01:48,006 | INFO |    ↳ Status 403
2026-09-29 03:01:48,006 | WARNING |    ⚠ Blocked (403) retry 2
2026-09-29 03:01:48,079 | INFO | 🌐 Session warmed
2026-09-29 03:01:48,813 | INFO | [1633/1901] Fetching Shopian (SPHN)
2026-09-29 03:01:49,549 | INFO |    ↳ Status 403
2026-09-29 03:01:49,549 | WARNING |    ⚠ Blocked (403) retry 1
2026-09-29 03:01:49,618 | INFO | 🌐 Session warmed
2026-09-29 03:01:49,742 | INFO |    ↳ Status 403
2026-09-29 03:01:49,742 | WARNING |    ⚠ Blocked (403) retry 3
2026-09-29 03:01:49,813 | INFO | 🌐 Session warmed
2026-09-29 03:01:50,324 | INFO |    ↳ Status 403
2026-09-29 03:01:50,325 | WARNING |    ⚠ Blocked (403) retry 3
2026-09-29 03:01:50,409 | INFO | 🌐 Session warmed
2026-09-29 03:01:51,496 | INFO |    ↳ Status 403
2026-09-29 03:01:51,496 | WARNING |    ⚠ Blocked (403) retry 3
2026-09-29 03:01:51,596 | INFO | 🌐 Session warmed
2026-09-29 03:01:51,884 | INFO |    ↳ Status 403
2026-09-29 03:01:51,884 | WARNING |    ⚠ Blocked (403) retry 2
2026-09-29 03:01:51,956 | INFO | 🌐 Session warmed
2026-09-29 03:01:53,813 | INFO | [1634/1901] Fetching Shoranur (SHNR)
2026-09-29 03:01:54,409 | INFO | [1635/1901] Fetching Shrigonda (SHRI)
2026-09-29 03:01:55,153 | INFO |    ↳ Status 403
2026-09-29 03:01:55,153 | WARNING |    ⚠ Blocked (403) retry 3
2026-09-29 03:01:55,226 | INFO | 🌐 Session warmed
2026-09-29 03:01:55,230 | INFO |    ↳ Status 403
2026-09-29 03:01:55,230 | WARNING |    ⚠ Blocked (403) retry 1
2026-09-29 03:01:55,302 | INFO | 🌐 Session warmed
2026-09-29 03:01:55,303 | INFO |    ↳ Status 403
2026-09-29 03:01:55,303 | WARNING |    ⚠ Blocked (403) retry 1
2026-09-29 03:01:55,377 | INFO | 🌐 Session warmed
2026-09-29 03:01:55,597 | INFO | [1636/1901] Fetching Shrirampur (SHUR)
2026-09-29 03:01:56,456 | INFO |    ↳ Status 403
2026-09-29 03:01:56,456 | WARNING |    ⚠ Blocked (403) retry 1
2026-09-29 03:01:56,528 | INFO | 🌐 Session warmed
2026-09-29 03:01:57,212 | INFO |    ↳ Status 403
2026-09-29 03:01:57,212 | WARNING |    ⚠ Blocked (403) retry 2
2026-09-29 03:01:57,282 | INFO | 🌐 Session warmed
2026-09-29 03:01:57,501 | INFO |    ↳ Status 403
2026-09-29 03:01:57,502 | WARNING |    ⚠ Blocked (403) retry 2
2026-09-29 03:01:57,580 | INFO | 🌐 Session warmed
2026-09-29 03:01:58,857 | INFO |    ↳ Status 403
2026-09-29 03:01:58,857 | WARNING |    ⚠ Blocked (403) retry 2
2026-09-29 03:01:58,935 | INFO | 🌐 Session warmed
2026-09-29 03:01:59,226 | INFO | [1637/1901] Fetching Shujalpur (SHLP)
2026-09-29 03:02:00,281 | INFO |    ↳ Status 403
2026-09-29 03:02:00,281 | WARNING |    ⚠ Blocked (403) retry 3
2026-09-29 03:02:00,351 | INFO | 🌐 Session warmed
2026-09-29 03:02:00,513 | INFO |    ↳ Status 403
2026-09-29 03:02:00,513 | WARNING |    ⚠ Blocked (403) retry 3
2026-09-29 03:02:00,583 | INFO | 🌐 Session warmed
2026-09-29 03:02:00,584 | INFO |    ↳ Status 403
2026-09-29 03:02:00,584 | WARNING |    ⚠ Blocked (403) retry 1
2026-09-29 03:02:00,660 | INFO | 🌐 Session warmed
2026-09-29 03:02:01,688 | INFO |    ↳ Status 403
2026-09-29 03:02:01,688 | WARNING |    ⚠ Blocked (403) retry 3
2026-09-29 03:02:01,756 | INFO | 🌐 Session warmed
2026-09-29 03:02:02,394 | INFO |    ↳ Status 403
2026-09-29 03:02:02,394 | WARNING |    ⚠ Blocked (403) retry 2
2026-09-29 03:02:02,467 | INFO | 🌐 Session warmed
2026-09-29 03:02:04,352 | INFO | [1638/1901] Fetching Shuklaganj (SKLG)
2026-09-29 03:02:04,583 | INFO | [1639/1901] Fetching Siddharthnagar (SIDZ)
2026-09-29 03:02:05,396 | INFO |    ↳ Status 403
2026-09-29 03:02:05,396 | WARNING |    ⚠ Blocked (403) retry 1
2026-09-29 03:02:05,481 | INFO | 🌐 Session warmed
2026-09-29 03:02:05,621 | INFO |    ↳ Status 403
2026-09-29 03:02:05,621 | WARNING |    ⚠ Blocked (403) retry 3
2026-09-29 03:02:05,693 | INFO | 🌐 Session warmed
2026-09-29 03:02:05,757 | INFO | [1640/1901] Fetching Siddhpur (SIDD)
2026-09-29 03:02:05,867 | INFO |    ↳ Status 403
2026-09-29 03:02:05,867 | WARNING |    ⚠ Blocked (403) retry 1
2026-09-29 03:02:05,952 | INFO | 🌐 Session warmed
2026-09-29 03:02:07,108 | INFO |    ↳ Status 403
2026-09-29 03:02:07,108 | WARNING |    ⚠ Blocked (403) retry 1
2026-09-29 03:02:07,181 | INFO | 🌐 Session warmed
2026-09-29 03:02:07,644 | INFO |    ↳ Status 403
2026-09-29 03:02:07,644 | WARNING |    ⚠ Blocked (403) retry 2
2026-09-29 03:02:07,708 | INFO | 🌐 Session warmed
2026-09-29 03:02:08,130 | INFO |    ↳ Status 403
2026-09-29 03:02:08,130 | WARNING |    ⚠ Blocked (403) retry 2
2026-09-29 03:02:08,199 | INFO | 🌐 Session warmed
2026-09-29 03:02:09,219 | INFO |    ↳ Status 403
2026-09-29 03:02:09,219 | WARNING |    ⚠ Blocked (403) retry 2
2026-09-29 03:02:09,285 | INFO | 🌐 Session warmed
2026-09-29 03:02:09,694 | INFO | [1641/1901] Fetching Siddipet (SDDP)
2026-09-29 03:02:10,770 | INFO |    ↳ Status 403
2026-09-29 03:02:10,771 | WARNING |    ⚠ Blocked (403) retry 1
2026-09-29 03:02:10,846 | INFO | 🌐 Session warmed
2026-09-29 03:02:11,071 | INFO |    ↳ Status 403
2026-09-29 03:02:11,071 | WARNING |    ⚠ Blocked (403) retry 3
2026-09-29 03:02:11,150 | INFO | 🌐 Session warmed
2026-09-29 03:02:11,619 | INFO |    ↳ Status 403
2026-09-29 03:02:11,619 | WARNING |    ⚠ Blocked (403) retry 3
2026-09-29 03:02:11,695 | INFO | 🌐 Session warmed
2026-09-29 03:02:11,938 | INFO |    ↳ Status 403
2026-09-29 03:02:11,938 | WARNING |    ⚠ Blocked (403) retry 3
2026-09-29 03:02:12,009 | INFO | 🌐 Session warmed
2026-09-29 03:02:12,708 | INFO |    ↳ Status 403
2026-09-29 03:02:12,708 | WARNING |    ⚠ Blocked (403) retry 2
2026-09-29 03:02:12,778 | INFO | 🌐 Session warmed
2026-09-29 03:02:15,150 | INFO | [1642/1901] Fetching Sidlaghatta (SIDL)
2026-09-29 03:02:15,688 | INFO |    ↳ Status 403
2026-09-29 03:02:15,688 | WARNING |    ⚠ Blocked (403) retry 3
2026-09-29 03:02:15,695 | INFO | [1643/1901] Fetching Sihora (SIHO)
2026-09-29 03:02:15,757 | INFO | 🌐 Session warmed
2026-09-29 03:02:15,895 | INFO |    ↳ Status 403
2026-09-29 03:02:15,895 | WARNING |    ⚠ Blocked (403) retry 1
2026-09-29 03:02:15,965 | INFO | 🌐 Session warmed
2026-09-29 03:02:16,010 | INFO | [1644/1901] Fetching Sikar (SIKR)
2026-09-29 03:02:16,511 | INFO |    ↳ Status 403
2026-09-29 03:02:16,511 | WARNING |    ⚠ Blocked (403) retry 1
2026-09-29 03:02:16,583 | INFO | 🌐 Session warmed
2026-09-29 03:02:17,132 | INFO |    ↳ Status 403
2026-09-29 03:02:17,132 | WARNING |    ⚠ Blocked (403) retry 1
2026-09-29 03:02:17,198 | INFO | 🌐 Session warmed
2026-09-29 03:02:17,973 | INFO |    ↳ Status 403
2026-09-29 03:02:17,973 | WARNING |    ⚠ Blocked (403) retry 2
2026-09-29 03:02:18,057 | INFO | 🌐 Session warmed
2026-09-29 03:02:18,515 | INFO |    ↳ Status 403
2026-09-29 03:02:18,515 | WARNING |    ⚠ Blocked (403) retry 2
2026-09-29 03:02:18,583 | INFO | 🌐 Session warmed
2026-09-29 03:02:19,417 | INFO |    ↳ Status 403
2026-09-29 03:02:19,417 | WARNING |    ⚠ Blocked (403) retry 2
2026-09-29 03:02:19,490 | INFO | 🌐 Session warmed
2026-09-29 03:02:19,757 | INFO | [1645/1901] Fetching Silchar (SIL)
2026-09-29 03:02:20,662 | INFO |    ↳ Status 403
2026-09-29 03:02:20,662 | WARNING |    ⚠ Blocked (403) retry 1
2026-09-29 03:02:20,727 | INFO | 🌐 Session warmed
2026-09-29 03:02:21,339 | INFO |    ↳ Status 403
2026-09-29 03:02:21,339 | WARNING |    ⚠ Blocked (403) retry 3
2026-09-29 03:02:21,411 | INFO | 🌐 Session warmed
2026-09-29 03:02:21,438 | INFO |    ↳ Status 403
2026-09-29 03:02:21,438 | WARNING |    ⚠ Blocked (403) retry 3
2026-09-29 03:02:21,509 | INFO | 🌐 Session warmed
2026-09-29 03:02:22,449 | INFO |    ↳ Status 403
2026-09-29 03:02:22,449 | WARNING |    ⚠ Blocked (403) retry 2
2026-09-29 03:02:22,517 | INFO | 🌐 Session warmed
2026-09-29 03:02:22,555 | INFO |    ↳ Status 403
2026-09-29 03:02:22,555 | WARNING |    ⚠ Blocked (403) retry 3
2026-09-29 03:02:22,628 | INFO | 🌐 Session warmed
2026-09-29 03:02:25,411 | INFO | [1646/1901] Fetching Siliguri (SILI)
2026-09-29 03:02:25,509 | INFO | [1647/1901] Fetching Silvassa (SILV)
2026-09-29 03:02:25,835 | INFO |    ↳ Status 403
2026-09-29 03:02:25,835 | WARNING |    ⚠ Blocked (403) retry 3
2026-09-29 03:02:25,911 | INFO | 🌐 Session warmed
2026-09-29 03:02:26,505 | INFO |    ↳ Status 403
2026-09-29 03:02:26,505 | WARNING |    ⚠ Blocked (403) retry 1
2026-09-29 03:02:26,572 | INFO | 🌐 Session warmed
2026-09-29 03:02:26,628 | INFO | [1648/1901] Fetching Sindhanur (SIND)
2026-09-29 03:02:26,869 | INFO |    ↳ Status 403
2026-09-29 03:02:26,869 | WARNING |    ⚠ Blocked (403) retry 1
2026-09-29 03:02:26,946 | INFO | 🌐 Session warmed
2026-09-29 03:02:27,611 | INFO |    ↳ Status 403
2026-09-29 03:02:27,611 | WARNING |    ⚠ Blocked (403) retry 1
2026-09-29 03:02:27,680 | INFO | 🌐 Session warmed
2026-09-29 03:02:28,620 | INFO |    ↳ Status 403
2026-09-29 03:02:28,620 | WARNING |    ⚠ Blocked (403) retry 2
2026-09-29 03:02:28,691 | INFO | 🌐 Session warmed
2026-09-29 03:02:28,784 | INFO |    ↳ Status 403
2026-09-29 03:02:28,784 | WARNING |    ⚠ Blocked (403) retry 2
2026-09-29 03:02:28,858 | INFO | 🌐 Session warmed
2026-09-29 03:02:29,890 | INFO |    ↳ Status 403
2026-09-29 03:02:29,890 | WARNING |    ⚠ Blocked (403) retry 2
2026-09-29 03:02:29,911 | INFO | [1649/1901] Fetching Sindhudurg (SNDH)
2026-09-29 03:02:29,974 | INFO | 🌐 Session warmed
2026-09-29 03:02:30,605 | INFO |    ↳ Status 403
2026-09-29 03:02:30,605 | WARNING |    ⚠ Blocked (403) retry 1
2026-09-29 03:02:30,682 | INFO | 🌐 Session warmed
2026-09-29 03:02:31,612 | INFO |    ↳ Status 403
2026-09-29 03:02:31,612 | WARNING |    ⚠ Blocked (403) retry 3
2026-09-29 03:02:31,683 | INFO | 🌐 Session warmed
2026-09-29 03:02:32,178 | INFO |    ↳ Status 403
2026-09-29 03:02:32,178 | WARNING |    ⚠ Blocked (403) retry 3
2026-09-29 03:02:32,263 | INFO | 🌐 Session warmed
2026-09-29 03:02:32,730 | INFO |    ↳ Status 403
2026-09-29 03:02:32,730 | WARNING |    ⚠ Blocked (403) retry 2
2026-09-29 03:02:32,803 | INFO | 🌐 Session warmed
2026-09-29 03:02:33,004 | INFO |    ↳ Status 403
2026-09-29 03:02:33,004 | WARNING |    ⚠ Blocked (403) retry 3
2026-09-29 03:02:33,087 | INFO | 🌐 Session warmed
2026-09-29 03:02:35,453 | INFO |    ↳ Status 403
2026-09-29 03:02:35,453 | WARNING |    ⚠ Blocked (403) retry 3
2026-09-29 03:02:35,519 | INFO | 🌐 Session warmed
2026-09-29 03:02:35,683 | INFO | [1650/1901] Fetching Singapore (SING)
2026-09-29 03:02:36,263 | INFO | [1651/1901] Fetching Singarayakonda (SIGN)
2026-09-29 03:02:36,635 | INFO |    ↳ Status 403
2026-09-29 03:02:36,635 | WARNING |    ⚠ Blocked (403) retry 1
2026-09-29 03:02:36,714 | INFO | 🌐 Session warmed
2026-09-29 03:02:37,087 | INFO | [1652/1901] Fetching Singrauli (SNGR)
2026-09-29 03:02:37,347 | INFO |    ↳ Status 403
2026-09-29 03:02:37,347 | WARNING |    ⚠ Blocked (403) retry 1
2026-09-29 03:02:37,413 | INFO | 🌐 Session warmed
2026-09-29 03:02:38,136 | INFO |    ↳ Status 403
2026-09-29 03:02:38,136 | WARNING |    ⚠ Blocked (403) retry 1
2026-09-29 03:02:38,210 | INFO | 🌐 Session warmed
2026-09-29 03:02:38,864 | INFO |    ↳ Status 403
2026-09-29 03:02:38,864 | WARNING |    ⚠ Blocked (403) retry 2
2026-09-29 03:02:38,942 | INFO | 🌐 Session warmed
2026-09-29 03:02:39,519 | INFO | [1653/1901] Fetching Sinnar (SINA)
2026-09-29 03:02:39,783 | INFO |    ↳ Status 403
2026-09-29 03:02:39,783 | WARNING |    ⚠ Blocked (403) retry 2
2026-09-29 03:02:39,862 | INFO | 🌐 Session warmed
2026-09-29 03:02:40,330 | INFO |    ↳ Status 403
2026-09-29 03:02:40,330 | WARNING |    ⚠ Blocked (403) retry 2
2026-09-29 03:02:40,402 | INFO | 🌐 Session warmed
2026-09-29 03:02:40,619 | INFO |    ↳ Status 403
2026-09-29 03:02:40,619 | WARNING |    ⚠ Blocked (403) retry 1
2026-09-29 03:02:40,691 | INFO | 🌐 Session warmed
2026-09-29 03:02:42,047 | INFO |    ↳ Status 403
2026-09-29 03:02:42,047 | WARNING |    ⚠ Blocked (403) retry 3
2026-09-29 03:02:42,116 | INFO | 🌐 Session warmed
2026-09-29 03:02:42,771 | INFO |    ↳ Status 403
2026-09-29 03:02:42,771 | WARNING |    ⚠ Blocked (403) retry 3
2026-09-29 03:02:42,789 | INFO |    ↳ Status 403
2026-09-29 03:02:42,789 | WARNING |    ⚠ Blocked (403) retry 2
2026-09-29 03:02:42,845 | INFO | 🌐 Session warmed
2026-09-29 03:02:42,866 | INFO | 🌐 Session warmed
2026-09-29 03:02:43,723 | INFO |    ↳ Status 403
2026-09-29 03:02:43,723 | WARNING |    ⚠ Blocked (403) retry 3
2026-09-29 03:02:43,799 | INFO | 🌐 Session warmed
2026-09-29 03:02:46,116 | INFO | [1654/1901] Fetching Sira (SIRA)
2026-09-29 03:02:46,196 | INFO |    ↳ Status 403
2026-09-29 03:02:46,196 | WARNING |    ⚠ Blocked (403) retry 3
2026-09-29 03:02:46,285 | INFO | 🌐 Session warmed
2026-09-29 03:02:46,845 | INFO | [1655/1901] Fetching Sircilla (SIRC)
2026-09-29 03:02:47,467 | INFO |    ↳ Status 403
2026-09-29 03:02:47,467 | WARNING |    ⚠ Blocked (403) retry 1
2026-09-29 03:02:47,609 | INFO | 🌐 Session warmed
2026-09-29 03:02:47,800 | INFO | [1656/1901] Fetching Sirmaur (SIRM)
2026-09-29 03:02:47,919 | INFO |    ↳ Status 403
2026-09-29 03:02:47,919 | WARNING |    ⚠ Blocked (403) retry 1
2026-09-29 03:02:47,993 | INFO | 🌐 Session warmed
2026-09-29 03:02:48,646 | INFO |    ↳ Status 403
2026-09-29 03:02:48,646 | WARNING |    ⚠ Blocked (403) retry 1
2026-09-29 03:02:48,731 | INFO | 🌐 Session warmed
2026-09-29 03:02:49,438 | INFO |    ↳ Status 403
2026-09-29 03:02:49,438 | WARNING |    ⚠ Blocked (403) retry 2
2026-09-29 03:02:49,507 | INFO | 🌐 Session warmed
2026-09-29 03:02:49,620 | INFO |    ↳ Status 403
2026-09-29 03:02:49,621 | WARNING |    ⚠ Blocked (403) retry 2
2026-09-29 03:02:49,692 | INFO | 🌐 Session warmed
2026-09-29 03:02:50,285 | INFO | [1657/1901] Fetching Sirohi (SIRO)
2026-09-29 03:02:50,526 | INFO |    ↳ Status 403
2026-09-29 03:02:50,526 | WARNING |    ⚠ Blocked (403) retry 2
2026-09-29 03:02:50,596 | INFO | 🌐 Session warmed
2026-09-29 03:02:51,270 | INFO |    ↳ Status 403
2026-09-29 03:02:51,270 | WARNING |    ⚠ Blocked (403) retry 1
2026-09-29 03:02:51,335 | INFO | 🌐 Session warmed
2026-09-29 03:02:52,281 | INFO |    ↳ Status 403
2026-09-29 03:02:52,282 | WARNING |    ⚠ Blocked (403) retry 3
2026-09-29 03:02:52,356 | INFO | 🌐 Session warmed
2026-09-29 03:02:52,390 | INFO |    ↳ Status 403
2026-09-29 03:02:52,390 | WARNING |    ⚠ Blocked (403) retry 3
2026-09-29 03:02:52,467 | INFO | 🌐 Session warmed
2026-09-29 03:02:53,229 | INFO |    ↳ Status 403
2026-09-29 03:02:53,229 | WARNING |    ⚠ Blocked (403) retry 2
2026-09-29 03:02:53,302 | INFO | 🌐 Session warmed
2026-09-29 03:02:53,957 | INFO |    ↳ Status 403
2026-09-29 03:02:53,957 | WARNING |    ⚠ Blocked (403) retry 3
2026-09-29 03:02:54,032 | INFO | 🌐 Session warmed
2026-09-29 03:02:56,271 | INFO |    ↳ Status 403
2026-09-29 03:02:56,271 | WARNING |    ⚠ Blocked (403) retry 3
2026-09-29 03:02:56,335 | INFO | 🌐 Session warmed
2026-09-29 03:02:56,357 | INFO | [1658/1901] Fetching Sirsa (SISA)
2026-09-29 03:02:56,467 | INFO | [1659/1901] Fetching Sirsi (SRSI)
2026-09-29 03:02:57,348 | INFO |    ↳ Status 403
2026-09-29 03:02:57,348 | WARNING |    ⚠ Blocked (403) retry 1
2026-09-29 03:02:57,416 | INFO | 🌐 Session warmed
2026-09-29 03:02:57,673 | INFO |    ↳ Status 403
2026-09-29 03:02:57,673 | WARNING |    ⚠ Blocked (403) retry 1
2026-09-29 03:02:57,746 | INFO | 🌐 Session warmed
2026-09-29 03:02:58,032 | INFO | [1660/1901] Fetching Siruguppa (SPPA)
2026-09-29 03:02:59,171 | INFO |    ↳ Status 403
2026-09-29 03:02:59,171 | WARNING |    ⚠ Blocked (403) retry 2
2026-09-29 03:02:59,240 | INFO | 🌐 Session warmed
2026-09-29 03:02:59,375 | INFO |    ↳ Status 403
2026-09-29 03:02:59,375 | WARNING |    ⚠ Blocked (403) retry 1
2026-09-29 03:02:59,449 | INFO | 🌐 Session warmed
2026-09-29 03:02:59,912 | INFO |    ↳ Status 403
2026-09-29 03:02:59,912 | WARNING |    ⚠ Blocked (403) retry 2
2026-09-29 03:02:59,978 | INFO | 🌐 Session warmed
2026-09-29 03:03:00,335 | INFO | [1661/1901] Fetching Sitamarhi (SIMA)
2026-09-29 03:03:01,297 | INFO |    ↳ Status 403
2026-09-29 03:03:01,297 | WARNING |    ⚠ Blocked (403) retry 1
2026-09-29 03:03:01,366 | INFO | 🌐 Session warmed
2026-09-29 03:03:01,705 | INFO |    ↳ Status 403
2026-09-29 03:03:01,705 | WARNING |    ⚠ Blocked (403) retry 2
2026-09-29 03:03:01,864 | INFO | 🌐 Session warmed
2026-09-29 03:03:02,472 | INFO |    ↳ Status 403
2026-09-29 03:03:02,472 | WARNING |    ⚠ Blocked (403) retry 3
2026-09-29 03:03:02,541 | INFO | 🌐 Session warmed
2026-09-29 03:03:02,721 | INFO |    ↳ Status 403
2026-09-29 03:03:02,721 | WARNING |    ⚠ Blocked (403) retry 3
2026-09-29 03:03:02,789 | INFO | 🌐 Session warmed
2026-09-29 03:03:03,013 | INFO |    ↳ Status 403
2026-09-29 03:03:03,013 | WARNING |    ⚠ Blocked (403) retry 2
2026-09-29 03:03:03,082 | INFO | 🌐 Session warmed
2026-09-29 03:03:05,066 | INFO |    ↳ Status 403
2026-09-29 03:03:05,066 | WARNING |    ⚠ Blocked (403) retry 3
2026-09-29 03:03:05,136 | INFO | 🌐 Session warmed
2026-09-29 03:03:06,463 | INFO |    ↳ Status 403
2026-09-29 03:03:06,463 | WARNING |    ⚠ Blocked (403) retry 3
2026-09-29 03:03:06,534 | INFO | 🌐 Session warmed
2026-09-29 03:03:06,541 | INFO | [1662/1901] Fetching Sitapur (SITA)
2026-09-29 03:03:06,790 | INFO | [1663/1901] Fetching Sivaganga (SHVG)
2026-09-29 03:03:07,431 | INFO |    ↳ Status 403
2026-09-29 03:03:07,432 | WARNING |    ⚠ Blocked (403) retry 1
2026-09-29 03:03:07,504 | INFO | 🌐 Session warmed
2026-09-29 03:03:08,156 | INFO |    ↳ Status 403
2026-09-29 03:03:08,156 | WARNING |    ⚠ Blocked (403) retry 1
2026-09-29 03:03:08,226 | INFO | 🌐 Session warmed
2026-09-29 03:03:09,137 | INFO | [1664/1901] Fetching Sivakasi (SIV)
2026-09-29 03:03:09,400 | INFO |    ↳ Status 403
2026-09-29 03:03:09,400 | WARNING |    ⚠ Blocked (403) retry 2
2026-09-29 03:03:09,468 | INFO | 🌐 Session warmed
2026-09-29 03:03:09,953 | INFO |    ↳ Status 403
2026-09-29 03:03:09,953 | WARNING |    ⚠ Blocked (403) retry 1
2026-09-29 03:03:10,023 | INFO | 🌐 Session warmed
2026-09-29 03:03:10,335 | INFO |    ↳ Status 403
2026-09-29 03:03:10,335 | WARNING |    ⚠ Blocked (403) retry 2
2026-09-29 03:03:10,407 | INFO | 🌐 Session warmed
2026-09-29 03:03:10,534 | INFO | [1665/1901] Fetching Sivasagar (SVSG)
2026-09-29 03:03:11,270 | INFO |    ↳ Status 403
2026-09-29 03:03:11,270 | WARNING |    ⚠ Blocked (403) retry 1
2026-09-29 03:03:11,339 | INFO | 🌐 Session warmed
2026-09-29 03:03:11,927 | INFO |    ↳ Status 403
2026-09-29 03:03:11,928 | WARNING |    ⚠ Blocked (403) retry 2
2026-09-29 03:03:12,009 | INFO | 🌐 Session warmed
2026-09-29 03:03:12,517 | INFO |    ↳ Status 403
2026-09-29 03:03:12,517 | WARNING |    ⚠ Blocked (403) retry 3
2026-09-29 03:03:12,595 | INFO | 🌐 Session warmed
2026-09-29 03:03:13,287 | INFO |    ↳ Status 403
2026-09-29 03:03:13,287 | WARNING |    ⚠ Blocked (403) retry 3
2026-09-29 03:03:13,364 | INFO | 🌐 Session warmed
2026-09-29 03:03:13,508 | INFO |    ↳ Status 403
2026-09-29 03:03:13,508 | WARNING |    ⚠ Blocked (403) retry 2
2026-09-29 03:03:13,581 | INFO | 🌐 Session warmed
2026-09-29 03:03:15,335 | INFO |    ↳ Status 403
2026-09-29 03:03:15,335 | WARNING |    ⚠ Blocked (403) retry 3
2026-09-29 03:03:15,404 | INFO | 🌐 Session warmed
2026-09-29 03:03:16,595 | INFO | [1666/1901] Fetching Siwan (SWNB)
2026-09-29 03:03:16,940 | INFO |    ↳ Status 403
2026-09-29 03:03:16,940 | WARNING |    ⚠ Blocked (403) retry 3
2026-09-29 03:03:17,007 | INFO | 🌐 Session warmed
2026-09-29 03:03:17,365 | INFO | [1667/1901] Fetching Solan (SCO)
2026-09-29 03:03:17,411 | INFO |    ↳ Status 403
2026-09-29 03:03:17,411 | WARNING |    ⚠ Blocked (403) retry 1
2026-09-29 03:03:17,478 | INFO | 🌐 Session warmed
2026-09-29 03:03:18,044 | INFO |    ↳ Status 403
2026-09-29 03:03:18,044 | WARNING |    ⚠ Blocked (403) retry 1
2026-09-29 03:03:18,120 | INFO | 🌐 Session warmed
2026-09-29 03:03:19,405 | INFO | [1668/1901] Fetching Solapur (SOLA)
2026-09-29 03:03:19,435 | INFO |    ↳ Status 403
2026-09-29 03:03:19,435 | WARNING |    ⚠ Blocked (403) retry 2
2026-09-29 03:03:19,509 | INFO | 🌐 Session warmed
2026-09-29 03:03:20,100 | INFO |    ↳ Status 403
2026-09-29 03:03:20,100 | WARNING |    ⚠ Blocked (403) retry 2
2026-09-29 03:03:20,173 | INFO | 🌐 Session warmed
2026-09-29 03:03:20,466 | INFO |    ↳ Status 403
2026-09-29 03:03:20,466 | WARNING |    ⚠ Blocked (403) retry 1
2026-09-29 03:03:20,533 | INFO | 🌐 Session warmed
2026-09-29 03:03:21,007 | INFO | [1669/1901] Fetching Solukhumbu (SOLU)
2026-09-29 03:03:22,236 | INFO |    ↳ Status 403
2026-09-29 03:03:22,236 | WARNING |    ⚠ Blocked (403) retry 1
2026-09-29 03:03:22,307 | INFO | 🌐 Session warmed
2026-09-29 03:03:22,625 | INFO |    ↳ Status 403
2026-09-29 03:03:22,625 | WARNING |    ⚠ Blocked (403) retry 3
2026-09-29 03:03:22,698 | INFO | 🌐 Session warmed
2026-09-29 03:03:22,872 | INFO |    ↳ Status 403
2026-09-29 03:03:22,872 | WARNING |    ⚠ Blocked (403) retry 2
2026-09-29 03:03:22,944 | INFO | 🌐 Session warmed
2026-09-29 03:03:23,405 | INFO |    ↳ Status 403
2026-09-29 03:03:23,405 | WARNING |    ⚠ Blocked (403) retry 3
2026-09-29 03:03:23,575 | INFO | 🌐 Session warmed
2026-09-29 03:03:24,392 | INFO |    ↳ Status 403
2026-09-29 03:03:24,392 | WARNING |    ⚠ Blocked (403) retry 2
2026-09-29 03:03:24,469 | INFO | 🌐 Session warmed
2026-09-29 03:03:26,090 | INFO |    ↳ Status 403
2026-09-29 03:03:26,090 | WARNING |    ⚠ Blocked (403) retry 3
2026-09-29 03:03:26,163 | INFO | 🌐 Session warmed
2026-09-29 03:03:26,698 | INFO | [1670/1901] Fetching Sompeta (SOMA)
2026-09-29 03:03:27,575 | INFO | [1671/1901] Fetching Sonari (SOYW)
2026-09-29 03:03:27,667 | INFO |    ↳ Status 403
2026-09-29 03:03:27,667 | WARNING |    ⚠ Blocked (403) retry 1
2026-09-29 03:03:27,736 | INFO | 🌐 Session warmed
2026-09-29 03:03:27,798 | INFO |    ↳ Status 403
2026-09-29 03:03:27,798 | WARNING |    ⚠ Blocked (403) retry 3
2026-09-29 03:03:27,874 | INFO | 🌐 Session warmed
2026-09-29 03:03:28,579 | INFO |    ↳ Status 403
2026-09-29 03:03:28,579 | WARNING |    ⚠ Blocked (403) retry 1
2026-09-29 03:03:28,653 | INFO | 🌐 Session warmed
2026-09-29 03:03:30,087 | INFO |    ↳ Status 403
2026-09-29 03:03:30,087 | WARNING |    ⚠ Blocked (403) retry 2
2026-09-29 03:03:30,156 | INFO | 🌐 Session warmed
2026-09-29 03:03:30,163 | INFO | [1672/1901] Fetching Songadh (SONG)
2026-09-29 03:03:30,856 | INFO |    ↳ Status 403
2026-09-29 03:03:30,856 | WARNING |    ⚠ Blocked (403) retry 2
2026-09-29 03:03:30,929 | INFO | 🌐 Session warmed
2026-09-29 03:03:30,975 | INFO |    ↳ Status 403
2026-09-29 03:03:30,975 | WARNING |    ⚠ Blocked (403) retry 1
2026-09-29 03:03:31,045 | INFO | 🌐 Session warmed
2026-09-29 03:03:31,874 | INFO | [1673/1901] Fetching Sonipat (RAIH)
2026-09-29 03:03:32,645 | INFO |    ↳ Status 403
2026-09-29 03:03:32,645 | WARNING |    ⚠ Blocked (403) retry 1
2026-09-29 03:03:32,778 | INFO |    ↳ Status 403
2026-09-29 03:03:32,778 | WARNING |    ⚠ Blocked (403) retry 3
2026-09-29 03:03:32,839 | INFO | 🌐 Session warmed
2026-09-29 03:03:32,844 | INFO | 🌐 Session warmed
2026-09-29 03:03:33,125 | INFO |    ↳ Status 403
2026-09-29 03:03:33,125 | WARNING |    ⚠ Blocked (403) retry 2
2026-09-29 03:03:33,202 | INFO | 🌐 Session warmed
2026-09-29 03:03:33,894 | INFO |    ↳ Status 403
2026-09-29 03:03:33,894 | WARNING |    ⚠ Blocked (403) retry 3
2026-09-29 03:03:33,968 | INFO | 🌐 Session warmed
2026-09-29 03:03:34,922 | INFO |    ↳ Status 403
2026-09-29 03:03:34,922 | WARNING |    ⚠ Blocked (403) retry 2
2026-09-29 03:03:35,046 | INFO | 🌐 Session warmed
2026-09-29 03:03:36,246 | INFO |    ↳ Status 403
2026-09-29 03:03:36,246 | WARNING |    ⚠ Blocked (403) retry 3
2026-09-29 03:03:36,318 | INFO | 🌐 Session warmed
2026-09-29 03:03:36,845 | INFO | [1674/1901] Fetching Sonkatch (SONH)
2026-09-29 03:03:37,549 | INFO |    ↳ Status 403
2026-09-29 03:03:37,550 | WARNING |    ⚠ Blocked (403) retry 1
2026-09-29 03:03:37,618 | INFO | 🌐 Session warmed
2026-09-29 03:03:37,969 | INFO | [1675/1901] Fetching Soron (SORO)
2026-09-29 03:03:37,979 | INFO |    ↳ Status 403
2026-09-29 03:03:37,979 | WARNING |    ⚠ Blocked (403) retry 3
2026-09-29 03:03:38,047 | INFO | 🌐 Session warmed
2026-09-29 03:03:38,725 | INFO |    ↳ Status 403
2026-09-29 03:03:38,725 | WARNING |    ⚠ Blocked (403) retry 1
2026-09-29 03:03:38,914 | INFO | 🌐 Session warmed
2026-09-29 03:03:39,606 | INFO |    ↳ Status 403
2026-09-29 03:03:39,606 | WARNING |    ⚠ Blocked (403) retry 2
2026-09-29 03:03:39,676 | INFO | 🌐 Session warmed
2026-09-29 03:03:40,319 | INFO | [1676/1901] Fetching South 24 Parganas (SPAR)
2026-09-29 03:03:40,875 | INFO |    ↳ Status 403
2026-09-29 03:03:40,875 | WARNING |    ⚠ Blocked (403) retry 2
2026-09-29 03:03:40,942 | INFO | 🌐 Session warmed
2026-09-29 03:03:41,249 | INFO |    ↳ Status 403
2026-09-29 03:03:41,249 | WARNING |    ⚠ Blocked (403) retry 1
2026-09-29 03:03:41,333 | INFO | 🌐 Session warmed
2026-09-29 03:03:42,047 | INFO | [1677/1901] Fetching Sri Ganganagar (SRIG)
2026-09-29 03:03:42,834 | INFO |    ↳ Status 403
2026-09-29 03:03:42,834 | WARNING |    ⚠ Blocked (403) retry 3
2026-09-29 03:03:42,854 | INFO |    ↳ Status 403
2026-09-29 03:03:42,854 | WARNING |    ⚠ Blocked (403) retry 1
2026-09-29 03:03:42,906 | INFO | 🌐 Session warmed
2026-09-29 03:03:42,944 | INFO | 🌐 Session warmed
2026-09-29 03:03:43,669 | INFO |    ↳ Status 403
2026-09-29 03:03:43,669 | WARNING |    ⚠ Blocked (403) retry 2
2026-09-29 03:03:43,740 | INFO | 🌐 Session warmed
2026-09-29 03:03:43,895 | INFO |    ↳ Status 403
2026-09-29 03:03:43,895 | WARNING |    ⚠ Blocked (403) retry 3
2026-09-29 03:03:44,989 | INFO |    ↳ Status 403
2026-09-29 03:03:44,989 | WARNING |    ⚠ Blocked (403) retry 2
2026-09-29 03:03:45,059 | INFO | 🌐 Session warmed
2026-09-29 03:03:45,759 | INFO | 🌐 Session warmed
2026-09-29 03:03:46,831 | INFO |    ↳ Status 403
2026-09-29 03:03:46,831 | WARNING |    ⚠ Blocked (403) retry 3
2026-09-29 03:03:46,906 | INFO | [1678/1901] Fetching Sri Sathya Sai (SRRS)
2026-09-29 03:03:46,911 | INFO | 🌐 Session warmed
2026-09-29 03:03:48,015 | INFO |    ↳ Status 403
2026-09-29 03:03:48,015 | WARNING |    ⚠ Blocked (403) retry 1
2026-09-29 03:03:48,092 | INFO | 🌐 Session warmed
2026-09-29 03:03:48,343 | INFO |    ↳ Status 403
2026-09-29 03:03:48,343 | WARNING |    ⚠ Blocked (403) retry 3
2026-09-29 03:03:48,414 | INFO | 🌐 Session warmed
2026-09-29 03:03:49,759 | INFO | [1679/1901] Fetching Srikakulam (SRKL)
2026-09-29 03:03:50,412 | INFO |    ↳ Status 403
2026-09-29 03:03:50,412 | WARNING |    ⚠ Blocked (403) retry 2
2026-09-29 03:03:50,498 | INFO | 🌐 Session warmed
2026-09-29 03:03:50,772 | INFO |    ↳ Status 403
2026-09-29 03:03:50,772 | WARNING |    ⚠ Blocked (403) retry 1
2026-09-29 03:03:50,865 | INFO | 🌐 Session warmed
2026-09-29 03:03:50,911 | INFO | [1680/1901] Fetching Srinagar (SRNG)
2026-09-29 03:03:51,942 | INFO |    ↳ Status 403
2026-09-29 03:03:51,942 | WARNING |    ⚠ Blocked (403) retry 1
2026-09-29 03:03:52,012 | INFO | 🌐 Session warmed
2026-09-29 03:03:52,415 | INFO | [1681/1901] Fetching Srirangapatna (SRIR)
2026-09-29 03:03:53,181 | INFO |    ↳ Status 403
2026-09-29 03:03:53,181 | WARNING |    ⚠ Blocked (403) retry 1
2026-09-29 03:03:53,228 | INFO |    ↳ Status 403
2026-09-29 03:03:53,228 | WARNING |    ⚠ Blocked (403) retry 2
2026-09-29 03:03:53,253 | INFO | 🌐 Session warmed
2026-09-29 03:03:53,297 | INFO | 🌐 Session warmed
2026-09-29 03:03:53,888 | INFO |    ↳ Status 403
2026-09-29 03:03:53,888 | WARNING |    ⚠ Blocked (403) retry 3
2026-09-29 03:03:53,964 | INFO | 🌐 Session warmed
2026-09-29 03:03:53,995 | INFO |    ↳ Status 403
2026-09-29 03:03:53,995 | WARNING |    ⚠ Blocked (403) retry 2
2026-09-29 03:03:54,062 | INFO | 🌐 Session warmed
2026-09-29 03:03:55,408 | INFO |    ↳ Status 403
2026-09-29 03:03:55,409 | WARNING |    ⚠ Blocked (403) retry 2
2026-09-29 03:03:55,476 | INFO | 🌐 Session warmed
2026-09-29 03:03:55,966 | INFO |    ↳ Status 403
2026-09-29 03:03:55,966 | WARNING |    ⚠ Blocked (403) retry 3
2026-09-29 03:03:56,035 | INFO | 🌐 Session warmed
2026-09-29 03:03:56,929 | INFO |    ↳ Status 403
2026-09-29 03:03:56,929 | WARNING |    ⚠ Blocked (403) retry 3
2026-09-29 03:03:57,002 | INFO | 🌐 Session warmed
2026-09-29 03:03:57,964 | INFO | [1682/1901] Fetching Srivaikuntam (SRTA)
2026-09-29 03:03:58,536 | INFO |    ↳ Status 403
2026-09-29 03:03:58,536 | WARNING |    ⚠ Blocked (403) retry 3
2026-09-29 03:03:58,611 | INFO | 🌐 Session warmed
2026-09-29 03:03:58,678 | INFO |    ↳ Status 403
2026-09-29 03:03:58,678 | WARNING |    ⚠ Blocked (403) retry 1
2026-09-29 03:03:58,749 | INFO | 🌐 Session warmed
2026-09-29 03:04:00,036 | INFO | [1683/1901] Fetching Srivilliputhur (SRIV)
2026-09-29 03:04:00,881 | INFO |    ↳ Status 403
2026-09-29 03:04:00,881 | WARNING |    ⚠ Blocked (403) retry 2
2026-09-29 03:04:00,962 | INFO | 🌐 Session warmed
2026-09-29 03:04:01,002 | INFO | [1684/1901] Fetching Station Ghanpur (STGH)
2026-09-29 03:04:01,391 | INFO |    ↳ Status 403
2026-09-29 03:04:01,391 | WARNING |    ⚠ Blocked (403) retry 1
2026-09-29 03:04:01,460 | INFO | 🌐 Session warmed
2026-09-29 03:04:02,036 | INFO |    ↳ Status 403
2026-09-29 03:04:02,036 | WARNING |    ⚠ Blocked (403) retry 1
2026-09-29 03:04:02,111 | INFO | 🌐 Session warmed
2026-09-29 03:04:02,611 | INFO | [1685/1901] Fetching Sugauli (SSBI)
2026-09-29 03:04:03,213 | INFO |    ↳ Status 403
2026-09-29 03:04:03,214 | WARNING |    ⚠ Blocked (403) retry 2
2026-09-29 03:04:03,289 | INFO | 🌐 Session warmed
2026-09-29 03:04:03,636 | INFO |    ↳ Status 403
2026-09-29 03:04:03,636 | WARNING |    ⚠ Blocked (403) retry 3
2026-09-29 03:04:03,703 | INFO | 🌐 Session warmed
2026-09-29 03:04:03,854 | INFO |    ↳ Status 403
2026-09-29 03:04:03,854 | WARNING |    ⚠ Blocked (403) retry 1
2026-09-29 03:04:03,924 | INFO | 🌐 Session warmed
2026-09-29 03:04:04,261 | INFO |    ↳ Status 403
2026-09-29 03:04:04,261 | WARNING |    ⚠ Blocked (403) retry 2
2026-09-29 03:04:04,330 | INFO | 🌐 Session warmed
2026-09-29 03:04:05,619 | INFO |    ↳ Status 403
2026-09-29 03:04:05,619 | WARNING |    ⚠ Blocked (403) retry 2
2026-09-29 03:04:05,689 | INFO | 🌐 Session warmed
2026-09-29 03:04:05,926 | INFO |    ↳ Status 403
2026-09-29 03:04:05,926 | WARNING |    ⚠ Blocked (403) retry 3
2026-09-29 03:04:05,998 | INFO | 🌐 Session warmed
2026-09-29 03:04:06,955 | INFO |    ↳ Status 403
2026-09-29 03:04:06,955 | WARNING |    ⚠ Blocked (403) retry 3
2026-09-29 03:04:07,026 | INFO | 🌐 Session warmed
2026-09-29 03:04:07,704 | INFO | [1686/1901] Fetching Sujangarh (SJNG)
2026-09-29 03:04:08,486 | INFO |    ↳ Status 403
2026-09-29 03:04:08,486 | WARNING |    ⚠ Blocked (403) retry 3
2026-09-29 03:04:08,559 | INFO | 🌐 Session warmed
2026-09-29 03:04:08,778 | INFO |    ↳ Status 403
2026-09-29 03:04:08,778 | WARNING |    ⚠ Blocked (403) retry 1
2026-09-29 03:04:08,854 | INFO | 🌐 Session warmed
2026-09-29 03:04:09,998 | INFO | [1687/1901] Fetching Sukma (SUKU)
2026-09-29 03:04:10,523 | INFO |    ↳ Status 403
2026-09-29 03:04:10,523 | WARNING |    ⚠ Blocked (403) retry 2
2026-09-29 03:04:10,598 | INFO | 🌐 Session warmed
2026-09-29 03:04:11,027 | INFO | [1688/1901] Fetching Sultanabad (SULX)
2026-09-29 03:04:11,192 | INFO |    ↳ Status 403
2026-09-29 03:04:11,192 | WARNING |    ⚠ Blocked (403) retry 1
2026-09-29 03:04:11,270 | INFO | 🌐 Session warmed
2026-09-29 03:04:11,938 | INFO |    ↳ Status 403
2026-09-29 03:04:11,938 | WARNING |    ⚠ Blocked (403) retry 1
2026-09-29 03:04:12,029 | INFO | 🌐 Session warmed
2026-09-29 03:04:12,559 | INFO | [1689/1901] Fetching Sultanpur (SLUT)
2026-09-29 03:04:13,498 | INFO |    ↳ Status 403
2026-09-29 03:04:13,498 | WARNING |    ⚠ Blocked (403) retry 2
2026-09-29 03:04:13,508 | INFO |    ↳ Status 403
2026-09-29 03:04:13,508 | WARNING |    ⚠ Blocked (403) retry 1
2026-09-29 03:04:13,572 | INFO | 🌐 Session warmed
2026-09-29 03:04:13,588 | INFO | 🌐 Session warmed
2026-09-29 03:04:13,738 | INFO |    ↳ Status 403
2026-09-29 03:04:13,738 | WARNING |    ⚠ Blocked (403) retry 3
2026-09-29 03:04:13,810 | INFO | 🌐 Session warmed
2026-09-29 03:04:14,186 | INFO |    ↳ Status 403
2026-09-29 03:04:14,186 | WARNING |    ⚠ Blocked (403) retry 2
2026-09-29 03:04:14,256 | INFO | 🌐 Session warmed
2026-09-29 03:04:15,457 | INFO |    ↳ Status 403
2026-09-29 03:04:15,457 | WARNING |    ⚠ Blocked (403) retry 2
2026-09-29 03:04:15,525 | INFO | 🌐 Session warmed
2026-09-29 03:04:16,457 | INFO |    ↳ Status 403
2026-09-29 03:04:16,457 | WARNING |    ⚠ Blocked (403) retry 3
2026-09-29 03:04:16,543 | INFO | 🌐 Session warmed
2026-09-29 03:04:16,890 | INFO |    ↳ Status 403
2026-09-29 03:04:16,890 | WARNING |    ⚠ Blocked (403) retry 3
2026-09-29 03:04:16,963 | INFO | 🌐 Session warmed
2026-09-29 03:04:17,811 | INFO | [1690/1901] Fetching Sulthan Bathery (SULY)
2026-09-29 03:04:18,610 | INFO |    ↳ Status 403
2026-09-29 03:04:18,610 | WARNING |    ⚠ Blocked (403) retry 1
2026-09-29 03:04:18,745 | INFO | 🌐 Session warmed
2026-09-29 03:04:18,934 | INFO |    ↳ Status 403
2026-09-29 03:04:18,934 | WARNING |    ⚠ Blocked (403) retry 3
2026-09-29 03:04:19,021 | INFO | 🌐 Session warmed
2026-09-29 03:04:20,543 | INFO | [1691/1901] Fetching Sumerpur (SURJ)
2026-09-29 03:04:20,607 | INFO |    ↳ Status 403
2026-09-29 03:04:20,607 | WARNING |    ⚠ Blocked (403) retry 2
2026-09-29 03:04:20,675 | INFO | 🌐 Session warmed
2026-09-29 03:04:20,964 | INFO | [1692/1901] Fetching Sundar Nagar (SUNR)
2026-09-29 03:04:21,318 | INFO |    ↳ Status 403
2026-09-29 03:04:21,318 | WARNING |    ⚠ Blocked (403) retry 1
2026-09-29 03:04:21,396 | INFO | 🌐 Session warmed
2026-09-29 03:04:21,717 | INFO |    ↳ Status 403
2026-09-29 03:04:21,717 | WARNING |    ⚠ Blocked (403) retry 1
2026-09-29 03:04:21,788 | INFO | 🌐 Session warmed
2026-09-29 03:04:23,021 | INFO | [1693/1901] Fetching Sundargarh (SUND)
2026-09-29 03:04:23,351 | INFO |    ↳ Status 403
2026-09-29 03:04:23,351 | WARNING |    ⚠ Blocked (403) retry 2
2026-09-29 03:04:23,439 | INFO |    ↳ Status 403
2026-09-29 03:04:23,439 | WARNING |    ⚠ Blocked (403) retry 3
2026-09-29 03:04:23,443 | INFO | 🌐 Session warmed
2026-09-29 03:04:23,514 | INFO | 🌐 Session warmed
2026-09-29 03:04:23,792 | INFO |    ↳ Status 403
2026-09-29 03:04:23,792 | WARNING |    ⚠ Blocked (403) retry 2
2026-09-29 03:04:23,860 | INFO | 🌐 Session warmed
2026-09-29 03:04:24,035 | INFO |    ↳ Status 403
2026-09-29 03:04:24,035 | WARNING |    ⚠ Blocked (403) retry 1
2026-09-29 03:04:24,111 | INFO | 🌐 Session warmed
2026-09-29 03:04:25,974 | INFO |    ↳ Status 403
2026-09-29 03:04:25,974 | WARNING |    ⚠ Blocked (403) retry 2
2026-09-29 03:04:26,042 | INFO | 🌐 Session warmed
2026-09-29 03:04:26,453 | INFO |    ↳ Status 403
2026-09-29 03:04:26,453 | WARNING |    ⚠ Blocked (403) retry 3
2026-09-29 03:04:26,519 | INFO | 🌐 Session warmed
2026-09-29 03:04:26,601 | INFO |    ↳ Status 403
2026-09-29 03:04:26,601 | WARNING |    ⚠ Blocked (403) retry 3
2026-09-29 03:04:26,678 | INFO | 🌐 Session warmed
2026-09-29 03:04:27,514 | INFO | [1694/1901] Fetching Supaul (SPUL)
2026-09-29 03:04:28,681 | INFO |    ↳ Status 403
2026-09-29 03:04:28,681 | WARNING |    ⚠ Blocked (403) retry 3
2026-09-29 03:04:28,759 | INFO | 🌐 Session warmed
2026-09-29 03:04:28,868 | INFO |    ↳ Status 403
2026-09-29 03:04:28,868 | WARNING |    ⚠ Blocked (403) retry 1
2026-09-29 03:04:28,934 | INFO | 🌐 Session warmed
2026-09-29 03:04:30,520 | INFO | [1695/1901] Fetching Surajpur (SURA)
2026-09-29 03:04:30,678 | INFO | [1696/1901] Fetching Surat (SURT)
2026-09-29 03:04:30,947 | INFO |    ↳ Status 403
2026-09-29 03:04:30,947 | WARNING |    ⚠ Blocked (403) retry 2
2026-09-29 03:04:31,023 | INFO | 🌐 Session warmed
2026-09-29 03:04:31,796 | INFO |    ↳ Status 403
2026-09-29 03:04:31,796 | WARNING |    ⚠ Blocked (403) retry 1
2026-09-29 03:04:31,860 | INFO |    ↳ Status 403
2026-09-29 03:04:31,860 | WARNING |    ⚠ Blocked (403) retry 1
2026-09-29 03:04:31,865 | INFO | 🌐 Session warmed
2026-09-29 03:04:31,931 | INFO | 🌐 Session warmed
2026-09-29 03:04:32,759 | INFO | [1697/1901] Fetching Surathkal (SRTK)
2026-09-29 03:04:33,737 | INFO |    ↳ Status 403
2026-09-29 03:04:33,737 | WARNING |    ⚠ Blocked (403) retry 3
2026-09-29 03:04:33,817 | INFO | 🌐 Session warmed
2026-09-29 03:04:33,928 | INFO |    ↳ Status 403
2026-09-29 03:04:33,928 | WARNING |    ⚠ Blocked (403) retry 1
2026-09-29 03:04:33,947 | INFO |    ↳ Status 403
2026-09-29 03:04:33,947 | WARNING |    ⚠ Blocked (403) retry 2
2026-09-29 03:04:34,002 | INFO | 🌐 Session warmed
2026-09-29 03:04:34,022 | INFO | 🌐 Session warmed
2026-09-29 03:04:34,167 | INFO |    ↳ Status 403
2026-09-29 03:04:34,167 | WARNING |    ⚠ Blocked (403) retry 2
2026-09-29 03:04:34,255 | INFO | 🌐 Session warmed
2026-09-29 03:04:36,235 | INFO |    ↳ Status 403
2026-09-29 03:04:36,235 | WARNING |    ⚠ Blocked (403) retry 2
2026-09-29 03:04:36,302 | INFO | 🌐 Session warmed
2026-09-29 03:04:37,240 | INFO |    ↳ Status 403
2026-09-29 03:04:37,240 | WARNING |    ⚠ Blocked (403) retry 3
2026-09-29 03:04:37,315 | INFO | 🌐 Session warmed
2026-09-29 03:04:37,561 | INFO |    ↳ Status 403
2026-09-29 03:04:37,561 | WARNING |    ⚠ Blocked (403) retry 3
2026-09-29 03:04:37,640 | INFO | 🌐 Session warmed
2026-09-29 03:04:37,818 | INFO | [1698/1901] Fetching Surendranagar (SRDN)
2026-09-29 03:04:39,125 | INFO |    ↳ Status 403
2026-09-29 03:04:39,125 | WARNING |    ⚠ Blocked (403) retry 1
2026-09-29 03:04:39,198 | INFO | 🌐 Session warmed
2026-09-29 03:04:39,431 | INFO |    ↳ Status 403
2026-09-29 03:04:39,431 | WARNING |    ⚠ Blocked (403) retry 3
2026-09-29 03:04:39,509 | INFO | 🌐 Session warmed
2026-09-29 03:04:40,936 | INFO |    ↳ Status 403
2026-09-29 03:04:40,936 | WARNING |    ⚠ Blocked (403) retry 2
2026-09-29 03:04:41,007 | INFO | 🌐 Session warmed
2026-09-29 03:04:41,315 | INFO | [1699/1901] Fetching Suri (BSRI)
2026-09-29 03:04:41,640 | INFO | [1700/1901] Fetching Suryapet (SURY)
2026-09-29 03:04:42,562 | INFO |    ↳ Status 403
2026-09-29 03:04:42,562 | WARNING |    ⚠ Blocked (403) retry 1
2026-09-29 03:04:42,630 | INFO | 🌐 Session warmed
2026-09-29 03:04:42,815 | INFO |    ↳ Status 403
2026-09-29 03:04:42,815 | WARNING |    ⚠ Blocked (403) retry 1
2026-09-29 03:04:42,899 | INFO | 🌐 Session warmed
2026-09-29 03:04:43,510 | INFO | [1701/1901] Fetching T.Narasapuram (TNRP)
2026-09-29 03:04:43,701 | INFO |    ↳ Status 403
2026-09-29 03:04:43,701 | WARNING |    ⚠ Blocked (403) retry 3
2026-09-29 03:04:43,775 | INFO | 🌐 Session warmed
2026-09-29 03:04:44,485 | INFO |    ↳ Status 403
2026-09-29 03:04:44,485 | WARNING |    ⚠ Blocked (403) retry 2
2026-09-29 03:04:44,529 | INFO |    ↳ Status 403
2026-09-29 03:04:44,530 | WARNING |    ⚠ Blocked (403) retry 2
2026-09-29 03:04:44,552 | INFO | 🌐 Session warmed
2026-09-29 03:04:44,599 | INFO | 🌐 Session warmed
2026-09-29 03:04:44,751 | INFO |    ↳ Status 403
2026-09-29 03:04:44,751 | WARNING |    ⚠ Blocked (403) retry 1
2026-09-29 03:04:44,822 | INFO | 🌐 Session warmed
2026-09-29 03:04:46,775 | INFO |    ↳ Status 403
2026-09-29 03:04:46,775 | WARNING |    ⚠ Blocked (403) retry 2
2026-09-29 03:04:46,850 | INFO | 🌐 Session warmed
2026-09-29 03:04:47,671 | INFO |    ↳ Status 403
2026-09-29 03:04:47,671 | WARNING |    ⚠ Blocked (403) retry 3
2026-09-29 03:04:47,738 | INFO | 🌐 Session warmed
2026-09-29 03:04:47,775 | INFO | [1702/1901] Fetching Tadepalligudem (TADP)
2026-09-29 03:04:47,995 | INFO |    ↳ Status 403
2026-09-29 03:04:47,995 | WARNING |    ⚠ Blocked (403) retry 3
2026-09-29 03:04:48,065 | INFO | 🌐 Session warmed
2026-09-29 03:04:49,080 | INFO |    ↳ Status 403
2026-09-29 03:04:49,080 | WARNING |    ⚠ Blocked (403) retry 1
2026-09-29 03:04:49,180 | INFO | 🌐 Session warmed
2026-09-29 03:04:49,931 | INFO |    ↳ Status 403
2026-09-29 03:04:49,932 | WARNING |    ⚠ Blocked (403) retry 3
2026-09-29 03:04:50,006 | INFO | 🌐 Session warmed
2026-09-29 03:04:50,858 | INFO |    ↳ Status 403
2026-09-29 03:04:50,858 | WARNING |    ⚠ Blocked (403) retry 2
2026-09-29 03:04:50,926 | INFO | 🌐 Session warmed
2026-09-29 03:04:51,738 | INFO | [1703/1901] Fetching Tadikalapudi (TADK)
2026-09-29 03:04:52,065 | INFO | [1704/1901] Fetching Tadipatri (TDPT)
2026-09-29 03:04:52,687 | INFO |    ↳ Status 403
2026-09-29 03:04:52,687 | WARNING |    ⚠ Blocked (403) retry 1
2026-09-29 03:04:52,770 | INFO | 🌐 Session warmed
2026-09-29 03:04:52,977 | INFO |    ↳ Status 403
2026-09-29 03:04:52,977 | WARNING |    ⚠ Blocked (403) retry 1
2026-09-29 03:04:53,047 | INFO | 🌐 Session warmed
2026-09-29 03:04:54,006 | INFO | [1705/1901] Fetching Talcher (TALC)
2026-09-29 03:04:54,133 | INFO |    ↳ Status 403
2026-09-29 03:04:54,133 | WARNING |    ⚠ Blocked (403) retry 3
2026-09-29 03:04:54,269 | INFO | 🌐 Session warmed
2026-09-29 03:04:54,405 | INFO |    ↳ Status 403
2026-09-29 03:04:54,406 | WARNING |    ⚠ Blocked (403) retry 2
2026-09-29 03:04:54,488 | INFO | 🌐 Session warmed
2026-09-29 03:04:54,929 | INFO |    ↳ Status 403
2026-09-29 03:04:54,929 | WARNING |    ⚠ Blocked (403) retry 1
2026-09-29 03:04:55,005 | INFO | 🌐 Session warmed
2026-09-29 03:04:55,144 | INFO |    ↳ Status 403
2026-09-29 03:04:55,145 | WARNING |    ⚠ Blocked (403) retry 2
2026-09-29 03:04:55,215 | INFO | 🌐 Session warmed
2026-09-29 03:04:56,719 | INFO |    ↳ Status 403
2026-09-29 03:04:56,719 | WARNING |    ⚠ Blocked (403) retry 2
2026-09-29 03:04:56,786 | INFO | 🌐 Session warmed
2026-09-29 03:04:57,712 | INFO |    ↳ Status 403
2026-09-29 03:04:57,712 | WARNING |    ⚠ Blocked (403) retry 3
2026-09-29 03:04:57,792 | INFO | 🌐 Session warmed
2026-09-29 03:04:58,269 | INFO | [1706/1901] Fetching Taliparamba (TALI)
2026-09-29 03:04:58,304 | INFO |    ↳ Status 403
2026-09-29 03:04:58,304 | WARNING |    ⚠ Blocked (403) retry 3
2026-09-29 03:04:58,380 | INFO | 🌐 Session warmed
2026-09-29 03:04:59,102 | INFO |    ↳ Status 403
2026-09-29 03:04:59,102 | WARNING |    ⚠ Blocked (403) retry 1
2026-09-29 03:04:59,241 | INFO | 🌐 Session warmed
2026-09-29 03:04:59,876 | INFO |    ↳ Status 403
2026-09-29 03:04:59,876 | WARNING |    ⚠ Blocked (403) retry 3
2026-09-29 03:04:59,948 | INFO | 🌐 Session warmed
2026-09-29 03:05:01,002 | INFO |    ↳ Status 403
2026-09-29 03:05:01,002 | WARNING |    ⚠ Blocked (403) retry 2
2026-09-29 03:05:01,071 | INFO | 🌐 Session warmed
2026-09-29 03:05:01,793 | INFO | [1707/1901] Fetching Tallapudi (TTPP)
2026-09-29 03:05:02,380 | INFO | [1708/1901] Fetching Tallarevu (TALL)
2026-09-29 03:05:03,047 | INFO |    ↳ Status 403
2026-09-29 03:05:03,047 | WARNING |    ⚠ Blocked (403) retry 1
2026-09-29 03:05:03,077 | INFO |    ↳ Status 403
2026-09-29 03:05:03,077 | WARNING |    ⚠ Blocked (403) retry 1
2026-09-29 03:05:03,120 | INFO | 🌐 Session warmed
2026-09-29 03:05:03,150 | INFO | 🌐 Session warmed
2026-09-29 03:05:03,949 | INFO | [1709/1901] Fetching Talwandi Bhai (TALW)
2026-09-29 03:05:04,220 | INFO |    ↳ Status 403
2026-09-29 03:05:04,220 | WARNING |    ⚠ Blocked (403) retry 3
2026-09-29 03:05:04,296 | INFO | 🌐 Session warmed
2026-09-29 03:05:04,765 | INFO |    ↳ Status 403
2026-09-29 03:05:04,765 | WARNING |    ⚠ Blocked (403) retry 2
2026-09-29 03:05:04,833 | INFO | 🌐 Session warmed
2026-09-29 03:05:04,970 | INFO |    ↳ Status 403
2026-09-29 03:05:04,970 | WARNING |    ⚠ Blocked (403) retry 2
2026-09-29 03:05:05,025 | INFO |    ↳ Status 403
2026-09-29 03:05:05,025 | WARNING |    ⚠ Blocked (403) retry 1
2026-09-29 03:05:05,042 | INFO | 🌐 Session warmed
2026-09-29 03:05:05,105 | INFO | 🌐 Session warmed
2026-09-29 03:05:06,919 | INFO |    ↳ Status 403
2026-09-29 03:05:06,919 | WARNING |    ⚠ Blocked (403) retry 2
2026-09-29 03:05:06,995 | INFO | 🌐 Session warmed
2026-09-29 03:05:07,909 | INFO |    ↳ Status 403
2026-09-29 03:05:07,909 | WARNING |    ⚠ Blocked (403) retry 3
2026-09-29 03:05:07,978 | INFO | 🌐 Session warmed
2026-09-29 03:05:08,296 | INFO | [1710/1901] Fetching Tamluk (TMLU)
2026-09-29 03:05:08,434 | INFO |    ↳ Status 403
2026-09-29 03:05:08,434 | WARNING |    ⚠ Blocked (403) retry 3
2026-09-29 03:05:08,509 | INFO | 🌐 Session warmed
2026-09-29 03:05:09,057 | INFO |    ↳ Status 403
2026-09-29 03:05:09,057 | WARNING |    ⚠ Blocked (403) retry 1
2026-09-29 03:05:09,129 | INFO | 🌐 Session warmed
2026-09-29 03:05:09,766 | INFO |    ↳ Status 403
2026-09-29 03:05:09,766 | WARNING |    ⚠ Blocked (403) retry 3
2026-09-29 03:05:09,833 | INFO | 🌐 Session warmed
2026-09-29 03:05:10,788 | INFO |    ↳ Status 403
2026-09-29 03:05:10,788 | WARNING |    ⚠ Blocked (403) retry 2
2026-09-29 03:05:10,858 | INFO | 🌐 Session warmed
2026-09-29 03:05:11,978 | INFO | [1711/1901] Fetching Tanda (TNDA)
2026-09-29 03:05:12,509 | INFO | [1712/1901] Fetching Tandur (TAND)
2026-09-29 03:05:13,186 | INFO |    ↳ Status 403
2026-09-29 03:05:13,186 | WARNING |    ⚠ Blocked (403) retry 1
2026-09-29 03:05:13,255 | INFO | 🌐 Session warmed
2026-09-29 03:05:13,707 | INFO |    ↳ Status 403
2026-09-29 03:05:13,707 | WARNING |    ⚠ Blocked (403) retry 1
2026-09-29 03:05:13,725 | INFO |    ↳ Status 403
2026-09-29 03:05:13,726 | WARNING |    ⚠ Blocked (403) retry 3
2026-09-29 03:05:13,780 | INFO | 🌐 Session warmed
2026-09-29 03:05:13,799 | INFO | 🌐 Session warmed
2026-09-29 03:05:13,834 | INFO | [1713/1901] Fetching Tangla (TAAA)
2026-09-29 03:05:14,806 | INFO |    ↳ Status 403
2026-09-29 03:05:14,806 | WARNING |    ⚠ Blocked (403) retry 1
2026-09-29 03:05:14,874 | INFO | 🌐 Session warmed
2026-09-29 03:05:15,626 | INFO |    ↳ Status 403
2026-09-29 03:05:15,627 | WARNING |    ⚠ Blocked (403) retry 2
2026-09-29 03:05:15,644 | INFO |    ↳ Status 403
2026-09-29 03:05:15,645 | WARNING |    ⚠ Blocked (403) retry 2
2026-09-29 03:05:15,708 | INFO | 🌐 Session warmed
2026-09-29 03:05:15,711 | INFO | 🌐 Session warmed
2026-09-29 03:05:16,694 | INFO |    ↳ Status 403
2026-09-29 03:05:16,694 | WARNING |    ⚠ Blocked (403) retry 2
2026-09-29 03:05:16,890 | INFO | 🌐 Session warmed
2026-09-29 03:05:17,799 | INFO | [1714/1901] Fetching Tangutur (TANG)
2026-09-29 03:05:18,728 | INFO |    ↳ Status 403
2026-09-29 03:05:18,729 | WARNING |    ⚠ Blocked (403) retry 3
2026-09-29 03:05:18,800 | INFO | 🌐 Session warmed
2026-09-29 03:05:18,884 | INFO |    ↳ Status 403
2026-09-29 03:05:18,884 | WARNING |    ⚠ Blocked (403) retry 1
2026-09-29 03:05:18,954 | INFO | 🌐 Session warmed
2026-09-29 03:05:19,109 | INFO |    ↳ Status 403
2026-09-29 03:05:19,109 | WARNING |    ⚠ Blocked (403) retry 3
2026-09-29 03:05:19,181 | INFO | 🌐 Session warmed
2026-09-29 03:05:20,310 | INFO |    ↳ Status 403
2026-09-29 03:05:20,310 | WARNING |    ⚠ Blocked (403) retry 3
2026-09-29 03:05:20,389 | INFO | 🌐 Session warmed
2026-09-29 03:05:20,661 | INFO |    ↳ Status 403
2026-09-29 03:05:20,661 | WARNING |    ⚠ Blocked (403) retry 2
2026-09-29 03:05:20,730 | INFO | 🌐 Session warmed
2026-09-29 03:05:22,800 | INFO | [1715/1901] Fetching Tanuku (TANK)
2026-09-29 03:05:23,181 | INFO | [1716/1901] Fetching Tarapur (TRPM)
2026-09-29 03:05:23,777 | INFO |    ↳ Status 403
2026-09-29 03:05:23,777 | WARNING |    ⚠ Blocked (403) retry 3
2026-09-29 03:05:23,913 | INFO |    ↳ Status 403
2026-09-29 03:05:23,913 | WARNING |    ⚠ Blocked (403) retry 1
2026-09-29 03:05:23,916 | INFO | 🌐 Session warmed
2026-09-29 03:05:23,984 | INFO | 🌐 Session warmed
2026-09-29 03:05:24,130 | INFO |    ↳ Status 403
2026-09-29 03:05:24,130 | WARNING |    ⚠ Blocked (403) retry 1
2026-09-29 03:05:24,200 | INFO | 🌐 Session warmed
2026-09-29 03:05:24,389 | INFO | [1717/1901] Fetching Tarikere (TERE)
2026-09-29 03:05:25,452 | INFO |    ↳ Status 403
2026-09-29 03:05:25,452 | WARNING |    ⚠ Blocked (403) retry 1
2026-09-29 03:05:25,535 | INFO | 🌐 Session warmed
2026-09-29 03:05:26,004 | INFO |    ↳ Status 403
2026-09-29 03:05:26,004 | WARNING |    ⚠ Blocked (403) retry 2
2026-09-29 03:05:26,031 | INFO |    ↳ Status 403
2026-09-29 03:05:26,031 | WARNING |    ⚠ Blocked (403) retry 2
2026-09-29 03:05:26,087 | INFO | 🌐 Session warmed
2026-09-29 03:05:26,108 | INFO | 🌐 Session warmed
2026-09-29 03:05:27,170 | INFO |    ↳ Status 403
2026-09-29 03:05:27,170 | WARNING |    ⚠ Blocked (403) retry 2
2026-09-29 03:05:27,265 | INFO | 🌐 Session warmed
2026-09-29 03:05:27,916 | INFO | [1718/1901] Fetching Tasgaon (TASG)
2026-09-29 03:05:28,716 | INFO |    ↳ Status 403
2026-09-29 03:05:28,716 | WARNING |    ⚠ Blocked (403) retry 1
2026-09-29 03:05:28,788 | INFO | 🌐 Session warmed
2026-09-29 03:05:29,224 | INFO |    ↳ Status 403
2026-09-29 03:05:29,224 | WARNING |    ⚠ Blocked (403) retry 3
2026-09-29 03:05:29,296 | INFO | 🌐 Session warmed
2026-09-29 03:05:29,433 | INFO |    ↳ Status 403
2026-09-29 03:05:29,433 | WARNING |    ⚠ Blocked (403) retry 3
2026-09-29 03:05:29,503 | INFO | 🌐 Session warmed
2026-09-29 03:05:30,638 | INFO |    ↳ Status 403
2026-09-29 03:05:30,638 | WARNING |    ⚠ Blocked (403) retry 3
2026-09-29 03:05:30,707 | INFO | 🌐 Session warmed
2026-09-29 03:05:30,989 | INFO |    ↳ Status 403
2026-09-29 03:05:30,989 | WARNING |    ⚠ Blocked (403) retry 2
2026-09-29 03:05:31,064 | INFO | 🌐 Session warmed
2026-09-29 03:05:33,297 | INFO | [1719/1901] Fetching Tatipaka (TATI)
2026-09-29 03:05:33,503 | INFO | [1720/1901] Fetching Tawang (TAWA)
2026-09-29 03:05:33,733 | INFO |    ↳ Status 403
2026-09-29 03:05:33,733 | WARNING |    ⚠ Blocked (403) retry 3
2026-09-29 03:05:33,817 | INFO | 🌐 Session warmed
2026-09-29 03:05:34,532 | INFO |    ↳ Status 403
2026-09-29 03:05:34,532 | WARNING |    ⚠ Blocked (403) retry 1
2026-09-29 03:05:34,613 | INFO | 🌐 Session warmed
2026-09-29 03:05:34,697 | INFO |    ↳ Status 403
2026-09-29 03:05:34,698 | WARNING |    ⚠ Blocked (403) retry 1
2026-09-29 03:05:34,707 | INFO | [1721/1901] Fetching Tekkali (TKLI)
2026-09-29 03:05:34,776 | INFO | 🌐 Session warmed
2026-09-29 03:05:35,734 | INFO |    ↳ Status 403
2026-09-29 03:05:35,735 | WARNING |    ⚠ Blocked (403) retry 1
2026-09-29 03:05:35,879 | INFO | 🌐 Session warmed
2026-09-29 03:05:36,546 | INFO |    ↳ Status 403
2026-09-29 03:05:36,546 | WARNING |    ⚠ Blocked (403) retry 2
2026-09-29 03:05:36,549 | INFO |    ↳ Status 403
2026-09-29 03:05:36,549 | WARNING |    ⚠ Blocked (403) retry 2
2026-09-29 03:05:36,625 | INFO | 🌐 Session warmed
2026-09-29 03:05:36,630 | INFO | 🌐 Session warmed
2026-09-29 03:05:37,817 | INFO | [1722/1901] Fetching Tembhurni (TMBH)
2026-09-29 03:05:38,290 | INFO |    ↳ Status 403
2026-09-29 03:05:38,290 | WARNING |    ⚠ Blocked (403) retry 2
2026-09-29 03:05:38,360 | INFO | 🌐 Session warmed
2026-09-29 03:05:39,015 | INFO |    ↳ Status 403
2026-09-29 03:05:39,015 | WARNING |    ⚠ Blocked (403) retry 1
2026-09-29 03:05:39,094 | INFO | 🌐 Session warmed
2026-09-29 03:05:39,446 | INFO |    ↳ Status 403
2026-09-29 03:05:39,446 | WARNING |    ⚠ Blocked (403) retry 3
2026-09-29 03:05:39,515 | INFO | 🌐 Session warmed
2026-09-29 03:05:39,565 | INFO |    ↳ Status 403
2026-09-29 03:05:39,565 | WARNING |    ⚠ Blocked (403) retry 3
2026-09-29 03:05:39,649 | INFO | 🌐 Session warmed
2026-09-29 03:05:41,093 | INFO |    ↳ Status 403
2026-09-29 03:05:41,093 | WARNING |    ⚠ Blocked (403) retry 3
2026-09-29 03:05:41,161 | INFO | 🌐 Session warmed
2026-09-29 03:05:41,430 | INFO |    ↳ Status 403
2026-09-29 03:05:41,430 | WARNING |    ⚠ Blocked (403) retry 2
2026-09-29 03:05:41,503 | INFO | 🌐 Session warmed
2026-09-29 03:05:43,516 | INFO | [1723/1901] Fetching Tenali (TENA)
2026-09-29 03:05:43,649 | INFO | [1724/1901] Fetching Tenkasi (TENK)
2026-09-29 03:05:44,200 | INFO |    ↳ Status 403
2026-09-29 03:05:44,200 | WARNING |    ⚠ Blocked (403) retry 3
2026-09-29 03:05:44,275 | INFO | 🌐 Session warmed
2026-09-29 03:05:44,339 | INFO |    ↳ Status 403
2026-09-29 03:05:44,339 | WARNING |    ⚠ Blocked (403) retry 1
2026-09-29 03:05:44,422 | INFO | 🌐 Session warmed
2026-09-29 03:05:44,605 | INFO |    ↳ Status 403
2026-09-29 03:05:44,605 | WARNING |    ⚠ Blocked (403) retry 1
2026-09-29 03:05:44,674 | INFO | 🌐 Session warmed
2026-09-29 03:05:45,161 | INFO | [1725/1901] Fetching Terdal (TERD)
2026-09-29 03:05:45,827 | INFO |    ↳ Status 403
2026-09-29 03:05:45,827 | WARNING |    ⚠ Blocked (403) retry 1
2026-09-29 03:05:45,907 | INFO | 🌐 Session warmed
2026-09-29 03:05:46,577 | INFO |    ↳ Status 403
2026-09-29 03:05:46,577 | WARNING |    ⚠ Blocked (403) retry 2
2026-09-29 03:05:46,645 | INFO | 🌐 Session warmed
2026-09-29 03:05:46,723 | INFO |    ↳ Status 403
2026-09-29 03:05:46,723 | WARNING |    ⚠ Blocked (403) retry 2
2026-09-29 03:05:46,800 | INFO | 🌐 Session warmed
2026-09-29 03:05:47,913 | INFO |    ↳ Status 403
2026-09-29 03:05:47,913 | WARNING |    ⚠ Blocked (403) retry 2
2026-09-29 03:05:47,985 | INFO | 🌐 Session warmed
2026-09-29 03:05:48,276 | INFO | [1726/1901] Fetching Tezpur (TEZP)
2026-09-29 03:05:49,190 | INFO |    ↳ Status 403
2026-09-29 03:05:49,191 | WARNING |    ⚠ Blocked (403) retry 1
2026-09-29 03:05:49,260 | INFO | 🌐 Session warmed
2026-09-29 03:05:49,461 | INFO |    ↳ Status 403
2026-09-29 03:05:49,461 | WARNING |    ⚠ Blocked (403) retry 3
2026-09-29 03:05:49,538 | INFO | 🌐 Session warmed
2026-09-29 03:05:50,079 | INFO |    ↳ Status 403
2026-09-29 03:05:50,079 | WARNING |    ⚠ Blocked (403) retry 3
2026-09-29 03:05:50,160 | INFO | 🌐 Session warmed
2026-09-29 03:05:50,752 | INFO |    ↳ Status 403
2026-09-29 03:05:50,752 | WARNING |    ⚠ Blocked (403) retry 3
2026-09-29 03:05:50,824 | INFO | 🌐 Session warmed
2026-09-29 03:05:51,130 | INFO |    ↳ Status 403
2026-09-29 03:05:51,130 | WARNING |    ⚠ Blocked (403) retry 2
2026-09-29 03:05:51,209 | INFO | 🌐 Session warmed
2026-09-29 03:05:53,539 | INFO | [1727/1901] Fetching Tezu (TEZU)
2026-09-29 03:05:53,888 | INFO |    ↳ Status 403
2026-09-29 03:05:53,888 | WARNING |    ⚠ Blocked (403) retry 3
2026-09-29 03:05:53,955 | INFO | 🌐 Session warmed
2026-09-29 03:05:54,160 | INFO | [1728/1901] Fetching Thalassery (THAY)
2026-09-29 03:05:54,782 | INFO |    ↳ Status 403
2026-09-29 03:05:54,782 | WARNING |    ⚠ Blocked (403) retry 1
2026-09-29 03:05:54,825 | INFO | [1729/1901] Fetching Thalayolaparambu (THAL)
2026-09-29 03:05:54,867 | INFO | 🌐 Session warmed
2026-09-29 03:05:55,236 | INFO |    ↳ Status 403
2026-09-29 03:05:55,236 | WARNING |    ⚠ Blocked (403) retry 1
2026-09-29 03:05:55,307 | INFO | 🌐 Session warmed
2026-09-29 03:05:56,198 | INFO |    ↳ Status 403
2026-09-29 03:05:56,198 | WARNING |    ⚠ Blocked (403) retry 1
2026-09-29 03:05:56,268 | INFO | 🌐 Session warmed
2026-09-29 03:05:57,197 | INFO |    ↳ Status 403
2026-09-29 03:05:57,198 | WARNING |    ⚠ Blocked (403) retry 2
2026-09-29 03:05:57,273 | INFO | 🌐 Session warmed
2026-09-29 03:05:57,611 | INFO |    ↳ Status 403
2026-09-29 03:05:57,611 | WARNING |    ⚠ Blocked (403) retry 2
2026-09-29 03:05:57,691 | INFO | 🌐 Session warmed
2026-09-29 03:05:57,956 | INFO | [1730/1901] Fetching Thalikulam (THAI)
2026-09-29 03:05:58,473 | INFO |    ↳ Status 403
2026-09-29 03:05:58,473 | WARNING |    ⚠ Blocked (403) retry 2
2026-09-29 03:05:58,539 | INFO | 🌐 Session warmed
2026-09-29 03:05:59,137 | INFO |    ↳ Status 403
2026-09-29 03:05:59,137 | WARNING |    ⚠ Blocked (403) retry 1
2026-09-29 03:05:59,206 | INFO | 🌐 Session warmed
2026-09-29 03:06:00,486 | INFO |    ↳ Status 403
2026-09-29 03:06:00,486 | WARNING |    ⚠ Blocked (403) retry 3
2026-09-29 03:06:00,559 | INFO | 🌐 Session warmed
2026-09-29 03:06:01,020 | INFO |    ↳ Status 403
2026-09-29 03:06:01,020 | WARNING |    ⚠ Blocked (403) retry 3
2026-09-29 03:06:01,094 | INFO | 🌐 Session warmed
2026-09-29 03:06:01,343 | INFO |    ↳ Status 403
2026-09-29 03:06:01,343 | WARNING |    ⚠ Blocked (403) retry 2
2026-09-29 03:06:01,414 | INFO | 🌐 Session warmed
2026-09-29 03:06:01,875 | INFO |    ↳ Status 403
2026-09-29 03:06:01,875 | WARNING |    ⚠ Blocked (403) retry 3
2026-09-29 03:06:01,954 | INFO | 🌐 Session warmed
2026-09-29 03:06:04,194 | INFO |    ↳ Status 403
2026-09-29 03:06:04,195 | WARNING |    ⚠ Blocked (403) retry 3
2026-09-29 03:06:04,275 | INFO | 🌐 Session warmed
2026-09-29 03:06:04,559 | INFO | [1731/1901] Fetching Thallada (THDA)
2026-09-29 03:06:05,094 | INFO | [1732/1901] Fetching Thamarassery (TMRY)
2026-09-29 03:06:05,198 | INFO |    ↳ Status 403
2026-09-29 03:06:05,198 | WARNING |    ⚠ Blocked (403) retry 1
2026-09-29 03:06:05,279 | INFO | 🌐 Session warmed
2026-09-29 03:06:05,955 | INFO | [1733/1901] Fetching Thanipadi (THPD)
2026-09-29 03:06:06,261 | INFO |    ↳ Status 403
2026-09-29 03:06:06,261 | WARNING |    ⚠ Blocked (403) retry 1
2026-09-29 03:06:06,333 | INFO | 🌐 Session warmed
2026-09-29 03:06:07,005 | INFO |    ↳ Status 403
2026-09-29 03:06:07,005 | WARNING |    ⚠ Blocked (403) retry 1
2026-09-29 03:06:07,076 | INFO | 🌐 Session warmed
2026-09-29 03:06:07,431 | INFO |    ↳ Status 403
2026-09-29 03:06:07,431 | WARNING |    ⚠ Blocked (403) retry 2
2026-09-29 03:06:07,499 | INFO | 🌐 Session warmed
2026-09-29 03:06:08,275 | INFO | [1734/1901] Fetching Thanjavur (TANJ)
2026-09-29 03:06:08,607 | INFO |    ↳ Status 403
2026-09-29 03:06:08,607 | WARNING |    ⚠ Blocked (403) retry 2
2026-09-29 03:06:08,684 | INFO | 🌐 Session warmed
2026-09-29 03:06:08,785 | INFO |    ↳ Status 403
2026-09-29 03:06:08,785 | WARNING |    ⚠ Blocked (403) retry 2
2026-09-29 03:06:08,857 | INFO | 🌐 Session warmed
2026-09-29 03:06:08,967 | INFO |    ↳ Status 403
2026-09-29 03:06:08,967 | WARNING |    ⚠ Blocked (403) retry 1
2026-09-29 03:06:09,038 | INFO | 🌐 Session warmed
2026-09-29 03:06:10,551 | INFO |    ↳ Status 403
2026-09-29 03:06:10,551 | WARNING |    ⚠ Blocked (403) retry 3
2026-09-29 03:06:10,621 | INFO | 🌐 Session warmed
2026-09-29 03:06:10,683 | INFO |    ↳ Status 403
2026-09-29 03:06:10,683 | WARNING |    ⚠ Blocked (403) retry 2
2026-09-29 03:06:10,773 | INFO | 🌐 Session warmed
2026-09-29 03:06:11,405 | INFO |    ↳ Status 403
2026-09-29 03:06:11,405 | WARNING |    ⚠ Blocked (403) retry 3
2026-09-29 03:06:11,482 | INFO | 🌐 Session warmed
2026-09-29 03:06:11,588 | INFO |    ↳ Status 403
2026-09-29 03:06:11,588 | WARNING |    ⚠ Blocked (403) retry 3
2026-09-29 03:06:11,664 | INFO | 🌐 Session warmed
2026-09-29 03:06:13,416 | INFO |    ↳ Status 403
2026-09-29 03:06:13,416 | WARNING |    ⚠ Blocked (403) retry 3
2026-09-29 03:06:13,489 | INFO | 🌐 Session warmed
2026-09-29 03:06:14,621 | INFO | [1735/1901] Fetching Tharad (THRD)
2026-09-29 03:06:15,482 | INFO | [1736/1901] Fetching Theni (THEN)
2026-09-29 03:06:15,664 | INFO | [1737/1901] Fetching Thimmapuram (Addu Road) (TMPR)
2026-09-29 03:06:15,695 | INFO |    ↳ Status 403
2026-09-29 03:06:15,695 | WARNING |    ⚠ Blocked (403) retry 1
2026-09-29 03:06:15,770 | INFO | 🌐 Session warmed
2026-09-29 03:06:16,184 | INFO |    ↳ Status 403
2026-09-29 03:06:16,184 | WARNING |    ⚠ Blocked (403) retry 1
2026-09-29 03:06:16,261 | INFO | 🌐 Session warmed
2026-09-29 03:06:16,381 | INFO |    ↳ Status 403
2026-09-29 03:06:16,382 | WARNING |    ⚠ Blocked (403) retry 1
2026-09-29 03:06:16,463 | INFO | 🌐 Session warmed
2026-09-29 03:06:17,489 | INFO | [1738/1901] Fetching Thirubuvanai (THRU)
2026-09-29 03:06:17,919 | INFO |    ↳ Status 403
2026-09-29 03:06:17,919 | WARNING |    ⚠ Blocked (403) retry 2
2026-09-29 03:06:17,927 | INFO |    ↳ Status 403
2026-09-29 03:06:17,927 | WARNING |    ⚠ Blocked (403) retry 2
2026-09-29 03:06:17,996 | INFO | 🌐 Session warmed
2026-09-29 03:06:18,014 | INFO | 🌐 Session warmed
2026-09-29 03:06:18,457 | INFO |    ↳ Status 403
2026-09-29 03:06:18,457 | WARNING |    ⚠ Blocked (403) retry 1
2026-09-29 03:06:18,531 | INFO | 🌐 Session warmed
2026-09-29 03:06:18,706 | INFO |    ↳ Status 403
2026-09-29 03:06:18,706 | WARNING |    ⚠ Blocked (403) retry 2
2026-09-29 03:06:18,874 | INFO | 🌐 Session warmed
2026-09-29 03:06:20,336 | INFO |    ↳ Status 403
2026-09-29 03:06:20,336 | WARNING |    ⚠ Blocked (403) retry 2
2026-09-29 03:06:20,404 | INFO | 🌐 Session warmed
2026-09-29 03:06:20,691 | INFO |    ↳ Status 403
2026-09-29 03:06:20,691 | WARNING |    ⚠ Blocked (403) retry 3
2026-09-29 03:06:20,763 | INFO | 🌐 Session warmed
2026-09-29 03:06:21,124 | INFO |    ↳ Status 403
2026-09-29 03:06:21,124 | WARNING |    ⚠ Blocked (403) retry 3
2026-09-29 03:06:21,204 | INFO | 🌐 Session warmed
2026-09-29 03:06:22,031 | INFO |    ↳ Status 403
2026-09-29 03:06:22,031 | WARNING |    ⚠ Blocked (403) retry 3
2026-09-29 03:06:22,103 | INFO | 🌐 Session warmed
2026-09-29 03:06:23,222 | INFO |    ↳ Status 403
2026-09-29 03:06:23,222 | WARNING |    ⚠ Blocked (403) retry 3
2026-09-29 03:06:23,291 | INFO | 🌐 Session warmed
2026-09-29 03:06:24,763 | INFO | [1739/1901] Fetching Thirumalagiri (THRM)
2026-09-29 03:06:25,204 | INFO | [1740/1901] Fetching Thiruthuraipoondi (THND)
2026-09-29 03:06:25,853 | INFO |    ↳ Status 403
2026-09-29 03:06:25,854 | WARNING |    ⚠ Blocked (403) retry 1
2026-09-29 03:06:25,923 | INFO | 🌐 Session warmed
2026-09-29 03:06:26,104 | INFO | [1741/1901] Fetching Thiruttani (THTN)
2026-09-29 03:06:26,281 | INFO |    ↳ Status 403
2026-09-29 03:06:26,281 | WARNING |    ⚠ Blocked (403) retry 1
2026-09-29 03:06:26,351 | INFO | 🌐 Session warmed
2026-09-29 03:06:26,794 | INFO |    ↳ Status 403
2026-09-29 03:06:26,794 | WARNING |    ⚠ Blocked (403) retry 1
2026-09-29 03:06:26,864 | INFO | 🌐 Session warmed
2026-09-29 03:06:27,292 | INFO | [1742/1901] Fetching Thiruvalla (THVL)
2026-09-29 03:06:27,552 | INFO |    ↳ Status 403
2026-09-29 03:06:27,552 | WARNING |    ⚠ Blocked (403) retry 2
2026-09-29 03:06:27,620 | INFO | 🌐 Session warmed
2026-09-29 03:06:28,593 | INFO |    ↳ Status 403
2026-09-29 03:06:28,593 | WARNING |    ⚠ Blocked (403) retry 1
2026-09-29 03:06:28,644 | INFO |    ↳ Status 403
2026-09-29 03:06:28,644 | WARNING |    ⚠ Blocked (403) retry 2
2026-09-29 03:06:28,664 | INFO | 🌐 Session warmed
2026-09-29 03:06:28,714 | INFO | 🌐 Session warmed
2026-09-29 03:06:29,146 | INFO |    ↳ Status 403
2026-09-29 03:06:29,146 | WARNING |    ⚠ Blocked (403) retry 2
2026-09-29 03:06:29,213 | INFO | 🌐 Session warmed
2026-09-29 03:06:30,592 | INFO |    ↳ Status 403
2026-09-29 03:06:30,592 | WARNING |    ⚠ Blocked (403) retry 2
2026-09-29 03:06:30,661 | INFO | 🌐 Session warmed
2026-09-29 03:06:30,917 | INFO |    ↳ Status 403
2026-09-29 03:06:30,917 | WARNING |    ⚠ Blocked (403) retry 3
2026-09-29 03:06:30,992 | INFO | 🌐 Session warmed
2026-09-29 03:06:31,802 | INFO |    ↳ Status 403
2026-09-29 03:06:31,802 | WARNING |    ⚠ Blocked (403) retry 3
2026-09-29 03:06:31,873 | INFO | 🌐 Session warmed
2026-09-29 03:06:31,995 | INFO |    ↳ Status 403
2026-09-29 03:06:31,995 | WARNING |    ⚠ Blocked (403) retry 3
2026-09-29 03:06:32,065 | INFO | 🌐 Session warmed
2026-09-29 03:06:33,461 | INFO |    ↳ Status 403
2026-09-29 03:06:33,461 | WARNING |    ⚠ Blocked (403) retry 3
2026-09-29 03:06:33,533 | INFO | 🌐 Session warmed
2026-09-29 03:06:34,992 | INFO | [1743/1901] Fetching Thiruvarur (THVR)
2026-09-29 03:06:35,873 | INFO | [1744/1901] Fetching Thodupuzha (THOD)
2026-09-29 03:06:36,054 | INFO |    ↳ Status 403
2026-09-29 03:06:36,054 | WARNING |    ⚠ Blocked (403) retry 1
2026-09-29 03:06:36,065 | INFO | [1745/1901] Fetching Thoothukudi (THOO)
2026-09-29 03:06:36,118 | INFO | 🌐 Session warmed
2026-09-29 03:06:36,777 | INFO |    ↳ Status 403
2026-09-29 03:06:36,777 | WARNING |    ⚠ Blocked (403) retry 1
2026-09-29 03:06:36,853 | INFO | 🌐 Session warmed
2026-09-29 03:06:37,097 | INFO |    ↳ Status 403
2026-09-29 03:06:37,097 | WARNING |    ⚠ Blocked (403) retry 1
2026-09-29 03:06:37,167 | INFO | 🌐 Session warmed
2026-09-29 03:06:37,533 | INFO | [1746/1901] Fetching Thorrur (THOR)
2026-09-29 03:06:38,229 | INFO |    ↳ Status 403
2026-09-29 03:06:38,229 | WARNING |    ⚠ Blocked (403) retry 2
2026-09-29 03:06:38,384 | INFO | 🌐 Session warmed
2026-09-29 03:06:38,471 | INFO |    ↳ Status 403
2026-09-29 03:06:38,471 | WARNING |    ⚠ Blocked (403) retry 1
2026-09-29 03:06:38,765 | INFO | 🌐 Session warmed
2026-09-29 03:06:38,832 | INFO |    ↳ Status 403
2026-09-29 03:06:38,832 | WARNING |    ⚠ Blocked (403) retry 2
2026-09-29 03:06:38,904 | INFO | 🌐 Session warmed
2026-09-29 03:06:39,054 | INFO |    ↳ Status 403
2026-09-29 03:06:39,054 | WARNING |    ⚠ Blocked (403) retry 2
2026-09-29 03:06:39,132 | INFO | 🌐 Session warmed
2026-09-29 03:06:40,970 | INFO |    ↳ Status 403
2026-09-29 03:06:40,970 | WARNING |    ⚠ Blocked (403) retry 2
2026-09-29 03:06:41,040 | INFO | 🌐 Session warmed
2026-09-29 03:06:41,215 | INFO |    ↳ Status 403
2026-09-29 03:06:41,215 | WARNING |    ⚠ Blocked (403) retry 3
2026-09-29 03:06:41,293 | INFO | 🌐 Session warmed
2026-09-29 03:06:41,707 | INFO |    ↳ Status 403
2026-09-29 03:06:41,707 | WARNING |    ⚠ Blocked (403) retry 3
2026-09-29 03:06:41,773 | INFO | 🌐 Session warmed
2026-09-29 03:06:42,073 | INFO |    ↳ Status 403
2026-09-29 03:06:42,073 | WARNING |    ⚠ Blocked (403) retry 3
2026-09-29 03:06:42,152 | INFO | 🌐 Session warmed
2026-09-29 03:06:44,179 | INFO |    ↳ Status 403
2026-09-29 03:06:44,179 | WARNING |    ⚠ Blocked (403) retry 3
2026-09-29 03:06:44,246 | INFO | 🌐 Session warmed
2026-09-29 03:06:45,294 | INFO | [1747/1901] Fetching Thottiyam (THYM)
2026-09-29 03:06:45,774 | INFO | [1748/1901] Fetching Thriprayar (THPR)
2026-09-29 03:06:46,153 | INFO | [1749/1901] Fetching Thrissur (THSR)
2026-09-29 03:06:46,287 | INFO |    ↳ Status 403
2026-09-29 03:06:46,287 | WARNING |    ⚠ Blocked (403) retry 1
2026-09-29 03:06:46,355 | INFO | 🌐 Session warmed
2026-09-29 03:06:46,858 | INFO |    ↳ Status 403
2026-09-29 03:06:46,858 | WARNING |    ⚠ Blocked (403) retry 1
2026-09-29 03:06:46,926 | INFO | 🌐 Session warmed
2026-09-29 03:06:47,540 | INFO |    ↳ Status 403
2026-09-29 03:06:47,540 | WARNING |    ⚠ Blocked (403) retry 1
2026-09-29 03:06:47,618 | INFO | 🌐 Session warmed
2026-09-29 03:06:48,247 | INFO | [1750/1901] Fetching Thullur (THUL)
2026-09-29 03:06:48,642 | INFO |    ↳ Status 403
2026-09-29 03:06:48,643 | WARNING |    ⚠ Blocked (403) retry 2
2026-09-29 03:06:48,661 | INFO |    ↳ Status 403
2026-09-29 03:06:48,661 | WARNING |    ⚠ Blocked (403) retry 2
2026-09-29 03:06:48,721 | INFO | 🌐 Session warmed
2026-09-29 03:06:48,729 | INFO | 🌐 Session warmed
2026-09-29 03:06:49,655 | INFO |    ↳ Status 403
2026-09-29 03:06:49,655 | WARNING |    ⚠ Blocked (403) retry 1
2026-09-29 03:06:49,728 | INFO | 🌐 Session warmed
2026-09-29 03:06:50,031 | INFO |    ↳ Status 403
2026-09-29 03:06:50,031 | WARNING |    ⚠ Blocked (403) retry 2
2026-09-29 03:06:50,104 | INFO | 🌐 Session warmed
2026-09-29 03:06:51,511 | INFO |    ↳ Status 403
2026-09-29 03:06:51,511 | WARNING |    ⚠ Blocked (403) retry 2
2026-09-29 03:06:51,579 | INFO | 🌐 Session warmed
2026-09-29 03:06:51,802 | INFO |    ↳ Status 403
2026-09-29 03:06:51,802 | WARNING |    ⚠ Blocked (403) retry 3
2026-09-29 03:06:51,873 | INFO | 🌐 Session warmed
2026-09-29 03:06:51,958 | INFO |    ↳ Status 403
2026-09-29 03:06:51,958 | WARNING |    ⚠ Blocked (403) retry 3
2026-09-29 03:06:52,128 | INFO | 🌐 Session warmed
2026-09-29 03:06:53,209 | INFO |    ↳ Status 403
2026-09-29 03:06:53,209 | WARNING |    ⚠ Blocked (403) retry 3
2026-09-29 03:06:53,284 | INFO | 🌐 Session warmed
2026-09-29 03:06:54,693 | INFO |    ↳ Status 403
2026-09-29 03:06:54,693 | WARNING |    ⚠ Blocked (403) retry 3
2026-09-29 03:06:54,772 | INFO | 🌐 Session warmed
2026-09-29 03:06:55,873 | INFO | [1751/1901] Fetching Thuraiyur (THYR)
2026-09-29 03:06:56,128 | INFO | [1752/1901] Fetching Tilda Neora (TNO)
2026-09-29 03:06:57,202 | INFO |    ↳ Status 403
2026-09-29 03:06:57,202 | WARNING |    ⚠ Blocked (403) retry 1
2026-09-29 03:06:57,275 | INFO | 🌐 Session warmed
2026-09-29 03:06:57,284 | INFO | [1753/1901] Fetching Tindivanam (TNVM)
2026-09-29 03:06:57,359 | INFO |    ↳ Status 403
2026-09-29 03:06:57,359 | WARNING |    ⚠ Blocked (403) retry 1
2026-09-29 03:06:57,429 | INFO | 🌐 Session warmed
2026-09-29 03:06:58,192 | INFO |    ↳ Status 403
2026-09-29 03:06:58,192 | WARNING |    ⚠ Blocked (403) retry 1
2026-09-29 03:06:58,336 | INFO | 🌐 Session warmed
2026-09-29 03:06:58,772 | INFO | [1754/1901] Fetching Tinsukia (TINS)
2026-09-29 03:06:59,362 | INFO |    ↳ Status 403
2026-09-29 03:06:59,362 | WARNING |    ⚠ Blocked (403) retry 2
2026-09-29 03:06:59,429 | INFO | 🌐 Session warmed
2026-09-29 03:06:59,601 | INFO |    ↳ Status 403
2026-09-29 03:06:59,601 | WARNING |    ⚠ Blocked (403) retry 2
2026-09-29 03:06:59,671 | INFO | 🌐 Session warmed
2026-09-29 03:06:59,900 | INFO |    ↳ Status 403
2026-09-29 03:06:59,900 | WARNING |    ⚠ Blocked (403) retry 1
2026-09-29 03:06:59,971 | INFO | 🌐 Session warmed
2026-09-29 03:07:00,225 | INFO |    ↳ Status 403
2026-09-29 03:07:00,225 | WARNING |    ⚠ Blocked (403) retry 2
2026-09-29 03:07:00,294 | INFO | 🌐 Session warmed
2026-09-29 03:07:02,151 | INFO |    ↳ Status 403
2026-09-29 03:07:02,151 | WARNING |    ⚠ Blocked (403) retry 2
2026-09-29 03:07:02,225 | INFO | 🌐 Session warmed
2026-09-29 03:07:02,371 | INFO |    ↳ Status 403
2026-09-29 03:07:02,371 | WARNING |    ⚠ Blocked (403) retry 3
2026-09-29 03:07:02,388 | INFO |    ↳ Status 403
2026-09-29 03:07:02,388 | WARNING |    ⚠ Blocked (403) retry 3
2026-09-29 03:07:02,455 | INFO | 🌐 Session warmed
2026-09-29 03:07:02,462 | INFO | 🌐 Session warmed
2026-09-29 03:07:03,347 | INFO |    ↳ Status 403
2026-09-29 03:07:03,347 | WARNING |    ⚠ Blocked (403) retry 3
2026-09-29 03:07:03,420 | INFO | 🌐 Session warmed
2026-09-29 03:07:05,423 | INFO |    ↳ Status 403
2026-09-29 03:07:05,423 | WARNING |    ⚠ Blocked (403) retry 3
2026-09-29 03:07:05,495 | INFO | 🌐 Session warmed
2026-09-29 03:07:06,455 | INFO | [1755/1901] Fetching Tiptur (TIPT)
2026-09-29 03:07:06,463 | INFO | [1756/1901] Fetching Tiruchendur (TRCD)
2026-09-29 03:07:07,191 | INFO |    ↳ Status 403
2026-09-29 03:07:07,192 | WARNING |    ⚠ Blocked (403) retry 1
2026-09-29 03:07:07,242 | INFO |    ↳ Status 403
2026-09-29 03:07:07,242 | WARNING |    ⚠ Blocked (403) retry 1
2026-09-29 03:07:07,266 | INFO | 🌐 Session warmed
2026-09-29 03:07:07,324 | INFO | 🌐 Session warmed
2026-09-29 03:07:07,420 | INFO | [1757/1901] Fetching Tirukoilur (TRKR)
2026-09-29 03:07:08,350 | INFO |    ↳ Status 403
2026-09-29 03:07:08,350 | WARNING |    ⚠ Blocked (403) retry 1
2026-09-29 03:07:08,420 | INFO | 🌐 Session warmed
2026-09-29 03:07:09,043 | INFO |    ↳ Status 403
2026-09-29 03:07:09,043 | WARNING |    ⚠ Blocked (403) retry 2
2026-09-29 03:07:09,116 | INFO | 🌐 Session warmed
2026-09-29 03:07:09,460 | INFO |    ↳ Status 403
2026-09-29 03:07:09,460 | WARNING |    ⚠ Blocked (403) retry 2
2026-09-29 03:07:09,495 | INFO | [1758/1901] Fetching Tirumakudalu Narasipura (TINA)
2026-09-29 03:07:09,537 | INFO | 🌐 Session warmed
2026-09-29 03:07:10,622 | INFO |    ↳ Status 403
2026-09-29 03:07:10,622 | WARNING |    ⚠ Blocked (403) retry 1
2026-09-29 03:07:10,678 | INFO |    ↳ Status 403
2026-09-29 03:07:10,678 | WARNING |    ⚠ Blocked (403) retry 2
2026-09-29 03:07:10,691 | INFO | 🌐 Session warmed
2026-09-29 03:07:10,748 | INFO | 🌐 Session warmed
2026-09-29 03:07:11,766 | INFO |    ↳ Status 403
2026-09-29 03:07:11,766 | WARNING |    ⚠ Blocked (403) retry 3
2026-09-29 03:07:11,846 | INFO | 🌐 Session warmed
2026-09-29 03:07:12,210 | INFO |    ↳ Status 403
2026-09-29 03:07:12,210 | WARNING |    ⚠ Blocked (403) retry 3
2026-09-29 03:07:12,289 | INFO | 🌐 Session warmed
2026-09-29 03:07:12,917 | INFO |    ↳ Status 403
2026-09-29 03:07:12,917 | WARNING |    ⚠ Blocked (403) retry 2
2026-09-29 03:07:12,998 | INFO | 🌐 Session warmed
2026-09-29 03:07:13,793 | INFO |    ↳ Status 403
2026-09-29 03:07:13,793 | WARNING |    ⚠ Blocked (403) retry 3
2026-09-29 03:07:13,860 | INFO | 🌐 Session warmed
2026-09-29 03:07:15,712 | INFO |    ↳ Status 403
2026-09-29 03:07:15,712 | WARNING |    ⚠ Blocked (403) retry 3
2026-09-29 03:07:15,814 | INFO | 🌐 Session warmed
2026-09-29 03:07:15,846 | INFO | [1759/1901] Fetching Tirunelveli (TIRV)
2026-09-29 03:07:16,289 | INFO | [1760/1901] Fetching Tirupati (TIRU)
2026-09-29 03:07:16,664 | INFO |    ↳ Status 403
2026-09-29 03:07:16,664 | WARNING |    ⚠ Blocked (403) retry 1
2026-09-29 03:07:16,737 | INFO | 🌐 Session warmed
2026-09-29 03:07:17,166 | INFO |    ↳ Status 403
2026-09-29 03:07:17,166 | WARNING |    ⚠ Blocked (403) retry 1
2026-09-29 03:07:17,241 | INFO | 🌐 Session warmed
2026-09-29 03:07:17,860 | INFO | [1761/1901] Fetching Tirupattur (TRPR)
2026-09-29 03:07:18,581 | INFO |    ↳ Status 403
2026-09-29 03:07:18,581 | WARNING |    ⚠ Blocked (403) retry 2
2026-09-29 03:07:18,651 | INFO | 🌐 Session warmed
2026-09-29 03:07:19,266 | INFO |    ↳ Status 403
2026-09-29 03:07:19,267 | WARNING |    ⚠ Blocked (403) retry 1
2026-09-29 03:07:19,338 | INFO | 🌐 Session warmed
2026-09-29 03:07:19,468 | INFO |    ↳ Status 403
2026-09-29 03:07:19,468 | WARNING |    ⚠ Blocked (403) retry 2
2026-09-29 03:07:19,544 | INFO | 🌐 Session warmed
2026-09-29 03:07:19,814 | INFO | [1762/1901] Fetching Tirupur (TIRP)
2026-09-29 03:07:20,653 | INFO |    ↳ Status 403
2026-09-29 03:07:20,653 | WARNING |    ⚠ Blocked (403) retry 1
2026-09-29 03:07:20,720 | INFO | 🌐 Session warmed
2026-09-29 03:07:21,002 | INFO |    ↳ Status 403
2026-09-29 03:07:21,002 | WARNING |    ⚠ Blocked (403) retry 2
2026-09-29 03:07:21,071 | INFO | 🌐 Session warmed
2026-09-29 03:07:21,828 | INFO |    ↳ Status 403
2026-09-29 03:07:21,828 | WARNING |    ⚠ Blocked (403) retry 3
2026-09-29 03:07:22,053 | INFO | 🌐 Session warmed
2026-09-29 03:07:22,379 | INFO |    ↳ Status 403
2026-09-29 03:07:22,380 | WARNING |    ⚠ Blocked (403) retry 3
2026-09-29 03:07:22,447 | INFO | 🌐 Session warmed
2026-09-29 03:07:23,131 | INFO |    ↳ Status 403
2026-09-29 03:07:23,131 | WARNING |    ⚠ Blocked (403) retry 2
2026-09-29 03:07:23,198 | INFO | 🌐 Session warmed
2026-09-29 03:07:24,267 | INFO |    ↳ Status 403
2026-09-29 03:07:24,268 | WARNING |    ⚠ Blocked (403) retry 3
2026-09-29 03:07:24,335 | INFO | 🌐 Session warmed
2026-09-29 03:07:25,945 | INFO |    ↳ Status 403
2026-09-29 03:07:25,945 | WARNING |    ⚠ Blocked (403) retry 3
2026-09-29 03:07:26,018 | INFO | 🌐 Session warmed
2026-09-29 03:07:26,053 | INFO | [1763/1901] Fetching Tirur (TRUR)
2026-09-29 03:07:26,447 | INFO | [1764/1901] Fetching Tiruvallur (TRVL)
2026-09-29 03:07:27,331 | INFO |    ↳ Status 403
2026-09-29 03:07:27,331 | WARNING |    ⚠ Blocked (403) retry 1
2026-09-29 03:07:27,406 | INFO | 🌐 Session warmed
2026-09-29 03:07:27,631 | INFO |    ↳ Status 403
2026-09-29 03:07:27,631 | WARNING |    ⚠ Blocked (403) retry 1
2026-09-29 03:07:27,695 | INFO | 🌐 Session warmed
2026-09-29 03:07:28,335 | INFO | [1765/1901] Fetching Tiruvannamalai (TVNM)
2026-09-29 03:07:29,199 | INFO |    ↳ Status 403
2026-09-29 03:07:29,199 | WARNING |    ⚠ Blocked (403) retry 1
2026-09-29 03:07:29,280 | INFO | 🌐 Session warmed
2026-09-29 03:07:29,752 | INFO |    ↳ Status 403
2026-09-29 03:07:29,752 | WARNING |    ⚠ Blocked (403) retry 2
2026-09-29 03:07:29,817 | INFO | 🌐 Session warmed
2026-09-29 03:07:29,887 | INFO |    ↳ Status 403
2026-09-29 03:07:29,887 | WARNING |    ⚠ Blocked (403) retry 2
2026-09-29 03:07:29,963 | INFO | 🌐 Session warmed
2026-09-29 03:07:30,019 | INFO | [1766/1901] Fetching Tiruvarur (TIVA)
2026-09-29 03:07:31,049 | INFO |    ↳ Status 403
2026-09-29 03:07:31,049 | WARNING |    ⚠ Blocked (403) retry 1
2026-09-29 03:07:31,074 | INFO |    ↳ Status 403
2026-09-29 03:07:31,074 | WARNING |    ⚠ Blocked (403) retry 2
2026-09-29 03:07:31,123 | INFO | 🌐 Session warmed
2026-09-29 03:07:31,143 | INFO | 🌐 Session warmed
2026-09-29 03:07:32,965 | INFO |    ↳ Status 403
2026-09-29 03:07:32,965 | WARNING |    ⚠ Blocked (403) retry 3
2026-09-29 03:07:33,020 | INFO |    ↳ Status 403
2026-09-29 03:07:33,020 | WARNING |    ⚠ Blocked (403) retry 3
2026-09-29 03:07:33,043 | INFO | 🌐 Session warmed
2026-09-29 03:07:33,094 | INFO | 🌐 Session warmed
2026-09-29 03:07:33,369 | INFO |    ↳ Status 403
2026-09-29 03:07:33,370 | WARNING |    ⚠ Blocked (403) retry 2
2026-09-29 03:07:33,441 | INFO | 🌐 Session warmed
2026-09-29 03:07:34,325 | INFO |    ↳ Status 403
2026-09-29 03:07:34,325 | WARNING |    ⚠ Blocked (403) retry 3
2026-09-29 03:07:34,396 | INFO | 🌐 Session warmed
2026-09-29 03:07:36,841 | INFO |    ↳ Status 403
2026-09-29 03:07:36,841 | WARNING |    ⚠ Blocked (403) retry 3
2026-09-29 03:07:36,927 | INFO | 🌐 Session warmed
2026-09-29 03:07:37,043 | INFO | [1767/1901] Fetching Tiruvuru (TRVR)
2026-09-29 03:07:37,095 | INFO | [1768/1901] Fetching Titagarh (TTGH)
2026-09-29 03:07:38,116 | INFO |    ↳ Status 403
2026-09-29 03:07:38,116 | WARNING |    ⚠ Blocked (403) retry 1
2026-09-29 03:07:38,188 | INFO | 🌐 Session warmed
2026-09-29 03:07:38,333 | INFO |    ↳ Status 403
2026-09-29 03:07:38,333 | WARNING |    ⚠ Blocked (403) retry 1
2026-09-29 03:07:38,397 | INFO | [1769/1901] Fetching Titlagarh (TITL)
2026-09-29 03:07:38,401 | INFO | 🌐 Session warmed
2026-09-29 03:07:39,751 | INFO |    ↳ Status 403
2026-09-29 03:07:39,751 | WARNING |    ⚠ Blocked (403) retry 1
2026-09-29 03:07:39,820 | INFO | 🌐 Session warmed
2026-09-29 03:07:40,362 | INFO |    ↳ Status 403
2026-09-29 03:07:40,362 | WARNING |    ⚠ Blocked (403) retry 2
2026-09-29 03:07:40,435 | INFO | 🌐 Session warmed
2026-09-29 03:07:40,764 | INFO |    ↳ Status 403
2026-09-29 03:07:40,764 | WARNING |    ⚠ Blocked (403) retry 2
2026-09-29 03:07:40,840 | INFO | 🌐 Session warmed
2026-09-29 03:07:40,927 | INFO | [1770/1901] Fetching Tittakudi (TITT)
2026-09-29 03:07:41,697 | INFO |    ↳ Status 403
2026-09-29 03:07:41,697 | WARNING |    ⚠ Blocked (403) retry 2
2026-09-29 03:07:41,763 | INFO | 🌐 Session warmed
2026-09-29 03:07:42,157 | INFO |    ↳ Status 403
2026-09-29 03:07:42,157 | WARNING |    ⚠ Blocked (403) retry 1
2026-09-29 03:07:42,228 | INFO | 🌐 Session warmed
2026-09-29 03:07:43,406 | INFO |    ↳ Status 403
2026-09-29 03:07:43,406 | WARNING |    ⚠ Blocked (403) retry 3
2026-09-29 03:07:43,476 | INFO | 🌐 Session warmed
2026-09-29 03:07:43,786 | INFO |    ↳ Status 403
2026-09-29 03:07:43,786 | WARNING |    ⚠ Blocked (403) retry 3
2026-09-29 03:07:43,857 | INFO | 🌐 Session warmed
2026-09-29 03:07:44,190 | INFO |    ↳ Status 403
2026-09-29 03:07:44,190 | WARNING |    ⚠ Blocked (403) retry 2
2026-09-29 03:07:44,258 | INFO | 🌐 Session warmed
2026-09-29 03:07:45,081 | INFO |    ↳ Status 403
2026-09-29 03:07:45,081 | WARNING |    ⚠ Blocked (403) retry 3
2026-09-29 03:07:45,171 | INFO | 🌐 Session warmed
2026-09-29 03:07:47,476 | INFO | [1771/1901] Fetching Tonk (TONK)
2026-09-29 03:07:47,659 | INFO |    ↳ Status 403
2026-09-29 03:07:47,659 | WARNING |    ⚠ Blocked (403) retry 3
2026-09-29 03:07:47,731 | INFO | 🌐 Session warmed
2026-09-29 03:07:47,858 | INFO | [1772/1901] Fetching Toopran (TOOP)
2026-09-29 03:07:48,312 | INFO |    ↳ Status 403
2026-09-29 03:07:48,312 | WARNING |    ⚠ Blocked (403) retry 1
2026-09-29 03:07:48,380 | INFO | 🌐 Session warmed
2026-09-29 03:07:49,162 | INFO |    ↳ Status 403
2026-09-29 03:07:49,163 | WARNING |    ⚠ Blocked (403) retry 1
2026-09-29 03:07:49,171 | INFO | [1773/1901] Fetching Trichy (TRIC)
2026-09-29 03:07:49,236 | INFO | 🌐 Session warmed
2026-09-29 03:07:49,811 | INFO |    ↳ Status 403
2026-09-29 03:07:49,811 | WARNING |    ⚠ Blocked (403) retry 1
2026-09-29 03:07:49,980 | INFO | 🌐 Session warmed
2026-09-29 03:07:50,082 | INFO |    ↳ Status 403
2026-09-29 03:07:50,082 | WARNING |    ⚠ Blocked (403) retry 2
2026-09-29 03:07:50,167 | INFO | 🌐 Session warmed
2026-09-29 03:07:51,179 | INFO |    ↳ Status 403
2026-09-29 03:07:51,179 | WARNING |    ⚠ Blocked (403) retry 2
2026-09-29 03:07:51,251 | INFO | 🌐 Session warmed
2026-09-29 03:07:51,731 | INFO | [1774/1901] Fetching Trivandrum (TRIV)
2026-09-29 03:07:52,079 | INFO |    ↳ Status 403
2026-09-29 03:07:52,079 | WARNING |    ⚠ Blocked (403) retry 2
2026-09-29 03:07:52,147 | INFO | 🌐 Session warmed
2026-09-29 03:07:52,414 | INFO |    ↳ Status 403
2026-09-29 03:07:52,415 | WARNING |    ⚠ Blocked (403) retry 1
2026-09-29 03:07:52,479 | INFO | 🌐 Session warmed
2026-09-29 03:07:52,984 | INFO |    ↳ Status 403
2026-09-29 03:07:52,984 | WARNING |    ⚠ Blocked (403) retry 3
2026-09-29 03:07:53,052 | INFO | 🌐 Session warmed
2026-09-29 03:07:54,132 | INFO |    ↳ Status 403
2026-09-29 03:07:54,132 | WARNING |    ⚠ Blocked (403) retry 3
2026-09-29 03:07:54,204 | INFO | 🌐 Session warmed
2026-09-29 03:07:54,544 | INFO |    ↳ Status 403
2026-09-29 03:07:54,544 | WARNING |    ⚠ Blocked (403) retry 2
2026-09-29 03:07:54,623 | INFO | 🌐 Session warmed
2026-09-29 03:07:54,921 | INFO |    ↳ Status 403
2026-09-29 03:07:54,921 | WARNING |    ⚠ Blocked (403) retry 3
2026-09-29 03:07:54,990 | INFO | 🌐 Session warmed
2026-09-29 03:07:57,052 | INFO | [1775/1901] Fetching Tumakuru (Tumkur) (TUMK)
2026-09-29 03:07:58,016 | INFO |    ↳ Status 403
2026-09-29 03:07:58,016 | WARNING |    ⚠ Blocked (403) retry 3
2026-09-29 03:07:58,089 | INFO | 🌐 Session warmed
2026-09-29 03:07:58,121 | INFO |    ↳ Status 403
2026-09-29 03:07:58,121 | WARNING |    ⚠ Blocked (403) retry 1
2026-09-29 03:07:58,192 | INFO | 🌐 Session warmed
2026-09-29 03:07:58,204 | INFO | [1776/1901] Fetching Tumsar (TUSR)
2026-09-29 03:07:58,990 | INFO | [1777/1901] Fetching Tura (TURA)
2026-09-29 03:07:59,393 | INFO |    ↳ Status 403
2026-09-29 03:07:59,394 | WARNING |    ⚠ Blocked (403) retry 1
2026-09-29 03:07:59,467 | INFO | 🌐 Session warmed
2026-09-29 03:07:59,701 | INFO |    ↳ Status 403
2026-09-29 03:07:59,701 | WARNING |    ⚠ Blocked (403) retry 1
2026-09-29 03:07:59,776 | INFO | 🌐 Session warmed
2026-09-29 03:08:00,541 | INFO |    ↳ Status 403
2026-09-29 03:08:00,541 | WARNING |    ⚠ Blocked (403) retry 2
2026-09-29 03:08:00,612 | INFO | 🌐 Session warmed
2026-09-29 03:08:01,375 | INFO |    ↳ Status 403
2026-09-29 03:08:01,375 | WARNING |    ⚠ Blocked (403) retry 2
2026-09-29 03:08:01,442 | INFO | 🌐 Session warmed
2026-09-29 03:08:01,536 | INFO |    ↳ Status 403
2026-09-29 03:08:01,536 | WARNING |    ⚠ Blocked (403) retry 2
2026-09-29 03:08:01,603 | INFO | 🌐 Session warmed
2026-09-29 03:08:02,090 | INFO | [1778/1901] Fetching Turputallu (TUPP)
2026-09-29 03:08:02,958 | INFO |    ↳ Status 403
2026-09-29 03:08:02,958 | WARNING |    ⚠ Blocked (403) retry 1
2026-09-29 03:08:03,034 | INFO | 🌐 Session warmed
2026-09-29 03:08:03,438 | INFO |    ↳ Status 403
2026-09-29 03:08:03,438 | WARNING |    ⚠ Blocked (403) retry 3
2026-09-29 03:08:03,507 | INFO | 🌐 Session warmed
2026-09-29 03:08:04,232 | INFO |    ↳ Status 403
2026-09-29 03:08:04,232 | WARNING |    ⚠ Blocked (403) retry 3
2026-09-29 03:08:04,298 | INFO | 🌐 Session warmed
2026-09-29 03:08:04,735 | INFO |    ↳ Status 403
2026-09-29 03:08:04,735 | WARNING |    ⚠ Blocked (403) retry 3
2026-09-29 03:08:04,809 | INFO |    ↳ Status 403
2026-09-29 03:08:04,809 | WARNING |    ⚠ Blocked (403) retry 2
2026-09-29 03:08:04,814 | INFO | 🌐 Session warmed
2026-09-29 03:08:04,881 | INFO | 🌐 Session warmed
2026-09-29 03:08:07,507 | INFO | [1779/1901] Fetching Turuvekere (TUKE)
2026-09-29 03:08:08,061 | INFO |    ↳ Status 403
2026-09-29 03:08:08,061 | WARNING |    ⚠ Blocked (403) retry 3
2026-09-29 03:08:08,141 | INFO | 🌐 Session warmed
2026-09-29 03:08:08,208 | INFO |    ↳ Status 403
2026-09-29 03:08:08,208 | WARNING |    ⚠ Blocked (403) retry 1
2026-09-29 03:08:08,276 | INFO | 🌐 Session warmed
2026-09-29 03:08:08,298 | INFO | [1780/1901] Fetching Udaipur (UDAI)
2026-09-29 03:08:08,815 | INFO | [1781/1901] Fetching Udaynarayanpur (UDAY)
2026-09-29 03:08:09,407 | INFO |    ↳ Status 403
2026-09-29 03:08:09,407 | WARNING |    ⚠ Blocked (403) retry 1
2026-09-29 03:08:09,479 | INFO | 🌐 Session warmed
2026-09-29 03:08:09,708 | INFO |    ↳ Status 403
2026-09-29 03:08:09,708 | WARNING |    ⚠ Blocked (403) retry 1
2026-09-29 03:08:09,869 | INFO | 🌐 Session warmed
2026-09-29 03:08:10,498 | INFO |    ↳ Status 403
2026-09-29 03:08:10,499 | WARNING |    ⚠ Blocked (403) retry 2
2026-09-29 03:08:10,573 | INFO | 🌐 Session warmed
2026-09-29 03:08:11,128 | INFO |    ↳ Status 403
2026-09-29 03:08:11,128 | WARNING |    ⚠ Blocked (403) retry 2
2026-09-29 03:08:11,200 | INFO | 🌐 Session warmed
2026-09-29 03:08:11,804 | INFO |    ↳ Status 403
2026-09-29 03:08:11,804 | WARNING |    ⚠ Blocked (403) retry 2
2026-09-29 03:08:11,873 | INFO | 🌐 Session warmed
2026-09-29 03:08:12,141 | INFO | [1782/1901] Fetching Udgir (UDGR)
2026-09-29 03:08:13,136 | INFO |    ↳ Status 403
2026-09-29 03:08:13,136 | WARNING |    ⚠ Blocked (403) retry 1
2026-09-29 03:08:13,208 | INFO | 🌐 Session warmed
2026-09-29 03:08:13,970 | INFO |    ↳ Status 403
2026-09-29 03:08:13,970 | WARNING |    ⚠ Blocked (403) retry 3
2026-09-29 03:08:14,039 | INFO | 🌐 Session warmed
2026-09-29 03:08:14,427 | INFO |    ↳ Status 403
2026-09-29 03:08:14,427 | WARNING |    ⚠ Blocked (403) retry 3
2026-09-29 03:08:14,493 | INFO | 🌐 Session warmed
2026-09-29 03:08:14,920 | INFO |    ↳ Status 403
2026-09-29 03:08:14,920 | WARNING |    ⚠ Blocked (403) retry 2
2026-09-29 03:08:14,935 | INFO |    ↳ Status 403
2026-09-29 03:08:14,935 | WARNING |    ⚠ Blocked (403) retry 3
2026-09-29 03:08:15,000 | INFO | 🌐 Session warmed
2026-09-29 03:08:15,011 | INFO | 🌐 Session warmed
2026-09-29 03:08:17,843 | INFO |    ↳ Status 403
2026-09-29 03:08:17,843 | WARNING |    ⚠ Blocked (403) retry 3
2026-09-29 03:08:17,910 | INFO | 🌐 Session warmed
2026-09-29 03:08:18,039 | INFO | [1783/1901] Fetching Udhampur (UDHM)
2026-09-29 03:08:18,494 | INFO | [1784/1901] Fetching Udumalpet (UDMP)
2026-09-29 03:08:18,951 | INFO |    ↳ Status 403
2026-09-29 03:08:18,951 | WARNING |    ⚠ Blocked (403) retry 1
2026-09-29 03:08:19,011 | INFO | [1785/1901] Fetching Udupi (UDUP)
2026-09-29 03:08:19,025 | INFO | 🌐 Session warmed
2026-09-29 03:08:19,886 | INFO |    ↳ Status 403
2026-09-29 03:08:19,886 | WARNING |    ⚠ Blocked (403) retry 1
2026-09-29 03:08:19,889 | INFO |    ↳ Status 403
2026-09-29 03:08:19,889 | WARNING |    ⚠ Blocked (403) retry 1
2026-09-29 03:08:19,965 | INFO | 🌐 Session warmed
2026-09-29 03:08:19,966 | INFO | 🌐 Session warmed
2026-09-29 03:08:20,713 | INFO |    ↳ Status 403
2026-09-29 03:08:20,713 | WARNING |    ⚠ Blocked (403) retry 2
2026-09-29 03:08:20,780 | INFO | 🌐 Session warmed
2026-09-29 03:08:21,702 | INFO |    ↳ Status 403
2026-09-29 03:08:21,702 | WARNING |    ⚠ Blocked (403) retry 2
2026-09-29 03:08:21,770 | INFO | 🌐 Session warmed
2026-09-29 03:08:21,911 | INFO | [1786/1901] Fetching Ujhani (UJHA)
2026-09-29 03:08:22,374 | INFO |    ↳ Status 403
2026-09-29 03:08:22,374 | WARNING |    ⚠ Blocked (403) retry 2
2026-09-29 03:08:22,442 | INFO | 🌐 Session warmed
2026-09-29 03:08:23,175 | INFO |    ↳ Status 403
2026-09-29 03:08:23,175 | WARNING |    ⚠ Blocked (403) retry 1
2026-09-29 03:08:23,246 | INFO | 🌐 Session warmed
2026-09-29 03:08:24,154 | INFO |    ↳ Status 403
2026-09-29 03:08:24,154 | WARNING |    ⚠ Blocked (403) retry 3
2026-09-29 03:08:24,235 | INFO | 🌐 Session warmed
2026-09-29 03:08:24,678 | INFO |    ↳ Status 403
2026-09-29 03:08:24,678 | WARNING |    ⚠ Blocked (403) retry 3
2026-09-29 03:08:24,749 | INFO | 🌐 Session warmed
2026-09-29 03:08:25,003 | INFO |    ↳ Status 403
2026-09-29 03:08:25,003 | WARNING |    ⚠ Blocked (403) retry 2
2026-09-29 03:08:25,075 | INFO | 🌐 Session warmed
2026-09-29 03:08:25,498 | INFO |    ↳ Status 403
2026-09-29 03:08:25,498 | WARNING |    ⚠ Blocked (403) retry 3
2026-09-29 03:08:25,563 | INFO | 🌐 Session warmed
2026-09-29 03:08:27,807 | INFO |    ↳ Status 403
2026-09-29 03:08:27,807 | WARNING |    ⚠ Blocked (403) retry 3
2026-09-29 03:08:27,878 | INFO | 🌐 Session warmed
2026-09-29 03:08:28,235 | INFO | [1787/1901] Fetching Ujjain (UJJN)
2026-09-29 03:08:28,749 | INFO | [1788/1901] Fetching Ulikkal (ULLI)
2026-09-29 03:08:29,483 | INFO |    ↳ Status 403
2026-09-29 03:08:29,483 | WARNING |    ⚠ Blocked (403) retry 1
2026-09-29 03:08:29,554 | INFO | 🌐 Session warmed
2026-09-29 03:08:29,564 | INFO | [1789/1901] Fetching Uluberia (ULUR)
2026-09-29 03:08:29,682 | INFO |    ↳ Status 403
2026-09-29 03:08:29,682 | WARNING |    ⚠ Blocked (403) retry 1
2026-09-29 03:08:29,753 | INFO | 🌐 Session warmed
2026-09-29 03:08:30,839 | INFO |    ↳ Status 403
2026-09-29 03:08:30,839 | WARNING |    ⚠ Blocked (403) retry 1
2026-09-29 03:08:30,915 | INFO | 🌐 Session warmed
2026-09-29 03:08:31,291 | INFO |    ↳ Status 403
2026-09-29 03:08:31,291 | WARNING |    ⚠ Blocked (403) retry 2
2026-09-29 03:08:31,368 | INFO | 🌐 Session warmed
2026-09-29 03:08:31,878 | INFO | [1790/1901] Fetching Ulundurpet (ULPT)
2026-09-29 03:08:31,897 | INFO |    ↳ Status 403
2026-09-29 03:08:31,897 | WARNING |    ⚠ Blocked (403) retry 2
2026-09-29 03:08:31,967 | INFO | 🌐 Session warmed
2026-09-29 03:08:32,936 | INFO |    ↳ Status 403
2026-09-29 03:08:32,937 | WARNING |    ⚠ Blocked (403) retry 1
2026-09-29 03:08:33,020 | INFO | 🌐 Session warmed
2026-09-29 03:08:33,020 | INFO |    ↳ Status 403
2026-09-29 03:08:33,020 | WARNING |    ⚠ Blocked (403) retry 2
2026-09-29 03:08:33,091 | INFO | 🌐 Session warmed
2026-09-29 03:08:34,713 | INFO |    ↳ Status 403
2026-09-29 03:08:34,713 | WARNING |    ⚠ Blocked (403) retry 3
2026-09-29 03:08:34,730 | INFO |    ↳ Status 403
2026-09-29 03:08:34,730 | WARNING |    ⚠ Blocked (403) retry 2
2026-09-29 03:08:34,769 | INFO |    ↳ Status 403
2026-09-29 03:08:34,770 | WARNING |    ⚠ Blocked (403) retry 3
2026-09-29 03:08:34,805 | INFO | 🌐 Session warmed
2026-09-29 03:08:34,841 | INFO | 🌐 Session warmed
2026-09-29 03:08:34,847 | INFO | 🌐 Session warmed
2026-09-29 03:08:36,275 | INFO |    ↳ Status 403
2026-09-29 03:08:36,275 | WARNING |    ⚠ Blocked (403) retry 3
2026-09-29 03:08:36,356 | INFO | 🌐 Session warmed
2026-09-29 03:08:37,616 | INFO |    ↳ Status 403
2026-09-29 03:08:37,616 | WARNING |    ⚠ Blocked (403) retry 3
2026-09-29 03:08:37,682 | INFO | 🌐 Session warmed
2026-09-29 03:08:38,841 | INFO | [1791/1901] Fetching Umaria (UMR)
2026-09-29 03:08:38,847 | INFO | [1792/1901] Fetching Umbergaon (UMER)
2026-09-29 03:08:40,013 | INFO |    ↳ Status 403
2026-09-29 03:08:40,013 | WARNING |    ⚠ Blocked (403) retry 1
2026-09-29 03:08:40,082 | INFO | 🌐 Session warmed
2026-09-29 03:08:40,083 | INFO |    ↳ Status 403
2026-09-29 03:08:40,083 | WARNING |    ⚠ Blocked (403) retry 1
2026-09-29 03:08:40,154 | INFO | 🌐 Session warmed
2026-09-29 03:08:40,356 | INFO | [1793/1901] Fetching Umbraj (UMBR)
2026-09-29 03:08:41,599 | INFO |    ↳ Status 403
2026-09-29 03:08:41,599 | WARNING |    ⚠ Blocked (403) retry 1
2026-09-29 03:08:41,683 | INFO | [1794/1901] Fetching Umerkote (UMEK)
2026-09-29 03:08:41,686 | INFO | 🌐 Session warmed
2026-09-29 03:08:41,943 | INFO |    ↳ Status 403
2026-09-29 03:08:41,943 | WARNING |    ⚠ Blocked (403) retry 2
2026-09-29 03:08:42,018 | INFO | 🌐 Session warmed
2026-09-29 03:08:42,429 | INFO |    ↳ Status 403
2026-09-29 03:08:42,429 | WARNING |    ⚠ Blocked (403) retry 2
2026-09-29 03:08:42,483 | INFO |    ↳ Status 403
2026-09-29 03:08:42,483 | WARNING |    ⚠ Blocked (403) retry 1
2026-09-29 03:08:42,499 | INFO | 🌐 Session warmed
2026-09-29 03:08:42,552 | INFO | 🌐 Session warmed
2026-09-29 03:08:43,632 | INFO |    ↳ Status 403
2026-09-29 03:08:43,632 | WARNING |    ⚠ Blocked (403) retry 2
2026-09-29 03:08:43,699 | INFO | 🌐 Session warmed
2026-09-29 03:08:44,170 | INFO |    ↳ Status 403
2026-09-29 03:08:44,170 | WARNING |    ⚠ Blocked (403) retry 2
2026-09-29 03:08:44,235 | INFO | 🌐 Session warmed
2026-09-29 03:08:44,746 | INFO |    ↳ Status 403
2026-09-29 03:08:44,746 | WARNING |    ⚠ Blocked (403) retry 3
2026-09-29 03:08:44,820 | INFO | 🌐 Session warmed
2026-09-29 03:08:45,661 | INFO |    ↳ Status 403
2026-09-29 03:08:45,662 | WARNING |    ⚠ Blocked (403) retry 3
2026-09-29 03:08:45,732 | INFO | 🌐 Session warmed
2026-09-29 03:08:46,906 | INFO |    ↳ Status 403
2026-09-29 03:08:46,906 | WARNING |    ⚠ Blocked (403) retry 3
2026-09-29 03:08:46,975 | INFO | 🌐 Session warmed
2026-09-29 03:08:47,493 | INFO |    ↳ Status 403
2026-09-29 03:08:47,493 | WARNING |    ⚠ Blocked (403) retry 3
2026-09-29 03:08:47,566 | INFO | 🌐 Session warmed
2026-09-29 03:08:48,820 | INFO | [1795/1901] Fetching Umred (UMRD)
2026-09-29 03:08:49,561 | INFO |    ↳ Status 403
2026-09-29 03:08:49,561 | WARNING |    ⚠ Blocked (403) retry 1
2026-09-29 03:08:49,637 | INFO | 🌐 Session warmed
2026-09-29 03:08:49,732 | INFO | [1796/1901] Fetching Una (BEEL)
2026-09-29 03:08:50,975 | INFO | [1797/1901] Fetching Una (Gujarat) (UNAU)
2026-09-29 03:08:51,045 | INFO |    ↳ Status 403
2026-09-29 03:08:51,046 | WARNING |    ⚠ Blocked (403) retry 1
2026-09-29 03:08:51,117 | INFO | 🌐 Session warmed
2026-09-29 03:08:51,567 | INFO | [1798/1901] Fetching Undavalli (UVLI)
2026-09-29 03:08:51,680 | INFO |    ↳ Status 403
2026-09-29 03:08:51,680 | WARNING |    ⚠ Blocked (403) retry 2
2026-09-29 03:08:51,752 | INFO | 🌐 Session warmed
2026-09-29 03:08:52,008 | INFO |    ↳ Status 403
2026-09-29 03:08:52,008 | WARNING |    ⚠ Blocked (403) retry 1
2026-09-29 03:08:52,079 | INFO | 🌐 Session warmed
2026-09-29 03:08:52,830 | INFO |    ↳ Status 403
2026-09-29 03:08:52,830 | WARNING |    ⚠ Blocked (403) retry 1
2026-09-29 03:08:52,905 | INFO | 🌐 Session warmed
2026-09-29 03:08:53,174 | INFO |    ↳ Status 403
2026-09-29 03:08:53,174 | WARNING |    ⚠ Blocked (403) retry 2
2026-09-29 03:08:53,247 | INFO | 🌐 Session warmed
2026-09-29 03:08:54,468 | INFO |    ↳ Status 403
2026-09-29 03:08:54,468 | WARNING |    ⚠ Blocked (403) retry 2
2026-09-29 03:08:54,538 | INFO | 🌐 Session warmed
2026-09-29 03:08:54,787 | INFO |    ↳ Status 403
2026-09-29 03:08:54,787 | WARNING |    ⚠ Blocked (403) retry 3
2026-09-29 03:08:54,864 | INFO | 🌐 Session warmed
2026-09-29 03:08:55,032 | INFO |    ↳ Status 403
2026-09-29 03:08:55,032 | WARNING |    ⚠ Blocked (403) retry 2
2026-09-29 03:08:55,106 | INFO | 🌐 Session warmed
2026-09-29 03:08:56,196 | INFO |    ↳ Status 403
2026-09-29 03:08:56,196 | WARNING |    ⚠ Blocked (403) retry 3
2026-09-29 03:08:56,289 | INFO | 🌐 Session warmed
2026-09-29 03:08:57,399 | INFO |    ↳ Status 403
2026-09-29 03:08:57,399 | WARNING |    ⚠ Blocked (403) retry 3
2026-09-29 03:08:57,472 | INFO | 🌐 Session warmed
2026-09-29 03:08:58,248 | INFO |    ↳ Status 403
2026-09-29 03:08:58,248 | WARNING |    ⚠ Blocked (403) retry 3
2026-09-29 03:08:58,313 | INFO | 🌐 Session warmed
2026-09-29 03:08:58,864 | INFO | [1799/1901] Fetching Unnao (UNNA)
2026-09-29 03:09:00,019 | INFO |    ↳ Status 403
2026-09-29 03:09:00,019 | WARNING |    ⚠ Blocked (403) retry 1
2026-09-29 03:09:00,096 | INFO | 🌐 Session warmed
2026-09-29 03:09:00,289 | INFO | [1800/1901] Fetching Uppada (UPDA)
2026-09-29 03:09:01,472 | INFO | [1801/1901] Fetching Uthamapalayam (UTHM)
2026-09-29 03:09:01,612 | INFO |    ↳ Status 403
2026-09-29 03:09:01,612 | WARNING |    ⚠ Blocked (403) retry 1
2026-09-29 03:09:01,685 | INFO | 🌐 Session warmed
2026-09-29 03:09:02,314 | INFO | [1802/1901] Fetching Uthangarai (UHGR)
2026-09-29 03:09:02,489 | INFO |    ↳ Status 403
2026-09-29 03:09:02,489 | WARNING |    ⚠ Blocked (403) retry 2
2026-09-29 03:09:02,509 | INFO |    ↳ Status 403
2026-09-29 03:09:02,509 | WARNING |    ⚠ Blocked (403) retry 1
2026-09-29 03:09:02,588 | INFO | 🌐 Session warmed
2026-09-29 03:09:02,640 | INFO | 🌐 Session warmed
2026-09-29 03:09:03,331 | INFO |    ↳ Status 403
2026-09-29 03:09:03,331 | WARNING |    ⚠ Blocked (403) retry 1
2026-09-29 03:09:03,398 | INFO | 🌐 Session warmed
2026-09-29 03:09:04,069 | INFO |    ↳ Status 403
2026-09-29 03:09:04,069 | WARNING |    ⚠ Blocked (403) retry 2
2026-09-29 03:09:04,157 | INFO | 🌐 Session warmed
2026-09-29 03:09:04,452 | INFO |    ↳ Status 403
2026-09-29 03:09:04,452 | WARNING |    ⚠ Blocked (403) retry 2
2026-09-29 03:09:04,531 | INFO | 🌐 Session warmed
2026-09-29 03:09:05,153 | INFO |    ↳ Status 403
2026-09-29 03:09:05,154 | WARNING |    ⚠ Blocked (403) retry 2
2026-09-29 03:09:05,223 | INFO | 🌐 Session warmed
2026-09-29 03:09:05,545 | INFO |    ↳ Status 403
2026-09-29 03:09:05,545 | WARNING |    ⚠ Blocked (403) retry 3
2026-09-29 03:09:05,624 | INFO | 🌐 Session warmed
2026-09-29 03:09:07,082 | INFO |    ↳ Status 403
2026-09-29 03:09:07,082 | WARNING |    ⚠ Blocked (403) retry 3
2026-09-29 03:09:07,151 | INFO | 🌐 Session warmed
2026-09-29 03:09:07,576 | INFO |    ↳ Status 403
2026-09-29 03:09:07,576 | WARNING |    ⚠ Blocked (403) retry 3
2026-09-29 03:09:07,646 | INFO | 🌐 Session warmed
2026-09-29 03:09:08,485 | INFO |    ↳ Status 403
2026-09-29 03:09:08,485 | WARNING |    ⚠ Blocked (403) retry 3
2026-09-29 03:09:08,557 | INFO | 🌐 Session warmed
2026-09-29 03:09:09,624 | INFO | [1803/1901] Fetching Uthiramerur (UTHI)
2026-09-29 03:09:10,813 | INFO |    ↳ Status 403
2026-09-29 03:09:10,813 | WARNING |    ⚠ Blocked (403) retry 1
2026-09-29 03:09:10,906 | INFO | 🌐 Session warmed
2026-09-29 03:09:11,151 | INFO | [1804/1901] Fetching Uthukottai (UTHU)
2026-09-29 03:09:11,646 | INFO | [1805/1901] Fetching Utraula (UTRA)
2026-09-29 03:09:12,278 | INFO |    ↳ Status 403
2026-09-29 03:09:12,278 | WARNING |    ⚠ Blocked (403) retry 1
2026-09-29 03:09:12,352 | INFO | 🌐 Session warmed
2026-09-29 03:09:12,368 | INFO |    ↳ Status 403
2026-09-29 03:09:12,368 | WARNING |    ⚠ Blocked (403) retry 1
2026-09-29 03:09:12,437 | INFO | 🌐 Session warmed
2026-09-29 03:09:12,558 | INFO | [1806/1901] Fetching Uttara Kannada (UTK)
2026-09-29 03:09:12,570 | INFO |    ↳ Status 403
2026-09-29 03:09:12,570 | WARNING |    ⚠ Blocked (403) retry 2
2026-09-29 03:09:12,650 | INFO | 🌐 Session warmed
2026-09-29 03:09:13,205 | INFO |    ↳ Status 403
2026-09-29 03:09:13,205 | WARNING |    ⚠ Blocked (403) retry 1
2026-09-29 03:09:13,275 | INFO | 🌐 Session warmed
2026-09-29 03:09:13,976 | INFO |    ↳ Status 403
2026-09-29 03:09:13,976 | WARNING |    ⚠ Blocked (403) retry 2
2026-09-29 03:09:14,046 | INFO | 🌐 Session warmed
2026-09-29 03:09:14,731 | INFO |    ↳ Status 403
2026-09-29 03:09:14,731 | WARNING |    ⚠ Blocked (403) retry 2
2026-09-29 03:09:14,806 | INFO | 🌐 Session warmed
2026-09-29 03:09:15,354 | INFO |    ↳ Status 403
2026-09-29 03:09:15,354 | WARNING |    ⚠ Blocked (403) retry 3
2026-09-29 03:09:15,424 | INFO | 🌐 Session warmed
2026-09-29 03:09:15,556 | INFO |    ↳ Status 403
2026-09-29 03:09:15,556 | WARNING |    ⚠ Blocked (403) retry 2
2026-09-29 03:09:15,633 | INFO | 🌐 Session warmed
2026-09-29 03:09:17,462 | INFO |    ↳ Status 403
2026-09-29 03:09:17,462 | WARNING |    ⚠ Blocked (403) retry 3
2026-09-29 03:09:17,536 | INFO | 🌐 Session warmed
2026-09-29 03:09:18,157 | INFO |    ↳ Status 403
2026-09-29 03:09:18,157 | WARNING |    ⚠ Blocked (403) retry 3
2026-09-29 03:09:18,223 | INFO | 🌐 Session warmed
2026-09-29 03:09:18,377 | INFO |    ↳ Status 403
2026-09-29 03:09:18,377 | WARNING |    ⚠ Blocked (403) retry 3
2026-09-29 03:09:18,446 | INFO | 🌐 Session warmed
2026-09-29 03:09:19,424 | INFO | [1807/1901] Fetching Uttarkashi (UTTA)
2026-09-29 03:09:20,730 | INFO |    ↳ Status 403
2026-09-29 03:09:20,730 | WARNING |    ⚠ Blocked (403) retry 1
2026-09-29 03:09:20,799 | INFO | 🌐 Session warmed
2026-09-29 03:09:21,536 | INFO | [1808/1901] Fetching Vadakara (VDKR)
2026-09-29 03:09:22,224 | INFO | [1809/1901] Fetching Vadakkencherry (VDCY)
2026-09-29 03:09:22,438 | INFO |    ↳ Status 403
2026-09-29 03:09:22,438 | WARNING |    ⚠ Blocked (403) retry 2
2026-09-29 03:09:22,446 | INFO | [1810/1901] Fetching Vadalur (VADA)
2026-09-29 03:09:22,505 | INFO | 🌐 Session warmed
2026-09-29 03:09:22,848 | INFO |    ↳ Status 403
2026-09-29 03:09:22,848 | INFO |    ↳ Status 403
2026-09-29 03:09:22,848 | WARNING |    ⚠ Blocked (403) retry 1
2026-09-29 03:09:22,848 | WARNING |    ⚠ Blocked (403) retry 1
2026-09-29 03:09:22,934 | INFO | 🌐 Session warmed
2026-09-29 03:09:22,936 | INFO | 🌐 Session warmed
2026-09-29 03:09:23,446 | INFO |    ↳ Status 403
2026-09-29 03:09:23,446 | WARNING |    ⚠ Blocked (403) retry 1
2026-09-29 03:09:23,514 | INFO | 🌐 Session warmed
2026-09-29 03:09:24,894 | INFO |    ↳ Status 403
2026-09-29 03:09:24,894 | WARNING |    ⚠ Blocked (403) retry 2
2026-09-29 03:09:24,966 | INFO | 🌐 Session warmed
2026-09-29 03:09:25,069 | INFO |    ↳ Status 403
2026-09-29 03:09:25,069 | WARNING |    ⚠ Blocked (403) retry 2
2026-09-29 03:09:25,138 | INFO | 🌐 Session warmed
2026-09-29 03:09:25,343 | INFO |    ↳ Status 403
2026-09-29 03:09:25,343 | WARNING |    ⚠ Blocked (403) retry 2
2026-09-29 03:09:25,438 | INFO | 🌐 Session warmed
2026-09-29 03:09:25,448 | INFO |    ↳ Status 403
2026-09-29 03:09:25,449 | WARNING |    ⚠ Blocked (403) retry 3
2026-09-29 03:09:25,535 | INFO | 🌐 Session warmed
2026-09-29 03:09:28,234 | INFO |    ↳ Status 403
2026-09-29 03:09:28,235 | WARNING |    ⚠ Blocked (403) retry 3
2026-09-29 03:09:28,264 | INFO |    ↳ Status 403
2026-09-29 03:09:28,264 | WARNING |    ⚠ Blocked (403) retry 3
2026-09-29 03:09:28,320 | INFO | 🌐 Session warmed
2026-09-29 03:09:28,338 | INFO | 🌐 Session warmed
2026-09-29 03:09:28,697 | INFO |    ↳ Status 403
2026-09-29 03:09:28,697 | WARNING |    ⚠ Blocked (403) retry 3
2026-09-29 03:09:28,779 | INFO | 🌐 Session warmed
2026-09-29 03:09:29,535 | INFO | [1811/1901] Fetching Vadanappally (VADN)
2026-09-29 03:09:30,694 | INFO |    ↳ Status 403
2026-09-29 03:09:30,695 | WARNING |    ⚠ Blocked (403) retry 1
2026-09-29 03:09:30,781 | INFO | 🌐 Session warmed
2026-09-29 03:09:32,320 | INFO | [1812/1901] Fetching Vadodara (VAD)
2026-09-29 03:09:32,338 | INFO | [1813/1901] Fetching Vaduj (VADJ)
2026-09-29 03:09:32,607 | INFO |    ↳ Status 403
2026-09-29 03:09:32,607 | WARNING |    ⚠ Blocked (403) retry 2
2026-09-29 03:09:32,685 | INFO | 🌐 Session warmed
2026-09-29 03:09:32,779 | INFO | [1814/1901] Fetching Vaijapur (VAIJ)
2026-09-29 03:09:32,954 | INFO |    ↳ Status 403
2026-09-29 03:09:32,954 | WARNING |    ⚠ Blocked (403) retry 1
2026-09-29 03:09:33,027 | INFO | 🌐 Session warmed
2026-09-29 03:09:33,596 | INFO |    ↳ Status 403
2026-09-29 03:09:33,596 | WARNING |    ⚠ Blocked (403) retry 1
2026-09-29 03:09:33,678 | INFO | 🌐 Session warmed
2026-09-29 03:09:33,750 | INFO |    ↳ Status 403
2026-09-29 03:09:33,750 | WARNING |    ⚠ Blocked (403) retry 1
2026-09-29 03:09:33,822 | INFO | 🌐 Session warmed
2026-09-29 03:09:34,746 | INFO |    ↳ Status 403
2026-09-29 03:09:34,746 | WARNING |    ⚠ Blocked (403) retry 2
2026-09-29 03:09:34,832 | INFO | 🌐 Session warmed
2026-09-29 03:09:35,618 | INFO |    ↳ Status 403
2026-09-29 03:09:35,618 | WARNING |    ⚠ Blocked (403) retry 2
2026-09-29 03:09:35,691 | INFO | 🌐 Session warmed
2026-09-29 03:09:35,738 | INFO |    ↳ Status 403
2026-09-29 03:09:35,738 | WARNING |    ⚠ Blocked (403) retry 3
2026-09-29 03:09:35,805 | INFO | 🌐 Session warmed
2026-09-29 03:09:36,238 | INFO |    ↳ Status 403
2026-09-29 03:09:36,238 | WARNING |    ⚠ Blocked (403) retry 2
2026-09-29 03:09:36,315 | INFO | 🌐 Session warmed
2026-09-29 03:09:37,646 | INFO |    ↳ Status 403
2026-09-29 03:09:37,646 | WARNING |    ⚠ Blocked (403) retry 3
2026-09-29 03:09:37,715 | INFO | 🌐 Session warmed
2026-09-29 03:09:38,499 | INFO |    ↳ Status 403
2026-09-29 03:09:38,499 | WARNING |    ⚠ Blocked (403) retry 3
2026-09-29 03:09:38,575 | INFO | 🌐 Session warmed
2026-09-29 03:09:39,308 | INFO |    ↳ Status 403
2026-09-29 03:09:39,308 | WARNING |    ⚠ Blocked (403) retry 3
2026-09-29 03:09:39,378 | INFO | 🌐 Session warmed
2026-09-29 03:09:39,805 | INFO | [1815/1901] Fetching Valanchery (VALA)
2026-09-29 03:09:40,555 | INFO |    ↳ Status 403
2026-09-29 03:09:40,555 | WARNING |    ⚠ Blocked (403) retry 1
2026-09-29 03:09:40,622 | INFO | 🌐 Session warmed
2026-09-29 03:09:41,715 | INFO | [1816/1901] Fetching Valaparla (VLAP)
2026-09-29 03:09:42,575 | INFO | [1817/1901] Fetching Valigonda (VALI)
2026-09-29 03:09:42,712 | INFO |    ↳ Status 403
2026-09-29 03:09:42,712 | WARNING |    ⚠ Blocked (403) retry 1
2026-09-29 03:09:42,781 | INFO | 🌐 Session warmed
2026-09-29 03:09:43,027 | INFO |    ↳ Status 403
2026-09-29 03:09:43,027 | WARNING |    ⚠ Blocked (403) retry 2
2026-09-29 03:09:43,105 | INFO | 🌐 Session warmed
2026-09-29 03:09:43,316 | INFO |    ↳ Status 403
2026-09-29 03:09:43,316 | WARNING |    ⚠ Blocked (403) retry 1
2026-09-29 03:09:43,378 | INFO | [1818/1901] Fetching Valluru (VALL)
2026-09-29 03:09:43,384 | INFO | 🌐 Session warmed
2026-09-29 03:09:44,408 | INFO |    ↳ Status 403
2026-09-29 03:09:44,408 | WARNING |    ⚠ Blocked (403) retry 2
2026-09-29 03:09:44,496 | INFO | 🌐 Session warmed
2026-09-29 03:09:44,511 | INFO |    ↳ Status 403
2026-09-29 03:09:44,512 | WARNING |    ⚠ Blocked (403) retry 1
2026-09-29 03:09:44,578 | INFO | 🌐 Session warmed
2026-09-29 03:09:45,302 | INFO |    ↳ Status 403
2026-09-29 03:09:45,302 | WARNING |    ⚠ Blocked (403) retry 2
2026-09-29 03:09:45,371 | INFO | 🌐 Session warmed
2026-09-29 03:09:45,801 | INFO |    ↳ Status 403
2026-09-29 03:09:45,801 | WARNING |    ⚠ Blocked (403) retry 3
2026-09-29 03:09:45,874 | INFO | 🌐 Session warmed
2026-09-29 03:09:46,579 | INFO |    ↳ Status 403
2026-09-29 03:09:46,579 | WARNING |    ⚠ Blocked (403) retry 2
2026-09-29 03:09:46,648 | INFO | 🌐 Session warmed
2026-09-29 03:09:47,389 | INFO |    ↳ Status 403
2026-09-29 03:09:47,389 | WARNING |    ⚠ Blocked (403) retry 3
2026-09-29 03:09:47,460 | INFO | 🌐 Session warmed
2026-09-29 03:09:48,235 | INFO |    ↳ Status 403
2026-09-29 03:09:48,235 | WARNING |    ⚠ Blocked (403) retry 3
2026-09-29 03:09:48,333 | INFO | 🌐 Session warmed
2026-09-29 03:09:49,874 | INFO | [1819/1901] Fetching Valsad (VLSD)
2026-09-29 03:09:49,935 | INFO |    ↳ Status 403
2026-09-29 03:09:49,935 | WARNING |    ⚠ Blocked (403) retry 3
2026-09-29 03:09:50,006 | INFO | 🌐 Session warmed
2026-09-29 03:09:50,874 | INFO |    ↳ Status 403
2026-09-29 03:09:50,874 | WARNING |    ⚠ Blocked (403) retry 1
2026-09-29 03:09:51,025 | INFO | 🌐 Session warmed
2026-09-29 03:09:51,461 | INFO | [1820/1901] Fetching Vaniyambadi (VANI)
2026-09-29 03:09:52,334 | INFO | [1821/1901] Fetching Vapi (VAPI)
2026-09-29 03:09:52,593 | INFO |    ↳ Status 403
2026-09-29 03:09:52,594 | WARNING |    ⚠ Blocked (403) retry 1
2026-09-29 03:09:52,661 | INFO | 🌐 Session warmed
2026-09-29 03:09:52,735 | INFO |    ↳ Status 403
2026-09-29 03:09:52,735 | WARNING |    ⚠ Blocked (403) retry 2
2026-09-29 03:09:52,807 | INFO | 🌐 Session warmed
2026-09-29 03:09:53,244 | INFO |    ↳ Status 403
2026-09-29 03:09:53,244 | WARNING |    ⚠ Blocked (403) retry 1
2026-09-29 03:09:53,318 | INFO | 🌐 Session warmed
2026-09-29 03:09:54,007 | INFO | [1822/1901] Fetching Varadaiahpalem (VARA)
2026-09-29 03:09:55,004 | INFO |    ↳ Status 403
2026-09-29 03:09:55,004 | WARNING |    ⚠ Blocked (403) retry 2
2026-09-29 03:09:55,078 | INFO | 🌐 Session warmed
2026-09-29 03:09:55,381 | INFO |    ↳ Status 403
2026-09-29 03:09:55,381 | WARNING |    ⚠ Blocked (403) retry 1
2026-09-29 03:09:55,464 | INFO | 🌐 Session warmed
2026-09-29 03:09:55,649 | INFO |    ↳ Status 403
2026-09-29 03:09:55,650 | WARNING |    ⚠ Blocked (403) retry 2
2026-09-29 03:09:55,720 | INFO | 🌐 Session warmed
2026-09-29 03:09:55,801 | INFO |    ↳ Status 403
2026-09-29 03:09:55,801 | WARNING |    ⚠ Blocked (403) retry 3
2026-09-29 03:09:55,868 | INFO | 🌐 Session warmed
2026-09-29 03:09:57,706 | INFO |    ↳ Status 403
2026-09-29 03:09:57,706 | WARNING |    ⚠ Blocked (403) retry 2
2026-09-29 03:09:57,778 | INFO | 🌐 Session warmed
2026-09-29 03:09:58,318 | INFO |    ↳ Status 403
2026-09-29 03:09:58,318 | WARNING |    ⚠ Blocked (403) retry 3
2026-09-29 03:09:58,387 | INFO | 🌐 Session warmed
2026-09-29 03:09:58,396 | INFO |    ↳ Status 403
2026-09-29 03:09:58,396 | WARNING |    ⚠ Blocked (403) retry 3
2026-09-29 03:09:58,472 | INFO | 🌐 Session warmed
2026-09-29 03:09:59,868 | INFO | [1823/1901] Fetching Varadiyam (VRYM)
2026-09-29 03:10:01,056 | INFO |    ↳ Status 403
2026-09-29 03:10:01,056 | WARNING |    ⚠ Blocked (403) retry 3
2026-09-29 03:10:01,073 | INFO |    ↳ Status 403
2026-09-29 03:10:01,073 | WARNING |    ⚠ Blocked (403) retry 1
2026-09-29 03:10:01,127 | INFO | 🌐 Session warmed
2026-09-29 03:10:01,164 | INFO | 🌐 Session warmed
2026-09-29 03:10:02,387 | INFO | [1824/1901] Fetching Varanasi (VAR)
2026-09-29 03:10:02,473 | INFO | [1825/1901] Fetching Varkala (VKAL)
2026-09-29 03:10:03,096 | INFO |    ↳ Status 403
2026-09-29 03:10:03,096 | WARNING |    ⚠ Blocked (403) retry 2
2026-09-29 03:10:03,170 | INFO | 🌐 Session warmed
2026-09-29 03:10:03,227 | INFO |    ↳ Status 403
2026-09-29 03:10:03,227 | WARNING |    ⚠ Blocked (403) retry 1
2026-09-29 03:10:03,299 | INFO | 🌐 Session warmed
2026-09-29 03:10:03,566 | INFO |    ↳ Status 403
2026-09-29 03:10:03,566 | WARNING |    ⚠ Blocked (403) retry 1
2026-09-29 03:10:03,644 | INFO | 🌐 Session warmed
2026-09-29 03:10:05,127 | INFO | [1826/1901] Fetching Vasind (VASI)
2026-09-29 03:10:05,679 | INFO |    ↳ Status 403
2026-09-29 03:10:05,679 | WARNING |    ⚠ Blocked (403) retry 2
2026-09-29 03:10:05,750 | INFO | 🌐 Session warmed
2026-09-29 03:10:05,757 | INFO |    ↳ Status 403
2026-09-29 03:10:05,757 | WARNING |    ⚠ Blocked (403) retry 2
2026-09-29 03:10:05,766 | INFO |    ↳ Status 403
2026-09-29 03:10:05,766 | WARNING |    ⚠ Blocked (403) retry 1
2026-09-29 03:10:05,837 | INFO | 🌐 Session warmed
2026-09-29 03:10:05,852 | INFO | 🌐 Session warmed
2026-09-29 03:10:06,302 | INFO |    ↳ Status 403
2026-09-29 03:10:06,302 | WARNING |    ⚠ Blocked (403) retry 3
2026-09-29 03:10:06,382 | INFO | 🌐 Session warmed
2026-09-29 03:10:07,629 | INFO |    ↳ Status 403
2026-09-29 03:10:07,629 | WARNING |    ⚠ Blocked (403) retry 2
2026-09-29 03:10:07,704 | INFO | 🌐 Session warmed
2026-09-29 03:10:08,865 | INFO |    ↳ Status 403
2026-09-29 03:10:08,865 | WARNING |    ⚠ Blocked (403) retry 3
2026-09-29 03:10:08,934 | INFO |    ↳ Status 403
2026-09-29 03:10:08,934 | WARNING |    ⚠ Blocked (403) retry 3
2026-09-29 03:10:08,940 | INFO | 🌐 Session warmed
2026-09-29 03:10:09,009 | INFO | 🌐 Session warmed
2026-09-29 03:10:10,382 | INFO | [1827/1901] Fetching Vatsavai (VAST)
2026-09-29 03:10:10,395 | INFO |    ↳ Status 403
2026-09-29 03:10:10,395 | WARNING |    ⚠ Blocked (403) retry 3
2026-09-29 03:10:10,462 | INFO | 🌐 Session warmed
2026-09-29 03:10:11,603 | INFO |    ↳ Status 403
2026-09-29 03:10:11,603 | WARNING |    ⚠ Blocked (403) retry 1
2026-09-29 03:10:11,673 | INFO | 🌐 Session warmed
2026-09-29 03:10:12,940 | INFO | [1828/1901] Fetching Vazhapadi (VAZH)
2026-09-29 03:10:13,009 | INFO | [1829/1901] Fetching Vedasandur (VEDA)
2026-09-29 03:10:13,623 | INFO |    ↳ Status 403
2026-09-29 03:10:13,623 | WARNING |    ⚠ Blocked (403) retry 1
2026-09-29 03:10:13,667 | INFO |    ↳ Status 403
2026-09-29 03:10:13,667 | WARNING |    ⚠ Blocked (403) retry 1
2026-09-29 03:10:13,696 | INFO | 🌐 Session warmed
2026-09-29 03:10:13,741 | INFO | 🌐 Session warmed
2026-09-29 03:10:13,935 | INFO |    ↳ Status 403
2026-09-29 03:10:13,935 | WARNING |    ⚠ Blocked (403) retry 2
2026-09-29 03:10:14,007 | INFO | 🌐 Session warmed
2026-09-29 03:10:14,462 | INFO | [1830/1901] Fetching Veeraghattam (VEER)
2026-09-29 03:10:15,458 | INFO |    ↳ Status 403
2026-09-29 03:10:15,458 | WARNING |    ⚠ Blocked (403) retry 2
2026-09-29 03:10:15,529 | INFO | 🌐 Session warmed
2026-09-29 03:10:15,593 | INFO |    ↳ Status 403
2026-09-29 03:10:15,593 | WARNING |    ⚠ Blocked (403) retry 2
2026-09-29 03:10:15,672 | INFO | 🌐 Session warmed
2026-09-29 03:10:15,836 | INFO |    ↳ Status 403
2026-09-29 03:10:15,836 | WARNING |    ⚠ Blocked (403) retry 1
2026-09-29 03:10:15,914 | INFO | 🌐 Session warmed
2026-09-29 03:10:17,354 | INFO |    ↳ Status 403
2026-09-29 03:10:17,354 | WARNING |    ⚠ Blocked (403) retry 3
2026-09-29 03:10:17,423 | INFO | 🌐 Session warmed
2026-09-29 03:10:18,317 | INFO |    ↳ Status 403
2026-09-29 03:10:18,317 | WARNING |    ⚠ Blocked (403) retry 2
2026-09-29 03:10:18,391 | INFO | 🌐 Session warmed
2026-09-29 03:10:18,441 | INFO |    ↳ Status 403
2026-09-29 03:10:18,441 | WARNING |    ⚠ Blocked (403) retry 3
2026-09-29 03:10:18,512 | INFO | 🌐 Session warmed
2026-09-29 03:10:18,621 | INFO |    ↳ Status 403
2026-09-29 03:10:18,621 | WARNING |    ⚠ Blocked (403) retry 3
2026-09-29 03:10:18,690 | INFO | 🌐 Session warmed
2026-09-29 03:10:21,274 | INFO |    ↳ Status 403
2026-09-29 03:10:21,274 | WARNING |    ⚠ Blocked (403) retry 3
2026-09-29 03:10:21,340 | INFO | 🌐 Session warmed
2026-09-29 03:10:21,424 | INFO | [1831/1901] Fetching Velangi (VELG)
2026-09-29 03:10:22,513 | INFO | [1832/1901] Fetching Velanja (VELA)
2026-09-29 03:10:22,691 | INFO | [1833/1901] Fetching Velanthavalam (VELM)
2026-09-29 03:10:22,811 | INFO |    ↳ Status 403
2026-09-29 03:10:22,811 | WARNING |    ⚠ Blocked (403) retry 1
2026-09-29 03:10:22,979 | INFO | 🌐 Session warmed
2026-09-29 03:10:23,445 | INFO |    ↳ Status 403
2026-09-29 03:10:23,445 | WARNING |    ⚠ Blocked (403) retry 1
2026-09-29 03:10:23,511 | INFO | 🌐 Session warmed
2026-09-29 03:10:23,602 | INFO |    ↳ Status 403
2026-09-29 03:10:23,602 | WARNING |    ⚠ Blocked (403) retry 1
2026-09-29 03:10:23,674 | INFO | 🌐 Session warmed
2026-09-29 03:10:24,704 | INFO |    ↳ Status 403
2026-09-29 03:10:24,704 | WARNING |    ⚠ Blocked (403) retry 2
2026-09-29 03:10:24,847 | INFO | 🌐 Session warmed
2026-09-29 03:10:25,340 | INFO | [1834/1901] Fetching Vellakoil (VELI)
2026-09-29 03:10:25,629 | INFO |    ↳ Status 403
2026-09-29 03:10:25,629 | WARNING |    ⚠ Blocked (403) retry 2
2026-09-29 03:10:25,698 | INFO | 🌐 Session warmed
2026-09-29 03:10:25,934 | INFO |    ↳ Status 403
2026-09-29 03:10:25,934 | WARNING |    ⚠ Blocked (403) retry 2
2026-09-29 03:10:26,007 | INFO | 🌐 Session warmed
2026-09-29 03:10:26,323 | INFO |    ↳ Status 403
2026-09-29 03:10:26,323 | WARNING |    ⚠ Blocked (403) retry 1
2026-09-29 03:10:26,391 | INFO | 🌐 Session warmed
2026-09-29 03:10:28,053 | INFO |    ↳ Status 403
2026-09-29 03:10:28,053 | WARNING |    ⚠ Blocked (403) retry 3
2026-09-29 03:10:28,122 | INFO | 🌐 Session warmed
2026-09-29 03:10:28,613 | INFO |    ↳ Status 403
2026-09-29 03:10:28,613 | WARNING |    ⚠ Blocked (403) retry 2
2026-09-29 03:10:28,653 | INFO |    ↳ Status 403
2026-09-29 03:10:28,654 | WARNING |    ⚠ Blocked (403) retry 3
2026-09-29 03:10:28,686 | INFO | 🌐 Session warmed
2026-09-29 03:10:28,729 | INFO | 🌐 Session warmed
2026-09-29 03:10:29,090 | INFO |    ↳ Status 403
2026-09-29 03:10:29,090 | WARNING |    ⚠ Blocked (403) retry 3
2026-09-29 03:10:29,161 | INFO | 🌐 Session warmed
2026-09-29 03:10:31,499 | INFO |    ↳ Status 403
2026-09-29 03:10:31,499 | WARNING |    ⚠ Blocked (403) retry 3
2026-09-29 03:10:31,580 | INFO | 🌐 Session warmed
2026-09-29 03:10:32,122 | INFO | [1835/1901] Fetching Vellampalli (VMPL)
2026-09-29 03:10:32,729 | INFO | [1836/1901] Fetching Vellore (VELL)
2026-09-29 03:10:32,956 | INFO |    ↳ Status 403
2026-09-29 03:10:32,957 | WARNING |    ⚠ Blocked (403) retry 1
2026-09-29 03:10:33,034 | INFO | 🌐 Session warmed
2026-09-29 03:10:33,161 | INFO | [1837/1901] Fetching Velugodu (VLGD)
2026-09-29 03:10:33,544 | INFO |    ↳ Status 403
2026-09-29 03:10:33,544 | WARNING |    ⚠ Blocked (403) retry 1
2026-09-29 03:10:33,622 | INFO | 🌐 Session warmed
2026-09-29 03:10:34,203 | INFO |    ↳ Status 403
2026-09-29 03:10:34,203 | WARNING |    ⚠ Blocked (403) retry 1
2026-09-29 03:10:34,285 | INFO | 🌐 Session warmed
2026-09-29 03:10:35,339 | INFO |    ↳ Status 403
2026-09-29 03:10:35,340 | WARNING |    ⚠ Blocked (403) retry 2
2026-09-29 03:10:35,412 | INFO | 🌐 Session warmed
2026-09-29 03:10:35,581 | INFO | [1838/1901] Fetching Vempalli (VAIM)
2026-09-29 03:10:35,638 | INFO |    ↳ Status 403
2026-09-29 03:10:35,638 | WARNING |    ⚠ Blocked (403) retry 2
2026-09-29 03:10:35,706 | INFO | 🌐 Session warmed
2026-09-29 03:10:36,227 | INFO |    ↳ Status 403
2026-09-29 03:10:36,227 | WARNING |    ⚠ Blocked (403) retry 1
2026-09-29 03:10:36,302 | INFO | 🌐 Session warmed
2026-09-29 03:10:36,499 | INFO |    ↳ Status 403
2026-09-29 03:10:36,499 | WARNING |    ⚠ Blocked (403) retry 2
2026-09-29 03:10:36,569 | INFO | 🌐 Session warmed
2026-09-29 03:10:37,952 | INFO |    ↳ Status 403
2026-09-29 03:10:37,953 | WARNING |    ⚠ Blocked (403) retry 2
2026-09-29 03:10:38,024 | INFO | 🌐 Session warmed
2026-09-29 03:10:38,657 | INFO |    ↳ Status 403
2026-09-29 03:10:38,657 | WARNING |    ⚠ Blocked (403) retry 3
2026-09-29 03:10:38,728 | INFO | 🌐 Session warmed
2026-09-29 03:10:38,972 | INFO |    ↳ Status 403
2026-09-29 03:10:38,972 | WARNING |    ⚠ Blocked (403) retry 3
2026-09-29 03:10:39,039 | INFO | 🌐 Session warmed
2026-09-29 03:10:39,315 | INFO |    ↳ Status 403
2026-09-29 03:10:39,315 | WARNING |    ⚠ Blocked (403) retry 3
2026-09-29 03:10:39,389 | INFO | 🌐 Session warmed
2026-09-29 03:10:41,185 | INFO |    ↳ Status 403
2026-09-29 03:10:41,185 | WARNING |    ⚠ Blocked (403) retry 3
2026-09-29 03:10:41,264 | INFO | 🌐 Session warmed
2026-09-29 03:10:42,728 | INFO | [1839/1901] Fetching Vemulawada (VERU)
2026-09-29 03:10:43,039 | INFO | [1840/1901] Fetching Vengurla (VENG)
2026-09-29 03:10:43,389 | INFO | [1841/1901] Fetching Venkatapuram (VNKT)
2026-09-29 03:10:43,896 | INFO |    ↳ Status 403
2026-09-29 03:10:43,896 | WARNING |    ⚠ Blocked (403) retry 1
2026-09-29 03:10:43,970 | INFO | 🌐 Session warmed
2026-09-29 03:10:44,316 | INFO |    ↳ Status 403
2026-09-29 03:10:44,316 | WARNING |    ⚠ Blocked (403) retry 1
2026-09-29 03:10:44,390 | INFO | 🌐 Session warmed
2026-09-29 03:10:44,509 | INFO |    ↳ Status 403
2026-09-29 03:10:44,509 | WARNING |    ⚠ Blocked (403) retry 1
2026-09-29 03:10:44,585 | INFO | 🌐 Session warmed
2026-09-29 03:10:45,265 | INFO | [1842/1901] Fetching Veraval (VRAL)
2026-09-29 03:10:45,957 | INFO |    ↳ Status 403
2026-09-29 03:10:45,957 | WARNING |    ⚠ Blocked (403) retry 1
2026-09-29 03:10:46,026 | INFO | 🌐 Session warmed
2026-09-29 03:10:46,234 | INFO |    ↳ Status 403
2026-09-29 03:10:46,234 | WARNING |    ⚠ Blocked (403) retry 2
2026-09-29 03:10:46,313 | INFO | 🌐 Session warmed
2026-09-29 03:10:46,363 | INFO |    ↳ Status 403
2026-09-29 03:10:46,363 | WARNING |    ⚠ Blocked (403) retry 2
2026-09-29 03:10:46,428 | INFO | 🌐 Session warmed
2026-09-29 03:10:46,488 | INFO |    ↳ Status 403
2026-09-29 03:10:46,488 | WARNING |    ⚠ Blocked (403) retry 2
2026-09-29 03:10:46,555 | INFO | 🌐 Session warmed
2026-09-29 03:10:48,363 | INFO |    ↳ Status 403
2026-09-29 03:10:48,363 | WARNING |    ⚠ Blocked (403) retry 2
2026-09-29 03:10:48,434 | INFO | 🌐 Session warmed
2026-09-29 03:10:49,230 | INFO |    ↳ Status 403
2026-09-29 03:10:49,230 | WARNING |    ⚠ Blocked (403) retry 3
2026-09-29 03:10:49,307 | INFO | 🌐 Session warmed
2026-09-29 03:10:49,386 | INFO |    ↳ Status 403
2026-09-29 03:10:49,386 | WARNING |    ⚠ Blocked (403) retry 3
2026-09-29 03:10:49,461 | INFO | 🌐 Session warmed
2026-09-29 03:10:49,646 | INFO |    ↳ Status 403
2026-09-29 03:10:49,646 | WARNING |    ⚠ Blocked (403) retry 3
2026-09-29 03:10:49,722 | INFO | 🌐 Session warmed
2026-09-29 03:10:51,082 | INFO |    ↳ Status 403
2026-09-29 03:10:51,082 | WARNING |    ⚠ Blocked (403) retry 3
2026-09-29 03:10:51,156 | INFO | 🌐 Session warmed
2026-09-29 03:10:53,308 | INFO | [1843/1901] Fetching Vetapalem (VLEM)
2026-09-29 03:10:53,462 | INFO | [1844/1901] Fetching Vettaikaranpudur (VETA)
2026-09-29 03:10:53,722 | INFO | [1845/1901] Fetching Vettavalam (VETT)
2026-09-29 03:10:54,449 | INFO |    ↳ Status 403
2026-09-29 03:10:54,450 | WARNING |    ⚠ Blocked (403) retry 1
2026-09-29 03:10:54,466 | INFO |    ↳ Status 403
2026-09-29 03:10:54,467 | WARNING |    ⚠ Blocked (403) retry 1
2026-09-29 03:10:54,524 | INFO | 🌐 Session warmed
2026-09-29 03:10:54,541 | INFO | 🌐 Session warmed
2026-09-29 03:10:55,028 | INFO |    ↳ Status 403
2026-09-29 03:10:55,028 | WARNING |    ⚠ Blocked (403) retry 1
2026-09-29 03:10:55,101 | INFO | 🌐 Session warmed
2026-09-29 03:10:55,156 | INFO | [1846/1901] Fetching Vidisha (VIDI)
2026-09-29 03:10:56,245 | INFO |    ↳ Status 403
2026-09-29 03:10:56,245 | WARNING |    ⚠ Blocked (403) retry 2
2026-09-29 03:10:56,343 | INFO |    ↳ Status 403
2026-09-29 03:10:56,343 | WARNING |    ⚠ Blocked (403) retry 2
2026-09-29 03:10:56,401 | INFO | 🌐 Session warmed
2026-09-29 03:10:56,411 | INFO | 🌐 Session warmed
2026-09-29 03:10:56,460 | INFO |    ↳ Status 403
2026-09-29 03:10:56,460 | WARNING |    ⚠ Blocked (403) retry 1
2026-09-29 03:10:56,529 | INFO | 🌐 Session warmed
2026-09-29 03:10:56,984 | INFO |    ↳ Status 403
2026-09-29 03:10:56,985 | WARNING |    ⚠ Blocked (403) retry 2
2026-09-29 03:10:57,054 | INFO | 🌐 Session warmed
2026-09-29 03:10:58,710 | INFO |    ↳ Status 403
2026-09-29 03:10:58,710 | WARNING |    ⚠ Blocked (403) retry 2
2026-09-29 03:10:58,791 | INFO | 🌐 Session warmed
2026-09-29 03:10:59,309 | INFO |    ↳ Status 403
2026-09-29 03:10:59,309 | WARNING |    ⚠ Blocked (403) retry 3
2026-09-29 03:10:59,378 | INFO | 🌐 Session warmed
2026-09-29 03:10:59,707 | INFO |    ↳ Status 403
2026-09-29 03:10:59,707 | WARNING |    ⚠ Blocked (403) retry 3
2026-09-29 03:10:59,776 | INFO | 🌐 Session warmed
2026-09-29 03:10:59,841 | INFO |    ↳ Status 403
2026-09-29 03:10:59,841 | WARNING |    ⚠ Blocked (403) retry 3
2026-09-29 03:10:59,912 | INFO | 🌐 Session warmed
2026-09-29 03:11:02,091 | INFO |    ↳ Status 403
2026-09-29 03:11:02,091 | WARNING |    ⚠ Blocked (403) retry 3
2026-09-29 03:11:02,170 | INFO | 🌐 Session warmed
2026-09-29 03:11:03,378 | INFO | [1847/1901] Fetching Vijapur (VIUR)
2026-09-29 03:11:03,776 | INFO | [1848/1901] Fetching Vijayapura (Bengaluru Rural) (VIJP)
2026-09-29 03:11:03,912 | INFO | [1849/1901] Fetching Vijayapura (Bijapur) (VJPR)
2026-09-29 03:11:04,153 | INFO |    ↳ Status 403
2026-09-29 03:11:04,153 | WARNING |    ⚠ Blocked (403) retry 1
2026-09-29 03:11:04,220 | INFO | 🌐 Session warmed
2026-09-29 03:11:05,024 | INFO |    ↳ Status 403
2026-09-29 03:11:05,025 | WARNING |    ⚠ Blocked (403) retry 1
2026-09-29 03:11:05,120 | INFO | 🌐 Session warmed
2026-09-29 03:11:05,315 | INFO |    ↳ Status 403
2026-09-29 03:11:05,315 | WARNING |    ⚠ Blocked (403) retry 1
2026-09-29 03:11:05,384 | INFO | 🌐 Session warmed
2026-09-29 03:11:06,074 | INFO |    ↳ Status 403
2026-09-29 03:11:06,074 | WARNING |    ⚠ Blocked (403) retry 2
2026-09-29 03:11:06,148 | INFO | 🌐 Session warmed
2026-09-29 03:11:06,171 | INFO | [1850/1901] Fetching Vijayarai (VRAI)
2026-09-29 03:11:06,829 | INFO |    ↳ Status 403
2026-09-29 03:11:06,829 | WARNING |    ⚠ Blocked (403) retry 1
2026-09-29 03:11:06,904 | INFO | 🌐 Session warmed
2026-09-29 03:11:07,076 | INFO |    ↳ Status 403
2026-09-29 03:11:07,076 | WARNING |    ⚠ Blocked (403) retry 2
2026-09-29 03:11:07,149 | INFO | 🌐 Session warmed
2026-09-29 03:11:07,602 | INFO |    ↳ Status 403
2026-09-29 03:11:07,603 | WARNING |    ⚠ Blocked (403) retry 2
2026-09-29 03:11:07,677 | INFO | 🌐 Session warmed
2026-09-29 03:11:08,767 | INFO |    ↳ Status 403
2026-09-29 03:11:08,767 | WARNING |    ⚠ Blocked (403) retry 3
2026-09-29 03:11:08,787 | INFO |    ↳ Status 403
2026-09-29 03:11:08,787 | WARNING |    ⚠ Blocked (403) retry 2
2026-09-29 03:11:08,840 | INFO | 🌐 Session warmed
2026-09-29 03:11:08,868 | INFO | 🌐 Session warmed
2026-09-29 03:11:10,374 | INFO |    ↳ Status 403
2026-09-29 03:11:10,374 | WARNING |    ⚠ Blocked (403) retry 3
2026-09-29 03:11:10,445 | INFO | 🌐 Session warmed
2026-09-29 03:11:10,715 | INFO |    ↳ Status 403
2026-09-29 03:11:10,715 | WARNING |    ⚠ Blocked (403) retry 3
2026-09-29 03:11:10,789 | INFO | 🌐 Session warmed
2026-09-29 03:11:11,545 | INFO |    ↳ Status 403
2026-09-29 03:11:11,545 | WARNING |    ⚠ Blocked (403) retry 3
2026-09-29 03:11:11,613 | INFO | 🌐 Session warmed
2026-09-29 03:11:12,840 | INFO | [1851/1901] Fetching Vijayawada (VIJA)
2026-09-29 03:11:13,587 | INFO |    ↳ Status 403
2026-09-29 03:11:13,588 | WARNING |    ⚠ Blocked (403) retry 1
2026-09-29 03:11:13,658 | INFO | 🌐 Session warmed
2026-09-29 03:11:14,445 | INFO | [1852/1901] Fetching Vikarabad (VKBD)
2026-09-29 03:11:14,789 | INFO | [1853/1901] Fetching Vikasnagar (VKNG)
2026-09-29 03:11:15,613 | INFO | [1854/1901] Fetching Vikravandi (VIVI)
2026-09-29 03:11:15,634 | INFO |    ↳ Status 403
2026-09-29 03:11:15,634 | WARNING |    ⚠ Blocked (403) retry 1
2026-09-29 03:11:15,680 | INFO |    ↳ Status 403
2026-09-29 03:11:15,680 | WARNING |    ⚠ Blocked (403) retry 2
2026-09-29 03:11:15,705 | INFO | 🌐 Session warmed
2026-09-29 03:11:15,759 | INFO | 🌐 Session warmed
2026-09-29 03:11:15,760 | INFO |    ↳ Status 403
2026-09-29 03:11:15,760 | WARNING |    ⚠ Blocked (403) retry 1
2026-09-29 03:11:15,835 | INFO | 🌐 Session warmed
2026-09-29 03:11:16,516 | INFO |    ↳ Status 403
2026-09-29 03:11:16,516 | WARNING |    ⚠ Blocked (403) retry 1
2026-09-29 03:11:16,587 | INFO | 🌐 Session warmed
2026-09-29 03:11:17,922 | INFO |    ↳ Status 403
2026-09-29 03:11:17,922 | WARNING |    ⚠ Blocked (403) retry 2
2026-09-29 03:11:17,930 | INFO |    ↳ Status 403
2026-09-29 03:11:17,930 | WARNING |    ⚠ Blocked (403) retry 2
2026-09-29 03:11:17,994 | INFO | 🌐 Session warmed
2026-09-29 03:11:18,005 | INFO | 🌐 Session warmed
2026-09-29 03:11:18,219 | INFO |    ↳ Status 403
2026-09-29 03:11:18,219 | WARNING |    ⚠ Blocked (403) retry 2
2026-09-29 03:11:18,287 | INFO | 🌐 Session warmed
2026-09-29 03:11:18,736 | INFO |    ↳ Status 403
2026-09-29 03:11:18,736 | WARNING |    ⚠ Blocked (403) retry 3
2026-09-29 03:11:18,840 | INFO | 🌐 Session warmed
2026-09-29 03:11:20,636 | INFO |    ↳ Status 403
2026-09-29 03:11:20,636 | WARNING |    ⚠ Blocked (403) retry 3
2026-09-29 03:11:20,706 | INFO | 🌐 Session warmed
2026-09-29 03:11:21,213 | INFO |    ↳ Status 403
2026-09-29 03:11:21,213 | WARNING |    ⚠ Blocked (403) retry 3
2026-09-29 03:11:21,292 | INFO | 🌐 Session warmed
2026-09-29 03:11:21,544 | INFO |    ↳ Status 403
2026-09-29 03:11:21,544 | WARNING |    ⚠ Blocked (403) retry 3
2026-09-29 03:11:21,613 | INFO | 🌐 Session warmed
2026-09-29 03:11:22,840 | INFO | [1855/1901] Fetching Villupuram (VILL)
2026-09-29 03:11:23,904 | INFO |    ↳ Status 403
2026-09-29 03:11:23,904 | WARNING |    ⚠ Blocked (403) retry 1
2026-09-29 03:11:24,007 | INFO | 🌐 Session warmed
2026-09-29 03:11:24,707 | INFO | [1856/1901] Fetching Vinukonda (VNKD)
2026-09-29 03:11:25,292 | INFO | [1857/1901] Fetching Viralimalai (VIRA)
2026-09-29 03:11:25,613 | INFO | [1858/1901] Fetching Virudhachalam (VIDM)
2026-09-29 03:11:25,728 | INFO |    ↳ Status 403
2026-09-29 03:11:25,728 | WARNING |    ⚠ Blocked (403) retry 1
2026-09-29 03:11:25,796 | INFO | 🌐 Session warmed
2026-09-29 03:11:26,183 | INFO |    ↳ Status 403
2026-09-29 03:11:26,184 | WARNING |    ⚠ Blocked (403) retry 2
2026-09-29 03:11:26,215 | INFO |    ↳ Status 403
2026-09-29 03:11:26,215 | WARNING |    ⚠ Blocked (403) retry 1
2026-09-29 03:11:26,263 | INFO | 🌐 Session warmed
2026-09-29 03:11:26,291 | INFO | 🌐 Session warmed
2026-09-29 03:11:26,319 | INFO |    ↳ Status 403
2026-09-29 03:11:26,319 | WARNING |    ⚠ Blocked (403) retry 1
2026-09-29 03:11:26,400 | INFO | 🌐 Session warmed
2026-09-29 03:11:27,858 | INFO |    ↳ Status 403
2026-09-29 03:11:27,858 | WARNING |    ⚠ Blocked (403) retry 2
2026-09-29 03:11:27,925 | INFO | 🌐 Session warmed
2026-09-29 03:11:28,599 | INFO |    ↳ Status 403
2026-09-29 03:11:28,600 | WARNING |    ⚠ Blocked (403) retry 2
2026-09-29 03:11:28,683 | INFO | 🌐 Session warmed
2026-09-29 03:11:28,693 | INFO |    ↳ Status 403
2026-09-29 03:11:28,693 | WARNING |    ⚠ Blocked (403) retry 2
2026-09-29 03:11:28,763 | INFO | 🌐 Session warmed
2026-09-29 03:11:29,376 | INFO |    ↳ Status 403
2026-09-29 03:11:29,376 | WARNING |    ⚠ Blocked (403) retry 3
2026-09-29 03:11:29,447 | INFO | 🌐 Session warmed
2026-09-29 03:11:31,042 | INFO |    ↳ Status 403
2026-09-29 03:11:31,042 | WARNING |    ⚠ Blocked (403) retry 3
2026-09-29 03:11:31,113 | INFO | 🌐 Session warmed
2026-09-29 03:11:31,574 | INFO |    ↳ Status 403
2026-09-29 03:11:31,574 | WARNING |    ⚠ Blocked (403) retry 3
2026-09-29 03:11:31,645 | INFO | 🌐 Session warmed
2026-09-29 03:11:31,796 | INFO |    ↳ Status 403
2026-09-29 03:11:31,796 | WARNING |    ⚠ Blocked (403) retry 3
2026-09-29 03:11:31,866 | INFO | 🌐 Session warmed
2026-09-29 03:11:33,448 | INFO | [1859/1901] Fetching Virudhunagar (VIRU)
2026-09-29 03:11:34,119 | INFO |    ↳ Status 403
2026-09-29 03:11:34,120 | WARNING |    ⚠ Blocked (403) retry 1
2026-09-29 03:11:34,202 | INFO | 🌐 Session warmed
2026-09-29 03:11:35,113 | INFO | [1860/1901] Fetching Visnagar (VISN)
2026-09-29 03:11:35,645 | INFO | [1861/1901] Fetching Vissannapeta (VSNP)
2026-09-29 03:11:35,867 | INFO | [1862/1901] Fetching Vita (VITA)
2026-09-29 03:11:36,006 | INFO |    ↳ Status 403
2026-09-29 03:11:36,006 | WARNING |    ⚠ Blocked (403) retry 2
2026-09-29 03:11:36,076 | INFO | 🌐 Session warmed
2026-09-29 03:11:36,079 | INFO |    ↳ Status 403
2026-09-29 03:11:36,079 | WARNING |    ⚠ Blocked (403) retry 1
2026-09-29 03:11:36,151 | INFO | 🌐 Session warmed
2026-09-29 03:11:36,992 | INFO |    ↳ Status 403
2026-09-29 03:11:36,992 | WARNING |    ⚠ Blocked (403) retry 1
2026-09-29 03:11:37,061 | INFO | 🌐 Session warmed
2026-09-29 03:11:37,268 | INFO |    ↳ Status 403
2026-09-29 03:11:37,268 | WARNING |    ⚠ Blocked (403) retry 1
2026-09-29 03:11:37,347 | INFO | 🌐 Session warmed
2026-09-29 03:11:38,089 | INFO |    ↳ Status 403
2026-09-29 03:11:38,089 | WARNING |    ⚠ Blocked (403) retry 2
2026-09-29 03:11:38,164 | INFO | 🌐 Session warmed
2026-09-29 03:11:39,038 | INFO |    ↳ Status 403
2026-09-29 03:11:39,038 | WARNING |    ⚠ Blocked (403) retry 2
2026-09-29 03:11:39,104 | INFO | 🌐 Session warmed
2026-09-29 03:11:39,165 | INFO |    ↳ Status 403
2026-09-29 03:11:39,165 | WARNING |    ⚠ Blocked (403) retry 2
2026-09-29 03:11:39,254 | INFO | 🌐 Session warmed
2026-09-29 03:11:39,409 | INFO |    ↳ Status 403
2026-09-29 03:11:39,409 | WARNING |    ⚠ Blocked (403) retry 3
2026-09-29 03:11:39,479 | INFO | 🌐 Session warmed
2026-09-29 03:11:41,046 | INFO |    ↳ Status 403
2026-09-29 03:11:41,046 | WARNING |    ⚠ Blocked (403) retry 3
2026-09-29 03:11:41,122 | INFO | 🌐 Session warmed
2026-09-29 03:11:42,284 | INFO |    ↳ Status 403
2026-09-29 03:11:42,284 | WARNING |    ⚠ Blocked (403) retry 3
2026-09-29 03:11:42,357 | INFO | 🌐 Session warmed
2026-09-29 03:11:42,382 | INFO |    ↳ Status 403
2026-09-29 03:11:42,382 | WARNING |    ⚠ Blocked (403) retry 3
2026-09-29 03:11:42,453 | INFO | 🌐 Session warmed
2026-09-29 03:11:43,480 | INFO | [1863/1901] Fetching Vithlapur (VTHC)
2026-09-29 03:11:44,244 | INFO |    ↳ Status 403
2026-09-29 03:11:44,244 | WARNING |    ⚠ Blocked (403) retry 1
2026-09-29 03:11:44,385 | INFO | 🌐 Session warmed
2026-09-29 03:11:45,122 | INFO | [1864/1901] Fetching Vizag (Visakhapatnam) (VIZA)
2026-09-29 03:11:46,086 | INFO |    ↳ Status 403
2026-09-29 03:11:46,086 | WARNING |    ⚠ Blocked (403) retry 2
2026-09-29 03:11:46,156 | INFO | 🌐 Session warmed
2026-09-29 03:11:46,358 | INFO | [1865/1901] Fetching Vizianagaram (VIZI)
2026-09-29 03:11:46,442 | INFO |    ↳ Status 403
2026-09-29 03:11:46,442 | WARNING |    ⚠ Blocked (403) retry 1
2026-09-29 03:11:46,453 | INFO | [1866/1901] Fetching Vrindavan (VRIN)
2026-09-29 03:11:46,522 | INFO | 🌐 Session warmed
2026-09-29 03:11:47,499 | INFO |    ↳ Status 403
2026-09-29 03:11:47,499 | WARNING |    ⚠ Blocked (403) retry 1
2026-09-29 03:11:47,582 | INFO | 🌐 Session warmed
2026-09-29 03:11:47,739 | INFO |    ↳ Status 403
2026-09-29 03:11:47,739 | WARNING |    ⚠ Blocked (403) retry 1
2026-09-29 03:11:47,807 | INFO | 🌐 Session warmed
2026-09-29 03:11:48,833 | INFO |    ↳ Status 403
2026-09-29 03:11:48,833 | WARNING |    ⚠ Blocked (403) retry 3
2026-09-29 03:11:48,860 | INFO |    ↳ Status 403
2026-09-29 03:11:48,860 | WARNING |    ⚠ Blocked (403) retry 2
2026-09-29 03:11:48,908 | INFO | 🌐 Session warmed
2026-09-29 03:11:48,936 | INFO | 🌐 Session warmed
2026-09-29 03:11:49,492 | INFO |    ↳ Status 403
2026-09-29 03:11:49,492 | WARNING |    ⚠ Blocked (403) retry 2
2026-09-29 03:11:49,567 | INFO | 🌐 Session warmed
2026-09-29 03:11:50,059 | INFO |    ↳ Status 403
2026-09-29 03:11:50,059 | WARNING |    ⚠ Blocked (403) retry 2
2026-09-29 03:11:50,133 | INFO | 🌐 Session warmed
2026-09-29 03:11:51,823 | INFO |    ↳ Status 403
2026-09-29 03:11:51,823 | WARNING |    ⚠ Blocked (403) retry 3
2026-09-29 03:11:51,896 | INFO | 🌐 Session warmed
2026-09-29 03:11:52,720 | INFO |    ↳ Status 403
2026-09-29 03:11:52,721 | WARNING |    ⚠ Blocked (403) retry 3
2026-09-29 03:11:52,787 | INFO |    ↳ Status 403
2026-09-29 03:11:52,787 | WARNING |    ⚠ Blocked (403) retry 3
2026-09-29 03:11:52,793 | INFO | 🌐 Session warmed
2026-09-29 03:11:52,854 | INFO | 🌐 Session warmed
2026-09-29 03:11:52,908 | INFO | [1867/1901] Fetching Vuyyuru (VYUR)
2026-09-29 03:11:53,573 | INFO |    ↳ Status 403
2026-09-29 03:11:53,573 | WARNING |    ⚠ Blocked (403) retry 1
2026-09-29 03:11:53,644 | INFO | 🌐 Session warmed
2026-09-29 03:11:55,310 | INFO |    ↳ Status 403
2026-09-29 03:11:55,310 | WARNING |    ⚠ Blocked (403) retry 2
2026-09-29 03:11:55,381 | INFO | 🌐 Session warmed
2026-09-29 03:11:55,896 | INFO | [1868/1901] Fetching Vyara (VYAR)
2026-09-29 03:11:56,793 | INFO | [1869/1901] Fetching Wadakkancherry (WADA)
2026-09-29 03:11:56,854 | INFO | [1870/1901] Fetching Wai (WAIP)
2026-09-29 03:11:57,300 | INFO |    ↳ Status 403
2026-09-29 03:11:57,300 | WARNING |    ⚠ Blocked (403) retry 1
2026-09-29 03:11:57,386 | INFO | 🌐 Session warmed
2026-09-29 03:11:57,757 | INFO |    ↳ Status 403
2026-09-29 03:11:57,757 | WARNING |    ⚠ Blocked (403) retry 1
2026-09-29 03:11:57,827 | INFO | 🌐 Session warmed
2026-09-29 03:11:58,021 | INFO |    ↳ Status 403
2026-09-29 03:11:58,021 | WARNING |    ⚠ Blocked (403) retry 1
2026-09-29 03:11:58,096 | INFO | 🌐 Session warmed
2026-09-29 03:11:58,470 | INFO |    ↳ Status 403
2026-09-29 03:11:58,470 | WARNING |    ⚠ Blocked (403) retry 3
2026-09-29 03:11:58,535 | INFO | 🌐 Session warmed
2026-09-29 03:11:59,535 | INFO |    ↳ Status 403
2026-09-29 03:11:59,535 | WARNING |    ⚠ Blocked (403) retry 2
2026-09-29 03:11:59,608 | INFO | 🌐 Session warmed
2026-09-29 03:11:59,623 | INFO |    ↳ Status 403
2026-09-29 03:11:59,623 | WARNING |    ⚠ Blocked (403) retry 2
2026-09-29 03:11:59,692 | INFO | 🌐 Session warmed
2026-09-29 03:11:59,740 | INFO |    ↳ Status 403
2026-09-29 03:11:59,740 | WARNING |    ⚠ Blocked (403) retry 2
2026-09-29 03:11:59,828 | INFO | 🌐 Session warmed
2026-09-29 03:12:02,377 | INFO |    ↳ Status 403
2026-09-29 03:12:02,377 | WARNING |    ⚠ Blocked (403) retry 3
2026-09-29 03:12:02,444 | INFO | 🌐 Session warmed
2026-09-29 03:12:02,536 | INFO | [1871/1901] Fetching Waluj (WALU)
2026-09-29 03:12:02,687 | INFO |    ↳ Status 403
2026-09-29 03:12:02,687 | WARNING |    ⚠ Blocked (403) retry 3
2026-09-29 03:12:02,759 | INFO | 🌐 Session warmed
2026-09-29 03:12:03,064 | INFO |    ↳ Status 403
2026-09-29 03:12:03,064 | WARNING |    ⚠ Blocked (403) retry 3
2026-09-29 03:12:03,154 | INFO | 🌐 Session warmed
2026-09-29 03:12:03,630 | INFO |    ↳ Status 403
2026-09-29 03:12:03,630 | WARNING |    ⚠ Blocked (403) retry 1
2026-09-29 03:12:03,711 | INFO | 🌐 Session warmed
2026-09-29 03:12:05,507 | INFO |    ↳ Status 403
2026-09-29 03:12:05,507 | WARNING |    ⚠ Blocked (403) retry 2
2026-09-29 03:12:05,580 | INFO | 🌐 Session warmed
2026-09-29 03:12:06,444 | INFO | [1872/1901] Fetching Wanaparthy (WANA)
2026-09-29 03:12:06,760 | INFO | [1873/1901] Fetching Wani (WANI)
2026-09-29 03:12:07,155 | INFO | [1874/1901] Fetching Warangal (WAR)
2026-09-29 03:12:07,522 | INFO |    ↳ Status 403
2026-09-29 03:12:07,522 | WARNING |    ⚠ Blocked (403) retry 1
2026-09-29 03:12:07,611 | INFO | 🌐 Session warmed
2026-09-29 03:12:07,739 | INFO |    ↳ Status 403
2026-09-29 03:12:07,739 | WARNING |    ⚠ Blocked (403) retry 1
2026-09-29 03:12:07,812 | INFO | 🌐 Session warmed
2026-09-29 03:12:08,478 | INFO |    ↳ Status 403
2026-09-29 03:12:08,478 | WARNING |    ⚠ Blocked (403) retry 1
2026-09-29 03:12:08,487 | INFO |    ↳ Status 403
2026-09-29 03:12:08,487 | WARNING |    ⚠ Blocked (403) retry 3
2026-09-29 03:12:08,550 | INFO | 🌐 Session warmed
2026-09-29 03:12:08,560 | INFO | 🌐 Session warmed
2026-09-29 03:12:09,270 | INFO |    ↳ Status 403
2026-09-29 03:12:09,270 | WARNING |    ⚠ Blocked (403) retry 2
2026-09-29 03:12:09,338 | INFO | 🌐 Session warmed
2026-09-29 03:12:09,762 | INFO |    ↳ Status 403
2026-09-29 03:12:09,762 | WARNING |    ⚠ Blocked (403) retry 2
2026-09-29 03:12:09,841 | INFO | 🌐 Session warmed
2026-09-29 03:12:10,466 | INFO |    ↳ Status 403
2026-09-29 03:12:10,466 | WARNING |    ⚠ Blocked (403) retry 2
2026-09-29 03:12:10,553 | INFO | 🌐 Session warmed
2026-09-29 03:12:12,383 | INFO |    ↳ Status 403
2026-09-29 03:12:12,383 | WARNING |    ⚠ Blocked (403) retry 3
2026-09-29 03:12:12,453 | INFO | 🌐 Session warmed
2026-09-29 03:12:12,560 | INFO | [1875/1901] Fetching Wardha (WARD)
2026-09-29 03:12:13,250 | INFO |    ↳ Status 403
2026-09-29 03:12:13,250 | WARNING |    ⚠ Blocked (403) retry 3
2026-09-29 03:12:13,342 | INFO | 🌐 Session warmed
2026-09-29 03:12:13,353 | INFO |    ↳ Status 403
2026-09-29 03:12:13,353 | WARNING |    ⚠ Blocked (403) retry 3
2026-09-29 03:12:13,425 | INFO | 🌐 Session warmed
2026-09-29 03:12:13,758 | INFO |    ↳ Status 403
2026-09-29 03:12:13,758 | WARNING |    ⚠ Blocked (403) retry 1
2026-09-29 03:12:13,826 | INFO | 🌐 Session warmed
2026-09-29 03:12:16,107 | INFO |    ↳ Status 403
2026-09-29 03:12:16,107 | WARNING |    ⚠ Blocked (403) retry 2
2026-09-29 03:12:16,176 | INFO | 🌐 Session warmed
2026-09-29 03:12:16,453 | INFO | [1876/1901] Fetching Warora (WRRA)
2026-09-29 03:12:17,342 | INFO | [1877/1901] Fetching Washim (WASH)
2026-09-29 03:12:17,358 | INFO |    ↳ Status 403
2026-09-29 03:12:17,358 | WARNING |    ⚠ Blocked (403) retry 1
2026-09-29 03:12:17,423 | INFO | 🌐 Session warmed
2026-09-29 03:12:17,425 | INFO | [1878/1901] Fetching Wayanad (WAYA)
2026-09-29 03:12:18,077 | INFO |    ↳ Status 403
2026-09-29 03:12:18,077 | WARNING |    ⚠ Blocked (403) retry 1
2026-09-29 03:12:18,148 | INFO | 🌐 Session warmed
2026-09-29 03:12:18,166 | INFO |    ↳ Status 403
2026-09-29 03:12:18,166 | WARNING |    ⚠ Blocked (403) retry 1
2026-09-29 03:12:18,237 | INFO | 🌐 Session warmed
2026-09-29 03:12:19,044 | INFO |    ↳ Status 403
2026-09-29 03:12:19,044 | WARNING |    ⚠ Blocked (403) retry 2
2026-09-29 03:12:19,122 | INFO | 🌐 Session warmed
2026-09-29 03:12:19,429 | INFO |    ↳ Status 403
2026-09-29 03:12:19,429 | WARNING |    ⚠ Blocked (403) retry 3
2026-09-29 03:12:19,501 | INFO | 🌐 Session warmed
2026-09-29 03:12:19,934 | INFO |    ↳ Status 403
2026-09-29 03:12:19,934 | WARNING |    ⚠ Blocked (403) retry 2
2026-09-29 03:12:20,003 | INFO | 🌐 Session warmed
2026-09-29 03:12:20,662 | INFO |    ↳ Status 403
2026-09-29 03:12:20,662 | WARNING |    ⚠ Blocked (403) retry 2
2026-09-29 03:12:20,729 | INFO | 🌐 Session warmed
2026-09-29 03:12:21,789 | INFO |    ↳ Status 403
2026-09-29 03:12:21,789 | WARNING |    ⚠ Blocked (403) retry 3
2026-09-29 03:12:21,860 | INFO | 🌐 Session warmed
2026-09-29 03:12:22,704 | INFO |    ↳ Status 403
2026-09-29 03:12:22,704 | WARNING |    ⚠ Blocked (403) retry 3
2026-09-29 03:12:22,792 | INFO | 🌐 Session warmed
2026-09-29 03:12:23,502 | INFO | [1879/1901] Fetching West Kameng (WTKN)
2026-09-29 03:12:23,619 | INFO |    ↳ Status 403
2026-09-29 03:12:23,619 | WARNING |    ⚠ Blocked (403) retry 3
2026-09-29 03:12:23,692 | INFO | 🌐 Session warmed
2026-09-29 03:12:24,497 | INFO |    ↳ Status 403
2026-09-29 03:12:24,497 | WARNING |    ⚠ Blocked (403) retry 1
2026-09-29 03:12:24,573 | INFO | 🌐 Session warmed
2026-09-29 03:12:25,860 | INFO | [1880/1901] Fetching Wyra (WWAR)
2026-09-29 03:12:26,510 | INFO |    ↳ Status 403
2026-09-29 03:12:26,510 | WARNING |    ⚠ Blocked (403) retry 2
2026-09-29 03:12:26,578 | INFO | 🌐 Session warmed
2026-09-29 03:12:26,793 | INFO | [1881/1901] Fetching Yadagirigutta (YADG)
2026-09-29 03:12:27,102 | INFO |    ↳ Status 403
2026-09-29 03:12:27,102 | WARNING |    ⚠ Blocked (403) retry 1
2026-09-29 03:12:27,170 | INFO | 🌐 Session warmed
2026-09-29 03:12:27,692 | INFO | [1882/1901] Fetching Yamunanagar (YAMU)
2026-09-29 03:12:27,973 | INFO |    ↳ Status 403
2026-09-29 03:12:27,973 | WARNING |    ⚠ Blocked (403) retry 1
2026-09-29 03:12:28,052 | INFO | 🌐 Session warmed
2026-09-29 03:12:28,325 | INFO |    ↳ Status 403
2026-09-29 03:12:28,325 | WARNING |    ⚠ Blocked (403) retry 1
2026-09-29 03:12:28,393 | INFO | 🌐 Session warmed
2026-09-29 03:12:29,290 | INFO |    ↳ Status 403
2026-09-29 03:12:29,290 | WARNING |    ⚠ Blocked (403) retry 3
2026-09-29 03:12:29,363 | INFO | 🌐 Session warmed
2026-09-29 03:12:29,573 | INFO |    ↳ Status 403
2026-09-29 03:12:29,573 | WARNING |    ⚠ Blocked (403) retry 2
2026-09-29 03:12:29,653 | INFO | 🌐 Session warmed
2026-09-29 03:12:30,156 | INFO |    ↳ Status 403
2026-09-29 03:12:30,156 | WARNING |    ⚠ Blocked (403) retry 2
2026-09-29 03:12:30,234 | INFO | 🌐 Session warmed
2026-09-29 03:12:30,406 | INFO |    ↳ Status 403
2026-09-29 03:12:30,406 | WARNING |    ⚠ Blocked (403) retry 2
2026-09-29 03:12:30,482 | INFO | 🌐 Session warmed
2026-09-29 03:12:32,330 | INFO |    ↳ Status 403
2026-09-29 03:12:32,330 | WARNING |    ⚠ Blocked (403) retry 3
2026-09-29 03:12:32,404 | INFO | 🌐 Session warmed
2026-09-29 03:12:33,268 | INFO |    ↳ Status 403
2026-09-29 03:12:33,268 | WARNING |    ⚠ Blocked (403) retry 3
2026-09-29 03:12:33,318 | INFO |    ↳ Status 403
2026-09-29 03:12:33,318 | WARNING |    ⚠ Blocked (403) retry 3
2026-09-29 03:12:33,350 | INFO | 🌐 Session warmed
2026-09-29 03:12:33,363 | INFO | [1883/1901] Fetching Yanam (YANM)
2026-09-29 03:12:33,398 | INFO | 🌐 Session warmed
2026-09-29 03:12:34,324 | INFO |    ↳ Status 403
2026-09-29 03:12:34,324 | WARNING |    ⚠ Blocked (403) retry 1
2026-09-29 03:12:34,397 | INFO | 🌐 Session warmed
2026-09-29 03:12:36,404 | INFO | [1884/1901] Fetching Yangon (MYAN)
2026-09-29 03:12:36,450 | INFO |    ↳ Status 403
2026-09-29 03:12:36,450 | WARNING |    ⚠ Blocked (403) retry 2
2026-09-29 03:12:36,523 | INFO | 🌐 Session warmed
2026-09-29 03:12:37,350 | INFO | [1885/1901] Fetching Yavatmal (YAVA)
2026-09-29 03:12:37,383 | INFO |    ↳ Status 403
2026-09-29 03:12:37,383 | WARNING |    ⚠ Blocked (403) retry 1
2026-09-29 03:12:37,398 | INFO | [1886/1901] Fetching Yelagiri (YLGA)
2026-09-29 03:12:37,455 | INFO | 🌐 Session warmed
2026-09-29 03:12:38,273 | INFO |    ↳ Status 403
2026-09-29 03:12:38,273 | WARNING |    ⚠ Blocked (403) retry 1
2026-09-29 03:12:38,342 | INFO | 🌐 Session warmed
2026-09-29 03:12:38,550 | INFO |    ↳ Status 403
2026-09-29 03:12:38,550 | WARNING |    ⚠ Blocked (403) retry 1
2026-09-29 03:12:38,620 | INFO | 🌐 Session warmed
2026-09-29 03:12:39,746 | INFO |    ↳ Status 403
2026-09-29 03:12:39,746 | WARNING |    ⚠ Blocked (403) retry 3
2026-09-29 03:12:39,817 | INFO | 🌐 Session warmed
2026-09-29 03:12:39,834 | INFO |    ↳ Status 403
2026-09-29 03:12:39,834 | WARNING |    ⚠ Blocked (403) retry 2
2026-09-29 03:12:39,906 | INFO | 🌐 Session warmed
2026-09-29 03:12:40,430 | INFO |    ↳ Status 403
2026-09-29 03:12:40,430 | WARNING |    ⚠ Blocked (403) retry 2
2026-09-29 03:12:40,505 | INFO | 🌐 Session warmed
2026-09-29 03:12:40,722 | INFO |    ↳ Status 403
2026-09-29 03:12:40,723 | WARNING |    ⚠ Blocked (403) retry 2
2026-09-29 03:12:40,791 | INFO | 🌐 Session warmed
2026-09-29 03:12:42,622 | INFO |    ↳ Status 403
2026-09-29 03:12:42,623 | WARNING |    ⚠ Blocked (403) retry 3
2026-09-29 03:12:42,708 | INFO | 🌐 Session warmed
2026-09-29 03:12:43,125 | INFO |    ↳ Status 403
2026-09-29 03:12:43,125 | WARNING |    ⚠ Blocked (403) retry 3
2026-09-29 03:12:43,203 | INFO | 🌐 Session warmed
2026-09-29 03:12:43,521 | INFO |    ↳ Status 403
2026-09-29 03:12:43,521 | WARNING |    ⚠ Blocked (403) retry 3
2026-09-29 03:12:43,594 | INFO | 🌐 Session warmed
2026-09-29 03:12:43,817 | INFO | [1887/1901] Fetching Yelburga (YELB)
2026-09-29 03:12:45,218 | INFO |    ↳ Status 403
2026-09-29 03:12:45,218 | WARNING |    ⚠ Blocked (403) retry 1
2026-09-29 03:12:45,289 | INFO | 🌐 Session warmed
2026-09-29 03:12:46,709 | INFO | [1888/1901] Fetching Yeleswaram (YELE)
2026-09-29 03:12:47,204 | INFO | [1889/1901] Fetching Yellamanchili (YLMN)
2026-09-29 03:12:47,402 | INFO |    ↳ Status 403
2026-09-29 03:12:47,402 | WARNING |    ⚠ Blocked (403) retry 1
2026-09-29 03:12:47,477 | INFO | 🌐 Session warmed
2026-09-29 03:12:47,594 | INFO | [1890/1901] Fetching Yellandu (YRLL)
2026-09-29 03:12:47,688 | INFO |    ↳ Status 403
2026-09-29 03:12:47,688 | WARNING |    ⚠ Blocked (403) retry 2
2026-09-29 03:12:47,758 | INFO | 🌐 Session warmed
2026-09-29 03:12:48,223 | INFO |    ↳ Status 403
2026-09-29 03:12:48,224 | WARNING |    ⚠ Blocked (403) retry 1
2026-09-29 03:12:48,290 | INFO | 🌐 Session warmed
2026-09-29 03:12:48,834 | INFO |    ↳ Status 403
2026-09-29 03:12:48,834 | WARNING |    ⚠ Blocked (403) retry 1
2026-09-29 03:12:48,907 | INFO | 🌐 Session warmed
2026-09-29 03:12:49,736 | INFO |    ↳ Status 403
2026-09-29 03:12:49,736 | WARNING |    ⚠ Blocked (403) retry 2
2026-09-29 03:12:49,805 | INFO | 🌐 Session warmed
2026-09-29 03:12:50,221 | INFO |    ↳ Status 403
2026-09-29 03:12:50,221 | WARNING |    ⚠ Blocked (403) retry 2
2026-09-29 03:12:50,291 | INFO | 🌐 Session warmed
2026-09-29 03:12:50,756 | INFO |    ↳ Status 403
2026-09-29 03:12:50,756 | WARNING |    ⚠ Blocked (403) retry 3
2026-09-29 03:12:50,825 | INFO | 🌐 Session warmed
2026-09-29 03:12:51,313 | INFO |    ↳ Status 403
2026-09-29 03:12:51,313 | WARNING |    ⚠ Blocked (403) retry 2
2026-09-29 03:12:51,388 | INFO | 🌐 Session warmed
2026-09-29 03:12:52,928 | INFO |    ↳ Status 403
2026-09-29 03:12:52,928 | WARNING |    ⚠ Blocked (403) retry 3
2026-09-29 03:12:52,998 | INFO | 🌐 Session warmed
2026-09-29 03:12:53,118 | INFO |    ↳ Status 403
2026-09-29 03:12:53,118 | WARNING |    ⚠ Blocked (403) retry 3
2026-09-29 03:12:53,200 | INFO | 🌐 Session warmed
2026-09-29 03:12:54,056 | INFO |    ↳ Status 403
2026-09-29 03:12:54,056 | WARNING |    ⚠ Blocked (403) retry 3
2026-09-29 03:12:54,124 | INFO | 🌐 Session warmed
2026-09-29 03:12:54,826 | INFO | [1891/1901] Fetching Yellareddy (YLLR)
2026-09-29 03:12:56,212 | INFO |    ↳ Status 403
2026-09-29 03:12:56,212 | WARNING |    ⚠ Blocked (403) retry 1
2026-09-29 03:12:56,290 | INFO | 🌐 Session warmed
2026-09-29 03:12:56,998 | INFO | [1892/1901] Fetching Yellareddypet (YLRD)
2026-09-29 03:12:57,200 | INFO | [1893/1901] Fetching Yemmiganur (YEMM)
2026-09-29 03:12:57,922 | INFO |    ↳ Status 403
2026-09-29 03:12:57,922 | WARNING |    ⚠ Blocked (403) retry 1
2026-09-29 03:12:57,990 | INFO | 🌐 Session warmed
2026-09-29 03:12:58,084 | INFO |    ↳ Status 403
2026-09-29 03:12:58,084 | WARNING |    ⚠ Blocked (403) retry 2
2026-09-29 03:12:58,124 | INFO | [1894/1901] Fetching Yeola (YEOL)
2026-09-29 03:12:58,151 | INFO | 🌐 Session warmed
2026-09-29 03:12:58,598 | INFO |    ↳ Status 403
2026-09-29 03:12:58,598 | WARNING |    ⚠ Blocked (403) retry 1
2026-09-29 03:12:58,670 | INFO | 🌐 Session warmed
2026-09-29 03:12:59,470 | INFO |    ↳ Status 403
2026-09-29 03:12:59,471 | WARNING |    ⚠ Blocked (403) retry 1
2026-09-29 03:12:59,547 | INFO | 🌐 Session warmed
2026-09-29 03:12:59,909 | INFO |    ↳ Status 403
2026-09-29 03:12:59,909 | WARNING |    ⚠ Blocked (403) retry 2
2026-09-29 03:12:59,980 | INFO | 🌐 Session warmed
2026-09-29 03:13:00,952 | INFO |    ↳ Status 403
2026-09-29 03:13:00,953 | WARNING |    ⚠ Blocked (403) retry 2
2026-09-29 03:13:01,028 | INFO | 🌐 Session warmed
2026-09-29 03:13:01,394 | INFO |    ↳ Status 403
2026-09-29 03:13:01,394 | WARNING |    ⚠ Blocked (403) retry 3
2026-09-29 03:13:01,468 | INFO | 🌐 Session warmed
2026-09-29 03:13:01,535 | INFO |    ↳ Status 403
2026-09-29 03:13:01,535 | WARNING |    ⚠ Blocked (403) retry 2
2026-09-29 03:13:01,605 | INFO | 🌐 Session warmed
2026-09-29 03:13:02,944 | INFO |    ↳ Status 403
2026-09-29 03:13:02,944 | WARNING |    ⚠ Blocked (403) retry 3
2026-09-29 03:13:03,016 | INFO | 🌐 Session warmed
2026-09-29 03:13:03,776 | INFO |    ↳ Status 403
2026-09-29 03:13:03,777 | WARNING |    ⚠ Blocked (403) retry 3
2026-09-29 03:13:03,856 | INFO | 🌐 Session warmed
2026-09-29 03:13:04,466 | INFO |    ↳ Status 403
2026-09-29 03:13:04,466 | WARNING |    ⚠ Blocked (403) retry 3
2026-09-29 03:13:04,536 | INFO | 🌐 Session warmed
2026-09-29 03:13:05,469 | INFO | [1895/1901] Fetching Yerragondapalem (YERA)
2026-09-29 03:13:06,722 | INFO |    ↳ Status 403
2026-09-29 03:13:06,722 | WARNING |    ⚠ Blocked (403) retry 1
2026-09-29 03:13:06,797 | INFO | 🌐 Session warmed
2026-09-29 03:13:07,017 | INFO | [1896/1901] Fetching Yerraguntla (YERR)
2026-09-29 03:13:07,857 | INFO | [1897/1901] Fetching Yewat (YEWE)
2026-09-29 03:13:08,410 | INFO |    ↳ Status 403
2026-09-29 03:13:08,410 | WARNING |    ⚠ Blocked (403) retry 1
2026-09-29 03:13:08,481 | INFO | 🌐 Session warmed
2026-09-29 03:13:08,537 | INFO | [1898/1901] Fetching Yuksom (YUKS)
2026-09-29 03:13:08,801 | INFO |    ↳ Status 403
2026-09-29 03:13:08,802 | WARNING |    ⚠ Blocked (403) retry 1
2026-09-29 03:13:08,876 | INFO | 🌐 Session warmed
2026-09-29 03:13:08,939 | INFO |    ↳ Status 403
2026-09-29 03:13:08,939 | WARNING |    ⚠ Blocked (403) retry 2
2026-09-29 03:13:09,013 | INFO | 🌐 Session warmed
2026-09-29 03:13:09,828 | INFO |    ↳ Status 403
2026-09-29 03:13:09,828 | WARNING |    ⚠ Blocked (403) retry 1
2026-09-29 03:13:09,907 | INFO | 🌐 Session warmed
2026-09-29 03:13:10,401 | INFO |    ↳ Status 403
2026-09-29 03:13:10,402 | WARNING |    ⚠ Blocked (403) retry 2
2026-09-29 03:13:10,469 | INFO | 🌐 Session warmed
2026-09-29 03:13:11,207 | INFO |    ↳ Status 403
2026-09-29 03:13:11,207 | WARNING |    ⚠ Blocked (403) retry 2
2026-09-29 03:13:11,274 | INFO | 🌐 Session warmed
2026-09-29 03:13:11,832 | INFO |    ↳ Status 403
2026-09-29 03:13:11,832 | WARNING |    ⚠ Blocked (403) retry 3
2026-09-29 03:13:11,918 | INFO | 🌐 Session warmed
2026-09-29 03:13:12,238 | INFO |    ↳ Status 403
2026-09-29 03:13:12,238 | WARNING |    ⚠ Blocked (403) retry 2
2026-09-29 03:13:12,310 | INFO | 🌐 Session warmed
2026-09-29 03:13:13,107 | INFO |    ↳ Status 403
2026-09-29 03:13:13,107 | WARNING |    ⚠ Blocked (403) retry 3
2026-09-29 03:13:13,182 | INFO | 🌐 Session warmed
2026-09-29 03:13:14,317 | INFO |    ↳ Status 403
2026-09-29 03:13:14,317 | WARNING |    ⚠ Blocked (403) retry 3
2026-09-29 03:13:14,394 | INFO | 🌐 Session warmed
2026-09-29 03:13:15,305 | INFO |    ↳ Status 403
2026-09-29 03:13:15,305 | WARNING |    ⚠ Blocked (403) retry 3
2026-09-29 03:13:15,381 | INFO | 🌐 Session warmed
2026-09-29 03:13:15,919 | INFO | [1899/1901] Fetching Zaheerabad (ZAGE)
2026-09-29 03:13:17,070 | INFO |    ↳ Status 403
2026-09-29 03:13:17,070 | WARNING |    ⚠ Blocked (403) retry 1
2026-09-29 03:13:17,141 | INFO | 🌐 Session warmed
2026-09-29 03:13:17,182 | INFO | [1900/1901] Fetching Zarap (ZARA)
2026-09-29 03:13:18,345 | INFO |    ↳ Status 403
2026-09-29 03:13:18,345 | WARNING |    ⚠ Blocked (403) retry 1
2026-09-29 03:13:18,394 | INFO | [1901/1901] Fetching Ziro (ZIRO)
2026-09-29 03:13:18,416 | INFO | 🌐 Session warmed
2026-09-29 03:13:19,448 | INFO |    ↳ Status 403
2026-09-29 03:13:19,448 | WARNING |    ⚠ Blocked (403) retry 2
2026-09-29 03:13:19,531 | INFO | 🌐 Session warmed
2026-09-29 03:13:19,813 | INFO |    ↳ Status 403
2026-09-29 03:13:19,813 | WARNING |    ⚠ Blocked (403) retry 1
2026-09-29 03:13:19,884 | INFO | 🌐 Session warmed
2026-09-29 03:13:20,067 | INFO |    ↳ Status 403
2026-09-29 03:13:20,067 | WARNING |    ⚠ Blocked (403) retry 2
2026-09-29 03:13:20,140 | INFO | 🌐 Session warmed
2026-09-29 03:13:21,863 | INFO |    ↳ Status 403
2026-09-29 03:13:21,864 | WARNING |    ⚠ Blocked (403) retry 2
2026-09-29 03:13:21,931 | INFO | 🌐 Session warmed
2026-09-29 03:13:22,657 | INFO |    ↳ Status 403
2026-09-29 03:13:22,657 | WARNING |    ⚠ Blocked (403) retry 3
2026-09-29 03:13:22,725 | INFO | 🌐 Session warmed
2026-09-29 03:13:22,842 | INFO |    ↳ Status 403
2026-09-29 03:13:22,842 | WARNING |    ⚠ Blocked (403) retry 3
2026-09-29 03:13:22,914 | INFO | 🌐 Session warmed
2026-09-29 03:13:24,688 | INFO |    ↳ Status 403
2026-09-29 03:13:24,688 | WARNING |    ⚠ Blocked (403) retry 3
2026-09-29 03:13:24,759 | INFO | 🌐 Session warmed
2026-09-29 03:13:28,763 | INFO | 
🏆 Top 20 Trending Movies

2026-09-29 03:13:28,763 | INFO |  1. Doraemon: Castle of the Undersea Devil | Points: 1608 | Cities: 254
2026-09-29 03:13:28,764 | INFO |  2. Hanuman Ansh                   | Points: 1474 | Cities: 244
2026-09-29 03:13:28,764 | INFO |  3. Avengers Endgame: Encore       | Points: 1302 | Cities: 295
2026-09-29 03:13:28,764 | INFO |  4. The Paradise                   | Points: 976  | Cities: 188
2026-09-29 03:13:28,764 | INFO |  5. Mirzapur: The Movie            | Points: 923  | Cities: 162
2026-09-29 03:13:28,764 | INFO |  6. Heart of the Beast             | Points: 817  | Cities: 210
2026-09-29 03:13:28,764 | INFO |  7. Meesaya Murukku 2              | Points: 535  | Cities: 114
2026-09-29 03:13:28,764 | INFO |  8. Dorothy                        | Points: 456  | Cities: 115
2026-09-29 03:13:28,764 | INFO |  9. The Vvaan - Force of the Forrest | Points: 410  | Cities: 106
2026-09-29 03:13:28,764 | INFO | 10. Irumudi                        | Points: 244  | Cities: 61
2026-09-29 03:13:28,764 | INFO | 11. Mandaadi                       | Points: 217  | Cities: 31
2026-09-29 03:13:28,764 | INFO | 12. Vairii                         | Points: 216  | Cities: 27
2026-09-29 03:13:28,764 | INFO | 13. Dhehi                          | Points: 205  | Cities: 47
2026-09-29 03:13:28,764 | INFO | 14. Sheer Qorma                    | Points: 202  | Cities: 37
2026-09-29 03:13:28,764 | INFO | 15. Digger                         | Points: 192  | Cities: 24
2026-09-29 03:13:28,764 | INFO | 16. The Fountainhead               | Points: 189  | Cities: 27
2026-09-29 03:13:28,764 | INFO | 17. Kallapart                      | Points: 188  | Cities: 37
2026-09-29 03:13:28,764 | INFO | 18. Drishyam: The Conclusion       | Points: 177  | Cities: 72
2026-09-29 03:13:28,764 | INFO | 19. Premada Oorali                 | Points: 171  | Cities: 22
2026-09-29 03:13:28,764 | INFO | 20. ENE Repeat                     | Points: 168  | Cities: 24
2026-09-29 03:13:28,764 | INFO | 
📊 Run Summary
2026-09-29 03:13:28,764 | INFO |    Success Cities : 380
2026-09-29 03:13:28,764 | INFO |    Failed Cities  : 0
2026-09-29 03:13:28,764 | INFO |    Success Rate   : 19.99%
2026-09-29 03:13:28,764 | INFO | 
✅ Rankings saved to Data/2026/Rankings_2026-09-29.json

