2026-08-07 01:35:05,362 | INFO | 
🚀 Starting run for 2026-08-07

2026-08-07 01:35:05,365 | INFO | 📌 Total cities: 1901

2026-08-07 01:35:05,537 | INFO | 🌐 Session warmed
2026-08-07 01:35:05,538 | INFO | [2/1901] Fetching Delhi-NCR (NCR)
2026-08-07 01:35:05,541 | INFO | 🌐 Session warmed
2026-08-07 01:35:05,541 | INFO | [3/1901] Fetching Bengaluru (BANG)
2026-08-07 01:35:05,543 | INFO | 🌐 Session warmed
2026-08-07 01:35:05,543 | INFO | [1/1901] Fetching Mumbai (MUMBAI)
2026-08-07 01:35:05,545 | INFO | 🌐 Session warmed
2026-08-07 01:35:05,545 | INFO | [4/1901] Fetching Hyderabad (HYD)
2026-08-07 01:35:06,198 | INFO |    ↳ Status 403
2026-08-07 01:35:06,199 | WARNING |    ⚠ Blocked (403) retry 1
2026-08-07 01:35:06,264 | INFO | 🌐 Session warmed
2026-08-07 01:35:06,265 | INFO |    ↳ Status 403
2026-08-07 01:35:06,265 | WARNING |    ⚠ Blocked (403) retry 1
2026-08-07 01:35:06,329 | INFO | 🌐 Session warmed
2026-08-07 01:35:06,746 | INFO |    ↳ Status 403
2026-08-07 01:35:06,746 | WARNING |    ⚠ Blocked (403) retry 1
2026-08-07 01:35:06,758 | INFO |    ↳ Status 403
2026-08-07 01:35:06,758 | WARNING |    ⚠ Blocked (403) retry 1
2026-08-07 01:35:06,838 | INFO | 🌐 Session warmed
2026-08-07 01:35:06,839 | INFO | 🌐 Session warmed
2026-08-07 01:35:08,376 | INFO |    ↳ Status 403
2026-08-07 01:35:08,376 | WARNING |    ⚠ Blocked (403) retry 2
2026-08-07 01:35:08,454 | INFO | 🌐 Session warmed
2026-08-07 01:35:08,708 | INFO |    ↳ Status 403
2026-08-07 01:35:08,708 | WARNING |    ⚠ Blocked (403) retry 2
2026-08-07 01:35:08,745 | INFO |    ↳ Status 403
2026-08-07 01:35:08,745 | WARNING |    ⚠ Blocked (403) retry 2
2026-08-07 01:35:08,786 | INFO | 🌐 Session warmed
2026-08-07 01:35:08,816 | INFO | 🌐 Session warmed
2026-08-07 01:35:09,109 | INFO |    ↳ Status 403
2026-08-07 01:35:09,109 | WARNING |    ⚠ Blocked (403) retry 2
2026-08-07 01:35:09,177 | INFO | 🌐 Session warmed
2026-08-07 01:35:11,606 | INFO |    ↳ Status 403
2026-08-07 01:35:11,606 | WARNING |    ⚠ Blocked (403) retry 3
2026-08-07 01:35:11,679 | INFO | 🌐 Session warmed
2026-08-07 01:35:11,848 | INFO |    ↳ Status 403
2026-08-07 01:35:11,848 | WARNING |    ⚠ Blocked (403) retry 3
2026-08-07 01:35:11,920 | INFO | 🌐 Session warmed
2026-08-07 01:35:12,046 | INFO |    ↳ Status 403
2026-08-07 01:35:12,047 | WARNING |    ⚠ Blocked (403) retry 3
2026-08-07 01:35:12,120 | INFO | 🌐 Session warmed
2026-08-07 01:35:12,350 | INFO |    ↳ Status 403
2026-08-07 01:35:12,350 | WARNING |    ⚠ Blocked (403) retry 3
2026-08-07 01:35:12,423 | INFO | 🌐 Session warmed
2026-08-07 01:35:15,680 | INFO | [5/1901] Fetching Chandigarh (CHD)
2026-08-07 01:35:15,921 | INFO | [6/1901] Fetching Ahmedabad (AHD)
2026-08-07 01:35:16,121 | INFO | [7/1901] Fetching Pune (PUNE)
2026-08-07 01:35:16,423 | INFO | [8/1901] Fetching Chennai (CHEN)
2026-08-07 01:35:16,835 | INFO |    ↳ Status 403
2026-08-07 01:35:16,835 | WARNING |    ⚠ Blocked (403) retry 1
2026-08-07 01:35:16,901 | INFO | 🌐 Session warmed
2026-08-07 01:35:17,072 | INFO |    ↳ Status 403
2026-08-07 01:35:17,072 | WARNING |    ⚠ Blocked (403) retry 1
2026-08-07 01:35:17,148 | INFO | 🌐 Session warmed
2026-08-07 01:35:17,518 | INFO |    ↳ Status 403
2026-08-07 01:35:17,518 | WARNING |    ⚠ Blocked (403) retry 1
2026-08-07 01:35:17,587 | INFO | 🌐 Session warmed
2026-08-07 01:35:17,781 | INFO |    ↳ Status 403
2026-08-07 01:35:17,781 | WARNING |    ⚠ Blocked (403) retry 1
2026-08-07 01:35:17,848 | INFO | 🌐 Session warmed
2026-08-07 01:35:19,066 | INFO |    ↳ Status 403
2026-08-07 01:35:19,066 | WARNING |    ⚠ Blocked (403) retry 2
2026-08-07 01:35:19,138 | INFO | 🌐 Session warmed
2026-08-07 01:35:19,447 | INFO |    ↳ Status 403
2026-08-07 01:35:19,447 | WARNING |    ⚠ Blocked (403) retry 2
2026-08-07 01:35:19,521 | INFO | 🌐 Session warmed
2026-08-07 01:35:19,573 | INFO |    ↳ Status 403
2026-08-07 01:35:19,573 | WARNING |    ⚠ Blocked (403) retry 2
2026-08-07 01:35:19,648 | INFO | 🌐 Session warmed
2026-08-07 01:35:20,112 | INFO |    ↳ Status 403
2026-08-07 01:35:20,112 | WARNING |    ⚠ Blocked (403) retry 2
2026-08-07 01:35:20,177 | INFO | 🌐 Session warmed
2026-08-07 01:35:22,226 | INFO |    ↳ Status 403
2026-08-07 01:35:22,226 | WARNING |    ⚠ Blocked (403) retry 3
2026-08-07 01:35:22,298 | INFO | 🌐 Session warmed
2026-08-07 01:35:22,401 | INFO |    ↳ Status 403
2026-08-07 01:35:22,401 | WARNING |    ⚠ Blocked (403) retry 3
2026-08-07 01:35:22,469 | INFO | 🌐 Session warmed
2026-08-07 01:35:22,554 | INFO |    ↳ Status 403
2026-08-07 01:35:22,554 | WARNING |    ⚠ Blocked (403) retry 3
2026-08-07 01:35:22,626 | INFO | 🌐 Session warmed
2026-08-07 01:35:23,543 | INFO |    ↳ Status 403
2026-08-07 01:35:23,543 | WARNING |    ⚠ Blocked (403) retry 3
2026-08-07 01:35:23,618 | INFO | 🌐 Session warmed
2026-08-07 01:35:26,299 | INFO | [9/1901] Fetching Kolkata (KOLK)
2026-08-07 01:35:26,470 | INFO | [10/1901] Fetching Kochi (KOCH)
2026-08-07 01:35:26,627 | INFO | [11/1901] Fetching Aalo (AALU)
2026-08-07 01:35:27,249 | INFO |    ↳ Status 403
2026-08-07 01:35:27,249 | WARNING |    ⚠ Blocked (403) retry 1
2026-08-07 01:35:27,320 | INFO | 🌐 Session warmed
2026-08-07 01:35:27,389 | INFO |    ↳ Status 403
2026-08-07 01:35:27,389 | WARNING |    ⚠ Blocked (403) retry 1
2026-08-07 01:35:27,392 | INFO |    ↳ Status 403
2026-08-07 01:35:27,392 | WARNING |    ⚠ Blocked (403) retry 1
2026-08-07 01:35:27,472 | INFO | 🌐 Session warmed
2026-08-07 01:35:27,475 | INFO | 🌐 Session warmed
2026-08-07 01:35:27,618 | INFO | [12/1901] Fetching Abohar (ABOR)
2026-08-07 01:35:28,465 | INFO |    ↳ Status 403
2026-08-07 01:35:28,465 | WARNING |    ⚠ Blocked (403) retry 1
2026-08-07 01:35:28,535 | INFO | 🌐 Session warmed
2026-08-07 01:35:29,215 | INFO |    ↳ Status 403
2026-08-07 01:35:29,215 | WARNING |    ⚠ Blocked (403) retry 2
2026-08-07 01:35:29,232 | INFO |    ↳ Status 403
2026-08-07 01:35:29,232 | WARNING |    ⚠ Blocked (403) retry 2
2026-08-07 01:35:29,296 | INFO | 🌐 Session warmed
2026-08-07 01:35:29,313 | INFO | 🌐 Session warmed
2026-08-07 01:35:29,643 | INFO |    ↳ Status 403
2026-08-07 01:35:29,643 | WARNING |    ⚠ Blocked (403) retry 2
2026-08-07 01:35:29,715 | INFO | 🌐 Session warmed
2026-08-07 01:35:30,504 | INFO |    ↳ Status 403
2026-08-07 01:35:30,504 | WARNING |    ⚠ Blocked (403) retry 2
2026-08-07 01:35:30,572 | INFO | 🌐 Session warmed
2026-08-07 01:35:32,156 | INFO |    ↳ Status 403
2026-08-07 01:35:32,156 | WARNING |    ⚠ Blocked (403) retry 3
2026-08-07 01:35:32,183 | INFO |    ↳ Status 403
2026-08-07 01:35:32,183 | WARNING |    ⚠ Blocked (403) retry 3
2026-08-07 01:35:32,230 | INFO | 🌐 Session warmed
2026-08-07 01:35:32,256 | INFO | 🌐 Session warmed
2026-08-07 01:35:32,845 | INFO |    ↳ Status 403
2026-08-07 01:35:32,845 | WARNING |    ⚠ Blocked (403) retry 3
2026-08-07 01:35:32,924 | INFO | 🌐 Session warmed
2026-08-07 01:35:33,419 | INFO |    ↳ Status 403
2026-08-07 01:35:33,419 | WARNING |    ⚠ Blocked (403) retry 3
2026-08-07 01:35:33,489 | INFO | 🌐 Session warmed
2026-08-07 01:35:36,231 | INFO | [13/1901] Fetching Abu Road (ABRD)
2026-08-07 01:35:36,256 | INFO | [14/1901] Fetching Achampet (ACHM)
2026-08-07 01:35:36,924 | INFO | [15/1901] Fetching Acharapakkam (ACHA)
2026-08-07 01:35:37,219 | INFO |    ↳ Status 403
2026-08-07 01:35:37,219 | WARNING |    ⚠ Blocked (403) retry 1
2026-08-07 01:35:37,294 | INFO | 🌐 Session warmed
2026-08-07 01:35:37,320 | INFO |    ↳ Status 403
2026-08-07 01:35:37,320 | WARNING |    ⚠ Blocked (403) retry 1
2026-08-07 01:35:37,401 | INFO | 🌐 Session warmed
2026-08-07 01:35:37,490 | INFO | [16/1901] Fetching Addanki (ADKI)
2026-08-07 01:35:37,705 | INFO |    ↳ Status 403
2026-08-07 01:35:37,705 | WARNING |    ⚠ Blocked (403) retry 1
2026-08-07 01:35:37,775 | INFO | 🌐 Session warmed
2026-08-07 01:35:38,478 | INFO |    ↳ Status 403
2026-08-07 01:35:38,478 | WARNING |    ⚠ Blocked (403) retry 1
2026-08-07 01:35:38,549 | INFO | 🌐 Session warmed
2026-08-07 01:35:39,157 | INFO |    ↳ Status 403
2026-08-07 01:35:39,157 | WARNING |    ⚠ Blocked (403) retry 2
2026-08-07 01:35:39,228 | INFO | 🌐 Session warmed
2026-08-07 01:35:39,569 | INFO |    ↳ Status 403
2026-08-07 01:35:39,569 | WARNING |    ⚠ Blocked (403) retry 2
2026-08-07 01:35:39,635 | INFO | 🌐 Session warmed
2026-08-07 01:35:40,004 | INFO |    ↳ Status 403
2026-08-07 01:35:40,004 | WARNING |    ⚠ Blocked (403) retry 2
2026-08-07 01:35:40,068 | INFO | 🌐 Session warmed
2026-08-07 01:35:40,286 | INFO |    ↳ Status 403
2026-08-07 01:35:40,286 | WARNING |    ⚠ Blocked (403) retry 2
2026-08-07 01:35:40,352 | INFO | 🌐 Session warmed
2026-08-07 01:35:42,098 | INFO |    ↳ Status 403
2026-08-07 01:35:42,099 | WARNING |    ⚠ Blocked (403) retry 3
2026-08-07 01:35:42,165 | INFO | 🌐 Session warmed
2026-08-07 01:35:42,901 | INFO |    ↳ Status 200
2026-08-07 01:35:42,901 | INFO |    ✓ Found 8 movies
2026-08-07 01:35:42,901 | INFO | [17/1901] Fetching Adilabad (ADIL)
2026-08-07 01:35:43,049 | INFO |    ↳ Status 403
2026-08-07 01:35:43,049 | WARNING |    ⚠ Blocked (403) retry 3
2026-08-07 01:35:43,117 | INFO | 🌐 Session warmed
2026-08-07 01:35:43,321 | INFO |    ↳ Status 403
2026-08-07 01:35:43,321 | WARNING |    ⚠ Blocked (403) retry 3
2026-08-07 01:35:43,386 | INFO | 🌐 Session warmed
2026-08-07 01:35:44,206 | INFO |    ↳ Status 200
2026-08-07 01:35:44,207 | INFO |    ✓ Found 8 movies
2026-08-07 01:35:44,207 | INFO | [18/1901] Fetching Adimali (ADIM)
2026-08-07 01:35:45,550 | INFO |    ↳ Status 200
2026-08-07 01:35:45,551 | INFO |    ✓ Found 8 movies
2026-08-07 01:35:45,551 | INFO | [19/1901] Fetching Adipur (ADPR)
2026-08-07 01:35:46,166 | INFO | [20/1901] Fetching Adoni (ADNI)
2026-08-07 01:35:47,104 | INFO |    ↳ Status 200
2026-08-07 01:35:47,104 | INFO |    ✓ Found 7 movies
2026-08-07 01:35:47,104 | INFO | [21/1901] Fetching Agar Malwa (AGOR)
2026-08-07 01:35:47,117 | INFO | [22/1901] Fetching Agartala (AGAR)
2026-08-07 01:35:47,193 | INFO |    ↳ Status 403
2026-08-07 01:35:47,193 | WARNING |    ⚠ Blocked (403) retry 1
2026-08-07 01:35:47,260 | INFO | 🌐 Session warmed
2026-08-07 01:35:47,387 | INFO | [23/1901] Fetching Agiripalli (AGIR)
2026-08-07 01:35:48,274 | INFO |    ↳ Status 403
2026-08-07 01:35:48,274 | WARNING |    ⚠ Blocked (403) retry 1
2026-08-07 01:35:48,341 | INFO | 🌐 Session warmed
2026-08-07 01:35:48,428 | INFO |    ↳ Status 403
2026-08-07 01:35:48,428 | WARNING |    ⚠ Blocked (403) retry 1
2026-08-07 01:35:48,494 | INFO | 🌐 Session warmed
2026-08-07 01:35:48,682 | INFO |    ↳ Status 200
2026-08-07 01:35:48,682 | INFO |    ✓ Found 8 movies
2026-08-07 01:35:48,682 | INFO | [24/1901] Fetching Agra (AGRA)
2026-08-07 01:35:49,131 | INFO |    ↳ Status 403
2026-08-07 01:35:49,131 | WARNING |    ⚠ Blocked (403) retry 2
2026-08-07 01:35:49,196 | INFO | 🌐 Session warmed
2026-08-07 01:35:49,737 | INFO |    ↳ Status 200
2026-08-07 01:35:49,738 | INFO |    ✓ Found 8 movies
2026-08-07 01:35:49,738 | INFO | [25/1901] Fetching Ahilyanagar (Ahmednagar) (AHMED)
2026-08-07 01:35:50,252 | INFO |    ↳ Status 403
2026-08-07 01:35:50,252 | WARNING |    ⚠ Blocked (403) retry 2
2026-08-07 01:35:50,322 | INFO | 🌐 Session warmed
2026-08-07 01:35:50,706 | INFO |    ↳ Status 403
2026-08-07 01:35:50,706 | WARNING |    ⚠ Blocked (403) retry 2
2026-08-07 01:35:50,800 | INFO | 🌐 Session warmed
2026-08-07 01:35:51,272 | INFO |    ↳ Status 200
2026-08-07 01:35:51,272 | INFO |    ✓ Found 8 movies
2026-08-07 01:35:51,272 | INFO | [26/1901] Fetching Ahmedgarh (AHMG)
2026-08-07 01:35:52,463 | INFO |    ↳ Status 403
2026-08-07 01:35:52,463 | WARNING |    ⚠ Blocked (403) retry 3
2026-08-07 01:35:52,535 | INFO | 🌐 Session warmed
2026-08-07 01:35:53,499 | INFO |    ↳ Status 200
2026-08-07 01:35:53,499 | INFO |    ✓ Found 6 movies
2026-08-07 01:35:53,499 | INFO | [27/1901] Fetching Ahore (AHOR)
2026-08-07 01:35:53,719 | INFO |    ↳ Status 403
2026-08-07 01:35:53,719 | WARNING |    ⚠ Blocked (403) retry 3
2026-08-07 01:35:53,794 | INFO | 🌐 Session warmed
2026-08-07 01:35:53,811 | INFO |    ↳ Status 403
2026-08-07 01:35:53,811 | WARNING |    ⚠ Blocked (403) retry 3
2026-08-07 01:35:53,887 | INFO | 🌐 Session warmed
2026-08-07 01:35:55,139 | INFO |    ↳ Status 200
2026-08-07 01:35:55,139 | INFO |    ✓ Found 7 movies
2026-08-07 01:35:55,140 | INFO | [28/1901] Fetching Aizawl (AIZW)
2026-08-07 01:35:56,535 | INFO | [29/1901] Fetching Ajmer (AJMER)
2026-08-07 01:35:56,543 | INFO |    ↳ Status 403
2026-08-07 01:35:56,543 | WARNING |    ⚠ Blocked (403) retry 1
2026-08-07 01:35:56,619 | INFO | 🌐 Session warmed
2026-08-07 01:35:57,615 | INFO |    ↳ Status 403
2026-08-07 01:35:57,615 | WARNING |    ⚠ Blocked (403) retry 1
2026-08-07 01:35:57,680 | INFO | 🌐 Session warmed
2026-08-07 01:35:57,795 | INFO | [30/1901] Fetching Akaltara (AKAL)
2026-08-07 01:35:57,887 | INFO | [31/1901] Fetching Akbarpur (AKBR)
2026-08-07 01:35:58,576 | INFO |    ↳ Status 403
2026-08-07 01:35:58,576 | WARNING |    ⚠ Blocked (403) retry 1
2026-08-07 01:35:58,637 | INFO |    ↳ Status 403
2026-08-07 01:35:58,637 | WARNING |    ⚠ Blocked (403) retry 2
2026-08-07 01:35:58,646 | INFO | 🌐 Session warmed
2026-08-07 01:35:58,717 | INFO | 🌐 Session warmed
2026-08-07 01:35:59,062 | INFO |    ↳ Status 403
2026-08-07 01:35:59,062 | WARNING |    ⚠ Blocked (403) retry 1
2026-08-07 01:35:59,133 | INFO | 🌐 Session warmed
2026-08-07 01:35:59,970 | INFO |    ↳ Status 403
2026-08-07 01:35:59,970 | WARNING |    ⚠ Blocked (403) retry 2
2026-08-07 01:36:00,037 | INFO | 🌐 Session warmed
2026-08-07 01:36:00,750 | INFO |    ↳ Status 403
2026-08-07 01:36:00,750 | WARNING |    ⚠ Blocked (403) retry 2
2026-08-07 01:36:00,824 | INFO | 🌐 Session warmed
2026-08-07 01:36:01,393 | INFO |    ↳ Status 403
2026-08-07 01:36:01,393 | WARNING |    ⚠ Blocked (403) retry 2
2026-08-07 01:36:01,462 | INFO | 🌐 Session warmed
2026-08-07 01:36:01,660 | INFO |    ↳ Status 403
2026-08-07 01:36:01,660 | WARNING |    ⚠ Blocked (403) retry 3
2026-08-07 01:36:01,754 | INFO | 🌐 Session warmed
2026-08-07 01:36:02,751 | INFO |    ↳ Status 403
2026-08-07 01:36:02,751 | WARNING |    ⚠ Blocked (403) retry 3
2026-08-07 01:36:02,822 | INFO | 🌐 Session warmed
2026-08-07 01:36:03,784 | INFO |    ↳ Status 403
2026-08-07 01:36:03,784 | WARNING |    ⚠ Blocked (403) retry 3
2026-08-07 01:36:03,852 | INFO | 🌐 Session warmed
2026-08-07 01:36:04,859 | INFO |    ↳ Status 403
2026-08-07 01:36:04,859 | WARNING |    ⚠ Blocked (403) retry 3
2026-08-07 01:36:04,924 | INFO | 🌐 Session warmed
2026-08-07 01:36:05,755 | INFO | [32/1901] Fetching Akividu (AKVD)
2026-08-07 01:36:06,823 | INFO | [33/1901] Fetching Akluj (AKLJ)
2026-08-07 01:36:07,109 | INFO |    ↳ Status 403
2026-08-07 01:36:07,109 | WARNING |    ⚠ Blocked (403) retry 1
2026-08-07 01:36:07,182 | INFO | 🌐 Session warmed
2026-08-07 01:36:07,539 | INFO |    ↳ Status 403
2026-08-07 01:36:07,539 | WARNING |    ⚠ Blocked (403) retry 1
2026-08-07 01:36:07,602 | INFO | 🌐 Session warmed
2026-08-07 01:36:07,852 | INFO | [34/1901] Fetching Akola (AKOL)
2026-08-07 01:36:08,925 | INFO | [35/1901] Fetching Akot (TKOT)
2026-08-07 01:36:09,076 | INFO |    ↳ Status 403
2026-08-07 01:36:09,076 | WARNING |    ⚠ Blocked (403) retry 1
2026-08-07 01:36:09,148 | INFO | 🌐 Session warmed
2026-08-07 01:36:09,237 | INFO |    ↳ Status 403
2026-08-07 01:36:09,237 | WARNING |    ⚠ Blocked (403) retry 2
2026-08-07 01:36:09,314 | INFO | 🌐 Session warmed
2026-08-07 01:36:09,726 | INFO |    ↳ Status 403
2026-08-07 01:36:09,726 | WARNING |    ⚠ Blocked (403) retry 1
2026-08-07 01:36:09,794 | INFO | 🌐 Session warmed
2026-08-07 01:36:09,888 | INFO |    ↳ Status 403
2026-08-07 01:36:09,889 | WARNING |    ⚠ Blocked (403) retry 2
2026-08-07 01:36:09,956 | INFO | 🌐 Session warmed
2026-08-07 01:36:10,988 | INFO |    ↳ Status 403
2026-08-07 01:36:10,988 | WARNING |    ⚠ Blocked (403) retry 2
2026-08-07 01:36:11,056 | INFO | 🌐 Session warmed
2026-08-07 01:36:11,436 | INFO |    ↳ Status 403
2026-08-07 01:36:11,437 | WARNING |    ⚠ Blocked (403) retry 2
2026-08-07 01:36:11,504 | INFO | 🌐 Session warmed
2026-08-07 01:36:12,381 | INFO |    ↳ Status 403
2026-08-07 01:36:12,381 | WARNING |    ⚠ Blocked (403) retry 3
2026-08-07 01:36:12,447 | INFO | 🌐 Session warmed
2026-08-07 01:36:13,163 | INFO |    ↳ Status 403
2026-08-07 01:36:13,163 | WARNING |    ⚠ Blocked (403) retry 3
2026-08-07 01:36:13,235 | INFO | 🌐 Session warmed
2026-08-07 01:36:14,277 | INFO |    ↳ Status 403
2026-08-07 01:36:14,278 | WARNING |    ⚠ Blocked (403) retry 3
2026-08-07 01:36:14,346 | INFO | 🌐 Session warmed
2026-08-07 01:36:14,402 | INFO |    ↳ Status 403
2026-08-07 01:36:14,403 | WARNING |    ⚠ Blocked (403) retry 3
2026-08-07 01:36:14,472 | INFO | 🌐 Session warmed
2026-08-07 01:36:16,447 | INFO | [36/1901] Fetching Alakode (ALAK)
2026-08-07 01:36:17,107 | INFO |    ↳ Status 403
2026-08-07 01:36:17,107 | WARNING |    ⚠ Blocked (403) retry 1
2026-08-07 01:36:17,179 | INFO | 🌐 Session warmed
2026-08-07 01:36:17,235 | INFO | [37/1901] Fetching Alangudi (ALNI)
2026-08-07 01:36:18,237 | INFO |    ↳ Status 403
2026-08-07 01:36:18,237 | WARNING |    ⚠ Blocked (403) retry 1
2026-08-07 01:36:18,305 | INFO | 🌐 Session warmed
2026-08-07 01:36:18,346 | INFO | [38/1901] Fetching Alangulam (ALKM)
2026-08-07 01:36:18,472 | INFO | [39/1901] Fetching Alappuzha (ALPZ)
2026-08-07 01:36:19,046 | INFO |    ↳ Status 403
2026-08-07 01:36:19,046 | WARNING |    ⚠ Blocked (403) retry 1
2026-08-07 01:36:19,114 | INFO | 🌐 Session warmed
2026-08-07 01:36:19,420 | INFO |    ↳ Status 403
2026-08-07 01:36:19,420 | WARNING |    ⚠ Blocked (403) retry 2
2026-08-07 01:36:19,485 | INFO | 🌐 Session warmed
2026-08-07 01:36:19,742 | INFO |    ↳ Status 403
2026-08-07 01:36:19,742 | WARNING |    ⚠ Blocked (403) retry 1
2026-08-07 01:36:19,809 | INFO | 🌐 Session warmed
2026-08-07 01:36:20,490 | INFO |    ↳ Status 403
2026-08-07 01:36:20,490 | WARNING |    ⚠ Blocked (403) retry 2
2026-08-07 01:36:20,556 | INFO | 🌐 Session warmed
2026-08-07 01:36:21,108 | INFO |    ↳ Status 403
2026-08-07 01:36:21,108 | WARNING |    ⚠ Blocked (403) retry 2
2026-08-07 01:36:21,182 | INFO | 🌐 Session warmed
2026-08-07 01:36:22,001 | INFO |    ↳ Status 403
2026-08-07 01:36:22,001 | WARNING |    ⚠ Blocked (403) retry 2
2026-08-07 01:36:22,064 | INFO | 🌐 Session warmed
2026-08-07 01:36:22,108 | INFO |    ↳ Status 403
2026-08-07 01:36:22,108 | WARNING |    ⚠ Blocked (403) retry 3
2026-08-07 01:36:22,182 | INFO | 🌐 Session warmed
2026-08-07 01:36:23,324 | INFO |    ↳ Status 403
2026-08-07 01:36:23,324 | WARNING |    ⚠ Blocked (403) retry 3
2026-08-07 01:36:23,388 | INFO | 🌐 Session warmed
2026-08-07 01:36:24,006 | INFO |    ↳ Status 403
2026-08-07 01:36:24,006 | WARNING |    ⚠ Blocked (403) retry 3
2026-08-07 01:36:24,080 | INFO | 🌐 Session warmed
2026-08-07 01:36:25,003 | INFO |    ↳ Status 403
2026-08-07 01:36:25,003 | WARNING |    ⚠ Blocked (403) retry 3
2026-08-07 01:36:25,075 | INFO | 🌐 Session warmed
2026-08-07 01:36:26,183 | INFO | [40/1901] Fetching Alathur (ALAR)
2026-08-07 01:36:27,311 | INFO |    ↳ Status 403
2026-08-07 01:36:27,311 | WARNING |    ⚠ Blocked (403) retry 1
2026-08-07 01:36:27,383 | INFO | 🌐 Session warmed
2026-08-07 01:36:27,388 | INFO | [41/1901] Fetching Alibaug (ALBG)
2026-08-07 01:36:28,026 | INFO |    ↳ Status 403
2026-08-07 01:36:28,026 | WARNING |    ⚠ Blocked (403) retry 1
2026-08-07 01:36:28,081 | INFO | [42/1901] Fetching Aligarh (ALI)
2026-08-07 01:36:28,090 | INFO | 🌐 Session warmed
2026-08-07 01:36:28,696 | INFO |    ↳ Status 403
2026-08-07 01:36:28,696 | WARNING |    ⚠ Blocked (403) retry 1
2026-08-07 01:36:28,765 | INFO | 🌐 Session warmed
2026-08-07 01:36:29,075 | INFO | [43/1901] Fetching Alipurduar (ALIP)
2026-08-07 01:36:29,686 | INFO |    ↳ Status 403
2026-08-07 01:36:29,686 | WARNING |    ⚠ Blocked (403) retry 2
2026-08-07 01:36:29,753 | INFO | 🌐 Session warmed
2026-08-07 01:36:29,801 | INFO |    ↳ Status 403
2026-08-07 01:36:29,801 | WARNING |    ⚠ Blocked (403) retry 1
2026-08-07 01:36:29,867 | INFO | 🌐 Session warmed
2026-08-07 01:36:30,228 | INFO |    ↳ Status 403
2026-08-07 01:36:30,228 | WARNING |    ⚠ Blocked (403) retry 2
2026-08-07 01:36:30,299 | INFO | 🌐 Session warmed
2026-08-07 01:36:31,141 | INFO |    ↳ Status 403
2026-08-07 01:36:31,141 | WARNING |    ⚠ Blocked (403) retry 2
2026-08-07 01:36:31,211 | INFO | 🌐 Session warmed
2026-08-07 01:36:31,721 | INFO |    ↳ Status 403
2026-08-07 01:36:31,721 | WARNING |    ⚠ Blocked (403) retry 2
2026-08-07 01:36:31,785 | INFO | 🌐 Session warmed
2026-08-07 01:36:32,409 | INFO |    ↳ Status 403
2026-08-07 01:36:32,409 | WARNING |    ⚠ Blocked (403) retry 3
2026-08-07 01:36:32,480 | INFO | 🌐 Session warmed
2026-08-07 01:36:33,180 | INFO |    ↳ Status 403
2026-08-07 01:36:33,180 | WARNING |    ⚠ Blocked (403) retry 3
2026-08-07 01:36:33,251 | INFO | 🌐 Session warmed
2026-08-07 01:36:34,555 | INFO |    ↳ Status 403
2026-08-07 01:36:34,555 | WARNING |    ⚠ Blocked (403) retry 3
2026-08-07 01:36:34,628 | INFO | 🌐 Session warmed
2026-08-07 01:36:34,959 | INFO |    ↳ Status 403
2026-08-07 01:36:34,959 | WARNING |    ⚠ Blocked (403) retry 3
2026-08-07 01:36:35,023 | INFO | 🌐 Session warmed
2026-08-07 01:36:36,480 | INFO | [44/1901] Fetching Allagadda (ALGD)
2026-08-07 01:36:37,251 | INFO | [45/1901] Fetching Almora (ALMO)
2026-08-07 01:36:37,530 | INFO |    ↳ Status 403
2026-08-07 01:36:37,530 | WARNING |    ⚠ Blocked (403) retry 1
2026-08-07 01:36:37,605 | INFO | 🌐 Session warmed
2026-08-07 01:36:38,192 | INFO |    ↳ Status 403
2026-08-07 01:36:38,192 | WARNING |    ⚠ Blocked (403) retry 1
2026-08-07 01:36:38,258 | INFO | 🌐 Session warmed
2026-08-07 01:36:38,628 | INFO | [46/1901] Fetching Alsisar (Rajasthan) (ALSR)
2026-08-07 01:36:39,024 | INFO | [47/1901] Fetching Alur (ALUR)
2026-08-07 01:36:39,375 | INFO |    ↳ Status 403
2026-08-07 01:36:39,375 | WARNING |    ⚠ Blocked (403) retry 2
2026-08-07 01:36:39,443 | INFO | 🌐 Session warmed
2026-08-07 01:36:39,767 | INFO |    ↳ Status 403
2026-08-07 01:36:39,767 | WARNING |    ⚠ Blocked (403) retry 1
2026-08-07 01:36:39,785 | INFO |    ↳ Status 403
2026-08-07 01:36:39,785 | WARNING |    ⚠ Blocked (403) retry 1
2026-08-07 01:36:39,844 | INFO | 🌐 Session warmed
2026-08-07 01:36:39,861 | INFO | 🌐 Session warmed
2026-08-07 01:36:40,150 | INFO |    ↳ Status 403
2026-08-07 01:36:40,150 | WARNING |    ⚠ Blocked (403) retry 2
2026-08-07 01:36:40,226 | INFO | 🌐 Session warmed
2026-08-07 01:36:41,868 | INFO |    ↳ Status 403
2026-08-07 01:36:41,868 | WARNING |    ⚠ Blocked (403) retry 2
2026-08-07 01:36:41,912 | INFO |    ↳ Status 403
2026-08-07 01:36:41,912 | WARNING |    ⚠ Blocked (403) retry 2
2026-08-07 01:36:41,935 | INFO | 🌐 Session warmed
2026-08-07 01:36:41,976 | INFO | 🌐 Session warmed
2026-08-07 01:36:42,495 | INFO |    ↳ Status 403
2026-08-07 01:36:42,495 | WARNING |    ⚠ Blocked (403) retry 3
2026-08-07 01:36:42,582 | INFO | 🌐 Session warmed
2026-08-07 01:36:43,242 | INFO |    ↳ Status 403
2026-08-07 01:36:43,243 | WARNING |    ⚠ Blocked (403) retry 3
2026-08-07 01:36:43,309 | INFO | 🌐 Session warmed
2026-08-07 01:36:45,111 | INFO |    ↳ Status 403
2026-08-07 01:36:45,111 | WARNING |    ⚠ Blocked (403) retry 3
2026-08-07 01:36:45,177 | INFO | 🌐 Session warmed
2026-08-07 01:36:45,378 | INFO |    ↳ Status 403
2026-08-07 01:36:45,378 | WARNING |    ⚠ Blocked (403) retry 3
2026-08-07 01:36:45,442 | INFO | 🌐 Session warmed
2026-08-07 01:36:46,582 | INFO | [48/1901] Fetching Alwar (ALWR)
2026-08-07 01:36:47,309 | INFO | [49/1901] Fetching Amadalavalasa (ADAM)
2026-08-07 01:36:47,373 | INFO |    ↳ Status 403
2026-08-07 01:36:47,374 | WARNING |    ⚠ Blocked (403) retry 1
2026-08-07 01:36:47,441 | INFO | 🌐 Session warmed
2026-08-07 01:36:48,527 | INFO |    ↳ Status 403
2026-08-07 01:36:48,528 | WARNING |    ⚠ Blocked (403) retry 1
2026-08-07 01:36:48,601 | INFO | 🌐 Session warmed
2026-08-07 01:36:49,177 | INFO | [50/1901] Fetching Amalapuram (AMAP)
2026-08-07 01:36:49,442 | INFO | [51/1901] Fetching Amalner (AMLN)
2026-08-07 01:36:49,651 | INFO |    ↳ Status 403
2026-08-07 01:36:49,651 | WARNING |    ⚠ Blocked (403) retry 2
2026-08-07 01:36:49,717 | INFO | 🌐 Session warmed
2026-08-07 01:36:50,496 | INFO |    ↳ Status 403
2026-08-07 01:36:50,496 | WARNING |    ⚠ Blocked (403) retry 1
2026-08-07 01:36:50,565 | INFO | 🌐 Session warmed
2026-08-07 01:36:50,699 | INFO |    ↳ Status 403
2026-08-07 01:36:50,699 | WARNING |    ⚠ Blocked (403) retry 1
2026-08-07 01:36:50,742 | INFO |    ↳ Status 403
2026-08-07 01:36:50,742 | WARNING |    ⚠ Blocked (403) retry 2
2026-08-07 01:36:50,782 | INFO | 🌐 Session warmed
2026-08-07 01:36:50,817 | INFO | 🌐 Session warmed
2026-08-07 01:36:52,282 | INFO |    ↳ Status 403
2026-08-07 01:36:52,282 | WARNING |    ⚠ Blocked (403) retry 2
2026-08-07 01:36:52,355 | INFO | 🌐 Session warmed
2026-08-07 01:36:52,709 | INFO |    ↳ Status 403
2026-08-07 01:36:52,709 | WARNING |    ⚠ Blocked (403) retry 3
2026-08-07 01:36:52,779 | INFO | 🌐 Session warmed
2026-08-07 01:36:52,876 | INFO |    ↳ Status 403
2026-08-07 01:36:52,876 | WARNING |    ⚠ Blocked (403) retry 2
2026-08-07 01:36:52,958 | INFO | 🌐 Session warmed
2026-08-07 01:36:53,926 | INFO |    ↳ Status 403
2026-08-07 01:36:53,926 | WARNING |    ⚠ Blocked (403) retry 3
2026-08-07 01:36:54,008 | INFO | 🌐 Session warmed
2026-08-07 01:36:55,155 | INFO |    ↳ Status 403
2026-08-07 01:36:55,155 | WARNING |    ⚠ Blocked (403) retry 3
2026-08-07 01:36:55,231 | INFO | 🌐 Session warmed
2026-08-07 01:36:55,954 | INFO |    ↳ Status 403
2026-08-07 01:36:55,954 | WARNING |    ⚠ Blocked (403) retry 3
2026-08-07 01:36:56,023 | INFO | 🌐 Session warmed
2026-08-07 01:36:56,780 | INFO | [52/1901] Fetching Amangal (AMAN)
2026-08-07 01:36:57,452 | INFO |    ↳ Status 403
2026-08-07 01:36:57,452 | WARNING |    ⚠ Blocked (403) retry 1
2026-08-07 01:36:57,528 | INFO | 🌐 Session warmed
2026-08-07 01:36:58,008 | INFO | [53/1901] Fetching Amanpur (ZAMA)
2026-08-07 01:36:59,232 | INFO | [54/1901] Fetching Amaravathi (AVTI)
2026-08-07 01:36:59,275 | INFO |    ↳ Status 403
2026-08-07 01:36:59,275 | WARNING |    ⚠ Blocked (403) retry 1
2026-08-07 01:36:59,343 | INFO | 🌐 Session warmed
2026-08-07 01:36:59,519 | INFO |    ↳ Status 403
2026-08-07 01:36:59,519 | WARNING |    ⚠ Blocked (403) retry 2
2026-08-07 01:36:59,590 | INFO | 🌐 Session warmed
2026-08-07 01:37:00,023 | INFO | [55/1901] Fetching Ambajogai (AMBG)
2026-08-07 01:37:00,055 | INFO |    ↳ Status 403
2026-08-07 01:37:00,055 | WARNING |    ⚠ Blocked (403) retry 1
2026-08-07 01:37:00,137 | INFO | 🌐 Session warmed
2026-08-07 01:37:00,754 | INFO |    ↳ Status 403
2026-08-07 01:37:00,754 | WARNING |    ⚠ Blocked (403) retry 1
2026-08-07 01:37:00,829 | INFO | 🌐 Session warmed
2026-08-07 01:37:01,266 | INFO |    ↳ Status 403
2026-08-07 01:37:01,267 | WARNING |    ⚠ Blocked (403) retry 2
2026-08-07 01:37:01,340 | INFO | 🌐 Session warmed
2026-08-07 01:37:02,020 | INFO |    ↳ Status 403
2026-08-07 01:37:02,020 | WARNING |    ⚠ Blocked (403) retry 2
2026-08-07 01:37:02,093 | INFO | 🌐 Session warmed
2026-08-07 01:37:02,589 | INFO |    ↳ Status 403
2026-08-07 01:37:02,589 | WARNING |    ⚠ Blocked (403) retry 3
2026-08-07 01:37:02,657 | INFO | 🌐 Session warmed
2026-08-07 01:37:02,954 | INFO |    ↳ Status 403
2026-08-07 01:37:02,954 | WARNING |    ⚠ Blocked (403) retry 2
2026-08-07 01:37:03,017 | INFO | 🌐 Session warmed
2026-08-07 01:37:04,047 | INFO |    ↳ Status 403
2026-08-07 01:37:04,047 | WARNING |    ⚠ Blocked (403) retry 3
2026-08-07 01:37:04,119 | INFO | 🌐 Session warmed
2026-08-07 01:37:04,927 | INFO |    ↳ Status 403
2026-08-07 01:37:04,927 | WARNING |    ⚠ Blocked (403) retry 3
2026-08-07 01:37:05,002 | INFO | 🌐 Session warmed
2026-08-07 01:37:06,329 | INFO |    ↳ Status 403
2026-08-07 01:37:06,329 | WARNING |    ⚠ Blocked (403) retry 3
2026-08-07 01:37:06,402 | INFO | 🌐 Session warmed
2026-08-07 01:37:06,657 | INFO | [56/1901] Fetching Ambala (AMB)
2026-08-07 01:37:07,869 | INFO |    ↳ Status 403
2026-08-07 01:37:07,870 | WARNING |    ⚠ Blocked (403) retry 1
2026-08-07 01:37:07,942 | INFO | 🌐 Session warmed
2026-08-07 01:37:08,120 | INFO | [57/1901] Fetching Ambikapur (AMBI)
2026-08-07 01:37:09,002 | INFO | [58/1901] Fetching Ambur (AMBR)
2026-08-07 01:37:09,132 | INFO |    ↳ Status 403
2026-08-07 01:37:09,132 | WARNING |    ⚠ Blocked (403) retry 1
2026-08-07 01:37:09,197 | INFO | 🌐 Session warmed
2026-08-07 01:37:09,984 | INFO |    ↳ Status 403
2026-08-07 01:37:09,984 | WARNING |    ⚠ Blocked (403) retry 2
2026-08-07 01:37:10,297 | INFO |    ↳ Status 403
2026-08-07 01:37:10,297 | WARNING |    ⚠ Blocked (403) retry 1
2026-08-07 01:37:10,361 | INFO | 🌐 Session warmed
2026-08-07 01:37:10,369 | INFO | 🌐 Session warmed
2026-08-07 01:37:10,402 | INFO | [59/1901] Fetching Amgaon (AMGN)
2026-08-07 01:37:11,226 | INFO |    ↳ Status 403
2026-08-07 01:37:11,226 | WARNING |    ⚠ Blocked (403) retry 2
2026-08-07 01:37:11,299 | INFO | 🌐 Session warmed
2026-08-07 01:37:11,401 | INFO |    ↳ Status 403
2026-08-07 01:37:11,401 | WARNING |    ⚠ Blocked (403) retry 1
2026-08-07 01:37:11,472 | INFO | 🌐 Session warmed
2026-08-07 01:37:12,713 | INFO |    ↳ Status 403
2026-08-07 01:37:12,713 | WARNING |    ⚠ Blocked (403) retry 2
2026-08-07 01:37:12,786 | INFO | 🌐 Session warmed
2026-08-07 01:37:13,254 | INFO |    ↳ Status 403
2026-08-07 01:37:13,254 | WARNING |    ⚠ Blocked (403) retry 2
2026-08-07 01:37:13,327 | INFO | 🌐 Session warmed
2026-08-07 01:37:13,376 | INFO |    ↳ Status 200
2026-08-07 01:37:13,376 | INFO |    ✓ Found 7 movies
2026-08-07 01:37:13,376 | INFO | [60/1901] Fetching Amravati (AMRA)
2026-08-07 01:37:14,355 | INFO |    ↳ Status 200
2026-08-07 01:37:14,356 | INFO |    ✓ Found 8 movies
2026-08-07 01:37:14,356 | INFO | [61/1901] Fetching Amreli (AMRE)
2026-08-07 01:37:14,429 | INFO |    ↳ Status 403
2026-08-07 01:37:14,430 | WARNING |    ⚠ Blocked (403) retry 3
2026-08-07 01:37:14,502 | INFO | 🌐 Session warmed
2026-08-07 01:37:15,604 | INFO |    ↳ Status 403
2026-08-07 01:37:15,604 | WARNING |    ⚠ Blocked (403) retry 3
2026-08-07 01:37:15,683 | INFO | 🌐 Session warmed
2026-08-07 01:37:15,693 | INFO |    ↳ Status 200
2026-08-07 01:37:15,694 | INFO |    ✓ Found 7 movies
2026-08-07 01:37:15,694 | INFO | [62/1901] Fetching Amritsar (AMRI)
2026-08-07 01:37:16,614 | INFO |    ↳ Status 403
2026-08-07 01:37:16,615 | WARNING |    ⚠ Blocked (403) retry 3
2026-08-07 01:37:16,691 | INFO | 🌐 Session warmed
2026-08-07 01:37:17,060 | INFO |    ↳ Status 200
2026-08-07 01:37:17,061 | INFO |    ✓ Found 6 movies
2026-08-07 01:37:17,061 | INFO | [63/1901] Fetching Amroha (AMRO)
2026-08-07 01:37:18,273 | INFO |    ↳ Status 200
2026-08-07 01:37:18,273 | INFO |    ✓ Found 8 movies
2026-08-07 01:37:18,273 | INFO | [64/1901] Fetching Anaikatti (ANAI)
2026-08-07 01:37:18,503 | INFO | [65/1901] Fetching Anakapalle (ANKP)
2026-08-07 01:37:19,572 | INFO |    ↳ Status 403
2026-08-07 01:37:19,572 | WARNING |    ⚠ Blocked (403) retry 1
2026-08-07 01:37:19,639 | INFO | 🌐 Session warmed
2026-08-07 01:37:19,683 | INFO | [66/1901] Fetching Anand (AND)
2026-08-07 01:37:19,722 | INFO |    ↳ Status 200
2026-08-07 01:37:19,722 | INFO |    ✓ Found 8 movies
2026-08-07 01:37:19,722 | INFO | [67/1901] Fetching Anandapur (ANPR)
2026-08-07 01:37:20,691 | INFO | [68/1901] Fetching Anantapalli (ANTT)
2026-08-07 01:37:20,870 | INFO |    ↳ Status 200
2026-08-07 01:37:20,870 | INFO |    ✓ Found 8 movies
2026-08-07 01:37:20,870 | INFO | [69/1901] Fetching Anantapur (ANAN)
2026-08-07 01:37:20,993 | INFO |    ↳ Status 403
2026-08-07 01:37:20,993 | WARNING |    ⚠ Blocked (403) retry 1
2026-08-07 01:37:21,058 | INFO | 🌐 Session warmed
2026-08-07 01:37:21,350 | INFO |    ↳ Status 403
2026-08-07 01:37:21,350 | WARNING |    ⚠ Blocked (403) retry 2
2026-08-07 01:37:21,416 | INFO | 🌐 Session warmed
2026-08-07 01:37:21,954 | INFO |    ↳ Status 403
2026-08-07 01:37:21,954 | WARNING |    ⚠ Blocked (403) retry 1
2026-08-07 01:37:22,021 | INFO | 🌐 Session warmed
2026-08-07 01:37:22,271 | INFO |    ↳ Status 200
2026-08-07 01:37:22,271 | INFO |    ✓ Found 8 movies
2026-08-07 01:37:22,272 | INFO | [70/1901] Fetching Anaparthi (ANPT)
2026-08-07 01:37:22,806 | INFO |    ↳ Status 403
2026-08-07 01:37:22,806 | WARNING |    ⚠ Blocked (403) retry 2
2026-08-07 01:37:22,873 | INFO | 🌐 Session warmed
2026-08-07 01:37:23,249 | INFO |    ↳ Status 200
2026-08-07 01:37:23,249 | INFO |    ✓ Found 8 movies
2026-08-07 01:37:23,249 | INFO | [71/1901] Fetching Anchal (ANHL)
2026-08-07 01:37:23,815 | INFO |    ↳ Status 403
2026-08-07 01:37:23,815 | WARNING |    ⚠ Blocked (403) retry 2
2026-08-07 01:37:23,885 | INFO | 🌐 Session warmed
2026-08-07 01:37:24,745 | INFO |    ↳ Status 403
2026-08-07 01:37:24,745 | WARNING |    ⚠ Blocked (403) retry 3
2026-08-07 01:37:24,762 | INFO |    ↳ Status 200
2026-08-07 01:37:24,762 | INFO |    ✓ Found 8 movies
2026-08-07 01:37:24,762 | INFO | [72/1901] Fetching Andaman And Nicobar (AANI)
2026-08-07 01:37:24,813 | INFO | 🌐 Session warmed
2026-08-07 01:37:25,673 | INFO |    ↳ Status 403
2026-08-07 01:37:25,673 | WARNING |    ⚠ Blocked (403) retry 3
2026-08-07 01:37:25,742 | INFO | 🌐 Session warmed
2026-08-07 01:37:25,781 | INFO |    ↳ Status 200
2026-08-07 01:37:25,782 | INFO |    ✓ Found 1 movies
2026-08-07 01:37:25,782 | INFO | [73/1901] Fetching Anekal (ANEK)
2026-08-07 01:37:27,023 | INFO |    ↳ Status 200
2026-08-07 01:37:27,023 | INFO |    ✓ Found 8 movies
2026-08-07 01:37:27,024 | INFO | [74/1901] Fetching Angadipuram (ANDM)
2026-08-07 01:37:27,124 | INFO |    ↳ Status 403
2026-08-07 01:37:27,124 | WARNING |    ⚠ Blocked (403) retry 3
2026-08-07 01:37:27,199 | INFO | 🌐 Session warmed
2026-08-07 01:37:28,813 | INFO | [75/1901] Fetching Angamaly (ANGA)
2026-08-07 01:37:29,372 | INFO |    ↳ Status 200
2026-08-07 01:37:29,372 | INFO |    ✓ Found 8 movies
2026-08-07 01:37:29,372 | INFO | [76/1901] Fetching Angara (ANGR)
2026-08-07 01:37:29,742 | INFO | [77/1901] Fetching Angul (ANGL)
2026-08-07 01:37:30,121 | INFO |    ↳ Status 403
2026-08-07 01:37:30,122 | WARNING |    ⚠ Blocked (403) retry 1
2026-08-07 01:37:30,194 | INFO | 🌐 Session warmed
2026-08-07 01:37:30,973 | INFO |    ↳ Status 200
2026-08-07 01:37:30,973 | INFO |    ✓ Found 8 movies
2026-08-07 01:37:30,973 | INFO | [78/1901] Fetching Anjad (ANJA)
2026-08-07 01:37:30,991 | INFO |    ↳ Status 403
2026-08-07 01:37:30,991 | WARNING |    ⚠ Blocked (403) retry 1
2026-08-07 01:37:31,061 | INFO | 🌐 Session warmed
2026-08-07 01:37:31,199 | INFO | [79/1901] Fetching Anjar (ANJR)
2026-08-07 01:37:32,359 | INFO |    ↳ Status 403
2026-08-07 01:37:32,359 | WARNING |    ⚠ Blocked (403) retry 2
2026-08-07 01:37:32,429 | INFO | 🌐 Session warmed
2026-08-07 01:37:32,481 | INFO |    ↳ Status 403
2026-08-07 01:37:32,481 | WARNING |    ⚠ Blocked (403) retry 1
2026-08-07 01:37:32,548 | INFO | 🌐 Session warmed
2026-08-07 01:37:32,606 | INFO |    ↳ Status 200
2026-08-07 01:37:32,606 | INFO |    ✓ Found 8 movies
2026-08-07 01:37:32,606 | INFO | [80/1901] Fetching Anklav (ANKV)
2026-08-07 01:37:33,015 | INFO |    ↳ Status 403
2026-08-07 01:37:33,015 | WARNING |    ⚠ Blocked (403) retry 2
2026-08-07 01:37:33,080 | INFO | 🌐 Session warmed
2026-08-07 01:37:34,134 | INFO |    ↳ Status 200
2026-08-07 01:37:34,134 | INFO |    ✓ Found 7 movies
2026-08-07 01:37:34,134 | INFO | [81/1901] Fetching Ankleshwar (ANKL)
2026-08-07 01:37:34,774 | INFO |    ↳ Status 403
2026-08-07 01:37:34,774 | WARNING |    ⚠ Blocked (403) retry 2
2026-08-07 01:37:34,840 | INFO | 🌐 Session warmed
2026-08-07 01:37:35,323 | INFO |    ↳ Status 200
2026-08-07 01:37:35,324 | INFO |    ✓ Found 7 movies
2026-08-07 01:37:35,324 | INFO | [82/1901] Fetching Ankola (ANKO)
2026-08-07 01:37:35,808 | INFO |    ↳ Status 403
2026-08-07 01:37:35,808 | WARNING |    ⚠ Blocked (403) retry 3
2026-08-07 01:37:35,884 | INFO | 🌐 Session warmed
2026-08-07 01:37:35,972 | INFO |    ↳ Status 403
2026-08-07 01:37:35,973 | WARNING |    ⚠ Blocked (403) retry 3
2026-08-07 01:37:36,047 | INFO | 🌐 Session warmed
2026-08-07 01:37:36,499 | INFO |    ↳ Status 200
2026-08-07 01:37:36,499 | INFO |    ✓ Found 0 movies
2026-08-07 01:37:36,499 | INFO | [83/1901] Fetching Annavaram (ANVR)
2026-08-07 01:37:37,595 | INFO |    ↳ Status 403
2026-08-07 01:37:37,595 | WARNING |    ⚠ Blocked (403) retry 3
2026-08-07 01:37:37,668 | INFO | 🌐 Session warmed
2026-08-07 01:37:38,236 | INFO |    ↳ Status 200
2026-08-07 01:37:38,236 | INFO |    ✓ Found 8 movies
2026-08-07 01:37:38,236 | INFO | [84/1901] Fetching Annigeri (ANGI)
2026-08-07 01:37:39,884 | INFO | [85/1901] Fetching Anthiyur (ATYR)
2026-08-07 01:37:40,047 | INFO | [86/1901] Fetching Apra (APRA)
2026-08-07 01:37:40,596 | INFO |    ↳ Status 200
2026-08-07 01:37:40,596 | INFO |    ✓ Found 8 movies
2026-08-07 01:37:40,597 | INFO | [87/1901] Fetching Arakkonam (ARAK)
2026-08-07 01:37:41,193 | INFO |    ↳ Status 403
2026-08-07 01:37:41,193 | WARNING |    ⚠ Blocked (403) retry 1
2026-08-07 01:37:41,259 | INFO | 🌐 Session warmed
2026-08-07 01:37:41,308 | INFO |    ↳ Status 403
2026-08-07 01:37:41,309 | WARNING |    ⚠ Blocked (403) retry 1
2026-08-07 01:37:41,372 | INFO | 🌐 Session warmed
2026-08-07 01:37:41,655 | INFO |    ↳ Status 200
2026-08-07 01:37:41,655 | INFO |    ✓ Found 8 movies
2026-08-07 01:37:41,655 | INFO | [88/1901] Fetching Arambagh (AMBH)
2026-08-07 01:37:41,668 | INFO | [89/1901] Fetching Arambol (ARMB)
2026-08-07 01:37:42,455 | INFO |    ↳ Status 403
2026-08-07 01:37:42,455 | WARNING |    ⚠ Blocked (403) retry 1
2026-08-07 01:37:42,531 | INFO | 🌐 Session warmed
2026-08-07 01:37:42,827 | INFO |    ↳ Status 200
2026-08-07 01:37:42,827 | INFO |    ✓ Found 7 movies
2026-08-07 01:37:42,827 | INFO | [90/1901] Fetching Aranthangi (ARNT)
2026-08-07 01:37:43,014 | INFO |    ↳ Status 403
2026-08-07 01:37:43,014 | WARNING |    ⚠ Blocked (403) retry 2
2026-08-07 01:37:43,094 | INFO | 🌐 Session warmed
2026-08-07 01:37:43,610 | INFO |    ↳ Status 403
2026-08-07 01:37:43,610 | WARNING |    ⚠ Blocked (403) retry 2
2026-08-07 01:37:43,679 | INFO | 🌐 Session warmed
2026-08-07 01:37:44,180 | INFO |    ↳ Status 403
2026-08-07 01:37:44,180 | WARNING |    ⚠ Blocked (403) retry 2
2026-08-07 01:37:44,250 | INFO | 🌐 Session warmed
2026-08-07 01:37:44,289 | INFO |    ↳ Status 200
2026-08-07 01:37:44,289 | INFO |    ✓ Found 8 movies
2026-08-07 01:37:44,289 | INFO | [91/1901] Fetching Aravakurichi (ARAV)
2026-08-07 01:37:45,839 | INFO |    ↳ Status 200
2026-08-07 01:37:45,840 | INFO |    ✓ Found 8 movies
2026-08-07 01:37:45,840 | INFO | [92/1901] Fetching Ariyalur (ARIY)
2026-08-07 01:37:46,133 | INFO |    ↳ Status 403
2026-08-07 01:37:46,133 | WARNING |    ⚠ Blocked (403) retry 3
2026-08-07 01:37:46,198 | INFO | 🌐 Session warmed
2026-08-07 01:37:46,330 | INFO |    ↳ Status 403
2026-08-07 01:37:46,330 | WARNING |    ⚠ Blocked (403) retry 3
2026-08-07 01:37:46,397 | INFO | 🌐 Session warmed
2026-08-07 01:37:47,341 | INFO |    ↳ Status 403
2026-08-07 01:37:47,341 | WARNING |    ⚠ Blocked (403) retry 3
2026-08-07 01:37:47,387 | INFO |    ↳ Status 200
2026-08-07 01:37:47,387 | INFO |    ✓ Found 8 movies
2026-08-07 01:37:47,387 | INFO | [93/1901] Fetching Arkalgud (ARGU)
2026-08-07 01:37:47,408 | INFO | 🌐 Session warmed
2026-08-07 01:37:48,600 | INFO |    ↳ Status 200
2026-08-07 01:37:48,600 | INFO |    ✓ Found 8 movies
2026-08-07 01:37:48,600 | INFO | [94/1901] Fetching Armoor (ARMO)
2026-08-07 01:37:49,855 | INFO |    ↳ Status 200
2026-08-07 01:37:49,855 | INFO |    ✓ Found 8 movies
2026-08-07 01:37:49,855 | INFO | [95/1901] Fetching Arni (ARNI)
2026-08-07 01:37:50,198 | INFO | [96/1901] Fetching Arsikere (ARSI)
2026-08-07 01:37:50,397 | INFO | [97/1901] Fetching Aruppukottai (ARUP)
2026-08-07 01:37:51,322 | INFO |    ↳ Status 200
2026-08-07 01:37:51,322 | INFO |    ✓ Found 8 movies
2026-08-07 01:37:51,322 | INFO | [98/1901] Fetching Asansol (ASANSOL)
2026-08-07 01:37:51,408 | INFO | [99/1901] Fetching Ashoknagar (AKMP)
2026-08-07 01:37:51,530 | INFO |    ↳ Status 403
2026-08-07 01:37:51,530 | WARNING |    ⚠ Blocked (403) retry 1
2026-08-07 01:37:51,598 | INFO | 🌐 Session warmed
2026-08-07 01:37:51,703 | INFO |    ↳ Status 403
2026-08-07 01:37:51,703 | WARNING |    ⚠ Blocked (403) retry 1
2026-08-07 01:37:51,772 | INFO | 🌐 Session warmed
2026-08-07 01:37:52,055 | INFO |    ↳ Status 403
2026-08-07 01:37:52,055 | WARNING |    ⚠ Blocked (403) retry 1
2026-08-07 01:37:52,122 | INFO | 🌐 Session warmed
2026-08-07 01:37:52,334 | INFO |    ↳ Status 200
2026-08-07 01:37:52,334 | INFO |    ✓ Found 7 movies
2026-08-07 01:37:52,334 | INFO | [100/1901] Fetching Ashoknagar (West Bengal) (ASNA)
2026-08-07 01:37:53,530 | INFO |    ↳ Status 403
2026-08-07 01:37:53,530 | WARNING |    ⚠ Blocked (403) retry 2
2026-08-07 01:37:53,598 | INFO | 🌐 Session warmed
2026-08-07 01:37:53,669 | INFO |    ↳ Status 200
2026-08-07 01:37:53,669 | INFO |    ✓ Found 7 movies
2026-08-07 01:37:53,669 | INFO | [101/1901] Fetching Ashta (ASTA)
2026-08-07 01:37:53,767 | INFO |    ↳ Status 403
2026-08-07 01:37:53,767 | WARNING |    ⚠ Blocked (403) retry 2
2026-08-07 01:37:53,816 | INFO |    ↳ Status 403
2026-08-07 01:37:53,816 | WARNING |    ⚠ Blocked (403) retry 2
2026-08-07 01:37:53,834 | INFO | 🌐 Session warmed
2026-08-07 01:37:53,892 | INFO | 🌐 Session warmed
2026-08-07 01:37:55,340 | INFO |    ↳ Status 200
2026-08-07 01:37:55,340 | INFO |    ✓ Found 8 movies
2026-08-07 01:37:55,341 | INFO | [102/1901] Fetching Ashta (Maharashtra) (ASMA)
2026-08-07 01:37:56,497 | INFO |    ↳ Status 403
2026-08-07 01:37:56,497 | WARNING |    ⚠ Blocked (403) retry 3
2026-08-07 01:37:56,573 | INFO | 🌐 Session warmed
2026-08-07 01:37:56,585 | INFO |    ↳ Status 403
2026-08-07 01:37:56,585 | WARNING |    ⚠ Blocked (403) retry 3
2026-08-07 01:37:56,594 | INFO |    ↳ Status 200
2026-08-07 01:37:56,594 | INFO |    ✓ Found 8 movies
2026-08-07 01:37:56,594 | INFO | [103/1901] Fetching Asika (ASIK)
2026-08-07 01:37:56,661 | INFO | 🌐 Session warmed
2026-08-07 01:37:56,943 | INFO |    ↳ Status 403
2026-08-07 01:37:56,943 | WARNING |    ⚠ Blocked (403) retry 3
2026-08-07 01:37:57,023 | INFO | 🌐 Session warmed
2026-08-07 01:37:57,660 | INFO |    ↳ Status 200
2026-08-07 01:37:57,660 | INFO |    ✓ Found 8 movies
2026-08-07 01:37:57,660 | INFO | [104/1901] Fetching Aswaraopeta (ASWA)
2026-08-07 01:37:59,836 | INFO |    ↳ Status 200
2026-08-07 01:37:59,836 | INFO |    ✓ Found 8 movies
2026-08-07 01:37:59,836 | INFO | [105/1901] Fetching Athagarh (ATHG)
2026-08-07 01:38:00,573 | INFO | [106/1901] Fetching Athani (ATHN)
2026-08-07 01:38:00,662 | INFO | [107/1901] Fetching Atmakur (Nellore) (ATMK)
2026-08-07 01:38:01,024 | INFO | [108/1901] Fetching Atpadi (ATPA)
2026-08-07 01:38:01,235 | INFO |    ↳ Status 403
2026-08-07 01:38:01,235 | WARNING |    ⚠ Blocked (403) retry 1
2026-08-07 01:38:01,303 | INFO | 🌐 Session warmed
2026-08-07 01:38:01,315 | INFO |    ↳ Status 200
2026-08-07 01:38:01,315 | INFO |    ✓ Found 8 movies
2026-08-07 01:38:01,316 | INFO | [109/1901] Fetching Atraulia (ATRA)
2026-08-07 01:38:01,782 | INFO |    ↳ Status 403
2026-08-07 01:38:01,782 | WARNING |    ⚠ Blocked (403) retry 1
2026-08-07 01:38:01,851 | INFO | 🌐 Session warmed
2026-08-07 01:38:01,992 | INFO |    ↳ Status 403
2026-08-07 01:38:01,992 | WARNING |    ⚠ Blocked (403) retry 1
2026-08-07 01:38:02,063 | INFO | 🌐 Session warmed
2026-08-07 01:38:02,653 | INFO |    ↳ Status 200
2026-08-07 01:38:02,653 | INFO |    ✓ Found 8 movies
2026-08-07 01:38:02,653 | INFO | [110/1901] Fetching Attibele (ATTO)
2026-08-07 01:38:03,032 | INFO |    ↳ Status 403
2026-08-07 01:38:03,032 | WARNING |    ⚠ Blocked (403) retry 2
2026-08-07 01:38:03,101 | INFO | 🌐 Session warmed
2026-08-07 01:38:03,526 | INFO |    ↳ Status 403
2026-08-07 01:38:03,526 | WARNING |    ⚠ Blocked (403) retry 2
2026-08-07 01:38:03,591 | INFO | 🌐 Session warmed
2026-08-07 01:38:03,895 | INFO |    ↳ Status 403
2026-08-07 01:38:03,895 | WARNING |    ⚠ Blocked (403) retry 2
2026-08-07 01:38:03,967 | INFO | 🌐 Session warmed
2026-08-07 01:38:04,185 | INFO |    ↳ Status 200
2026-08-07 01:38:04,185 | INFO |    ✓ Found 8 movies
2026-08-07 01:38:04,185 | INFO | [111/1901] Fetching Attili (ATLI)
2026-08-07 01:38:05,757 | INFO |    ↳ Status 200
2026-08-07 01:38:05,757 | INFO |    ✓ Found 8 movies
2026-08-07 01:38:05,757 | INFO | [112/1901] Fetching Attingal (ATTI)
2026-08-07 01:38:05,807 | INFO |    ↳ Status 403
2026-08-07 01:38:05,807 | WARNING |    ⚠ Blocked (403) retry 3
2026-08-07 01:38:05,874 | INFO | 🌐 Session warmed
2026-08-07 01:38:06,639 | INFO |    ↳ Status 403
2026-08-07 01:38:06,639 | WARNING |    ⚠ Blocked (403) retry 3
2026-08-07 01:38:06,714 | INFO | 🌐 Session warmed
2026-08-07 01:38:07,324 | INFO |    ↳ Status 403
2026-08-07 01:38:07,324 | WARNING |    ⚠ Blocked (403) retry 3
2026-08-07 01:38:07,403 | INFO | 🌐 Session warmed
2026-08-07 01:38:07,812 | INFO |    ↳ Status 200
2026-08-07 01:38:07,812 | INFO |    ✓ Found 8 movies
2026-08-07 01:38:07,812 | INFO | [113/1901] Fetching Attur (ATTR)
2026-08-07 01:38:09,025 | INFO |    ↳ Status 200
2026-08-07 01:38:09,025 | INFO |    ✓ Found 8 movies
2026-08-07 01:38:09,025 | INFO | [114/1901] Fetching Aurangabad (Bihar) (AUBI)
2026-08-07 01:38:09,874 | INFO | [115/1901] Fetching Aurangabad (West Bengal) (AURW)
2026-08-07 01:38:10,347 | INFO |    ↳ Status 200
2026-08-07 01:38:10,347 | INFO |    ✓ Found 7 movies
2026-08-07 01:38:10,347 | INFO | [116/1901] Fetching Auroville (AURV)
2026-08-07 01:38:10,714 | INFO | [117/1901] Fetching Aushapur (AUSH)
2026-08-07 01:38:11,157 | INFO |    ↳ Status 403
2026-08-07 01:38:11,157 | WARNING |    ⚠ Blocked (403) retry 1
2026-08-07 01:38:11,230 | INFO | 🌐 Session warmed
2026-08-07 01:38:11,403 | INFO | [118/1901] Fetching Avinashi (AVII)
2026-08-07 01:38:11,827 | INFO |    ↳ Status 200
2026-08-07 01:38:11,827 | INFO |    ✓ Found 8 movies
2026-08-07 01:38:11,827 | INFO | [119/1901] Fetching Ayodhya (AYOD)
2026-08-07 01:38:11,838 | INFO |    ↳ Status 403
2026-08-07 01:38:11,838 | WARNING |    ⚠ Blocked (403) retry 1
2026-08-07 01:38:11,930 | INFO | 🌐 Session warmed
2026-08-07 01:38:12,131 | INFO |    ↳ Status 403
2026-08-07 01:38:12,131 | WARNING |    ⚠ Blocked (403) retry 1
2026-08-07 01:38:12,198 | INFO | 🌐 Session warmed
2026-08-07 01:38:13,017 | INFO |    ↳ Status 200
2026-08-07 01:38:13,018 | INFO |    ✓ Found 8 movies
2026-08-07 01:38:13,018 | INFO | [120/1901] Fetching Azamgarh (AZMG)
2026-08-07 01:38:13,486 | INFO |    ↳ Status 403
2026-08-07 01:38:13,486 | WARNING |    ⚠ Blocked (403) retry 2
2026-08-07 01:38:13,553 | INFO | 🌐 Session warmed
2026-08-07 01:38:13,612 | INFO |    ↳ Status 403
2026-08-07 01:38:13,612 | WARNING |    ⚠ Blocked (403) retry 2
2026-08-07 01:38:13,679 | INFO | 🌐 Session warmed
2026-08-07 01:38:14,407 | INFO |    ↳ Status 200
2026-08-07 01:38:14,407 | INFO |    ✓ Found 8 movies
2026-08-07 01:38:14,408 | INFO | [121/1901] Fetching B. Kothakota (BKOT)
2026-08-07 01:38:14,496 | INFO |    ↳ Status 403
2026-08-07 01:38:14,496 | WARNING |    ⚠ Blocked (403) retry 2
2026-08-07 01:38:14,571 | INFO | 🌐 Session warmed
2026-08-07 01:38:15,708 | INFO |    ↳ Status 200
2026-08-07 01:38:15,708 | INFO |    ✓ Found 8 movies
2026-08-07 01:38:15,708 | INFO | [122/1901] Fetching Babra (BABT)
2026-08-07 01:38:16,499 | INFO |    ↳ Status 403
2026-08-07 01:38:16,499 | WARNING |    ⚠ Blocked (403) retry 3
2026-08-07 01:38:16,575 | INFO | 🌐 Session warmed
2026-08-07 01:38:16,847 | INFO |    ↳ Status 403
2026-08-07 01:38:16,847 | WARNING |    ⚠ Blocked (403) retry 3
2026-08-07 01:38:16,923 | INFO | 🌐 Session warmed
2026-08-07 01:38:16,955 | INFO |    ↳ Status 200
2026-08-07 01:38:16,955 | INFO |    ✓ Found 0 movies
2026-08-07 01:38:16,955 | INFO | [123/1901] Fetching Badami (BAMA)
2026-08-07 01:38:17,658 | INFO |    ↳ Status 403
2026-08-07 01:38:17,658 | WARNING |    ⚠ Blocked (403) retry 3
2026-08-07 01:38:17,723 | INFO | 🌐 Session warmed
2026-08-07 01:38:18,185 | INFO |    ↳ Status 200
2026-08-07 01:38:18,185 | INFO |    ✓ Found 8 movies
2026-08-07 01:38:18,185 | INFO | [124/1901] Fetching Badaun (BADN)
2026-08-07 01:38:19,750 | INFO |    ↳ Status 200
2026-08-07 01:38:19,750 | INFO |    ✓ Found 8 movies
2026-08-07 01:38:19,750 | INFO | [125/1901] Fetching Baddi (BADD)
2026-08-07 01:38:20,575 | INFO | [126/1901] Fetching Badhra (BAHR)
2026-08-07 01:38:20,923 | INFO | [127/1901] Fetching Badnagar (BADA)
2026-08-07 01:38:21,155 | INFO |    ↳ Status 200
2026-08-07 01:38:21,155 | INFO |    ✓ Found 8 movies
2026-08-07 01:38:21,155 | INFO | [128/1901] Fetching Badnawar (BADR)
2026-08-07 01:38:21,724 | INFO | [129/1901] Fetching Badvel (BADV)
2026-08-07 01:38:21,944 | INFO |    ↳ Status 403
2026-08-07 01:38:21,944 | WARNING |    ⚠ Blocked (403) retry 1
2026-08-07 01:38:21,966 | INFO |    ↳ Status 403
2026-08-07 01:38:21,966 | WARNING |    ⚠ Blocked (403) retry 1
2026-08-07 01:38:22,029 | INFO | 🌐 Session warmed
2026-08-07 01:38:22,043 | INFO | 🌐 Session warmed
2026-08-07 01:38:22,641 | INFO |    ↳ Status 200
2026-08-07 01:38:22,641 | INFO |    ✓ Found 8 movies
2026-08-07 01:38:22,641 | INFO | [130/1901] Fetching Bagaha (BAAG)
2026-08-07 01:38:22,977 | INFO |    ↳ Status 403
2026-08-07 01:38:22,977 | WARNING |    ⚠ Blocked (403) retry 1
2026-08-07 01:38:23,042 | INFO | 🌐 Session warmed
2026-08-07 01:38:23,760 | INFO |    ↳ Status 200
2026-08-07 01:38:23,760 | INFO |    ✓ Found 7 movies
2026-08-07 01:38:23,760 | INFO | [131/1901] Fetching Bagalkot (BAGA)
2026-08-07 01:38:23,925 | INFO |    ↳ Status 403
2026-08-07 01:38:23,925 | WARNING |    ⚠ Blocked (403) retry 2
2026-08-07 01:38:23,992 | INFO | 🌐 Session warmed
2026-08-07 01:38:24,117 | INFO |    ↳ Status 403
2026-08-07 01:38:24,117 | WARNING |    ⚠ Blocked (403) retry 2
2026-08-07 01:38:24,190 | INFO | 🌐 Session warmed
2026-08-07 01:38:24,824 | INFO |    ↳ Status 403
2026-08-07 01:38:24,824 | WARNING |    ⚠ Blocked (403) retry 2
2026-08-07 01:38:24,891 | INFO | 🌐 Session warmed
2026-08-07 01:38:24,995 | INFO |    ↳ Status 200
2026-08-07 01:38:24,996 | INFO |    ✓ Found 8 movies
2026-08-07 01:38:24,996 | INFO | [132/1901] Fetching Bagbahara (BBHA)
2026-08-07 01:38:26,420 | INFO |    ↳ Status 200
2026-08-07 01:38:26,420 | INFO |    ✓ Found 7 movies
2026-08-07 01:38:26,420 | INFO | [133/1901] Fetching Bagepalli (BGPI)
2026-08-07 01:38:26,672 | INFO |    ↳ Status 403
2026-08-07 01:38:26,672 | WARNING |    ⚠ Blocked (403) retry 3
2026-08-07 01:38:26,741 | INFO | 🌐 Session warmed
2026-08-07 01:38:27,046 | INFO |    ↳ Status 403
2026-08-07 01:38:27,046 | WARNING |    ⚠ Blocked (403) retry 3
2026-08-07 01:38:27,116 | INFO | 🌐 Session warmed
2026-08-07 01:38:27,791 | INFO |    ↳ Status 403
2026-08-07 01:38:27,791 | WARNING |    ⚠ Blocked (403) retry 3
2026-08-07 01:38:27,857 | INFO | 🌐 Session warmed
2026-08-07 01:38:28,109 | INFO |    ↳ Status 200
2026-08-07 01:38:28,109 | INFO |    ✓ Found 8 movies
2026-08-07 01:38:28,109 | INFO | [134/1901] Fetching Bagha Purana (BAPU)
2026-08-07 01:38:29,390 | INFO |    ↳ Status 200
2026-08-07 01:38:29,390 | INFO |    ✓ Found 6 movies
2026-08-07 01:38:29,390 | INFO | [135/1901] Fetching Baghmari (BGAM)
2026-08-07 01:38:30,634 | INFO |    ↳ Status 200
2026-08-07 01:38:30,634 | INFO |    ✓ Found 7 movies
2026-08-07 01:38:30,634 | INFO | [136/1901] Fetching Bagnan (BAGN)
2026-08-07 01:38:30,741 | INFO | [137/1901] Fetching Bagru (BAGU)
2026-08-07 01:38:31,117 | INFO | [138/1901] Fetching Bahadurgarh (BAHD)
2026-08-07 01:38:31,857 | INFO | [139/1901] Fetching Bahraich (BHRH)
2026-08-07 01:38:32,051 | INFO |    ↳ Status 403
2026-08-07 01:38:32,051 | WARNING |    ⚠ Blocked (403) retry 1
2026-08-07 01:38:32,116 | INFO | 🌐 Session warmed
2026-08-07 01:38:32,216 | INFO |    ↳ Status 403
2026-08-07 01:38:32,216 | WARNING |    ⚠ Blocked (403) retry 1
2026-08-07 01:38:32,285 | INFO | 🌐 Session warmed
2026-08-07 01:38:32,371 | INFO |    ↳ Status 200
2026-08-07 01:38:32,371 | INFO |    ✓ Found 7 movies
2026-08-07 01:38:32,372 | INFO | [140/1901] Fetching Baidyabati (BAID)
2026-08-07 01:38:32,664 | INFO |    ↳ Status 403
2026-08-07 01:38:32,664 | WARNING |    ⚠ Blocked (403) retry 1
2026-08-07 01:38:32,755 | INFO | 🌐 Session warmed
2026-08-07 01:38:33,964 | INFO |    ↳ Status 200
2026-08-07 01:38:33,964 | INFO |    ✓ Found 7 movies
2026-08-07 01:38:33,964 | INFO | [141/1901] Fetching Baihar (BIAH)
2026-08-07 01:38:34,401 | INFO |    ↳ Status 403
2026-08-07 01:38:34,401 | WARNING |    ⚠ Blocked (403) retry 2
2026-08-07 01:38:34,465 | INFO | 🌐 Session warmed
2026-08-07 01:38:34,551 | INFO |    ↳ Status 403
2026-08-07 01:38:34,551 | WARNING |    ⚠ Blocked (403) retry 2
2026-08-07 01:38:34,618 | INFO | 🌐 Session warmed
2026-08-07 01:38:34,813 | INFO |    ↳ Status 403
2026-08-07 01:38:34,813 | WARNING |    ⚠ Blocked (403) retry 2
2026-08-07 01:38:34,882 | INFO | 🌐 Session warmed
2026-08-07 01:38:35,007 | INFO |    ↳ Status 200
2026-08-07 01:38:35,007 | INFO |    ✓ Found 8 movies
2026-08-07 01:38:35,007 | INFO | [142/1901] Fetching Baijnath (BAIJ)
2026-08-07 01:38:36,339 | INFO |    ↳ Status 200
2026-08-07 01:38:36,339 | INFO |    ✓ Found 8 movies
2026-08-07 01:38:36,339 | INFO | [143/1901] Fetching Baikunthpur (BKTH)
2026-08-07 01:38:37,740 | INFO |    ↳ Status 403
2026-08-07 01:38:37,740 | WARNING |    ⚠ Blocked (403) retry 3
2026-08-07 01:38:37,805 | INFO | 🌐 Session warmed
2026-08-07 01:38:37,872 | INFO |    ↳ Status 403
2026-08-07 01:38:37,872 | WARNING |    ⚠ Blocked (403) retry 3
2026-08-07 01:38:37,946 | INFO | 🌐 Session warmed
2026-08-07 01:38:37,954 | INFO |    ↳ Status 403
2026-08-07 01:38:37,954 | WARNING |    ⚠ Blocked (403) retry 3
2026-08-07 01:38:38,024 | INFO | 🌐 Session warmed
2026-08-07 01:38:38,377 | INFO |    ↳ Status 200
2026-08-07 01:38:38,378 | INFO |    ✓ Found 7 movies
2026-08-07 01:38:38,378 | INFO | [144/1901] Fetching Baindur (BAND)
2026-08-07 01:38:39,580 | INFO |    ↳ Status 200
2026-08-07 01:38:39,580 | INFO |    ✓ Found 8 movies
2026-08-07 01:38:39,580 | INFO | [145/1901] Fetching Bakhrahat (BART)
2026-08-07 01:38:41,002 | INFO |    ↳ Status 200
2026-08-07 01:38:41,002 | INFO |    ✓ Found 7 movies
2026-08-07 01:38:41,002 | INFO | [146/1901] Fetching Balaghat (BLGT)
2026-08-07 01:38:41,805 | INFO | [147/1901] Fetching Balangir (BALG)
2026-08-07 01:38:41,947 | INFO | [148/1901] Fetching Balasore (BLSR)
2026-08-07 01:38:42,025 | INFO | [149/1901] Fetching Balijipeta (BLIJ)
2026-08-07 01:38:42,546 | INFO |    ↳ Status 200
2026-08-07 01:38:42,547 | INFO |    ✓ Found 8 movies
2026-08-07 01:38:42,547 | INFO | [150/1901] Fetching Ballia (ALBI)
2026-08-07 01:38:42,834 | INFO |    ↳ Status 403
2026-08-07 01:38:42,835 | WARNING |    ⚠ Blocked (403) retry 1
2026-08-07 01:38:42,890 | INFO |    ↳ Status 403
2026-08-07 01:38:42,890 | WARNING |    ⚠ Blocked (403) retry 1
2026-08-07 01:38:42,904 | INFO | 🌐 Session warmed
2026-08-07 01:38:42,960 | INFO | 🌐 Session warmed
2026-08-07 01:38:43,349 | INFO |    ↳ Status 403
2026-08-07 01:38:43,349 | WARNING |    ⚠ Blocked (403) retry 1
2026-08-07 01:38:43,416 | INFO | 🌐 Session warmed
2026-08-07 01:38:44,263 | INFO |    ↳ Status 200
2026-08-07 01:38:44,263 | INFO |    ✓ Found 8 movies
2026-08-07 01:38:44,263 | INFO | [151/1901] Fetching Balod (BALD)
2026-08-07 01:38:44,886 | INFO |    ↳ Status 403
2026-08-07 01:38:44,886 | WARNING |    ⚠ Blocked (403) retry 2
2026-08-07 01:38:44,957 | INFO | 🌐 Session warmed
2026-08-07 01:38:44,970 | INFO |    ↳ Status 403
2026-08-07 01:38:44,970 | WARNING |    ⚠ Blocked (403) retry 2
2026-08-07 01:38:45,045 | INFO | 🌐 Session warmed
2026-08-07 01:38:45,374 | INFO |    ↳ Status 403
2026-08-07 01:38:45,374 | WARNING |    ⚠ Blocked (403) retry 2
2026-08-07 01:38:45,453 | INFO | 🌐 Session warmed
2026-08-07 01:38:45,518 | INFO |    ↳ Status 200
2026-08-07 01:38:45,518 | INFO |    ✓ Found 7 movies
2026-08-07 01:38:45,518 | INFO | [152/1901] Fetching Baloda Bazar (BBCH)
2026-08-07 01:38:46,619 | INFO |    ↳ Status 200
2026-08-07 01:38:46,619 | INFO |    ✓ Found 7 movies
2026-08-07 01:38:46,619 | INFO | [153/1901] Fetching Balotra (BALO)
2026-08-07 01:38:47,929 | INFO |    ↳ Status 403
2026-08-07 01:38:47,930 | WARNING |    ⚠ Blocked (403) retry 3
2026-08-07 01:38:47,996 | INFO | 🌐 Session warmed
2026-08-07 01:38:48,194 | INFO |    ↳ Status 403
2026-08-07 01:38:48,194 | WARNING |    ⚠ Blocked (403) retry 3
2026-08-07 01:38:48,259 | INFO | 🌐 Session warmed
2026-08-07 01:38:48,261 | INFO |    ↳ Status 200
2026-08-07 01:38:48,261 | INFO |    ✓ Found 7 movies
2026-08-07 01:38:48,262 | INFO | [154/1901] Fetching Balrampur (BLUR)
2026-08-07 01:38:48,555 | INFO |    ↳ Status 403
2026-08-07 01:38:48,555 | WARNING |    ⚠ Blocked (403) retry 3
2026-08-07 01:38:48,624 | INFO | 🌐 Session warmed
2026-08-07 01:38:49,872 | INFO |    ↳ Status 200
2026-08-07 01:38:49,872 | INFO |    ✓ Found 8 movies
2026-08-07 01:38:49,872 | INFO | [155/1901] Fetching Balurghat (BALU)
2026-08-07 01:38:51,496 | INFO |    ↳ Status 200
2026-08-07 01:38:51,496 | INFO |    ✓ Found 7 movies
2026-08-07 01:38:51,496 | INFO | [156/1901] Fetching Banaganapalli (BNPL)
2026-08-07 01:38:51,997 | INFO | [157/1901] Fetching Banahatti (BANZ)
2026-08-07 01:38:52,259 | INFO | [158/1901] Fetching Banaskantha (BANA)
2026-08-07 01:38:52,625 | INFO | [159/1901] Fetching Banga (BNGA)
2026-08-07 01:38:52,851 | INFO |    ↳ Status 403
2026-08-07 01:38:52,851 | WARNING |    ⚠ Blocked (403) retry 1
2026-08-07 01:38:52,924 | INFO | 🌐 Session warmed
2026-08-07 01:38:52,928 | INFO |    ↳ Status 200
2026-08-07 01:38:52,928 | INFO |    ✓ Found 0 movies
2026-08-07 01:38:52,929 | INFO | [160/1901] Fetching Bangaon (BAGO)
2026-08-07 01:38:53,198 | INFO |    ↳ Status 403
2026-08-07 01:38:53,198 | WARNING |    ⚠ Blocked (403) retry 1
2026-08-07 01:38:53,265 | INFO | 🌐 Session warmed
2026-08-07 01:38:53,714 | INFO |    ↳ Status 403
2026-08-07 01:38:53,714 | WARNING |    ⚠ Blocked (403) retry 1
2026-08-07 01:38:53,788 | INFO | 🌐 Session warmed
2026-08-07 01:38:54,332 | INFO |    ↳ Status 200
2026-08-07 01:38:54,332 | INFO |    ✓ Found 8 movies
2026-08-07 01:38:54,333 | INFO | [161/1901] Fetching Bangarpet (BAGT)
2026-08-07 01:38:54,938 | INFO |    ↳ Status 403
2026-08-07 01:38:54,938 | WARNING |    ⚠ Blocked (403) retry 2
2026-08-07 01:38:55,011 | INFO | 🌐 Session warmed
2026-08-07 01:38:55,599 | INFO |    ↳ Status 403
2026-08-07 01:38:55,599 | WARNING |    ⚠ Blocked (403) retry 2
2026-08-07 01:38:55,611 | INFO |    ↳ Status 200
2026-08-07 01:38:55,611 | INFO |    ✓ Found 8 movies
2026-08-07 01:38:55,612 | INFO | [162/1901] Fetching Bangarupalem (BGPM)
2026-08-07 01:38:55,669 | INFO | 🌐 Session warmed
2026-08-07 01:38:55,926 | INFO |    ↳ Status 403
2026-08-07 01:38:55,926 | WARNING |    ⚠ Blocked (403) retry 2
2026-08-07 01:38:55,993 | INFO | 🌐 Session warmed
2026-08-07 01:38:56,676 | INFO |    ↳ Status 200
2026-08-07 01:38:56,676 | INFO |    ✓ Found 8 movies
2026-08-07 01:38:56,676 | INFO | [163/1901] Fetching Banki (BANK)
2026-08-07 01:38:57,885 | INFO |    ↳ Status 200
2026-08-07 01:38:57,885 | INFO |    ✓ Found 8 movies
2026-08-07 01:38:57,886 | INFO | [164/1901] Fetching Bankura (BNKU)
2026-08-07 01:38:58,293 | INFO |    ↳ Status 403
2026-08-07 01:38:58,294 | WARNING |    ⚠ Blocked (403) retry 3
2026-08-07 01:38:58,367 | INFO | 🌐 Session warmed
2026-08-07 01:38:58,893 | INFO |    ↳ Status 403
2026-08-07 01:38:58,893 | WARNING |    ⚠ Blocked (403) retry 3
2026-08-07 01:38:58,963 | INFO | 🌐 Session warmed
2026-08-07 01:38:59,029 | INFO |    ↳ Status 403
2026-08-07 01:38:59,029 | WARNING |    ⚠ Blocked (403) retry 3
2026-08-07 01:38:59,073 | INFO |    ↳ Status 200
2026-08-07 01:38:59,074 | INFO |    ✓ Found 8 movies
2026-08-07 01:38:59,074 | INFO | [165/1901] Fetching Banswada (BNSA)
2026-08-07 01:38:59,095 | INFO | 🌐 Session warmed
2026-08-07 01:39:00,700 | INFO |    ↳ Status 200
2026-08-07 01:39:00,700 | INFO |    ✓ Found 8 movies
2026-08-07 01:39:00,700 | INFO | [166/1901] Fetching Banswara (BANS)
2026-08-07 01:39:01,873 | INFO |    ↳ Status 200
2026-08-07 01:39:01,873 | INFO |    ✓ Found 7 movies
2026-08-07 01:39:01,873 | INFO | [167/1901] Fetching Bantumilli (BANT)
2026-08-07 01:39:02,367 | INFO | [168/1901] Fetching Bapatla (BAPA)
2026-08-07 01:39:02,963 | INFO | [169/1901] Fetching Barabanki (BARK)
2026-08-07 01:39:03,096 | INFO | [170/1901] Fetching Baramati (BARA)
2026-08-07 01:39:03,432 | INFO |    ↳ Status 200
2026-08-07 01:39:03,432 | INFO |    ✓ Found 8 movies
2026-08-07 01:39:03,432 | INFO | [171/1901] Fetching Baramulla (BRML)
2026-08-07 01:39:03,517 | INFO |    ↳ Status 403
2026-08-07 01:39:03,517 | WARNING |    ⚠ Blocked (403) retry 1
2026-08-07 01:39:03,584 | INFO | 🌐 Session warmed
2026-08-07 01:39:04,085 | INFO |    ↳ Status 403
2026-08-07 01:39:04,086 | WARNING |    ⚠ Blocked (403) retry 1
2026-08-07 01:39:04,158 | INFO | 🌐 Session warmed
2026-08-07 01:39:04,439 | INFO |    ↳ Status 200
2026-08-07 01:39:04,439 | INFO |    ✓ Found 8 movies
2026-08-07 01:39:04,439 | INFO | [172/1901] Fetching Baran (BARN)
2026-08-07 01:39:04,486 | INFO |    ↳ Status 403
2026-08-07 01:39:04,486 | WARNING |    ⚠ Blocked (403) retry 1
2026-08-07 01:39:04,567 | INFO | 🌐 Session warmed
2026-08-07 01:39:05,589 | INFO |    ↳ Status 403
2026-08-07 01:39:05,590 | WARNING |    ⚠ Blocked (403) retry 2
2026-08-07 01:39:05,659 | INFO | 🌐 Session warmed
2026-08-07 01:39:06,263 | INFO |    ↳ Status 200
2026-08-07 01:39:06,263 | INFO |    ✓ Found 7 movies
2026-08-07 01:39:06,263 | INFO | [173/1901] Fetching Barasat (BSRT)
2026-08-07 01:39:06,311 | INFO |    ↳ Status 403
2026-08-07 01:39:06,311 | WARNING |    ⚠ Blocked (403) retry 2
2026-08-07 01:39:06,396 | INFO | 🌐 Session warmed
2026-08-07 01:39:06,487 | INFO |    ↳ Status 403
2026-08-07 01:39:06,487 | WARNING |    ⚠ Blocked (403) retry 2
2026-08-07 01:39:06,557 | INFO | 🌐 Session warmed
2026-08-07 01:39:07,508 | INFO |    ↳ Status 200
2026-08-07 01:39:07,508 | INFO |    ✓ Found 7 movies
2026-08-07 01:39:07,508 | INFO | [174/1901] Fetching Baraut (BARL)
2026-08-07 01:39:08,501 | INFO |    ↳ Status 403
2026-08-07 01:39:08,501 | WARNING |    ⚠ Blocked (403) retry 3
2026-08-07 01:39:08,565 | INFO | 🌐 Session warmed
2026-08-07 01:39:08,629 | INFO |    ↳ Status 200
2026-08-07 01:39:08,629 | INFO |    ✓ Found 8 movies
2026-08-07 01:39:08,630 | INFO | [175/1901] Fetching Barbil (BABR)
2026-08-07 01:39:09,677 | INFO |    ↳ Status 403
2026-08-07 01:39:09,677 | WARNING |    ⚠ Blocked (403) retry 3
2026-08-07 01:39:09,686 | INFO |    ↳ Status 403
2026-08-07 01:39:09,686 | WARNING |    ⚠ Blocked (403) retry 3
2026-08-07 01:39:09,756 | INFO | 🌐 Session warmed
2026-08-07 01:39:09,762 | INFO | 🌐 Session warmed
2026-08-07 01:39:10,358 | INFO |    ↳ Status 200
2026-08-07 01:39:10,358 | INFO |    ✓ Found 8 movies
2026-08-07 01:39:10,358 | INFO | [176/1901] Fetching Bardoli (BRDL)
2026-08-07 01:39:12,103 | INFO |    ↳ Status 200
2026-08-07 01:39:12,103 | INFO |    ✓ Found 7 movies
2026-08-07 01:39:12,103 | INFO | [177/1901] Fetching Bareilly (BARE)
2026-08-07 01:39:12,566 | INFO | [178/1901] Fetching Bareja (BEJA)
2026-08-07 01:39:13,197 | INFO |    ↳ Status 200
2026-08-07 01:39:13,198 | INFO |    ✓ Found 8 movies
2026-08-07 01:39:13,198 | INFO | [179/1901] Fetching Bargarh (BARG)
2026-08-07 01:39:13,434 | INFO |    ↳ Status 403
2026-08-07 01:39:13,434 | WARNING |    ⚠ Blocked (403) retry 1
2026-08-07 01:39:13,506 | INFO | 🌐 Session warmed
2026-08-07 01:39:13,756 | INFO | [180/1901] Fetching Barharwa (BRWA)
2026-08-07 01:39:13,762 | INFO | [181/1901] Fetching Barhi (BHAI)
2026-08-07 01:39:14,309 | INFO |    ↳ Status 200
2026-08-07 01:39:14,309 | INFO |    ✓ Found 8 movies
2026-08-07 01:39:14,309 | INFO | [182/1901] Fetching Baripada (BARI)
2026-08-07 01:39:14,638 | INFO |    ↳ Status 403
2026-08-07 01:39:14,638 | WARNING |    ⚠ Blocked (403) retry 1
2026-08-07 01:39:14,708 | INFO | 🌐 Session warmed
2026-08-07 01:39:14,925 | INFO |    ↳ Status 403
2026-08-07 01:39:14,925 | WARNING |    ⚠ Blocked (403) retry 1
2026-08-07 01:39:14,998 | INFO | 🌐 Session warmed
2026-08-07 01:39:15,454 | INFO |    ↳ Status 200
2026-08-07 01:39:15,454 | INFO |    ✓ Found 8 movies
2026-08-07 01:39:15,454 | INFO | [183/1901] Fetching Barmer (BARM)
2026-08-07 01:39:15,564 | INFO |    ↳ Status 403
2026-08-07 01:39:15,564 | WARNING |    ⚠ Blocked (403) retry 2
2026-08-07 01:39:15,634 | INFO | 🌐 Session warmed
2026-08-07 01:39:16,435 | INFO |    ↳ Status 200
2026-08-07 01:39:16,435 | INFO |    ✓ Found 7 movies
2026-08-07 01:39:16,435 | INFO | [184/1901] Fetching Barnala (BAR)
2026-08-07 01:39:16,758 | INFO |    ↳ Status 403
2026-08-07 01:39:16,758 | WARNING |    ⚠ Blocked (403) retry 2
2026-08-07 01:39:16,825 | INFO | 🌐 Session warmed
2026-08-07 01:39:17,126 | INFO |    ↳ Status 403
2026-08-07 01:39:17,126 | WARNING |    ⚠ Blocked (403) retry 2
2026-08-07 01:39:17,194 | INFO | 🌐 Session warmed
2026-08-07 01:39:18,215 | INFO |    ↳ Status 200
2026-08-07 01:39:18,216 | INFO |    ✓ Found 6 movies
2026-08-07 01:39:18,216 | INFO | [185/1901] Fetching Barpeta Road (BRPD)
2026-08-07 01:39:19,004 | INFO |    ↳ Status 403
2026-08-07 01:39:19,004 | WARNING |    ⚠ Blocked (403) retry 3
2026-08-07 01:39:19,074 | INFO | 🌐 Session warmed
2026-08-07 01:39:19,654 | INFO |    ↳ Status 200
2026-08-07 01:39:19,654 | INFO |    ✓ Found 0 movies
2026-08-07 01:39:19,654 | INFO | [186/1901] Fetching Barrackpore (BARR)
2026-08-07 01:39:19,943 | INFO |    ↳ Status 403
2026-08-07 01:39:19,943 | WARNING |    ⚠ Blocked (403) retry 3
2026-08-07 01:39:20,009 | INFO | 🌐 Session warmed
2026-08-07 01:39:20,244 | INFO |    ↳ Status 403
2026-08-07 01:39:20,244 | WARNING |    ⚠ Blocked (403) retry 3
2026-08-07 01:39:20,308 | INFO | 🌐 Session warmed
2026-08-07 01:39:21,157 | INFO |    ↳ Status 200
2026-08-07 01:39:21,157 | INFO |    ✓ Found 7 movies
2026-08-07 01:39:21,158 | INFO | [187/1901] Fetching Barshi (BRHI)
2026-08-07 01:39:22,832 | INFO |    ↳ Status 200
2026-08-07 01:39:22,832 | INFO |    ✓ Found 8 movies
2026-08-07 01:39:22,832 | INFO | [188/1901] Fetching Baruipur (BARU)
2026-08-07 01:39:23,074 | INFO | [189/1901] Fetching Barwadih (BARQ)
2026-08-07 01:39:24,009 | INFO | [190/1901] Fetching Barwaha (BARH)
2026-08-07 01:39:24,308 | INFO | [191/1901] Fetching Barwani (BRWN)
2026-08-07 01:39:24,334 | INFO |    ↳ Status 403
2026-08-07 01:39:24,335 | WARNING |    ⚠ Blocked (403) retry 1
2026-08-07 01:39:24,411 | INFO | 🌐 Session warmed
2026-08-07 01:39:24,525 | INFO |    ↳ Status 200
2026-08-07 01:39:24,525 | INFO |    ✓ Found 7 movies
2026-08-07 01:39:24,525 | INFO | [192/1901] Fetching Basantpur (BABA)
2026-08-07 01:39:25,093 | INFO |    ↳ Status 403
2026-08-07 01:39:25,093 | WARNING |    ⚠ Blocked (403) retry 1
2026-08-07 01:39:25,160 | INFO | 🌐 Session warmed
2026-08-07 01:39:25,203 | INFO |    ↳ Status 403
2026-08-07 01:39:25,203 | WARNING |    ⚠ Blocked (403) retry 1
2026-08-07 01:39:25,283 | INFO | 🌐 Session warmed
2026-08-07 01:39:26,045 | INFO |    ↳ Status 403
2026-08-07 01:39:26,045 | WARNING |    ⚠ Blocked (403) retry 2
2026-08-07 01:39:26,111 | INFO | 🌐 Session warmed
2026-08-07 01:39:26,255 | INFO |    ↳ Status 200
2026-08-07 01:39:26,256 | INFO |    ✓ Found 8 movies
2026-08-07 01:39:26,256 | INFO | [193/1901] Fetching Basirhat (BIRH)
2026-08-07 01:39:27,203 | INFO |    ↳ Status 403
2026-08-07 01:39:27,203 | WARNING |    ⚠ Blocked (403) retry 2
2026-08-07 01:39:27,267 | INFO | 🌐 Session warmed
2026-08-07 01:39:27,505 | INFO |    ↳ Status 403
2026-08-07 01:39:27,505 | WARNING |    ⚠ Blocked (403) retry 2
2026-08-07 01:39:27,580 | INFO | 🌐 Session warmed
2026-08-07 01:39:27,606 | INFO |    ↳ Status 200
2026-08-07 01:39:27,606 | INFO |    ✓ Found 7 movies
2026-08-07 01:39:27,606 | INFO | [194/1901] Fetching Basna (BASN)
2026-08-07 01:39:28,614 | INFO |    ↳ Status 200
2026-08-07 01:39:28,615 | INFO |    ✓ Found 7 movies
2026-08-07 01:39:28,615 | INFO | [195/1901] Fetching Basti (BAST)
2026-08-07 01:39:28,758 | INFO |    ↳ Status 403
2026-08-07 01:39:28,758 | WARNING |    ⚠ Blocked (403) retry 3
2026-08-07 01:39:28,825 | INFO | 🌐 Session warmed
2026-08-07 01:39:30,267 | INFO |    ↳ Status 403
2026-08-07 01:39:30,267 | WARNING |    ⚠ Blocked (403) retry 3
2026-08-07 01:39:30,333 | INFO | 🌐 Session warmed
2026-08-07 01:39:30,385 | INFO |    ↳ Status 200
2026-08-07 01:39:30,385 | INFO |    ✓ Found 8 movies
2026-08-07 01:39:30,385 | INFO | [196/1901] Fetching Bathinda (BHAT)
2026-08-07 01:39:30,405 | INFO |    ↳ Status 403
2026-08-07 01:39:30,405 | WARNING |    ⚠ Blocked (403) retry 3
2026-08-07 01:39:30,472 | INFO | 🌐 Session warmed
2026-08-07 01:39:32,183 | INFO |    ↳ Status 200
2026-08-07 01:39:32,183 | INFO |    ✓ Found 6 movies
2026-08-07 01:39:32,183 | INFO | [197/1901] Fetching Batlagundu (BTGD)
2026-08-07 01:39:32,826 | INFO | [198/1901] Fetching Bavla (BAVL)
2026-08-07 01:39:33,179 | INFO |    ↳ Status 200
2026-08-07 01:39:33,179 | INFO |    ✓ Found 8 movies
2026-08-07 01:39:33,179 | INFO | [199/1901] Fetching Bayad (BAYA)
2026-08-07 01:39:33,847 | INFO |    ↳ Status 403
2026-08-07 01:39:33,847 | WARNING |    ⚠ Blocked (403) retry 1
2026-08-07 01:39:33,916 | INFO | 🌐 Session warmed
2026-08-07 01:39:34,199 | INFO |    ↳ Status 200
2026-08-07 01:39:34,199 | INFO |    ✓ Found 0 movies
2026-08-07 01:39:34,200 | INFO | [200/1901] Fetching Bayana (BANY)
2026-08-07 01:39:34,333 | INFO | [201/1901] Fetching Bazpur (BAZP)
2026-08-07 01:39:34,472 | INFO | [202/1901] Fetching Beawar (BEAW)
2026-08-07 01:39:35,309 | INFO |    ↳ Status 403
2026-08-07 01:39:35,309 | WARNING |    ⚠ Blocked (403) retry 1
2026-08-07 01:39:35,382 | INFO | 🌐 Session warmed
2026-08-07 01:39:35,578 | INFO |    ↳ Status 403
2026-08-07 01:39:35,578 | WARNING |    ⚠ Blocked (403) retry 1
2026-08-07 01:39:35,646 | INFO | 🌐 Session warmed
2026-08-07 01:39:35,770 | INFO |    ↳ Status 200
2026-08-07 01:39:35,770 | INFO |    ✓ Found 7 movies
2026-08-07 01:39:35,771 | INFO | [203/1901] Fetching Beed (BEED)
2026-08-07 01:39:35,815 | INFO |    ↳ Status 403
2026-08-07 01:39:35,815 | WARNING |    ⚠ Blocked (403) retry 2
2026-08-07 01:39:35,884 | INFO | 🌐 Session warmed
2026-08-07 01:39:37,035 | INFO |    ↳ Status 200
2026-08-07 01:39:37,035 | INFO |    ✓ Found 8 movies
2026-08-07 01:39:37,035 | INFO | [204/1901] Fetching Beguniapada (BEGU)
2026-08-07 01:39:37,557 | INFO |    ↳ Status 403
2026-08-07 01:39:37,557 | WARNING |    ⚠ Blocked (403) retry 2
2026-08-07 01:39:37,615 | INFO |    ↳ Status 403
2026-08-07 01:39:37,615 | WARNING |    ⚠ Blocked (403) retry 2
2026-08-07 01:39:37,623 | INFO | 🌐 Session warmed
2026-08-07 01:39:37,686 | INFO | 🌐 Session warmed
2026-08-07 01:39:38,632 | INFO |    ↳ Status 200
2026-08-07 01:39:38,632 | INFO |    ✓ Found 8 movies
2026-08-07 01:39:38,633 | INFO | [205/1901] Fetching Begusarai (BEGS)
2026-08-07 01:39:38,702 | INFO |    ↳ Status 403
2026-08-07 01:39:38,702 | WARNING |    ⚠ Blocked (403) retry 3
2026-08-07 01:39:38,770 | INFO | 🌐 Session warmed
2026-08-07 01:39:39,713 | INFO |    ↳ Status 200
2026-08-07 01:39:39,713 | INFO |    ✓ Found 8 movies
2026-08-07 01:39:39,713 | INFO | [206/1901] Fetching Behror (BEHR)
2026-08-07 01:39:40,388 | INFO |    ↳ Status 403
2026-08-07 01:39:40,388 | WARNING |    ⚠ Blocked (403) retry 3
2026-08-07 01:39:40,453 | INFO | 🌐 Session warmed
2026-08-07 01:39:40,808 | INFO |    ↳ Status 403
2026-08-07 01:39:40,809 | WARNING |    ⚠ Blocked (403) retry 3
2026-08-07 01:39:40,883 | INFO | 🌐 Session warmed
2026-08-07 01:39:41,397 | INFO |    ↳ Status 200
2026-08-07 01:39:41,397 | INFO |    ✓ Found 0 movies
2026-08-07 01:39:41,397 | INFO | [207/1901] Fetching Belagavi (Belgaum) (BELG)
2026-08-07 01:39:42,770 | INFO | [208/1901] Fetching Belakavadi (BLVD)
2026-08-07 01:39:42,820 | INFO |    ↳ Status 200
2026-08-07 01:39:42,820 | INFO |    ✓ Found 8 movies
2026-08-07 01:39:42,820 | INFO | [209/1901] Fetching Belghoria (BELB)
2026-08-07 01:39:43,446 | INFO |    ↳ Status 403
2026-08-07 01:39:43,446 | WARNING |    ⚠ Blocked (403) retry 1
2026-08-07 01:39:43,511 | INFO | 🌐 Session warmed
2026-08-07 01:39:44,141 | INFO |    ↳ Status 200
2026-08-07 01:39:44,141 | INFO |    ✓ Found 7 movies
2026-08-07 01:39:44,141 | INFO | [210/1901] Fetching Bellampalli (BELL)
2026-08-07 01:39:44,454 | INFO | [211/1901] Fetching Bellary (BLRY)
2026-08-07 01:39:44,883 | INFO | [212/1901] Fetching Belur (BELU)
2026-08-07 01:39:45,163 | INFO |    ↳ Status 403
2026-08-07 01:39:45,163 | WARNING |    ⚠ Blocked (403) retry 1
2026-08-07 01:39:45,234 | INFO | 🌐 Session warmed
2026-08-07 01:39:45,363 | INFO |    ↳ Status 403
2026-08-07 01:39:45,363 | WARNING |    ⚠ Blocked (403) retry 2
2026-08-07 01:39:45,428 | INFO | 🌐 Session warmed
2026-08-07 01:39:45,460 | INFO |    ↳ Status 200
2026-08-07 01:39:45,460 | INFO |    ✓ Found 8 movies
2026-08-07 01:39:45,460 | INFO | [213/1901] Fetching Bemetara (BMTA)
2026-08-07 01:39:45,638 | INFO |    ↳ Status 403
2026-08-07 01:39:45,638 | WARNING |    ⚠ Blocked (403) retry 1
2026-08-07 01:39:45,705 | INFO | 🌐 Session warmed
2026-08-07 01:39:47,087 | INFO |    ↳ Status 403
2026-08-07 01:39:47,087 | WARNING |    ⚠ Blocked (403) retry 2
2026-08-07 01:39:47,169 | INFO | 🌐 Session warmed
2026-08-07 01:39:47,175 | INFO |    ↳ Status 200
2026-08-07 01:39:47,175 | INFO |    ✓ Found 7 movies
2026-08-07 01:39:47,176 | INFO | [214/1901] Fetching Berachampa (BRAC)
2026-08-07 01:39:47,836 | INFO |    ↳ Status 403
2026-08-07 01:39:47,836 | WARNING |    ⚠ Blocked (403) retry 2
2026-08-07 01:39:47,906 | INFO | 🌐 Session warmed
2026-08-07 01:39:48,124 | INFO |    ↳ Status 200
2026-08-07 01:39:48,124 | INFO |    ✓ Found 7 movies
2026-08-07 01:39:48,124 | INFO | [215/1901] Fetching Berhampore (W.B.) (BEHA)
2026-08-07 01:39:48,766 | INFO |    ↳ Status 403
2026-08-07 01:39:48,766 | WARNING |    ⚠ Blocked (403) retry 3
2026-08-07 01:39:48,834 | INFO | 🌐 Session warmed
2026-08-07 01:39:50,399 | INFO |    ↳ Status 200
2026-08-07 01:39:50,400 | INFO |    ✓ Found 7 movies
2026-08-07 01:39:50,400 | INFO | [216/1901] Fetching Berhampur (Odisha) (BERP)
2026-08-07 01:39:50,407 | INFO |    ↳ Status 403
2026-08-07 01:39:50,407 | WARNING |    ⚠ Blocked (403) retry 3
2026-08-07 01:39:50,477 | INFO | 🌐 Session warmed
2026-08-07 01:39:50,567 | INFO |    ↳ Status 403
2026-08-07 01:39:50,567 | WARNING |    ⚠ Blocked (403) retry 3
2026-08-07 01:39:50,643 | INFO | 🌐 Session warmed
2026-08-07 01:39:52,091 | INFO |    ↳ Status 200
2026-08-07 01:39:52,092 | INFO |    ✓ Found 8 movies
2026-08-07 01:39:52,092 | INFO | [217/1901] Fetching Bestavaripeta (BEST)
2026-08-07 01:39:52,834 | INFO | [218/1901] Fetching Betalbatim (BTBM)
2026-08-07 01:39:53,769 | INFO |    ↳ Status 200
2026-08-07 01:39:53,769 | INFO |    ✓ Found 8 movies
2026-08-07 01:39:53,769 | INFO | [219/1901] Fetching Betberia (BETB)
2026-08-07 01:39:54,021 | INFO |    ↳ Status 403
2026-08-07 01:39:54,022 | WARNING |    ⚠ Blocked (403) retry 1
2026-08-07 01:39:54,090 | INFO | 🌐 Session warmed
2026-08-07 01:39:54,477 | INFO | [220/1901] Fetching Bethamcherla (BETH)
2026-08-07 01:39:54,644 | INFO | [221/1901] Fetching Bettiah (BETA)
2026-08-07 01:39:55,289 | INFO |    ↳ Status 403
2026-08-07 01:39:55,290 | WARNING |    ⚠ Blocked (403) retry 1
2026-08-07 01:39:55,380 | INFO | 🌐 Session warmed
2026-08-07 01:39:55,521 | INFO |    ↳ Status 200
2026-08-07 01:39:55,522 | INFO |    ✓ Found 8 movies
2026-08-07 01:39:55,522 | INFO | [222/1901] Fetching Betul (BETU)
2026-08-07 01:39:55,595 | INFO |    ↳ Status 403
2026-08-07 01:39:55,595 | WARNING |    ⚠ Blocked (403) retry 1
2026-08-07 01:39:55,661 | INFO | 🌐 Session warmed
2026-08-07 01:39:56,203 | INFO |    ↳ Status 403
2026-08-07 01:39:56,203 | WARNING |    ⚠ Blocked (403) retry 2
2026-08-07 01:39:56,275 | INFO | 🌐 Session warmed
2026-08-07 01:39:57,181 | INFO |    ↳ Status 200
2026-08-07 01:39:57,181 | INFO |    ✓ Found 8 movies
2026-08-07 01:39:57,182 | INFO | [223/1901] Fetching Bhadrachalam (BHDR)
2026-08-07 01:39:57,648 | INFO |    ↳ Status 403
2026-08-07 01:39:57,648 | WARNING |    ⚠ Blocked (403) retry 2
2026-08-07 01:39:57,715 | INFO | 🌐 Session warmed
2026-08-07 01:39:57,760 | INFO |    ↳ Status 403
2026-08-07 01:39:57,760 | WARNING |    ⚠ Blocked (403) retry 2
2026-08-07 01:39:57,829 | INFO | 🌐 Session warmed
2026-08-07 01:39:58,352 | INFO |    ↳ Status 200
2026-08-07 01:39:58,353 | INFO |    ✓ Found 8 movies
2026-08-07 01:39:58,353 | INFO | [224/1901] Fetching Bhadrak (BHAD)
2026-08-07 01:39:59,056 | INFO |    ↳ Status 403
2026-08-07 01:39:59,056 | WARNING |    ⚠ Blocked (403) retry 3
2026-08-07 01:39:59,131 | INFO | 🌐 Session warmed
2026-08-07 01:39:59,385 | INFO |    ↳ Status 200
2026-08-07 01:39:59,385 | INFO |    ✓ Found 8 movies
2026-08-07 01:39:59,386 | INFO | [225/1901] Fetching Bhadravati (BDVT)
2026-08-07 01:40:00,332 | INFO |    ↳ Status 403
2026-08-07 01:40:00,332 | WARNING |    ⚠ Blocked (403) retry 3
2026-08-07 01:40:00,400 | INFO | 🌐 Session warmed
2026-08-07 01:40:00,548 | INFO |    ↳ Status 200
2026-08-07 01:40:00,548 | INFO |    ✓ Found 8 movies
2026-08-07 01:40:00,548 | INFO | [226/1901] Fetching Bhagalpur (BHAG)
2026-08-07 01:40:00,696 | INFO |    ↳ Status 403
2026-08-07 01:40:00,696 | WARNING |    ⚠ Blocked (403) retry 3
2026-08-07 01:40:00,776 | INFO | 🌐 Session warmed
2026-08-07 01:40:02,276 | INFO |    ↳ Status 200
2026-08-07 01:40:02,276 | INFO |    ✓ Found 0 movies
2026-08-07 01:40:02,276 | INFO | [227/1901] Fetching Bhainsa (BHAN)
2026-08-07 01:40:03,131 | INFO | [228/1901] Fetching Bhandara (BHAA)
2026-08-07 01:40:03,273 | INFO |    ↳ Status 200
2026-08-07 01:40:03,273 | INFO |    ✓ Found 8 movies
2026-08-07 01:40:03,273 | INFO | [229/1901] Fetching Bharamasagara (BASA)
2026-08-07 01:40:03,906 | INFO |    ↳ Status 403
2026-08-07 01:40:03,906 | WARNING |    ⚠ Blocked (403) retry 1
2026-08-07 01:40:03,977 | INFO | 🌐 Session warmed
2026-08-07 01:40:04,400 | INFO | [230/1901] Fetching Bharatpur (BHRT)
2026-08-07 01:40:04,776 | INFO | [231/1901] Fetching Bharuch (BHAR)
2026-08-07 01:40:04,926 | INFO |    ↳ Status 200
2026-08-07 01:40:04,926 | INFO |    ✓ Found 8 movies
2026-08-07 01:40:04,926 | INFO | [232/1901] Fetching Bhatapara (BTAP)
2026-08-07 01:40:05,468 | INFO |    ↳ Status 403
2026-08-07 01:40:05,468 | WARNING |    ⚠ Blocked (403) retry 1
2026-08-07 01:40:05,570 | INFO |    ↳ Status 403
2026-08-07 01:40:05,570 | WARNING |    ⚠ Blocked (403) retry 1
2026-08-07 01:40:05,587 | INFO | 🌐 Session warmed
2026-08-07 01:40:05,638 | INFO | 🌐 Session warmed
2026-08-07 01:40:05,874 | INFO |    ↳ Status 403
2026-08-07 01:40:05,874 | WARNING |    ⚠ Blocked (403) retry 2
2026-08-07 01:40:05,943 | INFO | 🌐 Session warmed
2026-08-07 01:40:06,702 | INFO |    ↳ Status 200
2026-08-07 01:40:06,703 | INFO |    ✓ Found 7 movies
2026-08-07 01:40:06,703 | INFO | [233/1901] Fetching Bhatgaon (BHAZ)
2026-08-07 01:40:07,434 | INFO |    ↳ Status 403
2026-08-07 01:40:07,434 | WARNING |    ⚠ Blocked (403) retry 2
2026-08-07 01:40:07,500 | INFO | 🌐 Session warmed
2026-08-07 01:40:07,977 | INFO |    ↳ Status 403
2026-08-07 01:40:07,977 | WARNING |    ⚠ Blocked (403) retry 2
2026-08-07 01:40:08,050 | INFO | 🌐 Session warmed
2026-08-07 01:40:08,110 | INFO |    ↳ Status 200
2026-08-07 01:40:08,110 | INFO |    ✓ Found 8 movies
2026-08-07 01:40:08,110 | INFO | [234/1901] Fetching Bhatkal (BAKL)
2026-08-07 01:40:09,336 | INFO |    ↳ Status 403
2026-08-07 01:40:09,336 | WARNING |    ⚠ Blocked (403) retry 3
2026-08-07 01:40:09,384 | INFO |    ↳ Status 200
2026-08-07 01:40:09,385 | INFO |    ✓ Found 8 movies
2026-08-07 01:40:09,385 | INFO | [235/1901] Fetching Bhattiprolu (BATT)
2026-08-07 01:40:09,403 | INFO | 🌐 Session warmed
2026-08-07 01:40:10,154 | INFO |    ↳ Status 403
2026-08-07 01:40:10,154 | WARNING |    ⚠ Blocked (403) retry 3
2026-08-07 01:40:10,235 | INFO | 🌐 Session warmed
2026-08-07 01:40:10,887 | INFO |    ↳ Status 403
2026-08-07 01:40:10,887 | WARNING |    ⚠ Blocked (403) retry 3
2026-08-07 01:40:10,955 | INFO | 🌐 Session warmed
2026-08-07 01:40:11,115 | INFO |    ↳ Status 200
2026-08-07 01:40:11,115 | INFO |    ✓ Found 8 movies
2026-08-07 01:40:11,115 | INFO | [236/1901] Fetching Bhavani (BHNI)
2026-08-07 01:40:12,633 | INFO |    ↳ Status 200
2026-08-07 01:40:12,633 | INFO |    ✓ Found 8 movies
2026-08-07 01:40:12,633 | INFO | [237/1901] Fetching Bhavnagar (BHNG)
2026-08-07 01:40:13,403 | INFO | [238/1901] Fetching Bhawanipatna (BHAW)
2026-08-07 01:40:14,171 | INFO |    ↳ Status 200
2026-08-07 01:40:14,171 | INFO |    ✓ Found 7 movies
2026-08-07 01:40:14,172 | INFO | [239/1901] Fetching Bheemgal (BHMG)
2026-08-07 01:40:14,235 | INFO | [240/1901] Fetching Bhilai (BHILAI)
2026-08-07 01:40:14,365 | INFO |    ↳ Status 403
2026-08-07 01:40:14,365 | WARNING |    ⚠ Blocked (403) retry 1
2026-08-07 01:40:14,441 | INFO | 🌐 Session warmed
2026-08-07 01:40:14,921 | INFO |    ↳ Status 403
2026-08-07 01:40:14,921 | WARNING |    ⚠ Blocked (403) retry 1
2026-08-07 01:40:14,956 | INFO | [241/1901] Fetching Bhilwara (BHIL)
2026-08-07 01:40:14,999 | INFO | 🌐 Session warmed
2026-08-07 01:40:15,612 | INFO |    ↳ Status 200
2026-08-07 01:40:15,612 | INFO |    ✓ Found 8 movies
2026-08-07 01:40:15,613 | INFO | [242/1901] Fetching Bhimadole (BMDE)
2026-08-07 01:40:15,724 | INFO |    ↳ Status 403
2026-08-07 01:40:15,724 | WARNING |    ⚠ Blocked (403) retry 1
2026-08-07 01:40:15,795 | INFO | 🌐 Session warmed
2026-08-07 01:40:16,248 | INFO |    ↳ Status 403
2026-08-07 01:40:16,249 | WARNING |    ⚠ Blocked (403) retry 2
2026-08-07 01:40:16,315 | INFO | 🌐 Session warmed
2026-08-07 01:40:16,872 | INFO |    ↳ Status 200
2026-08-07 01:40:16,872 | INFO |    ✓ Found 8 movies
2026-08-07 01:40:16,872 | INFO | [243/1901] Fetching Bhimavaram (BHIM)
2026-08-07 01:40:17,401 | INFO |    ↳ Status 403
2026-08-07 01:40:17,401 | WARNING |    ⚠ Blocked (403) retry 2
2026-08-07 01:40:17,465 | INFO | 🌐 Session warmed
2026-08-07 01:40:17,678 | INFO |    ↳ Status 403
2026-08-07 01:40:17,678 | WARNING |    ⚠ Blocked (403) retry 2
2026-08-07 01:40:17,760 | INFO | 🌐 Session warmed
2026-08-07 01:40:18,175 | INFO |    ↳ Status 200
2026-08-07 01:40:18,175 | INFO |    ✓ Found 8 movies
2026-08-07 01:40:18,175 | INFO | [244/1901] Fetching Bhind (BIND)
2026-08-07 01:40:19,336 | INFO |    ↳ Status 403
2026-08-07 01:40:19,336 | WARNING |    ⚠ Blocked (403) retry 3
2026-08-07 01:40:19,402 | INFO | 🌐 Session warmed
2026-08-07 01:40:20,090 | INFO |    ↳ Status 403
2026-08-07 01:40:20,090 | WARNING |    ⚠ Blocked (403) retry 3
2026-08-07 01:40:20,167 | INFO | 🌐 Session warmed
2026-08-07 01:40:20,179 | INFO |    ↳ Status 200
2026-08-07 01:40:20,179 | INFO |    ✓ Found 8 movies
2026-08-07 01:40:20,180 | INFO | [245/1901] Fetching Bhiwadi (BHWD)
2026-08-07 01:40:20,567 | INFO |    ↳ Status 403
2026-08-07 01:40:20,567 | WARNING |    ⚠ Blocked (403) retry 3
2026-08-07 01:40:20,643 | INFO | 🌐 Session warmed
2026-08-07 01:40:21,819 | INFO |    ↳ Status 200
2026-08-07 01:40:21,819 | INFO |    ✓ Found 7 movies
2026-08-07 01:40:21,820 | INFO | [246/1901] Fetching Bhiwani (BHWN)
2026-08-07 01:40:23,364 | INFO |    ↳ Status 200
2026-08-07 01:40:23,364 | INFO |    ✓ Found 7 movies
2026-08-07 01:40:23,364 | INFO | [247/1901] Fetching Bhogapuram (BHOG)
2026-08-07 01:40:23,402 | INFO | [248/1901] Fetching Bhongir (BHON)
2026-08-07 01:40:24,167 | INFO | [249/1901] Fetching Bhopal (BHOP)
2026-08-07 01:40:24,449 | INFO |    ↳ Status 200
2026-08-07 01:40:24,450 | INFO |    ✓ Found 8 movies
2026-08-07 01:40:24,450 | INFO | [250/1901] Fetching Bhubaneswar (BHUB)
2026-08-07 01:40:24,644 | INFO | [251/1901] Fetching Bhuj (BHUJ)
2026-08-07 01:40:24,657 | INFO |    ↳ Status 403
2026-08-07 01:40:24,657 | WARNING |    ⚠ Blocked (403) retry 1
2026-08-07 01:40:24,732 | INFO | 🌐 Session warmed
2026-08-07 01:40:24,898 | INFO |    ↳ Status 403
2026-08-07 01:40:24,898 | WARNING |    ⚠ Blocked (403) retry 1
2026-08-07 01:40:24,970 | INFO | 🌐 Session warmed
2026-08-07 01:40:25,872 | INFO |    ↳ Status 403
2026-08-07 01:40:25,872 | WARNING |    ⚠ Blocked (403) retry 1
2026-08-07 01:40:25,937 | INFO | 🌐 Session warmed
2026-08-07 01:40:26,217 | INFO |    ↳ Status 200
2026-08-07 01:40:26,218 | INFO |    ✓ Found 8 movies
2026-08-07 01:40:26,218 | INFO | [252/1901] Fetching Bhuntar (BHUN)
2026-08-07 01:40:26,637 | INFO |    ↳ Status 403
2026-08-07 01:40:26,637 | WARNING |    ⚠ Blocked (403) retry 2
2026-08-07 01:40:26,708 | INFO | 🌐 Session warmed
2026-08-07 01:40:26,766 | INFO |    ↳ Status 403
2026-08-07 01:40:26,766 | WARNING |    ⚠ Blocked (403) retry 2
2026-08-07 01:40:26,836 | INFO | 🌐 Session warmed
2026-08-07 01:40:27,528 | INFO |    ↳ Status 200
2026-08-07 01:40:27,528 | INFO |    ✓ Found 8 movies
2026-08-07 01:40:27,528 | INFO | [253/1901] Fetching Bhupalpalle (BHUP)
2026-08-07 01:40:28,283 | INFO |    ↳ Status 403
2026-08-07 01:40:28,283 | WARNING |    ⚠ Blocked (403) retry 2
2026-08-07 01:40:28,359 | INFO | 🌐 Session warmed
2026-08-07 01:40:29,107 | INFO |    ↳ Status 200
2026-08-07 01:40:29,108 | INFO |    ✓ Found 8 movies
2026-08-07 01:40:29,108 | INFO | [254/1901] Fetching Bhusawal (BHUS)
2026-08-07 01:40:29,770 | INFO |    ↳ Status 403
2026-08-07 01:40:29,770 | WARNING |    ⚠ Blocked (403) retry 3
2026-08-07 01:40:29,837 | INFO | 🌐 Session warmed
2026-08-07 01:40:29,942 | INFO |    ↳ Status 403
2026-08-07 01:40:29,942 | WARNING |    ⚠ Blocked (403) retry 3
2026-08-07 01:40:30,012 | INFO | 🌐 Session warmed
2026-08-07 01:40:30,138 | INFO |    ↳ Status 200
2026-08-07 01:40:30,138 | INFO |    ✓ Found 8 movies
2026-08-07 01:40:30,138 | INFO | [255/1901] Fetching Bhutan (BHUT)
2026-08-07 01:40:31,131 | INFO |    ↳ Status 403
2026-08-07 01:40:31,131 | WARNING |    ⚠ Blocked (403) retry 3
2026-08-07 01:40:31,198 | INFO | 🌐 Session warmed
2026-08-07 01:40:31,375 | INFO |    ↳ Status 200
2026-08-07 01:40:31,375 | INFO |    ✓ Found 1 movies
2026-08-07 01:40:31,376 | INFO | [256/1901] Fetching Bhuvanagiri (BHUV)
2026-08-07 01:40:32,891 | INFO |    ↳ Status 200
2026-08-07 01:40:32,891 | INFO |    ✓ Found 8 movies
2026-08-07 01:40:32,891 | INFO | [257/1901] Fetching Biaora (BIAR)
2026-08-07 01:40:33,838 | INFO | [258/1901] Fetching Bibinagar (BBNG)
2026-08-07 01:40:34,012 | INFO | [259/1901] Fetching Bichkunda (BHCK)
2026-08-07 01:40:34,337 | INFO |    ↳ Status 200
2026-08-07 01:40:34,337 | INFO |    ✓ Found 8 movies
2026-08-07 01:40:34,337 | INFO | [260/1901] Fetching Bidadi (BIDI)
2026-08-07 01:40:34,805 | INFO |    ↳ Status 403
2026-08-07 01:40:34,805 | WARNING |    ⚠ Blocked (403) retry 1
2026-08-07 01:40:34,875 | INFO | 🌐 Session warmed
2026-08-07 01:40:35,146 | INFO |    ↳ Status 403
2026-08-07 01:40:35,146 | WARNING |    ⚠ Blocked (403) retry 1
2026-08-07 01:40:35,198 | INFO | [261/1901] Fetching Bidar (BIDR)
2026-08-07 01:40:35,215 | INFO | 🌐 Session warmed
2026-08-07 01:40:36,018 | INFO |    ↳ Status 200
2026-08-07 01:40:36,018 | INFO |    ✓ Found 8 movies
2026-08-07 01:40:36,018 | INFO | [262/1901] Fetching Bihar Sharif (BIHS)
2026-08-07 01:40:36,230 | INFO |    ↳ Status 403
2026-08-07 01:40:36,230 | WARNING |    ⚠ Blocked (403) retry 1
2026-08-07 01:40:36,295 | INFO | 🌐 Session warmed
2026-08-07 01:40:36,810 | INFO |    ↳ Status 403
2026-08-07 01:40:36,810 | WARNING |    ⚠ Blocked (403) retry 2
2026-08-07 01:40:36,886 | INFO | 🌐 Session warmed
2026-08-07 01:40:37,120 | INFO |    ↳ Status 403
2026-08-07 01:40:37,120 | WARNING |    ⚠ Blocked (403) retry 2
2026-08-07 01:40:37,191 | INFO | 🌐 Session warmed
2026-08-07 01:40:37,468 | INFO |    ↳ Status 200
2026-08-07 01:40:37,468 | INFO |    ✓ Found 7 movies
2026-08-07 01:40:37,468 | INFO | [263/1901] Fetching Bihpuria (BIHP)
2026-08-07 01:40:38,469 | INFO |    ↳ Status 403
2026-08-07 01:40:38,469 | WARNING |    ⚠ Blocked (403) retry 2
2026-08-07 01:40:38,535 | INFO | 🌐 Session warmed
2026-08-07 01:40:38,761 | INFO |    ↳ Status 200
2026-08-07 01:40:38,761 | INFO |    ✓ Found 7 movies
2026-08-07 01:40:38,761 | INFO | [264/1901] Fetching Bijainagar (BINW)
2026-08-07 01:40:39,949 | INFO |    ↳ Status 200
2026-08-07 01:40:39,950 | INFO |    ✓ Found 8 movies
2026-08-07 01:40:39,950 | INFO | [265/1901] Fetching Bijnor (BIJ)
2026-08-07 01:40:40,158 | INFO |    ↳ Status 403
2026-08-07 01:40:40,158 | WARNING |    ⚠ Blocked (403) retry 3
2026-08-07 01:40:40,224 | INFO | 🌐 Session warmed
2026-08-07 01:40:40,529 | INFO |    ↳ Status 403
2026-08-07 01:40:40,529 | WARNING |    ⚠ Blocked (403) retry 3
2026-08-07 01:40:40,605 | INFO | 🌐 Session warmed
2026-08-07 01:40:41,080 | INFO |    ↳ Status 200
2026-08-07 01:40:41,080 | INFO |    ✓ Found 8 movies
2026-08-07 01:40:41,080 | INFO | [266/1901] Fetching Bijoynagar (BIJO)
2026-08-07 01:40:41,553 | INFO |    ↳ Status 403
2026-08-07 01:40:41,553 | WARNING |    ⚠ Blocked (403) retry 3
2026-08-07 01:40:41,639 | INFO | 🌐 Session warmed
2026-08-07 01:40:42,250 | INFO |    ↳ Status 200
2026-08-07 01:40:42,250 | INFO |    ✓ Found 7 movies
2026-08-07 01:40:42,250 | INFO | [267/1901] Fetching Bikaner (BIK)
2026-08-07 01:40:43,437 | INFO |    ↳ Status 200
2026-08-07 01:40:43,437 | INFO |    ✓ Found 7 movies
2026-08-07 01:40:43,437 | INFO | [268/1901] Fetching Bikramganj (BANJ)
2026-08-07 01:40:44,225 | INFO | [269/1901] Fetching Bilara (BILR)
2026-08-07 01:40:44,561 | INFO |    ↳ Status 200
2026-08-07 01:40:44,561 | INFO |    ✓ Found 7 movies
2026-08-07 01:40:44,561 | INFO | [270/1901] Fetching Bilaspur (BILA)
2026-08-07 01:40:44,606 | INFO | [271/1901] Fetching Bilaspur (Himachal Pradesh) (BIPS)
2026-08-07 01:40:45,291 | INFO |    ↳ Status 403
2026-08-07 01:40:45,291 | WARNING |    ⚠ Blocked (403) retry 1
2026-08-07 01:40:45,359 | INFO | 🌐 Session warmed
2026-08-07 01:40:45,622 | INFO |    ↳ Status 403
2026-08-07 01:40:45,622 | WARNING |    ⚠ Blocked (403) retry 1
2026-08-07 01:40:45,640 | INFO | [272/1901] Fetching Bilgi (BILG)
2026-08-07 01:40:45,686 | INFO | 🌐 Session warmed
2026-08-07 01:40:46,544 | INFO |    ↳ Status 403
2026-08-07 01:40:46,544 | WARNING |    ⚠ Blocked (403) retry 1
2026-08-07 01:40:46,623 | INFO | 🌐 Session warmed
2026-08-07 01:40:46,708 | INFO |    ↳ Status 200
2026-08-07 01:40:46,708 | INFO |    ✓ Found 7 movies
2026-08-07 01:40:46,709 | INFO | [273/1901] Fetching Bilimora (BILI)
2026-08-07 01:40:47,606 | INFO |    ↳ Status 403
2026-08-07 01:40:47,606 | WARNING |    ⚠ Blocked (403) retry 2
2026-08-07 01:40:47,683 | INFO | 🌐 Session warmed
2026-08-07 01:40:47,713 | INFO |    ↳ Status 200
2026-08-07 01:40:47,713 | INFO |    ✓ Found 7 movies
2026-08-07 01:40:47,713 | INFO | [274/1901] Fetching Billawar (BILL)
2026-08-07 01:40:47,754 | INFO |    ↳ Status 403
2026-08-07 01:40:47,754 | WARNING |    ⚠ Blocked (403) retry 2
2026-08-07 01:40:47,821 | INFO | 🌐 Session warmed
2026-08-07 01:40:48,680 | INFO |    ↳ Status 403
2026-08-07 01:40:48,680 | WARNING |    ⚠ Blocked (403) retry 2
2026-08-07 01:40:48,756 | INFO | 🌐 Session warmed
2026-08-07 01:40:49,170 | INFO |    ↳ Status 200
2026-08-07 01:40:49,170 | INFO |    ✓ Found 8 movies
2026-08-07 01:40:49,170 | INFO | [275/1901] Fetching Biraul (BIRL)
2026-08-07 01:40:50,295 | INFO |    ↳ Status 200
2026-08-07 01:40:50,295 | INFO |    ✓ Found 7 movies
2026-08-07 01:40:50,295 | INFO | [276/1901] Fetching Birra (BIRR)
2026-08-07 01:40:50,681 | INFO |    ↳ Status 403
2026-08-07 01:40:50,681 | WARNING |    ⚠ Blocked (403) retry 3
2026-08-07 01:40:50,762 | INFO | 🌐 Session warmed
2026-08-07 01:40:51,062 | INFO |    ↳ Status 403
2026-08-07 01:40:51,062 | WARNING |    ⚠ Blocked (403) retry 3
2026-08-07 01:40:51,130 | INFO | 🌐 Session warmed
2026-08-07 01:40:51,826 | INFO |    ↳ Status 403
2026-08-07 01:40:51,826 | WARNING |    ⚠ Blocked (403) retry 3
2026-08-07 01:40:51,891 | INFO | 🌐 Session warmed
2026-08-07 01:40:52,457 | INFO |    ↳ Status 200
2026-08-07 01:40:52,457 | INFO |    ✓ Found 8 movies
2026-08-07 01:40:52,458 | INFO | [277/1901] Fetching Bishnupur (VVDF)
2026-08-07 01:40:53,979 | INFO |    ↳ Status 200
2026-08-07 01:40:53,979 | INFO |    ✓ Found 7 movies
2026-08-07 01:40:53,979 | INFO | [278/1901] Fetching Bishrampur (BSRM)
2026-08-07 01:40:54,762 | INFO | [279/1901] Fetching Biswanath Chariali (BICH)
2026-08-07 01:40:55,130 | INFO | [280/1901] Fetching Bobbili (BOBB)
2026-08-07 01:40:55,500 | INFO |    ↳ Status 200
2026-08-07 01:40:55,500 | INFO |    ✓ Found 7 movies
2026-08-07 01:40:55,500 | INFO | [281/1901] Fetching Bodhan (BODH)
2026-08-07 01:40:55,513 | INFO |    ↳ Status 403
2026-08-07 01:40:55,513 | WARNING |    ⚠ Blocked (403) retry 1
2026-08-07 01:40:55,580 | INFO | 🌐 Session warmed
2026-08-07 01:40:55,891 | INFO | [282/1901] Fetching Bodinayakanur (BODI)
2026-08-07 01:40:56,543 | INFO |    ↳ Status 403
2026-08-07 01:40:56,543 | WARNING |    ⚠ Blocked (403) retry 1
2026-08-07 01:40:56,616 | INFO | 🌐 Session warmed
2026-08-07 01:40:56,679 | INFO |    ↳ Status 200
2026-08-07 01:40:56,679 | INFO |    ✓ Found 8 movies
2026-08-07 01:40:56,679 | INFO | [283/1901] Fetching Boisar (BOIS)
2026-08-07 01:40:56,909 | INFO |    ↳ Status 403
2026-08-07 01:40:56,909 | WARNING |    ⚠ Blocked (403) retry 1
2026-08-07 01:40:56,984 | INFO | 🌐 Session warmed
2026-08-07 01:40:57,342 | INFO |    ↳ Status 403
2026-08-07 01:40:57,342 | WARNING |    ⚠ Blocked (403) retry 2
2026-08-07 01:40:57,411 | INFO | 🌐 Session warmed
2026-08-07 01:40:58,449 | INFO |    ↳ Status 200
2026-08-07 01:40:58,449 | INFO |    ✓ Found 8 movies
2026-08-07 01:40:58,449 | INFO | [284/1901] Fetching Bokaro (BOKA)
2026-08-07 01:40:58,450 | INFO |    ↳ Status 403
2026-08-07 01:40:58,450 | WARNING |    ⚠ Blocked (403) retry 2
2026-08-07 01:40:58,515 | INFO | 🌐 Session warmed
2026-08-07 01:40:58,654 | INFO |    ↳ Status 403
2026-08-07 01:40:58,654 | WARNING |    ⚠ Blocked (403) retry 2
2026-08-07 01:40:58,728 | INFO | 🌐 Session warmed
2026-08-07 01:40:59,632 | INFO |    ↳ Status 200
2026-08-07 01:40:59,632 | INFO |    ✓ Found 8 movies
2026-08-07 01:40:59,633 | INFO | [285/1901] Fetching Bolpur (BLPR)
2026-08-07 01:41:00,618 | INFO |    ↳ Status 403
2026-08-07 01:41:00,619 | WARNING |    ⚠ Blocked (403) retry 3
2026-08-07 01:41:00,692 | INFO | 🌐 Session warmed
2026-08-07 01:41:01,334 | INFO |    ↳ Status 200
2026-08-07 01:41:01,334 | INFO |    ✓ Found 7 movies
2026-08-07 01:41:01,334 | INFO | [286/1901] Fetching Bomdila (BMDA)
2026-08-07 01:41:01,446 | INFO |    ↳ Status 403
2026-08-07 01:41:01,446 | WARNING |    ⚠ Blocked (403) retry 3
2026-08-07 01:41:01,502 | INFO |    ↳ Status 403
2026-08-07 01:41:01,502 | WARNING |    ⚠ Blocked (403) retry 3
2026-08-07 01:41:01,519 | INFO | 🌐 Session warmed
2026-08-07 01:41:01,565 | INFO | 🌐 Session warmed
2026-08-07 01:41:02,957 | INFO |    ↳ Status 200
2026-08-07 01:41:02,957 | INFO |    ✓ Found 8 movies
2026-08-07 01:41:02,957 | INFO | [287/1901] Fetching Bommidi (BOMM)
2026-08-07 01:41:04,032 | INFO |    ↳ Status 200
2026-08-07 01:41:04,032 | INFO |    ✓ Found 8 movies
2026-08-07 01:41:04,032 | INFO | [288/1901] Fetching Bonakal (BNKL)
2026-08-07 01:41:04,692 | INFO | [289/1901] Fetching Bongaigaon (BONG)
2026-08-07 01:41:05,469 | INFO |    ↳ Status 200
2026-08-07 01:41:05,470 | INFO |    ✓ Found 8 movies
2026-08-07 01:41:05,470 | INFO | [290/1901] Fetching Bongaon (BONI)
2026-08-07 01:41:05,519 | INFO | [291/1901] Fetching Borsad (BORM)
2026-08-07 01:41:05,566 | INFO | [292/1901] Fetching Botad (BOTA)
2026-08-07 01:41:05,640 | INFO |    ↳ Status 403
2026-08-07 01:41:05,640 | WARNING |    ⚠ Blocked (403) retry 1
2026-08-07 01:41:05,720 | INFO | 🌐 Session warmed
2026-08-07 01:41:06,434 | INFO |    ↳ Status 403
2026-08-07 01:41:06,435 | WARNING |    ⚠ Blocked (403) retry 1
2026-08-07 01:41:06,441 | INFO |    ↳ Status 403
2026-08-07 01:41:06,441 | WARNING |    ⚠ Blocked (403) retry 1
2026-08-07 01:41:06,526 | INFO | 🌐 Session warmed
2026-08-07 01:41:06,527 | INFO | 🌐 Session warmed
2026-08-07 01:41:06,773 | INFO |    ↳ Status 200
2026-08-07 01:41:06,773 | INFO |    ✓ Found 7 movies
2026-08-07 01:41:06,773 | INFO | [293/1901] Fetching Brahmapur (KHUB)
2026-08-07 01:41:07,409 | INFO |    ↳ Status 403
2026-08-07 01:41:07,409 | WARNING |    ⚠ Blocked (403) retry 2
2026-08-07 01:41:07,489 | INFO | 🌐 Session warmed
2026-08-07 01:41:08,151 | INFO |    ↳ Status 200
2026-08-07 01:41:08,151 | INFO |    ✓ Found 8 movies
2026-08-07 01:41:08,151 | INFO | [294/1901] Fetching Brahmapuri (BHMP)
2026-08-07 01:41:08,372 | INFO |    ↳ Status 403
2026-08-07 01:41:08,373 | WARNING |    ⚠ Blocked (403) retry 2
2026-08-07 01:41:08,448 | INFO | 🌐 Session warmed
2026-08-07 01:41:08,835 | INFO |    ↳ Status 403
2026-08-07 01:41:08,835 | WARNING |    ⚠ Blocked (403) retry 2
2026-08-07 01:41:08,907 | INFO | 🌐 Session warmed
2026-08-07 01:41:10,349 | INFO |    ↳ Status 200
2026-08-07 01:41:10,349 | INFO |    ✓ Found 8 movies
2026-08-07 01:41:10,350 | INFO | [295/1901] Fetching Brajrajnagar (BJNG)
2026-08-07 01:41:10,612 | INFO |    ↳ Status 403
2026-08-07 01:41:10,612 | WARNING |    ⚠ Blocked (403) retry 3
2026-08-07 01:41:10,681 | INFO | 🌐 Session warmed
2026-08-07 01:41:11,294 | INFO |    ↳ Status 403
2026-08-07 01:41:11,294 | WARNING |    ⚠ Blocked (403) retry 3
2026-08-07 01:41:11,362 | INFO | 🌐 Session warmed
2026-08-07 01:41:11,730 | INFO |    ↳ Status 403
2026-08-07 01:41:11,730 | WARNING |    ⚠ Blocked (403) retry 3
2026-08-07 01:41:11,798 | INFO | 🌐 Session warmed
2026-08-07 01:41:11,827 | INFO |    ↳ Status 200
2026-08-07 01:41:11,827 | INFO |    ✓ Found 8 movies
2026-08-07 01:41:11,827 | INFO | [296/1901] Fetching Buchireddypalem (BCHR)
2026-08-07 01:41:13,141 | INFO |    ↳ Status 200
2026-08-07 01:41:13,142 | INFO |    ✓ Found 8 movies
2026-08-07 01:41:13,142 | INFO | [297/1901] Fetching Budhlada (BUDL)
2026-08-07 01:41:14,681 | INFO | [298/1901] Fetching Buhari (BUHA)
2026-08-07 01:41:14,860 | INFO |    ↳ Status 200
2026-08-07 01:41:14,860 | INFO |    ✓ Found 0 movies
2026-08-07 01:41:14,861 | INFO | [299/1901] Fetching Bulandshahr (BULA)
2026-08-07 01:41:15,362 | INFO | [300/1901] Fetching Buldana (BULD)
2026-08-07 01:41:15,365 | INFO |    ↳ Status 403
2026-08-07 01:41:15,365 | WARNING |    ⚠ Blocked (403) retry 1
2026-08-07 01:41:15,444 | INFO | 🌐 Session warmed
2026-08-07 01:41:15,799 | INFO | [301/1901] Fetching Bundu (BUND)
2026-08-07 01:41:16,315 | INFO |    ↳ Status 200
2026-08-07 01:41:16,316 | INFO |    ✓ Found 8 movies
2026-08-07 01:41:16,316 | INFO | [302/1901] Fetching Burdwan (BURD)
2026-08-07 01:41:16,637 | INFO |    ↳ Status 403
2026-08-07 01:41:16,637 | WARNING |    ⚠ Blocked (403) retry 1
2026-08-07 01:41:16,706 | INFO | 🌐 Session warmed
2026-08-07 01:41:16,969 | INFO |    ↳ Status 403
2026-08-07 01:41:16,970 | WARNING |    ⚠ Blocked (403) retry 1
2026-08-07 01:41:17,049 | INFO | 🌐 Session warmed
2026-08-07 01:41:17,399 | INFO |    ↳ Status 200
2026-08-07 01:41:17,399 | INFO |    ✓ Found 7 movies
2026-08-07 01:41:17,399 | INFO | [303/1901] Fetching Burhanpur (BRHP)
2026-08-07 01:41:17,813 | INFO |    ↳ Status 403
2026-08-07 01:41:17,813 | WARNING |    ⚠ Blocked (403) retry 2
2026-08-07 01:41:17,885 | INFO | 🌐 Session warmed
2026-08-07 01:41:18,502 | INFO |    ↳ Status 200
2026-08-07 01:41:18,502 | INFO |    ✓ Found 8 movies
2026-08-07 01:41:18,502 | INFO | [304/1901] Fetching Burhar (BRHR)
2026-08-07 01:41:18,504 | INFO |    ↳ Status 403
2026-08-07 01:41:18,504 | WARNING |    ⚠ Blocked (403) retry 2
2026-08-07 01:41:18,570 | INFO | 🌐 Session warmed
2026-08-07 01:41:19,023 | INFO |    ↳ Status 403
2026-08-07 01:41:19,023 | WARNING |    ⚠ Blocked (403) retry 2
2026-08-07 01:41:19,093 | INFO | 🌐 Session warmed
2026-08-07 01:41:19,482 | INFO |    ↳ Status 200
2026-08-07 01:41:19,482 | INFO |    ✓ Found 8 movies
2026-08-07 01:41:19,482 | INFO | [305/1901] Fetching Buttayagudem (BUTY)
2026-08-07 01:41:20,892 | INFO |    ↳ Status 200
2026-08-07 01:41:20,893 | INFO |    ✓ Found 0 movies
2026-08-07 01:41:20,893 | INFO | [306/1901] Fetching Byadagi (BYAD)
2026-08-07 01:41:21,228 | INFO |    ↳ Status 403
2026-08-07 01:41:21,228 | WARNING |    ⚠ Blocked (403) retry 3
2026-08-07 01:41:21,320 | INFO | 🌐 Session warmed
2026-08-07 01:41:21,390 | INFO |    ↳ Status 403
2026-08-07 01:41:21,390 | WARNING |    ⚠ Blocked (403) retry 3
2026-08-07 01:41:21,457 | INFO | 🌐 Session warmed
2026-08-07 01:41:21,776 | INFO |    ↳ Status 403
2026-08-07 01:41:21,776 | WARNING |    ⚠ Blocked (403) retry 3
2026-08-07 01:41:21,854 | INFO | 🌐 Session warmed
2026-08-07 01:41:22,166 | INFO |    ↳ Status 200
2026-08-07 01:41:22,166 | INFO |    ✓ Found 8 movies
2026-08-07 01:41:22,166 | INFO | [307/1901] Fetching Byadgi (BYDA)
2026-08-07 01:41:23,852 | INFO |    ↳ Status 200
2026-08-07 01:41:23,852 | INFO |    ✓ Found 8 movies
2026-08-07 01:41:23,852 | INFO | [308/1901] Fetching Byasanagar (BYAS)
2026-08-07 01:41:25,320 | INFO | [309/1901] Fetching Calicut (CALC)
2026-08-07 01:41:25,457 | INFO | [310/1901] Fetching Canning (CANN)
2026-08-07 01:41:25,577 | INFO |    ↳ Status 200
2026-08-07 01:41:25,578 | INFO |    ✓ Found 8 movies
2026-08-07 01:41:25,578 | INFO | [311/1901] Fetching Chagallu (CHAG)
2026-08-07 01:41:25,854 | INFO | [312/1901] Fetching Chakan (CHAK)
2026-08-07 01:41:26,292 | INFO |    ↳ Status 403
2026-08-07 01:41:26,292 | WARNING |    ⚠ Blocked (403) retry 1
2026-08-07 01:41:26,359 | INFO | 🌐 Session warmed
2026-08-07 01:41:26,535 | INFO |    ↳ Status 403
2026-08-07 01:41:26,535 | WARNING |    ⚠ Blocked (403) retry 1
2026-08-07 01:41:26,601 | INFO | 🌐 Session warmed
2026-08-07 01:41:26,799 | INFO |    ↳ Status 403
2026-08-07 01:41:26,799 | WARNING |    ⚠ Blocked (403) retry 1
2026-08-07 01:41:26,868 | INFO | 🌐 Session warmed
2026-08-07 01:41:27,235 | INFO |    ↳ Status 200
2026-08-07 01:41:27,236 | INFO |    ✓ Found 8 movies
2026-08-07 01:41:27,236 | INFO | [313/1901] Fetching Chalakudy (CHAL)
2026-08-07 01:41:28,592 | INFO |    ↳ Status 200
2026-08-07 01:41:28,592 | INFO |    ✓ Found 0 movies
2026-08-07 01:41:28,592 | INFO | [314/1901] Fetching Chalisgaon (CHLS)
2026-08-07 01:41:28,734 | INFO |    ↳ Status 403
2026-08-07 01:41:28,734 | WARNING |    ⚠ Blocked (403) retry 2
2026-08-07 01:41:28,806 | INFO | 🌐 Session warmed
2026-08-07 01:41:28,882 | INFO |    ↳ Status 403
2026-08-07 01:41:28,882 | WARNING |    ⚠ Blocked (403) retry 2
2026-08-07 01:41:28,949 | INFO | 🌐 Session warmed
2026-08-07 01:41:28,999 | INFO |    ↳ Status 403
2026-08-07 01:41:28,999 | WARNING |    ⚠ Blocked (403) retry 2
2026-08-07 01:41:29,074 | INFO | 🌐 Session warmed
2026-08-07 01:41:30,306 | INFO |    ↳ Status 200
2026-08-07 01:41:30,306 | INFO |    ✓ Found 8 movies
2026-08-07 01:41:30,306 | INFO | [315/1901] Fetching Challakere (CHLA)
2026-08-07 01:41:31,742 | INFO |    ↳ Status 200
2026-08-07 01:41:31,743 | INFO |    ✓ Found 8 movies
2026-08-07 01:41:31,743 | INFO | [316/1901] Fetching Challapalli (CHAP)
2026-08-07 01:41:32,001 | INFO |    ↳ Status 403
2026-08-07 01:41:32,001 | WARNING |    ⚠ Blocked (403) retry 3
2026-08-07 01:41:32,070 | INFO | 🌐 Session warmed
2026-08-07 01:41:32,217 | INFO |    ↳ Status 403
2026-08-07 01:41:32,217 | WARNING |    ⚠ Blocked (403) retry 3
2026-08-07 01:41:32,291 | INFO | 🌐 Session warmed
2026-08-07 01:41:32,302 | INFO |    ↳ Status 403
2026-08-07 01:41:32,302 | WARNING |    ⚠ Blocked (403) retry 3
2026-08-07 01:41:32,385 | INFO | 🌐 Session warmed
2026-08-07 01:41:33,053 | INFO |    ↳ Status 200
2026-08-07 01:41:33,053 | INFO |    ✓ Found 8 movies
2026-08-07 01:41:33,053 | INFO | [317/1901] Fetching Chamarajnagar (CHAJ)
2026-08-07 01:41:34,373 | INFO |    ↳ Status 200
2026-08-07 01:41:34,373 | INFO |    ✓ Found 8 movies
2026-08-07 01:41:34,374 | INFO | [318/1901] Fetching Chamba (CHMB)
2026-08-07 01:41:36,046 | INFO |    ↳ Status 200
2026-08-07 01:41:36,046 | INFO |    ✓ Found 8 movies
2026-08-07 01:41:36,046 | INFO | [319/1901] Fetching Chamoli (CHMK)
2026-08-07 01:41:36,070 | INFO | [320/1901] Fetching Champa (CHAM)
2026-08-07 01:41:36,291 | INFO | [321/1901] Fetching Champahati (CHAI)
2026-08-07 01:41:36,385 | INFO | [322/1901] Fetching Chanchal (CCWC)
2026-08-07 01:41:37,339 | INFO |    ↳ Status 403
2026-08-07 01:41:37,339 | WARNING |    ⚠ Blocked (403) retry 1
2026-08-07 01:41:37,393 | INFO |    ↳ Status 403
2026-08-07 01:41:37,393 | WARNING |    ⚠ Blocked (403) retry 1
2026-08-07 01:41:37,417 | INFO | 🌐 Session warmed
2026-08-07 01:41:37,460 | INFO | 🌐 Session warmed
2026-08-07 01:41:37,725 | INFO |    ↳ Status 403
2026-08-07 01:41:37,725 | WARNING |    ⚠ Blocked (403) retry 1
2026-08-07 01:41:37,801 | INFO | 🌐 Session warmed
2026-08-07 01:41:37,875 | INFO |    ↳ Status 200
2026-08-07 01:41:37,875 | INFO |    ✓ Found 8 movies
2026-08-07 01:41:37,875 | INFO | [323/1901] Fetching Chandannagar (CHDD)
2026-08-07 01:41:39,336 | INFO |    ↳ Status 403
2026-08-07 01:41:39,337 | WARNING |    ⚠ Blocked (403) retry 2
2026-08-07 01:41:39,421 | INFO | 🌐 Session warmed
2026-08-07 01:41:39,575 | INFO |    ↳ Status 403
2026-08-07 01:41:39,575 | WARNING |    ⚠ Blocked (403) retry 2
2026-08-07 01:41:39,640 | INFO | 🌐 Session warmed
2026-08-07 01:41:39,675 | INFO |    ↳ Status 200
2026-08-07 01:41:39,675 | INFO |    ✓ Found 7 movies
2026-08-07 01:41:39,676 | INFO | [324/1901] Fetching Chandausi (CHDN)
2026-08-07 01:41:40,127 | INFO |    ↳ Status 403
2026-08-07 01:41:40,127 | WARNING |    ⚠ Blocked (403) retry 2
2026-08-07 01:41:40,201 | INFO | 🌐 Session warmed
2026-08-07 01:41:40,677 | INFO |    ↳ Status 200
2026-08-07 01:41:40,677 | INFO |    ✓ Found 8 movies
2026-08-07 01:41:40,677 | INFO | [325/1901] Fetching Chandbali (CHAZ)
2026-08-07 01:41:42,043 | INFO |    ↳ Status 403
2026-08-07 01:41:42,043 | WARNING |    ⚠ Blocked (403) retry 3
2026-08-07 01:41:42,119 | INFO | 🌐 Session warmed
2026-08-07 01:41:42,200 | INFO |    ↳ Status 200
2026-08-07 01:41:42,200 | INFO |    ✓ Found 8 movies
2026-08-07 01:41:42,200 | INFO | [326/1901] Fetching Chandpur Siau (CHHA)
2026-08-07 01:41:42,506 | INFO |    ↳ Status 403
2026-08-07 01:41:42,506 | WARNING |    ⚠ Blocked (403) retry 3
2026-08-07 01:41:42,582 | INFO | 🌐 Session warmed
2026-08-07 01:41:43,395 | INFO |    ↳ Status 403
2026-08-07 01:41:43,395 | WARNING |    ⚠ Blocked (403) retry 3
2026-08-07 01:41:43,463 | INFO | 🌐 Session warmed
2026-08-07 01:41:43,518 | INFO |    ↳ Status 200
2026-08-07 01:41:43,518 | INFO |    ✓ Found 8 movies
2026-08-07 01:41:43,518 | INFO | [327/1901] Fetching Chandrakona (CKNA)
2026-08-07 01:41:44,752 | INFO |    ↳ Status 200
2026-08-07 01:41:44,753 | INFO |    ✓ Found 7 movies
2026-08-07 01:41:44,753 | INFO | [328/1901] Fetching Chandrapur (CHAN)
2026-08-07 01:41:45,859 | INFO |    ↳ Status 200
2026-08-07 01:41:45,859 | INFO |    ✓ Found 8 movies
2026-08-07 01:41:45,859 | INFO | [329/1901] Fetching Chandur (CAND)
2026-08-07 01:41:46,120 | INFO | [330/1901] Fetching Changanassery (CNSY)
2026-08-07 01:41:46,582 | INFO | [331/1901] Fetching Changaramkulam (CHAA)
2026-08-07 01:41:47,073 | INFO |    ↳ Status 200
2026-08-07 01:41:47,073 | INFO |    ✓ Found 8 movies
2026-08-07 01:41:47,073 | INFO | [332/1901] Fetching Channagiri (CHGI)
2026-08-07 01:41:47,401 | INFO |    ↳ Status 403
2026-08-07 01:41:47,401 | WARNING |    ⚠ Blocked (403) retry 1
2026-08-07 01:41:47,458 | INFO |    ↳ Status 403
2026-08-07 01:41:47,458 | WARNING |    ⚠ Blocked (403) retry 1
2026-08-07 01:41:47,463 | INFO | [333/1901] Fetching Channapatna (CPTN)
2026-08-07 01:41:47,466 | INFO | 🌐 Session warmed
2026-08-07 01:41:47,528 | INFO | 🌐 Session warmed
2026-08-07 01:41:48,233 | INFO |    ↳ Status 200
2026-08-07 01:41:48,233 | INFO |    ✓ Found 8 movies
2026-08-07 01:41:48,233 | INFO | [334/1901] Fetching Channarayapatna (CHNN)
2026-08-07 01:41:48,552 | INFO |    ↳ Status 403
2026-08-07 01:41:48,552 | WARNING |    ⚠ Blocked (403) retry 1
2026-08-07 01:41:48,617 | INFO | 🌐 Session warmed
2026-08-07 01:41:49,258 | INFO |    ↳ Status 403
2026-08-07 01:41:49,258 | WARNING |    ⚠ Blocked (403) retry 2
2026-08-07 01:41:49,324 | INFO | 🌐 Session warmed
2026-08-07 01:41:49,510 | INFO |    ↳ Status 403
2026-08-07 01:41:49,510 | WARNING |    ⚠ Blocked (403) retry 2
2026-08-07 01:41:49,586 | INFO | 🌐 Session warmed
2026-08-07 01:41:49,683 | INFO |    ↳ Status 200
2026-08-07 01:41:49,683 | INFO |    ✓ Found 8 movies
2026-08-07 01:41:49,684 | INFO | [335/1901] Fetching Chanpatia (CHAT)
2026-08-07 01:41:50,262 | INFO |    ↳ Status 403
2026-08-07 01:41:50,262 | WARNING |    ⚠ Blocked (403) retry 2
2026-08-07 01:41:50,327 | INFO | 🌐 Session warmed
2026-08-07 01:41:50,714 | INFO |    ↳ Status 200
2026-08-07 01:41:50,714 | INFO |    ✓ Found 8 movies
2026-08-07 01:41:50,714 | INFO | [336/1901] Fetching Chapra (CHPR)
2026-08-07 01:41:52,129 | INFO |    ↳ Status 200
2026-08-07 01:41:52,129 | INFO |    ✓ Found 8 movies
2026-08-07 01:41:52,129 | INFO | [337/1901] Fetching Charkhi Dadri (CCDD)
2026-08-07 01:41:52,213 | INFO |    ↳ Status 403
2026-08-07 01:41:52,213 | WARNING |    ⚠ Blocked (403) retry 3
2026-08-07 01:41:52,283 | INFO | 🌐 Session warmed
2026-08-07 01:41:52,557 | INFO |    ↳ Status 403
2026-08-07 01:41:52,557 | WARNING |    ⚠ Blocked (403) retry 3
2026-08-07 01:41:52,639 | INFO | 🌐 Session warmed
2026-08-07 01:41:53,479 | INFO |    ↳ Status 403
2026-08-07 01:41:53,479 | WARNING |    ⚠ Blocked (403) retry 3
2026-08-07 01:41:53,550 | INFO | 🌐 Session warmed
2026-08-07 01:41:53,875 | INFO |    ↳ Status 200
2026-08-07 01:41:53,875 | INFO |    ✓ Found 7 movies
2026-08-07 01:41:53,875 | INFO | [338/1901] Fetching Chaygaon (CHOG)
2026-08-07 01:41:55,633 | INFO |    ↳ Status 200
2026-08-07 01:41:55,633 | INFO |    ✓ Found 7 movies
2026-08-07 01:41:55,633 | INFO | [339/1901] Fetching Chebrolu (CHEB)
2026-08-07 01:41:56,283 | INFO | [340/1901] Fetching Cheeka (CHEK)
2026-08-07 01:41:56,639 | INFO | [341/1901] Fetching Cheepurupalli (CHEE)
2026-08-07 01:41:56,705 | INFO |    ↳ Status 200
2026-08-07 01:41:56,705 | INFO |    ✓ Found 8 movies
2026-08-07 01:41:56,705 | INFO | [342/1901] Fetching Chelpur (CHEL)
2026-08-07 01:41:56,953 | INFO |    ↳ Status 403
2026-08-07 01:41:56,953 | WARNING |    ⚠ Blocked (403) retry 1
2026-08-07 01:41:57,023 | INFO | 🌐 Session warmed
2026-08-07 01:41:57,550 | INFO | [343/1901] Fetching Chelur (CHEO)
2026-08-07 01:41:57,949 | INFO |    ↳ Status 403
2026-08-07 01:41:57,950 | WARNING |    ⚠ Blocked (403) retry 1
2026-08-07 01:41:58,016 | INFO | 🌐 Session warmed
2026-08-07 01:41:58,221 | INFO |    ↳ Status 200
2026-08-07 01:41:58,222 | INFO |    ✓ Found 8 movies
2026-08-07 01:41:58,222 | INFO | [344/1901] Fetching Chendrapinni (CNPI)
2026-08-07 01:41:58,962 | INFO |    ↳ Status 403
2026-08-07 01:41:58,963 | WARNING |    ⚠ Blocked (403) retry 1
2026-08-07 01:41:59,037 | INFO | 🌐 Session warmed
2026-08-07 01:41:59,102 | INFO |    ↳ Status 403
2026-08-07 01:41:59,102 | WARNING |    ⚠ Blocked (403) retry 2
2026-08-07 01:41:59,180 | INFO | 🌐 Session warmed
2026-08-07 01:41:59,563 | INFO |    ↳ Status 200
2026-08-07 01:41:59,563 | INFO |    ✓ Found 8 movies
2026-08-07 01:41:59,564 | INFO | [345/1901] Fetching Chengalpattu (CHET)
2026-08-07 01:42:00,035 | INFO |    ↳ Status 403
2026-08-07 01:42:00,035 | WARNING |    ⚠ Blocked (403) retry 2
2026-08-07 01:42:00,103 | INFO | 🌐 Session warmed
2026-08-07 01:42:01,138 | INFO |    ↳ Status 403
2026-08-07 01:42:01,138 | WARNING |    ⚠ Blocked (403) retry 2
2026-08-07 01:42:01,201 | INFO | 🌐 Session warmed
2026-08-07 01:42:01,279 | INFO |    ↳ Status 200
2026-08-07 01:42:01,280 | INFO |    ✓ Found 8 movies
2026-08-07 01:42:01,280 | INFO | [346/1901] Fetching Chengannur (CHEG)
2026-08-07 01:42:02,327 | INFO |    ↳ Status 403
2026-08-07 01:42:02,327 | WARNING |    ⚠ Blocked (403) retry 3
2026-08-07 01:42:02,392 | INFO | 🌐 Session warmed
2026-08-07 01:42:03,034 | INFO |    ↳ Status 403
2026-08-07 01:42:03,034 | WARNING |    ⚠ Blocked (403) retry 3
2026-08-07 01:42:03,044 | INFO |    ↳ Status 200
2026-08-07 01:42:03,044 | INFO |    ✓ Found 8 movies
2026-08-07 01:42:03,044 | INFO | [347/1901] Fetching Chennur (CHNU)
2026-08-07 01:42:03,105 | INFO | 🌐 Session warmed
2026-08-07 01:42:04,222 | INFO |    ↳ Status 403
2026-08-07 01:42:04,222 | WARNING |    ⚠ Blocked (403) retry 3
2026-08-07 01:42:04,296 | INFO | 🌐 Session warmed
2026-08-07 01:42:04,692 | INFO |    ↳ Status 200
2026-08-07 01:42:04,692 | INFO |    ✓ Found 8 movies
2026-08-07 01:42:04,693 | INFO | [348/1901] Fetching Chenthrapini (CHEI)
2026-08-07 01:42:06,302 | INFO |    ↳ Status 200
2026-08-07 01:42:06,302 | INFO |    ✓ Found 8 movies
2026-08-07 01:42:06,302 | INFO | [349/1901] Fetching Cherial (CHRY)
2026-08-07 01:42:06,392 | INFO | [350/1901] Fetching Cherla (CHRL)
2026-08-07 01:42:07,105 | INFO | [351/1901] Fetching Cherpulassery (CHER)
2026-08-07 01:42:07,488 | INFO |    ↳ Status 200
2026-08-07 01:42:07,488 | INFO |    ✓ Found 8 movies
2026-08-07 01:42:07,488 | INFO | [352/1901] Fetching Cherrapunji (CHPU)
2026-08-07 01:42:07,746 | INFO |    ↳ Status 403
2026-08-07 01:42:07,746 | WARNING |    ⚠ Blocked (403) retry 1
2026-08-07 01:42:07,812 | INFO | 🌐 Session warmed
2026-08-07 01:42:08,208 | INFO |    ↳ Status 403
2026-08-07 01:42:08,209 | WARNING |    ⚠ Blocked (403) retry 1
2026-08-07 01:42:08,284 | INFO | 🌐 Session warmed
2026-08-07 01:42:08,296 | INFO | [353/1901] Fetching Cherthala (CRTL)
2026-08-07 01:42:09,631 | INFO |    ↳ Status 403
2026-08-07 01:42:09,632 | WARNING |    ⚠ Blocked (403) retry 1
2026-08-07 01:42:09,697 | INFO | 🌐 Session warmed
2026-08-07 01:42:09,897 | INFO |    ↳ Status 200
2026-08-07 01:42:09,898 | INFO |    ✓ Found 0 movies
2026-08-07 01:42:09,898 | INFO | [354/1901] Fetching Chetpet (PPPT)
2026-08-07 01:42:10,033 | INFO |    ↳ Status 403
2026-08-07 01:42:10,033 | WARNING |    ⚠ Blocked (403) retry 2
2026-08-07 01:42:10,101 | INFO | 🌐 Session warmed
2026-08-07 01:42:10,133 | INFO |    ↳ Status 403
2026-08-07 01:42:10,133 | WARNING |    ⚠ Blocked (403) retry 2
2026-08-07 01:42:10,197 | INFO | 🌐 Session warmed
2026-08-07 01:42:11,415 | INFO |    ↳ Status 200
2026-08-07 01:42:11,415 | INFO |    ✓ Found 8 movies
2026-08-07 01:42:11,415 | INFO | [355/1901] Fetching Chevella (CHEV)
2026-08-07 01:42:11,569 | INFO |    ↳ Status 403
2026-08-07 01:42:11,569 | WARNING |    ⚠ Blocked (403) retry 2
2026-08-07 01:42:11,639 | INFO | 🌐 Session warmed
2026-08-07 01:42:12,876 | INFO |    ↳ Status 403
2026-08-07 01:42:12,876 | WARNING |    ⚠ Blocked (403) retry 3
2026-08-07 01:42:12,953 | INFO | 🌐 Session warmed
2026-08-07 01:42:13,120 | INFO |    ↳ Status 200
2026-08-07 01:42:13,121 | INFO |    ✓ Found 8 movies
2026-08-07 01:42:13,121 | INFO | [356/1901] Fetching Cheyyar (CHEY)
2026-08-07 01:42:13,488 | INFO |    ↳ Status 403
2026-08-07 01:42:13,488 | WARNING |    ⚠ Blocked (403) retry 3
2026-08-07 01:42:13,566 | INFO | 🌐 Session warmed
2026-08-07 01:42:14,473 | INFO |    ↳ Status 403
2026-08-07 01:42:14,473 | WARNING |    ⚠ Blocked (403) retry 3
2026-08-07 01:42:14,538 | INFO | 🌐 Session warmed
2026-08-07 01:42:14,791 | INFO |    ↳ Status 200
2026-08-07 01:42:14,791 | INFO |    ✓ Found 8 movies
2026-08-07 01:42:14,791 | INFO | [357/1901] Fetching Cheyyur (CHYR)
2026-08-07 01:42:16,466 | INFO |    ↳ Status 200
2026-08-07 01:42:16,466 | INFO |    ✓ Found 8 movies
2026-08-07 01:42:16,467 | INFO | [358/1901] Fetching Chhabra (CHHB)
2026-08-07 01:42:16,954 | INFO | [359/1901] Fetching Chhatarpur (CHHT)
2026-08-07 01:42:17,566 | INFO | [360/1901] Fetching Chhatrapati Sambhajinagar (Aurangabad) (AURA)
2026-08-07 01:42:17,692 | INFO |    ↳ Status 403
2026-08-07 01:42:17,692 | WARNING |    ⚠ Blocked (403) retry 1
2026-08-07 01:42:17,765 | INFO | 🌐 Session warmed
2026-08-07 01:42:18,008 | INFO |    ↳ Status 200
2026-08-07 01:42:18,008 | INFO |    ✓ Found 8 movies
2026-08-07 01:42:18,008 | INFO | [361/1901] Fetching Chhibramau (CHHI)
2026-08-07 01:42:18,410 | INFO |    ↳ Status 403
2026-08-07 01:42:18,410 | WARNING |    ⚠ Blocked (403) retry 1
2026-08-07 01:42:18,474 | INFO | 🌐 Session warmed
2026-08-07 01:42:18,538 | INFO | [362/1901] Fetching Chhindwara (CHIN)
2026-08-07 01:42:19,641 | INFO |    ↳ Status 403
2026-08-07 01:42:19,641 | WARNING |    ⚠ Blocked (403) retry 1
2026-08-07 01:42:19,676 | INFO |    ↳ Status 403
2026-08-07 01:42:19,676 | WARNING |    ⚠ Blocked (403) retry 2
2026-08-07 01:42:19,717 | INFO | 🌐 Session warmed
2026-08-07 01:42:19,743 | INFO |    ↳ Status 200
2026-08-07 01:42:19,743 | INFO |    ✓ Found 8 movies
2026-08-07 01:42:19,743 | INFO | [363/1901] Fetching Chickmagaluru (CHKA)
2026-08-07 01:42:19,753 | INFO | 🌐 Session warmed
2026-08-07 01:42:20,500 | INFO |    ↳ Status 403
2026-08-07 01:42:20,501 | WARNING |    ⚠ Blocked (403) retry 2
2026-08-07 01:42:20,569 | INFO | 🌐 Session warmed
2026-08-07 01:42:21,120 | INFO |    ↳ Status 200
2026-08-07 01:42:21,120 | INFO |    ✓ Found 8 movies
2026-08-07 01:42:21,120 | INFO | [364/1901] Fetching Chidambaram (CHID)
2026-08-07 01:42:21,973 | INFO |    ↳ Status 403
2026-08-07 01:42:21,973 | WARNING |    ⚠ Blocked (403) retry 2
2026-08-07 01:42:22,045 | INFO | 🌐 Session warmed
2026-08-07 01:42:22,720 | INFO |    ↳ Status 403
2026-08-07 01:42:22,720 | WARNING |    ⚠ Blocked (403) retry 3
2026-08-07 01:42:22,733 | INFO |    ↳ Status 200
2026-08-07 01:42:22,733 | INFO |    ✓ Found 8 movies
2026-08-07 01:42:22,734 | INFO | [365/1901] Fetching Chikhli (CHIH)
2026-08-07 01:42:22,791 | INFO | 🌐 Session warmed
2026-08-07 01:42:23,221 | INFO |    ↳ Status 403
2026-08-07 01:42:23,221 | WARNING |    ⚠ Blocked (403) retry 3
2026-08-07 01:42:23,288 | INFO | 🌐 Session warmed
2026-08-07 01:42:23,953 | INFO |    ↳ Status 200
2026-08-07 01:42:23,953 | INFO |    ✓ Found 8 movies
2026-08-07 01:42:23,953 | INFO | [366/1901] Fetching Chikkaballapur (CHIK)
2026-08-07 01:42:24,888 | INFO |    ↳ Status 403
2026-08-07 01:42:24,888 | WARNING |    ⚠ Blocked (403) retry 3
2026-08-07 01:42:24,964 | INFO | 🌐 Session warmed
2026-08-07 01:42:24,964 | INFO |    ↳ Status 200
2026-08-07 01:42:24,964 | INFO |    ✓ Found 8 movies
2026-08-07 01:42:24,965 | INFO | [367/1901] Fetching Chikmagalur (CHUR)
2026-08-07 01:42:26,778 | INFO |    ↳ Status 200
2026-08-07 01:42:26,778 | INFO |    ✓ Found 8 movies
2026-08-07 01:42:26,778 | INFO | [368/1901] Fetching Chikodi (CHOK)
2026-08-07 01:42:26,791 | INFO | [369/1901] Fetching Chilakaluripet (CHIL)
2026-08-07 01:42:27,288 | INFO | [370/1901] Fetching Chinnalapatti (CNPT)
2026-08-07 01:42:27,643 | INFO |    ↳ Status 403
2026-08-07 01:42:27,643 | WARNING |    ⚠ Blocked (403) retry 1
2026-08-07 01:42:27,709 | INFO | 🌐 Session warmed
2026-08-07 01:42:28,065 | INFO |    ↳ Status 200
2026-08-07 01:42:28,065 | INFO |    ✓ Found 8 movies
2026-08-07 01:42:28,065 | INFO | [371/1901] Fetching Chinnamandem (CHNA)
2026-08-07 01:42:28,631 | INFO |    ↳ Status 403
2026-08-07 01:42:28,631 | WARNING |    ⚠ Blocked (403) retry 1
2026-08-07 01:42:28,700 | INFO | 🌐 Session warmed
2026-08-07 01:42:28,964 | INFO | [372/1901] Fetching Chinnamanur (CHAR)
2026-08-07 01:42:29,126 | INFO |    ↳ Status 200
2026-08-07 01:42:29,126 | INFO |    ✓ Found 8 movies
2026-08-07 01:42:29,126 | INFO | [373/1901] Fetching Chinsurah (CHSA)
2026-08-07 01:42:29,828 | INFO |    ↳ Status 403
2026-08-07 01:42:29,828 | WARNING |    ⚠ Blocked (403) retry 2
2026-08-07 01:42:29,896 | INFO | 🌐 Session warmed
2026-08-07 01:42:29,943 | INFO |    ↳ Status 403
2026-08-07 01:42:29,943 | WARNING |    ⚠ Blocked (403) retry 1
2026-08-07 01:42:30,025 | INFO | 🌐 Session warmed
2026-08-07 01:42:30,351 | INFO |    ↳ Status 200
2026-08-07 01:42:30,351 | INFO |    ✓ Found 8 movies
2026-08-07 01:42:30,351 | INFO | [374/1901] Fetching Chintalapudi (CHPD)
2026-08-07 01:42:30,508 | INFO |    ↳ Status 403
2026-08-07 01:42:30,509 | WARNING |    ⚠ Blocked (403) retry 2
2026-08-07 01:42:30,574 | INFO | 🌐 Session warmed
2026-08-07 01:42:31,462 | INFO |    ↳ Status 200
2026-08-07 01:42:31,462 | INFO |    ✓ Found 8 movies
2026-08-07 01:42:31,462 | INFO | [375/1901] Fetching Chintamani (CHTI)
2026-08-07 01:42:32,398 | INFO |    ↳ Status 403
2026-08-07 01:42:32,398 | WARNING |    ⚠ Blocked (403) retry 2
2026-08-07 01:42:32,476 | INFO | 🌐 Session warmed
2026-08-07 01:42:32,786 | INFO |    ↳ Status 200
2026-08-07 01:42:32,786 | INFO |    ✓ Found 0 movies
2026-08-07 01:42:32,786 | INFO | [376/1901] Fetching Chinturu (CHTN)
2026-08-07 01:42:33,042 | INFO |    ↳ Status 403
2026-08-07 01:42:33,042 | WARNING |    ⚠ Blocked (403) retry 3
2026-08-07 01:42:33,109 | INFO | 🌐 Session warmed
2026-08-07 01:42:33,662 | INFO |    ↳ Status 403
2026-08-07 01:42:33,662 | WARNING |    ⚠ Blocked (403) retry 3
2026-08-07 01:42:33,744 | INFO | 🌐 Session warmed
2026-08-07 01:42:34,102 | INFO |    ↳ Status 200
2026-08-07 01:42:34,102 | INFO |    ✓ Found 8 movies
2026-08-07 01:42:34,103 | INFO | [377/1901] Fetching Chiplun (CHPL)
2026-08-07 01:42:35,206 | INFO |    ↳ Status 403
2026-08-07 01:42:35,206 | WARNING |    ⚠ Blocked (403) retry 3
2026-08-07 01:42:35,275 | INFO | 🌐 Session warmed
2026-08-07 01:42:35,441 | INFO |    ↳ Status 200
2026-08-07 01:42:35,441 | INFO |    ✓ Found 8 movies
2026-08-07 01:42:35,441 | INFO | [378/1901] Fetching Chiraiyakot (CHYO)
2026-08-07 01:42:36,850 | INFO |    ↳ Status 200
2026-08-07 01:42:36,850 | INFO |    ✓ Found 8 movies
2026-08-07 01:42:36,850 | INFO | [379/1901] Fetching Chirala (CHIR)
2026-08-07 01:42:37,110 | INFO | [380/1901] Fetching Chirawa (CWRJ)
2026-08-07 01:42:37,743 | INFO |    ↳ Status 403
2026-08-07 01:42:37,743 | WARNING |    ⚠ Blocked (403) retry 1
2026-08-07 01:42:37,746 | INFO | [381/1901] Fetching Chitradurga (CHIT)
2026-08-07 01:42:37,815 | INFO | 🌐 Session warmed
2026-08-07 01:42:37,882 | INFO |    ↳ Status 200
2026-08-07 01:42:37,882 | INFO |    ✓ Found 8 movies
2026-08-07 01:42:37,883 | INFO | [382/1901] Fetching Chittoor (CHTT)
2026-08-07 01:42:38,514 | INFO |    ↳ Status 403
2026-08-07 01:42:38,515 | WARNING |    ⚠ Blocked (403) retry 1
2026-08-07 01:42:38,586 | INFO | 🌐 Session warmed
2026-08-07 01:42:39,197 | INFO |    ↳ Status 200
2026-08-07 01:42:39,198 | INFO |    ✓ Found 8 movies
2026-08-07 01:42:39,198 | INFO | [383/1901] Fetching Chittorgarh (COTT)
2026-08-07 01:42:39,276 | INFO | [384/1901] Fetching Chodavaram (CDVM)
2026-08-07 01:42:39,756 | INFO |    ↳ Status 403
2026-08-07 01:42:39,756 | WARNING |    ⚠ Blocked (403) retry 2
2026-08-07 01:42:39,830 | INFO | 🌐 Session warmed
2026-08-07 01:42:40,332 | INFO |    ↳ Status 403
2026-08-07 01:42:40,332 | WARNING |    ⚠ Blocked (403) retry 2
2026-08-07 01:42:40,398 | INFO | 🌐 Session warmed
2026-08-07 01:42:40,474 | INFO |    ↳ Status 200
2026-08-07 01:42:40,474 | INFO |    ✓ Found 8 movies
2026-08-07 01:42:40,474 | INFO | [385/1901] Fetching Chon Buri (CHBR)
2026-08-07 01:42:40,558 | INFO |    ↳ Status 403
2026-08-07 01:42:40,558 | WARNING |    ⚠ Blocked (403) retry 1
2026-08-07 01:42:40,631 | INFO | 🌐 Session warmed
2026-08-07 01:42:41,378 | INFO |    ↳ Status 200
2026-08-07 01:42:41,378 | INFO |    ✓ Found 8 movies
2026-08-07 01:42:41,378 | INFO | [386/1901] Fetching Chotila (CHOT)
2026-08-07 01:42:42,352 | INFO |    ↳ Status 403
2026-08-07 01:42:42,352 | WARNING |    ⚠ Blocked (403) retry 2
2026-08-07 01:42:42,426 | INFO | 🌐 Session warmed
2026-08-07 01:42:42,899 | INFO |    ↳ Status 403
2026-08-07 01:42:42,899 | WARNING |    ⚠ Blocked (403) retry 3
2026-08-07 01:42:42,947 | INFO |    ↳ Status 200
2026-08-07 01:42:42,947 | INFO |    ✓ Found 7 movies
2026-08-07 01:42:42,947 | INFO | [387/1901] Fetching Choutuppal (CHOU)
2026-08-07 01:42:42,971 | INFO | 🌐 Session warmed
2026-08-07 01:42:43,487 | INFO |    ↳ Status 403
2026-08-07 01:42:43,487 | WARNING |    ⚠ Blocked (403) retry 3
2026-08-07 01:42:43,560 | INFO | 🌐 Session warmed
2026-08-07 01:42:44,955 | INFO |    ↳ Status 200
2026-08-07 01:42:44,955 | INFO |    ✓ Found 8 movies
2026-08-07 01:42:44,955 | INFO | [388/1901] Fetching Churachandpur (CHUC)
2026-08-07 01:42:45,576 | INFO |    ↳ Status 403
2026-08-07 01:42:45,576 | WARNING |    ⚠ Blocked (403) retry 3
2026-08-07 01:42:45,646 | INFO | 🌐 Session warmed
2026-08-07 01:42:46,050 | INFO |    ↳ Status 200
2026-08-07 01:42:46,050 | INFO |    ✓ Found 1 movies
2026-08-07 01:42:46,050 | INFO | [389/1901] Fetching Churu (CHRU)
2026-08-07 01:42:46,972 | INFO | [390/1901] Fetching Coimbatore (COIM)
2026-08-07 01:42:47,561 | INFO | [391/1901] Fetching Colombo (COLO)
2026-08-07 01:42:47,733 | INFO |    ↳ Status 200
2026-08-07 01:42:47,733 | INFO |    ✓ Found 7 movies
2026-08-07 01:42:47,733 | INFO | [392/1901] Fetching Cooch Behar (COBE)
2026-08-07 01:42:47,852 | INFO |    ↳ Status 403
2026-08-07 01:42:47,852 | WARNING |    ⚠ Blocked (403) retry 1
2026-08-07 01:42:47,937 | INFO | 🌐 Session warmed
2026-08-07 01:42:48,695 | INFO |    ↳ Status 403
2026-08-07 01:42:48,695 | WARNING |    ⚠ Blocked (403) retry 1
2026-08-07 01:42:48,769 | INFO | 🌐 Session warmed
2026-08-07 01:42:49,058 | INFO |    ↳ Status 200
2026-08-07 01:42:49,058 | INFO |    ✓ Found 7 movies
2026-08-07 01:42:49,058 | INFO | [393/1901] Fetching Coonoor (CUNR)
2026-08-07 01:42:49,646 | INFO | [394/1901] Fetching Cuddalore (CUDD)
2026-08-07 01:42:49,990 | INFO |    ↳ Status 403
2026-08-07 01:42:49,991 | WARNING |    ⚠ Blocked (403) retry 2
2026-08-07 01:42:50,058 | INFO | 🌐 Session warmed
2026-08-07 01:42:50,256 | INFO |    ↳ Status 200
2026-08-07 01:42:50,256 | INFO |    ✓ Found 8 movies
2026-08-07 01:42:50,256 | INFO | [395/1901] Fetching Cumbum (CMBM)
2026-08-07 01:42:50,450 | INFO |    ↳ Status 403
2026-08-07 01:42:50,450 | WARNING |    ⚠ Blocked (403) retry 2
2026-08-07 01:42:50,515 | INFO | 🌐 Session warmed
2026-08-07 01:42:50,947 | INFO |    ↳ Status 403
2026-08-07 01:42:50,947 | WARNING |    ⚠ Blocked (403) retry 1
2026-08-07 01:42:51,011 | INFO | 🌐 Session warmed
2026-08-07 01:42:51,895 | INFO |    ↳ Status 200
2026-08-07 01:42:51,895 | INFO |    ✓ Found 8 movies
2026-08-07 01:42:51,895 | INFO | [396/1901] Fetching Cumbum (AP) (CUMB)
2026-08-07 01:42:52,658 | INFO |    ↳ Status 403
2026-08-07 01:42:52,659 | WARNING |    ⚠ Blocked (403) retry 2
2026-08-07 01:42:52,736 | INFO | 🌐 Session warmed
2026-08-07 01:42:53,223 | INFO |    ↳ Status 403
2026-08-07 01:42:53,223 | WARNING |    ⚠ Blocked (403) retry 3
2026-08-07 01:42:53,234 | INFO |    ↳ Status 403
2026-08-07 01:42:53,234 | WARNING |    ⚠ Blocked (403) retry 3
2026-08-07 01:42:53,253 | INFO |    ↳ Status 200
2026-08-07 01:42:53,253 | INFO |    ✓ Found 8 movies
2026-08-07 01:42:53,253 | INFO | [397/1901] Fetching Cuttack (CUTT)
2026-08-07 01:42:53,304 | INFO | 🌐 Session warmed
2026-08-07 01:42:53,308 | INFO | 🌐 Session warmed
2026-08-07 01:42:55,091 | INFO |    ↳ Status 200
2026-08-07 01:42:55,092 | INFO |    ✓ Found 8 movies
2026-08-07 01:42:55,092 | INFO | [398/1901] Fetching Dabhara (DABH)
2026-08-07 01:42:55,680 | INFO |    ↳ Status 403
2026-08-07 01:42:55,680 | WARNING |    ⚠ Blocked (403) retry 3
2026-08-07 01:42:55,746 | INFO | 🌐 Session warmed
2026-08-07 01:42:56,585 | INFO |    ↳ Status 200
2026-08-07 01:42:56,585 | INFO |    ✓ Found 0 movies
2026-08-07 01:42:56,585 | INFO | [399/1901] Fetching Dabra (DABR)
2026-08-07 01:42:57,305 | INFO | [400/1901] Fetching Dahanu (DHAU)
2026-08-07 01:42:57,308 | INFO | [401/1901] Fetching Dahegam (DHGM)
2026-08-07 01:42:58,216 | INFO |    ↳ Status 200
2026-08-07 01:42:58,216 | INFO |    ✓ Found 8 movies
2026-08-07 01:42:58,216 | INFO | [402/1901] Fetching Dahod (DAHO)
2026-08-07 01:42:58,539 | INFO |    ↳ Status 403
2026-08-07 01:42:58,539 | WARNING |    ⚠ Blocked (403) retry 1
2026-08-07 01:42:58,609 | INFO | 🌐 Session warmed
2026-08-07 01:42:58,703 | INFO |    ↳ Status 403
2026-08-07 01:42:58,703 | WARNING |    ⚠ Blocked (403) retry 1
2026-08-07 01:42:58,769 | INFO | 🌐 Session warmed
2026-08-07 01:42:59,551 | INFO |    ↳ Status 200
2026-08-07 01:42:59,551 | INFO |    ✓ Found 7 movies
2026-08-07 01:42:59,551 | INFO | [403/1901] Fetching Dakshin Barasat (DAKS)
2026-08-07 01:42:59,746 | INFO | [404/1901] Fetching Dalli Rajhara (DALL)
2026-08-07 01:43:00,324 | INFO |    ↳ Status 403
2026-08-07 01:43:00,324 | WARNING |    ⚠ Blocked (403) retry 2
2026-08-07 01:43:00,399 | INFO | 🌐 Session warmed
2026-08-07 01:43:00,533 | INFO |    ↳ Status 403
2026-08-07 01:43:00,533 | WARNING |    ⚠ Blocked (403) retry 1
2026-08-07 01:43:00,601 | INFO | 🌐 Session warmed
2026-08-07 01:43:00,979 | INFO |    ↳ Status 200
2026-08-07 01:43:00,979 | INFO |    ✓ Found 7 movies
2026-08-07 01:43:00,979 | INFO | [405/1901] Fetching Dalmianagar (DAAL)
2026-08-07 01:43:01,162 | INFO |    ↳ Status 403
2026-08-07 01:43:01,162 | WARNING |    ⚠ Blocked (403) retry 2
2026-08-07 01:43:01,228 | INFO | 🌐 Session warmed
2026-08-07 01:43:01,968 | INFO |    ↳ Status 200
2026-08-07 01:43:01,968 | INFO |    ✓ Found 0 movies
2026-08-07 01:43:01,968 | INFO | [406/1901] Fetching Daltonganj (DATG)
2026-08-07 01:43:02,964 | INFO |    ↳ Status 403
2026-08-07 01:43:02,964 | WARNING |    ⚠ Blocked (403) retry 2
2026-08-07 01:43:03,030 | INFO | 🌐 Session warmed
2026-08-07 01:43:03,475 | INFO |    ↳ Status 403
2026-08-07 01:43:03,475 | WARNING |    ⚠ Blocked (403) retry 3
2026-08-07 01:43:03,545 | INFO | 🌐 Session warmed
2026-08-07 01:43:04,360 | INFO |    ↳ Status 200
2026-08-07 01:43:04,360 | INFO |    ✓ Found 8 movies
2026-08-07 01:43:04,360 | INFO | [407/1901] Fetching Daman (DAMA)
2026-08-07 01:43:04,563 | INFO |    ↳ Status 403
2026-08-07 01:43:04,563 | WARNING |    ⚠ Blocked (403) retry 3
2026-08-07 01:43:04,629 | INFO | 🌐 Session warmed
2026-08-07 01:43:05,816 | INFO |    ↳ Status 200
2026-08-07 01:43:05,816 | INFO |    ✓ Found 7 movies
2026-08-07 01:43:05,816 | INFO | [408/1901] Fetching Damarcherla (DAMC)
2026-08-07 01:43:05,911 | INFO |    ↳ Status 403
2026-08-07 01:43:05,911 | WARNING |    ⚠ Blocked (403) retry 3
2026-08-07 01:43:05,978 | INFO | 🌐 Session warmed
2026-08-07 01:43:07,189 | INFO |    ↳ Status 200
2026-08-07 01:43:07,189 | INFO |    ✓ Found 8 movies
2026-08-07 01:43:07,189 | INFO | [409/1901] Fetching Dammapeta (DMPT)
2026-08-07 01:43:07,545 | INFO | [410/1901] Fetching Damoh (DAMO)
2026-08-07 01:43:08,629 | INFO | [411/1901] Fetching Danapur (DANA)
2026-08-07 01:43:08,674 | INFO |    ↳ Status 200
2026-08-07 01:43:08,674 | INFO |    ✓ Found 8 movies
2026-08-07 01:43:08,674 | INFO | [412/1901] Fetching Dandeli (DAND)
2026-08-07 01:43:08,742 | INFO |    ↳ Status 403
2026-08-07 01:43:08,742 | WARNING |    ⚠ Blocked (403) retry 1
2026-08-07 01:43:08,809 | INFO | 🌐 Session warmed
2026-08-07 01:43:09,405 | INFO |    ↳ Status 403
2026-08-07 01:43:09,405 | WARNING |    ⚠ Blocked (403) retry 1
2026-08-07 01:43:09,471 | INFO | 🌐 Session warmed
2026-08-07 01:43:09,978 | INFO | [413/1901] Fetching Dang (DANG)
2026-08-07 01:43:10,619 | INFO |    ↳ Status 403
2026-08-07 01:43:10,619 | WARNING |    ⚠ Blocked (403) retry 1
2026-08-07 01:43:10,696 | INFO | 🌐 Session warmed
2026-08-07 01:43:10,856 | INFO |    ↳ Status 403
2026-08-07 01:43:10,856 | WARNING |    ⚠ Blocked (403) retry 2
2026-08-07 01:43:10,931 | INFO | 🌐 Session warmed
2026-08-07 01:43:11,134 | INFO |    ↳ Status 200
2026-08-07 01:43:11,134 | INFO |    ✓ Found 8 movies
2026-08-07 01:43:11,134 | INFO | [414/1901] Fetching Dankaur (DAUK)
2026-08-07 01:43:11,669 | INFO |    ↳ Status 403
2026-08-07 01:43:11,669 | WARNING |    ⚠ Blocked (403) retry 2
2026-08-07 01:43:11,749 | INFO | 🌐 Session warmed
2026-08-07 01:43:12,191 | INFO |    ↳ Status 200
2026-08-07 01:43:12,192 | INFO |    ✓ Found 7 movies
2026-08-07 01:43:12,192 | INFO | [415/1901] Fetching Dantewada (DTWD)
2026-08-07 01:43:12,465 | INFO |    ↳ Status 403
2026-08-07 01:43:12,465 | WARNING |    ⚠ Blocked (403) retry 2
2026-08-07 01:43:12,530 | INFO | 🌐 Session warmed
2026-08-07 01:43:13,670 | INFO |    ↳ Status 403
2026-08-07 01:43:13,670 | WARNING |    ⚠ Blocked (403) retry 3
2026-08-07 01:43:13,740 | INFO | 🌐 Session warmed
2026-08-07 01:43:14,187 | INFO |    ↳ Status 200
2026-08-07 01:43:14,188 | INFO |    ✓ Found 8 movies
2026-08-07 01:43:14,188 | INFO | [416/1901] Fetching Daporijo (DAPO)
2026-08-07 01:43:14,942 | INFO |    ↳ Status 403
2026-08-07 01:43:14,942 | WARNING |    ⚠ Blocked (403) retry 3
2026-08-07 01:43:15,008 | INFO | 🌐 Session warmed
2026-08-07 01:43:15,763 | INFO |    ↳ Status 200
2026-08-07 01:43:15,763 | INFO |    ✓ Found 8 movies
2026-08-07 01:43:15,764 | INFO | [417/1901] Fetching Darbhanga (DARB)
2026-08-07 01:43:15,829 | INFO |    ↳ Status 403
2026-08-07 01:43:15,829 | WARNING |    ⚠ Blocked (403) retry 3
2026-08-07 01:43:15,907 | INFO | 🌐 Session warmed
2026-08-07 01:43:17,141 | INFO |    ↳ Status 200
2026-08-07 01:43:17,141 | INFO |    ✓ Found 7 movies
2026-08-07 01:43:17,141 | INFO | [418/1901] Fetching Darjeeling (DARJ)
2026-08-07 01:43:17,740 | INFO | [419/1901] Fetching Darlapudi (DRLA)
2026-08-07 01:43:18,362 | INFO |    ↳ Status 200
2026-08-07 01:43:18,362 | INFO |    ✓ Found 7 movies
2026-08-07 01:43:18,362 | INFO | [420/1901] Fetching Darsi (DARS)
2026-08-07 01:43:18,645 | INFO |    ↳ Status 403
2026-08-07 01:43:18,645 | WARNING |    ⚠ Blocked (403) retry 1
2026-08-07 01:43:18,710 | INFO | 🌐 Session warmed
2026-08-07 01:43:19,009 | INFO | [421/1901] Fetching Darwha (DARA)
2026-08-07 01:43:19,567 | INFO |    ↳ Status 200
2026-08-07 01:43:19,567 | INFO |    ✓ Found 8 movies
2026-08-07 01:43:19,568 | INFO | [422/1901] Fetching Dasuya (DASU)
2026-08-07 01:43:19,907 | INFO | [423/1901] Fetching Datia (DATI)
2026-08-07 01:43:20,357 | INFO |    ↳ Status 403
2026-08-07 01:43:20,357 | WARNING |    ⚠ Blocked (403) retry 1
2026-08-07 01:43:20,441 | INFO | 🌐 Session warmed
2026-08-07 01:43:20,683 | INFO |    ↳ Status 403
2026-08-07 01:43:20,683 | WARNING |    ⚠ Blocked (403) retry 2
2026-08-07 01:43:20,693 | INFO |    ↳ Status 403
2026-08-07 01:43:20,693 | WARNING |    ⚠ Blocked (403) retry 1
2026-08-07 01:43:20,772 | INFO | 🌐 Session warmed
2026-08-07 01:43:20,775 | INFO | 🌐 Session warmed
2026-08-07 01:43:20,892 | INFO |    ↳ Status 200
2026-08-07 01:43:20,892 | INFO |    ✓ Found 6 movies
2026-08-07 01:43:20,892 | INFO | [424/1901] Fetching Daund (DAUN)
2026-08-07 01:43:22,355 | INFO |    ↳ Status 403
2026-08-07 01:43:22,355 | WARNING |    ⚠ Blocked (403) retry 2
2026-08-07 01:43:22,421 | INFO | 🌐 Session warmed
2026-08-07 01:43:22,686 | INFO |    ↳ Status 200
2026-08-07 01:43:22,686 | INFO |    ✓ Found 8 movies
2026-08-07 01:43:22,686 | INFO | [425/1901] Fetching Dausa (DAUS)
2026-08-07 01:43:23,012 | INFO |    ↳ Status 403
2026-08-07 01:43:23,012 | WARNING |    ⚠ Blocked (403) retry 2
2026-08-07 01:43:23,090 | INFO | 🌐 Session warmed
2026-08-07 01:43:23,396 | INFO |    ↳ Status 403
2026-08-07 01:43:23,396 | WARNING |    ⚠ Blocked (403) retry 3
2026-08-07 01:43:23,476 | INFO | 🌐 Session warmed
2026-08-07 01:43:23,629 | INFO |    ↳ Status 200
2026-08-07 01:43:23,629 | INFO |    ✓ Found 7 movies
2026-08-07 01:43:23,629 | INFO | [426/1901] Fetching Davanagere (DAVA)
2026-08-07 01:43:24,692 | INFO |    ↳ Status 200
2026-08-07 01:43:24,692 | INFO |    ✓ Found 8 movies
2026-08-07 01:43:24,692 | INFO | [427/1901] Fetching Davuluru (DVLR)
2026-08-07 01:43:25,691 | INFO |    ↳ Status 403
2026-08-07 01:43:25,691 | WARNING |    ⚠ Blocked (403) retry 3
2026-08-07 01:43:25,756 | INFO | 🌐 Session warmed
2026-08-07 01:43:25,893 | INFO |    ↳ Status 403
2026-08-07 01:43:25,893 | WARNING |    ⚠ Blocked (403) retry 3
2026-08-07 01:43:25,969 | INFO | 🌐 Session warmed
2026-08-07 01:43:26,487 | INFO |    ↳ Status 200
2026-08-07 01:43:26,487 | INFO |    ✓ Found 8 movies
2026-08-07 01:43:26,488 | INFO | [428/1901] Fetching Deesa (DEES)
2026-08-07 01:43:27,476 | INFO | [429/1901] Fetching Dehradun (DEH)
2026-08-07 01:43:27,843 | INFO |    ↳ Status 200
2026-08-07 01:43:27,843 | INFO |    ✓ Found 7 movies
2026-08-07 01:43:27,843 | INFO | [430/1901] Fetching Deogadh (DEOD)
2026-08-07 01:43:28,693 | INFO |    ↳ Status 403
2026-08-07 01:43:28,693 | WARNING |    ⚠ Blocked (403) retry 1
2026-08-07 01:43:28,765 | INFO | 🌐 Session warmed
2026-08-07 01:43:29,303 | INFO |    ↳ Status 200
2026-08-07 01:43:29,303 | INFO |    ✓ Found 8 movies
2026-08-07 01:43:29,303 | INFO | [431/1901] Fetching Deoghar (DOGH)
2026-08-07 01:43:29,756 | INFO | [432/1901] Fetching Deoli (DEOL)
2026-08-07 01:43:29,969 | INFO | [433/1901] Fetching Deoli (Rajasthan) (DEOY)
2026-08-07 01:43:30,300 | INFO |    ↳ Status 200
2026-08-07 01:43:30,300 | INFO |    ✓ Found 8 movies
2026-08-07 01:43:30,300 | INFO | [434/1901] Fetching Deoli(Rajasthan) (DEOY)
2026-08-07 01:43:30,618 | INFO |    ↳ Status 403
2026-08-07 01:43:30,618 | WARNING |    ⚠ Blocked (403) retry 1
2026-08-07 01:43:30,682 | INFO | 🌐 Session warmed
2026-08-07 01:43:30,780 | INFO |    ↳ Status 403
2026-08-07 01:43:30,780 | WARNING |    ⚠ Blocked (403) retry 1
2026-08-07 01:43:30,853 | INFO | 🌐 Session warmed
2026-08-07 01:43:30,893 | INFO |    ↳ Status 403
2026-08-07 01:43:30,893 | WARNING |    ⚠ Blocked (403) retry 2
2026-08-07 01:43:30,964 | INFO | 🌐 Session warmed
2026-08-07 01:43:31,724 | INFO |    ↳ Status 200
2026-08-07 01:43:31,725 | INFO |    ✓ Found 0 movies
2026-08-07 01:43:31,725 | INFO | [435/1901] Fetching Deoria (DEEO)
2026-08-07 01:43:32,497 | INFO |    ↳ Status 403
2026-08-07 01:43:32,498 | WARNING |    ⚠ Blocked (403) retry 2
2026-08-07 01:43:32,579 | INFO | 🌐 Session warmed
2026-08-07 01:43:32,744 | INFO |    ↳ Status 403
2026-08-07 01:43:32,744 | WARNING |    ⚠ Blocked (403) retry 2
2026-08-07 01:43:32,820 | INFO | 🌐 Session warmed
2026-08-07 01:43:33,410 | INFO |    ↳ Status 200
2026-08-07 01:43:33,411 | INFO |    ✓ Found 8 movies
2026-08-07 01:43:33,411 | INFO | [436/1901] Fetching Deralakatte (DERA)
2026-08-07 01:43:34,127 | INFO |    ↳ Status 403
2026-08-07 01:43:34,127 | WARNING |    ⚠ Blocked (403) retry 3
2026-08-07 01:43:34,201 | INFO | 🌐 Session warmed
2026-08-07 01:43:35,018 | INFO |    ↳ Status 200
2026-08-07 01:43:35,018 | INFO |    ✓ Found 0 movies
2026-08-07 01:43:35,018 | INFO | [437/1901] Fetching Devadurga (DEVD)
2026-08-07 01:43:35,449 | INFO |    ↳ Status 403
2026-08-07 01:43:35,449 | WARNING |    ⚠ Blocked (403) retry 3
2026-08-07 01:43:35,512 | INFO | 🌐 Session warmed
2026-08-07 01:43:35,717 | INFO |    ↳ Status 403
2026-08-07 01:43:35,717 | WARNING |    ⚠ Blocked (403) retry 3
2026-08-07 01:43:35,788 | INFO | 🌐 Session warmed
2026-08-07 01:43:35,962 | INFO |    ↳ Status 200
2026-08-07 01:43:35,962 | INFO |    ✓ Found 8 movies
2026-08-07 01:43:35,962 | INFO | [438/1901] Fetching Devakottai (DEVA)
2026-08-07 01:43:36,882 | INFO |    ↳ Status 200
2026-08-07 01:43:36,882 | INFO |    ✓ Found 8 movies
2026-08-07 01:43:36,882 | INFO | [439/1901] Fetching Devarakadra (DEVR)
2026-08-07 01:43:37,984 | INFO |    ↳ Status 200
2026-08-07 01:43:37,984 | INFO |    ✓ Found 8 movies
2026-08-07 01:43:37,984 | INFO | [440/1901] Fetching Devarakonda (DEVK)
2026-08-07 01:43:38,202 | INFO | [441/1901] Fetching Devarapalle (DVRL)
2026-08-07 01:43:38,919 | INFO |    ↳ Status 403
2026-08-07 01:43:38,919 | WARNING |    ⚠ Blocked (403) retry 1
2026-08-07 01:43:38,985 | INFO | 🌐 Session warmed
2026-08-07 01:43:39,513 | INFO | [442/1901] Fetching Devarapalli (DVRP)
2026-08-07 01:43:39,551 | INFO |    ↳ Status 200
2026-08-07 01:43:39,551 | INFO |    ✓ Found 8 movies
2026-08-07 01:43:39,551 | INFO | [443/1901] Fetching Devgad (DEGA)
2026-08-07 01:43:39,789 | INFO | [444/1901] Fetching Dewas (DEWAS)
2026-08-07 01:43:40,600 | INFO |    ↳ Status 200
2026-08-07 01:43:40,600 | INFO |    ✓ Found 8 movies
2026-08-07 01:43:40,600 | INFO | [445/1901] Fetching Dhamnod (DMND)
2026-08-07 01:43:40,646 | INFO |    ↳ Status 403
2026-08-07 01:43:40,646 | WARNING |    ⚠ Blocked (403) retry 1
2026-08-07 01:43:40,710 | INFO | 🌐 Session warmed
2026-08-07 01:43:40,757 | INFO |    ↳ Status 403
2026-08-07 01:43:40,757 | WARNING |    ⚠ Blocked (403) retry 2
2026-08-07 01:43:40,827 | INFO | 🌐 Session warmed
2026-08-07 01:43:41,086 | INFO |    ↳ Status 403
2026-08-07 01:43:41,086 | WARNING |    ⚠ Blocked (403) retry 1
2026-08-07 01:43:41,161 | INFO | 🌐 Session warmed
2026-08-07 01:43:42,669 | INFO |    ↳ Status 200
2026-08-07 01:43:42,670 | INFO |    ✓ Found 8 movies
2026-08-07 01:43:42,670 | INFO | [446/1901] Fetching Dhampur (DHPR)
2026-08-07 01:43:43,051 | INFO |    ↳ Status 403
2026-08-07 01:43:43,051 | WARNING |    ⚠ Blocked (403) retry 2
2026-08-07 01:43:43,123 | INFO | 🌐 Session warmed
2026-08-07 01:43:43,211 | INFO |    ↳ Status 403
2026-08-07 01:43:43,211 | WARNING |    ⚠ Blocked (403) retry 2
2026-08-07 01:43:43,287 | INFO | 🌐 Session warmed
2026-08-07 01:43:43,518 | INFO |    ↳ Status 403
2026-08-07 01:43:43,518 | WARNING |    ⚠ Blocked (403) retry 3
2026-08-07 01:43:43,589 | INFO | 🌐 Session warmed
2026-08-07 01:43:44,919 | INFO |    ↳ Status 200
2026-08-07 01:43:44,919 | INFO |    ✓ Found 8 movies
2026-08-07 01:43:44,919 | INFO | [447/1901] Fetching Dhamtari (DHMT)
2026-08-07 01:43:46,023 | INFO |    ↳ Status 403
2026-08-07 01:43:46,023 | WARNING |    ⚠ Blocked (403) retry 3
2026-08-07 01:43:46,094 | INFO | 🌐 Session warmed
2026-08-07 01:43:46,599 | INFO |    ↳ Status 403
2026-08-07 01:43:46,599 | WARNING |    ⚠ Blocked (403) retry 3
2026-08-07 01:43:46,672 | INFO | 🌐 Session warmed
2026-08-07 01:43:46,891 | INFO |    ↳ Status 200
2026-08-07 01:43:46,891 | INFO |    ✓ Found 7 movies
2026-08-07 01:43:46,891 | INFO | [448/1901] Fetching Dhanaura (CFFG)
2026-08-07 01:43:47,589 | INFO | [449/1901] Fetching Dhanbad (DHAN)
2026-08-07 01:43:48,081 | INFO |    ↳ Status 200
2026-08-07 01:43:48,081 | INFO |    ✓ Found 8 movies
2026-08-07 01:43:48,081 | INFO | [450/1901] Fetching Dhanera (DHAC)
2026-08-07 01:43:48,236 | INFO |    ↳ Status 403
2026-08-07 01:43:48,237 | WARNING |    ⚠ Blocked (403) retry 1
2026-08-07 01:43:48,318 | INFO | 🌐 Session warmed
2026-08-07 01:43:49,650 | INFO |    ↳ Status 200
2026-08-07 01:43:49,650 | INFO |    ✓ Found 7 movies
2026-08-07 01:43:49,650 | INFO | [451/1901] Fetching Dhar (DARH)
2026-08-07 01:43:50,048 | INFO |    ↳ Status 403
2026-08-07 01:43:50,048 | WARNING |    ⚠ Blocked (403) retry 2
2026-08-07 01:43:50,094 | INFO | [452/1901] Fetching Dharamjaigarh (SHGA)
2026-08-07 01:43:50,115 | INFO | 🌐 Session warmed
2026-08-07 01:43:50,673 | INFO | [453/1901] Fetching Dharampur (DPUR)
2026-08-07 01:43:51,375 | INFO |    ↳ Status 403
2026-08-07 01:43:51,375 | WARNING |    ⚠ Blocked (403) retry 1
2026-08-07 01:43:51,380 | INFO |    ↳ Status 200
2026-08-07 01:43:51,380 | INFO |    ✓ Found 8 movies
2026-08-07 01:43:51,380 | INFO | [454/1901] Fetching Dharamsala (DMSL)
2026-08-07 01:43:51,446 | INFO | 🌐 Session warmed
2026-08-07 01:43:51,760 | INFO |    ↳ Status 403
2026-08-07 01:43:51,760 | WARNING |    ⚠ Blocked (403) retry 1
2026-08-07 01:43:51,831 | INFO | 🌐 Session warmed
2026-08-07 01:43:52,850 | INFO |    ↳ Status 200
2026-08-07 01:43:52,850 | INFO |    ✓ Found 8 movies
2026-08-07 01:43:52,850 | INFO | [455/1901] Fetching Dharamshala (DMSL)
2026-08-07 01:43:52,934 | INFO |    ↳ Status 403
2026-08-07 01:43:52,934 | WARNING |    ⚠ Blocked (403) retry 3
2026-08-07 01:43:53,017 | INFO | 🌐 Session warmed
2026-08-07 01:43:53,658 | INFO |    ↳ Status 403
2026-08-07 01:43:53,658 | WARNING |    ⚠ Blocked (403) retry 2
2026-08-07 01:43:53,722 | INFO | 🌐 Session warmed
2026-08-07 01:43:53,750 | INFO |    ↳ Status 403
2026-08-07 01:43:53,750 | WARNING |    ⚠ Blocked (403) retry 2
2026-08-07 01:43:53,813 | INFO | 🌐 Session warmed
2026-08-07 01:43:53,941 | INFO |    ↳ Status 200
2026-08-07 01:43:53,942 | INFO |    ✓ Found 8 movies
2026-08-07 01:43:53,942 | INFO | [456/1901] Fetching Dharapuram (DHAR)
2026-08-07 01:43:54,946 | INFO |    ↳ Status 200
2026-08-07 01:43:54,946 | INFO |    ✓ Found 8 movies
2026-08-07 01:43:54,946 | INFO | [457/1901] Fetching Dharashiv (Osmanabad) (OSMA)
2026-08-07 01:43:56,060 | INFO |    ↳ Status 200
2026-08-07 01:43:56,060 | INFO |    ✓ Found 8 movies
2026-08-07 01:43:56,060 | INFO | [458/1901] Fetching Dharmanagar (DHAT)
2026-08-07 01:43:56,582 | INFO |    ↳ Status 403
2026-08-07 01:43:56,582 | WARNING |    ⚠ Blocked (403) retry 3
2026-08-07 01:43:56,650 | INFO | 🌐 Session warmed
2026-08-07 01:43:56,709 | INFO |    ↳ Status 403
2026-08-07 01:43:56,709 | WARNING |    ⚠ Blocked (403) retry 3
2026-08-07 01:43:56,790 | INFO | 🌐 Session warmed
2026-08-07 01:43:57,017 | INFO | [459/1901] Fetching Dharmapuri (DMPI)
2026-08-07 01:43:57,677 | INFO |    ↳ Status 200
2026-08-07 01:43:57,677 | INFO |    ✓ Found 4 movies
2026-08-07 01:43:57,677 | INFO | [460/1901] Fetching Dharmavaram (DDMA)
2026-08-07 01:43:57,961 | INFO |    ↳ Status 403
2026-08-07 01:43:57,961 | WARNING |    ⚠ Blocked (403) retry 1
2026-08-07 01:43:58,034 | INFO | 🌐 Session warmed
2026-08-07 01:43:59,073 | INFO |    ↳ Status 200
2026-08-07 01:43:59,074 | INFO |    ✓ Found 8 movies
2026-08-07 01:43:59,074 | INFO | [461/1901] Fetching Dharpally (DPLL)
2026-08-07 01:43:59,941 | INFO |    ↳ Status 403
2026-08-07 01:43:59,941 | WARNING |    ⚠ Blocked (403) retry 2
2026-08-07 01:44:00,019 | INFO | 🌐 Session warmed
2026-08-07 01:44:00,651 | INFO | [462/1901] Fetching Dharpur (DUUU)
2026-08-07 01:44:00,755 | INFO |    ↳ Status 200
2026-08-07 01:44:00,755 | INFO |    ✓ Found 8 movies
2026-08-07 01:44:00,756 | INFO | [463/1901] Fetching Dharuhera (DHRA)
2026-08-07 01:44:00,791 | INFO | [464/1901] Fetching Dharwad (DHAW)
2026-08-07 01:44:01,477 | INFO |    ↳ Status 403
2026-08-07 01:44:01,477 | WARNING |    ⚠ Blocked (403) retry 1
2026-08-07 01:44:01,551 | INFO | 🌐 Session warmed
2026-08-07 01:44:01,953 | INFO |    ↳ Status 403
2026-08-07 01:44:01,954 | WARNING |    ⚠ Blocked (403) retry 1
2026-08-07 01:44:01,978 | INFO |    ↳ Status 200
2026-08-07 01:44:01,978 | INFO |    ✓ Found 7 movies
2026-08-07 01:44:01,978 | INFO | [465/1901] Fetching Dhaulana (DHAL)
2026-08-07 01:44:02,019 | INFO | 🌐 Session warmed
2026-08-07 01:44:03,038 | INFO |    ↳ Status 403
2026-08-07 01:44:03,038 | WARNING |    ⚠ Blocked (403) retry 3
2026-08-07 01:44:03,045 | INFO |    ↳ Status 200
2026-08-07 01:44:03,045 | INFO |    ✓ Found 8 movies
2026-08-07 01:44:03,046 | INFO | [466/1901] Fetching Dhekiajuli (DEKJ)
2026-08-07 01:44:03,105 | INFO | 🌐 Session warmed
2026-08-07 01:44:03,675 | INFO |    ↳ Status 403
2026-08-07 01:44:03,675 | WARNING |    ⚠ Blocked (403) retry 2
2026-08-07 01:44:03,741 | INFO | 🌐 Session warmed
2026-08-07 01:44:03,837 | INFO |    ↳ Status 403
2026-08-07 01:44:03,837 | WARNING |    ⚠ Blocked (403) retry 2
2026-08-07 01:44:03,907 | INFO | 🌐 Session warmed
2026-08-07 01:44:04,046 | INFO |    ↳ Status 200
2026-08-07 01:44:04,046 | INFO |    ✓ Found 8 movies
2026-08-07 01:44:04,046 | INFO | [467/1901] Fetching Dhemaji (DHEM)
2026-08-07 01:44:05,572 | INFO |    ↳ Status 200
2026-08-07 01:44:05,572 | INFO |    ✓ Found 8 movies
2026-08-07 01:44:05,572 | INFO | [468/1901] Fetching Dhenkanal (DNAL)
2026-08-07 01:44:06,424 | INFO |    ↳ Status 403
2026-08-07 01:44:06,424 | WARNING |    ⚠ Blocked (403) retry 3
2026-08-07 01:44:06,494 | INFO | 🌐 Session warmed
2026-08-07 01:44:06,736 | INFO |    ↳ Status 200
2026-08-07 01:44:06,736 | INFO |    ✓ Found 8 movies
2026-08-07 01:44:06,736 | INFO | [469/1901] Fetching Dholka (DHOL)
2026-08-07 01:44:06,846 | INFO |    ↳ Status 403
2026-08-07 01:44:06,847 | WARNING |    ⚠ Blocked (403) retry 3
2026-08-07 01:44:06,910 | INFO | 🌐 Session warmed
2026-08-07 01:44:07,105 | INFO | [470/1901] Fetching Dholpur (DHUR)
2026-08-07 01:44:07,919 | INFO |    ↳ Status 403
2026-08-07 01:44:07,919 | WARNING |    ⚠ Blocked (403) retry 1
2026-08-07 01:44:07,983 | INFO | 🌐 Session warmed
2026-08-07 01:44:08,320 | INFO |    ↳ Status 200
2026-08-07 01:44:08,320 | INFO |    ✓ Found 7 movies
2026-08-07 01:44:08,320 | INFO | [471/1901] Fetching Dhone (DHON)
2026-08-07 01:44:09,802 | INFO |    ↳ Status 200
2026-08-07 01:44:09,803 | INFO |    ✓ Found 8 movies
2026-08-07 01:44:09,803 | INFO | [472/1901] Fetching Dhoraji (DHOR)
2026-08-07 01:44:10,134 | INFO |    ↳ Status 403
2026-08-07 01:44:10,134 | WARNING |    ⚠ Blocked (403) retry 2
2026-08-07 01:44:10,201 | INFO | 🌐 Session warmed
2026-08-07 01:44:10,495 | INFO | [473/1901] Fetching Dhrangadhra (DHRN)
2026-08-07 01:44:10,910 | INFO | [474/1901] Fetching Dhubri (DHBR)
2026-08-07 01:44:11,354 | INFO |    ↳ Status 403
2026-08-07 01:44:11,354 | WARNING |    ⚠ Blocked (403) retry 1
2026-08-07 01:44:11,420 | INFO |    ↳ Status 200
2026-08-07 01:44:11,420 | INFO |    ✓ Found 7 movies
2026-08-07 01:44:11,420 | INFO | [475/1901] Fetching Dhule (DHLE)
2026-08-07 01:44:11,425 | INFO | 🌐 Session warmed
2026-08-07 01:44:12,057 | INFO |    ↳ Status 403
2026-08-07 01:44:12,057 | WARNING |    ⚠ Blocked (403) retry 1
2026-08-07 01:44:12,122 | INFO | 🌐 Session warmed
2026-08-07 01:44:12,916 | INFO |    ↳ Status 200
2026-08-07 01:44:12,916 | INFO |    ✓ Found 8 movies
2026-08-07 01:44:12,916 | INFO | [476/1901] Fetching Dhulian (DHAA)
2026-08-07 01:44:13,475 | INFO |    ↳ Status 403
2026-08-07 01:44:13,475 | WARNING |    ⚠ Blocked (403) retry 3
2026-08-07 01:44:13,545 | INFO | 🌐 Session warmed
2026-08-07 01:44:13,595 | INFO |    ↳ Status 403
2026-08-07 01:44:13,595 | WARNING |    ⚠ Blocked (403) retry 2
2026-08-07 01:44:13,665 | INFO | 🌐 Session warmed
2026-08-07 01:44:14,162 | INFO |    ↳ Status 403
2026-08-07 01:44:14,162 | WARNING |    ⚠ Blocked (403) retry 2
2026-08-07 01:44:14,231 | INFO | 🌐 Session warmed
2026-08-07 01:44:14,793 | INFO |    ↳ Status 200
2026-08-07 01:44:14,793 | INFO |    ✓ Found 7 movies
2026-08-07 01:44:14,794 | INFO | [477/1901] Fetching Dhuliyan (DHUI)
2026-08-07 01:44:16,266 | INFO |    ↳ Status 200
2026-08-07 01:44:16,266 | INFO |    ✓ Found 7 movies
2026-08-07 01:44:16,266 | INFO | [478/1901] Fetching Dhuri (DHRI)
2026-08-07 01:44:17,076 | INFO |    ↳ Status 403
2026-08-07 01:44:17,076 | WARNING |    ⚠ Blocked (403) retry 3
2026-08-07 01:44:17,142 | INFO | 🌐 Session warmed
2026-08-07 01:44:17,545 | INFO | [479/1901] Fetching Diamond Harbour (MNHR)
2026-08-07 01:44:17,586 | INFO |    ↳ Status 403
2026-08-07 01:44:17,586 | WARNING |    ⚠ Blocked (403) retry 3
2026-08-07 01:44:17,665 | INFO | 🌐 Session warmed
2026-08-07 01:44:17,835 | INFO |    ↳ Status 200
2026-08-07 01:44:17,835 | INFO |    ✓ Found 6 movies
2026-08-07 01:44:17,835 | INFO | [480/1901] Fetching Dibrugarh (DIB)
2026-08-07 01:44:18,868 | INFO |    ↳ Status 403
2026-08-07 01:44:18,868 | WARNING |    ⚠ Blocked (403) retry 1
2026-08-07 01:44:18,934 | INFO | 🌐 Session warmed
2026-08-07 01:44:19,169 | INFO |    ↳ Status 200
2026-08-07 01:44:19,169 | INFO |    ✓ Found 7 movies
2026-08-07 01:44:19,169 | INFO | [481/1901] Fetching Digras (DIGR)
2026-08-07 01:44:20,850 | INFO |    ↳ Status 200
2026-08-07 01:44:20,851 | INFO |    ✓ Found 8 movies
2026-08-07 01:44:20,851 | INFO | [482/1901] Fetching Dildar Nagar (DLDR)
2026-08-07 01:44:21,055 | INFO |    ↳ Status 403
2026-08-07 01:44:21,055 | WARNING |    ⚠ Blocked (403) retry 2
2026-08-07 01:44:21,125 | INFO | 🌐 Session warmed
2026-08-07 01:44:21,143 | INFO | [483/1901] Fetching Dima Hasao (DMHO)
2026-08-07 01:44:21,665 | INFO | [484/1901] Fetching Dimapur (DMPR)
2026-08-07 01:44:21,794 | INFO |    ↳ Status 403
2026-08-07 01:44:21,794 | WARNING |    ⚠ Blocked (403) retry 1
2026-08-07 01:44:21,864 | INFO | 🌐 Session warmed
2026-08-07 01:44:22,403 | INFO |    ↳ Status 403
2026-08-07 01:44:22,403 | WARNING |    ⚠ Blocked (403) retry 1
2026-08-07 01:44:22,468 | INFO | 🌐 Session warmed
2026-08-07 01:44:23,113 | INFO |    ↳ Status 200
2026-08-07 01:44:23,113 | INFO |    ✓ Found 0 movies
2026-08-07 01:44:23,113 | INFO | [485/1901] Fetching Dinanagar (DINA)
2026-08-07 01:44:23,782 | INFO |    ↳ Status 403
2026-08-07 01:44:23,782 | WARNING |    ⚠ Blocked (403) retry 3
2026-08-07 01:44:23,857 | INFO | 🌐 Session warmed
2026-08-07 01:44:23,992 | INFO |    ↳ Status 403
2026-08-07 01:44:23,992 | WARNING |    ⚠ Blocked (403) retry 2
2026-08-07 01:44:24,062 | INFO | 🌐 Session warmed
2026-08-07 01:44:24,275 | INFO |    ↳ Status 403
2026-08-07 01:44:24,275 | WARNING |    ⚠ Blocked (403) retry 2
2026-08-07 01:44:24,347 | INFO | 🌐 Session warmed
2026-08-07 01:44:24,380 | INFO |    ↳ Status 200
2026-08-07 01:44:24,380 | INFO |    ✓ Found 6 movies
2026-08-07 01:44:24,380 | INFO | [486/1901] Fetching Dindigul (DIND)
2026-08-07 01:44:26,301 | INFO |    ↳ Status 200
2026-08-07 01:44:26,301 | INFO |    ✓ Found 8 movies
2026-08-07 01:44:26,301 | INFO | [487/1901] Fetching Diphu (DIPH)
2026-08-07 01:44:27,255 | INFO |    ↳ Status 403
2026-08-07 01:44:27,256 | WARNING |    ⚠ Blocked (403) retry 3
2026-08-07 01:44:27,321 | INFO | 🌐 Session warmed
2026-08-07 01:44:27,536 | INFO |    ↳ Status 403
2026-08-07 01:44:27,536 | WARNING |    ⚠ Blocked (403) retry 3
2026-08-07 01:44:27,609 | INFO | 🌐 Session warmed
2026-08-07 01:44:27,721 | INFO |    ↳ Status 200
2026-08-07 01:44:27,721 | INFO |    ✓ Found 8 movies
2026-08-07 01:44:27,721 | INFO | [488/1901] Fetching Dirang (DGGD)
2026-08-07 01:44:27,858 | INFO | [489/1901] Fetching Doddaballapura (DDBP)
2026-08-07 01:44:28,581 | INFO |    ↳ Status 403
2026-08-07 01:44:28,582 | WARNING |    ⚠ Blocked (403) retry 1
2026-08-07 01:44:28,649 | INFO | 🌐 Session warmed
2026-08-07 01:44:29,066 | INFO |    ↳ Status 200
2026-08-07 01:44:29,066 | INFO |    ✓ Found 7 movies
2026-08-07 01:44:29,066 | INFO | [490/1901] Fetching Doimukh (MDHK)
2026-08-07 01:44:30,112 | INFO |    ↳ Status 200
2026-08-07 01:44:30,112 | INFO |    ✓ Found 8 movies
2026-08-07 01:44:30,112 | INFO | [491/1901] Fetching Domkal (DMKL)
2026-08-07 01:44:30,622 | INFO |    ↳ Status 403
2026-08-07 01:44:30,622 | WARNING |    ⚠ Blocked (403) retry 2
2026-08-07 01:44:31,321 | INFO | [492/1901] Fetching Dongargarh (DONG)
2026-08-07 01:44:31,457 | INFO |    ↳ Status 200
2026-08-07 01:44:31,458 | INFO |    ✓ Found 7 movies
2026-08-07 01:44:31,458 | INFO | [493/1901] Fetching Doolahat Bazar (DLBZ)
2026-08-07 01:44:31,609 | INFO | [494/1901] Fetching Doraha (DORH)
2026-08-07 01:44:32,206 | INFO |    ↳ Status 403
2026-08-07 01:44:32,206 | WARNING |    ⚠ Blocked (403) retry 1
2026-08-07 01:44:32,272 | INFO | 🌐 Session warmed
2026-08-07 01:44:32,713 | INFO |    ↳ Status 403
2026-08-07 01:44:32,713 | WARNING |    ⚠ Blocked (403) retry 1
2026-08-07 01:44:32,778 | INFO | 🌐 Session warmed
2026-08-07 01:44:32,844 | INFO |    ↳ Status 200
2026-08-07 01:44:32,844 | INFO |    ✓ Found 8 movies
2026-08-07 01:44:32,844 | INFO | [495/1901] Fetching Dornakal (DORN)
2026-08-07 01:44:33,996 | INFO |    ↳ Status 403
2026-08-07 01:44:33,996 | WARNING |    ⚠ Blocked (403) retry 2
2026-08-07 01:44:34,072 | INFO | 🌐 Session warmed
2026-08-07 01:44:34,325 | INFO |    ↳ Status 200
2026-08-07 01:44:34,325 | INFO |    ✓ Found 8 movies
2026-08-07 01:44:34,325 | INFO | [496/1901] Fetching Dowlaiswaram (DOWL)
2026-08-07 01:44:34,547 | INFO |    ↳ Status 403
2026-08-07 01:44:34,547 | WARNING |    ⚠ Blocked (403) retry 2
2026-08-07 01:44:34,619 | INFO | 🌐 Session warmed
2026-08-07 01:44:35,572 | INFO |    ↳ Status 200
2026-08-07 01:44:35,573 | INFO |    ✓ Found 0 movies
2026-08-07 01:44:35,573 | INFO | [497/1901] Fetching Draksharamam (DAKR)
2026-08-07 01:44:37,093 | INFO |    ↳ Status 200
2026-08-07 01:44:37,093 | INFO |    ✓ Found 8 movies
2026-08-07 01:44:37,093 | INFO | [498/1901] Fetching Dubbaka (DBBK)
2026-08-07 01:44:37,323 | INFO |    ↳ Status 403
2026-08-07 01:44:37,323 | WARNING |    ⚠ Blocked (403) retry 3
2026-08-07 01:44:37,387 | INFO | 🌐 Session warmed
2026-08-07 01:44:37,464 | INFO |    ↳ Status 403
2026-08-07 01:44:37,464 | WARNING |    ⚠ Blocked (403) retry 3
2026-08-07 01:44:37,534 | INFO | 🌐 Session warmed
2026-08-07 01:44:38,178 | INFO |    ↳ Status 200
2026-08-07 01:44:38,178 | INFO |    ✓ Found 8 movies
2026-08-07 01:44:38,179 | INFO | [499/1901] Fetching Dubrajpur (DUBR)
2026-08-07 01:44:39,711 | INFO |    ↳ Status 200
2026-08-07 01:44:39,711 | INFO |    ✓ Found 7 movies
2026-08-07 01:44:39,711 | INFO | [500/1901] Fetching Dudhi (DUDH)
2026-08-07 01:44:40,677 | WARNING | Warmup failed: HTTPSConnectionPool(host='in.bookmyshow.com', port=443): Read timed out. (read timeout=10)
2026-08-07 01:44:40,736 | INFO |    ↳ Status 200
2026-08-07 01:44:40,736 | INFO |    ✓ Found 8 movies
2026-08-07 01:44:40,736 | INFO | [501/1901] Fetching Dumka (DUMKA)
2026-08-07 01:44:41,388 | INFO | [502/1901] Fetching Dungarpur (DUNG)
2026-08-07 01:44:41,535 | INFO | [503/1901] Fetching Durg (DURG)
2026-08-07 01:44:42,153 | INFO |    ↳ Status 403
2026-08-07 01:44:42,154 | WARNING |    ⚠ Blocked (403) retry 1
2026-08-07 01:44:42,219 | INFO | 🌐 Session warmed
2026-08-07 01:44:42,660 | INFO |    ↳ Status 200
2026-08-07 01:44:42,660 | INFO |    ✓ Found 8 movies
2026-08-07 01:44:42,660 | INFO | [504/1901] Fetching Durgapur (DURGA)
2026-08-07 01:44:42,768 | INFO |    ↳ Status 403
2026-08-07 01:44:42,768 | WARNING |    ⚠ Blocked (403) retry 1
2026-08-07 01:44:42,836 | INFO | 🌐 Session warmed
2026-08-07 01:44:43,849 | INFO |    ↳ Status 403
2026-08-07 01:44:43,849 | WARNING |    ⚠ Blocked (403) retry 3
2026-08-07 01:44:43,915 | INFO | 🌐 Session warmed
2026-08-07 01:44:44,133 | INFO |    ↳ Status 200
2026-08-07 01:44:44,133 | INFO |    ✓ Found 7 movies
2026-08-07 01:44:44,133 | INFO | [505/1901] Fetching Dwarka (DWAR)
2026-08-07 01:44:44,476 | INFO |    ↳ Status 403
2026-08-07 01:44:44,476 | WARNING |    ⚠ Blocked (403) retry 2
2026-08-07 01:44:44,546 | INFO | 🌐 Session warmed
2026-08-07 01:44:44,554 | INFO |    ↳ Status 403
2026-08-07 01:44:44,555 | WARNING |    ⚠ Blocked (403) retry 2
2026-08-07 01:44:44,626 | INFO | 🌐 Session warmed
2026-08-07 01:44:45,326 | INFO |    ↳ Status 200
2026-08-07 01:44:45,327 | INFO |    ✓ Found 0 movies
2026-08-07 01:44:45,327 | INFO | [506/1901] Fetching East Godavari (ESTG)
2026-08-07 01:44:46,654 | INFO |    ↳ Status 200
2026-08-07 01:44:46,654 | INFO |    ✓ Found 8 movies
2026-08-07 01:44:46,654 | INFO | [507/1901] Fetching Edappal (EDPL)
2026-08-07 01:44:47,450 | INFO |    ↳ Status 403
2026-08-07 01:44:47,451 | WARNING |    ⚠ Blocked (403) retry 3
2026-08-07 01:44:47,515 | INFO | 🌐 Session warmed
2026-08-07 01:44:47,916 | INFO | [508/1901] Fetching Edlapadu (EDLP)
2026-08-07 01:44:47,986 | INFO |    ↳ Status 403
2026-08-07 01:44:47,986 | WARNING |    ⚠ Blocked (403) retry 3
2026-08-07 01:44:48,061 | INFO | 🌐 Session warmed
2026-08-07 01:44:48,363 | INFO |    ↳ Status 200
2026-08-07 01:44:48,364 | INFO |    ✓ Found 8 movies
2026-08-07 01:44:48,364 | INFO | [509/1901] Fetching Ekma (EKMA)
2026-08-07 01:44:49,301 | INFO |    ↳ Status 403
2026-08-07 01:44:49,301 | WARNING |    ⚠ Blocked (403) retry 1
2026-08-07 01:44:49,367 | INFO | 🌐 Session warmed
2026-08-07 01:44:50,137 | INFO |    ↳ Status 200
2026-08-07 01:44:50,138 | INFO |    ✓ Found 7 movies
2026-08-07 01:44:50,138 | INFO | [510/1901] Fetching Elesvaram (ELES)
2026-08-07 01:44:51,063 | INFO |    ↳ Status 403
2026-08-07 01:44:51,063 | WARNING |    ⚠ Blocked (403) retry 2
2026-08-07 01:44:51,138 | INFO | 🌐 Session warmed
2026-08-07 01:44:51,377 | INFO |    ↳ Status 200
2026-08-07 01:44:51,377 | INFO |    ✓ Found 8 movies
2026-08-07 01:44:51,377 | INFO | [511/1901] Fetching Eluru (ELRU)
2026-08-07 01:44:51,516 | INFO | [512/1901] Fetching Enkoor (ENKR)
2026-08-07 01:44:52,061 | INFO | [513/1901] Fetching Eramalloor (ERMR)
2026-08-07 01:44:52,544 | INFO |    ↳ Status 200
2026-08-07 01:44:52,544 | INFO |    ✓ Found 8 movies
2026-08-07 01:44:52,544 | INFO | [514/1901] Fetching Erandol (ERAN)
2026-08-07 01:44:52,694 | INFO |    ↳ Status 403
2026-08-07 01:44:52,694 | WARNING |    ⚠ Blocked (403) retry 1
2026-08-07 01:44:52,770 | INFO | 🌐 Session warmed
2026-08-07 01:44:52,911 | INFO |    ↳ Status 403
2026-08-07 01:44:52,911 | WARNING |    ⚠ Blocked (403) retry 1
2026-08-07 01:44:52,983 | INFO | 🌐 Session warmed
2026-08-07 01:44:54,379 | INFO |    ↳ Status 403
2026-08-07 01:44:54,380 | WARNING |    ⚠ Blocked (403) retry 3
2026-08-07 01:44:54,444 | INFO | 🌐 Session warmed
2026-08-07 01:44:54,510 | INFO |    ↳ Status 200
2026-08-07 01:44:54,510 | INFO |    ✓ Found 8 movies
2026-08-07 01:44:54,510 | INFO | [515/1901] Fetching Erattupetta (ERAT)
2026-08-07 01:44:54,694 | INFO |    ↳ Status 403
2026-08-07 01:44:54,694 | WARNING |    ⚠ Blocked (403) retry 2
2026-08-07 01:44:54,772 | INFO | 🌐 Session warmed
2026-08-07 01:44:54,783 | INFO |    ↳ Status 403
2026-08-07 01:44:54,783 | WARNING |    ⚠ Blocked (403) retry 2
2026-08-07 01:44:54,854 | INFO | 🌐 Session warmed
2026-08-07 01:44:55,683 | INFO |    ↳ Status 200
2026-08-07 01:44:55,684 | INFO |    ✓ Found 8 movies
2026-08-07 01:44:55,684 | INFO | [516/1901] Fetching Ernakulam (ERNK)
2026-08-07 01:44:56,799 | INFO |    ↳ Status 200
2026-08-07 01:44:56,799 | INFO |    ✓ Found 8 movies
2026-08-07 01:44:56,800 | INFO | [517/1901] Fetching Erode (EROD)
2026-08-07 01:44:57,480 | INFO |    ↳ Status 403
2026-08-07 01:44:57,480 | WARNING |    ⚠ Blocked (403) retry 3
2026-08-07 01:44:57,550 | INFO | 🌐 Session warmed
2026-08-07 01:44:57,736 | INFO |    ↳ Status 403
2026-08-07 01:44:57,736 | WARNING |    ⚠ Blocked (403) retry 3
2026-08-07 01:44:57,802 | INFO | 🌐 Session warmed
2026-08-07 01:44:57,958 | INFO |    ↳ Status 200
2026-08-07 01:44:57,958 | INFO |    ✓ Found 8 movies
2026-08-07 01:44:57,958 | INFO | [518/1901] Fetching Etah (ETAH)
2026-08-07 01:44:58,444 | INFO | [519/1901] Fetching Etawah (ETWH)
2026-08-07 01:44:59,072 | INFO |    ↳ Status 403
2026-08-07 01:44:59,072 | WARNING |    ⚠ Blocked (403) retry 1
2026-08-07 01:44:59,141 | INFO | 🌐 Session warmed
2026-08-07 01:44:59,195 | INFO |    ↳ Status 200
2026-08-07 01:44:59,196 | INFO |    ✓ Found 8 movies
2026-08-07 01:44:59,196 | INFO | [520/1901] Fetching Ettumanoor (ETTU)
2026-08-07 01:45:00,443 | INFO |    ↳ Status 200
2026-08-07 01:45:00,443 | INFO |    ✓ Found 8 movies
2026-08-07 01:45:00,443 | INFO | [521/1901] Fetching Eturnagaram (ETNR)
2026-08-07 01:45:01,103 | INFO |    ↳ Status 403
2026-08-07 01:45:01,103 | WARNING |    ⚠ Blocked (403) retry 2
2026-08-07 01:45:01,179 | INFO | 🌐 Session warmed
2026-08-07 01:45:01,436 | INFO |    ↳ Status 200
2026-08-07 01:45:01,436 | INFO |    ✓ Found 8 movies
2026-08-07 01:45:01,436 | INFO | [522/1901] Fetching Faizabad (FAZA)
2026-08-07 01:45:01,550 | INFO | [523/1901] Fetching Falakata (FALA)
2026-08-07 01:45:01,803 | INFO | [524/1901] Fetching Falna (FALN)
2026-08-07 01:45:02,802 | INFO |    ↳ Status 403
2026-08-07 01:45:02,802 | WARNING |    ⚠ Blocked (403) retry 1
2026-08-07 01:45:02,875 | INFO | 🌐 Session warmed
2026-08-07 01:45:03,043 | INFO |    ↳ Status 403
2026-08-07 01:45:03,043 | WARNING |    ⚠ Blocked (403) retry 1
2026-08-07 01:45:03,124 | INFO | 🌐 Session warmed
2026-08-07 01:45:03,183 | INFO |    ↳ Status 200
2026-08-07 01:45:03,183 | INFO |    ✓ Found 8 movies
2026-08-07 01:45:03,183 | INFO | [525/1901] Fetching Faridkot (DKOT)
2026-08-07 01:45:04,204 | INFO |    ↳ Status 200
2026-08-07 01:45:04,204 | INFO |    ✓ Found 1 movies
2026-08-07 01:45:04,205 | INFO | [526/1901] Fetching Farrukhabad (FARU)
2026-08-07 01:45:04,565 | INFO |    ↳ Status 403
2026-08-07 01:45:04,565 | WARNING |    ⚠ Blocked (403) retry 3
2026-08-07 01:45:04,630 | INFO | 🌐 Session warmed
2026-08-07 01:45:05,185 | INFO |    ↳ Status 403
2026-08-07 01:45:05,185 | WARNING |    ⚠ Blocked (403) retry 2
2026-08-07 01:45:05,208 | INFO |    ↳ Status 403
2026-08-07 01:45:05,208 | WARNING |    ⚠ Blocked (403) retry 2
2026-08-07 01:45:05,247 | INFO |    ↳ Status 200
2026-08-07 01:45:05,247 | INFO |    ✓ Found 8 movies
2026-08-07 01:45:05,247 | INFO | [527/1901] Fetching Fatehabad (FATD)
2026-08-07 01:45:05,260 | INFO | 🌐 Session warmed
2026-08-07 01:45:05,283 | INFO | 🌐 Session warmed
2026-08-07 01:45:06,363 | INFO |    ↳ Status 200
2026-08-07 01:45:06,363 | INFO |    ✓ Found 7 movies
2026-08-07 01:45:06,363 | INFO | [528/1901] Fetching Fatehgarh Sahib (FASA)
2026-08-07 01:45:07,932 | INFO |    ↳ Status 403
2026-08-07 01:45:07,933 | WARNING |    ⚠ Blocked (403) retry 3
2026-08-07 01:45:07,998 | INFO |    ↳ Status 200
2026-08-07 01:45:07,998 | INFO |    ✓ Found 6 movies
2026-08-07 01:45:07,999 | INFO | [529/1901] Fetching Fatehpur (FATE)
2026-08-07 01:45:08,079 | INFO | 🌐 Session warmed
2026-08-07 01:45:08,630 | INFO | [530/1901] Fetching Fatehpur(Rajasthan) (FATR)
2026-08-07 01:45:08,635 | INFO |    ↳ Status 403
2026-08-07 01:45:08,635 | WARNING |    ⚠ Blocked (403) retry 3
2026-08-07 01:45:08,700 | INFO | 🌐 Session warmed
2026-08-07 01:45:09,521 | INFO |    ↳ Status 200
2026-08-07 01:45:09,521 | INFO |    ✓ Found 8 movies
2026-08-07 01:45:09,521 | INFO | [531/1901] Fetching Fazilka (FAKA)
2026-08-07 01:45:10,000 | INFO |    ↳ Status 403
2026-08-07 01:45:10,000 | WARNING |    ⚠ Blocked (403) retry 1
2026-08-07 01:45:10,066 | INFO | 🌐 Session warmed
2026-08-07 01:45:10,568 | INFO |    ↳ Status 200
2026-08-07 01:45:10,568 | INFO |    ✓ Found 6 movies
2026-08-07 01:45:10,568 | INFO | [532/1901] Fetching Firozabad (FRZD)
2026-08-07 01:45:11,550 | INFO |    ↳ Status 200
2026-08-07 01:45:11,550 | INFO |    ✓ Found 8 movies
2026-08-07 01:45:11,550 | INFO | [533/1901] Fetching Firozpur (FRZR)
2026-08-07 01:45:12,079 | INFO | [534/1901] Fetching Forbesganj (FORB)
2026-08-07 01:45:12,288 | INFO |    ↳ Status 403
2026-08-07 01:45:12,288 | WARNING |    ⚠ Blocked (403) retry 2
2026-08-07 01:45:12,354 | INFO | 🌐 Session warmed
2026-08-07 01:45:12,700 | INFO | [535/1901] Fetching France (FCR)
2026-08-07 01:45:13,127 | INFO |    ↳ Status 200
2026-08-07 01:45:13,127 | INFO |    ✓ Found 6 movies
2026-08-07 01:45:13,127 | INFO | [536/1901] Fetching Fulkusma (FULK)
2026-08-07 01:45:13,358 | INFO |    ↳ Status 403
2026-08-07 01:45:13,358 | WARNING |    ⚠ Blocked (403) retry 1
2026-08-07 01:45:13,426 | INFO | 🌐 Session warmed
2026-08-07 01:45:13,811 | INFO |    ↳ Status 403
2026-08-07 01:45:13,811 | WARNING |    ⚠ Blocked (403) retry 1
2026-08-07 01:45:13,887 | INFO | 🌐 Session warmed
2026-08-07 01:45:14,773 | INFO |    ↳ Status 200
2026-08-07 01:45:14,773 | INFO |    ✓ Found 8 movies
2026-08-07 01:45:14,773 | INFO | [537/1901] Fetching G.Mamidada (GMAD)
2026-08-07 01:45:15,166 | INFO |    ↳ Status 403
2026-08-07 01:45:15,166 | WARNING |    ⚠ Blocked (403) retry 3
2026-08-07 01:45:15,242 | INFO | 🌐 Session warmed
2026-08-07 01:45:15,621 | INFO |    ↳ Status 403
2026-08-07 01:45:15,621 | WARNING |    ⚠ Blocked (403) retry 2
2026-08-07 01:45:15,664 | INFO |    ↳ Status 403
2026-08-07 01:45:15,664 | WARNING |    ⚠ Blocked (403) retry 2
2026-08-07 01:45:15,703 | INFO | 🌐 Session warmed
2026-08-07 01:45:15,736 | INFO | 🌐 Session warmed
2026-08-07 01:45:16,261 | INFO |    ↳ Status 200
2026-08-07 01:45:16,261 | INFO |    ✓ Found 8 movies
2026-08-07 01:45:16,262 | INFO | [538/1901] Fetching Gadag (GADG)
2026-08-07 01:45:18,022 | INFO |    ↳ Status 200
2026-08-07 01:45:18,022 | INFO |    ✓ Found 8 movies
2026-08-07 01:45:18,022 | INFO | [539/1901] Fetching Gadarwara (GDWR)
2026-08-07 01:45:18,716 | INFO |    ↳ Status 403
2026-08-07 01:45:18,716 | WARNING |    ⚠ Blocked (403) retry 3
2026-08-07 01:45:18,741 | INFO |    ↳ Status 403
2026-08-07 01:45:18,741 | WARNING |    ⚠ Blocked (403) retry 3
2026-08-07 01:45:18,798 | INFO | 🌐 Session warmed
2026-08-07 01:45:18,816 | INFO | 🌐 Session warmed
2026-08-07 01:45:19,242 | INFO | [540/1901] Fetching Gadchiroli (GDRO)
2026-08-07 01:45:19,780 | INFO |    ↳ Status 200
2026-08-07 01:45:19,780 | INFO |    ✓ Found 8 movies
2026-08-07 01:45:19,780 | INFO | [541/1901] Fetching Gadwal (GADW)
2026-08-07 01:45:20,095 | INFO |    ↳ Status 403
2026-08-07 01:45:20,095 | WARNING |    ⚠ Blocked (403) retry 1
2026-08-07 01:45:20,161 | INFO | 🌐 Session warmed
2026-08-07 01:45:21,061 | INFO |    ↳ Status 200
2026-08-07 01:45:21,061 | INFO |    ✓ Found 8 movies
2026-08-07 01:45:21,061 | INFO | [542/1901] Fetching Gajapathinagaram (GJPT)
2026-08-07 01:45:22,290 | INFO |    ↳ Status 403
2026-08-07 01:45:22,290 | WARNING |    ⚠ Blocked (403) retry 2
2026-08-07 01:45:22,372 | INFO | 🌐 Session warmed
2026-08-07 01:45:22,727 | INFO |    ↳ Status 200
2026-08-07 01:45:22,727 | INFO |    ✓ Found 8 movies
2026-08-07 01:45:22,727 | INFO | [543/1901] Fetching Gajendragarh (GJGH)
2026-08-07 01:45:22,798 | INFO | [544/1901] Fetching Gajwel (GAJW)
2026-08-07 01:45:22,816 | INFO | [545/1901] Fetching Gampalagudem (GMPL)
2026-08-07 01:45:23,496 | INFO |    ↳ Status 403
2026-08-07 01:45:23,497 | WARNING |    ⚠ Blocked (403) retry 1
2026-08-07 01:45:23,562 | INFO | 🌐 Session warmed
2026-08-07 01:45:24,210 | INFO |    ↳ Status 403
2026-08-07 01:45:24,210 | WARNING |    ⚠ Blocked (403) retry 1
2026-08-07 01:45:24,266 | INFO |    ↳ Status 200
2026-08-07 01:45:24,266 | INFO |    ✓ Found 8 movies
2026-08-07 01:45:24,266 | INFO | [546/1901] Fetching Ganapavaram (GANP)
2026-08-07 01:45:24,276 | INFO | 🌐 Session warmed
2026-08-07 01:45:25,403 | INFO |    ↳ Status 403
2026-08-07 01:45:25,404 | WARNING |    ⚠ Blocked (403) retry 2
2026-08-07 01:45:25,470 | INFO | 🌐 Session warmed
2026-08-07 01:45:25,756 | INFO |    ↳ Status 403
2026-08-07 01:45:25,757 | WARNING |    ⚠ Blocked (403) retry 3
2026-08-07 01:45:25,821 | INFO | 🌐 Session warmed
2026-08-07 01:45:25,826 | INFO |    ↳ Status 200
2026-08-07 01:45:25,826 | INFO |    ✓ Found 8 movies
2026-08-07 01:45:25,826 | INFO | [547/1901] Fetching Gandhidham (GDHAM)
2026-08-07 01:45:26,113 | INFO |    ↳ Status 403
2026-08-07 01:45:26,113 | WARNING |    ⚠ Blocked (403) retry 2
2026-08-07 01:45:26,189 | INFO | 🌐 Session warmed
2026-08-07 01:45:27,435 | INFO |    ↳ Status 200
2026-08-07 01:45:27,435 | INFO |    ✓ Found 7 movies
2026-08-07 01:45:27,435 | INFO | [548/1901] Fetching Gandhinagar (GNAGAR)
2026-08-07 01:45:28,398 | INFO |    ↳ Status 403
2026-08-07 01:45:28,398 | WARNING |    ⚠ Blocked (403) retry 3
2026-08-07 01:45:28,474 | INFO | 🌐 Session warmed
2026-08-07 01:45:28,784 | INFO |    ↳ Status 200
2026-08-07 01:45:28,784 | INFO |    ✓ Found 7 movies
2026-08-07 01:45:28,785 | INFO | [549/1901] Fetching Gangarampur (GNGR)
2026-08-07 01:45:29,181 | INFO |    ↳ Status 403
2026-08-07 01:45:29,181 | WARNING |    ⚠ Blocked (403) retry 3
2026-08-07 01:45:29,265 | INFO | 🌐 Session warmed
2026-08-07 01:45:29,821 | INFO | [550/1901] Fetching Gangavati (GAVT)
2026-08-07 01:45:30,046 | INFO |    ↳ Status 200
2026-08-07 01:45:30,046 | INFO |    ✓ Found 7 movies
2026-08-07 01:45:30,046 | INFO | [551/1901] Fetching Gangoh (GANZ)
2026-08-07 01:45:30,496 | INFO |    ↳ Status 403
2026-08-07 01:45:30,496 | WARNING |    ⚠ Blocked (403) retry 1
2026-08-07 01:45:30,574 | INFO | 🌐 Session warmed
2026-08-07 01:45:31,187 | INFO |    ↳ Status 200
2026-08-07 01:45:31,187 | INFO |    ✓ Found 8 movies
2026-08-07 01:45:31,187 | INFO | [552/1901] Fetching Gangtok (GANG)
2026-08-07 01:45:32,309 | INFO |    ↳ Status 403
2026-08-07 01:45:32,309 | WARNING |    ⚠ Blocked (403) retry 2
2026-08-07 01:45:32,384 | INFO | 🌐 Session warmed
2026-08-07 01:45:32,474 | INFO | [553/1901] Fetching Ganjam (GHZA)
2026-08-07 01:45:32,632 | INFO |    ↳ Status 200
2026-08-07 01:45:32,632 | INFO |    ✓ Found 3 movies
2026-08-07 01:45:32,632 | INFO | [554/1901] Fetching Ganjbasoda (GANJ)
2026-08-07 01:45:33,119 | INFO |    ↳ Status 403
2026-08-07 01:45:33,119 | WARNING |    ⚠ Blocked (403) retry 1
2026-08-07 01:45:33,185 | INFO | 🌐 Session warmed
2026-08-07 01:45:33,265 | INFO | [555/1901] Fetching Gannavaram (GANN)
2026-08-07 01:45:33,651 | INFO |    ↳ Status 200
2026-08-07 01:45:33,652 | INFO |    ✓ Found 8 movies
2026-08-07 01:45:33,652 | INFO | [556/1901] Fetching Garhwal (GRAH)
2026-08-07 01:45:34,338 | INFO |    ↳ Status 403
2026-08-07 01:45:34,338 | WARNING |    ⚠ Blocked (403) retry 1
2026-08-07 01:45:34,412 | INFO | 🌐 Session warmed
2026-08-07 01:45:35,168 | INFO |    ↳ Status 403
2026-08-07 01:45:35,168 | WARNING |    ⚠ Blocked (403) retry 2
2026-08-07 01:45:35,241 | INFO | 🌐 Session warmed
2026-08-07 01:45:35,274 | INFO |    ↳ Status 200
2026-08-07 01:45:35,274 | INFO |    ✓ Found 8 movies
2026-08-07 01:45:35,274 | INFO | [557/1901] Fetching Garla (GALA)
2026-08-07 01:45:35,670 | INFO |    ↳ Status 403
2026-08-07 01:45:35,670 | WARNING |    ⚠ Blocked (403) retry 3
2026-08-07 01:45:35,748 | INFO | 🌐 Session warmed
2026-08-07 01:45:36,686 | INFO |    ↳ Status 403
2026-08-07 01:45:36,686 | WARNING |    ⚠ Blocked (403) retry 2
2026-08-07 01:45:36,758 | INFO | 🌐 Session warmed
2026-08-07 01:45:36,916 | INFO |    ↳ Status 200
2026-08-07 01:45:36,916 | INFO |    ✓ Found 8 movies
2026-08-07 01:45:36,916 | INFO | [558/1901] Fetching Gauribidanur (GAUR)
2026-08-07 01:45:38,064 | INFO |    ↳ Status 403
2026-08-07 01:45:38,064 | WARNING |    ⚠ Blocked (403) retry 3
2026-08-07 01:45:38,131 | INFO | 🌐 Session warmed
2026-08-07 01:45:38,459 | INFO |    ↳ Status 200
2026-08-07 01:45:38,459 | INFO |    ✓ Found 8 movies
2026-08-07 01:45:38,459 | INFO | [559/1901] Fetching Gauriganj (GNGJ)
2026-08-07 01:45:39,576 | INFO |    ↳ Status 403
2026-08-07 01:45:39,576 | WARNING |    ⚠ Blocked (403) retry 3
2026-08-07 01:45:39,643 | INFO | 🌐 Session warmed
2026-08-07 01:45:39,657 | INFO |    ↳ Status 200
2026-08-07 01:45:39,657 | INFO |    ✓ Found 8 movies
2026-08-07 01:45:39,657 | INFO | [560/1901] Fetching Gaya (GAYA)
2026-08-07 01:45:39,749 | INFO | [561/1901] Fetching Gazole (GAZP)
2026-08-07 01:45:40,387 | INFO |    ↳ Status 403
2026-08-07 01:45:40,387 | WARNING |    ⚠ Blocked (403) retry 1
2026-08-07 01:45:40,452 | INFO | 🌐 Session warmed
2026-08-07 01:45:41,122 | INFO |    ↳ Status 200
2026-08-07 01:45:41,122 | INFO |    ✓ Found 7 movies
2026-08-07 01:45:41,123 | INFO | [562/1901] Fetching Georai (GEOR)
2026-08-07 01:45:42,131 | INFO | [563/1901] Fetching Ghatanji (GHAT)
2026-08-07 01:45:42,463 | INFO |    ↳ Status 200
2026-08-07 01:45:42,463 | INFO |    ✓ Found 8 movies
2026-08-07 01:45:42,463 | INFO | [564/1901] Fetching Ghazipur (GHAR)
2026-08-07 01:45:42,769 | INFO |    ↳ Status 403
2026-08-07 01:45:42,769 | WARNING |    ⚠ Blocked (403) retry 1
2026-08-07 01:45:42,774 | INFO |    ↳ Status 403
2026-08-07 01:45:42,774 | WARNING |    ⚠ Blocked (403) retry 2
2026-08-07 01:45:42,841 | INFO | 🌐 Session warmed
2026-08-07 01:45:43,643 | INFO | [565/1901] Fetching Ghorasahan (GHOR)
2026-08-07 01:45:43,864 | INFO | 🌐 Session warmed
2026-08-07 01:45:44,319 | INFO |    ↳ Status 200
2026-08-07 01:45:44,319 | INFO |    ✓ Found 8 movies
2026-08-07 01:45:44,320 | INFO | [566/1901] Fetching Ghumarwin (GHUM)
2026-08-07 01:45:44,518 | INFO |    ↳ Status 403
2026-08-07 01:45:44,518 | WARNING |    ⚠ Blocked (403) retry 1
2026-08-07 01:45:44,585 | INFO | 🌐 Session warmed
2026-08-07 01:45:44,639 | INFO |    ↳ Status 403
2026-08-07 01:45:44,639 | WARNING |    ⚠ Blocked (403) retry 2
2026-08-07 01:45:44,703 | INFO | 🌐 Session warmed
2026-08-07 01:45:45,366 | INFO |    ↳ Status 200
2026-08-07 01:45:45,366 | INFO |    ✓ Found 8 movies
2026-08-07 01:45:45,367 | INFO | [567/1901] Fetching Giddalur (GDAL)
2026-08-07 01:45:46,322 | INFO |    ↳ Status 403
2026-08-07 01:45:46,322 | WARNING |    ⚠ Blocked (403) retry 2
2026-08-07 01:45:46,395 | INFO | 🌐 Session warmed
2026-08-07 01:45:46,810 | INFO |    ↳ Status 200
2026-08-07 01:45:46,810 | INFO |    ✓ Found 8 movies
2026-08-07 01:45:46,810 | INFO | [568/1901] Fetching Gingee (GING)
2026-08-07 01:45:47,128 | INFO |    ↳ Status 403
2026-08-07 01:45:47,128 | WARNING |    ⚠ Blocked (403) retry 3
2026-08-07 01:45:47,193 | INFO | 🌐 Session warmed
2026-08-07 01:45:47,799 | INFO |    ↳ Status 403
2026-08-07 01:45:47,799 | WARNING |    ⚠ Blocked (403) retry 3
2026-08-07 01:45:47,864 | INFO | 🌐 Session warmed
2026-08-07 01:45:48,233 | INFO |    ↳ Status 200
2026-08-07 01:45:48,233 | INFO |    ✓ Found 8 movies
2026-08-07 01:45:48,234 | INFO | [569/1901] Fetching Giridih (GIRI)
2026-08-07 01:45:49,049 | INFO |    ↳ Status 403
2026-08-07 01:45:49,049 | WARNING |    ⚠ Blocked (403) retry 3
2026-08-07 01:45:49,120 | INFO | 🌐 Session warmed
2026-08-07 01:45:49,869 | INFO |    ↳ Status 200
2026-08-07 01:45:49,869 | INFO |    ✓ Found 0 movies
2026-08-07 01:45:49,869 | INFO | [570/1901] Fetching Goa (GOA)
2026-08-07 01:45:51,193 | INFO | [571/1901] Fetching Goalpara (GOAL)
2026-08-07 01:45:51,865 | INFO | [572/1901] Fetching Gobichettipalayam (GOBI)
2026-08-07 01:45:52,156 | INFO |    ↳ Status 403
2026-08-07 01:45:52,156 | WARNING |    ⚠ Blocked (403) retry 1
2026-08-07 01:45:52,161 | INFO |    ↳ Status 200
2026-08-07 01:45:52,162 | INFO |    ✓ Found 5 movies
2026-08-07 01:45:52,162 | INFO | [573/1901] Fetching Godavarikhani (GDVK)
2026-08-07 01:45:52,232 | INFO | 🌐 Session warmed
2026-08-07 01:45:52,785 | INFO |    ↳ Status 403
2026-08-07 01:45:52,785 | WARNING |    ⚠ Blocked (403) retry 1
2026-08-07 01:45:52,851 | INFO | 🌐 Session warmed
2026-08-07 01:45:53,120 | INFO | [574/1901] Fetching Godda (GDDA)
2026-08-07 01:45:53,925 | INFO |    ↳ Status 403
2026-08-07 01:45:53,925 | WARNING |    ⚠ Blocked (403) retry 1
2026-08-07 01:45:53,990 | INFO | 🌐 Session warmed
2026-08-07 01:45:54,321 | INFO |    ↳ Status 200
2026-08-07 01:45:54,321 | INFO |    ✓ Found 8 movies
2026-08-07 01:45:54,321 | INFO | [575/1901] Fetching Godhra (GODH)
2026-08-07 01:45:54,342 | INFO |    ↳ Status 200
2026-08-07 01:45:54,342 | INFO |    ✓ Found 8 movies
2026-08-07 01:45:54,342 | INFO | [576/1901] Fetching Gogawa (GOGA)
2026-08-07 01:45:54,891 | INFO |    ↳ Status 403
2026-08-07 01:45:54,891 | WARNING |    ⚠ Blocked (403) retry 2
2026-08-07 01:45:54,960 | INFO | 🌐 Session warmed
2026-08-07 01:45:55,324 | INFO |    ↳ Status 200
2026-08-07 01:45:55,324 | INFO |    ✓ Found 7 movies
2026-08-07 01:45:55,325 | INFO | [577/1901] Fetching Gohana (GOHA)
2026-08-07 01:45:55,680 | INFO |    ↳ Status 200
2026-08-07 01:45:55,680 | INFO |    ✓ Found 8 movies
2026-08-07 01:45:55,680 | INFO | [578/1901] Fetching Gokak (GKGK)
2026-08-07 01:45:55,991 | INFO |    ↳ Status 403
2026-08-07 01:45:55,991 | WARNING |    ⚠ Blocked (403) retry 2
2026-08-07 01:45:56,061 | INFO | 🌐 Session warmed
2026-08-07 01:45:56,639 | INFO |    ↳ Status 200
2026-08-07 01:45:56,639 | INFO |    ✓ Found 8 movies
2026-08-07 01:45:56,639 | INFO | [579/1901] Fetching Gokarna (GOKA)
2026-08-07 01:45:56,765 | INFO |    ↳ Status 200
2026-08-07 01:45:56,766 | INFO |    ✓ Found 8 movies
2026-08-07 01:45:56,766 | INFO | [580/1901] Fetching Gokavaram (GOKM)
2026-08-07 01:45:57,726 | INFO |    ↳ Status 200
2026-08-07 01:45:57,726 | INFO |    ✓ Found 8 movies
2026-08-07 01:45:57,726 | INFO | [581/1901] Fetching Gola Bazar (GABR)
2026-08-07 01:45:57,911 | INFO |    ↳ Status 403
2026-08-07 01:45:57,911 | WARNING |    ⚠ Blocked (403) retry 1
2026-08-07 01:45:57,985 | INFO | 🌐 Session warmed
2026-08-07 01:45:58,250 | INFO |    ↳ Status 403
2026-08-07 01:45:58,250 | WARNING |    ⚠ Blocked (403) retry 3
2026-08-07 01:45:58,319 | INFO | 🌐 Session warmed
2026-08-07 01:45:59,200 | INFO |    ↳ Status 403
2026-08-07 01:45:59,200 | WARNING |    ⚠ Blocked (403) retry 3
2026-08-07 01:45:59,266 | INFO | 🌐 Session warmed
2026-08-07 01:45:59,499 | INFO |    ↳ Status 200
2026-08-07 01:45:59,499 | INFO |    ✓ Found 8 movies
2026-08-07 01:45:59,499 | INFO | [582/1901] Fetching Golaghat (GHT)
2026-08-07 01:46:00,089 | INFO |    ↳ Status 403
2026-08-07 01:46:00,089 | WARNING |    ⚠ Blocked (403) retry 2
2026-08-07 01:46:00,160 | INFO | 🌐 Session warmed
2026-08-07 01:46:00,938 | INFO |    ↳ Status 200
2026-08-07 01:46:00,939 | INFO |    ✓ Found 7 movies
2026-08-07 01:46:00,939 | INFO | [583/1901] Fetching Gollaprolu (GOLL)
2026-08-07 01:46:02,107 | INFO |    ↳ Status 200
2026-08-07 01:46:02,108 | INFO |    ✓ Found 8 movies
2026-08-07 01:46:02,108 | INFO | [584/1901] Fetching Gonda (GOND)
2026-08-07 01:46:02,320 | INFO | [585/1901] Fetching Gondal (GONA)
2026-08-07 01:46:03,167 | INFO |    ↳ Status 403
2026-08-07 01:46:03,167 | WARNING |    ⚠ Blocked (403) retry 3
2026-08-07 01:46:03,240 | INFO | 🌐 Session warmed
2026-08-07 01:46:03,266 | INFO | [586/1901] Fetching Gondia (GNDA)
2026-08-07 01:46:03,396 | INFO |    ↳ Status 403
2026-08-07 01:46:03,397 | WARNING |    ⚠ Blocked (403) retry 1
2026-08-07 01:46:03,465 | INFO | 🌐 Session warmed
2026-08-07 01:46:03,507 | INFO |    ↳ Status 200
2026-08-07 01:46:03,507 | INFO |    ✓ Found 8 movies
2026-08-07 01:46:03,507 | INFO | [587/1901] Fetching Goolikkadavu (GOOL)
2026-08-07 01:46:03,940 | INFO |    ↳ Status 403
2026-08-07 01:46:03,940 | WARNING |    ⚠ Blocked (403) retry 1
2026-08-07 01:46:04,338 | INFO | 🌐 Session warmed
2026-08-07 01:46:04,940 | INFO |    ↳ Status 200
2026-08-07 01:46:04,940 | INFO |    ✓ Found 8 movies
2026-08-07 01:46:04,940 | INFO | [588/1901] Fetching Gooty (GOOT)
2026-08-07 01:46:05,433 | INFO |    ↳ Status 403
2026-08-07 01:46:05,433 | WARNING |    ⚠ Blocked (403) retry 2
2026-08-07 01:46:05,512 | INFO | 🌐 Session warmed
2026-08-07 01:46:06,343 | INFO |    ↳ Status 200
2026-08-07 01:46:06,343 | INFO |    ✓ Found 8 movies
2026-08-07 01:46:06,343 | INFO | [589/1901] Fetching Gopalganj (GOPG)
2026-08-07 01:46:07,067 | INFO |    ↳ Status 200
2026-08-07 01:46:07,067 | INFO |    ✓ Found 0 movies
2026-08-07 01:46:07,067 | INFO | [590/1901] Fetching Gopalpet (GOPA)
2026-08-07 01:46:07,240 | INFO | [591/1901] Fetching Gopiganj (GOPI)
2026-08-07 01:46:07,640 | INFO |    ↳ Status 200
2026-08-07 01:46:07,640 | INFO |    ✓ Found 7 movies
2026-08-07 01:46:07,640 | INFO | [592/1901] Fetching Gorakhpur (GRKP)
2026-08-07 01:46:08,443 | INFO |    ↳ Status 403
2026-08-07 01:46:08,443 | WARNING |    ⚠ Blocked (403) retry 1
2026-08-07 01:46:08,512 | INFO | 🌐 Session warmed
2026-08-07 01:46:08,538 | INFO |    ↳ Status 403
2026-08-07 01:46:08,538 | WARNING |    ⚠ Blocked (403) retry 3
2026-08-07 01:46:08,615 | INFO | 🌐 Session warmed
2026-08-07 01:46:09,186 | INFO |    ↳ Status 200
2026-08-07 01:46:09,186 | INFO |    ✓ Found 8 movies
2026-08-07 01:46:09,186 | INFO | [593/1901] Fetching Goramadagu (GMDU)
2026-08-07 01:46:09,372 | INFO |    ↳ Status 200
2026-08-07 01:46:09,372 | INFO |    ✓ Found 8 movies
2026-08-07 01:46:09,372 | INFO | [594/1901] Fetching Gorantla (GORA)
2026-08-07 01:46:10,424 | INFO |    ↳ Status 200
2026-08-07 01:46:10,424 | INFO |    ✓ Found 8 movies
2026-08-07 01:46:10,424 | INFO | [595/1901] Fetching Gotegaon (GTGN)
2026-08-07 01:46:10,554 | INFO |    ↳ Status 200
2026-08-07 01:46:10,554 | INFO |    ✓ Found 8 movies
2026-08-07 01:46:10,554 | INFO | [596/1901] Fetching Gownipalli (GOWP)
2026-08-07 01:46:10,747 | INFO |    ↳ Status 403
2026-08-07 01:46:10,747 | WARNING |    ⚠ Blocked (403) retry 2
2026-08-07 01:46:10,818 | INFO | 🌐 Session warmed
2026-08-07 01:46:11,770 | INFO |    ↳ Status 200
2026-08-07 01:46:11,770 | INFO |    ✓ Found 8 movies
2026-08-07 01:46:11,770 | INFO | [597/1901] Fetching Gudivada (GUDI)
2026-08-07 01:46:12,616 | INFO | [598/1901] Fetching Gudiyatham (GDTM)
2026-08-07 01:46:12,730 | INFO |    ↳ Status 200
2026-08-07 01:46:12,730 | INFO |    ✓ Found 8 movies
2026-08-07 01:46:12,730 | INFO | [599/1901] Fetching Gudlavalleru (GULU)
2026-08-07 01:46:12,975 | INFO |    ↳ Status 200
2026-08-07 01:46:12,975 | INFO |    ✓ Found 8 movies
2026-08-07 01:46:12,975 | INFO | [600/1901] Fetching Gudur (GUDR)
2026-08-07 01:46:13,271 | INFO |    ↳ Status 403
2026-08-07 01:46:13,271 | WARNING |    ⚠ Blocked (403) retry 1
2026-08-07 01:46:13,340 | INFO | 🌐 Session warmed
2026-08-07 01:46:13,501 | INFO |    ↳ Status 403
2026-08-07 01:46:13,501 | WARNING |    ⚠ Blocked (403) retry 3
2026-08-07 01:46:13,578 | INFO | 🌐 Session warmed
2026-08-07 01:46:13,897 | INFO |    ↳ Status 200
2026-08-07 01:46:13,897 | INFO |    ✓ Found 8 movies
2026-08-07 01:46:13,897 | INFO | [601/1901] Fetching Guhagar (GUHA)
2026-08-07 01:46:14,601 | INFO |    ↳ Status 200
2026-08-07 01:46:14,601 | INFO |    ✓ Found 8 movies
2026-08-07 01:46:14,601 | INFO | [602/1901] Fetching Gulaothi (GULL)
2026-08-07 01:46:15,142 | INFO |    ↳ Status 403
2026-08-07 01:46:15,142 | WARNING |    ⚠ Blocked (403) retry 2
2026-08-07 01:46:15,221 | INFO | 🌐 Session warmed
2026-08-07 01:46:15,403 | INFO |    ↳ Status 200
2026-08-07 01:46:15,403 | INFO |    ✓ Found 8 movies
2026-08-07 01:46:15,404 | INFO | [603/1901] Fetching Guledgudda (GULD)
2026-08-07 01:46:16,516 | INFO |    ↳ Status 200
2026-08-07 01:46:16,516 | INFO |    ✓ Found 8 movies
2026-08-07 01:46:16,516 | INFO | [604/1901] Fetching Gummadidala (GUMM)
2026-08-07 01:46:17,114 | INFO |    ↳ Status 200
2026-08-07 01:46:17,115 | INFO |    ✓ Found 8 movies
2026-08-07 01:46:17,115 | INFO | [605/1901] Fetching Guna (GUNA)
2026-08-07 01:46:17,579 | INFO | [606/1901] Fetching Gundlupet (GUND)
2026-08-07 01:46:18,254 | INFO |    ↳ Status 200
2026-08-07 01:46:18,254 | INFO |    ✓ Found 8 movies
2026-08-07 01:46:18,254 | INFO | [607/1901] Fetching Guntakal (GUNL)
2026-08-07 01:46:18,269 | INFO |    ↳ Status 403
2026-08-07 01:46:18,269 | WARNING |    ⚠ Blocked (403) retry 3
2026-08-07 01:46:18,338 | INFO | 🌐 Session warmed
2026-08-07 01:46:18,407 | INFO |    ↳ Status 403
2026-08-07 01:46:18,407 | WARNING |    ⚠ Blocked (403) retry 1
2026-08-07 01:46:18,480 | INFO | 🌐 Session warmed
2026-08-07 01:46:18,937 | INFO |    ↳ Status 200
2026-08-07 01:46:18,937 | INFO |    ✓ Found 8 movies
2026-08-07 01:46:18,937 | INFO | [608/1901] Fetching Guntur (GUNT)
2026-08-07 01:46:19,665 | INFO |    ↳ Status 200
2026-08-07 01:46:19,665 | INFO |    ✓ Found 8 movies
2026-08-07 01:46:19,665 | INFO | [609/1901] Fetching Gurap (GRAP)
2026-08-07 01:46:20,373 | INFO |    ↳ Status 403
2026-08-07 01:46:20,373 | WARNING |    ⚠ Blocked (403) retry 2
2026-08-07 01:46:20,451 | INFO | 🌐 Session warmed
2026-08-07 01:46:20,622 | INFO |    ↳ Status 200
2026-08-07 01:46:20,622 | INFO |    ✓ Found 8 movies
2026-08-07 01:46:20,622 | INFO | [610/1901] Fetching Gurazala (GURZ)
2026-08-07 01:46:20,739 | INFO |    ↳ Status 200
2026-08-07 01:46:20,739 | INFO |    ✓ Found 7 movies
2026-08-07 01:46:20,739 | INFO | [611/1901] Fetching Gurdaspur (GSPR)
2026-08-07 01:46:21,562 | INFO |    ↳ Status 200
2026-08-07 01:46:21,563 | INFO |    ✓ Found 8 movies
2026-08-07 01:46:21,563 | INFO | [612/1901] Fetching Guruvayur (GUVY)
2026-08-07 01:46:22,080 | INFO |    ↳ Status 200
2026-08-07 01:46:22,080 | INFO |    ✓ Found 6 movies
2026-08-07 01:46:22,080 | INFO | [613/1901] Fetching Guwahati (GUW)
2026-08-07 01:46:22,338 | INFO | [614/1901] Fetching Gwalior (GWAL)
2026-08-07 01:46:22,994 | INFO |    ↳ Status 403
2026-08-07 01:46:22,994 | WARNING |    ⚠ Blocked (403) retry 1
2026-08-07 01:46:23,062 | INFO |    ↳ Status 200
2026-08-07 01:46:23,062 | INFO |    ✓ Found 8 movies
2026-08-07 01:46:23,062 | INFO | [615/1901] Fetching Habra (HARR)
2026-08-07 01:46:23,078 | INFO | 🌐 Session warmed
2026-08-07 01:46:23,429 | INFO |    ↳ Status 200
2026-08-07 01:46:23,429 | INFO |    ✓ Found 7 movies
2026-08-07 01:46:23,429 | INFO | [616/1901] Fetching Haflong (HALG)
2026-08-07 01:46:23,452 | INFO |    ↳ Status 403
2026-08-07 01:46:23,452 | WARNING |    ⚠ Blocked (403) retry 3
2026-08-07 01:46:23,525 | INFO | 🌐 Session warmed
2026-08-07 01:46:24,535 | INFO |    ↳ Status 200
2026-08-07 01:46:24,535 | INFO |    ✓ Found 7 movies
2026-08-07 01:46:24,535 | INFO | [617/1901] Fetching Hagaribommanahalli (HHGG)
2026-08-07 01:46:24,729 | INFO |    ↳ Status 200
2026-08-07 01:46:24,729 | INFO |    ✓ Found 8 movies
2026-08-07 01:46:24,729 | INFO | [618/1901] Fetching Hajipur (HAJI)
2026-08-07 01:46:25,168 | INFO |    ↳ Status 403
2026-08-07 01:46:25,168 | WARNING |    ⚠ Blocked (403) retry 2
2026-08-07 01:46:25,241 | INFO | 🌐 Session warmed
2026-08-07 01:46:25,967 | INFO |    ↳ Status 200
2026-08-07 01:46:25,967 | INFO |    ✓ Found 8 movies
2026-08-07 01:46:25,967 | INFO | [619/1901] Fetching Haldia (HLDI)
2026-08-07 01:46:25,981 | INFO |    ↳ Status 200
2026-08-07 01:46:25,982 | INFO |    ✓ Found 7 movies
2026-08-07 01:46:25,982 | INFO | [620/1901] Fetching Halduchaur (HUCR)
2026-08-07 01:46:27,001 | INFO |    ↳ Status 200
2026-08-07 01:46:27,001 | INFO |    ✓ Found 7 movies
2026-08-07 01:46:27,002 | INFO | [621/1901] Fetching Haldwani (HALD)
2026-08-07 01:46:27,191 | INFO |    ↳ Status 200
2026-08-07 01:46:27,191 | INFO |    ✓ Found 0 movies
2026-08-07 01:46:27,191 | INFO | [622/1901] Fetching Haliya (HALI)
2026-08-07 01:46:27,525 | INFO | [623/1901] Fetching Halol (HALO)
2026-08-07 01:46:28,059 | INFO |    ↳ Status 403
2026-08-07 01:46:28,059 | WARNING |    ⚠ Blocked (403) retry 3
2026-08-07 01:46:28,134 | INFO | 🌐 Session warmed
2026-08-07 01:46:28,437 | INFO |    ↳ Status 200
2026-08-07 01:46:28,437 | INFO |    ✓ Found 8 movies
2026-08-07 01:46:28,437 | INFO | [624/1901] Fetching Hamirpur (HP) (HAMI)
2026-08-07 01:46:28,651 | INFO |    ↳ Status 403
2026-08-07 01:46:28,651 | WARNING |    ⚠ Blocked (403) retry 1
2026-08-07 01:46:28,732 | INFO | 🌐 Session warmed
2026-08-07 01:46:28,868 | INFO |    ↳ Status 200
2026-08-07 01:46:28,868 | INFO |    ✓ Found 8 movies
2026-08-07 01:46:28,868 | INFO | [625/1901] Fetching Hampi (HMPI)
2026-08-07 01:46:30,145 | INFO |    ↳ Status 200
2026-08-07 01:46:30,145 | INFO |    ✓ Found 8 movies
2026-08-07 01:46:30,146 | INFO | [626/1901] Fetching Handwara (HNDW)
2026-08-07 01:46:30,430 | INFO |    ↳ Status 200
2026-08-07 01:46:30,430 | INFO |    ✓ Found 8 movies
2026-08-07 01:46:30,431 | INFO | [627/1901] Fetching Hanuman Junction (HANU)
2026-08-07 01:46:30,443 | INFO |    ↳ Status 403
2026-08-07 01:46:30,443 | WARNING |    ⚠ Blocked (403) retry 2
2026-08-07 01:46:30,516 | INFO | 🌐 Session warmed
2026-08-07 01:46:31,370 | INFO |    ↳ Status 200
2026-08-07 01:46:31,371 | INFO |    ✓ Found 8 movies
2026-08-07 01:46:31,371 | INFO | [628/1901] Fetching Hanumangarh (HNMG)
2026-08-07 01:46:31,723 | INFO |    ↳ Status 200
2026-08-07 01:46:31,723 | INFO |    ✓ Found 8 movies
2026-08-07 01:46:31,723 | INFO | [629/1901] Fetching Hapur (HAPR)
2026-08-07 01:46:32,134 | INFO | [630/1901] Fetching Harda (HRDA)
2026-08-07 01:46:32,833 | INFO |    ↳ Status 200
2026-08-07 01:46:32,833 | INFO |    ✓ Found 8 movies
2026-08-07 01:46:32,833 | INFO | [631/1901] Fetching Hardoi (HRDI)
2026-08-07 01:46:33,085 | INFO |    ↳ Status 200
2026-08-07 01:46:33,086 | INFO |    ✓ Found 8 movies
2026-08-07 01:46:33,086 | INFO | [632/1901] Fetching Haria (HARI)
2026-08-07 01:46:33,149 | INFO |    ↳ Status 403
2026-08-07 01:46:33,149 | WARNING |    ⚠ Blocked (403) retry 3
2026-08-07 01:46:33,222 | INFO | 🌐 Session warmed
2026-08-07 01:46:33,493 | INFO |    ↳ Status 403
2026-08-07 01:46:33,493 | WARNING |    ⚠ Blocked (403) retry 1
2026-08-07 01:46:33,559 | INFO | 🌐 Session warmed
2026-08-07 01:46:34,103 | INFO |    ↳ Status 200
2026-08-07 01:46:34,103 | INFO |    ✓ Found 8 movies
2026-08-07 01:46:34,104 | INFO | [633/1901] Fetching Haridwar (HRDR)
2026-08-07 01:46:34,135 | INFO |    ↳ Status 200
2026-08-07 01:46:34,135 | INFO |    ✓ Found 7 movies
2026-08-07 01:46:34,135 | INFO | [634/1901] Fetching Harihar (HRRR)
2026-08-07 01:46:35,174 | INFO |    ↳ Status 403
2026-08-07 01:46:35,174 | WARNING |    ⚠ Blocked (403) retry 2
2026-08-07 01:46:35,254 | INFO | 🌐 Session warmed
2026-08-07 01:46:35,354 | INFO |    ↳ Status 200
2026-08-07 01:46:35,354 | INFO |    ✓ Found 8 movies
2026-08-07 01:46:35,354 | INFO | [635/1901] Fetching Haripad (HRPD)
2026-08-07 01:46:35,379 | INFO |    ↳ Status 200
2026-08-07 01:46:35,379 | INFO |    ✓ Found 8 movies
2026-08-07 01:46:35,379 | INFO | [636/1901] Fetching Harugeri (HARU)
2026-08-07 01:46:36,931 | INFO |    ↳ Status 200
2026-08-07 01:46:36,931 | INFO |    ✓ Found 8 movies
2026-08-07 01:46:36,931 | INFO | [637/1901] Fetching Harur (HRUR)
2026-08-07 01:46:37,020 | INFO |    ↳ Status 200
2026-08-07 01:46:37,020 | INFO |    ✓ Found 8 movies
2026-08-07 01:46:37,020 | INFO | [638/1901] Fetching Hasanparthy (HASA)
2026-08-07 01:46:37,223 | INFO | [639/1901] Fetching Hasanparthy (HASZ)
2026-08-07 01:46:38,110 | INFO |    ↳ Status 403
2026-08-07 01:46:38,110 | WARNING |    ⚠ Blocked (403) retry 3
2026-08-07 01:46:38,144 | INFO |    ↳ Status 200
2026-08-07 01:46:38,144 | INFO |    ✓ Found 8 movies
2026-08-07 01:46:38,144 | INFO | [640/1901] Fetching Hasanpur (HANS)
2026-08-07 01:46:38,145 | INFO |    ↳ Status 403
2026-08-07 01:46:38,145 | WARNING |    ⚠ Blocked (403) retry 1
2026-08-07 01:46:38,193 | INFO | 🌐 Session warmed
2026-08-07 01:46:38,218 | INFO | 🌐 Session warmed
2026-08-07 01:46:38,563 | INFO |    ↳ Status 200
2026-08-07 01:46:38,564 | INFO |    ✓ Found 8 movies
2026-08-07 01:46:38,564 | INFO | [641/1901] Fetching Hasnabad (HSNA)
2026-08-07 01:46:39,626 | INFO |    ↳ Status 200
2026-08-07 01:46:39,626 | INFO |    ✓ Found 8 movies
2026-08-07 01:46:39,626 | INFO | [642/1901] Fetching Hassan (HASN)
2026-08-07 01:46:39,776 | INFO |    ↳ Status 200
2026-08-07 01:46:39,776 | INFO |    ✓ Found 8 movies
2026-08-07 01:46:39,776 | INFO | [643/1901] Fetching Hathras (HATH)
2026-08-07 01:46:40,587 | INFO |    ↳ Status 403
2026-08-07 01:46:40,587 | WARNING |    ⚠ Blocked (403) retry 2
2026-08-07 01:46:40,665 | INFO | 🌐 Session warmed
2026-08-07 01:46:41,307 | INFO |    ↳ Status 200
2026-08-07 01:46:41,307 | INFO |    ✓ Found 8 movies
2026-08-07 01:46:41,307 | INFO | [644/1901] Fetching Haveri (HRE)
2026-08-07 01:46:41,567 | INFO |    ↳ Status 200
2026-08-07 01:46:41,567 | INFO |    ✓ Found 8 movies
2026-08-07 01:46:41,567 | INFO | [645/1901] Fetching Hazaribagh (HAZA)
2026-08-07 01:46:42,193 | INFO | [646/1901] Fetching Himmatnagar (HIMM)
2026-08-07 01:46:42,715 | INFO |    ↳ Status 200
2026-08-07 01:46:42,715 | INFO |    ✓ Found 8 movies
2026-08-07 01:46:42,715 | INFO | [647/1901] Fetching Hindaun City (HIND)
2026-08-07 01:46:42,801 | INFO |    ↳ Status 200
2026-08-07 01:46:42,801 | INFO |    ✓ Found 8 movies
2026-08-07 01:46:42,801 | INFO | [648/1901] Fetching Hindupur (HNDP)
2026-08-07 01:46:43,231 | INFO |    ↳ Status 403
2026-08-07 01:46:43,232 | WARNING |    ⚠ Blocked (403) retry 1
2026-08-07 01:46:43,311 | INFO | 🌐 Session warmed
2026-08-07 01:46:43,568 | INFO |    ↳ Status 403
2026-08-07 01:46:43,568 | WARNING |    ⚠ Blocked (403) retry 3
2026-08-07 01:46:43,651 | INFO | 🌐 Session warmed
2026-08-07 01:46:43,901 | INFO |    ↳ Status 200
2026-08-07 01:46:43,901 | INFO |    ✓ Found 7 movies
2026-08-07 01:46:43,901 | INFO | [649/1901] Fetching Hindupuram (HINP)
2026-08-07 01:46:43,922 | INFO |    ↳ Status 200
2026-08-07 01:46:43,922 | INFO |    ✓ Found 8 movies
2026-08-07 01:46:43,922 | INFO | [650/1901] Fetching Hinganghat (HINA)
2026-08-07 01:46:44,970 | INFO |    ↳ Status 200
2026-08-07 01:46:44,970 | INFO |    ✓ Found 8 movies
2026-08-07 01:46:44,970 | INFO | [651/1901] Fetching Hingoli (HING)
2026-08-07 01:46:45,168 | INFO |    ↳ Status 403
2026-08-07 01:46:45,168 | WARNING |    ⚠ Blocked (403) retry 2
2026-08-07 01:46:45,241 | INFO | 🌐 Session warmed
2026-08-07 01:46:45,638 | INFO |    ↳ Status 200
2026-08-07 01:46:45,638 | INFO |    ✓ Found 8 movies
2026-08-07 01:46:45,638 | INFO | [652/1901] Fetching Hiramandalam (HIRA)
2026-08-07 01:46:46,127 | INFO |    ↳ Status 200
2026-08-07 01:46:46,127 | INFO |    ✓ Found 8 movies
2026-08-07 01:46:46,128 | INFO | [653/1901] Fetching Hirekerur (HIRE)
2026-08-07 01:46:46,997 | INFO |    ↳ Status 200
2026-08-07 01:46:46,997 | INFO |    ✓ Found 8 movies
2026-08-07 01:46:46,997 | INFO | [654/1901] Fetching Hiriyur (HIRI)
2026-08-07 01:46:47,478 | INFO |    ↳ Status 200
2026-08-07 01:46:47,478 | INFO |    ✓ Found 8 movies
2026-08-07 01:46:47,478 | INFO | [655/1901] Fetching Hisar (HISR)
2026-08-07 01:46:47,651 | INFO | [656/1901] Fetching Holenarasipura (HOLE)
2026-08-07 01:46:48,053 | INFO |    ↳ Status 403
2026-08-07 01:46:48,053 | WARNING |    ⚠ Blocked (403) retry 3
2026-08-07 01:46:48,134 | INFO | 🌐 Session warmed
2026-08-07 01:46:48,548 | INFO |    ↳ Status 200
2026-08-07 01:46:48,548 | INFO |    ✓ Found 7 movies
2026-08-07 01:46:48,548 | INFO | [657/1901] Fetching Honnali (HONV)
2026-08-07 01:46:48,562 | INFO |    ↳ Status 200
2026-08-07 01:46:48,562 | INFO |    ✓ Found 8 movies
2026-08-07 01:46:48,562 | INFO | [658/1901] Fetching Honnavara (HNVR)
2026-08-07 01:46:48,593 | INFO |    ↳ Status 403
2026-08-07 01:46:48,593 | WARNING |    ⚠ Blocked (403) retry 1
2026-08-07 01:46:48,667 | INFO | 🌐 Session warmed
2026-08-07 01:46:49,604 | INFO |    ↳ Status 200
2026-08-07 01:46:49,604 | INFO |    ✓ Found 8 movies
2026-08-07 01:46:49,605 | INFO | [659/1901] Fetching Hooghly (HOOG)
2026-08-07 01:46:50,152 | INFO |    ↳ Status 200
2026-08-07 01:46:50,152 | INFO |    ✓ Found 8 movies
2026-08-07 01:46:50,152 | INFO | [660/1901] Fetching Hoshangabad (HSGB)
2026-08-07 01:46:51,007 | INFO |    ↳ Status 403
2026-08-07 01:46:51,007 | WARNING |    ⚠ Blocked (403) retry 2
2026-08-07 01:46:51,077 | INFO | 🌐 Session warmed
2026-08-07 01:46:51,155 | INFO |    ↳ Status 200
2026-08-07 01:46:51,156 | INFO |    ✓ Found 7 movies
2026-08-07 01:46:51,156 | INFO | [661/1901] Fetching Hoshiarpur (HOSH)
2026-08-07 01:46:51,465 | INFO |    ↳ Status 200
2026-08-07 01:46:51,465 | INFO |    ✓ Found 8 movies
2026-08-07 01:46:51,465 | INFO | [662/1901] Fetching Hoskote (HOKT)
2026-08-07 01:46:52,134 | INFO | [663/1901] Fetching Hospet (HOSP)
2026-08-07 01:46:52,676 | INFO |    ↳ Status 200
2026-08-07 01:46:52,677 | INFO |    ✓ Found 6 movies
2026-08-07 01:46:52,677 | INFO | [664/1901] Fetching Hosur (HSUR)
2026-08-07 01:46:52,893 | INFO |    ↳ Status 403
2026-08-07 01:46:52,893 | WARNING |    ⚠ Blocked (403) retry 1
2026-08-07 01:46:52,962 | INFO | 🌐 Session warmed
2026-08-07 01:46:53,391 | INFO |    ↳ Status 200
2026-08-07 01:46:53,392 | INFO |    ✓ Found 8 movies
2026-08-07 01:46:53,392 | INFO | [665/1901] Fetching Howrah (HWRH)
2026-08-07 01:46:54,167 | INFO |    ↳ Status 403
2026-08-07 01:46:54,167 | WARNING |    ⚠ Blocked (403) retry 3
2026-08-07 01:46:54,233 | INFO | 🌐 Session warmed
2026-08-07 01:46:54,306 | INFO |    ↳ Status 200
2026-08-07 01:46:54,307 | INFO |    ✓ Found 8 movies
2026-08-07 01:46:54,307 | INFO | [666/1901] Fetching Hubballi (Hubli) (HUBL)
2026-08-07 01:46:54,866 | INFO |    ↳ Status 403
2026-08-07 01:46:54,866 | WARNING |    ⚠ Blocked (403) retry 2
2026-08-07 01:46:54,939 | INFO | 🌐 Session warmed
2026-08-07 01:46:55,869 | INFO |    ↳ Status 200
2026-08-07 01:46:55,869 | INFO |    ✓ Found 7 movies
2026-08-07 01:46:55,869 | INFO | [667/1901] Fetching Hunagunda (HNGN)
2026-08-07 01:46:56,439 | INFO |    ↳ Status 200
2026-08-07 01:46:56,439 | INFO |    ✓ Found 8 movies
2026-08-07 01:46:56,440 | INFO | [668/1901] Fetching Hunsur (HUSR)
2026-08-07 01:46:57,633 | INFO |    ↳ Status 403
2026-08-07 01:46:57,634 | WARNING |    ⚠ Blocked (403) retry 3
2026-08-07 01:46:57,715 | INFO | 🌐 Session warmed
2026-08-07 01:46:57,956 | INFO |    ↳ Status 200
2026-08-07 01:46:57,956 | INFO |    ✓ Found 8 movies
2026-08-07 01:46:57,956 | INFO | [669/1901] Fetching Husnabad (HSBD)
2026-08-07 01:46:58,233 | INFO | [670/1901] Fetching Huvinahadagali (HULI)
2026-08-07 01:46:58,305 | INFO |    ↳ Status 200
2026-08-07 01:46:58,305 | INFO |    ✓ Found 8 movies
2026-08-07 01:46:58,305 | INFO | [671/1901] Fetching Huzurabad (HZUB)
2026-08-07 01:46:59,153 | INFO |    ↳ Status 200
2026-08-07 01:46:59,153 | INFO |    ✓ Found 8 movies
2026-08-07 01:46:59,153 | INFO | [672/1901] Fetching Huzurnagar (HUZU)
2026-08-07 01:46:59,538 | INFO |    ↳ Status 403
2026-08-07 01:46:59,538 | WARNING |    ⚠ Blocked (403) retry 1
2026-08-07 01:46:59,603 | INFO | 🌐 Session warmed
2026-08-07 01:46:59,878 | INFO |    ↳ Status 200
2026-08-07 01:46:59,878 | INFO |    ✓ Found 8 movies
2026-08-07 01:46:59,878 | INFO | [673/1901] Fetching Ichalkaranji (ICHL)
2026-08-07 01:47:00,323 | INFO |    ↳ Status 200
2026-08-07 01:47:00,323 | INFO |    ✓ Found 8 movies
2026-08-07 01:47:00,323 | INFO | [674/1901] Fetching Ichchapuram (ICPR)
2026-08-07 01:47:01,198 | INFO |    ↳ Status 200
2026-08-07 01:47:01,198 | INFO |    ✓ Found 8 movies
2026-08-07 01:47:01,198 | INFO | [675/1901] Fetching Idappadi (IDPI)
2026-08-07 01:47:01,382 | INFO |    ↳ Status 403
2026-08-07 01:47:01,382 | WARNING |    ⚠ Blocked (403) retry 2
2026-08-07 01:47:01,450 | INFO | 🌐 Session warmed
2026-08-07 01:47:01,715 | INFO | [676/1901] Fetching Idar (IDAR)
2026-08-07 01:47:02,463 | INFO |    ↳ Status 403
2026-08-07 01:47:02,463 | WARNING |    ⚠ Blocked (403) retry 1
2026-08-07 01:47:02,537 | INFO | 🌐 Session warmed
2026-08-07 01:47:02,706 | INFO |    ↳ Status 200
2026-08-07 01:47:02,706 | INFO |    ✓ Found 8 movies
2026-08-07 01:47:02,706 | INFO | [677/1901] Fetching Idukki (IDKI)
2026-08-07 01:47:02,863 | INFO |    ↳ Status 200
2026-08-07 01:47:02,863 | INFO |    ✓ Found 8 movies
2026-08-07 01:47:02,863 | INFO | [678/1901] Fetching Ieeja (IEEJ)
2026-08-07 01:47:03,849 | INFO |    ↳ Status 200
2026-08-07 01:47:03,849 | INFO |    ✓ Found 8 movies
2026-08-07 01:47:03,850 | INFO | [679/1901] Fetching Imphal (IMPH)
2026-08-07 01:47:04,194 | INFO |    ↳ Status 200
2026-08-07 01:47:04,195 | INFO |    ✓ Found 8 movies
2026-08-07 01:47:04,195 | INFO | [680/1901] Fetching Indapur (INDA)
2026-08-07 01:47:04,205 | INFO |    ↳ Status 403
2026-08-07 01:47:04,205 | WARNING |    ⚠ Blocked (403) retry 3
2026-08-07 01:47:04,273 | INFO | 🌐 Session warmed
2026-08-07 01:47:04,698 | INFO |    ↳ Status 403
2026-08-07 01:47:04,698 | WARNING |    ⚠ Blocked (403) retry 2
2026-08-07 01:47:04,766 | INFO | 🌐 Session warmed
2026-08-07 01:47:05,305 | INFO |    ↳ Status 200
2026-08-07 01:47:05,305 | INFO |    ✓ Found 8 movies
2026-08-07 01:47:05,305 | INFO | [681/1901] Fetching Indi (IIND)
2026-08-07 01:47:05,338 | INFO |    ↳ Status 200
2026-08-07 01:47:05,338 | INFO |    ✓ Found 1 movies
2026-08-07 01:47:05,338 | INFO | [682/1901] Fetching Indore (IND)
2026-08-07 01:47:06,353 | INFO |    ↳ Status 200
2026-08-07 01:47:06,354 | INFO |    ✓ Found 8 movies
2026-08-07 01:47:06,354 | INFO | [683/1901] Fetching Indukurpeta (IDPA)
2026-08-07 01:47:06,419 | INFO |    ↳ Status 200
2026-08-07 01:47:06,419 | INFO |    ✓ Found 8 movies
2026-08-07 01:47:06,419 | INFO | [684/1901] Fetching Irinjalakuda (IRNK)
2026-08-07 01:47:07,479 | INFO |    ↳ Status 200
2026-08-07 01:47:07,480 | INFO |    ✓ Found 8 movies
2026-08-07 01:47:07,480 | INFO | [685/1901] Fetching Itanagar (ITNG)
2026-08-07 01:47:07,803 | INFO |    ↳ Status 200
2026-08-07 01:47:07,803 | INFO |    ✓ Found 8 movies
2026-08-07 01:47:07,803 | INFO | [686/1901] Fetching Itarsi (ITAR)
2026-08-07 01:47:07,853 | INFO |    ↳ Status 403
2026-08-07 01:47:07,853 | WARNING |    ⚠ Blocked (403) retry 3
2026-08-07 01:47:07,920 | INFO | 🌐 Session warmed
2026-08-07 01:47:08,273 | INFO | [687/1901] Fetching Jabalpur (JABL)
2026-08-07 01:47:08,588 | INFO |    ↳ Status 200
2026-08-07 01:47:08,589 | INFO |    ✓ Found 7 movies
2026-08-07 01:47:08,589 | INFO | [688/1901] Fetching Jadcherla (JADC)
2026-08-07 01:47:09,486 | INFO |    ↳ Status 200
2026-08-07 01:47:09,486 | INFO |    ✓ Found 8 movies
2026-08-07 01:47:09,486 | INFO | [689/1901] Fetching Jagalur (JAGA)
2026-08-07 01:47:09,556 | INFO |    ↳ Status 403
2026-08-07 01:47:09,556 | WARNING |    ⚠ Blocked (403) retry 1
2026-08-07 01:47:09,632 | INFO | 🌐 Session warmed
2026-08-07 01:47:09,840 | INFO |    ↳ Status 200
2026-08-07 01:47:09,840 | INFO |    ✓ Found 8 movies
2026-08-07 01:47:09,840 | INFO | [690/1901] Fetching Jagatdal (JGDL)
2026-08-07 01:47:10,568 | INFO |    ↳ Status 200
2026-08-07 01:47:10,568 | INFO |    ✓ Found 8 movies
2026-08-07 01:47:10,568 | INFO | [691/1901] Fetching Jagdalpur (JAGD)
2026-08-07 01:47:11,246 | INFO |    ↳ Status 200
2026-08-07 01:47:11,246 | INFO |    ✓ Found 7 movies
2026-08-07 01:47:11,247 | INFO | [692/1901] Fetching Jaggampeta (JAGG)
2026-08-07 01:47:11,272 | INFO |    ↳ Status 403
2026-08-07 01:47:11,272 | WARNING |    ⚠ Blocked (403) retry 2
2026-08-07 01:47:11,338 | INFO | 🌐 Session warmed
2026-08-07 01:47:11,920 | INFO | [693/1901] Fetching Jaggayyapeta (JGGY)
2026-08-07 01:47:11,927 | INFO |    ↳ Status 200
2026-08-07 01:47:11,928 | INFO |    ✓ Found 7 movies
2026-08-07 01:47:11,928 | INFO | [694/1901] Fetching Jagraon (JGRO)
2026-08-07 01:47:12,969 | INFO |    ↳ Status 200
2026-08-07 01:47:12,969 | INFO |    ✓ Found 8 movies
2026-08-07 01:47:12,970 | INFO | [695/1901] Fetching Jagtial (JGTL)
2026-08-07 01:47:13,066 | INFO |    ↳ Status 403
2026-08-07 01:47:13,066 | WARNING |    ⚠ Blocked (403) retry 1
2026-08-07 01:47:13,138 | INFO | 🌐 Session warmed
2026-08-07 01:47:13,729 | INFO |    ↳ Status 200
2026-08-07 01:47:13,730 | INFO |    ✓ Found 6 movies
2026-08-07 01:47:13,730 | INFO | [696/1901] Fetching Jaipur (JAIP)
2026-08-07 01:47:14,515 | INFO |    ↳ Status 403
2026-08-07 01:47:14,515 | WARNING |    ⚠ Blocked (403) retry 3
2026-08-07 01:47:14,585 | INFO | 🌐 Session warmed
2026-08-07 01:47:14,700 | INFO |    ↳ Status 200
2026-08-07 01:47:14,700 | INFO |    ✓ Found 8 movies
2026-08-07 01:47:14,700 | INFO | [697/1901] Fetching Jaisalmer (JSMR)
2026-08-07 01:47:14,970 | INFO |    ↳ Status 403
2026-08-07 01:47:14,971 | WARNING |    ⚠ Blocked (403) retry 2
2026-08-07 01:47:15,048 | INFO | 🌐 Session warmed
2026-08-07 01:47:15,317 | INFO |    ↳ Status 200
2026-08-07 01:47:15,317 | INFO |    ✓ Found 7 movies
2026-08-07 01:47:15,317 | INFO | [698/1901] Fetching Jajpur Road (JAJP)
2026-08-07 01:47:16,195 | INFO |    ↳ Status 200
2026-08-07 01:47:16,195 | INFO |    ✓ Found 7 movies
2026-08-07 01:47:16,196 | INFO | [699/1901] Fetching Jajpur Town (Odisha) (JTTT)
2026-08-07 01:47:16,801 | INFO |    ↳ Status 200
2026-08-07 01:47:16,801 | INFO |    ✓ Found 8 movies
2026-08-07 01:47:16,802 | INFO | [700/1901] Fetching Jalakandapuram (JAKA)
2026-08-07 01:47:17,531 | INFO |    ↳ Status 200
2026-08-07 01:47:17,531 | INFO |    ✓ Found 8 movies
2026-08-07 01:47:17,531 | INFO | [701/1901] Fetching Jalalabad (JLAB)
2026-08-07 01:47:18,018 | INFO |    ↳ Status 403
2026-08-07 01:47:18,018 | WARNING |    ⚠ Blocked (403) retry 3
2026-08-07 01:47:18,085 | INFO | 🌐 Session warmed
2026-08-07 01:47:18,262 | INFO |    ↳ Status 200
2026-08-07 01:47:18,262 | INFO |    ✓ Found 8 movies
2026-08-07 01:47:18,262 | INFO | [702/1901] Fetching Jalandhar (JALA)
2026-08-07 01:47:18,586 | INFO | [703/1901] Fetching Jalaun (JAUN)
2026-08-07 01:47:18,961 | INFO |    ↳ Status 200
2026-08-07 01:47:18,961 | INFO |    ✓ Found 6 movies
2026-08-07 01:47:18,961 | INFO | [704/1901] Fetching Jalgaon (JALG)
2026-08-07 01:47:19,360 | INFO |    ↳ Status 403
2026-08-07 01:47:19,360 | WARNING |    ⚠ Blocked (403) retry 1
2026-08-07 01:47:19,427 | INFO | 🌐 Session warmed
2026-08-07 01:47:19,677 | INFO |    ↳ Status 200
2026-08-07 01:47:19,678 | INFO |    ✓ Found 6 movies
2026-08-07 01:47:19,678 | INFO | [705/1901] Fetching Jalna (JALN)
2026-08-07 01:47:20,499 | INFO |    ↳ Status 200
2026-08-07 01:47:20,499 | INFO |    ✓ Found 8 movies
2026-08-07 01:47:20,499 | INFO | [706/1901] Fetching Jalore (LALO)
2026-08-07 01:47:21,149 | INFO |    ↳ Status 200
2026-08-07 01:47:21,149 | INFO |    ✓ Found 8 movies
2026-08-07 01:47:21,149 | INFO | [707/1901] Fetching Jalpaiguri (JPG)
2026-08-07 01:47:21,191 | INFO |    ↳ Status 403
2026-08-07 01:47:21,191 | WARNING |    ⚠ Blocked (403) retry 2
2026-08-07 01:47:21,262 | INFO | 🌐 Session warmed
2026-08-07 01:47:21,822 | INFO |    ↳ Status 200
2026-08-07 01:47:21,822 | INFO |    ✓ Found 0 movies
2026-08-07 01:47:21,822 | INFO | [708/1901] Fetching Jami (JAMI)
2026-08-07 01:47:22,085 | INFO | [709/1901] Fetching Jamkhandi (JAAM)
2026-08-07 01:47:22,745 | INFO |    ↳ Status 200
2026-08-07 01:47:22,745 | INFO |    ✓ Found 7 movies
2026-08-07 01:47:22,745 | INFO | [710/1901] Fetching Jamkhed (JAMK)
2026-08-07 01:47:23,064 | INFO |    ↳ Status 200
2026-08-07 01:47:23,064 | INFO |    ✓ Found 8 movies
2026-08-07 01:47:23,065 | INFO | [711/1901] Fetching Jammalamadugu (JAMD)
2026-08-07 01:47:23,239 | INFO |    ↳ Status 403
2026-08-07 01:47:23,239 | WARNING |    ⚠ Blocked (403) retry 1
2026-08-07 01:47:23,308 | INFO | 🌐 Session warmed
2026-08-07 01:47:23,784 | INFO |    ↳ Status 200
2026-08-07 01:47:23,784 | INFO |    ✓ Found 8 movies
2026-08-07 01:47:23,784 | INFO | [712/1901] Fetching Jammikunta (JMKN)
2026-08-07 01:47:23,921 | INFO |    ↳ Status 403
2026-08-07 01:47:23,921 | WARNING |    ⚠ Blocked (403) retry 3
2026-08-07 01:47:23,996 | INFO | 🌐 Session warmed
2026-08-07 01:47:24,241 | INFO |    ↳ Status 200
2026-08-07 01:47:24,241 | INFO |    ✓ Found 8 movies
2026-08-07 01:47:24,242 | INFO | [713/1901] Fetching Jammu (JAMM)
2026-08-07 01:47:25,152 | INFO |    ↳ Status 200
2026-08-07 01:47:25,152 | INFO |    ✓ Found 8 movies
2026-08-07 01:47:25,152 | INFO | [714/1901] Fetching Jamnagar (JAM)
2026-08-07 01:47:25,443 | INFO |    ↳ Status 200
2026-08-07 01:47:25,444 | INFO |    ✓ Found 8 movies
2026-08-07 01:47:25,444 | INFO | [715/1901] Fetching Jamner (JAMN)
2026-08-07 01:47:25,572 | INFO |    ↳ Status 403
2026-08-07 01:47:25,572 | WARNING |    ⚠ Blocked (403) retry 2
2026-08-07 01:47:25,650 | INFO | 🌐 Session warmed
2026-08-07 01:47:27,132 | INFO |    ↳ Status 200
2026-08-07 01:47:27,132 | INFO |    ✓ Found 8 movies
2026-08-07 01:47:27,133 | INFO | [716/1901] Fetching Jamshedpur (JMDP)
2026-08-07 01:47:27,475 | INFO |    ↳ Status 200
2026-08-07 01:47:27,475 | INFO |    ✓ Found 7 movies
2026-08-07 01:47:27,475 | INFO | [717/1901] Fetching Jamui (JUMI)
2026-08-07 01:47:27,997 | INFO | [718/1901] Fetching Jangaon (JNGN)
2026-08-07 01:47:28,447 | INFO |    ↳ Status 200
2026-08-07 01:47:28,447 | INFO |    ✓ Found 8 movies
2026-08-07 01:47:28,447 | INFO | [719/1901] Fetching Jangareddy Gudem (JANG)
2026-08-07 01:47:28,746 | INFO |    ↳ Status 403
2026-08-07 01:47:28,746 | WARNING |    ⚠ Blocked (403) retry 3
2026-08-07 01:47:28,822 | INFO | 🌐 Session warmed
2026-08-07 01:47:29,409 | INFO |    ↳ Status 403
2026-08-07 01:47:29,410 | WARNING |    ⚠ Blocked (403) retry 1
2026-08-07 01:47:29,484 | INFO | 🌐 Session warmed
2026-08-07 01:47:29,814 | INFO |    ↳ Status 200
2026-08-07 01:47:29,814 | INFO |    ✓ Found 8 movies
2026-08-07 01:47:29,814 | INFO | [720/1901] Fetching Janjgir (JANR)
2026-08-07 01:47:29,815 | INFO |    ↳ Status 200
2026-08-07 01:47:29,815 | INFO |    ✓ Found 8 movies
2026-08-07 01:47:29,815 | INFO | [721/1901] Fetching Jaora (JAOR)
2026-08-07 01:47:31,197 | INFO |    ↳ Status 200
2026-08-07 01:47:31,197 | INFO |    ✓ Found 7 movies
2026-08-07 01:47:31,197 | INFO | [722/1901] Fetching Jasdan (JASD)
2026-08-07 01:47:31,510 | INFO |    ↳ Status 200
2026-08-07 01:47:31,510 | INFO |    ✓ Found 8 movies
2026-08-07 01:47:31,510 | INFO | [723/1901] Fetching Jashpur (JASH)
2026-08-07 01:47:31,682 | INFO |    ↳ Status 403
2026-08-07 01:47:31,682 | WARNING |    ⚠ Blocked (403) retry 2
2026-08-07 01:47:31,770 | INFO | 🌐 Session warmed
2026-08-07 01:47:32,472 | INFO |    ↳ Status 200
2026-08-07 01:47:32,472 | INFO |    ✓ Found 7 movies
2026-08-07 01:47:32,472 | INFO | [724/1901] Fetching Jatni (JATN)
2026-08-07 01:47:32,823 | INFO | [725/1901] Fetching Jaunpur (JANP)
2026-08-07 01:47:33,073 | INFO |    ↳ Status 200
2026-08-07 01:47:33,074 | INFO |    ✓ Found 7 movies
2026-08-07 01:47:33,074 | INFO | [726/1901] Fetching Jayamkondacholapuram (JYAM)
2026-08-07 01:47:33,607 | INFO |    ↳ Status 200
2026-08-07 01:47:33,607 | INFO |    ✓ Found 8 movies
2026-08-07 01:47:33,607 | INFO | [727/1901] Fetching Jaysingpur (JYSP)
2026-08-07 01:47:33,946 | INFO |    ↳ Status 403
2026-08-07 01:47:33,946 | WARNING |    ⚠ Blocked (403) retry 1
2026-08-07 01:47:34,023 | INFO | 🌐 Session warmed
2026-08-07 01:47:35,056 | INFO |    ↳ Status 403
2026-08-07 01:47:35,056 | WARNING |    ⚠ Blocked (403) retry 3
2026-08-07 01:47:35,124 | INFO | 🌐 Session warmed
2026-08-07 01:47:35,203 | INFO |    ↳ Status 200
2026-08-07 01:47:35,203 | INFO |    ✓ Found 8 movies
2026-08-07 01:47:35,203 | INFO | [728/1901] Fetching Jehanabad (JEHA)
2026-08-07 01:47:35,710 | INFO |    ↳ Status 200
2026-08-07 01:47:35,710 | INFO |    ✓ Found 8 movies
2026-08-07 01:47:35,711 | INFO | [729/1901] Fetching Jejuri (JEJU)
2026-08-07 01:47:36,269 | INFO |    ↳ Status 403
2026-08-07 01:47:36,270 | WARNING |    ⚠ Blocked (403) retry 2
2026-08-07 01:47:36,318 | INFO |    ↳ Status 200
2026-08-07 01:47:36,318 | INFO |    ✓ Found 7 movies
2026-08-07 01:47:36,318 | INFO | [730/1901] Fetching Jetpur (JETP)
2026-08-07 01:47:36,342 | INFO | 🌐 Session warmed
2026-08-07 01:47:37,065 | INFO |    ↳ Status 200
2026-08-07 01:47:37,065 | INFO |    ✓ Found 8 movies
2026-08-07 01:47:37,065 | INFO | [731/1901] Fetching Jewar (JEWR)
2026-08-07 01:47:37,830 | INFO |    ↳ Status 200
2026-08-07 01:47:37,831 | INFO |    ✓ Found 7 movies
2026-08-07 01:47:37,831 | INFO | [732/1901] Fetching Jeypore (JEYP)
2026-08-07 01:47:38,093 | INFO |    ↳ Status 200
2026-08-07 01:47:38,094 | INFO |    ✓ Found 8 movies
2026-08-07 01:47:38,094 | INFO | [733/1901] Fetching Jhabua (JHAB)
2026-08-07 01:47:39,038 | INFO |    ↳ Status 403
2026-08-07 01:47:39,038 | WARNING |    ⚠ Blocked (403) retry 3
2026-08-07 01:47:39,113 | INFO | 🌐 Session warmed
2026-08-07 01:47:39,125 | INFO | [734/1901] Fetching Jhajha (JHAA)
2026-08-07 01:47:39,635 | INFO |    ↳ Status 200
2026-08-07 01:47:39,636 | INFO |    ✓ Found 8 movies
2026-08-07 01:47:39,636 | INFO | [735/1901] Fetching Jhajjar (JHAJ)
2026-08-07 01:47:40,063 | INFO |    ↳ Status 403
2026-08-07 01:47:40,064 | WARNING |    ⚠ Blocked (403) retry 1
2026-08-07 01:47:40,134 | INFO | 🌐 Session warmed
2026-08-07 01:47:40,256 | INFO |    ↳ Status 200
2026-08-07 01:47:40,256 | INFO |    ✓ Found 8 movies
2026-08-07 01:47:40,256 | INFO | [736/1901] Fetching Jhansi (JNSI)
2026-08-07 01:47:40,959 | INFO |    ↳ Status 200
2026-08-07 01:47:40,959 | INFO |    ✓ Found 7 movies
2026-08-07 01:47:40,959 | INFO | [737/1901] Fetching Jhargram (JARG)
2026-08-07 01:47:41,996 | INFO |    ↳ Status 403
2026-08-07 01:47:41,996 | WARNING |    ⚠ Blocked (403) retry 2
2026-08-07 01:47:42,027 | INFO |    ↳ Status 200
2026-08-07 01:47:42,027 | INFO |    ✓ Found 8 movies
2026-08-07 01:47:42,027 | INFO | [738/1901] Fetching Jharsuguda (JRSG)
2026-08-07 01:47:42,064 | INFO | 🌐 Session warmed
2026-08-07 01:47:42,606 | INFO |    ↳ Status 200
2026-08-07 01:47:42,606 | INFO |    ✓ Found 8 movies
2026-08-07 01:47:42,607 | INFO | [739/1901] Fetching Jhunjhunu (JHUN)
2026-08-07 01:47:43,113 | INFO | [740/1901] Fetching Jiaganj (JAGJ)
2026-08-07 01:47:43,185 | INFO |    ↳ Status 200
2026-08-07 01:47:43,185 | INFO |    ✓ Found 8 movies
2026-08-07 01:47:43,186 | INFO | [741/1901] Fetching Jigani (JIIG)
2026-08-07 01:47:43,826 | INFO |    ↳ Status 200
2026-08-07 01:47:43,827 | INFO |    ✓ Found 8 movies
2026-08-07 01:47:43,827 | INFO | [742/1901] Fetching Jind (JIND)
2026-08-07 01:47:44,522 | INFO |    ↳ Status 403
2026-08-07 01:47:44,522 | WARNING |    ⚠ Blocked (403) retry 1
2026-08-07 01:47:44,590 | INFO | 🌐 Session warmed
2026-08-07 01:47:44,641 | INFO |    ↳ Status 200
2026-08-07 01:47:44,641 | INFO |    ✓ Found 8 movies
2026-08-07 01:47:44,641 | INFO | [743/1901] Fetching Jintur (JINT)
2026-08-07 01:47:45,210 | INFO |    ↳ Status 403
2026-08-07 01:47:45,210 | WARNING |    ⚠ Blocked (403) retry 3
2026-08-07 01:47:45,275 | INFO | 🌐 Session warmed
2026-08-07 01:47:45,743 | INFO |    ↳ Status 200
2026-08-07 01:47:45,743 | INFO |    ✓ Found 7 movies
2026-08-07 01:47:45,743 | INFO | [744/1901] Fetching Jirapur (JIRA)
2026-08-07 01:47:46,002 | INFO |    ↳ Status 200
2026-08-07 01:47:46,002 | INFO |    ✓ Found 0 movies
2026-08-07 01:47:46,003 | INFO | [745/1901] Fetching Jodhpur (JODH)
2026-08-07 01:47:46,260 | INFO |    ↳ Status 403
2026-08-07 01:47:46,260 | WARNING |    ⚠ Blocked (403) retry 2
2026-08-07 01:47:46,334 | INFO | 🌐 Session warmed
2026-08-07 01:47:46,908 | INFO |    ↳ Status 200
2026-08-07 01:47:46,908 | INFO |    ✓ Found 8 movies
2026-08-07 01:47:46,908 | INFO | [746/1901] Fetching Jolarpettai (JLPI)
2026-08-07 01:47:47,242 | INFO |    ↳ Status 200
2026-08-07 01:47:47,243 | INFO |    ✓ Found 7 movies
2026-08-07 01:47:47,243 | INFO | [747/1901] Fetching Jorhat (JORT)
2026-08-07 01:47:48,118 | INFO |    ↳ Status 200
2026-08-07 01:47:48,119 | INFO |    ✓ Found 8 movies
2026-08-07 01:47:48,119 | INFO | [748/1901] Fetching Joynagar Majilpur (MAPR)
2026-08-07 01:47:48,707 | INFO |    ↳ Status 200
2026-08-07 01:47:48,707 | INFO |    ✓ Found 7 movies
2026-08-07 01:47:48,707 | INFO | [749/1901] Fetching Junagadh (JUGH)
2026-08-07 01:47:48,968 | INFO |    ↳ Status 403
2026-08-07 01:47:48,969 | WARNING |    ⚠ Blocked (403) retry 3
2026-08-07 01:47:49,037 | INFO | 🌐 Session warmed
2026-08-07 01:47:49,276 | INFO | [750/1901] Fetching Junagarh (JUNA)
2026-08-07 01:47:49,659 | INFO |    ↳ Status 200
2026-08-07 01:47:49,659 | INFO |    ✓ Found 7 movies
2026-08-07 01:47:49,659 | INFO | [751/1901] Fetching K.D Peta (PTDK)
2026-08-07 01:47:49,951 | INFO |    ↳ Status 403
2026-08-07 01:47:49,952 | WARNING |    ⚠ Blocked (403) retry 1
2026-08-07 01:47:50,018 | INFO | 🌐 Session warmed
2026-08-07 01:47:50,439 | INFO |    ↳ Status 200
2026-08-07 01:47:50,439 | INFO |    ✓ Found 7 movies
2026-08-07 01:47:50,439 | INFO | [752/1901] Fetching Kadakkal (KDKL)
2026-08-07 01:47:51,234 | INFO |    ↳ Status 200
2026-08-07 01:47:51,234 | INFO |    ✓ Found 8 movies
2026-08-07 01:47:51,234 | INFO | [753/1901] Fetching Kadapa (KDPA)
2026-08-07 01:47:52,084 | INFO |    ↳ Status 403
2026-08-07 01:47:52,084 | WARNING |    ⚠ Blocked (403) retry 2
2026-08-07 01:47:52,111 | INFO |    ↳ Status 200
2026-08-07 01:47:52,111 | INFO |    ✓ Found 8 movies
2026-08-07 01:47:52,111 | INFO | [754/1901] Fetching Kadi (KADI)
2026-08-07 01:47:52,151 | INFO | 🌐 Session warmed
2026-08-07 01:47:52,317 | INFO |    ↳ Status 200
2026-08-07 01:47:52,318 | INFO |    ✓ Found 8 movies
2026-08-07 01:47:52,318 | INFO | [755/1901] Fetching Kadiri (KADR)
2026-08-07 01:47:53,037 | INFO | [756/1901] Fetching Kadiyam (KADY)
2026-08-07 01:47:53,468 | INFO |    ↳ Status 200
2026-08-07 01:47:53,468 | INFO |    ✓ Found 8 movies
2026-08-07 01:47:53,468 | INFO | [757/1901] Fetching Kadthal (KADT)
2026-08-07 01:47:53,753 | INFO |    ↳ Status 200
2026-08-07 01:47:53,754 | INFO |    ✓ Found 7 movies
2026-08-07 01:47:53,754 | INFO | [758/1901] Fetching Kaikaluru (KAIK)
2026-08-07 01:47:54,023 | INFO |    ↳ Status 403
2026-08-07 01:47:54,023 | WARNING |    ⚠ Blocked (403) retry 1
2026-08-07 01:47:54,094 | INFO | 🌐 Session warmed
2026-08-07 01:47:54,966 | INFO |    ↳ Status 200
2026-08-07 01:47:54,966 | INFO |    ✓ Found 8 movies
2026-08-07 01:47:54,966 | INFO | [759/1901] Fetching Kaithal (KAIT)
2026-08-07 01:47:55,229 | INFO |    ↳ Status 403
2026-08-07 01:47:55,230 | WARNING |    ⚠ Blocked (403) retry 3
2026-08-07 01:47:55,298 | INFO | 🌐 Session warmed
2026-08-07 01:47:55,361 | INFO |    ↳ Status 200
2026-08-07 01:47:55,361 | INFO |    ✓ Found 8 movies
2026-08-07 01:47:55,361 | INFO | [760/1901] Fetching Kakarapalli (KAAP)
2026-08-07 01:47:56,187 | INFO |    ↳ Status 200
2026-08-07 01:47:56,187 | INFO |    ✓ Found 7 movies
2026-08-07 01:47:56,187 | INFO | [761/1901] Fetching Kakinada (KAKI)
2026-08-07 01:47:56,243 | INFO |    ↳ Status 403
2026-08-07 01:47:56,243 | WARNING |    ⚠ Blocked (403) retry 2
2026-08-07 01:47:56,323 | INFO | 🌐 Session warmed
2026-08-07 01:47:56,751 | INFO |    ↳ Status 200
2026-08-07 01:47:56,752 | INFO |    ✓ Found 8 movies
2026-08-07 01:47:56,752 | INFO | [762/1901] Fetching Kalaburagi (Gulbarga) (GULB)
2026-08-07 01:47:57,131 | INFO |    ↳ Status 200
2026-08-07 01:47:57,131 | INFO |    ✓ Found 8 movies
2026-08-07 01:47:57,131 | INFO | [763/1901] Fetching Kalady (KLDY)
2026-08-07 01:47:58,241 | INFO |    ↳ Status 200
2026-08-07 01:47:58,241 | INFO |    ✓ Found 8 movies
2026-08-07 01:47:58,241 | INFO | [764/1901] Fetching Kalanaur (KANR)
2026-08-07 01:47:58,405 | INFO |    ↳ Status 200
2026-08-07 01:47:58,405 | INFO |    ✓ Found 8 movies
2026-08-07 01:47:58,406 | INFO | [765/1901] Fetching Kalimpong (KALI)
2026-08-07 01:47:59,298 | INFO | [766/1901] Fetching Kalla (KLLL)
2026-08-07 01:47:59,371 | INFO |    ↳ Status 403
2026-08-07 01:47:59,371 | WARNING |    ⚠ Blocked (403) retry 3
2026-08-07 01:47:59,443 | INFO | 🌐 Session warmed
2026-08-07 01:47:59,524 | INFO |    ↳ Status 200
2026-08-07 01:47:59,524 | INFO |    ✓ Found 7 movies
2026-08-07 01:47:59,524 | INFO | [767/1901] Fetching Kallachi (KALC)
2026-08-07 01:47:59,562 | INFO |    ↳ Status 200
2026-08-07 01:47:59,563 | INFO |    ✓ Found 7 movies
2026-08-07 01:47:59,563 | INFO | [768/1901] Fetching Kalladikode (KALD)
2026-08-07 01:48:00,001 | INFO |    ↳ Status 403
2026-08-07 01:48:00,001 | WARNING |    ⚠ Blocked (403) retry 1
2026-08-07 01:48:00,076 | INFO | 🌐 Session warmed
2026-08-07 01:48:00,923 | INFO |    ↳ Status 200
2026-08-07 01:48:00,924 | INFO |    ✓ Found 8 movies
2026-08-07 01:48:00,924 | INFO | [769/1901] Fetching Kallakurichi (KALL)
2026-08-07 01:48:01,587 | INFO |    ↳ Status 200
2026-08-07 01:48:01,587 | INFO |    ✓ Found 8 movies
2026-08-07 01:48:01,587 | INFO | [770/1901] Fetching Kallur (KLUR)
2026-08-07 01:48:02,194 | INFO |    ↳ Status 403
2026-08-07 01:48:02,194 | WARNING |    ⚠ Blocked (403) retry 2
2026-08-07 01:48:02,261 | INFO | 🌐 Session warmed
2026-08-07 01:48:02,590 | INFO |    ↳ Status 200
2026-08-07 01:48:02,590 | INFO |    ✓ Found 8 movies
2026-08-07 01:48:02,590 | INFO | [771/1901] Fetching Kalluru (KALR)
2026-08-07 01:48:02,810 | INFO |    ↳ Status 200
2026-08-07 01:48:02,810 | INFO |    ✓ Found 0 movies
2026-08-07 01:48:02,810 | INFO | [772/1901] Fetching Kalna (KALN)
2026-08-07 01:48:03,444 | INFO | [773/1901] Fetching Kalol (Gandhinagar) (KALG)
2026-08-07 01:48:04,095 | INFO |    ↳ Status 200
2026-08-07 01:48:04,095 | INFO |    ✓ Found 8 movies
2026-08-07 01:48:04,095 | INFO | [774/1901] Fetching Kalol (Panchmahal) (PANH)
2026-08-07 01:48:04,217 | INFO |    ↳ Status 200
2026-08-07 01:48:04,217 | INFO |    ✓ Found 8 movies
2026-08-07 01:48:04,217 | INFO | [775/1901] Fetching Kalwakurthy (KALW)
2026-08-07 01:48:04,403 | INFO |    ↳ Status 403
2026-08-07 01:48:04,403 | WARNING |    ⚠ Blocked (403) retry 1
2026-08-07 01:48:04,474 | INFO | 🌐 Session warmed
2026-08-07 01:48:04,897 | INFO |    ↳ Status 403
2026-08-07 01:48:04,897 | WARNING |    ⚠ Blocked (403) retry 3
2026-08-07 01:48:04,973 | INFO | 🌐 Session warmed
2026-08-07 01:48:05,250 | INFO |    ↳ Status 200
2026-08-07 01:48:05,250 | INFO |    ✓ Found 8 movies
2026-08-07 01:48:05,250 | INFO | [776/1901] Fetching Kalyani (KALY)
2026-08-07 01:48:05,434 | INFO |    ↳ Status 200
2026-08-07 01:48:05,434 | INFO |    ✓ Found 7 movies
2026-08-07 01:48:05,434 | INFO | [777/1901] Fetching Kamalaapur (KMLA)
2026-08-07 01:48:06,450 | INFO |    ↳ Status 200
2026-08-07 01:48:06,450 | INFO |    ✓ Found 7 movies
2026-08-07 01:48:06,451 | INFO | [778/1901] Fetching Kamalapur (KMLR)
2026-08-07 01:48:06,463 | INFO |    ↳ Status 403
2026-08-07 01:48:06,463 | WARNING |    ⚠ Blocked (403) retry 2
2026-08-07 01:48:06,530 | INFO | 🌐 Session warmed
2026-08-07 01:48:07,143 | INFO |    ↳ Status 200
2026-08-07 01:48:07,143 | INFO |    ✓ Found 8 movies
2026-08-07 01:48:07,143 | INFO | [779/1901] Fetching Kamanaickenpalayam (KPLA)
2026-08-07 01:48:07,499 | INFO |    ↳ Status 200
2026-08-07 01:48:07,500 | INFO |    ✓ Found 8 movies
2026-08-07 01:48:07,500 | INFO | [780/1901] Fetching Kamareddy (KMRD)
2026-08-07 01:48:08,587 | INFO |    ↳ Status 200
2026-08-07 01:48:08,587 | INFO |    ✓ Found 8 movies
2026-08-07 01:48:08,587 | INFO | [781/1901] Fetching Kamavarapukota (KPKT)
2026-08-07 01:48:08,974 | INFO | [782/1901] Fetching Kambainallur (KAMR)
2026-08-07 01:48:09,527 | INFO |    ↳ Status 403
2026-08-07 01:48:09,527 | WARNING |    ⚠ Blocked (403) retry 3
2026-08-07 01:48:09,623 | INFO | 🌐 Session warmed
2026-08-07 01:48:09,683 | INFO |    ↳ Status 200
2026-08-07 01:48:09,683 | INFO |    ✓ Found 8 movies
2026-08-07 01:48:09,683 | INFO | [783/1901] Fetching Kamptee (KAMP)
2026-08-07 01:48:09,914 | INFO |    ↳ Status 200
2026-08-07 01:48:09,914 | INFO |    ✓ Found 8 movies
2026-08-07 01:48:09,914 | INFO | [784/1901] Fetching Kamrej (KMRJ)
2026-08-07 01:48:10,012 | INFO |    ↳ Status 403
2026-08-07 01:48:10,012 | WARNING |    ⚠ Blocked (403) retry 1
2026-08-07 01:48:10,083 | INFO | 🌐 Session warmed
2026-08-07 01:48:11,314 | INFO |    ↳ Status 200
2026-08-07 01:48:11,315 | INFO |    ✓ Found 7 movies
2026-08-07 01:48:11,315 | INFO | [785/1901] Fetching Kanakapura (KAKP)
2026-08-07 01:48:11,378 | INFO |    ↳ Status 200
2026-08-07 01:48:11,379 | INFO |    ✓ Found 8 movies
2026-08-07 01:48:11,379 | INFO | [786/1901] Fetching Kanatal (KANA)
2026-08-07 01:48:12,178 | INFO |    ↳ Status 403
2026-08-07 01:48:12,178 | WARNING |    ⚠ Blocked (403) retry 2
2026-08-07 01:48:12,250 | INFO | 🌐 Session warmed
2026-08-07 01:48:12,478 | INFO |    ↳ Status 200
2026-08-07 01:48:12,478 | INFO |    ✓ Found 8 movies
2026-08-07 01:48:12,478 | INFO | [787/1901] Fetching Kanchikacherla (KNCH)
2026-08-07 01:48:13,008 | INFO |    ↳ Status 200
2026-08-07 01:48:13,008 | INFO |    ✓ Found 8 movies
2026-08-07 01:48:13,008 | INFO | [788/1901] Fetching Kanchipuram (KNPM)
2026-08-07 01:48:13,624 | INFO | [789/1901] Fetching Kandamangalam (KNDM)
2026-08-07 01:48:13,814 | INFO |    ↳ Status 200
2026-08-07 01:48:13,814 | INFO |    ✓ Found 8 movies
2026-08-07 01:48:13,814 | INFO | [790/1901] Fetching Kandukur (KAND)
2026-08-07 01:48:14,134 | INFO |    ↳ Status 200
2026-08-07 01:48:14,135 | INFO |    ✓ Found 8 movies
2026-08-07 01:48:14,135 | INFO | [791/1901] Fetching Kangayam (KGKM)
2026-08-07 01:48:14,361 | INFO |    ↳ Status 403
2026-08-07 01:48:14,361 | WARNING |    ⚠ Blocked (403) retry 1
2026-08-07 01:48:14,428 | INFO | 🌐 Session warmed
2026-08-07 01:48:15,240 | INFO |    ↳ Status 200
2026-08-07 01:48:15,240 | INFO |    ✓ Found 8 movies
2026-08-07 01:48:15,240 | INFO | [792/1901] Fetching Kangra (KANG)
2026-08-07 01:48:15,474 | INFO |    ↳ Status 403
2026-08-07 01:48:15,474 | WARNING |    ⚠ Blocked (403) retry 3
2026-08-07 01:48:15,557 | INFO | 🌐 Session warmed
2026-08-07 01:48:15,560 | INFO |    ↳ Status 200
2026-08-07 01:48:15,560 | INFO |    ✓ Found 8 movies
2026-08-07 01:48:15,560 | INFO | [793/1901] Fetching Kanhangad (KKNN)
2026-08-07 01:48:16,081 | INFO |    ↳ Status 403
2026-08-07 01:48:16,081 | WARNING |    ⚠ Blocked (403) retry 2
2026-08-07 01:48:16,160 | INFO | 🌐 Session warmed
2026-08-07 01:48:16,492 | INFO |    ↳ Status 200
2026-08-07 01:48:16,492 | INFO |    ✓ Found 8 movies
2026-08-07 01:48:16,492 | INFO | [794/1901] Fetching Kanichar (KANC)
2026-08-07 01:48:16,911 | INFO |    ↳ Status 200
2026-08-07 01:48:16,911 | INFO |    ✓ Found 8 movies
2026-08-07 01:48:16,911 | INFO | [795/1901] Fetching Kanigiri (KANI)
2026-08-07 01:48:17,580 | INFO |    ↳ Status 200
2026-08-07 01:48:17,580 | INFO |    ✓ Found 8 movies
2026-08-07 01:48:17,580 | INFO | [796/1901] Fetching Kanipakam (KAAM)
2026-08-07 01:48:18,010 | INFO |    ↳ Status 200
2026-08-07 01:48:18,010 | INFO |    ✓ Found 8 movies
2026-08-07 01:48:18,011 | INFO | [797/1901] Fetching Kanjirappally (KNNJ)
2026-08-07 01:48:18,801 | INFO |    ↳ Status 200
2026-08-07 01:48:18,801 | INFO |    ✓ Found 8 movies
2026-08-07 01:48:18,802 | INFO | [798/1901] Fetching Kankavli (KNKS)
2026-08-07 01:48:19,047 | INFO |    ↳ Status 403
2026-08-07 01:48:19,047 | WARNING |    ⚠ Blocked (403) retry 3
2026-08-07 01:48:19,122 | INFO | 🌐 Session warmed
2026-08-07 01:48:19,556 | INFO |    ↳ Status 200
2026-08-07 01:48:19,556 | INFO |    ✓ Found 8 movies
2026-08-07 01:48:19,556 | INFO | [799/1901] Fetching Kanker (KANK)
2026-08-07 01:48:19,557 | INFO | [800/1901] Fetching Kankipadu (KADU)
2026-08-07 01:48:20,179 | INFO |    ↳ Status 200
2026-08-07 01:48:20,179 | INFO |    ✓ Found 0 movies
2026-08-07 01:48:20,180 | INFO | [801/1901] Fetching Kankroli (KANL)
2026-08-07 01:48:20,621 | INFO |    ↳ Status 200
2026-08-07 01:48:20,621 | INFO |    ✓ Found 7 movies
2026-08-07 01:48:20,621 | INFO | [802/1901] Fetching Kannauj (KANJ)
2026-08-07 01:48:20,788 | INFO |    ↳ Status 403
2026-08-07 01:48:20,789 | WARNING |    ⚠ Blocked (403) retry 1
2026-08-07 01:48:20,862 | INFO | 🌐 Session warmed
2026-08-07 01:48:21,480 | INFO |    ↳ Status 200
2026-08-07 01:48:21,480 | INFO |    ✓ Found 8 movies
2026-08-07 01:48:21,480 | INFO | [803/1901] Fetching Kannur (KANN)
2026-08-07 01:48:22,168 | INFO |    ↳ Status 200
2026-08-07 01:48:22,168 | INFO |    ✓ Found 8 movies
2026-08-07 01:48:22,168 | INFO | [804/1901] Fetching Kanpur (KANP)
2026-08-07 01:48:22,641 | INFO |    ↳ Status 200
2026-08-07 01:48:22,641 | INFO |    ✓ Found 8 movies
2026-08-07 01:48:22,641 | INFO | [805/1901] Fetching Kantabanji (KTBJ)
2026-08-07 01:48:22,823 | INFO |    ↳ Status 403
2026-08-07 01:48:22,823 | WARNING |    ⚠ Blocked (403) retry 2
2026-08-07 01:48:22,909 | INFO | 🌐 Session warmed
2026-08-07 01:48:23,122 | INFO | [806/1901] Fetching Kanyakumari (KAKM)
2026-08-07 01:48:23,508 | INFO |    ↳ Status 200
2026-08-07 01:48:23,509 | INFO |    ✓ Found 8 movies
2026-08-07 01:48:23,509 | INFO | [807/1901] Fetching Kapadvanj (KAPP)
2026-08-07 01:48:23,986 | INFO |    ↳ Status 200
2026-08-07 01:48:23,987 | INFO |    ✓ Found 8 movies
2026-08-07 01:48:23,987 | INFO | [808/1901] Fetching Kapurthala (IKGP)
2026-08-07 01:48:24,459 | INFO |    ↳ Status 403
2026-08-07 01:48:24,459 | WARNING |    ⚠ Blocked (403) retry 1
2026-08-07 01:48:24,475 | INFO |    ↳ Status 200
2026-08-07 01:48:24,475 | INFO |    ✓ Found 7 movies
2026-08-07 01:48:24,475 | INFO | [809/1901] Fetching Karad (KARD)
2026-08-07 01:48:24,529 | INFO | 🌐 Session warmed
2026-08-07 01:48:25,495 | INFO |    ↳ Status 200
2026-08-07 01:48:25,496 | INFO |    ✓ Found 8 movies
2026-08-07 01:48:25,496 | INFO | [810/1901] Fetching Karaikal (KARA)
2026-08-07 01:48:26,306 | INFO |    ↳ Status 403
2026-08-07 01:48:26,306 | WARNING |    ⚠ Blocked (403) retry 3
2026-08-07 01:48:26,376 | INFO | 🌐 Session warmed
2026-08-07 01:48:26,670 | INFO |    ↳ Status 200
2026-08-07 01:48:26,670 | INFO |    ✓ Found 8 movies
2026-08-07 01:48:26,670 | INFO | [811/1901] Fetching Karambakkudi (KRBK)
2026-08-07 01:48:26,749 | INFO |    ↳ Status 200
2026-08-07 01:48:26,749 | INFO |    ✓ Found 8 movies
2026-08-07 01:48:26,750 | INFO | [812/1901] Fetching Karanja Lad (KLAD)
2026-08-07 01:48:26,788 | INFO |    ↳ Status 403
2026-08-07 01:48:26,788 | WARNING |    ⚠ Blocked (403) retry 2
2026-08-07 01:48:26,857 | INFO | 🌐 Session warmed
2026-08-07 01:48:27,664 | INFO |    ↳ Status 200
2026-08-07 01:48:27,664 | INFO |    ✓ Found 8 movies
2026-08-07 01:48:27,664 | INFO | [813/1901] Fetching Karanjia (KARJ)
2026-08-07 01:48:28,568 | INFO |    ↳ Status 200
2026-08-07 01:48:28,568 | INFO |    ✓ Found 8 movies
2026-08-07 01:48:28,568 | INFO | [814/1901] Fetching Kareli (KARE)
2026-08-07 01:48:29,274 | INFO |    ↳ Status 200
2026-08-07 01:48:29,274 | INFO |    ✓ Found 8 movies
2026-08-07 01:48:29,274 | INFO | [815/1901] Fetching Karepalli (KRPL)
2026-08-07 01:48:29,524 | INFO |    ↳ Status 403
2026-08-07 01:48:29,525 | WARNING |    ⚠ Blocked (403) retry 3
2026-08-07 01:48:29,602 | INFO | 🌐 Session warmed
2026-08-07 01:48:30,366 | INFO |    ↳ Status 200
2026-08-07 01:48:30,366 | INFO |    ✓ Found 8 movies
2026-08-07 01:48:30,366 | INFO | [816/1901] Fetching Kargi Road (KRRD)
2026-08-07 01:48:30,377 | INFO | [817/1901] Fetching Karimangalam (KARI)
2026-08-07 01:48:30,430 | INFO |    ↳ Status 200
2026-08-07 01:48:30,431 | INFO |    ✓ Found 8 movies
2026-08-07 01:48:30,431 | INFO | [818/1901] Fetching Karimganj (KRNJ)
2026-08-07 01:48:31,791 | INFO |    ↳ Status 403
2026-08-07 01:48:31,791 | WARNING |    ⚠ Blocked (403) retry 1
2026-08-07 01:48:31,858 | INFO | 🌐 Session warmed
2026-08-07 01:48:31,879 | INFO |    ↳ Status 200
2026-08-07 01:48:31,879 | INFO |    ✓ Found 7 movies
2026-08-07 01:48:31,879 | INFO | [819/1901] Fetching Karimnagar (KARIM)
2026-08-07 01:48:32,091 | INFO |    ↳ Status 200
2026-08-07 01:48:32,091 | INFO |    ✓ Found 7 movies
2026-08-07 01:48:32,091 | INFO | [820/1901] Fetching Kariyad (KRYD)
2026-08-07 01:48:33,214 | INFO |    ↳ Status 200
2026-08-07 01:48:33,214 | INFO |    ✓ Found 8 movies
2026-08-07 01:48:33,214 | INFO | [821/1901] Fetching Karjat (KART)
2026-08-07 01:48:33,528 | INFO |    ↳ Status 200
2026-08-07 01:48:33,528 | INFO |    ✓ Found 8 movies
2026-08-07 01:48:33,528 | INFO | [822/1901] Fetching Karkala (KARK)
2026-08-07 01:48:33,602 | INFO | [823/1901] Fetching Karmala (KMML)
2026-08-07 01:48:33,662 | INFO |    ↳ Status 403
2026-08-07 01:48:33,662 | WARNING |    ⚠ Blocked (403) retry 2
2026-08-07 01:48:33,728 | INFO | 🌐 Session warmed
2026-08-07 01:48:34,647 | INFO |    ↳ Status 403
2026-08-07 01:48:34,647 | WARNING |    ⚠ Blocked (403) retry 1
2026-08-07 01:48:34,713 | INFO | 🌐 Session warmed
2026-08-07 01:48:34,965 | INFO |    ↳ Status 200
2026-08-07 01:48:34,965 | INFO |    ✓ Found 8 movies
2026-08-07 01:48:34,966 | INFO | [824/1901] Fetching Karmamthody (KRMA)
2026-08-07 01:48:35,247 | INFO |    ↳ Status 200
2026-08-07 01:48:35,247 | INFO |    ✓ Found 8 movies
2026-08-07 01:48:35,247 | INFO | [825/1901] Fetching Karnal (KARN)
2026-08-07 01:48:36,220 | INFO |    ↳ Status 200
2026-08-07 01:48:36,220 | INFO |    ✓ Found 8 movies
2026-08-07 01:48:36,220 | INFO | [826/1901] Fetching Karunagapally (KARG)
2026-08-07 01:48:36,664 | INFO |    ↳ Status 403
2026-08-07 01:48:36,664 | WARNING |    ⚠ Blocked (403) retry 2
2026-08-07 01:48:36,729 | INFO | 🌐 Session warmed
2026-08-07 01:48:36,977 | INFO |    ↳ Status 200
2026-08-07 01:48:36,977 | INFO |    ✓ Found 7 movies
2026-08-07 01:48:36,978 | INFO | [827/1901] Fetching Karur (KARU)
2026-08-07 01:48:37,040 | INFO |    ↳ Status 403
2026-08-07 01:48:37,040 | WARNING |    ⚠ Blocked (403) retry 3
2026-08-07 01:48:37,104 | INFO | 🌐 Session warmed
2026-08-07 01:48:37,540 | INFO |    ↳ Status 200
2026-08-07 01:48:37,541 | INFO |    ✓ Found 8 movies
2026-08-07 01:48:37,541 | INFO | [828/1901] Fetching Karwar (KWAR)
2026-08-07 01:48:38,619 | INFO |    ↳ Status 200
2026-08-07 01:48:38,619 | INFO |    ✓ Found 8 movies
2026-08-07 01:48:38,619 | INFO | [829/1901] Fetching Kasaragod (KASA)
2026-08-07 01:48:39,258 | INFO |    ↳ Status 200
2026-08-07 01:48:39,258 | INFO |    ✓ Found 8 movies
2026-08-07 01:48:39,258 | INFO | [830/1901] Fetching Kasdol (KASD)
2026-08-07 01:48:39,929 | INFO |    ↳ Status 403
2026-08-07 01:48:39,929 | WARNING |    ⚠ Blocked (403) retry 3
2026-08-07 01:48:40,016 | INFO | 🌐 Session warmed
2026-08-07 01:48:40,074 | INFO |    ↳ Status 200
2026-08-07 01:48:40,074 | INFO |    ✓ Found 8 movies
2026-08-07 01:48:40,074 | INFO | [831/1901] Fetching Kasganj (KASG)
2026-08-07 01:48:41,085 | INFO |    ↳ Status 200
2026-08-07 01:48:41,085 | INFO |    ✓ Found 7 movies
2026-08-07 01:48:41,085 | INFO | [832/1901] Fetching Kashig (KSHG)
2026-08-07 01:48:41,085 | INFO |    ↳ Status 200
2026-08-07 01:48:41,085 | INFO |    ✓ Found 8 movies
2026-08-07 01:48:41,086 | INFO | [833/1901] Fetching Kashipur (KASH)
2026-08-07 01:48:41,105 | INFO | [834/1901] Fetching Kashti (KAST)
2026-08-07 01:48:42,280 | INFO |    ↳ Status 200
2026-08-07 01:48:42,281 | INFO |    ✓ Found 8 movies
2026-08-07 01:48:42,281 | INFO | [835/1901] Fetching Kasibugga (KSBG)
2026-08-07 01:48:42,317 | INFO |    ↳ Status 403
2026-08-07 01:48:42,317 | WARNING |    ⚠ Blocked (403) retry 1
2026-08-07 01:48:42,383 | INFO | 🌐 Session warmed
2026-08-07 01:48:42,641 | INFO |    ↳ Status 200
2026-08-07 01:48:42,641 | INFO |    ✓ Found 8 movies
2026-08-07 01:48:42,641 | INFO | [836/1901] Fetching Katghora (KATG)
2026-08-07 01:48:43,466 | INFO |    ↳ Status 200
2026-08-07 01:48:43,466 | INFO |    ✓ Found 8 movies
2026-08-07 01:48:43,466 | INFO | [837/1901] Fetching Kathipudi (KATP)
2026-08-07 01:48:44,017 | INFO | [838/1901] Fetching Kathmandu (KATM)
2026-08-07 01:48:44,244 | INFO |    ↳ Status 403
2026-08-07 01:48:44,244 | WARNING |    ⚠ Blocked (403) retry 2
2026-08-07 01:48:44,319 | INFO | 🌐 Session warmed
2026-08-07 01:48:44,941 | INFO |    ↳ Status 200
2026-08-07 01:48:44,941 | INFO |    ✓ Found 8 movies
2026-08-07 01:48:44,941 | INFO | [839/1901] Fetching Kathua (KATH)
2026-08-07 01:48:45,003 | INFO |    ↳ Status 200
2026-08-07 01:48:45,003 | INFO |    ✓ Found 8 movies
2026-08-07 01:48:45,003 | INFO | [840/1901] Fetching Katihar (KATI)
2026-08-07 01:48:45,210 | INFO |    ↳ Status 403
2026-08-07 01:48:45,210 | WARNING |    ⚠ Blocked (403) retry 1
2026-08-07 01:48:45,287 | INFO | 🌐 Session warmed
2026-08-07 01:48:46,059 | INFO |    ↳ Status 200
2026-08-07 01:48:46,059 | INFO |    ✓ Found 7 movies
2026-08-07 01:48:46,059 | INFO | [841/1901] Fetching Katni (KATN)
2026-08-07 01:48:46,767 | INFO |    ↳ Status 200
2026-08-07 01:48:46,768 | INFO |    ✓ Found 8 movies
2026-08-07 01:48:46,768 | INFO | [842/1901] Fetching Katra (KATR)
2026-08-07 01:48:47,162 | INFO |    ↳ Status 403
2026-08-07 01:48:47,162 | WARNING |    ⚠ Blocked (403) retry 3
2026-08-07 01:48:47,180 | INFO |    ↳ Status 403
2026-08-07 01:48:47,180 | WARNING |    ⚠ Blocked (403) retry 2
2026-08-07 01:48:47,244 | INFO | 🌐 Session warmed
2026-08-07 01:48:47,269 | INFO | 🌐 Session warmed
2026-08-07 01:48:47,734 | INFO |    ↳ Status 200
2026-08-07 01:48:47,734 | INFO |    ✓ Found 8 movies
2026-08-07 01:48:47,734 | INFO | [843/1901] Fetching Katrenikona (KTRN)
2026-08-07 01:48:48,404 | INFO |    ↳ Status 200
2026-08-07 01:48:48,404 | INFO |    ✓ Found 8 movies
2026-08-07 01:48:48,404 | INFO | [844/1901] Fetching Kattappana (AWCK)
2026-08-07 01:48:49,574 | INFO |    ↳ Status 200
2026-08-07 01:48:49,574 | INFO |    ✓ Found 8 movies
2026-08-07 01:48:49,574 | INFO | [845/1901] Fetching Katwa (KATW)
2026-08-07 01:48:50,124 | INFO |    ↳ Status 200
2026-08-07 01:48:50,125 | INFO |    ✓ Found 8 movies
2026-08-07 01:48:50,125 | INFO | [846/1901] Fetching Kavali (KVLI)
2026-08-07 01:48:50,149 | INFO |    ↳ Status 403
2026-08-07 01:48:50,149 | WARNING |    ⚠ Blocked (403) retry 3
2026-08-07 01:48:50,219 | INFO | 🌐 Session warmed
2026-08-07 01:48:51,090 | INFO |    ↳ Status 200
2026-08-07 01:48:51,090 | INFO |    ✓ Found 7 movies
2026-08-07 01:48:51,090 | INFO | [847/1901] Fetching Kaveripattinam (KANM)
2026-08-07 01:48:51,244 | INFO | [848/1901] Fetching Kaviti (KAVT)
2026-08-07 01:48:51,511 | INFO |    ↳ Status 200
2026-08-07 01:48:51,511 | INFO |    ✓ Found 8 movies
2026-08-07 01:48:51,512 | INFO | [849/1901] Fetching Kawardha (KAWA)
2026-08-07 01:48:52,155 | INFO |    ↳ Status 403
2026-08-07 01:48:52,156 | WARNING |    ⚠ Blocked (403) retry 1
2026-08-07 01:48:52,234 | INFO | 🌐 Session warmed
2026-08-07 01:48:52,821 | INFO |    ↳ Status 200
2026-08-07 01:48:52,821 | INFO |    ✓ Found 8 movies
2026-08-07 01:48:52,821 | INFO | [850/1901] Fetching Kayamkulam (KAYA)
2026-08-07 01:48:53,061 | INFO |    ↳ Status 200
2026-08-07 01:48:53,061 | INFO |    ✓ Found 7 movies
2026-08-07 01:48:53,061 | INFO | [851/1901] Fetching Kazhakkoottam (KAZK)
2026-08-07 01:48:54,039 | INFO |    ↳ Status 200
2026-08-07 01:48:54,040 | INFO |    ✓ Found 8 movies
2026-08-07 01:48:54,040 | INFO | [852/1901] Fetching Kazipet (KAZI)
2026-08-07 01:48:54,219 | INFO | [853/1901] Fetching Kekri (KEKR)
2026-08-07 01:48:54,436 | INFO |    ↳ Status 403
2026-08-07 01:48:54,436 | WARNING |    ⚠ Blocked (403) retry 2
2026-08-07 01:48:54,510 | INFO | 🌐 Session warmed
2026-08-07 01:48:54,590 | INFO |    ↳ Status 200
2026-08-07 01:48:54,590 | INFO |    ✓ Found 8 movies
2026-08-07 01:48:54,590 | INFO | [854/1901] Fetching Kendrapara (KNDR)
2026-08-07 01:48:55,084 | INFO |    ↳ Status 403
2026-08-07 01:48:55,084 | WARNING |    ⚠ Blocked (403) retry 1
2026-08-07 01:48:55,153 | INFO | 🌐 Session warmed
2026-08-07 01:48:55,182 | INFO |    ↳ Status 200
2026-08-07 01:48:55,182 | INFO |    ✓ Found 8 movies
2026-08-07 01:48:55,183 | INFO | [855/1901] Fetching Keonjhar (KNJH)
2026-08-07 01:48:55,688 | INFO |    ↳ Status 200
2026-08-07 01:48:55,688 | INFO |    ✓ Found 8 movies
2026-08-07 01:48:55,688 | INFO | [856/1901] Fetching Kesamudram (KESA)
2026-08-07 01:48:56,229 | INFO |    ↳ Status 200
2026-08-07 01:48:56,229 | INFO |    ✓ Found 8 movies
2026-08-07 01:48:56,229 | INFO | [857/1901] Fetching Kesinga (KEGA)
2026-08-07 01:48:56,875 | INFO |    ↳ Status 403
2026-08-07 01:48:56,875 | WARNING |    ⚠ Blocked (403) retry 2
2026-08-07 01:48:56,941 | INFO | 🌐 Session warmed
2026-08-07 01:48:57,454 | INFO |    ↳ Status 200
2026-08-07 01:48:57,454 | INFO |    ✓ Found 8 movies
2026-08-07 01:48:57,454 | INFO | [858/1901] Fetching Kevadia (KEVA)
2026-08-07 01:48:57,679 | INFO |    ↳ Status 403
2026-08-07 01:48:57,679 | WARNING |    ⚠ Blocked (403) retry 3
2026-08-07 01:48:57,723 | INFO |    ↳ Status 200
2026-08-07 01:48:57,723 | INFO |    ✓ Found 8 movies
2026-08-07 01:48:57,723 | INFO | [859/1901] Fetching Khachrod (KHCU)
2026-08-07 01:48:57,759 | INFO | 🌐 Session warmed
2026-08-07 01:48:58,732 | INFO |    ↳ Status 200
2026-08-07 01:48:58,732 | INFO |    ✓ Found 8 movies
2026-08-07 01:48:58,732 | INFO | [860/1901] Fetching Khadda (KADA)
2026-08-07 01:48:58,913 | INFO |    ↳ Status 200
2026-08-07 01:48:58,913 | INFO |    ✓ Found 7 movies
2026-08-07 01:48:58,913 | INFO | [861/1901] Fetching Khajani (KHAI)
2026-08-07 01:48:59,757 | INFO |    ↳ Status 403
2026-08-07 01:48:59,757 | WARNING |    ⚠ Blocked (403) retry 3
2026-08-07 01:48:59,821 | INFO | 🌐 Session warmed
2026-08-07 01:49:00,028 | INFO |    ↳ Status 200
2026-08-07 01:49:00,029 | INFO |    ✓ Found 8 movies
2026-08-07 01:49:00,029 | INFO | [862/1901] Fetching Khajipet (KHAJ)
2026-08-07 01:49:00,384 | INFO |    ↳ Status 200
2026-08-07 01:49:00,384 | INFO |    ✓ Found 8 movies
2026-08-07 01:49:00,384 | INFO | [863/1901] Fetching Khajuraho (KHRH)
2026-08-07 01:49:01,424 | INFO |    ↳ Status 200
2026-08-07 01:49:01,425 | INFO |    ✓ Found 8 movies
2026-08-07 01:49:01,425 | INFO | [864/1901] Fetching Khalilabad (KHBD)
2026-08-07 01:49:01,570 | INFO |    ↳ Status 200
2026-08-07 01:49:01,570 | INFO |    ✓ Found 8 movies
2026-08-07 01:49:01,570 | INFO | [865/1901] Fetching Khambhat (KHBH)
2026-08-07 01:49:01,759 | INFO | [866/1901] Fetching Khamgaon (KHMG)
2026-08-07 01:49:02,383 | INFO |    ↳ Status 403
2026-08-07 01:49:02,383 | WARNING |    ⚠ Blocked (403) retry 1
2026-08-07 01:49:02,463 | INFO | 🌐 Session warmed
2026-08-07 01:49:03,038 | INFO |    ↳ Status 200
2026-08-07 01:49:03,038 | INFO |    ✓ Found 7 movies
2026-08-07 01:49:03,038 | INFO | [867/1901] Fetching Khammam (KHAM)
2026-08-07 01:49:03,660 | INFO |    ↳ Status 200
2026-08-07 01:49:03,660 | INFO |    ✓ Found 8 movies
2026-08-07 01:49:03,660 | INFO | [868/1901] Fetching Khanapur (KHPR)
2026-08-07 01:49:03,822 | INFO | [869/1901] Fetching Khandela (KHND)
2026-08-07 01:49:04,195 | INFO |    ↳ Status 200
2026-08-07 01:49:04,195 | INFO |    ✓ Found 8 movies
2026-08-07 01:49:04,195 | INFO | [870/1901] Fetching Khandwa (KHDW)
2026-08-07 01:49:04,671 | INFO |    ↳ Status 403
2026-08-07 01:49:04,671 | WARNING |    ⚠ Blocked (403) retry 2
2026-08-07 01:49:04,742 | INFO | 🌐 Session warmed
2026-08-07 01:49:04,811 | INFO |    ↳ Status 403
2026-08-07 01:49:04,811 | WARNING |    ⚠ Blocked (403) retry 1
2026-08-07 01:49:04,877 | INFO | 🌐 Session warmed
2026-08-07 01:49:04,950 | INFO |    ↳ Status 200
2026-08-07 01:49:04,950 | INFO |    ✓ Found 8 movies
2026-08-07 01:49:04,950 | INFO | [871/1901] Fetching Khanna (KHAN)
2026-08-07 01:49:05,361 | INFO |    ↳ Status 200
2026-08-07 01:49:05,362 | INFO |    ✓ Found 8 movies
2026-08-07 01:49:05,362 | INFO | [872/1901] Fetching Kharagpur (KGPR)
2026-08-07 01:49:06,510 | INFO |    ↳ Status 200
2026-08-07 01:49:06,511 | INFO |    ✓ Found 6 movies
2026-08-07 01:49:06,511 | INFO | [873/1901] Fetching Kharghar (KHAG)
2026-08-07 01:49:06,806 | INFO |    ↳ Status 403
2026-08-07 01:49:06,806 | WARNING |    ⚠ Blocked (403) retry 2
2026-08-07 01:49:06,872 | INFO | 🌐 Session warmed
2026-08-07 01:49:06,999 | INFO |    ↳ Status 200
2026-08-07 01:49:06,999 | INFO |    ✓ Found 7 movies
2026-08-07 01:49:06,999 | INFO | [874/1901] Fetching Khargone (KHAR)
2026-08-07 01:49:08,126 | INFO |    ↳ Status 403
2026-08-07 01:49:08,126 | WARNING |    ⚠ Blocked (403) retry 3
2026-08-07 01:49:08,192 | INFO |    ↳ Status 200
2026-08-07 01:49:08,192 | INFO |    ✓ Found 8 movies
2026-08-07 01:49:08,192 | INFO | [875/1901] Fetching Khariar Road (KHRR)
2026-08-07 01:49:08,193 | INFO | 🌐 Session warmed
2026-08-07 01:49:08,633 | INFO |    ↳ Status 200
2026-08-07 01:49:08,633 | INFO |    ✓ Found 8 movies
2026-08-07 01:49:08,633 | INFO | [876/1901] Fetching Kharsia (KHAS)
2026-08-07 01:49:09,588 | INFO |    ↳ Status 200
2026-08-07 01:49:09,588 | INFO |    ✓ Found 8 movies
2026-08-07 01:49:09,588 | INFO | [877/1901] Fetching Khategaon (KTEG)
2026-08-07 01:49:09,890 | INFO |    ↳ Status 200
2026-08-07 01:49:09,890 | INFO |    ✓ Found 7 movies
2026-08-07 01:49:09,890 | INFO | [878/1901] Fetching Khatima (KHTM)
2026-08-07 01:49:10,165 | INFO |    ↳ Status 403
2026-08-07 01:49:10,165 | WARNING |    ⚠ Blocked (403) retry 3
2026-08-07 01:49:10,248 | INFO | 🌐 Session warmed
2026-08-07 01:49:10,925 | INFO |    ↳ Status 200
2026-08-07 01:49:10,926 | INFO |    ✓ Found 8 movies
2026-08-07 01:49:10,926 | INFO | [879/1901] Fetching Khatta (KHAT)
2026-08-07 01:49:11,085 | INFO |    ↳ Status 200
2026-08-07 01:49:11,086 | INFO |    ✓ Found 8 movies
2026-08-07 01:49:11,086 | INFO | [880/1901] Fetching Khed (KHED)
2026-08-07 01:49:12,075 | INFO |    ↳ Status 200
2026-08-07 01:49:12,075 | INFO |    ✓ Found 8 movies
2026-08-07 01:49:12,076 | INFO | [881/1901] Fetching Kheda (KHDA)
2026-08-07 01:49:12,121 | INFO |    ↳ Status 200
2026-08-07 01:49:12,121 | INFO |    ✓ Found 8 movies
2026-08-07 01:49:12,121 | INFO | [882/1901] Fetching Khedbrahma (KHMA)
2026-08-07 01:49:12,194 | INFO | [883/1901] Fetching Khila (KHIL)
2026-08-07 01:49:12,925 | INFO |    ↳ Status 403
2026-08-07 01:49:12,925 | WARNING |    ⚠ Blocked (403) retry 1
2026-08-07 01:49:12,994 | INFO | 🌐 Session warmed
2026-08-07 01:49:13,076 | INFO |    ↳ Status 200
2026-08-07 01:49:13,076 | INFO |    ✓ Found 7 movies
2026-08-07 01:49:13,076 | INFO | [884/1901] Fetching Khopoli (KHOP)
2026-08-07 01:49:13,408 | INFO |    ↳ Status 200
2026-08-07 01:49:13,409 | INFO |    ✓ Found 7 movies
2026-08-07 01:49:13,409 | INFO | [885/1901] Fetching Khowai (KHOW)
2026-08-07 01:49:14,248 | INFO | [886/1901] Fetching Khurja (KHUR)
2026-08-07 01:49:14,455 | INFO |    ↳ Status 200
2026-08-07 01:49:14,455 | INFO |    ✓ Found 0 movies
2026-08-07 01:49:14,456 | INFO | [887/1901] Fetching Kichha (KCHA)
2026-08-07 01:49:14,577 | INFO |    ↳ Status 200
2026-08-07 01:49:14,577 | INFO |    ✓ Found 8 movies
2026-08-07 01:49:14,577 | INFO | [888/1901] Fetching Kim (KIMG)
2026-08-07 01:49:14,703 | INFO |    ↳ Status 403
2026-08-07 01:49:14,703 | WARNING |    ⚠ Blocked (403) retry 2
2026-08-07 01:49:14,776 | INFO | 🌐 Session warmed
2026-08-07 01:49:14,955 | INFO |    ↳ Status 403
2026-08-07 01:49:14,955 | WARNING |    ⚠ Blocked (403) retry 1
2026-08-07 01:49:15,030 | INFO | 🌐 Session warmed
2026-08-07 01:49:15,861 | INFO |    ↳ Status 200
2026-08-07 01:49:15,861 | INFO |    ✓ Found 0 movies
2026-08-07 01:49:15,861 | INFO | [889/1901] Fetching Kinathukadavu (KIAV)
2026-08-07 01:49:16,078 | INFO |    ↳ Status 200
2026-08-07 01:49:16,078 | INFO |    ✓ Found 8 movies
2026-08-07 01:49:16,078 | INFO | [890/1901] Fetching Kinnaur (KNRU)
2026-08-07 01:49:16,867 | INFO |    ↳ Status 403
2026-08-07 01:49:16,867 | WARNING |    ⚠ Blocked (403) retry 2
2026-08-07 01:49:16,934 | INFO | 🌐 Session warmed
2026-08-07 01:49:17,432 | INFO |    ↳ Status 200
2026-08-07 01:49:17,432 | INFO |    ✓ Found 8 movies
2026-08-07 01:49:17,432 | INFO | [891/1901] Fetching Kirlampudi (KIDI)
2026-08-07 01:49:17,600 | INFO |    ↳ Status 200
2026-08-07 01:49:17,600 | INFO |    ✓ Found 8 movies
2026-08-07 01:49:17,600 | INFO | [892/1901] Fetching Kishanganj (KSGJ)
2026-08-07 01:49:17,636 | INFO |    ↳ Status 403
2026-08-07 01:49:17,636 | WARNING |    ⚠ Blocked (403) retry 3
2026-08-07 01:49:17,702 | INFO | 🌐 Session warmed
2026-08-07 01:49:19,124 | INFO |    ↳ Status 200
2026-08-07 01:49:19,125 | INFO |    ✓ Found 7 movies
2026-08-07 01:49:19,125 | INFO | [893/1901] Fetching Kishangarh (KISH)
2026-08-07 01:49:19,185 | INFO |    ↳ Status 200
2026-08-07 01:49:19,185 | INFO |    ✓ Found 8 movies
2026-08-07 01:49:19,186 | INFO | [894/1901] Fetching Kodad (KODA)
2026-08-07 01:49:19,941 | INFO |    ↳ Status 403
2026-08-07 01:49:19,941 | WARNING |    ⚠ Blocked (403) retry 3
2026-08-07 01:49:20,008 | INFO | 🌐 Session warmed
2026-08-07 01:49:20,502 | INFO |    ↳ Status 200
2026-08-07 01:49:20,503 | INFO |    ✓ Found 8 movies
2026-08-07 01:49:20,503 | INFO | [895/1901] Fetching Kodagu (Coorg) (COOR)
2026-08-07 01:49:20,662 | INFO |    ↳ Status 200
2026-08-07 01:49:20,663 | INFO |    ✓ Found 7 movies
2026-08-07 01:49:20,663 | INFO | [896/1901] Fetching Kodaikanal (KODI)
2026-08-07 01:49:21,665 | INFO |    ↳ Status 200
2026-08-07 01:49:21,665 | INFO |    ✓ Found 8 movies
2026-08-07 01:49:21,665 | INFO | [897/1901] Fetching Kodakara (KDKR)
2026-08-07 01:49:21,702 | INFO | [898/1901] Fetching Kodaly (KOLY)
2026-08-07 01:49:22,064 | INFO |    ↳ Status 200
2026-08-07 01:49:22,065 | INFO |    ✓ Found 8 movies
2026-08-07 01:49:22,065 | INFO | [899/1901] Fetching Koderma (KODZ)
2026-08-07 01:49:22,794 | INFO |    ↳ Status 403
2026-08-07 01:49:22,794 | WARNING |    ⚠ Blocked (403) retry 1
2026-08-07 01:49:22,861 | INFO | 🌐 Session warmed
2026-08-07 01:49:22,894 | INFO |    ↳ Status 200
2026-08-07 01:49:22,894 | INFO |    ✓ Found 8 movies
2026-08-07 01:49:22,894 | INFO | [900/1901] Fetching Kodumur (KODM)
2026-08-07 01:49:23,124 | INFO |    ↳ Status 200
2026-08-07 01:49:23,124 | INFO |    ✓ Found 8 movies
2026-08-07 01:49:23,125 | INFO | [901/1901] Fetching Kodumuru (KODM)
2026-08-07 01:49:24,008 | INFO | [902/1901] Fetching Kodungallur (KODU)
2026-08-07 01:49:24,254 | INFO |    ↳ Status 200
2026-08-07 01:49:24,254 | INFO |    ✓ Found 8 movies
2026-08-07 01:49:24,254 | INFO | [903/1901] Fetching Kohima (KOHI)
2026-08-07 01:49:24,255 | INFO |    ↳ Status 200
2026-08-07 01:49:24,255 | INFO |    ✓ Found 8 movies
2026-08-07 01:49:24,255 | INFO | [904/1901] Fetching Koilkuntla (KOIL)
2026-08-07 01:49:24,565 | INFO |    ↳ Status 403
2026-08-07 01:49:24,566 | WARNING |    ⚠ Blocked (403) retry 2
2026-08-07 01:49:24,629 | INFO | 🌐 Session warmed
2026-08-07 01:49:24,716 | INFO |    ↳ Status 403
2026-08-07 01:49:24,716 | WARNING |    ⚠ Blocked (403) retry 1
2026-08-07 01:49:24,780 | INFO | 🌐 Session warmed
2026-08-07 01:49:25,404 | INFO |    ↳ Status 200
2026-08-07 01:49:25,404 | INFO |    ✓ Found 8 movies
2026-08-07 01:49:25,405 | INFO | [905/1901] Fetching Kokrajhar (KKJR)
2026-08-07 01:49:25,587 | INFO |    ↳ Status 200
2026-08-07 01:49:25,588 | INFO |    ✓ Found 3 movies
2026-08-07 01:49:25,588 | INFO | [906/1901] Fetching Kolar (OLAR)
2026-08-07 01:49:26,403 | INFO |    ↳ Status 403
2026-08-07 01:49:26,403 | WARNING |    ⚠ Blocked (403) retry 2
2026-08-07 01:49:26,481 | INFO | 🌐 Session warmed
2026-08-07 01:49:26,859 | INFO |    ↳ Status 200
2026-08-07 01:49:26,859 | INFO |    ✓ Found 8 movies
2026-08-07 01:49:26,859 | INFO | [907/1901] Fetching Kolhapur (KOLH)
2026-08-07 01:49:27,089 | INFO |    ↳ Status 200
2026-08-07 01:49:27,089 | INFO |    ✓ Found 7 movies
2026-08-07 01:49:27,089 | INFO | [908/1901] Fetching Kollam (KOLM)
2026-08-07 01:49:27,342 | INFO |    ↳ Status 403
2026-08-07 01:49:27,342 | WARNING |    ⚠ Blocked (403) retry 3
2026-08-07 01:49:27,417 | INFO | 🌐 Session warmed
2026-08-07 01:49:28,546 | INFO |    ↳ Status 200
2026-08-07 01:49:28,546 | INFO |    ✓ Found 8 movies
2026-08-07 01:49:28,546 | INFO | [909/1901] Fetching Kollapur (KOLL)
2026-08-07 01:49:28,784 | INFO |    ↳ Status 200
2026-08-07 01:49:28,784 | INFO |    ✓ Found 8 movies
2026-08-07 01:49:28,784 | INFO | [910/1901] Fetching Kollengode (KOLE)
2026-08-07 01:49:29,764 | INFO |    ↳ Status 403
2026-08-07 01:49:29,764 | WARNING |    ⚠ Blocked (403) retry 3
2026-08-07 01:49:29,842 | INFO | 🌐 Session warmed
2026-08-07 01:49:30,088 | INFO |    ↳ Status 200
2026-08-07 01:49:30,088 | INFO |    ✓ Found 8 movies
2026-08-07 01:49:30,088 | INFO | [911/1901] Fetching Komarapalayam (KOMA)
2026-08-07 01:49:30,160 | INFO |    ↳ Status 200
2026-08-07 01:49:30,160 | INFO |    ✓ Found 8 movies
2026-08-07 01:49:30,160 | INFO | [912/1901] Fetching Kommugudem (KOMG)
2026-08-07 01:49:31,417 | INFO | [913/1901] Fetching Kondagaon (KNGN)
2026-08-07 01:49:31,459 | INFO |    ↳ Status 200
2026-08-07 01:49:31,459 | INFO |    ✓ Found 8 movies
2026-08-07 01:49:31,459 | INFO | [914/1901] Fetching Kondlahalli (KNAI)
2026-08-07 01:49:31,504 | INFO |    ↳ Status 200
2026-08-07 01:49:31,504 | INFO |    ✓ Found 0 movies
2026-08-07 01:49:31,504 | INFO | [915/1901] Fetching Konithiwada (KNTH)
2026-08-07 01:49:32,414 | INFO |    ↳ Status 403
2026-08-07 01:49:32,414 | WARNING |    ⚠ Blocked (403) retry 1
2026-08-07 01:49:32,490 | INFO | 🌐 Session warmed
2026-08-07 01:49:32,954 | INFO |    ↳ Status 200
2026-08-07 01:49:32,954 | INFO |    ✓ Found 8 movies
2026-08-07 01:49:32,955 | INFO | [916/1901] Fetching Konni (KONI)
2026-08-07 01:49:33,107 | INFO |    ↳ Status 200
2026-08-07 01:49:33,108 | INFO |    ✓ Found 8 movies
2026-08-07 01:49:33,108 | INFO | [917/1901] Fetching Koothattukulam (KTTM)
2026-08-07 01:49:33,842 | INFO | [918/1901] Fetching Kopargaon (KOPG)
2026-08-07 01:49:34,401 | INFO |    ↳ Status 200
2026-08-07 01:49:34,401 | INFO |    ✓ Found 8 movies
2026-08-07 01:49:34,401 | INFO | [919/1901] Fetching Koppam (KOPP)
2026-08-07 01:49:34,596 | INFO |    ↳ Status 200
2026-08-07 01:49:34,597 | INFO |    ✓ Found 8 movies
2026-08-07 01:49:34,597 | INFO | [920/1901] Fetching Koraput (KOPT)
2026-08-07 01:49:34,674 | INFO |    ↳ Status 403
2026-08-07 01:49:34,674 | WARNING |    ⚠ Blocked (403) retry 2
2026-08-07 01:49:34,739 | INFO | 🌐 Session warmed
2026-08-07 01:49:35,011 | INFO |    ↳ Status 403
2026-08-07 01:49:35,011 | WARNING |    ⚠ Blocked (403) retry 1
2026-08-07 01:49:35,074 | INFO | 🌐 Session warmed
2026-08-07 01:49:35,517 | INFO |    ↳ Status 200
2026-08-07 01:49:35,517 | INFO |    ✓ Found 8 movies
2026-08-07 01:49:35,517 | INFO | [921/1901] Fetching Koratagere (ORAG)
2026-08-07 01:49:36,144 | INFO |    ↳ Status 200
2026-08-07 01:49:36,144 | INFO |    ✓ Found 0 movies
2026-08-07 01:49:36,144 | INFO | [922/1901] Fetching Korba (KRBA)
2026-08-07 01:49:37,092 | INFO |    ↳ Status 403
2026-08-07 01:49:37,092 | WARNING |    ⚠ Blocked (403) retry 2
2026-08-07 01:49:37,158 | INFO | 🌐 Session warmed
2026-08-07 01:49:37,286 | INFO |    ↳ Status 200
2026-08-07 01:49:37,286 | INFO |    ✓ Found 8 movies
2026-08-07 01:49:37,286 | INFO | [923/1901] Fetching Korutla (KCKA)
2026-08-07 01:49:37,608 | INFO |    ↳ Status 403
2026-08-07 01:49:37,608 | WARNING |    ⚠ Blocked (403) retry 3
2026-08-07 01:49:37,677 | INFO | 🌐 Session warmed
2026-08-07 01:49:37,956 | INFO |    ↳ Status 200
2026-08-07 01:49:37,956 | INFO |    ✓ Found 7 movies
2026-08-07 01:49:37,956 | INFO | [924/1901] Fetching Korwa (KORW)
2026-08-07 01:49:39,048 | INFO |    ↳ Status 200
2026-08-07 01:49:39,048 | INFO |    ✓ Found 8 movies
2026-08-07 01:49:39,048 | INFO | [925/1901] Fetching Kosamba (KOSA)
2026-08-07 01:49:39,495 | INFO |    ↳ Status 200
2026-08-07 01:49:39,495 | INFO |    ✓ Found 8 movies
2026-08-07 01:49:39,495 | INFO | [926/1901] Fetching Kosgi (KOSG)
2026-08-07 01:49:40,172 | INFO |    ↳ Status 403
2026-08-07 01:49:40,172 | WARNING |    ⚠ Blocked (403) retry 3
2026-08-07 01:49:40,240 | INFO | 🌐 Session warmed
2026-08-07 01:49:40,375 | INFO |    ↳ Status 200
2026-08-07 01:49:40,375 | INFO |    ✓ Found 7 movies
2026-08-07 01:49:40,375 | INFO | [927/1901] Fetching Kota (KOTA)
2026-08-07 01:49:40,664 | INFO |    ↳ Status 200
2026-08-07 01:49:40,664 | INFO |    ✓ Found 8 movies
2026-08-07 01:49:40,665 | INFO | [928/1901] Fetching Kota (AP) (KOAN)
2026-08-07 01:49:41,539 | INFO |    ↳ Status 200
2026-08-07 01:49:41,539 | INFO |    ✓ Found 7 movies
2026-08-07 01:49:41,539 | INFO | [929/1901] Fetching Kotabommali (KTAB)
2026-08-07 01:49:41,677 | INFO | [930/1901] Fetching Kotananduru (KTND)
2026-08-07 01:49:41,816 | INFO |    ↳ Status 200
2026-08-07 01:49:41,816 | INFO |    ✓ Found 8 movies
2026-08-07 01:49:41,816 | INFO | [931/1901] Fetching Kotdwara (KOTD)
2026-08-07 01:49:42,597 | INFO |    ↳ Status 200
2026-08-07 01:49:42,597 | INFO |    ✓ Found 8 movies
2026-08-07 01:49:42,597 | INFO | [932/1901] Fetching Kothacheruvu (KTCR)
2026-08-07 01:49:42,750 | INFO |    ↳ Status 403
2026-08-07 01:49:42,750 | WARNING |    ⚠ Blocked (403) retry 1
2026-08-07 01:49:42,823 | INFO | 🌐 Session warmed
2026-08-07 01:49:43,185 | INFO |    ↳ Status 200
2026-08-07 01:49:43,185 | INFO |    ✓ Found 8 movies
2026-08-07 01:49:43,185 | INFO | [933/1901] Fetching Kothagudem (KTGM)
2026-08-07 01:49:43,956 | INFO |    ↳ Status 200
2026-08-07 01:49:43,956 | INFO |    ✓ Found 8 movies
2026-08-07 01:49:43,956 | INFO | [934/1901] Fetching Kothakota (KOTL)
2026-08-07 01:49:44,240 | INFO | [935/1901] Fetching Kothamangalam (KTMM)
2026-08-07 01:49:44,371 | INFO |    ↳ Status 200
2026-08-07 01:49:44,371 | INFO |    ✓ Found 8 movies
2026-08-07 01:49:44,371 | INFO | [936/1901] Fetching Kothapalli (KOTC)
2026-08-07 01:49:44,812 | INFO |    ↳ Status 403
2026-08-07 01:49:44,812 | WARNING |    ⚠ Blocked (403) retry 2
2026-08-07 01:49:44,891 | INFO | 🌐 Session warmed
2026-08-07 01:49:44,910 | INFO |    ↳ Status 403
2026-08-07 01:49:44,911 | WARNING |    ⚠ Blocked (403) retry 1
2026-08-07 01:49:44,978 | INFO | 🌐 Session warmed
2026-08-07 01:49:45,659 | INFO |    ↳ Status 200
2026-08-07 01:49:45,659 | INFO |    ✓ Found 8 movies
2026-08-07 01:49:45,659 | INFO | [937/1901] Fetching Kothapeta (KTPE)
2026-08-07 01:49:45,982 | INFO |    ↳ Status 200
2026-08-07 01:49:45,982 | INFO |    ✓ Found 8 movies
2026-08-07 01:49:45,982 | INFO | [938/1901] Fetching Kothavalasa (KTVL)
2026-08-07 01:49:46,835 | INFO |    ↳ Status 403
2026-08-07 01:49:46,835 | WARNING |    ⚠ Blocked (403) retry 2
2026-08-07 01:49:46,901 | INFO | 🌐 Session warmed
2026-08-07 01:49:47,377 | INFO |    ↳ Status 200
2026-08-07 01:49:47,377 | INFO |    ✓ Found 8 movies
2026-08-07 01:49:47,377 | INFO | [939/1901] Fetching Kotkapura (KOTK)
2026-08-07 01:49:47,652 | INFO |    ↳ Status 200
2026-08-07 01:49:47,652 | INFO |    ✓ Found 8 movies
2026-08-07 01:49:47,652 | INFO | [940/1901] Fetching Kotma (KOTM)
2026-08-07 01:49:48,123 | INFO |    ↳ Status 403
2026-08-07 01:49:48,123 | WARNING |    ⚠ Blocked (403) retry 3
2026-08-07 01:49:48,191 | INFO | 🌐 Session warmed
2026-08-07 01:49:48,902 | INFO |    ↳ Status 200
2026-08-07 01:49:48,902 | INFO |    ✓ Found 8 movies
2026-08-07 01:49:48,902 | INFO | [941/1901] Fetching Kotpad (KTPD)
2026-08-07 01:49:49,168 | INFO |    ↳ Status 200
2026-08-07 01:49:49,168 | INFO |    ✓ Found 6 movies
2026-08-07 01:49:49,168 | INFO | [942/1901] Fetching Kotputli (KPLI)
2026-08-07 01:49:50,050 | INFO |    ↳ Status 200
2026-08-07 01:49:50,050 | INFO |    ✓ Found 8 movies
2026-08-07 01:49:50,050 | INFO | [943/1901] Fetching Kottakkal (KOKK)
2026-08-07 01:49:50,260 | INFO |    ↳ Status 403
2026-08-07 01:49:50,260 | WARNING |    ⚠ Blocked (403) retry 3
2026-08-07 01:49:50,300 | INFO |    ↳ Status 200
2026-08-07 01:49:50,300 | INFO |    ✓ Found 7 movies
2026-08-07 01:49:50,300 | INFO | [944/1901] Fetching Kottayam (KTYM)
2026-08-07 01:49:50,330 | INFO | 🌐 Session warmed
2026-08-07 01:49:51,490 | INFO |    ↳ Status 200
2026-08-07 01:49:51,490 | INFO |    ✓ Found 8 movies
2026-08-07 01:49:51,490 | INFO |    ↳ Status 200
2026-08-07 01:49:51,490 | INFO | [945/1901] Fetching Kottayi (KOTT)
2026-08-07 01:49:51,491 | INFO |    ✓ Found 8 movies
2026-08-07 01:49:51,491 | INFO | [946/1901] Fetching Kottiyam (KTTY)
2026-08-07 01:49:52,192 | INFO | [947/1901] Fetching Kotturu (KTUR)
2026-08-07 01:49:52,478 | INFO |    ↳ Status 200
2026-08-07 01:49:52,478 | INFO |    ✓ Found 8 movies
2026-08-07 01:49:52,478 | INFO | [948/1901] Fetching Kovilpatti (KOVI)
2026-08-07 01:49:52,828 | INFO |    ↳ Status 403
2026-08-07 01:49:52,828 | WARNING |    ⚠ Blocked (403) retry 1
2026-08-07 01:49:52,874 | INFO |    ↳ Status 200
2026-08-07 01:49:52,874 | INFO |    ✓ Found 8 movies
2026-08-07 01:49:52,874 | INFO | [949/1901] Fetching Kovur (Nellore) (KOVR)
2026-08-07 01:49:52,908 | INFO | 🌐 Session warmed
2026-08-07 01:49:53,805 | INFO |    ↳ Status 200
2026-08-07 01:49:53,805 | INFO |    ✓ Found 8 movies
2026-08-07 01:49:53,805 | INFO | [950/1901] Fetching Kovvur (KOVU)
2026-08-07 01:49:54,330 | INFO | [951/1901] Fetching Koyyalagudem (KOEM)
2026-08-07 01:49:54,962 | INFO |    ↳ Status 403
2026-08-07 01:49:54,962 | WARNING |    ⚠ Blocked (403) retry 2
2026-08-07 01:49:55,034 | INFO | 🌐 Session warmed
2026-08-07 01:49:55,099 | INFO |    ↳ Status 200
2026-08-07 01:49:55,099 | INFO |    ✓ Found 8 movies
2026-08-07 01:49:55,099 | INFO | [952/1901] Fetching Kozhikode (KOZH)
2026-08-07 01:49:55,358 | INFO |    ↳ Status 200
2026-08-07 01:49:55,359 | INFO |    ✓ Found 8 movies
2026-08-07 01:49:55,359 | INFO | [953/1901] Fetching Kozhinjampara (KOZA)
2026-08-07 01:49:55,494 | INFO |    ↳ Status 403
2026-08-07 01:49:55,494 | WARNING |    ⚠ Blocked (403) retry 1
2026-08-07 01:49:55,577 | INFO | 🌐 Session warmed
2026-08-07 01:49:56,695 | INFO |    ↳ Status 200
2026-08-07 01:49:56,696 | INFO |    ✓ Found 8 movies
2026-08-07 01:49:56,696 | INFO | [954/1901] Fetching Krishnagiri (KRHN)
2026-08-07 01:49:56,941 | INFO |    ↳ Status 200
2026-08-07 01:49:56,941 | INFO |    ✓ Found 8 movies
2026-08-07 01:49:56,941 | INFO | [955/1901] Fetching Krishnanagar (KNWB)
2026-08-07 01:49:57,645 | INFO |    ↳ Status 403
2026-08-07 01:49:57,645 | WARNING |    ⚠ Blocked (403) retry 2
2026-08-07 01:49:57,717 | INFO | 🌐 Session warmed
2026-08-07 01:49:58,044 | INFO |    ↳ Status 403
2026-08-07 01:49:58,044 | WARNING |    ⚠ Blocked (403) retry 3
2026-08-07 01:49:58,120 | INFO | 🌐 Session warmed
2026-08-07 01:49:58,160 | INFO |    ↳ Status 200
2026-08-07 01:49:58,160 | INFO |    ✓ Found 7 movies
2026-08-07 01:49:58,161 | INFO | [956/1901] Fetching Krishnarajanagara (KRJT)
2026-08-07 01:49:58,309 | INFO |    ↳ Status 200
2026-08-07 01:49:58,309 | INFO |    ✓ Found 8 movies
2026-08-07 01:49:58,309 | INFO | [957/1901] Fetching Krishnarajpete (K.R.Pete) (KEKE)
2026-08-07 01:49:59,455 | INFO |    ↳ Status 200
2026-08-07 01:49:59,455 | INFO |    ✓ Found 8 movies
2026-08-07 01:49:59,456 | INFO | [958/1901] Fetching Krosuru (KRSR)
2026-08-07 01:50:00,394 | INFO |    ↳ Status 403
2026-08-07 01:50:00,394 | WARNING |    ⚠ Blocked (403) retry 3
2026-08-07 01:50:00,469 | INFO | 🌐 Session warmed
2026-08-07 01:50:00,645 | INFO |    ↳ Status 200
2026-08-07 01:50:00,646 | INFO |    ✓ Found 8 movies
2026-08-07 01:50:00,646 | INFO | [959/1901] Fetching Kruthivennu (KRTH)
2026-08-07 01:50:01,075 | INFO |    ↳ Status 200
2026-08-07 01:50:01,075 | INFO |    ✓ Found 8 movies
2026-08-07 01:50:01,075 | INFO | [960/1901] Fetching Kuchaman City (KHCY)
2026-08-07 01:50:01,701 | INFO |    ↳ Status 200
2026-08-07 01:50:01,701 | INFO |    ✓ Found 8 movies
2026-08-07 01:50:01,701 | INFO | [961/1901] Fetching Kuchipudi (KCPD)
2026-08-07 01:50:02,120 | INFO | [962/1901] Fetching Kudus (KUDU)
2026-08-07 01:50:02,220 | INFO |    ↳ Status 200
2026-08-07 01:50:02,220 | INFO |    ✓ Found 7 movies
2026-08-07 01:50:02,221 | INFO | [963/1901] Fetching Kujang (KUAG)
2026-08-07 01:50:03,016 | INFO |    ↳ Status 200
2026-08-07 01:50:03,016 | INFO |    ✓ Found 8 movies
2026-08-07 01:50:03,016 | INFO | [964/1901] Fetching Kukshi (KUKS)
2026-08-07 01:50:03,499 | INFO |    ↳ Status 403
2026-08-07 01:50:03,499 | WARNING |    ⚠ Blocked (403) retry 1
2026-08-07 01:50:03,545 | INFO |    ↳ Status 200
2026-08-07 01:50:03,545 | INFO |    ✓ Found 8 movies
2026-08-07 01:50:03,545 | INFO | [965/1901] Fetching Kulithalai (KULI)
2026-08-07 01:50:03,567 | INFO | 🌐 Session warmed
2026-08-07 01:50:04,469 | INFO | [966/1901] Fetching Kullu (KULU)
2026-08-07 01:50:04,488 | INFO |    ↳ Status 200
2026-08-07 01:50:04,488 | INFO |    ✓ Found 8 movies
2026-08-07 01:50:04,488 | INFO | [967/1901] Fetching Kumarakom (KMOA)
2026-08-07 01:50:04,953 | INFO |    ↳ Status 200
2026-08-07 01:50:04,953 | INFO |    ✓ Found 8 movies
2026-08-07 01:50:04,953 | INFO | [968/1901] Fetching Kumbakonam (KUMB)
2026-08-07 01:50:05,177 | INFO |    ↳ Status 403
2026-08-07 01:50:05,177 | WARNING |    ⚠ Blocked (403) retry 1
2026-08-07 01:50:05,243 | INFO | 🌐 Session warmed
2026-08-07 01:50:05,337 | INFO |    ↳ Status 403
2026-08-07 01:50:05,337 | WARNING |    ⚠ Blocked (403) retry 2
2026-08-07 01:50:05,415 | INFO | 🌐 Session warmed
2026-08-07 01:50:05,885 | INFO |    ↳ Status 200
2026-08-07 01:50:05,885 | INFO |    ✓ Found 8 movies
2026-08-07 01:50:05,885 | INFO | [969/1901] Fetching Kumily (KUMI)
2026-08-07 01:50:05,999 | INFO |    ↳ Status 200
2026-08-07 01:50:05,999 | INFO |    ✓ Found 8 movies
2026-08-07 01:50:05,999 | INFO | [970/1901] Fetching Kunda (KUDD)
2026-08-07 01:50:06,879 | INFO |    ↳ Status 200
2026-08-07 01:50:06,879 | INFO |    ✓ Found 8 movies
2026-08-07 01:50:06,880 | INFO | [971/1901] Fetching Kundapura (KUNA)
2026-08-07 01:50:07,061 | INFO |    ↳ Status 403
2026-08-07 01:50:07,061 | WARNING |    ⚠ Blocked (403) retry 2
2026-08-07 01:50:07,136 | INFO | 🌐 Session warmed
2026-08-07 01:50:07,214 | INFO |    ↳ Status 200
2026-08-07 01:50:07,215 | INFO |    ✓ Found 8 movies
2026-08-07 01:50:07,215 | INFO | [972/1901] Fetching Kunigal (KUUN)
2026-08-07 01:50:08,126 | INFO |    ↳ Status 200
2026-08-07 01:50:08,126 | INFO |    ✓ Found 8 movies
2026-08-07 01:50:08,126 | INFO | [973/1901] Fetching Kunkuri (KKRI)
2026-08-07 01:50:08,408 | INFO |    ↳ Status 403
2026-08-07 01:50:08,408 | WARNING |    ⚠ Blocked (403) retry 3
2026-08-07 01:50:08,525 | INFO | 🌐 Session warmed
2026-08-07 01:50:08,637 | INFO |    ↳ Status 200
2026-08-07 01:50:08,637 | INFO |    ✓ Found 8 movies
2026-08-07 01:50:08,637 | INFO | [974/1901] Fetching Kunnamkulam (KUNN)
2026-08-07 01:50:09,698 | INFO |    ↳ Status 200
2026-08-07 01:50:09,699 | INFO |    ✓ Found 8 movies
2026-08-07 01:50:09,699 | INFO | [975/1901] Fetching Kuravilangad (KURA)
2026-08-07 01:50:09,957 | INFO |    ↳ Status 403
2026-08-07 01:50:09,957 | WARNING |    ⚠ Blocked (403) retry 3
2026-08-07 01:50:09,998 | INFO |    ↳ Status 200
2026-08-07 01:50:09,998 | INFO |    ✓ Found 7 movies
2026-08-07 01:50:09,998 | INFO | [976/1901] Fetching Kurnool (KURN)
2026-08-07 01:50:10,023 | INFO | 🌐 Session warmed
2026-08-07 01:50:10,708 | INFO |    ↳ Status 200
2026-08-07 01:50:10,708 | INFO |    ✓ Found 8 movies
2026-08-07 01:50:10,709 | INFO | [977/1901] Fetching Kurseong (KURS)
2026-08-07 01:50:11,477 | INFO |    ↳ Status 200
2026-08-07 01:50:11,477 | INFO |    ✓ Found 8 movies
2026-08-07 01:50:11,477 | INFO | [978/1901] Fetching Kurud (KRDU)
2026-08-07 01:50:11,751 | INFO |    ↳ Status 200
2026-08-07 01:50:11,751 | INFO |    ✓ Found 7 movies
2026-08-07 01:50:11,751 | INFO | [979/1901] Fetching Kurukshetra (KURU)
2026-08-07 01:50:12,462 | INFO |    ↳ Status 200
2026-08-07 01:50:12,462 | INFO |    ✓ Found 8 movies
2026-08-07 01:50:12,462 | INFO | [980/1901] Fetching Kurumaseri (KURY)
2026-08-07 01:50:12,525 | INFO | [981/1901] Fetching Kurundwad (KURD)
2026-08-07 01:50:12,740 | INFO |    ↳ Status 200
2026-08-07 01:50:12,741 | INFO |    ✓ Found 7 movies
2026-08-07 01:50:12,741 | INFO | [982/1901] Fetching Kushalnagar (KUSA)
2026-08-07 01:50:13,459 | INFO |    ↳ Status 403
2026-08-07 01:50:13,459 | WARNING |    ⚠ Blocked (403) retry 1
2026-08-07 01:50:13,534 | INFO | 🌐 Session warmed
2026-08-07 01:50:13,632 | INFO |    ↳ Status 200
2026-08-07 01:50:13,633 | INFO |    ✓ Found 8 movies
2026-08-07 01:50:13,633 | INFO | [983/1901] Fetching Kushinagar (KUSH)
2026-08-07 01:50:14,023 | INFO | [984/1901] Fetching Kusumgram (KKKL)
2026-08-07 01:50:14,027 | INFO |    ↳ Status 200
2026-08-07 01:50:14,027 | INFO |    ✓ Found 0 movies
2026-08-07 01:50:14,027 | INFO | [985/1901] Fetching Kutch (KTCH)
2026-08-07 01:50:14,684 | INFO |    ↳ Status 200
2026-08-07 01:50:14,684 | INFO |    ✓ Found 8 movies
2026-08-07 01:50:14,684 | INFO | [986/1901] Fetching Kuthuparamba (KUTH)
2026-08-07 01:50:15,142 | INFO |    ↳ Status 403
2026-08-07 01:50:15,142 | WARNING |    ⚠ Blocked (403) retry 1
2026-08-07 01:50:15,220 | INFO | 🌐 Session warmed
2026-08-07 01:50:15,242 | INFO |    ↳ Status 200
2026-08-07 01:50:15,242 | INFO |    ✓ Found 7 movies
2026-08-07 01:50:15,242 | INFO | [987/1901] Fetching Ladakh (LEHA)
2026-08-07 01:50:15,284 | INFO |    ↳ Status 403
2026-08-07 01:50:15,284 | WARNING |    ⚠ Blocked (403) retry 2
2026-08-07 01:50:15,357 | INFO | 🌐 Session warmed
2026-08-07 01:50:15,925 | INFO |    ↳ Status 200
2026-08-07 01:50:15,925 | INFO |    ✓ Found 8 movies
2026-08-07 01:50:15,925 | INFO | [988/1901] Fetching Lakhanpur (ALKP)
2026-08-07 01:50:16,296 | INFO |    ↳ Status 200
2026-08-07 01:50:16,296 | INFO |    ✓ Found 8 movies
2026-08-07 01:50:16,296 | INFO | [989/1901] Fetching Lakhimpur (LAHA)
2026-08-07 01:50:17,349 | INFO |    ↳ Status 403
2026-08-07 01:50:17,349 | WARNING |    ⚠ Blocked (403) retry 2
2026-08-07 01:50:17,392 | INFO |    ↳ Status 200
2026-08-07 01:50:17,392 | INFO |    ✓ Found 7 movies
2026-08-07 01:50:17,392 | INFO | [990/1901] Fetching Lakhimpur Kheri (LKPK)
2026-08-07 01:50:17,421 | INFO | 🌐 Session warmed
2026-08-07 01:50:17,468 | INFO |    ↳ Status 200
2026-08-07 01:50:17,469 | INFO |    ✓ Found 0 movies
2026-08-07 01:50:17,469 | INFO | [991/1901] Fetching Lakhisarai (LASK)
2026-08-07 01:50:18,549 | INFO |    ↳ Status 403
2026-08-07 01:50:18,549 | WARNING |    ⚠ Blocked (403) retry 3
2026-08-07 01:50:18,615 | INFO | 🌐 Session warmed
2026-08-07 01:50:18,884 | INFO |    ↳ Status 200
2026-08-07 01:50:18,884 | INFO |    ✓ Found 8 movies
2026-08-07 01:50:18,884 | INFO | [992/1901] Fetching Lakkavaram (LRAM)
2026-08-07 01:50:19,728 | INFO |    ↳ Status 200
2026-08-07 01:50:19,728 | INFO |    ✓ Found 8 movies
2026-08-07 01:50:19,729 | INFO | [993/1901] Fetching Lakshmeshwara (LKSH)
2026-08-07 01:50:20,096 | INFO |    ↳ Status 200
2026-08-07 01:50:20,096 | INFO |    ✓ Found 8 movies
2026-08-07 01:50:20,096 | INFO | [994/1901] Fetching Lakshmikantapur (LKMP)
2026-08-07 01:50:20,455 | INFO |    ↳ Status 403
2026-08-07 01:50:20,455 | WARNING |    ⚠ Blocked (403) retry 3
2026-08-07 01:50:20,532 | INFO | 🌐 Session warmed
2026-08-07 01:50:21,387 | INFO |    ↳ Status 200
2026-08-07 01:50:21,387 | INFO |    ✓ Found 8 movies
2026-08-07 01:50:21,388 | INFO | [995/1901] Fetching Lalgudi (LALG)
2026-08-07 01:50:21,755 | INFO |    ↳ Status 200
2026-08-07 01:50:21,755 | INFO |    ✓ Found 8 movies
2026-08-07 01:50:21,755 | INFO | [996/1901] Fetching Lalitpur (LLTP)
2026-08-07 01:50:22,411 | INFO |    ↳ Status 200
2026-08-07 01:50:22,411 | INFO |    ✓ Found 8 movies
2026-08-07 01:50:22,411 | INFO | [997/1901] Fetching Lansdowne (LADW)
2026-08-07 01:50:22,615 | INFO | [998/1901] Fetching Latur (LAT)
2026-08-07 01:50:23,005 | INFO |    ↳ Status 200
2026-08-07 01:50:23,005 | INFO |    ✓ Found 8 movies
2026-08-07 01:50:23,006 | INFO | [999/1901] Fetching Lavasa (LAVA)
2026-08-07 01:50:23,299 | INFO |    ↳ Status 403
2026-08-07 01:50:23,299 | WARNING |    ⚠ Blocked (403) retry 1
2026-08-07 01:50:23,371 | INFO | 🌐 Session warmed
2026-08-07 01:50:23,707 | INFO |    ↳ Status 200
2026-08-07 01:50:23,707 | INFO |    ✓ Found 8 movies
2026-08-07 01:50:23,707 | INFO | [1000/1901] Fetching Leeja (LEEJ)
2026-08-07 01:50:24,379 | INFO |    ↳ Status 200
2026-08-07 01:50:24,379 | INFO |    ✓ Found 8 movies
2026-08-07 01:50:24,379 | INFO | [1001/1901] Fetching Leh (LEHL)
2026-08-07 01:50:24,532 | INFO | [1002/1901] Fetching Lingasugur (LING)
2026-08-07 01:50:25,075 | INFO |    ↳ Status 200
2026-08-07 01:50:25,075 | INFO |    ✓ Found 8 movies
2026-08-07 01:50:25,075 | INFO | [1003/1901] Fetching Lohardaga (LOHA)
2026-08-07 01:50:25,733 | INFO |    ↳ Status 403
2026-08-07 01:50:25,733 | WARNING |    ⚠ Blocked (403) retry 1
2026-08-07 01:50:25,749 | INFO |    ↳ Status 403
2026-08-07 01:50:25,749 | WARNING |    ⚠ Blocked (403) retry 2
2026-08-07 01:50:25,820 | INFO | 🌐 Session warmed
2026-08-07 01:50:25,833 | INFO | 🌐 Session warmed
2026-08-07 01:50:25,878 | INFO |    ↳ Status 200
2026-08-07 01:50:25,878 | INFO |    ✓ Found 8 movies
2026-08-07 01:50:25,878 | INFO | [1004/1901] Fetching Lonand (LONZ)
2026-08-07 01:50:26,850 | INFO |    ↳ Status 200
2026-08-07 01:50:26,850 | INFO |    ✓ Found 8 movies
2026-08-07 01:50:26,850 | INFO | [1005/1901] Fetching Lonar (LONA)
2026-08-07 01:50:26,855 | INFO |    ↳ Status 200
2026-08-07 01:50:26,855 | INFO |    ✓ Found 8 movies
2026-08-07 01:50:26,855 | INFO | [1006/1901] Fetching Lonavala (LNVL)
2026-08-07 01:50:28,105 | INFO |    ↳ Status 200
2026-08-07 01:50:28,105 | INFO |    ✓ Found 8 movies
2026-08-07 01:50:28,105 | INFO | [1007/1901] Fetching Loni (LONI)
2026-08-07 01:50:28,158 | INFO |    ↳ Status 403
2026-08-07 01:50:28,158 | WARNING |    ⚠ Blocked (403) retry 2
2026-08-07 01:50:28,232 | INFO | 🌐 Session warmed
2026-08-07 01:50:28,626 | INFO |    ↳ Status 200
2026-08-07 01:50:28,626 | INFO |    ✓ Found 8 movies
2026-08-07 01:50:28,626 | INFO | [1008/1901] Fetching Lucknow (LUCK)
2026-08-07 01:50:28,891 | INFO |    ↳ Status 403
2026-08-07 01:50:28,891 | WARNING |    ⚠ Blocked (403) retry 3
2026-08-07 01:50:28,971 | INFO | 🌐 Session warmed
2026-08-07 01:50:29,495 | INFO |    ↳ Status 200
2026-08-07 01:50:29,495 | INFO |    ✓ Found 8 movies
2026-08-07 01:50:29,495 | INFO | [1009/1901] Fetching Ludhiana (LUDH)
2026-08-07 01:50:29,840 | INFO |    ↳ Status 200
2026-08-07 01:50:29,840 | INFO |    ✓ Found 8 movies
2026-08-07 01:50:29,840 | INFO | [1010/1901] Fetching Lunawada (LUNA)
2026-08-07 01:50:30,880 | INFO |    ↳ Status 200
2026-08-07 01:50:30,881 | INFO |    ✓ Found 7 movies
2026-08-07 01:50:30,881 | INFO | [1011/1901] Fetching Luxettipet (LAKS)
2026-08-07 01:50:30,903 | INFO |    ↳ Status 403
2026-08-07 01:50:30,903 | WARNING |    ⚠ Blocked (403) retry 3
2026-08-07 01:50:30,970 | INFO | 🌐 Session warmed
2026-08-07 01:50:31,247 | INFO |    ↳ Status 200
2026-08-07 01:50:31,247 | INFO |    ✓ Found 6 movies
2026-08-07 01:50:31,248 | INFO | [1012/1901] Fetching MUNNAR (MUNN)
2026-08-07 01:50:32,323 | INFO |    ↳ Status 200
2026-08-07 01:50:32,323 | INFO |    ✓ Found 8 movies
2026-08-07 01:50:32,325 | INFO | [1013/1901] Fetching Macherla (MACH)
2026-08-07 01:50:32,466 | INFO |    ↳ Status 200
2026-08-07 01:50:32,466 | INFO |    ✓ Found 8 movies
2026-08-07 01:50:32,466 | INFO | [1014/1901] Fetching Machilipatnam (MAPM)
2026-08-07 01:50:32,971 | INFO | [1015/1901] Fetching Madalu (MADA)
2026-08-07 01:50:33,293 | INFO |    ↳ Status 200
2026-08-07 01:50:33,294 | INFO |    ✓ Found 8 movies
2026-08-07 01:50:33,294 | INFO | [1016/1901] Fetching Madanapalle (MDNP)
2026-08-07 01:50:33,655 | INFO |    ↳ Status 403
2026-08-07 01:50:33,655 | WARNING |    ⚠ Blocked (403) retry 1
2026-08-07 01:50:33,722 | INFO | 🌐 Session warmed
2026-08-07 01:50:33,892 | INFO |    ↳ Status 200
2026-08-07 01:50:33,892 | INFO |    ✓ Found 8 movies
2026-08-07 01:50:33,892 | INFO | [1017/1901] Fetching Maddur (MADD)
2026-08-07 01:50:34,399 | INFO |    ↳ Status 200
2026-08-07 01:50:34,399 | INFO |    ✓ Found 8 movies
2026-08-07 01:50:34,399 | INFO | [1018/1901] Fetching Madhavaram (MDHA)
2026-08-07 01:50:34,971 | INFO | [1019/1901] Fetching Madhepura (MHEA)
2026-08-07 01:50:35,248 | INFO |    ↳ Status 200
2026-08-07 01:50:35,249 | INFO |    ✓ Found 8 movies
2026-08-07 01:50:35,249 | INFO | [1020/1901] Fetching Madhira (MADR)
2026-08-07 01:50:35,988 | INFO |    ↳ Status 403
2026-08-07 01:50:35,988 | WARNING |    ⚠ Blocked (403) retry 1
2026-08-07 01:50:36,008 | INFO |    ↳ Status 403
2026-08-07 01:50:36,008 | WARNING |    ⚠ Blocked (403) retry 2
2026-08-07 01:50:36,073 | INFO | 🌐 Session warmed
2026-08-07 01:50:36,105 | INFO | 🌐 Session warmed
2026-08-07 01:50:36,145 | INFO |    ↳ Status 200
2026-08-07 01:50:36,145 | INFO |    ✓ Found 8 movies
2026-08-07 01:50:36,145 | INFO | [1021/1901] Fetching Madhubani (MADZ)
2026-08-07 01:50:36,561 | INFO |    ↳ Status 200
2026-08-07 01:50:36,562 | INFO |    ✓ Found 8 movies
2026-08-07 01:50:36,562 | INFO | [1022/1901] Fetching Madikeri (MADI)
2026-08-07 01:50:37,915 | INFO |    ↳ Status 403
2026-08-07 01:50:37,915 | WARNING |    ⚠ Blocked (403) retry 2
2026-08-07 01:50:37,989 | INFO | 🌐 Session warmed
2026-08-07 01:50:38,220 | INFO |    ↳ Status 200
2026-08-07 01:50:38,220 | INFO |    ✓ Found 8 movies
2026-08-07 01:50:38,220 | INFO | [1023/1901] Fetching Madugula (MDGL)
2026-08-07 01:50:38,295 | INFO |    ↳ Status 200
2026-08-07 01:50:38,295 | INFO |    ✓ Found 8 movies
2026-08-07 01:50:38,295 | INFO | [1024/1901] Fetching Madurai (MADU)
2026-08-07 01:50:38,759 | INFO |    ↳ Status 403
2026-08-07 01:50:38,759 | WARNING |    ⚠ Blocked (403) retry 3
2026-08-07 01:50:38,839 | INFO | 🌐 Session warmed
2026-08-07 01:50:39,422 | INFO |    ↳ Status 200
2026-08-07 01:50:39,422 | INFO |    ✓ Found 8 movies
2026-08-07 01:50:39,423 | INFO | [1025/1901] Fetching Magadi (MAGA)
2026-08-07 01:50:39,906 | INFO |    ↳ Status 200
2026-08-07 01:50:39,906 | INFO |    ✓ Found 8 movies
2026-08-07 01:50:39,906 | INFO | [1026/1901] Fetching Mahabaleshwar (MABL)
2026-08-07 01:50:41,099 | INFO |    ↳ Status 200
2026-08-07 01:50:41,099 | INFO |    ✓ Found 8 movies
2026-08-07 01:50:41,099 | INFO | [1027/1901] Fetching Mahabubabad (MAHA)
2026-08-07 01:50:41,380 | INFO |    ↳ Status 403
2026-08-07 01:50:41,380 | WARNING |    ⚠ Blocked (403) retry 3
2026-08-07 01:50:41,447 | INFO | 🌐 Session warmed
2026-08-07 01:50:41,606 | INFO |    ↳ Status 200
2026-08-07 01:50:41,606 | INFO |    ✓ Found 8 movies
2026-08-07 01:50:41,606 | INFO | [1028/1901] Fetching Mahad (MHAD)
2026-08-07 01:50:42,817 | INFO |    ↳ Status 200
2026-08-07 01:50:42,817 | INFO |    ✓ Found 8 movies
2026-08-07 01:50:42,817 | INFO | [1029/1901] Fetching Mahalingpur (MAGP)
2026-08-07 01:50:42,839 | INFO | [1030/1901] Fetching Maharajganj (RAJG)
2026-08-07 01:50:43,350 | INFO |    ↳ Status 200
2026-08-07 01:50:43,351 | INFO |    ✓ Found 8 movies
2026-08-07 01:50:43,351 | INFO | [1031/1901] Fetching Mahasamund (MAMU)
2026-08-07 01:50:44,208 | INFO |    ↳ Status 403
2026-08-07 01:50:44,208 | WARNING |    ⚠ Blocked (403) retry 1
2026-08-07 01:50:44,274 | INFO | 🌐 Session warmed
2026-08-07 01:50:44,532 | INFO |    ↳ Status 200
2026-08-07 01:50:44,532 | INFO |    ✓ Found 8 movies
2026-08-07 01:50:44,532 | INFO | [1032/1901] Fetching Mahbubnagar (MAHB)
2026-08-07 01:50:45,111 | INFO |    ↳ Status 200
2026-08-07 01:50:45,112 | INFO |    ✓ Found 7 movies
2026-08-07 01:50:45,112 | INFO | [1033/1901] Fetching Mahemdavad (MAHM)
2026-08-07 01:50:45,447 | INFO | [1034/1901] Fetching Maheshtala (MAHS)
2026-08-07 01:50:46,323 | INFO |    ↳ Status 200
2026-08-07 01:50:46,323 | INFO |    ✓ Found 8 movies
2026-08-07 01:50:46,323 | INFO | [1035/1901] Fetching Maheshwar (MAHE)
2026-08-07 01:50:46,333 | INFO |    ↳ Status 200
2026-08-07 01:50:46,333 | INFO |    ✓ Found 8 movies
2026-08-07 01:50:46,333 | INFO | [1036/1901] Fetching Maheshwaram (MHSR)
2026-08-07 01:50:46,477 | INFO |    ↳ Status 403
2026-08-07 01:50:46,477 | WARNING |    ⚠ Blocked (403) retry 2
2026-08-07 01:50:46,546 | INFO | 🌐 Session warmed
2026-08-07 01:50:46,686 | INFO |    ↳ Status 403
2026-08-07 01:50:46,686 | WARNING |    ⚠ Blocked (403) retry 1
2026-08-07 01:50:46,764 | INFO | 🌐 Session warmed
2026-08-07 01:50:47,720 | INFO |    ↳ Status 200
2026-08-07 01:50:47,720 | INFO |    ✓ Found 8 movies
2026-08-07 01:50:47,720 | INFO | [1037/1901] Fetching Mahishadal (MMAI)
2026-08-07 01:50:48,066 | INFO |    ↳ Status 200
2026-08-07 01:50:48,066 | INFO |    ✓ Found 8 movies
2026-08-07 01:50:48,066 | INFO | [1038/1901] Fetching Mahudha (MAHU)
2026-08-07 01:50:48,835 | INFO |    ↳ Status 200
2026-08-07 01:50:48,835 | INFO |    ✓ Found 7 movies
2026-08-07 01:50:48,835 | INFO | [1039/1901] Fetching Mahuva (MAHV)
2026-08-07 01:50:49,085 | INFO |    ↳ Status 200
2026-08-07 01:50:49,085 | INFO |    ✓ Found 7 movies
2026-08-07 01:50:49,086 | INFO | [1040/1901] Fetching Makrana (MAKA)
2026-08-07 01:50:49,165 | INFO |    ↳ Status 403
2026-08-07 01:50:49,165 | WARNING |    ⚠ Blocked (403) retry 2
2026-08-07 01:50:49,235 | INFO | 🌐 Session warmed
2026-08-07 01:50:49,670 | INFO |    ↳ Status 403
2026-08-07 01:50:49,670 | WARNING |    ⚠ Blocked (403) retry 3
2026-08-07 01:50:49,739 | INFO | 🌐 Session warmed
2026-08-07 01:50:50,089 | INFO |    ↳ Status 200
2026-08-07 01:50:50,089 | INFO |    ✓ Found 8 movies
2026-08-07 01:50:50,089 | INFO | [1041/1901] Fetching Makthal (MAKT)
2026-08-07 01:50:50,453 | INFO |    ↳ Status 200
2026-08-07 01:50:50,453 | INFO |    ✓ Found 7 movies
2026-08-07 01:50:50,453 | INFO | [1042/1901] Fetching Malappuram (MALP)
2026-08-07 01:50:51,156 | INFO |    ↳ Status 200
2026-08-07 01:50:51,156 | INFO |    ✓ Found 8 movies
2026-08-07 01:50:51,157 | INFO | [1043/1901] Fetching Malda (MALD)
2026-08-07 01:50:52,124 | INFO |    ↳ Status 200
2026-08-07 01:50:52,124 | INFO |    ✓ Found 8 movies
2026-08-07 01:50:52,124 | INFO | [1044/1901] Fetching Malebennur (MEBN)
2026-08-07 01:50:52,182 | INFO |    ↳ Status 403
2026-08-07 01:50:52,182 | WARNING |    ⚠ Blocked (403) retry 3
2026-08-07 01:50:52,246 | INFO | 🌐 Session warmed
2026-08-07 01:50:52,674 | INFO |    ↳ Status 200
2026-08-07 01:50:52,675 | INFO |    ✓ Found 7 movies
2026-08-07 01:50:52,675 | INFO | [1045/1901] Fetching Malegaon (MALE)
2026-08-07 01:50:53,532 | INFO |    ↳ Status 200
2026-08-07 01:50:53,532 | INFO |    ✓ Found 8 movies
2026-08-07 01:50:53,532 | INFO | [1046/1901] Fetching Malerkotla (MALR)
2026-08-07 01:50:53,740 | INFO | [1047/1901] Fetching Malikipuram (MALK)
2026-08-07 01:50:54,458 | INFO |    ↳ Status 403
2026-08-07 01:50:54,458 | WARNING |    ⚠ Blocked (403) retry 1
2026-08-07 01:50:54,489 | INFO |    ↳ Status 200
2026-08-07 01:50:54,489 | INFO |    ✓ Found 8 movies
2026-08-07 01:50:54,489 | INFO | [1048/1901] Fetching Malkangiri (MALG)
2026-08-07 01:50:54,532 | INFO | 🌐 Session warmed
2026-08-07 01:50:54,724 | INFO |    ↳ Status 200
2026-08-07 01:50:54,724 | INFO |    ✓ Found 6 movies
2026-08-07 01:50:54,724 | INFO | [1049/1901] Fetching Malkapur (MAMA)
2026-08-07 01:50:55,760 | INFO |    ↳ Status 200
2026-08-07 01:50:55,760 | INFO |    ✓ Found 8 movies
2026-08-07 01:50:55,760 | INFO | [1050/1901] Fetching Mall (MAAL)
2026-08-07 01:50:56,246 | INFO | [1051/1901] Fetching Malout (MALO)
2026-08-07 01:50:56,565 | INFO |    ↳ Status 403
2026-08-07 01:50:56,565 | WARNING |    ⚠ Blocked (403) retry 2
2026-08-07 01:50:56,600 | INFO |    ↳ Status 200
2026-08-07 01:50:56,601 | INFO |    ✓ Found 8 movies
2026-08-07 01:50:56,601 | INFO | [1052/1901] Fetching Malur (MLLR)
2026-08-07 01:50:56,641 | INFO | 🌐 Session warmed
2026-08-07 01:50:57,112 | INFO |    ↳ Status 403
2026-08-07 01:50:57,112 | WARNING |    ⚠ Blocked (403) retry 1
2026-08-07 01:50:57,178 | INFO | 🌐 Session warmed
2026-08-07 01:50:57,227 | INFO |    ↳ Status 200
2026-08-07 01:50:57,227 | INFO |    ✓ Found 8 movies
2026-08-07 01:50:57,227 | INFO | [1053/1901] Fetching Mamallapuram (MMLL)
2026-08-07 01:50:58,066 | INFO |    ↳ Status 200
2026-08-07 01:50:58,066 | INFO |    ✓ Found 8 movies
2026-08-07 01:50:58,066 | INFO | [1054/1901] Fetching Manali (MANA)
2026-08-07 01:50:59,236 | INFO |    ↳ Status 200
2026-08-07 01:50:59,236 | INFO |    ✓ Found 8 movies
2026-08-07 01:50:59,236 | INFO | [1055/1901] Fetching Manamadurai (MNMI)
2026-08-07 01:50:59,290 | INFO |    ↳ Status 403
2026-08-07 01:50:59,290 | WARNING |    ⚠ Blocked (403) retry 3
2026-08-07 01:50:59,330 | INFO |    ↳ Status 200
2026-08-07 01:50:59,330 | INFO |    ✓ Found 8 movies
2026-08-07 01:50:59,331 | INFO | [1056/1901] Fetching Mananthavady (MAVY)
2026-08-07 01:50:59,355 | INFO | 🌐 Session warmed
2026-08-07 01:50:59,463 | INFO |    ↳ Status 403
2026-08-07 01:50:59,463 | WARNING |    ⚠ Blocked (403) retry 2
2026-08-07 01:50:59,544 | INFO | 🌐 Session warmed
2026-08-07 01:51:00,717 | INFO |    ↳ Status 200
2026-08-07 01:51:00,717 | INFO |    ✓ Found 8 movies
2026-08-07 01:51:00,718 | INFO | [1057/1901] Fetching Manapparai (MAPI)
2026-08-07 01:51:00,740 | INFO |    ↳ Status 200
2026-08-07 01:51:00,740 | INFO |    ✓ Found 8 movies
2026-08-07 01:51:00,740 | INFO | [1058/1901] Fetching Manawar (MANW)
2026-08-07 01:51:02,412 | INFO |    ↳ Status 200
2026-08-07 01:51:02,412 | INFO |    ✓ Found 8 movies
2026-08-07 01:51:02,412 | INFO | [1059/1901] Fetching Mancherial (MANC)
2026-08-07 01:51:02,696 | INFO |    ↳ Status 403
2026-08-07 01:51:02,696 | WARNING |    ⚠ Blocked (403) retry 3
2026-08-07 01:51:02,761 | INFO | 🌐 Session warmed
2026-08-07 01:51:02,763 | INFO |    ↳ Status 200
2026-08-07 01:51:02,763 | INFO |    ✓ Found 8 movies
2026-08-07 01:51:02,763 | INFO | [1060/1901] Fetching Mandapeta (MAND)
2026-08-07 01:51:03,355 | INFO | [1061/1901] Fetching Mandarmoni (MNWS)
2026-08-07 01:51:03,933 | INFO |    ↳ Status 200
2026-08-07 01:51:03,933 | INFO |    ✓ Found 8 movies
2026-08-07 01:51:03,933 | INFO | [1062/1901] Fetching Mandasa (MDAS)
2026-08-07 01:51:04,042 | INFO |    ↳ Status 403
2026-08-07 01:51:04,042 | WARNING |    ⚠ Blocked (403) retry 1
2026-08-07 01:51:04,115 | INFO | 🌐 Session warmed
2026-08-07 01:51:04,286 | INFO |    ↳ Status 200
2026-08-07 01:51:04,286 | INFO |    ✓ Found 8 movies
2026-08-07 01:51:04,286 | INFO | [1063/1901] Fetching Mandav (MMND)
2026-08-07 01:51:05,469 | INFO |    ↳ Status 200
2026-08-07 01:51:05,469 | INFO |    ✓ Found 8 movies
2026-08-07 01:51:05,469 | INFO | [1064/1901] Fetching Mandawa (MARJ)
2026-08-07 01:51:05,531 | INFO |    ↳ Status 200
2026-08-07 01:51:05,531 | INFO |    ✓ Found 8 movies
2026-08-07 01:51:05,532 | INFO | [1065/1901] Fetching Mandi (MIHP)
2026-08-07 01:51:05,879 | INFO |    ↳ Status 403
2026-08-07 01:51:05,879 | WARNING |    ⚠ Blocked (403) retry 2
2026-08-07 01:51:05,945 | INFO | 🌐 Session warmed
2026-08-07 01:51:06,762 | INFO | [1066/1901] Fetching Mandi Dabwali (DABW)
2026-08-07 01:51:06,835 | INFO |    ↳ Status 200
2026-08-07 01:51:06,835 | INFO |    ✓ Found 8 movies
2026-08-07 01:51:06,836 | INFO | [1067/1901] Fetching Mandi Gobindgarh (MBBH)
2026-08-07 01:51:06,845 | INFO |    ↳ Status 200
2026-08-07 01:51:06,845 | INFO |    ✓ Found 7 movies
2026-08-07 01:51:06,846 | INFO | [1068/1901] Fetching Mandla (MADL)
2026-08-07 01:51:07,844 | INFO |    ↳ Status 403
2026-08-07 01:51:07,844 | WARNING |    ⚠ Blocked (403) retry 1
2026-08-07 01:51:07,911 | INFO | 🌐 Session warmed
2026-08-07 01:51:08,544 | INFO |    ↳ Status 200
2026-08-07 01:51:08,545 | INFO |    ✓ Found 6 movies
2026-08-07 01:51:08,545 | INFO | [1069/1901] Fetching Mandsaur (MNDS)
2026-08-07 01:51:08,692 | INFO |    ↳ Status 200
2026-08-07 01:51:08,692 | INFO |    ✓ Found 8 movies
2026-08-07 01:51:08,692 | INFO | [1070/1901] Fetching Mandvi (MAVI)
2026-08-07 01:51:09,263 | INFO |    ↳ Status 403
2026-08-07 01:51:09,263 | WARNING |    ⚠ Blocked (403) retry 3
2026-08-07 01:51:09,330 | INFO | 🌐 Session warmed
2026-08-07 01:51:09,788 | INFO |    ↳ Status 403
2026-08-07 01:51:09,788 | WARNING |    ⚠ Blocked (403) retry 2
2026-08-07 01:51:09,864 | INFO | 🌐 Session warmed
2026-08-07 01:51:10,277 | INFO |    ↳ Status 200
2026-08-07 01:51:10,278 | INFO |    ✓ Found 8 movies
2026-08-07 01:51:10,278 | INFO | [1071/1901] Fetching Mandwa (MNDW)
2026-08-07 01:51:10,450 | INFO |    ↳ Status 200
2026-08-07 01:51:10,450 | INFO |    ✓ Found 8 movies
2026-08-07 01:51:10,450 | INFO | [1072/1901] Fetching Mandya (MND)
2026-08-07 01:51:11,451 | INFO |    ↳ Status 200
2026-08-07 01:51:11,451 | INFO |    ✓ Found 8 movies
2026-08-07 01:51:11,451 | INFO | [1073/1901] Fetching Manendragarh (MANE)
2026-08-07 01:51:12,044 | INFO |    ↳ Status 200
2026-08-07 01:51:12,044 | INFO |    ✓ Found 8 movies
2026-08-07 01:51:12,044 | INFO | [1074/1901] Fetching Mangalagiri (MGLR)
2026-08-07 01:51:12,915 | INFO |    ↳ Status 200
2026-08-07 01:51:12,915 | INFO |    ✓ Found 7 movies
2026-08-07 01:51:12,916 | INFO | [1075/1901] Fetching Mangaldoi (MANG)
2026-08-07 01:51:13,276 | INFO |    ↳ Status 403
2026-08-07 01:51:13,276 | WARNING |    ⚠ Blocked (403) retry 3
2026-08-07 01:51:13,330 | INFO | [1076/1901] Fetching Mangaluru (Mangalore) (MLR)
2026-08-07 01:51:13,348 | INFO | 🌐 Session warmed
2026-08-07 01:51:13,588 | INFO |    ↳ Status 200
2026-08-07 01:51:13,588 | INFO |    ✓ Found 8 movies
2026-08-07 01:51:13,588 | INFO | [1077/1901] Fetching Mangalwedha (MNGW)
2026-08-07 01:51:14,150 | INFO |    ↳ Status 403
2026-08-07 01:51:14,151 | WARNING |    ⚠ Blocked (403) retry 1
2026-08-07 01:51:14,218 | INFO |    ↳ Status 200
2026-08-07 01:51:14,218 | INFO |    ✓ Found 7 movies
2026-08-07 01:51:14,218 | INFO | [1078/1901] Fetching Mangar (MNGR)
2026-08-07 01:51:14,221 | INFO | 🌐 Session warmed
2026-08-07 01:51:14,700 | INFO |    ↳ Status 200
2026-08-07 01:51:14,700 | INFO |    ✓ Found 8 movies
2026-08-07 01:51:14,700 | INFO | [1079/1901] Fetching Manikonda (AP) (MNAP)
2026-08-07 01:51:15,322 | INFO |    ↳ Status 200
2026-08-07 01:51:15,322 | INFO |    ✓ Found 7 movies
2026-08-07 01:51:15,322 | INFO | [1080/1901] Fetching Manipal (MANI)
2026-08-07 01:51:15,998 | INFO |    ↳ Status 403
2026-08-07 01:51:15,998 | WARNING |    ⚠ Blocked (403) retry 2
2026-08-07 01:51:16,082 | INFO | 🌐 Session warmed
2026-08-07 01:51:16,293 | INFO |    ↳ Status 200
2026-08-07 01:51:16,293 | INFO |    ✓ Found 8 movies
2026-08-07 01:51:16,293 | INFO | [1081/1901] Fetching Manjeri (MAJR)
2026-08-07 01:51:16,972 | INFO |    ↳ Status 200
2026-08-07 01:51:16,972 | INFO |    ✓ Found 8 movies
2026-08-07 01:51:16,973 | INFO | [1082/1901] Fetching Manmad (MNMD)
2026-08-07 01:51:17,348 | INFO | [1083/1901] Fetching Mannargudi (MANB)
2026-08-07 01:51:17,949 | INFO |    ↳ Status 200
2026-08-07 01:51:17,949 | INFO |    ✓ Found 8 movies
2026-08-07 01:51:17,949 | INFO | [1084/1901] Fetching Mannarkkad (MKKA)
2026-08-07 01:51:18,690 | INFO |    ↳ Status 403
2026-08-07 01:51:18,691 | WARNING |    ⚠ Blocked (403) retry 1
2026-08-07 01:51:18,765 | INFO | 🌐 Session warmed
2026-08-07 01:51:18,851 | INFO |    ↳ Status 200
2026-08-07 01:51:18,851 | INFO |    ✓ Found 8 movies
2026-08-07 01:51:18,852 | INFO | [1085/1901] Fetching Mannur (MANR)
2026-08-07 01:51:19,321 | INFO |    ↳ Status 403
2026-08-07 01:51:19,321 | WARNING |    ⚠ Blocked (403) retry 3
2026-08-07 01:51:19,388 | INFO | 🌐 Session warmed
2026-08-07 01:51:20,050 | INFO |    ↳ Status 200
2026-08-07 01:51:20,050 | INFO |    ✓ Found 8 movies
2026-08-07 01:51:20,050 | INFO | [1086/1901] Fetching Mansa (MNSA)
2026-08-07 01:51:20,318 | INFO |    ↳ Status 200
2026-08-07 01:51:20,318 | INFO |    ✓ Found 8 movies
2026-08-07 01:51:20,318 | INFO | [1087/1901] Fetching Manthani (MATY)
2026-08-07 01:51:20,471 | INFO |    ↳ Status 403
2026-08-07 01:51:20,471 | WARNING |    ⚠ Blocked (403) retry 2
2026-08-07 01:51:20,544 | INFO | 🌐 Session warmed
2026-08-07 01:51:21,423 | INFO |    ↳ Status 200
2026-08-07 01:51:21,423 | INFO |    ✓ Found 8 movies
2026-08-07 01:51:21,424 | INFO | [1088/1901] Fetching Manuguru (MNGU)
2026-08-07 01:51:22,286 | INFO |    ↳ Status 200
2026-08-07 01:51:22,287 | INFO |    ✓ Found 6 movies
2026-08-07 01:51:22,287 | INFO | [1089/1901] Fetching Manvi (MLAK)
2026-08-07 01:51:22,829 | INFO |    ↳ Status 200
2026-08-07 01:51:22,829 | INFO |    ✓ Found 8 movies
2026-08-07 01:51:22,829 | INFO | [1090/1901] Fetching Maraimalai Nagar (MMNR)
2026-08-07 01:51:23,388 | INFO | [1091/1901] Fetching Marayur (MAYR)
2026-08-07 01:51:23,920 | INFO |    ↳ Status 403
2026-08-07 01:51:23,920 | WARNING |    ⚠ Blocked (403) retry 3
2026-08-07 01:51:23,970 | INFO |    ↳ Status 200
2026-08-07 01:51:23,970 | INFO |    ✓ Found 8 movies
2026-08-07 01:51:23,970 | INFO | [1092/1901] Fetching Margao (MARG)
2026-08-07 01:51:23,985 | INFO | 🌐 Session warmed
2026-08-07 01:51:24,271 | INFO |    ↳ Status 200
2026-08-07 01:51:24,271 | INFO |    ✓ Found 8 movies
2026-08-07 01:51:24,272 | INFO | [1093/1901] Fetching Margherita (MARH)
2026-08-07 01:51:24,620 | INFO |    ↳ Status 403
2026-08-07 01:51:24,620 | WARNING |    ⚠ Blocked (403) retry 1
2026-08-07 01:51:24,696 | INFO | 🌐 Session warmed
2026-08-07 01:51:25,402 | INFO |    ↳ Status 200
2026-08-07 01:51:25,402 | INFO |    ✓ Found 5 movies
2026-08-07 01:51:25,402 | INFO | [1094/1901] Fetching Markapur (MARK)
2026-08-07 01:51:25,879 | INFO |    ↳ Status 200
2026-08-07 01:51:25,879 | INFO |    ✓ Found 7 movies
2026-08-07 01:51:25,879 | INFO | [1095/1901] Fetching Marpalle (MRPL)
2026-08-07 01:51:26,359 | INFO |    ↳ Status 403
2026-08-07 01:51:26,359 | WARNING |    ⚠ Blocked (403) retry 2
2026-08-07 01:51:26,435 | INFO | 🌐 Session warmed
2026-08-07 01:51:26,848 | INFO |    ↳ Status 200
2026-08-07 01:51:26,848 | INFO |    ✓ Found 8 movies
2026-08-07 01:51:26,848 | INFO | [1096/1901] Fetching Marripeda (MARR)
2026-08-07 01:51:27,139 | INFO |    ↳ Status 200
2026-08-07 01:51:27,139 | INFO |    ✓ Found 8 movies
2026-08-07 01:51:27,139 | INFO | [1097/1901] Fetching Marthandam (MRDM)
2026-08-07 01:51:27,985 | INFO | [1098/1901] Fetching Martur (MART)
2026-08-07 01:51:28,114 | INFO |    ↳ Status 200
2026-08-07 01:51:28,115 | INFO |    ✓ Found 8 movies
2026-08-07 01:51:28,115 | INFO | [1099/1901] Fetching Maslandapur (MASL)
2026-08-07 01:51:28,723 | INFO |    ↳ Status 403
2026-08-07 01:51:28,723 | WARNING |    ⚠ Blocked (403) retry 1
2026-08-07 01:51:28,788 | INFO | 🌐 Session warmed
2026-08-07 01:51:28,889 | INFO |    ↳ Status 200
2026-08-07 01:51:28,889 | INFO |    ✓ Found 8 movies
2026-08-07 01:51:28,889 | INFO | [1100/1901] Fetching Math Chandipur (MPUR)
2026-08-07 01:51:29,048 | INFO |    ↳ Status 200
2026-08-07 01:51:29,049 | INFO |    ✓ Found 8 movies
2026-08-07 01:51:29,049 | INFO | [1101/1901] Fetching Mathabhanga (MABH)
2026-08-07 01:51:29,354 | INFO |    ↳ Status 403
2026-08-07 01:51:29,354 | WARNING |    ⚠ Blocked (403) retry 3
2026-08-07 01:51:29,425 | INFO | 🌐 Session warmed
2026-08-07 01:51:30,420 | INFO |    ↳ Status 200
2026-08-07 01:51:30,420 | INFO |    ✓ Found 7 movies
2026-08-07 01:51:30,420 | INFO | [1102/1901] Fetching Mathura (MATH)
2026-08-07 01:51:30,561 | INFO |    ↳ Status 200
2026-08-07 01:51:30,561 | INFO |    ✓ Found 7 movies
2026-08-07 01:51:30,561 | INFO | [1103/1901] Fetching Mattannur (MATT)
2026-08-07 01:51:31,144 | INFO |    ↳ Status 403
2026-08-07 01:51:31,144 | WARNING |    ⚠ Blocked (403) retry 2
2026-08-07 01:51:31,215 | INFO | 🌐 Session warmed
2026-08-07 01:51:31,869 | INFO |    ↳ Status 200
2026-08-07 01:51:31,870 | INFO |    ✓ Found 8 movies
2026-08-07 01:51:31,870 | INFO | [1104/1901] Fetching Mau (MAAU)
2026-08-07 01:51:32,581 | INFO |    ↳ Status 200
2026-08-07 01:51:32,581 | INFO |    ✓ Found 8 movies
2026-08-07 01:51:32,581 | INFO | [1105/1901] Fetching Mavelikkara (MVLR)
2026-08-07 01:51:33,314 | INFO |    ↳ Status 200
2026-08-07 01:51:33,314 | INFO |    ✓ Found 8 movies
2026-08-07 01:51:33,314 | INFO | [1106/1901] Fetching Mayannur (MAYA)
2026-08-07 01:51:33,426 | INFO | [1107/1901] Fetching Mayiladuthurai (MAYI)
2026-08-07 01:51:33,865 | INFO |    ↳ Status 200
2026-08-07 01:51:33,865 | INFO |    ✓ Found 8 movies
2026-08-07 01:51:33,865 | INFO | [1108/1901] Fetching Medak (MDAK)
2026-08-07 01:51:34,019 | INFO |    ↳ Status 403
2026-08-07 01:51:34,019 | WARNING |    ⚠ Blocked (403) retry 3
2026-08-07 01:51:34,086 | INFO | 🌐 Session warmed
2026-08-07 01:51:34,240 | INFO |    ↳ Status 200
2026-08-07 01:51:34,240 | INFO |    ✓ Found 8 movies
2026-08-07 01:51:34,240 | INFO | [1109/1901] Fetching Medarametla (MDRM)
2026-08-07 01:51:34,548 | INFO |    ↳ Status 403
2026-08-07 01:51:34,548 | WARNING |    ⚠ Blocked (403) retry 1
2026-08-07 01:51:34,613 | INFO | 🌐 Session warmed
2026-08-07 01:51:35,316 | INFO |    ↳ Status 200
2026-08-07 01:51:35,316 | INFO |    ✓ Found 8 movies
2026-08-07 01:51:35,316 | INFO | [1110/1901] Fetching Medchal (MDCH)
2026-08-07 01:51:35,577 | INFO |    ↳ Status 200
2026-08-07 01:51:35,577 | INFO |    ✓ Found 8 movies
2026-08-07 01:51:35,577 | INFO | [1111/1901] Fetching Medininagar (FFF)
2026-08-07 01:51:36,714 | INFO |    ↳ Status 200
2026-08-07 01:51:36,714 | INFO |    ✓ Found 0 movies
2026-08-07 01:51:36,715 | INFO | [1112/1901] Fetching Meerut (MERT)
2026-08-07 01:51:36,960 | INFO |    ↳ Status 403
2026-08-07 01:51:36,960 | WARNING |    ⚠ Blocked (403) retry 2
2026-08-07 01:51:37,029 | INFO | 🌐 Session warmed
2026-08-07 01:51:37,735 | INFO |    ↳ Status 200
2026-08-07 01:51:37,735 | INFO |    ✓ Found 8 movies
2026-08-07 01:51:37,735 | INFO | [1113/1901] Fetching Mehkar (MEHK)
2026-08-07 01:51:38,087 | INFO | [1114/1901] Fetching Mehsana (MEHS)
2026-08-07 01:51:39,023 | INFO |    ↳ Status 403
2026-08-07 01:51:39,023 | WARNING |    ⚠ Blocked (403) retry 1
2026-08-07 01:51:39,086 | INFO |    ↳ Status 200
2026-08-07 01:51:39,086 | INFO |    ✓ Found 8 movies
2026-08-07 01:51:39,086 | INFO | [1115/1901] Fetching Melattur (MELA)
2026-08-07 01:51:39,095 | INFO | 🌐 Session warmed
2026-08-07 01:51:39,198 | INFO |    ↳ Status 200
2026-08-07 01:51:39,198 | INFO |    ✓ Found 8 movies
2026-08-07 01:51:39,198 | INFO | [1116/1901] Fetching Melli (MELL)
2026-08-07 01:51:40,067 | INFO |    ↳ Status 403
2026-08-07 01:51:40,067 | WARNING |    ⚠ Blocked (403) retry 3
2026-08-07 01:51:40,134 | INFO | 🌐 Session warmed
2026-08-07 01:51:40,399 | INFO |    ↳ Status 200
2026-08-07 01:51:40,399 | INFO |    ✓ Found 8 movies
2026-08-07 01:51:40,399 | INFO | [1117/1901] Fetching Memari (MMRR)
2026-08-07 01:51:40,445 | INFO |    ↳ Status 200
2026-08-07 01:51:40,445 | INFO |    ✓ Found 8 movies
2026-08-07 01:51:40,445 | INFO | [1118/1901] Fetching Metpally (METT)
2026-08-07 01:51:41,104 | INFO |    ↳ Status 403
2026-08-07 01:51:41,104 | WARNING |    ⚠ Blocked (403) retry 2
2026-08-07 01:51:41,173 | INFO | 🌐 Session warmed
2026-08-07 01:51:42,057 | INFO |    ↳ Status 200
2026-08-07 01:51:42,057 | INFO |    ✓ Found 8 movies
2026-08-07 01:51:42,057 | INFO | [1119/1901] Fetching Mettuppalayam (MTPM)
2026-08-07 01:51:42,133 | INFO |    ↳ Status 200
2026-08-07 01:51:42,133 | INFO |    ✓ Found 7 movies
2026-08-07 01:51:42,133 | INFO | [1120/1901] Fetching Mettur (METZ)
2026-08-07 01:51:43,372 | INFO |    ↳ Status 200
2026-08-07 01:51:43,373 | INFO |    ✓ Found 8 movies
2026-08-07 01:51:43,373 | INFO | [1121/1901] Fetching Mhow (MHOW)
2026-08-07 01:51:43,609 | INFO |    ↳ Status 200
2026-08-07 01:51:43,609 | INFO |    ✓ Found 8 movies
2026-08-07 01:51:43,609 | INFO | [1122/1901] Fetching Midnapore (MDIP)
2026-08-07 01:51:44,134 | INFO | [1123/1901] Fetching Miraj (MIRJ)
2026-08-07 01:51:44,165 | INFO |    ↳ Status 403
2026-08-07 01:51:44,165 | WARNING |    ⚠ Blocked (403) retry 3
2026-08-07 01:51:44,231 | INFO | 🌐 Session warmed
2026-08-07 01:51:45,037 | INFO |    ↳ Status 200
2026-08-07 01:51:45,037 | INFO |    ✓ Found 0 movies
2026-08-07 01:51:45,037 | INFO | [1124/1901] Fetching Mirganj (MRGJ)
2026-08-07 01:51:45,444 | INFO |    ↳ Status 403
2026-08-07 01:51:45,444 | WARNING |    ⚠ Blocked (403) retry 1
2026-08-07 01:51:45,458 | INFO |    ↳ Status 200
2026-08-07 01:51:45,458 | INFO |    ✓ Found 8 movies
2026-08-07 01:51:45,458 | INFO | [1125/1901] Fetching Miryalaguda (MRGD)
2026-08-07 01:51:45,517 | INFO | 🌐 Session warmed
2026-08-07 01:51:46,467 | INFO |    ↳ Status 200
2026-08-07 01:51:46,467 | INFO |    ✓ Found 8 movies
2026-08-07 01:51:46,467 | INFO | [1126/1901] Fetching Mirzapur (MIZP)
2026-08-07 01:51:46,802 | INFO |    ↳ Status 200
2026-08-07 01:51:46,802 | INFO |    ✓ Found 8 movies
2026-08-07 01:51:46,802 | INFO | [1127/1901] Fetching Moga (MOGA)
2026-08-07 01:51:47,723 | INFO |    ↳ Status 200
2026-08-07 01:51:47,724 | INFO |    ✓ Found 6 movies
2026-08-07 01:51:47,724 | INFO | [1128/1901] Fetching Mohali (MOHL)
2026-08-07 01:51:47,749 | INFO |    ↳ Status 403
2026-08-07 01:51:47,749 | WARNING |    ⚠ Blocked (403) retry 2
2026-08-07 01:51:47,813 | INFO | 🌐 Session warmed
2026-08-07 01:51:48,231 | INFO | [1129/1901] Fetching Mokama (MOKA)
2026-08-07 01:51:48,642 | INFO |    ↳ Status 200
2026-08-07 01:51:48,642 | INFO |    ✓ Found 8 movies
2026-08-07 01:51:48,642 | INFO | [1130/1901] Fetching Molakalmuru (MOLA)
2026-08-07 01:51:48,891 | INFO |    ↳ Status 200
2026-08-07 01:51:48,891 | INFO |    ✓ Found 6 movies
2026-08-07 01:51:48,891 | INFO | [1131/1901] Fetching Mominpet (MOMT)
2026-08-07 01:51:49,351 | INFO |    ↳ Status 403
2026-08-07 01:51:49,351 | WARNING |    ⚠ Blocked (403) retry 1
2026-08-07 01:51:49,420 | INFO | 🌐 Session warmed
2026-08-07 01:51:49,907 | INFO |    ↳ Status 200
2026-08-07 01:51:49,907 | INFO |    ✓ Found 8 movies
2026-08-07 01:51:49,907 | INFO | [1132/1901] Fetching Moodbidri (MOOD)
2026-08-07 01:51:50,424 | INFO |    ↳ Status 200
2026-08-07 01:51:50,425 | INFO |    ✓ Found 8 movies
2026-08-07 01:51:50,425 | INFO | [1133/1901] Fetching Moradabad (MORA)
2026-08-07 01:51:51,227 | INFO |    ↳ Status 403
2026-08-07 01:51:51,227 | WARNING |    ⚠ Blocked (403) retry 3
2026-08-07 01:51:51,297 | INFO | 🌐 Session warmed
2026-08-07 01:51:51,344 | INFO |    ↳ Status 200
2026-08-07 01:51:51,345 | INFO |    ✓ Found 8 movies
2026-08-07 01:51:51,345 | INFO | [1134/1901] Fetching Moranhat (MORH)
2026-08-07 01:51:51,732 | INFO |    ↳ Status 403
2026-08-07 01:51:51,733 | WARNING |    ⚠ Blocked (403) retry 2
2026-08-07 01:51:51,807 | INFO | 🌐 Session warmed
2026-08-07 01:51:51,812 | INFO |    ↳ Status 200
2026-08-07 01:51:51,812 | INFO |    ✓ Found 8 movies
2026-08-07 01:51:51,812 | INFO | [1135/1901] Fetching Morbi (MOBI)
2026-08-07 01:51:52,765 | INFO |    ↳ Status 200
2026-08-07 01:51:52,765 | INFO |    ✓ Found 7 movies
2026-08-07 01:51:52,765 | INFO | [1136/1901] Fetching Morena (MRMP)
2026-08-07 01:51:52,986 | INFO |    ↳ Status 200
2026-08-07 01:51:52,987 | INFO |    ✓ Found 7 movies
2026-08-07 01:51:52,987 | INFO | [1137/1901] Fetching Morigaon (MRGO)
2026-08-07 01:51:54,195 | INFO |    ↳ Status 200
2026-08-07 01:51:54,195 | INFO |    ✓ Found 0 movies
2026-08-07 01:51:54,195 | INFO | [1138/1901] Fetching Morinda (MORI)
2026-08-07 01:51:54,233 | INFO |    ↳ Status 200
2026-08-07 01:51:54,234 | INFO |    ✓ Found 8 movies
2026-08-07 01:51:54,234 | INFO | [1139/1901] Fetching Mothkur (MTKR)
2026-08-07 01:51:54,970 | INFO |    ↳ Status 403
2026-08-07 01:51:54,970 | WARNING |    ⚠ Blocked (403) retry 3
2026-08-07 01:51:55,043 | INFO | 🌐 Session warmed
2026-08-07 01:51:55,174 | INFO |    ↳ Status 200
2026-08-07 01:51:55,175 | INFO |    ✓ Found 6 movies
2026-08-07 01:51:55,175 | INFO | [1140/1901] Fetching Motihari (MOTI)
2026-08-07 01:51:55,200 | INFO |    ↳ Status 200
2026-08-07 01:51:55,200 | INFO |    ✓ Found 0 movies
2026-08-07 01:51:55,200 | INFO | [1141/1901] Fetching Moyna (MAYN)
2026-08-07 01:51:55,298 | INFO | [1142/1901] Fetching Mudalagi (MUDG)
2026-08-07 01:51:56,253 | INFO |    ↳ Status 403
2026-08-07 01:51:56,253 | WARNING |    ⚠ Blocked (403) retry 1
2026-08-07 01:51:56,292 | INFO |    ↳ Status 200
2026-08-07 01:51:56,292 | INFO |    ✓ Found 7 movies
2026-08-07 01:51:56,292 | INFO | [1143/1901] Fetching Muddebihal (MUDD)
2026-08-07 01:51:56,322 | INFO | 🌐 Session warmed
2026-08-07 01:51:56,483 | INFO |    ↳ Status 200
2026-08-07 01:51:56,483 | INFO |    ✓ Found 7 movies
2026-08-07 01:51:56,483 | INFO | [1144/1901] Fetching Mudhol (MUDL)
2026-08-07 01:51:57,758 | INFO |    ↳ Status 200
2026-08-07 01:51:57,758 | INFO |    ✓ Found 8 movies
2026-08-07 01:51:57,758 | INFO | [1145/1901] Fetching Mudigere (MDGR)
2026-08-07 01:51:58,554 | INFO |    ↳ Status 403
2026-08-07 01:51:58,554 | WARNING |    ⚠ Blocked (403) retry 2
2026-08-07 01:51:58,596 | INFO |    ↳ Status 200
2026-08-07 01:51:58,596 | INFO |    ✓ Found 8 movies
2026-08-07 01:51:58,596 | INFO | [1146/1901] Fetching Mughalsarai (MGSI)
2026-08-07 01:51:58,621 | INFO | 🌐 Session warmed
2026-08-07 01:51:59,043 | INFO | [1147/1901] Fetching Mukerian (MUKE)
2026-08-07 01:51:59,364 | INFO |    ↳ Status 200
2026-08-07 01:51:59,364 | INFO |    ✓ Found 8 movies
2026-08-07 01:51:59,365 | INFO | [1148/1901] Fetching Mukkam (MUKM)
2026-08-07 01:52:00,063 | INFO |    ↳ Status 200
2026-08-07 01:52:00,063 | INFO |    ✓ Found 8 movies
2026-08-07 01:52:00,063 | INFO | [1149/1901] Fetching Muktsar (MKST)
2026-08-07 01:52:00,350 | INFO |    ↳ Status 403
2026-08-07 01:52:00,350 | WARNING |    ⚠ Blocked (403) retry 1
2026-08-07 01:52:00,431 | INFO | 🌐 Session warmed
2026-08-07 01:52:00,691 | INFO |    ↳ Status 200
2026-08-07 01:52:00,691 | INFO |    ✓ Found 8 movies
2026-08-07 01:52:00,692 | INFO | [1150/1901] Fetching Mulbagal (MULB)
2026-08-07 01:52:01,473 | INFO |    ↳ Status 200
2026-08-07 01:52:01,473 | INFO |    ✓ Found 6 movies
2026-08-07 01:52:01,473 | INFO | [1151/1901] Fetching Mulkanoor (MULK)
2026-08-07 01:52:01,711 | INFO |    ↳ Status 403
2026-08-07 01:52:01,711 | WARNING |    ⚠ Blocked (403) retry 3
2026-08-07 01:52:01,776 | INFO | 🌐 Session warmed
2026-08-07 01:52:02,310 | INFO |    ↳ Status 403
2026-08-07 01:52:02,310 | WARNING |    ⚠ Blocked (403) retry 2
2026-08-07 01:52:02,390 | INFO | 🌐 Session warmed
2026-08-07 01:52:02,640 | INFO |    ↳ Status 200
2026-08-07 01:52:02,640 | INFO |    ✓ Found 8 movies
2026-08-07 01:52:02,640 | INFO | [1152/1901] Fetching Mullanpur (MULL)
2026-08-07 01:52:03,078 | INFO |    ↳ Status 200
2026-08-07 01:52:03,079 | INFO |    ✓ Found 8 movies
2026-08-07 01:52:03,079 | INFO | [1153/1901] Fetching Mulleria (MULZ)
2026-08-07 01:52:03,935 | INFO |    ↳ Status 200
2026-08-07 01:52:03,935 | INFO |    ✓ Found 6 movies
2026-08-07 01:52:03,935 | INFO | [1154/1901] Fetching Mulugu (MULU)
2026-08-07 01:52:05,202 | INFO |    ↳ Status 403
2026-08-07 01:52:05,202 | WARNING |    ⚠ Blocked (403) retry 3
2026-08-07 01:52:05,271 | INFO | 🌐 Session warmed
2026-08-07 01:52:05,313 | INFO |    ↳ Status 200
2026-08-07 01:52:05,313 | INFO |    ✓ Found 0 movies
2026-08-07 01:52:05,313 | INFO | [1155/1901] Fetching Mulugu Ghanpur (GHNP)
2026-08-07 01:52:05,537 | INFO |    ↳ Status 200
2026-08-07 01:52:05,537 | INFO |    ✓ Found 8 movies
2026-08-07 01:52:05,537 | INFO | [1156/1901] Fetching Mummidivaram (MUMM)
2026-08-07 01:52:05,776 | INFO | [1157/1901] Fetching Mundakayam (MUAM)
2026-08-07 01:52:06,961 | INFO |    ↳ Status 403
2026-08-07 01:52:06,961 | WARNING |    ⚠ Blocked (403) retry 1
2026-08-07 01:52:06,998 | INFO |    ↳ Status 200
2026-08-07 01:52:06,998 | INFO |    ✓ Found 8 movies
2026-08-07 01:52:06,999 | INFO | [1158/1901] Fetching Mundargi (MNDR)
2026-08-07 01:52:07,029 | INFO | 🌐 Session warmed
2026-08-07 01:52:07,184 | INFO |    ↳ Status 200
2026-08-07 01:52:07,185 | INFO |    ✓ Found 8 movies
2026-08-07 01:52:07,185 | INFO | [1159/1901] Fetching Mundra (MUDA)
2026-08-07 01:52:08,137 | INFO |    ↳ Status 200
2026-08-07 01:52:08,137 | INFO |    ✓ Found 7 movies
2026-08-07 01:52:08,137 | INFO | [1160/1901] Fetching Mungra Badshahpur (BDPR)
2026-08-07 01:52:08,517 | INFO |    ↳ Status 200
2026-08-07 01:52:08,517 | INFO |    ✓ Found 8 movies
2026-08-07 01:52:08,517 | INFO | [1161/1901] Fetching Muniguda (MUNI)
2026-08-07 01:52:09,130 | INFO |    ↳ Status 403
2026-08-07 01:52:09,130 | WARNING |    ⚠ Blocked (403) retry 2
2026-08-07 01:52:09,203 | INFO | 🌐 Session warmed
2026-08-07 01:52:09,272 | INFO | [1162/1901] Fetching Muradnagar (MRDG)
2026-08-07 01:52:09,411 | INFO |    ↳ Status 200
2026-08-07 01:52:09,411 | INFO |    ✓ Found 8 movies
2026-08-07 01:52:09,411 | INFO | [1163/1901] Fetching Murshidabad (MURS)
2026-08-07 01:52:09,926 | INFO |    ↳ Status 200
2026-08-07 01:52:09,926 | INFO |    ✓ Found 8 movies
2026-08-07 01:52:09,926 | INFO | [1164/1901] Fetching Murtizapur (MUUR)
2026-08-07 01:52:10,289 | INFO |    ↳ Status 403
2026-08-07 01:52:10,289 | WARNING |    ⚠ Blocked (403) retry 1
2026-08-07 01:52:10,356 | INFO | 🌐 Session warmed
2026-08-07 01:52:10,876 | INFO |    ↳ Status 200
2026-08-07 01:52:10,876 | INFO |    ✓ Found 7 movies
2026-08-07 01:52:10,876 | INFO | [1165/1901] Fetching Musiri (MUSI)
2026-08-07 01:52:11,119 | INFO |    ↳ Status 200
2026-08-07 01:52:11,119 | INFO |    ✓ Found 8 movies
2026-08-07 01:52:11,119 | INFO | [1166/1901] Fetching Mussoorie (MSS)
2026-08-07 01:52:12,141 | INFO |    ↳ Status 403
2026-08-07 01:52:12,141 | WARNING |    ⚠ Blocked (403) retry 3
2026-08-07 01:52:12,226 | INFO | 🌐 Session warmed
2026-08-07 01:52:12,507 | INFO |    ↳ Status 200
2026-08-07 01:52:12,507 | INFO |    ✓ Found 8 movies
2026-08-07 01:52:12,507 | INFO | [1167/1901] Fetching Muvattupuzha (MUVA)
2026-08-07 01:52:12,752 | INFO |    ↳ Status 403
2026-08-07 01:52:12,752 | WARNING |    ⚠ Blocked (403) retry 2
2026-08-07 01:52:12,821 | INFO |    ↳ Status 200
2026-08-07 01:52:12,821 | INFO |    ✓ Found 8 movies
2026-08-07 01:52:12,821 | INFO | [1168/1901] Fetching Muzaffarnagar (MUZ)
2026-08-07 01:52:12,823 | INFO | 🌐 Session warmed
2026-08-07 01:52:13,795 | INFO |    ↳ Status 200
2026-08-07 01:52:13,795 | INFO |    ✓ Found 8 movies
2026-08-07 01:52:13,795 | INFO | [1169/1901] Fetching Muzaffarpur (MUZA)
2026-08-07 01:52:14,282 | INFO |    ↳ Status 200
2026-08-07 01:52:14,283 | INFO |    ✓ Found 8 movies
2026-08-07 01:52:14,283 | INFO | [1170/1901] Fetching Mydukur (MYDU)
2026-08-07 01:52:14,886 | INFO |    ↳ Status 200
2026-08-07 01:52:14,886 | INFO |    ✓ Found 7 movies
2026-08-07 01:52:14,886 | INFO | [1171/1901] Fetching Mylavaram (MYLA)
2026-08-07 01:52:15,493 | INFO |    ↳ Status 403
2026-08-07 01:52:15,493 | WARNING |    ⚠ Blocked (403) retry 3
2026-08-07 01:52:15,501 | INFO |    ↳ Status 200
2026-08-07 01:52:15,501 | INFO |    ✓ Found 8 movies
2026-08-07 01:52:15,501 | INFO | [1172/1901] Fetching Mysuru (Mysore) (MYS)
2026-08-07 01:52:15,568 | INFO | 🌐 Session warmed
2026-08-07 01:52:16,226 | INFO | [1173/1901] Fetching Nabadwip (NABB)
2026-08-07 01:52:16,348 | INFO |    ↳ Status 200
2026-08-07 01:52:16,348 | INFO |    ✓ Found 8 movies
2026-08-07 01:52:16,348 | INFO | [1174/1901] Fetching Nabarangpur (NAGU)
2026-08-07 01:52:17,077 | INFO |    ↳ Status 200
2026-08-07 01:52:17,078 | INFO |    ✓ Found 8 movies
2026-08-07 01:52:17,078 | INFO | [1175/1901] Fetching Nabha (NABH)
2026-08-07 01:52:17,567 | INFO |    ↳ Status 403
2026-08-07 01:52:17,567 | WARNING |    ⚠ Blocked (403) retry 1
2026-08-07 01:52:17,644 | INFO | 🌐 Session warmed
2026-08-07 01:52:17,882 | INFO |    ↳ Status 200
2026-08-07 01:52:17,882 | INFO |    ✓ Found 0 movies
2026-08-07 01:52:17,882 | INFO | [1176/1901] Fetching Nadia (NDWB)
2026-08-07 01:52:18,682 | INFO |    ↳ Status 200
2026-08-07 01:52:18,682 | INFO |    ✓ Found 6 movies
2026-08-07 01:52:18,682 | INFO | [1177/1901] Fetching Nadiad (NADI)
2026-08-07 01:52:19,264 | INFO |    ↳ Status 200
2026-08-07 01:52:19,265 | INFO |    ✓ Found 7 movies
2026-08-07 01:52:19,265 | INFO | [1178/1901] Fetching Nagamangala (NAGA)
2026-08-07 01:52:19,312 | INFO |    ↳ Status 403
2026-08-07 01:52:19,312 | WARNING |    ⚠ Blocked (403) retry 2
2026-08-07 01:52:19,385 | INFO | 🌐 Session warmed
2026-08-07 01:52:19,569 | INFO | [1179/1901] Fetching Nagaon (NAAM)
2026-08-07 01:52:20,282 | INFO |    ↳ Status 403
2026-08-07 01:52:20,282 | WARNING |    ⚠ Blocked (403) retry 1
2026-08-07 01:52:20,308 | INFO |    ↳ Status 200
2026-08-07 01:52:20,308 | INFO |    ✓ Found 7 movies
2026-08-07 01:52:20,308 | INFO | [1180/1901] Fetching Nagapattinam (NGPT)
2026-08-07 01:52:20,348 | INFO | 🌐 Session warmed
2026-08-07 01:52:20,481 | INFO |    ↳ Status 200
2026-08-07 01:52:20,481 | INFO |    ✓ Found 8 movies
2026-08-07 01:52:20,481 | INFO | [1181/1901] Fetching Nagari (NAGI)
2026-08-07 01:52:21,875 | INFO |    ↳ Status 200
2026-08-07 01:52:21,875 | INFO |    ✓ Found 8 movies
2026-08-07 01:52:21,875 | INFO | [1182/1901] Fetching Nagarkurnool (NGKL)
2026-08-07 01:52:21,965 | INFO |    ↳ Status 200
2026-08-07 01:52:21,965 | INFO |    ✓ Found 8 movies
2026-08-07 01:52:21,966 | INFO | [1183/1901] Fetching Nagaur (NAGR)
2026-08-07 01:52:22,150 | INFO |    ↳ Status 403
2026-08-07 01:52:22,150 | WARNING |    ⚠ Blocked (403) retry 2
2026-08-07 01:52:22,221 | INFO | 🌐 Session warmed
2026-08-07 01:52:22,496 | INFO |    ↳ Status 403
2026-08-07 01:52:22,496 | WARNING |    ⚠ Blocked (403) retry 3
2026-08-07 01:52:22,561 | INFO | 🌐 Session warmed
2026-08-07 01:52:23,552 | INFO |    ↳ Status 200
2026-08-07 01:52:23,552 | INFO |    ✓ Found 7 movies
2026-08-07 01:52:23,552 | INFO | [1184/1901] Fetching Nagayalanka (NYLK)
2026-08-07 01:52:23,891 | INFO |    ↳ Status 200
2026-08-07 01:52:23,891 | INFO |    ✓ Found 8 movies
2026-08-07 01:52:23,891 | INFO | [1185/1901] Fetching Nagda (NAGD)
2026-08-07 01:52:24,778 | INFO |    ↳ Status 200
2026-08-07 01:52:24,778 | INFO |    ✓ Found 8 movies
2026-08-07 01:52:24,778 | INFO | [1186/1901] Fetching Nagercoil (NAGE)
2026-08-07 01:52:25,276 | INFO |    ↳ Status 200
2026-08-07 01:52:25,276 | INFO |    ✓ Found 8 movies
2026-08-07 01:52:25,276 | INFO | [1187/1901] Fetching Nagothane (NAGO)
2026-08-07 01:52:25,364 | INFO |    ↳ Status 403
2026-08-07 01:52:25,364 | WARNING |    ⚠ Blocked (403) retry 3
2026-08-07 01:52:25,429 | INFO | 🌐 Session warmed
2026-08-07 01:52:26,304 | INFO |    ↳ Status 200
2026-08-07 01:52:26,304 | INFO |    ✓ Found 8 movies
2026-08-07 01:52:26,304 | INFO | [1188/1901] Fetching Nagpur (NAGP)
2026-08-07 01:52:26,460 | INFO |    ↳ Status 200
2026-08-07 01:52:26,461 | INFO |    ✓ Found 8 movies
2026-08-07 01:52:26,461 | INFO | [1189/1901] Fetching Naharlagun (NAHA)
2026-08-07 01:52:26,562 | INFO | [1190/1901] Fetching Naidupeta (NDPT)
2026-08-07 01:52:27,492 | INFO |    ↳ Status 200
2026-08-07 01:52:27,493 | INFO |    ✓ Found 8 movies
2026-08-07 01:52:27,493 | INFO | [1191/1901] Fetching Naihati (NHTA)
2026-08-07 01:52:27,733 | INFO |    ↳ Status 200
2026-08-07 01:52:27,733 | INFO |    ✓ Found 8 movies
2026-08-07 01:52:27,733 | INFO | [1192/1901] Fetching Nainital (NAIN)
2026-08-07 01:52:27,855 | INFO |    ↳ Status 403
2026-08-07 01:52:27,855 | WARNING |    ⚠ Blocked (403) retry 1
2026-08-07 01:52:27,929 | INFO | 🌐 Session warmed
2026-08-07 01:52:28,746 | INFO |    ↳ Status 200
2026-08-07 01:52:28,746 | INFO |    ✓ Found 8 movies
2026-08-07 01:52:28,746 | INFO | [1193/1901] Fetching Najafgarh (NAJA)
2026-08-07 01:52:29,180 | INFO |    ↳ Status 200
2026-08-07 01:52:29,180 | INFO |    ✓ Found 7 movies
2026-08-07 01:52:29,181 | INFO | [1194/1901] Fetching Najibabad (NAJI)
2026-08-07 01:52:29,429 | INFO | [1195/1901] Fetching Nakhatrana (NKHT)
2026-08-07 01:52:29,677 | INFO |    ↳ Status 403
2026-08-07 01:52:29,677 | WARNING |    ⚠ Blocked (403) retry 2
2026-08-07 01:52:30,088 | INFO | 🌐 Session warmed
2026-08-07 01:52:30,169 | INFO |    ↳ Status 403
2026-08-07 01:52:30,169 | WARNING |    ⚠ Blocked (403) retry 1
2026-08-07 01:52:30,249 | INFO | 🌐 Session warmed
2026-08-07 01:52:30,292 | INFO |    ↳ Status 200
2026-08-07 01:52:30,293 | INFO |    ✓ Found 8 movies
2026-08-07 01:52:30,293 | INFO | [1196/1901] Fetching Nakodar (NAKO)
2026-08-07 01:52:30,852 | INFO |    ↳ Status 200
2026-08-07 01:52:30,852 | INFO |    ✓ Found 8 movies
2026-08-07 01:52:30,852 | INFO | [1197/1901] Fetching Nakrekal (NKRL)
2026-08-07 01:52:31,894 | INFO |    ↳ Status 200
2026-08-07 01:52:31,894 | INFO |    ✓ Found 6 movies
2026-08-07 01:52:31,895 | INFO | [1198/1901] Fetching Nalbari (NALB)
2026-08-07 01:52:31,898 | INFO |    ↳ Status 403
2026-08-07 01:52:31,898 | WARNING |    ⚠ Blocked (403) retry 2
2026-08-07 01:52:31,964 | INFO | 🌐 Session warmed
2026-08-07 01:52:32,231 | INFO |    ↳ Status 200
2026-08-07 01:52:32,231 | INFO |    ✓ Found 8 movies
2026-08-07 01:52:32,231 | INFO | [1199/1901] Fetching Nalgonda (NALK)
2026-08-07 01:52:32,836 | INFO |    ↳ Status 200
2026-08-07 01:52:32,836 | INFO |    ✓ Found 0 movies
2026-08-07 01:52:32,836 | INFO | [1200/1901] Fetching Nallajerla (NALJ)
2026-08-07 01:52:33,332 | INFO |    ↳ Status 200
2026-08-07 01:52:33,332 | INFO |    ✓ Found 8 movies
2026-08-07 01:52:33,332 | INFO | [1201/1901] Fetching Namakkal (NMKL)
2026-08-07 01:52:34,040 | INFO |    ↳ Status 200
2026-08-07 01:52:34,040 | INFO |    ✓ Found 8 movies
2026-08-07 01:52:34,040 | INFO | [1202/1901] Fetching Namchi (NAMI)
2026-08-07 01:52:34,472 | INFO |    ↳ Status 200
2026-08-07 01:52:34,472 | INFO |    ✓ Found 8 movies
2026-08-07 01:52:34,472 | INFO | [1203/1901] Fetching Namkhana (RAMS)
2026-08-07 01:52:34,763 | INFO |    ↳ Status 403
2026-08-07 01:52:34,764 | WARNING |    ⚠ Blocked (403) retry 3
2026-08-07 01:52:34,837 | INFO | 🌐 Session warmed
2026-08-07 01:52:34,926 | INFO |    ↳ Status 200
2026-08-07 01:52:34,926 | INFO |    ✓ Found 8 movies
2026-08-07 01:52:34,926 | INFO | [1204/1901] Fetching Namsai (NAMS)
2026-08-07 01:52:35,214 | INFO |    ↳ Status 200
2026-08-07 01:52:35,214 | INFO |    ✓ Found 3 movies
2026-08-07 01:52:35,214 | INFO | [1205/1901] Fetching Nandakumar (NAKM)
2026-08-07 01:52:35,715 | INFO |    ↳ Status 200
2026-08-07 01:52:35,715 | INFO |    ✓ Found 7 movies
2026-08-07 01:52:35,715 | INFO | [1206/1901] Fetching Nanded (NAND)
2026-08-07 01:52:36,103 | INFO |    ↳ Status 200
2026-08-07 01:52:36,103 | INFO |    ✓ Found 8 movies
2026-08-07 01:52:36,103 | INFO | [1207/1901] Fetching Nandigama (NDGM)
2026-08-07 01:52:36,855 | INFO |    ↳ Status 200
2026-08-07 01:52:36,855 | INFO |    ✓ Found 7 movies
2026-08-07 01:52:36,855 | INFO | [1208/1901] Fetching Nandikotkur (NDKT)
2026-08-07 01:52:37,487 | INFO |    ↳ Status 200
2026-08-07 01:52:37,487 | INFO |    ✓ Found 8 movies
2026-08-07 01:52:37,487 | INFO | [1209/1901] Fetching Nandipet (NANZ)
2026-08-07 01:52:37,745 | INFO |    ↳ Status 200
2026-08-07 01:52:37,745 | INFO |    ✓ Found 8 movies
2026-08-07 01:52:37,745 | INFO | [1210/1901] Fetching Nandurbar (NDNB)
2026-08-07 01:52:37,950 | INFO |    ↳ Status 200
2026-08-07 01:52:37,950 | INFO |    ✓ Found 8 movies
2026-08-07 01:52:37,950 | INFO | [1211/1901] Fetching Nandyal (NADY)
2026-08-07 01:52:38,768 | INFO |    ↳ Status 200
2026-08-07 01:52:38,768 | INFO |    ✓ Found 8 movies
2026-08-07 01:52:38,769 | INFO | [1212/1901] Fetching Nanjanagudu (NJGU)
2026-08-07 01:52:38,838 | INFO | [1213/1901] Fetching Nanpara (NANP)
2026-08-07 01:52:38,994 | INFO |    ↳ Status 200
2026-08-07 01:52:38,994 | INFO |    ✓ Found 8 movies
2026-08-07 01:52:38,995 | INFO | [1214/1901] Fetching Narasannapeta (NRPT)
2026-08-07 01:52:39,375 | INFO |    ↳ Status 200
2026-08-07 01:52:39,375 | INFO |    ✓ Found 8 movies
2026-08-07 01:52:39,375 | INFO | [1215/1901] Fetching Narayankhed (NARY)
2026-08-07 01:52:39,959 | INFO |    ↳ Status 200
2026-08-07 01:52:39,959 | INFO |    ✓ Found 8 movies
2026-08-07 01:52:39,959 | INFO | [1216/1901] Fetching Narayanpet (NRYN)
2026-08-07 01:52:39,981 | INFO |    ↳ Status 403
2026-08-07 01:52:39,981 | WARNING |    ⚠ Blocked (403) retry 1
2026-08-07 01:52:40,036 | INFO |    ↳ Status 200
2026-08-07 01:52:40,036 | INFO |    ✓ Found 8 movies
2026-08-07 01:52:40,037 | INFO | [1217/1901] Fetching Narayanpur (NRYA)
2026-08-07 01:52:40,055 | INFO | 🌐 Session warmed
2026-08-07 01:52:40,979 | INFO |    ↳ Status 200
2026-08-07 01:52:40,979 | INFO |    ✓ Found 8 movies
2026-08-07 01:52:40,979 | INFO | [1218/1901] Fetching Narayanpur (Assam) (NSAZ)
2026-08-07 01:52:41,410 | INFO |    ↳ Status 200
2026-08-07 01:52:41,410 | INFO |    ✓ Found 8 movies
2026-08-07 01:52:41,410 | INFO | [1219/1901] Fetching Narayanpur (CH) (NRYA)
2026-08-07 01:52:41,738 | INFO |    ↳ Status 200
2026-08-07 01:52:41,738 | INFO |    ✓ Found 7 movies
2026-08-07 01:52:41,738 | INFO | [1220/1901] Fetching Nargund (NRGD)
2026-08-07 01:52:41,899 | INFO |    ↳ Status 403
2026-08-07 01:52:41,899 | WARNING |    ⚠ Blocked (403) retry 2
2026-08-07 01:52:41,964 | INFO | 🌐 Session warmed
2026-08-07 01:52:42,108 | INFO |    ↳ Status 200
2026-08-07 01:52:42,108 | INFO |    ✓ Found 8 movies
2026-08-07 01:52:42,108 | INFO | [1221/1901] Fetching Narnaul (NARN)
2026-08-07 01:52:42,545 | INFO |    ↳ Status 200
2026-08-07 01:52:42,545 | INFO |    ✓ Found 7 movies
2026-08-07 01:52:42,545 | INFO | [1222/1901] Fetching Narsampet (NASP)
2026-08-07 01:52:42,872 | INFO |    ↳ Status 200
2026-08-07 01:52:42,873 | INFO |    ✓ Found 8 movies
2026-08-07 01:52:42,873 | INFO | [1223/1901] Fetching Narsapur (NARP)
2026-08-07 01:52:43,621 | INFO |    ↳ Status 200
2026-08-07 01:52:43,621 | INFO |    ✓ Found 8 movies
2026-08-07 01:52:43,621 | INFO | [1224/1901] Fetching Narsapur (Medak) (NRPR)
2026-08-07 01:52:43,771 | INFO |    ↳ Status 200
2026-08-07 01:52:43,771 | INFO |    ✓ Found 7 movies
2026-08-07 01:52:43,771 | INFO | [1225/1901] Fetching Narsinghpur (NARR)
2026-08-07 01:52:43,865 | INFO |    ↳ Status 200
2026-08-07 01:52:43,865 | INFO |    ✓ Found 8 movies
2026-08-07 01:52:43,865 | INFO | [1226/1901] Fetching Narsipatnam (NARS)
2026-08-07 01:52:45,053 | INFO |    ↳ Status 200
2026-08-07 01:52:45,053 | INFO |    ✓ Found 8 movies
2026-08-07 01:52:45,054 | INFO | [1227/1901] Fetching Narwana (NARA)
2026-08-07 01:52:45,146 | INFO |    ↳ Status 200
2026-08-07 01:52:45,146 | INFO |    ✓ Found 8 movies
2026-08-07 01:52:45,147 | INFO | [1228/1901] Fetching Nashik (NASK)
2026-08-07 01:52:45,149 | INFO |    ↳ Status 403
2026-08-07 01:52:45,149 | WARNING |    ⚠ Blocked (403) retry 3
2026-08-07 01:52:45,221 | INFO | 🌐 Session warmed
2026-08-07 01:52:46,010 | INFO |    ↳ Status 200
2026-08-07 01:52:46,010 | INFO |    ✓ Found 8 movies
2026-08-07 01:52:46,010 | INFO | [1229/1901] Fetching Natham (NATH)
2026-08-07 01:52:46,144 | INFO |    ↳ Status 200
2026-08-07 01:52:46,144 | INFO |    ✓ Found 7 movies
2026-08-07 01:52:46,144 | INFO | [1230/1901] Fetching Nathdwara (NATW)
2026-08-07 01:52:46,923 | INFO |    ↳ Status 200
2026-08-07 01:52:46,924 | INFO |    ✓ Found 8 movies
2026-08-07 01:52:46,924 | INFO | [1231/1901] Fetching Nautanwa (NAUT)
2026-08-07 01:52:47,566 | INFO |    ↳ Status 200
2026-08-07 01:52:47,566 | INFO |    ✓ Found 7 movies
2026-08-07 01:52:47,566 | INFO | [1232/1901] Fetching Navsari (NVSR)
2026-08-07 01:52:48,055 | INFO |    ↳ Status 200
2026-08-07 01:52:48,055 | INFO |    ✓ Found 8 movies
2026-08-07 01:52:48,055 | INFO | [1233/1901] Fetching Nawada (NAWD)
2026-08-07 01:52:48,215 | INFO |    ↳ Status 200
2026-08-07 01:52:48,215 | INFO |    ✓ Found 8 movies
2026-08-07 01:52:48,215 | INFO | [1234/1901] Fetching Nawalgarh (NANA)
2026-08-07 01:52:48,786 | INFO |    ↳ Status 200
2026-08-07 01:52:48,786 | INFO |    ✓ Found 7 movies
2026-08-07 01:52:48,786 | INFO | [1235/1901] Fetching Nawanshahr (NAVN)
2026-08-07 01:52:49,221 | INFO | [1236/1901] Fetching Nawapara (NAWA)
2026-08-07 01:52:49,331 | INFO |    ↳ Status 200
2026-08-07 01:52:49,331 | INFO |    ✓ Found 7 movies
2026-08-07 01:52:49,331 | INFO | [1237/1901] Fetching Nayagarh (NAYG)
2026-08-07 01:52:49,934 | INFO |    ↳ Status 403
2026-08-07 01:52:49,934 | WARNING |    ⚠ Blocked (403) retry 1
2026-08-07 01:52:50,024 | INFO | 🌐 Session warmed
2026-08-07 01:52:50,186 | INFO |    ↳ Status 200
2026-08-07 01:52:50,186 | INFO |    ✓ Found 7 movies
2026-08-07 01:52:50,187 | INFO | [1238/1901] Fetching Nazira (NZRA)
2026-08-07 01:52:50,289 | INFO |    ↳ Status 200
2026-08-07 01:52:50,289 | INFO |    ✓ Found 6 movies
2026-08-07 01:52:50,289 | INFO | [1239/1901] Fetching Nazirpur (NAZR)
2026-08-07 01:52:51,099 | INFO |    ↳ Status 200
2026-08-07 01:52:51,099 | INFO |    ✓ Found 8 movies
2026-08-07 01:52:51,099 | INFO | [1240/1901] Fetching Nedumbassery (NEDM)
2026-08-07 01:52:51,728 | INFO |    ↳ Status 200
2026-08-07 01:52:51,728 | INFO |    ✓ Found 7 movies
2026-08-07 01:52:51,728 | INFO | [1241/1901] Fetching Nedumkandam (NEDU)
2026-08-07 01:52:51,808 | INFO |    ↳ Status 403
2026-08-07 01:52:51,808 | WARNING |    ⚠ Blocked (403) retry 2
2026-08-07 01:52:51,885 | INFO | 🌐 Session warmed
2026-08-07 01:52:52,714 | INFO |    ↳ Status 200
2026-08-07 01:52:52,714 | INFO |    ✓ Found 7 movies
2026-08-07 01:52:52,714 | INFO | [1242/1901] Fetching Neelapalli (NELP)
2026-08-07 01:52:53,468 | INFO |    ↳ Status 200
2026-08-07 01:52:53,468 | INFO |    ✓ Found 8 movies
2026-08-07 01:52:53,468 | INFO | [1243/1901] Fetching Neemrana (NEEM)
2026-08-07 01:52:53,791 | INFO |    ↳ Status 200
2026-08-07 01:52:53,791 | INFO |    ✓ Found 8 movies
2026-08-07 01:52:53,791 | INFO | [1244/1901] Fetching Neemuch (NMCH)
2026-08-07 01:52:54,376 | INFO |    ↳ Status 200
2026-08-07 01:52:54,376 | INFO |    ✓ Found 8 movies
2026-08-07 01:52:54,376 | INFO | [1245/1901] Fetching Nelakondapalli (NELA)
2026-08-07 01:52:54,882 | INFO |    ↳ Status 403
2026-08-07 01:52:54,882 | WARNING |    ⚠ Blocked (403) retry 3
2026-08-07 01:52:55,078 | INFO |    ↳ Status 200
2026-08-07 01:52:55,078 | INFO |    ✓ Found 8 movies
2026-08-07 01:52:55,078 | INFO | [1246/1901] Fetching Nelamangala (NMGL)
2026-08-07 01:52:55,207 | INFO |    ↳ Status 200
2026-08-07 01:52:55,207 | INFO |    ✓ Found 7 movies
2026-08-07 01:52:55,208 | INFO | [1247/1901] Fetching Nellimarla (NLEM)
2026-08-07 01:52:55,272 | INFO | 🌐 Session warmed
2026-08-07 01:52:55,568 | INFO |    ↳ Status 200
2026-08-07 01:52:55,569 | INFO |    ✓ Found 8 movies
2026-08-07 01:52:55,569 | INFO | [1248/1901] Fetching Nellimoodu (NELM)
2026-08-07 01:52:56,102 | INFO |    ↳ Status 200
2026-08-07 01:52:56,102 | INFO |    ✓ Found 8 movies
2026-08-07 01:52:56,102 | INFO | [1249/1901] Fetching Nellore (NELL)
2026-08-07 01:52:56,730 | INFO |    ↳ Status 200
2026-08-07 01:52:56,730 | INFO |    ✓ Found 8 movies
2026-08-07 01:52:56,730 | INFO | [1250/1901] Fetching Nemmara (NENM)
2026-08-07 01:52:57,164 | INFO |    ↳ Status 200
2026-08-07 01:52:57,164 | INFO |    ✓ Found 8 movies
2026-08-07 01:52:57,164 | INFO | [1251/1901] Fetching Nenmara (NENM)
2026-08-07 01:52:57,896 | INFO |    ↳ Status 200
2026-08-07 01:52:57,896 | INFO |    ✓ Found 8 movies
2026-08-07 01:52:57,896 | INFO | [1252/1901] Fetching Nepalgunj (NEPJ)
2026-08-07 01:52:58,258 | INFO |    ↳ Status 200
2026-08-07 01:52:58,259 | INFO |    ✓ Found 8 movies
2026-08-07 01:52:58,259 | INFO | [1253/1901] Fetching Ner Parsopant (NERP)
2026-08-07 01:52:58,260 | INFO |    ↳ Status 200
2026-08-07 01:52:58,260 | INFO |    ✓ Found 8 movies
2026-08-07 01:52:58,260 | INFO | [1254/1901] Fetching Neral (NERA)
2026-08-07 01:52:58,801 | INFO |    ↳ Status 200
2026-08-07 01:52:58,801 | INFO |    ✓ Found 8 movies
2026-08-07 01:52:58,801 | INFO | [1255/1901] Fetching Nereducharla (NDRL)
2026-08-07 01:52:59,272 | INFO | [1256/1901] Fetching New Tehri (TEHR)
2026-08-07 01:52:59,509 | INFO |    ↳ Status 200
2026-08-07 01:52:59,509 | INFO |    ✓ Found 8 movies
2026-08-07 01:52:59,509 | INFO | [1257/1901] Fetching Neyveli (NYVL)
2026-08-07 01:53:00,248 | INFO |    ↳ Status 200
2026-08-07 01:53:00,248 | INFO |    ✓ Found 8 movies
2026-08-07 01:53:00,248 | INFO | [1258/1901] Fetching Nichlaul (NCUL)
2026-08-07 01:53:00,591 | INFO |    ↳ Status 200
2026-08-07 01:53:00,592 | INFO |    ✓ Found 8 movies
2026-08-07 01:53:00,592 | INFO | [1259/1901] Fetching Nidadavolu (NDVD)
2026-08-07 01:53:00,617 | INFO |    ↳ Status 200
2026-08-07 01:53:00,617 | INFO |    ✓ Found 8 movies
2026-08-07 01:53:00,618 | INFO | [1260/1901] Fetching Nilagiri (NIGA)
2026-08-07 01:53:00,922 | INFO |    ↳ Status 200
2026-08-07 01:53:00,922 | INFO |    ✓ Found 8 movies
2026-08-07 01:53:00,922 | INFO | [1261/1901] Fetching Nilakottai (NILA)
2026-08-07 01:53:01,456 | INFO |    ↳ Status 200
2026-08-07 01:53:01,456 | INFO |    ✓ Found 8 movies
2026-08-07 01:53:01,456 | INFO | [1262/1901] Fetching Nilanga (NLNG)
2026-08-07 01:53:01,914 | INFO |    ↳ Status 200
2026-08-07 01:53:01,914 | INFO |    ✓ Found 8 movies
2026-08-07 01:53:01,914 | INFO | [1263/1901] Fetching Nilgiris (NILG)
2026-08-07 01:53:02,242 | INFO |    ↳ Status 200
2026-08-07 01:53:02,242 | INFO |    ✓ Found 8 movies
2026-08-07 01:53:02,242 | INFO | [1264/1901] Fetching Nimapara (NIMA)
2026-08-07 01:53:02,293 | INFO |    ↳ Status 200
2026-08-07 01:53:02,293 | INFO |    ✓ Found 8 movies
2026-08-07 01:53:02,293 | INFO | [1265/1901] Fetching Nimbahera (NIPA)
2026-08-07 01:53:02,585 | INFO |    ↳ Status 200
2026-08-07 01:53:02,585 | INFO |    ✓ Found 0 movies
2026-08-07 01:53:02,586 | INFO | [1266/1901] Fetching Nindra (NNDR)
2026-08-07 01:53:03,043 | INFO |    ↳ Status 200
2026-08-07 01:53:03,043 | INFO |    ✓ Found 8 movies
2026-08-07 01:53:03,043 | INFO | [1267/1901] Fetching Nipani (NIPN)
2026-08-07 01:53:03,581 | INFO |    ↳ Status 200
2026-08-07 01:53:03,581 | INFO |    ✓ Found 8 movies
2026-08-07 01:53:03,581 | INFO | [1268/1901] Fetching Niphad (NIPD)
2026-08-07 01:53:03,605 | INFO |    ↳ Status 200
2026-08-07 01:53:03,605 | INFO |    ✓ Found 7 movies
2026-08-07 01:53:03,605 | INFO | [1269/1901] Fetching Nirjuli (NIRJ)
2026-08-07 01:53:04,533 | INFO |    ↳ Status 200
2026-08-07 01:53:04,533 | INFO |    ✓ Found 8 movies
2026-08-07 01:53:04,533 | INFO | [1270/1901] Fetching Nizamabad (NIZA)
2026-08-07 01:53:04,640 | INFO |    ↳ Status 200
2026-08-07 01:53:04,640 | INFO |    ✓ Found 8 movies
2026-08-07 01:53:04,640 | INFO | [1271/1901] Fetching Nokha (NKHA)
2026-08-07 01:53:05,139 | INFO |    ↳ Status 200
2026-08-07 01:53:05,139 | INFO |    ✓ Found 7 movies
2026-08-07 01:53:05,139 | INFO | [1272/1901] Fetching Nooranad (NOOR)
2026-08-07 01:53:05,225 | INFO |    ↳ Status 200
2026-08-07 01:53:05,225 | INFO |    ✓ Found 8 movies
2026-08-07 01:53:05,226 | INFO | [1273/1901] Fetching Nurpur (NURP)
2026-08-07 01:53:05,571 | INFO |    ↳ Status 200
2026-08-07 01:53:05,571 | INFO |    ✓ Found 8 movies
2026-08-07 01:53:05,572 | INFO | [1274/1901] Fetching Nuzvid (NZVD)
2026-08-07 01:53:05,658 | INFO |    ↳ Status 200
2026-08-07 01:53:05,658 | INFO |    ✓ Found 7 movies
2026-08-07 01:53:05,658 | INFO | [1275/1901] Fetching Nyamathi (NYNT)
2026-08-07 01:53:06,547 | INFO |    ↳ Status 200
2026-08-07 01:53:06,548 | INFO |    ✓ Found 8 movies
2026-08-07 01:53:06,548 | INFO | [1276/1901] Fetching Oddanchatram (ODDA)
2026-08-07 01:53:06,699 | INFO |    ↳ Status 200
2026-08-07 01:53:06,699 | INFO |    ✓ Found 8 movies
2026-08-07 01:53:06,699 | INFO | [1277/1901] Fetching Ojhar (HJOR)
2026-08-07 01:53:07,440 | INFO |    ↳ Status 200
2026-08-07 01:53:07,440 | INFO |    ✓ Found 8 movies
2026-08-07 01:53:07,440 | INFO | [1278/1901] Fetching Okha (OKAH)
2026-08-07 01:53:07,571 | INFO |    ↳ Status 200
2026-08-07 01:53:07,571 | INFO |    ✓ Found 8 movies
2026-08-07 01:53:07,571 | INFO | [1279/1901] Fetching Ongole (ONGL)
2026-08-07 01:53:07,933 | INFO |    ↳ Status 200
2026-08-07 01:53:07,933 | INFO |    ✓ Found 8 movies
2026-08-07 01:53:07,934 | INFO | [1280/1901] Fetching Ooty (OOTY)
2026-08-07 01:53:08,559 | INFO |    ↳ Status 200
2026-08-07 01:53:08,559 | INFO |    ✓ Found 0 movies
2026-08-07 01:53:08,559 | INFO | [1281/1901] Fetching Orai (ORAI)
2026-08-07 01:53:08,615 | INFO |    ↳ Status 200
2026-08-07 01:53:08,615 | INFO |    ✓ Found 0 movies
2026-08-07 01:53:08,615 | INFO | [1282/1901] Fetching Orchha (ORHH)
2026-08-07 01:53:08,908 | INFO |    ↳ Status 200
2026-08-07 01:53:08,908 | INFO |    ✓ Found 8 movies
2026-08-07 01:53:08,908 | INFO | [1283/1901] Fetching Ottapalam (OTTP)
2026-08-07 01:53:09,099 | INFO |    ↳ Status 200
2026-08-07 01:53:09,100 | INFO |    ✓ Found 8 movies
2026-08-07 01:53:09,100 | INFO | [1284/1901] Fetching P. Dharmavaram (PDHR)
2026-08-07 01:53:09,881 | INFO |    ↳ Status 200
2026-08-07 01:53:09,881 | INFO |    ✓ Found 8 movies
2026-08-07 01:53:09,881 | INFO | [1285/1901] Fetching P.Gannavaram (PPGG)
2026-08-07 01:53:10,018 | INFO |    ↳ Status 200
2026-08-07 01:53:10,018 | INFO |    ✓ Found 8 movies
2026-08-07 01:53:10,019 | INFO | [1286/1901] Fetching Padampur (PADA)
2026-08-07 01:53:10,059 | INFO |    ↳ Status 200
2026-08-07 01:53:10,059 | INFO |    ✓ Found 8 movies
2026-08-07 01:53:10,059 | INFO | [1287/1901] Fetching Padrauna (PADR)
2026-08-07 01:53:10,286 | INFO |    ↳ Status 200
2026-08-07 01:53:10,286 | INFO |    ✓ Found 8 movies
2026-08-07 01:53:10,286 | INFO | [1288/1901] Fetching Padubidri (PUYI)
2026-08-07 01:53:10,836 | INFO |    ↳ Status 200
2026-08-07 01:53:10,836 | INFO |    ✓ Found 0 movies
2026-08-07 01:53:10,836 | INFO | [1289/1901] Fetching Pakala (PAKA)
2026-08-07 01:53:11,366 | INFO |    ↳ Status 200
2026-08-07 01:53:11,367 | INFO |    ✓ Found 8 movies
2026-08-07 01:53:11,367 | INFO | [1290/1901] Fetching Pala (PALL)
2026-08-07 01:53:11,720 | INFO |    ↳ Status 200
2026-08-07 01:53:11,720 | INFO |    ✓ Found 8 movies
2026-08-07 01:53:11,720 | INFO | [1291/1901] Fetching Palakkad (PLKK)
2026-08-07 01:53:11,727 | INFO |    ↳ Status 200
2026-08-07 01:53:11,727 | INFO |    ✓ Found 7 movies
2026-08-07 01:53:11,727 | INFO | [1292/1901] Fetching Palakollu (PLKL)
2026-08-07 01:53:12,446 | INFO |    ↳ Status 200
2026-08-07 01:53:12,446 | INFO |    ✓ Found 8 movies
2026-08-07 01:53:12,446 | INFO | [1293/1901] Fetching Palakonda (PALK)
2026-08-07 01:53:12,569 | INFO |    ↳ Status 200
2026-08-07 01:53:12,569 | INFO |    ✓ Found 8 movies
2026-08-07 01:53:12,570 | INFO | [1294/1901] Fetching Palakurthy (PLAT)
2026-08-07 01:53:12,704 | INFO |    ↳ Status 200
2026-08-07 01:53:12,704 | INFO |    ✓ Found 8 movies
2026-08-07 01:53:12,704 | INFO | [1295/1901] Fetching Palamaner (PLMN)
2026-08-07 01:53:12,869 | INFO |    ↳ Status 200
2026-08-07 01:53:12,870 | INFO |    ✓ Found 8 movies
2026-08-07 01:53:12,870 | INFO | [1296/1901] Fetching Palampur (PALM)
2026-08-07 01:53:14,093 | INFO |    ↳ Status 200
2026-08-07 01:53:14,094 | INFO |    ✓ Found 8 movies
2026-08-07 01:53:14,094 | INFO | [1297/1901] Fetching Palani (PALA)
2026-08-07 01:53:14,136 | INFO |    ↳ Status 200
2026-08-07 01:53:14,136 | INFO |    ✓ Found 8 movies
2026-08-07 01:53:14,136 | INFO | [1298/1901] Fetching Palanpur (PALN)
2026-08-07 01:53:14,182 | INFO |    ↳ Status 200
2026-08-07 01:53:14,182 | INFO |    ✓ Found 8 movies
2026-08-07 01:53:14,182 | INFO | [1299/1901] Fetching Palapetty (PALT)
2026-08-07 01:53:14,540 | INFO |    ↳ Status 200
2026-08-07 01:53:14,540 | INFO |    ✓ Found 8 movies
2026-08-07 01:53:14,540 | INFO | [1300/1901] Fetching Palasa (PALS)
2026-08-07 01:53:15,254 | INFO |    ↳ Status 200
2026-08-07 01:53:15,254 | INFO |    ✓ Found 8 movies
2026-08-07 01:53:15,254 | INFO | [1301/1901] Fetching Palghar (PALG)
2026-08-07 01:53:15,445 | INFO |    ↳ Status 200
2026-08-07 01:53:15,445 | INFO |    ✓ Found 8 movies
2026-08-07 01:53:15,446 | INFO | [1302/1901] Fetching Pali (PAAL)
2026-08-07 01:53:15,485 | INFO |    ↳ Status 200
2026-08-07 01:53:15,485 | INFO |    ✓ Found 7 movies
2026-08-07 01:53:15,486 | INFO | [1303/1901] Fetching Palia Kalan (PAKN)
2026-08-07 01:53:16,121 | INFO |    ↳ Status 200
2026-08-07 01:53:16,121 | INFO |    ✓ Found 8 movies
2026-08-07 01:53:16,121 | INFO | [1304/1901] Fetching Palitana (PALI)
2026-08-07 01:53:16,411 | INFO |    ↳ Status 200
2026-08-07 01:53:16,411 | INFO |    ✓ Found 7 movies
2026-08-07 01:53:16,411 | INFO | [1305/1901] Fetching Palladam (PLDM)
2026-08-07 01:53:16,603 | INFO |    ↳ Status 200
2026-08-07 01:53:16,603 | INFO |    ✓ Found 8 movies
2026-08-07 01:53:16,603 | INFO | [1306/1901] Fetching Pallickathodu (PKTU)
2026-08-07 01:53:17,281 | INFO |    ↳ Status 200
2026-08-07 01:53:17,281 | INFO |    ✓ Found 8 movies
2026-08-07 01:53:17,282 | INFO | [1307/1901] Fetching Pallipalayam (PLLI)
2026-08-07 01:53:17,436 | INFO |    ↳ Status 200
2026-08-07 01:53:17,436 | INFO |    ✓ Found 7 movies
2026-08-07 01:53:17,437 | INFO | [1308/1901] Fetching Palluruthy (PALY)
2026-08-07 01:53:17,571 | INFO |    ↳ Status 200
2026-08-07 01:53:17,571 | INFO |    ✓ Found 0 movies
2026-08-07 01:53:17,571 | INFO | [1309/1901] Fetching Palwal (PLWL)
2026-08-07 01:53:17,866 | INFO |    ↳ Status 200
2026-08-07 01:53:17,866 | INFO |    ✓ Found 8 movies
2026-08-07 01:53:17,867 | INFO | [1310/1901] Fetching Palwancha (PLWA)
2026-08-07 01:53:18,746 | INFO |    ↳ Status 200
2026-08-07 01:53:18,746 | INFO |    ✓ Found 8 movies
2026-08-07 01:53:18,747 | INFO | [1311/1901] Fetching Pamarru (PAMA)
2026-08-07 01:53:19,004 | INFO |    ↳ Status 200
2026-08-07 01:53:19,004 | INFO |    ✓ Found 8 movies
2026-08-07 01:53:19,004 | INFO | [1312/1901] Fetching Pamidi (PAMI)
2026-08-07 01:53:19,067 | INFO |    ↳ Status 200
2026-08-07 01:53:19,067 | INFO |    ✓ Found 7 movies
2026-08-07 01:53:19,067 | INFO | [1313/1901] Fetching Pamuru (PMMR)
2026-08-07 01:53:19,621 | INFO |    ↳ Status 200
2026-08-07 01:53:19,621 | INFO |    ✓ Found 8 movies
2026-08-07 01:53:19,621 | INFO | [1314/1901] Fetching Panachamoodu (PAMO)
2026-08-07 01:53:20,118 | INFO |    ↳ Status 200
2026-08-07 01:53:20,119 | INFO |    ✓ Found 8 movies
2026-08-07 01:53:20,119 | INFO | [1315/1901] Fetching Panaji (PANA)
2026-08-07 01:53:20,251 | INFO |    ↳ Status 200
2026-08-07 01:53:20,251 | INFO |    ✓ Found 8 movies
2026-08-07 01:53:20,252 | INFO | [1316/1901] Fetching Panapakkam (PANP)
2026-08-07 01:53:20,420 | INFO |    ↳ Status 200
2026-08-07 01:53:20,421 | INFO |    ✓ Found 8 movies
2026-08-07 01:53:20,421 | INFO | [1317/1901] Fetching Panchgani (PANC)
2026-08-07 01:53:21,280 | INFO |    ↳ Status 200
2026-08-07 01:53:21,280 | INFO |    ✓ Found 5 movies
2026-08-07 01:53:21,280 | INFO | [1318/1901] Fetching Panchkula (PNCH)
2026-08-07 01:53:21,319 | INFO |    ↳ Status 200
2026-08-07 01:53:21,319 | INFO |    ✓ Found 0 movies
2026-08-07 01:53:21,319 | INFO | [1319/1901] Fetching Pandalam (PADM)
2026-08-07 01:53:21,417 | INFO |    ↳ Status 200
2026-08-07 01:53:21,417 | INFO |    ✓ Found 8 movies
2026-08-07 01:53:21,417 | INFO | [1320/1901] Fetching Pandavapura (PAVA)
2026-08-07 01:53:21,483 | INFO |    ↳ Status 200
2026-08-07 01:53:21,483 | INFO |    ✓ Found 8 movies
2026-08-07 01:53:21,483 | INFO | [1321/1901] Fetching Pandhana (PAND)
2026-08-07 01:53:22,476 | INFO |    ↳ Status 200
2026-08-07 01:53:22,477 | INFO |    ✓ Found 8 movies
2026-08-07 01:53:22,477 | INFO | [1322/1901] Fetching Pandharkawada (PANR)
2026-08-07 01:53:22,517 | INFO |    ↳ Status 200
2026-08-07 01:53:22,517 | INFO |    ✓ Found 8 movies
2026-08-07 01:53:22,517 | INFO | [1323/1901] Fetching Pandharpur (PNDH)
2026-08-07 01:53:22,722 | INFO |    ↳ Status 200
2026-08-07 01:53:22,722 | INFO |    ✓ Found 7 movies
2026-08-07 01:53:22,722 | INFO | [1324/1901] Fetching Pandua (PANU)
2026-08-07 01:53:22,758 | INFO |    ↳ Status 200
2026-08-07 01:53:22,758 | INFO |    ✓ Found 8 movies
2026-08-07 01:53:22,758 | INFO | [1325/1901] Fetching Panipat (PAN)
2026-08-07 01:53:23,478 | INFO |    ↳ Status 200
2026-08-07 01:53:23,479 | INFO |    ✓ Found 8 movies
2026-08-07 01:53:23,479 | INFO | [1326/1901] Fetching Panna (PANN)
2026-08-07 01:53:24,214 | INFO |    ↳ Status 200
2026-08-07 01:53:24,214 | INFO |    ✓ Found 8 movies
2026-08-07 01:53:24,214 | INFO | [1327/1901] Fetching Panruti (PANT)
2026-08-07 01:53:24,303 | INFO |    ↳ Status 200
2026-08-07 01:53:24,303 | INFO |    ✓ Found 8 movies
2026-08-07 01:53:24,303 | INFO | [1328/1901] Fetching Pansemal (PNSM)
2026-08-07 01:53:24,499 | INFO |    ↳ Status 200
2026-08-07 01:53:24,499 | INFO |    ✓ Found 7 movies
2026-08-07 01:53:24,499 | INFO | [1329/1901] Fetching Paonta Sahib (POTA)
2026-08-07 01:53:24,873 | INFO |    ↳ Status 200
2026-08-07 01:53:24,874 | INFO |    ✓ Found 8 movies
2026-08-07 01:53:24,874 | INFO | [1330/1901] Fetching Papanasam (PAPA)
2026-08-07 01:53:25,845 | INFO |    ↳ Status 200
2026-08-07 01:53:25,845 | INFO |    ✓ Found 8 movies
2026-08-07 01:53:25,845 | INFO | [1331/1901] Fetching Paradeep (PARD)
2026-08-07 01:53:25,980 | INFO |    ↳ Status 200
2026-08-07 01:53:25,980 | INFO |    ✓ Found 8 movies
2026-08-07 01:53:25,981 | INFO | [1332/1901] Fetching Paralakhemundi (PRKM)
2026-08-07 01:53:26,093 | INFO |    ↳ Status 200
2026-08-07 01:53:26,093 | INFO |    ✓ Found 8 movies
2026-08-07 01:53:26,093 | INFO | [1333/1901] Fetching Parappanangadi (PAVP)
2026-08-07 01:53:26,490 | INFO |    ↳ Status 200
2026-08-07 01:53:26,490 | INFO |    ✓ Found 8 movies
2026-08-07 01:53:26,491 | INFO | [1334/1901] Fetching Paratwada (PARA)
2026-08-07 01:53:26,859 | INFO |    ↳ Status 200
2026-08-07 01:53:26,859 | INFO |    ✓ Found 8 movies
2026-08-07 01:53:26,860 | INFO | [1335/1901] Fetching Parbhani (PARB)
2026-08-07 01:53:27,450 | INFO |    ↳ Status 200
2026-08-07 01:53:27,450 | INFO |    ✓ Found 8 movies
2026-08-07 01:53:27,450 | INFO | [1336/1901] Fetching Parchur (PARC)
2026-08-07 01:53:27,463 | INFO |    ↳ Status 200
2026-08-07 01:53:27,463 | INFO |    ✓ Found 8 movies
2026-08-07 01:53:27,464 | INFO | [1337/1901] Fetching Parigi (Telangana) (PARI)
2026-08-07 01:53:27,677 | INFO |    ↳ Status 200
2026-08-07 01:53:27,677 | INFO |    ✓ Found 8 movies
2026-08-07 01:53:27,677 | INFO | [1338/1901] Fetching Parkal (PARL)
2026-08-07 01:53:28,109 | INFO |    ↳ Status 200
2026-08-07 01:53:28,109 | INFO |    ✓ Found 8 movies
2026-08-07 01:53:28,109 | INFO | [1339/1901] Fetching Parli (PRLI)
2026-08-07 01:53:28,679 | INFO |    ↳ Status 200
2026-08-07 01:53:28,680 | INFO |    ✓ Found 8 movies
2026-08-07 01:53:28,680 | INFO | [1340/1901] Fetching Parvathipuram (PRVT)
2026-08-07 01:53:28,955 | INFO |    ↳ Status 200
2026-08-07 01:53:28,955 | INFO |    ✓ Found 8 movies
2026-08-07 01:53:28,955 | INFO | [1341/1901] Fetching Parwanoo (PARW)
2026-08-07 01:53:29,265 | INFO |    ↳ Status 200
2026-08-07 01:53:29,265 | INFO |    ✓ Found 8 movies
2026-08-07 01:53:29,265 | INFO | [1342/1901] Fetching Pasighat (PSHG)
2026-08-07 01:53:29,786 | INFO |    ↳ Status 200
2026-08-07 01:53:29,786 | INFO |    ✓ Found 8 movies
2026-08-07 01:53:29,787 | INFO | [1343/1901] Fetching Patan (PATA)
2026-08-07 01:53:30,045 | INFO |    ↳ Status 200
2026-08-07 01:53:30,045 | INFO |    ✓ Found 8 movies
2026-08-07 01:53:30,045 | INFO | [1344/1901] Fetching Patan (CG) (TNPR)
2026-08-07 01:53:30,446 | INFO |    ↳ Status 200
2026-08-07 01:53:30,446 | INFO |    ✓ Found 8 movies
2026-08-07 01:53:30,446 | INFO | [1345/1901] Fetching Patan (Satara) (PATM)
2026-08-07 01:53:30,559 | INFO |    ↳ Status 200
2026-08-07 01:53:30,559 | INFO |    ✓ Found 8 movies
2026-08-07 01:53:30,560 | INFO | [1346/1901] Fetching Pathalgaon (PAHT)
2026-08-07 01:53:31,254 | INFO |    ↳ Status 200
2026-08-07 01:53:31,254 | INFO |    ✓ Found 7 movies
2026-08-07 01:53:31,254 | INFO | [1347/1901] Fetching Pathanamthitta (PTNM)
2026-08-07 01:53:31,709 | INFO |    ↳ Status 200
2026-08-07 01:53:31,709 | INFO |    ✓ Found 8 movies
2026-08-07 01:53:31,709 | INFO | [1348/1901] Fetching Pathanapuram (PTPM)
2026-08-07 01:53:31,751 | INFO |    ↳ Status 200
2026-08-07 01:53:31,752 | INFO |    ✓ Found 8 movies
2026-08-07 01:53:31,752 | INFO | [1349/1901] Fetching Pathankot (PATH)
2026-08-07 01:53:32,029 | INFO |    ↳ Status 200
2026-08-07 01:53:32,029 | INFO |    ✓ Found 7 movies
2026-08-07 01:53:32,029 | INFO | [1350/1901] Fetching Pathapatnam (PTPT)
2026-08-07 01:53:32,962 | INFO |    ↳ Status 200
2026-08-07 01:53:32,962 | INFO |    ✓ Found 8 movies
2026-08-07 01:53:32,962 | INFO | [1351/1901] Fetching Pathsala (PATS)
2026-08-07 01:53:32,970 | INFO |    ↳ Status 200
2026-08-07 01:53:32,970 | INFO |    ✓ Found 8 movies
2026-08-07 01:53:32,970 | INFO | [1352/1901] Fetching Patiala (PATI)
2026-08-07 01:53:33,163 | INFO |    ↳ Status 200
2026-08-07 01:53:33,164 | INFO |    ✓ Found 6 movies
2026-08-07 01:53:33,164 | INFO | [1353/1901] Fetching Patna (PATN)
2026-08-07 01:53:34,024 | INFO |    ↳ Status 200
2026-08-07 01:53:34,024 | INFO |    ✓ Found 8 movies
2026-08-07 01:53:34,024 | INFO | [1354/1901] Fetching Patran (PATR)
2026-08-07 01:53:34,364 | INFO |    ↳ Status 200
2026-08-07 01:53:34,364 | INFO |    ✓ Found 6 movies
2026-08-07 01:53:34,364 | INFO | [1355/1901] Fetching Patratu (PARY)
2026-08-07 01:53:34,480 | INFO |    ↳ Status 200
2026-08-07 01:53:34,480 | INFO |    ✓ Found 7 movies
2026-08-07 01:53:34,480 | INFO | [1356/1901] Fetching Pattambi (PTMB)
2026-08-07 01:53:34,968 | INFO |    ↳ Status 200
2026-08-07 01:53:34,968 | INFO |    ✓ Found 7 movies
2026-08-07 01:53:34,969 | INFO | [1357/1901] Fetching Pattukkottai (PATU)
2026-08-07 01:53:35,035 | INFO |    ↳ Status 200
2026-08-07 01:53:35,035 | INFO |    ✓ Found 6 movies
2026-08-07 01:53:35,035 | INFO | [1358/1901] Fetching Pavagada (PAGD)
2026-08-07 01:53:35,472 | INFO |    ↳ Status 200
2026-08-07 01:53:35,472 | INFO |    ✓ Found 8 movies
2026-08-07 01:53:35,472 | INFO | [1359/1901] Fetching Payakaraopeta (PATE)
2026-08-07 01:53:36,025 | INFO |    ↳ Status 200
2026-08-07 01:53:36,025 | INFO |    ✓ Found 8 movies
2026-08-07 01:53:36,025 | INFO | [1360/1901] Fetching Payyanur (PAYY)
2026-08-07 01:53:36,136 | INFO |    ↳ Status 200
2026-08-07 01:53:36,136 | INFO |    ✓ Found 8 movies
2026-08-07 01:53:36,136 | INFO | [1361/1901] Fetching Payyoli (PAYO)
2026-08-07 01:53:36,484 | INFO |    ↳ Status 200
2026-08-07 01:53:36,484 | INFO |    ✓ Found 8 movies
2026-08-07 01:53:36,484 | INFO | [1362/1901] Fetching Pazhayannur (PLYN)
2026-08-07 01:53:37,047 | INFO |    ↳ Status 200
2026-08-07 01:53:37,048 | INFO |    ✓ Found 8 movies
2026-08-07 01:53:37,048 | INFO | [1363/1901] Fetching Pebbair (PEIR)
2026-08-07 01:53:37,142 | INFO |    ↳ Status 200
2026-08-07 01:53:37,142 | INFO |    ✓ Found 8 movies
2026-08-07 01:53:37,143 | INFO | [1364/1901] Fetching Pedana (PEDZ)
2026-08-07 01:53:37,231 | INFO |    ↳ Status 200
2026-08-07 01:53:37,231 | INFO |    ✓ Found 8 movies
2026-08-07 01:53:37,232 | INFO | [1365/1901] Fetching Pedanandipadu (PEDN)
2026-08-07 01:53:38,071 | INFO |    ↳ Status 200
2026-08-07 01:53:38,072 | INFO |    ✓ Found 8 movies
2026-08-07 01:53:38,072 | INFO | [1366/1901] Fetching Pedapadu (PEDD)
2026-08-07 01:53:38,198 | INFO |    ↳ Status 200
2026-08-07 01:53:38,199 | INFO |    ✓ Found 8 movies
2026-08-07 01:53:38,199 | INFO | [1367/1901] Fetching Peddapalli (PEDA)
2026-08-07 01:53:38,529 | INFO |    ↳ Status 200
2026-08-07 01:53:38,529 | INFO |    ✓ Found 8 movies
2026-08-07 01:53:38,529 | INFO | [1368/1901] Fetching Peddapuram (PEDP)
2026-08-07 01:53:38,815 | INFO |    ↳ Status 200
2026-08-07 01:53:38,815 | INFO |    ✓ Found 8 movies
2026-08-07 01:53:38,815 | INFO | [1369/1901] Fetching Pen (PEN)
2026-08-07 01:53:39,230 | INFO |    ↳ Status 200
2026-08-07 01:53:39,230 | INFO |    ✓ Found 8 movies
2026-08-07 01:53:39,230 | INFO | [1370/1901] Fetching Pendra (PEND)
2026-08-07 01:53:39,440 | INFO |    ↳ Status 200
2026-08-07 01:53:39,440 | INFO |    ✓ Found 8 movies
2026-08-07 01:53:39,440 | INFO | [1371/1901] Fetching Pennagaram (PENM)
2026-08-07 01:53:39,556 | INFO |    ↳ Status 200
2026-08-07 01:53:39,556 | INFO |    ✓ Found 8 movies
2026-08-07 01:53:39,557 | INFO | [1372/1901] Fetching Penuganchiprolu (PENU)
2026-08-07 01:53:39,998 | INFO |    ↳ Status 200
2026-08-07 01:53:39,998 | INFO |    ✓ Found 8 movies
2026-08-07 01:53:39,998 | INFO | [1373/1901] Fetching Penugonda (PDDG)
2026-08-07 01:53:40,413 | INFO |    ↳ Status 200
2026-08-07 01:53:40,414 | INFO |    ✓ Found 8 movies
2026-08-07 01:53:40,414 | INFO | [1374/1901] Fetching Peralam (PERL)
2026-08-07 01:53:40,779 | INFO |    ↳ Status 200
2026-08-07 01:53:40,779 | INFO |    ✓ Found 7 movies
2026-08-07 01:53:40,779 | INFO | [1375/1901] Fetching Perambalur (PERA)
2026-08-07 01:53:40,981 | INFO |    ↳ Status 200
2026-08-07 01:53:40,981 | INFO |    ✓ Found 8 movies
2026-08-07 01:53:40,981 | INFO | [1376/1901] Fetching Peravoor (PPVR)
2026-08-07 01:53:41,807 | INFO |    ↳ Status 200
2026-08-07 01:53:41,808 | INFO |    ✓ Found 8 movies
2026-08-07 01:53:41,808 | INFO | [1377/1901] Fetching Peringamala (PRGM)
2026-08-07 01:53:41,846 | INFO |    ↳ Status 200
2026-08-07 01:53:41,846 | INFO |    ✓ Found 8 movies
2026-08-07 01:53:41,846 | INFO | [1378/1901] Fetching Peringottukurissi (PERN)
2026-08-07 01:53:42,186 | INFO |    ↳ Status 200
2026-08-07 01:53:42,186 | INFO |    ✓ Found 8 movies
2026-08-07 01:53:42,186 | INFO | [1379/1901] Fetching Perinthalmanna (PNTM)
2026-08-07 01:53:42,818 | INFO |    ↳ Status 200
2026-08-07 01:53:42,818 | INFO |    ✓ Found 8 movies
2026-08-07 01:53:42,819 | INFO | [1380/1901] Fetching Periyapatna (PERI)
2026-08-07 01:53:42,830 | INFO |    ↳ Status 200
2026-08-07 01:53:42,830 | INFO |    ✓ Found 8 movies
2026-08-07 01:53:42,830 | INFO | [1381/1901] Fetching Pernambut (PERM)
2026-08-07 01:53:42,886 | INFO |    ↳ Status 200
2026-08-07 01:53:42,887 | INFO |    ✓ Found 8 movies
2026-08-07 01:53:42,887 | INFO | [1382/1901] Fetching Perundurai (PEDR)
2026-08-07 01:53:43,829 | INFO |    ↳ Status 200
2026-08-07 01:53:43,829 | INFO |    ✓ Found 8 movies
2026-08-07 01:53:43,830 | INFO | [1383/1901] Fetching Petlad (PETL)
2026-08-07 01:53:44,234 | INFO |    ↳ Status 200
2026-08-07 01:53:44,235 | INFO |    ✓ Found 8 movies
2026-08-07 01:53:44,235 | INFO | [1384/1901] Fetching Phagwara (PHAG)
2026-08-07 01:53:44,541 | INFO |    ↳ Status 200
2026-08-07 01:53:44,542 | INFO |    ✓ Found 8 movies
2026-08-07 01:53:44,542 | INFO | [1385/1901] Fetching Phalodi (PHLD)
2026-08-07 01:53:44,616 | INFO |    ↳ Status 200
2026-08-07 01:53:44,616 | INFO |    ✓ Found 8 movies
2026-08-07 01:53:44,616 | INFO | [1386/1901] Fetching Phaltan (PHAL)
2026-08-07 01:53:44,881 | INFO |    ↳ Status 200
2026-08-07 01:53:44,881 | INFO |    ✓ Found 7 movies
2026-08-07 01:53:44,882 | INFO | [1387/1901] Fetching Phulbani (PHBN)
2026-08-07 01:53:45,266 | INFO |    ↳ Status 200
2026-08-07 01:53:45,266 | INFO |    ✓ Found 6 movies
2026-08-07 01:53:45,266 | INFO | [1388/1901] Fetching Piduguralla (PIDU)
2026-08-07 01:53:45,620 | INFO |    ↳ Status 200
2026-08-07 01:53:45,620 | INFO |    ✓ Found 7 movies
2026-08-07 01:53:45,621 | INFO | [1389/1901] Fetching Pilani (PILA)
2026-08-07 01:53:46,175 | INFO |    ↳ Status 200
2026-08-07 01:53:46,175 | INFO |    ✓ Found 8 movies
2026-08-07 01:53:46,176 | INFO | [1390/1901] Fetching Pileru (PLRU)
2026-08-07 01:53:46,661 | INFO |    ↳ Status 200
2026-08-07 01:53:46,661 | INFO |    ✓ Found 0 movies
2026-08-07 01:53:46,661 | INFO | [1391/1901] Fetching Pilibhit (PIHI)
2026-08-07 01:53:46,993 | INFO |    ↳ Status 200
2026-08-07 01:53:46,994 | INFO |    ✓ Found 8 movies
2026-08-07 01:53:46,994 | INFO | [1392/1901] Fetching Pimpalner (PPAL)
2026-08-07 01:53:47,061 | INFO |    ↳ Status 200
2026-08-07 01:53:47,061 | INFO |    ✓ Found 7 movies
2026-08-07 01:53:47,061 | INFO | [1393/1901] Fetching Pimpri (PIMP)
2026-08-07 01:53:47,514 | INFO |    ↳ Status 200
2026-08-07 01:53:47,515 | INFO |    ✓ Found 8 movies
2026-08-07 01:53:47,515 | INFO | [1394/1901] Fetching Pinjore (PINJ)
2026-08-07 01:53:47,795 | INFO |    ↳ Status 200
2026-08-07 01:53:47,795 | INFO |    ✓ Found 8 movies
2026-08-07 01:53:47,795 | INFO | [1395/1901] Fetching Pipariya (PIPY)
2026-08-07 01:53:48,293 | INFO |    ↳ Status 200
2026-08-07 01:53:48,293 | INFO |    ✓ Found 8 movies
2026-08-07 01:53:48,294 | INFO | [1396/1901] Fetching Pipraich (PIPR)
2026-08-07 01:53:48,410 | INFO |    ↳ Status 200
2026-08-07 01:53:48,410 | INFO |    ✓ Found 8 movies
2026-08-07 01:53:48,411 | INFO | [1397/1901] Fetching Pithampur (PITH)
2026-08-07 01:53:48,860 | INFO |    ↳ Status 200
2026-08-07 01:53:48,860 | INFO |    ✓ Found 7 movies
2026-08-07 01:53:48,860 | INFO | [1398/1901] Fetching Pithapuram (PITA)
2026-08-07 01:53:49,071 | INFO |    ↳ Status 200
2026-08-07 01:53:49,071 | INFO |    ✓ Found 8 movies
2026-08-07 01:53:49,071 | INFO | [1399/1901] Fetching Pithora (PHOR)
2026-08-07 01:53:49,710 | INFO |    ↳ Status 200
2026-08-07 01:53:49,710 | INFO |    ✓ Found 8 movies
2026-08-07 01:53:49,710 | INFO | [1400/1901] Fetching Pithoragarh (PITO)
2026-08-07 01:53:50,502 | INFO |    ↳ Status 200
2026-08-07 01:53:50,502 | INFO |    ✓ Found 7 movies
2026-08-07 01:53:50,502 | INFO | [1401/1901] Fetching Pitlam (PILM)
2026-08-07 01:53:50,505 | INFO |    ↳ Status 200
2026-08-07 01:53:50,505 | INFO |    ✓ Found 8 movies
2026-08-07 01:53:50,505 | INFO | [1402/1901] Fetching Pochampally (POCH)
2026-08-07 01:53:50,549 | INFO |    ↳ Status 200
2026-08-07 01:53:50,549 | INFO |    ✓ Found 8 movies
2026-08-07 01:53:50,549 | INFO | [1403/1901] Fetching Podalakur (PODA)
2026-08-07 01:53:51,027 | INFO |    ↳ Status 200
2026-08-07 01:53:51,027 | INFO |    ✓ Found 8 movies
2026-08-07 01:53:51,027 | INFO | [1404/1901] Fetching Podili (PODI)
2026-08-07 01:53:52,173 | INFO |    ↳ Status 200
2026-08-07 01:53:52,173 | INFO |    ✓ Found 8 movies
2026-08-07 01:53:52,173 | INFO | [1405/1901] Fetching Polavaram (PLAB)
2026-08-07 01:53:52,177 | INFO |    ↳ Status 200
2026-08-07 01:53:52,177 | INFO |    ✓ Found 8 movies
2026-08-07 01:53:52,177 | INFO | [1406/1901] Fetching Pollachi (POLL)
2026-08-07 01:53:52,250 | INFO |    ↳ Status 200
2026-08-07 01:53:52,250 | INFO |    ✓ Found 8 movies
2026-08-07 01:53:52,250 | INFO | [1407/1901] Fetching Pondicherry (POND)
2026-08-07 01:53:52,480 | INFO |    ↳ Status 200
2026-08-07 01:53:52,480 | INFO |    ✓ Found 8 movies
2026-08-07 01:53:52,481 | INFO | [1408/1901] Fetching Ponduru (PONU)
2026-08-07 01:53:53,389 | INFO |    ↳ Status 200
2026-08-07 01:53:53,390 | INFO |    ✓ Found 8 movies
2026-08-07 01:53:53,390 | INFO | [1409/1901] Fetching Ponkunnam (PONK)
2026-08-07 01:53:53,487 | INFO |    ↳ Status 200
2026-08-07 01:53:53,488 | INFO |    ✓ Found 8 movies
2026-08-07 01:53:53,488 | INFO | [1410/1901] Fetching Ponnamaravathi (PONM)
2026-08-07 01:53:53,557 | INFO |    ↳ Status 200
2026-08-07 01:53:53,558 | INFO |    ✓ Found 8 movies
2026-08-07 01:53:53,558 | INFO | [1411/1901] Fetching Ponnani (PONN)
2026-08-07 01:53:53,668 | INFO |    ↳ Status 200
2026-08-07 01:53:53,668 | INFO |    ✓ Found 8 movies
2026-08-07 01:53:53,668 | INFO | [1412/1901] Fetching Ponneri (PONE)
2026-08-07 01:53:54,414 | INFO |    ↳ Status 200
2026-08-07 01:53:54,414 | INFO |    ✓ Found 0 movies
2026-08-07 01:53:54,415 | INFO | [1413/1901] Fetching Poovar (POOV)
2026-08-07 01:53:54,982 | INFO |    ↳ Status 200
2026-08-07 01:53:54,982 | INFO |    ✓ Found 8 movies
2026-08-07 01:53:54,982 | INFO | [1414/1901] Fetching Porbandar (PORB)
2026-08-07 01:53:55,063 | INFO |    ↳ Status 200
2026-08-07 01:53:55,063 | INFO |    ✓ Found 8 movies
2026-08-07 01:53:55,063 | INFO | [1415/1901] Fetching Port Blair (PORT)
2026-08-07 01:53:55,127 | INFO |    ↳ Status 200
2026-08-07 01:53:55,127 | INFO |    ✓ Found 8 movies
2026-08-07 01:53:55,128 | INFO | [1416/1901] Fetching Porumamilla (PORU)
2026-08-07 01:53:55,461 | INFO |    ↳ Status 200
2026-08-07 01:53:55,461 | INFO |    ✓ Found 8 movies
2026-08-07 01:53:55,461 | INFO | [1417/1901] Fetching Pratapgarh (Rajasthan) (PTRT)
2026-08-07 01:53:56,064 | INFO |    ↳ Status 200
2026-08-07 01:53:56,064 | INFO |    ✓ Found 8 movies
2026-08-07 01:53:56,064 | INFO | [1418/1901] Fetching Pratapgarh (UP) (PRAT)
2026-08-07 01:53:56,242 | INFO |    ↳ Status 200
2026-08-07 01:53:56,242 | INFO |    ✓ Found 1 movies
2026-08-07 01:53:56,242 | INFO | [1419/1901] Fetching Prayagraj (Allahabad) (ALLH)
2026-08-07 01:53:56,571 | INFO |    ↳ Status 200
2026-08-07 01:53:56,571 | INFO |    ✓ Found 7 movies
2026-08-07 01:53:56,572 | INFO | [1420/1901] Fetching Proddatur (PROD)
2026-08-07 01:53:56,669 | INFO |    ↳ Status 200
2026-08-07 01:53:56,669 | INFO |    ✓ Found 8 movies
2026-08-07 01:53:56,669 | INFO | [1421/1901] Fetching Pudukkottai (PUDH)
2026-08-07 01:53:57,571 | INFO |    ↳ Status 200
2026-08-07 01:53:57,572 | INFO |    ✓ Found 8 movies
2026-08-07 01:53:57,572 | INFO | [1422/1901] Fetching Pulgaon (PUON)
2026-08-07 01:53:57,691 | INFO |    ↳ Status 200
2026-08-07 01:53:57,691 | INFO |    ✓ Found 8 movies
2026-08-07 01:53:57,691 | INFO | [1423/1901] Fetching Puliampatti (PAPT)
2026-08-07 01:53:58,193 | INFO |    ↳ Status 200
2026-08-07 01:53:58,193 | INFO |    ✓ Found 8 movies
2026-08-07 01:53:58,193 | INFO | [1424/1901] Fetching Pulivendula (PLVN)
2026-08-07 01:53:58,356 | INFO |    ↳ Status 200
2026-08-07 01:53:58,356 | INFO |    ✓ Found 8 movies
2026-08-07 01:53:58,356 | INFO | [1425/1901] Fetching Puliyangudi (PULI)
2026-08-07 01:53:58,931 | INFO |    ↳ Status 200
2026-08-07 01:53:58,931 | INFO |    ✓ Found 8 movies
2026-08-07 01:53:58,932 | INFO | [1426/1901] Fetching Pulluvila (PULA)
2026-08-07 01:53:59,055 | INFO |    ↳ Status 200
2026-08-07 01:53:59,055 | INFO |    ✓ Found 8 movies
2026-08-07 01:53:59,055 | INFO | [1427/1901] Fetching Pulpally (PULP)
2026-08-07 01:53:59,596 | INFO |    ↳ Status 200
2026-08-07 01:53:59,596 | INFO |    ✓ Found 8 movies
2026-08-07 01:53:59,597 | INFO | [1428/1901] Fetching Pulwama (PULW)
2026-08-07 01:53:59,729 | INFO |    ↳ Status 200
2026-08-07 01:53:59,730 | INFO |    ✓ Found 8 movies
2026-08-07 01:53:59,730 | INFO | [1429/1901] Fetching Punalur (PUNA)
2026-08-07 01:54:00,154 | INFO |    ↳ Status 200
2026-08-07 01:54:00,154 | INFO |    ✓ Found 8 movies
2026-08-07 01:54:00,154 | INFO | [1430/1901] Fetching Punganur (PGNR)
2026-08-07 01:54:00,782 | INFO |    ↳ Status 200
2026-08-07 01:54:00,782 | INFO |    ✓ Found 8 movies
2026-08-07 01:54:00,782 | INFO | [1431/1901] Fetching Puranpur (PAPN)
2026-08-07 01:54:00,883 | INFO |    ↳ Status 200
2026-08-07 01:54:00,883 | INFO |    ✓ Found 8 movies
2026-08-07 01:54:00,883 | INFO | [1432/1901] Fetching Puri (PURI)
2026-08-07 01:54:01,253 | INFO |    ↳ Status 200
2026-08-07 01:54:01,254 | INFO |    ✓ Found 8 movies
2026-08-07 01:54:01,254 | INFO | [1433/1901] Fetching Purnea (PURN)
2026-08-07 01:54:01,755 | INFO |    ↳ Status 200
2026-08-07 01:54:01,756 | INFO |    ✓ Found 8 movies
2026-08-07 01:54:01,756 | INFO | [1434/1901] Fetching Purulia (PURU)
2026-08-07 01:54:02,159 | INFO |    ↳ Status 200
2026-08-07 01:54:02,160 | INFO |    ✓ Found 8 movies
2026-08-07 01:54:02,160 | INFO | [1435/1901] Fetching Pusad (PUSD)
2026-08-07 01:54:02,212 | INFO |    ↳ Status 200
2026-08-07 01:54:02,212 | INFO |    ✓ Found 8 movies
2026-08-07 01:54:02,212 | INFO | [1436/1901] Fetching Pusapatirega (PREG)
2026-08-07 01:54:02,518 | INFO |    ↳ Status 200
2026-08-07 01:54:02,518 | INFO |    ✓ Found 7 movies
2026-08-07 01:54:02,518 | INFO | [1437/1901] Fetching Pushkar (PUSH)
2026-08-07 01:54:03,161 | INFO |    ↳ Status 200
2026-08-07 01:54:03,161 | INFO |    ✓ Found 8 movies
2026-08-07 01:54:03,161 | INFO | [1438/1901] Fetching Puthenvelikara (PUTH)
2026-08-07 01:54:03,309 | INFO |    ↳ Status 200
2026-08-07 01:54:03,309 | INFO |    ✓ Found 8 movies
2026-08-07 01:54:03,309 | INFO | [1439/1901] Fetching Puthenvelikkara (PUTD)
2026-08-07 01:54:03,381 | INFO |    ↳ Status 200
2026-08-07 01:54:03,381 | INFO |    ✓ Found 7 movies
2026-08-07 01:54:03,381 | INFO | [1440/1901] Fetching Puthoor (PUTR)
2026-08-07 01:54:04,028 | INFO |    ↳ Status 200
2026-08-07 01:54:04,028 | INFO |    ✓ Found 7 movies
2026-08-07 01:54:04,028 | INFO | [1441/1901] Fetching Puttur (Andhra Pradesh) (PUTT)
2026-08-07 01:54:04,316 | INFO |    ↳ Status 200
2026-08-07 01:54:04,316 | INFO |    ✓ Found 8 movies
2026-08-07 01:54:04,317 | INFO | [1442/1901] Fetching Puttur (Karnataka) (PTTU)
2026-08-07 01:54:04,858 | INFO |    ↳ Status 200
2026-08-07 01:54:04,859 | INFO |    ✓ Found 0 movies
2026-08-07 01:54:04,859 | INFO | [1443/1901] Fetching Rabkavi Banhatti (RBKH)
2026-08-07 01:54:05,291 | INFO |    ↳ Status 200
2026-08-07 01:54:05,291 | INFO |    ✓ Found 8 movies
2026-08-07 01:54:05,292 | INFO | [1444/1901] Fetching Radhamoni (RDHM)
2026-08-07 01:54:05,447 | INFO |    ↳ Status 200
2026-08-07 01:54:05,447 | INFO |    ✓ Found 8 movies
2026-08-07 01:54:05,447 | INFO | [1445/1901] Fetching Raebareli (RAEB)
2026-08-07 01:54:06,235 | INFO |    ↳ Status 200
2026-08-07 01:54:06,235 | INFO |    ✓ Found 8 movies
2026-08-07 01:54:06,236 | INFO | [1446/1901] Fetching Raghopur (RAHO)
2026-08-07 01:54:06,342 | INFO |    ↳ Status 200
2026-08-07 01:54:06,342 | INFO |    ✓ Found 8 movies
2026-08-07 01:54:06,342 | INFO | [1447/1901] Fetching Raghunathganj (RAGH)
2026-08-07 01:54:06,698 | INFO |    ↳ Status 200
2026-08-07 01:54:06,698 | INFO |    ✓ Found 8 movies
2026-08-07 01:54:06,698 | INFO | [1448/1901] Fetching Rahata (RAHA)
2026-08-07 01:54:07,007 | INFO |    ↳ Status 200
2026-08-07 01:54:07,008 | INFO |    ✓ Found 7 movies
2026-08-07 01:54:07,008 | INFO | [1449/1901] Fetching Rahimatpur (RAHI)
2026-08-07 01:54:07,569 | INFO |    ↳ Status 200
2026-08-07 01:54:07,569 | INFO |    ✓ Found 7 movies
2026-08-07 01:54:07,569 | INFO | [1450/1901] Fetching Rahuri (RAHU)
2026-08-07 01:54:07,978 | INFO |    ↳ Status 200
2026-08-07 01:54:07,978 | INFO |    ✓ Found 7 movies
2026-08-07 01:54:07,978 | INFO | [1451/1901] Fetching Raibag (RAIB)
2026-08-07 01:54:08,078 | INFO |    ↳ Status 200
2026-08-07 01:54:08,078 | INFO |    ✓ Found 8 movies
2026-08-07 01:54:08,078 | INFO | [1452/1901] Fetching Raichur (RAUR)
2026-08-07 01:54:08,726 | INFO |    ↳ Status 200
2026-08-07 01:54:08,726 | INFO |    ✓ Found 8 movies
2026-08-07 01:54:08,726 | INFO | [1453/1901] Fetching Raigad (RAI)
2026-08-07 01:54:08,877 | INFO |    ↳ Status 200
2026-08-07 01:54:08,877 | INFO |    ✓ Found 8 movies
2026-08-07 01:54:08,877 | INFO | [1454/1901] Fetching Raiganj (RAIJ)
2026-08-07 01:54:09,369 | INFO |    ↳ Status 200
2026-08-07 01:54:09,369 | INFO |    ✓ Found 8 movies
2026-08-07 01:54:09,370 | INFO | [1455/1901] Fetching Raigarh (RAIG)
2026-08-07 01:54:09,613 | INFO |    ↳ Status 200
2026-08-07 01:54:09,613 | INFO |    ✓ Found 8 movies
2026-08-07 01:54:09,613 | INFO | [1456/1901] Fetching Raikal (RYKL)
2026-08-07 01:54:10,377 | INFO |    ↳ Status 200
2026-08-07 01:54:10,377 | INFO |    ✓ Found 8 movies
2026-08-07 01:54:10,377 | INFO | [1457/1901] Fetching Raikot (RKOT)
2026-08-07 01:54:10,482 | INFO |    ↳ Status 200
2026-08-07 01:54:10,482 | INFO |    ✓ Found 7 movies
2026-08-07 01:54:10,482 | INFO | [1458/1901] Fetching Railway Koduru (RLKD)
2026-08-07 01:54:10,548 | INFO |    ↳ Status 200
2026-08-07 01:54:10,548 | INFO |    ✓ Found 8 movies
2026-08-07 01:54:10,548 | INFO | [1459/1901] Fetching Raipur (RAIPUR)
2026-08-07 01:54:10,551 | INFO |    ↳ Status 200
2026-08-07 01:54:10,551 | INFO |    ✓ Found 7 movies
2026-08-07 01:54:10,552 | INFO | [1460/1901] Fetching Raipuriya (YAYA)
2026-08-07 01:54:11,523 | INFO |    ↳ Status 200
2026-08-07 01:54:11,523 | INFO |    ✓ Found 8 movies
2026-08-07 01:54:11,523 | INFO | [1461/1901] Fetching Raisinghnagar (RSNG)
2026-08-07 01:54:11,637 | INFO |    ↳ Status 200
2026-08-07 01:54:11,637 | INFO |    ✓ Found 7 movies
2026-08-07 01:54:11,637 | INFO | [1462/1901] Fetching Raja Ka Bagh (RJKB)
2026-08-07 01:54:12,019 | INFO |    ↳ Status 200
2026-08-07 01:54:12,019 | INFO |    ✓ Found 8 movies
2026-08-07 01:54:12,019 | INFO | [1463/1901] Fetching Rajakumari (RAAJ)
2026-08-07 01:54:12,028 | INFO |    ↳ Status 200
2026-08-07 01:54:12,028 | INFO |    ✓ Found 8 movies
2026-08-07 01:54:12,028 | INFO | [1464/1901] Fetching Rajam (RJAM)
2026-08-07 01:54:12,846 | INFO |    ↳ Status 200
2026-08-07 01:54:12,846 | INFO |    ✓ Found 7 movies
2026-08-07 01:54:12,846 | INFO | [1465/1901] Fetching Rajamahendravaram (Rajahmundry) (RJMU)
2026-08-07 01:54:13,023 | INFO |    ↳ Status 200
2026-08-07 01:54:13,024 | INFO |    ✓ Found 0 movies
2026-08-07 01:54:13,024 | INFO | [1466/1901] Fetching Rajapalayam (RAYM)
2026-08-07 01:54:13,611 | INFO |    ↳ Status 200
2026-08-07 01:54:13,611 | INFO |    ✓ Found 8 movies
2026-08-07 01:54:13,611 | INFO | [1467/1901] Fetching Rajapur (RJPR)
2026-08-07 01:54:13,734 | INFO |    ↳ Status 200
2026-08-07 01:54:13,735 | INFO |    ✓ Found 0 movies
2026-08-07 01:54:13,735 | INFO | [1468/1901] Fetching Rajarampalli (RJRP)
2026-08-07 01:54:14,247 | INFO |    ↳ Status 200
2026-08-07 01:54:14,247 | INFO |    ✓ Found 8 movies
2026-08-07 01:54:14,247 | INFO | [1469/1901] Fetching Rajavommangi (RJVM)
2026-08-07 01:54:14,631 | INFO |    ↳ Status 200
2026-08-07 01:54:14,631 | INFO |    ✓ Found 8 movies
2026-08-07 01:54:14,631 | INFO | [1470/1901] Fetching Rajgangpur (RJGR)
2026-08-07 01:54:14,765 | INFO |    ↳ Status 200
2026-08-07 01:54:14,765 | INFO |    ✓ Found 8 movies
2026-08-07 01:54:14,765 | INFO | [1471/1901] Fetching Rajgurunagar (RAJR)
2026-08-07 01:54:14,790 | INFO |    ↳ Status 200
2026-08-07 01:54:14,791 | INFO |    ✓ Found 8 movies
2026-08-07 01:54:14,791 | INFO | [1472/1901] Fetching Rajiana (RIJA)
2026-08-07 01:54:15,182 | INFO |    ↳ Status 200
2026-08-07 01:54:15,183 | INFO |    ✓ Found 8 movies
2026-08-07 01:54:15,183 | INFO | [1473/1901] Fetching Rajkot (RAJK)
2026-08-07 01:54:16,161 | INFO |    ↳ Status 200
2026-08-07 01:54:16,162 | INFO |    ✓ Found 6 movies
2026-08-07 01:54:16,162 | INFO | [1474/1901] Fetching Rajnandgaon (RAJA)
2026-08-07 01:54:16,168 | INFO |    ↳ Status 200
2026-08-07 01:54:16,168 | INFO |    ✓ Found 8 movies
2026-08-07 01:54:16,168 | INFO | [1475/1901] Fetching Rajpipla (RJPA)
2026-08-07 01:54:16,237 | INFO |    ↳ Status 200
2026-08-07 01:54:16,237 | INFO |    ✓ Found 7 movies
2026-08-07 01:54:16,237 | INFO | [1476/1901] Fetching Rajpur (RAJP)
2026-08-07 01:54:16,411 | INFO |    ↳ Status 200
2026-08-07 01:54:16,411 | INFO |    ✓ Found 8 movies
2026-08-07 01:54:16,411 | INFO | [1477/1901] Fetching Rajpura (RARA)
2026-08-07 01:54:17,584 | INFO |    ↳ Status 200
2026-08-07 01:54:17,584 | INFO |    ✓ Found 7 movies
2026-08-07 01:54:17,584 | INFO | [1478/1901] Fetching Rajsamand (RAJS)
2026-08-07 01:54:17,587 | INFO |    ↳ Status 200
2026-08-07 01:54:17,587 | INFO |    ✓ Found 6 movies
2026-08-07 01:54:17,587 | INFO | [1479/1901] Fetching Rajula (RJLA)
2026-08-07 01:54:17,753 | INFO |    ↳ Status 200
2026-08-07 01:54:17,753 | INFO |    ✓ Found 7 movies
2026-08-07 01:54:17,753 | INFO | [1480/1901] Fetching Ramachandrapuram (RCPR)
2026-08-07 01:54:17,889 | INFO |    ↳ Status 200
2026-08-07 01:54:17,889 | INFO |    ✓ Found 8 movies
2026-08-07 01:54:17,889 | INFO | [1481/1901] Fetching Ramanagara (RANG)
2026-08-07 01:54:18,639 | INFO |    ↳ Status 200
2026-08-07 01:54:18,639 | INFO |    ✓ Found 0 movies
2026-08-07 01:54:18,639 | INFO | [1482/1901] Fetching Ramanathapuram (RAPU)
2026-08-07 01:54:18,751 | INFO |    ↳ Status 200
2026-08-07 01:54:18,751 | INFO |    ✓ Found 8 movies
2026-08-07 01:54:18,751 | INFO | [1483/1901] Fetching Ramayampet (RAMP)
2026-08-07 01:54:18,892 | INFO |    ↳ Status 200
2026-08-07 01:54:18,892 | INFO |    ✓ Found 8 movies
2026-08-07 01:54:18,892 | INFO | [1484/1901] Fetching Ramdurg (RAMD)
2026-08-07 01:54:19,948 | INFO |    ↳ Status 200
2026-08-07 01:54:19,949 | INFO |    ✓ Found 7 movies
2026-08-07 01:54:19,949 | INFO | [1485/1901] Fetching Rameswarpur (RMPR)
2026-08-07 01:54:20,282 | INFO |    ↳ Status 200
2026-08-07 01:54:20,282 | INFO |    ✓ Found 8 movies
2026-08-07 01:54:20,282 | INFO | [1486/1901] Fetching Ramgarh (GGHH)
2026-08-07 01:54:20,449 | INFO |    ↳ Status 200
2026-08-07 01:54:20,449 | INFO |    ✓ Found 8 movies
2026-08-07 01:54:20,449 | INFO | [1487/1901] Fetching Ramgarhwa (RGHA)
2026-08-07 01:54:20,986 | INFO |    ↳ Status 200
2026-08-07 01:54:20,986 | INFO |    ✓ Found 8 movies
2026-08-07 01:54:20,986 | INFO | [1488/1901] Fetching Ramjibanpur (PUUR)
2026-08-07 01:54:21,495 | INFO |    ↳ Status 200
2026-08-07 01:54:21,495 | INFO |    ✓ Found 0 movies
2026-08-07 01:54:21,495 | INFO | [1489/1901] Fetching Ramnagar (RAMN)
2026-08-07 01:54:21,589 | INFO |    ↳ Status 200
2026-08-07 01:54:21,589 | INFO |    ✓ Found 7 movies
2026-08-07 01:54:21,589 | INFO | [1490/1901] Fetching Rampachodavaram (RACD)
2026-08-07 01:54:21,842 | INFO |    ↳ Status 200
2026-08-07 01:54:21,842 | INFO |    ✓ Found 7 movies
2026-08-07 01:54:21,842 | INFO | [1491/1901] Fetching Rampur (RAMU)
2026-08-07 01:54:22,396 | INFO |    ↳ Status 200
2026-08-07 01:54:22,396 | INFO |    ✓ Found 8 movies
2026-08-07 01:54:22,396 | INFO | [1492/1901] Fetching Ramtek (RMTE)
2026-08-07 01:54:22,951 | INFO |    ↳ Status 200
2026-08-07 01:54:22,951 | INFO |    ✓ Found 8 movies
2026-08-07 01:54:22,951 | INFO | [1493/1901] Fetching Ranaghat (RANA)
2026-08-07 01:54:23,045 | INFO |    ↳ Status 200
2026-08-07 01:54:23,045 | INFO |    ✓ Found 8 movies
2026-08-07 01:54:23,045 | INFO | [1494/1901] Fetching Ranastalam (RNST)
2026-08-07 01:54:23,220 | INFO |    ↳ Status 200
2026-08-07 01:54:23,220 | INFO |    ✓ Found 8 movies
2026-08-07 01:54:23,220 | INFO | [1495/1901] Fetching Ranchi (RANC)
2026-08-07 01:54:23,533 | INFO |    ↳ Status 200
2026-08-07 01:54:23,533 | INFO |    ✓ Found 8 movies
2026-08-07 01:54:23,533 | INFO | [1496/1901] Fetching Ranebennur (RANE)
2026-08-07 01:54:24,093 | INFO |    ↳ Status 200
2026-08-07 01:54:24,093 | INFO |    ✓ Found 8 movies
2026-08-07 01:54:24,093 | INFO | [1497/1901] Fetching Rangia (RAAA)
2026-08-07 01:54:24,198 | INFO |    ↳ Status 200
2026-08-07 01:54:24,198 | INFO |    ✓ Found 7 movies
2026-08-07 01:54:24,198 | INFO | [1498/1901] Fetching Raniganj (RNGJ)
2026-08-07 01:54:24,995 | INFO |    ↳ Status 200
2026-08-07 01:54:24,995 | INFO |    ✓ Found 8 movies
2026-08-07 01:54:24,995 | INFO | [1499/1901] Fetching Ranipet (RANI)
2026-08-07 01:54:25,176 | INFO |    ↳ Status 200
2026-08-07 01:54:25,176 | INFO |    ✓ Found 7 movies
2026-08-07 01:54:25,176 | INFO | [1500/1901] Fetching Ranni (RANN)
2026-08-07 01:54:25,538 | INFO |    ↳ Status 200
2026-08-07 01:54:25,538 | INFO |    ✓ Found 8 movies
2026-08-07 01:54:25,538 | INFO | [1501/1901] Fetching Rapur (RAPR)
2026-08-07 01:54:25,730 | INFO |    ↳ Status 200
2026-08-07 01:54:25,730 | INFO |    ✓ Found 7 movies
2026-08-07 01:54:25,730 | INFO | [1502/1901] Fetching Rasipuram (RSPM)
2026-08-07 01:54:26,364 | INFO |    ↳ Status 200
2026-08-07 01:54:26,364 | INFO |    ✓ Found 8 movies
2026-08-07 01:54:26,364 | INFO | [1503/1901] Fetching Rath (ATRH)
2026-08-07 01:54:26,461 | INFO |    ↳ Status 200
2026-08-07 01:54:26,461 | INFO |    ✓ Found 8 movies
2026-08-07 01:54:26,461 | INFO | [1504/1901] Fetching Ratlam (RATL)
2026-08-07 01:54:26,894 | INFO |    ↳ Status 200
2026-08-07 01:54:26,894 | INFO |    ✓ Found 8 movies
2026-08-07 01:54:26,894 | INFO | [1505/1901] Fetching Ratnagiri (RATN)
2026-08-07 01:54:27,038 | INFO |    ↳ Status 200
2026-08-07 01:54:27,038 | INFO |    ✓ Found 8 movies
2026-08-07 01:54:27,038 | INFO | [1506/1901] Fetching Ratnagiri (Odisha) (RATO)
2026-08-07 01:54:27,798 | INFO |    ↳ Status 200
2026-08-07 01:54:27,798 | INFO |    ✓ Found 8 movies
2026-08-07 01:54:27,799 | INFO | [1507/1901] Fetching Ravulapalem (RVPL)
2026-08-07 01:54:27,848 | INFO |    ↳ Status 200
2026-08-07 01:54:27,848 | INFO |    ✓ Found 8 movies
2026-08-07 01:54:27,848 | INFO | [1508/1901] Fetching Raxaul (RAXA)
2026-08-07 01:54:28,004 | INFO |    ↳ Status 200
2026-08-07 01:54:28,004 | INFO |    ✓ Found 8 movies
2026-08-07 01:54:28,004 | INFO | [1509/1901] Fetching Rayachoti (RYCT)
2026-08-07 01:54:28,983 | INFO |    ↳ Status 200
2026-08-07 01:54:28,983 | INFO |    ✓ Found 7 movies
2026-08-07 01:54:28,984 | INFO | [1510/1901] Fetching Rayagada (RADA)
2026-08-07 01:54:29,169 | INFO |    ↳ Status 200
2026-08-07 01:54:29,169 | INFO |    ✓ Found 8 movies
2026-08-07 01:54:29,169 | INFO | [1511/1901] Fetching Rayakottai (RTTA)
2026-08-07 01:54:29,267 | INFO |    ↳ Status 200
2026-08-07 01:54:29,267 | INFO |    ✓ Found 8 movies
2026-08-07 01:54:29,267 | INFO | [1512/1901] Fetching Rayavaram (RAYA)
2026-08-07 01:54:29,435 | INFO |    ↳ Status 200
2026-08-07 01:54:29,435 | INFO |    ✓ Found 8 movies
2026-08-07 01:54:29,435 | INFO | [1513/1901] Fetching Razole (RAZO)
2026-08-07 01:54:30,105 | INFO |    ↳ Status 200
2026-08-07 01:54:30,105 | INFO |    ✓ Found 8 movies
2026-08-07 01:54:30,105 | INFO | [1514/1901] Fetching Rentachintala (RENT)
2026-08-07 01:54:30,320 | INFO |    ↳ Status 200
2026-08-07 01:54:30,320 | INFO |    ✓ Found 0 movies
2026-08-07 01:54:30,321 | INFO | [1515/1901] Fetching Renukoot (RENU)
2026-08-07 01:54:30,432 | INFO |    ↳ Status 200
2026-08-07 01:54:30,433 | INFO |    ✓ Found 8 movies
2026-08-07 01:54:30,433 | INFO | [1516/1901] Fetching Repalle (REPA)
2026-08-07 01:54:31,326 | INFO |    ↳ Status 200
2026-08-07 01:54:31,326 | INFO |    ✓ Found 8 movies
2026-08-07 01:54:31,326 | INFO | [1517/1901] Fetching Revdanda (REVD)
2026-08-07 01:54:31,329 | INFO |    ↳ Status 200
2026-08-07 01:54:31,329 | INFO |    ✓ Found 8 movies
2026-08-07 01:54:31,329 | INFO | [1518/1901] Fetching Rewa (RWAA)
2026-08-07 01:54:31,811 | INFO |    ↳ Status 200
2026-08-07 01:54:31,811 | INFO |    ✓ Found 8 movies
2026-08-07 01:54:31,812 | INFO | [1519/1901] Fetching Rewari (REWA)
2026-08-07 01:54:31,932 | INFO |    ↳ Status 200
2026-08-07 01:54:31,932 | INFO |    ✓ Found 8 movies
2026-08-07 01:54:31,933 | INFO | [1520/1901] Fetching RiBhoi (RIBH)
2026-08-07 01:54:32,343 | INFO |    ↳ Status 200
2026-08-07 01:54:32,343 | INFO |    ✓ Found 0 movies
2026-08-07 01:54:32,344 | INFO | [1521/1901] Fetching Ringas (RGAS)
2026-08-07 01:54:32,849 | INFO |    ↳ Status 200
2026-08-07 01:54:32,850 | INFO |    ✓ Found 7 movies
2026-08-07 01:54:32,850 | INFO | [1522/1901] Fetching Rishikesh (RKES)
2026-08-07 01:54:32,928 | INFO |    ↳ Status 200
2026-08-07 01:54:32,928 | INFO |    ✓ Found 8 movies
2026-08-07 01:54:32,928 | INFO | [1523/1901] Fetching Rishra (RSRA)
2026-08-07 01:54:32,935 | INFO |    ↳ Status 200
2026-08-07 01:54:32,935 | INFO |    ✓ Found 0 movies
2026-08-07 01:54:32,935 | INFO | [1524/1901] Fetching Robertsganj (ROBE)
2026-08-07 01:54:33,860 | INFO |    ↳ Status 200
2026-08-07 01:54:33,860 | INFO |    ✓ Found 0 movies
2026-08-07 01:54:33,860 | INFO | [1525/1901] Fetching Rohtak (ROH)
2026-08-07 01:54:33,881 | INFO |    ↳ Status 200
2026-08-07 01:54:33,881 | INFO |    ✓ Found 7 movies
2026-08-07 01:54:33,881 | INFO | [1526/1901] Fetching Ron (RONC)
2026-08-07 01:54:33,882 | INFO |    ↳ Status 200
2026-08-07 01:54:33,882 | INFO |    ✓ Found 7 movies
2026-08-07 01:54:33,882 | INFO | [1527/1901] Fetching Rongjeng (RNG)
2026-08-07 01:54:34,392 | INFO |    ↳ Status 200
2026-08-07 01:54:34,392 | INFO |    ✓ Found 8 movies
2026-08-07 01:54:34,392 | INFO | [1528/1901] Fetching Roorkee (ROOR)
2026-08-07 01:54:35,099 | INFO |    ↳ Status 200
2026-08-07 01:54:35,100 | INFO |    ✓ Found 8 movies
2026-08-07 01:54:35,100 | INFO | [1529/1901] Fetching Rourkela (RKOR)
2026-08-07 01:54:35,473 | INFO |    ↳ Status 200
2026-08-07 01:54:35,473 | INFO |    ✓ Found 0 movies
2026-08-07 01:54:35,473 | INFO | [1530/1901] Fetching Routhulapudi (ROUT)
2026-08-07 01:54:35,661 | INFO |    ↳ Status 200
2026-08-07 01:54:35,661 | INFO |    ✓ Found 8 movies
2026-08-07 01:54:35,661 | INFO | [1531/1901] Fetching Rudauli (RUDU)
2026-08-07 01:54:35,674 | INFO |    ↳ Status 200
2026-08-07 01:54:35,674 | INFO |    ✓ Found 7 movies
2026-08-07 01:54:35,675 | INFO | [1532/1901] Fetching Rudrapur (RUDP)
2026-08-07 01:54:36,718 | INFO |    ↳ Status 200
2026-08-07 01:54:36,718 | INFO |    ✓ Found 8 movies
2026-08-07 01:54:36,718 | INFO | [1533/1901] Fetching Rupnagar (RUPN)
2026-08-07 01:54:37,013 | INFO |    ↳ Status 200
2026-08-07 01:54:37,013 | INFO |    ✓ Found 8 movies
2026-08-07 01:54:37,013 | INFO | [1534/1901] Fetching Sabbavaram (SABB)
2026-08-07 01:54:37,192 | INFO |    ↳ Status 200
2026-08-07 01:54:37,192 | INFO |    ✓ Found 8 movies
2026-08-07 01:54:37,192 | INFO | [1535/1901] Fetching Sadasivpet (SADA)
2026-08-07 01:54:37,388 | INFO |    ↳ Status 200
2026-08-07 01:54:37,389 | INFO |    ✓ Found 8 movies
2026-08-07 01:54:37,389 | INFO | [1536/1901] Fetching Safidon (SAFI)
2026-08-07 01:54:38,433 | INFO |    ↳ Status 200
2026-08-07 01:54:38,434 | INFO |    ✓ Found 6 movies
2026-08-07 01:54:38,434 | INFO | [1537/1901] Fetching Sagar (SAMP)
2026-08-07 01:54:38,555 | INFO |    ↳ Status 200
2026-08-07 01:54:38,555 | INFO |    ✓ Found 7 movies
2026-08-07 01:54:38,555 | INFO | [1538/1901] Fetching Sagwara (SAGA)
2026-08-07 01:54:38,576 | INFO |    ↳ Status 200
2026-08-07 01:54:38,576 | INFO |    ✓ Found 8 movies
2026-08-07 01:54:38,576 | INFO | [1539/1901] Fetching Saharanpur (SAHA)
2026-08-07 01:54:39,042 | INFO |    ↳ Status 200
2026-08-07 01:54:39,042 | INFO |    ✓ Found 8 movies
2026-08-07 01:54:39,042 | INFO | [1540/1901] Fetching Saharsa (SAHH)
2026-08-07 01:54:39,808 | INFO |    ↳ Status 200
2026-08-07 01:54:39,808 | INFO |    ✓ Found 7 movies
2026-08-07 01:54:39,808 | INFO | [1541/1901] Fetching Sahibganj (SBBB)
2026-08-07 01:54:40,055 | INFO |    ↳ Status 200
2026-08-07 01:54:40,055 | INFO |    ✓ Found 8 movies
2026-08-07 01:54:40,055 | INFO | [1542/1901] Fetching Sahjanwa (SAHJ)
2026-08-07 01:54:40,267 | INFO |    ↳ Status 200
2026-08-07 01:54:40,267 | INFO |    ✓ Found 8 movies
2026-08-07 01:54:40,267 | INFO | [1543/1901] Fetching Sakleshpur (SASA)
2026-08-07 01:54:40,749 | INFO |    ↳ Status 200
2026-08-07 01:54:40,749 | INFO |    ✓ Found 7 movies
2026-08-07 01:54:40,749 | INFO | [1544/1901] Fetching Sakti (SAKT)
2026-08-07 01:54:40,850 | INFO |    ↳ Status 200
2026-08-07 01:54:40,850 | INFO |    ✓ Found 8 movies
2026-08-07 01:54:40,850 | INFO | [1545/1901] Fetching Salem (SALM)
2026-08-07 01:54:41,220 | INFO |    ↳ Status 200
2026-08-07 01:54:41,220 | INFO |    ✓ Found 8 movies
2026-08-07 01:54:41,220 | INFO | [1546/1901] Fetching Saligrama (SGMA)
2026-08-07 01:54:41,236 | INFO |    ↳ Status 200
2026-08-07 01:54:41,237 | INFO |    ✓ Found 8 movies
2026-08-07 01:54:41,237 | INFO | [1547/1901] Fetching Salihundam (SAHM)
2026-08-07 01:54:42,187 | INFO |    ↳ Status 200
2026-08-07 01:54:42,187 | INFO |    ✓ Found 8 movies
2026-08-07 01:54:42,187 | INFO | [1548/1901] Fetching Salur (SALU)
2026-08-07 01:54:42,247 | INFO |    ↳ Status 200
2026-08-07 01:54:42,247 | INFO |    ✓ Found 8 movies
2026-08-07 01:54:42,247 | INFO | [1549/1901] Fetching Samalkota (SAMA)
2026-08-07 01:54:42,514 | INFO |    ↳ Status 200
2026-08-07 01:54:42,514 | INFO |    ✓ Found 8 movies
2026-08-07 01:54:42,514 | INFO | [1550/1901] Fetching Samastipur (SMST)
2026-08-07 01:54:42,566 | INFO |    ↳ Status 200
2026-08-07 01:54:42,566 | INFO |    ✓ Found 7 movies
2026-08-07 01:54:42,566 | INFO | [1551/1901] Fetching Sambalpur (SAMB)
2026-08-07 01:54:43,361 | INFO |    ↳ Status 200
2026-08-07 01:54:43,361 | INFO |    ✓ Found 8 movies
2026-08-07 01:54:43,361 | INFO | [1552/1901] Fetching Sambhal (SAML)
2026-08-07 01:54:43,722 | INFO |    ↳ Status 200
2026-08-07 01:54:43,723 | INFO |    ✓ Found 8 movies
2026-08-07 01:54:43,723 | INFO | [1553/1901] Fetching Sambhar (SABH)
2026-08-07 01:54:43,848 | INFO |    ↳ Status 200
2026-08-07 01:54:43,848 | INFO |    ✓ Found 8 movies
2026-08-07 01:54:43,848 | INFO | [1554/1901] Fetching Samsi (SAMS)
2026-08-07 01:54:43,976 | INFO |    ↳ Status 200
2026-08-07 01:54:43,977 | INFO |    ✓ Found 8 movies
2026-08-07 01:54:43,977 | INFO | [1555/1901] Fetching Sanand (SANA)
2026-08-07 01:54:44,429 | INFO |    ↳ Status 200
2026-08-07 01:54:44,430 | INFO |    ✓ Found 8 movies
2026-08-07 01:54:44,430 | INFO | [1556/1901] Fetching Sanawad (SNWD)
2026-08-07 01:54:45,287 | INFO |    ↳ Status 200
2026-08-07 01:54:45,287 | INFO |    ✓ Found 7 movies
2026-08-07 01:54:45,287 | INFO | [1557/1901] Fetching Sangamner (SMNE)
2026-08-07 01:54:45,575 | INFO |    ↳ Status 200
2026-08-07 01:54:45,575 | INFO |    ✓ Found 7 movies
2026-08-07 01:54:45,575 | INFO | [1558/1901] Fetching Sangareddy (SARE)
2026-08-07 01:54:45,659 | INFO |    ↳ Status 200
2026-08-07 01:54:45,659 | INFO |    ✓ Found 7 movies
2026-08-07 01:54:45,660 | INFO | [1559/1901] Fetching Sangaria (SAGR)
2026-08-07 01:54:46,381 | INFO |    ↳ Status 200
2026-08-07 01:54:46,381 | INFO |    ✓ Found 8 movies
2026-08-07 01:54:46,382 | INFO | [1560/1901] Fetching Sangli (SANG)
2026-08-07 01:54:46,498 | INFO |    ↳ Status 200
2026-08-07 01:54:46,499 | INFO |    ✓ Found 8 movies
2026-08-07 01:54:46,499 | INFO | [1561/1901] Fetching Sangola (SNGO)
2026-08-07 01:54:46,975 | INFO |    ↳ Status 200
2026-08-07 01:54:46,975 | INFO |    ✓ Found 8 movies
2026-08-07 01:54:46,975 | INFO | [1562/1901] Fetching Sangrur (SANR)
2026-08-07 01:54:47,360 | INFO |    ↳ Status 200
2026-08-07 01:54:47,360 | INFO |    ✓ Found 7 movies
2026-08-07 01:54:47,360 | INFO | [1563/1901] Fetching Sankarankoil (SAKL)
2026-08-07 01:54:48,182 | INFO |    ↳ Status 200
2026-08-07 01:54:48,182 | INFO |    ✓ Found 8 movies
2026-08-07 01:54:48,182 | INFO | [1564/1901] Fetching Sankarapuram (SKPM)
2026-08-07 01:54:48,391 | INFO |    ↳ Status 200
2026-08-07 01:54:48,391 | INFO |    ✓ Found 8 movies
2026-08-07 01:54:48,391 | INFO | [1565/1901] Fetching Sankeshwar (SKHW)
2026-08-07 01:54:48,630 | INFO |    ↳ Status 200
2026-08-07 01:54:48,630 | INFO |    ✓ Found 8 movies
2026-08-07 01:54:48,630 | INFO | [1566/1901] Fetching Sankri (SANK)
2026-08-07 01:54:48,687 | INFO |    ↳ Status 200
2026-08-07 01:54:48,687 | INFO |    ✓ Found 6 movies
2026-08-07 01:54:48,687 | INFO | [1567/1901] Fetching Santhebennur (STHB)
2026-08-07 01:54:49,457 | INFO |    ↳ Status 200
2026-08-07 01:54:49,457 | INFO |    ✓ Found 8 movies
2026-08-07 01:54:49,457 | INFO | [1568/1901] Fetching Sanwer (SAWR)
2026-08-07 01:54:49,592 | INFO |    ↳ Status 200
2026-08-07 01:54:49,592 | INFO |    ✓ Found 8 movies
2026-08-07 01:54:49,592 | INFO | [1569/1901] Fetching Saoner (SAOR)
2026-08-07 01:54:49,914 | INFO |    ↳ Status 200
2026-08-07 01:54:49,914 | INFO |    ✓ Found 8 movies
2026-08-07 01:54:49,914 | INFO | [1570/1901] Fetching Saraipali (SPAL)
2026-08-07 01:54:50,360 | INFO |    ↳ Status 200
2026-08-07 01:54:50,360 | INFO |    ✓ Found 8 movies
2026-08-07 01:54:50,360 | INFO | [1571/1901] Fetching Sarangarh (SARH)
2026-08-07 01:54:50,741 | INFO |    ↳ Status 200
2026-08-07 01:54:50,742 | INFO |    ✓ Found 8 movies
2026-08-07 01:54:50,742 | INFO | [1572/1901] Fetching Sarangpur (SARA)
2026-08-07 01:54:51,284 | INFO |    ↳ Status 200
2026-08-07 01:54:51,285 | INFO |    ✓ Found 8 movies
2026-08-07 01:54:51,285 | INFO | [1573/1901] Fetching Sarapaka (SARP)
2026-08-07 01:54:51,416 | INFO |    ↳ Status 200
2026-08-07 01:54:51,416 | INFO |    ✓ Found 7 movies
2026-08-07 01:54:51,417 | INFO | [1574/1901] Fetching Sardhana (DDDD)
2026-08-07 01:54:51,839 | INFO |    ↳ Status 200
2026-08-07 01:54:51,839 | INFO |    ✓ Found 7 movies
2026-08-07 01:54:51,839 | INFO | [1575/1901] Fetching Sardulgarh (SARD)
2026-08-07 01:54:52,054 | INFO |    ↳ Status 200
2026-08-07 01:54:52,054 | INFO |    ✓ Found 8 movies
2026-08-07 01:54:52,054 | INFO | [1576/1901] Fetching Sarnath (SART)
2026-08-07 01:54:52,437 | INFO |    ↳ Status 200
2026-08-07 01:54:52,437 | INFO |    ✓ Found 8 movies
2026-08-07 01:54:52,437 | INFO | [1577/1901] Fetching Sarni (SARN)
2026-08-07 01:54:52,452 | INFO |    ↳ Status 200
2026-08-07 01:54:52,452 | INFO |    ✓ Found 8 movies
2026-08-07 01:54:52,452 | INFO | [1578/1901] Fetching Sarsiwa (SARS)
2026-08-07 01:54:53,305 | INFO |    ↳ Status 200
2026-08-07 01:54:53,305 | INFO |    ✓ Found 8 movies
2026-08-07 01:54:53,305 | INFO | [1579/1901] Fetching Sasaram (SARM)
2026-08-07 01:54:53,757 | INFO |    ↳ Status 200
2026-08-07 01:54:53,757 | INFO |    ✓ Found 7 movies
2026-08-07 01:54:53,757 | INFO | [1580/1901] Fetching Satana (STNA)
2026-08-07 01:54:53,809 | INFO |    ↳ Status 200
2026-08-07 01:54:53,809 | INFO |    ✓ Found 6 movies
2026-08-07 01:54:53,809 | INFO | [1581/1901] Fetching Satara (SATA)
2026-08-07 01:54:54,714 | INFO |    ↳ Status 200
2026-08-07 01:54:54,714 | INFO |    ✓ Found 8 movies
2026-08-07 01:54:54,714 | INFO | [1582/1901] Fetching Sathankulam (SNTK)
2026-08-07 01:54:54,801 | INFO |    ↳ Status 200
2026-08-07 01:54:54,802 | INFO |    ✓ Found 7 movies
2026-08-07 01:54:54,802 | INFO | [1583/1901] Fetching Sathupally (SATH)
2026-08-07 01:54:54,952 | INFO |    ↳ Status 200
2026-08-07 01:54:54,953 | INFO |    ✓ Found 8 movies
2026-08-07 01:54:54,953 | INFO | [1584/1901] Fetching Sathyamangalam (STHY)
2026-08-07 01:54:55,071 | INFO |    ↳ Status 200
2026-08-07 01:54:55,072 | INFO |    ✓ Found 8 movies
2026-08-07 01:54:55,072 | INFO | [1585/1901] Fetching Satmile (SATI)
2026-08-07 01:54:55,726 | INFO |    ↳ Status 200
2026-08-07 01:54:55,726 | INFO |    ✓ Found 8 movies
2026-08-07 01:54:55,727 | INFO | [1586/1901] Fetching Satna (SATN)
2026-08-07 01:54:56,106 | INFO |    ↳ Status 200
2026-08-07 01:54:56,106 | INFO |    ✓ Found 8 movies
2026-08-07 01:54:56,106 | INFO | [1587/1901] Fetching Sattenapalle (SATL)
2026-08-07 01:54:56,685 | INFO |    ↳ Status 200
2026-08-07 01:54:56,686 | INFO |    ✓ Found 8 movies
2026-08-07 01:54:56,686 | INFO | [1588/1901] Fetching Saundatti (SAUN)
2026-08-07 01:54:56,697 | INFO |    ↳ Status 200
2026-08-07 01:54:56,698 | INFO |    ✓ Found 0 movies
2026-08-07 01:54:56,698 | INFO | [1589/1901] Fetching Sawai Madhopur (SWMP)
2026-08-07 01:54:57,124 | INFO |    ↳ Status 200
2026-08-07 01:54:57,124 | INFO |    ✓ Found 8 movies
2026-08-07 01:54:57,124 | INFO | [1590/1901] Fetching Sawantwadi (SAWA)
2026-08-07 01:54:57,215 | INFO |    ↳ Status 200
2026-08-07 01:54:57,215 | INFO |    ✓ Found 8 movies
2026-08-07 01:54:57,216 | INFO | [1591/1901] Fetching Sayan (SYAN)
2026-08-07 01:54:57,753 | INFO |    ↳ Status 200
2026-08-07 01:54:57,754 | INFO |    ✓ Found 7 movies
2026-08-07 01:54:57,754 | INFO | [1592/1901] Fetching Secunderabad (SCBD)
2026-08-07 01:54:58,003 | INFO |    ↳ Status 200
2026-08-07 01:54:58,003 | INFO |    ✓ Found 8 movies
2026-08-07 01:54:58,003 | INFO | [1593/1901] Fetching Seethanagaram (SEET)
2026-08-07 01:54:58,648 | INFO |    ↳ Status 200
2026-08-07 01:54:58,648 | INFO |    ✓ Found 8 movies
2026-08-07 01:54:58,648 | INFO | [1594/1901] Fetching Sehmalpur (SEHL)
2026-08-07 01:54:58,775 | INFO |    ↳ Status 200
2026-08-07 01:54:58,775 | INFO |    ✓ Found 7 movies
2026-08-07 01:54:58,775 | INFO | [1595/1901] Fetching Sehore (SEHO)
2026-08-07 01:54:59,001 | INFO |    ↳ Status 200
2026-08-07 01:54:59,001 | INFO |    ✓ Found 8 movies
2026-08-07 01:54:59,001 | INFO | [1596/1901] Fetching Selu (SELU)
2026-08-07 01:54:59,833 | INFO |    ↳ Status 200
2026-08-07 01:54:59,833 | INFO |    ✓ Found 8 movies
2026-08-07 01:54:59,833 | INFO | [1597/1901] Fetching Semiliguda (SIMI)
2026-08-07 01:55:00,355 | INFO |    ↳ Status 200
2026-08-07 01:55:00,355 | INFO |    ✓ Found 8 movies
2026-08-07 01:55:00,355 | INFO | [1598/1901] Fetching Senapati (SENA)
2026-08-07 01:55:00,481 | INFO |    ↳ Status 200
2026-08-07 01:55:00,481 | INFO |    ✓ Found 8 movies
2026-08-07 01:55:00,481 | INFO | [1599/1901] Fetching Sendhwa (SEND)
2026-08-07 01:55:00,739 | INFO |    ↳ Status 200
2026-08-07 01:55:00,740 | INFO |    ✓ Found 8 movies
2026-08-07 01:55:00,740 | INFO | [1600/1901] Fetching Sendurai (SEAI)
2026-08-07 01:55:01,416 | INFO |    ↳ Status 200
2026-08-07 01:55:01,416 | INFO |    ✓ Found 8 movies
2026-08-07 01:55:01,416 | INFO | [1601/1901] Fetching Sengottai (SENG)
2026-08-07 01:55:01,480 | INFO |    ↳ Status 200
2026-08-07 01:55:01,480 | INFO |    ✓ Found 8 movies
2026-08-07 01:55:01,480 | INFO | [1602/1901] Fetching Seoni (SEON)
2026-08-07 01:55:01,808 | INFO |    ↳ Status 200
2026-08-07 01:55:01,808 | INFO |    ✓ Found 8 movies
2026-08-07 01:55:01,808 | INFO | [1603/1901] Fetching Seoni Malwa (SEMA)
2026-08-07 01:55:02,120 | INFO |    ↳ Status 200
2026-08-07 01:55:02,120 | INFO |    ✓ Found 8 movies
2026-08-07 01:55:02,120 | INFO | [1604/1901] Fetching Serampore (SERA)
2026-08-07 01:55:02,554 | INFO |    ↳ Status 200
2026-08-07 01:55:02,554 | INFO |    ✓ Found 8 movies
2026-08-07 01:55:02,554 | INFO | [1605/1901] Fetching Shadnagar (SHAD)
2026-08-07 01:55:03,123 | INFO |    ↳ Status 200
2026-08-07 01:55:03,123 | INFO |    ✓ Found 8 movies
2026-08-07 01:55:03,123 | INFO | [1606/1901] Fetching Shahada (SHHA)
2026-08-07 01:55:03,362 | INFO |    ↳ Status 200
2026-08-07 01:55:03,362 | INFO |    ✓ Found 7 movies
2026-08-07 01:55:03,362 | INFO | [1607/1901] Fetching Shahapur (SHAP)
2026-08-07 01:55:03,498 | INFO |    ↳ Status 200
2026-08-07 01:55:03,498 | INFO |    ✓ Found 8 movies
2026-08-07 01:55:03,498 | INFO | [1608/1901] Fetching Shahdol (SHAH)
2026-08-07 01:55:04,358 | INFO |    ↳ Status 200
2026-08-07 01:55:04,358 | INFO |    ✓ Found 8 movies
2026-08-07 01:55:04,358 | INFO | [1609/1901] Fetching Shahjahanpur (SHJH)
2026-08-07 01:55:04,653 | INFO |    ↳ Status 200
2026-08-07 01:55:04,653 | INFO |    ✓ Found 8 movies
2026-08-07 01:55:04,653 | INFO | [1610/1901] Fetching Shahpur (SUPH)
2026-08-07 01:55:04,688 | INFO |    ↳ Status 200
2026-08-07 01:55:04,688 | INFO |    ✓ Found 8 movies
2026-08-07 01:55:04,688 | INFO | [1611/1901] Fetching Shahpura (SHAA)
2026-08-07 01:55:05,109 | INFO |    ↳ Status 200
2026-08-07 01:55:05,109 | INFO |    ✓ Found 8 movies
2026-08-07 01:55:05,109 | INFO | [1612/1901] Fetching Shajapur (SJUR)
2026-08-07 01:55:05,793 | INFO |    ↳ Status 200
2026-08-07 01:55:05,793 | INFO |    ✓ Found 8 movies
2026-08-07 01:55:05,793 | INFO | [1613/1901] Fetching Shamgarh (SGAH)
2026-08-07 01:55:05,809 | INFO |    ↳ Status 200
2026-08-07 01:55:05,809 | INFO |    ✓ Found 7 movies
2026-08-07 01:55:05,809 | INFO | [1614/1901] Fetching Shamli (SHAM)
2026-08-07 01:55:05,837 | INFO |    ↳ Status 200
2026-08-07 01:55:05,837 | INFO |    ✓ Found 8 movies
2026-08-07 01:55:05,838 | INFO | [1615/1901] Fetching Shankarampet (SHAN)
2026-08-07 01:55:06,613 | INFO |    ↳ Status 200
2026-08-07 01:55:06,613 | INFO |    ✓ Found 8 movies
2026-08-07 01:55:06,613 | INFO | [1616/1901] Fetching Shankarpally (SKRP)
2026-08-07 01:55:07,146 | INFO |    ↳ Status 200
2026-08-07 01:55:07,146 | INFO |    ✓ Found 8 movies
2026-08-07 01:55:07,146 | INFO | [1617/1901] Fetching Shankarpur (SHNC)
2026-08-07 01:55:07,522 | INFO |    ↳ Status 200
2026-08-07 01:55:07,522 | INFO |    ✓ Found 8 movies
2026-08-07 01:55:07,522 | INFO | [1618/1901] Fetching Shela (SHEL)
2026-08-07 01:55:07,615 | INFO |    ↳ Status 200
2026-08-07 01:55:07,615 | INFO |    ✓ Found 8 movies
2026-08-07 01:55:07,615 | INFO | [1619/1901] Fetching Sheopur (SHPR)
2026-08-07 01:55:07,728 | INFO |    ↳ Status 200
2026-08-07 01:55:07,728 | INFO |    ✓ Found 8 movies
2026-08-07 01:55:07,728 | INFO | [1620/1901] Fetching Sheorinarayan (SHEO)
2026-08-07 01:55:08,558 | INFO |    ↳ Status 200
2026-08-07 01:55:08,559 | INFO |    ✓ Found 8 movies
2026-08-07 01:55:08,559 | INFO | [1621/1901] Fetching Shikaripur (SHKR)
2026-08-07 01:55:08,621 | INFO |    ↳ Status 200
2026-08-07 01:55:08,621 | INFO |    ✓ Found 8 movies
2026-08-07 01:55:08,621 | INFO | [1622/1901] Fetching Shikarpur (SHIP)
2026-08-07 01:55:08,925 | INFO |    ↳ Status 200
2026-08-07 01:55:08,926 | INFO |    ✓ Found 7 movies
2026-08-07 01:55:08,926 | INFO | [1623/1901] Fetching Shikrapur (SKHR)
2026-08-07 01:55:09,096 | INFO |    ↳ Status 200
2026-08-07 01:55:09,096 | INFO |    ✓ Found 7 movies
2026-08-07 01:55:09,096 | INFO | [1624/1901] Fetching Shillong (SHLG)
2026-08-07 01:55:09,962 | INFO |    ↳ Status 200
2026-08-07 01:55:09,963 | INFO |    ✓ Found 8 movies
2026-08-07 01:55:09,963 | INFO | [1625/1901] Fetching Shimla (SMLA)
2026-08-07 01:55:09,995 | INFO |    ↳ Status 200
2026-08-07 01:55:09,996 | INFO |    ✓ Found 1 movies
2026-08-07 01:55:09,996 | INFO | [1626/1901] Fetching Shindkheda (SHDK)
2026-08-07 01:55:10,236 | INFO |    ↳ Status 200
2026-08-07 01:55:10,236 | INFO |    ✓ Found 8 movies
2026-08-07 01:55:10,236 | INFO | [1627/1901] Fetching Shirahatti (SHTI)
2026-08-07 01:55:11,379 | INFO |    ↳ Status 200
2026-08-07 01:55:11,379 | INFO |    ✓ Found 0 movies
2026-08-07 01:55:11,379 | INFO | [1628/1901] Fetching Shirali (SHIR)
2026-08-07 01:55:11,598 | INFO |    ↳ Status 200
2026-08-07 01:55:11,598 | INFO |    ✓ Found 8 movies
2026-08-07 01:55:11,599 | INFO | [1629/1901] Fetching Shirpur (SRUR)
2026-08-07 01:55:11,613 | INFO |    ↳ Status 200
2026-08-07 01:55:11,613 | INFO |    ✓ Found 8 movies
2026-08-07 01:55:11,613 | INFO | [1630/1901] Fetching Shirur (SHRU)
2026-08-07 01:55:12,001 | INFO |    ↳ Status 200
2026-08-07 01:55:12,002 | INFO |    ✓ Found 8 movies
2026-08-07 01:55:12,002 | INFO | [1631/1901] Fetching Shivamogga (SHIA)
2026-08-07 01:55:12,845 | INFO |    ↳ Status 200
2026-08-07 01:55:12,845 | INFO |    ✓ Found 8 movies
2026-08-07 01:55:12,845 | INFO | [1632/1901] Fetching Shivpuri (SHIV)
2026-08-07 01:55:13,051 | INFO |    ↳ Status 200
2026-08-07 01:55:13,051 | INFO |    ✓ Found 8 movies
2026-08-07 01:55:13,051 | INFO | [1633/1901] Fetching Shopian (SPHN)
2026-08-07 01:55:13,112 | INFO |    ↳ Status 200
2026-08-07 01:55:13,113 | INFO |    ✓ Found 8 movies
2026-08-07 01:55:13,113 | INFO | [1634/1901] Fetching Shoranur (SHNR)
2026-08-07 01:55:13,728 | INFO |    ↳ Status 200
2026-08-07 01:55:13,728 | INFO |    ✓ Found 8 movies
2026-08-07 01:55:13,728 | INFO | [1635/1901] Fetching Shrigonda (SHRI)
2026-08-07 01:55:13,906 | INFO |    ↳ Status 200
2026-08-07 01:55:13,906 | INFO |    ✓ Found 8 movies
2026-08-07 01:55:13,906 | INFO | [1636/1901] Fetching Shrirampur (SHUR)
2026-08-07 01:55:14,089 | INFO |    ↳ Status 200
2026-08-07 01:55:14,090 | INFO |    ✓ Found 8 movies
2026-08-07 01:55:14,090 | INFO | [1637/1901] Fetching Shujalpur (SHLP)
2026-08-07 01:55:14,370 | INFO |    ↳ Status 200
2026-08-07 01:55:14,370 | INFO |    ✓ Found 8 movies
2026-08-07 01:55:14,370 | INFO | [1638/1901] Fetching Shuklaganj (SKLG)
2026-08-07 01:55:15,391 | INFO |    ↳ Status 200
2026-08-07 01:55:15,392 | INFO |    ✓ Found 8 movies
2026-08-07 01:55:15,392 | INFO | [1639/1901] Fetching Siddharthnagar (SIDZ)
2026-08-07 01:55:15,460 | INFO |    ↳ Status 200
2026-08-07 01:55:15,460 | INFO |    ✓ Found 8 movies
2026-08-07 01:55:15,461 | INFO | [1640/1901] Fetching Siddhpur (SIDD)
2026-08-07 01:55:15,619 | INFO |    ↳ Status 200
2026-08-07 01:55:15,619 | INFO |    ✓ Found 8 movies
2026-08-07 01:55:15,619 | INFO | [1641/1901] Fetching Siddipet (SDDP)
2026-08-07 01:55:15,707 | INFO |    ↳ Status 200
2026-08-07 01:55:15,707 | INFO |    ✓ Found 8 movies
2026-08-07 01:55:15,707 | INFO | [1642/1901] Fetching Sidlaghatta (SIDL)
2026-08-07 01:55:16,832 | INFO |    ↳ Status 200
2026-08-07 01:55:16,833 | INFO |    ✓ Found 7 movies
2026-08-07 01:55:16,833 | INFO | [1643/1901] Fetching Sihora (SIHO)
2026-08-07 01:55:16,863 | INFO |    ↳ Status 200
2026-08-07 01:55:16,863 | INFO |    ✓ Found 8 movies
2026-08-07 01:55:16,864 | INFO | [1644/1901] Fetching Sikar (SIKR)
2026-08-07 01:55:16,972 | INFO |    ↳ Status 200
2026-08-07 01:55:16,972 | INFO |    ✓ Found 0 movies
2026-08-07 01:55:16,973 | INFO | [1645/1901] Fetching Silchar (SIL)
2026-08-07 01:55:17,387 | INFO |    ↳ Status 200
2026-08-07 01:55:17,387 | INFO |    ✓ Found 8 movies
2026-08-07 01:55:17,387 | INFO | [1646/1901] Fetching Siliguri (SILI)
2026-08-07 01:55:18,421 | INFO |    ↳ Status 200
2026-08-07 01:55:18,421 | INFO |    ✓ Found 7 movies
2026-08-07 01:55:18,421 | INFO | [1647/1901] Fetching Silvassa (SILV)
2026-08-07 01:55:18,756 | INFO |    ↳ Status 200
2026-08-07 01:55:18,756 | INFO |    ✓ Found 8 movies
2026-08-07 01:55:18,757 | INFO | [1648/1901] Fetching Sindhanur (SIND)
2026-08-07 01:55:18,870 | INFO |    ↳ Status 200
2026-08-07 01:55:18,870 | INFO |    ✓ Found 7 movies
2026-08-07 01:55:18,870 | INFO | [1649/1901] Fetching Sindhudurg (SNDH)
2026-08-07 01:55:18,979 | INFO |    ↳ Status 200
2026-08-07 01:55:18,980 | INFO |    ✓ Found 7 movies
2026-08-07 01:55:18,980 | INFO | [1650/1901] Fetching Singapore (SING)
2026-08-07 01:55:19,811 | INFO |    ↳ Status 200
2026-08-07 01:55:19,812 | INFO |    ✓ Found 8 movies
2026-08-07 01:55:19,812 | INFO | [1651/1901] Fetching Singarayakonda (SIGN)
2026-08-07 01:55:19,962 | INFO |    ↳ Status 200
2026-08-07 01:55:19,962 | INFO |    ✓ Found 7 movies
2026-08-07 01:55:19,962 | INFO | [1652/1901] Fetching Singrauli (SNGR)
2026-08-07 01:55:20,003 | INFO |    ↳ Status 200
2026-08-07 01:55:20,003 | INFO |    ✓ Found 1 movies
2026-08-07 01:55:20,003 | INFO | [1653/1901] Fetching Sinnar (SINA)
2026-08-07 01:55:20,299 | INFO |    ↳ Status 200
2026-08-07 01:55:20,300 | INFO |    ✓ Found 8 movies
2026-08-07 01:55:20,300 | INFO | [1654/1901] Fetching Sira (SIRA)
2026-08-07 01:55:20,986 | INFO |    ↳ Status 200
2026-08-07 01:55:20,986 | INFO |    ✓ Found 8 movies
2026-08-07 01:55:20,987 | INFO | [1655/1901] Fetching Sircilla (SIRC)
2026-08-07 01:55:21,146 | INFO |    ↳ Status 200
2026-08-07 01:55:21,146 | INFO |    ✓ Found 8 movies
2026-08-07 01:55:21,146 | INFO | [1656/1901] Fetching Sirmaur (SIRM)
2026-08-07 01:55:21,262 | INFO |    ↳ Status 200
2026-08-07 01:55:21,262 | INFO |    ✓ Found 8 movies
2026-08-07 01:55:21,263 | INFO | [1657/1901] Fetching Sirohi (SIRO)
2026-08-07 01:55:21,378 | INFO |    ↳ Status 200
2026-08-07 01:55:21,379 | INFO |    ✓ Found 8 movies
2026-08-07 01:55:21,379 | INFO | [1658/1901] Fetching Sirsa (SISA)
2026-08-07 01:55:22,049 | INFO |    ↳ Status 200
2026-08-07 01:55:22,050 | INFO |    ✓ Found 8 movies
2026-08-07 01:55:22,050 | INFO | [1659/1901] Fetching Sirsi (SRSI)
2026-08-07 01:55:22,743 | INFO |    ↳ Status 200
2026-08-07 01:55:22,743 | INFO |    ✓ Found 8 movies
2026-08-07 01:55:22,744 | INFO | [1660/1901] Fetching Siruguppa (SPPA)
2026-08-07 01:55:23,076 | INFO |    ↳ Status 200
2026-08-07 01:55:23,077 | INFO |    ✓ Found 7 movies
2026-08-07 01:55:23,077 | INFO | [1661/1901] Fetching Sitamarhi (SIMA)
2026-08-07 01:55:23,096 | INFO |    ↳ Status 200
2026-08-07 01:55:23,096 | INFO |    ✓ Found 7 movies
2026-08-07 01:55:23,096 | INFO | [1662/1901] Fetching Sitapur (SITA)
2026-08-07 01:55:23,772 | INFO |    ↳ Status 200
2026-08-07 01:55:23,772 | INFO |    ✓ Found 8 movies
2026-08-07 01:55:23,772 | INFO | [1663/1901] Fetching Sivaganga (SHVG)
2026-08-07 01:55:24,301 | INFO |    ↳ Status 200
2026-08-07 01:55:24,301 | INFO |    ✓ Found 8 movies
2026-08-07 01:55:24,302 | INFO | [1664/1901] Fetching Sivakasi (SIV)
2026-08-07 01:55:24,561 | INFO |    ↳ Status 200
2026-08-07 01:55:24,561 | INFO |    ✓ Found 8 movies
2026-08-07 01:55:24,561 | INFO | [1665/1901] Fetching Sivasagar (SVSG)
2026-08-07 01:55:24,772 | INFO |    ↳ Status 200
2026-08-07 01:55:24,772 | INFO |    ✓ Found 7 movies
2026-08-07 01:55:24,773 | INFO | [1666/1901] Fetching Siwan (SWNB)
2026-08-07 01:55:24,825 | INFO |    ↳ Status 200
2026-08-07 01:55:24,826 | INFO |    ✓ Found 8 movies
2026-08-07 01:55:24,826 | INFO | [1667/1901] Fetching Solan (SCO)
2026-08-07 01:55:25,240 | INFO |    ↳ Status 200
2026-08-07 01:55:25,240 | INFO |    ✓ Found 8 movies
2026-08-07 01:55:25,241 | INFO | [1668/1901] Fetching Solapur (SOLA)
2026-08-07 01:55:26,189 | INFO |    ↳ Status 200
2026-08-07 01:55:26,189 | INFO |    ✓ Found 7 movies
2026-08-07 01:55:26,189 | INFO | [1669/1901] Fetching Solukhumbu (SOLU)
2026-08-07 01:55:26,304 | INFO |    ↳ Status 200
2026-08-07 01:55:26,304 | INFO |    ✓ Found 8 movies
2026-08-07 01:55:26,305 | INFO | [1670/1901] Fetching Sompeta (SOMA)
2026-08-07 01:55:26,361 | INFO |    ↳ Status 200
2026-08-07 01:55:26,361 | INFO |    ✓ Found 8 movies
2026-08-07 01:55:26,361 | INFO | [1671/1901] Fetching Sonari (SOYW)
2026-08-07 01:55:27,288 | INFO |    ↳ Status 200
2026-08-07 01:55:27,288 | INFO |    ✓ Found 0 movies
2026-08-07 01:55:27,288 | INFO | [1672/1901] Fetching Songadh (SONG)
2026-08-07 01:55:27,763 | INFO |    ↳ Status 200
2026-08-07 01:55:27,763 | INFO |    ✓ Found 1 movies
2026-08-07 01:55:27,763 | INFO | [1673/1901] Fetching Sonipat (RAIH)
2026-08-07 01:55:27,848 | INFO |    ↳ Status 200
2026-08-07 01:55:27,848 | INFO |    ✓ Found 0 movies
2026-08-07 01:55:27,848 | INFO | [1674/1901] Fetching Sonkatch (SONH)
2026-08-07 01:55:27,933 | INFO |    ↳ Status 200
2026-08-07 01:55:27,933 | INFO |    ✓ Found 8 movies
2026-08-07 01:55:27,934 | INFO | [1675/1901] Fetching Soron (SORO)
2026-08-07 01:55:28,271 | INFO |    ↳ Status 200
2026-08-07 01:55:28,272 | INFO |    ✓ Found 7 movies
2026-08-07 01:55:28,272 | INFO | [1676/1901] Fetching South 24 Parganas (SPAR)
2026-08-07 01:55:29,092 | INFO |    ↳ Status 200
2026-08-07 01:55:29,093 | INFO |    ✓ Found 8 movies
2026-08-07 01:55:29,093 | INFO | [1677/1901] Fetching Sri Ganganagar (SRIG)
2026-08-07 01:55:29,100 | INFO |    ↳ Status 200
2026-08-07 01:55:29,100 | INFO |    ✓ Found 8 movies
2026-08-07 01:55:29,100 | INFO | [1678/1901] Fetching Sri Sathya Sai (SRRS)
2026-08-07 01:55:29,310 | INFO |    ↳ Status 200
2026-08-07 01:55:29,310 | INFO |    ✓ Found 7 movies
2026-08-07 01:55:29,311 | INFO | [1679/1901] Fetching Srikakulam (SRKL)
2026-08-07 01:55:30,223 | INFO |    ↳ Status 200
2026-08-07 01:55:30,223 | INFO |    ✓ Found 0 movies
2026-08-07 01:55:30,223 | INFO | [1680/1901] Fetching Srinagar (SRNG)
2026-08-07 01:55:30,239 | INFO |    ↳ Status 200
2026-08-07 01:55:30,239 | INFO |    ✓ Found 7 movies
2026-08-07 01:55:30,239 | INFO | [1681/1901] Fetching Srirangapatna (SRIR)
2026-08-07 01:55:30,397 | INFO |    ↳ Status 200
2026-08-07 01:55:30,397 | INFO |    ✓ Found 7 movies
2026-08-07 01:55:30,397 | INFO | [1682/1901] Fetching Srivaikuntam (SRTA)
2026-08-07 01:55:30,947 | INFO |    ↳ Status 200
2026-08-07 01:55:30,947 | INFO |    ✓ Found 8 movies
2026-08-07 01:55:30,947 | INFO | [1683/1901] Fetching Srivilliputhur (SRIV)
2026-08-07 01:55:31,384 | INFO |    ↳ Status 200
2026-08-07 01:55:31,384 | INFO |    ✓ Found 8 movies
2026-08-07 01:55:31,385 | INFO | [1684/1901] Fetching Station Ghanpur (STGH)
2026-08-07 01:55:31,470 | INFO |    ↳ Status 200
2026-08-07 01:55:31,470 | INFO |    ✓ Found 8 movies
2026-08-07 01:55:31,470 | INFO | [1685/1901] Fetching Sugauli (SSBI)
2026-08-07 01:55:31,480 | INFO |    ↳ Status 200
2026-08-07 01:55:31,481 | INFO |    ✓ Found 8 movies
2026-08-07 01:55:31,481 | INFO | [1686/1901] Fetching Sujangarh (SJNG)
2026-08-07 01:55:32,528 | INFO |    ↳ Status 200
2026-08-07 01:55:32,528 | INFO |    ✓ Found 8 movies
2026-08-07 01:55:32,528 | INFO | [1687/1901] Fetching Sukma (SUKU)
2026-08-07 01:55:32,742 | INFO |    ↳ Status 200
2026-08-07 01:55:32,742 | INFO |    ✓ Found 8 movies
2026-08-07 01:55:32,742 | INFO | [1688/1901] Fetching Sultanabad (SULX)
2026-08-07 01:55:32,940 | INFO |    ↳ Status 200
2026-08-07 01:55:32,940 | INFO |    ✓ Found 8 movies
2026-08-07 01:55:32,940 | INFO | [1689/1901] Fetching Sultanpur (SLUT)
2026-08-07 01:55:33,366 | INFO |    ↳ Status 200
2026-08-07 01:55:33,366 | INFO |    ✓ Found 7 movies
2026-08-07 01:55:33,366 | INFO | [1690/1901] Fetching Sulthan Bathery (SULY)
2026-08-07 01:55:33,565 | INFO |    ↳ Status 200
2026-08-07 01:55:33,565 | INFO |    ✓ Found 0 movies
2026-08-07 01:55:33,565 | INFO | [1691/1901] Fetching Sumerpur (SURJ)
2026-08-07 01:55:34,259 | INFO |    ↳ Status 200
2026-08-07 01:55:34,260 | INFO |    ✓ Found 8 movies
2026-08-07 01:55:34,260 | INFO | [1692/1901] Fetching Sundar Nagar (SUNR)
2026-08-07 01:55:34,438 | INFO |    ↳ Status 200
2026-08-07 01:55:34,438 | INFO |    ✓ Found 8 movies
2026-08-07 01:55:34,439 | INFO | [1693/1901] Fetching Sundargarh (SUND)
2026-08-07 01:55:34,528 | INFO |    ↳ Status 200
2026-08-07 01:55:34,528 | INFO |    ✓ Found 8 movies
2026-08-07 01:55:34,529 | INFO | [1694/1901] Fetching Supaul (SPUL)
2026-08-07 01:55:34,697 | INFO |    ↳ Status 200
2026-08-07 01:55:34,698 | INFO |    ✓ Found 7 movies
2026-08-07 01:55:34,698 | INFO | [1695/1901] Fetching Surajpur (SURA)
2026-08-07 01:55:35,574 | INFO |    ↳ Status 200
2026-08-07 01:55:35,574 | INFO |    ✓ Found 8 movies
2026-08-07 01:55:35,574 | INFO | [1696/1901] Fetching Surat (SURT)
2026-08-07 01:55:35,751 | INFO |    ↳ Status 200
2026-08-07 01:55:35,751 | INFO |    ✓ Found 8 movies
2026-08-07 01:55:35,751 | INFO | [1697/1901] Fetching Surathkal (SRTK)
2026-08-07 01:55:35,971 | INFO |    ↳ Status 200
2026-08-07 01:55:35,971 | INFO |    ✓ Found 7 movies
2026-08-07 01:55:35,971 | INFO | [1698/1901] Fetching Surendranagar (SRDN)
2026-08-07 01:55:36,157 | INFO |    ↳ Status 200
2026-08-07 01:55:36,158 | INFO |    ✓ Found 8 movies
2026-08-07 01:55:36,158 | INFO | [1699/1901] Fetching Suri (BSRI)
2026-08-07 01:55:36,535 | INFO |    ↳ Status 200
2026-08-07 01:55:36,535 | INFO |    ✓ Found 7 movies
2026-08-07 01:55:36,535 | INFO | [1700/1901] Fetching Suryapet (SURY)
2026-08-07 01:55:36,898 | INFO |    ↳ Status 200
2026-08-07 01:55:36,898 | INFO |    ✓ Found 8 movies
2026-08-07 01:55:36,898 | INFO | [1701/1901] Fetching T.Narasapuram (TNRP)
2026-08-07 01:55:37,161 | INFO |    ↳ Status 200
2026-08-07 01:55:37,161 | INFO |    ✓ Found 7 movies
2026-08-07 01:55:37,162 | INFO | [1702/1901] Fetching Tadepalligudem (TADP)
2026-08-07 01:55:37,813 | INFO |    ↳ Status 200
2026-08-07 01:55:37,813 | INFO |    ✓ Found 7 movies
2026-08-07 01:55:37,813 | INFO | [1703/1901] Fetching Tadikalapudi (TADK)
2026-08-07 01:55:38,124 | INFO |    ↳ Status 200
2026-08-07 01:55:38,124 | INFO |    ✓ Found 8 movies
2026-08-07 01:55:38,124 | INFO | [1704/1901] Fetching Tadipatri (TDPT)
2026-08-07 01:55:38,324 | INFO |    ↳ Status 200
2026-08-07 01:55:38,324 | INFO |    ✓ Found 8 movies
2026-08-07 01:55:38,324 | INFO | [1705/1901] Fetching Talcher (TALC)
2026-08-07 01:55:39,247 | INFO |    ↳ Status 200
2026-08-07 01:55:39,247 | INFO |    ✓ Found 8 movies
2026-08-07 01:55:39,248 | INFO | [1706/1901] Fetching Taliparamba (TALI)
2026-08-07 01:55:39,341 | INFO |    ↳ Status 200
2026-08-07 01:55:39,341 | INFO |    ✓ Found 8 movies
2026-08-07 01:55:39,341 | INFO | [1707/1901] Fetching Tallapudi (TTPP)
2026-08-07 01:55:39,880 | INFO |    ↳ Status 200
2026-08-07 01:55:39,880 | INFO |    ✓ Found 8 movies
2026-08-07 01:55:39,881 | INFO | [1708/1901] Fetching Tallarevu (TALL)
2026-08-07 01:55:39,903 | INFO |    ↳ Status 200
2026-08-07 01:55:39,903 | INFO |    ✓ Found 8 movies
2026-08-07 01:55:39,903 | INFO | [1709/1901] Fetching Talwandi Bhai (TALW)
2026-08-07 01:55:40,264 | INFO |    ↳ Status 200
2026-08-07 01:55:40,265 | INFO |    ✓ Found 8 movies
2026-08-07 01:55:40,265 | INFO | [1710/1901] Fetching Tamluk (TMLU)
2026-08-07 01:55:41,012 | INFO |    ↳ Status 200
2026-08-07 01:55:41,013 | INFO |    ✓ Found 8 movies
2026-08-07 01:55:41,013 | INFO | [1711/1901] Fetching Tanda (TNDA)
2026-08-07 01:55:41,014 | INFO |    ↳ Status 200
2026-08-07 01:55:41,014 | INFO |    ✓ Found 8 movies
2026-08-07 01:55:41,014 | INFO | [1712/1901] Fetching Tandur (TAND)
2026-08-07 01:55:41,306 | INFO |    ↳ Status 200
2026-08-07 01:55:41,306 | INFO |    ✓ Found 6 movies
2026-08-07 01:55:41,307 | INFO | [1713/1901] Fetching Tangla (TAAA)
2026-08-07 01:55:41,749 | INFO |    ↳ Status 200
2026-08-07 01:55:41,749 | INFO |    ✓ Found 7 movies
2026-08-07 01:55:41,749 | INFO | [1714/1901] Fetching Tangutur (TANG)
2026-08-07 01:55:42,548 | INFO |    ↳ Status 200
2026-08-07 01:55:42,548 | INFO |    ✓ Found 6 movies
2026-08-07 01:55:42,548 | INFO | [1715/1901] Fetching Tanuku (TANK)
2026-08-07 01:55:42,722 | INFO |    ↳ Status 200
2026-08-07 01:55:42,723 | INFO |    ✓ Found 7 movies
2026-08-07 01:55:42,723 | INFO | [1716/1901] Fetching Tarapur (TRPM)
2026-08-07 01:55:42,752 | INFO |    ↳ Status 200
2026-08-07 01:55:42,752 | INFO |    ✓ Found 8 movies
2026-08-07 01:55:42,752 | INFO | [1717/1901] Fetching Tarikere (TERE)
2026-08-07 01:55:43,452 | INFO |    ↳ Status 200
2026-08-07 01:55:43,452 | INFO |    ✓ Found 8 movies
2026-08-07 01:55:43,452 | INFO | [1718/1901] Fetching Tasgaon (TASG)
2026-08-07 01:55:43,778 | INFO |    ↳ Status 200
2026-08-07 01:55:43,778 | INFO |    ✓ Found 8 movies
2026-08-07 01:55:43,778 | INFO | [1719/1901] Fetching Tatipaka (TATI)
2026-08-07 01:55:43,918 | INFO |    ↳ Status 200
2026-08-07 01:55:43,918 | INFO |    ✓ Found 8 movies
2026-08-07 01:55:43,918 | INFO | [1720/1901] Fetching Tawang (TAWA)
2026-08-07 01:55:44,236 | INFO |    ↳ Status 200
2026-08-07 01:55:44,236 | INFO |    ✓ Found 8 movies
2026-08-07 01:55:44,237 | INFO | [1721/1901] Fetching Tekkali (TKLI)
2026-08-07 01:55:44,838 | INFO |    ↳ Status 200
2026-08-07 01:55:44,838 | INFO |    ✓ Found 8 movies
2026-08-07 01:55:44,838 | INFO | [1722/1901] Fetching Tembhurni (TMBH)
2026-08-07 01:55:44,985 | INFO |    ↳ Status 200
2026-08-07 01:55:44,985 | INFO |    ✓ Found 8 movies
2026-08-07 01:55:44,985 | INFO | [1723/1901] Fetching Tenali (TENA)
2026-08-07 01:55:45,059 | INFO |    ↳ Status 200
2026-08-07 01:55:45,059 | INFO |    ✓ Found 7 movies
2026-08-07 01:55:45,059 | INFO | [1724/1901] Fetching Tenkasi (TENK)
2026-08-07 01:55:45,901 | INFO |    ↳ Status 200
2026-08-07 01:55:45,901 | INFO |    ✓ Found 8 movies
2026-08-07 01:55:45,901 | INFO | [1725/1901] Fetching Terdal (TERD)
2026-08-07 01:55:46,119 | INFO |    ↳ Status 200
2026-08-07 01:55:46,119 | INFO |    ✓ Found 0 movies
2026-08-07 01:55:46,120 | INFO | [1726/1901] Fetching Tezpur (TEZP)
2026-08-07 01:55:46,597 | INFO |    ↳ Status 200
2026-08-07 01:55:46,598 | INFO |    ✓ Found 8 movies
2026-08-07 01:55:46,598 | INFO | [1727/1901] Fetching Tezu (TEZU)
2026-08-07 01:55:46,759 | INFO |    ↳ Status 200
2026-08-07 01:55:46,759 | INFO |    ✓ Found 8 movies
2026-08-07 01:55:46,759 | INFO | [1728/1901] Fetching Thalassery (THAY)
2026-08-07 01:55:47,436 | INFO |    ↳ Status 200
2026-08-07 01:55:47,436 | INFO |    ✓ Found 8 movies
2026-08-07 01:55:47,436 | INFO | [1729/1901] Fetching Thalayolaparambu (THAL)
2026-08-07 01:55:47,912 | INFO |    ↳ Status 200
2026-08-07 01:55:47,912 | INFO |    ✓ Found 8 movies
2026-08-07 01:55:47,912 | INFO | [1730/1901] Fetching Thalikulam (THAI)
2026-08-07 01:55:47,917 | INFO |    ↳ Status 200
2026-08-07 01:55:47,917 | INFO |    ✓ Found 7 movies
2026-08-07 01:55:47,917 | INFO | [1731/1901] Fetching Thallada (THDA)
2026-08-07 01:55:48,060 | INFO |    ↳ Status 200
2026-08-07 01:55:48,060 | INFO |    ✓ Found 8 movies
2026-08-07 01:55:48,060 | INFO | [1732/1901] Fetching Thamarassery (TMRY)
2026-08-07 01:55:48,685 | INFO |    ↳ Status 200
2026-08-07 01:55:48,685 | INFO |    ✓ Found 8 movies
2026-08-07 01:55:48,685 | INFO | [1733/1901] Fetching Thanipadi (THPD)
2026-08-07 01:55:48,972 | INFO |    ↳ Status 200
2026-08-07 01:55:48,973 | INFO |    ✓ Found 8 movies
2026-08-07 01:55:48,973 | INFO | [1734/1901] Fetching Thanjavur (TANJ)
2026-08-07 01:55:49,759 | INFO |    ↳ Status 200
2026-08-07 01:55:49,760 | INFO |    ✓ Found 8 movies
2026-08-07 01:55:49,760 | INFO | [1735/1901] Fetching Tharad (THRD)
2026-08-07 01:55:50,123 | INFO |    ↳ Status 200
2026-08-07 01:55:50,123 | INFO |    ✓ Found 8 movies
2026-08-07 01:55:50,123 | INFO | [1736/1901] Fetching Theni (THEN)
2026-08-07 01:55:50,332 | INFO |    ↳ Status 200
2026-08-07 01:55:50,332 | INFO |    ✓ Found 8 movies
2026-08-07 01:55:50,333 | INFO | [1737/1901] Fetching Thimmapuram (Addu Road) (TMPR)
2026-08-07 01:55:50,357 | INFO |    ↳ Status 200
2026-08-07 01:55:50,357 | INFO |    ✓ Found 8 movies
2026-08-07 01:55:50,357 | INFO | [1738/1901] Fetching Thirubuvanai (THRU)
2026-08-07 01:55:51,489 | INFO |    ↳ Status 200
2026-08-07 01:55:51,490 | INFO |    ✓ Found 7 movies
2026-08-07 01:55:51,490 | INFO | [1739/1901] Fetching Thirumalagiri (THRM)
2026-08-07 01:55:51,506 | INFO |    ↳ Status 200
2026-08-07 01:55:51,506 | INFO |    ✓ Found 8 movies
2026-08-07 01:55:51,506 | INFO | [1740/1901] Fetching Thiruthuraipoondi (THND)
2026-08-07 01:55:51,715 | INFO |    ↳ Status 200
2026-08-07 01:55:51,715 | INFO |    ✓ Found 8 movies
2026-08-07 01:55:51,715 | INFO | [1741/1901] Fetching Thiruttani (THTN)
2026-08-07 01:55:52,082 | INFO |    ↳ Status 200
2026-08-07 01:55:52,083 | INFO |    ✓ Found 8 movies
2026-08-07 01:55:52,083 | INFO | [1742/1901] Fetching Thiruvalla (THVL)
2026-08-07 01:55:52,751 | INFO |    ↳ Status 200
2026-08-07 01:55:52,751 | INFO |    ✓ Found 8 movies
2026-08-07 01:55:52,751 | INFO | [1743/1901] Fetching Thiruvarur (THVR)
2026-08-07 01:55:52,868 | INFO |    ↳ Status 200
2026-08-07 01:55:52,868 | INFO |    ✓ Found 8 movies
2026-08-07 01:55:52,869 | INFO | [1744/1901] Fetching Thodupuzha (THOD)
2026-08-07 01:55:53,192 | INFO |    ↳ Status 200
2026-08-07 01:55:53,192 | INFO |    ✓ Found 8 movies
2026-08-07 01:55:53,192 | INFO | [1745/1901] Fetching Thoothukudi (THOO)
2026-08-07 01:55:53,231 | INFO |    ↳ Status 200
2026-08-07 01:55:53,232 | INFO |    ✓ Found 8 movies
2026-08-07 01:55:53,232 | INFO | [1746/1901] Fetching Thorrur (THOR)
2026-08-07 01:55:53,698 | INFO |    ↳ Status 200
2026-08-07 01:55:53,698 | INFO |    ✓ Found 8 movies
2026-08-07 01:55:53,698 | INFO | [1747/1901] Fetching Thottiyam (THYM)
2026-08-07 01:55:54,083 | INFO |    ↳ Status 200
2026-08-07 01:55:54,083 | INFO |    ✓ Found 8 movies
2026-08-07 01:55:54,083 | INFO | [1748/1901] Fetching Thriprayar (THPR)
2026-08-07 01:55:54,681 | INFO |    ↳ Status 200
2026-08-07 01:55:54,682 | INFO |    ✓ Found 8 movies
2026-08-07 01:55:54,682 | INFO | [1749/1901] Fetching Thrissur (THSR)
2026-08-07 01:55:54,935 | INFO |    ↳ Status 200
2026-08-07 01:55:54,935 | INFO |    ✓ Found 8 movies
2026-08-07 01:55:54,935 | INFO | [1750/1901] Fetching Thullur (THUL)
2026-08-07 01:55:55,020 | INFO |    ↳ Status 200
2026-08-07 01:55:55,020 | INFO |    ✓ Found 8 movies
2026-08-07 01:55:55,020 | INFO | [1751/1901] Fetching Thuraiyur (THYR)
2026-08-07 01:55:55,570 | INFO |    ↳ Status 200
2026-08-07 01:55:55,570 | INFO |    ✓ Found 8 movies
2026-08-07 01:55:55,570 | INFO | [1752/1901] Fetching Tilda Neora (TNO)
2026-08-07 01:55:55,687 | INFO |    ↳ Status 200
2026-08-07 01:55:55,687 | INFO |    ✓ Found 8 movies
2026-08-07 01:55:55,687 | INFO | [1753/1901] Fetching Tindivanam (TNVM)
2026-08-07 01:55:56,146 | INFO |    ↳ Status 200
2026-08-07 01:55:56,147 | INFO |    ✓ Found 8 movies
2026-08-07 01:55:56,147 | INFO | [1754/1901] Fetching Tinsukia (TINS)
2026-08-07 01:55:56,148 | INFO |    ↳ Status 200
2026-08-07 01:55:56,149 | INFO |    ✓ Found 8 movies
2026-08-07 01:55:56,149 | INFO | [1755/1901] Fetching Tiptur (TIPT)
2026-08-07 01:55:56,961 | INFO |    ↳ Status 200
2026-08-07 01:55:56,961 | INFO |    ✓ Found 7 movies
2026-08-07 01:55:56,961 | INFO | [1756/1901] Fetching Tiruchendur (TRCD)
2026-08-07 01:55:57,146 | INFO |    ↳ Status 200
2026-08-07 01:55:57,146 | INFO |    ✓ Found 8 movies
2026-08-07 01:55:57,146 | INFO | [1757/1901] Fetching Tirukoilur (TRKR)
2026-08-07 01:55:57,284 | INFO |    ↳ Status 200
2026-08-07 01:55:57,284 | INFO |    ✓ Found 7 movies
2026-08-07 01:55:57,284 | INFO | [1758/1901] Fetching Tirumakudalu Narasipura (TINA)
2026-08-07 01:55:57,793 | INFO |    ↳ Status 200
2026-08-07 01:55:57,793 | INFO |    ✓ Found 8 movies
2026-08-07 01:55:57,793 | INFO | [1759/1901] Fetching Tirunelveli (TIRV)
2026-08-07 01:55:58,386 | INFO |    ↳ Status 200
2026-08-07 01:55:58,386 | INFO |    ✓ Found 8 movies
2026-08-07 01:55:58,386 | INFO | [1760/1901] Fetching Tirupati (TIRU)
2026-08-07 01:55:58,615 | INFO |    ↳ Status 200
2026-08-07 01:55:58,615 | INFO |    ✓ Found 8 movies
2026-08-07 01:55:58,615 | INFO | [1761/1901] Fetching Tirupattur (TRPR)
2026-08-07 01:55:58,982 | INFO |    ↳ Status 200
2026-08-07 01:55:58,982 | INFO |    ✓ Found 8 movies
2026-08-07 01:55:58,982 | INFO | [1762/1901] Fetching Tirupur (TIRP)
2026-08-07 01:55:59,110 | INFO |    ↳ Status 200
2026-08-07 01:55:59,110 | INFO |    ✓ Found 8 movies
2026-08-07 01:55:59,110 | INFO | [1763/1901] Fetching Tirur (TRUR)
2026-08-07 01:55:59,677 | INFO |    ↳ Status 200
2026-08-07 01:55:59,677 | INFO |    ✓ Found 8 movies
2026-08-07 01:55:59,678 | INFO | [1764/1901] Fetching Tiruvallur (TRVL)
2026-08-07 01:55:59,945 | INFO |    ↳ Status 200
2026-08-07 01:55:59,946 | INFO |    ✓ Found 8 movies
2026-08-07 01:55:59,946 | INFO | [1765/1901] Fetching Tiruvannamalai (TVNM)
2026-08-07 01:55:59,951 | INFO |    ↳ Status 200
2026-08-07 01:55:59,951 | INFO |    ✓ Found 8 movies
2026-08-07 01:55:59,951 | INFO | [1766/1901] Fetching Tiruvarur (TIVA)
2026-08-07 01:56:00,334 | INFO |    ↳ Status 200
2026-08-07 01:56:00,334 | INFO |    ✓ Found 8 movies
2026-08-07 01:56:00,334 | INFO | [1767/1901] Fetching Tiruvuru (TRVR)
2026-08-07 01:56:00,668 | INFO |    ↳ Status 200
2026-08-07 01:56:00,669 | INFO |    ✓ Found 8 movies
2026-08-07 01:56:00,669 | INFO | [1768/1901] Fetching Titagarh (TTGH)
2026-08-07 01:56:01,389 | INFO |    ↳ Status 200
2026-08-07 01:56:01,389 | INFO |    ✓ Found 8 movies
2026-08-07 01:56:01,389 | INFO | [1769/1901] Fetching Titlagarh (TITL)
2026-08-07 01:56:01,432 | INFO |    ↳ Status 200
2026-08-07 01:56:01,432 | INFO |    ✓ Found 8 movies
2026-08-07 01:56:01,432 | INFO | [1770/1901] Fetching Tittakudi (TITT)
2026-08-07 01:56:02,032 | INFO |    ↳ Status 200
2026-08-07 01:56:02,032 | INFO |    ✓ Found 8 movies
2026-08-07 01:56:02,032 | INFO | [1771/1901] Fetching Tonk (TONK)
2026-08-07 01:56:02,413 | INFO |    ↳ Status 200
2026-08-07 01:56:02,413 | INFO |    ✓ Found 7 movies
2026-08-07 01:56:02,413 | INFO | [1772/1901] Fetching Toopran (TOOP)
2026-08-07 01:56:02,854 | INFO |    ↳ Status 200
2026-08-07 01:56:02,854 | INFO |    ✓ Found 8 movies
2026-08-07 01:56:02,854 | INFO | [1773/1901] Fetching Trichy (TRIC)
2026-08-07 01:56:03,041 | INFO |    ↳ Status 200
2026-08-07 01:56:03,041 | INFO |    ✓ Found 7 movies
2026-08-07 01:56:03,041 | INFO | [1774/1901] Fetching Trivandrum (TRIV)
2026-08-07 01:56:03,759 | INFO |    ↳ Status 200
2026-08-07 01:56:03,759 | INFO |    ✓ Found 8 movies
2026-08-07 01:56:03,759 | INFO | [1775/1901] Fetching Tumakuru (Tumkur) (TUMK)
2026-08-07 01:56:03,774 | INFO |    ↳ Status 200
2026-08-07 01:56:03,774 | INFO |    ✓ Found 8 movies
2026-08-07 01:56:03,775 | INFO | [1776/1901] Fetching Tumsar (TUSR)
2026-08-07 01:56:04,461 | INFO |    ↳ Status 200
2026-08-07 01:56:04,461 | INFO |    ✓ Found 8 movies
2026-08-07 01:56:04,461 | INFO | [1777/1901] Fetching Tura (TURA)
2026-08-07 01:56:04,692 | INFO |    ↳ Status 200
2026-08-07 01:56:04,693 | INFO |    ✓ Found 8 movies
2026-08-07 01:56:04,693 | INFO | [1778/1901] Fetching Turputallu (TUPP)
2026-08-07 01:56:05,123 | INFO |    ↳ Status 200
2026-08-07 01:56:05,123 | INFO |    ✓ Found 8 movies
2026-08-07 01:56:05,124 | INFO | [1779/1901] Fetching Turuvekere (TUKE)
2026-08-07 01:56:05,284 | INFO |    ↳ Status 200
2026-08-07 01:56:05,284 | INFO |    ✓ Found 8 movies
2026-08-07 01:56:05,284 | INFO | [1780/1901] Fetching Udaipur (UDAI)
2026-08-07 01:56:05,792 | INFO |    ↳ Status 200
2026-08-07 01:56:05,792 | INFO |    ✓ Found 8 movies
2026-08-07 01:56:05,792 | INFO | [1781/1901] Fetching Udaynarayanpur (UDAY)
2026-08-07 01:56:06,125 | INFO |    ↳ Status 200
2026-08-07 01:56:06,125 | INFO |    ✓ Found 8 movies
2026-08-07 01:56:06,125 | INFO | [1782/1901] Fetching Udgir (UDGR)
2026-08-07 01:56:06,300 | INFO |    ↳ Status 200
2026-08-07 01:56:06,300 | INFO |    ✓ Found 7 movies
2026-08-07 01:56:06,300 | INFO | [1783/1901] Fetching Udhampur (UDHM)
2026-08-07 01:56:06,306 | INFO |    ↳ Status 200
2026-08-07 01:56:06,307 | INFO |    ✓ Found 0 movies
2026-08-07 01:56:06,307 | INFO | [1784/1901] Fetching Udumalpet (UDMP)
2026-08-07 01:56:06,853 | INFO |    ↳ Status 200
2026-08-07 01:56:06,853 | INFO |    ✓ Found 7 movies
2026-08-07 01:56:06,853 | INFO | [1785/1901] Fetching Udupi (UDUP)
2026-08-07 01:56:07,393 | INFO |    ↳ Status 200
2026-08-07 01:56:07,393 | INFO |    ✓ Found 8 movies
2026-08-07 01:56:07,393 | INFO | [1786/1901] Fetching Ujhani (UJHA)
2026-08-07 01:56:07,843 | INFO |    ↳ Status 200
2026-08-07 01:56:07,843 | INFO |    ✓ Found 8 movies
2026-08-07 01:56:07,843 | INFO | [1787/1901] Fetching Ujjain (UJJN)
2026-08-07 01:56:07,849 | INFO |    ↳ Status 200
2026-08-07 01:56:07,849 | INFO |    ✓ Found 8 movies
2026-08-07 01:56:07,850 | INFO | [1788/1901] Fetching Ulikkal (ULLI)
2026-08-07 01:56:08,569 | INFO |    ↳ Status 200
2026-08-07 01:56:08,570 | INFO |    ✓ Found 8 movies
2026-08-07 01:56:08,570 | INFO | [1789/1901] Fetching Uluberia (ULUR)
2026-08-07 01:56:08,993 | INFO |    ↳ Status 200
2026-08-07 01:56:08,993 | INFO |    ✓ Found 8 movies
2026-08-07 01:56:08,993 | INFO | [1790/1901] Fetching Ulundurpet (ULPT)
2026-08-07 01:56:09,118 | INFO |    ↳ Status 200
2026-08-07 01:56:09,118 | INFO |    ✓ Found 8 movies
2026-08-07 01:56:09,119 | INFO | [1791/1901] Fetching Umaria (UMR)
2026-08-07 01:56:09,761 | INFO |    ↳ Status 200
2026-08-07 01:56:09,761 | INFO |    ✓ Found 7 movies
2026-08-07 01:56:09,761 | INFO | [1792/1901] Fetching Umbergaon (UMER)
2026-08-07 01:56:10,005 | INFO |    ↳ Status 200
2026-08-07 01:56:10,005 | INFO |    ✓ Found 8 movies
2026-08-07 01:56:10,005 | INFO | [1793/1901] Fetching Umbraj (UMBR)
2026-08-07 01:56:10,277 | INFO |    ↳ Status 200
2026-08-07 01:56:10,277 | INFO |    ✓ Found 8 movies
2026-08-07 01:56:10,277 | INFO | [1794/1901] Fetching Umerkote (UMEK)
2026-08-07 01:56:10,572 | INFO |    ↳ Status 200
2026-08-07 01:56:10,573 | INFO |    ✓ Found 8 movies
2026-08-07 01:56:10,573 | INFO | [1795/1901] Fetching Umred (UMRD)
2026-08-07 01:56:11,109 | INFO |    ↳ Status 200
2026-08-07 01:56:11,109 | INFO |    ✓ Found 8 movies
2026-08-07 01:56:11,109 | INFO | [1796/1901] Fetching Una (BEEL)
2026-08-07 01:56:11,497 | INFO |    ↳ Status 200
2026-08-07 01:56:11,497 | INFO |    ✓ Found 0 movies
2026-08-07 01:56:11,497 | INFO | [1797/1901] Fetching Una (Gujarat) (UNAU)
2026-08-07 01:56:11,540 | INFO |    ↳ Status 200
2026-08-07 01:56:11,540 | INFO |    ✓ Found 7 movies
2026-08-07 01:56:11,540 | INFO | [1798/1901] Fetching Undavalli (UVLI)
2026-08-07 01:56:11,682 | INFO |    ↳ Status 200
2026-08-07 01:56:11,683 | INFO |    ✓ Found 0 movies
2026-08-07 01:56:11,683 | INFO | [1799/1901] Fetching Unnao (UNNA)
2026-08-07 01:56:12,644 | INFO |    ↳ Status 200
2026-08-07 01:56:12,644 | INFO |    ✓ Found 8 movies
2026-08-07 01:56:12,644 | INFO | [1800/1901] Fetching Uppada (UPDA)
2026-08-07 01:56:12,728 | INFO |    ↳ Status 200
2026-08-07 01:56:12,728 | INFO |    ✓ Found 8 movies
2026-08-07 01:56:12,728 | INFO | [1801/1901] Fetching Uthamapalayam (UTHM)
2026-08-07 01:56:13,424 | INFO |    ↳ Status 200
2026-08-07 01:56:13,424 | INFO |    ✓ Found 8 movies
2026-08-07 01:56:13,425 | INFO | [1802/1901] Fetching Uthangarai (UHGR)
2026-08-07 01:56:13,434 | INFO |    ↳ Status 200
2026-08-07 01:56:13,434 | INFO |    ✓ Found 8 movies
2026-08-07 01:56:13,434 | INFO | [1803/1901] Fetching Uthiramerur (UTHI)
2026-08-07 01:56:13,682 | INFO |    ↳ Status 200
2026-08-07 01:56:13,682 | INFO |    ✓ Found 8 movies
2026-08-07 01:56:13,682 | INFO | [1804/1901] Fetching Uthukottai (UTHU)
2026-08-07 01:56:14,204 | INFO |    ↳ Status 200
2026-08-07 01:56:14,204 | INFO |    ✓ Found 8 movies
2026-08-07 01:56:14,204 | INFO | [1805/1901] Fetching Utraula (UTRA)
2026-08-07 01:56:14,643 | INFO |    ↳ Status 200
2026-08-07 01:56:14,643 | INFO |    ✓ Found 8 movies
2026-08-07 01:56:14,643 | INFO | [1806/1901] Fetching Uttara Kannada (UTK)
2026-08-07 01:56:14,660 | INFO |    ↳ Status 200
2026-08-07 01:56:14,661 | INFO |    ✓ Found 8 movies
2026-08-07 01:56:14,661 | INFO | [1807/1901] Fetching Uttarkashi (UTTA)
2026-08-07 01:56:15,578 | INFO |    ↳ Status 200
2026-08-07 01:56:15,578 | INFO |    ✓ Found 8 movies
2026-08-07 01:56:15,579 | INFO | [1808/1901] Fetching Vadakara (VDKR)
2026-08-07 01:56:15,948 | INFO |    ↳ Status 200
2026-08-07 01:56:15,948 | INFO |    ✓ Found 8 movies
2026-08-07 01:56:15,948 | INFO | [1809/1901] Fetching Vadakkencherry (VDCY)
2026-08-07 01:56:16,528 | INFO |    ↳ Status 200
2026-08-07 01:56:16,528 | INFO |    ✓ Found 8 movies
2026-08-07 01:56:16,529 | INFO | [1810/1901] Fetching Vadalur (VADA)
2026-08-07 01:56:16,551 | INFO |    ↳ Status 200
2026-08-07 01:56:16,551 | INFO |    ✓ Found 8 movies
2026-08-07 01:56:16,551 | INFO | [1811/1901] Fetching Vadanappally (VADN)
2026-08-07 01:56:17,188 | INFO |    ↳ Status 200
2026-08-07 01:56:17,188 | INFO |    ✓ Found 8 movies
2026-08-07 01:56:17,188 | INFO | [1812/1901] Fetching Vadodara (VAD)
2026-08-07 01:56:17,213 | INFO |    ↳ Status 200
2026-08-07 01:56:17,213 | INFO |    ✓ Found 8 movies
2026-08-07 01:56:17,214 | INFO | [1813/1901] Fetching Vaduj (VADJ)
2026-08-07 01:56:17,795 | INFO |    ↳ Status 200
2026-08-07 01:56:17,795 | INFO |    ✓ Found 8 movies
2026-08-07 01:56:17,796 | INFO | [1814/1901] Fetching Vaijapur (VAIJ)
2026-08-07 01:56:18,254 | INFO |    ↳ Status 200
2026-08-07 01:56:18,254 | INFO |    ✓ Found 8 movies
2026-08-07 01:56:18,255 | INFO | [1815/1901] Fetching Valanchery (VALA)
2026-08-07 01:56:18,683 | INFO |    ↳ Status 200
2026-08-07 01:56:18,683 | INFO |    ✓ Found 8 movies
2026-08-07 01:56:18,684 | INFO | [1816/1901] Fetching Valaparla (VLAP)
2026-08-07 01:56:18,739 | INFO |    ↳ Status 200
2026-08-07 01:56:18,740 | INFO |    ✓ Found 0 movies
2026-08-07 01:56:18,740 | INFO | [1817/1901] Fetching Valigonda (VALI)
2026-08-07 01:56:18,928 | INFO |    ↳ Status 200
2026-08-07 01:56:18,928 | INFO |    ✓ Found 7 movies
2026-08-07 01:56:18,928 | INFO | [1818/1901] Fetching Valluru (VALL)
2026-08-07 01:56:19,827 | INFO |    ↳ Status 200
2026-08-07 01:56:19,827 | INFO |    ✓ Found 8 movies
2026-08-07 01:56:19,827 | INFO | [1819/1901] Fetching Valsad (VLSD)
2026-08-07 01:56:19,833 | INFO |    ↳ Status 200
2026-08-07 01:56:19,834 | INFO |    ✓ Found 8 movies
2026-08-07 01:56:19,834 | INFO | [1820/1901] Fetching Vaniyambadi (VANI)
2026-08-07 01:56:20,032 | INFO |    ↳ Status 200
2026-08-07 01:56:20,032 | INFO |    ✓ Found 8 movies
2026-08-07 01:56:20,032 | INFO | [1821/1901] Fetching Vapi (VAPI)
2026-08-07 01:56:20,176 | INFO |    ↳ Status 200
2026-08-07 01:56:20,176 | INFO |    ✓ Found 8 movies
2026-08-07 01:56:20,176 | INFO | [1822/1901] Fetching Varadaiahpalem (VARA)
2026-08-07 01:56:21,330 | INFO |    ↳ Status 200
2026-08-07 01:56:21,330 | INFO |    ✓ Found 7 movies
2026-08-07 01:56:21,330 | INFO | [1823/1901] Fetching Varadiyam (VRYM)
2026-08-07 01:56:21,549 | INFO |    ↳ Status 200
2026-08-07 01:56:21,549 | INFO |    ✓ Found 8 movies
2026-08-07 01:56:21,549 | INFO | [1824/1901] Fetching Varanasi (VAR)
2026-08-07 01:56:21,796 | INFO |    ↳ Status 200
2026-08-07 01:56:21,796 | INFO |    ✓ Found 7 movies
2026-08-07 01:56:21,796 | INFO | [1825/1901] Fetching Varkala (VKAL)
2026-08-07 01:56:21,911 | INFO |    ↳ Status 200
2026-08-07 01:56:21,911 | INFO |    ✓ Found 8 movies
2026-08-07 01:56:21,911 | INFO | [1826/1901] Fetching Vasind (VASI)
2026-08-07 01:56:22,295 | INFO |    ↳ Status 200
2026-08-07 01:56:22,295 | INFO |    ✓ Found 8 movies
2026-08-07 01:56:22,295 | INFO | [1827/1901] Fetching Vatsavai (VAST)
2026-08-07 01:56:22,966 | INFO |    ↳ Status 200
2026-08-07 01:56:22,966 | INFO |    ✓ Found 8 movies
2026-08-07 01:56:22,967 | INFO | [1828/1901] Fetching Vazhapadi (VAZH)
2026-08-07 01:56:23,015 | INFO |    ↳ Status 200
2026-08-07 01:56:23,015 | INFO |    ✓ Found 8 movies
2026-08-07 01:56:23,015 | INFO | [1829/1901] Fetching Vedasandur (VEDA)
2026-08-07 01:56:23,364 | INFO |    ↳ Status 200
2026-08-07 01:56:23,364 | INFO |    ✓ Found 8 movies
2026-08-07 01:56:23,365 | INFO | [1830/1901] Fetching Veeraghattam (VEER)
2026-08-07 01:56:23,874 | INFO |    ↳ Status 200
2026-08-07 01:56:23,874 | INFO |    ✓ Found 8 movies
2026-08-07 01:56:23,875 | INFO | [1831/1901] Fetching Velangi (VELG)
2026-08-07 01:56:24,407 | INFO |    ↳ Status 200
2026-08-07 01:56:24,408 | INFO |    ✓ Found 8 movies
2026-08-07 01:56:24,408 | INFO | [1832/1901] Fetching Velanja (VELA)
2026-08-07 01:56:24,514 | INFO |    ↳ Status 200
2026-08-07 01:56:24,514 | INFO |    ✓ Found 8 movies
2026-08-07 01:56:24,514 | INFO | [1833/1901] Fetching Velanthavalam (VELM)
2026-08-07 01:56:24,639 | INFO |    ↳ Status 200
2026-08-07 01:56:24,640 | INFO |    ✓ Found 8 movies
2026-08-07 01:56:24,640 | INFO | [1834/1901] Fetching Vellakoil (VELI)
2026-08-07 01:56:25,203 | INFO |    ↳ Status 200
2026-08-07 01:56:25,203 | INFO |    ✓ Found 8 movies
2026-08-07 01:56:25,204 | INFO | [1835/1901] Fetching Vellampalli (VMPL)
2026-08-07 01:56:25,915 | INFO |    ↳ Status 200
2026-08-07 01:56:25,915 | INFO |    ✓ Found 8 movies
2026-08-07 01:56:25,916 | INFO | [1836/1901] Fetching Vellore (VELL)
2026-08-07 01:56:26,083 | INFO |    ↳ Status 200
2026-08-07 01:56:26,083 | INFO |    ✓ Found 8 movies
2026-08-07 01:56:26,083 | INFO | [1837/1901] Fetching Velugodu (VLGD)
2026-08-07 01:56:26,364 | INFO |    ↳ Status 200
2026-08-07 01:56:26,364 | INFO |    ✓ Found 8 movies
2026-08-07 01:56:26,364 | INFO | [1838/1901] Fetching Vempalli (VAIM)
2026-08-07 01:56:26,898 | INFO |    ↳ Status 200
2026-08-07 01:56:26,898 | INFO |    ✓ Found 0 movies
2026-08-07 01:56:26,898 | INFO | [1839/1901] Fetching Vemulawada (VERU)
2026-08-07 01:56:27,107 | INFO |    ↳ Status 200
2026-08-07 01:56:27,108 | INFO |    ✓ Found 8 movies
2026-08-07 01:56:27,108 | INFO | [1840/1901] Fetching Vengurla (VENG)
2026-08-07 01:56:27,844 | INFO |    ↳ Status 200
2026-08-07 01:56:27,844 | INFO |    ✓ Found 0 movies
2026-08-07 01:56:27,845 | INFO | [1841/1901] Fetching Venkatapuram (VNKT)
2026-08-07 01:56:27,911 | INFO |    ↳ Status 200
2026-08-07 01:56:27,911 | INFO |    ✓ Found 8 movies
2026-08-07 01:56:27,912 | INFO | [1842/1901] Fetching Veraval (VRAL)
2026-08-07 01:56:28,506 | INFO |    ↳ Status 200
2026-08-07 01:56:28,506 | INFO |    ✓ Found 8 movies
2026-08-07 01:56:28,506 | INFO | [1843/1901] Fetching Vetapalem (VLEM)
2026-08-07 01:56:28,658 | INFO |    ↳ Status 200
2026-08-07 01:56:28,658 | INFO |    ✓ Found 8 movies
2026-08-07 01:56:28,659 | INFO | [1844/1901] Fetching Vettaikaranpudur (VETA)
2026-08-07 01:56:29,317 | INFO |    ↳ Status 200
2026-08-07 01:56:29,317 | INFO |    ✓ Found 7 movies
2026-08-07 01:56:29,317 | INFO | [1845/1901] Fetching Vettavalam (VETT)
2026-08-07 01:56:29,707 | INFO |    ↳ Status 200
2026-08-07 01:56:29,707 | INFO |    ✓ Found 8 movies
2026-08-07 01:56:29,707 | INFO | [1846/1901] Fetching Vidisha (VIDI)
2026-08-07 01:56:29,827 | INFO |    ↳ Status 200
2026-08-07 01:56:29,827 | INFO |    ✓ Found 8 movies
2026-08-07 01:56:29,827 | INFO | [1847/1901] Fetching Vijapur (VIUR)
2026-08-07 01:56:30,241 | INFO |    ↳ Status 200
2026-08-07 01:56:30,241 | INFO |    ✓ Found 8 movies
2026-08-07 01:56:30,242 | INFO | [1848/1901] Fetching Vijayapura (Bengaluru Rural) (VIJP)
2026-08-07 01:56:30,951 | INFO |    ↳ Status 200
2026-08-07 01:56:30,951 | INFO |    ✓ Found 8 movies
2026-08-07 01:56:30,951 | INFO | [1849/1901] Fetching Vijayapura (Bijapur) (VJPR)
2026-08-07 01:56:31,251 | INFO |    ↳ Status 200
2026-08-07 01:56:31,251 | INFO |    ✓ Found 7 movies
2026-08-07 01:56:31,252 | INFO | [1850/1901] Fetching Vijayarai (VRAI)
2026-08-07 01:56:31,672 | INFO |    ↳ Status 200
2026-08-07 01:56:31,672 | INFO |    ✓ Found 8 movies
2026-08-07 01:56:31,672 | INFO | [1851/1901] Fetching Vijayawada (VIJA)
2026-08-07 01:56:31,771 | INFO |    ↳ Status 200
2026-08-07 01:56:31,771 | INFO |    ✓ Found 8 movies
2026-08-07 01:56:31,771 | INFO | [1852/1901] Fetching Vikarabad (VKBD)
2026-08-07 01:56:32,298 | INFO |    ↳ Status 200
2026-08-07 01:56:32,298 | INFO |    ✓ Found 8 movies
2026-08-07 01:56:32,299 | INFO | [1853/1901] Fetching Vikasnagar (VKNG)
2026-08-07 01:56:32,701 | INFO |    ↳ Status 200
2026-08-07 01:56:32,701 | INFO |    ✓ Found 8 movies
2026-08-07 01:56:32,702 | INFO | [1854/1901] Fetching Vikravandi (VIVI)
2026-08-07 01:56:33,472 | INFO |    ↳ Status 200
2026-08-07 01:56:33,472 | INFO |    ✓ Found 8 movies
2026-08-07 01:56:33,472 | INFO | [1855/1901] Fetching Villupuram (VILL)
2026-08-07 01:56:33,801 | INFO |    ↳ Status 200
2026-08-07 01:56:33,801 | INFO |    ✓ Found 8 movies
2026-08-07 01:56:33,801 | INFO | [1856/1901] Fetching Vinukonda (VNKD)
2026-08-07 01:56:34,090 | INFO |    ↳ Status 200
2026-08-07 01:56:34,090 | INFO |    ✓ Found 8 movies
2026-08-07 01:56:34,090 | INFO | [1857/1901] Fetching Viralimalai (VIRA)
2026-08-07 01:56:34,207 | INFO |    ↳ Status 200
2026-08-07 01:56:34,207 | INFO |    ✓ Found 8 movies
2026-08-07 01:56:34,208 | INFO | [1858/1901] Fetching Virudhachalam (VIDM)
2026-08-07 01:56:35,140 | INFO |    ↳ Status 200
2026-08-07 01:56:35,140 | INFO |    ✓ Found 8 movies
2026-08-07 01:56:35,140 | INFO | [1859/1901] Fetching Virudhunagar (VIRU)
2026-08-07 01:56:35,256 | INFO |    ↳ Status 200
2026-08-07 01:56:35,256 | INFO |    ✓ Found 8 movies
2026-08-07 01:56:35,256 | INFO | [1860/1901] Fetching Visnagar (VISN)
2026-08-07 01:56:35,375 | INFO |    ↳ Status 200
2026-08-07 01:56:35,375 | INFO |    ✓ Found 8 movies
2026-08-07 01:56:35,375 | INFO | [1861/1901] Fetching Vissannapeta (VSNP)
2026-08-07 01:56:35,569 | INFO |    ↳ Status 200
2026-08-07 01:56:35,569 | INFO |    ✓ Found 8 movies
2026-08-07 01:56:35,570 | INFO | [1862/1901] Fetching Vita (VITA)
2026-08-07 01:56:36,461 | INFO |    ↳ Status 200
2026-08-07 01:56:36,461 | INFO |    ✓ Found 8 movies
2026-08-07 01:56:36,461 | INFO | [1863/1901] Fetching Vithlapur (VTHC)
2026-08-07 01:56:36,876 | INFO |    ↳ Status 200
2026-08-07 01:56:36,876 | INFO |    ✓ Found 7 movies
2026-08-07 01:56:36,876 | INFO | [1864/1901] Fetching Vizag (Visakhapatnam) (VIZA)
2026-08-07 01:56:37,042 | INFO |    ↳ Status 200
2026-08-07 01:56:37,043 | INFO |    ✓ Found 8 movies
2026-08-07 01:56:37,043 | INFO | [1865/1901] Fetching Vizianagaram (VIZI)
2026-08-07 01:56:37,088 | INFO |    ↳ Status 200
2026-08-07 01:56:37,088 | INFO |    ✓ Found 8 movies
2026-08-07 01:56:37,088 | INFO | [1866/1901] Fetching Vrindavan (VRIN)
2026-08-07 01:56:37,655 | INFO |    ↳ Status 200
2026-08-07 01:56:37,655 | INFO |    ✓ Found 8 movies
2026-08-07 01:56:37,655 | INFO | [1867/1901] Fetching Vuyyuru (VYUR)
2026-08-07 01:56:38,013 | INFO |    ↳ Status 200
2026-08-07 01:56:38,013 | INFO |    ✓ Found 8 movies
2026-08-07 01:56:38,013 | INFO | [1868/1901] Fetching Vyara (VYAR)
2026-08-07 01:56:38,538 | INFO |    ↳ Status 200
2026-08-07 01:56:38,538 | INFO |    ✓ Found 8 movies
2026-08-07 01:56:38,538 | INFO | [1869/1901] Fetching Wadakkancherry (WADA)
2026-08-07 01:56:38,590 | INFO |    ↳ Status 200
2026-08-07 01:56:38,590 | INFO |    ✓ Found 8 movies
2026-08-07 01:56:38,590 | INFO | [1870/1901] Fetching Wai (WAIP)
2026-08-07 01:56:38,969 | INFO |    ↳ Status 200
2026-08-07 01:56:38,969 | INFO |    ✓ Found 8 movies
2026-08-07 01:56:38,970 | INFO | [1871/1901] Fetching Waluj (WALU)
2026-08-07 01:56:39,424 | INFO |    ↳ Status 200
2026-08-07 01:56:39,424 | INFO |    ✓ Found 8 movies
2026-08-07 01:56:39,424 | INFO | [1872/1901] Fetching Wanaparthy (WANA)
2026-08-07 01:56:39,574 | INFO |    ↳ Status 200
2026-08-07 01:56:39,574 | INFO |    ✓ Found 8 movies
2026-08-07 01:56:39,575 | INFO | [1873/1901] Fetching Wani (WANI)
2026-08-07 01:56:39,892 | INFO |    ↳ Status 200
2026-08-07 01:56:39,892 | INFO |    ✓ Found 8 movies
2026-08-07 01:56:39,892 | INFO | [1874/1901] Fetching Warangal (WAR)
2026-08-07 01:56:40,634 | INFO |    ↳ Status 200
2026-08-07 01:56:40,634 | INFO |    ✓ Found 8 movies
2026-08-07 01:56:40,634 | INFO | [1875/1901] Fetching Wardha (WARD)
2026-08-07 01:56:40,847 | INFO |    ↳ Status 200
2026-08-07 01:56:40,847 | INFO |    ✓ Found 0 movies
2026-08-07 01:56:40,847 | INFO | [1876/1901] Fetching Warora (WRRA)
2026-08-07 01:56:40,935 | INFO |    ↳ Status 200
2026-08-07 01:56:40,935 | INFO |    ✓ Found 8 movies
2026-08-07 01:56:40,935 | INFO | [1877/1901] Fetching Washim (WASH)
2026-08-07 01:56:41,059 | INFO |    ↳ Status 200
2026-08-07 01:56:41,059 | INFO |    ✓ Found 8 movies
2026-08-07 01:56:41,059 | INFO | [1878/1901] Fetching Wayanad (WAYA)
2026-08-07 01:56:41,851 | INFO |    ↳ Status 200
2026-08-07 01:56:41,851 | INFO |    ✓ Found 8 movies
2026-08-07 01:56:41,851 | INFO | [1879/1901] Fetching West Kameng (WTKN)
2026-08-07 01:56:42,152 | INFO |    ↳ Status 200
2026-08-07 01:56:42,152 | INFO |    ✓ Found 8 movies
2026-08-07 01:56:42,152 | INFO | [1880/1901] Fetching Wyra (WWAR)
2026-08-07 01:56:42,569 | INFO |    ↳ Status 200
2026-08-07 01:56:42,569 | INFO |    ✓ Found 8 movies
2026-08-07 01:56:42,569 | INFO | [1881/1901] Fetching Yadagirigutta (YADG)
2026-08-07 01:56:43,103 | INFO |    ↳ Status 200
2026-08-07 01:56:43,103 | INFO |    ✓ Found 8 movies
2026-08-07 01:56:43,103 | INFO | [1882/1901] Fetching Yamunanagar (YAMU)
2026-08-07 01:56:43,509 | INFO |    ↳ Status 200
2026-08-07 01:56:43,509 | INFO |    ✓ Found 7 movies
2026-08-07 01:56:43,509 | INFO | [1883/1901] Fetching Yanam (YANM)
2026-08-07 01:56:43,559 | INFO |    ↳ Status 200
2026-08-07 01:56:43,559 | INFO |    ✓ Found 8 movies
2026-08-07 01:56:43,559 | INFO | [1884/1901] Fetching Yangon (MYAN)
2026-08-07 01:56:44,148 | INFO |    ↳ Status 200
2026-08-07 01:56:44,148 | INFO |    ✓ Found 7 movies
2026-08-07 01:56:44,148 | INFO | [1885/1901] Fetching Yavatmal (YAVA)
2026-08-07 01:56:44,344 | INFO |    ↳ Status 200
2026-08-07 01:56:44,344 | INFO |    ✓ Found 8 movies
2026-08-07 01:56:44,344 | INFO | [1886/1901] Fetching Yelagiri (YLGA)
2026-08-07 01:56:44,513 | INFO |    ↳ Status 200
2026-08-07 01:56:44,513 | INFO |    ✓ Found 8 movies
2026-08-07 01:56:44,513 | INFO | [1887/1901] Fetching Yelburga (YELB)
2026-08-07 01:56:45,155 | INFO |    ↳ Status 200
2026-08-07 01:56:45,155 | INFO |    ✓ Found 1 movies
2026-08-07 01:56:45,156 | INFO | [1888/1901] Fetching Yeleswaram (YELE)
2026-08-07 01:56:45,506 | INFO |    ↳ Status 200
2026-08-07 01:56:45,507 | INFO |    ✓ Found 8 movies
2026-08-07 01:56:45,507 | INFO | [1889/1901] Fetching Yellamanchili (YLMN)
2026-08-07 01:56:45,894 | INFO |    ↳ Status 200
2026-08-07 01:56:45,894 | INFO |    ✓ Found 8 movies
2026-08-07 01:56:45,894 | INFO | [1890/1901] Fetching Yellandu (YRLL)
2026-08-07 01:56:46,211 | INFO |    ↳ Status 200
2026-08-07 01:56:46,211 | INFO |    ✓ Found 8 movies
2026-08-07 01:56:46,211 | INFO | [1891/1901] Fetching Yellareddy (YLLR)
2026-08-07 01:56:46,317 | INFO |    ↳ Status 200
2026-08-07 01:56:46,317 | INFO |    ✓ Found 8 movies
2026-08-07 01:56:46,318 | INFO | [1892/1901] Fetching Yellareddypet (YLRD)
2026-08-07 01:56:46,763 | INFO |    ↳ Status 200
2026-08-07 01:56:46,763 | INFO |    ✓ Found 8 movies
2026-08-07 01:56:46,763 | INFO | [1893/1901] Fetching Yemmiganur (YEMM)
2026-08-07 01:56:47,191 | INFO |    ↳ Status 200
2026-08-07 01:56:47,191 | INFO |    ✓ Found 8 movies
2026-08-07 01:56:47,192 | INFO | [1894/1901] Fetching Yeola (YEOL)
2026-08-07 01:56:47,563 | INFO |    ↳ Status 200
2026-08-07 01:56:47,563 | INFO |    ✓ Found 8 movies
2026-08-07 01:56:47,563 | INFO | [1895/1901] Fetching Yerragondapalem (YERA)
2026-08-07 01:56:47,665 | INFO |    ↳ Status 200
2026-08-07 01:56:47,666 | INFO |    ✓ Found 8 movies
2026-08-07 01:56:47,666 | INFO | [1896/1901] Fetching Yerraguntla (YERR)
2026-08-07 01:56:47,753 | INFO |    ↳ Status 200
2026-08-07 01:56:47,753 | INFO |    ✓ Found 8 movies
2026-08-07 01:56:47,753 | INFO | [1897/1901] Fetching Yewat (YEWE)
2026-08-07 01:56:48,137 | INFO |    ↳ Status 200
2026-08-07 01:56:48,137 | INFO |    ✓ Found 8 movies
2026-08-07 01:56:48,137 | INFO | [1898/1901] Fetching Yuksom (YUKS)
2026-08-07 01:56:48,869 | INFO |    ↳ Status 200
2026-08-07 01:56:48,869 | INFO |    ✓ Found 8 movies
2026-08-07 01:56:48,869 | INFO | [1899/1901] Fetching Zaheerabad (ZAGE)
2026-08-07 01:56:49,105 | INFO |    ↳ Status 200
2026-08-07 01:56:49,106 | INFO |    ✓ Found 8 movies
2026-08-07 01:56:49,106 | INFO | [1900/1901] Fetching Zarap (ZARA)
2026-08-07 01:56:49,176 | INFO |    ↳ Status 200
2026-08-07 01:56:49,176 | INFO |    ✓ Found 8 movies
2026-08-07 01:56:49,176 | INFO | [1901/1901] Fetching Ziro (ZIRO)
2026-08-07 01:56:49,961 | INFO |    ↳ Status 200
2026-08-07 01:56:49,961 | INFO |    ✓ Found 8 movies
2026-08-07 01:56:50,139 | INFO |    ↳ Status 200
2026-08-07 01:56:50,139 | INFO |    ✓ Found 3 movies
2026-08-07 01:56:50,393 | INFO |    ↳ Status 200
2026-08-07 01:56:50,393 | INFO |    ✓ Found 7 movies
2026-08-07 01:56:50,758 | INFO |    ↳ Status 200
2026-08-07 01:56:50,758 | INFO |    ✓ Found 8 movies
2026-08-07 01:56:50,772 | INFO | 
🏆 Top 20 Trending Movies

2026-08-07 01:56:50,773 | INFO |  1. Spider-Man: Brand New Day      | Points: 7662 | Cities: 1279
2026-08-07 01:56:50,773 | INFO |  2. Toxic: A Fairy Tale for Grown-ups | Points: 6319 | Cities: 1190
2026-08-07 01:56:50,773 | INFO |  3. Awarapan 2                     | Points: 5442 | Cities: 888
2026-08-07 01:56:50,773 | INFO |  4. The Odyssey                    | Points: 3097 | Cities: 1036
2026-08-07 01:56:50,773 | INFO |  5. Ramayana                       | Points: 2604 | Cities: 695
2026-08-07 01:56:50,773 | INFO |  6. Dookudu                        | Points: 2328 | Cities: 291
2026-08-07 01:56:50,773 | INFO |  7. Korean Kanakaraju              | Points: 2281 | Cities: 413
2026-08-07 01:56:50,773 | INFO |  8. Batwara 1947                   | Points: 2027 | Cities: 501
2026-08-07 01:56:50,773 | INFO |  9. The Paradise                   | Points: 1744 | Cities: 328
2026-08-07 01:56:50,773 | INFO | 10. Chennai Love Story             | Points: 1389 | Cities: 366
2026-08-07 01:56:50,773 | INFO | 11. Avengers: Doomsday             | Points: 1201 | Cities: 521
2026-08-07 01:56:50,773 | INFO | 12. Vishwanath and Sons            | Points: 1176 | Cities: 210
2026-08-07 01:56:50,773 | INFO | 13. DC                             | Points: 1050 | Cities: 210
2026-08-07 01:56:50,773 | INFO | 14. Jana Nayagan                   | Points: 871  | Cities: 216
2026-08-07 01:56:50,773 | INFO | 15. Picture                        | Points: 854  | Cities: 122
2026-08-07 01:56:50,773 | INFO | 16. Gatta Kusthi 2                 | Points: 797  | Cities: 294
2026-08-07 01:56:50,773 | INFO | 17. Yaar Jigree Kasooti Degree     | Points: 743  | Cities: 107
2026-08-07 01:56:50,773 | INFO | 18. Thudakkam                      | Points: 672  | Cities: 84
2026-08-07 01:56:50,773 | INFO | 19. Ayogya 2                       | Points: 610  | Cities: 122
2026-08-07 01:56:50,773 | INFO | 20. Shashank                       | Points: 600  | Cities: 75
2026-08-07 01:56:50,773 | INFO | 
📊 Run Summary
2026-08-07 01:56:50,773 | INFO |    Success Cities : 1550
2026-08-07 01:56:50,774 | INFO |    Failed Cities  : 0
2026-08-07 01:56:50,774 | INFO |    Success Rate   : 81.54%
2026-08-07 01:56:50,774 | INFO | 
✅ Rankings saved to Data/2026/Rankings_2026-08-07.json

