2026-08-11 23:08:16,587 | INFO | 
🚀 Starting run for 2026-08-12

2026-08-11 23:08:16,589 | INFO | 📌 Total cities: 1901

2026-08-11 23:08:16,811 | INFO | 🌐 Session warmed
2026-08-11 23:08:16,811 | INFO | [1/1901] Fetching Mumbai (MUMBAI)
2026-08-11 23:08:16,822 | INFO | 🌐 Session warmed
2026-08-11 23:08:16,822 | INFO | [4/1901] Fetching Hyderabad (HYD)
2026-08-11 23:08:16,834 | INFO | 🌐 Session warmed
2026-08-11 23:08:16,834 | INFO | [2/1901] Fetching Delhi-NCR (NCR)
2026-08-11 23:08:16,837 | INFO | 🌐 Session warmed
2026-08-11 23:08:16,837 | INFO | [3/1901] Fetching Bengaluru (BANG)
2026-08-11 23:08:17,886 | INFO |    ↳ Status 403
2026-08-11 23:08:17,886 | WARNING |    ⚠ Blocked (403) retry 1
2026-08-11 23:08:17,909 | INFO |    ↳ Status 403
2026-08-11 23:08:17,909 | WARNING |    ⚠ Blocked (403) retry 1
2026-08-11 23:08:17,933 | INFO |    ↳ Status 403
2026-08-11 23:08:17,933 | WARNING |    ⚠ Blocked (403) retry 1
2026-08-11 23:08:17,998 | INFO | 🌐 Session warmed
2026-08-11 23:08:18,013 | INFO | 🌐 Session warmed
2026-08-11 23:08:18,034 | INFO | 🌐 Session warmed
2026-08-11 23:08:18,128 | INFO |    ↳ Status 403
2026-08-11 23:08:18,129 | WARNING |    ⚠ Blocked (403) retry 1
2026-08-11 23:08:18,218 | INFO | 🌐 Session warmed
2026-08-11 23:08:19,867 | INFO |    ↳ Status 403
2026-08-11 23:08:19,867 | WARNING |    ⚠ Blocked (403) retry 2
2026-08-11 23:08:19,927 | INFO |    ↳ Status 403
2026-08-11 23:08:19,927 | WARNING |    ⚠ Blocked (403) retry 2
2026-08-11 23:08:19,942 | INFO | 🌐 Session warmed
2026-08-11 23:08:20,024 | INFO | 🌐 Session warmed
2026-08-11 23:08:20,083 | INFO |    ↳ Status 403
2026-08-11 23:08:20,083 | WARNING |    ⚠ Blocked (403) retry 2
2026-08-11 23:08:20,167 | INFO | 🌐 Session warmed
2026-08-11 23:08:20,326 | INFO |    ↳ Status 403
2026-08-11 23:08:20,326 | WARNING |    ⚠ Blocked (403) retry 2
2026-08-11 23:08:20,404 | INFO | 🌐 Session warmed
2026-08-11 23:08:22,679 | INFO |    ↳ Status 403
2026-08-11 23:08:22,679 | WARNING |    ⚠ Blocked (403) retry 3
2026-08-11 23:08:22,774 | INFO | 🌐 Session warmed
2026-08-11 23:08:23,264 | INFO |    ↳ Status 403
2026-08-11 23:08:23,264 | WARNING |    ⚠ Blocked (403) retry 3
2026-08-11 23:08:23,342 | INFO | 🌐 Session warmed
2026-08-11 23:08:23,474 | INFO |    ↳ Status 403
2026-08-11 23:08:23,474 | WARNING |    ⚠ Blocked (403) retry 3
2026-08-11 23:08:23,549 | INFO | 🌐 Session warmed
2026-08-11 23:08:23,589 | INFO |    ↳ Status 403
2026-08-11 23:08:23,589 | WARNING |    ⚠ Blocked (403) retry 3
2026-08-11 23:08:23,670 | INFO | 🌐 Session warmed
2026-08-11 23:08:26,774 | INFO | [5/1901] Fetching Chandigarh (CHD)
2026-08-11 23:08:27,342 | INFO | [6/1901] Fetching Ahmedabad (AHD)
2026-08-11 23:08:27,549 | INFO | [7/1901] Fetching Pune (PUNE)
2026-08-11 23:08:27,670 | INFO | [8/1901] Fetching Chennai (CHEN)
2026-08-11 23:08:28,024 | INFO |    ↳ Status 403
2026-08-11 23:08:28,024 | WARNING |    ⚠ Blocked (403) retry 1
2026-08-11 23:08:28,111 | INFO | 🌐 Session warmed
2026-08-11 23:08:28,357 | INFO |    ↳ Status 403
2026-08-11 23:08:28,358 | WARNING |    ⚠ Blocked (403) retry 1
2026-08-11 23:08:28,459 | INFO | 🌐 Session warmed
2026-08-11 23:08:28,726 | INFO |    ↳ Status 403
2026-08-11 23:08:28,726 | WARNING |    ⚠ Blocked (403) retry 1
2026-08-11 23:08:28,794 | INFO | 🌐 Session warmed
2026-08-11 23:08:29,018 | INFO |    ↳ Status 403
2026-08-11 23:08:29,018 | WARNING |    ⚠ Blocked (403) retry 1
2026-08-11 23:08:29,086 | INFO | 🌐 Session warmed
2026-08-11 23:08:30,025 | INFO |    ↳ Status 403
2026-08-11 23:08:30,025 | WARNING |    ⚠ Blocked (403) retry 2
2026-08-11 23:08:30,103 | INFO | 🌐 Session warmed
2026-08-11 23:08:30,551 | INFO |    ↳ Status 403
2026-08-11 23:08:30,552 | WARNING |    ⚠ Blocked (403) retry 2
2026-08-11 23:08:30,640 | INFO | 🌐 Session warmed
2026-08-11 23:08:30,772 | INFO |    ↳ Status 403
2026-08-11 23:08:30,772 | WARNING |    ⚠ Blocked (403) retry 2
2026-08-11 23:08:30,818 | INFO |    ↳ Status 403
2026-08-11 23:08:30,818 | WARNING |    ⚠ Blocked (403) retry 2
2026-08-11 23:08:30,868 | INFO | 🌐 Session warmed
2026-08-11 23:08:30,909 | INFO | 🌐 Session warmed
2026-08-11 23:08:32,818 | INFO |    ↳ Status 403
2026-08-11 23:08:32,818 | WARNING |    ⚠ Blocked (403) retry 3
2026-08-11 23:08:32,923 | INFO | 🌐 Session warmed
2026-08-11 23:08:33,660 | INFO |    ↳ Status 403
2026-08-11 23:08:33,660 | WARNING |    ⚠ Blocked (403) retry 3
2026-08-11 23:08:33,746 | INFO | 🌐 Session warmed
2026-08-11 23:08:34,017 | INFO |    ↳ Status 403
2026-08-11 23:08:34,017 | WARNING |    ⚠ Blocked (403) retry 3
2026-08-11 23:08:34,098 | INFO | 🌐 Session warmed
2026-08-11 23:08:34,250 | INFO |    ↳ Status 403
2026-08-11 23:08:34,250 | WARNING |    ⚠ Blocked (403) retry 3
2026-08-11 23:08:34,327 | INFO | 🌐 Session warmed
2026-08-11 23:08:36,923 | INFO | [9/1901] Fetching Kolkata (KOLK)
2026-08-11 23:08:37,746 | INFO | [10/1901] Fetching Kochi (KOCH)
2026-08-11 23:08:38,092 | INFO |    ↳ Status 403
2026-08-11 23:08:38,092 | WARNING |    ⚠ Blocked (403) retry 1
2026-08-11 23:08:38,098 | INFO | [11/1901] Fetching Aalo (AALU)
2026-08-11 23:08:38,180 | INFO | 🌐 Session warmed
2026-08-11 23:08:38,327 | INFO | [12/1901] Fetching Abohar (ABOR)
2026-08-11 23:08:38,796 | INFO |    ↳ Status 403
2026-08-11 23:08:38,796 | WARNING |    ⚠ Blocked (403) retry 1
2026-08-11 23:08:38,877 | INFO | 🌐 Session warmed
2026-08-11 23:08:39,006 | INFO |    ↳ Status 403
2026-08-11 23:08:39,006 | WARNING |    ⚠ Blocked (403) retry 1
2026-08-11 23:08:39,073 | INFO | 🌐 Session warmed
2026-08-11 23:08:39,461 | INFO |    ↳ Status 403
2026-08-11 23:08:39,461 | WARNING |    ⚠ Blocked (403) retry 1
2026-08-11 23:08:39,546 | INFO | 🌐 Session warmed
2026-08-11 23:08:40,334 | INFO |    ↳ Status 403
2026-08-11 23:08:40,334 | WARNING |    ⚠ Blocked (403) retry 2
2026-08-11 23:08:40,409 | INFO | 🌐 Session warmed
2026-08-11 23:08:41,292 | INFO |    ↳ Status 403
2026-08-11 23:08:41,292 | WARNING |    ⚠ Blocked (403) retry 2
2026-08-11 23:08:41,349 | INFO |    ↳ Status 403
2026-08-11 23:08:41,349 | WARNING |    ⚠ Blocked (403) retry 2
2026-08-11 23:08:41,388 | INFO | 🌐 Session warmed
2026-08-11 23:08:41,402 | INFO |    ↳ Status 403
2026-08-11 23:08:41,402 | WARNING |    ⚠ Blocked (403) retry 2
2026-08-11 23:08:41,435 | INFO | 🌐 Session warmed
2026-08-11 23:08:41,501 | INFO | 🌐 Session warmed
2026-08-11 23:08:43,145 | INFO |    ↳ Status 403
2026-08-11 23:08:43,145 | WARNING |    ⚠ Blocked (403) retry 3
2026-08-11 23:08:43,234 | INFO | 🌐 Session warmed
2026-08-11 23:08:44,199 | INFO |    ↳ Status 403
2026-08-11 23:08:44,199 | WARNING |    ⚠ Blocked (403) retry 3
2026-08-11 23:08:44,289 | INFO | 🌐 Session warmed
2026-08-11 23:08:44,571 | INFO |    ↳ Status 403
2026-08-11 23:08:44,571 | WARNING |    ⚠ Blocked (403) retry 3
2026-08-11 23:08:44,658 | INFO | 🌐 Session warmed
2026-08-11 23:08:44,753 | INFO |    ↳ Status 403
2026-08-11 23:08:44,753 | WARNING |    ⚠ Blocked (403) retry 3
2026-08-11 23:08:44,823 | INFO | 🌐 Session warmed
2026-08-11 23:08:47,235 | INFO | [13/1901] Fetching Abu Road (ABRD)
2026-08-11 23:08:48,290 | INFO | [14/1901] Fetching Achampet (ACHM)
2026-08-11 23:08:48,327 | INFO |    ↳ Status 403
2026-08-11 23:08:48,327 | WARNING |    ⚠ Blocked (403) retry 1
2026-08-11 23:08:48,398 | INFO | 🌐 Session warmed
2026-08-11 23:08:48,658 | INFO | [15/1901] Fetching Acharapakkam (ACHA)
2026-08-11 23:08:48,824 | INFO | [16/1901] Fetching Addanki (ADKI)
2026-08-11 23:08:49,321 | INFO |    ↳ Status 403
2026-08-11 23:08:49,321 | WARNING |    ⚠ Blocked (403) retry 1
2026-08-11 23:08:49,389 | INFO | 🌐 Session warmed
2026-08-11 23:08:49,805 | INFO |    ↳ Status 403
2026-08-11 23:08:49,805 | WARNING |    ⚠ Blocked (403) retry 1
2026-08-11 23:08:49,897 | INFO | 🌐 Session warmed
2026-08-11 23:08:50,174 | INFO |    ↳ Status 403
2026-08-11 23:08:50,174 | WARNING |    ⚠ Blocked (403) retry 1
2026-08-11 23:08:50,246 | INFO | 🌐 Session warmed
2026-08-11 23:08:50,484 | INFO |    ↳ Status 403
2026-08-11 23:08:50,485 | WARNING |    ⚠ Blocked (403) retry 2
2026-08-11 23:08:50,578 | INFO | 🌐 Session warmed
2026-08-11 23:08:51,212 | INFO |    ↳ Status 403
2026-08-11 23:08:51,212 | WARNING |    ⚠ Blocked (403) retry 2
2026-08-11 23:08:51,285 | INFO | 🌐 Session warmed
2026-08-11 23:08:51,876 | INFO |    ↳ Status 403
2026-08-11 23:08:51,876 | WARNING |    ⚠ Blocked (403) retry 2
2026-08-11 23:08:51,950 | INFO | 🌐 Session warmed
2026-08-11 23:08:52,214 | INFO |    ↳ Status 403
2026-08-11 23:08:52,214 | WARNING |    ⚠ Blocked (403) retry 2
2026-08-11 23:08:52,300 | INFO | 🌐 Session warmed
2026-08-11 23:08:53,736 | INFO |    ↳ Status 403
2026-08-11 23:08:53,736 | WARNING |    ⚠ Blocked (403) retry 3
2026-08-11 23:08:53,826 | INFO | 🌐 Session warmed
2026-08-11 23:08:54,636 | INFO |    ↳ Status 403
2026-08-11 23:08:54,636 | WARNING |    ⚠ Blocked (403) retry 3
2026-08-11 23:08:54,747 | INFO | 🌐 Session warmed
2026-08-11 23:08:54,834 | INFO |    ↳ Status 403
2026-08-11 23:08:54,834 | WARNING |    ⚠ Blocked (403) retry 3
2026-08-11 23:08:54,911 | INFO | 🌐 Session warmed
2026-08-11 23:08:55,712 | INFO |    ↳ Status 403
2026-08-11 23:08:55,712 | WARNING |    ⚠ Blocked (403) retry 3
2026-08-11 23:08:55,796 | INFO | 🌐 Session warmed
2026-08-11 23:08:57,826 | INFO | [17/1901] Fetching Adilabad (ADIL)
2026-08-11 23:08:58,748 | INFO | [18/1901] Fetching Adimali (ADIM)
2026-08-11 23:08:58,912 | INFO | [19/1901] Fetching Adipur (ADPR)
2026-08-11 23:08:59,184 | INFO |    ↳ Status 403
2026-08-11 23:08:59,184 | WARNING |    ⚠ Blocked (403) retry 1
2026-08-11 23:08:59,273 | INFO | 🌐 Session warmed
2026-08-11 23:08:59,795 | INFO |    ↳ Status 403
2026-08-11 23:08:59,795 | WARNING |    ⚠ Blocked (403) retry 1
2026-08-11 23:08:59,796 | INFO | [20/1901] Fetching Adoni (ADNI)
2026-08-11 23:08:59,874 | INFO | 🌐 Session warmed
2026-08-11 23:09:00,207 | INFO |    ↳ Status 403
2026-08-11 23:09:00,207 | WARNING |    ⚠ Blocked (403) retry 1
2026-08-11 23:09:00,312 | INFO | 🌐 Session warmed
2026-08-11 23:09:01,051 | INFO |    ↳ Status 403
2026-08-11 23:09:01,051 | WARNING |    ⚠ Blocked (403) retry 2
2026-08-11 23:09:01,122 | INFO | 🌐 Session warmed
2026-08-11 23:09:01,162 | INFO |    ↳ Status 403
2026-08-11 23:09:01,162 | WARNING |    ⚠ Blocked (403) retry 1
2026-08-11 23:09:01,237 | INFO | 🌐 Session warmed
2026-08-11 23:09:01,582 | INFO |    ↳ Status 403
2026-08-11 23:09:01,582 | WARNING |    ⚠ Blocked (403) retry 2
2026-08-11 23:09:01,682 | INFO | 🌐 Session warmed
2026-08-11 23:09:02,376 | INFO |    ↳ Status 403
2026-08-11 23:09:02,376 | WARNING |    ⚠ Blocked (403) retry 2
2026-08-11 23:09:02,475 | INFO | 🌐 Session warmed
2026-08-11 23:09:03,532 | INFO |    ↳ Status 403
2026-08-11 23:09:03,532 | WARNING |    ⚠ Blocked (403) retry 2
2026-08-11 23:09:03,615 | INFO | 🌐 Session warmed
2026-08-11 23:09:04,023 | INFO |    ↳ Status 403
2026-08-11 23:09:04,023 | WARNING |    ⚠ Blocked (403) retry 3
2026-08-11 23:09:04,101 | INFO | 🌐 Session warmed
2026-08-11 23:09:04,878 | INFO |    ↳ Status 403
2026-08-11 23:09:04,879 | WARNING |    ⚠ Blocked (403) retry 3
2026-08-11 23:09:04,986 | INFO | 🌐 Session warmed
2026-08-11 23:09:05,367 | INFO |    ↳ Status 403
2026-08-11 23:09:05,367 | WARNING |    ⚠ Blocked (403) retry 3
2026-08-11 23:09:05,470 | INFO | 🌐 Session warmed
2026-08-11 23:09:07,033 | INFO |    ↳ Status 403
2026-08-11 23:09:07,033 | WARNING |    ⚠ Blocked (403) retry 3
2026-08-11 23:09:07,122 | INFO | 🌐 Session warmed
2026-08-11 23:09:08,101 | INFO | [21/1901] Fetching Agar Malwa (AGOR)
2026-08-11 23:09:08,773 | INFO |    ↳ Status 403
2026-08-11 23:09:08,773 | WARNING |    ⚠ Blocked (403) retry 1
2026-08-11 23:09:08,864 | INFO | 🌐 Session warmed
2026-08-11 23:09:08,987 | INFO | [22/1901] Fetching Agartala (AGAR)
2026-08-11 23:09:09,470 | INFO | [23/1901] Fetching Agiripalli (AGIR)
2026-08-11 23:09:09,985 | INFO |    ↳ Status 403
2026-08-11 23:09:09,986 | WARNING |    ⚠ Blocked (403) retry 1
2026-08-11 23:09:10,077 | INFO | 🌐 Session warmed
2026-08-11 23:09:10,497 | INFO |    ↳ Status 403
2026-08-11 23:09:10,497 | WARNING |    ⚠ Blocked (403) retry 2
2026-08-11 23:09:10,569 | INFO | 🌐 Session warmed
2026-08-11 23:09:10,750 | INFO |    ↳ Status 403
2026-08-11 23:09:10,750 | WARNING |    ⚠ Blocked (403) retry 1
2026-08-11 23:09:10,838 | INFO | 🌐 Session warmed
2026-08-11 23:09:11,122 | INFO | [24/1901] Fetching Agra (AGRA)
2026-08-11 23:09:12,267 | INFO |    ↳ Status 403
2026-08-11 23:09:12,267 | WARNING |    ⚠ Blocked (403) retry 1
2026-08-11 23:09:12,348 | INFO | 🌐 Session warmed
2026-08-11 23:09:12,375 | INFO |    ↳ Status 403
2026-08-11 23:09:12,375 | WARNING |    ⚠ Blocked (403) retry 2
2026-08-11 23:09:12,461 | INFO | 🌐 Session warmed
2026-08-11 23:09:12,523 | INFO |    ↳ Status 403
2026-08-11 23:09:12,523 | WARNING |    ⚠ Blocked (403) retry 2
2026-08-11 23:09:12,604 | INFO | 🌐 Session warmed
2026-08-11 23:09:13,280 | INFO |    ↳ Status 403
2026-08-11 23:09:13,280 | WARNING |    ⚠ Blocked (403) retry 3
2026-08-11 23:09:13,365 | INFO | 🌐 Session warmed
2026-08-11 23:09:14,357 | INFO |    ↳ Status 403
2026-08-11 23:09:14,357 | WARNING |    ⚠ Blocked (403) retry 2
2026-08-11 23:09:14,444 | INFO | 🌐 Session warmed
2026-08-11 23:09:15,190 | INFO |    ↳ Status 403
2026-08-11 23:09:15,190 | WARNING |    ⚠ Blocked (403) retry 3
2026-08-11 23:09:15,290 | INFO | 🌐 Session warmed
2026-08-11 23:09:15,912 | INFO |    ↳ Status 403
2026-08-11 23:09:15,912 | WARNING |    ⚠ Blocked (403) retry 3
2026-08-11 23:09:15,991 | INFO | 🌐 Session warmed
2026-08-11 23:09:17,366 | INFO | [25/1901] Fetching Ahilyanagar (Ahmednagar) (AHMED)
2026-08-11 23:09:17,493 | INFO |    ↳ Status 403
2026-08-11 23:09:17,493 | WARNING |    ⚠ Blocked (403) retry 3
2026-08-11 23:09:17,589 | INFO | 🌐 Session warmed
2026-08-11 23:09:18,779 | INFO |    ↳ Status 403
2026-08-11 23:09:18,780 | WARNING |    ⚠ Blocked (403) retry 1
2026-08-11 23:09:18,852 | INFO | 🌐 Session warmed
2026-08-11 23:09:19,290 | INFO | [26/1901] Fetching Ahmedgarh (AHMG)
2026-08-11 23:09:19,992 | INFO | [27/1901] Fetching Ahore (AHOR)
2026-08-11 23:09:20,283 | INFO |    ↳ Status 403
2026-08-11 23:09:20,283 | WARNING |    ⚠ Blocked (403) retry 1
2026-08-11 23:09:20,377 | INFO | 🌐 Session warmed
2026-08-11 23:09:20,811 | INFO |    ↳ Status 403
2026-08-11 23:09:20,811 | WARNING |    ⚠ Blocked (403) retry 1
2026-08-11 23:09:20,892 | INFO | 🌐 Session warmed
2026-08-11 23:09:21,088 | INFO |    ↳ Status 403
2026-08-11 23:09:21,088 | WARNING |    ⚠ Blocked (403) retry 2
2026-08-11 23:09:21,169 | INFO | 🌐 Session warmed
2026-08-11 23:09:21,590 | INFO | [28/1901] Fetching Aizawl (AIZW)
2026-08-11 23:09:22,030 | INFO |    ↳ Status 403
2026-08-11 23:09:22,030 | WARNING |    ⚠ Blocked (403) retry 2
2026-08-11 23:09:22,122 | INFO | 🌐 Session warmed
2026-08-11 23:09:22,409 | INFO |    ↳ Status 403
2026-08-11 23:09:22,409 | WARNING |    ⚠ Blocked (403) retry 1
2026-08-11 23:09:22,517 | INFO | 🌐 Session warmed
2026-08-11 23:09:23,055 | INFO |    ↳ Status 403
2026-08-11 23:09:23,055 | WARNING |    ⚠ Blocked (403) retry 2
2026-08-11 23:09:23,130 | INFO | 🌐 Session warmed
2026-08-11 23:09:24,376 | INFO |    ↳ Status 403
2026-08-11 23:09:24,376 | WARNING |    ⚠ Blocked (403) retry 3
2026-08-11 23:09:24,462 | INFO | 🌐 Session warmed
2026-08-11 23:09:24,773 | INFO |    ↳ Status 403
2026-08-11 23:09:24,773 | WARNING |    ⚠ Blocked (403) retry 2
2026-08-11 23:09:24,859 | INFO | 🌐 Session warmed
2026-08-11 23:09:24,930 | INFO |    ↳ Status 403
2026-08-11 23:09:24,930 | WARNING |    ⚠ Blocked (403) retry 3
2026-08-11 23:09:25,001 | INFO | 🌐 Session warmed
2026-08-11 23:09:26,142 | INFO |    ↳ Status 403
2026-08-11 23:09:26,142 | WARNING |    ⚠ Blocked (403) retry 3
2026-08-11 23:09:26,228 | INFO | 🌐 Session warmed
2026-08-11 23:09:27,999 | INFO |    ↳ Status 403
2026-08-11 23:09:28,000 | WARNING |    ⚠ Blocked (403) retry 3
2026-08-11 23:09:28,099 | INFO | 🌐 Session warmed
2026-08-11 23:09:28,462 | INFO | [29/1901] Fetching Ajmer (AJMER)
2026-08-11 23:09:29,002 | INFO | [30/1901] Fetching Akaltara (AKAL)
2026-08-11 23:09:29,815 | INFO |    ↳ Status 403
2026-08-11 23:09:29,815 | WARNING |    ⚠ Blocked (403) retry 1
2026-08-11 23:09:29,868 | INFO |    ↳ Status 403
2026-08-11 23:09:29,868 | WARNING |    ⚠ Blocked (403) retry 1
2026-08-11 23:09:29,888 | INFO | 🌐 Session warmed
2026-08-11 23:09:29,946 | INFO | 🌐 Session warmed
2026-08-11 23:09:30,229 | INFO | [31/1901] Fetching Akbarpur (AKBR)
2026-08-11 23:09:30,866 | INFO |    ↳ Status 403
2026-08-11 23:09:30,866 | WARNING |    ⚠ Blocked (403) retry 1
2026-08-11 23:09:30,974 | INFO | 🌐 Session warmed
2026-08-11 23:09:31,669 | INFO |    ↳ Status 403
2026-08-11 23:09:31,669 | WARNING |    ⚠ Blocked (403) retry 2
2026-08-11 23:09:31,743 | INFO | 🌐 Session warmed
2026-08-11 23:09:32,099 | INFO | [32/1901] Fetching Akividu (AKVD)
2026-08-11 23:09:32,201 | INFO |    ↳ Status 403
2026-08-11 23:09:32,201 | WARNING |    ⚠ Blocked (403) retry 2
2026-08-11 23:09:32,292 | INFO | 🌐 Session warmed
2026-08-11 23:09:32,997 | INFO |    ↳ Status 403
2026-08-11 23:09:32,997 | WARNING |    ⚠ Blocked (403) retry 2
2026-08-11 23:09:33,091 | INFO | 🌐 Session warmed
2026-08-11 23:09:33,156 | INFO |    ↳ Status 403
2026-08-11 23:09:33,156 | WARNING |    ⚠ Blocked (403) retry 1
2026-08-11 23:09:33,252 | INFO | 🌐 Session warmed
2026-08-11 23:09:34,954 | INFO |    ↳ Status 403
2026-08-11 23:09:34,954 | WARNING |    ⚠ Blocked (403) retry 3
2026-08-11 23:09:35,050 | INFO | 🌐 Session warmed
2026-08-11 23:09:35,156 | INFO |    ↳ Status 403
2026-08-11 23:09:35,156 | WARNING |    ⚠ Blocked (403) retry 3
2026-08-11 23:09:35,260 | INFO | 🌐 Session warmed
2026-08-11 23:09:35,522 | INFO |    ↳ Status 403
2026-08-11 23:09:35,522 | WARNING |    ⚠ Blocked (403) retry 2
2026-08-11 23:09:35,590 | INFO | 🌐 Session warmed
2026-08-11 23:09:36,332 | INFO |    ↳ Status 403
2026-08-11 23:09:36,332 | WARNING |    ⚠ Blocked (403) retry 3
2026-08-11 23:09:36,423 | INFO | 🌐 Session warmed
2026-08-11 23:09:38,290 | INFO |    ↳ Status 403
2026-08-11 23:09:38,290 | WARNING |    ⚠ Blocked (403) retry 3
2026-08-11 23:09:38,386 | INFO | 🌐 Session warmed
2026-08-11 23:09:39,050 | INFO | [33/1901] Fetching Akluj (AKLJ)
2026-08-11 23:09:39,260 | INFO | [34/1901] Fetching Akola (AKOL)
2026-08-11 23:09:39,894 | INFO |    ↳ Status 403
2026-08-11 23:09:39,894 | WARNING |    ⚠ Blocked (403) retry 1
2026-08-11 23:09:39,985 | INFO | 🌐 Session warmed
2026-08-11 23:09:40,300 | INFO |    ↳ Status 403
2026-08-11 23:09:40,300 | WARNING |    ⚠ Blocked (403) retry 1
2026-08-11 23:09:40,379 | INFO | 🌐 Session warmed
2026-08-11 23:09:40,423 | INFO | [35/1901] Fetching Akot (TKOT)
2026-08-11 23:09:41,356 | INFO |    ↳ Status 403
2026-08-11 23:09:41,356 | WARNING |    ⚠ Blocked (403) retry 1
2026-08-11 23:09:41,450 | INFO | 🌐 Session warmed
2026-08-11 23:09:42,364 | INFO |    ↳ Status 403
2026-08-11 23:09:42,364 | WARNING |    ⚠ Blocked (403) retry 2
2026-08-11 23:09:42,386 | INFO | [36/1901] Fetching Alakode (ALAK)
2026-08-11 23:09:42,423 | INFO |    ↳ Status 403
2026-08-11 23:09:42,423 | WARNING |    ⚠ Blocked (403) retry 2
2026-08-11 23:09:42,447 | INFO | 🌐 Session warmed
2026-08-11 23:09:42,512 | INFO | 🌐 Session warmed
2026-08-11 23:09:43,136 | INFO |    ↳ Status 403
2026-08-11 23:09:43,136 | WARNING |    ⚠ Blocked (403) retry 1
2026-08-11 23:09:43,148 | INFO |    ↳ Status 403
2026-08-11 23:09:43,148 | WARNING |    ⚠ Blocked (403) retry 2
2026-08-11 23:09:43,218 | INFO | 🌐 Session warmed
2026-08-11 23:09:43,237 | INFO | 🌐 Session warmed
2026-08-11 23:09:45,523 | INFO |    ↳ Status 403
2026-08-11 23:09:45,523 | WARNING |    ⚠ Blocked (403) retry 3
2026-08-11 23:09:45,555 | INFO |    ↳ Status 403
2026-08-11 23:09:45,556 | WARNING |    ⚠ Blocked (403) retry 2
2026-08-11 23:09:45,611 | INFO | 🌐 Session warmed
2026-08-11 23:09:45,612 | INFO |    ↳ Status 403
2026-08-11 23:09:45,612 | WARNING |    ⚠ Blocked (403) retry 3
2026-08-11 23:09:45,674 | INFO | 🌐 Session warmed
2026-08-11 23:09:45,694 | INFO | 🌐 Session warmed
2026-08-11 23:09:46,490 | INFO |    ↳ Status 403
2026-08-11 23:09:46,490 | WARNING |    ⚠ Blocked (403) retry 3
2026-08-11 23:09:46,558 | INFO | 🌐 Session warmed
2026-08-11 23:09:48,853 | INFO |    ↳ Status 403
2026-08-11 23:09:48,853 | WARNING |    ⚠ Blocked (403) retry 3
2026-08-11 23:09:48,918 | INFO | 🌐 Session warmed
2026-08-11 23:09:49,612 | INFO | [37/1901] Fetching Alangudi (ALNI)
2026-08-11 23:09:49,694 | INFO | [38/1901] Fetching Alangulam (ALKM)
2026-08-11 23:09:50,558 | INFO | [39/1901] Fetching Alappuzha (ALPZ)
2026-08-11 23:09:50,761 | INFO |    ↳ Status 403
2026-08-11 23:09:50,761 | WARNING |    ⚠ Blocked (403) retry 1
2026-08-11 23:09:50,832 | INFO | 🌐 Session warmed
2026-08-11 23:09:50,954 | INFO |    ↳ Status 403
2026-08-11 23:09:50,954 | WARNING |    ⚠ Blocked (403) retry 1
2026-08-11 23:09:51,045 | INFO | 🌐 Session warmed
2026-08-11 23:09:51,248 | INFO |    ↳ Status 403
2026-08-11 23:09:51,248 | WARNING |    ⚠ Blocked (403) retry 1
2026-08-11 23:09:51,339 | INFO | 🌐 Session warmed
2026-08-11 23:09:52,918 | INFO | [40/1901] Fetching Alathur (ALAR)
2026-08-11 23:09:52,966 | INFO |    ↳ Status 403
2026-08-11 23:09:52,966 | WARNING |    ⚠ Blocked (403) retry 2
2026-08-11 23:09:53,041 | INFO | 🌐 Session warmed
2026-08-11 23:09:53,217 | INFO |    ↳ Status 403
2026-08-11 23:09:53,217 | WARNING |    ⚠ Blocked (403) retry 2
2026-08-11 23:09:53,307 | INFO | 🌐 Session warmed
2026-08-11 23:09:53,525 | INFO |    ↳ Status 403
2026-08-11 23:09:53,526 | WARNING |    ⚠ Blocked (403) retry 2
2026-08-11 23:09:53,630 | INFO | 🌐 Session warmed
2026-08-11 23:09:53,883 | INFO |    ↳ Status 403
2026-08-11 23:09:53,883 | WARNING |    ⚠ Blocked (403) retry 1
2026-08-11 23:09:53,947 | INFO | 🌐 Session warmed
2026-08-11 23:09:55,627 | INFO |    ↳ Status 403
2026-08-11 23:09:55,627 | WARNING |    ⚠ Blocked (403) retry 2
2026-08-11 23:09:55,697 | INFO | 🌐 Session warmed
2026-08-11 23:09:55,989 | INFO |    ↳ Status 403
2026-08-11 23:09:55,989 | WARNING |    ⚠ Blocked (403) retry 3
2026-08-11 23:09:56,084 | INFO | 🌐 Session warmed
2026-08-11 23:09:56,569 | INFO |    ↳ Status 403
2026-08-11 23:09:56,569 | WARNING |    ⚠ Blocked (403) retry 3
2026-08-11 23:09:56,655 | INFO | 🌐 Session warmed
2026-08-11 23:09:57,036 | INFO |    ↳ Status 403
2026-08-11 23:09:57,036 | WARNING |    ⚠ Blocked (403) retry 3
2026-08-11 23:09:57,122 | INFO | 🌐 Session warmed
2026-08-11 23:09:58,595 | INFO |    ↳ Status 403
2026-08-11 23:09:58,595 | WARNING |    ⚠ Blocked (403) retry 3
2026-08-11 23:09:58,683 | INFO | 🌐 Session warmed
2026-08-11 23:10:00,084 | INFO | [41/1901] Fetching Alibaug (ALBG)
2026-08-11 23:10:00,655 | INFO | [42/1901] Fetching Aligarh (ALI)
2026-08-11 23:10:00,859 | INFO |    ↳ Status 403
2026-08-11 23:10:00,859 | WARNING |    ⚠ Blocked (403) retry 1
2026-08-11 23:10:00,942 | INFO | 🌐 Session warmed
2026-08-11 23:10:01,122 | INFO | [43/1901] Fetching Alipurduar (ALIP)
2026-08-11 23:10:01,827 | INFO |    ↳ Status 403
2026-08-11 23:10:01,827 | WARNING |    ⚠ Blocked (403) retry 1
2026-08-11 23:10:01,858 | INFO |    ↳ Status 403
2026-08-11 23:10:01,858 | WARNING |    ⚠ Blocked (403) retry 1
2026-08-11 23:10:01,922 | INFO | 🌐 Session warmed
2026-08-11 23:10:01,950 | INFO | 🌐 Session warmed
2026-08-11 23:10:02,684 | INFO | [44/1901] Fetching Allagadda (ALGD)
2026-08-11 23:10:02,686 | INFO |    ↳ Status 403
2026-08-11 23:10:02,686 | WARNING |    ⚠ Blocked (403) retry 2
2026-08-11 23:10:02,786 | INFO | 🌐 Session warmed
2026-08-11 23:10:04,044 | INFO |    ↳ Status 403
2026-08-11 23:10:04,044 | WARNING |    ⚠ Blocked (403) retry 1
2026-08-11 23:10:04,069 | INFO |    ↳ Status 403
2026-08-11 23:10:04,069 | WARNING |    ⚠ Blocked (403) retry 2
2026-08-11 23:10:04,128 | INFO | 🌐 Session warmed
2026-08-11 23:10:04,165 | INFO | 🌐 Session warmed
2026-08-11 23:10:04,325 | INFO |    ↳ Status 403
2026-08-11 23:10:04,325 | WARNING |    ⚠ Blocked (403) retry 2
2026-08-11 23:10:04,389 | INFO | 🌐 Session warmed
2026-08-11 23:10:05,842 | INFO |    ↳ Status 403
2026-08-11 23:10:05,842 | WARNING |    ⚠ Blocked (403) retry 3
2026-08-11 23:10:05,916 | INFO | 🌐 Session warmed
2026-08-11 23:10:05,930 | INFO |    ↳ Status 403
2026-08-11 23:10:05,930 | WARNING |    ⚠ Blocked (403) retry 2
2026-08-11 23:10:06,022 | INFO | 🌐 Session warmed
2026-08-11 23:10:07,010 | INFO |    ↳ Status 403
2026-08-11 23:10:07,010 | WARNING |    ⚠ Blocked (403) retry 3
2026-08-11 23:10:07,091 | INFO | 🌐 Session warmed
2026-08-11 23:10:07,133 | INFO |    ↳ Status 403
2026-08-11 23:10:07,133 | WARNING |    ⚠ Blocked (403) retry 3
2026-08-11 23:10:07,234 | INFO | 🌐 Session warmed
2026-08-11 23:10:08,860 | INFO |    ↳ Status 403
2026-08-11 23:10:08,860 | WARNING |    ⚠ Blocked (403) retry 3
2026-08-11 23:10:08,927 | INFO | 🌐 Session warmed
2026-08-11 23:10:09,917 | INFO | [45/1901] Fetching Almora (ALMO)
2026-08-11 23:10:11,092 | INFO | [46/1901] Fetching Alsisar (Rajasthan) (ALSR)
2026-08-11 23:10:11,125 | INFO |    ↳ Status 403
2026-08-11 23:10:11,125 | WARNING |    ⚠ Blocked (403) retry 1
2026-08-11 23:10:11,222 | INFO | 🌐 Session warmed
2026-08-11 23:10:11,235 | INFO | [47/1901] Fetching Alur (ALUR)
2026-08-11 23:10:12,464 | INFO |    ↳ Status 403
2026-08-11 23:10:12,464 | WARNING |    ⚠ Blocked (403) retry 1
2026-08-11 23:10:12,494 | INFO |    ↳ Status 403
2026-08-11 23:10:12,495 | WARNING |    ⚠ Blocked (403) retry 1
2026-08-11 23:10:12,551 | INFO | 🌐 Session warmed
2026-08-11 23:10:12,573 | INFO | 🌐 Session warmed
2026-08-11 23:10:12,928 | INFO | [48/1901] Fetching Alwar (ALWR)
2026-08-11 23:10:13,321 | INFO |    ↳ Status 403
2026-08-11 23:10:13,322 | WARNING |    ⚠ Blocked (403) retry 2
2026-08-11 23:10:13,400 | INFO | 🌐 Session warmed
2026-08-11 23:10:14,205 | INFO |    ↳ Status 403
2026-08-11 23:10:14,205 | WARNING |    ⚠ Blocked (403) retry 2
2026-08-11 23:10:14,263 | INFO |    ↳ Status 403
2026-08-11 23:10:14,263 | WARNING |    ⚠ Blocked (403) retry 1
2026-08-11 23:10:14,286 | INFO |    ↳ Status 403
2026-08-11 23:10:14,286 | WARNING |    ⚠ Blocked (403) retry 2
2026-08-11 23:10:14,298 | INFO | 🌐 Session warmed
2026-08-11 23:10:14,355 | INFO | 🌐 Session warmed
2026-08-11 23:10:14,377 | INFO | 🌐 Session warmed
2026-08-11 23:10:16,112 | INFO |    ↳ Status 403
2026-08-11 23:10:16,112 | WARNING |    ⚠ Blocked (403) retry 2
2026-08-11 23:10:16,203 | INFO | 🌐 Session warmed
2026-08-11 23:10:16,673 | INFO |    ↳ Status 403
2026-08-11 23:10:16,673 | WARNING |    ⚠ Blocked (403) retry 3
2026-08-11 23:10:16,748 | INFO | 🌐 Session warmed
2026-08-11 23:10:17,329 | INFO |    ↳ Status 403
2026-08-11 23:10:17,329 | WARNING |    ⚠ Blocked (403) retry 3
2026-08-11 23:10:17,343 | INFO |    ↳ Status 403
2026-08-11 23:10:17,343 | WARNING |    ⚠ Blocked (403) retry 3
2026-08-11 23:10:17,431 | INFO | 🌐 Session warmed
2026-08-11 23:10:17,439 | INFO | 🌐 Session warmed
2026-08-11 23:10:18,926 | INFO |    ↳ Status 403
2026-08-11 23:10:18,926 | WARNING |    ⚠ Blocked (403) retry 3
2026-08-11 23:10:19,005 | INFO | 🌐 Session warmed
2026-08-11 23:10:20,749 | INFO | [49/1901] Fetching Amadalavalasa (ADAM)
2026-08-11 23:10:21,431 | INFO | [50/1901] Fetching Amalapuram (AMAP)
2026-08-11 23:10:21,439 | INFO | [51/1901] Fetching Amalner (AMLN)
2026-08-11 23:10:21,839 | INFO |    ↳ Status 403
2026-08-11 23:10:21,839 | WARNING |    ⚠ Blocked (403) retry 1
2026-08-11 23:10:21,924 | INFO | 🌐 Session warmed
2026-08-11 23:10:22,219 | INFO |    ↳ Status 403
2026-08-11 23:10:22,219 | WARNING |    ⚠ Blocked (403) retry 1
2026-08-11 23:10:22,291 | INFO | 🌐 Session warmed
2026-08-11 23:10:22,475 | INFO |    ↳ Status 403
2026-08-11 23:10:22,475 | WARNING |    ⚠ Blocked (403) retry 1
2026-08-11 23:10:22,541 | INFO | 🌐 Session warmed
2026-08-11 23:10:23,006 | INFO | [52/1901] Fetching Amangal (AMAN)
2026-08-11 23:10:23,954 | INFO |    ↳ Status 403
2026-08-11 23:10:23,954 | WARNING |    ⚠ Blocked (403) retry 2
2026-08-11 23:10:24,044 | INFO | 🌐 Session warmed
2026-08-11 23:10:24,247 | INFO |    ↳ Status 403
2026-08-11 23:10:24,247 | WARNING |    ⚠ Blocked (403) retry 2
2026-08-11 23:10:24,336 | INFO | 🌐 Session warmed
2026-08-11 23:10:24,361 | INFO |    ↳ Status 403
2026-08-11 23:10:24,361 | WARNING |    ⚠ Blocked (403) retry 1
2026-08-11 23:10:24,434 | INFO | 🌐 Session warmed
2026-08-11 23:10:24,476 | INFO |    ↳ Status 403
2026-08-11 23:10:24,477 | WARNING |    ⚠ Blocked (403) retry 2
2026-08-11 23:10:24,578 | INFO | 🌐 Session warmed
2026-08-11 23:10:26,483 | INFO |    ↳ Status 403
2026-08-11 23:10:26,483 | WARNING |    ⚠ Blocked (403) retry 2
2026-08-11 23:10:26,558 | INFO | 🌐 Session warmed
2026-08-11 23:10:27,067 | INFO |    ↳ Status 403
2026-08-11 23:10:27,067 | WARNING |    ⚠ Blocked (403) retry 3
2026-08-11 23:10:27,161 | INFO | 🌐 Session warmed
2026-08-11 23:10:27,291 | INFO |    ↳ Status 403
2026-08-11 23:10:27,291 | WARNING |    ⚠ Blocked (403) retry 3
2026-08-11 23:10:27,332 | INFO |    ↳ Status 403
2026-08-11 23:10:27,332 | WARNING |    ⚠ Blocked (403) retry 3
2026-08-11 23:10:27,367 | INFO | 🌐 Session warmed
2026-08-11 23:10:27,408 | INFO | 🌐 Session warmed
2026-08-11 23:10:29,819 | INFO |    ↳ Status 403
2026-08-11 23:10:29,820 | WARNING |    ⚠ Blocked (403) retry 3
2026-08-11 23:10:29,897 | INFO | 🌐 Session warmed
2026-08-11 23:10:31,162 | INFO | [53/1901] Fetching Amanpur (ZAMA)
2026-08-11 23:10:31,368 | INFO | [54/1901] Fetching Amaravathi (AVTI)
2026-08-11 23:10:31,408 | INFO | [55/1901] Fetching Ambajogai (AMBG)
2026-08-11 23:10:32,274 | INFO |    ↳ Status 403
2026-08-11 23:10:32,274 | WARNING |    ⚠ Blocked (403) retry 1
2026-08-11 23:10:32,368 | INFO | 🌐 Session warmed
2026-08-11 23:10:32,455 | INFO |    ↳ Status 403
2026-08-11 23:10:32,455 | WARNING |    ⚠ Blocked (403) retry 1
2026-08-11 23:10:32,473 | INFO |    ↳ Status 403
2026-08-11 23:10:32,473 | WARNING |    ⚠ Blocked (403) retry 1
2026-08-11 23:10:32,539 | INFO | 🌐 Session warmed
2026-08-11 23:10:32,554 | INFO | 🌐 Session warmed
2026-08-11 23:10:33,897 | INFO | [56/1901] Fetching Ambala (AMB)
2026-08-11 23:10:34,443 | INFO |    ↳ Status 403
2026-08-11 23:10:34,443 | WARNING |    ⚠ Blocked (403) retry 2
2026-08-11 23:10:34,531 | INFO | 🌐 Session warmed
2026-08-11 23:10:34,632 | INFO |    ↳ Status 403
2026-08-11 23:10:34,632 | WARNING |    ⚠ Blocked (403) retry 2
2026-08-11 23:10:34,648 | INFO |    ↳ Status 403
2026-08-11 23:10:34,648 | WARNING |    ⚠ Blocked (403) retry 2
2026-08-11 23:10:34,724 | INFO | 🌐 Session warmed
2026-08-11 23:10:34,757 | INFO | 🌐 Session warmed
2026-08-11 23:10:35,053 | INFO |    ↳ Status 403
2026-08-11 23:10:35,053 | WARNING |    ⚠ Blocked (403) retry 1
2026-08-11 23:10:35,140 | INFO | 🌐 Session warmed
2026-08-11 23:10:36,968 | INFO |    ↳ Status 403
2026-08-11 23:10:36,968 | WARNING |    ⚠ Blocked (403) retry 2
2026-08-11 23:10:37,037 | INFO | 🌐 Session warmed
2026-08-11 23:10:37,437 | INFO |    ↳ Status 403
2026-08-11 23:10:37,437 | WARNING |    ⚠ Blocked (403) retry 3
2026-08-11 23:10:37,522 | INFO | 🌐 Session warmed
2026-08-11 23:10:37,582 | INFO |    ↳ Status 403
2026-08-11 23:10:37,583 | WARNING |    ⚠ Blocked (403) retry 3
2026-08-11 23:10:37,667 | INFO | 🌐 Session warmed
2026-08-11 23:10:37,774 | INFO |    ↳ Status 403
2026-08-11 23:10:37,774 | WARNING |    ⚠ Blocked (403) retry 3
2026-08-11 23:10:37,864 | INFO | 🌐 Session warmed
2026-08-11 23:10:40,287 | INFO |    ↳ Status 403
2026-08-11 23:10:40,287 | WARNING |    ⚠ Blocked (403) retry 3
2026-08-11 23:10:40,364 | INFO | 🌐 Session warmed
2026-08-11 23:10:41,522 | INFO | [57/1901] Fetching Ambikapur (AMBI)
2026-08-11 23:10:41,667 | INFO | [58/1901] Fetching Ambur (AMBR)
2026-08-11 23:10:41,865 | INFO | [59/1901] Fetching Amgaon (AMGN)
2026-08-11 23:10:42,710 | INFO |    ↳ Status 403
2026-08-11 23:10:42,710 | WARNING |    ⚠ Blocked (403) retry 1
2026-08-11 23:10:42,742 | INFO |    ↳ Status 403
2026-08-11 23:10:42,742 | WARNING |    ⚠ Blocked (403) retry 1
2026-08-11 23:10:42,782 | INFO |    ↳ Status 403
2026-08-11 23:10:42,782 | WARNING |    ⚠ Blocked (403) retry 1
2026-08-11 23:10:42,810 | INFO | 🌐 Session warmed
2026-08-11 23:10:42,837 | INFO | 🌐 Session warmed
2026-08-11 23:10:42,885 | INFO | 🌐 Session warmed
2026-08-11 23:10:44,364 | INFO | [60/1901] Fetching Amravati (AMRA)
2026-08-11 23:10:44,785 | INFO |    ↳ Status 403
2026-08-11 23:10:44,785 | WARNING |    ⚠ Blocked (403) retry 2
2026-08-11 23:10:44,876 | INFO | 🌐 Session warmed
2026-08-11 23:10:44,894 | INFO |    ↳ Status 403
2026-08-11 23:10:44,894 | WARNING |    ⚠ Blocked (403) retry 2
2026-08-11 23:10:44,969 | INFO | 🌐 Session warmed
2026-08-11 23:10:45,272 | INFO |    ↳ Status 403
2026-08-11 23:10:45,272 | WARNING |    ⚠ Blocked (403) retry 2
2026-08-11 23:10:45,345 | INFO | 🌐 Session warmed
2026-08-11 23:10:45,542 | INFO |    ↳ Status 403
2026-08-11 23:10:45,542 | WARNING |    ⚠ Blocked (403) retry 1
2026-08-11 23:10:45,625 | INFO | 🌐 Session warmed
2026-08-11 23:10:47,662 | INFO |    ↳ Status 403
2026-08-11 23:10:47,663 | WARNING |    ⚠ Blocked (403) retry 2
2026-08-11 23:10:47,763 | INFO | 🌐 Session warmed
2026-08-11 23:10:47,941 | INFO |    ↳ Status 403
2026-08-11 23:10:47,941 | WARNING |    ⚠ Blocked (403) retry 3
2026-08-11 23:10:48,024 | INFO | 🌐 Session warmed
2026-08-11 23:10:48,201 | INFO |    ↳ Status 403
2026-08-11 23:10:48,201 | WARNING |    ⚠ Blocked (403) retry 3
2026-08-11 23:10:48,270 | INFO | 🌐 Session warmed
2026-08-11 23:10:48,637 | INFO |    ↳ Status 403
2026-08-11 23:10:48,637 | WARNING |    ⚠ Blocked (403) retry 3
2026-08-11 23:10:48,724 | INFO | 🌐 Session warmed
2026-08-11 23:10:50,961 | INFO |    ↳ Status 403
2026-08-11 23:10:50,961 | WARNING |    ⚠ Blocked (403) retry 3
2026-08-11 23:10:51,052 | INFO | 🌐 Session warmed
2026-08-11 23:10:52,024 | INFO | [61/1901] Fetching Amreli (AMRE)
2026-08-11 23:10:52,271 | INFO | [62/1901] Fetching Amritsar (AMRI)
2026-08-11 23:10:52,724 | INFO | [63/1901] Fetching Amroha (AMRO)
2026-08-11 23:10:53,023 | INFO |    ↳ Status 403
2026-08-11 23:10:53,023 | WARNING |    ⚠ Blocked (403) retry 1
2026-08-11 23:10:53,073 | INFO |    ↳ Status 403
2026-08-11 23:10:53,073 | WARNING |    ⚠ Blocked (403) retry 1
2026-08-11 23:10:53,128 | INFO | 🌐 Session warmed
2026-08-11 23:10:53,168 | INFO | 🌐 Session warmed
2026-08-11 23:10:53,699 | INFO |    ↳ Status 403
2026-08-11 23:10:53,699 | WARNING |    ⚠ Blocked (403) retry 1
2026-08-11 23:10:53,796 | INFO | 🌐 Session warmed
2026-08-11 23:10:54,778 | INFO |    ↳ Status 403
2026-08-11 23:10:54,778 | WARNING |    ⚠ Blocked (403) retry 2
2026-08-11 23:10:54,842 | INFO | 🌐 Session warmed
2026-08-11 23:10:54,966 | INFO |    ↳ Status 403
2026-08-11 23:10:54,967 | WARNING |    ⚠ Blocked (403) retry 2
2026-08-11 23:10:55,040 | INFO | 🌐 Session warmed
2026-08-11 23:10:55,052 | INFO | [64/1901] Fetching Anaikatti (ANAI)
2026-08-11 23:10:55,424 | INFO |    ↳ Status 403
2026-08-11 23:10:55,424 | WARNING |    ⚠ Blocked (403) retry 2
2026-08-11 23:10:55,503 | INFO | 🌐 Session warmed
2026-08-11 23:10:56,101 | INFO |    ↳ Status 403
2026-08-11 23:10:56,101 | WARNING |    ⚠ Blocked (403) retry 1
2026-08-11 23:10:56,190 | INFO | 🌐 Session warmed
2026-08-11 23:10:58,056 | INFO |    ↳ Status 403
2026-08-11 23:10:58,056 | WARNING |    ⚠ Blocked (403) retry 2
2026-08-11 23:10:58,115 | INFO |    ↳ Status 403
2026-08-11 23:10:58,115 | WARNING |    ⚠ Blocked (403) retry 3
2026-08-11 23:10:58,154 | INFO | 🌐 Session warmed
2026-08-11 23:10:58,189 | INFO | 🌐 Session warmed
2026-08-11 23:10:58,285 | INFO |    ↳ Status 403
2026-08-11 23:10:58,285 | WARNING |    ⚠ Blocked (403) retry 3
2026-08-11 23:10:58,372 | INFO | 🌐 Session warmed
2026-08-11 23:10:58,422 | INFO |    ↳ Status 403
2026-08-11 23:10:58,422 | WARNING |    ⚠ Blocked (403) retry 3
2026-08-11 23:10:58,528 | INFO | 🌐 Session warmed
2026-08-11 23:11:00,921 | INFO |    ↳ Status 403
2026-08-11 23:11:00,921 | WARNING |    ⚠ Blocked (403) retry 3
2026-08-11 23:11:01,007 | INFO | 🌐 Session warmed
2026-08-11 23:11:02,189 | INFO | [65/1901] Fetching Anakapalle (ANKP)
2026-08-11 23:11:02,372 | INFO | [66/1901] Fetching Anand (AND)
2026-08-11 23:11:02,529 | INFO | [67/1901] Fetching Anandapur (ANPR)
2026-08-11 23:11:03,181 | INFO |    ↳ Status 403
2026-08-11 23:11:03,181 | WARNING |    ⚠ Blocked (403) retry 1
2026-08-11 23:11:03,245 | INFO |    ↳ Status 403
2026-08-11 23:11:03,246 | WARNING |    ⚠ Blocked (403) retry 1
2026-08-11 23:11:03,248 | INFO | 🌐 Session warmed
2026-08-11 23:11:03,343 | INFO | 🌐 Session warmed
2026-08-11 23:11:03,704 | INFO |    ↳ Status 403
2026-08-11 23:11:03,704 | WARNING |    ⚠ Blocked (403) retry 1
2026-08-11 23:11:03,778 | INFO | 🌐 Session warmed
2026-08-11 23:11:05,007 | INFO | [68/1901] Fetching Anantapalli (ANTT)
2026-08-11 23:11:05,135 | INFO |    ↳ Status 403
2026-08-11 23:11:05,135 | WARNING |    ⚠ Blocked (403) retry 2
2026-08-11 23:11:05,206 | INFO | 🌐 Session warmed
2026-08-11 23:11:05,361 | INFO |    ↳ Status 403
2026-08-11 23:11:05,361 | WARNING |    ⚠ Blocked (403) retry 2
2026-08-11 23:11:05,468 | INFO | 🌐 Session warmed
2026-08-11 23:11:06,120 | INFO |    ↳ Status 403
2026-08-11 23:11:06,120 | WARNING |    ⚠ Blocked (403) retry 2
2026-08-11 23:11:06,192 | INFO | 🌐 Session warmed
2026-08-11 23:11:06,290 | INFO |    ↳ Status 403
2026-08-11 23:11:06,290 | WARNING |    ⚠ Blocked (403) retry 1
2026-08-11 23:11:06,361 | INFO | 🌐 Session warmed
2026-08-11 23:11:08,397 | INFO |    ↳ Status 403
2026-08-11 23:11:08,397 | WARNING |    ⚠ Blocked (403) retry 3
2026-08-11 23:11:08,400 | INFO |    ↳ Status 403
2026-08-11 23:11:08,400 | WARNING |    ⚠ Blocked (403) retry 2
2026-08-11 23:11:08,503 | INFO | 🌐 Session warmed
2026-08-11 23:11:08,503 | INFO | 🌐 Session warmed
2026-08-11 23:11:08,674 | INFO |    ↳ Status 403
2026-08-11 23:11:08,674 | WARNING |    ⚠ Blocked (403) retry 3
2026-08-11 23:11:08,775 | INFO | 🌐 Session warmed
2026-08-11 23:11:09,423 | INFO |    ↳ Status 403
2026-08-11 23:11:09,424 | WARNING |    ⚠ Blocked (403) retry 3
2026-08-11 23:11:09,511 | INFO | 🌐 Session warmed
2026-08-11 23:11:11,757 | INFO |    ↳ Status 403
2026-08-11 23:11:11,757 | WARNING |    ⚠ Blocked (403) retry 3
2026-08-11 23:11:11,840 | INFO | 🌐 Session warmed
2026-08-11 23:11:12,504 | INFO | [69/1901] Fetching Anantapur (ANAN)
2026-08-11 23:11:12,776 | INFO | [70/1901] Fetching Anaparthi (ANPT)
2026-08-11 23:11:13,257 | INFO |    ↳ Status 403
2026-08-11 23:11:13,257 | WARNING |    ⚠ Blocked (403) retry 1
2026-08-11 23:11:13,319 | INFO | 🌐 Session warmed
2026-08-11 23:11:13,511 | INFO | [71/1901] Fetching Anchal (ANHL)
2026-08-11 23:11:13,561 | INFO |    ↳ Status 403
2026-08-11 23:11:13,561 | WARNING |    ⚠ Blocked (403) retry 1
2026-08-11 23:11:13,629 | INFO | 🌐 Session warmed
2026-08-11 23:11:14,894 | INFO |    ↳ Status 403
2026-08-11 23:11:14,894 | WARNING |    ⚠ Blocked (403) retry 1
2026-08-11 23:11:14,968 | INFO | 🌐 Session warmed
2026-08-11 23:11:14,998 | INFO |    ↳ Status 403
2026-08-11 23:11:14,998 | WARNING |    ⚠ Blocked (403) retry 2
2026-08-11 23:11:15,087 | INFO | 🌐 Session warmed
2026-08-11 23:11:15,323 | INFO |    ↳ Status 403
2026-08-11 23:11:15,323 | WARNING |    ⚠ Blocked (403) retry 2
2026-08-11 23:11:15,392 | INFO | 🌐 Session warmed
2026-08-11 23:11:15,841 | INFO | [72/1901] Fetching Andaman And Nicobar (AANI)
2026-08-11 23:11:16,820 | INFO |    ↳ Status 403
2026-08-11 23:11:16,820 | WARNING |    ⚠ Blocked (403) retry 1
2026-08-11 23:11:16,908 | INFO | 🌐 Session warmed
2026-08-11 23:11:17,080 | INFO |    ↳ Status 403
2026-08-11 23:11:17,080 | WARNING |    ⚠ Blocked (403) retry 2
2026-08-11 23:11:17,160 | INFO | 🌐 Session warmed
2026-08-11 23:11:18,219 | INFO |    ↳ Status 403
2026-08-11 23:11:18,219 | WARNING |    ⚠ Blocked (403) retry 3
2026-08-11 23:11:18,291 | INFO |    ↳ Status 403
2026-08-11 23:11:18,291 | WARNING |    ⚠ Blocked (403) retry 3
2026-08-11 23:11:18,306 | INFO | 🌐 Session warmed
2026-08-11 23:11:18,377 | INFO | 🌐 Session warmed
2026-08-11 23:11:18,983 | INFO |    ↳ Status 403
2026-08-11 23:11:18,983 | WARNING |    ⚠ Blocked (403) retry 2
2026-08-11 23:11:19,049 | INFO | 🌐 Session warmed
2026-08-11 23:11:20,347 | INFO |    ↳ Status 403
2026-08-11 23:11:20,347 | WARNING |    ⚠ Blocked (403) retry 3
2026-08-11 23:11:20,420 | INFO | 🌐 Session warmed
2026-08-11 23:11:21,883 | INFO |    ↳ Status 403
2026-08-11 23:11:21,883 | WARNING |    ⚠ Blocked (403) retry 3
2026-08-11 23:11:21,973 | INFO | 🌐 Session warmed
2026-08-11 23:11:22,306 | INFO | [73/1901] Fetching Anekal (ANEK)
2026-08-11 23:11:22,377 | INFO | [74/1901] Fetching Angadipuram (ANDM)
2026-08-11 23:11:23,003 | INFO |    ↳ Status 403
2026-08-11 23:11:23,003 | WARNING |    ⚠ Blocked (403) retry 1
2026-08-11 23:11:23,075 | INFO | 🌐 Session warmed
2026-08-11 23:11:23,226 | INFO |    ↳ Status 403
2026-08-11 23:11:23,226 | WARNING |    ⚠ Blocked (403) retry 1
2026-08-11 23:11:23,301 | INFO | 🌐 Session warmed
2026-08-11 23:11:24,421 | INFO | [75/1901] Fetching Angamaly (ANGA)
2026-08-11 23:11:24,934 | INFO |    ↳ Status 403
2026-08-11 23:11:24,934 | WARNING |    ⚠ Blocked (403) retry 2
2026-08-11 23:11:25,048 | INFO | 🌐 Session warmed
2026-08-11 23:11:25,180 | INFO |    ↳ Status 403
2026-08-11 23:11:25,180 | WARNING |    ⚠ Blocked (403) retry 2
2026-08-11 23:11:25,269 | INFO | 🌐 Session warmed
2026-08-11 23:11:25,712 | INFO |    ↳ Status 403
2026-08-11 23:11:25,712 | WARNING |    ⚠ Blocked (403) retry 1
2026-08-11 23:11:25,795 | INFO | 🌐 Session warmed
2026-08-11 23:11:25,973 | INFO | [76/1901] Fetching Angara (ANGR)
2026-08-11 23:11:27,134 | INFO |    ↳ Status 403
2026-08-11 23:11:27,134 | WARNING |    ⚠ Blocked (403) retry 1
2026-08-11 23:11:27,203 | INFO | 🌐 Session warmed
2026-08-11 23:11:27,725 | INFO |    ↳ Status 403
2026-08-11 23:11:27,725 | WARNING |    ⚠ Blocked (403) retry 2
2026-08-11 23:11:27,796 | INFO | 🌐 Session warmed
2026-08-11 23:11:27,942 | INFO |    ↳ Status 403
2026-08-11 23:11:27,942 | WARNING |    ⚠ Blocked (403) retry 3
2026-08-11 23:11:28,019 | INFO | 🌐 Session warmed
2026-08-11 23:11:28,210 | INFO |    ↳ Status 403
2026-08-11 23:11:28,210 | WARNING |    ⚠ Blocked (403) retry 3
2026-08-11 23:11:28,305 | INFO | 🌐 Session warmed
2026-08-11 23:11:29,459 | INFO |    ↳ Status 403
2026-08-11 23:11:29,459 | WARNING |    ⚠ Blocked (403) retry 2
2026-08-11 23:11:29,541 | INFO | 🌐 Session warmed
2026-08-11 23:11:30,427 | INFO |    ↳ Status 403
2026-08-11 23:11:30,427 | WARNING |    ⚠ Blocked (403) retry 3
2026-08-11 23:11:30,498 | INFO | 🌐 Session warmed
2026-08-11 23:11:32,019 | INFO | [77/1901] Fetching Angul (ANGL)
2026-08-11 23:11:32,306 | INFO | [78/1901] Fetching Anjad (ANJA)
2026-08-11 23:11:32,488 | INFO |    ↳ Status 403
2026-08-11 23:11:32,488 | WARNING |    ⚠ Blocked (403) retry 3
2026-08-11 23:11:32,590 | INFO | 🌐 Session warmed
2026-08-11 23:11:33,372 | INFO |    ↳ Status 403
2026-08-11 23:11:33,372 | WARNING |    ⚠ Blocked (403) retry 1
2026-08-11 23:11:33,466 | INFO | 🌐 Session warmed
2026-08-11 23:11:33,486 | INFO |    ↳ Status 403
2026-08-11 23:11:33,486 | WARNING |    ⚠ Blocked (403) retry 1
2026-08-11 23:11:33,562 | INFO | 🌐 Session warmed
2026-08-11 23:11:34,498 | INFO | [79/1901] Fetching Anjar (ANJR)
2026-08-11 23:11:35,290 | INFO |    ↳ Status 403
2026-08-11 23:11:35,290 | WARNING |    ⚠ Blocked (403) retry 2
2026-08-11 23:11:35,297 | INFO |    ↳ Status 403
2026-08-11 23:11:35,297 | WARNING |    ⚠ Blocked (403) retry 1
2026-08-11 23:11:35,383 | INFO | 🌐 Session warmed
2026-08-11 23:11:35,400 | INFO | 🌐 Session warmed
2026-08-11 23:11:35,519 | INFO |    ↳ Status 403
2026-08-11 23:11:35,519 | WARNING |    ⚠ Blocked (403) retry 2
2026-08-11 23:11:35,612 | INFO | 🌐 Session warmed
2026-08-11 23:11:36,591 | INFO | [80/1901] Fetching Anklav (ANKV)
2026-08-11 23:11:37,041 | INFO |    ↳ Status 403
2026-08-11 23:11:37,041 | WARNING |    ⚠ Blocked (403) retry 2
2026-08-11 23:11:37,118 | INFO | 🌐 Session warmed
2026-08-11 23:11:37,443 | INFO |    ↳ Status 403
2026-08-11 23:11:37,443 | WARNING |    ⚠ Blocked (403) retry 1
2026-08-11 23:11:37,537 | INFO | 🌐 Session warmed
2026-08-11 23:11:38,536 | INFO |    ↳ Status 403
2026-08-11 23:11:38,536 | WARNING |    ⚠ Blocked (403) retry 3
2026-08-11 23:11:38,626 | INFO | 🌐 Session warmed
2026-08-11 23:11:38,811 | INFO |    ↳ Status 403
2026-08-11 23:11:38,811 | WARNING |    ⚠ Blocked (403) retry 3
2026-08-11 23:11:38,881 | INFO | 🌐 Session warmed
2026-08-11 23:11:39,215 | INFO |    ↳ Status 403
2026-08-11 23:11:39,215 | WARNING |    ⚠ Blocked (403) retry 2
2026-08-11 23:11:39,303 | INFO | 🌐 Session warmed
2026-08-11 23:11:40,533 | INFO |    ↳ Status 403
2026-08-11 23:11:40,534 | WARNING |    ⚠ Blocked (403) retry 3
2026-08-11 23:11:40,622 | INFO | 🌐 Session warmed
2026-08-11 23:11:42,287 | INFO |    ↳ Status 403
2026-08-11 23:11:42,288 | WARNING |    ⚠ Blocked (403) retry 3
2026-08-11 23:11:42,359 | INFO | 🌐 Session warmed
2026-08-11 23:11:42,626 | INFO | [81/1901] Fetching Ankleshwar (ANKL)
2026-08-11 23:11:42,881 | INFO | [82/1901] Fetching Ankola (ANKO)
2026-08-11 23:11:43,451 | INFO |    ↳ Status 403
2026-08-11 23:11:43,451 | WARNING |    ⚠ Blocked (403) retry 1
2026-08-11 23:11:43,527 | INFO | 🌐 Session warmed
2026-08-11 23:11:43,684 | INFO |    ↳ Status 403
2026-08-11 23:11:43,684 | WARNING |    ⚠ Blocked (403) retry 1
2026-08-11 23:11:43,788 | INFO | 🌐 Session warmed
2026-08-11 23:11:44,622 | INFO | [83/1901] Fetching Annavaram (ANVR)
2026-08-11 23:11:45,281 | INFO |    ↳ Status 403
2026-08-11 23:11:45,281 | WARNING |    ⚠ Blocked (403) retry 2
2026-08-11 23:11:45,341 | INFO |    ↳ Status 403
2026-08-11 23:11:45,341 | WARNING |    ⚠ Blocked (403) retry 1
2026-08-11 23:11:45,368 | INFO | 🌐 Session warmed
2026-08-11 23:11:45,439 | INFO | 🌐 Session warmed
2026-08-11 23:11:45,916 | INFO |    ↳ Status 403
2026-08-11 23:11:45,916 | WARNING |    ⚠ Blocked (403) retry 2
2026-08-11 23:11:45,984 | INFO | 🌐 Session warmed
2026-08-11 23:11:46,360 | INFO | [84/1901] Fetching Annigeri (ANGI)
2026-08-11 23:11:47,453 | INFO |    ↳ Status 403
2026-08-11 23:11:47,453 | WARNING |    ⚠ Blocked (403) retry 1
2026-08-11 23:11:47,462 | INFO |    ↳ Status 403
2026-08-11 23:11:47,462 | WARNING |    ⚠ Blocked (403) retry 2
2026-08-11 23:11:47,560 | INFO | 🌐 Session warmed
2026-08-11 23:11:47,600 | INFO | 🌐 Session warmed
2026-08-11 23:11:48,601 | INFO |    ↳ Status 403
2026-08-11 23:11:48,601 | WARNING |    ⚠ Blocked (403) retry 3
2026-08-11 23:11:48,668 | INFO | 🌐 Session warmed
2026-08-11 23:11:49,109 | INFO |    ↳ Status 403
2026-08-11 23:11:49,109 | WARNING |    ⚠ Blocked (403) retry 3
2026-08-11 23:11:49,180 | INFO | 🌐 Session warmed
2026-08-11 23:11:49,499 | INFO |    ↳ Status 403
2026-08-11 23:11:49,499 | WARNING |    ⚠ Blocked (403) retry 2
2026-08-11 23:11:49,577 | INFO | 🌐 Session warmed
2026-08-11 23:11:50,847 | INFO |    ↳ Status 403
2026-08-11 23:11:50,847 | WARNING |    ⚠ Blocked (403) retry 3
2026-08-11 23:11:50,995 | INFO | 🌐 Session warmed
2026-08-11 23:11:52,669 | INFO | [85/1901] Fetching Anthiyur (ATYR)
2026-08-11 23:11:52,712 | INFO |    ↳ Status 403
2026-08-11 23:11:52,712 | WARNING |    ⚠ Blocked (403) retry 3
2026-08-11 23:11:52,789 | INFO | 🌐 Session warmed
2026-08-11 23:11:53,180 | INFO | [86/1901] Fetching Apra (APRA)
2026-08-11 23:11:53,412 | INFO |    ↳ Status 403
2026-08-11 23:11:53,412 | WARNING |    ⚠ Blocked (403) retry 1
2026-08-11 23:11:53,496 | INFO | 🌐 Session warmed
2026-08-11 23:11:54,355 | INFO |    ↳ Status 403
2026-08-11 23:11:54,355 | WARNING |    ⚠ Blocked (403) retry 1
2026-08-11 23:11:54,456 | INFO | 🌐 Session warmed
2026-08-11 23:11:54,995 | INFO | [87/1901] Fetching Arakkonam (ARAK)
2026-08-11 23:11:55,376 | INFO |    ↳ Status 403
2026-08-11 23:11:55,376 | WARNING |    ⚠ Blocked (403) retry 2
2026-08-11 23:11:55,449 | INFO | 🌐 Session warmed
2026-08-11 23:11:55,630 | INFO |    ↳ Status 403
2026-08-11 23:11:55,630 | WARNING |    ⚠ Blocked (403) retry 1
2026-08-11 23:11:55,726 | INFO | 🌐 Session warmed
2026-08-11 23:11:56,211 | INFO |    ↳ Status 403
2026-08-11 23:11:56,211 | WARNING |    ⚠ Blocked (403) retry 2
2026-08-11 23:11:56,289 | INFO | 🌐 Session warmed
2026-08-11 23:11:56,790 | INFO | [88/1901] Fetching Arambagh (AMBH)
2026-08-11 23:11:57,962 | INFO |    ↳ Status 403
2026-08-11 23:11:57,962 | WARNING |    ⚠ Blocked (403) retry 2
2026-08-11 23:11:57,983 | INFO |    ↳ Status 403
2026-08-11 23:11:57,983 | WARNING |    ⚠ Blocked (403) retry 1
2026-08-11 23:11:58,056 | INFO | 🌐 Session warmed
2026-08-11 23:11:58,066 | INFO | 🌐 Session warmed
2026-08-11 23:11:58,222 | INFO |    ↳ Status 403
2026-08-11 23:11:58,222 | WARNING |    ⚠ Blocked (403) retry 3
2026-08-11 23:11:58,307 | INFO | 🌐 Session warmed
2026-08-11 23:11:59,524 | INFO |    ↳ Status 403
2026-08-11 23:11:59,524 | WARNING |    ⚠ Blocked (403) retry 3
2026-08-11 23:11:59,596 | INFO | 🌐 Session warmed
2026-08-11 23:11:59,788 | INFO |    ↳ Status 403
2026-08-11 23:11:59,788 | WARNING |    ⚠ Blocked (403) retry 2
2026-08-11 23:11:59,865 | INFO | 🌐 Session warmed
2026-08-11 23:12:00,869 | INFO |    ↳ Status 403
2026-08-11 23:12:00,869 | WARNING |    ⚠ Blocked (403) retry 3
2026-08-11 23:12:00,973 | INFO | 🌐 Session warmed
2026-08-11 23:12:02,308 | INFO | [89/1901] Fetching Arambol (ARMB)
2026-08-11 23:12:03,110 | INFO |    ↳ Status 403
2026-08-11 23:12:03,110 | WARNING |    ⚠ Blocked (403) retry 1
2026-08-11 23:12:03,210 | INFO | 🌐 Session warmed
2026-08-11 23:12:03,229 | INFO |    ↳ Status 403
2026-08-11 23:12:03,229 | WARNING |    ⚠ Blocked (403) retry 3
2026-08-11 23:12:03,311 | INFO | 🌐 Session warmed
2026-08-11 23:12:03,596 | INFO | [90/1901] Fetching Aranthangi (ARNT)
2026-08-11 23:12:04,581 | INFO |    ↳ Status 403
2026-08-11 23:12:04,581 | WARNING |    ⚠ Blocked (403) retry 1
2026-08-11 23:12:04,657 | INFO | 🌐 Session warmed
2026-08-11 23:12:04,853 | INFO |    ↳ Status 403
2026-08-11 23:12:04,853 | WARNING |    ⚠ Blocked (403) retry 2
2026-08-11 23:12:04,941 | INFO | 🌐 Session warmed
2026-08-11 23:12:04,973 | INFO | [91/1901] Fetching Aravakurichi (ARAV)
2026-08-11 23:12:05,845 | INFO |    ↳ Status 403
2026-08-11 23:12:05,845 | WARNING |    ⚠ Blocked (403) retry 1
2026-08-11 23:12:05,922 | INFO | 🌐 Session warmed
2026-08-11 23:12:06,434 | INFO |    ↳ Status 403
2026-08-11 23:12:06,434 | WARNING |    ⚠ Blocked (403) retry 2
2026-08-11 23:12:06,518 | INFO | 🌐 Session warmed
2026-08-11 23:12:07,311 | INFO | [92/1901] Fetching Ariyalur (ARIY)
2026-08-11 23:12:07,868 | INFO |    ↳ Status 403
2026-08-11 23:12:07,868 | WARNING |    ⚠ Blocked (403) retry 2
2026-08-11 23:12:07,874 | INFO |    ↳ Status 403
2026-08-11 23:12:07,874 | WARNING |    ⚠ Blocked (403) retry 3
2026-08-11 23:12:07,959 | INFO | 🌐 Session warmed
2026-08-11 23:12:07,972 | INFO | 🌐 Session warmed
2026-08-11 23:12:08,073 | INFO |    ↳ Status 403
2026-08-11 23:12:08,073 | WARNING |    ⚠ Blocked (403) retry 1
2026-08-11 23:12:08,154 | INFO | 🌐 Session warmed
2026-08-11 23:12:09,937 | INFO |    ↳ Status 403
2026-08-11 23:12:09,937 | WARNING |    ⚠ Blocked (403) retry 3
2026-08-11 23:12:10,013 | INFO | 🌐 Session warmed
2026-08-11 23:12:10,549 | INFO |    ↳ Status 403
2026-08-11 23:12:10,549 | WARNING |    ⚠ Blocked (403) retry 2
2026-08-11 23:12:10,667 | INFO | 🌐 Session warmed
2026-08-11 23:12:10,729 | INFO |    ↳ Status 403
2026-08-11 23:12:10,729 | WARNING |    ⚠ Blocked (403) retry 3
2026-08-11 23:12:10,816 | INFO | 🌐 Session warmed
2026-08-11 23:12:11,972 | INFO | [93/1901] Fetching Arkalgud (ARGU)
2026-08-11 23:12:13,199 | INFO |    ↳ Status 403
2026-08-11 23:12:13,199 | WARNING |    ⚠ Blocked (403) retry 1
2026-08-11 23:12:13,269 | INFO | 🌐 Session warmed
2026-08-11 23:12:13,946 | INFO |    ↳ Status 403
2026-08-11 23:12:13,946 | WARNING |    ⚠ Blocked (403) retry 3
2026-08-11 23:12:14,013 | INFO | [94/1901] Fetching Armoor (ARMO)
2026-08-11 23:12:14,029 | INFO | 🌐 Session warmed
2026-08-11 23:12:14,816 | INFO | [95/1901] Fetching Arni (ARNI)
2026-08-11 23:12:14,842 | INFO |    ↳ Status 403
2026-08-11 23:12:14,843 | WARNING |    ⚠ Blocked (403) retry 1
2026-08-11 23:12:14,921 | INFO | 🌐 Session warmed
2026-08-11 23:12:14,986 | INFO |    ↳ Status 403
2026-08-11 23:12:14,987 | WARNING |    ⚠ Blocked (403) retry 2
2026-08-11 23:12:15,077 | INFO | 🌐 Session warmed
2026-08-11 23:12:15,659 | INFO |    ↳ Status 403
2026-08-11 23:12:15,659 | WARNING |    ⚠ Blocked (403) retry 1
2026-08-11 23:12:15,761 | INFO | 🌐 Session warmed
2026-08-11 23:12:16,914 | INFO |    ↳ Status 403
2026-08-11 23:12:16,914 | WARNING |    ⚠ Blocked (403) retry 2
2026-08-11 23:12:17,007 | INFO | 🌐 Session warmed
2026-08-11 23:12:17,707 | INFO |    ↳ Status 403
2026-08-11 23:12:17,707 | WARNING |    ⚠ Blocked (403) retry 3
2026-08-11 23:12:17,778 | INFO | 🌐 Session warmed
2026-08-11 23:12:17,779 | INFO |    ↳ Status 403
2026-08-11 23:12:17,779 | WARNING |    ⚠ Blocked (403) retry 2
2026-08-11 23:12:17,852 | INFO | 🌐 Session warmed
2026-08-11 23:12:18,030 | INFO | [96/1901] Fetching Arsikere (ARSI)
2026-08-11 23:12:19,116 | INFO |    ↳ Status 403
2026-08-11 23:12:19,116 | WARNING |    ⚠ Blocked (403) retry 1
2026-08-11 23:12:19,225 | INFO | 🌐 Session warmed
2026-08-11 23:12:20,366 | INFO |    ↳ Status 403
2026-08-11 23:12:20,366 | WARNING |    ⚠ Blocked (403) retry 3
2026-08-11 23:12:20,438 | INFO | 🌐 Session warmed
2026-08-11 23:12:20,639 | INFO |    ↳ Status 403
2026-08-11 23:12:20,639 | WARNING |    ⚠ Blocked (403) retry 3
2026-08-11 23:12:20,740 | INFO | 🌐 Session warmed
2026-08-11 23:12:20,946 | INFO |    ↳ Status 403
2026-08-11 23:12:20,946 | WARNING |    ⚠ Blocked (403) retry 2
2026-08-11 23:12:21,017 | INFO | 🌐 Session warmed
2026-08-11 23:12:21,778 | INFO | [97/1901] Fetching Aruppukottai (ARUP)
2026-08-11 23:12:22,831 | INFO |    ↳ Status 403
2026-08-11 23:12:22,832 | WARNING |    ⚠ Blocked (403) retry 1
2026-08-11 23:12:22,918 | INFO | 🌐 Session warmed
2026-08-11 23:12:24,108 | INFO |    ↳ Status 403
2026-08-11 23:12:24,108 | WARNING |    ⚠ Blocked (403) retry 3
2026-08-11 23:12:24,200 | INFO | 🌐 Session warmed
2026-08-11 23:12:24,439 | INFO | [98/1901] Fetching Asansol (ASANSOL)
2026-08-11 23:12:24,741 | INFO | [99/1901] Fetching Ashoknagar (AKMP)
2026-08-11 23:12:24,962 | INFO |    ↳ Status 403
2026-08-11 23:12:24,962 | WARNING |    ⚠ Blocked (403) retry 2
2026-08-11 23:12:25,056 | INFO | 🌐 Session warmed
2026-08-11 23:12:25,529 | INFO |    ↳ Status 403
2026-08-11 23:12:25,529 | WARNING |    ⚠ Blocked (403) retry 1
2026-08-11 23:12:25,608 | INFO | 🌐 Session warmed
2026-08-11 23:12:26,018 | INFO |    ↳ Status 403
2026-08-11 23:12:26,019 | WARNING |    ⚠ Blocked (403) retry 1
2026-08-11 23:12:26,099 | INFO | 🌐 Session warmed
2026-08-11 23:12:27,920 | INFO |    ↳ Status 403
2026-08-11 23:12:27,921 | WARNING |    ⚠ Blocked (403) retry 2
2026-08-11 23:12:27,934 | INFO |    ↳ Status 403
2026-08-11 23:12:27,934 | WARNING |    ⚠ Blocked (403) retry 2
2026-08-11 23:12:28,013 | INFO | 🌐 Session warmed
2026-08-11 23:12:28,022 | INFO | 🌐 Session warmed
2026-08-11 23:12:28,200 | INFO | [100/1901] Fetching Ashoknagar (West Bengal) (ASNA)
2026-08-11 23:12:28,221 | INFO |    ↳ Status 403
2026-08-11 23:12:28,221 | WARNING |    ⚠ Blocked (403) retry 3
2026-08-11 23:12:28,300 | INFO | 🌐 Session warmed
2026-08-11 23:12:29,190 | INFO |    ↳ Status 403
2026-08-11 23:12:29,190 | WARNING |    ⚠ Blocked (403) retry 1
2026-08-11 23:12:29,297 | INFO | 🌐 Session warmed
2026-08-11 23:12:31,010 | INFO |    ↳ Status 403
2026-08-11 23:12:31,010 | WARNING |    ⚠ Blocked (403) retry 3
2026-08-11 23:12:31,076 | INFO |    ↳ Status 403
2026-08-11 23:12:31,077 | WARNING |    ⚠ Blocked (403) retry 3
2026-08-11 23:12:31,080 | INFO | 🌐 Session warmed
2026-08-11 23:12:31,145 | INFO | 🌐 Session warmed
2026-08-11 23:12:31,720 | INFO |    ↳ Status 403
2026-08-11 23:12:31,720 | WARNING |    ⚠ Blocked (403) retry 2
2026-08-11 23:12:31,815 | INFO | 🌐 Session warmed
2026-08-11 23:12:32,300 | INFO | [101/1901] Fetching Ashta (ASTA)
2026-08-11 23:12:33,121 | INFO |    ↳ Status 403
2026-08-11 23:12:33,121 | WARNING |    ⚠ Blocked (403) retry 1
2026-08-11 23:12:33,196 | INFO | 🌐 Session warmed
2026-08-11 23:12:34,911 | INFO |    ↳ Status 403
2026-08-11 23:12:34,911 | WARNING |    ⚠ Blocked (403) retry 3
2026-08-11 23:12:34,982 | INFO |    ↳ Status 403
2026-08-11 23:12:34,982 | WARNING |    ⚠ Blocked (403) retry 2
2026-08-11 23:12:35,003 | INFO | 🌐 Session warmed
2026-08-11 23:12:35,078 | INFO | 🌐 Session warmed
2026-08-11 23:12:35,080 | INFO | [102/1901] Fetching Ashta (Maharashtra) (ASMA)
2026-08-11 23:12:35,145 | INFO | [103/1901] Fetching Asika (ASIK)
2026-08-11 23:12:35,799 | INFO |    ↳ Status 403
2026-08-11 23:12:35,799 | WARNING |    ⚠ Blocked (403) retry 1
2026-08-11 23:12:35,886 | INFO | 🌐 Session warmed
2026-08-11 23:12:36,196 | INFO |    ↳ Status 403
2026-08-11 23:12:36,196 | WARNING |    ⚠ Blocked (403) retry 1
2026-08-11 23:12:36,290 | INFO | 🌐 Session warmed
2026-08-11 23:12:37,527 | INFO |    ↳ Status 403
2026-08-11 23:12:37,527 | WARNING |    ⚠ Blocked (403) retry 2
2026-08-11 23:12:37,603 | INFO | 🌐 Session warmed
2026-08-11 23:12:38,494 | INFO |    ↳ Status 403
2026-08-11 23:12:38,494 | WARNING |    ⚠ Blocked (403) retry 3
2026-08-11 23:12:38,583 | INFO | 🌐 Session warmed
2026-08-11 23:12:38,659 | INFO |    ↳ Status 403
2026-08-11 23:12:38,659 | WARNING |    ⚠ Blocked (403) retry 2
2026-08-11 23:12:38,750 | INFO | 🌐 Session warmed
2026-08-11 23:12:39,004 | INFO | [104/1901] Fetching Aswaraopeta (ASWA)
2026-08-11 23:12:40,068 | INFO |    ↳ Status 403
2026-08-11 23:12:40,068 | WARNING |    ⚠ Blocked (403) retry 1
2026-08-11 23:12:40,165 | INFO | 🌐 Session warmed
2026-08-11 23:12:40,479 | INFO |    ↳ Status 403
2026-08-11 23:12:40,479 | WARNING |    ⚠ Blocked (403) retry 3
2026-08-11 23:12:40,576 | INFO | 🌐 Session warmed
2026-08-11 23:12:42,057 | INFO |    ↳ Status 403
2026-08-11 23:12:42,057 | WARNING |    ⚠ Blocked (403) retry 3
2026-08-11 23:12:42,130 | INFO | 🌐 Session warmed
2026-08-11 23:12:42,321 | INFO |    ↳ Status 403
2026-08-11 23:12:42,321 | WARNING |    ⚠ Blocked (403) retry 2
2026-08-11 23:12:42,418 | INFO | 🌐 Session warmed
2026-08-11 23:12:42,583 | INFO | [105/1901] Fetching Athagarh (ATHG)
2026-08-11 23:12:43,326 | INFO |    ↳ Status 403
2026-08-11 23:12:43,326 | WARNING |    ⚠ Blocked (403) retry 1
2026-08-11 23:12:43,422 | INFO | 🌐 Session warmed
2026-08-11 23:12:44,576 | INFO | [106/1901] Fetching Athani (ATHN)
2026-08-11 23:12:45,423 | INFO |    ↳ Status 403
2026-08-11 23:12:45,423 | WARNING |    ⚠ Blocked (403) retry 2
2026-08-11 23:12:45,515 | INFO | 🌐 Session warmed
2026-08-11 23:12:45,679 | INFO |    ↳ Status 403
2026-08-11 23:12:45,679 | WARNING |    ⚠ Blocked (403) retry 1
2026-08-11 23:12:45,750 | INFO | 🌐 Session warmed
2026-08-11 23:12:45,804 | INFO |    ↳ Status 403
2026-08-11 23:12:45,804 | WARNING |    ⚠ Blocked (403) retry 3
2026-08-11 23:12:45,957 | INFO | 🌐 Session warmed
2026-08-11 23:12:46,130 | INFO | [107/1901] Fetching Atmakur (Nellore) (ATMK)
2026-08-11 23:12:47,392 | INFO |    ↳ Status 403
2026-08-11 23:12:47,392 | WARNING |    ⚠ Blocked (403) retry 1
2026-08-11 23:12:47,461 | INFO | 🌐 Session warmed
2026-08-11 23:12:47,863 | INFO |    ↳ Status 403
2026-08-11 23:12:47,863 | WARNING |    ⚠ Blocked (403) retry 2
2026-08-11 23:12:47,935 | INFO | 🌐 Session warmed
2026-08-11 23:12:48,205 | INFO |    ↳ Status 403
2026-08-11 23:12:48,205 | WARNING |    ⚠ Blocked (403) retry 3
2026-08-11 23:12:48,288 | INFO | 🌐 Session warmed
2026-08-11 23:12:49,456 | INFO |    ↳ Status 403
2026-08-11 23:12:49,456 | WARNING |    ⚠ Blocked (403) retry 2
2026-08-11 23:12:49,533 | INFO | 🌐 Session warmed
2026-08-11 23:12:49,958 | INFO | [108/1901] Fetching Atpadi (ATPA)
2026-08-11 23:12:50,617 | INFO |    ↳ Status 403
2026-08-11 23:12:50,617 | WARNING |    ⚠ Blocked (403) retry 3
2026-08-11 23:12:50,689 | INFO | 🌐 Session warmed
2026-08-11 23:12:51,159 | INFO |    ↳ Status 403
2026-08-11 23:12:51,159 | WARNING |    ⚠ Blocked (403) retry 1
2026-08-11 23:12:51,243 | INFO | 🌐 Session warmed
2026-08-11 23:12:52,288 | INFO | [109/1901] Fetching Atraulia (ATRA)
2026-08-11 23:12:52,682 | INFO |    ↳ Status 403
2026-08-11 23:12:52,682 | WARNING |    ⚠ Blocked (403) retry 3
2026-08-11 23:12:52,769 | INFO | 🌐 Session warmed
2026-08-11 23:12:52,952 | INFO |    ↳ Status 403
2026-08-11 23:12:52,952 | WARNING |    ⚠ Blocked (403) retry 2
2026-08-11 23:12:53,037 | INFO | 🌐 Session warmed
2026-08-11 23:12:53,491 | INFO |    ↳ Status 403
2026-08-11 23:12:53,491 | WARNING |    ⚠ Blocked (403) retry 1
2026-08-11 23:12:53,585 | INFO | 🌐 Session warmed
2026-08-11 23:12:54,689 | INFO | [110/1901] Fetching Attibele (ATTO)
2026-08-11 23:12:55,499 | INFO |    ↳ Status 403
2026-08-11 23:12:55,499 | WARNING |    ⚠ Blocked (403) retry 2
2026-08-11 23:12:55,570 | INFO | 🌐 Session warmed
2026-08-11 23:12:55,615 | INFO |    ↳ Status 403
2026-08-11 23:12:55,615 | WARNING |    ⚠ Blocked (403) retry 1
2026-08-11 23:12:55,679 | INFO | 🌐 Session warmed
2026-08-11 23:12:56,433 | INFO |    ↳ Status 403
2026-08-11 23:12:56,434 | WARNING |    ⚠ Blocked (403) retry 3
2026-08-11 23:12:56,513 | INFO | 🌐 Session warmed
2026-08-11 23:12:56,769 | INFO | [111/1901] Fetching Attili (ATLI)
2026-08-11 23:12:57,530 | INFO |    ↳ Status 403
2026-08-11 23:12:57,530 | WARNING |    ⚠ Blocked (403) retry 2
2026-08-11 23:12:57,618 | INFO | 🌐 Session warmed
2026-08-11 23:12:57,828 | INFO |    ↳ Status 403
2026-08-11 23:12:57,828 | WARNING |    ⚠ Blocked (403) retry 1
2026-08-11 23:12:57,906 | INFO | 🌐 Session warmed
2026-08-11 23:12:58,816 | INFO |    ↳ Status 403
2026-08-11 23:12:58,816 | WARNING |    ⚠ Blocked (403) retry 3
2026-08-11 23:12:58,888 | INFO | 🌐 Session warmed
2026-08-11 23:12:59,556 | INFO |    ↳ Status 403
2026-08-11 23:12:59,556 | WARNING |    ⚠ Blocked (403) retry 2
2026-08-11 23:12:59,632 | INFO | 🌐 Session warmed
2026-08-11 23:13:00,514 | INFO | [112/1901] Fetching Attingal (ATTI)
2026-08-11 23:13:00,740 | INFO |    ↳ Status 403
2026-08-11 23:13:00,740 | WARNING |    ⚠ Blocked (403) retry 3
2026-08-11 23:13:00,834 | INFO | 🌐 Session warmed
2026-08-11 23:13:01,806 | INFO |    ↳ Status 403
2026-08-11 23:13:01,806 | WARNING |    ⚠ Blocked (403) retry 1
2026-08-11 23:13:01,884 | INFO | 🌐 Session warmed
2026-08-11 23:13:02,789 | INFO |    ↳ Status 403
2026-08-11 23:13:02,789 | WARNING |    ⚠ Blocked (403) retry 3
2026-08-11 23:13:02,876 | INFO | 🌐 Session warmed
2026-08-11 23:13:02,888 | INFO | [113/1901] Fetching Attur (ATTR)
2026-08-11 23:13:03,931 | INFO |    ↳ Status 403
2026-08-11 23:13:03,931 | WARNING |    ⚠ Blocked (403) retry 1
2026-08-11 23:13:04,030 | INFO | 🌐 Session warmed
2026-08-11 23:13:04,296 | INFO |    ↳ Status 403
2026-08-11 23:13:04,296 | WARNING |    ⚠ Blocked (403) retry 2
2026-08-11 23:13:04,380 | INFO | 🌐 Session warmed
2026-08-11 23:13:04,835 | INFO | [114/1901] Fetching Aurangabad (Bihar) (AUBI)
2026-08-11 23:13:05,946 | INFO |    ↳ Status 403
2026-08-11 23:13:05,946 | WARNING |    ⚠ Blocked (403) retry 2
2026-08-11 23:13:06,011 | INFO | 🌐 Session warmed
2026-08-11 23:13:06,088 | INFO |    ↳ Status 403
2026-08-11 23:13:06,088 | WARNING |    ⚠ Blocked (403) retry 1
2026-08-11 23:13:06,183 | INFO | 🌐 Session warmed
2026-08-11 23:13:06,877 | INFO | [115/1901] Fetching Aurangabad (West Bengal) (AURW)
2026-08-11 23:13:07,414 | INFO |    ↳ Status 403
2026-08-11 23:13:07,414 | WARNING |    ⚠ Blocked (403) retry 3
2026-08-11 23:13:07,487 | INFO | 🌐 Session warmed
2026-08-11 23:13:07,679 | INFO |    ↳ Status 403
2026-08-11 23:13:07,679 | WARNING |    ⚠ Blocked (403) retry 1
2026-08-11 23:13:07,755 | INFO | 🌐 Session warmed
2026-08-11 23:13:08,216 | INFO |    ↳ Status 403
2026-08-11 23:13:08,216 | WARNING |    ⚠ Blocked (403) retry 2
2026-08-11 23:13:08,299 | INFO | 🌐 Session warmed
2026-08-11 23:13:09,032 | INFO |    ↳ Status 403
2026-08-11 23:13:09,032 | WARNING |    ⚠ Blocked (403) retry 3
2026-08-11 23:13:09,113 | INFO | 🌐 Session warmed
2026-08-11 23:13:09,556 | INFO |    ↳ Status 403
2026-08-11 23:13:09,556 | WARNING |    ⚠ Blocked (403) retry 2
2026-08-11 23:13:09,638 | INFO | 🌐 Session warmed
2026-08-11 23:13:11,131 | INFO |    ↳ Status 403
2026-08-11 23:13:11,131 | WARNING |    ⚠ Blocked (403) retry 3
2026-08-11 23:13:11,217 | INFO | 🌐 Session warmed
2026-08-11 23:13:11,487 | INFO | [116/1901] Fetching Auroville (AURV)
2026-08-11 23:13:12,138 | INFO |    ↳ Status 403
2026-08-11 23:13:12,138 | WARNING |    ⚠ Blocked (403) retry 1
2026-08-11 23:13:12,216 | INFO | 🌐 Session warmed
2026-08-11 23:13:12,993 | INFO |    ↳ Status 403
2026-08-11 23:13:12,993 | WARNING |    ⚠ Blocked (403) retry 3
2026-08-11 23:13:13,072 | INFO | 🌐 Session warmed
2026-08-11 23:13:13,113 | INFO | [117/1901] Fetching Aushapur (AUSH)
2026-08-11 23:13:13,878 | INFO |    ↳ Status 403
2026-08-11 23:13:13,878 | WARNING |    ⚠ Blocked (403) retry 1
2026-08-11 23:13:13,974 | INFO | 🌐 Session warmed
2026-08-11 23:13:14,288 | INFO |    ↳ Status 403
2026-08-11 23:13:14,288 | WARNING |    ⚠ Blocked (403) retry 2
2026-08-11 23:13:14,370 | INFO | 🌐 Session warmed
2026-08-11 23:13:15,217 | INFO | [118/1901] Fetching Avinashi (AVII)
2026-08-11 23:13:16,208 | INFO |    ↳ Status 403
2026-08-11 23:13:16,208 | WARNING |    ⚠ Blocked (403) retry 2
2026-08-11 23:13:16,301 | INFO | 🌐 Session warmed
2026-08-11 23:13:16,567 | INFO |    ↳ Status 403
2026-08-11 23:13:16,567 | WARNING |    ⚠ Blocked (403) retry 1
2026-08-11 23:13:16,643 | INFO | 🌐 Session warmed
2026-08-11 23:13:17,073 | INFO | [119/1901] Fetching Ayodhya (AYOD)
2026-08-11 23:13:17,109 | INFO |    ↳ Status 403
2026-08-11 23:13:17,109 | WARNING |    ⚠ Blocked (403) retry 3
2026-08-11 23:13:17,245 | INFO | 🌐 Session warmed
2026-08-11 23:13:18,180 | INFO |    ↳ Status 403
2026-08-11 23:13:18,181 | WARNING |    ⚠ Blocked (403) retry 1
2026-08-11 23:13:18,271 | INFO | 🌐 Session warmed
2026-08-11 23:13:18,458 | INFO |    ↳ Status 403
2026-08-11 23:13:18,458 | WARNING |    ⚠ Blocked (403) retry 2
2026-08-11 23:13:18,554 | INFO | 🌐 Session warmed
2026-08-11 23:13:19,368 | INFO |    ↳ Status 403
2026-08-11 23:13:19,368 | WARNING |    ⚠ Blocked (403) retry 3
2026-08-11 23:13:19,453 | INFO | 🌐 Session warmed
2026-08-11 23:13:20,531 | INFO |    ↳ Status 403
2026-08-11 23:13:20,531 | WARNING |    ⚠ Blocked (403) retry 2
2026-08-11 23:13:20,602 | INFO | 🌐 Session warmed
2026-08-11 23:13:21,245 | INFO | [120/1901] Fetching Azamgarh (AZMG)
2026-08-11 23:13:21,709 | INFO |    ↳ Status 403
2026-08-11 23:13:21,709 | WARNING |    ⚠ Blocked (403) retry 3
2026-08-11 23:13:21,794 | INFO | 🌐 Session warmed
2026-08-11 23:13:22,036 | INFO |    ↳ Status 403
2026-08-11 23:13:22,036 | WARNING |    ⚠ Blocked (403) retry 1
2026-08-11 23:13:22,136 | INFO | 🌐 Session warmed
2026-08-11 23:13:23,344 | INFO |    ↳ Status 403
2026-08-11 23:13:23,344 | WARNING |    ⚠ Blocked (403) retry 3
2026-08-11 23:13:23,444 | INFO | 🌐 Session warmed
2026-08-11 23:13:23,453 | INFO | [121/1901] Fetching B. Kothakota (BKOT)
2026-08-11 23:13:24,234 | INFO |    ↳ Status 403
2026-08-11 23:13:24,234 | WARNING |    ⚠ Blocked (403) retry 2
2026-08-11 23:13:24,323 | INFO | 🌐 Session warmed
2026-08-11 23:13:24,738 | INFO |    ↳ Status 403
2026-08-11 23:13:24,738 | WARNING |    ⚠ Blocked (403) retry 1
2026-08-11 23:13:24,829 | INFO | 🌐 Session warmed
2026-08-11 23:13:25,794 | INFO | [122/1901] Fetching Babra (BABT)
2026-08-11 23:13:26,955 | INFO |    ↳ Status 403
2026-08-11 23:13:26,955 | WARNING |    ⚠ Blocked (403) retry 3
2026-08-11 23:13:27,039 | INFO | 🌐 Session warmed
2026-08-11 23:13:27,088 | INFO |    ↳ Status 403
2026-08-11 23:13:27,088 | WARNING |    ⚠ Blocked (403) retry 1
2026-08-11 23:13:27,176 | INFO | 🌐 Session warmed
2026-08-11 23:13:27,195 | INFO |    ↳ Status 403
2026-08-11 23:13:27,195 | WARNING |    ⚠ Blocked (403) retry 2
2026-08-11 23:13:27,283 | INFO | 🌐 Session warmed
2026-08-11 23:13:27,445 | INFO | [123/1901] Fetching Badami (BAMA)
2026-08-11 23:13:28,758 | INFO |    ↳ Status 403
2026-08-11 23:13:28,758 | WARNING |    ⚠ Blocked (403) retry 1
2026-08-11 23:13:28,851 | INFO | 🌐 Session warmed
2026-08-11 23:13:28,905 | INFO |    ↳ Status 403
2026-08-11 23:13:28,905 | WARNING |    ⚠ Blocked (403) retry 2
2026-08-11 23:13:28,972 | INFO | 🌐 Session warmed
2026-08-11 23:13:30,070 | INFO |    ↳ Status 403
2026-08-11 23:13:30,070 | WARNING |    ⚠ Blocked (403) retry 3
2026-08-11 23:13:30,156 | INFO | 🌐 Session warmed
2026-08-11 23:13:30,557 | INFO |    ↳ Status 403
2026-08-11 23:13:30,557 | WARNING |    ⚠ Blocked (403) retry 2
2026-08-11 23:13:30,655 | INFO | 🌐 Session warmed
2026-08-11 23:13:31,039 | INFO | [124/1901] Fetching Badaun (BADN)
2026-08-11 23:13:31,824 | INFO |    ↳ Status 403
2026-08-11 23:13:31,824 | WARNING |    ⚠ Blocked (403) retry 3
2026-08-11 23:13:31,907 | INFO | 🌐 Session warmed
2026-08-11 23:13:32,306 | INFO |    ↳ Status 403
2026-08-11 23:13:32,306 | WARNING |    ⚠ Blocked (403) retry 1
2026-08-11 23:13:32,391 | INFO | 🌐 Session warmed
2026-08-11 23:13:33,458 | INFO |    ↳ Status 403
2026-08-11 23:13:33,458 | WARNING |    ⚠ Blocked (403) retry 3
2026-08-11 23:13:33,533 | INFO | 🌐 Session warmed
2026-08-11 23:13:34,156 | INFO | [125/1901] Fetching Baddi (BADD)
2026-08-11 23:13:34,568 | INFO |    ↳ Status 403
2026-08-11 23:13:34,568 | WARNING |    ⚠ Blocked (403) retry 2
2026-08-11 23:13:34,645 | INFO | 🌐 Session warmed
2026-08-11 23:13:35,587 | INFO |    ↳ Status 403
2026-08-11 23:13:35,587 | WARNING |    ⚠ Blocked (403) retry 1
2026-08-11 23:13:35,670 | INFO | 🌐 Session warmed
2026-08-11 23:13:35,907 | INFO | [126/1901] Fetching Badhra (BAHR)
2026-08-11 23:13:37,263 | INFO |    ↳ Status 403
2026-08-11 23:13:37,263 | WARNING |    ⚠ Blocked (403) retry 1
2026-08-11 23:13:37,328 | INFO | 🌐 Session warmed
2026-08-11 23:13:37,416 | INFO |    ↳ Status 403
2026-08-11 23:13:37,416 | WARNING |    ⚠ Blocked (403) retry 2
2026-08-11 23:13:37,486 | INFO | 🌐 Session warmed
2026-08-11 23:13:37,534 | INFO | [127/1901] Fetching Badnagar (BADA)
2026-08-11 23:13:37,801 | INFO |    ↳ Status 403
2026-08-11 23:13:37,801 | WARNING |    ⚠ Blocked (403) retry 3
2026-08-11 23:13:37,886 | INFO | 🌐 Session warmed
2026-08-11 23:13:38,259 | INFO |    ↳ Status 403
2026-08-11 23:13:38,259 | WARNING |    ⚠ Blocked (403) retry 1
2026-08-11 23:13:38,347 | INFO | 🌐 Session warmed
2026-08-11 23:13:39,386 | INFO |    ↳ Status 403
2026-08-11 23:13:39,386 | WARNING |    ⚠ Blocked (403) retry 2
2026-08-11 23:13:39,455 | INFO | 🌐 Session warmed
2026-08-11 23:13:40,271 | INFO |    ↳ Status 403
2026-08-11 23:13:40,271 | WARNING |    ⚠ Blocked (403) retry 2
2026-08-11 23:13:40,342 | INFO | 🌐 Session warmed
2026-08-11 23:13:40,406 | INFO |    ↳ Status 403
2026-08-11 23:13:40,406 | WARNING |    ⚠ Blocked (403) retry 3
2026-08-11 23:13:40,474 | INFO | 🌐 Session warmed
2026-08-11 23:13:41,886 | INFO | [128/1901] Fetching Badnawar (BADR)
2026-08-11 23:13:42,509 | INFO |    ↳ Status 403
2026-08-11 23:13:42,509 | WARNING |    ⚠ Blocked (403) retry 3
2026-08-11 23:13:42,584 | INFO | 🌐 Session warmed
2026-08-11 23:13:42,649 | INFO |    ↳ Status 403
2026-08-11 23:13:42,649 | WARNING |    ⚠ Blocked (403) retry 1
2026-08-11 23:13:42,732 | INFO | 🌐 Session warmed
2026-08-11 23:13:43,686 | INFO |    ↳ Status 403
2026-08-11 23:13:43,686 | WARNING |    ⚠ Blocked (403) retry 3
2026-08-11 23:13:43,766 | INFO | 🌐 Session warmed
2026-08-11 23:13:44,475 | INFO | [129/1901] Fetching Badvel (BADV)
2026-08-11 23:13:45,085 | INFO |    ↳ Status 403
2026-08-11 23:13:45,086 | WARNING |    ⚠ Blocked (403) retry 2
2026-08-11 23:13:45,163 | INFO | 🌐 Session warmed
2026-08-11 23:13:45,324 | INFO |    ↳ Status 403
2026-08-11 23:13:45,325 | WARNING |    ⚠ Blocked (403) retry 1
2026-08-11 23:13:45,404 | INFO | 🌐 Session warmed
2026-08-11 23:13:46,585 | INFO | [130/1901] Fetching Bagaha (BAAG)
2026-08-11 23:13:47,250 | INFO |    ↳ Status 403
2026-08-11 23:13:47,250 | WARNING |    ⚠ Blocked (403) retry 1
2026-08-11 23:13:47,318 | INFO | 🌐 Session warmed
2026-08-11 23:13:47,766 | INFO | [131/1901] Fetching Bagalkot (BAGA)
2026-08-11 23:13:47,775 | INFO |    ↳ Status 403
2026-08-11 23:13:47,775 | WARNING |    ⚠ Blocked (403) retry 2
2026-08-11 23:13:47,865 | INFO | 🌐 Session warmed
2026-08-11 23:13:48,390 | INFO |    ↳ Status 403
2026-08-11 23:13:48,390 | WARNING |    ⚠ Blocked (403) retry 1
2026-08-11 23:13:48,411 | INFO |    ↳ Status 403
2026-08-11 23:13:48,412 | WARNING |    ⚠ Blocked (403) retry 3
2026-08-11 23:13:48,493 | INFO | 🌐 Session warmed
2026-08-11 23:13:48,501 | INFO | 🌐 Session warmed
2026-08-11 23:13:49,292 | INFO |    ↳ Status 403
2026-08-11 23:13:49,292 | WARNING |    ⚠ Blocked (403) retry 2
2026-08-11 23:13:49,364 | INFO | 🌐 Session warmed
2026-08-11 23:13:50,586 | INFO |    ↳ Status 403
2026-08-11 23:13:50,586 | WARNING |    ⚠ Blocked (403) retry 3
2026-08-11 23:13:50,667 | INFO | 🌐 Session warmed
2026-08-11 23:13:50,762 | INFO |    ↳ Status 403
2026-08-11 23:13:50,762 | WARNING |    ⚠ Blocked (403) retry 2
2026-08-11 23:13:50,857 | INFO | 🌐 Session warmed
2026-08-11 23:13:52,178 | INFO |    ↳ Status 403
2026-08-11 23:13:52,178 | WARNING |    ⚠ Blocked (403) retry 3
2026-08-11 23:13:52,251 | INFO | 🌐 Session warmed
2026-08-11 23:13:52,502 | INFO | [132/1901] Fetching Bagbahara (BBHA)
2026-08-11 23:13:53,450 | INFO |    ↳ Status 403
2026-08-11 23:13:53,450 | WARNING |    ⚠ Blocked (403) retry 1
2026-08-11 23:13:53,514 | INFO | 🌐 Session warmed
2026-08-11 23:13:54,252 | INFO |    ↳ Status 403
2026-08-11 23:13:54,252 | WARNING |    ⚠ Blocked (403) retry 3
2026-08-11 23:13:54,319 | INFO | 🌐 Session warmed
2026-08-11 23:13:54,667 | INFO | [133/1901] Fetching Bagepalli (BGPI)
2026-08-11 23:13:55,253 | INFO |    ↳ Status 403
2026-08-11 23:13:55,253 | WARNING |    ⚠ Blocked (403) retry 2
2026-08-11 23:13:55,329 | INFO | 🌐 Session warmed
2026-08-11 23:13:56,033 | INFO |    ↳ Status 403
2026-08-11 23:13:56,033 | WARNING |    ⚠ Blocked (403) retry 1
2026-08-11 23:13:56,103 | INFO | 🌐 Session warmed
2026-08-11 23:13:56,251 | INFO | [134/1901] Fetching Bagha Purana (BAPU)
2026-08-11 23:13:57,106 | INFO |    ↳ Status 403
2026-08-11 23:13:57,106 | WARNING |    ⚠ Blocked (403) retry 1
2026-08-11 23:13:57,178 | INFO | 🌐 Session warmed
2026-08-11 23:13:58,113 | INFO |    ↳ Status 403
2026-08-11 23:13:58,113 | WARNING |    ⚠ Blocked (403) retry 2
2026-08-11 23:13:58,217 | INFO | 🌐 Session warmed
2026-08-11 23:13:58,320 | INFO | [135/1901] Fetching Baghmari (BGAM)
2026-08-11 23:13:58,752 | INFO |    ↳ Status 403
2026-08-11 23:13:58,752 | WARNING |    ⚠ Blocked (403) retry 3
2026-08-11 23:13:58,827 | INFO | 🌐 Session warmed
2026-08-11 23:13:59,028 | INFO |    ↳ Status 403
2026-08-11 23:13:59,028 | WARNING |    ⚠ Blocked (403) retry 2
2026-08-11 23:13:59,119 | INFO | 🌐 Session warmed
2026-08-11 23:13:59,206 | INFO |    ↳ Status 403
2026-08-11 23:13:59,206 | WARNING |    ⚠ Blocked (403) retry 1
2026-08-11 23:13:59,284 | INFO | 🌐 Session warmed
2026-08-11 23:14:00,914 | INFO |    ↳ Status 403
2026-08-11 23:14:00,914 | WARNING |    ⚠ Blocked (403) retry 2
2026-08-11 23:14:01,003 | INFO | 🌐 Session warmed
2026-08-11 23:14:01,068 | INFO |    ↳ Status 403
2026-08-11 23:14:01,068 | WARNING |    ⚠ Blocked (403) retry 3
2026-08-11 23:14:01,172 | INFO | 🌐 Session warmed
2026-08-11 23:14:02,285 | INFO |    ↳ Status 403
2026-08-11 23:14:02,285 | WARNING |    ⚠ Blocked (403) retry 3
2026-08-11 23:14:02,352 | INFO | 🌐 Session warmed
2026-08-11 23:14:02,828 | INFO | [136/1901] Fetching Bagnan (BAGN)
2026-08-11 23:14:03,637 | INFO |    ↳ Status 403
2026-08-11 23:14:03,637 | WARNING |    ⚠ Blocked (403) retry 3
2026-08-11 23:14:03,738 | INFO | 🌐 Session warmed
2026-08-11 23:14:03,932 | INFO |    ↳ Status 403
2026-08-11 23:14:03,933 | WARNING |    ⚠ Blocked (403) retry 1
2026-08-11 23:14:04,031 | INFO | 🌐 Session warmed
2026-08-11 23:14:05,172 | INFO | [137/1901] Fetching Bagru (BAGU)
2026-08-11 23:14:05,860 | INFO |    ↳ Status 403
2026-08-11 23:14:05,860 | WARNING |    ⚠ Blocked (403) retry 1
2026-08-11 23:14:05,951 | INFO | 🌐 Session warmed
2026-08-11 23:14:06,086 | INFO |    ↳ Status 403
2026-08-11 23:14:06,127 | WARNING |    ⚠ Blocked (403) retry 2
2026-08-11 23:14:06,195 | INFO | 🌐 Session warmed
2026-08-11 23:14:06,353 | INFO | [138/1901] Fetching Bahadurgarh (BAHD)
2026-08-11 23:14:07,739 | INFO | [139/1901] Fetching Bahraich (BHRH)
2026-08-11 23:14:07,766 | INFO |    ↳ Status 403
2026-08-11 23:14:07,767 | WARNING |    ⚠ Blocked (403) retry 1
2026-08-11 23:14:07,864 | INFO | 🌐 Session warmed
2026-08-11 23:14:07,890 | INFO |    ↳ Status 403
2026-08-11 23:14:07,891 | WARNING |    ⚠ Blocked (403) retry 2
2026-08-11 23:14:07,981 | INFO | 🌐 Session warmed
2026-08-11 23:14:08,846 | INFO |    ↳ Status 403
2026-08-11 23:14:08,846 | WARNING |    ⚠ Blocked (403) retry 1
2026-08-11 23:14:08,917 | INFO | 🌐 Session warmed
2026-08-11 23:14:09,571 | INFO |    ↳ Status 403
2026-08-11 23:14:09,571 | WARNING |    ⚠ Blocked (403) retry 3
2026-08-11 23:14:09,611 | INFO |    ↳ Status 403
2026-08-11 23:14:09,611 | WARNING |    ⚠ Blocked (403) retry 2
2026-08-11 23:14:09,663 | INFO | 🌐 Session warmed
2026-08-11 23:14:09,688 | INFO | 🌐 Session warmed
2026-08-11 23:14:10,995 | INFO |    ↳ Status 403
2026-08-11 23:14:10,995 | WARNING |    ⚠ Blocked (403) retry 2
2026-08-11 23:14:11,078 | INFO | 🌐 Session warmed
2026-08-11 23:14:11,208 | INFO |    ↳ Status 403
2026-08-11 23:14:11,208 | WARNING |    ⚠ Blocked (403) retry 3
2026-08-11 23:14:11,287 | INFO | 🌐 Session warmed
2026-08-11 23:14:12,462 | INFO |    ↳ Status 403
2026-08-11 23:14:12,462 | WARNING |    ⚠ Blocked (403) retry 3
2026-08-11 23:14:12,549 | INFO | 🌐 Session warmed
2026-08-11 23:14:13,664 | INFO | [140/1901] Fetching Baidyabati (BAID)
2026-08-11 23:14:14,426 | INFO |    ↳ Status 403
2026-08-11 23:14:14,426 | WARNING |    ⚠ Blocked (403) retry 3
2026-08-11 23:14:14,497 | INFO | 🌐 Session warmed
2026-08-11 23:14:14,762 | INFO |    ↳ Status 403
2026-08-11 23:14:14,762 | WARNING |    ⚠ Blocked (403) retry 1
2026-08-11 23:14:14,848 | INFO | 🌐 Session warmed
2026-08-11 23:14:15,288 | INFO | [141/1901] Fetching Baihar (BIAH)
2026-08-11 23:14:16,482 | INFO |    ↳ Status 403
2026-08-11 23:14:16,482 | WARNING |    ⚠ Blocked (403) retry 2
2026-08-11 23:14:16,550 | INFO | [142/1901] Fetching Baijnath (BAIJ)
2026-08-11 23:14:16,555 | INFO | 🌐 Session warmed
2026-08-11 23:14:16,573 | INFO |    ↳ Status 403
2026-08-11 23:14:16,573 | WARNING |    ⚠ Blocked (403) retry 1
2026-08-11 23:14:16,658 | INFO | 🌐 Session warmed
2026-08-11 23:14:17,965 | INFO |    ↳ Status 403
2026-08-11 23:14:17,966 | WARNING |    ⚠ Blocked (403) retry 1
2026-08-11 23:14:18,051 | INFO | 🌐 Session warmed
2026-08-11 23:14:18,498 | INFO | [143/1901] Fetching Baikunthpur (BKTH)
2026-08-11 23:14:19,035 | INFO |    ↳ Status 403
2026-08-11 23:14:19,036 | WARNING |    ⚠ Blocked (403) retry 2
2026-08-11 23:14:19,108 | INFO | 🌐 Session warmed
2026-08-11 23:14:19,487 | INFO |    ↳ Status 403
2026-08-11 23:14:19,487 | WARNING |    ⚠ Blocked (403) retry 1
2026-08-11 23:14:19,590 | INFO | 🌐 Session warmed
2026-08-11 23:14:19,690 | INFO |    ↳ Status 403
2026-08-11 23:14:19,690 | WARNING |    ⚠ Blocked (403) retry 3
2026-08-11 23:14:19,772 | INFO | 🌐 Session warmed
2026-08-11 23:14:19,979 | INFO |    ↳ Status 403
2026-08-11 23:14:19,979 | WARNING |    ⚠ Blocked (403) retry 2
2026-08-11 23:14:20,056 | INFO | 🌐 Session warmed
2026-08-11 23:14:21,621 | INFO |    ↳ Status 403
2026-08-11 23:14:21,621 | WARNING |    ⚠ Blocked (403) retry 2
2026-08-11 23:14:21,710 | INFO | 🌐 Session warmed
2026-08-11 23:14:22,220 | INFO |    ↳ Status 403
2026-08-11 23:14:22,220 | WARNING |    ⚠ Blocked (403) retry 3
2026-08-11 23:14:22,304 | INFO | 🌐 Session warmed
2026-08-11 23:14:23,399 | INFO |    ↳ Status 403
2026-08-11 23:14:23,400 | WARNING |    ⚠ Blocked (403) retry 3
2026-08-11 23:14:23,470 | INFO | 🌐 Session warmed
2026-08-11 23:14:23,773 | INFO | [144/1901] Fetching Baindur (BAND)
2026-08-11 23:14:24,904 | INFO |    ↳ Status 403
2026-08-11 23:14:24,904 | WARNING |    ⚠ Blocked (403) retry 3
2026-08-11 23:14:24,994 | INFO | 🌐 Session warmed
2026-08-11 23:14:25,120 | INFO |    ↳ Status 403
2026-08-11 23:14:25,120 | WARNING |    ⚠ Blocked (403) retry 1
2026-08-11 23:14:25,184 | INFO | 🌐 Session warmed
2026-08-11 23:14:26,304 | INFO | [145/1901] Fetching Bakhrahat (BART)
2026-08-11 23:14:27,470 | INFO | [146/1901] Fetching Balaghat (BLGT)
2026-08-11 23:14:27,493 | INFO |    ↳ Status 403
2026-08-11 23:14:27,493 | WARNING |    ⚠ Blocked (403) retry 2
2026-08-11 23:14:27,568 | INFO | 🌐 Session warmed
2026-08-11 23:14:27,608 | INFO |    ↳ Status 403
2026-08-11 23:14:27,608 | WARNING |    ⚠ Blocked (403) retry 1
2026-08-11 23:14:27,677 | INFO | 🌐 Session warmed
2026-08-11 23:14:28,889 | INFO |    ↳ Status 403
2026-08-11 23:14:28,889 | WARNING |    ⚠ Blocked (403) retry 1
2026-08-11 23:14:28,980 | INFO | 🌐 Session warmed
2026-08-11 23:14:28,994 | INFO | [147/1901] Fetching Balangir (BALG)
2026-08-11 23:14:29,796 | INFO |    ↳ Status 403
2026-08-11 23:14:29,796 | WARNING |    ⚠ Blocked (403) retry 2
2026-08-11 23:14:29,893 | INFO | 🌐 Session warmed
2026-08-11 23:14:29,904 | INFO |    ↳ Status 403
2026-08-11 23:14:29,904 | WARNING |    ⚠ Blocked (403) retry 1
2026-08-11 23:14:29,972 | INFO | 🌐 Session warmed
2026-08-11 23:14:30,598 | INFO |    ↳ Status 403
2026-08-11 23:14:30,598 | WARNING |    ⚠ Blocked (403) retry 3
2026-08-11 23:14:30,694 | INFO | 🌐 Session warmed
2026-08-11 23:14:30,781 | INFO |    ↳ Status 403
2026-08-11 23:14:30,781 | WARNING |    ⚠ Blocked (403) retry 2
2026-08-11 23:14:30,853 | INFO | 🌐 Session warmed
2026-08-11 23:14:32,302 | INFO |    ↳ Status 403
2026-08-11 23:14:32,302 | WARNING |    ⚠ Blocked (403) retry 2
2026-08-11 23:14:32,402 | INFO | 🌐 Session warmed
2026-08-11 23:14:32,653 | INFO |    ↳ Status 403
2026-08-11 23:14:32,654 | WARNING |    ⚠ Blocked (403) retry 3
2026-08-11 23:14:32,743 | INFO | 🌐 Session warmed
2026-08-11 23:14:33,961 | INFO |    ↳ Status 403
2026-08-11 23:14:33,961 | WARNING |    ⚠ Blocked (403) retry 3
2026-08-11 23:14:34,053 | INFO | 🌐 Session warmed
2026-08-11 23:14:34,695 | INFO | [148/1901] Fetching Balasore (BLSR)
2026-08-11 23:14:35,741 | INFO |    ↳ Status 403
2026-08-11 23:14:35,741 | WARNING |    ⚠ Blocked (403) retry 3
2026-08-11 23:14:35,828 | INFO | 🌐 Session warmed
2026-08-11 23:14:36,095 | INFO |    ↳ Status 403
2026-08-11 23:14:36,095 | WARNING |    ⚠ Blocked (403) retry 1
2026-08-11 23:14:36,173 | INFO | 🌐 Session warmed
2026-08-11 23:14:36,743 | INFO | [149/1901] Fetching Balijipeta (BLIJ)
2026-08-11 23:14:37,665 | INFO |    ↳ Status 403
2026-08-11 23:14:37,665 | WARNING |    ⚠ Blocked (403) retry 1
2026-08-11 23:14:37,747 | INFO | 🌐 Session warmed
2026-08-11 23:14:37,843 | INFO |    ↳ Status 403
2026-08-11 23:14:37,843 | WARNING |    ⚠ Blocked (403) retry 2
2026-08-11 23:14:37,937 | INFO | 🌐 Session warmed
2026-08-11 23:14:38,053 | INFO | [150/1901] Fetching Ballia (ALBI)
2026-08-11 23:14:39,051 | INFO |    ↳ Status 403
2026-08-11 23:14:39,051 | WARNING |    ⚠ Blocked (403) retry 1
2026-08-11 23:14:39,145 | INFO | 🌐 Session warmed
2026-08-11 23:14:39,460 | INFO |    ↳ Status 403
2026-08-11 23:14:39,460 | WARNING |    ⚠ Blocked (403) retry 2
2026-08-11 23:14:39,546 | INFO | 🌐 Session warmed
2026-08-11 23:14:39,829 | INFO | [151/1901] Fetching Balod (BALD)
2026-08-11 23:14:41,083 | INFO |    ↳ Status 403
2026-08-11 23:14:41,083 | WARNING |    ⚠ Blocked (403) retry 1
2026-08-11 23:14:41,152 | INFO | 🌐 Session warmed
2026-08-11 23:14:41,248 | INFO |    ↳ Status 403
2026-08-11 23:14:41,248 | WARNING |    ⚠ Blocked (403) retry 3
2026-08-11 23:14:41,320 | INFO |    ↳ Status 403
2026-08-11 23:14:41,320 | WARNING |    ⚠ Blocked (403) retry 2
2026-08-11 23:14:41,348 | INFO | 🌐 Session warmed
2026-08-11 23:14:41,391 | INFO | 🌐 Session warmed
2026-08-11 23:14:42,647 | INFO |    ↳ Status 403
2026-08-11 23:14:42,647 | WARNING |    ⚠ Blocked (403) retry 3
2026-08-11 23:14:42,723 | INFO | 🌐 Session warmed
2026-08-11 23:14:43,398 | INFO |    ↳ Status 403
2026-08-11 23:14:43,398 | WARNING |    ⚠ Blocked (403) retry 2
2026-08-11 23:14:43,484 | INFO | 🌐 Session warmed
2026-08-11 23:14:44,333 | INFO |    ↳ Status 403
2026-08-11 23:14:44,333 | WARNING |    ⚠ Blocked (403) retry 3
2026-08-11 23:14:44,440 | INFO | 🌐 Session warmed
2026-08-11 23:14:45,348 | INFO | [152/1901] Fetching Baloda Bazar (BBCH)
2026-08-11 23:14:46,705 | INFO |    ↳ Status 403
2026-08-11 23:14:46,706 | WARNING |    ⚠ Blocked (403) retry 1
2026-08-11 23:14:46,724 | INFO | [153/1901] Fetching Balotra (BALO)
2026-08-11 23:14:46,800 | INFO | 🌐 Session warmed
2026-08-11 23:14:46,831 | INFO |    ↳ Status 403
2026-08-11 23:14:46,831 | WARNING |    ⚠ Blocked (403) retry 3
2026-08-11 23:14:46,905 | INFO | 🌐 Session warmed
2026-08-11 23:14:47,917 | INFO |    ↳ Status 403
2026-08-11 23:14:47,917 | WARNING |    ⚠ Blocked (403) retry 1
2026-08-11 23:14:48,005 | INFO | 🌐 Session warmed
2026-08-11 23:14:48,441 | INFO | [154/1901] Fetching Balrampur (BLUR)
2026-08-11 23:14:48,611 | INFO |    ↳ Status 403
2026-08-11 23:14:48,611 | WARNING |    ⚠ Blocked (403) retry 2
2026-08-11 23:14:48,682 | INFO | 🌐 Session warmed
2026-08-11 23:14:49,642 | INFO |    ↳ Status 403
2026-08-11 23:14:49,642 | WARNING |    ⚠ Blocked (403) retry 2
2026-08-11 23:14:49,723 | INFO | 🌐 Session warmed
2026-08-11 23:14:49,739 | INFO |    ↳ Status 403
2026-08-11 23:14:49,739 | WARNING |    ⚠ Blocked (403) retry 1
2026-08-11 23:14:49,810 | INFO | 🌐 Session warmed
2026-08-11 23:14:50,905 | INFO | [155/1901] Fetching Balurghat (BALU)
2026-08-11 23:14:51,663 | INFO |    ↳ Status 403
2026-08-11 23:14:51,663 | WARNING |    ⚠ Blocked (403) retry 3
2026-08-11 23:14:51,749 | INFO | 🌐 Session warmed
2026-08-11 23:14:51,992 | INFO |    ↳ Status 403
2026-08-11 23:14:51,992 | WARNING |    ⚠ Blocked (403) retry 2
2026-08-11 23:14:52,073 | INFO | 🌐 Session warmed
2026-08-11 23:14:52,197 | INFO |    ↳ Status 403
2026-08-11 23:14:52,198 | WARNING |    ⚠ Blocked (403) retry 1
2026-08-11 23:14:52,269 | INFO | 🌐 Session warmed
2026-08-11 23:14:53,124 | INFO |    ↳ Status 403
2026-08-11 23:14:53,124 | WARNING |    ⚠ Blocked (403) retry 3
2026-08-11 23:14:53,201 | INFO | 🌐 Session warmed
2026-08-11 23:14:54,631 | INFO |    ↳ Status 403
2026-08-11 23:14:54,631 | WARNING |    ⚠ Blocked (403) retry 2
2026-08-11 23:14:54,696 | INFO | 🌐 Session warmed
2026-08-11 23:14:55,442 | INFO |    ↳ Status 403
2026-08-11 23:14:55,443 | WARNING |    ⚠ Blocked (403) retry 3
2026-08-11 23:14:55,514 | INFO | 🌐 Session warmed
2026-08-11 23:14:55,749 | INFO | [156/1901] Fetching Banaganapalli (BNPL)
2026-08-11 23:14:56,689 | INFO |    ↳ Status 403
2026-08-11 23:14:56,689 | WARNING |    ⚠ Blocked (403) retry 1
2026-08-11 23:14:56,776 | INFO | 🌐 Session warmed
2026-08-11 23:14:57,201 | INFO | [157/1901] Fetching Banahatti (BANZ)
2026-08-11 23:14:57,739 | INFO |    ↳ Status 403
2026-08-11 23:14:57,739 | WARNING |    ⚠ Blocked (403) retry 3
2026-08-11 23:14:57,817 | INFO | 🌐 Session warmed
2026-08-11 23:14:57,926 | INFO |    ↳ Status 403
2026-08-11 23:14:57,926 | WARNING |    ⚠ Blocked (403) retry 1
2026-08-11 23:14:58,031 | INFO | 🌐 Session warmed
2026-08-11 23:14:58,691 | INFO |    ↳ Status 403
2026-08-11 23:14:58,691 | WARNING |    ⚠ Blocked (403) retry 2
2026-08-11 23:14:58,783 | INFO | 🌐 Session warmed
2026-08-11 23:14:59,514 | INFO | [158/1901] Fetching Banaskantha (BANA)
2026-08-11 23:15:00,032 | INFO |    ↳ Status 403
2026-08-11 23:15:00,032 | WARNING |    ⚠ Blocked (403) retry 2
2026-08-11 23:15:00,123 | INFO | 🌐 Session warmed
2026-08-11 23:15:00,448 | INFO |    ↳ Status 403
2026-08-11 23:15:00,448 | WARNING |    ⚠ Blocked (403) retry 1
2026-08-11 23:15:00,559 | INFO | 🌐 Session warmed
2026-08-11 23:15:01,817 | INFO | [159/1901] Fetching Banga (BNGA)
2026-08-11 23:15:02,088 | INFO |    ↳ Status 403
2026-08-11 23:15:02,088 | WARNING |    ⚠ Blocked (403) retry 3
2026-08-11 23:15:02,173 | INFO | 🌐 Session warmed
2026-08-11 23:15:02,421 | INFO |    ↳ Status 403
2026-08-11 23:15:02,421 | WARNING |    ⚠ Blocked (403) retry 2
2026-08-11 23:15:02,488 | INFO | 🌐 Session warmed
2026-08-11 23:15:03,161 | INFO |    ↳ Status 403
2026-08-11 23:15:03,161 | WARNING |    ⚠ Blocked (403) retry 1
2026-08-11 23:15:03,171 | INFO |    ↳ Status 403
2026-08-11 23:15:03,171 | WARNING |    ⚠ Blocked (403) retry 3
2026-08-11 23:15:03,272 | INFO | 🌐 Session warmed
2026-08-11 23:15:03,277 | INFO | 🌐 Session warmed
2026-08-11 23:15:05,323 | INFO |    ↳ Status 403
2026-08-11 23:15:05,324 | WARNING |    ⚠ Blocked (403) retry 2
2026-08-11 23:15:05,422 | INFO | 🌐 Session warmed
2026-08-11 23:15:05,699 | INFO |    ↳ Status 403
2026-08-11 23:15:05,699 | WARNING |    ⚠ Blocked (403) retry 3
2026-08-11 23:15:05,769 | INFO | 🌐 Session warmed
2026-08-11 23:15:06,174 | INFO | [160/1901] Fetching Bangaon (BAGO)
2026-08-11 23:15:06,920 | INFO |    ↳ Status 403
2026-08-11 23:15:06,920 | WARNING |    ⚠ Blocked (403) retry 1
2026-08-11 23:15:06,983 | INFO | 🌐 Session warmed
2026-08-11 23:15:07,273 | INFO | [161/1901] Fetching Bangarpet (BAGT)
2026-08-11 23:15:08,112 | INFO |    ↳ Status 403
2026-08-11 23:15:08,112 | WARNING |    ⚠ Blocked (403) retry 1
2026-08-11 23:15:08,205 | INFO | 🌐 Session warmed
2026-08-11 23:15:08,423 | INFO |    ↳ Status 403
2026-08-11 23:15:08,423 | WARNING |    ⚠ Blocked (403) retry 3
2026-08-11 23:15:08,504 | INFO | 🌐 Session warmed
2026-08-11 23:15:09,290 | INFO |    ↳ Status 403
2026-08-11 23:15:09,290 | WARNING |    ⚠ Blocked (403) retry 2
2026-08-11 23:15:09,361 | INFO | 🌐 Session warmed
2026-08-11 23:15:09,769 | INFO | [162/1901] Fetching Bangarupalem (BGPM)
2026-08-11 23:15:09,830 | INFO |    ↳ Status 403
2026-08-11 23:15:09,830 | WARNING |    ⚠ Blocked (403) retry 2
2026-08-11 23:15:09,916 | INFO | 🌐 Session warmed
2026-08-11 23:15:10,444 | INFO |    ↳ Status 403
2026-08-11 23:15:10,444 | WARNING |    ⚠ Blocked (403) retry 1
2026-08-11 23:15:10,514 | INFO | 🌐 Session warmed
2026-08-11 23:15:12,137 | INFO |    ↳ Status 403
2026-08-11 23:15:12,137 | WARNING |    ⚠ Blocked (403) retry 2
2026-08-11 23:15:12,226 | INFO | 🌐 Session warmed
2026-08-11 23:15:12,505 | INFO | [163/1901] Fetching Banki (BANK)
2026-08-11 23:15:12,539 | INFO |    ↳ Status 403
2026-08-11 23:15:12,539 | WARNING |    ⚠ Blocked (403) retry 3
2026-08-11 23:15:12,607 | INFO |    ↳ Status 403
2026-08-11 23:15:12,607 | WARNING |    ⚠ Blocked (403) retry 3
2026-08-11 23:15:12,616 | INFO | 🌐 Session warmed
2026-08-11 23:15:12,700 | INFO | 🌐 Session warmed
2026-08-11 23:15:13,744 | INFO |    ↳ Status 403
2026-08-11 23:15:13,744 | WARNING |    ⚠ Blocked (403) retry 1
2026-08-11 23:15:13,839 | INFO | 🌐 Session warmed
2026-08-11 23:15:15,641 | INFO |    ↳ Status 403
2026-08-11 23:15:15,641 | WARNING |    ⚠ Blocked (403) retry 3
2026-08-11 23:15:15,720 | INFO | 🌐 Session warmed
2026-08-11 23:15:16,191 | INFO |    ↳ Status 403
2026-08-11 23:15:16,191 | WARNING |    ⚠ Blocked (403) retry 2
2026-08-11 23:15:16,286 | INFO | 🌐 Session warmed
2026-08-11 23:15:16,617 | INFO | [164/1901] Fetching Bankura (BNKU)
2026-08-11 23:15:16,700 | INFO | [165/1901] Fetching Banswada (BNSA)
2026-08-11 23:15:17,331 | INFO |    ↳ Status 403
2026-08-11 23:15:17,331 | WARNING |    ⚠ Blocked (403) retry 1
2026-08-11 23:15:17,416 | INFO | 🌐 Session warmed
2026-08-11 23:15:18,094 | INFO |    ↳ Status 403
2026-08-11 23:15:18,094 | WARNING |    ⚠ Blocked (403) retry 1
2026-08-11 23:15:18,195 | INFO | 🌐 Session warmed
2026-08-11 23:15:19,199 | INFO |    ↳ Status 403
2026-08-11 23:15:19,200 | WARNING |    ⚠ Blocked (403) retry 2
2026-08-11 23:15:19,286 | INFO | 🌐 Session warmed
2026-08-11 23:15:19,620 | INFO |    ↳ Status 403
2026-08-11 23:15:19,620 | WARNING |    ⚠ Blocked (403) retry 3
2026-08-11 23:15:19,697 | INFO | 🌐 Session warmed
2026-08-11 23:15:19,720 | INFO | [166/1901] Fetching Banswara (BANS)
2026-08-11 23:15:20,495 | INFO |    ↳ Status 403
2026-08-11 23:15:20,495 | WARNING |    ⚠ Blocked (403) retry 1
2026-08-11 23:15:20,575 | INFO | 🌐 Session warmed
2026-08-11 23:15:20,589 | INFO |    ↳ Status 403
2026-08-11 23:15:20,589 | WARNING |    ⚠ Blocked (403) retry 2
2026-08-11 23:15:20,694 | INFO | 🌐 Session warmed
2026-08-11 23:15:21,974 | INFO |    ↳ Status 403
2026-08-11 23:15:21,974 | WARNING |    ⚠ Blocked (403) retry 3
2026-08-11 23:15:22,050 | INFO | 🌐 Session warmed
2026-08-11 23:15:22,284 | INFO |    ↳ Status 403
2026-08-11 23:15:22,284 | WARNING |    ⚠ Blocked (403) retry 2
2026-08-11 23:15:22,347 | INFO | 🌐 Session warmed
2026-08-11 23:15:23,368 | INFO |    ↳ Status 403
2026-08-11 23:15:23,368 | WARNING |    ⚠ Blocked (403) retry 3
2026-08-11 23:15:23,442 | INFO | 🌐 Session warmed
2026-08-11 23:15:23,697 | INFO | [167/1901] Fetching Bantumilli (BANT)
2026-08-11 23:15:24,718 | INFO |    ↳ Status 403
2026-08-11 23:15:24,718 | WARNING |    ⚠ Blocked (403) retry 1
2026-08-11 23:15:24,809 | INFO | 🌐 Session warmed
2026-08-11 23:15:25,195 | INFO |    ↳ Status 403
2026-08-11 23:15:25,195 | WARNING |    ⚠ Blocked (403) retry 3
2026-08-11 23:15:25,263 | INFO | 🌐 Session warmed
2026-08-11 23:15:26,050 | INFO | [168/1901] Fetching Bapatla (BAPA)
2026-08-11 23:15:26,566 | INFO |    ↳ Status 403
2026-08-11 23:15:26,566 | WARNING |    ⚠ Blocked (403) retry 2
2026-08-11 23:15:26,654 | INFO | 🌐 Session warmed
2026-08-11 23:15:26,948 | INFO |    ↳ Status 403
2026-08-11 23:15:26,948 | WARNING |    ⚠ Blocked (403) retry 1
2026-08-11 23:15:27,073 | INFO | 🌐 Session warmed
2026-08-11 23:15:27,443 | INFO | [169/1901] Fetching Barabanki (BARK)
2026-08-11 23:15:28,227 | INFO |    ↳ Status 403
2026-08-11 23:15:28,227 | WARNING |    ⚠ Blocked (403) retry 1
2026-08-11 23:15:28,312 | INFO | 🌐 Session warmed
2026-08-11 23:15:29,263 | INFO | [170/1901] Fetching Baramati (BARA)
2026-08-11 23:15:29,272 | INFO |    ↳ Status 403
2026-08-11 23:15:29,272 | WARNING |    ⚠ Blocked (403) retry 2
2026-08-11 23:15:29,358 | INFO | 🌐 Session warmed
2026-08-11 23:15:29,500 | INFO |    ↳ Status 403
2026-08-11 23:15:29,500 | WARNING |    ⚠ Blocked (403) retry 3
2026-08-11 23:15:29,596 | INFO | 🌐 Session warmed
2026-08-11 23:15:30,058 | INFO |    ↳ Status 403
2026-08-11 23:15:30,058 | WARNING |    ⚠ Blocked (403) retry 2
2026-08-11 23:15:30,129 | INFO | 🌐 Session warmed
2026-08-11 23:15:30,601 | INFO |    ↳ Status 403
2026-08-11 23:15:30,601 | WARNING |    ⚠ Blocked (403) retry 1
2026-08-11 23:15:30,679 | INFO | 🌐 Session warmed
2026-08-11 23:15:32,546 | INFO |    ↳ Status 403
2026-08-11 23:15:32,546 | WARNING |    ⚠ Blocked (403) retry 3
2026-08-11 23:15:32,619 | INFO | 🌐 Session warmed
2026-08-11 23:15:32,871 | INFO |    ↳ Status 403
2026-08-11 23:15:32,871 | WARNING |    ⚠ Blocked (403) retry 3
2026-08-11 23:15:32,952 | INFO | 🌐 Session warmed
2026-08-11 23:15:33,021 | INFO |    ↳ Status 403
2026-08-11 23:15:33,021 | WARNING |    ⚠ Blocked (403) retry 2
2026-08-11 23:15:33,116 | INFO | 🌐 Session warmed
2026-08-11 23:15:33,596 | INFO | [171/1901] Fetching Baramulla (BRML)
2026-08-11 23:15:34,336 | INFO |    ↳ Status 403
2026-08-11 23:15:34,336 | WARNING |    ⚠ Blocked (403) retry 1
2026-08-11 23:15:34,403 | INFO | 🌐 Session warmed
2026-08-11 23:15:36,058 | INFO |    ↳ Status 403
2026-08-11 23:15:36,058 | WARNING |    ⚠ Blocked (403) retry 3
2026-08-11 23:15:36,158 | INFO | 🌐 Session warmed
2026-08-11 23:15:36,440 | INFO |    ↳ Status 403
2026-08-11 23:15:36,440 | WARNING |    ⚠ Blocked (403) retry 2
2026-08-11 23:15:36,530 | INFO | 🌐 Session warmed
2026-08-11 23:15:36,620 | INFO | [172/1901] Fetching Baran (BARN)
2026-08-11 23:15:36,952 | INFO | [173/1901] Fetching Barasat (BSRT)
2026-08-11 23:15:37,557 | INFO |    ↳ Status 403
2026-08-11 23:15:37,557 | WARNING |    ⚠ Blocked (403) retry 1
2026-08-11 23:15:37,623 | INFO | 🌐 Session warmed
2026-08-11 23:15:37,831 | INFO |    ↳ Status 403
2026-08-11 23:15:37,831 | WARNING |    ⚠ Blocked (403) retry 1
2026-08-11 23:15:37,913 | INFO | 🌐 Session warmed
2026-08-11 23:15:39,379 | INFO |    ↳ Status 403
2026-08-11 23:15:39,379 | WARNING |    ⚠ Blocked (403) retry 3
2026-08-11 23:15:39,464 | INFO | 🌐 Session warmed
2026-08-11 23:15:39,899 | INFO |    ↳ Status 403
2026-08-11 23:15:39,899 | WARNING |    ⚠ Blocked (403) retry 2
2026-08-11 23:15:39,947 | INFO |    ↳ Status 403
2026-08-11 23:15:39,947 | WARNING |    ⚠ Blocked (403) retry 2
2026-08-11 23:15:39,978 | INFO | 🌐 Session warmed
2026-08-11 23:15:40,024 | INFO | 🌐 Session warmed
2026-08-11 23:15:40,159 | INFO | [174/1901] Fetching Baraut (BARL)
2026-08-11 23:15:41,336 | INFO |    ↳ Status 403
2026-08-11 23:15:41,337 | WARNING |    ⚠ Blocked (403) retry 1
2026-08-11 23:15:41,409 | INFO | 🌐 Session warmed
2026-08-11 23:15:42,609 | INFO |    ↳ Status 403
2026-08-11 23:15:42,609 | WARNING |    ⚠ Blocked (403) retry 3
2026-08-11 23:15:42,691 | INFO | 🌐 Session warmed
2026-08-11 23:15:42,709 | INFO |    ↳ Status 403
2026-08-11 23:15:42,709 | WARNING |    ⚠ Blocked (403) retry 3
2026-08-11 23:15:42,801 | INFO | 🌐 Session warmed
2026-08-11 23:15:43,325 | INFO |    ↳ Status 403
2026-08-11 23:15:43,325 | WARNING |    ⚠ Blocked (403) retry 2
2026-08-11 23:15:43,409 | INFO | 🌐 Session warmed
2026-08-11 23:15:43,465 | INFO | [175/1901] Fetching Barbil (BABR)
2026-08-11 23:15:44,205 | INFO |    ↳ Status 403
2026-08-11 23:15:44,205 | WARNING |    ⚠ Blocked (403) retry 1
2026-08-11 23:15:44,280 | INFO | 🌐 Session warmed
2026-08-11 23:15:46,109 | INFO |    ↳ Status 403
2026-08-11 23:15:46,109 | WARNING |    ⚠ Blocked (403) retry 3
2026-08-11 23:15:46,179 | INFO | 🌐 Session warmed
2026-08-11 23:15:46,351 | INFO |    ↳ Status 403
2026-08-11 23:15:46,351 | WARNING |    ⚠ Blocked (403) retry 2
2026-08-11 23:15:46,448 | INFO | 🌐 Session warmed
2026-08-11 23:15:46,691 | INFO | [176/1901] Fetching Bardoli (BRDL)
2026-08-11 23:15:46,802 | INFO | [177/1901] Fetching Bareilly (BARE)
2026-08-11 23:15:47,415 | INFO |    ↳ Status 403
2026-08-11 23:15:47,415 | WARNING |    ⚠ Blocked (403) retry 1
2026-08-11 23:15:47,508 | INFO | 🌐 Session warmed
2026-08-11 23:15:48,201 | INFO |    ↳ Status 403
2026-08-11 23:15:48,201 | WARNING |    ⚠ Blocked (403) retry 1
2026-08-11 23:15:48,307 | INFO | 🌐 Session warmed
2026-08-11 23:15:49,257 | INFO |    ↳ Status 403
2026-08-11 23:15:49,257 | WARNING |    ⚠ Blocked (403) retry 2
2026-08-11 23:15:49,346 | INFO | 🌐 Session warmed
2026-08-11 23:15:49,542 | INFO |    ↳ Status 403
2026-08-11 23:15:49,542 | WARNING |    ⚠ Blocked (403) retry 3
2026-08-11 23:15:49,642 | INFO | 🌐 Session warmed
2026-08-11 23:15:50,132 | INFO |    ↳ Status 403
2026-08-11 23:15:50,132 | WARNING |    ⚠ Blocked (403) retry 2
2026-08-11 23:15:50,179 | INFO | [178/1901] Fetching Bareja (BEJA)
2026-08-11 23:15:50,216 | INFO | 🌐 Session warmed
2026-08-11 23:15:51,313 | INFO |    ↳ Status 403
2026-08-11 23:15:51,313 | WARNING |    ⚠ Blocked (403) retry 1
2026-08-11 23:15:51,422 | INFO | 🌐 Session warmed
2026-08-11 23:15:52,726 | INFO |    ↳ Status 403
2026-08-11 23:15:52,726 | WARNING |    ⚠ Blocked (403) retry 3
2026-08-11 23:15:52,795 | INFO | 🌐 Session warmed
2026-08-11 23:15:53,221 | INFO |    ↳ Status 403
2026-08-11 23:15:53,221 | WARNING |    ⚠ Blocked (403) retry 2
2026-08-11 23:15:53,327 | INFO |    ↳ Status 403
2026-08-11 23:15:53,327 | WARNING |    ⚠ Blocked (403) retry 3
2026-08-11 23:15:53,342 | INFO | 🌐 Session warmed
2026-08-11 23:15:53,402 | INFO | 🌐 Session warmed
2026-08-11 23:15:53,643 | INFO | [179/1901] Fetching Bargarh (BARG)
2026-08-11 23:15:54,420 | INFO |    ↳ Status 403
2026-08-11 23:15:54,421 | WARNING |    ⚠ Blocked (403) retry 1
2026-08-11 23:15:54,509 | INFO | 🌐 Session warmed
2026-08-11 23:15:56,420 | INFO |    ↳ Status 403
2026-08-11 23:15:56,420 | WARNING |    ⚠ Blocked (403) retry 3
2026-08-11 23:15:56,514 | INFO | 🌐 Session warmed
2026-08-11 23:15:56,701 | INFO |    ↳ Status 403
2026-08-11 23:15:56,701 | WARNING |    ⚠ Blocked (403) retry 2
2026-08-11 23:15:56,785 | INFO | 🌐 Session warmed
2026-08-11 23:15:56,795 | INFO | [180/1901] Fetching Barharwa (BRWA)
2026-08-11 23:15:57,403 | INFO | [181/1901] Fetching Barhi (BHAI)
2026-08-11 23:15:57,454 | INFO |    ↳ Status 403
2026-08-11 23:15:57,454 | WARNING |    ⚠ Blocked (403) retry 1
2026-08-11 23:15:57,537 | INFO | 🌐 Session warmed
2026-08-11 23:15:58,785 | INFO |    ↳ Status 403
2026-08-11 23:15:58,785 | WARNING |    ⚠ Blocked (403) retry 1
2026-08-11 23:15:58,880 | INFO | 🌐 Session warmed
2026-08-11 23:15:59,513 | INFO |    ↳ Status 403
2026-08-11 23:15:59,513 | WARNING |    ⚠ Blocked (403) retry 2
2026-08-11 23:15:59,598 | INFO | 🌐 Session warmed
2026-08-11 23:15:59,818 | INFO |    ↳ Status 403
2026-08-11 23:15:59,818 | WARNING |    ⚠ Blocked (403) retry 3
2026-08-11 23:15:59,888 | INFO | 🌐 Session warmed
2026-08-11 23:16:00,515 | INFO | [182/1901] Fetching Baripada (BARI)
2026-08-11 23:16:01,132 | INFO |    ↳ Status 403
2026-08-11 23:16:01,132 | WARNING |    ⚠ Blocked (403) retry 2
2026-08-11 23:16:01,221 | INFO | 🌐 Session warmed
2026-08-11 23:16:01,618 | INFO |    ↳ Status 403
2026-08-11 23:16:01,618 | WARNING |    ⚠ Blocked (403) retry 1
2026-08-11 23:16:01,708 | INFO | 🌐 Session warmed
2026-08-11 23:16:02,525 | INFO |    ↳ Status 403
2026-08-11 23:16:02,525 | WARNING |    ⚠ Blocked (403) retry 3
2026-08-11 23:16:02,604 | INFO | 🌐 Session warmed
2026-08-11 23:16:03,474 | INFO |    ↳ Status 403
2026-08-11 23:16:03,474 | WARNING |    ⚠ Blocked (403) retry 2
2026-08-11 23:16:03,577 | INFO | 🌐 Session warmed
2026-08-11 23:16:03,888 | INFO | [183/1901] Fetching Barmer (BARM)
2026-08-11 23:16:04,391 | INFO |    ↳ Status 403
2026-08-11 23:16:04,391 | WARNING |    ⚠ Blocked (403) retry 3
2026-08-11 23:16:04,506 | INFO | 🌐 Session warmed
2026-08-11 23:16:04,907 | INFO |    ↳ Status 403
2026-08-11 23:16:04,907 | WARNING |    ⚠ Blocked (403) retry 1
2026-08-11 23:16:04,987 | INFO | 🌐 Session warmed
2026-08-11 23:16:06,568 | INFO |    ↳ Status 403
2026-08-11 23:16:06,568 | WARNING |    ⚠ Blocked (403) retry 3
2026-08-11 23:16:06,604 | INFO | [184/1901] Fetching Barnala (BAR)
2026-08-11 23:16:06,641 | INFO | 🌐 Session warmed
2026-08-11 23:16:07,062 | INFO |    ↳ Status 403
2026-08-11 23:16:07,062 | WARNING |    ⚠ Blocked (403) retry 2
2026-08-11 23:16:07,170 | INFO | 🌐 Session warmed
2026-08-11 23:16:07,518 | INFO |    ↳ Status 403
2026-08-11 23:16:07,518 | WARNING |    ⚠ Blocked (403) retry 1
2026-08-11 23:16:07,610 | INFO | 🌐 Session warmed
2026-08-11 23:16:08,507 | INFO | [185/1901] Fetching Barpeta Road (BRPD)
2026-08-11 23:16:09,523 | INFO |    ↳ Status 403
2026-08-11 23:16:09,523 | WARNING |    ⚠ Blocked (403) retry 1
2026-08-11 23:16:09,594 | INFO |    ↳ Status 403
2026-08-11 23:16:09,594 | WARNING |    ⚠ Blocked (403) retry 2
2026-08-11 23:16:09,597 | INFO | 🌐 Session warmed
2026-08-11 23:16:09,682 | INFO | 🌐 Session warmed
2026-08-11 23:16:10,294 | INFO |    ↳ Status 403
2026-08-11 23:16:10,294 | WARNING |    ⚠ Blocked (403) retry 3
2026-08-11 23:16:10,392 | INFO | 🌐 Session warmed
2026-08-11 23:16:10,641 | INFO | [186/1901] Fetching Barrackpore (BARR)
2026-08-11 23:16:11,422 | INFO |    ↳ Status 403
2026-08-11 23:16:11,422 | WARNING |    ⚠ Blocked (403) retry 2
2026-08-11 23:16:11,492 | INFO | 🌐 Session warmed
2026-08-11 23:16:11,544 | INFO |    ↳ Status 403
2026-08-11 23:16:11,544 | WARNING |    ⚠ Blocked (403) retry 1
2026-08-11 23:16:11,610 | INFO | 🌐 Session warmed
2026-08-11 23:16:12,994 | INFO |    ↳ Status 403
2026-08-11 23:16:12,994 | WARNING |    ⚠ Blocked (403) retry 3
2026-08-11 23:16:13,078 | INFO | 🌐 Session warmed
2026-08-11 23:16:13,467 | INFO |    ↳ Status 403
2026-08-11 23:16:13,467 | WARNING |    ⚠ Blocked (403) retry 2
2026-08-11 23:16:13,558 | INFO | 🌐 Session warmed
2026-08-11 23:16:14,392 | INFO | [187/1901] Fetching Barshi (BRHI)
2026-08-11 23:16:14,638 | INFO |    ↳ Status 403
2026-08-11 23:16:14,638 | WARNING |    ⚠ Blocked (403) retry 3
2026-08-11 23:16:14,708 | INFO | 🌐 Session warmed
2026-08-11 23:16:15,671 | INFO |    ↳ Status 403
2026-08-11 23:16:15,671 | WARNING |    ⚠ Blocked (403) retry 1
2026-08-11 23:16:15,772 | INFO | 🌐 Session warmed
2026-08-11 23:16:16,473 | INFO |    ↳ Status 403
2026-08-11 23:16:16,473 | WARNING |    ⚠ Blocked (403) retry 3
2026-08-11 23:16:16,543 | INFO | 🌐 Session warmed
2026-08-11 23:16:17,079 | INFO | [188/1901] Fetching Baruipur (BARU)
2026-08-11 23:16:17,791 | INFO |    ↳ Status 403
2026-08-11 23:16:17,791 | WARNING |    ⚠ Blocked (403) retry 2
2026-08-11 23:16:17,868 | INFO | 🌐 Session warmed
2026-08-11 23:16:17,891 | INFO |    ↳ Status 403
2026-08-11 23:16:17,891 | WARNING |    ⚠ Blocked (403) retry 1
2026-08-11 23:16:17,961 | INFO | 🌐 Session warmed
2026-08-11 23:16:18,708 | INFO | [189/1901] Fetching Barwadih (BARQ)
2026-08-11 23:16:19,640 | INFO |    ↳ Status 403
2026-08-11 23:16:19,640 | WARNING |    ⚠ Blocked (403) retry 1
2026-08-11 23:16:19,707 | INFO | 🌐 Session warmed
2026-08-11 23:16:19,843 | INFO |    ↳ Status 403
2026-08-11 23:16:19,843 | WARNING |    ⚠ Blocked (403) retry 2
2026-08-11 23:16:19,921 | INFO | 🌐 Session warmed
2026-08-11 23:16:20,544 | INFO | [190/1901] Fetching Barwaha (BARH)
2026-08-11 23:16:21,231 | INFO |    ↳ Status 403
2026-08-11 23:16:21,231 | WARNING |    ⚠ Blocked (403) retry 3
2026-08-11 23:16:21,323 | INFO | 🌐 Session warmed
2026-08-11 23:16:21,526 | INFO |    ↳ Status 403
2026-08-11 23:16:21,526 | WARNING |    ⚠ Blocked (403) retry 1
2026-08-11 23:16:21,596 | INFO | 🌐 Session warmed
2026-08-11 23:16:22,099 | INFO |    ↳ Status 403
2026-08-11 23:16:22,099 | WARNING |    ⚠ Blocked (403) retry 2
2026-08-11 23:16:22,165 | INFO | 🌐 Session warmed
2026-08-11 23:16:23,301 | INFO |    ↳ Status 403
2026-08-11 23:16:23,301 | WARNING |    ⚠ Blocked (403) retry 3
2026-08-11 23:16:23,399 | INFO | 🌐 Session warmed
2026-08-11 23:16:23,999 | INFO |    ↳ Status 403
2026-08-11 23:16:24,000 | WARNING |    ⚠ Blocked (403) retry 2
2026-08-11 23:16:24,069 | INFO | 🌐 Session warmed
2026-08-11 23:16:25,116 | INFO |    ↳ Status 403
2026-08-11 23:16:25,116 | WARNING |    ⚠ Blocked (403) retry 3
2026-08-11 23:16:25,195 | INFO | 🌐 Session warmed
2026-08-11 23:16:25,324 | INFO | [191/1901] Fetching Barwani (BRWN)
2026-08-11 23:16:26,518 | INFO |    ↳ Status 403
2026-08-11 23:16:26,518 | WARNING |    ⚠ Blocked (403) retry 1
2026-08-11 23:16:26,603 | INFO | 🌐 Session warmed
2026-08-11 23:16:26,899 | INFO |    ↳ Status 403
2026-08-11 23:16:26,899 | WARNING |    ⚠ Blocked (403) retry 3
2026-08-11 23:16:27,003 | INFO | 🌐 Session warmed
2026-08-11 23:16:27,400 | INFO | [192/1901] Fetching Basantpur (BABA)
2026-08-11 23:16:28,336 | INFO |    ↳ Status 403
2026-08-11 23:16:28,336 | WARNING |    ⚠ Blocked (403) retry 1
2026-08-11 23:16:28,423 | INFO | 🌐 Session warmed
2026-08-11 23:16:28,979 | INFO |    ↳ Status 403
2026-08-11 23:16:28,979 | WARNING |    ⚠ Blocked (403) retry 2
2026-08-11 23:16:29,093 | INFO | 🌐 Session warmed
2026-08-11 23:16:29,195 | INFO | [193/1901] Fetching Basirhat (BIRH)
2026-08-11 23:16:30,198 | INFO |    ↳ Status 403
2026-08-11 23:16:30,198 | WARNING |    ⚠ Blocked (403) retry 2
2026-08-11 23:16:30,292 | INFO | 🌐 Session warmed
2026-08-11 23:16:30,340 | INFO |    ↳ Status 403
2026-08-11 23:16:30,340 | WARNING |    ⚠ Blocked (403) retry 1
2026-08-11 23:16:30,408 | INFO | 🌐 Session warmed
2026-08-11 23:16:31,003 | INFO | [194/1901] Fetching Basna (BASN)
2026-08-11 23:16:31,661 | INFO |    ↳ Status 403
2026-08-11 23:16:31,661 | WARNING |    ⚠ Blocked (403) retry 1
2026-08-11 23:16:31,731 | INFO | 🌐 Session warmed
2026-08-11 23:16:32,147 | INFO |    ↳ Status 403
2026-08-11 23:16:32,148 | WARNING |    ⚠ Blocked (403) retry 2
2026-08-11 23:16:32,217 | INFO | 🌐 Session warmed
2026-08-11 23:16:32,493 | INFO |    ↳ Status 403
2026-08-11 23:16:32,493 | WARNING |    ⚠ Blocked (403) retry 3
2026-08-11 23:16:32,566 | INFO | 🌐 Session warmed
2026-08-11 23:16:33,375 | INFO |    ↳ Status 403
2026-08-11 23:16:33,375 | WARNING |    ⚠ Blocked (403) retry 3
2026-08-11 23:16:33,453 | INFO | 🌐 Session warmed
2026-08-11 23:16:33,852 | INFO |    ↳ Status 403
2026-08-11 23:16:33,852 | WARNING |    ⚠ Blocked (403) retry 2
2026-08-11 23:16:33,929 | INFO | 🌐 Session warmed
2026-08-11 23:16:35,303 | INFO |    ↳ Status 403
2026-08-11 23:16:35,303 | WARNING |    ⚠ Blocked (403) retry 3
2026-08-11 23:16:35,392 | INFO | 🌐 Session warmed
2026-08-11 23:16:36,566 | INFO | [195/1901] Fetching Basti (BAST)
2026-08-11 23:16:37,145 | INFO |    ↳ Status 403
2026-08-11 23:16:37,145 | WARNING |    ⚠ Blocked (403) retry 3
2026-08-11 23:16:37,231 | INFO | 🌐 Session warmed
2026-08-11 23:16:37,454 | INFO | [196/1901] Fetching Bathinda (BHAT)
2026-08-11 23:16:37,943 | INFO |    ↳ Status 403
2026-08-11 23:16:37,944 | WARNING |    ⚠ Blocked (403) retry 1
2026-08-11 23:16:38,016 | INFO | 🌐 Session warmed
2026-08-11 23:16:38,805 | INFO |    ↳ Status 403
2026-08-11 23:16:38,805 | WARNING |    ⚠ Blocked (403) retry 1
2026-08-11 23:16:38,878 | INFO | 🌐 Session warmed
2026-08-11 23:16:39,392 | INFO | [197/1901] Fetching Batlagundu (BTGD)
2026-08-11 23:16:40,038 | INFO |    ↳ Status 403
2026-08-11 23:16:40,038 | WARNING |    ⚠ Blocked (403) retry 2
2026-08-11 23:16:40,130 | INFO | 🌐 Session warmed
2026-08-11 23:16:40,446 | INFO |    ↳ Status 403
2026-08-11 23:16:40,446 | WARNING |    ⚠ Blocked (403) retry 1
2026-08-11 23:16:40,540 | INFO | 🌐 Session warmed
2026-08-11 23:16:41,005 | INFO |    ↳ Status 403
2026-08-11 23:16:41,005 | WARNING |    ⚠ Blocked (403) retry 2
2026-08-11 23:16:41,072 | INFO | 🌐 Session warmed
2026-08-11 23:16:41,231 | INFO | [198/1901] Fetching Bavla (BAVL)
2026-08-11 23:16:42,289 | INFO |    ↳ Status 403
2026-08-11 23:16:42,289 | WARNING |    ⚠ Blocked (403) retry 2
2026-08-11 23:16:42,361 | INFO | 🌐 Session warmed
2026-08-11 23:16:42,476 | INFO |    ↳ Status 403
2026-08-11 23:16:42,476 | WARNING |    ⚠ Blocked (403) retry 1
2026-08-11 23:16:42,547 | INFO | 🌐 Session warmed
2026-08-11 23:16:42,942 | INFO |    ↳ Status 403
2026-08-11 23:16:42,942 | WARNING |    ⚠ Blocked (403) retry 3
2026-08-11 23:16:43,036 | INFO | 🌐 Session warmed
2026-08-11 23:16:44,397 | INFO |    ↳ Status 403
2026-08-11 23:16:44,397 | WARNING |    ⚠ Blocked (403) retry 3
2026-08-11 23:16:44,467 | INFO | 🌐 Session warmed
2026-08-11 23:16:44,495 | INFO |    ↳ Status 403
2026-08-11 23:16:44,495 | WARNING |    ⚠ Blocked (403) retry 2
2026-08-11 23:16:44,569 | INFO | 🌐 Session warmed
2026-08-11 23:16:45,434 | INFO |    ↳ Status 403
2026-08-11 23:16:45,434 | WARNING |    ⚠ Blocked (403) retry 3
2026-08-11 23:16:45,525 | INFO | 🌐 Session warmed
2026-08-11 23:16:47,037 | INFO | [199/1901] Fetching Bayad (BAYA)
2026-08-11 23:16:47,229 | INFO |    ↳ Status 403
2026-08-11 23:16:47,229 | WARNING |    ⚠ Blocked (403) retry 3
2026-08-11 23:16:47,325 | INFO | 🌐 Session warmed
2026-08-11 23:16:48,128 | INFO |    ↳ Status 403
2026-08-11 23:16:48,128 | WARNING |    ⚠ Blocked (403) retry 1
2026-08-11 23:16:48,198 | INFO | 🌐 Session warmed
2026-08-11 23:16:48,467 | INFO | [200/1901] Fetching Bayana (BANY)
2026-08-11 23:16:49,361 | INFO |    ↳ Status 403
2026-08-11 23:16:49,361 | WARNING |    ⚠ Blocked (403) retry 1
2026-08-11 23:16:49,431 | INFO | 🌐 Session warmed
2026-08-11 23:16:49,525 | INFO | [201/1901] Fetching Bazpur (BAZP)
2026-08-11 23:16:49,835 | INFO |    ↳ Status 403
2026-08-11 23:16:49,835 | WARNING |    ⚠ Blocked (403) retry 2
2026-08-11 23:16:49,905 | INFO | 🌐 Session warmed
2026-08-11 23:16:50,879 | INFO |    ↳ Status 403
2026-08-11 23:16:50,879 | WARNING |    ⚠ Blocked (403) retry 1
2026-08-11 23:16:50,974 | INFO | 🌐 Session warmed
2026-08-11 23:16:51,325 | INFO | [202/1901] Fetching Beawar (BEAW)
2026-08-11 23:16:51,435 | INFO |    ↳ Status 403
2026-08-11 23:16:51,435 | WARNING |    ⚠ Blocked (403) retry 2
2026-08-11 23:16:51,542 | INFO | 🌐 Session warmed
2026-08-11 23:16:52,162 | INFO |    ↳ Status 403
2026-08-11 23:16:52,162 | WARNING |    ⚠ Blocked (403) retry 1
2026-08-11 23:16:52,233 | INFO | 🌐 Session warmed
2026-08-11 23:16:52,691 | INFO |    ↳ Status 403
2026-08-11 23:16:52,691 | WARNING |    ⚠ Blocked (403) retry 3
2026-08-11 23:16:52,782 | INFO | 🌐 Session warmed
2026-08-11 23:16:53,008 | INFO |    ↳ Status 403
2026-08-11 23:16:53,008 | WARNING |    ⚠ Blocked (403) retry 2
2026-08-11 23:16:53,073 | INFO | 🌐 Session warmed
2026-08-11 23:16:54,191 | INFO |    ↳ Status 403
2026-08-11 23:16:54,191 | WARNING |    ⚠ Blocked (403) retry 3
2026-08-11 23:16:54,278 | INFO | 🌐 Session warmed
2026-08-11 23:16:54,316 | INFO |    ↳ Status 403
2026-08-11 23:16:54,316 | WARNING |    ⚠ Blocked (403) retry 2
2026-08-11 23:16:54,402 | INFO | 🌐 Session warmed
2026-08-11 23:16:56,101 | INFO |    ↳ Status 403
2026-08-11 23:16:56,101 | WARNING |    ⚠ Blocked (403) retry 3
2026-08-11 23:16:56,192 | INFO | 🌐 Session warmed
2026-08-11 23:16:56,782 | INFO | [203/1901] Fetching Beed (BEED)
2026-08-11 23:16:57,433 | INFO |    ↳ Status 403
2026-08-11 23:16:57,434 | WARNING |    ⚠ Blocked (403) retry 3
2026-08-11 23:16:57,502 | INFO | 🌐 Session warmed
2026-08-11 23:16:57,852 | INFO |    ↳ Status 403
2026-08-11 23:16:57,852 | WARNING |    ⚠ Blocked (403) retry 1
2026-08-11 23:16:57,942 | INFO | 🌐 Session warmed
2026-08-11 23:16:58,278 | INFO | [204/1901] Fetching Beguniapada (BEGU)
2026-08-11 23:16:59,685 | INFO |    ↳ Status 403
2026-08-11 23:16:59,685 | WARNING |    ⚠ Blocked (403) retry 1
2026-08-11 23:16:59,752 | INFO | 🌐 Session warmed
2026-08-11 23:16:59,894 | INFO |    ↳ Status 403
2026-08-11 23:16:59,895 | WARNING |    ⚠ Blocked (403) retry 2
2026-08-11 23:16:59,966 | INFO | 🌐 Session warmed
2026-08-11 23:17:00,192 | INFO | [205/1901] Fetching Begusarai (BEGS)
2026-08-11 23:17:01,198 | INFO |    ↳ Status 403
2026-08-11 23:17:01,198 | WARNING |    ⚠ Blocked (403) retry 1
2026-08-11 23:17:01,274 | INFO | 🌐 Session warmed
2026-08-11 23:17:01,502 | INFO | [206/1901] Fetching Behror (BEHR)
2026-08-11 23:17:02,135 | INFO |    ↳ Status 403
2026-08-11 23:17:02,135 | WARNING |    ⚠ Blocked (403) retry 2
2026-08-11 23:17:02,230 | INFO | 🌐 Session warmed
2026-08-11 23:17:02,843 | INFO |    ↳ Status 403
2026-08-11 23:17:02,843 | WARNING |    ⚠ Blocked (403) retry 3
2026-08-11 23:17:02,902 | INFO |    ↳ Status 403
2026-08-11 23:17:02,902 | WARNING |    ⚠ Blocked (403) retry 1
2026-08-11 23:17:02,919 | INFO | 🌐 Session warmed
2026-08-11 23:17:02,985 | INFO | 🌐 Session warmed
2026-08-11 23:17:03,407 | INFO |    ↳ Status 403
2026-08-11 23:17:03,407 | WARNING |    ⚠ Blocked (403) retry 2
2026-08-11 23:17:03,480 | INFO | 🌐 Session warmed
2026-08-11 23:17:05,261 | INFO |    ↳ Status 403
2026-08-11 23:17:05,262 | WARNING |    ⚠ Blocked (403) retry 2
2026-08-11 23:17:05,333 | INFO | 🌐 Session warmed
2026-08-11 23:17:05,618 | INFO |    ↳ Status 403
2026-08-11 23:17:05,618 | WARNING |    ⚠ Blocked (403) retry 3
2026-08-11 23:17:05,707 | INFO | 🌐 Session warmed
2026-08-11 23:17:06,789 | INFO |    ↳ Status 403
2026-08-11 23:17:06,789 | WARNING |    ⚠ Blocked (403) retry 3
2026-08-11 23:17:06,855 | INFO | 🌐 Session warmed
2026-08-11 23:17:06,921 | INFO | [207/1901] Fetching Belagavi (Belgaum) (BELG)
2026-08-11 23:17:07,560 | INFO |    ↳ Status 403
2026-08-11 23:17:07,560 | WARNING |    ⚠ Blocked (403) retry 1
2026-08-11 23:17:07,637 | INFO | 🌐 Session warmed
2026-08-11 23:17:07,980 | INFO |    ↳ Status 403
2026-08-11 23:17:07,980 | WARNING |    ⚠ Blocked (403) retry 3
2026-08-11 23:17:08,060 | INFO | 🌐 Session warmed
2026-08-11 23:17:09,516 | INFO |    ↳ Status 403
2026-08-11 23:17:09,516 | WARNING |    ⚠ Blocked (403) retry 2
2026-08-11 23:17:09,585 | INFO | 🌐 Session warmed
2026-08-11 23:17:09,707 | INFO | [208/1901] Fetching Belakavadi (BLVD)
2026-08-11 23:17:10,474 | INFO |    ↳ Status 403
2026-08-11 23:17:10,474 | WARNING |    ⚠ Blocked (403) retry 1
2026-08-11 23:17:10,561 | INFO | 🌐 Session warmed
2026-08-11 23:17:10,856 | INFO | [209/1901] Fetching Belghoria (BELB)
2026-08-11 23:17:11,787 | INFO |    ↳ Status 403
2026-08-11 23:17:11,787 | WARNING |    ⚠ Blocked (403) retry 1
2026-08-11 23:17:11,857 | INFO | 🌐 Session warmed
2026-08-11 23:17:12,060 | INFO | [210/1901] Fetching Bellampalli (BELL)
2026-08-11 23:17:12,201 | INFO |    ↳ Status 403
2026-08-11 23:17:12,201 | WARNING |    ⚠ Blocked (403) retry 2
2026-08-11 23:17:12,301 | INFO | 🌐 Session warmed
2026-08-11 23:17:12,597 | INFO |    ↳ Status 403
2026-08-11 23:17:12,597 | WARNING |    ⚠ Blocked (403) retry 3
2026-08-11 23:17:12,670 | INFO | 🌐 Session warmed
2026-08-11 23:17:12,713 | INFO |    ↳ Status 403
2026-08-11 23:17:12,713 | WARNING |    ⚠ Blocked (403) retry 1
2026-08-11 23:17:12,807 | INFO | 🌐 Session warmed
2026-08-11 23:17:13,888 | INFO |    ↳ Status 403
2026-08-11 23:17:13,888 | WARNING |    ⚠ Blocked (403) retry 2
2026-08-11 23:17:14,002 | INFO | 🌐 Session warmed
2026-08-11 23:17:14,906 | INFO |    ↳ Status 403
2026-08-11 23:17:14,906 | WARNING |    ⚠ Blocked (403) retry 2
2026-08-11 23:17:14,982 | INFO | 🌐 Session warmed
2026-08-11 23:17:15,720 | INFO |    ↳ Status 403
2026-08-11 23:17:15,720 | WARNING |    ⚠ Blocked (403) retry 3
2026-08-11 23:17:15,810 | INFO | 🌐 Session warmed
2026-08-11 23:17:16,671 | INFO | [211/1901] Fetching Bellary (BLRY)
2026-08-11 23:17:16,979 | INFO |    ↳ Status 403
2026-08-11 23:17:16,979 | WARNING |    ⚠ Blocked (403) retry 3
2026-08-11 23:17:17,073 | INFO | 🌐 Session warmed
2026-08-11 23:17:17,768 | INFO |    ↳ Status 403
2026-08-11 23:17:17,768 | WARNING |    ⚠ Blocked (403) retry 1
2026-08-11 23:17:17,844 | INFO | 🌐 Session warmed
2026-08-11 23:17:18,023 | INFO |    ↳ Status 403
2026-08-11 23:17:18,023 | WARNING |    ⚠ Blocked (403) retry 3
2026-08-11 23:17:18,094 | INFO | 🌐 Session warmed
2026-08-11 23:17:19,626 | INFO |    ↳ Status 403
2026-08-11 23:17:19,626 | WARNING |    ⚠ Blocked (403) retry 2
2026-08-11 23:17:19,707 | INFO | 🌐 Session warmed
2026-08-11 23:17:19,810 | INFO | [212/1901] Fetching Belur (BELU)
2026-08-11 23:17:20,578 | INFO |    ↳ Status 403
2026-08-11 23:17:20,578 | WARNING |    ⚠ Blocked (403) retry 1
2026-08-11 23:17:20,647 | INFO | 🌐 Session warmed
2026-08-11 23:17:21,074 | INFO | [213/1901] Fetching Bemetara (BMTA)
2026-08-11 23:17:21,786 | INFO |    ↳ Status 403
2026-08-11 23:17:21,786 | WARNING |    ⚠ Blocked (403) retry 1
2026-08-11 23:17:21,868 | INFO | 🌐 Session warmed
2026-08-11 23:17:22,094 | INFO | [214/1901] Fetching Berachampa (BRAC)
2026-08-11 23:17:22,533 | INFO |    ↳ Status 403
2026-08-11 23:17:22,533 | WARNING |    ⚠ Blocked (403) retry 3
2026-08-11 23:17:22,599 | INFO | 🌐 Session warmed
2026-08-11 23:17:22,718 | INFO |    ↳ Status 403
2026-08-11 23:17:22,718 | WARNING |    ⚠ Blocked (403) retry 2
2026-08-11 23:17:22,792 | INFO | 🌐 Session warmed
2026-08-11 23:17:23,369 | INFO |    ↳ Status 403
2026-08-11 23:17:23,369 | WARNING |    ⚠ Blocked (403) retry 1
2026-08-11 23:17:23,454 | INFO | 🌐 Session warmed
2026-08-11 23:17:23,510 | INFO |    ↳ Status 403
2026-08-11 23:17:23,510 | WARNING |    ⚠ Blocked (403) retry 2
2026-08-11 23:17:23,583 | INFO | 🌐 Session warmed
2026-08-11 23:17:25,634 | INFO |    ↳ Status 403
2026-08-11 23:17:25,634 | WARNING |    ⚠ Blocked (403) retry 3
2026-08-11 23:17:25,715 | INFO |    ↳ Status 403
2026-08-11 23:17:25,715 | INFO | 🌐 Session warmed
2026-08-11 23:17:25,715 | WARNING |    ⚠ Blocked (403) retry 2
2026-08-11 23:17:25,800 | INFO | 🌐 Session warmed
2026-08-11 23:17:26,599 | INFO | [215/1901] Fetching Berhampore (W.B.) (BEHA)
2026-08-11 23:17:26,759 | INFO |    ↳ Status 403
2026-08-11 23:17:26,759 | WARNING |    ⚠ Blocked (403) retry 3
2026-08-11 23:17:26,833 | INFO | 🌐 Session warmed
2026-08-11 23:17:27,282 | INFO |    ↳ Status 403
2026-08-11 23:17:27,282 | WARNING |    ⚠ Blocked (403) retry 1
2026-08-11 23:17:27,370 | INFO | 🌐 Session warmed
2026-08-11 23:17:28,882 | INFO |    ↳ Status 403
2026-08-11 23:17:28,882 | WARNING |    ⚠ Blocked (403) retry 3
2026-08-11 23:17:28,955 | INFO | 🌐 Session warmed
2026-08-11 23:17:29,675 | INFO |    ↳ Status 403
2026-08-11 23:17:29,676 | WARNING |    ⚠ Blocked (403) retry 2
2026-08-11 23:17:29,715 | INFO | [216/1901] Fetching Berhampur (Odisha) (BERP)
2026-08-11 23:17:29,741 | INFO | 🌐 Session warmed
2026-08-11 23:17:30,593 | INFO |    ↳ Status 403
2026-08-11 23:17:30,593 | WARNING |    ⚠ Blocked (403) retry 1
2026-08-11 23:17:30,662 | INFO | 🌐 Session warmed
2026-08-11 23:17:30,833 | INFO | [217/1901] Fetching Bestavaripeta (BEST)
2026-08-11 23:17:31,684 | INFO |    ↳ Status 403
2026-08-11 23:17:31,684 | WARNING |    ⚠ Blocked (403) retry 1
2026-08-11 23:17:31,755 | INFO | 🌐 Session warmed
2026-08-11 23:17:32,315 | INFO |    ↳ Status 403
2026-08-11 23:17:32,315 | WARNING |    ⚠ Blocked (403) retry 2
2026-08-11 23:17:32,396 | INFO | 🌐 Session warmed
2026-08-11 23:17:32,496 | INFO |    ↳ Status 403
2026-08-11 23:17:32,496 | WARNING |    ⚠ Blocked (403) retry 3
2026-08-11 23:17:32,595 | INFO | 🌐 Session warmed
2026-08-11 23:17:32,955 | INFO | [218/1901] Fetching Betalbatim (BTBM)
2026-08-11 23:17:33,559 | INFO |    ↳ Status 403
2026-08-11 23:17:33,559 | WARNING |    ⚠ Blocked (403) retry 2
2026-08-11 23:17:33,633 | INFO | 🌐 Session warmed
2026-08-11 23:17:34,106 | INFO |    ↳ Status 403
2026-08-11 23:17:34,106 | WARNING |    ⚠ Blocked (403) retry 1
2026-08-11 23:17:34,195 | INFO | 🌐 Session warmed
2026-08-11 23:17:35,417 | INFO |    ↳ Status 403
2026-08-11 23:17:35,417 | WARNING |    ⚠ Blocked (403) retry 3
2026-08-11 23:17:35,486 | INFO | 🌐 Session warmed
2026-08-11 23:17:36,006 | INFO |    ↳ Status 403
2026-08-11 23:17:36,006 | WARNING |    ⚠ Blocked (403) retry 2
2026-08-11 23:17:36,088 | INFO | 🌐 Session warmed
2026-08-11 23:17:36,595 | INFO | [219/1901] Fetching Betberia (BETB)
2026-08-11 23:17:36,758 | INFO |    ↳ Status 403
2026-08-11 23:17:36,758 | WARNING |    ⚠ Blocked (403) retry 3
2026-08-11 23:17:36,831 | INFO | 🌐 Session warmed
2026-08-11 23:17:37,711 | INFO |    ↳ Status 403
2026-08-11 23:17:37,711 | WARNING |    ⚠ Blocked (403) retry 1
2026-08-11 23:17:37,790 | INFO | 🌐 Session warmed
2026-08-11 23:17:38,864 | INFO |    ↳ Status 403
2026-08-11 23:17:38,864 | WARNING |    ⚠ Blocked (403) retry 3
2026-08-11 23:17:38,932 | INFO | 🌐 Session warmed
2026-08-11 23:17:39,420 | INFO |    ↳ Status 403
2026-08-11 23:17:39,420 | WARNING |    ⚠ Blocked (403) retry 2
2026-08-11 23:17:39,487 | INFO | [220/1901] Fetching Bethamcherla (BETH)
2026-08-11 23:17:39,526 | INFO | 🌐 Session warmed
2026-08-11 23:17:40,815 | INFO |    ↳ Status 403
2026-08-11 23:17:40,815 | WARNING |    ⚠ Blocked (403) retry 1
2026-08-11 23:17:40,832 | INFO | [221/1901] Fetching Bettiah (BETA)
2026-08-11 23:17:40,878 | INFO | 🌐 Session warmed
2026-08-11 23:17:41,731 | INFO |    ↳ Status 403
2026-08-11 23:17:41,731 | WARNING |    ⚠ Blocked (403) retry 1
2026-08-11 23:17:41,802 | INFO | 🌐 Session warmed
2026-08-11 23:17:42,342 | INFO |    ↳ Status 403
2026-08-11 23:17:42,342 | WARNING |    ⚠ Blocked (403) retry 3
2026-08-11 23:17:42,432 | INFO | 🌐 Session warmed
2026-08-11 23:17:42,933 | INFO | [222/1901] Fetching Betul (BETU)
2026-08-11 23:17:43,236 | INFO |    ↳ Status 403
2026-08-11 23:17:43,236 | WARNING |    ⚠ Blocked (403) retry 2
2026-08-11 23:17:43,318 | INFO | 🌐 Session warmed
2026-08-11 23:17:43,835 | INFO |    ↳ Status 403
2026-08-11 23:17:43,836 | WARNING |    ⚠ Blocked (403) retry 1
2026-08-11 23:17:43,921 | INFO | 🌐 Session warmed
2026-08-11 23:17:44,043 | INFO |    ↳ Status 403
2026-08-11 23:17:44,043 | WARNING |    ⚠ Blocked (403) retry 2
2026-08-11 23:17:44,120 | INFO | 🌐 Session warmed
2026-08-11 23:17:45,655 | INFO |    ↳ Status 403
2026-08-11 23:17:45,655 | WARNING |    ⚠ Blocked (403) retry 2
2026-08-11 23:17:45,721 | INFO | 🌐 Session warmed
2026-08-11 23:17:46,276 | INFO |    ↳ Status 403
2026-08-11 23:17:46,276 | WARNING |    ⚠ Blocked (403) retry 3
2026-08-11 23:17:46,361 | INFO | 🌐 Session warmed
2026-08-11 23:17:46,432 | INFO | [223/1901] Fetching Bhadrachalam (BHDR)
2026-08-11 23:17:47,079 | INFO |    ↳ Status 403
2026-08-11 23:17:47,079 | WARNING |    ⚠ Blocked (403) retry 1
2026-08-11 23:17:47,166 | INFO | 🌐 Session warmed
2026-08-11 23:17:47,491 | INFO |    ↳ Status 403
2026-08-11 23:17:47,491 | WARNING |    ⚠ Blocked (403) retry 3
2026-08-11 23:17:47,585 | INFO | 🌐 Session warmed
2026-08-11 23:17:49,049 | INFO |    ↳ Status 403
2026-08-11 23:17:49,049 | WARNING |    ⚠ Blocked (403) retry 3
2026-08-11 23:17:49,138 | INFO | 🌐 Session warmed
2026-08-11 23:17:49,163 | INFO |    ↳ Status 403
2026-08-11 23:17:49,163 | WARNING |    ⚠ Blocked (403) retry 2
2026-08-11 23:17:49,258 | INFO | 🌐 Session warmed
2026-08-11 23:17:50,361 | INFO | [224/1901] Fetching Bhadrak (BHAD)
2026-08-11 23:17:51,406 | INFO |    ↳ Status 403
2026-08-11 23:17:51,407 | WARNING |    ⚠ Blocked (403) retry 1
2026-08-11 23:17:51,498 | INFO | 🌐 Session warmed
2026-08-11 23:17:51,585 | INFO | [225/1901] Fetching Bhadravati (BDVT)
2026-08-11 23:17:52,276 | INFO |    ↳ Status 403
2026-08-11 23:17:52,276 | WARNING |    ⚠ Blocked (403) retry 1
2026-08-11 23:17:52,359 | INFO | 🌐 Session warmed
2026-08-11 23:17:52,671 | INFO |    ↳ Status 403
2026-08-11 23:17:52,671 | WARNING |    ⚠ Blocked (403) retry 3
2026-08-11 23:17:52,759 | INFO | 🌐 Session warmed
2026-08-11 23:17:53,139 | INFO | [226/1901] Fetching Bhagalpur (BHAG)
2026-08-11 23:17:53,921 | INFO |    ↳ Status 403
2026-08-11 23:17:53,921 | WARNING |    ⚠ Blocked (403) retry 2
2026-08-11 23:17:54,014 | INFO | 🌐 Session warmed
2026-08-11 23:17:54,141 | INFO |    ↳ Status 403
2026-08-11 23:17:54,141 | WARNING |    ⚠ Blocked (403) retry 1
2026-08-11 23:17:54,212 | INFO | 🌐 Session warmed
2026-08-11 23:17:54,328 | INFO |    ↳ Status 403
2026-08-11 23:17:54,328 | WARNING |    ⚠ Blocked (403) retry 2
2026-08-11 23:17:54,400 | INFO | 🌐 Session warmed
2026-08-11 23:17:56,499 | INFO |    ↳ Status 403
2026-08-11 23:17:56,499 | WARNING |    ⚠ Blocked (403) retry 2
2026-08-11 23:17:56,597 | INFO | 🌐 Session warmed
2026-08-11 23:17:56,759 | INFO | [227/1901] Fetching Bhainsa (BHAN)
2026-08-11 23:17:56,838 | INFO |    ↳ Status 403
2026-08-11 23:17:56,838 | WARNING |    ⚠ Blocked (403) retry 3
2026-08-11 23:17:56,909 | INFO | 🌐 Session warmed
2026-08-11 23:17:57,391 | INFO |    ↳ Status 403
2026-08-11 23:17:57,391 | WARNING |    ⚠ Blocked (403) retry 3
2026-08-11 23:17:57,483 | INFO | 🌐 Session warmed
2026-08-11 23:17:57,517 | INFO |    ↳ Status 403
2026-08-11 23:17:57,517 | WARNING |    ⚠ Blocked (403) retry 1
2026-08-11 23:17:57,584 | INFO | 🌐 Session warmed
2026-08-11 23:17:59,468 | INFO |    ↳ Status 403
2026-08-11 23:17:59,468 | WARNING |    ⚠ Blocked (403) retry 3
2026-08-11 23:17:59,553 | INFO | 🌐 Session warmed
2026-08-11 23:17:59,586 | INFO |    ↳ Status 403
2026-08-11 23:17:59,586 | WARNING |    ⚠ Blocked (403) retry 2
2026-08-11 23:17:59,679 | INFO | 🌐 Session warmed
2026-08-11 23:18:00,910 | INFO | [228/1901] Fetching Bhandara (BHAA)
2026-08-11 23:18:01,484 | INFO | [229/1901] Fetching Bharamasagara (BASA)
2026-08-11 23:18:02,199 | INFO |    ↳ Status 403
2026-08-11 23:18:02,199 | WARNING |    ⚠ Blocked (403) retry 1
2026-08-11 23:18:02,281 | INFO | 🌐 Session warmed
2026-08-11 23:18:02,666 | INFO |    ↳ Status 403
2026-08-11 23:18:02,666 | WARNING |    ⚠ Blocked (403) retry 1
2026-08-11 23:18:02,757 | INFO | 🌐 Session warmed
2026-08-11 23:18:03,104 | INFO |    ↳ Status 403
2026-08-11 23:18:03,104 | WARNING |    ⚠ Blocked (403) retry 3
2026-08-11 23:18:03,174 | INFO | 🌐 Session warmed
2026-08-11 23:18:03,553 | INFO | [230/1901] Fetching Bharatpur (BHRT)
2026-08-11 23:18:04,180 | INFO |    ↳ Status 403
2026-08-11 23:18:04,180 | WARNING |    ⚠ Blocked (403) retry 1
2026-08-11 23:18:04,291 | INFO | 🌐 Session warmed
2026-08-11 23:18:04,345 | INFO |    ↳ Status 403
2026-08-11 23:18:04,345 | WARNING |    ⚠ Blocked (403) retry 2
2026-08-11 23:18:04,408 | INFO | 🌐 Session warmed
2026-08-11 23:18:04,699 | INFO |    ↳ Status 403
2026-08-11 23:18:04,699 | WARNING |    ⚠ Blocked (403) retry 2
2026-08-11 23:18:04,771 | INFO | 🌐 Session warmed
2026-08-11 23:18:06,442 | INFO |    ↳ Status 403
2026-08-11 23:18:06,442 | WARNING |    ⚠ Blocked (403) retry 2
2026-08-11 23:18:06,518 | INFO | 🌐 Session warmed
2026-08-11 23:18:07,113 | INFO |    ↳ Status 403
2026-08-11 23:18:07,113 | WARNING |    ⚠ Blocked (403) retry 3
2026-08-11 23:18:07,174 | INFO | [231/1901] Fetching Bharuch (BHAR)
2026-08-11 23:18:07,208 | INFO | 🌐 Session warmed
2026-08-11 23:18:08,020 | INFO |    ↳ Status 403
2026-08-11 23:18:08,020 | WARNING |    ⚠ Blocked (403) retry 3
2026-08-11 23:18:08,131 | INFO | 🌐 Session warmed
2026-08-11 23:18:08,221 | INFO |    ↳ Status 403
2026-08-11 23:18:08,221 | WARNING |    ⚠ Blocked (403) retry 1
2026-08-11 23:18:08,286 | INFO | 🌐 Session warmed
2026-08-11 23:18:09,867 | INFO |    ↳ Status 403
2026-08-11 23:18:09,867 | WARNING |    ⚠ Blocked (403) retry 3
2026-08-11 23:18:09,960 | INFO | 🌐 Session warmed
2026-08-11 23:18:10,362 | INFO |    ↳ Status 403
2026-08-11 23:18:10,362 | WARNING |    ⚠ Blocked (403) retry 2
2026-08-11 23:18:10,461 | INFO | 🌐 Session warmed
2026-08-11 23:18:11,208 | INFO | [232/1901] Fetching Bhatapara (BTAP)
2026-08-11 23:18:12,131 | INFO | [233/1901] Fetching Bhatgaon (BHAZ)
2026-08-11 23:18:12,162 | INFO |    ↳ Status 403
2026-08-11 23:18:12,162 | WARNING |    ⚠ Blocked (403) retry 1
2026-08-11 23:18:12,231 | INFO | 🌐 Session warmed
2026-08-11 23:18:12,921 | INFO |    ↳ Status 403
2026-08-11 23:18:12,921 | WARNING |    ⚠ Blocked (403) retry 1
2026-08-11 23:18:12,990 | INFO | 🌐 Session warmed
2026-08-11 23:18:13,735 | INFO |    ↳ Status 403
2026-08-11 23:18:13,735 | WARNING |    ⚠ Blocked (403) retry 3
2026-08-11 23:18:13,813 | INFO | 🌐 Session warmed
2026-08-11 23:18:13,960 | INFO | [234/1901] Fetching Bhatkal (BAKL)
2026-08-11 23:18:14,162 | INFO |    ↳ Status 403
2026-08-11 23:18:14,162 | WARNING |    ⚠ Blocked (403) retry 2
2026-08-11 23:18:14,253 | INFO | 🌐 Session warmed
2026-08-11 23:18:14,855 | INFO |    ↳ Status 403
2026-08-11 23:18:14,855 | WARNING |    ⚠ Blocked (403) retry 1
2026-08-11 23:18:14,947 | INFO | 🌐 Session warmed
2026-08-11 23:18:15,396 | INFO |    ↳ Status 403
2026-08-11 23:18:15,396 | WARNING |    ⚠ Blocked (403) retry 2
2026-08-11 23:18:15,471 | INFO | 🌐 Session warmed
2026-08-11 23:18:17,062 | INFO |    ↳ Status 403
2026-08-11 23:18:17,062 | WARNING |    ⚠ Blocked (403) retry 2
2026-08-11 23:18:17,151 | INFO | 🌐 Session warmed
2026-08-11 23:18:17,637 | INFO |    ↳ Status 403
2026-08-11 23:18:17,638 | WARNING |    ⚠ Blocked (403) retry 3
2026-08-11 23:18:17,813 | INFO | [235/1901] Fetching Bhattiprolu (BATT)
2026-08-11 23:18:17,835 | INFO | 🌐 Session warmed
2026-08-11 23:18:18,693 | INFO |    ↳ Status 403
2026-08-11 23:18:18,693 | WARNING |    ⚠ Blocked (403) retry 3
2026-08-11 23:18:18,780 | INFO | 🌐 Session warmed
2026-08-11 23:18:18,937 | INFO |    ↳ Status 403
2026-08-11 23:18:18,937 | WARNING |    ⚠ Blocked (403) retry 1
2026-08-11 23:18:19,018 | INFO | 🌐 Session warmed
2026-08-11 23:18:20,175 | INFO |    ↳ Status 403
2026-08-11 23:18:20,176 | WARNING |    ⚠ Blocked (403) retry 3
2026-08-11 23:18:20,256 | INFO | 🌐 Session warmed
2026-08-11 23:18:21,064 | INFO |    ↳ Status 403
2026-08-11 23:18:21,064 | WARNING |    ⚠ Blocked (403) retry 2
2026-08-11 23:18:21,133 | INFO | 🌐 Session warmed
2026-08-11 23:18:21,835 | INFO | [236/1901] Fetching Bhavani (BHNI)
2026-08-11 23:18:22,780 | INFO | [237/1901] Fetching Bhavnagar (BHNG)
2026-08-11 23:18:22,893 | INFO |    ↳ Status 403
2026-08-11 23:18:22,893 | WARNING |    ⚠ Blocked (403) retry 1
2026-08-11 23:18:22,984 | INFO | 🌐 Session warmed
2026-08-11 23:18:23,828 | INFO |    ↳ Status 403
2026-08-11 23:18:23,828 | WARNING |    ⚠ Blocked (403) retry 1
2026-08-11 23:18:23,850 | INFO |    ↳ Status 403
2026-08-11 23:18:23,850 | WARNING |    ⚠ Blocked (403) retry 3
2026-08-11 23:18:23,915 | INFO | 🌐 Session warmed
2026-08-11 23:18:23,944 | INFO | 🌐 Session warmed
2026-08-11 23:18:24,256 | INFO | [238/1901] Fetching Bhawanipatna (BHAW)
2026-08-11 23:18:25,101 | INFO |    ↳ Status 403
2026-08-11 23:18:25,101 | WARNING |    ⚠ Blocked (403) retry 2
2026-08-11 23:18:25,153 | INFO |    ↳ Status 403
2026-08-11 23:18:25,154 | WARNING |    ⚠ Blocked (403) retry 1
2026-08-11 23:18:25,182 | INFO | 🌐 Session warmed
2026-08-11 23:18:25,220 | INFO | 🌐 Session warmed
2026-08-11 23:18:25,575 | INFO |    ↳ Status 403
2026-08-11 23:18:25,575 | WARNING |    ⚠ Blocked (403) retry 2
2026-08-11 23:18:25,656 | INFO | 🌐 Session warmed
2026-08-11 23:18:27,627 | INFO |    ↳ Status 403
2026-08-11 23:18:27,627 | WARNING |    ⚠ Blocked (403) retry 2
2026-08-11 23:18:27,702 | INFO | 🌐 Session warmed
2026-08-11 23:18:27,944 | INFO | [239/1901] Fetching Bheemgal (BHMG)
2026-08-11 23:18:28,228 | INFO |    ↳ Status 403
2026-08-11 23:18:28,228 | WARNING |    ⚠ Blocked (403) retry 3
2026-08-11 23:18:28,314 | INFO | 🌐 Session warmed
2026-08-11 23:18:28,339 | INFO |    ↳ Status 403
2026-08-11 23:18:28,339 | WARNING |    ⚠ Blocked (403) retry 3
2026-08-11 23:18:28,403 | INFO | 🌐 Session warmed
2026-08-11 23:18:28,708 | INFO |    ↳ Status 403
2026-08-11 23:18:28,708 | WARNING |    ⚠ Blocked (403) retry 1
2026-08-11 23:18:28,792 | INFO | 🌐 Session warmed
2026-08-11 23:18:30,585 | INFO |    ↳ Status 403
2026-08-11 23:18:30,585 | WARNING |    ⚠ Blocked (403) retry 2
2026-08-11 23:18:30,674 | INFO | 🌐 Session warmed
2026-08-11 23:18:30,675 | INFO |    ↳ Status 403
2026-08-11 23:18:30,675 | WARNING |    ⚠ Blocked (403) retry 3
2026-08-11 23:18:30,761 | INFO | 🌐 Session warmed
2026-08-11 23:18:32,314 | INFO | [240/1901] Fetching Bhilai (BHILAI)
2026-08-11 23:18:32,404 | INFO | [241/1901] Fetching Bhilwara (BHIL)
2026-08-11 23:18:33,101 | INFO |    ↳ Status 403
2026-08-11 23:18:33,101 | WARNING |    ⚠ Blocked (403) retry 1
2026-08-11 23:18:33,169 | INFO | 🌐 Session warmed
2026-08-11 23:18:33,433 | INFO |    ↳ Status 403
2026-08-11 23:18:33,433 | WARNING |    ⚠ Blocked (403) retry 1
2026-08-11 23:18:33,499 | INFO | 🌐 Session warmed
2026-08-11 23:18:33,909 | INFO |    ↳ Status 403
2026-08-11 23:18:33,909 | WARNING |    ⚠ Blocked (403) retry 3
2026-08-11 23:18:33,973 | INFO | 🌐 Session warmed
2026-08-11 23:18:34,761 | INFO | [242/1901] Fetching Bhimadole (BMDE)
2026-08-11 23:18:35,332 | INFO |    ↳ Status 403
2026-08-11 23:18:35,332 | WARNING |    ⚠ Blocked (403) retry 2
2026-08-11 23:18:35,407 | INFO | 🌐 Session warmed
2026-08-11 23:18:35,412 | INFO |    ↳ Status 403
2026-08-11 23:18:35,413 | WARNING |    ⚠ Blocked (403) retry 2
2026-08-11 23:18:35,418 | INFO |    ↳ Status 403
2026-08-11 23:18:35,418 | WARNING |    ⚠ Blocked (403) retry 1
2026-08-11 23:18:35,511 | INFO | 🌐 Session warmed
2026-08-11 23:18:35,519 | INFO | 🌐 Session warmed
2026-08-11 23:18:37,505 | INFO |    ↳ Status 403
2026-08-11 23:18:37,505 | WARNING |    ⚠ Blocked (403) retry 2
2026-08-11 23:18:37,580 | INFO | 🌐 Session warmed
2026-08-11 23:18:37,973 | INFO | [243/1901] Fetching Bhimavaram (BHIM)
2026-08-11 23:18:38,477 | INFO |    ↳ Status 403
2026-08-11 23:18:38,477 | WARNING |    ⚠ Blocked (403) retry 3
2026-08-11 23:18:38,558 | INFO | 🌐 Session warmed
2026-08-11 23:18:38,674 | INFO |    ↳ Status 403
2026-08-11 23:18:38,674 | WARNING |    ⚠ Blocked (403) retry 3
2026-08-11 23:18:38,766 | INFO | 🌐 Session warmed
2026-08-11 23:18:39,356 | INFO |    ↳ Status 403
2026-08-11 23:18:39,356 | WARNING |    ⚠ Blocked (403) retry 1
2026-08-11 23:18:39,438 | INFO | 🌐 Session warmed
2026-08-11 23:18:40,756 | INFO |    ↳ Status 403
2026-08-11 23:18:40,756 | WARNING |    ⚠ Blocked (403) retry 3
2026-08-11 23:18:40,836 | INFO | 🌐 Session warmed
2026-08-11 23:18:41,377 | INFO |    ↳ Status 403
2026-08-11 23:18:41,377 | WARNING |    ⚠ Blocked (403) retry 2
2026-08-11 23:18:41,453 | INFO | 🌐 Session warmed
2026-08-11 23:18:42,558 | INFO | [244/1901] Fetching Bhind (BIND)
2026-08-11 23:18:42,766 | INFO | [245/1901] Fetching Bhiwadi (BHWD)
2026-08-11 23:18:43,553 | INFO |    ↳ Status 403
2026-08-11 23:18:43,553 | WARNING |    ⚠ Blocked (403) retry 1
2026-08-11 23:18:43,627 | INFO | 🌐 Session warmed
2026-08-11 23:18:43,675 | INFO |    ↳ Status 403
2026-08-11 23:18:43,676 | WARNING |    ⚠ Blocked (403) retry 1
2026-08-11 23:18:43,757 | INFO | 🌐 Session warmed
2026-08-11 23:18:44,467 | INFO |    ↳ Status 403
2026-08-11 23:18:44,467 | WARNING |    ⚠ Blocked (403) retry 3
2026-08-11 23:18:44,540 | INFO | 🌐 Session warmed
2026-08-11 23:18:44,836 | INFO | [246/1901] Fetching Bhiwani (BHWN)
2026-08-11 23:18:45,520 | INFO |    ↳ Status 403
2026-08-11 23:18:45,520 | WARNING |    ⚠ Blocked (403) retry 2
2026-08-11 23:18:45,578 | INFO |    ↳ Status 403
2026-08-11 23:18:45,578 | WARNING |    ⚠ Blocked (403) retry 2
2026-08-11 23:18:45,585 | INFO | 🌐 Session warmed
2026-08-11 23:18:45,646 | INFO | 🌐 Session warmed
2026-08-11 23:18:45,963 | INFO |    ↳ Status 403
2026-08-11 23:18:45,963 | WARNING |    ⚠ Blocked (403) retry 1
2026-08-11 23:18:46,032 | INFO | 🌐 Session warmed
2026-08-11 23:18:48,126 | INFO |    ↳ Status 403
2026-08-11 23:18:48,126 | WARNING |    ⚠ Blocked (403) retry 2
2026-08-11 23:18:48,212 | INFO | 🌐 Session warmed
2026-08-11 23:18:48,540 | INFO | [247/1901] Fetching Bhogapuram (BHOG)
2026-08-11 23:18:48,827 | INFO |    ↳ Status 403
2026-08-11 23:18:48,827 | WARNING |    ⚠ Blocked (403) retry 3
2026-08-11 23:18:48,894 | INFO | 🌐 Session warmed
2026-08-11 23:18:48,939 | INFO |    ↳ Status 403
2026-08-11 23:18:48,939 | WARNING |    ⚠ Blocked (403) retry 3
2026-08-11 23:18:49,029 | INFO | 🌐 Session warmed
2026-08-11 23:18:49,509 | INFO |    ↳ Status 403
2026-08-11 23:18:49,509 | WARNING |    ⚠ Blocked (403) retry 1
2026-08-11 23:18:49,579 | INFO | 🌐 Session warmed
2026-08-11 23:18:50,930 | INFO |    ↳ Status 403
2026-08-11 23:18:50,930 | WARNING |    ⚠ Blocked (403) retry 3
2026-08-11 23:18:51,020 | INFO | 🌐 Session warmed
2026-08-11 23:18:51,591 | INFO |    ↳ Status 403
2026-08-11 23:18:51,591 | WARNING |    ⚠ Blocked (403) retry 2
2026-08-11 23:18:51,661 | INFO | 🌐 Session warmed
2026-08-11 23:18:52,894 | INFO | [248/1901] Fetching Bhongir (BHON)
2026-08-11 23:18:53,030 | INFO | [249/1901] Fetching Bhopal (BHOP)
2026-08-11 23:18:54,052 | INFO |    ↳ Status 403
2026-08-11 23:18:54,052 | WARNING |    ⚠ Blocked (403) retry 1
2026-08-11 23:18:54,129 | INFO | 🌐 Session warmed
2026-08-11 23:18:54,236 | INFO |    ↳ Status 403
2026-08-11 23:18:54,236 | WARNING |    ⚠ Blocked (403) retry 1
2026-08-11 23:18:54,298 | INFO |    ↳ Status 403
2026-08-11 23:18:54,298 | WARNING |    ⚠ Blocked (403) retry 3
2026-08-11 23:18:54,312 | INFO | 🌐 Session warmed
2026-08-11 23:18:54,390 | INFO | 🌐 Session warmed
2026-08-11 23:18:55,020 | INFO | [250/1901] Fetching Bhubaneswar (BHUB)
2026-08-11 23:18:56,212 | INFO |    ↳ Status 403
2026-08-11 23:18:56,212 | WARNING |    ⚠ Blocked (403) retry 2
2026-08-11 23:18:56,272 | INFO |    ↳ Status 403
2026-08-11 23:18:56,272 | WARNING |    ⚠ Blocked (403) retry 2
2026-08-11 23:18:56,320 | INFO | 🌐 Session warmed
2026-08-11 23:18:56,331 | INFO |    ↳ Status 403
2026-08-11 23:18:56,331 | WARNING |    ⚠ Blocked (403) retry 1
2026-08-11 23:18:56,337 | INFO | 🌐 Session warmed
2026-08-11 23:18:56,422 | INFO | 🌐 Session warmed
2026-08-11 23:18:58,286 | INFO |    ↳ Status 403
2026-08-11 23:18:58,287 | WARNING |    ⚠ Blocked (403) retry 2
2026-08-11 23:18:58,358 | INFO | 🌐 Session warmed
2026-08-11 23:18:58,390 | INFO | [251/1901] Fetching Bhuj (BHUJ)
2026-08-11 23:18:59,166 | INFO |    ↳ Status 403
2026-08-11 23:18:59,166 | WARNING |    ⚠ Blocked (403) retry 1
2026-08-11 23:18:59,240 | INFO | 🌐 Session warmed
2026-08-11 23:18:59,430 | INFO |    ↳ Status 403
2026-08-11 23:18:59,430 | WARNING |    ⚠ Blocked (403) retry 3
2026-08-11 23:18:59,522 | INFO | 🌐 Session warmed
2026-08-11 23:18:59,640 | INFO |    ↳ Status 403
2026-08-11 23:18:59,640 | WARNING |    ⚠ Blocked (403) retry 3
2026-08-11 23:18:59,707 | INFO | 🌐 Session warmed
2026-08-11 23:19:01,186 | INFO |    ↳ Status 403
2026-08-11 23:19:01,187 | WARNING |    ⚠ Blocked (403) retry 3
2026-08-11 23:19:01,279 | INFO | 🌐 Session warmed
2026-08-11 23:19:01,405 | INFO |    ↳ Status 403
2026-08-11 23:19:01,405 | WARNING |    ⚠ Blocked (403) retry 2
2026-08-11 23:19:01,477 | INFO | 🌐 Session warmed
2026-08-11 23:19:03,522 | INFO | [252/1901] Fetching Bhuntar (BHUN)
2026-08-11 23:19:03,707 | INFO | [253/1901] Fetching Bhupalpalle (BHUP)
2026-08-11 23:19:04,201 | INFO |    ↳ Status 403
2026-08-11 23:19:04,201 | WARNING |    ⚠ Blocked (403) retry 3
2026-08-11 23:19:04,291 | INFO | 🌐 Session warmed
2026-08-11 23:19:04,576 | INFO |    ↳ Status 403
2026-08-11 23:19:04,576 | WARNING |    ⚠ Blocked (403) retry 1
2026-08-11 23:19:04,654 | INFO | 🌐 Session warmed
2026-08-11 23:19:04,901 | INFO |    ↳ Status 403
2026-08-11 23:19:04,901 | WARNING |    ⚠ Blocked (403) retry 1
2026-08-11 23:19:04,988 | INFO | 🌐 Session warmed
2026-08-11 23:19:05,280 | INFO | [254/1901] Fetching Bhusawal (BHUS)
2026-08-11 23:19:06,335 | INFO |    ↳ Status 403
2026-08-11 23:19:06,335 | WARNING |    ⚠ Blocked (403) retry 2
2026-08-11 23:19:06,338 | INFO |    ↳ Status 403
2026-08-11 23:19:06,338 | WARNING |    ⚠ Blocked (403) retry 1
2026-08-11 23:19:06,431 | INFO | 🌐 Session warmed
2026-08-11 23:19:06,442 | INFO | 🌐 Session warmed
2026-08-11 23:19:07,191 | INFO |    ↳ Status 403
2026-08-11 23:19:07,191 | WARNING |    ⚠ Blocked (403) retry 2
2026-08-11 23:19:07,275 | INFO | 🌐 Session warmed
2026-08-11 23:19:08,110 | INFO |    ↳ Status 403
2026-08-11 23:19:08,110 | WARNING |    ⚠ Blocked (403) retry 2
2026-08-11 23:19:08,209 | INFO | 🌐 Session warmed
2026-08-11 23:19:08,292 | INFO | [255/1901] Fetching Bhutan (BHUT)
2026-08-11 23:19:09,102 | INFO |    ↳ Status 403
2026-08-11 23:19:09,102 | WARNING |    ⚠ Blocked (403) retry 1
2026-08-11 23:19:09,193 | INFO | 🌐 Session warmed
2026-08-11 23:19:09,290 | INFO |    ↳ Status 403
2026-08-11 23:19:09,290 | WARNING |    ⚠ Blocked (403) retry 3
2026-08-11 23:19:09,385 | INFO | 🌐 Session warmed
2026-08-11 23:19:10,160 | INFO |    ↳ Status 403
2026-08-11 23:19:10,161 | WARNING |    ⚠ Blocked (403) retry 3
2026-08-11 23:19:10,242 | INFO | 🌐 Session warmed
2026-08-11 23:19:10,942 | INFO |    ↳ Status 403
2026-08-11 23:19:10,942 | WARNING |    ⚠ Blocked (403) retry 3
2026-08-11 23:19:11,012 | INFO | 🌐 Session warmed
2026-08-11 23:19:11,476 | INFO |    ↳ Status 403
2026-08-11 23:19:11,476 | WARNING |    ⚠ Blocked (403) retry 2
2026-08-11 23:19:11,541 | INFO | 🌐 Session warmed
2026-08-11 23:19:13,386 | INFO | [256/1901] Fetching Bhuvanagiri (BHUV)
2026-08-11 23:19:14,208 | INFO |    ↳ Status 403
2026-08-11 23:19:14,208 | WARNING |    ⚠ Blocked (403) retry 1
2026-08-11 23:19:14,242 | INFO | [257/1901] Fetching Biaora (BIAR)
2026-08-11 23:19:14,278 | INFO | 🌐 Session warmed
2026-08-11 23:19:14,911 | INFO |    ↳ Status 403
2026-08-11 23:19:14,911 | WARNING |    ⚠ Blocked (403) retry 3
2026-08-11 23:19:14,995 | INFO | 🌐 Session warmed
2026-08-11 23:19:15,012 | INFO | [258/1901] Fetching Bibinagar (BBNG)
2026-08-11 23:19:15,184 | INFO |    ↳ Status 403
2026-08-11 23:19:15,184 | WARNING |    ⚠ Blocked (403) retry 1
2026-08-11 23:19:15,278 | INFO | 🌐 Session warmed
2026-08-11 23:19:15,677 | INFO |    ↳ Status 403
2026-08-11 23:19:15,677 | WARNING |    ⚠ Blocked (403) retry 1
2026-08-11 23:19:15,741 | INFO | 🌐 Session warmed
2026-08-11 23:19:16,219 | INFO |    ↳ Status 403
2026-08-11 23:19:16,219 | WARNING |    ⚠ Blocked (403) retry 2
2026-08-11 23:19:16,329 | INFO | 🌐 Session warmed
2026-08-11 23:19:17,042 | INFO |    ↳ Status 403
2026-08-11 23:19:17,042 | WARNING |    ⚠ Blocked (403) retry 2
2026-08-11 23:19:17,144 | INFO | 🌐 Session warmed
2026-08-11 23:19:18,042 | INFO |    ↳ Status 403
2026-08-11 23:19:18,042 | WARNING |    ⚠ Blocked (403) retry 2
2026-08-11 23:19:18,113 | INFO | 🌐 Session warmed
2026-08-11 23:19:18,996 | INFO | [259/1901] Fetching Bichkunda (BHCK)
2026-08-11 23:19:19,507 | INFO |    ↳ Status 403
2026-08-11 23:19:19,507 | WARNING |    ⚠ Blocked (403) retry 3
2026-08-11 23:19:19,575 | INFO | 🌐 Session warmed
2026-08-11 23:19:19,744 | INFO |    ↳ Status 403
2026-08-11 23:19:19,744 | WARNING |    ⚠ Blocked (403) retry 1
2026-08-11 23:19:19,820 | INFO | 🌐 Session warmed
2026-08-11 23:19:19,844 | INFO |    ↳ Status 403
2026-08-11 23:19:19,844 | WARNING |    ⚠ Blocked (403) retry 3
2026-08-11 23:19:19,932 | INFO | 🌐 Session warmed
2026-08-11 23:19:21,201 | INFO |    ↳ Status 403
2026-08-11 23:19:21,201 | WARNING |    ⚠ Blocked (403) retry 3
2026-08-11 23:19:21,284 | INFO | 🌐 Session warmed
2026-08-11 23:19:21,780 | INFO |    ↳ Status 403
2026-08-11 23:19:21,780 | WARNING |    ⚠ Blocked (403) retry 2
2026-08-11 23:19:21,850 | INFO | 🌐 Session warmed
2026-08-11 23:19:23,575 | INFO | [260/1901] Fetching Bidadi (BIDI)
2026-08-11 23:19:23,933 | INFO | [261/1901] Fetching Bidar (BIDR)
2026-08-11 23:19:24,949 | INFO |    ↳ Status 403
2026-08-11 23:19:24,949 | WARNING |    ⚠ Blocked (403) retry 1
2026-08-11 23:19:25,036 | INFO | 🌐 Session warmed
2026-08-11 23:19:25,241 | INFO |    ↳ Status 403
2026-08-11 23:19:25,241 | WARNING |    ⚠ Blocked (403) retry 3
2026-08-11 23:19:25,285 | INFO | [262/1901] Fetching Bihar Sharif (BIHS)
2026-08-11 23:19:25,317 | INFO | 🌐 Session warmed
2026-08-11 23:19:25,342 | INFO |    ↳ Status 403
2026-08-11 23:19:25,342 | WARNING |    ⚠ Blocked (403) retry 1
2026-08-11 23:19:25,432 | INFO | 🌐 Session warmed
2026-08-11 23:19:25,998 | INFO |    ↳ Status 403
2026-08-11 23:19:25,998 | WARNING |    ⚠ Blocked (403) retry 1
2026-08-11 23:19:26,090 | INFO | 🌐 Session warmed
2026-08-11 23:19:26,944 | INFO |    ↳ Status 403
2026-08-11 23:19:26,944 | WARNING |    ⚠ Blocked (403) retry 2
2026-08-11 23:19:27,024 | INFO | 🌐 Session warmed
2026-08-11 23:19:27,550 | INFO |    ↳ Status 403
2026-08-11 23:19:27,550 | WARNING |    ⚠ Blocked (403) retry 2
2026-08-11 23:19:27,634 | INFO | 🌐 Session warmed
2026-08-11 23:19:27,864 | INFO |    ↳ Status 403
2026-08-11 23:19:27,864 | WARNING |    ⚠ Blocked (403) retry 2
2026-08-11 23:19:27,948 | INFO | 🌐 Session warmed
2026-08-11 23:19:29,317 | INFO | [263/1901] Fetching Bihpuria (BIHP)
2026-08-11 23:19:30,060 | INFO |    ↳ Status 403
2026-08-11 23:19:30,060 | WARNING |    ⚠ Blocked (403) retry 3
2026-08-11 23:19:30,063 | INFO |    ↳ Status 403
2026-08-11 23:19:30,063 | WARNING |    ⚠ Blocked (403) retry 1
2026-08-11 23:19:30,183 | INFO | 🌐 Session warmed
2026-08-11 23:19:30,186 | INFO | 🌐 Session warmed
2026-08-11 23:19:30,802 | INFO |    ↳ Status 403
2026-08-11 23:19:30,802 | WARNING |    ⚠ Blocked (403) retry 3
2026-08-11 23:19:30,834 | INFO |    ↳ Status 403
2026-08-11 23:19:30,834 | WARNING |    ⚠ Blocked (403) retry 3
2026-08-11 23:19:30,907 | INFO | 🌐 Session warmed
2026-08-11 23:19:30,937 | INFO | 🌐 Session warmed
2026-08-11 23:19:32,451 | INFO |    ↳ Status 403
2026-08-11 23:19:32,451 | WARNING |    ⚠ Blocked (403) retry 2
2026-08-11 23:19:32,550 | INFO | 🌐 Session warmed
2026-08-11 23:19:34,186 | INFO | [264/1901] Fetching Bijainagar (BINW)
2026-08-11 23:19:34,907 | INFO | [265/1901] Fetching Bijnor (BIJ)
2026-08-11 23:19:34,938 | INFO | [266/1901] Fetching Bijoynagar (BIJO)
2026-08-11 23:19:35,347 | INFO |    ↳ Status 403
2026-08-11 23:19:35,347 | WARNING |    ⚠ Blocked (403) retry 3
2026-08-11 23:19:35,441 | INFO | 🌐 Session warmed
2026-08-11 23:19:35,464 | INFO |    ↳ Status 403
2026-08-11 23:19:35,464 | WARNING |    ⚠ Blocked (403) retry 1
2026-08-11 23:19:35,538 | INFO | 🌐 Session warmed
2026-08-11 23:19:35,593 | INFO |    ↳ Status 403
2026-08-11 23:19:35,593 | WARNING |    ⚠ Blocked (403) retry 1
2026-08-11 23:19:35,678 | INFO | 🌐 Session warmed
2026-08-11 23:19:36,058 | INFO |    ↳ Status 403
2026-08-11 23:19:36,058 | WARNING |    ⚠ Blocked (403) retry 1
2026-08-11 23:19:36,131 | INFO | 🌐 Session warmed
2026-08-11 23:19:37,447 | INFO |    ↳ Status 403
2026-08-11 23:19:37,447 | WARNING |    ⚠ Blocked (403) retry 2
2026-08-11 23:19:37,512 | INFO | 🌐 Session warmed
2026-08-11 23:19:37,977 | INFO |    ↳ Status 403
2026-08-11 23:19:37,977 | WARNING |    ⚠ Blocked (403) retry 2
2026-08-11 23:19:38,009 | INFO |    ↳ Status 403
2026-08-11 23:19:38,009 | WARNING |    ⚠ Blocked (403) retry 2
2026-08-11 23:19:38,078 | INFO | 🌐 Session warmed
2026-08-11 23:19:38,111 | INFO | 🌐 Session warmed
2026-08-11 23:19:39,442 | INFO | [267/1901] Fetching Bikaner (BIK)
2026-08-11 23:19:40,548 | INFO |    ↳ Status 403
2026-08-11 23:19:40,548 | WARNING |    ⚠ Blocked (403) retry 1
2026-08-11 23:19:40,619 | INFO | 🌐 Session warmed
2026-08-11 23:19:40,854 | INFO |    ↳ Status 403
2026-08-11 23:19:40,854 | WARNING |    ⚠ Blocked (403) retry 3
2026-08-11 23:19:40,864 | INFO |    ↳ Status 403
2026-08-11 23:19:40,864 | WARNING |    ⚠ Blocked (403) retry 3
2026-08-11 23:19:40,948 | INFO | 🌐 Session warmed
2026-08-11 23:19:40,952 | INFO |    ↳ Status 403
2026-08-11 23:19:40,952 | WARNING |    ⚠ Blocked (403) retry 3
2026-08-11 23:19:40,973 | INFO | 🌐 Session warmed
2026-08-11 23:19:41,044 | INFO | 🌐 Session warmed
2026-08-11 23:19:42,604 | INFO |    ↳ Status 403
2026-08-11 23:19:42,604 | WARNING |    ⚠ Blocked (403) retry 2
2026-08-11 23:19:42,682 | INFO | 🌐 Session warmed
2026-08-11 23:19:44,948 | INFO | [268/1901] Fetching Bikramganj (BANJ)
2026-08-11 23:19:44,973 | INFO | [269/1901] Fetching Bilara (BILR)
2026-08-11 23:19:45,044 | INFO | [270/1901] Fetching Bilaspur (BILA)
2026-08-11 23:19:45,604 | INFO |    ↳ Status 403
2026-08-11 23:19:45,604 | WARNING |    ⚠ Blocked (403) retry 1
2026-08-11 23:19:45,681 | INFO | 🌐 Session warmed
2026-08-11 23:19:45,693 | INFO |    ↳ Status 403
2026-08-11 23:19:45,693 | WARNING |    ⚠ Blocked (403) retry 1
2026-08-11 23:19:45,780 | INFO | 🌐 Session warmed
2026-08-11 23:19:45,835 | INFO |    ↳ Status 403
2026-08-11 23:19:45,835 | WARNING |    ⚠ Blocked (403) retry 3
2026-08-11 23:19:45,908 | INFO | 🌐 Session warmed
2026-08-11 23:19:46,023 | INFO |    ↳ Status 403
2026-08-11 23:19:46,023 | WARNING |    ⚠ Blocked (403) retry 1
2026-08-11 23:19:46,117 | INFO | 🌐 Session warmed
2026-08-11 23:19:47,435 | INFO |    ↳ Status 403
2026-08-11 23:19:47,436 | WARNING |    ⚠ Blocked (403) retry 2
2026-08-11 23:19:47,519 | INFO | 🌐 Session warmed
2026-08-11 23:19:47,553 | INFO |    ↳ Status 403
2026-08-11 23:19:47,553 | WARNING |    ⚠ Blocked (403) retry 2
2026-08-11 23:19:47,634 | INFO | 🌐 Session warmed
2026-08-11 23:19:47,804 | INFO |    ↳ Status 403
2026-08-11 23:19:47,804 | WARNING |    ⚠ Blocked (403) retry 2
2026-08-11 23:19:47,892 | INFO | 🌐 Session warmed
2026-08-11 23:19:49,909 | INFO | [271/1901] Fetching Bilaspur (Himachal Pradesh) (BIPS)
2026-08-11 23:19:50,435 | INFO |    ↳ Status 403
2026-08-11 23:19:50,435 | WARNING |    ⚠ Blocked (403) retry 3
2026-08-11 23:19:50,524 | INFO | 🌐 Session warmed
2026-08-11 23:19:50,611 | INFO |    ↳ Status 403
2026-08-11 23:19:50,611 | WARNING |    ⚠ Blocked (403) retry 1
2026-08-11 23:19:50,681 | INFO | 🌐 Session warmed
2026-08-11 23:19:50,724 | INFO |    ↳ Status 403
2026-08-11 23:19:50,724 | WARNING |    ⚠ Blocked (403) retry 3
2026-08-11 23:19:50,796 | INFO | 🌐 Session warmed
2026-08-11 23:19:50,858 | INFO |    ↳ Status 403
2026-08-11 23:19:50,858 | WARNING |    ⚠ Blocked (403) retry 3
2026-08-11 23:19:50,945 | INFO | 🌐 Session warmed
2026-08-11 23:19:53,072 | INFO |    ↳ Status 403
2026-08-11 23:19:53,072 | WARNING |    ⚠ Blocked (403) retry 2
2026-08-11 23:19:53,162 | INFO | 🌐 Session warmed
2026-08-11 23:19:54,524 | INFO | [272/1901] Fetching Bilgi (BILG)
2026-08-11 23:19:54,796 | INFO | [273/1901] Fetching Bilimora (BILI)
2026-08-11 23:19:54,945 | INFO | [274/1901] Fetching Billawar (BILL)
2026-08-11 23:19:55,511 | INFO |    ↳ Status 403
2026-08-11 23:19:55,512 | WARNING |    ⚠ Blocked (403) retry 1
2026-08-11 23:19:55,587 | INFO | 🌐 Session warmed
2026-08-11 23:19:55,591 | INFO |    ↳ Status 403
2026-08-11 23:19:55,591 | WARNING |    ⚠ Blocked (403) retry 1
2026-08-11 23:19:55,666 | INFO | 🌐 Session warmed
2026-08-11 23:19:55,679 | INFO |    ↳ Status 403
2026-08-11 23:19:55,679 | WARNING |    ⚠ Blocked (403) retry 1
2026-08-11 23:19:55,749 | INFO | 🌐 Session warmed
2026-08-11 23:19:56,330 | INFO |    ↳ Status 403
2026-08-11 23:19:56,331 | WARNING |    ⚠ Blocked (403) retry 3
2026-08-11 23:19:56,403 | INFO | 🌐 Session warmed
2026-08-11 23:19:57,474 | INFO |    ↳ Status 403
2026-08-11 23:19:57,474 | WARNING |    ⚠ Blocked (403) retry 2
2026-08-11 23:19:57,537 | INFO |    ↳ Status 403
2026-08-11 23:19:57,537 | WARNING |    ⚠ Blocked (403) retry 2
2026-08-11 23:19:57,543 | INFO | 🌐 Session warmed
2026-08-11 23:19:57,603 | INFO | 🌐 Session warmed
2026-08-11 23:19:57,965 | INFO |    ↳ Status 403
2026-08-11 23:19:57,965 | WARNING |    ⚠ Blocked (403) retry 2
2026-08-11 23:19:58,054 | INFO | 🌐 Session warmed
2026-08-11 23:20:00,403 | INFO | [275/1901] Fetching Biraul (BIRL)
2026-08-11 23:20:00,412 | INFO |    ↳ Status 403
2026-08-11 23:20:00,412 | WARNING |    ⚠ Blocked (403) retry 3
2026-08-11 23:20:00,422 | INFO |    ↳ Status 403
2026-08-11 23:20:00,422 | WARNING |    ⚠ Blocked (403) retry 3
2026-08-11 23:20:00,525 | INFO | 🌐 Session warmed
2026-08-11 23:20:00,537 | INFO | 🌐 Session warmed
2026-08-11 23:20:01,462 | INFO |    ↳ Status 403
2026-08-11 23:20:01,462 | WARNING |    ⚠ Blocked (403) retry 3
2026-08-11 23:20:01,528 | INFO | 🌐 Session warmed
2026-08-11 23:20:01,695 | INFO |    ↳ Status 403
2026-08-11 23:20:01,695 | WARNING |    ⚠ Blocked (403) retry 1
2026-08-11 23:20:01,801 | INFO | 🌐 Session warmed
2026-08-11 23:20:03,873 | INFO |    ↳ Status 403
2026-08-11 23:20:03,873 | WARNING |    ⚠ Blocked (403) retry 2
2026-08-11 23:20:03,940 | INFO | 🌐 Session warmed
2026-08-11 23:20:04,526 | INFO | [276/1901] Fetching Birra (BIRR)
2026-08-11 23:20:04,537 | INFO | [277/1901] Fetching Bishnupur (VVDF)
2026-08-11 23:20:05,529 | INFO | [278/1901] Fetching Bishrampur (BSRM)
2026-08-11 23:20:05,694 | INFO |    ↳ Status 403
2026-08-11 23:20:05,694 | WARNING |    ⚠ Blocked (403) retry 1
2026-08-11 23:20:05,738 | INFO |    ↳ Status 403
2026-08-11 23:20:05,738 | WARNING |    ⚠ Blocked (403) retry 1
2026-08-11 23:20:05,791 | INFO | 🌐 Session warmed
2026-08-11 23:20:05,819 | INFO | 🌐 Session warmed
2026-08-11 23:20:06,375 | INFO |    ↳ Status 403
2026-08-11 23:20:06,375 | WARNING |    ⚠ Blocked (403) retry 1
2026-08-11 23:20:06,458 | INFO | 🌐 Session warmed
2026-08-11 23:20:06,825 | INFO |    ↳ Status 403
2026-08-11 23:20:06,825 | WARNING |    ⚠ Blocked (403) retry 3
2026-08-11 23:20:06,917 | INFO | 🌐 Session warmed
2026-08-11 23:20:07,797 | INFO |    ↳ Status 403
2026-08-11 23:20:07,797 | WARNING |    ⚠ Blocked (403) retry 2
2026-08-11 23:20:07,859 | INFO | 🌐 Session warmed
2026-08-11 23:20:08,030 | INFO |    ↳ Status 403
2026-08-11 23:20:08,030 | WARNING |    ⚠ Blocked (403) retry 2
2026-08-11 23:20:08,113 | INFO | 🌐 Session warmed
2026-08-11 23:20:08,812 | INFO |    ↳ Status 403
2026-08-11 23:20:08,812 | WARNING |    ⚠ Blocked (403) retry 2
2026-08-11 23:20:08,892 | INFO | 🌐 Session warmed
2026-08-11 23:20:10,622 | INFO |    ↳ Status 403
2026-08-11 23:20:10,622 | WARNING |    ⚠ Blocked (403) retry 3
2026-08-11 23:20:10,701 | INFO | 🌐 Session warmed
2026-08-11 23:20:10,917 | INFO | [279/1901] Fetching Biswanath Chariali (BICH)
2026-08-11 23:20:11,289 | INFO |    ↳ Status 403
2026-08-11 23:20:11,290 | WARNING |    ⚠ Blocked (403) retry 3
2026-08-11 23:20:11,371 | INFO | 🌐 Session warmed
2026-08-11 23:20:11,557 | INFO |    ↳ Status 403
2026-08-11 23:20:11,557 | WARNING |    ⚠ Blocked (403) retry 3
2026-08-11 23:20:11,645 | INFO | 🌐 Session warmed
2026-08-11 23:20:11,725 | INFO |    ↳ Status 403
2026-08-11 23:20:11,725 | WARNING |    ⚠ Blocked (403) retry 1
2026-08-11 23:20:11,809 | INFO | 🌐 Session warmed
2026-08-11 23:20:13,461 | INFO |    ↳ Status 403
2026-08-11 23:20:13,462 | WARNING |    ⚠ Blocked (403) retry 2
2026-08-11 23:20:13,552 | INFO | 🌐 Session warmed
2026-08-11 23:20:14,701 | INFO | [280/1901] Fetching Bobbili (BOBB)
2026-08-11 23:20:15,372 | INFO | [281/1901] Fetching Bodhan (BODH)
2026-08-11 23:20:15,618 | INFO |    ↳ Status 403
2026-08-11 23:20:15,618 | WARNING |    ⚠ Blocked (403) retry 1
2026-08-11 23:20:15,646 | INFO | [282/1901] Fetching Bodinayakanur (BODI)
2026-08-11 23:20:15,719 | INFO | 🌐 Session warmed
2026-08-11 23:20:16,235 | INFO |    ↳ Status 403
2026-08-11 23:20:16,235 | WARNING |    ⚠ Blocked (403) retry 3
2026-08-11 23:20:16,316 | INFO | 🌐 Session warmed
2026-08-11 23:20:16,336 | INFO |    ↳ Status 403
2026-08-11 23:20:16,336 | WARNING |    ⚠ Blocked (403) retry 1
2026-08-11 23:20:16,411 | INFO | 🌐 Session warmed
2026-08-11 23:20:16,517 | INFO |    ↳ Status 403
2026-08-11 23:20:16,517 | WARNING |    ⚠ Blocked (403) retry 1
2026-08-11 23:20:16,609 | INFO | 🌐 Session warmed
2026-08-11 23:20:17,612 | INFO |    ↳ Status 403
2026-08-11 23:20:17,613 | WARNING |    ⚠ Blocked (403) retry 2
2026-08-11 23:20:17,699 | INFO | 🌐 Session warmed
2026-08-11 23:20:18,248 | INFO |    ↳ Status 403
2026-08-11 23:20:18,248 | WARNING |    ⚠ Blocked (403) retry 2
2026-08-11 23:20:18,337 | INFO | 🌐 Session warmed
2026-08-11 23:20:18,893 | INFO |    ↳ Status 403
2026-08-11 23:20:18,893 | WARNING |    ⚠ Blocked (403) retry 2
2026-08-11 23:20:18,971 | INFO | 🌐 Session warmed
2026-08-11 23:20:20,316 | INFO | [283/1901] Fetching Boisar (BOIS)
2026-08-11 23:20:20,914 | INFO |    ↳ Status 403
2026-08-11 23:20:20,914 | WARNING |    ⚠ Blocked (403) retry 3
2026-08-11 23:20:20,983 | INFO | 🌐 Session warmed
2026-08-11 23:20:21,410 | INFO |    ↳ Status 403
2026-08-11 23:20:21,410 | WARNING |    ⚠ Blocked (403) retry 3
2026-08-11 23:20:21,497 | INFO | 🌐 Session warmed
2026-08-11 23:20:21,731 | INFO |    ↳ Status 403
2026-08-11 23:20:21,731 | WARNING |    ⚠ Blocked (403) retry 1
2026-08-11 23:20:21,815 | INFO | 🌐 Session warmed
2026-08-11 23:20:21,856 | INFO |    ↳ Status 403
2026-08-11 23:20:21,856 | WARNING |    ⚠ Blocked (403) retry 3
2026-08-11 23:20:21,938 | INFO | 🌐 Session warmed
2026-08-11 23:20:23,774 | INFO |    ↳ Status 403
2026-08-11 23:20:23,774 | WARNING |    ⚠ Blocked (403) retry 2
2026-08-11 23:20:23,866 | INFO | 🌐 Session warmed
2026-08-11 23:20:24,984 | INFO | [284/1901] Fetching Bokaro (BOKA)
2026-08-11 23:20:25,498 | INFO | [285/1901] Fetching Bolpur (BLPR)
2026-08-11 23:20:25,938 | INFO | [286/1901] Fetching Bomdila (BMDA)
2026-08-11 23:20:26,199 | INFO |    ↳ Status 403
2026-08-11 23:20:26,199 | WARNING |    ⚠ Blocked (403) retry 1
2026-08-11 23:20:26,274 | INFO | 🌐 Session warmed
2026-08-11 23:20:26,383 | INFO |    ↳ Status 403
2026-08-11 23:20:26,384 | WARNING |    ⚠ Blocked (403) retry 1
2026-08-11 23:20:26,462 | INFO | 🌐 Session warmed
2026-08-11 23:20:26,800 | INFO |    ↳ Status 403
2026-08-11 23:20:26,800 | WARNING |    ⚠ Blocked (403) retry 1
2026-08-11 23:20:26,868 | INFO | 🌐 Session warmed
2026-08-11 23:20:27,234 | INFO |    ↳ Status 403
2026-08-11 23:20:27,234 | WARNING |    ⚠ Blocked (403) retry 3
2026-08-11 23:20:27,314 | INFO | 🌐 Session warmed
2026-08-11 23:20:28,443 | INFO |    ↳ Status 403
2026-08-11 23:20:28,443 | WARNING |    ⚠ Blocked (403) retry 2
2026-08-11 23:20:28,538 | INFO | 🌐 Session warmed
2026-08-11 23:20:28,821 | INFO |    ↳ Status 403
2026-08-11 23:20:28,821 | WARNING |    ⚠ Blocked (403) retry 2
2026-08-11 23:20:28,892 | INFO | 🌐 Session warmed
2026-08-11 23:20:29,236 | INFO |    ↳ Status 403
2026-08-11 23:20:29,236 | WARNING |    ⚠ Blocked (403) retry 2
2026-08-11 23:20:29,309 | INFO | 🌐 Session warmed
2026-08-11 23:20:31,315 | INFO | [287/1901] Fetching Bommidi (BOMM)
2026-08-11 23:20:31,945 | INFO |    ↳ Status 403
2026-08-11 23:20:31,945 | WARNING |    ⚠ Blocked (403) retry 3
2026-08-11 23:20:32,017 | INFO | 🌐 Session warmed
2026-08-11 23:20:32,187 | INFO |    ↳ Status 403
2026-08-11 23:20:32,187 | WARNING |    ⚠ Blocked (403) retry 3
2026-08-11 23:20:32,315 | INFO | 🌐 Session warmed
2026-08-11 23:20:32,404 | INFO |    ↳ Status 403
2026-08-11 23:20:32,404 | WARNING |    ⚠ Blocked (403) retry 1
2026-08-11 23:20:32,497 | INFO | 🌐 Session warmed
2026-08-11 23:20:32,593 | INFO |    ↳ Status 403
2026-08-11 23:20:32,593 | WARNING |    ⚠ Blocked (403) retry 3
2026-08-11 23:20:32,678 | INFO | 🌐 Session warmed
2026-08-11 23:20:34,213 | INFO |    ↳ Status 403
2026-08-11 23:20:34,213 | WARNING |    ⚠ Blocked (403) retry 2
2026-08-11 23:20:34,289 | INFO | 🌐 Session warmed
2026-08-11 23:20:36,018 | INFO | [288/1901] Fetching Bonakal (BNKL)
2026-08-11 23:20:36,315 | INFO | [289/1901] Fetching Bongaigaon (BONG)
2026-08-11 23:20:36,679 | INFO | [290/1901] Fetching Bongaon (BONI)
2026-08-11 23:20:37,302 | INFO |    ↳ Status 403
2026-08-11 23:20:37,302 | WARNING |    ⚠ Blocked (403) retry 1
2026-08-11 23:20:37,395 | INFO | 🌐 Session warmed
2026-08-11 23:20:37,562 | INFO |    ↳ Status 403
2026-08-11 23:20:37,562 | WARNING |    ⚠ Blocked (403) retry 1
2026-08-11 23:20:37,567 | INFO |    ↳ Status 403
2026-08-11 23:20:37,567 | WARNING |    ⚠ Blocked (403) retry 3
2026-08-11 23:20:37,658 | INFO | 🌐 Session warmed
2026-08-11 23:20:37,674 | INFO | 🌐 Session warmed
2026-08-11 23:20:37,933 | INFO |    ↳ Status 403
2026-08-11 23:20:37,933 | WARNING |    ⚠ Blocked (403) retry 1
2026-08-11 23:20:38,006 | INFO | 🌐 Session warmed
2026-08-11 23:20:39,270 | INFO |    ↳ Status 403
2026-08-11 23:20:39,270 | WARNING |    ⚠ Blocked (403) retry 2
2026-08-11 23:20:39,341 | INFO | 🌐 Session warmed
2026-08-11 23:20:39,388 | INFO |    ↳ Status 403
2026-08-11 23:20:39,388 | WARNING |    ⚠ Blocked (403) retry 2
2026-08-11 23:20:39,461 | INFO | 🌐 Session warmed
2026-08-11 23:20:40,108 | INFO |    ↳ Status 403
2026-08-11 23:20:40,108 | WARNING |    ⚠ Blocked (403) retry 2
2026-08-11 23:20:40,178 | INFO | 🌐 Session warmed
2026-08-11 23:20:41,674 | INFO | [291/1901] Fetching Borsad (BORM)
2026-08-11 23:20:42,527 | INFO |    ↳ Status 403
2026-08-11 23:20:42,528 | WARNING |    ⚠ Blocked (403) retry 3
2026-08-11 23:20:42,619 | INFO | 🌐 Session warmed
2026-08-11 23:20:42,783 | INFO |    ↳ Status 403
2026-08-11 23:20:42,783 | WARNING |    ⚠ Blocked (403) retry 3
2026-08-11 23:20:42,848 | INFO | 🌐 Session warmed
2026-08-11 23:20:42,985 | INFO |    ↳ Status 403
2026-08-11 23:20:42,985 | WARNING |    ⚠ Blocked (403) retry 1
2026-08-11 23:20:43,077 | INFO | 🌐 Session warmed
2026-08-11 23:20:43,578 | INFO |    ↳ Status 403
2026-08-11 23:20:43,578 | WARNING |    ⚠ Blocked (403) retry 3
2026-08-11 23:20:43,659 | INFO | 🌐 Session warmed
2026-08-11 23:20:44,942 | INFO |    ↳ Status 403
2026-08-11 23:20:44,942 | WARNING |    ⚠ Blocked (403) retry 2
2026-08-11 23:20:45,024 | INFO | 🌐 Session warmed
2026-08-11 23:20:46,620 | INFO | [292/1901] Fetching Botad (BOTA)
2026-08-11 23:20:46,848 | INFO | [293/1901] Fetching Brahmapur (KHUB)
2026-08-11 23:20:47,660 | INFO | [294/1901] Fetching Brahmapuri (BHMP)
2026-08-11 23:20:47,876 | INFO |    ↳ Status 403
2026-08-11 23:20:47,876 | WARNING |    ⚠ Blocked (403) retry 1
2026-08-11 23:20:47,963 | INFO | 🌐 Session warmed
2026-08-11 23:20:48,067 | INFO |    ↳ Status 403
2026-08-11 23:20:48,067 | WARNING |    ⚠ Blocked (403) retry 3
2026-08-11 23:20:48,154 | INFO | 🌐 Session warmed
2026-08-11 23:20:48,201 | INFO |    ↳ Status 403
2026-08-11 23:20:48,201 | WARNING |    ⚠ Blocked (403) retry 1
2026-08-11 23:20:48,310 | INFO | 🌐 Session warmed
2026-08-11 23:20:49,000 | INFO |    ↳ Status 403
2026-08-11 23:20:49,000 | WARNING |    ⚠ Blocked (403) retry 1
2026-08-11 23:20:49,090 | INFO | 🌐 Session warmed
2026-08-11 23:20:49,866 | INFO |    ↳ Status 403
2026-08-11 23:20:49,866 | WARNING |    ⚠ Blocked (403) retry 2
2026-08-11 23:20:49,956 | INFO | 🌐 Session warmed
2026-08-11 23:20:50,665 | INFO |    ↳ Status 403
2026-08-11 23:20:50,665 | WARNING |    ⚠ Blocked (403) retry 2
2026-08-11 23:20:50,757 | INFO | 🌐 Session warmed
2026-08-11 23:20:51,279 | INFO |    ↳ Status 403
2026-08-11 23:20:51,279 | WARNING |    ⚠ Blocked (403) retry 2
2026-08-11 23:20:51,371 | INFO | 🌐 Session warmed
2026-08-11 23:20:52,155 | INFO | [295/1901] Fetching Brajrajnagar (BJNG)
2026-08-11 23:20:52,954 | INFO |    ↳ Status 403
2026-08-11 23:20:52,954 | WARNING |    ⚠ Blocked (403) retry 3
2026-08-11 23:20:53,047 | INFO | 🌐 Session warmed
2026-08-11 23:20:53,055 | INFO |    ↳ Status 403
2026-08-11 23:20:53,055 | WARNING |    ⚠ Blocked (403) retry 1
2026-08-11 23:20:53,125 | INFO | 🌐 Session warmed
2026-08-11 23:20:53,753 | INFO |    ↳ Status 403
2026-08-11 23:20:53,753 | WARNING |    ⚠ Blocked (403) retry 3
2026-08-11 23:20:53,828 | INFO | 🌐 Session warmed
2026-08-11 23:20:54,185 | INFO |    ↳ Status 403
2026-08-11 23:20:54,185 | WARNING |    ⚠ Blocked (403) retry 3
2026-08-11 23:20:54,256 | INFO | 🌐 Session warmed
2026-08-11 23:20:55,015 | INFO |    ↳ Status 403
2026-08-11 23:20:55,015 | WARNING |    ⚠ Blocked (403) retry 2
2026-08-11 23:20:55,103 | INFO | 🌐 Session warmed
2026-08-11 23:20:57,048 | INFO | [296/1901] Fetching Buchireddypalem (BCHR)
2026-08-11 23:20:57,828 | INFO | [297/1901] Fetching Budhlada (BUDL)
2026-08-11 23:20:57,939 | INFO |    ↳ Status 403
2026-08-11 23:20:57,939 | WARNING |    ⚠ Blocked (403) retry 3
2026-08-11 23:20:58,035 | INFO | 🌐 Session warmed
2026-08-11 23:20:58,045 | INFO |    ↳ Status 403
2026-08-11 23:20:58,045 | WARNING |    ⚠ Blocked (403) retry 1
2026-08-11 23:20:58,110 | INFO | 🌐 Session warmed
2026-08-11 23:20:58,257 | INFO | [298/1901] Fetching Buhari (BUHA)
2026-08-11 23:20:59,054 | INFO |    ↳ Status 403
2026-08-11 23:20:59,054 | WARNING |    ⚠ Blocked (403) retry 1
2026-08-11 23:20:59,120 | INFO | 🌐 Session warmed
2026-08-11 23:20:59,321 | INFO |    ↳ Status 403
2026-08-11 23:20:59,321 | WARNING |    ⚠ Blocked (403) retry 1
2026-08-11 23:20:59,396 | INFO | 🌐 Session warmed
2026-08-11 23:20:59,870 | INFO |    ↳ Status 403
2026-08-11 23:20:59,870 | WARNING |    ⚠ Blocked (403) retry 2
2026-08-11 23:20:59,955 | INFO | 🌐 Session warmed
2026-08-11 23:21:01,325 | INFO |    ↳ Status 403
2026-08-11 23:21:01,325 | WARNING |    ⚠ Blocked (403) retry 2
2026-08-11 23:21:01,400 | INFO | 🌐 Session warmed
2026-08-11 23:21:01,629 | INFO |    ↳ Status 403
2026-08-11 23:21:01,629 | WARNING |    ⚠ Blocked (403) retry 2
2026-08-11 23:21:01,710 | INFO | 🌐 Session warmed
2026-08-11 23:21:02,035 | INFO | [299/1901] Fetching Bulandshahr (BULA)
2026-08-11 23:21:02,896 | INFO |    ↳ Status 403
2026-08-11 23:21:02,896 | WARNING |    ⚠ Blocked (403) retry 3
2026-08-11 23:21:02,961 | INFO | 🌐 Session warmed
2026-08-11 23:21:03,427 | INFO |    ↳ Status 403
2026-08-11 23:21:03,427 | WARNING |    ⚠ Blocked (403) retry 1
2026-08-11 23:21:03,521 | INFO | 🌐 Session warmed
2026-08-11 23:21:04,437 | INFO |    ↳ Status 403
2026-08-11 23:21:04,437 | WARNING |    ⚠ Blocked (403) retry 3
2026-08-11 23:21:04,511 | INFO | 🌐 Session warmed
2026-08-11 23:21:05,064 | INFO |    ↳ Status 403
2026-08-11 23:21:05,064 | WARNING |    ⚠ Blocked (403) retry 3
2026-08-11 23:21:05,156 | INFO | 🌐 Session warmed
2026-08-11 23:21:05,172 | INFO |    ↳ Status 403
2026-08-11 23:21:05,172 | WARNING |    ⚠ Blocked (403) retry 2
2026-08-11 23:21:05,237 | INFO | 🌐 Session warmed
2026-08-11 23:21:06,961 | INFO | [300/1901] Fetching Buldana (BULD)
2026-08-11 23:21:07,607 | INFO |    ↳ Status 403
2026-08-11 23:21:07,607 | WARNING |    ⚠ Blocked (403) retry 1
2026-08-11 23:21:07,688 | INFO | 🌐 Session warmed
2026-08-11 23:21:07,900 | INFO |    ↳ Status 403
2026-08-11 23:21:07,900 | WARNING |    ⚠ Blocked (403) retry 3
2026-08-11 23:21:07,968 | INFO | 🌐 Session warmed
2026-08-11 23:21:08,511 | INFO | [301/1901] Fetching Bundu (BUND)
2026-08-11 23:21:09,156 | INFO | [302/1901] Fetching Burdwan (BURD)
2026-08-11 23:21:09,690 | INFO |    ↳ Status 403
2026-08-11 23:21:09,690 | WARNING |    ⚠ Blocked (403) retry 1
2026-08-11 23:21:09,778 | INFO | 🌐 Session warmed
2026-08-11 23:21:09,874 | INFO |    ↳ Status 403
2026-08-11 23:21:09,874 | WARNING |    ⚠ Blocked (403) retry 2
2026-08-11 23:21:09,952 | INFO | 🌐 Session warmed
2026-08-11 23:21:10,283 | INFO |    ↳ Status 403
2026-08-11 23:21:10,283 | WARNING |    ⚠ Blocked (403) retry 1
2026-08-11 23:21:10,353 | INFO | 🌐 Session warmed
2026-08-11 23:21:11,892 | INFO |    ↳ Status 403
2026-08-11 23:21:11,892 | WARNING |    ⚠ Blocked (403) retry 2
2026-08-11 23:21:11,969 | INFO | [303/1901] Fetching Burhanpur (BRHP)
2026-08-11 23:21:11,977 | INFO | 🌐 Session warmed
2026-08-11 23:21:12,281 | INFO |    ↳ Status 403
2026-08-11 23:21:12,281 | WARNING |    ⚠ Blocked (403) retry 2
2026-08-11 23:21:12,349 | INFO | 🌐 Session warmed
2026-08-11 23:21:12,644 | INFO |    ↳ Status 403
2026-08-11 23:21:12,644 | WARNING |    ⚠ Blocked (403) retry 1
2026-08-11 23:21:12,717 | INFO | 🌐 Session warmed
2026-08-11 23:21:13,314 | INFO |    ↳ Status 403
2026-08-11 23:21:13,314 | WARNING |    ⚠ Blocked (403) retry 3
2026-08-11 23:21:13,400 | INFO | 🌐 Session warmed
2026-08-11 23:21:14,616 | INFO |    ↳ Status 403
2026-08-11 23:21:14,616 | WARNING |    ⚠ Blocked (403) retry 3
2026-08-11 23:21:14,694 | INFO | 🌐 Session warmed
2026-08-11 23:21:14,819 | INFO |    ↳ Status 403
2026-08-11 23:21:14,819 | WARNING |    ⚠ Blocked (403) retry 2
2026-08-11 23:21:14,893 | INFO | 🌐 Session warmed
2026-08-11 23:21:15,552 | INFO |    ↳ Status 403
2026-08-11 23:21:15,552 | WARNING |    ⚠ Blocked (403) retry 3
2026-08-11 23:21:15,653 | INFO | 🌐 Session warmed
2026-08-11 23:21:17,400 | INFO | [304/1901] Fetching Burhar (BRHR)
2026-08-11 23:21:17,851 | INFO |    ↳ Status 403
2026-08-11 23:21:17,851 | WARNING |    ⚠ Blocked (403) retry 3
2026-08-11 23:21:17,915 | INFO | 🌐 Session warmed
2026-08-11 23:21:18,331 | INFO |    ↳ Status 403
2026-08-11 23:21:18,331 | WARNING |    ⚠ Blocked (403) retry 1
2026-08-11 23:21:18,399 | INFO | 🌐 Session warmed
2026-08-11 23:21:18,694 | INFO | [305/1901] Fetching Buttayagudem (BUTY)
2026-08-11 23:21:19,653 | INFO | [306/1901] Fetching Byadagi (BYAD)
2026-08-11 23:21:19,948 | INFO |    ↳ Status 403
2026-08-11 23:21:19,948 | WARNING |    ⚠ Blocked (403) retry 1
2026-08-11 23:21:20,036 | INFO | 🌐 Session warmed
2026-08-11 23:21:20,101 | INFO |    ↳ Status 403
2026-08-11 23:21:20,101 | WARNING |    ⚠ Blocked (403) retry 2
2026-08-11 23:21:20,186 | INFO | 🌐 Session warmed
2026-08-11 23:21:20,566 | INFO |    ↳ Status 403
2026-08-11 23:21:20,566 | WARNING |    ⚠ Blocked (403) retry 1
2026-08-11 23:21:20,635 | INFO | 🌐 Session warmed
2026-08-11 23:21:21,904 | INFO |    ↳ Status 403
2026-08-11 23:21:21,904 | WARNING |    ⚠ Blocked (403) retry 2
2026-08-11 23:21:21,915 | INFO | [307/1901] Fetching Byadgi (BYDA)
2026-08-11 23:21:21,986 | INFO | 🌐 Session warmed
2026-08-11 23:21:22,833 | INFO |    ↳ Status 403
2026-08-11 23:21:22,833 | WARNING |    ⚠ Blocked (403) retry 1
2026-08-11 23:21:22,903 | INFO | 🌐 Session warmed
2026-08-11 23:21:22,921 | INFO |    ↳ Status 403
2026-08-11 23:21:22,921 | WARNING |    ⚠ Blocked (403) retry 2
2026-08-11 23:21:22,984 | INFO |    ↳ Status 403
2026-08-11 23:21:22,985 | WARNING |    ⚠ Blocked (403) retry 3
2026-08-11 23:21:23,012 | INFO | 🌐 Session warmed
2026-08-11 23:21:23,082 | INFO | 🌐 Session warmed
2026-08-11 23:21:25,006 | INFO |    ↳ Status 403
2026-08-11 23:21:25,006 | WARNING |    ⚠ Blocked (403) retry 2
2026-08-11 23:21:25,066 | INFO |    ↳ Status 403
2026-08-11 23:21:25,066 | WARNING |    ⚠ Blocked (403) retry 3
2026-08-11 23:21:25,097 | INFO | 🌐 Session warmed
2026-08-11 23:21:25,155 | INFO | 🌐 Session warmed
2026-08-11 23:21:26,416 | INFO |    ↳ Status 403
2026-08-11 23:21:26,416 | WARNING |    ⚠ Blocked (403) retry 3
2026-08-11 23:21:26,499 | INFO | 🌐 Session warmed
2026-08-11 23:21:27,083 | INFO | [308/1901] Fetching Byasanagar (BYAS)
2026-08-11 23:21:28,234 | INFO |    ↳ Status 403
2026-08-11 23:21:28,234 | WARNING |    ⚠ Blocked (403) retry 1
2026-08-11 23:21:28,329 | INFO | 🌐 Session warmed
2026-08-11 23:21:28,363 | INFO |    ↳ Status 403
2026-08-11 23:21:28,363 | WARNING |    ⚠ Blocked (403) retry 3
2026-08-11 23:21:28,460 | INFO | 🌐 Session warmed
2026-08-11 23:21:29,155 | INFO | [309/1901] Fetching Calicut (CALC)
2026-08-11 23:21:30,172 | INFO |    ↳ Status 403
2026-08-11 23:21:30,173 | WARNING |    ⚠ Blocked (403) retry 1
2026-08-11 23:21:30,240 | INFO | 🌐 Session warmed
2026-08-11 23:21:30,408 | INFO |    ↳ Status 403
2026-08-11 23:21:30,408 | WARNING |    ⚠ Blocked (403) retry 2
2026-08-11 23:21:30,494 | INFO | 🌐 Session warmed
2026-08-11 23:21:30,499 | INFO | [310/1901] Fetching Canning (CANN)
2026-08-11 23:21:31,751 | INFO |    ↳ Status 403
2026-08-11 23:21:31,751 | WARNING |    ⚠ Blocked (403) retry 1
2026-08-11 23:21:31,816 | INFO | 🌐 Session warmed
2026-08-11 23:21:32,117 | INFO |    ↳ Status 403
2026-08-11 23:21:32,117 | WARNING |    ⚠ Blocked (403) retry 2
2026-08-11 23:21:32,191 | INFO | 🌐 Session warmed
2026-08-11 23:21:32,460 | INFO | [311/1901] Fetching Chagallu (CHAG)
2026-08-11 23:21:33,211 | INFO |    ↳ Status 403
2026-08-11 23:21:33,212 | WARNING |    ⚠ Blocked (403) retry 1
2026-08-11 23:21:33,270 | INFO |    ↳ Status 403
2026-08-11 23:21:33,270 | WARNING |    ⚠ Blocked (403) retry 3
2026-08-11 23:21:33,281 | INFO | 🌐 Session warmed
2026-08-11 23:21:33,336 | INFO | 🌐 Session warmed
2026-08-11 23:21:34,169 | INFO |    ↳ Status 403
2026-08-11 23:21:34,169 | WARNING |    ⚠ Blocked (403) retry 2
2026-08-11 23:21:34,234 | INFO | 🌐 Session warmed
2026-08-11 23:21:35,146 | INFO |    ↳ Status 403
2026-08-11 23:21:35,146 | WARNING |    ⚠ Blocked (403) retry 2
2026-08-11 23:21:35,235 | INFO | 🌐 Session warmed
2026-08-11 23:21:35,368 | INFO |    ↳ Status 403
2026-08-11 23:21:35,368 | WARNING |    ⚠ Blocked (403) retry 3
2026-08-11 23:21:35,460 | INFO | 🌐 Session warmed
2026-08-11 23:21:36,995 | INFO |    ↳ Status 403
2026-08-11 23:21:36,995 | WARNING |    ⚠ Blocked (403) retry 3
2026-08-11 23:21:37,067 | INFO | 🌐 Session warmed
2026-08-11 23:21:37,337 | INFO | [312/1901] Fetching Chakan (CHAK)
2026-08-11 23:21:38,095 | INFO |    ↳ Status 403
2026-08-11 23:21:38,095 | WARNING |    ⚠ Blocked (403) retry 3
2026-08-11 23:21:38,184 | INFO | 🌐 Session warmed
2026-08-11 23:21:38,457 | INFO |    ↳ Status 403
2026-08-11 23:21:38,457 | WARNING |    ⚠ Blocked (403) retry 1
2026-08-11 23:21:38,541 | INFO | 🌐 Session warmed
2026-08-11 23:21:39,461 | INFO | [313/1901] Fetching Chalakudy (CHAL)
2026-08-11 23:21:40,487 | INFO |    ↳ Status 403
2026-08-11 23:21:40,487 | WARNING |    ⚠ Blocked (403) retry 1
2026-08-11 23:21:40,566 | INFO | 🌐 Session warmed
2026-08-11 23:21:40,904 | INFO |    ↳ Status 403
2026-08-11 23:21:40,904 | WARNING |    ⚠ Blocked (403) retry 2
2026-08-11 23:21:40,976 | INFO | 🌐 Session warmed
2026-08-11 23:21:41,067 | INFO | [314/1901] Fetching Chalisgaon (CHLS)
2026-08-11 23:21:42,184 | INFO | [315/1901] Fetching Challakere (CHLA)
2026-08-11 23:21:42,233 | INFO |    ↳ Status 403
2026-08-11 23:21:42,233 | WARNING |    ⚠ Blocked (403) retry 2
2026-08-11 23:21:42,297 | INFO | 🌐 Session warmed
2026-08-11 23:21:42,335 | INFO |    ↳ Status 403
2026-08-11 23:21:42,335 | WARNING |    ⚠ Blocked (403) retry 1
2026-08-11 23:21:42,413 | INFO | 🌐 Session warmed
2026-08-11 23:21:43,168 | INFO |    ↳ Status 403
2026-08-11 23:21:43,168 | WARNING |    ⚠ Blocked (403) retry 1
2026-08-11 23:21:43,241 | INFO | 🌐 Session warmed
2026-08-11 23:21:44,039 | INFO |    ↳ Status 403
2026-08-11 23:21:44,039 | WARNING |    ⚠ Blocked (403) retry 3
2026-08-11 23:21:44,132 | INFO | 🌐 Session warmed
2026-08-11 23:21:44,794 | INFO |    ↳ Status 403
2026-08-11 23:21:44,794 | WARNING |    ⚠ Blocked (403) retry 2
2026-08-11 23:21:44,875 | INFO | 🌐 Session warmed
2026-08-11 23:21:45,184 | INFO |    ↳ Status 403
2026-08-11 23:21:45,184 | WARNING |    ⚠ Blocked (403) retry 2
2026-08-11 23:21:45,240 | INFO |    ↳ Status 403
2026-08-11 23:21:45,240 | WARNING |    ⚠ Blocked (403) retry 3
2026-08-11 23:21:45,274 | INFO | 🌐 Session warmed
2026-08-11 23:21:45,325 | INFO | 🌐 Session warmed
2026-08-11 23:21:47,552 | INFO |    ↳ Status 403
2026-08-11 23:21:47,552 | WARNING |    ⚠ Blocked (403) retry 3
2026-08-11 23:21:47,618 | INFO | 🌐 Session warmed
2026-08-11 23:21:48,132 | INFO | [316/1901] Fetching Challapalli (CHAP)
2026-08-11 23:21:48,341 | INFO |    ↳ Status 403
2026-08-11 23:21:48,341 | WARNING |    ⚠ Blocked (403) retry 3
2026-08-11 23:21:48,436 | INFO | 🌐 Session warmed
2026-08-11 23:21:49,326 | INFO | [317/1901] Fetching Chamarajnagar (CHAJ)
2026-08-11 23:21:49,515 | INFO |    ↳ Status 403
2026-08-11 23:21:49,515 | WARNING |    ⚠ Blocked (403) retry 1
2026-08-11 23:21:49,598 | INFO | 🌐 Session warmed
2026-08-11 23:21:50,532 | INFO |    ↳ Status 403
2026-08-11 23:21:50,532 | WARNING |    ⚠ Blocked (403) retry 1
2026-08-11 23:21:50,616 | INFO | 🌐 Session warmed
2026-08-11 23:21:51,619 | INFO | [318/1901] Fetching Chamba (CHMB)
2026-08-11 23:21:51,707 | INFO |    ↳ Status 403
2026-08-11 23:21:51,707 | WARNING |    ⚠ Blocked (403) retry 2
2026-08-11 23:21:51,800 | INFO | 🌐 Session warmed
2026-08-11 23:21:52,436 | INFO | [319/1901] Fetching Chamoli (CHMK)
2026-08-11 23:21:52,627 | INFO |    ↳ Status 403
2026-08-11 23:21:52,627 | WARNING |    ⚠ Blocked (403) retry 2
2026-08-11 23:21:52,693 | INFO | 🌐 Session warmed
2026-08-11 23:21:52,700 | INFO |    ↳ Status 403
2026-08-11 23:21:52,700 | WARNING |    ⚠ Blocked (403) retry 1
2026-08-11 23:21:52,774 | INFO | 🌐 Session warmed
2026-08-11 23:21:53,247 | INFO |    ↳ Status 403
2026-08-11 23:21:53,247 | WARNING |    ⚠ Blocked (403) retry 1
2026-08-11 23:21:53,310 | INFO | 🌐 Session warmed
2026-08-11 23:21:54,824 | INFO |    ↳ Status 403
2026-08-11 23:21:54,824 | WARNING |    ⚠ Blocked (403) retry 2
2026-08-11 23:21:54,905 | INFO | 🌐 Session warmed
2026-08-11 23:21:55,017 | INFO |    ↳ Status 403
2026-08-11 23:21:55,017 | WARNING |    ⚠ Blocked (403) retry 3
2026-08-11 23:21:55,086 | INFO | 🌐 Session warmed
2026-08-11 23:21:55,386 | INFO |    ↳ Status 403
2026-08-11 23:21:55,386 | WARNING |    ⚠ Blocked (403) retry 3
2026-08-11 23:21:55,435 | INFO |    ↳ Status 403
2026-08-11 23:21:55,435 | WARNING |    ⚠ Blocked (403) retry 2
2026-08-11 23:21:55,462 | INFO | 🌐 Session warmed
2026-08-11 23:21:55,512 | INFO | 🌐 Session warmed
2026-08-11 23:21:57,700 | INFO |    ↳ Status 403
2026-08-11 23:21:57,701 | WARNING |    ⚠ Blocked (403) retry 3
2026-08-11 23:21:57,787 | INFO | 🌐 Session warmed
2026-08-11 23:21:58,183 | INFO |    ↳ Status 403
2026-08-11 23:21:58,184 | WARNING |    ⚠ Blocked (403) retry 3
2026-08-11 23:21:58,271 | INFO | 🌐 Session warmed
2026-08-11 23:21:59,086 | INFO | [320/1901] Fetching Champa (CHAM)
2026-08-11 23:21:59,462 | INFO | [321/1901] Fetching Champahati (CHAI)
2026-08-11 23:22:00,000 | INFO |    ↳ Status 403
2026-08-11 23:22:00,000 | WARNING |    ⚠ Blocked (403) retry 1
2026-08-11 23:22:00,077 | INFO | 🌐 Session warmed
2026-08-11 23:22:00,608 | INFO |    ↳ Status 403
2026-08-11 23:22:00,608 | WARNING |    ⚠ Blocked (403) retry 1
2026-08-11 23:22:00,680 | INFO | 🌐 Session warmed
2026-08-11 23:22:01,787 | INFO | [322/1901] Fetching Chanchal (CCWC)
2026-08-11 23:22:02,271 | INFO | [323/1901] Fetching Chandannagar (CHDD)
2026-08-11 23:22:02,401 | INFO |    ↳ Status 403
2026-08-11 23:22:02,401 | WARNING |    ⚠ Blocked (403) retry 2
2026-08-11 23:22:02,488 | INFO | 🌐 Session warmed
2026-08-11 23:22:02,776 | INFO |    ↳ Status 403
2026-08-11 23:22:02,776 | WARNING |    ⚠ Blocked (403) retry 1
2026-08-11 23:22:02,846 | INFO | 🌐 Session warmed
2026-08-11 23:22:03,099 | INFO |    ↳ Status 403
2026-08-11 23:22:03,099 | WARNING |    ⚠ Blocked (403) retry 2
2026-08-11 23:22:03,119 | INFO |    ↳ Status 403
2026-08-11 23:22:03,119 | WARNING |    ⚠ Blocked (403) retry 1
2026-08-11 23:22:03,196 | INFO | 🌐 Session warmed
2026-08-11 23:22:03,202 | INFO | 🌐 Session warmed
2026-08-11 23:22:04,541 | INFO |    ↳ Status 403
2026-08-11 23:22:04,541 | WARNING |    ⚠ Blocked (403) retry 2
2026-08-11 23:22:04,631 | INFO | 🌐 Session warmed
2026-08-11 23:22:04,833 | INFO |    ↳ Status 403
2026-08-11 23:22:04,833 | WARNING |    ⚠ Blocked (403) retry 2
2026-08-11 23:22:04,907 | INFO | 🌐 Session warmed
2026-08-11 23:22:05,113 | INFO |    ↳ Status 403
2026-08-11 23:22:05,113 | WARNING |    ⚠ Blocked (403) retry 3
2026-08-11 23:22:05,179 | INFO | 🌐 Session warmed
2026-08-11 23:22:06,495 | INFO |    ↳ Status 403
2026-08-11 23:22:06,495 | WARNING |    ⚠ Blocked (403) retry 3
2026-08-11 23:22:06,565 | INFO | 🌐 Session warmed
2026-08-11 23:22:07,871 | INFO |    ↳ Status 403
2026-08-11 23:22:07,871 | WARNING |    ⚠ Blocked (403) retry 3
2026-08-11 23:22:07,957 | INFO | 🌐 Session warmed
2026-08-11 23:22:08,000 | INFO |    ↳ Status 403
2026-08-11 23:22:08,001 | WARNING |    ⚠ Blocked (403) retry 3
2026-08-11 23:22:08,081 | INFO | 🌐 Session warmed
2026-08-11 23:22:09,179 | INFO | [324/1901] Fetching Chandausi (CHDN)
2026-08-11 23:22:10,253 | INFO |    ↳ Status 403
2026-08-11 23:22:10,253 | WARNING |    ⚠ Blocked (403) retry 1
2026-08-11 23:22:10,336 | INFO | 🌐 Session warmed
2026-08-11 23:22:10,565 | INFO | [325/1901] Fetching Chandbali (CHAZ)
2026-08-11 23:22:11,883 | INFO |    ↳ Status 403
2026-08-11 23:22:11,883 | WARNING |    ⚠ Blocked (403) retry 1
2026-08-11 23:22:11,958 | INFO | [326/1901] Fetching Chandpur Siau (CHHA)
2026-08-11 23:22:11,963 | INFO | 🌐 Session warmed
2026-08-11 23:22:12,082 | INFO | [327/1901] Fetching Chandrakona (CKNA)
2026-08-11 23:22:12,320 | INFO |    ↳ Status 403
2026-08-11 23:22:12,321 | WARNING |    ⚠ Blocked (403) retry 2
2026-08-11 23:22:12,408 | INFO | 🌐 Session warmed
2026-08-11 23:22:12,959 | INFO |    ↳ Status 403
2026-08-11 23:22:12,959 | WARNING |    ⚠ Blocked (403) retry 1
2026-08-11 23:22:13,031 | INFO | 🌐 Session warmed
2026-08-11 23:22:13,294 | INFO |    ↳ Status 403
2026-08-11 23:22:13,294 | WARNING |    ⚠ Blocked (403) retry 1
2026-08-11 23:22:13,375 | INFO | 🌐 Session warmed
2026-08-11 23:22:13,879 | INFO |    ↳ Status 403
2026-08-11 23:22:13,879 | WARNING |    ⚠ Blocked (403) retry 2
2026-08-11 23:22:13,974 | INFO | 🌐 Session warmed
2026-08-11 23:22:15,256 | INFO |    ↳ Status 403
2026-08-11 23:22:15,256 | WARNING |    ⚠ Blocked (403) retry 3
2026-08-11 23:22:15,261 | INFO |    ↳ Status 403
2026-08-11 23:22:15,261 | WARNING |    ⚠ Blocked (403) retry 2
2026-08-11 23:22:15,360 | INFO | 🌐 Session warmed
2026-08-11 23:22:15,369 | INFO |    ↳ Status 403
2026-08-11 23:22:15,369 | WARNING |    ⚠ Blocked (403) retry 2
2026-08-11 23:22:15,372 | INFO | 🌐 Session warmed
2026-08-11 23:22:15,446 | INFO | 🌐 Session warmed
2026-08-11 23:22:17,116 | INFO |    ↳ Status 403
2026-08-11 23:22:17,116 | WARNING |    ⚠ Blocked (403) retry 3
2026-08-11 23:22:17,184 | INFO | 🌐 Session warmed
2026-08-11 23:22:18,663 | INFO |    ↳ Status 403
2026-08-11 23:22:18,663 | WARNING |    ⚠ Blocked (403) retry 3
2026-08-11 23:22:18,678 | INFO |    ↳ Status 403
2026-08-11 23:22:18,678 | WARNING |    ⚠ Blocked (403) retry 3
2026-08-11 23:22:18,760 | INFO | 🌐 Session warmed
2026-08-11 23:22:18,762 | INFO | 🌐 Session warmed
2026-08-11 23:22:19,373 | INFO | [328/1901] Fetching Chandrapur (CHAN)
2026-08-11 23:22:20,224 | INFO |    ↳ Status 403
2026-08-11 23:22:20,224 | WARNING |    ⚠ Blocked (403) retry 1
2026-08-11 23:22:20,308 | INFO | 🌐 Session warmed
2026-08-11 23:22:21,184 | INFO | [329/1901] Fetching Chandur (CAND)
2026-08-11 23:22:22,218 | INFO |    ↳ Status 403
2026-08-11 23:22:22,218 | WARNING |    ⚠ Blocked (403) retry 1
2026-08-11 23:22:22,294 | INFO | 🌐 Session warmed
2026-08-11 23:22:22,682 | INFO |    ↳ Status 403
2026-08-11 23:22:22,682 | WARNING |    ⚠ Blocked (403) retry 2
2026-08-11 23:22:22,752 | INFO | 🌐 Session warmed
2026-08-11 23:22:22,761 | INFO | [330/1901] Fetching Changanassery (CNSY)
2026-08-11 23:22:22,762 | INFO | [331/1901] Fetching Changaramkulam (CHAA)
2026-08-11 23:22:24,058 | INFO |    ↳ Status 403
2026-08-11 23:22:24,058 | WARNING |    ⚠ Blocked (403) retry 1
2026-08-11 23:22:24,119 | INFO |    ↳ Status 403
2026-08-11 23:22:24,119 | WARNING |    ⚠ Blocked (403) retry 1
2026-08-11 23:22:24,144 | INFO | 🌐 Session warmed
2026-08-11 23:22:24,200 | INFO | 🌐 Session warmed
2026-08-11 23:22:24,457 | INFO |    ↳ Status 403
2026-08-11 23:22:24,457 | WARNING |    ⚠ Blocked (403) retry 2
2026-08-11 23:22:24,540 | INFO | 🌐 Session warmed
2026-08-11 23:22:25,450 | INFO |    ↳ Status 403
2026-08-11 23:22:25,450 | WARNING |    ⚠ Blocked (403) retry 3
2026-08-11 23:22:25,536 | INFO | 🌐 Session warmed
2026-08-11 23:22:25,978 | INFO |    ↳ Status 403
2026-08-11 23:22:25,978 | WARNING |    ⚠ Blocked (403) retry 2
2026-08-11 23:22:26,071 | INFO | 🌐 Session warmed
2026-08-11 23:22:26,077 | INFO |    ↳ Status 403
2026-08-11 23:22:26,077 | WARNING |    ⚠ Blocked (403) retry 2
2026-08-11 23:22:26,163 | INFO | 🌐 Session warmed
2026-08-11 23:22:27,641 | INFO |    ↳ Status 403
2026-08-11 23:22:27,641 | WARNING |    ⚠ Blocked (403) retry 3
2026-08-11 23:22:27,729 | INFO | 🌐 Session warmed
2026-08-11 23:22:28,961 | INFO |    ↳ Status 403
2026-08-11 23:22:28,961 | WARNING |    ⚠ Blocked (403) retry 3
2026-08-11 23:22:29,043 | INFO |    ↳ Status 403
2026-08-11 23:22:29,043 | WARNING |    ⚠ Blocked (403) retry 3
2026-08-11 23:22:29,054 | INFO | 🌐 Session warmed
2026-08-11 23:22:29,110 | INFO | 🌐 Session warmed
2026-08-11 23:22:29,536 | INFO | [332/1901] Fetching Channagiri (CHGI)
2026-08-11 23:22:30,823 | INFO |    ↳ Status 403
2026-08-11 23:22:30,823 | WARNING |    ⚠ Blocked (403) retry 1
2026-08-11 23:22:30,898 | INFO | 🌐 Session warmed
2026-08-11 23:22:31,729 | INFO | [333/1901] Fetching Channapatna (CPTN)
2026-08-11 23:22:32,642 | INFO |    ↳ Status 403
2026-08-11 23:22:32,642 | WARNING |    ⚠ Blocked (403) retry 1
2026-08-11 23:22:32,717 | INFO | 🌐 Session warmed
2026-08-11 23:22:33,055 | INFO | [334/1901] Fetching Channarayapatna (CHNN)
2026-08-11 23:22:33,068 | INFO |    ↳ Status 403
2026-08-11 23:22:33,068 | WARNING |    ⚠ Blocked (403) retry 2
2026-08-11 23:22:33,110 | INFO | [335/1901] Fetching Chanpatia (CHAT)
2026-08-11 23:22:33,152 | INFO | 🌐 Session warmed
2026-08-11 23:22:34,139 | INFO |    ↳ Status 403
2026-08-11 23:22:34,139 | WARNING |    ⚠ Blocked (403) retry 1
2026-08-11 23:22:34,142 | INFO |    ↳ Status 403
2026-08-11 23:22:34,143 | WARNING |    ⚠ Blocked (403) retry 1
2026-08-11 23:22:34,224 | INFO | 🌐 Session warmed
2026-08-11 23:22:34,251 | INFO | 🌐 Session warmed
2026-08-11 23:22:34,667 | INFO |    ↳ Status 403
2026-08-11 23:22:34,667 | WARNING |    ⚠ Blocked (403) retry 2
2026-08-11 23:22:34,741 | INFO | 🌐 Session warmed
2026-08-11 23:22:35,862 | INFO |    ↳ Status 403
2026-08-11 23:22:35,863 | WARNING |    ⚠ Blocked (403) retry 2
2026-08-11 23:22:35,937 | INFO | 🌐 Session warmed
2026-08-11 23:22:36,559 | INFO |    ↳ Status 403
2026-08-11 23:22:36,559 | WARNING |    ⚠ Blocked (403) retry 3
2026-08-11 23:22:36,570 | INFO |    ↳ Status 403
2026-08-11 23:22:36,570 | WARNING |    ⚠ Blocked (403) retry 2
2026-08-11 23:22:36,639 | INFO | 🌐 Session warmed
2026-08-11 23:22:36,656 | INFO | 🌐 Session warmed
2026-08-11 23:22:37,610 | INFO |    ↳ Status 403
2026-08-11 23:22:37,610 | WARNING |    ⚠ Blocked (403) retry 3
2026-08-11 23:22:37,681 | INFO | 🌐 Session warmed
2026-08-11 23:22:38,632 | INFO |    ↳ Status 403
2026-08-11 23:22:38,633 | WARNING |    ⚠ Blocked (403) retry 3
2026-08-11 23:22:38,720 | INFO | 🌐 Session warmed
2026-08-11 23:22:39,914 | INFO |    ↳ Status 403
2026-08-11 23:22:39,914 | WARNING |    ⚠ Blocked (403) retry 3
2026-08-11 23:22:39,998 | INFO | 🌐 Session warmed
2026-08-11 23:22:40,640 | INFO | [336/1901] Fetching Chapra (CHPR)
2026-08-11 23:22:41,681 | INFO | [337/1901] Fetching Charkhi Dadri (CCDD)
2026-08-11 23:22:41,871 | INFO |    ↳ Status 403
2026-08-11 23:22:41,871 | WARNING |    ⚠ Blocked (403) retry 1
2026-08-11 23:22:41,967 | INFO | 🌐 Session warmed
2026-08-11 23:22:42,720 | INFO | [338/1901] Fetching Chaygaon (CHOG)
2026-08-11 23:22:42,919 | INFO |    ↳ Status 403
2026-08-11 23:22:42,919 | WARNING |    ⚠ Blocked (403) retry 1
2026-08-11 23:22:43,001 | INFO | 🌐 Session warmed
2026-08-11 23:22:43,738 | INFO |    ↳ Status 403
2026-08-11 23:22:43,739 | WARNING |    ⚠ Blocked (403) retry 2
2026-08-11 23:22:43,827 | INFO | 🌐 Session warmed
2026-08-11 23:22:43,932 | INFO |    ↳ Status 403
2026-08-11 23:22:43,932 | WARNING |    ⚠ Blocked (403) retry 1
2026-08-11 23:22:43,999 | INFO | [339/1901] Fetching Chebrolu (CHEB)
2026-08-11 23:22:44,014 | INFO | 🌐 Session warmed
2026-08-11 23:22:44,833 | INFO |    ↳ Status 403
2026-08-11 23:22:44,833 | WARNING |    ⚠ Blocked (403) retry 2
2026-08-11 23:22:44,900 | INFO | 🌐 Session warmed
2026-08-11 23:22:45,319 | INFO |    ↳ Status 403
2026-08-11 23:22:45,319 | WARNING |    ⚠ Blocked (403) retry 1
2026-08-11 23:22:45,389 | INFO | 🌐 Session warmed
2026-08-11 23:22:45,735 | INFO |    ↳ Status 403
2026-08-11 23:22:45,735 | WARNING |    ⚠ Blocked (403) retry 2
2026-08-11 23:22:45,798 | INFO | 🌐 Session warmed
2026-08-11 23:22:47,182 | INFO |    ↳ Status 403
2026-08-11 23:22:47,182 | WARNING |    ⚠ Blocked (403) retry 3
2026-08-11 23:22:47,252 | INFO | 🌐 Session warmed
2026-08-11 23:22:47,596 | INFO |    ↳ Status 403
2026-08-11 23:22:47,596 | WARNING |    ⚠ Blocked (403) retry 2
2026-08-11 23:22:47,666 | INFO | 🌐 Session warmed
2026-08-11 23:22:48,251 | INFO |    ↳ Status 403
2026-08-11 23:22:48,251 | WARNING |    ⚠ Blocked (403) retry 3
2026-08-11 23:22:48,336 | INFO | 🌐 Session warmed
2026-08-11 23:22:48,797 | INFO |    ↳ Status 403
2026-08-11 23:22:48,797 | WARNING |    ⚠ Blocked (403) retry 3
2026-08-11 23:22:48,866 | INFO | 🌐 Session warmed
2026-08-11 23:22:50,502 | INFO |    ↳ Status 403
2026-08-11 23:22:50,502 | WARNING |    ⚠ Blocked (403) retry 3
2026-08-11 23:22:50,575 | INFO | 🌐 Session warmed
2026-08-11 23:22:51,252 | INFO | [340/1901] Fetching Cheeka (CHEK)
2026-08-11 23:22:52,160 | INFO |    ↳ Status 403
2026-08-11 23:22:52,161 | WARNING |    ⚠ Blocked (403) retry 1
2026-08-11 23:22:52,246 | INFO | 🌐 Session warmed
2026-08-11 23:22:52,336 | INFO | [341/1901] Fetching Cheepurupalli (CHEE)
2026-08-11 23:22:52,866 | INFO | [342/1901] Fetching Chelpur (CHEL)
2026-08-11 23:22:52,991 | INFO |    ↳ Status 403
2026-08-11 23:22:52,991 | WARNING |    ⚠ Blocked (403) retry 1
2026-08-11 23:22:53,064 | INFO | 🌐 Session warmed
2026-08-11 23:22:53,501 | INFO |    ↳ Status 403
2026-08-11 23:22:53,501 | WARNING |    ⚠ Blocked (403) retry 1
2026-08-11 23:22:53,580 | INFO | 🌐 Session warmed
2026-08-11 23:22:54,495 | INFO |    ↳ Status 403
2026-08-11 23:22:54,495 | WARNING |    ⚠ Blocked (403) retry 2
2026-08-11 23:22:54,561 | INFO | 🌐 Session warmed
2026-08-11 23:22:54,575 | INFO | [343/1901] Fetching Chelur (CHEO)
2026-08-11 23:22:55,102 | INFO |    ↳ Status 403
2026-08-11 23:22:55,102 | WARNING |    ⚠ Blocked (403) retry 2
2026-08-11 23:22:55,168 | INFO | 🌐 Session warmed
2026-08-11 23:22:55,398 | INFO |    ↳ Status 403
2026-08-11 23:22:55,398 | WARNING |    ⚠ Blocked (403) retry 2
2026-08-11 23:22:55,470 | INFO | 🌐 Session warmed
2026-08-11 23:22:55,599 | INFO |    ↳ Status 403
2026-08-11 23:22:55,599 | WARNING |    ⚠ Blocked (403) retry 1
2026-08-11 23:22:55,684 | INFO | 🌐 Session warmed
2026-08-11 23:22:57,729 | INFO |    ↳ Status 403
2026-08-11 23:22:57,729 | WARNING |    ⚠ Blocked (403) retry 2
2026-08-11 23:22:57,797 | INFO | 🌐 Session warmed
2026-08-11 23:22:57,893 | INFO |    ↳ Status 403
2026-08-11 23:22:57,893 | WARNING |    ⚠ Blocked (403) retry 3
2026-08-11 23:22:57,996 | INFO | 🌐 Session warmed
2026-08-11 23:22:58,104 | INFO |    ↳ Status 403
2026-08-11 23:22:58,104 | WARNING |    ⚠ Blocked (403) retry 3
2026-08-11 23:22:58,195 | INFO | 🌐 Session warmed
2026-08-11 23:22:58,347 | INFO |    ↳ Status 403
2026-08-11 23:22:58,347 | WARNING |    ⚠ Blocked (403) retry 3
2026-08-11 23:22:58,432 | INFO | 🌐 Session warmed
2026-08-11 23:23:00,509 | INFO |    ↳ Status 403
2026-08-11 23:23:00,509 | WARNING |    ⚠ Blocked (403) retry 3
2026-08-11 23:23:00,577 | INFO | 🌐 Session warmed
2026-08-11 23:23:01,996 | INFO | [344/1901] Fetching Chendrapinni (CNPI)
2026-08-11 23:23:02,196 | INFO | [345/1901] Fetching Chengalpattu (CHET)
2026-08-11 23:23:02,432 | INFO | [346/1901] Fetching Chengannur (CHEG)
2026-08-11 23:23:02,975 | INFO |    ↳ Status 403
2026-08-11 23:23:02,975 | WARNING |    ⚠ Blocked (403) retry 1
2026-08-11 23:23:02,988 | INFO |    ↳ Status 403
2026-08-11 23:23:02,988 | WARNING |    ⚠ Blocked (403) retry 1
2026-08-11 23:23:03,048 | INFO | 🌐 Session warmed
2026-08-11 23:23:03,066 | INFO | 🌐 Session warmed
2026-08-11 23:23:03,303 | INFO |    ↳ Status 403
2026-08-11 23:23:03,303 | WARNING |    ⚠ Blocked (403) retry 1
2026-08-11 23:23:03,369 | INFO | 🌐 Session warmed
2026-08-11 23:23:04,577 | INFO | [347/1901] Fetching Chennur (CHNU)
2026-08-11 23:23:04,809 | INFO |    ↳ Status 403
2026-08-11 23:23:04,809 | WARNING |    ⚠ Blocked (403) retry 2
2026-08-11 23:23:04,894 | INFO | 🌐 Session warmed
2026-08-11 23:23:05,162 | INFO |    ↳ Status 403
2026-08-11 23:23:05,162 | WARNING |    ⚠ Blocked (403) retry 2
2026-08-11 23:23:05,256 | INFO | 🌐 Session warmed
2026-08-11 23:23:05,674 | INFO |    ↳ Status 403
2026-08-11 23:23:05,674 | WARNING |    ⚠ Blocked (403) retry 2
2026-08-11 23:23:05,772 | INFO | 🌐 Session warmed
2026-08-11 23:23:05,922 | INFO |    ↳ Status 403
2026-08-11 23:23:05,922 | WARNING |    ⚠ Blocked (403) retry 1
2026-08-11 23:23:06,019 | INFO | 🌐 Session warmed
2026-08-11 23:23:07,874 | INFO |    ↳ Status 403
2026-08-11 23:23:07,874 | WARNING |    ⚠ Blocked (403) retry 2
2026-08-11 23:23:07,943 | INFO | 🌐 Session warmed
2026-08-11 23:23:08,068 | INFO |    ↳ Status 403
2026-08-11 23:23:08,068 | WARNING |    ⚠ Blocked (403) retry 3
2026-08-11 23:23:08,139 | INFO | 🌐 Session warmed
2026-08-11 23:23:08,168 | INFO |    ↳ Status 403
2026-08-11 23:23:08,168 | WARNING |    ⚠ Blocked (403) retry 3
2026-08-11 23:23:08,237 | INFO | 🌐 Session warmed
2026-08-11 23:23:08,929 | INFO |    ↳ Status 403
2026-08-11 23:23:08,929 | WARNING |    ⚠ Blocked (403) retry 3
2026-08-11 23:23:09,011 | INFO | 🌐 Session warmed
2026-08-11 23:23:10,839 | INFO |    ↳ Status 403
2026-08-11 23:23:10,840 | WARNING |    ⚠ Blocked (403) retry 3
2026-08-11 23:23:10,938 | INFO | 🌐 Session warmed
2026-08-11 23:23:12,139 | INFO | [348/1901] Fetching Chenthrapini (CHEI)
2026-08-11 23:23:12,237 | INFO | [349/1901] Fetching Cherial (CHRY)
2026-08-11 23:23:12,944 | INFO |    ↳ Status 403
2026-08-11 23:23:12,944 | WARNING |    ⚠ Blocked (403) retry 1
2026-08-11 23:23:13,011 | INFO | [350/1901] Fetching Cherla (CHRL)
2026-08-11 23:23:13,029 | INFO | 🌐 Session warmed
2026-08-11 23:23:13,231 | INFO |    ↳ Status 403
2026-08-11 23:23:13,231 | WARNING |    ⚠ Blocked (403) retry 1
2026-08-11 23:23:13,324 | INFO | 🌐 Session warmed
2026-08-11 23:23:14,117 | INFO |    ↳ Status 403
2026-08-11 23:23:14,117 | WARNING |    ⚠ Blocked (403) retry 1
2026-08-11 23:23:14,188 | INFO | 🌐 Session warmed
2026-08-11 23:23:14,939 | INFO | [351/1901] Fetching Cherpulassery (CHER)
2026-08-11 23:23:15,064 | INFO |    ↳ Status 403
2026-08-11 23:23:15,064 | WARNING |    ⚠ Blocked (403) retry 2
2026-08-11 23:23:15,138 | INFO | 🌐 Session warmed
2026-08-11 23:23:15,179 | INFO |    ↳ Status 403
2026-08-11 23:23:15,179 | WARNING |    ⚠ Blocked (403) retry 2
2026-08-11 23:23:15,269 | INFO | 🌐 Session warmed
2026-08-11 23:23:15,756 | INFO |    ↳ Status 403
2026-08-11 23:23:15,756 | WARNING |    ⚠ Blocked (403) retry 1
2026-08-11 23:23:15,828 | INFO | 🌐 Session warmed
2026-08-11 23:23:16,298 | INFO |    ↳ Status 403
2026-08-11 23:23:16,298 | WARNING |    ⚠ Blocked (403) retry 2
2026-08-11 23:23:16,370 | INFO | 🌐 Session warmed
2026-08-11 23:23:17,772 | INFO |    ↳ Status 403
2026-08-11 23:23:17,772 | WARNING |    ⚠ Blocked (403) retry 2
2026-08-11 23:23:17,947 | INFO |    ↳ Status 403
2026-08-11 23:23:17,947 | WARNING |    ⚠ Blocked (403) retry 3
2026-08-11 23:23:18,014 | INFO | 🌐 Session warmed
2026-08-11 23:23:18,044 | INFO | 🌐 Session warmed
2026-08-11 23:23:18,550 | INFO |    ↳ Status 403
2026-08-11 23:23:18,550 | WARNING |    ⚠ Blocked (403) retry 3
2026-08-11 23:23:18,614 | INFO | 🌐 Session warmed
2026-08-11 23:23:19,633 | INFO |    ↳ Status 403
2026-08-11 23:23:19,633 | WARNING |    ⚠ Blocked (403) retry 3
2026-08-11 23:23:19,709 | INFO | 🌐 Session warmed
2026-08-11 23:23:20,932 | INFO |    ↳ Status 403
2026-08-11 23:23:20,932 | WARNING |    ⚠ Blocked (403) retry 3
2026-08-11 23:23:21,003 | INFO | 🌐 Session warmed
2026-08-11 23:23:22,044 | INFO | [352/1901] Fetching Cherrapunji (CHPU)
2026-08-11 23:23:22,615 | INFO | [353/1901] Fetching Cherthala (CRTL)
2026-08-11 23:23:23,393 | INFO |    ↳ Status 403
2026-08-11 23:23:23,393 | WARNING |    ⚠ Blocked (403) retry 1
2026-08-11 23:23:23,463 | INFO | 🌐 Session warmed
2026-08-11 23:23:23,585 | INFO |    ↳ Status 403
2026-08-11 23:23:23,586 | WARNING |    ⚠ Blocked (403) retry 1
2026-08-11 23:23:23,661 | INFO | 🌐 Session warmed
2026-08-11 23:23:23,709 | INFO | [354/1901] Fetching Chetpet (PPPT)
2026-08-11 23:23:24,817 | INFO |    ↳ Status 403
2026-08-11 23:23:24,817 | WARNING |    ⚠ Blocked (403) retry 1
2026-08-11 23:23:24,902 | INFO | 🌐 Session warmed
2026-08-11 23:23:25,003 | INFO | [355/1901] Fetching Chevella (CHEV)
2026-08-11 23:23:25,282 | INFO |    ↳ Status 403
2026-08-11 23:23:25,282 | WARNING |    ⚠ Blocked (403) retry 2
2026-08-11 23:23:25,379 | INFO | 🌐 Session warmed
2026-08-11 23:23:25,854 | INFO |    ↳ Status 403
2026-08-11 23:23:25,854 | WARNING |    ⚠ Blocked (403) retry 2
2026-08-11 23:23:25,936 | INFO | 🌐 Session warmed
2026-08-11 23:23:26,345 | INFO |    ↳ Status 403
2026-08-11 23:23:26,345 | WARNING |    ⚠ Blocked (403) retry 1
2026-08-11 23:23:26,414 | INFO | 🌐 Session warmed
2026-08-11 23:23:27,293 | INFO |    ↳ Status 403
2026-08-11 23:23:27,293 | WARNING |    ⚠ Blocked (403) retry 2
2026-08-11 23:23:27,365 | INFO | 🌐 Session warmed
2026-08-11 23:23:28,054 | INFO |    ↳ Status 403
2026-08-11 23:23:28,054 | WARNING |    ⚠ Blocked (403) retry 2
2026-08-11 23:23:28,134 | INFO | 🌐 Session warmed
2026-08-11 23:23:28,141 | INFO |    ↳ Status 403
2026-08-11 23:23:28,141 | WARNING |    ⚠ Blocked (403) retry 3
2026-08-11 23:23:28,231 | INFO | 🌐 Session warmed
2026-08-11 23:23:28,671 | INFO |    ↳ Status 403
2026-08-11 23:23:28,671 | WARNING |    ⚠ Blocked (403) retry 3
2026-08-11 23:23:28,744 | INFO | 🌐 Session warmed
2026-08-11 23:23:30,108 | INFO |    ↳ Status 403
2026-08-11 23:23:30,109 | WARNING |    ⚠ Blocked (403) retry 3
2026-08-11 23:23:30,196 | INFO | 🌐 Session warmed
2026-08-11 23:23:31,296 | INFO |    ↳ Status 403
2026-08-11 23:23:31,296 | WARNING |    ⚠ Blocked (403) retry 3
2026-08-11 23:23:31,395 | INFO | 🌐 Session warmed
2026-08-11 23:23:32,231 | INFO | [356/1901] Fetching Cheyyar (CHEY)
2026-08-11 23:23:32,745 | INFO | [357/1901] Fetching Cheyyur (CHYR)
2026-08-11 23:23:33,616 | INFO |    ↳ Status 403
2026-08-11 23:23:33,616 | WARNING |    ⚠ Blocked (403) retry 1
2026-08-11 23:23:33,626 | INFO |    ↳ Status 403
2026-08-11 23:23:33,626 | WARNING |    ⚠ Blocked (403) retry 1
2026-08-11 23:23:33,708 | INFO | 🌐 Session warmed
2026-08-11 23:23:33,721 | INFO | 🌐 Session warmed
2026-08-11 23:23:34,197 | INFO | [358/1901] Fetching Chhabra (CHHB)
2026-08-11 23:23:35,328 | INFO |    ↳ Status 403
2026-08-11 23:23:35,328 | WARNING |    ⚠ Blocked (403) retry 2
2026-08-11 23:23:35,396 | INFO | [359/1901] Fetching Chhatarpur (CHHT)
2026-08-11 23:23:35,414 | INFO | 🌐 Session warmed
2026-08-11 23:23:35,560 | INFO |    ↳ Status 403
2026-08-11 23:23:35,560 | WARNING |    ⚠ Blocked (403) retry 1
2026-08-11 23:23:35,634 | INFO | 🌐 Session warmed
2026-08-11 23:23:36,038 | INFO |    ↳ Status 403
2026-08-11 23:23:36,038 | WARNING |    ⚠ Blocked (403) retry 2
2026-08-11 23:23:36,113 | INFO | 🌐 Session warmed
2026-08-11 23:23:36,685 | INFO |    ↳ Status 403
2026-08-11 23:23:36,685 | WARNING |    ⚠ Blocked (403) retry 1
2026-08-11 23:23:36,787 | INFO | 🌐 Session warmed
2026-08-11 23:23:37,995 | INFO |    ↳ Status 403
2026-08-11 23:23:37,995 | WARNING |    ⚠ Blocked (403) retry 2
2026-08-11 23:23:38,082 | INFO | 🌐 Session warmed
2026-08-11 23:23:38,341 | INFO |    ↳ Status 403
2026-08-11 23:23:38,341 | WARNING |    ⚠ Blocked (403) retry 3
2026-08-11 23:23:38,405 | INFO | 🌐 Session warmed
2026-08-11 23:23:39,035 | INFO |    ↳ Status 403
2026-08-11 23:23:39,035 | WARNING |    ⚠ Blocked (403) retry 2
2026-08-11 23:23:39,107 | INFO | 🌐 Session warmed
2026-08-11 23:23:39,333 | INFO |    ↳ Status 403
2026-08-11 23:23:39,333 | WARNING |    ⚠ Blocked (403) retry 3
2026-08-11 23:23:39,416 | INFO | 🌐 Session warmed
2026-08-11 23:23:40,757 | INFO |    ↳ Status 403
2026-08-11 23:23:40,757 | WARNING |    ⚠ Blocked (403) retry 3
2026-08-11 23:23:40,827 | INFO | 🌐 Session warmed
2026-08-11 23:23:41,865 | INFO |    ↳ Status 403
2026-08-11 23:23:41,866 | WARNING |    ⚠ Blocked (403) retry 3
2026-08-11 23:23:41,959 | INFO | 🌐 Session warmed
2026-08-11 23:23:42,405 | INFO | [360/1901] Fetching Chhatrapati Sambhajinagar (Aurangabad) (AURA)
2026-08-11 23:23:43,416 | INFO | [361/1901] Fetching Chhibramau (CHHI)
2026-08-11 23:23:43,552 | INFO |    ↳ Status 403
2026-08-11 23:23:43,552 | WARNING |    ⚠ Blocked (403) retry 1
2026-08-11 23:23:43,621 | INFO | 🌐 Session warmed
2026-08-11 23:23:44,074 | INFO |    ↳ Status 403
2026-08-11 23:23:44,074 | WARNING |    ⚠ Blocked (403) retry 1
2026-08-11 23:23:44,137 | INFO | 🌐 Session warmed
2026-08-11 23:23:44,828 | INFO | [362/1901] Fetching Chhindwara (CHIN)
2026-08-11 23:23:45,959 | INFO | [363/1901] Fetching Chickmagaluru (CHKA)
2026-08-11 23:23:46,028 | INFO |    ↳ Status 403
2026-08-11 23:23:46,028 | WARNING |    ⚠ Blocked (403) retry 2
2026-08-11 23:23:46,044 | INFO |    ↳ Status 403
2026-08-11 23:23:46,044 | WARNING |    ⚠ Blocked (403) retry 2
2026-08-11 23:23:46,108 | INFO | 🌐 Session warmed
2026-08-11 23:23:46,136 | INFO | 🌐 Session warmed
2026-08-11 23:23:46,237 | INFO |    ↳ Status 403
2026-08-11 23:23:46,237 | WARNING |    ⚠ Blocked (403) retry 1
2026-08-11 23:23:46,305 | INFO | 🌐 Session warmed
2026-08-11 23:23:46,838 | INFO |    ↳ Status 403
2026-08-11 23:23:46,838 | WARNING |    ⚠ Blocked (403) retry 1
2026-08-11 23:23:46,908 | INFO | 🌐 Session warmed
2026-08-11 23:23:48,172 | INFO |    ↳ Status 403
2026-08-11 23:23:48,172 | WARNING |    ⚠ Blocked (403) retry 2
2026-08-11 23:23:48,238 | INFO | 🌐 Session warmed
2026-08-11 23:23:48,831 | INFO |    ↳ Status 403
2026-08-11 23:23:48,831 | WARNING |    ⚠ Blocked (403) retry 3
2026-08-11 23:23:48,905 | INFO | 🌐 Session warmed
2026-08-11 23:23:49,152 | INFO |    ↳ Status 403
2026-08-11 23:23:49,152 | WARNING |    ⚠ Blocked (403) retry 2
2026-08-11 23:23:49,236 | INFO | 🌐 Session warmed
2026-08-11 23:23:49,534 | INFO |    ↳ Status 403
2026-08-11 23:23:49,534 | WARNING |    ⚠ Blocked (403) retry 3
2026-08-11 23:23:49,608 | INFO | 🌐 Session warmed
2026-08-11 23:23:51,418 | INFO |    ↳ Status 403
2026-08-11 23:23:51,418 | WARNING |    ⚠ Blocked (403) retry 3
2026-08-11 23:23:51,491 | INFO | 🌐 Session warmed
2026-08-11 23:23:52,168 | INFO |    ↳ Status 403
2026-08-11 23:23:52,168 | WARNING |    ⚠ Blocked (403) retry 3
2026-08-11 23:23:52,248 | INFO | 🌐 Session warmed
2026-08-11 23:23:52,905 | INFO | [364/1901] Fetching Chidambaram (CHID)
2026-08-11 23:23:53,609 | INFO | [365/1901] Fetching Chikhli (CHIH)
2026-08-11 23:23:54,252 | INFO |    ↳ Status 403
2026-08-11 23:23:54,252 | WARNING |    ⚠ Blocked (403) retry 1
2026-08-11 23:23:54,350 | INFO | 🌐 Session warmed
2026-08-11 23:23:54,462 | INFO |    ↳ Status 403
2026-08-11 23:23:54,462 | WARNING |    ⚠ Blocked (403) retry 1
2026-08-11 23:23:54,531 | INFO | 🌐 Session warmed
2026-08-11 23:23:55,491 | INFO | [366/1901] Fetching Chikkaballapur (CHIK)
2026-08-11 23:23:56,175 | INFO |    ↳ Status 403
2026-08-11 23:23:56,175 | WARNING |    ⚠ Blocked (403) retry 1
2026-08-11 23:23:56,246 | INFO | 🌐 Session warmed
2026-08-11 23:23:56,248 | INFO | [367/1901] Fetching Chikmagalur (CHUR)
2026-08-11 23:23:56,315 | INFO |    ↳ Status 403
2026-08-11 23:23:56,315 | WARNING |    ⚠ Blocked (403) retry 2
2026-08-11 23:23:56,343 | INFO |    ↳ Status 403
2026-08-11 23:23:56,343 | WARNING |    ⚠ Blocked (403) retry 2
2026-08-11 23:23:56,414 | INFO | 🌐 Session warmed
2026-08-11 23:23:56,419 | INFO | 🌐 Session warmed
2026-08-11 23:23:57,244 | INFO |    ↳ Status 403
2026-08-11 23:23:57,244 | WARNING |    ⚠ Blocked (403) retry 1
2026-08-11 23:23:57,309 | INFO | 🌐 Session warmed
2026-08-11 23:23:58,643 | INFO |    ↳ Status 403
2026-08-11 23:23:58,643 | WARNING |    ⚠ Blocked (403) retry 2
2026-08-11 23:23:58,711 | INFO | 🌐 Session warmed
2026-08-11 23:23:59,261 | INFO |    ↳ Status 403
2026-08-11 23:23:59,261 | WARNING |    ⚠ Blocked (403) retry 3
2026-08-11 23:23:59,362 | INFO | 🌐 Session warmed
2026-08-11 23:23:59,560 | INFO |    ↳ Status 403
2026-08-11 23:23:59,561 | WARNING |    ⚠ Blocked (403) retry 2
2026-08-11 23:23:59,638 | INFO | 🌐 Session warmed
2026-08-11 23:23:59,787 | INFO |    ↳ Status 403
2026-08-11 23:23:59,787 | WARNING |    ⚠ Blocked (403) retry 3
2026-08-11 23:23:59,867 | INFO | 🌐 Session warmed
2026-08-11 23:24:01,932 | INFO |    ↳ Status 403
2026-08-11 23:24:01,932 | WARNING |    ⚠ Blocked (403) retry 3
2026-08-11 23:24:02,032 | INFO | 🌐 Session warmed
2026-08-11 23:24:02,629 | INFO |    ↳ Status 403
2026-08-11 23:24:02,629 | WARNING |    ⚠ Blocked (403) retry 3
2026-08-11 23:24:02,709 | INFO | 🌐 Session warmed
2026-08-11 23:24:03,362 | INFO | [368/1901] Fetching Chikodi (CHOK)
2026-08-11 23:24:03,868 | INFO | [369/1901] Fetching Chilakaluripet (CHIL)
2026-08-11 23:24:04,489 | INFO |    ↳ Status 403
2026-08-11 23:24:04,489 | WARNING |    ⚠ Blocked (403) retry 1
2026-08-11 23:24:04,578 | INFO | 🌐 Session warmed
2026-08-11 23:24:04,874 | INFO |    ↳ Status 403
2026-08-11 23:24:04,874 | WARNING |    ⚠ Blocked (403) retry 1
2026-08-11 23:24:04,970 | INFO | 🌐 Session warmed
2026-08-11 23:24:06,032 | INFO | [370/1901] Fetching Chinnalapatti (CNPT)
2026-08-11 23:24:06,204 | INFO |    ↳ Status 403
2026-08-11 23:24:06,205 | WARNING |    ⚠ Blocked (403) retry 2
2026-08-11 23:24:06,291 | INFO | 🌐 Session warmed
2026-08-11 23:24:06,709 | INFO | [371/1901] Fetching Chinnamandem (CHNA)
2026-08-11 23:24:06,930 | INFO |    ↳ Status 403
2026-08-11 23:24:06,930 | WARNING |    ⚠ Blocked (403) retry 2
2026-08-11 23:24:07,015 | INFO | 🌐 Session warmed
2026-08-11 23:24:07,198 | INFO |    ↳ Status 403
2026-08-11 23:24:07,198 | WARNING |    ⚠ Blocked (403) retry 1
2026-08-11 23:24:07,289 | INFO | 🌐 Session warmed
2026-08-11 23:24:08,040 | INFO |    ↳ Status 403
2026-08-11 23:24:08,040 | WARNING |    ⚠ Blocked (403) retry 1
2026-08-11 23:24:08,141 | INFO | 🌐 Session warmed
2026-08-11 23:24:08,972 | INFO |    ↳ Status 403
2026-08-11 23:24:08,973 | WARNING |    ⚠ Blocked (403) retry 2
2026-08-11 23:24:09,069 | INFO | 🌐 Session warmed
2026-08-11 23:24:09,599 | INFO |    ↳ Status 403
2026-08-11 23:24:09,599 | WARNING |    ⚠ Blocked (403) retry 3
2026-08-11 23:24:09,677 | INFO | 🌐 Session warmed
2026-08-11 23:24:09,850 | INFO |    ↳ Status 403
2026-08-11 23:24:09,850 | WARNING |    ⚠ Blocked (403) retry 3
2026-08-11 23:24:09,951 | INFO | 🌐 Session warmed
2026-08-11 23:24:10,008 | INFO |    ↳ Status 403
2026-08-11 23:24:10,008 | WARNING |    ⚠ Blocked (403) retry 2
2026-08-11 23:24:10,112 | INFO | 🌐 Session warmed
2026-08-11 23:24:12,052 | INFO |    ↳ Status 403
2026-08-11 23:24:12,052 | WARNING |    ⚠ Blocked (403) retry 3
2026-08-11 23:24:12,125 | INFO | 🌐 Session warmed
2026-08-11 23:24:13,291 | INFO |    ↳ Status 403
2026-08-11 23:24:13,291 | WARNING |    ⚠ Blocked (403) retry 3
2026-08-11 23:24:13,361 | INFO | 🌐 Session warmed
2026-08-11 23:24:13,677 | INFO | [372/1901] Fetching Chinnamanur (CHAR)
2026-08-11 23:24:13,951 | INFO | [373/1901] Fetching Chinsurah (CHSA)
2026-08-11 23:24:14,889 | INFO |    ↳ Status 403
2026-08-11 23:24:14,889 | WARNING |    ⚠ Blocked (403) retry 1
2026-08-11 23:24:14,917 | INFO |    ↳ Status 403
2026-08-11 23:24:14,917 | WARNING |    ⚠ Blocked (403) retry 1
2026-08-11 23:24:14,975 | INFO | 🌐 Session warmed
2026-08-11 23:24:15,003 | INFO | 🌐 Session warmed
2026-08-11 23:24:16,125 | INFO | [374/1901] Fetching Chintalapudi (CHPD)
2026-08-11 23:24:16,725 | INFO |    ↳ Status 403
2026-08-11 23:24:16,725 | WARNING |    ⚠ Blocked (403) retry 2
2026-08-11 23:24:16,794 | INFO | 🌐 Session warmed
2026-08-11 23:24:17,145 | INFO |    ↳ Status 403
2026-08-11 23:24:17,145 | WARNING |    ⚠ Blocked (403) retry 2
2026-08-11 23:24:17,222 | INFO | 🌐 Session warmed
2026-08-11 23:24:17,361 | INFO | [375/1901] Fetching Chintamani (CHTI)
2026-08-11 23:24:17,399 | INFO |    ↳ Status 403
2026-08-11 23:24:17,399 | WARNING |    ⚠ Blocked (403) retry 1
2026-08-11 23:24:17,486 | INFO | 🌐 Session warmed
2026-08-11 23:24:17,990 | INFO |    ↳ Status 403
2026-08-11 23:24:17,990 | WARNING |    ⚠ Blocked (403) retry 1
2026-08-11 23:24:18,062 | INFO | 🌐 Session warmed
2026-08-11 23:24:19,126 | INFO |    ↳ Status 403
2026-08-11 23:24:19,126 | WARNING |    ⚠ Blocked (403) retry 2
2026-08-11 23:24:19,214 | INFO | 🌐 Session warmed
2026-08-11 23:24:19,854 | INFO |    ↳ Status 403
2026-08-11 23:24:19,855 | WARNING |    ⚠ Blocked (403) retry 3
2026-08-11 23:24:19,927 | INFO | 🌐 Session warmed
2026-08-11 23:24:20,242 | INFO |    ↳ Status 403
2026-08-11 23:24:20,242 | WARNING |    ⚠ Blocked (403) retry 2
2026-08-11 23:24:20,312 | INFO | 🌐 Session warmed
2026-08-11 23:24:20,597 | INFO |    ↳ Status 403
2026-08-11 23:24:20,597 | WARNING |    ⚠ Blocked (403) retry 3
2026-08-11 23:24:20,668 | INFO | 🌐 Session warmed
2026-08-11 23:24:21,947 | INFO |    ↳ Status 403
2026-08-11 23:24:21,947 | WARNING |    ⚠ Blocked (403) retry 3
2026-08-11 23:24:22,042 | INFO | 🌐 Session warmed
2026-08-11 23:24:23,152 | INFO |    ↳ Status 403
2026-08-11 23:24:23,152 | WARNING |    ⚠ Blocked (403) retry 3
2026-08-11 23:24:23,234 | INFO | 🌐 Session warmed
2026-08-11 23:24:23,928 | INFO | [376/1901] Fetching Chinturu (CHTN)
2026-08-11 23:24:24,668 | INFO | [377/1901] Fetching Chiplun (CHPL)
2026-08-11 23:24:24,677 | INFO |    ↳ Status 403
2026-08-11 23:24:24,677 | WARNING |    ⚠ Blocked (403) retry 1
2026-08-11 23:24:24,748 | INFO | 🌐 Session warmed
2026-08-11 23:24:25,615 | INFO |    ↳ Status 403
2026-08-11 23:24:25,615 | WARNING |    ⚠ Blocked (403) retry 1
2026-08-11 23:24:25,697 | INFO | 🌐 Session warmed
2026-08-11 23:24:26,042 | INFO | [378/1901] Fetching Chiraiyakot (CHYO)
2026-08-11 23:24:26,860 | INFO |    ↳ Status 403
2026-08-11 23:24:26,861 | WARNING |    ⚠ Blocked (403) retry 1
2026-08-11 23:24:26,923 | INFO | 🌐 Session warmed
2026-08-11 23:24:27,008 | INFO |    ↳ Status 403
2026-08-11 23:24:27,008 | WARNING |    ⚠ Blocked (403) retry 2
2026-08-11 23:24:27,087 | INFO | 🌐 Session warmed
2026-08-11 23:24:27,234 | INFO | [379/1901] Fetching Chirala (CHIR)
2026-08-11 23:24:27,990 | INFO |    ↳ Status 403
2026-08-11 23:24:27,990 | WARNING |    ⚠ Blocked (403) retry 2
2026-08-11 23:24:28,083 | INFO | 🌐 Session warmed
2026-08-11 23:24:28,603 | INFO |    ↳ Status 403
2026-08-11 23:24:28,603 | WARNING |    ⚠ Blocked (403) retry 1
2026-08-11 23:24:28,691 | INFO | 🌐 Session warmed
2026-08-11 23:24:29,053 | INFO |    ↳ Status 403
2026-08-11 23:24:29,053 | WARNING |    ⚠ Blocked (403) retry 2
2026-08-11 23:24:29,157 | INFO | 🌐 Session warmed
2026-08-11 23:24:30,186 | INFO |    ↳ Status 403
2026-08-11 23:24:30,186 | WARNING |    ⚠ Blocked (403) retry 3
2026-08-11 23:24:30,268 | INFO | 🌐 Session warmed
2026-08-11 23:24:30,808 | INFO |    ↳ Status 403
2026-08-11 23:24:30,808 | WARNING |    ⚠ Blocked (403) retry 2
2026-08-11 23:24:30,901 | INFO | 🌐 Session warmed
2026-08-11 23:24:31,191 | INFO |    ↳ Status 403
2026-08-11 23:24:31,191 | WARNING |    ⚠ Blocked (403) retry 3
2026-08-11 23:24:31,260 | INFO | 🌐 Session warmed
2026-08-11 23:24:31,794 | INFO |    ↳ Status 403
2026-08-11 23:24:31,794 | WARNING |    ⚠ Blocked (403) retry 3
2026-08-11 23:24:31,872 | INFO | 🌐 Session warmed
2026-08-11 23:24:34,092 | INFO |    ↳ Status 403
2026-08-11 23:24:34,092 | WARNING |    ⚠ Blocked (403) retry 3
2026-08-11 23:24:34,168 | INFO | 🌐 Session warmed
2026-08-11 23:24:34,268 | INFO | [380/1901] Fetching Chirawa (CWRJ)
2026-08-11 23:24:35,260 | INFO | [381/1901] Fetching Chitradurga (CHIT)
2026-08-11 23:24:35,582 | INFO |    ↳ Status 403
2026-08-11 23:24:35,583 | WARNING |    ⚠ Blocked (403) retry 1
2026-08-11 23:24:35,651 | INFO | 🌐 Session warmed
2026-08-11 23:24:35,873 | INFO | [382/1901] Fetching Chittoor (CHTT)
2026-08-11 23:24:36,293 | INFO |    ↳ Status 403
2026-08-11 23:24:36,293 | WARNING |    ⚠ Blocked (403) retry 1
2026-08-11 23:24:36,393 | INFO | 🌐 Session warmed
2026-08-11 23:24:36,598 | INFO |    ↳ Status 403
2026-08-11 23:24:36,598 | WARNING |    ⚠ Blocked (403) retry 1
2026-08-11 23:24:36,669 | INFO | 🌐 Session warmed
2026-08-11 23:24:37,779 | INFO |    ↳ Status 403
2026-08-11 23:24:37,779 | WARNING |    ⚠ Blocked (403) retry 2
2026-08-11 23:24:37,851 | INFO | 🌐 Session warmed
2026-08-11 23:24:38,169 | INFO | [383/1901] Fetching Chittorgarh (COTT)
2026-08-11 23:24:38,731 | INFO |    ↳ Status 403
2026-08-11 23:24:38,731 | WARNING |    ⚠ Blocked (403) retry 2
2026-08-11 23:24:38,826 | INFO | 🌐 Session warmed
2026-08-11 23:24:39,015 | INFO |    ↳ Status 403
2026-08-11 23:24:39,015 | WARNING |    ⚠ Blocked (403) retry 2
2026-08-11 23:24:39,018 | INFO |    ↳ Status 403
2026-08-11 23:24:39,018 | WARNING |    ⚠ Blocked (403) retry 1
2026-08-11 23:24:39,115 | INFO | 🌐 Session warmed
2026-08-11 23:24:39,123 | INFO | 🌐 Session warmed
2026-08-11 23:24:41,254 | INFO |    ↳ Status 403
2026-08-11 23:24:41,254 | WARNING |    ⚠ Blocked (403) retry 3
2026-08-11 23:24:41,259 | INFO |    ↳ Status 403
2026-08-11 23:24:41,259 | WARNING |    ⚠ Blocked (403) retry 2
2026-08-11 23:24:41,367 | INFO | 🌐 Session warmed
2026-08-11 23:24:41,384 | INFO | 🌐 Session warmed
2026-08-11 23:24:42,020 | INFO |    ↳ Status 403
2026-08-11 23:24:42,020 | WARNING |    ⚠ Blocked (403) retry 3
2026-08-11 23:24:42,111 | INFO | 🌐 Session warmed
2026-08-11 23:24:42,430 | INFO |    ↳ Status 403
2026-08-11 23:24:42,430 | WARNING |    ⚠ Blocked (403) retry 3
2026-08-11 23:24:42,513 | INFO | 🌐 Session warmed
2026-08-11 23:24:44,048 | INFO |    ↳ Status 403
2026-08-11 23:24:44,048 | WARNING |    ⚠ Blocked (403) retry 3
2026-08-11 23:24:44,125 | INFO | 🌐 Session warmed
2026-08-11 23:24:45,384 | INFO | [384/1901] Fetching Chodavaram (CDVM)
2026-08-11 23:24:46,111 | INFO | [385/1901] Fetching Chon Buri (CHBR)
2026-08-11 23:24:46,514 | INFO | [386/1901] Fetching Chotila (CHOT)
2026-08-11 23:24:46,701 | INFO |    ↳ Status 403
2026-08-11 23:24:46,701 | WARNING |    ⚠ Blocked (403) retry 1
2026-08-11 23:24:46,788 | INFO | 🌐 Session warmed
2026-08-11 23:24:47,106 | INFO |    ↳ Status 403
2026-08-11 23:24:47,106 | WARNING |    ⚠ Blocked (403) retry 1
2026-08-11 23:24:47,185 | INFO | 🌐 Session warmed
2026-08-11 23:24:47,202 | INFO |    ↳ Status 403
2026-08-11 23:24:47,202 | WARNING |    ⚠ Blocked (403) retry 1
2026-08-11 23:24:47,265 | INFO | 🌐 Session warmed
2026-08-11 23:24:48,126 | INFO | [387/1901] Fetching Choutuppal (CHOU)
2026-08-11 23:24:48,889 | INFO |    ↳ Status 403
2026-08-11 23:24:48,889 | WARNING |    ⚠ Blocked (403) retry 2
2026-08-11 23:24:48,983 | INFO | 🌐 Session warmed
2026-08-11 23:24:49,105 | INFO |    ↳ Status 403
2026-08-11 23:24:49,105 | WARNING |    ⚠ Blocked (403) retry 2
2026-08-11 23:24:49,205 | INFO | 🌐 Session warmed
2026-08-11 23:24:49,312 | INFO |    ↳ Status 403
2026-08-11 23:24:49,312 | WARNING |    ⚠ Blocked (403) retry 2
2026-08-11 23:24:49,412 | INFO | 🌐 Session warmed
2026-08-11 23:24:49,453 | INFO |    ↳ Status 403
2026-08-11 23:24:49,453 | WARNING |    ⚠ Blocked (403) retry 1
2026-08-11 23:24:49,521 | INFO | 🌐 Session warmed
2026-08-11 23:24:51,530 | INFO |    ↳ Status 403
2026-08-11 23:24:51,530 | WARNING |    ⚠ Blocked (403) retry 2
2026-08-11 23:24:51,599 | INFO | 🌐 Session warmed
2026-08-11 23:24:52,276 | INFO |    ↳ Status 403
2026-08-11 23:24:52,276 | WARNING |    ⚠ Blocked (403) retry 3
2026-08-11 23:24:52,352 | INFO |    ↳ Status 403
2026-08-11 23:24:52,352 | WARNING |    ⚠ Blocked (403) retry 3
2026-08-11 23:24:52,360 | INFO | 🌐 Session warmed
2026-08-11 23:24:52,424 | INFO |    ↳ Status 403
2026-08-11 23:24:52,424 | WARNING |    ⚠ Blocked (403) retry 3
2026-08-11 23:24:52,444 | INFO | 🌐 Session warmed
2026-08-11 23:24:52,511 | INFO | 🌐 Session warmed
2026-08-11 23:24:54,541 | INFO |    ↳ Status 403
2026-08-11 23:24:54,541 | WARNING |    ⚠ Blocked (403) retry 3
2026-08-11 23:24:54,616 | INFO | 🌐 Session warmed
2026-08-11 23:24:56,361 | INFO | [388/1901] Fetching Churachandpur (CHUC)
2026-08-11 23:24:56,444 | INFO | [389/1901] Fetching Churu (CHRU)
2026-08-11 23:24:56,511 | INFO | [390/1901] Fetching Coimbatore (COIM)
2026-08-11 23:24:57,607 | INFO |    ↳ Status 403
2026-08-11 23:24:57,607 | WARNING |    ⚠ Blocked (403) retry 1
2026-08-11 23:24:57,632 | INFO |    ↳ Status 403
2026-08-11 23:24:57,632 | WARNING |    ⚠ Blocked (403) retry 1
2026-08-11 23:24:57,671 | INFO |    ↳ Status 403
2026-08-11 23:24:57,671 | WARNING |    ⚠ Blocked (403) retry 1
2026-08-11 23:24:57,690 | INFO | 🌐 Session warmed
2026-08-11 23:24:57,734 | INFO | 🌐 Session warmed
2026-08-11 23:24:57,769 | INFO | 🌐 Session warmed
2026-08-11 23:24:58,617 | INFO | [391/1901] Fetching Colombo (COLO)
2026-08-11 23:24:59,552 | INFO |    ↳ Status 403
2026-08-11 23:24:59,552 | WARNING |    ⚠ Blocked (403) retry 2
2026-08-11 23:24:59,565 | INFO |    ↳ Status 403
2026-08-11 23:24:59,565 | WARNING |    ⚠ Blocked (403) retry 1
2026-08-11 23:24:59,633 | INFO | 🌐 Session warmed
2026-08-11 23:24:59,663 | INFO | 🌐 Session warmed
2026-08-11 23:24:59,850 | INFO |    ↳ Status 403
2026-08-11 23:24:59,850 | WARNING |    ⚠ Blocked (403) retry 2
2026-08-11 23:24:59,931 | INFO | 🌐 Session warmed
2026-08-11 23:25:00,073 | INFO |    ↳ Status 403
2026-08-11 23:25:00,073 | WARNING |    ⚠ Blocked (403) retry 2
2026-08-11 23:25:00,160 | INFO | 🌐 Session warmed
2026-08-11 23:25:01,870 | INFO |    ↳ Status 403
2026-08-11 23:25:01,870 | WARNING |    ⚠ Blocked (403) retry 2
2026-08-11 23:25:01,957 | INFO | 🌐 Session warmed
2026-08-11 23:25:02,394 | INFO |    ↳ Status 403
2026-08-11 23:25:02,394 | WARNING |    ⚠ Blocked (403) retry 3
2026-08-11 23:25:02,484 | INFO | 🌐 Session warmed
2026-08-11 23:25:02,574 | INFO |    ↳ Status 403
2026-08-11 23:25:02,574 | WARNING |    ⚠ Blocked (403) retry 3
2026-08-11 23:25:02,643 | INFO | 🌐 Session warmed
2026-08-11 23:25:03,267 | INFO |    ↳ Status 403
2026-08-11 23:25:03,267 | WARNING |    ⚠ Blocked (403) retry 3
2026-08-11 23:25:03,339 | INFO | 🌐 Session warmed
2026-08-11 23:25:05,251 | INFO |    ↳ Status 403
2026-08-11 23:25:05,251 | WARNING |    ⚠ Blocked (403) retry 3
2026-08-11 23:25:05,334 | INFO | 🌐 Session warmed
2026-08-11 23:25:06,485 | INFO | [392/1901] Fetching Cooch Behar (COBE)
2026-08-11 23:25:06,643 | INFO | [393/1901] Fetching Coonoor (CUNR)
2026-08-11 23:25:07,340 | INFO | [394/1901] Fetching Cuddalore (CUDD)
2026-08-11 23:25:07,631 | INFO |    ↳ Status 403
2026-08-11 23:25:07,631 | WARNING |    ⚠ Blocked (403) retry 1
2026-08-11 23:25:07,704 | INFO | 🌐 Session warmed
2026-08-11 23:25:07,768 | INFO |    ↳ Status 403
2026-08-11 23:25:07,768 | WARNING |    ⚠ Blocked (403) retry 1
2026-08-11 23:25:07,841 | INFO | 🌐 Session warmed
2026-08-11 23:25:08,022 | INFO |    ↳ Status 403
2026-08-11 23:25:08,022 | WARNING |    ⚠ Blocked (403) retry 1
2026-08-11 23:25:08,104 | INFO | 🌐 Session warmed
2026-08-11 23:25:09,334 | INFO | [395/1901] Fetching Cumbum (CMBM)
2026-08-11 23:25:09,732 | INFO |    ↳ Status 403
2026-08-11 23:25:09,732 | WARNING |    ⚠ Blocked (403) retry 2
2026-08-11 23:25:09,816 | INFO | 🌐 Session warmed
2026-08-11 23:25:10,142 | INFO |    ↳ Status 403
2026-08-11 23:25:10,142 | WARNING |    ⚠ Blocked (403) retry 1
2026-08-11 23:25:10,164 | INFO |    ↳ Status 403
2026-08-11 23:25:10,164 | WARNING |    ⚠ Blocked (403) retry 2
2026-08-11 23:25:10,175 | INFO |    ↳ Status 403
2026-08-11 23:25:10,175 | WARNING |    ⚠ Blocked (403) retry 2
2026-08-11 23:25:10,257 | INFO | 🌐 Session warmed
2026-08-11 23:25:10,271 | INFO | 🌐 Session warmed
2026-08-11 23:25:10,288 | INFO | 🌐 Session warmed
2026-08-11 23:25:12,566 | INFO |    ↳ Status 403
2026-08-11 23:25:12,567 | WARNING |    ⚠ Blocked (403) retry 2
2026-08-11 23:25:12,580 | INFO |    ↳ Status 403
2026-08-11 23:25:12,580 | WARNING |    ⚠ Blocked (403) retry 3
2026-08-11 23:25:12,643 | INFO | 🌐 Session warmed
2026-08-11 23:25:12,688 | INFO | 🌐 Session warmed
2026-08-11 23:25:13,020 | INFO |    ↳ Status 403
2026-08-11 23:25:13,020 | WARNING |    ⚠ Blocked (403) retry 3
2026-08-11 23:25:13,152 | INFO | 🌐 Session warmed
2026-08-11 23:25:13,667 | INFO |    ↳ Status 403
2026-08-11 23:25:13,667 | WARNING |    ⚠ Blocked (403) retry 3
2026-08-11 23:25:13,746 | INFO | 🌐 Session warmed
2026-08-11 23:25:15,429 | INFO |    ↳ Status 403
2026-08-11 23:25:15,430 | WARNING |    ⚠ Blocked (403) retry 3
2026-08-11 23:25:15,512 | INFO | 🌐 Session warmed
2026-08-11 23:25:16,688 | INFO | [396/1901] Fetching Cumbum (AP) (CUMB)
2026-08-11 23:25:17,152 | INFO | [397/1901] Fetching Cuttack (CUTT)
2026-08-11 23:25:17,634 | INFO |    ↳ Status 403
2026-08-11 23:25:17,634 | WARNING |    ⚠ Blocked (403) retry 1
2026-08-11 23:25:17,704 | INFO | 🌐 Session warmed
2026-08-11 23:25:17,747 | INFO | [398/1901] Fetching Dabhara (DABH)
2026-08-11 23:25:18,381 | INFO |    ↳ Status 403
2026-08-11 23:25:18,381 | WARNING |    ⚠ Blocked (403) retry 1
2026-08-11 23:25:18,467 | INFO | 🌐 Session warmed
2026-08-11 23:25:18,775 | INFO |    ↳ Status 403
2026-08-11 23:25:18,775 | WARNING |    ⚠ Blocked (403) retry 1
2026-08-11 23:25:18,846 | INFO | 🌐 Session warmed
2026-08-11 23:25:19,513 | INFO | [399/1901] Fetching Dabra (DABR)
2026-08-11 23:25:19,640 | INFO |    ↳ Status 403
2026-08-11 23:25:19,640 | WARNING |    ⚠ Blocked (403) retry 2
2026-08-11 23:25:19,743 | INFO | 🌐 Session warmed
2026-08-11 23:25:20,609 | INFO |    ↳ Status 403
2026-08-11 23:25:20,609 | WARNING |    ⚠ Blocked (403) retry 2
2026-08-11 23:25:20,612 | INFO |    ↳ Status 403
2026-08-11 23:25:20,612 | WARNING |    ⚠ Blocked (403) retry 2
2026-08-11 23:25:20,696 | INFO | 🌐 Session warmed
2026-08-11 23:25:20,720 | INFO | 🌐 Session warmed
2026-08-11 23:25:20,783 | INFO |    ↳ Status 403
2026-08-11 23:25:20,783 | WARNING |    ⚠ Blocked (403) retry 1
2026-08-11 23:25:20,869 | INFO | 🌐 Session warmed
2026-08-11 23:25:22,602 | INFO |    ↳ Status 403
2026-08-11 23:25:22,602 | WARNING |    ⚠ Blocked (403) retry 3
2026-08-11 23:25:22,687 | INFO |    ↳ Status 403
2026-08-11 23:25:22,687 | WARNING |    ⚠ Blocked (403) retry 2
2026-08-11 23:25:22,695 | INFO | 🌐 Session warmed
2026-08-11 23:25:22,751 | INFO | 🌐 Session warmed
2026-08-11 23:25:23,894 | INFO |    ↳ Status 403
2026-08-11 23:25:23,894 | WARNING |    ⚠ Blocked (403) retry 3
2026-08-11 23:25:23,968 | INFO | 🌐 Session warmed
2026-08-11 23:25:24,049 | INFO |    ↳ Status 403
2026-08-11 23:25:24,049 | WARNING |    ⚠ Blocked (403) retry 3
2026-08-11 23:25:24,122 | INFO | 🌐 Session warmed
2026-08-11 23:25:25,960 | INFO |    ↳ Status 403
2026-08-11 23:25:25,960 | WARNING |    ⚠ Blocked (403) retry 3
2026-08-11 23:25:26,050 | INFO | 🌐 Session warmed
2026-08-11 23:25:26,696 | INFO | [400/1901] Fetching Dahanu (DHAU)
2026-08-11 23:25:27,528 | INFO |    ↳ Status 403
2026-08-11 23:25:27,528 | WARNING |    ⚠ Blocked (403) retry 1
2026-08-11 23:25:27,600 | INFO | 🌐 Session warmed
2026-08-11 23:25:27,968 | INFO | [401/1901] Fetching Dahegam (DHGM)
2026-08-11 23:25:28,122 | INFO | [402/1901] Fetching Dahod (DAHO)
2026-08-11 23:25:28,993 | INFO |    ↳ Status 403
2026-08-11 23:25:28,993 | WARNING |    ⚠ Blocked (403) retry 1
2026-08-11 23:25:29,058 | INFO | 🌐 Session warmed
2026-08-11 23:25:29,257 | INFO |    ↳ Status 403
2026-08-11 23:25:29,257 | WARNING |    ⚠ Blocked (403) retry 1
2026-08-11 23:25:29,327 | INFO | 🌐 Session warmed
2026-08-11 23:25:29,663 | INFO |    ↳ Status 403
2026-08-11 23:25:29,663 | WARNING |    ⚠ Blocked (403) retry 2
2026-08-11 23:25:29,742 | INFO | 🌐 Session warmed
2026-08-11 23:25:30,050 | INFO | [403/1901] Fetching Dakshin Barasat (DAKS)
2026-08-11 23:25:30,679 | INFO |    ↳ Status 403
2026-08-11 23:25:30,679 | WARNING |    ⚠ Blocked (403) retry 1
2026-08-11 23:25:30,762 | INFO | 🌐 Session warmed
2026-08-11 23:25:31,039 | INFO |    ↳ Status 403
2026-08-11 23:25:31,039 | WARNING |    ⚠ Blocked (403) retry 2
2026-08-11 23:25:31,122 | INFO | 🌐 Session warmed
2026-08-11 23:25:31,257 | INFO |    ↳ Status 403
2026-08-11 23:25:31,257 | WARNING |    ⚠ Blocked (403) retry 2
2026-08-11 23:25:31,324 | INFO | 🌐 Session warmed
2026-08-11 23:25:32,424 | INFO |    ↳ Status 403
2026-08-11 23:25:32,424 | WARNING |    ⚠ Blocked (403) retry 3
2026-08-11 23:25:32,495 | INFO | 🌐 Session warmed
2026-08-11 23:25:32,573 | INFO |    ↳ Status 403
2026-08-11 23:25:32,573 | WARNING |    ⚠ Blocked (403) retry 2
2026-08-11 23:25:32,660 | INFO | 🌐 Session warmed
2026-08-11 23:25:34,052 | INFO |    ↳ Status 403
2026-08-11 23:25:34,053 | WARNING |    ⚠ Blocked (403) retry 3
2026-08-11 23:25:34,144 | INFO | 🌐 Session warmed
2026-08-11 23:25:34,391 | INFO |    ↳ Status 403
2026-08-11 23:25:34,391 | WARNING |    ⚠ Blocked (403) retry 3
2026-08-11 23:25:34,465 | INFO | 🌐 Session warmed
2026-08-11 23:25:36,004 | INFO |    ↳ Status 403
2026-08-11 23:25:36,004 | WARNING |    ⚠ Blocked (403) retry 3
2026-08-11 23:25:36,072 | INFO | 🌐 Session warmed
2026-08-11 23:25:36,495 | INFO | [404/1901] Fetching Dalli Rajhara (DALL)
2026-08-11 23:25:37,552 | INFO |    ↳ Status 403
2026-08-11 23:25:37,552 | WARNING |    ⚠ Blocked (403) retry 1
2026-08-11 23:25:37,650 | INFO | 🌐 Session warmed
2026-08-11 23:25:38,145 | INFO | [405/1901] Fetching Dalmianagar (DAAL)
2026-08-11 23:25:38,465 | INFO | [406/1901] Fetching Daltonganj (DATG)
2026-08-11 23:25:39,340 | INFO |    ↳ Status 403
2026-08-11 23:25:39,340 | WARNING |    ⚠ Blocked (403) retry 1
2026-08-11 23:25:39,412 | INFO | 🌐 Session warmed
2026-08-11 23:25:39,424 | INFO |    ↳ Status 403
2026-08-11 23:25:39,424 | WARNING |    ⚠ Blocked (403) retry 1
2026-08-11 23:25:39,465 | INFO |    ↳ Status 403
2026-08-11 23:25:39,465 | WARNING |    ⚠ Blocked (403) retry 2
2026-08-11 23:25:39,515 | INFO | 🌐 Session warmed
2026-08-11 23:25:39,546 | INFO | 🌐 Session warmed
2026-08-11 23:25:40,073 | INFO | [407/1901] Fetching Daman (DAMA)
2026-08-11 23:25:40,809 | INFO |    ↳ Status 403
2026-08-11 23:25:40,810 | WARNING |    ⚠ Blocked (403) retry 1
2026-08-11 23:25:40,882 | INFO | 🌐 Session warmed
2026-08-11 23:25:41,055 | INFO |    ↳ Status 403
2026-08-11 23:25:41,055 | WARNING |    ⚠ Blocked (403) retry 2
2026-08-11 23:25:41,136 | INFO | 🌐 Session warmed
2026-08-11 23:25:41,557 | INFO |    ↳ Status 403
2026-08-11 23:25:41,557 | WARNING |    ⚠ Blocked (403) retry 2
2026-08-11 23:25:41,635 | INFO | 🌐 Session warmed
2026-08-11 23:25:42,752 | INFO |    ↳ Status 403
2026-08-11 23:25:42,752 | WARNING |    ⚠ Blocked (403) retry 3
2026-08-11 23:25:42,834 | INFO |    ↳ Status 403
2026-08-11 23:25:42,834 | WARNING |    ⚠ Blocked (403) retry 2
2026-08-11 23:25:42,846 | INFO | 🌐 Session warmed
2026-08-11 23:25:42,917 | INFO | 🌐 Session warmed
2026-08-11 23:25:44,048 | INFO |    ↳ Status 403
2026-08-11 23:25:44,048 | WARNING |    ⚠ Blocked (403) retry 3
2026-08-11 23:25:44,137 | INFO | 🌐 Session warmed
2026-08-11 23:25:44,878 | INFO |    ↳ Status 403
2026-08-11 23:25:44,878 | WARNING |    ⚠ Blocked (403) retry 3
2026-08-11 23:25:44,948 | INFO | 🌐 Session warmed
2026-08-11 23:25:45,583 | INFO |    ↳ Status 403
2026-08-11 23:25:45,583 | WARNING |    ⚠ Blocked (403) retry 3
2026-08-11 23:25:45,677 | INFO | 🌐 Session warmed
2026-08-11 23:25:46,847 | INFO | [408/1901] Fetching Damarcherla (DAMC)
2026-08-11 23:25:47,580 | INFO |    ↳ Status 403
2026-08-11 23:25:47,580 | WARNING |    ⚠ Blocked (403) retry 1
2026-08-11 23:25:47,660 | INFO | 🌐 Session warmed
2026-08-11 23:25:48,137 | INFO | [409/1901] Fetching Dammapeta (DMPT)
2026-08-11 23:25:48,948 | INFO | [410/1901] Fetching Damoh (DAMO)
2026-08-11 23:25:49,401 | INFO |    ↳ Status 403
2026-08-11 23:25:49,401 | WARNING |    ⚠ Blocked (403) retry 1
2026-08-11 23:25:49,483 | INFO | 🌐 Session warmed
2026-08-11 23:25:49,619 | INFO |    ↳ Status 403
2026-08-11 23:25:49,619 | WARNING |    ⚠ Blocked (403) retry 2
2026-08-11 23:25:49,677 | INFO | [411/1901] Fetching Danapur (DANA)
2026-08-11 23:25:49,691 | INFO | 🌐 Session warmed
2026-08-11 23:25:50,034 | INFO |    ↳ Status 403
2026-08-11 23:25:50,034 | WARNING |    ⚠ Blocked (403) retry 1
2026-08-11 23:25:50,124 | INFO | 🌐 Session warmed
2026-08-11 23:25:51,077 | INFO |    ↳ Status 403
2026-08-11 23:25:51,077 | WARNING |    ⚠ Blocked (403) retry 1
2026-08-11 23:25:51,164 | INFO | 🌐 Session warmed
2026-08-11 23:25:51,832 | INFO |    ↳ Status 403
2026-08-11 23:25:51,832 | WARNING |    ⚠ Blocked (403) retry 2
2026-08-11 23:25:51,927 | INFO | 🌐 Session warmed
2026-08-11 23:25:52,544 | INFO |    ↳ Status 403
2026-08-11 23:25:52,544 | WARNING |    ⚠ Blocked (403) retry 2
2026-08-11 23:25:52,577 | INFO |    ↳ Status 403
2026-08-11 23:25:52,577 | WARNING |    ⚠ Blocked (403) retry 3
2026-08-11 23:25:52,656 | INFO | 🌐 Session warmed
2026-08-11 23:25:52,681 | INFO | 🌐 Session warmed
2026-08-11 23:25:53,539 | INFO |    ↳ Status 403
2026-08-11 23:25:53,539 | WARNING |    ⚠ Blocked (403) retry 2
2026-08-11 23:25:53,630 | INFO | 🌐 Session warmed
2026-08-11 23:25:55,047 | INFO |    ↳ Status 403
2026-08-11 23:25:55,047 | WARNING |    ⚠ Blocked (403) retry 3
2026-08-11 23:25:55,120 | INFO | 🌐 Session warmed
2026-08-11 23:25:55,601 | INFO |    ↳ Status 403
2026-08-11 23:25:55,601 | WARNING |    ⚠ Blocked (403) retry 3
2026-08-11 23:25:55,686 | INFO | 🌐 Session warmed
2026-08-11 23:25:56,681 | INFO | [412/1901] Fetching Dandeli (DAND)
2026-08-11 23:25:56,713 | INFO |    ↳ Status 403
2026-08-11 23:25:56,713 | WARNING |    ⚠ Blocked (403) retry 3
2026-08-11 23:25:56,786 | INFO | 🌐 Session warmed
2026-08-11 23:25:57,605 | INFO |    ↳ Status 403
2026-08-11 23:25:57,605 | WARNING |    ⚠ Blocked (403) retry 1
2026-08-11 23:25:57,692 | INFO | 🌐 Session warmed
2026-08-11 23:25:59,120 | INFO | [413/1901] Fetching Dang (DANG)
2026-08-11 23:25:59,686 | INFO | [414/1901] Fetching Dankaur (DAUK)
2026-08-11 23:25:59,939 | INFO |    ↳ Status 403
2026-08-11 23:25:59,940 | WARNING |    ⚠ Blocked (403) retry 2
2026-08-11 23:26:00,028 | INFO | 🌐 Session warmed
2026-08-11 23:26:00,251 | INFO |    ↳ Status 403
2026-08-11 23:26:00,251 | WARNING |    ⚠ Blocked (403) retry 1
2026-08-11 23:26:00,351 | INFO | 🌐 Session warmed
2026-08-11 23:26:00,664 | INFO |    ↳ Status 403
2026-08-11 23:26:00,664 | WARNING |    ⚠ Blocked (403) retry 1
2026-08-11 23:26:00,755 | INFO | 🌐 Session warmed
2026-08-11 23:26:00,786 | INFO | [415/1901] Fetching Dantewada (DTWD)
2026-08-11 23:26:01,781 | INFO |    ↳ Status 403
2026-08-11 23:26:01,781 | WARNING |    ⚠ Blocked (403) retry 1
2026-08-11 23:26:01,862 | INFO | 🌐 Session warmed
2026-08-11 23:26:02,527 | INFO |    ↳ Status 403
2026-08-11 23:26:02,527 | WARNING |    ⚠ Blocked (403) retry 2
2026-08-11 23:26:02,597 | INFO | 🌐 Session warmed
2026-08-11 23:26:02,627 | INFO |    ↳ Status 403
2026-08-11 23:26:02,628 | WARNING |    ⚠ Blocked (403) retry 2
2026-08-11 23:26:02,720 | INFO | 🌐 Session warmed
2026-08-11 23:26:03,105 | INFO |    ↳ Status 403
2026-08-11 23:26:03,105 | WARNING |    ⚠ Blocked (403) retry 3
2026-08-11 23:26:03,201 | INFO | 🌐 Session warmed
2026-08-11 23:26:03,642 | INFO |    ↳ Status 403
2026-08-11 23:26:03,642 | WARNING |    ⚠ Blocked (403) retry 2
2026-08-11 23:26:03,723 | INFO | 🌐 Session warmed
2026-08-11 23:26:05,599 | INFO |    ↳ Status 403
2026-08-11 23:26:05,599 | WARNING |    ⚠ Blocked (403) retry 3
2026-08-11 23:26:05,674 | INFO | 🌐 Session warmed
2026-08-11 23:26:05,828 | INFO |    ↳ Status 403
2026-08-11 23:26:05,828 | WARNING |    ⚠ Blocked (403) retry 3
2026-08-11 23:26:05,922 | INFO | 🌐 Session warmed
2026-08-11 23:26:06,449 | INFO |    ↳ Status 403
2026-08-11 23:26:06,449 | WARNING |    ⚠ Blocked (403) retry 3
2026-08-11 23:26:06,547 | INFO | 🌐 Session warmed
2026-08-11 23:26:07,201 | INFO | [416/1901] Fetching Daporijo (DAPO)
2026-08-11 23:26:08,215 | INFO |    ↳ Status 403
2026-08-11 23:26:08,216 | WARNING |    ⚠ Blocked (403) retry 1
2026-08-11 23:26:08,334 | INFO | 🌐 Session warmed
2026-08-11 23:26:09,675 | INFO | [417/1901] Fetching Darbhanga (DARB)
2026-08-11 23:26:09,922 | INFO | [418/1901] Fetching Darjeeling (DARJ)
2026-08-11 23:26:10,468 | INFO |    ↳ Status 403
2026-08-11 23:26:10,468 | WARNING |    ⚠ Blocked (403) retry 2
2026-08-11 23:26:10,534 | INFO | 🌐 Session warmed
2026-08-11 23:26:10,547 | INFO | [419/1901] Fetching Darlapudi (DRLA)
2026-08-11 23:26:10,685 | INFO |    ↳ Status 403
2026-08-11 23:26:10,685 | WARNING |    ⚠ Blocked (403) retry 1
2026-08-11 23:26:10,754 | INFO | 🌐 Session warmed
2026-08-11 23:26:11,197 | INFO |    ↳ Status 403
2026-08-11 23:26:11,197 | WARNING |    ⚠ Blocked (403) retry 1
2026-08-11 23:26:11,290 | INFO | 🌐 Session warmed
2026-08-11 23:26:11,389 | INFO |    ↳ Status 403
2026-08-11 23:26:11,389 | WARNING |    ⚠ Blocked (403) retry 1
2026-08-11 23:26:11,479 | INFO | 🌐 Session warmed
2026-08-11 23:26:12,576 | INFO |    ↳ Status 403
2026-08-11 23:26:12,576 | WARNING |    ⚠ Blocked (403) retry 2
2026-08-11 23:26:12,672 | INFO | 🌐 Session warmed
2026-08-11 23:26:13,119 | INFO |    ↳ Status 403
2026-08-11 23:26:13,119 | WARNING |    ⚠ Blocked (403) retry 2
2026-08-11 23:26:13,207 | INFO | 🌐 Session warmed
2026-08-11 23:26:13,572 | INFO |    ↳ Status 403
2026-08-11 23:26:13,573 | WARNING |    ⚠ Blocked (403) retry 3
2026-08-11 23:26:13,681 | INFO | 🌐 Session warmed
2026-08-11 23:26:13,737 | INFO |    ↳ Status 403
2026-08-11 23:26:13,737 | WARNING |    ⚠ Blocked (403) retry 2
2026-08-11 23:26:13,828 | INFO | 🌐 Session warmed
2026-08-11 23:26:15,335 | INFO |    ↳ Status 403
2026-08-11 23:26:15,335 | WARNING |    ⚠ Blocked (403) retry 3
2026-08-11 23:26:15,423 | INFO | 🌐 Session warmed
2026-08-11 23:26:16,473 | INFO |    ↳ Status 403
2026-08-11 23:26:16,473 | WARNING |    ⚠ Blocked (403) retry 3
2026-08-11 23:26:16,542 | INFO | 🌐 Session warmed
2026-08-11 23:26:16,659 | INFO |    ↳ Status 403
2026-08-11 23:26:16,659 | WARNING |    ⚠ Blocked (403) retry 3
2026-08-11 23:26:16,727 | INFO | 🌐 Session warmed
2026-08-11 23:26:17,681 | INFO | [420/1901] Fetching Darsi (DARS)
2026-08-11 23:26:18,445 | INFO |    ↳ Status 403
2026-08-11 23:26:18,445 | WARNING |    ⚠ Blocked (403) retry 1
2026-08-11 23:26:18,516 | INFO | 🌐 Session warmed
2026-08-11 23:26:19,423 | INFO | [421/1901] Fetching Darwha (DARA)
2026-08-11 23:26:20,542 | INFO | [422/1901] Fetching Dasuya (DASU)
2026-08-11 23:26:20,725 | INFO |    ↳ Status 403
2026-08-11 23:26:20,725 | WARNING |    ⚠ Blocked (403) retry 1
2026-08-11 23:26:20,728 | INFO | [423/1901] Fetching Datia (DATI)
2026-08-11 23:26:20,797 | INFO |    ↳ Status 403
2026-08-11 23:26:20,797 | WARNING |    ⚠ Blocked (403) retry 2
2026-08-11 23:26:20,814 | INFO | 🌐 Session warmed
2026-08-11 23:26:20,872 | INFO | 🌐 Session warmed
2026-08-11 23:26:21,546 | INFO |    ↳ Status 403
2026-08-11 23:26:21,546 | WARNING |    ⚠ Blocked (403) retry 1
2026-08-11 23:26:21,630 | INFO | 🌐 Session warmed
2026-08-11 23:26:21,828 | INFO |    ↳ Status 403
2026-08-11 23:26:21,828 | WARNING |    ⚠ Blocked (403) retry 1
2026-08-11 23:26:21,900 | INFO | 🌐 Session warmed
2026-08-11 23:26:22,583 | INFO |    ↳ Status 403
2026-08-11 23:26:22,583 | WARNING |    ⚠ Blocked (403) retry 2
2026-08-11 23:26:22,672 | INFO | 🌐 Session warmed
2026-08-11 23:26:23,635 | INFO |    ↳ Status 403
2026-08-11 23:26:23,636 | WARNING |    ⚠ Blocked (403) retry 2
2026-08-11 23:26:23,725 | INFO | 🌐 Session warmed
2026-08-11 23:26:23,823 | INFO |    ↳ Status 403
2026-08-11 23:26:23,823 | WARNING |    ⚠ Blocked (403) retry 2
2026-08-11 23:26:23,899 | INFO | 🌐 Session warmed
2026-08-11 23:26:24,171 | INFO |    ↳ Status 403
2026-08-11 23:26:24,171 | WARNING |    ⚠ Blocked (403) retry 3
2026-08-11 23:26:24,260 | INFO | 🌐 Session warmed
2026-08-11 23:26:25,310 | INFO |    ↳ Status 403
2026-08-11 23:26:25,310 | WARNING |    ⚠ Blocked (403) retry 3
2026-08-11 23:26:25,392 | INFO | 🌐 Session warmed
2026-08-11 23:26:26,682 | INFO |    ↳ Status 403
2026-08-11 23:26:26,682 | WARNING |    ⚠ Blocked (403) retry 3
2026-08-11 23:26:26,772 | INFO | 🌐 Session warmed
2026-08-11 23:26:27,026 | INFO |    ↳ Status 403
2026-08-11 23:26:27,027 | WARNING |    ⚠ Blocked (403) retry 3
2026-08-11 23:26:27,108 | INFO | 🌐 Session warmed
2026-08-11 23:26:28,260 | INFO | [424/1901] Fetching Daund (DAUN)
2026-08-11 23:26:29,392 | INFO | [425/1901] Fetching Dausa (DAUS)
2026-08-11 23:26:29,630 | INFO |    ↳ Status 403
2026-08-11 23:26:29,630 | WARNING |    ⚠ Blocked (403) retry 1
2026-08-11 23:26:29,722 | INFO | 🌐 Session warmed
2026-08-11 23:26:30,731 | INFO |    ↳ Status 403
2026-08-11 23:26:30,731 | WARNING |    ⚠ Blocked (403) retry 1
2026-08-11 23:26:30,772 | INFO | [426/1901] Fetching Davanagere (DAVA)
2026-08-11 23:26:30,805 | INFO | 🌐 Session warmed
2026-08-11 23:26:31,108 | INFO | [427/1901] Fetching Davuluru (DVLR)
2026-08-11 23:26:31,633 | INFO |    ↳ Status 403
2026-08-11 23:26:31,633 | WARNING |    ⚠ Blocked (403) retry 1
2026-08-11 23:26:31,701 | INFO | 🌐 Session warmed
2026-08-11 23:26:32,054 | INFO |    ↳ Status 403
2026-08-11 23:26:32,054 | WARNING |    ⚠ Blocked (403) retry 2
2026-08-11 23:26:32,140 | INFO | 🌐 Session warmed
2026-08-11 23:26:32,194 | INFO |    ↳ Status 403
2026-08-11 23:26:32,194 | WARNING |    ⚠ Blocked (403) retry 1
2026-08-11 23:26:32,264 | INFO | 🌐 Session warmed
2026-08-11 23:26:32,703 | INFO |    ↳ Status 403
2026-08-11 23:26:32,703 | WARNING |    ⚠ Blocked (403) retry 2
2026-08-11 23:26:32,789 | INFO | 🌐 Session warmed
2026-08-11 23:26:33,503 | INFO |    ↳ Status 403
2026-08-11 23:26:33,503 | WARNING |    ⚠ Blocked (403) retry 2
2026-08-11 23:26:33,587 | INFO | 🌐 Session warmed
2026-08-11 23:26:34,520 | INFO |    ↳ Status 403
2026-08-11 23:26:34,520 | WARNING |    ⚠ Blocked (403) retry 2
2026-08-11 23:26:34,605 | INFO | 🌐 Session warmed
2026-08-11 23:26:35,277 | INFO |    ↳ Status 403
2026-08-11 23:26:35,277 | WARNING |    ⚠ Blocked (403) retry 3
2026-08-11 23:26:35,351 | INFO | 🌐 Session warmed
2026-08-11 23:26:36,037 | INFO |    ↳ Status 403
2026-08-11 23:26:36,037 | WARNING |    ⚠ Blocked (403) retry 3
2026-08-11 23:26:36,115 | INFO | 🌐 Session warmed
2026-08-11 23:26:36,501 | INFO |    ↳ Status 403
2026-08-11 23:26:36,501 | WARNING |    ⚠ Blocked (403) retry 3
2026-08-11 23:26:36,572 | INFO | 🌐 Session warmed
2026-08-11 23:26:37,757 | INFO |    ↳ Status 403
2026-08-11 23:26:37,758 | WARNING |    ⚠ Blocked (403) retry 3
2026-08-11 23:26:37,825 | INFO | 🌐 Session warmed
2026-08-11 23:26:39,351 | INFO | [428/1901] Fetching Deesa (DEES)
2026-08-11 23:26:40,115 | INFO | [429/1901] Fetching Dehradun (DEH)
2026-08-11 23:26:40,357 | INFO |    ↳ Status 403
2026-08-11 23:26:40,358 | WARNING |    ⚠ Blocked (403) retry 1
2026-08-11 23:26:40,447 | INFO | 🌐 Session warmed
2026-08-11 23:26:40,572 | INFO | [430/1901] Fetching Deogadh (DEOD)
2026-08-11 23:26:41,258 | INFO |    ↳ Status 403
2026-08-11 23:26:41,258 | WARNING |    ⚠ Blocked (403) retry 1
2026-08-11 23:26:41,327 | INFO | 🌐 Session warmed
2026-08-11 23:26:41,698 | INFO |    ↳ Status 403
2026-08-11 23:26:41,698 | WARNING |    ⚠ Blocked (403) retry 1
2026-08-11 23:26:41,777 | INFO | 🌐 Session warmed
2026-08-11 23:26:41,825 | INFO | [431/1901] Fetching Deoghar (DOGH)
2026-08-11 23:26:42,430 | INFO |    ↳ Status 403
2026-08-11 23:26:42,430 | WARNING |    ⚠ Blocked (403) retry 2
2026-08-11 23:26:42,499 | INFO | 🌐 Session warmed
2026-08-11 23:26:43,132 | INFO |    ↳ Status 403
2026-08-11 23:26:43,132 | WARNING |    ⚠ Blocked (403) retry 2
2026-08-11 23:26:43,203 | INFO | 🌐 Session warmed
2026-08-11 23:26:43,234 | INFO |    ↳ Status 403
2026-08-11 23:26:43,234 | WARNING |    ⚠ Blocked (403) retry 1
2026-08-11 23:26:43,316 | INFO | 🌐 Session warmed
2026-08-11 23:26:44,092 | INFO |    ↳ Status 403
2026-08-11 23:26:44,092 | WARNING |    ⚠ Blocked (403) retry 2
2026-08-11 23:26:44,170 | INFO | 🌐 Session warmed
2026-08-11 23:26:45,544 | INFO |    ↳ Status 403
2026-08-11 23:26:45,544 | WARNING |    ⚠ Blocked (403) retry 2
2026-08-11 23:26:45,574 | INFO |    ↳ Status 403
2026-08-11 23:26:45,574 | WARNING |    ⚠ Blocked (403) retry 3
2026-08-11 23:26:45,652 | INFO | 🌐 Session warmed
2026-08-11 23:26:45,678 | INFO | 🌐 Session warmed
2026-08-11 23:26:46,113 | INFO |    ↳ Status 403
2026-08-11 23:26:46,113 | WARNING |    ⚠ Blocked (403) retry 3
2026-08-11 23:26:46,184 | INFO | 🌐 Session warmed
2026-08-11 23:26:46,923 | INFO |    ↳ Status 403
2026-08-11 23:26:46,923 | WARNING |    ⚠ Blocked (403) retry 3
2026-08-11 23:26:47,007 | INFO | 🌐 Session warmed
2026-08-11 23:26:49,003 | INFO |    ↳ Status 403
2026-08-11 23:26:49,003 | WARNING |    ⚠ Blocked (403) retry 3
2026-08-11 23:26:49,087 | INFO | 🌐 Session warmed
2026-08-11 23:26:49,679 | INFO | [432/1901] Fetching Deoli (DEOL)
2026-08-11 23:26:50,185 | INFO | [433/1901] Fetching Deoli (Rajasthan) (DEOY)
2026-08-11 23:26:50,618 | INFO |    ↳ Status 403
2026-08-11 23:26:50,618 | WARNING |    ⚠ Blocked (403) retry 1
2026-08-11 23:26:50,710 | INFO | 🌐 Session warmed
2026-08-11 23:26:51,007 | INFO | [434/1901] Fetching Deoli(Rajasthan) (DEOY)
2026-08-11 23:26:51,196 | INFO |    ↳ Status 403
2026-08-11 23:26:51,196 | WARNING |    ⚠ Blocked (403) retry 1
2026-08-11 23:26:51,279 | INFO | 🌐 Session warmed
2026-08-11 23:26:52,419 | INFO |    ↳ Status 403
2026-08-11 23:26:52,419 | WARNING |    ⚠ Blocked (403) retry 1
2026-08-11 23:26:52,499 | INFO | 🌐 Session warmed
2026-08-11 23:26:53,066 | INFO |    ↳ Status 403
2026-08-11 23:26:53,067 | WARNING |    ⚠ Blocked (403) retry 2
2026-08-11 23:26:53,087 | INFO | [435/1901] Fetching Deoria (DEEO)
2026-08-11 23:26:53,137 | INFO | 🌐 Session warmed
2026-08-11 23:26:53,672 | INFO |    ↳ Status 403
2026-08-11 23:26:53,672 | WARNING |    ⚠ Blocked (403) retry 2
2026-08-11 23:26:53,754 | INFO | 🌐 Session warmed
2026-08-11 23:26:53,827 | INFO |    ↳ Status 403
2026-08-11 23:26:53,827 | WARNING |    ⚠ Blocked (403) retry 1
2026-08-11 23:26:53,893 | INFO | 🌐 Session warmed
2026-08-11 23:26:54,719 | INFO |    ↳ Status 403
2026-08-11 23:26:54,719 | WARNING |    ⚠ Blocked (403) retry 2
2026-08-11 23:26:54,804 | INFO | 🌐 Session warmed
2026-08-11 23:26:55,717 | INFO |    ↳ Status 403
2026-08-11 23:26:55,717 | WARNING |    ⚠ Blocked (403) retry 2
2026-08-11 23:26:55,807 | INFO | 🌐 Session warmed
2026-08-11 23:26:56,353 | INFO |    ↳ Status 403
2026-08-11 23:26:56,353 | WARNING |    ⚠ Blocked (403) retry 3
2026-08-11 23:26:56,422 | INFO | 🌐 Session warmed
2026-08-11 23:26:57,042 | INFO |    ↳ Status 403
2026-08-11 23:26:57,042 | WARNING |    ⚠ Blocked (403) retry 3
2026-08-11 23:26:57,113 | INFO | 🌐 Session warmed
2026-08-11 23:26:57,756 | INFO |    ↳ Status 403
2026-08-11 23:26:57,756 | WARNING |    ⚠ Blocked (403) retry 3
2026-08-11 23:26:57,831 | INFO | 🌐 Session warmed
2026-08-11 23:26:59,135 | INFO |    ↳ Status 403
2026-08-11 23:26:59,135 | WARNING |    ⚠ Blocked (403) retry 3
2026-08-11 23:26:59,232 | INFO | 🌐 Session warmed
2026-08-11 23:27:00,423 | INFO | [436/1901] Fetching Deralakatte (DERA)
2026-08-11 23:27:01,113 | INFO | [437/1901] Fetching Devadurga (DEVD)
2026-08-11 23:27:01,784 | INFO |    ↳ Status 403
2026-08-11 23:27:01,785 | WARNING |    ⚠ Blocked (403) retry 1
2026-08-11 23:27:01,831 | INFO | [438/1901] Fetching Devakottai (DEVA)
2026-08-11 23:27:01,876 | INFO | 🌐 Session warmed
2026-08-11 23:27:02,506 | INFO |    ↳ Status 403
2026-08-11 23:27:02,507 | WARNING |    ⚠ Blocked (403) retry 1
2026-08-11 23:27:02,575 | INFO | 🌐 Session warmed
2026-08-11 23:27:02,970 | INFO |    ↳ Status 403
2026-08-11 23:27:02,970 | WARNING |    ⚠ Blocked (403) retry 1
2026-08-11 23:27:03,038 | INFO | 🌐 Session warmed
2026-08-11 23:27:03,233 | INFO | [439/1901] Fetching Devarakadra (DEVR)
2026-08-11 23:27:03,793 | INFO |    ↳ Status 403
2026-08-11 23:27:03,793 | WARNING |    ⚠ Blocked (403) retry 2
2026-08-11 23:27:03,882 | INFO | 🌐 Session warmed
2026-08-11 23:27:04,456 | INFO |    ↳ Status 403
2026-08-11 23:27:04,456 | WARNING |    ⚠ Blocked (403) retry 1
2026-08-11 23:27:04,543 | INFO | 🌐 Session warmed
2026-08-11 23:27:04,940 | INFO |    ↳ Status 403
2026-08-11 23:27:04,941 | WARNING |    ⚠ Blocked (403) retry 2
2026-08-11 23:27:05,008 | INFO | 🌐 Session warmed
2026-08-11 23:27:05,201 | INFO |    ↳ Status 403
2026-08-11 23:27:05,201 | WARNING |    ⚠ Blocked (403) retry 2
2026-08-11 23:27:05,286 | INFO | 🌐 Session warmed
2026-08-11 23:27:06,460 | INFO |    ↳ Status 403
2026-08-11 23:27:06,460 | WARNING |    ⚠ Blocked (403) retry 2
2026-08-11 23:27:06,532 | INFO | 🌐 Session warmed
2026-08-11 23:27:07,276 | INFO |    ↳ Status 403
2026-08-11 23:27:07,276 | WARNING |    ⚠ Blocked (403) retry 3
2026-08-11 23:27:07,359 | INFO | 🌐 Session warmed
2026-08-11 23:27:08,130 | INFO |    ↳ Status 403
2026-08-11 23:27:08,130 | WARNING |    ⚠ Blocked (403) retry 3
2026-08-11 23:27:08,220 | INFO | 🌐 Session warmed
2026-08-11 23:27:08,392 | INFO |    ↳ Status 403
2026-08-11 23:27:08,393 | WARNING |    ⚠ Blocked (403) retry 3
2026-08-11 23:27:08,477 | INFO | 🌐 Session warmed
2026-08-11 23:27:09,558 | INFO |    ↳ Status 403
2026-08-11 23:27:09,558 | WARNING |    ⚠ Blocked (403) retry 3
2026-08-11 23:27:09,641 | INFO | 🌐 Session warmed
2026-08-11 23:27:11,359 | INFO | [440/1901] Fetching Devarakonda (DEVK)
2026-08-11 23:27:12,220 | INFO | [441/1901] Fetching Devarapalle (DVRL)
2026-08-11 23:27:12,337 | INFO |    ↳ Status 403
2026-08-11 23:27:12,337 | WARNING |    ⚠ Blocked (403) retry 1
2026-08-11 23:27:12,426 | INFO | 🌐 Session warmed
2026-08-11 23:27:12,478 | INFO | [442/1901] Fetching Devarapalli (DVRP)
2026-08-11 23:27:12,891 | INFO |    ↳ Status 403
2026-08-11 23:27:12,891 | WARNING |    ⚠ Blocked (403) retry 1
2026-08-11 23:27:12,957 | INFO | 🌐 Session warmed
2026-08-11 23:27:13,473 | INFO |    ↳ Status 403
2026-08-11 23:27:13,473 | WARNING |    ⚠ Blocked (403) retry 1
2026-08-11 23:27:13,544 | INFO | 🌐 Session warmed
2026-08-11 23:27:13,641 | INFO | [443/1901] Fetching Devgad (DEGA)
2026-08-11 23:27:14,355 | INFO |    ↳ Status 403
2026-08-11 23:27:14,355 | WARNING |    ⚠ Blocked (403) retry 2
2026-08-11 23:27:14,428 | INFO | 🌐 Session warmed
2026-08-11 23:27:14,520 | INFO |    ↳ Status 403
2026-08-11 23:27:14,520 | WARNING |    ⚠ Blocked (403) retry 1
2026-08-11 23:27:14,578 | INFO |    ↳ Status 403
2026-08-11 23:27:14,578 | WARNING |    ⚠ Blocked (403) retry 2
2026-08-11 23:27:14,597 | INFO | 🌐 Session warmed
2026-08-11 23:27:14,668 | INFO | 🌐 Session warmed
2026-08-11 23:27:15,183 | INFO |    ↳ Status 403
2026-08-11 23:27:15,183 | WARNING |    ⚠ Blocked (403) retry 2
2026-08-11 23:27:15,260 | INFO | 🌐 Session warmed
2026-08-11 23:27:16,406 | INFO |    ↳ Status 403
2026-08-11 23:27:16,406 | WARNING |    ⚠ Blocked (403) retry 2
2026-08-11 23:27:16,476 | INFO | 🌐 Session warmed
2026-08-11 23:27:17,727 | INFO |    ↳ Status 403
2026-08-11 23:27:17,727 | WARNING |    ⚠ Blocked (403) retry 3
2026-08-11 23:27:17,825 | INFO | 🌐 Session warmed
2026-08-11 23:27:17,929 | INFO |    ↳ Status 403
2026-08-11 23:27:17,929 | WARNING |    ⚠ Blocked (403) retry 3
2026-08-11 23:27:18,000 | INFO | 🌐 Session warmed
2026-08-11 23:27:18,135 | INFO |    ↳ Status 403
2026-08-11 23:27:18,135 | WARNING |    ⚠ Blocked (403) retry 3
2026-08-11 23:27:18,202 | INFO | 🌐 Session warmed
2026-08-11 23:27:19,565 | INFO |    ↳ Status 403
2026-08-11 23:27:19,565 | WARNING |    ⚠ Blocked (403) retry 3
2026-08-11 23:27:19,636 | INFO | 🌐 Session warmed
2026-08-11 23:27:21,825 | INFO | [444/1901] Fetching Dewas (DEWAS)
2026-08-11 23:27:22,000 | INFO | [445/1901] Fetching Dhamnod (DMND)
2026-08-11 23:27:22,202 | INFO | [446/1901] Fetching Dhampur (DHPR)
2026-08-11 23:27:22,977 | INFO |    ↳ Status 403
2026-08-11 23:27:22,977 | WARNING |    ⚠ Blocked (403) retry 1
2026-08-11 23:27:23,060 | INFO | 🌐 Session warmed
2026-08-11 23:27:23,169 | INFO |    ↳ Status 403
2026-08-11 23:27:23,169 | WARNING |    ⚠ Blocked (403) retry 1
2026-08-11 23:27:23,188 | INFO |    ↳ Status 403
2026-08-11 23:27:23,188 | WARNING |    ⚠ Blocked (403) retry 1
2026-08-11 23:27:23,264 | INFO | 🌐 Session warmed
2026-08-11 23:27:23,272 | INFO | 🌐 Session warmed
2026-08-11 23:27:23,636 | INFO | [447/1901] Fetching Dhamtari (DHMT)
2026-08-11 23:27:24,513 | INFO |    ↳ Status 403
2026-08-11 23:27:24,513 | WARNING |    ⚠ Blocked (403) retry 1
2026-08-11 23:27:24,600 | INFO | 🌐 Session warmed
2026-08-11 23:27:25,100 | INFO |    ↳ Status 403
2026-08-11 23:27:25,100 | WARNING |    ⚠ Blocked (403) retry 2
2026-08-11 23:27:25,108 | INFO |    ↳ Status 403
2026-08-11 23:27:25,108 | WARNING |    ⚠ Blocked (403) retry 2
2026-08-11 23:27:25,116 | INFO |    ↳ Status 403
2026-08-11 23:27:25,116 | WARNING |    ⚠ Blocked (403) retry 2
2026-08-11 23:27:25,227 | INFO | 🌐 Session warmed
2026-08-11 23:27:25,233 | INFO | 🌐 Session warmed
2026-08-11 23:27:25,242 | INFO | 🌐 Session warmed
2026-08-11 23:27:26,996 | INFO |    ↳ Status 403
2026-08-11 23:27:26,996 | WARNING |    ⚠ Blocked (403) retry 2
2026-08-11 23:27:27,061 | INFO | 🌐 Session warmed
2026-08-11 23:27:28,296 | INFO |    ↳ Status 403
2026-08-11 23:27:28,296 | WARNING |    ⚠ Blocked (403) retry 3
2026-08-11 23:27:28,365 | INFO | 🌐 Session warmed
2026-08-11 23:27:28,451 | INFO |    ↳ Status 403
2026-08-11 23:27:28,451 | WARNING |    ⚠ Blocked (403) retry 3
2026-08-11 23:27:28,534 | INFO | 🌐 Session warmed
2026-08-11 23:27:28,564 | INFO |    ↳ Status 403
2026-08-11 23:27:28,564 | WARNING |    ⚠ Blocked (403) retry 3
2026-08-11 23:27:28,643 | INFO | 🌐 Session warmed
2026-08-11 23:27:29,888 | INFO |    ↳ Status 403
2026-08-11 23:27:29,888 | WARNING |    ⚠ Blocked (403) retry 3
2026-08-11 23:27:29,970 | INFO | 🌐 Session warmed
2026-08-11 23:27:32,366 | INFO | [448/1901] Fetching Dhanaura (CFFG)
2026-08-11 23:27:32,535 | INFO | [449/1901] Fetching Dhanbad (DHAN)
2026-08-11 23:27:32,643 | INFO | [450/1901] Fetching Dhanera (DHAC)
2026-08-11 23:27:33,399 | INFO |    ↳ Status 403
2026-08-11 23:27:33,399 | WARNING |    ⚠ Blocked (403) retry 1
2026-08-11 23:27:33,492 | INFO | 🌐 Session warmed
2026-08-11 23:27:33,540 | INFO |    ↳ Status 403
2026-08-11 23:27:33,540 | WARNING |    ⚠ Blocked (403) retry 1
2026-08-11 23:27:33,588 | INFO |    ↳ Status 403
2026-08-11 23:27:33,589 | WARNING |    ⚠ Blocked (403) retry 1
2026-08-11 23:27:33,630 | INFO | 🌐 Session warmed
2026-08-11 23:27:33,674 | INFO | 🌐 Session warmed
2026-08-11 23:27:33,970 | INFO | [451/1901] Fetching Dhar (DARH)
2026-08-11 23:27:35,028 | INFO |    ↳ Status 403
2026-08-11 23:27:35,028 | WARNING |    ⚠ Blocked (403) retry 1
2026-08-11 23:27:35,107 | INFO | 🌐 Session warmed
2026-08-11 23:27:35,354 | INFO |    ↳ Status 403
2026-08-11 23:27:35,355 | WARNING |    ⚠ Blocked (403) retry 2
2026-08-11 23:27:35,454 | INFO | 🌐 Session warmed
2026-08-11 23:27:35,666 | INFO |    ↳ Status 403
2026-08-11 23:27:35,666 | WARNING |    ⚠ Blocked (403) retry 2
2026-08-11 23:27:35,762 | INFO | 🌐 Session warmed
2026-08-11 23:27:36,043 | INFO |    ↳ Status 403
2026-08-11 23:27:36,043 | WARNING |    ⚠ Blocked (403) retry 2
2026-08-11 23:27:36,121 | INFO | 🌐 Session warmed
2026-08-11 23:27:37,126 | INFO |    ↳ Status 403
2026-08-11 23:27:37,126 | WARNING |    ⚠ Blocked (403) retry 2
2026-08-11 23:27:37,197 | INFO | 🌐 Session warmed
2026-08-11 23:27:38,146 | INFO |    ↳ Status 403
2026-08-11 23:27:38,146 | WARNING |    ⚠ Blocked (403) retry 3
2026-08-11 23:27:38,240 | INFO | 🌐 Session warmed
2026-08-11 23:27:38,706 | INFO |    ↳ Status 403
2026-08-11 23:27:38,707 | WARNING |    ⚠ Blocked (403) retry 3
2026-08-11 23:27:38,803 | INFO | 🌐 Session warmed
2026-08-11 23:27:38,864 | INFO |    ↳ Status 403
2026-08-11 23:27:38,864 | WARNING |    ⚠ Blocked (403) retry 3
2026-08-11 23:27:38,964 | INFO | 🌐 Session warmed
2026-08-11 23:27:40,390 | INFO |    ↳ Status 403
2026-08-11 23:27:40,390 | WARNING |    ⚠ Blocked (403) retry 3
2026-08-11 23:27:40,480 | INFO | 🌐 Session warmed
2026-08-11 23:27:42,241 | INFO | [452/1901] Fetching Dharamjaigarh (SHGA)
2026-08-11 23:27:42,804 | INFO | [453/1901] Fetching Dharampur (DPUR)
2026-08-11 23:27:42,964 | INFO | [454/1901] Fetching Dharamsala (DMSL)
2026-08-11 23:27:43,429 | INFO |    ↳ Status 403
2026-08-11 23:27:43,429 | WARNING |    ⚠ Blocked (403) retry 1
2026-08-11 23:27:43,504 | INFO | 🌐 Session warmed
2026-08-11 23:27:43,535 | INFO |    ↳ Status 403
2026-08-11 23:27:43,535 | WARNING |    ⚠ Blocked (403) retry 1
2026-08-11 23:27:43,609 | INFO | 🌐 Session warmed
2026-08-11 23:27:44,280 | INFO |    ↳ Status 403
2026-08-11 23:27:44,280 | WARNING |    ⚠ Blocked (403) retry 1
2026-08-11 23:27:44,348 | INFO | 🌐 Session warmed
2026-08-11 23:27:44,481 | INFO | [455/1901] Fetching Dharamshala (DMSL)
2026-08-11 23:27:45,645 | INFO |    ↳ Status 403
2026-08-11 23:27:45,645 | WARNING |    ⚠ Blocked (403) retry 1
2026-08-11 23:27:45,722 | INFO | 🌐 Session warmed
2026-08-11 23:27:45,825 | INFO |    ↳ Status 403
2026-08-11 23:27:45,825 | WARNING |    ⚠ Blocked (403) retry 2
2026-08-11 23:27:45,904 | INFO | 🌐 Session warmed
2026-08-11 23:27:45,944 | INFO |    ↳ Status 403
2026-08-11 23:27:45,944 | WARNING |    ⚠ Blocked (403) retry 2
2026-08-11 23:27:46,037 | INFO | 🌐 Session warmed
2026-08-11 23:27:46,408 | INFO |    ↳ Status 403
2026-08-11 23:27:46,409 | WARNING |    ⚠ Blocked (403) retry 2
2026-08-11 23:27:46,508 | INFO | 🌐 Session warmed
2026-08-11 23:27:47,894 | INFO |    ↳ Status 403
2026-08-11 23:27:47,895 | WARNING |    ⚠ Blocked (403) retry 2
2026-08-11 23:27:47,975 | INFO | 🌐 Session warmed
2026-08-11 23:27:48,550 | INFO |    ↳ Status 403
2026-08-11 23:27:48,551 | WARNING |    ⚠ Blocked (403) retry 3
2026-08-11 23:27:48,620 | INFO | 🌐 Session warmed
2026-08-11 23:27:48,748 | INFO |    ↳ Status 403
2026-08-11 23:27:48,748 | WARNING |    ⚠ Blocked (403) retry 3
2026-08-11 23:27:48,823 | INFO | 🌐 Session warmed
2026-08-11 23:27:49,800 | INFO |    ↳ Status 403
2026-08-11 23:27:49,800 | WARNING |    ⚠ Blocked (403) retry 3
2026-08-11 23:27:49,875 | INFO | 🌐 Session warmed
2026-08-11 23:27:50,862 | INFO |    ↳ Status 403
2026-08-11 23:27:50,862 | WARNING |    ⚠ Blocked (403) retry 3
2026-08-11 23:27:50,952 | INFO | 🌐 Session warmed
2026-08-11 23:27:52,621 | INFO | [456/1901] Fetching Dharapuram (DHAR)
2026-08-11 23:27:52,824 | INFO | [457/1901] Fetching Dharashiv (Osmanabad) (OSMA)
2026-08-11 23:27:53,821 | INFO |    ↳ Status 403
2026-08-11 23:27:53,821 | WARNING |    ⚠ Blocked (403) retry 1
2026-08-11 23:27:53,875 | INFO | [458/1901] Fetching Dharmanagar (DHAT)
2026-08-11 23:27:53,914 | INFO | 🌐 Session warmed
2026-08-11 23:27:54,208 | INFO |    ↳ Status 403
2026-08-11 23:27:54,208 | WARNING |    ⚠ Blocked (403) retry 1
2026-08-11 23:27:54,283 | INFO | 🌐 Session warmed
2026-08-11 23:27:54,953 | INFO | [459/1901] Fetching Dharmapuri (DMPI)
2026-08-11 23:27:55,257 | INFO |    ↳ Status 403
2026-08-11 23:27:55,257 | WARNING |    ⚠ Blocked (403) retry 1
2026-08-11 23:27:55,336 | INFO | 🌐 Session warmed
2026-08-11 23:27:55,764 | INFO |    ↳ Status 403
2026-08-11 23:27:55,764 | WARNING |    ⚠ Blocked (403) retry 2
2026-08-11 23:27:55,851 | INFO | 🌐 Session warmed
2026-08-11 23:27:56,094 | INFO |    ↳ Status 403
2026-08-11 23:27:56,094 | WARNING |    ⚠ Blocked (403) retry 1
2026-08-11 23:27:56,187 | INFO | 🌐 Session warmed
2026-08-11 23:27:56,692 | INFO |    ↳ Status 403
2026-08-11 23:27:56,693 | WARNING |    ⚠ Blocked (403) retry 2
2026-08-11 23:27:56,773 | INFO | 🌐 Session warmed
2026-08-11 23:27:57,391 | INFO |    ↳ Status 403
2026-08-11 23:27:57,391 | WARNING |    ⚠ Blocked (403) retry 2
2026-08-11 23:27:57,481 | INFO | 🌐 Session warmed
2026-08-11 23:27:58,021 | INFO |    ↳ Status 403
2026-08-11 23:27:58,021 | WARNING |    ⚠ Blocked (403) retry 2
2026-08-11 23:27:58,096 | INFO | 🌐 Session warmed
2026-08-11 23:27:59,129 | INFO |    ↳ Status 403
2026-08-11 23:27:59,129 | WARNING |    ⚠ Blocked (403) retry 3
2026-08-11 23:27:59,207 | INFO | 🌐 Session warmed
2026-08-11 23:27:59,420 | INFO |    ↳ Status 403
2026-08-11 23:27:59,420 | WARNING |    ⚠ Blocked (403) retry 3
2026-08-11 23:27:59,502 | INFO | 🌐 Session warmed
2026-08-11 23:28:00,289 | INFO |    ↳ Status 403
2026-08-11 23:28:00,289 | WARNING |    ⚠ Blocked (403) retry 3
2026-08-11 23:28:00,357 | INFO | 🌐 Session warmed
2026-08-11 23:28:01,402 | INFO |    ↳ Status 403
2026-08-11 23:28:01,402 | WARNING |    ⚠ Blocked (403) retry 3
2026-08-11 23:28:01,489 | INFO | 🌐 Session warmed
2026-08-11 23:28:03,207 | INFO | [460/1901] Fetching Dharmavaram (DDMA)
2026-08-11 23:28:03,502 | INFO | [461/1901] Fetching Dharpally (DPLL)
2026-08-11 23:28:04,033 | INFO |    ↳ Status 403
2026-08-11 23:28:04,033 | WARNING |    ⚠ Blocked (403) retry 1
2026-08-11 23:28:04,105 | INFO | 🌐 Session warmed
2026-08-11 23:28:04,227 | INFO |    ↳ Status 403
2026-08-11 23:28:04,227 | WARNING |    ⚠ Blocked (403) retry 1
2026-08-11 23:28:04,299 | INFO | 🌐 Session warmed
2026-08-11 23:28:04,357 | INFO | [462/1901] Fetching Dharpur (DUUU)
2026-08-11 23:28:05,082 | INFO |    ↳ Status 403
2026-08-11 23:28:05,082 | WARNING |    ⚠ Blocked (403) retry 1
2026-08-11 23:28:05,172 | INFO | 🌐 Session warmed
2026-08-11 23:28:05,489 | INFO | [463/1901] Fetching Dharuhera (DHRA)
2026-08-11 23:28:06,135 | INFO |    ↳ Status 403
2026-08-11 23:28:06,135 | WARNING |    ⚠ Blocked (403) retry 1
2026-08-11 23:28:06,144 | INFO |    ↳ Status 403
2026-08-11 23:28:06,144 | WARNING |    ⚠ Blocked (403) retry 2
2026-08-11 23:28:06,220 | INFO | 🌐 Session warmed
2026-08-11 23:28:06,227 | INFO | 🌐 Session warmed
2026-08-11 23:28:06,289 | INFO |    ↳ Status 403
2026-08-11 23:28:06,289 | WARNING |    ⚠ Blocked (403) retry 2
2026-08-11 23:28:06,366 | INFO | 🌐 Session warmed
2026-08-11 23:28:07,322 | INFO |    ↳ Status 403
2026-08-11 23:28:07,322 | WARNING |    ⚠ Blocked (403) retry 2
2026-08-11 23:28:07,394 | INFO | 🌐 Session warmed
2026-08-11 23:28:08,459 | INFO |    ↳ Status 403
2026-08-11 23:28:08,459 | WARNING |    ⚠ Blocked (403) retry 2
2026-08-11 23:28:08,532 | INFO | 🌐 Session warmed
2026-08-11 23:28:09,492 | INFO |    ↳ Status 403
2026-08-11 23:28:09,492 | WARNING |    ⚠ Blocked (403) retry 3
2026-08-11 23:28:09,565 | INFO | 🌐 Session warmed
2026-08-11 23:28:09,640 | INFO |    ↳ Status 403
2026-08-11 23:28:09,640 | WARNING |    ⚠ Blocked (403) retry 3
2026-08-11 23:28:09,722 | INFO | 🌐 Session warmed
2026-08-11 23:28:10,035 | INFO |    ↳ Status 403
2026-08-11 23:28:10,035 | WARNING |    ⚠ Blocked (403) retry 3
2026-08-11 23:28:10,103 | INFO | 🌐 Session warmed
2026-08-11 23:28:11,569 | INFO |    ↳ Status 403
2026-08-11 23:28:11,569 | WARNING |    ⚠ Blocked (403) retry 3
2026-08-11 23:28:11,655 | INFO | 🌐 Session warmed
2026-08-11 23:28:13,566 | INFO | [464/1901] Fetching Dharwad (DHAW)
2026-08-11 23:28:13,722 | INFO | [465/1901] Fetching Dhaulana (DHAL)
2026-08-11 23:28:14,103 | INFO | [466/1901] Fetching Dhekiajuli (DEKJ)
2026-08-11 23:28:14,504 | INFO |    ↳ Status 403
2026-08-11 23:28:14,504 | WARNING |    ⚠ Blocked (403) retry 1
2026-08-11 23:28:14,573 | INFO | 🌐 Session warmed
2026-08-11 23:28:14,635 | INFO |    ↳ Status 403
2026-08-11 23:28:14,635 | WARNING |    ⚠ Blocked (403) retry 1
2026-08-11 23:28:14,725 | INFO | 🌐 Session warmed
2026-08-11 23:28:15,222 | INFO |    ↳ Status 403
2026-08-11 23:28:15,222 | WARNING |    ⚠ Blocked (403) retry 1
2026-08-11 23:28:15,313 | INFO | 🌐 Session warmed
2026-08-11 23:28:15,655 | INFO | [467/1901] Fetching Dhemaji (DHEM)
2026-08-11 23:28:16,215 | INFO |    ↳ Status 403
2026-08-11 23:28:16,215 | WARNING |    ⚠ Blocked (403) retry 2
2026-08-11 23:28:16,287 | INFO | 🌐 Session warmed
2026-08-11 23:28:16,362 | INFO |    ↳ Status 403
2026-08-11 23:28:16,362 | WARNING |    ⚠ Blocked (403) retry 2
2026-08-11 23:28:16,389 | INFO |    ↳ Status 403
2026-08-11 23:28:16,389 | WARNING |    ⚠ Blocked (403) retry 1
2026-08-11 23:28:16,453 | INFO | 🌐 Session warmed
2026-08-11 23:28:16,484 | INFO | 🌐 Session warmed
2026-08-11 23:28:17,075 | INFO |    ↳ Status 403
2026-08-11 23:28:17,075 | WARNING |    ⚠ Blocked (403) retry 2
2026-08-11 23:28:17,213 | INFO | 🌐 Session warmed
2026-08-11 23:28:18,195 | INFO |    ↳ Status 403
2026-08-11 23:28:18,195 | WARNING |    ⚠ Blocked (403) retry 2
2026-08-11 23:28:18,284 | INFO | 🌐 Session warmed
2026-08-11 23:28:19,124 | INFO |    ↳ Status 403
2026-08-11 23:28:19,124 | WARNING |    ⚠ Blocked (403) retry 3
2026-08-11 23:28:19,192 | INFO | 🌐 Session warmed
2026-08-11 23:28:19,640 | INFO |    ↳ Status 403
2026-08-11 23:28:19,640 | WARNING |    ⚠ Blocked (403) retry 3
2026-08-11 23:28:19,733 | INFO | 🌐 Session warmed
2026-08-11 23:28:19,994 | INFO |    ↳ Status 403
2026-08-11 23:28:19,994 | WARNING |    ⚠ Blocked (403) retry 3
2026-08-11 23:28:20,066 | INFO | 🌐 Session warmed
2026-08-11 23:28:20,915 | INFO |    ↳ Status 403
2026-08-11 23:28:20,915 | WARNING |    ⚠ Blocked (403) retry 3
2026-08-11 23:28:21,012 | INFO | 🌐 Session warmed
2026-08-11 23:28:23,192 | INFO | [468/1901] Fetching Dhenkanal (DNAL)
2026-08-11 23:28:23,734 | INFO | [469/1901] Fetching Dholka (DHOL)
2026-08-11 23:28:24,067 | INFO | [470/1901] Fetching Dholpur (DHUR)
2026-08-11 23:28:24,366 | INFO |    ↳ Status 403
2026-08-11 23:28:24,366 | WARNING |    ⚠ Blocked (403) retry 1
2026-08-11 23:28:24,443 | INFO | 🌐 Session warmed
2026-08-11 23:28:24,551 | INFO |    ↳ Status 403
2026-08-11 23:28:24,551 | WARNING |    ⚠ Blocked (403) retry 1
2026-08-11 23:28:24,624 | INFO | 🌐 Session warmed
2026-08-11 23:28:24,989 | INFO |    ↳ Status 403
2026-08-11 23:28:24,989 | WARNING |    ⚠ Blocked (403) retry 1
2026-08-11 23:28:25,012 | INFO | [471/1901] Fetching Dhone (DHON)
2026-08-11 23:28:25,073 | INFO | 🌐 Session warmed
2026-08-11 23:28:25,890 | INFO |    ↳ Status 403
2026-08-11 23:28:25,890 | WARNING |    ⚠ Blocked (403) retry 1
2026-08-11 23:28:25,979 | INFO | 🌐 Session warmed
2026-08-11 23:28:26,100 | INFO |    ↳ Status 403
2026-08-11 23:28:26,100 | WARNING |    ⚠ Blocked (403) retry 2
2026-08-11 23:28:26,189 | INFO | 🌐 Session warmed
2026-08-11 23:28:26,685 | INFO |    ↳ Status 403
2026-08-11 23:28:26,686 | WARNING |    ⚠ Blocked (403) retry 2
2026-08-11 23:28:26,771 | INFO | 🌐 Session warmed
2026-08-11 23:28:27,166 | INFO |    ↳ Status 403
2026-08-11 23:28:27,166 | WARNING |    ⚠ Blocked (403) retry 2
2026-08-11 23:28:27,249 | INFO | 🌐 Session warmed
2026-08-11 23:28:28,164 | INFO |    ↳ Status 403
2026-08-11 23:28:28,164 | WARNING |    ⚠ Blocked (403) retry 2
2026-08-11 23:28:28,232 | INFO | 🌐 Session warmed
2026-08-11 23:28:29,232 | INFO |    ↳ Status 403
2026-08-11 23:28:29,232 | WARNING |    ⚠ Blocked (403) retry 3
2026-08-11 23:28:29,331 | INFO | 🌐 Session warmed
2026-08-11 23:28:29,620 | INFO |    ↳ Status 403
2026-08-11 23:28:29,620 | WARNING |    ⚠ Blocked (403) retry 3
2026-08-11 23:28:29,711 | INFO | 🌐 Session warmed
2026-08-11 23:28:30,518 | INFO |    ↳ Status 403
2026-08-11 23:28:30,518 | WARNING |    ⚠ Blocked (403) retry 3
2026-08-11 23:28:30,588 | INFO | 🌐 Session warmed
2026-08-11 23:28:30,989 | INFO |    ↳ Status 403
2026-08-11 23:28:30,989 | WARNING |    ⚠ Blocked (403) retry 3
2026-08-11 23:28:31,064 | INFO | 🌐 Session warmed
2026-08-11 23:28:33,331 | INFO | [472/1901] Fetching Dhoraji (DHOR)
2026-08-11 23:28:33,711 | INFO | [473/1901] Fetching Dhrangadhra (DHRN)
2026-08-11 23:28:34,233 | INFO |    ↳ Status 403
2026-08-11 23:28:34,233 | WARNING |    ⚠ Blocked (403) retry 1
2026-08-11 23:28:34,317 | INFO | 🌐 Session warmed
2026-08-11 23:28:34,589 | INFO | [474/1901] Fetching Dhubri (DHBR)
2026-08-11 23:28:34,665 | INFO |    ↳ Status 403
2026-08-11 23:28:34,665 | WARNING |    ⚠ Blocked (403) retry 1
2026-08-11 23:28:34,748 | INFO | 🌐 Session warmed
2026-08-11 23:28:35,065 | INFO | [475/1901] Fetching Dhule (DHLE)
2026-08-11 23:28:35,294 | INFO |    ↳ Status 403
2026-08-11 23:28:35,294 | WARNING |    ⚠ Blocked (403) retry 1
2026-08-11 23:28:35,362 | INFO | 🌐 Session warmed
2026-08-11 23:28:35,852 | INFO |    ↳ Status 403
2026-08-11 23:28:35,852 | WARNING |    ⚠ Blocked (403) retry 1
2026-08-11 23:28:35,933 | INFO | 🌐 Session warmed
2026-08-11 23:28:36,581 | INFO |    ↳ Status 403
2026-08-11 23:28:36,581 | WARNING |    ⚠ Blocked (403) retry 2
2026-08-11 23:28:36,668 | INFO | 🌐 Session warmed
2026-08-11 23:28:36,885 | INFO |    ↳ Status 403
2026-08-11 23:28:36,885 | WARNING |    ⚠ Blocked (403) retry 2
2026-08-11 23:28:36,965 | INFO | 🌐 Session warmed
2026-08-11 23:28:37,012 | INFO |    ↳ Status 403
2026-08-11 23:28:37,012 | WARNING |    ⚠ Blocked (403) retry 2
2026-08-11 23:28:37,080 | INFO | 🌐 Session warmed
2026-08-11 23:28:37,928 | INFO |    ↳ Status 403
2026-08-11 23:28:37,928 | WARNING |    ⚠ Blocked (403) retry 2
2026-08-11 23:28:37,999 | INFO | 🌐 Session warmed
2026-08-11 23:28:39,876 | INFO |    ↳ Status 403
2026-08-11 23:28:39,876 | WARNING |    ⚠ Blocked (403) retry 3
2026-08-11 23:28:39,946 | INFO | 🌐 Session warmed
2026-08-11 23:28:40,015 | INFO |    ↳ Status 403
2026-08-11 23:28:40,015 | WARNING |    ⚠ Blocked (403) retry 3
2026-08-11 23:28:40,105 | INFO | 🌐 Session warmed
2026-08-11 23:28:40,483 | INFO |    ↳ Status 403
2026-08-11 23:28:40,483 | WARNING |    ⚠ Blocked (403) retry 3
2026-08-11 23:28:40,551 | INFO | 🌐 Session warmed
2026-08-11 23:28:40,805 | INFO |    ↳ Status 403
2026-08-11 23:28:40,805 | WARNING |    ⚠ Blocked (403) retry 3
2026-08-11 23:28:40,882 | INFO | 🌐 Session warmed
2026-08-11 23:28:43,946 | INFO | [476/1901] Fetching Dhulian (DHAA)
2026-08-11 23:28:44,105 | INFO | [477/1901] Fetching Dhuliyan (DHUI)
2026-08-11 23:28:44,552 | INFO | [478/1901] Fetching Dhuri (DHRI)
2026-08-11 23:28:44,882 | INFO | [479/1901] Fetching Diamond Harbour (MNHR)
2026-08-11 23:28:45,052 | INFO |    ↳ Status 403
2026-08-11 23:28:45,052 | WARNING |    ⚠ Blocked (403) retry 1
2026-08-11 23:28:45,136 | INFO | 🌐 Session warmed
2026-08-11 23:28:45,437 | INFO |    ↳ Status 403
2026-08-11 23:28:45,437 | WARNING |    ⚠ Blocked (403) retry 1
2026-08-11 23:28:45,522 | INFO | 🌐 Session warmed
2026-08-11 23:28:45,703 | INFO |    ↳ Status 403
2026-08-11 23:28:45,703 | WARNING |    ⚠ Blocked (403) retry 1
2026-08-11 23:28:45,772 | INFO |    ↳ Status 403
2026-08-11 23:28:45,772 | WARNING |    ⚠ Blocked (403) retry 1
2026-08-11 23:28:45,802 | INFO | 🌐 Session warmed
2026-08-11 23:28:45,864 | INFO | 🌐 Session warmed
2026-08-11 23:28:47,273 | INFO |    ↳ Status 403
2026-08-11 23:28:47,273 | WARNING |    ⚠ Blocked (403) retry 2
2026-08-11 23:28:47,346 | INFO | 🌐 Session warmed
2026-08-11 23:28:47,791 | INFO |    ↳ Status 403
2026-08-11 23:28:47,791 | WARNING |    ⚠ Blocked (403) retry 2
2026-08-11 23:28:47,893 | INFO | 🌐 Session warmed
2026-08-11 23:28:47,908 | INFO |    ↳ Status 403
2026-08-11 23:28:47,908 | WARNING |    ⚠ Blocked (403) retry 2
2026-08-11 23:28:47,914 | INFO |    ↳ Status 403
2026-08-11 23:28:47,914 | WARNING |    ⚠ Blocked (403) retry 2
2026-08-11 23:28:48,029 | INFO | 🌐 Session warmed
2026-08-11 23:28:48,035 | INFO | 🌐 Session warmed
2026-08-11 23:28:50,542 | INFO |    ↳ Status 403
2026-08-11 23:28:50,542 | WARNING |    ⚠ Blocked (403) retry 3
2026-08-11 23:28:50,560 | INFO |    ↳ Status 403
2026-08-11 23:28:50,560 | WARNING |    ⚠ Blocked (403) retry 3
2026-08-11 23:28:50,632 | INFO | 🌐 Session warmed
2026-08-11 23:28:50,657 | INFO | 🌐 Session warmed
2026-08-11 23:28:50,991 | INFO |    ↳ Status 403
2026-08-11 23:28:50,991 | WARNING |    ⚠ Blocked (403) retry 3
2026-08-11 23:28:51,057 | INFO | 🌐 Session warmed
2026-08-11 23:28:51,096 | INFO |    ↳ Status 403
2026-08-11 23:28:51,096 | WARNING |    ⚠ Blocked (403) retry 3
2026-08-11 23:28:51,181 | INFO | 🌐 Session warmed
2026-08-11 23:28:54,633 | INFO | [480/1901] Fetching Dibrugarh (DIB)
2026-08-11 23:28:54,657 | INFO | [481/1901] Fetching Digras (DIGR)
2026-08-11 23:28:55,057 | INFO | [482/1901] Fetching Dildar Nagar (DLDR)
2026-08-11 23:28:55,182 | INFO | [483/1901] Fetching Dima Hasao (DMHO)
2026-08-11 23:28:55,706 | INFO |    ↳ Status 403
2026-08-11 23:28:55,706 | WARNING |    ⚠ Blocked (403) retry 1
2026-08-11 23:28:55,777 | INFO |    ↳ Status 403
2026-08-11 23:28:55,777 | WARNING |    ⚠ Blocked (403) retry 1
2026-08-11 23:28:55,789 | INFO | 🌐 Session warmed
2026-08-11 23:28:55,867 | INFO | 🌐 Session warmed
2026-08-11 23:28:55,981 | INFO |    ↳ Status 403
2026-08-11 23:28:55,981 | WARNING |    ⚠ Blocked (403) retry 1
2026-08-11 23:28:56,065 | INFO | 🌐 Session warmed
2026-08-11 23:28:56,417 | INFO |    ↳ Status 403
2026-08-11 23:28:56,417 | WARNING |    ⚠ Blocked (403) retry 1
2026-08-11 23:28:56,510 | INFO | 🌐 Session warmed
2026-08-11 23:28:57,600 | INFO |    ↳ Status 403
2026-08-11 23:28:57,600 | WARNING |    ⚠ Blocked (403) retry 2
2026-08-11 23:28:57,683 | INFO | 🌐 Session warmed
2026-08-11 23:28:57,722 | INFO |    ↳ Status 403
2026-08-11 23:28:57,722 | WARNING |    ⚠ Blocked (403) retry 2
2026-08-11 23:28:57,795 | INFO | 🌐 Session warmed
2026-08-11 23:28:58,101 | INFO |    ↳ Status 403
2026-08-11 23:28:58,101 | WARNING |    ⚠ Blocked (403) retry 2
2026-08-11 23:28:58,191 | INFO | 🌐 Session warmed
2026-08-11 23:28:58,858 | INFO |    ↳ Status 403
2026-08-11 23:28:58,858 | WARNING |    ⚠ Blocked (403) retry 2
2026-08-11 23:28:58,940 | INFO | 🌐 Session warmed
2026-08-11 23:29:00,514 | INFO |    ↳ Status 403
2026-08-11 23:29:00,514 | WARNING |    ⚠ Blocked (403) retry 3
2026-08-11 23:29:00,525 | INFO |    ↳ Status 403
2026-08-11 23:29:00,525 | WARNING |    ⚠ Blocked (403) retry 3
2026-08-11 23:29:00,595 | INFO | 🌐 Session warmed
2026-08-11 23:29:00,633 | INFO | 🌐 Session warmed
2026-08-11 23:29:01,008 | INFO |    ↳ Status 403
2026-08-11 23:29:01,008 | WARNING |    ⚠ Blocked (403) retry 3
2026-08-11 23:29:01,085 | INFO | 🌐 Session warmed
2026-08-11 23:29:01,808 | INFO |    ↳ Status 403
2026-08-11 23:29:01,809 | WARNING |    ⚠ Blocked (403) retry 3
2026-08-11 23:29:01,881 | INFO | 🌐 Session warmed
2026-08-11 23:29:04,595 | INFO | [484/1901] Fetching Dimapur (DMPR)
2026-08-11 23:29:04,633 | INFO | [485/1901] Fetching Dinanagar (DINA)
2026-08-11 23:29:05,086 | INFO | [486/1901] Fetching Dindigul (DIND)
2026-08-11 23:29:05,289 | INFO |    ↳ Status 403
2026-08-11 23:29:05,289 | WARNING |    ⚠ Blocked (403) retry 1
2026-08-11 23:29:05,366 | INFO | 🌐 Session warmed
2026-08-11 23:29:05,625 | INFO |    ↳ Status 403
2026-08-11 23:29:05,625 | WARNING |    ⚠ Blocked (403) retry 1
2026-08-11 23:29:05,699 | INFO | 🌐 Session warmed
2026-08-11 23:29:05,882 | INFO | [487/1901] Fetching Diphu (DIPH)
2026-08-11 23:29:06,127 | INFO |    ↳ Status 403
2026-08-11 23:29:06,127 | WARNING |    ⚠ Blocked (403) retry 1
2026-08-11 23:29:06,213 | INFO | 🌐 Session warmed
2026-08-11 23:29:06,911 | INFO |    ↳ Status 403
2026-08-11 23:29:06,911 | WARNING |    ⚠ Blocked (403) retry 1
2026-08-11 23:29:06,993 | INFO | 🌐 Session warmed
2026-08-11 23:29:07,583 | INFO |    ↳ Status 403
2026-08-11 23:29:07,584 | WARNING |    ⚠ Blocked (403) retry 2
2026-08-11 23:29:07,668 | INFO | 🌐 Session warmed
2026-08-11 23:29:07,762 | INFO |    ↳ Status 403
2026-08-11 23:29:07,762 | WARNING |    ⚠ Blocked (403) retry 2
2026-08-11 23:29:07,845 | INFO | 🌐 Session warmed
2026-08-11 23:29:08,220 | INFO |    ↳ Status 403
2026-08-11 23:29:08,220 | WARNING |    ⚠ Blocked (403) retry 2
2026-08-11 23:29:08,302 | INFO | 🌐 Session warmed
2026-08-11 23:29:08,969 | INFO |    ↳ Status 403
2026-08-11 23:29:08,969 | WARNING |    ⚠ Blocked (403) retry 2
2026-08-11 23:29:09,046 | INFO | 🌐 Session warmed
2026-08-11 23:29:10,447 | INFO |    ↳ Status 403
2026-08-11 23:29:10,447 | WARNING |    ⚠ Blocked (403) retry 3
2026-08-11 23:29:10,527 | INFO | 🌐 Session warmed
2026-08-11 23:29:10,653 | INFO |    ↳ Status 403
2026-08-11 23:29:10,653 | WARNING |    ⚠ Blocked (403) retry 3
2026-08-11 23:29:10,744 | INFO | 🌐 Session warmed
2026-08-11 23:29:11,282 | INFO |    ↳ Status 403
2026-08-11 23:29:11,282 | WARNING |    ⚠ Blocked (403) retry 3
2026-08-11 23:29:11,350 | INFO | 🌐 Session warmed
2026-08-11 23:29:11,826 | INFO |    ↳ Status 403
2026-08-11 23:29:11,826 | WARNING |    ⚠ Blocked (403) retry 3
2026-08-11 23:29:11,910 | INFO | 🌐 Session warmed
2026-08-11 23:29:14,527 | INFO | [488/1901] Fetching Dirang (DGGD)
2026-08-11 23:29:14,745 | INFO | [489/1901] Fetching Doddaballapura (DDBP)
2026-08-11 23:29:15,350 | INFO | [490/1901] Fetching Doimukh (MDHK)
2026-08-11 23:29:15,383 | INFO |    ↳ Status 403
2026-08-11 23:29:15,383 | WARNING |    ⚠ Blocked (403) retry 1
2026-08-11 23:29:15,457 | INFO | 🌐 Session warmed
2026-08-11 23:29:15,877 | INFO |    ↳ Status 403
2026-08-11 23:29:15,877 | WARNING |    ⚠ Blocked (403) retry 1
2026-08-11 23:29:15,910 | INFO | [491/1901] Fetching Domkal (DMKL)
2026-08-11 23:29:15,968 | INFO | 🌐 Session warmed
2026-08-11 23:29:16,554 | INFO |    ↳ Status 403
2026-08-11 23:29:16,554 | WARNING |    ⚠ Blocked (403) retry 1
2026-08-11 23:29:16,645 | INFO | 🌐 Session warmed
2026-08-11 23:29:17,026 | INFO |    ↳ Status 403
2026-08-11 23:29:17,026 | WARNING |    ⚠ Blocked (403) retry 1
2026-08-11 23:29:17,100 | INFO | 🌐 Session warmed
2026-08-11 23:29:17,366 | INFO |    ↳ Status 403
2026-08-11 23:29:17,366 | WARNING |    ⚠ Blocked (403) retry 2
2026-08-11 23:29:17,448 | INFO | 🌐 Session warmed
2026-08-11 23:29:18,011 | INFO |    ↳ Status 403
2026-08-11 23:29:18,011 | WARNING |    ⚠ Blocked (403) retry 2
2026-08-11 23:29:18,173 | INFO | 🌐 Session warmed
2026-08-11 23:29:18,298 | INFO |    ↳ Status 403
2026-08-11 23:29:18,298 | WARNING |    ⚠ Blocked (403) retry 2
2026-08-11 23:29:18,372 | INFO | 🌐 Session warmed
2026-08-11 23:29:18,811 | INFO |    ↳ Status 403
2026-08-11 23:29:18,811 | WARNING |    ⚠ Blocked (403) retry 2
2026-08-11 23:29:18,885 | INFO | 🌐 Session warmed
2026-08-11 23:29:20,557 | INFO |    ↳ Status 403
2026-08-11 23:29:20,557 | WARNING |    ⚠ Blocked (403) retry 3
2026-08-11 23:29:20,655 | INFO | 🌐 Session warmed
2026-08-11 23:29:21,146 | INFO |    ↳ Status 403
2026-08-11 23:29:21,146 | WARNING |    ⚠ Blocked (403) retry 3
2026-08-11 23:29:21,218 | INFO | 🌐 Session warmed
2026-08-11 23:29:21,475 | INFO |    ↳ Status 403
2026-08-11 23:29:21,475 | WARNING |    ⚠ Blocked (403) retry 3
2026-08-11 23:29:21,543 | INFO | 🌐 Session warmed
2026-08-11 23:29:22,238 | INFO |    ↳ Status 403
2026-08-11 23:29:22,238 | WARNING |    ⚠ Blocked (403) retry 3
2026-08-11 23:29:22,328 | INFO | 🌐 Session warmed
2026-08-11 23:29:24,655 | INFO | [492/1901] Fetching Dongargarh (DONG)
2026-08-11 23:29:25,218 | INFO | [493/1901] Fetching Doolahat Bazar (DLBZ)
2026-08-11 23:29:25,543 | INFO | [494/1901] Fetching Doraha (DORH)
2026-08-11 23:29:25,585 | INFO |    ↳ Status 403
2026-08-11 23:29:25,585 | WARNING |    ⚠ Blocked (403) retry 1
2026-08-11 23:29:25,655 | INFO | 🌐 Session warmed
2026-08-11 23:29:26,221 | INFO |    ↳ Status 403
2026-08-11 23:29:26,221 | WARNING |    ⚠ Blocked (403) retry 1
2026-08-11 23:29:26,310 | INFO | 🌐 Session warmed
2026-08-11 23:29:26,328 | INFO | [495/1901] Fetching Dornakal (DORN)
2026-08-11 23:29:26,369 | INFO |    ↳ Status 403
2026-08-11 23:29:26,369 | WARNING |    ⚠ Blocked (403) retry 1
2026-08-11 23:29:26,453 | INFO | 🌐 Session warmed
2026-08-11 23:29:27,483 | INFO |    ↳ Status 403
2026-08-11 23:29:27,483 | WARNING |    ⚠ Blocked (403) retry 1
2026-08-11 23:29:27,577 | INFO | 🌐 Session warmed
2026-08-11 23:29:28,012 | INFO |    ↳ Status 403
2026-08-11 23:29:28,012 | WARNING |    ⚠ Blocked (403) retry 2
2026-08-11 23:29:28,078 | INFO | 🌐 Session warmed
2026-08-11 23:29:28,215 | INFO |    ↳ Status 403
2026-08-11 23:29:28,215 | WARNING |    ⚠ Blocked (403) retry 2
2026-08-11 23:29:28,282 | INFO | 🌐 Session warmed
2026-08-11 23:29:28,617 | INFO |    ↳ Status 403
2026-08-11 23:29:28,617 | WARNING |    ⚠ Blocked (403) retry 2
2026-08-11 23:29:28,692 | INFO | 🌐 Session warmed
2026-08-11 23:29:29,487 | INFO |    ↳ Status 403
2026-08-11 23:29:29,487 | WARNING |    ⚠ Blocked (403) retry 2
2026-08-11 23:29:29,570 | INFO | 🌐 Session warmed
2026-08-11 23:29:31,272 | INFO |    ↳ Status 403
2026-08-11 23:29:31,272 | WARNING |    ⚠ Blocked (403) retry 3
2026-08-11 23:29:31,385 | INFO | 🌐 Session warmed
2026-08-11 23:29:31,535 | INFO |    ↳ Status 403
2026-08-11 23:29:31,535 | WARNING |    ⚠ Blocked (403) retry 3
2026-08-11 23:29:31,614 | INFO | 🌐 Session warmed
2026-08-11 23:29:31,677 | INFO |    ↳ Status 403
2026-08-11 23:29:31,677 | WARNING |    ⚠ Blocked (403) retry 3
2026-08-11 23:29:31,754 | INFO | 🌐 Session warmed
2026-08-11 23:29:32,267 | INFO |    ↳ Status 403
2026-08-11 23:29:32,267 | WARNING |    ⚠ Blocked (403) retry 3
2026-08-11 23:29:32,351 | INFO | 🌐 Session warmed
2026-08-11 23:29:35,386 | INFO | [496/1901] Fetching Dowlaiswaram (DOWL)
2026-08-11 23:29:35,614 | INFO | [497/1901] Fetching Draksharamam (DAKR)
2026-08-11 23:29:35,754 | INFO | [498/1901] Fetching Dubbaka (DBBK)
2026-08-11 23:29:36,249 | INFO |    ↳ Status 403
2026-08-11 23:29:36,249 | WARNING |    ⚠ Blocked (403) retry 1
2026-08-11 23:29:36,321 | INFO | 🌐 Session warmed
2026-08-11 23:29:36,351 | INFO |    ↳ Status 403
2026-08-11 23:29:36,351 | INFO | [499/1901] Fetching Dubrajpur (DUBR)
2026-08-11 23:29:36,351 | WARNING |    ⚠ Blocked (403) retry 1
2026-08-11 23:29:36,429 | INFO | 🌐 Session warmed
2026-08-11 23:29:36,917 | INFO |    ↳ Status 403
2026-08-11 23:29:36,917 | WARNING |    ⚠ Blocked (403) retry 1
2026-08-11 23:29:37,001 | INFO | 🌐 Session warmed
2026-08-11 23:29:37,760 | INFO |    ↳ Status 403
2026-08-11 23:29:37,760 | WARNING |    ⚠ Blocked (403) retry 1
2026-08-11 23:29:37,838 | INFO | 🌐 Session warmed
2026-08-11 23:29:38,110 | INFO |    ↳ Status 403
2026-08-11 23:29:38,110 | WARNING |    ⚠ Blocked (403) retry 2
2026-08-11 23:29:38,182 | INFO |    ↳ Status 403
2026-08-11 23:29:38,182 | WARNING |    ⚠ Blocked (403) retry 2
2026-08-11 23:29:38,188 | INFO | 🌐 Session warmed
2026-08-11 23:29:38,265 | INFO | 🌐 Session warmed
2026-08-11 23:29:38,981 | INFO |    ↳ Status 403
2026-08-11 23:29:38,981 | WARNING |    ⚠ Blocked (403) retry 2
2026-08-11 23:29:39,054 | INFO | 🌐 Session warmed
2026-08-11 23:29:40,001 | INFO |    ↳ Status 403
2026-08-11 23:29:40,001 | WARNING |    ⚠ Blocked (403) retry 2
2026-08-11 23:29:40,088 | INFO | 🌐 Session warmed
2026-08-11 23:29:41,187 | INFO |    ↳ Status 403
2026-08-11 23:29:41,187 | WARNING |    ⚠ Blocked (403) retry 3
2026-08-11 23:29:41,257 | INFO | 🌐 Session warmed
2026-08-11 23:29:41,634 | INFO |    ↳ Status 403
2026-08-11 23:29:41,634 | WARNING |    ⚠ Blocked (403) retry 3
2026-08-11 23:29:41,699 | INFO | 🌐 Session warmed
2026-08-11 23:29:41,830 | INFO |    ↳ Status 403
2026-08-11 23:29:41,830 | WARNING |    ⚠ Blocked (403) retry 3
2026-08-11 23:29:41,921 | INFO | 🌐 Session warmed
2026-08-11 23:29:42,774 | INFO |    ↳ Status 403
2026-08-11 23:29:42,774 | WARNING |    ⚠ Blocked (403) retry 3
2026-08-11 23:29:42,869 | INFO | 🌐 Session warmed
2026-08-11 23:29:45,258 | INFO | [500/1901] Fetching Dudhi (DUDH)
2026-08-11 23:29:45,700 | INFO | [501/1901] Fetching Dumka (DUMKA)
2026-08-11 23:29:45,921 | INFO | [502/1901] Fetching Dungarpur (DUNG)
2026-08-11 23:29:46,485 | INFO |    ↳ Status 403
2026-08-11 23:29:46,485 | WARNING |    ⚠ Blocked (403) retry 1
2026-08-11 23:29:46,574 | INFO | 🌐 Session warmed
2026-08-11 23:29:46,665 | INFO |    ↳ Status 403
2026-08-11 23:29:46,665 | WARNING |    ⚠ Blocked (403) retry 1
2026-08-11 23:29:46,746 | INFO | 🌐 Session warmed
2026-08-11 23:29:46,869 | INFO | [503/1901] Fetching Durg (DURG)
2026-08-11 23:29:47,141 | INFO |    ↳ Status 403
2026-08-11 23:29:47,141 | WARNING |    ⚠ Blocked (403) retry 1
2026-08-11 23:29:47,219 | INFO | 🌐 Session warmed
2026-08-11 23:29:47,500 | INFO |    ↳ Status 403
2026-08-11 23:29:47,500 | WARNING |    ⚠ Blocked (403) retry 1
2026-08-11 23:29:47,602 | INFO | 🌐 Session warmed
2026-08-11 23:29:48,262 | INFO |    ↳ Status 403
2026-08-11 23:29:48,263 | WARNING |    ⚠ Blocked (403) retry 2
2026-08-11 23:29:48,330 | INFO | 🌐 Session warmed
2026-08-11 23:29:48,657 | INFO |    ↳ Status 403
2026-08-11 23:29:48,657 | WARNING |    ⚠ Blocked (403) retry 2
2026-08-11 23:29:48,741 | INFO | 🌐 Session warmed
2026-08-11 23:29:49,212 | INFO |    ↳ Status 403
2026-08-11 23:29:49,212 | WARNING |    ⚠ Blocked (403) retry 2
2026-08-11 23:29:49,297 | INFO | 🌐 Session warmed
2026-08-11 23:29:49,744 | INFO |    ↳ Status 403
2026-08-11 23:29:49,745 | WARNING |    ⚠ Blocked (403) retry 2
2026-08-11 23:29:49,837 | INFO | 🌐 Session warmed
2026-08-11 23:29:51,595 | INFO |    ↳ Status 403
2026-08-11 23:29:51,595 | WARNING |    ⚠ Blocked (403) retry 3
2026-08-11 23:29:51,687 | INFO | 🌐 Session warmed
2026-08-11 23:29:52,046 | INFO |    ↳ Status 403
2026-08-11 23:29:52,046 | WARNING |    ⚠ Blocked (403) retry 3
2026-08-11 23:29:52,086 | INFO |    ↳ Status 403
2026-08-11 23:29:52,086 | WARNING |    ⚠ Blocked (403) retry 3
2026-08-11 23:29:52,126 | INFO | 🌐 Session warmed
2026-08-11 23:29:52,162 | INFO | 🌐 Session warmed
2026-08-11 23:29:52,897 | INFO |    ↳ Status 403
2026-08-11 23:29:52,897 | WARNING |    ⚠ Blocked (403) retry 3
2026-08-11 23:29:52,966 | INFO | 🌐 Session warmed
2026-08-11 23:29:55,687 | INFO | [504/1901] Fetching Durgapur (DURGA)
2026-08-11 23:29:56,126 | INFO | [505/1901] Fetching Dwarka (DWAR)
2026-08-11 23:29:56,163 | INFO | [506/1901] Fetching East Godavari (ESTG)
2026-08-11 23:29:56,890 | INFO |    ↳ Status 403
2026-08-11 23:29:56,890 | WARNING |    ⚠ Blocked (403) retry 1
2026-08-11 23:29:56,966 | INFO | [507/1901] Fetching Edappal (EDPL)
2026-08-11 23:29:56,966 | INFO | 🌐 Session warmed
2026-08-11 23:29:57,076 | INFO |    ↳ Status 403
2026-08-11 23:29:57,076 | WARNING |    ⚠ Blocked (403) retry 1
2026-08-11 23:29:57,142 | INFO | 🌐 Session warmed
2026-08-11 23:29:57,315 | INFO |    ↳ Status 403
2026-08-11 23:29:57,315 | WARNING |    ⚠ Blocked (403) retry 1
2026-08-11 23:29:57,409 | INFO | 🌐 Session warmed
2026-08-11 23:29:58,011 | INFO |    ↳ Status 403
2026-08-11 23:29:58,011 | WARNING |    ⚠ Blocked (403) retry 1
2026-08-11 23:29:58,085 | INFO | 🌐 Session warmed
2026-08-11 23:29:58,983 | INFO |    ↳ Status 403
2026-08-11 23:29:58,983 | WARNING |    ⚠ Blocked (403) retry 2
2026-08-11 23:29:59,056 | INFO | 🌐 Session warmed
2026-08-11 23:29:59,201 | INFO |    ↳ Status 403
2026-08-11 23:29:59,202 | WARNING |    ⚠ Blocked (403) retry 2
2026-08-11 23:29:59,294 | INFO | 🌐 Session warmed
2026-08-11 23:29:59,500 | INFO |    ↳ Status 403
2026-08-11 23:29:59,500 | WARNING |    ⚠ Blocked (403) retry 2
2026-08-11 23:29:59,587 | INFO | 🌐 Session warmed
2026-08-11 23:30:00,048 | INFO |    ↳ Status 403
2026-08-11 23:30:00,048 | WARNING |    ⚠ Blocked (403) retry 2
2026-08-11 23:30:00,138 | INFO | 🌐 Session warmed
2026-08-11 23:30:02,054 | INFO |    ↳ Status 403
2026-08-11 23:30:02,054 | WARNING |    ⚠ Blocked (403) retry 3
2026-08-11 23:30:02,161 | INFO | 🌐 Session warmed
2026-08-11 23:30:02,557 | INFO |    ↳ Status 403
2026-08-11 23:30:02,557 | WARNING |    ⚠ Blocked (403) retry 3
2026-08-11 23:30:02,628 | INFO | 🌐 Session warmed
2026-08-11 23:30:02,660 | INFO |    ↳ Status 403
2026-08-11 23:30:02,660 | WARNING |    ⚠ Blocked (403) retry 3
2026-08-11 23:30:02,744 | INFO | 🌐 Session warmed
2026-08-11 23:30:02,780 | INFO |    ↳ Status 403
2026-08-11 23:30:02,780 | WARNING |    ⚠ Blocked (403) retry 3
2026-08-11 23:30:02,855 | INFO | 🌐 Session warmed
2026-08-11 23:30:06,162 | INFO | [508/1901] Fetching Edlapadu (EDLP)
2026-08-11 23:30:06,629 | INFO | [509/1901] Fetching Ekma (EKMA)
2026-08-11 23:30:06,745 | INFO | [510/1901] Fetching Elesvaram (ELES)
2026-08-11 23:30:06,856 | INFO | [511/1901] Fetching Eluru (ELRU)
2026-08-11 23:30:07,288 | INFO |    ↳ Status 403
2026-08-11 23:30:07,289 | WARNING |    ⚠ Blocked (403) retry 1
2026-08-11 23:30:07,385 | INFO |    ↳ Status 403
2026-08-11 23:30:07,385 | WARNING |    ⚠ Blocked (403) retry 1
2026-08-11 23:30:07,389 | INFO | 🌐 Session warmed
2026-08-11 23:30:07,459 | INFO | 🌐 Session warmed
2026-08-11 23:30:07,493 | INFO |    ↳ Status 403
2026-08-11 23:30:07,493 | WARNING |    ⚠ Blocked (403) retry 1
2026-08-11 23:30:07,564 | INFO | 🌐 Session warmed
2026-08-11 23:30:07,842 | INFO |    ↳ Status 403
2026-08-11 23:30:07,842 | WARNING |    ⚠ Blocked (403) retry 1
2026-08-11 23:30:07,922 | INFO | 🌐 Session warmed
2026-08-11 23:30:09,195 | INFO |    ↳ Status 403
2026-08-11 23:30:09,195 | WARNING |    ⚠ Blocked (403) retry 2
2026-08-11 23:30:09,234 | INFO |    ↳ Status 403
2026-08-11 23:30:09,234 | WARNING |    ⚠ Blocked (403) retry 2
2026-08-11 23:30:09,272 | INFO | 🌐 Session warmed
2026-08-11 23:30:09,318 | INFO | 🌐 Session warmed
2026-08-11 23:30:09,318 | INFO |    ↳ Status 403
2026-08-11 23:30:09,318 | WARNING |    ⚠ Blocked (403) retry 2
2026-08-11 23:30:09,410 | INFO | 🌐 Session warmed
2026-08-11 23:30:10,240 | INFO |    ↳ Status 403
2026-08-11 23:30:10,240 | WARNING |    ⚠ Blocked (403) retry 2
2026-08-11 23:30:10,332 | INFO | 🌐 Session warmed
2026-08-11 23:30:11,910 | INFO |    ↳ Status 403
2026-08-11 23:30:11,910 | WARNING |    ⚠ Blocked (403) retry 3
2026-08-11 23:30:12,004 | INFO | 🌐 Session warmed
2026-08-11 23:30:12,142 | INFO |    ↳ Status 403
2026-08-11 23:30:12,142 | WARNING |    ⚠ Blocked (403) retry 3
2026-08-11 23:30:12,218 | INFO | 🌐 Session warmed
2026-08-11 23:30:12,302 | INFO |    ↳ Status 403
2026-08-11 23:30:12,302 | WARNING |    ⚠ Blocked (403) retry 3
2026-08-11 23:30:12,377 | INFO | 🌐 Session warmed
2026-08-11 23:30:13,139 | INFO |    ↳ Status 403
2026-08-11 23:30:13,139 | WARNING |    ⚠ Blocked (403) retry 3
2026-08-11 23:30:13,234 | INFO | 🌐 Session warmed
2026-08-11 23:30:16,004 | INFO | [512/1901] Fetching Enkoor (ENKR)
2026-08-11 23:30:16,219 | INFO | [513/1901] Fetching Eramalloor (ERMR)
2026-08-11 23:30:16,377 | INFO | [514/1901] Fetching Erandol (ERAN)
2026-08-11 23:30:16,806 | INFO |    ↳ Status 403
2026-08-11 23:30:16,806 | WARNING |    ⚠ Blocked (403) retry 1
2026-08-11 23:30:16,891 | INFO |    ↳ Status 403
2026-08-11 23:30:16,891 | WARNING |    ⚠ Blocked (403) retry 1
2026-08-11 23:30:16,896 | INFO | 🌐 Session warmed
2026-08-11 23:30:16,974 | INFO | 🌐 Session warmed
2026-08-11 23:30:17,234 | INFO | [515/1901] Fetching Erattupetta (ERAT)
2026-08-11 23:30:17,369 | INFO |    ↳ Status 403
2026-08-11 23:30:17,369 | WARNING |    ⚠ Blocked (403) retry 1
2026-08-11 23:30:17,454 | INFO | 🌐 Session warmed
2026-08-11 23:30:17,929 | INFO |    ↳ Status 403
2026-08-11 23:30:17,929 | WARNING |    ⚠ Blocked (403) retry 1
2026-08-11 23:30:18,015 | INFO | 🌐 Session warmed
2026-08-11 23:30:18,788 | INFO |    ↳ Status 403
2026-08-11 23:30:18,788 | WARNING |    ⚠ Blocked (403) retry 2
2026-08-11 23:30:18,885 | INFO | 🌐 Session warmed
2026-08-11 23:30:19,077 | INFO |    ↳ Status 403
2026-08-11 23:30:19,077 | WARNING |    ⚠ Blocked (403) retry 2
2026-08-11 23:30:19,170 | INFO | 🌐 Session warmed
2026-08-11 23:30:19,418 | INFO |    ↳ Status 403
2026-08-11 23:30:19,418 | WARNING |    ⚠ Blocked (403) retry 2
2026-08-11 23:30:19,501 | INFO | 🌐 Session warmed
2026-08-11 23:30:19,862 | INFO |    ↳ Status 403
2026-08-11 23:30:19,862 | WARNING |    ⚠ Blocked (403) retry 2
2026-08-11 23:30:19,935 | INFO | 🌐 Session warmed
2026-08-11 23:30:22,175 | INFO |    ↳ Status 403
2026-08-11 23:30:22,175 | WARNING |    ⚠ Blocked (403) retry 3
2026-08-11 23:30:22,260 | INFO | 🌐 Session warmed
2026-08-11 23:30:22,358 | INFO |    ↳ Status 403
2026-08-11 23:30:22,358 | WARNING |    ⚠ Blocked (403) retry 3
2026-08-11 23:30:22,441 | INFO | 🌐 Session warmed
2026-08-11 23:30:22,537 | INFO |    ↳ Status 403
2026-08-11 23:30:22,537 | WARNING |    ⚠ Blocked (403) retry 3
2026-08-11 23:30:22,605 | INFO | 🌐 Session warmed
2026-08-11 23:30:23,171 | INFO |    ↳ Status 403
2026-08-11 23:30:23,171 | WARNING |    ⚠ Blocked (403) retry 3
2026-08-11 23:30:23,257 | INFO | 🌐 Session warmed
2026-08-11 23:30:26,260 | INFO | [516/1901] Fetching Ernakulam (ERNK)
2026-08-11 23:30:26,442 | INFO | [517/1901] Fetching Erode (EROD)
2026-08-11 23:30:26,605 | INFO | [518/1901] Fetching Etah (ETAH)
2026-08-11 23:30:27,218 | INFO |    ↳ Status 403
2026-08-11 23:30:27,218 | WARNING |    ⚠ Blocked (403) retry 1
2026-08-11 23:30:27,257 | INFO | [519/1901] Fetching Etawah (ETWH)
2026-08-11 23:30:27,315 | INFO |    ↳ Status 403
2026-08-11 23:30:27,315 | WARNING |    ⚠ Blocked (403) retry 1
2026-08-11 23:30:27,321 | INFO | 🌐 Session warmed
2026-08-11 23:30:27,386 | INFO | 🌐 Session warmed
2026-08-11 23:30:27,959 | INFO |    ↳ Status 403
2026-08-11 23:30:27,960 | WARNING |    ⚠ Blocked (403) retry 1
2026-08-11 23:30:28,035 | INFO | 🌐 Session warmed
2026-08-11 23:30:28,059 | INFO |    ↳ Status 403
2026-08-11 23:30:28,060 | WARNING |    ⚠ Blocked (403) retry 1
2026-08-11 23:30:28,128 | INFO | 🌐 Session warmed
2026-08-11 23:30:29,077 | INFO |    ↳ Status 403
2026-08-11 23:30:29,077 | WARNING |    ⚠ Blocked (403) retry 2
2026-08-11 23:30:29,160 | INFO | 🌐 Session warmed
2026-08-11 23:30:29,368 | INFO |    ↳ Status 403
2026-08-11 23:30:29,368 | WARNING |    ⚠ Blocked (403) retry 2
2026-08-11 23:30:29,441 | INFO | 🌐 Session warmed
2026-08-11 23:30:29,950 | INFO |    ↳ Status 403
2026-08-11 23:30:29,950 | WARNING |    ⚠ Blocked (403) retry 2
2026-08-11 23:30:30,033 | INFO |    ↳ Status 403
2026-08-11 23:30:30,033 | WARNING |    ⚠ Blocked (403) retry 2
2026-08-11 23:30:30,043 | INFO | 🌐 Session warmed
2026-08-11 23:30:30,124 | INFO | 🌐 Session warmed
2026-08-11 23:30:32,067 | INFO |    ↳ Status 403
2026-08-11 23:30:32,068 | WARNING |    ⚠ Blocked (403) retry 3
2026-08-11 23:30:32,161 | INFO | 🌐 Session warmed
2026-08-11 23:30:32,691 | INFO |    ↳ Status 403
2026-08-11 23:30:32,691 | WARNING |    ⚠ Blocked (403) retry 3
2026-08-11 23:30:32,788 | INFO | 🌐 Session warmed
2026-08-11 23:30:32,854 | INFO |    ↳ Status 403
2026-08-11 23:30:32,854 | WARNING |    ⚠ Blocked (403) retry 3
2026-08-11 23:30:32,936 | INFO | 🌐 Session warmed
2026-08-11 23:30:33,415 | INFO |    ↳ Status 403
2026-08-11 23:30:33,415 | WARNING |    ⚠ Blocked (403) retry 3
2026-08-11 23:30:33,487 | INFO | 🌐 Session warmed
2026-08-11 23:30:36,161 | INFO | [520/1901] Fetching Ettumanoor (ETTU)
2026-08-11 23:30:36,789 | INFO | [521/1901] Fetching Eturnagaram (ETNR)
2026-08-11 23:30:36,820 | INFO |    ↳ Status 403
2026-08-11 23:30:36,821 | WARNING |    ⚠ Blocked (403) retry 1
2026-08-11 23:30:36,906 | INFO | 🌐 Session warmed
2026-08-11 23:30:36,936 | INFO | [522/1901] Fetching Faizabad (FAZA)
2026-08-11 23:30:37,487 | INFO | [523/1901] Fetching Falakata (FALA)
2026-08-11 23:30:37,550 | INFO |    ↳ Status 403
2026-08-11 23:30:37,550 | WARNING |    ⚠ Blocked (403) retry 1
2026-08-11 23:30:37,620 | INFO | 🌐 Session warmed
2026-08-11 23:30:37,917 | INFO |    ↳ Status 403
2026-08-11 23:30:37,917 | WARNING |    ⚠ Blocked (403) retry 1
2026-08-11 23:30:38,014 | INFO | 🌐 Session warmed
2026-08-11 23:30:38,200 | INFO |    ↳ Status 403
2026-08-11 23:30:38,201 | WARNING |    ⚠ Blocked (403) retry 1
2026-08-11 23:30:38,284 | INFO | 🌐 Session warmed
2026-08-11 23:30:38,723 | INFO |    ↳ Status 403
2026-08-11 23:30:38,723 | WARNING |    ⚠ Blocked (403) retry 2
2026-08-11 23:30:38,813 | INFO | 🌐 Session warmed
2026-08-11 23:30:39,337 | INFO |    ↳ Status 403
2026-08-11 23:30:39,338 | WARNING |    ⚠ Blocked (403) retry 2
2026-08-11 23:30:39,432 | INFO | 🌐 Session warmed
2026-08-11 23:30:40,143 | INFO |    ↳ Status 403
2026-08-11 23:30:40,143 | WARNING |    ⚠ Blocked (403) retry 2
2026-08-11 23:30:40,226 | INFO | 🌐 Session warmed
2026-08-11 23:30:40,300 | INFO |    ↳ Status 403
2026-08-11 23:30:40,300 | WARNING |    ⚠ Blocked (403) retry 2
2026-08-11 23:30:40,369 | INFO | 🌐 Session warmed
2026-08-11 23:30:41,744 | INFO |    ↳ Status 403
2026-08-11 23:30:41,744 | WARNING |    ⚠ Blocked (403) retry 3
2026-08-11 23:30:41,811 | INFO | 🌐 Session warmed
2026-08-11 23:30:42,652 | INFO |    ↳ Status 403
2026-08-11 23:30:42,652 | WARNING |    ⚠ Blocked (403) retry 3
2026-08-11 23:30:42,752 | INFO | 🌐 Session warmed
2026-08-11 23:30:43,111 | INFO |    ↳ Status 403
2026-08-11 23:30:43,111 | WARNING |    ⚠ Blocked (403) retry 3
2026-08-11 23:30:43,183 | INFO | 🌐 Session warmed
2026-08-11 23:30:43,535 | INFO |    ↳ Status 403
2026-08-11 23:30:43,535 | WARNING |    ⚠ Blocked (403) retry 3
2026-08-11 23:30:43,620 | INFO | 🌐 Session warmed
2026-08-11 23:30:45,812 | INFO | [524/1901] Fetching Falna (FALN)
2026-08-11 23:30:46,709 | INFO |    ↳ Status 403
2026-08-11 23:30:46,709 | WARNING |    ⚠ Blocked (403) retry 1
2026-08-11 23:30:46,752 | INFO | [525/1901] Fetching Faridkot (DKOT)
2026-08-11 23:30:46,774 | INFO | 🌐 Session warmed
2026-08-11 23:30:47,183 | INFO | [526/1901] Fetching Farrukhabad (FARU)
2026-08-11 23:30:47,426 | INFO |    ↳ Status 403
2026-08-11 23:30:47,426 | WARNING |    ⚠ Blocked (403) retry 1
2026-08-11 23:30:47,497 | INFO | 🌐 Session warmed
2026-08-11 23:30:47,621 | INFO | [527/1901] Fetching Fatehabad (FATD)
2026-08-11 23:30:47,854 | INFO |    ↳ Status 403
2026-08-11 23:30:47,854 | WARNING |    ⚠ Blocked (403) retry 1
2026-08-11 23:30:47,932 | INFO | 🌐 Session warmed
2026-08-11 23:30:48,894 | INFO |    ↳ Status 403
2026-08-11 23:30:48,894 | WARNING |    ⚠ Blocked (403) retry 1
2026-08-11 23:30:48,961 | INFO | 🌐 Session warmed
2026-08-11 23:30:49,088 | INFO |    ↳ Status 403
2026-08-11 23:30:49,088 | WARNING |    ⚠ Blocked (403) retry 2
2026-08-11 23:30:49,171 | INFO | 🌐 Session warmed
2026-08-11 23:30:49,701 | INFO |    ↳ Status 403
2026-08-11 23:30:49,701 | WARNING |    ⚠ Blocked (403) retry 2
2026-08-11 23:30:49,738 | INFO |    ↳ Status 403
2026-08-11 23:30:49,738 | WARNING |    ⚠ Blocked (403) retry 2
2026-08-11 23:30:49,805 | INFO | 🌐 Session warmed
2026-08-11 23:30:49,842 | INFO | 🌐 Session warmed
2026-08-11 23:30:51,272 | INFO |    ↳ Status 403
2026-08-11 23:30:51,272 | WARNING |    ⚠ Blocked (403) retry 2
2026-08-11 23:30:51,355 | INFO | 🌐 Session warmed
2026-08-11 23:30:52,162 | INFO |    ↳ Status 403
2026-08-11 23:30:52,162 | WARNING |    ⚠ Blocked (403) retry 3
2026-08-11 23:30:52,242 | INFO | 🌐 Session warmed
2026-08-11 23:30:52,471 | INFO |    ↳ Status 403
2026-08-11 23:30:52,471 | WARNING |    ⚠ Blocked (403) retry 3
2026-08-11 23:30:52,549 | INFO | 🌐 Session warmed
2026-08-11 23:30:53,195 | INFO |    ↳ Status 403
2026-08-11 23:30:53,195 | WARNING |    ⚠ Blocked (403) retry 3
2026-08-11 23:30:53,261 | INFO | 🌐 Session warmed
2026-08-11 23:30:54,612 | INFO |    ↳ Status 403
2026-08-11 23:30:54,612 | WARNING |    ⚠ Blocked (403) retry 3
2026-08-11 23:30:54,686 | INFO | 🌐 Session warmed
2026-08-11 23:30:56,243 | INFO | [528/1901] Fetching Fatehgarh Sahib (FASA)
2026-08-11 23:30:56,549 | INFO | [529/1901] Fetching Fatehpur (FATE)
2026-08-11 23:30:57,219 | INFO |    ↳ Status 403
2026-08-11 23:30:57,219 | WARNING |    ⚠ Blocked (403) retry 1
2026-08-11 23:30:57,262 | INFO | [530/1901] Fetching Fatehpur(Rajasthan) (FATR)
2026-08-11 23:30:57,286 | INFO | 🌐 Session warmed
2026-08-11 23:30:57,553 | INFO |    ↳ Status 403
2026-08-11 23:30:57,553 | WARNING |    ⚠ Blocked (403) retry 1
2026-08-11 23:30:57,625 | INFO | 🌐 Session warmed
2026-08-11 23:30:58,358 | INFO |    ↳ Status 403
2026-08-11 23:30:58,358 | WARNING |    ⚠ Blocked (403) retry 1
2026-08-11 23:30:58,441 | INFO | 🌐 Session warmed
2026-08-11 23:30:58,687 | INFO | [531/1901] Fetching Fazilka (FAKA)
2026-08-11 23:30:59,501 | INFO |    ↳ Status 403
2026-08-11 23:30:59,501 | WARNING |    ⚠ Blocked (403) retry 2
2026-08-11 23:30:59,576 | INFO | 🌐 Session warmed
2026-08-11 23:30:59,806 | INFO |    ↳ Status 403
2026-08-11 23:30:59,806 | WARNING |    ⚠ Blocked (403) retry 2
2026-08-11 23:30:59,828 | INFO |    ↳ Status 403
2026-08-11 23:30:59,828 | WARNING |    ⚠ Blocked (403) retry 1
2026-08-11 23:30:59,902 | INFO | 🌐 Session warmed
2026-08-11 23:30:59,919 | INFO | 🌐 Session warmed
2026-08-11 23:31:00,278 | INFO |    ↳ Status 403
2026-08-11 23:31:00,278 | WARNING |    ⚠ Blocked (403) retry 2
2026-08-11 23:31:00,361 | INFO | 🌐 Session warmed
2026-08-11 23:31:02,016 | INFO |    ↳ Status 403
2026-08-11 23:31:02,016 | WARNING |    ⚠ Blocked (403) retry 2
2026-08-11 23:31:02,089 | INFO | 🌐 Session warmed
2026-08-11 23:31:02,474 | INFO |    ↳ Status 403
2026-08-11 23:31:02,474 | WARNING |    ⚠ Blocked (403) retry 3
2026-08-11 23:31:02,548 | INFO | 🌐 Session warmed
2026-08-11 23:31:02,567 | INFO |    ↳ Status 403
2026-08-11 23:31:02,567 | WARNING |    ⚠ Blocked (403) retry 3
2026-08-11 23:31:02,648 | INFO | 🌐 Session warmed
2026-08-11 23:31:03,554 | INFO |    ↳ Status 403
2026-08-11 23:31:03,554 | WARNING |    ⚠ Blocked (403) retry 3
2026-08-11 23:31:03,641 | INFO | 🌐 Session warmed
2026-08-11 23:31:05,060 | INFO |    ↳ Status 403
2026-08-11 23:31:05,060 | WARNING |    ⚠ Blocked (403) retry 3
2026-08-11 23:31:05,131 | INFO | 🌐 Session warmed
2026-08-11 23:31:06,548 | INFO | [532/1901] Fetching Firozabad (FRZD)
2026-08-11 23:31:06,648 | INFO | [533/1901] Fetching Firozpur (FRZR)
2026-08-11 23:31:07,466 | INFO |    ↳ Status 403
2026-08-11 23:31:07,466 | WARNING |    ⚠ Blocked (403) retry 1
2026-08-11 23:31:07,484 | INFO |    ↳ Status 403
2026-08-11 23:31:07,484 | WARNING |    ⚠ Blocked (403) retry 1
2026-08-11 23:31:07,559 | INFO | 🌐 Session warmed
2026-08-11 23:31:07,578 | INFO | 🌐 Session warmed
2026-08-11 23:31:07,641 | INFO | [534/1901] Fetching Forbesganj (FORB)
2026-08-11 23:31:08,306 | INFO |    ↳ Status 403
2026-08-11 23:31:08,306 | WARNING |    ⚠ Blocked (403) retry 1
2026-08-11 23:31:08,402 | INFO | 🌐 Session warmed
2026-08-11 23:31:09,132 | INFO | [535/1901] Fetching France (FCR)
2026-08-11 23:31:09,237 | INFO |    ↳ Status 403
2026-08-11 23:31:09,237 | WARNING |    ⚠ Blocked (403) retry 2
2026-08-11 23:31:09,306 | INFO |    ↳ Status 403
2026-08-11 23:31:09,307 | WARNING |    ⚠ Blocked (403) retry 2
2026-08-11 23:31:09,334 | INFO | 🌐 Session warmed
2026-08-11 23:31:09,373 | INFO | 🌐 Session warmed
2026-08-11 23:31:10,006 | INFO |    ↳ Status 403
2026-08-11 23:31:10,006 | WARNING |    ⚠ Blocked (403) retry 1
2026-08-11 23:31:10,081 | INFO | 🌐 Session warmed
2026-08-11 23:31:10,479 | INFO |    ↳ Status 403
2026-08-11 23:31:10,479 | WARNING |    ⚠ Blocked (403) retry 2
2026-08-11 23:31:10,573 | INFO | 🌐 Session warmed
2026-08-11 23:31:11,812 | INFO |    ↳ Status 403
2026-08-11 23:31:11,812 | WARNING |    ⚠ Blocked (403) retry 2
2026-08-11 23:31:11,889 | INFO | 🌐 Session warmed
2026-08-11 23:31:12,189 | INFO |    ↳ Status 403
2026-08-11 23:31:12,190 | WARNING |    ⚠ Blocked (403) retry 3
2026-08-11 23:31:12,279 | INFO | 🌐 Session warmed
2026-08-11 23:31:12,744 | INFO |    ↳ Status 403
2026-08-11 23:31:12,744 | WARNING |    ⚠ Blocked (403) retry 3
2026-08-11 23:31:12,815 | INFO | 🌐 Session warmed
2026-08-11 23:31:13,353 | INFO |    ↳ Status 403
2026-08-11 23:31:13,353 | WARNING |    ⚠ Blocked (403) retry 3
2026-08-11 23:31:13,445 | INFO | 🌐 Session warmed
2026-08-11 23:31:15,230 | INFO |    ↳ Status 403
2026-08-11 23:31:15,230 | WARNING |    ⚠ Blocked (403) retry 3
2026-08-11 23:31:15,298 | INFO | 🌐 Session warmed
2026-08-11 23:31:16,280 | INFO | [536/1901] Fetching Fulkusma (FULK)
2026-08-11 23:31:16,815 | INFO | [537/1901] Fetching G.Mamidada (GMAD)
2026-08-11 23:31:17,338 | INFO |    ↳ Status 403
2026-08-11 23:31:17,338 | WARNING |    ⚠ Blocked (403) retry 1
2026-08-11 23:31:17,409 | INFO | 🌐 Session warmed
2026-08-11 23:31:17,445 | INFO | [538/1901] Fetching Gadag (GADG)
2026-08-11 23:31:17,566 | INFO |    ↳ Status 403
2026-08-11 23:31:17,566 | WARNING |    ⚠ Blocked (403) retry 1
2026-08-11 23:31:17,633 | INFO | 🌐 Session warmed
2026-08-11 23:31:18,496 | INFO |    ↳ Status 403
2026-08-11 23:31:18,496 | WARNING |    ⚠ Blocked (403) retry 1
2026-08-11 23:31:18,564 | INFO | 🌐 Session warmed
2026-08-11 23:31:19,157 | INFO |    ↳ Status 403
2026-08-11 23:31:19,157 | WARNING |    ⚠ Blocked (403) retry 2
2026-08-11 23:31:19,250 | INFO | 🌐 Session warmed
2026-08-11 23:31:19,299 | INFO | [539/1901] Fetching Gadarwara (GDWR)
2026-08-11 23:31:19,338 | INFO |    ↳ Status 403
2026-08-11 23:31:19,338 | WARNING |    ⚠ Blocked (403) retry 2
2026-08-11 23:31:19,429 | INFO | 🌐 Session warmed
2026-08-11 23:31:19,946 | INFO |    ↳ Status 403
2026-08-11 23:31:19,946 | WARNING |    ⚠ Blocked (403) retry 1
2026-08-11 23:31:20,036 | INFO | 🌐 Session warmed
2026-08-11 23:31:20,931 | INFO |    ↳ Status 403
2026-08-11 23:31:20,931 | WARNING |    ⚠ Blocked (403) retry 2
2026-08-11 23:31:21,015 | INFO | 🌐 Session warmed
2026-08-11 23:31:21,970 | INFO |    ↳ Status 403
2026-08-11 23:31:21,970 | WARNING |    ⚠ Blocked (403) retry 2
2026-08-11 23:31:22,051 | INFO |    ↳ Status 403
2026-08-11 23:31:22,051 | WARNING |    ⚠ Blocked (403) retry 3
2026-08-11 23:31:22,059 | INFO | 🌐 Session warmed
2026-08-11 23:31:22,138 | INFO | 🌐 Session warmed
2026-08-11 23:31:22,410 | INFO |    ↳ Status 403
2026-08-11 23:31:22,410 | WARNING |    ⚠ Blocked (403) retry 3
2026-08-11 23:31:22,481 | INFO | 🌐 Session warmed
2026-08-11 23:31:24,311 | INFO |    ↳ Status 403
2026-08-11 23:31:24,312 | WARNING |    ⚠ Blocked (403) retry 3
2026-08-11 23:31:24,381 | INFO | 🌐 Session warmed
2026-08-11 23:31:25,212 | INFO |    ↳ Status 403
2026-08-11 23:31:25,212 | WARNING |    ⚠ Blocked (403) retry 3
2026-08-11 23:31:25,286 | INFO | 🌐 Session warmed
2026-08-11 23:31:26,138 | INFO | [540/1901] Fetching Gadchiroli (GDRO)
2026-08-11 23:31:26,482 | INFO | [541/1901] Fetching Gadwal (GADW)
2026-08-11 23:31:27,143 | INFO |    ↳ Status 403
2026-08-11 23:31:27,143 | WARNING |    ⚠ Blocked (403) retry 1
2026-08-11 23:31:27,227 | INFO | 🌐 Session warmed
2026-08-11 23:31:27,464 | INFO |    ↳ Status 403
2026-08-11 23:31:27,464 | WARNING |    ⚠ Blocked (403) retry 1
2026-08-11 23:31:27,544 | INFO | 🌐 Session warmed
2026-08-11 23:31:28,381 | INFO | [542/1901] Fetching Gajapathinagaram (GJPT)
2026-08-11 23:31:29,287 | INFO | [543/1901] Fetching Gajendragarh (GJGH)
2026-08-11 23:31:29,593 | INFO |    ↳ Status 403
2026-08-11 23:31:29,594 | WARNING |    ⚠ Blocked (403) retry 2
2026-08-11 23:31:29,610 | INFO |    ↳ Status 403
2026-08-11 23:31:29,610 | WARNING |    ⚠ Blocked (403) retry 1
2026-08-11 23:31:29,672 | INFO | 🌐 Session warmed
2026-08-11 23:31:29,698 | INFO | 🌐 Session warmed
2026-08-11 23:31:29,827 | INFO |    ↳ Status 403
2026-08-11 23:31:29,827 | WARNING |    ⚠ Blocked (403) retry 2
2026-08-11 23:31:29,922 | INFO | 🌐 Session warmed
2026-08-11 23:31:30,278 | INFO |    ↳ Status 403
2026-08-11 23:31:30,278 | WARNING |    ⚠ Blocked (403) retry 1
2026-08-11 23:31:30,378 | INFO | 🌐 Session warmed
2026-08-11 23:31:31,998 | INFO |    ↳ Status 403
2026-08-11 23:31:31,998 | WARNING |    ⚠ Blocked (403) retry 2
2026-08-11 23:31:32,082 | INFO | 🌐 Session warmed
2026-08-11 23:31:32,699 | INFO |    ↳ Status 403
2026-08-11 23:31:32,700 | WARNING |    ⚠ Blocked (403) retry 2
2026-08-11 23:31:32,782 | INFO | 🌐 Session warmed
2026-08-11 23:31:32,791 | INFO |    ↳ Status 403
2026-08-11 23:31:32,791 | WARNING |    ⚠ Blocked (403) retry 3
2026-08-11 23:31:32,869 | INFO |    ↳ Status 403
2026-08-11 23:31:32,869 | WARNING |    ⚠ Blocked (403) retry 3
2026-08-11 23:31:32,885 | INFO | 🌐 Session warmed
2026-08-11 23:31:32,953 | INFO | 🌐 Session warmed
2026-08-11 23:31:34,886 | INFO |    ↳ Status 403
2026-08-11 23:31:34,886 | WARNING |    ⚠ Blocked (403) retry 3
2026-08-11 23:31:34,972 | INFO | 🌐 Session warmed
2026-08-11 23:31:36,189 | INFO |    ↳ Status 403
2026-08-11 23:31:36,189 | WARNING |    ⚠ Blocked (403) retry 3
2026-08-11 23:31:36,273 | INFO | 🌐 Session warmed
2026-08-11 23:31:36,885 | INFO | [544/1901] Fetching Gajwel (GAJW)
2026-08-11 23:31:36,954 | INFO | [545/1901] Fetching Gampalagudem (GMPL)
2026-08-11 23:31:37,843 | INFO |    ↳ Status 403
2026-08-11 23:31:37,843 | WARNING |    ⚠ Blocked (403) retry 1
2026-08-11 23:31:37,886 | INFO |    ↳ Status 403
2026-08-11 23:31:37,886 | WARNING |    ⚠ Blocked (403) retry 1
2026-08-11 23:31:37,921 | INFO | 🌐 Session warmed
2026-08-11 23:31:37,978 | INFO | 🌐 Session warmed
2026-08-11 23:31:38,973 | INFO | [546/1901] Fetching Ganapavaram (GANP)
2026-08-11 23:31:40,064 | INFO |    ↳ Status 403
2026-08-11 23:31:40,064 | WARNING |    ⚠ Blocked (403) retry 2
2026-08-11 23:31:40,107 | INFO |    ↳ Status 403
2026-08-11 23:31:40,107 | WARNING |    ⚠ Blocked (403) retry 2
2026-08-11 23:31:40,151 | INFO | 🌐 Session warmed
2026-08-11 23:31:40,182 | INFO | 🌐 Session warmed
2026-08-11 23:31:40,246 | INFO |    ↳ Status 403
2026-08-11 23:31:40,246 | WARNING |    ⚠ Blocked (403) retry 1
2026-08-11 23:31:40,273 | INFO | [547/1901] Fetching Gandhidham (GDHAM)
2026-08-11 23:31:40,338 | INFO | 🌐 Session warmed
2026-08-11 23:31:41,277 | INFO |    ↳ Status 403
2026-08-11 23:31:41,277 | WARNING |    ⚠ Blocked (403) retry 1
2026-08-11 23:31:41,355 | INFO | 🌐 Session warmed
2026-08-11 23:31:42,607 | INFO |    ↳ Status 403
2026-08-11 23:31:42,607 | WARNING |    ⚠ Blocked (403) retry 2
2026-08-11 23:31:42,680 | INFO | 🌐 Session warmed
2026-08-11 23:31:43,049 | INFO |    ↳ Status 403
2026-08-11 23:31:43,050 | WARNING |    ⚠ Blocked (403) retry 3
2026-08-11 23:31:43,155 | INFO | 🌐 Session warmed
2026-08-11 23:31:43,319 | INFO |    ↳ Status 403
2026-08-11 23:31:43,319 | WARNING |    ⚠ Blocked (403) retry 3
2026-08-11 23:31:43,406 | INFO | 🌐 Session warmed
2026-08-11 23:31:43,421 | INFO |    ↳ Status 403
2026-08-11 23:31:43,421 | WARNING |    ⚠ Blocked (403) retry 2
2026-08-11 23:31:43,484 | INFO | 🌐 Session warmed
2026-08-11 23:31:45,526 | INFO |    ↳ Status 403
2026-08-11 23:31:45,526 | WARNING |    ⚠ Blocked (403) retry 3
2026-08-11 23:31:45,596 | INFO | 🌐 Session warmed
2026-08-11 23:31:46,339 | INFO |    ↳ Status 403
2026-08-11 23:31:46,339 | WARNING |    ⚠ Blocked (403) retry 3
2026-08-11 23:31:46,439 | INFO | 🌐 Session warmed
2026-08-11 23:31:47,155 | INFO | [548/1901] Fetching Gandhinagar (GNAGAR)
2026-08-11 23:31:47,406 | INFO | [549/1901] Fetching Gangarampur (GNGR)
2026-08-11 23:31:48,080 | INFO |    ↳ Status 403
2026-08-11 23:31:48,081 | WARNING |    ⚠ Blocked (403) retry 1
2026-08-11 23:31:48,154 | INFO | 🌐 Session warmed
2026-08-11 23:31:48,638 | INFO |    ↳ Status 403
2026-08-11 23:31:48,638 | WARNING |    ⚠ Blocked (403) retry 1
2026-08-11 23:31:48,730 | INFO | 🌐 Session warmed
2026-08-11 23:31:49,597 | INFO | [550/1901] Fetching Gangavati (GAVT)
2026-08-11 23:31:50,323 | INFO |    ↳ Status 403
2026-08-11 23:31:50,323 | WARNING |    ⚠ Blocked (403) retry 1
2026-08-11 23:31:50,395 | INFO | 🌐 Session warmed
2026-08-11 23:31:50,439 | INFO | [551/1901] Fetching Gangoh (GANZ)
2026-08-11 23:31:50,473 | INFO |    ↳ Status 403
2026-08-11 23:31:50,473 | WARNING |    ⚠ Blocked (403) retry 2
2026-08-11 23:31:50,540 | INFO | 🌐 Session warmed
2026-08-11 23:31:50,946 | INFO |    ↳ Status 403
2026-08-11 23:31:50,946 | WARNING |    ⚠ Blocked (403) retry 2
2026-08-11 23:31:51,021 | INFO | 🌐 Session warmed
2026-08-11 23:31:51,401 | INFO |    ↳ Status 403
2026-08-11 23:31:51,401 | WARNING |    ⚠ Blocked (403) retry 1
2026-08-11 23:31:51,473 | INFO | 🌐 Session warmed
2026-08-11 23:31:52,615 | INFO |    ↳ Status 403
2026-08-11 23:31:52,615 | WARNING |    ⚠ Blocked (403) retry 2
2026-08-11 23:31:52,708 | INFO | 🌐 Session warmed
2026-08-11 23:31:53,223 | INFO |    ↳ Status 403
2026-08-11 23:31:53,223 | WARNING |    ⚠ Blocked (403) retry 2
2026-08-11 23:31:53,296 | INFO | 🌐 Session warmed
2026-08-11 23:31:53,617 | INFO |    ↳ Status 403
2026-08-11 23:31:53,617 | WARNING |    ⚠ Blocked (403) retry 3
2026-08-11 23:31:53,687 | INFO | 🌐 Session warmed
2026-08-11 23:31:53,997 | INFO |    ↳ Status 403
2026-08-11 23:31:53,997 | WARNING |    ⚠ Blocked (403) retry 3
2026-08-11 23:31:54,066 | INFO | 🌐 Session warmed
2026-08-11 23:31:55,578 | INFO |    ↳ Status 403
2026-08-11 23:31:55,578 | WARNING |    ⚠ Blocked (403) retry 3
2026-08-11 23:31:55,671 | INFO | 🌐 Session warmed
2026-08-11 23:31:56,516 | INFO |    ↳ Status 403
2026-08-11 23:31:56,516 | WARNING |    ⚠ Blocked (403) retry 3
2026-08-11 23:31:56,583 | INFO | 🌐 Session warmed
2026-08-11 23:31:57,687 | INFO | [552/1901] Fetching Gangtok (GANG)
2026-08-11 23:31:58,066 | INFO | [553/1901] Fetching Ganjam (GHZA)
2026-08-11 23:31:58,365 | INFO |    ↳ Status 403
2026-08-11 23:31:58,365 | WARNING |    ⚠ Blocked (403) retry 1
2026-08-11 23:31:58,456 | INFO | 🌐 Session warmed
2026-08-11 23:31:59,268 | INFO |    ↳ Status 403
2026-08-11 23:31:59,268 | WARNING |    ⚠ Blocked (403) retry 1
2026-08-11 23:31:59,363 | INFO | 🌐 Session warmed
2026-08-11 23:31:59,671 | INFO | [554/1901] Fetching Ganjbasoda (GANJ)
2026-08-11 23:32:00,332 | INFO |    ↳ Status 403
2026-08-11 23:32:00,332 | WARNING |    ⚠ Blocked (403) retry 2
2026-08-11 23:32:00,345 | INFO |    ↳ Status 403
2026-08-11 23:32:00,345 | WARNING |    ⚠ Blocked (403) retry 1
2026-08-11 23:32:00,408 | INFO | 🌐 Session warmed
2026-08-11 23:32:00,437 | INFO | 🌐 Session warmed
2026-08-11 23:32:00,583 | INFO | [555/1901] Fetching Gannavaram (GANN)
2026-08-11 23:32:01,458 | INFO |    ↳ Status 403
2026-08-11 23:32:01,459 | WARNING |    ⚠ Blocked (403) retry 1
2026-08-11 23:32:01,544 | INFO | 🌐 Session warmed
2026-08-11 23:32:01,628 | INFO |    ↳ Status 403
2026-08-11 23:32:01,628 | WARNING |    ⚠ Blocked (403) retry 2
2026-08-11 23:32:01,707 | INFO | 🌐 Session warmed
2026-08-11 23:32:02,499 | INFO |    ↳ Status 403
2026-08-11 23:32:02,499 | WARNING |    ⚠ Blocked (403) retry 2
2026-08-11 23:32:02,569 | INFO | 🌐 Session warmed
2026-08-11 23:32:03,315 | INFO |    ↳ Status 403
2026-08-11 23:32:03,315 | WARNING |    ⚠ Blocked (403) retry 3
2026-08-11 23:32:03,400 | INFO | 🌐 Session warmed
2026-08-11 23:32:03,603 | INFO |    ↳ Status 403
2026-08-11 23:32:03,603 | WARNING |    ⚠ Blocked (403) retry 2
2026-08-11 23:32:03,681 | INFO | 🌐 Session warmed
2026-08-11 23:32:04,436 | INFO |    ↳ Status 403
2026-08-11 23:32:04,436 | WARNING |    ⚠ Blocked (403) retry 3
2026-08-11 23:32:04,526 | INFO | 🌐 Session warmed
2026-08-11 23:32:05,805 | INFO |    ↳ Status 403
2026-08-11 23:32:05,805 | WARNING |    ⚠ Blocked (403) retry 3
2026-08-11 23:32:05,879 | INFO | 🌐 Session warmed
2026-08-11 23:32:06,449 | INFO |    ↳ Status 403
2026-08-11 23:32:06,449 | WARNING |    ⚠ Blocked (403) retry 3
2026-08-11 23:32:06,526 | INFO | 🌐 Session warmed
2026-08-11 23:32:07,401 | INFO | [556/1901] Fetching Garhwal (GRAH)
2026-08-11 23:32:08,526 | INFO | [557/1901] Fetching Garla (GALA)
2026-08-11 23:32:08,629 | INFO |    ↳ Status 403
2026-08-11 23:32:08,629 | WARNING |    ⚠ Blocked (403) retry 1
2026-08-11 23:32:08,724 | INFO | 🌐 Session warmed
2026-08-11 23:32:09,311 | INFO |    ↳ Status 403
2026-08-11 23:32:09,312 | WARNING |    ⚠ Blocked (403) retry 1
2026-08-11 23:32:09,400 | INFO | 🌐 Session warmed
2026-08-11 23:32:09,880 | INFO | [558/1901] Fetching Gauribidanur (GAUR)
2026-08-11 23:32:10,527 | INFO | [559/1901] Fetching Gauriganj (GNGJ)
2026-08-11 23:32:10,695 | INFO |    ↳ Status 403
2026-08-11 23:32:10,695 | WARNING |    ⚠ Blocked (403) retry 1
2026-08-11 23:32:10,782 | INFO | 🌐 Session warmed
2026-08-11 23:32:11,064 | INFO |    ↳ Status 403
2026-08-11 23:32:11,064 | WARNING |    ⚠ Blocked (403) retry 2
2026-08-11 23:32:11,131 | INFO | 🌐 Session warmed
2026-08-11 23:32:11,349 | INFO |    ↳ Status 403
2026-08-11 23:32:11,349 | WARNING |    ⚠ Blocked (403) retry 2
2026-08-11 23:32:11,423 | INFO |    ↳ Status 403
2026-08-11 23:32:11,423 | WARNING |    ⚠ Blocked (403) retry 1
2026-08-11 23:32:11,432 | INFO | 🌐 Session warmed
2026-08-11 23:32:11,511 | INFO | 🌐 Session warmed
2026-08-11 23:32:13,041 | INFO |    ↳ Status 403
2026-08-11 23:32:13,042 | WARNING |    ⚠ Blocked (403) retry 2
2026-08-11 23:32:13,130 | INFO | 🌐 Session warmed
2026-08-11 23:32:13,699 | INFO |    ↳ Status 403
2026-08-11 23:32:13,700 | WARNING |    ⚠ Blocked (403) retry 2
2026-08-11 23:32:13,776 | INFO | 🌐 Session warmed
2026-08-11 23:32:14,188 | INFO |    ↳ Status 403
2026-08-11 23:32:14,188 | WARNING |    ⚠ Blocked (403) retry 3
2026-08-11 23:32:14,279 | INFO | 🌐 Session warmed
2026-08-11 23:32:14,422 | INFO |    ↳ Status 403
2026-08-11 23:32:14,422 | WARNING |    ⚠ Blocked (403) retry 3
2026-08-11 23:32:14,519 | INFO | 🌐 Session warmed
2026-08-11 23:32:15,880 | INFO |    ↳ Status 403
2026-08-11 23:32:15,880 | WARNING |    ⚠ Blocked (403) retry 3
2026-08-11 23:32:15,957 | INFO | 🌐 Session warmed
2026-08-11 23:32:16,817 | INFO |    ↳ Status 403
2026-08-11 23:32:16,817 | WARNING |    ⚠ Blocked (403) retry 3
2026-08-11 23:32:16,912 | INFO | 🌐 Session warmed
2026-08-11 23:32:18,279 | INFO | [560/1901] Fetching Gaya (GAYA)
2026-08-11 23:32:18,519 | INFO | [561/1901] Fetching Gazole (GAZP)
2026-08-11 23:32:19,394 | INFO |    ↳ Status 403
2026-08-11 23:32:19,394 | WARNING |    ⚠ Blocked (403) retry 1
2026-08-11 23:32:19,461 | INFO | 🌐 Session warmed
2026-08-11 23:32:19,623 | INFO |    ↳ Status 403
2026-08-11 23:32:19,623 | WARNING |    ⚠ Blocked (403) retry 1
2026-08-11 23:32:19,695 | INFO | 🌐 Session warmed
2026-08-11 23:32:19,957 | INFO | [562/1901] Fetching Georai (GEOR)
2026-08-11 23:32:20,636 | INFO |    ↳ Status 403
2026-08-11 23:32:20,636 | WARNING |    ⚠ Blocked (403) retry 1
2026-08-11 23:32:20,717 | INFO | 🌐 Session warmed
2026-08-11 23:32:20,912 | INFO | [563/1901] Fetching Ghatanji (GHAT)
2026-08-11 23:32:21,269 | INFO |    ↳ Status 403
2026-08-11 23:32:21,269 | WARNING |    ⚠ Blocked (403) retry 2
2026-08-11 23:32:21,374 | INFO | 🌐 Session warmed
2026-08-11 23:32:21,861 | INFO |    ↳ Status 403
2026-08-11 23:32:21,861 | WARNING |    ⚠ Blocked (403) retry 2
2026-08-11 23:32:21,917 | INFO |    ↳ Status 403
2026-08-11 23:32:21,917 | WARNING |    ⚠ Blocked (403) retry 1
2026-08-11 23:32:21,941 | INFO | 🌐 Session warmed
2026-08-11 23:32:21,985 | INFO | 🌐 Session warmed
2026-08-11 23:32:22,445 | INFO |    ↳ Status 403
2026-08-11 23:32:22,445 | WARNING |    ⚠ Blocked (403) retry 2
2026-08-11 23:32:22,543 | INFO | 🌐 Session warmed
2026-08-11 23:32:23,633 | INFO |    ↳ Status 403
2026-08-11 23:32:23,633 | WARNING |    ⚠ Blocked (403) retry 2
2026-08-11 23:32:23,711 | INFO | 🌐 Session warmed
2026-08-11 23:32:24,372 | INFO |    ↳ Status 403
2026-08-11 23:32:24,373 | WARNING |    ⚠ Blocked (403) retry 3
2026-08-11 23:32:24,467 | INFO | 🌐 Session warmed
2026-08-11 23:32:25,106 | INFO |    ↳ Status 403
2026-08-11 23:32:25,106 | WARNING |    ⚠ Blocked (403) retry 3
2026-08-11 23:32:25,208 | INFO | 🌐 Session warmed
2026-08-11 23:32:25,938 | INFO |    ↳ Status 403
2026-08-11 23:32:25,938 | WARNING |    ⚠ Blocked (403) retry 3
2026-08-11 23:32:26,036 | INFO | 🌐 Session warmed
2026-08-11 23:32:27,108 | INFO |    ↳ Status 403
2026-08-11 23:32:27,108 | WARNING |    ⚠ Blocked (403) retry 3
2026-08-11 23:32:27,181 | INFO | 🌐 Session warmed
2026-08-11 23:32:28,468 | INFO | [564/1901] Fetching Ghazipur (GHAR)
2026-08-11 23:32:29,208 | INFO | [565/1901] Fetching Ghorasahan (GHOR)
2026-08-11 23:32:29,357 | INFO |    ↳ Status 403
2026-08-11 23:32:29,357 | WARNING |    ⚠ Blocked (403) retry 1
2026-08-11 23:32:29,425 | INFO | 🌐 Session warmed
2026-08-11 23:32:30,036 | INFO | [566/1901] Fetching Ghumarwin (GHUM)
2026-08-11 23:32:30,295 | INFO |    ↳ Status 403
2026-08-11 23:32:30,295 | WARNING |    ⚠ Blocked (403) retry 1
2026-08-11 23:32:30,374 | INFO | 🌐 Session warmed
2026-08-11 23:32:30,889 | INFO |    ↳ Status 403
2026-08-11 23:32:30,889 | WARNING |    ⚠ Blocked (403) retry 1
2026-08-11 23:32:30,971 | INFO | 🌐 Session warmed
2026-08-11 23:32:31,181 | INFO | [567/1901] Fetching Giddalur (GDAL)
2026-08-11 23:32:31,431 | INFO |    ↳ Status 403
2026-08-11 23:32:31,431 | WARNING |    ⚠ Blocked (403) retry 2
2026-08-11 23:32:31,506 | INFO | 🌐 Session warmed
2026-08-11 23:32:32,486 | INFO |    ↳ Status 403
2026-08-11 23:32:32,486 | WARNING |    ⚠ Blocked (403) retry 2
2026-08-11 23:32:32,561 | INFO | 🌐 Session warmed
2026-08-11 23:32:32,572 | INFO |    ↳ Status 403
2026-08-11 23:32:32,572 | WARNING |    ⚠ Blocked (403) retry 1
2026-08-11 23:32:32,659 | INFO | 🌐 Session warmed
2026-08-11 23:32:33,342 | INFO |    ↳ Status 403
2026-08-11 23:32:33,342 | WARNING |    ⚠ Blocked (403) retry 2
2026-08-11 23:32:33,419 | INFO | 🌐 Session warmed
2026-08-11 23:32:34,254 | INFO |    ↳ Status 403
2026-08-11 23:32:34,254 | WARNING |    ⚠ Blocked (403) retry 3
2026-08-11 23:32:34,344 | INFO | 🌐 Session warmed
2026-08-11 23:32:34,993 | INFO |    ↳ Status 403
2026-08-11 23:32:34,994 | WARNING |    ⚠ Blocked (403) retry 2
2026-08-11 23:32:35,078 | INFO | 🌐 Session warmed
2026-08-11 23:32:35,395 | INFO |    ↳ Status 403
2026-08-11 23:32:35,395 | WARNING |    ⚠ Blocked (403) retry 3
2026-08-11 23:32:35,464 | INFO | 🌐 Session warmed
2026-08-11 23:32:36,473 | INFO |    ↳ Status 403
2026-08-11 23:32:36,473 | WARNING |    ⚠ Blocked (403) retry 3
2026-08-11 23:32:36,568 | INFO | 🌐 Session warmed
2026-08-11 23:32:38,181 | INFO |    ↳ Status 403
2026-08-11 23:32:38,181 | WARNING |    ⚠ Blocked (403) retry 3
2026-08-11 23:32:38,266 | INFO | 🌐 Session warmed
2026-08-11 23:32:38,345 | INFO | [568/1901] Fetching Gingee (GING)
2026-08-11 23:32:39,355 | INFO |    ↳ Status 403
2026-08-11 23:32:39,355 | WARNING |    ⚠ Blocked (403) retry 1
2026-08-11 23:32:39,457 | INFO | 🌐 Session warmed
2026-08-11 23:32:39,464 | INFO | [569/1901] Fetching Giridih (GIRI)
2026-08-11 23:32:40,568 | INFO | [570/1901] Fetching Goa (GOA)
2026-08-11 23:32:40,570 | INFO |    ↳ Status 403
2026-08-11 23:32:40,570 | WARNING |    ⚠ Blocked (403) retry 1
2026-08-11 23:32:40,646 | INFO | 🌐 Session warmed
2026-08-11 23:32:41,538 | INFO |    ↳ Status 403
2026-08-11 23:32:41,538 | WARNING |    ⚠ Blocked (403) retry 2
2026-08-11 23:32:41,576 | INFO |    ↳ Status 403
2026-08-11 23:32:41,576 | WARNING |    ⚠ Blocked (403) retry 1
2026-08-11 23:32:41,612 | INFO | 🌐 Session warmed
2026-08-11 23:32:41,644 | INFO | 🌐 Session warmed
2026-08-11 23:32:42,266 | INFO | [571/1901] Fetching Goalpara (GOAL)
2026-08-11 23:32:42,927 | INFO |    ↳ Status 403
2026-08-11 23:32:42,927 | WARNING |    ⚠ Blocked (403) retry 2
2026-08-11 23:32:43,017 | INFO | 🌐 Session warmed
2026-08-11 23:32:43,189 | INFO |    ↳ Status 403
2026-08-11 23:32:43,189 | WARNING |    ⚠ Blocked (403) retry 1
2026-08-11 23:32:43,274 | INFO | 🌐 Session warmed
2026-08-11 23:32:43,961 | INFO |    ↳ Status 403
2026-08-11 23:32:43,961 | WARNING |    ⚠ Blocked (403) retry 2
2026-08-11 23:32:44,026 | INFO | 🌐 Session warmed
2026-08-11 23:32:44,328 | INFO |    ↳ Status 403
2026-08-11 23:32:44,328 | WARNING |    ⚠ Blocked (403) retry 3
2026-08-11 23:32:44,401 | INFO | 🌐 Session warmed
2026-08-11 23:32:44,909 | INFO |    ↳ Status 403
2026-08-11 23:32:44,909 | WARNING |    ⚠ Blocked (403) retry 2
2026-08-11 23:32:44,994 | INFO | 🌐 Session warmed
2026-08-11 23:32:46,184 | INFO |    ↳ Status 403
2026-08-11 23:32:46,184 | WARNING |    ⚠ Blocked (403) retry 3
2026-08-11 23:32:46,270 | INFO | 🌐 Session warmed
2026-08-11 23:32:47,316 | INFO |    ↳ Status 403
2026-08-11 23:32:47,316 | WARNING |    ⚠ Blocked (403) retry 3
2026-08-11 23:32:47,385 | INFO | 🌐 Session warmed
2026-08-11 23:32:48,214 | INFO |    ↳ Status 403
2026-08-11 23:32:48,214 | WARNING |    ⚠ Blocked (403) retry 3
2026-08-11 23:32:48,288 | INFO | 🌐 Session warmed
2026-08-11 23:32:48,401 | INFO | [572/1901] Fetching Gobichettipalayam (GOBI)
2026-08-11 23:32:49,117 | INFO |    ↳ Status 403
2026-08-11 23:32:49,117 | WARNING |    ⚠ Blocked (403) retry 1
2026-08-11 23:32:49,218 | INFO | 🌐 Session warmed
2026-08-11 23:32:50,270 | INFO | [573/1901] Fetching Godavarikhani (GDVK)
2026-08-11 23:32:51,147 | INFO |    ↳ Status 403
2026-08-11 23:32:51,147 | WARNING |    ⚠ Blocked (403) retry 1
2026-08-11 23:32:51,213 | INFO | 🌐 Session warmed
2026-08-11 23:32:51,328 | INFO |    ↳ Status 403
2026-08-11 23:32:51,328 | WARNING |    ⚠ Blocked (403) retry 2
2026-08-11 23:32:51,385 | INFO | [574/1901] Fetching Godda (GDDA)
2026-08-11 23:32:51,411 | INFO | 🌐 Session warmed
2026-08-11 23:32:52,288 | INFO | [575/1901] Fetching Godhra (GODH)
2026-08-11 23:32:52,471 | INFO |    ↳ Status 403
2026-08-11 23:32:52,471 | WARNING |    ⚠ Blocked (403) retry 1
2026-08-11 23:32:52,540 | INFO | 🌐 Session warmed
2026-08-11 23:32:52,998 | INFO |    ↳ Status 403
2026-08-11 23:32:52,999 | WARNING |    ⚠ Blocked (403) retry 1
2026-08-11 23:32:53,081 | INFO | 🌐 Session warmed
2026-08-11 23:32:53,622 | INFO |    ↳ Status 403
2026-08-11 23:32:53,622 | WARNING |    ⚠ Blocked (403) retry 2
2026-08-11 23:32:53,710 | INFO | 🌐 Session warmed
2026-08-11 23:32:54,575 | INFO |    ↳ Status 403
2026-08-11 23:32:54,575 | WARNING |    ⚠ Blocked (403) retry 3
2026-08-11 23:32:54,665 | INFO | 🌐 Session warmed
2026-08-11 23:32:54,848 | INFO |    ↳ Status 403
2026-08-11 23:32:54,848 | WARNING |    ⚠ Blocked (403) retry 2
2026-08-11 23:32:54,912 | INFO | 🌐 Session warmed
2026-08-11 23:32:55,464 | INFO |    ↳ Status 403
2026-08-11 23:32:55,464 | WARNING |    ⚠ Blocked (403) retry 2
2026-08-11 23:32:55,541 | INFO | 🌐 Session warmed
2026-08-11 23:32:56,362 | INFO |    ↳ Status 403
2026-08-11 23:32:56,362 | WARNING |    ⚠ Blocked (403) retry 3
2026-08-11 23:32:56,447 | INFO | 🌐 Session warmed
2026-08-11 23:32:57,942 | INFO |    ↳ Status 403
2026-08-11 23:32:57,942 | WARNING |    ⚠ Blocked (403) retry 3
2026-08-11 23:32:58,015 | INFO | 🌐 Session warmed
2026-08-11 23:32:58,398 | INFO |    ↳ Status 403
2026-08-11 23:32:58,398 | WARNING |    ⚠ Blocked (403) retry 3
2026-08-11 23:32:58,473 | INFO | 🌐 Session warmed
2026-08-11 23:32:58,665 | INFO | [576/1901] Fetching Gogawa (GOGA)
2026-08-11 23:32:59,519 | INFO |    ↳ Status 403
2026-08-11 23:32:59,519 | WARNING |    ⚠ Blocked (403) retry 1
2026-08-11 23:32:59,596 | INFO | 🌐 Session warmed
2026-08-11 23:33:00,447 | INFO | [577/1901] Fetching Gohana (GOHA)
2026-08-11 23:33:01,688 | INFO |    ↳ Status 403
2026-08-11 23:33:01,688 | WARNING |    ⚠ Blocked (403) retry 2
2026-08-11 23:33:01,766 | INFO | 🌐 Session warmed
2026-08-11 23:33:01,858 | INFO |    ↳ Status 403
2026-08-11 23:33:01,858 | WARNING |    ⚠ Blocked (403) retry 1
2026-08-11 23:33:01,932 | INFO | 🌐 Session warmed
2026-08-11 23:33:02,015 | INFO | [578/1901] Fetching Gokak (GKGK)
2026-08-11 23:33:02,473 | INFO | [579/1901] Fetching Gokarna (GOKA)
2026-08-11 23:33:03,202 | INFO |    ↳ Status 403
2026-08-11 23:33:03,202 | WARNING |    ⚠ Blocked (403) retry 1
2026-08-11 23:33:03,291 | INFO | 🌐 Session warmed
2026-08-11 23:33:03,668 | INFO |    ↳ Status 403
2026-08-11 23:33:03,668 | WARNING |    ⚠ Blocked (403) retry 1
2026-08-11 23:33:03,740 | INFO | 🌐 Session warmed
2026-08-11 23:33:04,114 | INFO |    ↳ Status 403
2026-08-11 23:33:04,114 | WARNING |    ⚠ Blocked (403) retry 2
2026-08-11 23:33:04,189 | INFO | 🌐 Session warmed
2026-08-11 23:33:04,975 | INFO |    ↳ Status 403
2026-08-11 23:33:04,975 | WARNING |    ⚠ Blocked (403) retry 3
2026-08-11 23:33:05,058 | INFO | 🌐 Session warmed
2026-08-11 23:33:05,650 | INFO |    ↳ Status 403
2026-08-11 23:33:05,650 | WARNING |    ⚠ Blocked (403) retry 2
2026-08-11 23:33:05,749 | INFO | 🌐 Session warmed
2026-08-11 23:33:05,928 | INFO |    ↳ Status 403
2026-08-11 23:33:05,928 | WARNING |    ⚠ Blocked (403) retry 2
2026-08-11 23:33:06,003 | INFO | 🌐 Session warmed
2026-08-11 23:33:06,837 | INFO |    ↳ Status 403
2026-08-11 23:33:06,837 | WARNING |    ⚠ Blocked (403) retry 3
2026-08-11 23:33:06,922 | INFO | 🌐 Session warmed
2026-08-11 23:33:08,731 | INFO |    ↳ Status 403
2026-08-11 23:33:08,731 | WARNING |    ⚠ Blocked (403) retry 3
2026-08-11 23:33:08,802 | INFO | 🌐 Session warmed
2026-08-11 23:33:08,996 | INFO |    ↳ Status 403
2026-08-11 23:33:08,996 | WARNING |    ⚠ Blocked (403) retry 3
2026-08-11 23:33:09,058 | INFO | [580/1901] Fetching Gokavaram (GOKM)
2026-08-11 23:33:09,092 | INFO | 🌐 Session warmed
2026-08-11 23:33:10,110 | INFO |    ↳ Status 403
2026-08-11 23:33:10,110 | WARNING |    ⚠ Blocked (403) retry 1
2026-08-11 23:33:10,188 | INFO | 🌐 Session warmed
2026-08-11 23:33:10,922 | INFO | [581/1901] Fetching Gola Bazar (GABR)
2026-08-11 23:33:11,909 | INFO |    ↳ Status 403
2026-08-11 23:33:11,909 | WARNING |    ⚠ Blocked (403) retry 1
2026-08-11 23:33:11,975 | INFO | 🌐 Session warmed
2026-08-11 23:33:12,193 | INFO |    ↳ Status 403
2026-08-11 23:33:12,193 | WARNING |    ⚠ Blocked (403) retry 2
2026-08-11 23:33:12,283 | INFO | 🌐 Session warmed
2026-08-11 23:33:12,802 | INFO | [582/1901] Fetching Golaghat (GHT)
2026-08-11 23:33:13,093 | INFO | [583/1901] Fetching Gollaprolu (GOLL)
2026-08-11 23:33:13,837 | INFO |    ↳ Status 403
2026-08-11 23:33:13,837 | WARNING |    ⚠ Blocked (403) retry 2
2026-08-11 23:33:13,884 | INFO |    ↳ Status 403
2026-08-11 23:33:13,884 | WARNING |    ⚠ Blocked (403) retry 1
2026-08-11 23:33:13,909 | INFO | 🌐 Session warmed
2026-08-11 23:33:13,955 | INFO | 🌐 Session warmed
2026-08-11 23:33:14,042 | INFO |    ↳ Status 403
2026-08-11 23:33:14,042 | WARNING |    ⚠ Blocked (403) retry 1
2026-08-11 23:33:14,109 | INFO | 🌐 Session warmed
2026-08-11 23:33:15,443 | INFO |    ↳ Status 403
2026-08-11 23:33:15,443 | WARNING |    ⚠ Blocked (403) retry 3
2026-08-11 23:33:15,520 | INFO | 🌐 Session warmed
2026-08-11 23:33:15,616 | INFO |    ↳ Status 403
2026-08-11 23:33:15,616 | WARNING |    ⚠ Blocked (403) retry 2
2026-08-11 23:33:15,686 | INFO | 🌐 Session warmed
2026-08-11 23:33:15,766 | INFO |    ↳ Status 403
2026-08-11 23:33:15,766 | WARNING |    ⚠ Blocked (403) retry 2
2026-08-11 23:33:15,834 | INFO | 🌐 Session warmed
2026-08-11 23:33:16,703 | INFO |    ↳ Status 403
2026-08-11 23:33:16,703 | WARNING |    ⚠ Blocked (403) retry 3
2026-08-11 23:33:16,775 | INFO | 🌐 Session warmed
2026-08-11 23:33:18,532 | INFO |    ↳ Status 403
2026-08-11 23:33:18,532 | WARNING |    ⚠ Blocked (403) retry 3
2026-08-11 23:33:18,724 | INFO | 🌐 Session warmed
2026-08-11 23:33:18,978 | INFO |    ↳ Status 403
2026-08-11 23:33:18,978 | WARNING |    ⚠ Blocked (403) retry 3
2026-08-11 23:33:19,063 | INFO | 🌐 Session warmed
2026-08-11 23:33:19,520 | INFO | [584/1901] Fetching Gonda (GOND)
2026-08-11 23:33:20,345 | INFO |    ↳ Status 403
2026-08-11 23:33:20,345 | WARNING |    ⚠ Blocked (403) retry 1
2026-08-11 23:33:20,434 | INFO | 🌐 Session warmed
2026-08-11 23:33:20,775 | INFO | [585/1901] Fetching Gondal (GONA)
2026-08-11 23:33:21,608 | INFO |    ↳ Status 403
2026-08-11 23:33:21,608 | WARNING |    ⚠ Blocked (403) retry 1
2026-08-11 23:33:21,695 | INFO | 🌐 Session warmed
2026-08-11 23:33:22,652 | INFO |    ↳ Status 403
2026-08-11 23:33:22,652 | WARNING |    ⚠ Blocked (403) retry 2
2026-08-11 23:33:22,725 | INFO | [586/1901] Fetching Gondia (GNDA)
2026-08-11 23:33:22,731 | INFO | 🌐 Session warmed
2026-08-11 23:33:23,063 | INFO | [587/1901] Fetching Goolikkadavu (GOOL)
2026-08-11 23:33:23,732 | INFO |    ↳ Status 403
2026-08-11 23:33:23,732 | WARNING |    ⚠ Blocked (403) retry 1
2026-08-11 23:33:23,831 | INFO | 🌐 Session warmed
2026-08-11 23:33:23,871 | INFO |    ↳ Status 403
2026-08-11 23:33:23,872 | WARNING |    ⚠ Blocked (403) retry 2
2026-08-11 23:33:23,941 | INFO | 🌐 Session warmed
2026-08-11 23:33:24,011 | INFO |    ↳ Status 403
2026-08-11 23:33:24,011 | WARNING |    ⚠ Blocked (403) retry 1
2026-08-11 23:33:24,092 | INFO | 🌐 Session warmed
2026-08-11 23:33:25,824 | INFO |    ↳ Status 403
2026-08-11 23:33:25,824 | WARNING |    ⚠ Blocked (403) retry 2
2026-08-11 23:33:25,900 | INFO | 🌐 Session warmed
2026-08-11 23:33:25,959 | INFO |    ↳ Status 403
2026-08-11 23:33:25,960 | WARNING |    ⚠ Blocked (403) retry 3
2026-08-11 23:33:25,960 | INFO |    ↳ Status 403
2026-08-11 23:33:25,960 | WARNING |    ⚠ Blocked (403) retry 2
2026-08-11 23:33:26,080 | INFO | 🌐 Session warmed
2026-08-11 23:33:26,099 | INFO | 🌐 Session warmed
2026-08-11 23:33:26,764 | INFO |    ↳ Status 403
2026-08-11 23:33:26,764 | WARNING |    ⚠ Blocked (403) retry 3
2026-08-11 23:33:26,850 | INFO | 🌐 Session warmed
2026-08-11 23:33:28,647 | INFO |    ↳ Status 403
2026-08-11 23:33:28,647 | WARNING |    ⚠ Blocked (403) retry 3
2026-08-11 23:33:28,724 | INFO | 🌐 Session warmed
2026-08-11 23:33:29,008 | INFO |    ↳ Status 403
2026-08-11 23:33:29,008 | WARNING |    ⚠ Blocked (403) retry 3
2026-08-11 23:33:29,080 | INFO | 🌐 Session warmed
2026-08-11 23:33:30,099 | INFO | [588/1901] Fetching Gooty (GOOT)
2026-08-11 23:33:30,750 | INFO |    ↳ Status 403
2026-08-11 23:33:30,751 | WARNING |    ⚠ Blocked (403) retry 1
2026-08-11 23:33:30,828 | INFO | 🌐 Session warmed
2026-08-11 23:33:30,851 | INFO | [589/1901] Fetching Gopalganj (GOPG)
2026-08-11 23:33:31,659 | INFO |    ↳ Status 403
2026-08-11 23:33:31,659 | WARNING |    ⚠ Blocked (403) retry 1
2026-08-11 23:33:31,730 | INFO | 🌐 Session warmed
2026-08-11 23:33:32,724 | INFO | [590/1901] Fetching Gopalpet (GOPA)
2026-08-11 23:33:32,745 | INFO |    ↳ Status 403
2026-08-11 23:33:32,745 | WARNING |    ⚠ Blocked (403) retry 2
2026-08-11 23:33:32,832 | INFO | 🌐 Session warmed
2026-08-11 23:33:33,080 | INFO | [591/1901] Fetching Gopiganj (GOPI)
2026-08-11 23:33:33,554 | INFO |    ↳ Status 403
2026-08-11 23:33:33,554 | WARNING |    ⚠ Blocked (403) retry 1
2026-08-11 23:33:33,642 | INFO | 🌐 Session warmed
2026-08-11 23:33:33,862 | INFO |    ↳ Status 403
2026-08-11 23:33:33,862 | WARNING |    ⚠ Blocked (403) retry 2
2026-08-11 23:33:33,951 | INFO | 🌐 Session warmed
2026-08-11 23:33:34,051 | INFO |    ↳ Status 403
2026-08-11 23:33:34,051 | WARNING |    ⚠ Blocked (403) retry 1
2026-08-11 23:33:34,118 | INFO | 🌐 Session warmed
2026-08-11 23:33:35,266 | INFO |    ↳ Status 403
2026-08-11 23:33:35,266 | WARNING |    ⚠ Blocked (403) retry 2
2026-08-11 23:33:35,353 | INFO | 🌐 Session warmed
2026-08-11 23:33:36,089 | INFO |    ↳ Status 403
2026-08-11 23:33:36,089 | WARNING |    ⚠ Blocked (403) retry 3
2026-08-11 23:33:36,164 | INFO | 🌐 Session warmed
2026-08-11 23:33:36,373 | INFO |    ↳ Status 403
2026-08-11 23:33:36,373 | WARNING |    ⚠ Blocked (403) retry 2
2026-08-11 23:33:36,459 | INFO | 🌐 Session warmed
2026-08-11 23:33:37,120 | INFO |    ↳ Status 403
2026-08-11 23:33:37,120 | WARNING |    ⚠ Blocked (403) retry 3
2026-08-11 23:33:37,191 | INFO | 🌐 Session warmed
2026-08-11 23:33:38,560 | INFO |    ↳ Status 403
2026-08-11 23:33:38,560 | WARNING |    ⚠ Blocked (403) retry 3
2026-08-11 23:33:38,646 | INFO | 🌐 Session warmed
2026-08-11 23:33:39,405 | INFO |    ↳ Status 403
2026-08-11 23:33:39,405 | WARNING |    ⚠ Blocked (403) retry 3
2026-08-11 23:33:39,499 | INFO | 🌐 Session warmed
2026-08-11 23:33:40,165 | INFO | [592/1901] Fetching Gorakhpur (GRKP)
2026-08-11 23:33:40,882 | INFO |    ↳ Status 403
2026-08-11 23:33:40,882 | WARNING |    ⚠ Blocked (403) retry 1
2026-08-11 23:33:40,962 | INFO | 🌐 Session warmed
2026-08-11 23:33:41,191 | INFO | [593/1901] Fetching Goramadagu (GMDU)
2026-08-11 23:33:42,276 | INFO |    ↳ Status 403
2026-08-11 23:33:42,276 | WARNING |    ⚠ Blocked (403) retry 1
2026-08-11 23:33:42,345 | INFO | 🌐 Session warmed
2026-08-11 23:33:42,646 | INFO | [594/1901] Fetching Gorantla (GORA)
2026-08-11 23:33:43,194 | INFO |    ↳ Status 403
2026-08-11 23:33:43,194 | WARNING |    ⚠ Blocked (403) retry 2
2026-08-11 23:33:43,286 | INFO | 🌐 Session warmed
2026-08-11 23:33:43,499 | INFO | [595/1901] Fetching Gotegaon (GTGN)
2026-08-11 23:33:43,779 | INFO |    ↳ Status 403
2026-08-11 23:33:43,779 | WARNING |    ⚠ Blocked (403) retry 1
2026-08-11 23:33:43,860 | INFO | 🌐 Session warmed
2026-08-11 23:33:44,015 | INFO |    ↳ Status 403
2026-08-11 23:33:44,015 | WARNING |    ⚠ Blocked (403) retry 2
2026-08-11 23:33:44,100 | INFO | 🌐 Session warmed
2026-08-11 23:33:44,729 | INFO |    ↳ Status 403
2026-08-11 23:33:44,729 | WARNING |    ⚠ Blocked (403) retry 1
2026-08-11 23:33:44,827 | INFO | 🌐 Session warmed
2026-08-11 23:33:45,894 | INFO |    ↳ Status 403
2026-08-11 23:33:45,894 | WARNING |    ⚠ Blocked (403) retry 2
2026-08-11 23:33:45,984 | INFO | 🌐 Session warmed
2026-08-11 23:33:46,039 | INFO |    ↳ Status 403
2026-08-11 23:33:46,039 | WARNING |    ⚠ Blocked (403) retry 3
2026-08-11 23:33:46,117 | INFO | 🌐 Session warmed
2026-08-11 23:33:47,025 | INFO |    ↳ Status 403
2026-08-11 23:33:47,025 | WARNING |    ⚠ Blocked (403) retry 2
2026-08-11 23:33:47,128 | INFO | 🌐 Session warmed
2026-08-11 23:33:47,476 | INFO |    ↳ Status 403
2026-08-11 23:33:47,476 | WARNING |    ⚠ Blocked (403) retry 3
2026-08-11 23:33:47,562 | INFO | 🌐 Session warmed
2026-08-11 23:33:48,943 | INFO |    ↳ Status 403
2026-08-11 23:33:48,943 | WARNING |    ⚠ Blocked (403) retry 3
2026-08-11 23:33:49,015 | INFO | 🌐 Session warmed
2026-08-11 23:33:50,077 | INFO |    ↳ Status 403
2026-08-11 23:33:50,077 | WARNING |    ⚠ Blocked (403) retry 3
2026-08-11 23:33:50,117 | INFO | [596/1901] Fetching Gownipalli (GOWP)
2026-08-11 23:33:50,155 | INFO | 🌐 Session warmed
2026-08-11 23:33:50,786 | INFO |    ↳ Status 403
2026-08-11 23:33:50,786 | WARNING |    ⚠ Blocked (403) retry 1
2026-08-11 23:33:50,874 | INFO | 🌐 Session warmed
2026-08-11 23:33:51,562 | INFO | [597/1901] Fetching Gudivada (GUDI)
2026-08-11 23:33:52,402 | INFO |    ↳ Status 403
2026-08-11 23:33:52,402 | WARNING |    ⚠ Blocked (403) retry 1
2026-08-11 23:33:52,476 | INFO | 🌐 Session warmed
2026-08-11 23:33:52,678 | INFO |    ↳ Status 403
2026-08-11 23:33:52,678 | WARNING |    ⚠ Blocked (403) retry 2
2026-08-11 23:33:52,755 | INFO | 🌐 Session warmed
2026-08-11 23:33:53,015 | INFO | [598/1901] Fetching Gudiyatham (GDTM)
2026-08-11 23:33:54,066 | INFO |    ↳ Status 403
2026-08-11 23:33:54,066 | WARNING |    ⚠ Blocked (403) retry 1
2026-08-11 23:33:54,153 | INFO | 🌐 Session warmed
2026-08-11 23:33:54,156 | INFO | [599/1901] Fetching Gudlavalleru (GULU)
2026-08-11 23:33:54,852 | INFO |    ↳ Status 403
2026-08-11 23:33:54,852 | WARNING |    ⚠ Blocked (403) retry 2
2026-08-11 23:33:54,918 | INFO | 🌐 Session warmed
2026-08-11 23:33:55,487 | INFO |    ↳ Status 403
2026-08-11 23:33:55,487 | WARNING |    ⚠ Blocked (403) retry 1
2026-08-11 23:33:55,571 | INFO | 🌐 Session warmed
2026-08-11 23:33:56,006 | INFO |    ↳ Status 403
2026-08-11 23:33:56,006 | WARNING |    ⚠ Blocked (403) retry 3
2026-08-11 23:33:56,080 | INFO | 🌐 Session warmed
2026-08-11 23:33:56,140 | INFO |    ↳ Status 403
2026-08-11 23:33:56,140 | WARNING |    ⚠ Blocked (403) retry 2
2026-08-11 23:33:56,223 | INFO | 🌐 Session warmed
2026-08-11 23:33:57,700 | INFO |    ↳ Status 403
2026-08-11 23:33:57,700 | WARNING |    ⚠ Blocked (403) retry 2
2026-08-11 23:33:57,781 | INFO | 🌐 Session warmed
2026-08-11 23:33:58,279 | INFO |    ↳ Status 403
2026-08-11 23:33:58,279 | WARNING |    ⚠ Blocked (403) retry 3
2026-08-11 23:33:58,347 | INFO | 🌐 Session warmed
2026-08-11 23:33:58,891 | INFO |    ↳ Status 403
2026-08-11 23:33:58,891 | WARNING |    ⚠ Blocked (403) retry 3
2026-08-11 23:33:58,962 | INFO | 🌐 Session warmed
2026-08-11 23:34:00,081 | INFO | [600/1901] Fetching Gudur (GUDR)
2026-08-11 23:34:01,059 | INFO |    ↳ Status 403
2026-08-11 23:34:01,059 | WARNING |    ⚠ Blocked (403) retry 1
2026-08-11 23:34:01,123 | INFO |    ↳ Status 403
2026-08-11 23:34:01,123 | WARNING |    ⚠ Blocked (403) retry 3
2026-08-11 23:34:01,148 | INFO | 🌐 Session warmed
2026-08-11 23:34:01,207 | INFO | 🌐 Session warmed
2026-08-11 23:34:02,347 | INFO | [601/1901] Fetching Guhagar (GUHA)
2026-08-11 23:34:02,829 | INFO |    ↳ Status 403
2026-08-11 23:34:02,829 | WARNING |    ⚠ Blocked (403) retry 2
2026-08-11 23:34:02,902 | INFO | 🌐 Session warmed
2026-08-11 23:34:02,962 | INFO | [602/1901] Fetching Gulaothi (GULL)
2026-08-11 23:34:02,974 | INFO |    ↳ Status 403
2026-08-11 23:34:02,974 | WARNING |    ⚠ Blocked (403) retry 1
2026-08-11 23:34:03,061 | INFO | 🌐 Session warmed
2026-08-11 23:34:03,937 | INFO |    ↳ Status 403
2026-08-11 23:34:03,937 | WARNING |    ⚠ Blocked (403) retry 1
2026-08-11 23:34:04,029 | INFO | 🌐 Session warmed
2026-08-11 23:34:04,886 | INFO |    ↳ Status 403
2026-08-11 23:34:04,886 | WARNING |    ⚠ Blocked (403) retry 2
2026-08-11 23:34:04,958 | INFO | 🌐 Session warmed
2026-08-11 23:34:05,207 | INFO | [603/1901] Fetching Guledgudda (GULD)
2026-08-11 23:34:05,681 | INFO |    ↳ Status 403
2026-08-11 23:34:05,681 | WARNING |    ⚠ Blocked (403) retry 3
2026-08-11 23:34:05,759 | INFO | 🌐 Session warmed
2026-08-11 23:34:05,856 | INFO |    ↳ Status 403
2026-08-11 23:34:05,856 | WARNING |    ⚠ Blocked (403) retry 1
2026-08-11 23:34:05,947 | INFO | 🌐 Session warmed
2026-08-11 23:34:06,448 | INFO |    ↳ Status 403
2026-08-11 23:34:06,448 | WARNING |    ⚠ Blocked (403) retry 2
2026-08-11 23:34:06,518 | INFO | 🌐 Session warmed
2026-08-11 23:34:07,926 | INFO |    ↳ Status 403
2026-08-11 23:34:07,926 | WARNING |    ⚠ Blocked (403) retry 3
2026-08-11 23:34:08,008 | INFO | 🌐 Session warmed
2026-08-11 23:34:08,194 | INFO |    ↳ Status 403
2026-08-11 23:34:08,194 | WARNING |    ⚠ Blocked (403) retry 2
2026-08-11 23:34:08,281 | INFO | 🌐 Session warmed
2026-08-11 23:34:09,760 | INFO | [604/1901] Fetching Gummadidala (GUMM)
2026-08-11 23:34:09,776 | INFO |    ↳ Status 403
2026-08-11 23:34:09,920 | WARNING |    ⚠ Blocked (403) retry 3
2026-08-11 23:34:09,988 | INFO | 🌐 Session warmed
2026-08-11 23:34:10,630 | INFO |    ↳ Status 403
2026-08-11 23:34:10,630 | WARNING |    ⚠ Blocked (403) retry 1
2026-08-11 23:34:10,714 | INFO | 🌐 Session warmed
2026-08-11 23:34:11,513 | INFO |    ↳ Status 403
2026-08-11 23:34:11,513 | WARNING |    ⚠ Blocked (403) retry 3
2026-08-11 23:34:11,600 | INFO | 🌐 Session warmed
2026-08-11 23:34:12,008 | INFO | [605/1901] Fetching Guna (GUNA)
2026-08-11 23:34:12,607 | INFO |    ↳ Status 403
2026-08-11 23:34:12,607 | WARNING |    ⚠ Blocked (403) retry 2
2026-08-11 23:34:12,688 | INFO | 🌐 Session warmed
2026-08-11 23:34:13,129 | INFO |    ↳ Status 403
2026-08-11 23:34:13,130 | WARNING |    ⚠ Blocked (403) retry 1
2026-08-11 23:34:13,200 | INFO | 🌐 Session warmed
2026-08-11 23:34:13,989 | INFO | [606/1901] Fetching Gundlupet (GUND)
2026-08-11 23:34:14,780 | INFO |    ↳ Status 403
2026-08-11 23:34:14,780 | WARNING |    ⚠ Blocked (403) retry 1
2026-08-11 23:34:14,866 | INFO | 🌐 Session warmed
2026-08-11 23:34:15,010 | INFO |    ↳ Status 403
2026-08-11 23:34:15,010 | WARNING |    ⚠ Blocked (403) retry 2
2026-08-11 23:34:15,077 | INFO | 🌐 Session warmed
2026-08-11 23:34:15,454 | INFO |    ↳ Status 403
2026-08-11 23:34:15,454 | WARNING |    ⚠ Blocked (403) retry 3
2026-08-11 23:34:15,549 | INFO | 🌐 Session warmed
2026-08-11 23:34:15,600 | INFO | [607/1901] Fetching Guntakal (GUNL)
2026-08-11 23:34:16,502 | INFO |    ↳ Status 403
2026-08-11 23:34:16,502 | WARNING |    ⚠ Blocked (403) retry 2
2026-08-11 23:34:16,505 | INFO |    ↳ Status 403
2026-08-11 23:34:16,506 | WARNING |    ⚠ Blocked (403) retry 1
2026-08-11 23:34:16,592 | INFO | 🌐 Session warmed
2026-08-11 23:34:16,603 | INFO | 🌐 Session warmed
2026-08-11 23:34:18,291 | INFO |    ↳ Status 403
2026-08-11 23:34:18,291 | WARNING |    ⚠ Blocked (403) retry 3
2026-08-11 23:34:18,295 | INFO |    ↳ Status 403
2026-08-11 23:34:18,295 | WARNING |    ⚠ Blocked (403) retry 2
2026-08-11 23:34:18,412 | INFO | 🌐 Session warmed
2026-08-11 23:34:18,413 | INFO | 🌐 Session warmed
2026-08-11 23:34:19,549 | INFO | [608/1901] Fetching Guntur (GUNT)
2026-08-11 23:34:19,612 | INFO |    ↳ Status 403
2026-08-11 23:34:19,612 | WARNING |    ⚠ Blocked (403) retry 3
2026-08-11 23:34:19,699 | INFO | 🌐 Session warmed
2026-08-11 23:34:20,970 | INFO |    ↳ Status 403
2026-08-11 23:34:20,970 | WARNING |    ⚠ Blocked (403) retry 1
2026-08-11 23:34:21,040 | INFO | 🌐 Session warmed
2026-08-11 23:34:21,288 | INFO |    ↳ Status 403
2026-08-11 23:34:21,288 | WARNING |    ⚠ Blocked (403) retry 3
2026-08-11 23:34:21,377 | INFO | 🌐 Session warmed
2026-08-11 23:34:22,413 | INFO | [609/1901] Fetching Gurap (GRAP)
2026-08-11 23:34:23,150 | INFO |    ↳ Status 403
2026-08-11 23:34:23,151 | WARNING |    ⚠ Blocked (403) retry 1
2026-08-11 23:34:23,210 | INFO |    ↳ Status 403
2026-08-11 23:34:23,210 | WARNING |    ⚠ Blocked (403) retry 2
2026-08-11 23:34:23,244 | INFO | 🌐 Session warmed
2026-08-11 23:34:23,286 | INFO | 🌐 Session warmed
2026-08-11 23:34:23,700 | INFO | [610/1901] Fetching Gurazala (GURZ)
2026-08-11 23:34:24,810 | INFO |    ↳ Status 403
2026-08-11 23:34:24,810 | WARNING |    ⚠ Blocked (403) retry 1
2026-08-11 23:34:24,886 | INFO | 🌐 Session warmed
2026-08-11 23:34:25,378 | INFO | [611/1901] Fetching Gurdaspur (GSPR)
2026-08-11 23:34:25,528 | INFO |    ↳ Status 403
2026-08-11 23:34:25,528 | WARNING |    ⚠ Blocked (403) retry 2
2026-08-11 23:34:25,623 | INFO | 🌐 Session warmed
2026-08-11 23:34:26,596 | INFO |    ↳ Status 403
2026-08-11 23:34:26,596 | WARNING |    ⚠ Blocked (403) retry 1
2026-08-11 23:34:26,662 | INFO |    ↳ Status 403
2026-08-11 23:34:26,663 | WARNING |    ⚠ Blocked (403) retry 3
2026-08-11 23:34:26,682 | INFO | 🌐 Session warmed
2026-08-11 23:34:26,734 | INFO | 🌐 Session warmed
2026-08-11 23:34:27,032 | INFO |    ↳ Status 403
2026-08-11 23:34:27,032 | WARNING |    ⚠ Blocked (403) retry 2
2026-08-11 23:34:27,124 | INFO | 🌐 Session warmed
2026-08-11 23:34:28,805 | INFO |    ↳ Status 403
2026-08-11 23:34:28,806 | WARNING |    ⚠ Blocked (403) retry 2
2026-08-11 23:34:28,887 | INFO | 🌐 Session warmed
2026-08-11 23:34:28,930 | INFO |    ↳ Status 403
2026-08-11 23:34:28,930 | WARNING |    ⚠ Blocked (403) retry 3
2026-08-11 23:34:29,000 | INFO | 🌐 Session warmed
2026-08-11 23:34:30,158 | INFO |    ↳ Status 403
2026-08-11 23:34:30,158 | WARNING |    ⚠ Blocked (403) retry 3
2026-08-11 23:34:30,231 | INFO | 🌐 Session warmed
2026-08-11 23:34:30,734 | INFO | [612/1901] Fetching Guruvayur (GUVY)
2026-08-11 23:34:31,930 | INFO |    ↳ Status 403
2026-08-11 23:34:31,930 | WARNING |    ⚠ Blocked (403) retry 1
2026-08-11 23:34:32,023 | INFO | 🌐 Session warmed
2026-08-11 23:34:32,129 | INFO |    ↳ Status 403
2026-08-11 23:34:32,129 | WARNING |    ⚠ Blocked (403) retry 3
2026-08-11 23:34:32,205 | INFO | 🌐 Session warmed
2026-08-11 23:34:33,000 | INFO | [613/1901] Fetching Guwahati (GUW)
2026-08-11 23:34:33,757 | INFO |    ↳ Status 403
2026-08-11 23:34:33,757 | WARNING |    ⚠ Blocked (403) retry 2
2026-08-11 23:34:33,789 | INFO |    ↳ Status 403
2026-08-11 23:34:33,789 | WARNING |    ⚠ Blocked (403) retry 1
2026-08-11 23:34:33,860 | INFO | 🌐 Session warmed
2026-08-11 23:34:33,886 | INFO | 🌐 Session warmed
2026-08-11 23:34:34,231 | INFO | [614/1901] Fetching Gwalior (GWAL)
2026-08-11 23:34:35,363 | INFO |    ↳ Status 403
2026-08-11 23:34:35,363 | WARNING |    ⚠ Blocked (403) retry 1
2026-08-11 23:34:35,437 | INFO | 🌐 Session warmed
2026-08-11 23:34:36,101 | INFO |    ↳ Status 403
2026-08-11 23:34:36,101 | WARNING |    ⚠ Blocked (403) retry 2
2026-08-11 23:34:36,180 | INFO | 🌐 Session warmed
2026-08-11 23:34:36,206 | INFO | [615/1901] Fetching Habra (HARR)
2026-08-11 23:34:36,779 | INFO |    ↳ Status 403
2026-08-11 23:34:36,779 | WARNING |    ⚠ Blocked (403) retry 3
2026-08-11 23:34:36,869 | INFO | 🌐 Session warmed
2026-08-11 23:34:37,104 | INFO |    ↳ Status 403
2026-08-11 23:34:37,104 | WARNING |    ⚠ Blocked (403) retry 2
2026-08-11 23:34:37,189 | INFO | 🌐 Session warmed
2026-08-11 23:34:37,255 | INFO |    ↳ Status 403
2026-08-11 23:34:37,255 | WARNING |    ⚠ Blocked (403) retry 1
2026-08-11 23:34:37,342 | INFO | 🌐 Session warmed
2026-08-11 23:34:38,808 | INFO |    ↳ Status 403
2026-08-11 23:34:38,808 | WARNING |    ⚠ Blocked (403) retry 3
2026-08-11 23:34:38,901 | INFO | 🌐 Session warmed
2026-08-11 23:34:39,038 | INFO |    ↳ Status 403
2026-08-11 23:34:39,038 | WARNING |    ⚠ Blocked (403) retry 2
2026-08-11 23:34:39,115 | INFO | 🌐 Session warmed
2026-08-11 23:34:40,398 | INFO |    ↳ Status 403
2026-08-11 23:34:40,398 | WARNING |    ⚠ Blocked (403) retry 3
2026-08-11 23:34:40,476 | INFO | 🌐 Session warmed
2026-08-11 23:34:40,870 | INFO | [616/1901] Fetching Haflong (HALG)
2026-08-11 23:34:41,898 | INFO |    ↳ Status 403
2026-08-11 23:34:41,898 | WARNING |    ⚠ Blocked (403) retry 3
2026-08-11 23:34:41,980 | INFO | 🌐 Session warmed
2026-08-11 23:34:42,059 | INFO |    ↳ Status 403
2026-08-11 23:34:42,059 | WARNING |    ⚠ Blocked (403) retry 1
2026-08-11 23:34:42,129 | INFO | 🌐 Session warmed
2026-08-11 23:34:42,901 | INFO | [617/1901] Fetching Hagaribommanahalli (HHGG)
2026-08-11 23:34:44,198 | INFO |    ↳ Status 403
2026-08-11 23:34:44,198 | WARNING |    ⚠ Blocked (403) retry 2
2026-08-11 23:34:44,253 | INFO |    ↳ Status 403
2026-08-11 23:34:44,253 | WARNING |    ⚠ Blocked (403) retry 1
2026-08-11 23:34:44,269 | INFO | 🌐 Session warmed
2026-08-11 23:34:44,325 | INFO | 🌐 Session warmed
2026-08-11 23:34:44,476 | INFO | [618/1901] Fetching Hajipur (HAJI)
2026-08-11 23:34:45,162 | INFO |    ↳ Status 403
2026-08-11 23:34:45,162 | WARNING |    ⚠ Blocked (403) retry 1
2026-08-11 23:34:45,248 | INFO | 🌐 Session warmed
2026-08-11 23:34:45,980 | INFO | [619/1901] Fetching Haldia (HLDI)
2026-08-11 23:34:46,665 | INFO |    ↳ Status 403
2026-08-11 23:34:46,665 | WARNING |    ⚠ Blocked (403) retry 2
2026-08-11 23:34:46,760 | INFO | 🌐 Session warmed
2026-08-11 23:34:47,164 | INFO |    ↳ Status 403
2026-08-11 23:34:47,164 | WARNING |    ⚠ Blocked (403) retry 1
2026-08-11 23:34:47,249 | INFO | 🌐 Session warmed
2026-08-11 23:34:47,581 | INFO |    ↳ Status 403
2026-08-11 23:34:47,581 | WARNING |    ⚠ Blocked (403) retry 2
2026-08-11 23:34:47,606 | INFO |    ↳ Status 403
2026-08-11 23:34:47,606 | WARNING |    ⚠ Blocked (403) retry 3
2026-08-11 23:34:47,675 | INFO | 🌐 Session warmed
2026-08-11 23:34:47,726 | INFO | 🌐 Session warmed
2026-08-11 23:34:49,344 | INFO |    ↳ Status 403
2026-08-11 23:34:49,344 | WARNING |    ⚠ Blocked (403) retry 2
2026-08-11 23:34:49,415 | INFO | 🌐 Session warmed
2026-08-11 23:34:49,749 | INFO |    ↳ Status 403
2026-08-11 23:34:49,749 | WARNING |    ⚠ Blocked (403) retry 3
2026-08-11 23:34:49,843 | INFO | 🌐 Session warmed
2026-08-11 23:34:50,874 | INFO |    ↳ Status 403
2026-08-11 23:34:50,874 | WARNING |    ⚠ Blocked (403) retry 3
2026-08-11 23:34:50,949 | INFO | 🌐 Session warmed
2026-08-11 23:34:51,726 | INFO | [620/1901] Fetching Halduchaur (HUCR)
2026-08-11 23:34:52,365 | INFO |    ↳ Status 403
2026-08-11 23:34:52,365 | WARNING |    ⚠ Blocked (403) retry 1
2026-08-11 23:34:52,442 | INFO | 🌐 Session warmed
2026-08-11 23:34:52,733 | INFO |    ↳ Status 403
2026-08-11 23:34:52,733 | WARNING |    ⚠ Blocked (403) retry 3
2026-08-11 23:34:52,806 | INFO | 🌐 Session warmed
2026-08-11 23:34:53,844 | INFO | [621/1901] Fetching Haldwani (HALD)
2026-08-11 23:34:54,610 | INFO |    ↳ Status 403
2026-08-11 23:34:54,610 | WARNING |    ⚠ Blocked (403) retry 2
2026-08-11 23:34:54,635 | INFO |    ↳ Status 403
2026-08-11 23:34:54,635 | WARNING |    ⚠ Blocked (403) retry 1
2026-08-11 23:34:54,699 | INFO | 🌐 Session warmed
2026-08-11 23:34:54,728 | INFO | 🌐 Session warmed
2026-08-11 23:34:54,949 | INFO | [622/1901] Fetching Haliya (HALI)
2026-08-11 23:34:55,654 | INFO |    ↳ Status 403
2026-08-11 23:34:55,654 | WARNING |    ⚠ Blocked (403) retry 1
2026-08-11 23:34:55,744 | INFO | 🌐 Session warmed
2026-08-11 23:34:56,448 | INFO |    ↳ Status 403
2026-08-11 23:34:56,448 | WARNING |    ⚠ Blocked (403) retry 2
2026-08-11 23:34:56,545 | INFO | 🌐 Session warmed
2026-08-11 23:34:56,807 | INFO | [623/1901] Fetching Halol (HALO)
2026-08-11 23:34:57,385 | INFO |    ↳ Status 403
2026-08-11 23:34:57,385 | WARNING |    ⚠ Blocked (403) retry 2
2026-08-11 23:34:57,457 | INFO | 🌐 Session warmed
2026-08-11 23:34:57,992 | INFO |    ↳ Status 403
2026-08-11 23:34:57,992 | WARNING |    ⚠ Blocked (403) retry 1
2026-08-11 23:34:58,075 | INFO |    ↳ Status 403
2026-08-11 23:34:58,075 | WARNING |    ⚠ Blocked (403) retry 3
2026-08-11 23:34:58,094 | INFO | 🌐 Session warmed
2026-08-11 23:34:58,148 | INFO | 🌐 Session warmed
2026-08-11 23:34:59,235 | INFO |    ↳ Status 403
2026-08-11 23:34:59,235 | WARNING |    ⚠ Blocked (403) retry 3
2026-08-11 23:34:59,320 | INFO | 🌐 Session warmed
2026-08-11 23:35:00,236 | INFO |    ↳ Status 403
2026-08-11 23:35:00,236 | WARNING |    ⚠ Blocked (403) retry 2
2026-08-11 23:35:00,307 | INFO | 🌐 Session warmed
2026-08-11 23:35:00,739 | INFO |    ↳ Status 403
2026-08-11 23:35:00,739 | WARNING |    ⚠ Blocked (403) retry 3
2026-08-11 23:35:01,128 | INFO | 🌐 Session warmed
2026-08-11 23:35:02,148 | INFO | [624/1901] Fetching Hamirpur (HP) (HAMI)
2026-08-11 23:35:02,883 | INFO |    ↳ Status 403
2026-08-11 23:35:02,884 | WARNING |    ⚠ Blocked (403) retry 1
2026-08-11 23:35:02,953 | INFO | 🌐 Session warmed
2026-08-11 23:35:03,221 | INFO |    ↳ Status 403
2026-08-11 23:35:03,221 | WARNING |    ⚠ Blocked (403) retry 3
2026-08-11 23:35:03,306 | INFO | 🌐 Session warmed
2026-08-11 23:35:03,320 | INFO | [625/1901] Fetching Hampi (HMPI)
2026-08-11 23:35:04,640 | INFO |    ↳ Status 403
2026-08-11 23:35:04,640 | WARNING |    ⚠ Blocked (403) retry 1
2026-08-11 23:35:04,712 | INFO | 🌐 Session warmed
2026-08-11 23:35:05,128 | INFO | [626/1901] Fetching Handwara (HNDW)
2026-08-11 23:35:05,203 | INFO |    ↳ Status 403
2026-08-11 23:35:05,203 | WARNING |    ⚠ Blocked (403) retry 2
2026-08-11 23:35:05,276 | INFO | 🌐 Session warmed
2026-08-11 23:35:06,437 | INFO |    ↳ Status 403
2026-08-11 23:35:06,437 | WARNING |    ⚠ Blocked (403) retry 2
2026-08-11 23:35:06,507 | INFO | 🌐 Session warmed
2026-08-11 23:35:06,609 | INFO |    ↳ Status 200
2026-08-11 23:35:06,609 | INFO |    ✓ Found 8 movies
2026-08-11 23:35:06,609 | INFO | [627/1901] Fetching Hanuman Junction (HANU)
2026-08-11 23:35:07,306 | INFO | [628/1901] Fetching Hanumangarh (HNMG)
2026-08-11 23:35:07,701 | INFO |    ↳ Status 200
2026-08-11 23:35:07,701 | INFO |    ✓ Found 8 movies
2026-08-11 23:35:07,701 | INFO | [629/1901] Fetching Hapur (HAPR)
2026-08-11 23:35:08,307 | INFO |    ↳ Status 403
2026-08-11 23:35:08,307 | WARNING |    ⚠ Blocked (403) retry 3
2026-08-11 23:35:08,407 | INFO | 🌐 Session warmed
2026-08-11 23:35:08,492 | INFO |    ↳ Status 403
2026-08-11 23:35:08,492 | WARNING |    ⚠ Blocked (403) retry 1
2026-08-11 23:35:08,557 | INFO | 🌐 Session warmed
2026-08-11 23:35:08,735 | INFO |    ↳ Status 200
2026-08-11 23:35:08,736 | INFO |    ✓ Found 8 movies
2026-08-11 23:35:08,736 | INFO | [630/1901] Fetching Harda (HRDA)
2026-08-11 23:35:09,183 | INFO |    ↳ Status 403
2026-08-11 23:35:09,183 | WARNING |    ⚠ Blocked (403) retry 3
2026-08-11 23:35:09,274 | INFO | 🌐 Session warmed
2026-08-11 23:35:10,160 | INFO |    ↳ Status 200
2026-08-11 23:35:10,160 | INFO |    ✓ Found 8 movies
2026-08-11 23:35:10,160 | INFO | [631/1901] Fetching Hardoi (HRDI)
2026-08-11 23:35:10,573 | INFO |    ↳ Status 403
2026-08-11 23:35:10,573 | WARNING |    ⚠ Blocked (403) retry 2
2026-08-11 23:35:10,666 | INFO | 🌐 Session warmed
2026-08-11 23:35:11,126 | INFO |    ↳ Status 200
2026-08-11 23:35:11,126 | INFO |    ✓ Found 8 movies
2026-08-11 23:35:11,126 | INFO | [632/1901] Fetching Haria (HARI)
2026-08-11 23:35:12,088 | INFO |    ↳ Status 200
2026-08-11 23:35:12,088 | INFO |    ✓ Found 7 movies
2026-08-11 23:35:12,088 | INFO | [633/1901] Fetching Haridwar (HRDR)
2026-08-11 23:35:12,407 | INFO | [634/1901] Fetching Harihar (HRRR)
2026-08-11 23:35:13,274 | INFO | [635/1901] Fetching Haripad (HRPD)
2026-08-11 23:35:13,721 | INFO |    ↳ Status 403
2026-08-11 23:35:13,721 | WARNING |    ⚠ Blocked (403) retry 1
2026-08-11 23:35:13,774 | INFO |    ↳ Status 200
2026-08-11 23:35:13,774 | INFO |    ✓ Found 8 movies
2026-08-11 23:35:13,774 | INFO | [636/1901] Fetching Harugeri (HARU)
2026-08-11 23:35:13,802 | INFO | 🌐 Session warmed
2026-08-11 23:35:14,065 | INFO |    ↳ Status 403
2026-08-11 23:35:14,065 | WARNING |    ⚠ Blocked (403) retry 3
2026-08-11 23:35:14,159 | INFO | 🌐 Session warmed
2026-08-11 23:35:14,344 | INFO |    ↳ Status 403
2026-08-11 23:35:14,344 | WARNING |    ⚠ Blocked (403) retry 1
2026-08-11 23:35:14,431 | INFO | 🌐 Session warmed
2026-08-11 23:35:15,194 | INFO |    ↳ Status 200
2026-08-11 23:35:15,194 | INFO |    ✓ Found 8 movies
2026-08-11 23:35:15,194 | INFO | [637/1901] Fetching Harur (HRUR)
2026-08-11 23:35:16,095 | INFO |    ↳ Status 403
2026-08-11 23:35:16,095 | WARNING |    ⚠ Blocked (403) retry 2
2026-08-11 23:35:16,170 | INFO | 🌐 Session warmed
2026-08-11 23:35:16,241 | INFO |    ↳ Status 403
2026-08-11 23:35:16,242 | WARNING |    ⚠ Blocked (403) retry 2
2026-08-11 23:35:16,321 | INFO | 🌐 Session warmed
2026-08-11 23:35:16,479 | INFO |    ↳ Status 200
2026-08-11 23:35:16,479 | INFO |    ✓ Found 8 movies
2026-08-11 23:35:16,479 | INFO | [638/1901] Fetching Hasanparthy (HASA)
2026-08-11 23:35:17,525 | INFO |    ↳ Status 200
2026-08-11 23:35:17,525 | INFO |    ✓ Found 8 movies
2026-08-11 23:35:17,525 | INFO | [639/1901] Fetching Hasanparthy (HASZ)
2026-08-11 23:35:18,159 | INFO | [640/1901] Fetching Hasanpur (HANS)
2026-08-11 23:35:18,811 | INFO |    ↳ Status 403
2026-08-11 23:35:18,811 | WARNING |    ⚠ Blocked (403) retry 3
2026-08-11 23:35:18,826 | INFO |    ↳ Status 403
2026-08-11 23:35:18,826 | WARNING |    ⚠ Blocked (403) retry 1
2026-08-11 23:35:18,892 | INFO | 🌐 Session warmed
2026-08-11 23:35:18,911 | INFO |    ↳ Status 200
2026-08-11 23:35:18,911 | INFO |    ✓ Found 8 movies
2026-08-11 23:35:18,911 | INFO | [641/1901] Fetching Hasnabad (HSNA)
2026-08-11 23:35:18,920 | INFO | 🌐 Session warmed
2026-08-11 23:35:19,159 | INFO |    ↳ Status 403
2026-08-11 23:35:19,159 | WARNING |    ⚠ Blocked (403) retry 3
2026-08-11 23:35:19,243 | INFO | 🌐 Session warmed
2026-08-11 23:35:20,337 | INFO |    ↳ Status 200
2026-08-11 23:35:20,337 | INFO |    ✓ Found 8 movies
2026-08-11 23:35:20,337 | INFO | [642/1901] Fetching Hassan (HASN)
2026-08-11 23:35:20,925 | INFO |    ↳ Status 403
2026-08-11 23:35:20,925 | WARNING |    ⚠ Blocked (403) retry 2
2026-08-11 23:35:21,026 | INFO | 🌐 Session warmed
2026-08-11 23:35:21,363 | INFO |    ↳ Status 200
2026-08-11 23:35:21,363 | INFO |    ✓ Found 8 movies
2026-08-11 23:35:21,363 | INFO | [643/1901] Fetching Hathras (HATH)
2026-08-11 23:35:22,858 | INFO |    ↳ Status 200
2026-08-11 23:35:22,858 | INFO |    ✓ Found 8 movies
2026-08-11 23:35:22,858 | INFO | [644/1901] Fetching Haveri (HRE)
2026-08-11 23:35:22,892 | INFO | [645/1901] Fetching Hazaribagh (HAZA)
2026-08-11 23:35:23,244 | INFO | [646/1901] Fetching Himmatnagar (HIMM)
2026-08-11 23:35:23,820 | INFO |    ↳ Status 403
2026-08-11 23:35:23,820 | WARNING |    ⚠ Blocked (403) retry 1
2026-08-11 23:35:23,899 | INFO | 🌐 Session warmed
2026-08-11 23:35:23,975 | INFO |    ↳ Status 403
2026-08-11 23:35:23,975 | WARNING |    ⚠ Blocked (403) retry 1
2026-08-11 23:35:24,055 | INFO | 🌐 Session warmed
2026-08-11 23:35:24,269 | INFO |    ↳ Status 200
2026-08-11 23:35:24,269 | INFO |    ✓ Found 8 movies
2026-08-11 23:35:24,269 | INFO | [647/1901] Fetching Hindaun City (HIND)
2026-08-11 23:35:24,431 | INFO |    ↳ Status 403
2026-08-11 23:35:24,431 | WARNING |    ⚠ Blocked (403) retry 3
2026-08-11 23:35:24,516 | INFO | 🌐 Session warmed
2026-08-11 23:35:25,608 | INFO |    ↳ Status 403
2026-08-11 23:35:25,608 | WARNING |    ⚠ Blocked (403) retry 2
2026-08-11 23:35:25,691 | INFO | 🌐 Session warmed
2026-08-11 23:35:25,746 | INFO |    ↳ Status 403
2026-08-11 23:35:25,746 | WARNING |    ⚠ Blocked (403) retry 2
2026-08-11 23:35:25,815 | INFO | 🌐 Session warmed
2026-08-11 23:35:25,959 | INFO |    ↳ Status 200
2026-08-11 23:35:25,959 | INFO |    ✓ Found 8 movies
2026-08-11 23:35:25,959 | INFO | [648/1901] Fetching Hindupur (HNDP)
2026-08-11 23:35:27,012 | INFO |    ↳ Status 200
2026-08-11 23:35:27,012 | INFO |    ✓ Found 8 movies
2026-08-11 23:35:27,012 | INFO | [649/1901] Fetching Hindupuram (HINP)
2026-08-11 23:35:28,397 | INFO |    ↳ Status 200
2026-08-11 23:35:28,397 | INFO |    ✓ Found 8 movies
2026-08-11 23:35:28,397 | INFO | [650/1901] Fetching Hinganghat (HINA)
2026-08-11 23:35:28,516 | INFO | [651/1901] Fetching Hingoli (HING)
2026-08-11 23:35:28,709 | INFO |    ↳ Status 403
2026-08-11 23:35:28,709 | WARNING |    ⚠ Blocked (403) retry 3
2026-08-11 23:35:28,789 | INFO | 🌐 Session warmed
2026-08-11 23:35:29,086 | INFO |    ↳ Status 403
2026-08-11 23:35:29,086 | WARNING |    ⚠ Blocked (403) retry 3
2026-08-11 23:35:29,156 | INFO | 🌐 Session warmed
2026-08-11 23:35:29,886 | INFO |    ↳ Status 403
2026-08-11 23:35:29,886 | WARNING |    ⚠ Blocked (403) retry 1
2026-08-11 23:35:29,966 | INFO | 🌐 Session warmed
2026-08-11 23:35:30,382 | INFO |    ↳ Status 200
2026-08-11 23:35:30,382 | INFO |    ✓ Found 8 movies
2026-08-11 23:35:30,382 | INFO | [652/1901] Fetching Hiramandalam (HIRA)
2026-08-11 23:35:31,609 | INFO |    ↳ Status 200
2026-08-11 23:35:31,609 | INFO |    ✓ Found 8 movies
2026-08-11 23:35:31,609 | INFO | [653/1901] Fetching Hirekerur (HIRE)
2026-08-11 23:35:31,972 | INFO |    ↳ Status 403
2026-08-11 23:35:31,972 | WARNING |    ⚠ Blocked (403) retry 2
2026-08-11 23:35:32,067 | INFO | 🌐 Session warmed
2026-08-11 23:35:32,789 | INFO | [654/1901] Fetching Hiriyur (HIRI)
2026-08-11 23:35:32,932 | INFO |    ↳ Status 200
2026-08-11 23:35:32,932 | INFO |    ✓ Found 8 movies
2026-08-11 23:35:32,932 | INFO | [655/1901] Fetching Hisar (HISR)
2026-08-11 23:35:33,156 | INFO | [656/1901] Fetching Holenarasipura (HOLE)
2026-08-11 23:35:33,876 | INFO |    ↳ Status 403
2026-08-11 23:35:33,876 | WARNING |    ⚠ Blocked (403) retry 1
2026-08-11 23:35:33,902 | INFO |    ↳ Status 403
2026-08-11 23:35:33,902 | WARNING |    ⚠ Blocked (403) retry 1
2026-08-11 23:35:33,979 | INFO | 🌐 Session warmed
2026-08-11 23:35:34,000 | INFO | 🌐 Session warmed
2026-08-11 23:35:34,236 | INFO |    ↳ Status 200
2026-08-11 23:35:34,236 | INFO |    ✓ Found 7 movies
2026-08-11 23:35:34,236 | INFO | [657/1901] Fetching Honnali (HONV)
2026-08-11 23:35:34,816 | INFO |    ↳ Status 403
2026-08-11 23:35:34,816 | WARNING |    ⚠ Blocked (403) retry 3
2026-08-11 23:35:34,896 | INFO | 🌐 Session warmed
2026-08-11 23:35:35,548 | INFO |    ↳ Status 200
2026-08-11 23:35:35,548 | INFO |    ✓ Found 8 movies
2026-08-11 23:35:35,549 | INFO | [658/1901] Fetching Honnavara (HNVR)
2026-08-11 23:35:35,701 | INFO |    ↳ Status 403
2026-08-11 23:35:35,701 | WARNING |    ⚠ Blocked (403) retry 2
2026-08-11 23:35:35,771 | INFO | 🌐 Session warmed
2026-08-11 23:35:35,998 | INFO |    ↳ Status 403
2026-08-11 23:35:35,998 | WARNING |    ⚠ Blocked (403) retry 2
2026-08-11 23:35:36,067 | INFO | 🌐 Session warmed
2026-08-11 23:35:36,757 | INFO |    ↳ Status 200
2026-08-11 23:35:36,757 | INFO |    ✓ Found 8 movies
2026-08-11 23:35:36,757 | INFO | [659/1901] Fetching Hooghly (HOOG)
2026-08-11 23:35:38,152 | INFO |    ↳ Status 200
2026-08-11 23:35:38,152 | INFO |    ✓ Found 7 movies
2026-08-11 23:35:38,152 | INFO | [660/1901] Fetching Hoshangabad (HSGB)
2026-08-11 23:35:38,785 | INFO |    ↳ Status 403
2026-08-11 23:35:38,785 | WARNING |    ⚠ Blocked (403) retry 3
2026-08-11 23:35:38,874 | INFO | 🌐 Session warmed
2026-08-11 23:35:38,896 | INFO | [661/1901] Fetching Hoshiarpur (HOSH)
2026-08-11 23:35:39,226 | INFO |    ↳ Status 403
2026-08-11 23:35:39,226 | WARNING |    ⚠ Blocked (403) retry 3
2026-08-11 23:35:39,306 | INFO | 🌐 Session warmed
2026-08-11 23:35:39,697 | INFO |    ↳ Status 200
2026-08-11 23:35:39,697 | INFO |    ✓ Found 8 movies
2026-08-11 23:35:39,697 | INFO | [662/1901] Fetching Hoskote (HOKT)
2026-08-11 23:35:40,240 | INFO |    ↳ Status 403
2026-08-11 23:35:40,240 | WARNING |    ⚠ Blocked (403) retry 1
2026-08-11 23:35:40,326 | INFO | 🌐 Session warmed
2026-08-11 23:35:41,296 | INFO |    ↳ Status 200
2026-08-11 23:35:41,296 | INFO |    ✓ Found 8 movies
2026-08-11 23:35:41,296 | INFO | [663/1901] Fetching Hospet (HOSP)
2026-08-11 23:35:42,456 | INFO |    ↳ Status 403
2026-08-11 23:35:42,456 | WARNING |    ⚠ Blocked (403) retry 2
2026-08-11 23:35:42,529 | INFO | 🌐 Session warmed
2026-08-11 23:35:42,743 | INFO |    ↳ Status 200
2026-08-11 23:35:42,743 | INFO |    ✓ Found 8 movies
2026-08-11 23:35:42,743 | INFO | [664/1901] Fetching Hosur (HSUR)
2026-08-11 23:35:42,875 | INFO | [665/1901] Fetching Howrah (HWRH)
2026-08-11 23:35:43,306 | INFO | [666/1901] Fetching Hubballi (Hubli) (HUBL)
2026-08-11 23:35:43,940 | INFO |    ↳ Status 403
2026-08-11 23:35:43,940 | WARNING |    ⚠ Blocked (403) retry 1
2026-08-11 23:35:44,009 | INFO | 🌐 Session warmed
2026-08-11 23:35:44,091 | INFO |    ↳ Status 403
2026-08-11 23:35:44,091 | WARNING |    ⚠ Blocked (403) retry 1
2026-08-11 23:35:44,196 | INFO | 🌐 Session warmed
2026-08-11 23:35:44,423 | INFO |    ↳ Status 200
2026-08-11 23:35:44,423 | INFO |    ✓ Found 8 movies
2026-08-11 23:35:44,423 | INFO | [667/1901] Fetching Hunagunda (HNGN)
2026-08-11 23:35:45,669 | INFO |    ↳ Status 403
2026-08-11 23:35:45,670 | WARNING |    ⚠ Blocked (403) retry 3
2026-08-11 23:35:45,748 | INFO | 🌐 Session warmed
2026-08-11 23:35:45,806 | INFO |    ↳ Status 403
2026-08-11 23:35:45,806 | WARNING |    ⚠ Blocked (403) retry 2
2026-08-11 23:35:45,890 | INFO | 🌐 Session warmed
2026-08-11 23:35:46,103 | INFO |    ↳ Status 200
2026-08-11 23:35:46,103 | INFO |    ✓ Found 8 movies
2026-08-11 23:35:46,103 | INFO | [668/1901] Fetching Hunsur (HUSR)
2026-08-11 23:35:46,584 | INFO |    ↳ Status 403
2026-08-11 23:35:46,584 | WARNING |    ⚠ Blocked (403) retry 2
2026-08-11 23:35:46,652 | INFO | 🌐 Session warmed
2026-08-11 23:35:47,215 | INFO |    ↳ Status 200
2026-08-11 23:35:47,215 | INFO |    ✓ Found 8 movies
2026-08-11 23:35:47,215 | INFO | [669/1901] Fetching Husnabad (HSBD)
2026-08-11 23:35:48,283 | INFO |    ↳ Status 200
2026-08-11 23:35:48,283 | INFO |    ✓ Found 8 movies
2026-08-11 23:35:48,283 | INFO | [670/1901] Fetching Huvinahadagali (HULI)
2026-08-11 23:35:48,832 | INFO |    ↳ Status 403
2026-08-11 23:35:48,832 | WARNING |    ⚠ Blocked (403) retry 3
2026-08-11 23:35:48,922 | INFO | 🌐 Session warmed
2026-08-11 23:35:49,668 | INFO |    ↳ Status 200
2026-08-11 23:35:49,668 | INFO |    ✓ Found 8 movies
2026-08-11 23:35:49,668 | INFO | [671/1901] Fetching Huzurabad (HZUB)
2026-08-11 23:35:49,722 | INFO |    ↳ Status 403
2026-08-11 23:35:49,722 | WARNING |    ⚠ Blocked (403) retry 3
2026-08-11 23:35:49,748 | INFO | [672/1901] Fetching Huzurnagar (HUZU)
2026-08-11 23:35:49,821 | INFO | 🌐 Session warmed
2026-08-11 23:35:51,159 | INFO |    ↳ Status 403
2026-08-11 23:35:51,159 | WARNING |    ⚠ Blocked (403) retry 1
2026-08-11 23:35:51,247 | INFO | 🌐 Session warmed
2026-08-11 23:35:51,552 | INFO |    ↳ Status 200
2026-08-11 23:35:51,552 | INFO |    ✓ Found 8 movies
2026-08-11 23:35:51,552 | INFO | [673/1901] Fetching Ichalkaranji (ICHL)
2026-08-11 23:35:52,922 | INFO | [674/1901] Fetching Ichchapuram (ICPR)
2026-08-11 23:35:52,954 | INFO |    ↳ Status 403
2026-08-11 23:35:52,954 | WARNING |    ⚠ Blocked (403) retry 2
2026-08-11 23:35:52,983 | INFO |    ↳ Status 200
2026-08-11 23:35:52,983 | INFO |    ✓ Found 8 movies
2026-08-11 23:35:52,983 | INFO | [675/1901] Fetching Idappadi (IDPI)
2026-08-11 23:35:53,030 | INFO | 🌐 Session warmed
2026-08-11 23:35:53,544 | INFO |    ↳ Status 403
2026-08-11 23:35:53,544 | WARNING |    ⚠ Blocked (403) retry 1
2026-08-11 23:35:53,636 | INFO | 🌐 Session warmed
2026-08-11 23:35:53,822 | INFO | [676/1901] Fetching Idar (IDAR)
2026-08-11 23:35:54,554 | INFO |    ↳ Status 200
2026-08-11 23:35:54,554 | INFO |    ✓ Found 8 movies
2026-08-11 23:35:54,554 | INFO | [677/1901] Fetching Idukki (IDKI)
2026-08-11 23:35:54,949 | INFO |    ↳ Status 403
2026-08-11 23:35:54,949 | WARNING |    ⚠ Blocked (403) retry 1
2026-08-11 23:35:55,019 | INFO | 🌐 Session warmed
2026-08-11 23:35:55,718 | INFO |    ↳ Status 403
2026-08-11 23:35:55,718 | WARNING |    ⚠ Blocked (403) retry 2
2026-08-11 23:35:55,797 | INFO | 🌐 Session warmed
2026-08-11 23:35:56,163 | INFO |    ↳ Status 403
2026-08-11 23:35:56,163 | WARNING |    ⚠ Blocked (403) retry 3
2026-08-11 23:35:56,256 | INFO | 🌐 Session warmed
2026-08-11 23:35:56,297 | INFO |    ↳ Status 200
2026-08-11 23:35:56,297 | INFO |    ✓ Found 8 movies
2026-08-11 23:35:56,298 | INFO | [678/1901] Fetching Ieeja (IEEJ)
2026-08-11 23:35:56,917 | INFO |    ↳ Status 403
2026-08-11 23:35:56,918 | WARNING |    ⚠ Blocked (403) retry 2
2026-08-11 23:35:57,006 | INFO | 🌐 Session warmed
2026-08-11 23:35:57,881 | INFO |    ↳ Status 200
2026-08-11 23:35:57,881 | INFO |    ✓ Found 8 movies
2026-08-11 23:35:57,882 | INFO | [679/1901] Fetching Imphal (IMPH)
2026-08-11 23:35:58,972 | INFO |    ↳ Status 403
2026-08-11 23:35:58,972 | WARNING |    ⚠ Blocked (403) retry 3
2026-08-11 23:35:59,057 | INFO | 🌐 Session warmed
2026-08-11 23:35:59,413 | INFO |    ↳ Status 200
2026-08-11 23:35:59,413 | INFO |    ✓ Found 1 movies
2026-08-11 23:35:59,413 | INFO | [680/1901] Fetching Indapur (INDA)
2026-08-11 23:35:59,749 | INFO |    ↳ Status 403
2026-08-11 23:35:59,749 | WARNING |    ⚠ Blocked (403) retry 3
2026-08-11 23:35:59,825 | INFO | 🌐 Session warmed
2026-08-11 23:36:00,256 | INFO | [681/1901] Fetching Indi (IIND)
2026-08-11 23:36:00,946 | INFO |    ↳ Status 403
2026-08-11 23:36:00,946 | WARNING |    ⚠ Blocked (403) retry 1
2026-08-11 23:36:01,018 | INFO | 🌐 Session warmed
2026-08-11 23:36:01,116 | INFO |    ↳ Status 200
2026-08-11 23:36:01,116 | INFO |    ✓ Found 8 movies
2026-08-11 23:36:01,116 | INFO | [682/1901] Fetching Indore (IND)
2026-08-11 23:36:02,194 | INFO |    ↳ Status 200
2026-08-11 23:36:02,194 | INFO |    ✓ Found 8 movies
2026-08-11 23:36:02,194 | INFO | [683/1901] Fetching Indukurpeta (IDPA)
2026-08-11 23:36:02,659 | INFO |    ↳ Status 403
2026-08-11 23:36:02,659 | WARNING |    ⚠ Blocked (403) retry 2
2026-08-11 23:36:02,750 | INFO | 🌐 Session warmed
2026-08-11 23:36:03,057 | INFO | [684/1901] Fetching Irinjalakuda (IRNK)
2026-08-11 23:36:03,786 | INFO |    ↳ Status 403
2026-08-11 23:36:03,786 | WARNING |    ⚠ Blocked (403) retry 1
2026-08-11 23:36:03,825 | INFO | [685/1901] Fetching Itanagar (ITNG)
2026-08-11 23:36:03,861 | INFO | 🌐 Session warmed
2026-08-11 23:36:03,912 | INFO |    ↳ Status 200
2026-08-11 23:36:03,912 | INFO |    ✓ Found 8 movies
2026-08-11 23:36:03,912 | INFO | [686/1901] Fetching Itarsi (ITAR)
2026-08-11 23:36:04,896 | INFO |    ↳ Status 403
2026-08-11 23:36:04,896 | WARNING |    ⚠ Blocked (403) retry 1
2026-08-11 23:36:04,972 | INFO | 🌐 Session warmed
2026-08-11 23:36:05,658 | INFO |    ↳ Status 200
2026-08-11 23:36:05,658 | INFO |    ✓ Found 8 movies
2026-08-11 23:36:05,658 | INFO | [687/1901] Fetching Jabalpur (JABL)
2026-08-11 23:36:06,041 | INFO |    ↳ Status 403
2026-08-11 23:36:06,041 | WARNING |    ⚠ Blocked (403) retry 3
2026-08-11 23:36:06,125 | INFO | 🌐 Session warmed
2026-08-11 23:36:06,240 | INFO |    ↳ Status 403
2026-08-11 23:36:06,240 | WARNING |    ⚠ Blocked (403) retry 2
2026-08-11 23:36:06,315 | INFO | 🌐 Session warmed
2026-08-11 23:36:06,758 | INFO |    ↳ Status 200
2026-08-11 23:36:06,758 | INFO |    ✓ Found 8 movies
2026-08-11 23:36:06,758 | INFO | [688/1901] Fetching Jadcherla (JADC)
2026-08-11 23:36:07,022 | INFO |    ↳ Status 403
2026-08-11 23:36:07,022 | WARNING |    ⚠ Blocked (403) retry 2
2026-08-11 23:36:07,123 | INFO | 🌐 Session warmed
2026-08-11 23:36:07,972 | INFO |    ↳ Status 200
2026-08-11 23:36:07,973 | INFO |    ✓ Found 8 movies
2026-08-11 23:36:07,973 | INFO | [689/1901] Fetching Jagalur (JAGA)
2026-08-11 23:36:09,521 | INFO |    ↳ Status 200
2026-08-11 23:36:09,521 | INFO |    ✓ Found 8 movies
2026-08-11 23:36:09,521 | INFO | [690/1901] Fetching Jagatdal (JGDL)
2026-08-11 23:36:09,712 | INFO |    ↳ Status 403
2026-08-11 23:36:09,712 | WARNING |    ⚠ Blocked (403) retry 3
2026-08-11 23:36:09,788 | INFO | 🌐 Session warmed
2026-08-11 23:36:09,829 | INFO |    ↳ Status 403
2026-08-11 23:36:09,829 | WARNING |    ⚠ Blocked (403) retry 3
2026-08-11 23:36:09,921 | INFO | 🌐 Session warmed
2026-08-11 23:36:10,125 | INFO | [691/1901] Fetching Jagdalpur (JAGD)
2026-08-11 23:36:10,892 | INFO |    ↳ Status 200
2026-08-11 23:36:10,892 | INFO |    ✓ Found 7 movies
2026-08-11 23:36:10,892 | INFO | [692/1901] Fetching Jaggampeta (JAGG)
2026-08-11 23:36:10,985 | INFO |    ↳ Status 403
2026-08-11 23:36:10,986 | WARNING |    ⚠ Blocked (403) retry 1
2026-08-11 23:36:11,053 | INFO | 🌐 Session warmed
2026-08-11 23:36:11,886 | INFO |    ↳ Status 200
2026-08-11 23:36:11,886 | INFO |    ✓ Found 8 movies
2026-08-11 23:36:11,886 | INFO | [693/1901] Fetching Jaggayyapeta (JGGY)
2026-08-11 23:36:12,889 | INFO |    ↳ Status 403
2026-08-11 23:36:12,889 | WARNING |    ⚠ Blocked (403) retry 2
2026-08-11 23:36:12,987 | INFO | 🌐 Session warmed
2026-08-11 23:36:13,788 | INFO | [694/1901] Fetching Jagraon (JGRO)
2026-08-11 23:36:13,922 | INFO | [695/1901] Fetching Jagtial (JGTL)
2026-08-11 23:36:14,300 | INFO |    ↳ Status 200
2026-08-11 23:36:14,300 | INFO |    ✓ Found 8 movies
2026-08-11 23:36:14,300 | INFO | [696/1901] Fetching Jaipur (JAIP)
2026-08-11 23:36:14,652 | INFO |    ↳ Status 403
2026-08-11 23:36:14,652 | WARNING |    ⚠ Blocked (403) retry 1
2026-08-11 23:36:14,751 | INFO | 🌐 Session warmed
2026-08-11 23:36:15,121 | INFO |    ↳ Status 403
2026-08-11 23:36:15,121 | WARNING |    ⚠ Blocked (403) retry 1
2026-08-11 23:36:15,204 | INFO | 🌐 Session warmed
2026-08-11 23:36:15,468 | INFO |    ↳ Status 200
2026-08-11 23:36:15,468 | INFO |    ✓ Found 8 movies
2026-08-11 23:36:15,468 | INFO | [697/1901] Fetching Jaisalmer (JSMR)
2026-08-11 23:36:16,121 | INFO |    ↳ Status 403
2026-08-11 23:36:16,122 | WARNING |    ⚠ Blocked (403) retry 3
2026-08-11 23:36:16,206 | INFO | 🌐 Session warmed
2026-08-11 23:36:16,474 | INFO |    ↳ Status 200
2026-08-11 23:36:16,475 | INFO |    ✓ Found 8 movies
2026-08-11 23:36:16,475 | INFO | [698/1901] Fetching Jajpur Road (JAJP)
2026-08-11 23:36:16,875 | INFO |    ↳ Status 403
2026-08-11 23:36:16,875 | WARNING |    ⚠ Blocked (403) retry 2
2026-08-11 23:36:16,962 | INFO | 🌐 Session warmed
2026-08-11 23:36:17,291 | INFO |    ↳ Status 403
2026-08-11 23:36:17,291 | WARNING |    ⚠ Blocked (403) retry 2
2026-08-11 23:36:17,369 | INFO | 🌐 Session warmed
2026-08-11 23:36:18,730 | INFO |    ↳ Status 200
2026-08-11 23:36:18,730 | INFO |    ✓ Found 8 movies
2026-08-11 23:36:18,730 | INFO | [699/1901] Fetching Jajpur Town (Odisha) (JTTT)
2026-08-11 23:36:19,592 | INFO |    ↳ Status 403
2026-08-11 23:36:19,592 | WARNING |    ⚠ Blocked (403) retry 3
2026-08-11 23:36:19,683 | INFO | 🌐 Session warmed
2026-08-11 23:36:20,039 | INFO |    ↳ Status 200
2026-08-11 23:36:20,039 | INFO |    ✓ Found 8 movies
2026-08-11 23:36:20,039 | INFO | [700/1901] Fetching Jalakandapuram (JAKA)
2026-08-11 23:36:20,117 | INFO |    ↳ Status 403
2026-08-11 23:36:20,117 | WARNING |    ⚠ Blocked (403) retry 3
2026-08-11 23:36:20,197 | INFO | 🌐 Session warmed
2026-08-11 23:36:20,207 | INFO | [701/1901] Fetching Jalalabad (JLAB)
2026-08-11 23:36:20,888 | INFO |    ↳ Status 403
2026-08-11 23:36:20,888 | WARNING |    ⚠ Blocked (403) retry 1
2026-08-11 23:36:20,961 | INFO | 🌐 Session warmed
2026-08-11 23:36:21,726 | INFO |    ↳ Status 200
2026-08-11 23:36:21,726 | INFO |    ✓ Found 8 movies
2026-08-11 23:36:21,726 | INFO | [702/1901] Fetching Jalandhar (JALA)
2026-08-11 23:36:22,649 | INFO |    ↳ Status 403
2026-08-11 23:36:22,649 | WARNING |    ⚠ Blocked (403) retry 2
2026-08-11 23:36:22,727 | INFO | 🌐 Session warmed
2026-08-11 23:36:23,286 | INFO |    ↳ Status 200
2026-08-11 23:36:23,286 | INFO |    ✓ Found 7 movies
2026-08-11 23:36:23,286 | INFO | [703/1901] Fetching Jalaun (JAUN)
2026-08-11 23:36:23,683 | INFO | [704/1901] Fetching Jalgaon (JALG)
2026-08-11 23:36:24,198 | INFO | [705/1901] Fetching Jalna (JALN)
2026-08-11 23:36:24,514 | INFO |    ↳ Status 200
2026-08-11 23:36:24,514 | INFO |    ✓ Found 8 movies
2026-08-11 23:36:24,514 | INFO | [706/1901] Fetching Jalore (LALO)
2026-08-11 23:36:25,009 | INFO |    ↳ Status 403
2026-08-11 23:36:25,010 | WARNING |    ⚠ Blocked (403) retry 1
2026-08-11 23:36:25,080 | INFO | 🌐 Session warmed
2026-08-11 23:36:25,085 | INFO |    ↳ Status 403
2026-08-11 23:36:25,085 | WARNING |    ⚠ Blocked (403) retry 1
2026-08-11 23:36:25,173 | INFO | 🌐 Session warmed
2026-08-11 23:36:25,376 | INFO |    ↳ Status 403
2026-08-11 23:36:25,376 | WARNING |    ⚠ Blocked (403) retry 3
2026-08-11 23:36:25,440 | INFO | 🌐 Session warmed
2026-08-11 23:36:26,856 | INFO |    ↳ Status 403
2026-08-11 23:36:26,856 | WARNING |    ⚠ Blocked (403) retry 2
2026-08-11 23:36:26,859 | INFO |    ↳ Status 403
2026-08-11 23:36:26,859 | WARNING |    ⚠ Blocked (403) retry 2
2026-08-11 23:36:26,936 | INFO |    ↳ Status 200
2026-08-11 23:36:26,937 | INFO |    ✓ Found 8 movies
2026-08-11 23:36:26,937 | INFO | [707/1901] Fetching Jalpaiguri (JPG)
2026-08-11 23:36:26,965 | INFO | 🌐 Session warmed
2026-08-11 23:36:26,971 | INFO | 🌐 Session warmed
2026-08-11 23:36:28,332 | INFO |    ↳ Status 200
2026-08-11 23:36:28,333 | INFO |    ✓ Found 7 movies
2026-08-11 23:36:28,333 | INFO | [708/1901] Fetching Jami (JAMI)
2026-08-11 23:36:29,441 | INFO | [709/1901] Fetching Jamkhandi (JAAM)
2026-08-11 23:36:29,596 | INFO |    ↳ Status 200
2026-08-11 23:36:29,596 | INFO |    ✓ Found 8 movies
2026-08-11 23:36:29,596 | INFO | [710/1901] Fetching Jamkhed (JAMK)
2026-08-11 23:36:29,852 | INFO |    ↳ Status 403
2026-08-11 23:36:29,852 | WARNING |    ⚠ Blocked (403) retry 3
2026-08-11 23:36:29,915 | INFO | 🌐 Session warmed
2026-08-11 23:36:30,338 | INFO |    ↳ Status 403
2026-08-11 23:36:30,338 | WARNING |    ⚠ Blocked (403) retry 3
2026-08-11 23:36:30,423 | INFO | 🌐 Session warmed
2026-08-11 23:36:30,612 | INFO |    ↳ Status 403
2026-08-11 23:36:30,612 | WARNING |    ⚠ Blocked (403) retry 1
2026-08-11 23:36:30,709 | INFO | 🌐 Session warmed
2026-08-11 23:36:31,632 | INFO |    ↳ Status 200
2026-08-11 23:36:31,632 | INFO |    ✓ Found 8 movies
2026-08-11 23:36:31,632 | INFO | [711/1901] Fetching Jammalamadugu (JAMD)
2026-08-11 23:36:32,646 | INFO |    ↳ Status 200
2026-08-11 23:36:32,647 | INFO |    ✓ Found 8 movies
2026-08-11 23:36:32,647 | INFO | [712/1901] Fetching Jammikunta (JMKN)
2026-08-11 23:36:32,936 | INFO |    ↳ Status 403
2026-08-11 23:36:32,936 | WARNING |    ⚠ Blocked (403) retry 2
2026-08-11 23:36:33,011 | INFO | 🌐 Session warmed
2026-08-11 23:36:33,817 | INFO |    ↳ Status 200
2026-08-11 23:36:33,817 | INFO |    ✓ Found 8 movies
2026-08-11 23:36:33,817 | INFO | [713/1901] Fetching Jammu (JAMM)
2026-08-11 23:36:33,916 | INFO | [714/1901] Fetching Jamnagar (JAM)
2026-08-11 23:36:34,423 | INFO | [715/1901] Fetching Jamner (JAMN)
2026-08-11 23:36:35,090 | INFO |    ↳ Status 403
2026-08-11 23:36:35,091 | WARNING |    ⚠ Blocked (403) retry 1
2026-08-11 23:36:35,183 | INFO | 🌐 Session warmed
2026-08-11 23:36:35,462 | INFO |    ↳ Status 200
2026-08-11 23:36:35,462 | INFO |    ✓ Found 8 movies
2026-08-11 23:36:35,462 | INFO | [716/1901] Fetching Jamshedpur (JMDP)
2026-08-11 23:36:35,466 | INFO |    ↳ Status 403
2026-08-11 23:36:35,467 | WARNING |    ⚠ Blocked (403) retry 1
2026-08-11 23:36:35,555 | INFO | 🌐 Session warmed
2026-08-11 23:36:36,240 | INFO |    ↳ Status 403
2026-08-11 23:36:36,241 | WARNING |    ⚠ Blocked (403) retry 3
2026-08-11 23:36:36,326 | INFO | 🌐 Session warmed
2026-08-11 23:36:36,809 | INFO |    ↳ Status 200
2026-08-11 23:36:36,809 | INFO |    ✓ Found 8 movies
2026-08-11 23:36:36,809 | INFO | [717/1901] Fetching Jamui (JUMI)
2026-08-11 23:36:37,473 | INFO |    ↳ Status 403
2026-08-11 23:36:37,473 | WARNING |    ⚠ Blocked (403) retry 2
2026-08-11 23:36:37,569 | INFO | 🌐 Session warmed
2026-08-11 23:36:37,737 | INFO |    ↳ Status 200
2026-08-11 23:36:37,737 | INFO |    ✓ Found 8 movies
2026-08-11 23:36:37,737 | INFO | [718/1901] Fetching Jangaon (JNGN)
2026-08-11 23:36:37,835 | INFO |    ↳ Status 403
2026-08-11 23:36:37,835 | WARNING |    ⚠ Blocked (403) retry 2
2026-08-11 23:36:37,924 | INFO | 🌐 Session warmed
2026-08-11 23:36:38,790 | INFO |    ↳ Status 200
2026-08-11 23:36:38,790 | INFO |    ✓ Found 8 movies
2026-08-11 23:36:38,791 | INFO | [719/1901] Fetching Jangareddy Gudem (JANG)
2026-08-11 23:36:40,327 | INFO | [720/1901] Fetching Janjgir (JANR)
2026-08-11 23:36:40,608 | INFO |    ↳ Status 200
2026-08-11 23:36:40,608 | INFO |    ✓ Found 8 movies
2026-08-11 23:36:40,608 | INFO | [721/1901] Fetching Jaora (JAOR)
2026-08-11 23:36:40,721 | INFO |    ↳ Status 403
2026-08-11 23:36:40,721 | WARNING |    ⚠ Blocked (403) retry 3
2026-08-11 23:36:40,800 | INFO | 🌐 Session warmed
2026-08-11 23:36:40,931 | INFO |    ↳ Status 403
2026-08-11 23:36:40,931 | WARNING |    ⚠ Blocked (403) retry 3
2026-08-11 23:36:41,008 | INFO | 🌐 Session warmed
2026-08-11 23:36:41,597 | INFO |    ↳ Status 403
2026-08-11 23:36:41,597 | WARNING |    ⚠ Blocked (403) retry 1
2026-08-11 23:36:41,655 | INFO |    ↳ Status 200
2026-08-11 23:36:41,655 | INFO |    ✓ Found 8 movies
2026-08-11 23:36:41,655 | INFO | [722/1901] Fetching Jasdan (JASD)
2026-08-11 23:36:41,689 | INFO | 🌐 Session warmed
2026-08-11 23:36:43,332 | INFO |    ↳ Status 200
2026-08-11 23:36:43,333 | INFO |    ✓ Found 8 movies
2026-08-11 23:36:43,333 | INFO | [723/1901] Fetching Jashpur (JASH)
2026-08-11 23:36:44,111 | INFO |    ↳ Status 403
2026-08-11 23:36:44,111 | WARNING |    ⚠ Blocked (403) retry 2
2026-08-11 23:36:44,201 | INFO | 🌐 Session warmed
2026-08-11 23:36:44,781 | INFO |    ↳ Status 200
2026-08-11 23:36:44,781 | INFO |    ✓ Found 7 movies
2026-08-11 23:36:44,781 | INFO | [724/1901] Fetching Jatni (JATN)
2026-08-11 23:36:44,800 | INFO | [725/1901] Fetching Jaunpur (JANP)
2026-08-11 23:36:45,008 | INFO | [726/1901] Fetching Jayamkondacholapuram (JYAM)
2026-08-11 23:36:45,512 | INFO |    ↳ Status 403
2026-08-11 23:36:45,512 | WARNING |    ⚠ Blocked (403) retry 1
2026-08-11 23:36:45,586 | INFO | 🌐 Session warmed
2026-08-11 23:36:45,651 | INFO |    ↳ Status 403
2026-08-11 23:36:45,651 | WARNING |    ⚠ Blocked (403) retry 1
2026-08-11 23:36:45,736 | INFO | 🌐 Session warmed
2026-08-11 23:36:46,132 | INFO |    ↳ Status 200
2026-08-11 23:36:46,133 | INFO |    ✓ Found 8 movies
2026-08-11 23:36:46,133 | INFO | [727/1901] Fetching Jaysingpur (JYSP)
2026-08-11 23:36:46,887 | INFO |    ↳ Status 403
2026-08-11 23:36:46,887 | WARNING |    ⚠ Blocked (403) retry 3
2026-08-11 23:36:46,961 | INFO | 🌐 Session warmed
2026-08-11 23:36:47,471 | INFO |    ↳ Status 403
2026-08-11 23:36:47,471 | WARNING |    ⚠ Blocked (403) retry 2
2026-08-11 23:36:47,555 | INFO | 🌐 Session warmed
2026-08-11 23:36:47,560 | INFO |    ↳ Status 200
2026-08-11 23:36:47,560 | INFO |    ✓ Found 8 movies
2026-08-11 23:36:47,560 | INFO | [728/1901] Fetching Jehanabad (JEHA)
2026-08-11 23:36:47,662 | INFO |    ↳ Status 403
2026-08-11 23:36:47,662 | WARNING |    ⚠ Blocked (403) retry 2
2026-08-11 23:36:47,732 | INFO | 🌐 Session warmed
2026-08-11 23:36:49,915 | INFO |    ↳ Status 200
2026-08-11 23:36:49,915 | INFO |    ✓ Found 8 movies
2026-08-11 23:36:49,915 | INFO | [729/1901] Fetching Jejuri (JEJU)
2026-08-11 23:36:50,957 | INFO |    ↳ Status 403
2026-08-11 23:36:50,957 | WARNING |    ⚠ Blocked (403) retry 3
2026-08-11 23:36:50,961 | INFO | [730/1901] Fetching Jetpur (JETP)
2026-08-11 23:36:51,053 | INFO |    ↳ Status 403
2026-08-11 23:36:51,053 | WARNING |    ⚠ Blocked (403) retry 3
2026-08-11 23:36:51,056 | INFO | 🌐 Session warmed
2026-08-11 23:36:51,135 | INFO | 🌐 Session warmed
2026-08-11 23:36:51,228 | INFO |    ↳ Status 200
2026-08-11 23:36:51,228 | INFO |    ✓ Found 8 movies
2026-08-11 23:36:51,229 | INFO | [731/1901] Fetching Jewar (JEWR)
2026-08-11 23:36:51,781 | INFO |    ↳ Status 403
2026-08-11 23:36:51,781 | WARNING |    ⚠ Blocked (403) retry 1
2026-08-11 23:36:51,851 | INFO | 🌐 Session warmed
2026-08-11 23:36:52,814 | INFO |    ↳ Status 200
2026-08-11 23:36:52,814 | INFO |    ✓ Found 8 movies
2026-08-11 23:36:52,815 | INFO | [732/1901] Fetching Jeypore (JEYP)
2026-08-11 23:36:53,701 | INFO |    ↳ Status 403
2026-08-11 23:36:53,702 | WARNING |    ⚠ Blocked (403) retry 2
2026-08-11 23:36:53,787 | INFO | 🌐 Session warmed
2026-08-11 23:36:54,500 | INFO |    ↳ Status 200
2026-08-11 23:36:54,500 | INFO |    ✓ Found 8 movies
2026-08-11 23:36:54,500 | INFO | [733/1901] Fetching Jhabua (JHAB)
2026-08-11 23:36:55,056 | INFO | [734/1901] Fetching Jhajha (JHAA)
2026-08-11 23:36:55,135 | INFO | [735/1901] Fetching Jhajjar (JHAJ)
2026-08-11 23:36:55,863 | INFO |    ↳ Status 200
2026-08-11 23:36:55,863 | INFO |    ✓ Found 8 movies
2026-08-11 23:36:55,863 | INFO | [736/1901] Fetching Jhansi (JNSI)
2026-08-11 23:36:56,341 | INFO |    ↳ Status 403
2026-08-11 23:36:56,341 | WARNING |    ⚠ Blocked (403) retry 1
2026-08-11 23:36:56,414 | INFO | 🌐 Session warmed
2026-08-11 23:36:56,417 | INFO |    ↳ Status 403
2026-08-11 23:36:56,417 | WARNING |    ⚠ Blocked (403) retry 1
2026-08-11 23:36:56,486 | INFO | 🌐 Session warmed
2026-08-11 23:36:56,861 | INFO |    ↳ Status 200
2026-08-11 23:36:56,861 | INFO |    ✓ Found 8 movies
2026-08-11 23:36:56,861 | INFO | [737/1901] Fetching Jhargram (JARG)
2026-08-11 23:36:57,083 | INFO |    ↳ Status 403
2026-08-11 23:36:57,083 | WARNING |    ⚠ Blocked (403) retry 3
2026-08-11 23:36:57,171 | INFO | 🌐 Session warmed
2026-08-11 23:36:58,052 | INFO |    ↳ Status 403
2026-08-11 23:36:58,052 | WARNING |    ⚠ Blocked (403) retry 2
2026-08-11 23:36:58,141 | INFO | 🌐 Session warmed
2026-08-11 23:36:58,334 | INFO |    ↳ Status 200
2026-08-11 23:36:58,334 | INFO |    ✓ Found 8 movies
2026-08-11 23:36:58,334 | INFO | [738/1901] Fetching Jharsuguda (JRSG)
2026-08-11 23:36:58,806 | INFO |    ↳ Status 403
2026-08-11 23:36:58,806 | WARNING |    ⚠ Blocked (403) retry 2
2026-08-11 23:36:58,876 | INFO | 🌐 Session warmed
2026-08-11 23:36:59,416 | INFO |    ↳ Status 200
2026-08-11 23:36:59,416 | INFO |    ✓ Found 8 movies
2026-08-11 23:36:59,416 | INFO | [739/1901] Fetching Jhunjhunu (JHUN)
2026-08-11 23:37:00,954 | INFO |    ↳ Status 200
2026-08-11 23:37:00,954 | INFO |    ✓ Found 8 movies
2026-08-11 23:37:00,955 | INFO | [740/1901] Fetching Jiaganj (JAGJ)
2026-08-11 23:37:01,141 | INFO |    ↳ Status 403
2026-08-11 23:37:01,141 | WARNING |    ⚠ Blocked (403) retry 3
2026-08-11 23:37:01,171 | INFO | [741/1901] Fetching Jigani (JIIG)
2026-08-11 23:37:01,248 | INFO | 🌐 Session warmed
2026-08-11 23:37:01,834 | INFO |    ↳ Status 403
2026-08-11 23:37:01,834 | WARNING |    ⚠ Blocked (403) retry 1
2026-08-11 23:37:01,905 | INFO | 🌐 Session warmed
2026-08-11 23:37:02,117 | INFO |    ↳ Status 403
2026-08-11 23:37:02,117 | WARNING |    ⚠ Blocked (403) retry 3
2026-08-11 23:37:02,208 | INFO | 🌐 Session warmed
2026-08-11 23:37:03,184 | INFO |    ↳ Status 200
2026-08-11 23:37:03,184 | INFO |    ✓ Found 7 movies
2026-08-11 23:37:03,184 | INFO | [742/1901] Fetching Jind (JIND)
2026-08-11 23:37:03,619 | INFO |    ↳ Status 403
2026-08-11 23:37:03,620 | WARNING |    ⚠ Blocked (403) retry 2
2026-08-11 23:37:03,697 | INFO | 🌐 Session warmed
2026-08-11 23:37:04,481 | INFO |    ↳ Status 200
2026-08-11 23:37:04,481 | INFO |    ✓ Found 7 movies
2026-08-11 23:37:04,481 | INFO | [743/1901] Fetching Jintur (JINT)
2026-08-11 23:37:05,249 | INFO | [744/1901] Fetching Jirapur (JIRA)
2026-08-11 23:37:06,141 | INFO |    ↳ Status 200
2026-08-11 23:37:06,141 | INFO |    ✓ Found 8 movies
2026-08-11 23:37:06,141 | INFO | [745/1901] Fetching Jodhpur (JODH)
2026-08-11 23:37:06,208 | INFO | [746/1901] Fetching Jolarpettai (JLPI)
2026-08-11 23:37:06,416 | INFO |    ↳ Status 403
2026-08-11 23:37:06,416 | WARNING |    ⚠ Blocked (403) retry 1
2026-08-11 23:37:06,485 | INFO | 🌐 Session warmed
2026-08-11 23:37:06,753 | INFO |    ↳ Status 403
2026-08-11 23:37:06,753 | WARNING |    ⚠ Blocked (403) retry 3
2026-08-11 23:37:06,848 | INFO | 🌐 Session warmed
2026-08-11 23:37:06,969 | INFO |    ↳ Status 403
2026-08-11 23:37:06,969 | WARNING |    ⚠ Blocked (403) retry 1
2026-08-11 23:37:07,035 | INFO | 🌐 Session warmed
2026-08-11 23:37:08,425 | INFO |    ↳ Status 200
2026-08-11 23:37:08,425 | INFO |    ✓ Found 8 movies
2026-08-11 23:37:08,425 | INFO | [747/1901] Fetching Jorhat (JORT)
2026-08-11 23:37:08,433 | INFO |    ↳ Status 403
2026-08-11 23:37:08,433 | WARNING |    ⚠ Blocked (403) retry 2
2026-08-11 23:37:08,512 | INFO | 🌐 Session warmed
2026-08-11 23:37:09,210 | INFO |    ↳ Status 403
2026-08-11 23:37:09,210 | WARNING |    ⚠ Blocked (403) retry 2
2026-08-11 23:37:09,296 | INFO | 🌐 Session warmed
2026-08-11 23:37:10,256 | INFO |    ↳ Status 200
2026-08-11 23:37:10,256 | INFO |    ✓ Found 8 movies
2026-08-11 23:37:10,256 | INFO | [748/1901] Fetching Joynagar Majilpur (MAPR)
2026-08-11 23:37:10,849 | INFO | [749/1901] Fetching Junagadh (JUGH)
2026-08-11 23:37:11,273 | INFO |    ↳ Status 200
2026-08-11 23:37:11,273 | INFO |    ✓ Found 7 movies
2026-08-11 23:37:11,273 | INFO | [750/1901] Fetching Junagarh (JUNA)
2026-08-11 23:37:11,496 | INFO |    ↳ Status 403
2026-08-11 23:37:11,496 | WARNING |    ⚠ Blocked (403) retry 1
2026-08-11 23:37:11,561 | INFO | 🌐 Session warmed
2026-08-11 23:37:11,727 | INFO |    ↳ Status 403
2026-08-11 23:37:11,727 | WARNING |    ⚠ Blocked (403) retry 3
2026-08-11 23:37:11,810 | INFO | 🌐 Session warmed
2026-08-11 23:37:12,451 | INFO |    ↳ Status 403
2026-08-11 23:37:12,451 | WARNING |    ⚠ Blocked (403) retry 3
2026-08-11 23:37:12,536 | INFO | 🌐 Session warmed
2026-08-11 23:37:13,354 | INFO |    ↳ Status 200
2026-08-11 23:37:13,354 | INFO |    ✓ Found 8 movies
2026-08-11 23:37:13,354 | INFO | [751/1901] Fetching K.D Peta (PTDK)
2026-08-11 23:37:13,513 | INFO |    ↳ Status 403
2026-08-11 23:37:13,513 | WARNING |    ⚠ Blocked (403) retry 2
2026-08-11 23:37:13,580 | INFO | 🌐 Session warmed
2026-08-11 23:37:14,720 | INFO |    ↳ Status 200
2026-08-11 23:37:14,720 | INFO |    ✓ Found 8 movies
2026-08-11 23:37:14,720 | INFO | [752/1901] Fetching Kadakkal (KDKL)
2026-08-11 23:37:15,641 | INFO |    ↳ Status 200
2026-08-11 23:37:15,641 | INFO |    ✓ Found 8 movies
2026-08-11 23:37:15,641 | INFO | [753/1901] Fetching Kadapa (KDPA)
2026-08-11 23:37:15,811 | INFO | [754/1901] Fetching Kadi (KADI)
2026-08-11 23:37:16,537 | INFO | [755/1901] Fetching Kadiri (KADR)
2026-08-11 23:37:16,908 | INFO |    ↳ Status 403
2026-08-11 23:37:16,908 | WARNING |    ⚠ Blocked (403) retry 3
2026-08-11 23:37:16,983 | INFO | 🌐 Session warmed
2026-08-11 23:37:17,066 | INFO |    ↳ Status 403
2026-08-11 23:37:17,066 | WARNING |    ⚠ Blocked (403) retry 1
2026-08-11 23:37:17,130 | INFO | 🌐 Session warmed
2026-08-11 23:37:17,220 | INFO |    ↳ Status 200
2026-08-11 23:37:17,220 | INFO |    ✓ Found 8 movies
2026-08-11 23:37:17,220 | INFO | [756/1901] Fetching Kadiyam (KADY)
2026-08-11 23:37:17,301 | INFO |    ↳ Status 403
2026-08-11 23:37:17,301 | WARNING |    ⚠ Blocked (403) retry 1
2026-08-11 23:37:17,390 | INFO | 🌐 Session warmed
2026-08-11 23:37:19,388 | INFO |    ↳ Status 403
2026-08-11 23:37:19,388 | WARNING |    ⚠ Blocked (403) retry 2
2026-08-11 23:37:19,419 | INFO |    ↳ Status 200
2026-08-11 23:37:19,419 | INFO |    ✓ Found 8 movies
2026-08-11 23:37:19,419 | INFO | [757/1901] Fetching Kadthal (KADT)
2026-08-11 23:37:19,479 | INFO | 🌐 Session warmed
2026-08-11 23:37:19,516 | INFO |    ↳ Status 403
2026-08-11 23:37:19,516 | WARNING |    ⚠ Blocked (403) retry 2
2026-08-11 23:37:19,588 | INFO | 🌐 Session warmed
2026-08-11 23:37:20,984 | INFO | [758/1901] Fetching Kaikaluru (KAIK)
2026-08-11 23:37:21,155 | INFO |    ↳ Status 200
2026-08-11 23:37:21,155 | INFO |    ✓ Found 8 movies
2026-08-11 23:37:21,155 | INFO | [759/1901] Fetching Kaithal (KAIT)
2026-08-11 23:37:21,956 | INFO |    ↳ Status 403
2026-08-11 23:37:21,956 | WARNING |    ⚠ Blocked (403) retry 1
2026-08-11 23:37:22,018 | INFO | 🌐 Session warmed
2026-08-11 23:37:22,270 | INFO |    ↳ Status 403
2026-08-11 23:37:22,270 | WARNING |    ⚠ Blocked (403) retry 3
2026-08-11 23:37:22,331 | INFO |    ↳ Status 200
2026-08-11 23:37:22,331 | INFO |    ✓ Found 7 movies
2026-08-11 23:37:22,331 | INFO | [760/1901] Fetching Kakarapalli (KAAP)
2026-08-11 23:37:22,362 | INFO | 🌐 Session warmed
2026-08-11 23:37:22,421 | INFO |    ↳ Status 403
2026-08-11 23:37:22,421 | WARNING |    ⚠ Blocked (403) retry 3
2026-08-11 23:37:22,488 | INFO | 🌐 Session warmed
2026-08-11 23:37:23,685 | INFO |    ↳ Status 200
2026-08-11 23:37:23,685 | INFO |    ✓ Found 8 movies
2026-08-11 23:37:23,685 | INFO | [761/1901] Fetching Kakinada (KAKI)
2026-08-11 23:37:24,066 | INFO |    ↳ Status 403
2026-08-11 23:37:24,066 | WARNING |    ⚠ Blocked (403) retry 2
2026-08-11 23:37:24,161 | INFO | 🌐 Session warmed
2026-08-11 23:37:25,835 | INFO |    ↳ Status 200
2026-08-11 23:37:25,835 | INFO |    ✓ Found 8 movies
2026-08-11 23:37:25,835 | INFO | [762/1901] Fetching Kalaburagi (Gulbarga) (GULB)
2026-08-11 23:37:26,362 | INFO | [763/1901] Fetching Kalady (KLDY)
2026-08-11 23:37:26,489 | INFO | [764/1901] Fetching Kalanaur (KANR)
2026-08-11 23:37:27,417 | INFO |    ↳ Status 403
2026-08-11 23:37:27,417 | WARNING |    ⚠ Blocked (403) retry 1
2026-08-11 23:37:27,453 | INFO |    ↳ Status 200
2026-08-11 23:37:27,453 | INFO |    ✓ Found 8 movies
2026-08-11 23:37:27,454 | INFO | [765/1901] Fetching Kalimpong (KALI)
2026-08-11 23:37:27,489 | INFO | 🌐 Session warmed
2026-08-11 23:37:27,497 | INFO |    ↳ Status 403
2026-08-11 23:37:27,497 | WARNING |    ⚠ Blocked (403) retry 1
2026-08-11 23:37:27,502 | INFO |    ↳ Status 403
2026-08-11 23:37:27,502 | WARNING |    ⚠ Blocked (403) retry 3
2026-08-11 23:37:27,605 | INFO | 🌐 Session warmed
2026-08-11 23:37:27,614 | INFO | 🌐 Session warmed
2026-08-11 23:37:28,454 | INFO |    ↳ Status 200
2026-08-11 23:37:28,455 | INFO |    ✓ Found 7 movies
2026-08-11 23:37:28,455 | INFO | [766/1901] Fetching Kalla (KLLL)
2026-08-11 23:37:29,575 | INFO |    ↳ Status 403
2026-08-11 23:37:29,575 | WARNING |    ⚠ Blocked (403) retry 2
2026-08-11 23:37:29,659 | INFO | 🌐 Session warmed
2026-08-11 23:37:29,742 | INFO |    ↳ Status 200
2026-08-11 23:37:29,742 | INFO |    ✓ Found 8 movies
2026-08-11 23:37:29,742 | INFO | [767/1901] Fetching Kallachi (KALC)
2026-08-11 23:37:29,901 | INFO |    ↳ Status 403
2026-08-11 23:37:29,901 | WARNING |    ⚠ Blocked (403) retry 2
2026-08-11 23:37:29,990 | INFO | 🌐 Session warmed
2026-08-11 23:37:31,287 | INFO |    ↳ Status 200
2026-08-11 23:37:31,288 | INFO |    ✓ Found 8 movies
2026-08-11 23:37:31,288 | INFO | [768/1901] Fetching Kalladikode (KALD)
2026-08-11 23:37:31,606 | INFO | [769/1901] Fetching Kallakurichi (KALL)
2026-08-11 23:37:32,338 | INFO |    ↳ Status 403
2026-08-11 23:37:32,338 | WARNING |    ⚠ Blocked (403) retry 3
2026-08-11 23:37:32,427 | INFO | 🌐 Session warmed
2026-08-11 23:37:32,676 | INFO |    ↳ Status 200
2026-08-11 23:37:32,676 | INFO |    ✓ Found 8 movies
2026-08-11 23:37:32,676 | INFO | [770/1901] Fetching Kallur (KLUR)
2026-08-11 23:37:32,684 | INFO |    ↳ Status 403
2026-08-11 23:37:32,684 | WARNING |    ⚠ Blocked (403) retry 1
2026-08-11 23:37:32,782 | INFO | 🌐 Session warmed
2026-08-11 23:37:33,186 | INFO |    ↳ Status 403
2026-08-11 23:37:33,186 | WARNING |    ⚠ Blocked (403) retry 3
2026-08-11 23:37:33,259 | INFO | 🌐 Session warmed
2026-08-11 23:37:34,219 | INFO |    ↳ Status 200
2026-08-11 23:37:34,220 | INFO |    ✓ Found 8 movies
2026-08-11 23:37:34,220 | INFO | [771/1901] Fetching Kalluru (KALR)
2026-08-11 23:37:34,871 | INFO |    ↳ Status 403
2026-08-11 23:37:34,871 | WARNING |    ⚠ Blocked (403) retry 2
2026-08-11 23:37:34,944 | INFO | 🌐 Session warmed
2026-08-11 23:37:35,713 | INFO |    ↳ Status 200
2026-08-11 23:37:35,713 | INFO |    ✓ Found 8 movies
2026-08-11 23:37:35,713 | INFO | [772/1901] Fetching Kalna (KALN)
2026-08-11 23:37:36,427 | INFO | [773/1901] Fetching Kalol (Gandhinagar) (KALG)
2026-08-11 23:37:37,259 | INFO | [774/1901] Fetching Kalol (Panchmahal) (PANH)
2026-08-11 23:37:37,268 | INFO |    ↳ Status 200
2026-08-11 23:37:37,268 | INFO |    ✓ Found 8 movies
2026-08-11 23:37:37,268 | INFO | [775/1901] Fetching Kalwakurthy (KALW)
2026-08-11 23:37:37,524 | INFO |    ↳ Status 403
2026-08-11 23:37:37,524 | WARNING |    ⚠ Blocked (403) retry 1
2026-08-11 23:37:37,619 | INFO | 🌐 Session warmed
2026-08-11 23:37:38,189 | INFO |    ↳ Status 403
2026-08-11 23:37:38,189 | WARNING |    ⚠ Blocked (403) retry 3
2026-08-11 23:37:38,267 | INFO | 🌐 Session warmed
2026-08-11 23:37:38,313 | INFO |    ↳ Status 200
2026-08-11 23:37:38,314 | INFO |    ✓ Found 8 movies
2026-08-11 23:37:38,314 | INFO | [776/1901] Fetching Kalyani (KALY)
2026-08-11 23:37:38,636 | INFO |    ↳ Status 403
2026-08-11 23:37:38,636 | WARNING |    ⚠ Blocked (403) retry 1
2026-08-11 23:37:38,726 | INFO | 🌐 Session warmed
2026-08-11 23:37:39,268 | INFO |    ↳ Status 403
2026-08-11 23:37:39,268 | WARNING |    ⚠ Blocked (403) retry 2
2026-08-11 23:37:39,368 | INFO | 🌐 Session warmed
2026-08-11 23:37:39,594 | INFO |    ↳ Status 200
2026-08-11 23:37:39,595 | INFO |    ✓ Found 7 movies
2026-08-11 23:37:39,595 | INFO | [777/1901] Fetching Kamalaapur (KMLA)
2026-08-11 23:37:40,629 | INFO |    ↳ Status 403
2026-08-11 23:37:40,629 | WARNING |    ⚠ Blocked (403) retry 2
2026-08-11 23:37:40,656 | INFO |    ↳ Status 200
2026-08-11 23:37:40,656 | INFO |    ✓ Found 8 movies
2026-08-11 23:37:40,656 | INFO | [778/1901] Fetching Kamalapur (KMLR)
2026-08-11 23:37:40,711 | INFO | 🌐 Session warmed
2026-08-11 23:37:41,883 | INFO |    ↳ Status 200
2026-08-11 23:37:41,883 | INFO |    ✓ Found 8 movies
2026-08-11 23:37:41,884 | INFO | [779/1901] Fetching Kamanaickenpalayam (KPLA)
2026-08-11 23:37:41,995 | INFO |    ↳ Status 403
2026-08-11 23:37:41,995 | WARNING |    ⚠ Blocked (403) retry 3
2026-08-11 23:37:42,077 | INFO | 🌐 Session warmed
2026-08-11 23:37:42,268 | INFO | [780/1901] Fetching Kamareddy (KMRD)
2026-08-11 23:37:43,238 | INFO |    ↳ Status 403
2026-08-11 23:37:43,238 | WARNING |    ⚠ Blocked (403) retry 1
2026-08-11 23:37:43,271 | INFO |    ↳ Status 200
2026-08-11 23:37:43,271 | INFO |    ✓ Found 8 movies
2026-08-11 23:37:43,271 | INFO | [781/1901] Fetching Kamavarapukota (KPKT)
2026-08-11 23:37:43,343 | INFO | 🌐 Session warmed
2026-08-11 23:37:44,039 | INFO |    ↳ Status 403
2026-08-11 23:37:44,039 | WARNING |    ⚠ Blocked (403) retry 3
2026-08-11 23:37:44,121 | INFO | 🌐 Session warmed
2026-08-11 23:37:44,958 | INFO |    ↳ Status 200
2026-08-11 23:37:44,958 | INFO |    ✓ Found 8 movies
2026-08-11 23:37:44,958 | INFO | [782/1901] Fetching Kambainallur (KAMR)
2026-08-11 23:37:45,587 | INFO |    ↳ Status 403
2026-08-11 23:37:45,587 | WARNING |    ⚠ Blocked (403) retry 2
2026-08-11 23:37:45,663 | INFO | 🌐 Session warmed
2026-08-11 23:37:46,077 | INFO | [783/1901] Fetching Kamptee (KAMP)
2026-08-11 23:37:46,861 | INFO |    ↳ Status 403
2026-08-11 23:37:46,861 | WARNING |    ⚠ Blocked (403) retry 1
2026-08-11 23:37:46,884 | INFO |    ↳ Status 200
2026-08-11 23:37:46,884 | INFO |    ✓ Found 8 movies
2026-08-11 23:37:46,884 | INFO | [784/1901] Fetching Kamrej (KMRJ)
2026-08-11 23:37:46,938 | INFO | 🌐 Session warmed
2026-08-11 23:37:47,971 | INFO |    ↳ Status 200
2026-08-11 23:37:47,971 | INFO |    ✓ Found 8 movies
2026-08-11 23:37:47,971 | INFO | [785/1901] Fetching Kanakapura (KAKP)
2026-08-11 23:37:48,122 | INFO | [786/1901] Fetching Kanatal (KANA)
2026-08-11 23:37:48,843 | INFO |    ↳ Status 403
2026-08-11 23:37:48,843 | WARNING |    ⚠ Blocked (403) retry 3
2026-08-11 23:37:48,919 | INFO | 🌐 Session warmed
2026-08-11 23:37:48,952 | INFO |    ↳ Status 403
2026-08-11 23:37:48,952 | WARNING |    ⚠ Blocked (403) retry 1
2026-08-11 23:37:49,043 | INFO | 🌐 Session warmed
2026-08-11 23:37:49,090 | INFO |    ↳ Status 200
2026-08-11 23:37:49,090 | INFO |    ✓ Found 8 movies
2026-08-11 23:37:49,091 | INFO | [787/1901] Fetching Kanchikacherla (KNCH)
2026-08-11 23:37:49,127 | INFO |    ↳ Status 403
2026-08-11 23:37:49,127 | WARNING |    ⚠ Blocked (403) retry 2
2026-08-11 23:37:49,211 | INFO | 🌐 Session warmed
2026-08-11 23:37:50,661 | INFO |    ↳ Status 200
2026-08-11 23:37:50,661 | INFO |    ✓ Found 8 movies
2026-08-11 23:37:50,661 | INFO | [788/1901] Fetching Kanchipuram (KNPM)
2026-08-11 23:37:51,381 | INFO |    ↳ Status 403
2026-08-11 23:37:51,381 | WARNING |    ⚠ Blocked (403) retry 2
2026-08-11 23:37:51,474 | INFO | 🌐 Session warmed
2026-08-11 23:37:51,657 | INFO |    ↳ Status 200
2026-08-11 23:37:51,657 | INFO |    ✓ Found 8 movies
2026-08-11 23:37:51,658 | INFO | [789/1901] Fetching Kandamangalam (KNDM)
2026-08-11 23:37:52,444 | INFO |    ↳ Status 403
2026-08-11 23:37:52,444 | WARNING |    ⚠ Blocked (403) retry 3
2026-08-11 23:37:52,534 | INFO | 🌐 Session warmed
2026-08-11 23:37:52,646 | INFO |    ↳ Status 200
2026-08-11 23:37:52,647 | INFO |    ✓ Found 8 movies
2026-08-11 23:37:52,647 | INFO | [790/1901] Fetching Kandukur (KAND)
2026-08-11 23:37:52,919 | INFO | [791/1901] Fetching Kangayam (KGKM)
2026-08-11 23:37:53,855 | INFO |    ↳ Status 200
2026-08-11 23:37:53,855 | INFO |    ✓ Found 8 movies
2026-08-11 23:37:53,855 | INFO | [792/1901] Fetching Kangra (KANG)
2026-08-11 23:37:54,231 | INFO |    ↳ Status 403
2026-08-11 23:37:54,231 | WARNING |    ⚠ Blocked (403) retry 1
2026-08-11 23:37:54,308 | INFO | 🌐 Session warmed
2026-08-11 23:37:54,461 | INFO |    ↳ Status 403
2026-08-11 23:37:54,462 | WARNING |    ⚠ Blocked (403) retry 3
2026-08-11 23:37:54,534 | INFO | 🌐 Session warmed
2026-08-11 23:37:54,823 | INFO |    ↳ Status 200
2026-08-11 23:37:54,823 | INFO |    ✓ Found 8 movies
2026-08-11 23:37:54,824 | INFO | [793/1901] Fetching Kanhangad (KKNN)
2026-08-11 23:37:56,238 | INFO |    ↳ Status 200
2026-08-11 23:37:56,238 | INFO |    ✓ Found 8 movies
2026-08-11 23:37:56,238 | INFO | [794/1901] Fetching Kanichar (KANC)
2026-08-11 23:37:56,369 | INFO |    ↳ Status 403
2026-08-11 23:37:56,369 | WARNING |    ⚠ Blocked (403) retry 2
2026-08-11 23:37:56,458 | INFO | 🌐 Session warmed
2026-08-11 23:37:56,535 | INFO | [795/1901] Fetching Kanigiri (KANI)
2026-08-11 23:37:57,435 | INFO |    ↳ Status 403
2026-08-11 23:37:57,435 | WARNING |    ⚠ Blocked (403) retry 1
2026-08-11 23:37:57,508 | INFO | 🌐 Session warmed
2026-08-11 23:37:58,355 | INFO |    ↳ Status 200
2026-08-11 23:37:58,356 | INFO |    ✓ Found 8 movies
2026-08-11 23:37:58,356 | INFO | [796/1901] Fetching Kanipakam (KAAM)
2026-08-11 23:37:58,535 | INFO | [797/1901] Fetching Kanjirappally (KNNJ)
2026-08-11 23:37:59,175 | INFO |    ↳ Status 403
2026-08-11 23:37:59,175 | WARNING |    ⚠ Blocked (403) retry 1
2026-08-11 23:37:59,249 | INFO |    ↳ Status 403
2026-08-11 23:37:59,249 | WARNING |    ⚠ Blocked (403) retry 3
2026-08-11 23:37:59,259 | INFO | 🌐 Session warmed
2026-08-11 23:37:59,335 | INFO | 🌐 Session warmed
2026-08-11 23:37:59,510 | INFO |    ↳ Status 200
2026-08-11 23:37:59,510 | INFO |    ✓ Found 8 movies
2026-08-11 23:37:59,511 | INFO | [798/1901] Fetching Kankavli (KNKS)
2026-08-11 23:37:59,607 | INFO |    ↳ Status 403
2026-08-11 23:37:59,607 | WARNING |    ⚠ Blocked (403) retry 2
2026-08-11 23:37:59,680 | INFO | 🌐 Session warmed
2026-08-11 23:38:00,887 | INFO |    ↳ Status 200
2026-08-11 23:38:00,887 | INFO |    ✓ Found 8 movies
2026-08-11 23:38:00,887 | INFO | [799/1901] Fetching Kanker (KANK)
2026-08-11 23:38:01,120 | INFO |    ↳ Status 403
2026-08-11 23:38:01,121 | WARNING |    ⚠ Blocked (403) retry 2
2026-08-11 23:38:01,201 | INFO | 🌐 Session warmed
2026-08-11 23:38:02,743 | INFO |    ↳ Status 403
2026-08-11 23:38:02,743 | WARNING |    ⚠ Blocked (403) retry 3
2026-08-11 23:38:02,835 | INFO | 🌐 Session warmed
2026-08-11 23:38:02,903 | INFO |    ↳ Status 200
2026-08-11 23:38:02,903 | INFO |    ✓ Found 7 movies
2026-08-11 23:38:02,903 | INFO | [800/1901] Fetching Kankipadu (KADU)
2026-08-11 23:38:03,335 | INFO | [801/1901] Fetching Kankroli (KANL)
2026-08-11 23:38:04,061 | INFO |    ↳ Status 403
2026-08-11 23:38:04,061 | WARNING |    ⚠ Blocked (403) retry 1
2026-08-11 23:38:04,150 | INFO | 🌐 Session warmed
2026-08-11 23:38:04,592 | INFO |    ↳ Status 403
2026-08-11 23:38:04,592 | WARNING |    ⚠ Blocked (403) retry 3
2026-08-11 23:38:04,622 | INFO |    ↳ Status 200
2026-08-11 23:38:04,623 | INFO |    ✓ Found 8 movies
2026-08-11 23:38:04,623 | INFO | [802/1901] Fetching Kannauj (KANJ)
2026-08-11 23:38:04,663 | INFO | 🌐 Session warmed
2026-08-11 23:38:05,770 | INFO |    ↳ Status 200
2026-08-11 23:38:05,770 | INFO |    ✓ Found 8 movies
2026-08-11 23:38:05,770 | INFO | [803/1901] Fetching Kannur (KANN)
2026-08-11 23:38:06,351 | INFO |    ↳ Status 403
2026-08-11 23:38:06,351 | WARNING |    ⚠ Blocked (403) retry 2
2026-08-11 23:38:06,447 | INFO | 🌐 Session warmed
2026-08-11 23:38:06,754 | INFO |    ↳ Status 200
2026-08-11 23:38:06,755 | INFO |    ✓ Found 8 movies
2026-08-11 23:38:06,755 | INFO | [804/1901] Fetching Kanpur (KANP)
2026-08-11 23:38:06,836 | INFO | [805/1901] Fetching Kantabanji (KTBJ)
2026-08-11 23:38:07,713 | INFO |    ↳ Status 403
2026-08-11 23:38:07,713 | WARNING |    ⚠ Blocked (403) retry 1
2026-08-11 23:38:07,784 | INFO | 🌐 Session warmed
2026-08-11 23:38:08,455 | INFO |    ↳ Status 200
2026-08-11 23:38:08,455 | INFO |    ✓ Found 8 movies
2026-08-11 23:38:08,455 | INFO | [806/1901] Fetching Kanyakumari (KAKM)
2026-08-11 23:38:08,664 | INFO | [807/1901] Fetching Kapadvanj (KAPP)
2026-08-11 23:38:09,795 | INFO |    ↳ Status 403
2026-08-11 23:38:09,795 | WARNING |    ⚠ Blocked (403) retry 3
2026-08-11 23:38:09,875 | INFO | 🌐 Session warmed
2026-08-11 23:38:10,017 | INFO |    ↳ Status 403
2026-08-11 23:38:10,017 | WARNING |    ⚠ Blocked (403) retry 1
2026-08-11 23:38:10,085 | INFO | 🌐 Session warmed
2026-08-11 23:38:10,129 | INFO |    ↳ Status 200
2026-08-11 23:38:10,129 | INFO |    ✓ Found 8 movies
2026-08-11 23:38:10,129 | INFO | [808/1901] Fetching Kapurthala (IKGP)
2026-08-11 23:38:10,151 | INFO |    ↳ Status 403
2026-08-11 23:38:10,151 | WARNING |    ⚠ Blocked (403) retry 2
2026-08-11 23:38:10,245 | INFO | 🌐 Session warmed
2026-08-11 23:38:11,134 | INFO |    ↳ Status 200
2026-08-11 23:38:11,135 | INFO |    ✓ Found 8 movies
2026-08-11 23:38:11,135 | INFO | [809/1901] Fetching Karad (KARD)
2026-08-11 23:38:11,892 | INFO |    ↳ Status 403
2026-08-11 23:38:11,892 | WARNING |    ⚠ Blocked (403) retry 2
2026-08-11 23:38:11,976 | INFO | 🌐 Session warmed
2026-08-11 23:38:12,817 | INFO |    ↳ Status 200
2026-08-11 23:38:12,817 | INFO |    ✓ Found 8 movies
2026-08-11 23:38:12,817 | INFO | [810/1901] Fetching Karaikal (KARA)
2026-08-11 23:38:13,307 | INFO |    ↳ Status 403
2026-08-11 23:38:13,307 | WARNING |    ⚠ Blocked (403) retry 3
2026-08-11 23:38:13,377 | INFO | 🌐 Session warmed
2026-08-11 23:38:13,875 | INFO | [811/1901] Fetching Karambakkudi (KRBK)
2026-08-11 23:38:14,263 | INFO |    ↳ Status 200
2026-08-11 23:38:14,263 | INFO |    ✓ Found 8 movies
2026-08-11 23:38:14,263 | INFO | [812/1901] Fetching Karanja Lad (KLAD)
2026-08-11 23:38:14,861 | INFO |    ↳ Status 403
2026-08-11 23:38:14,861 | WARNING |    ⚠ Blocked (403) retry 3
2026-08-11 23:38:14,937 | INFO | 🌐 Session warmed
2026-08-11 23:38:14,958 | INFO |    ↳ Status 403
2026-08-11 23:38:14,958 | WARNING |    ⚠ Blocked (403) retry 1
2026-08-11 23:38:15,047 | INFO | 🌐 Session warmed
2026-08-11 23:38:15,707 | INFO |    ↳ Status 200
2026-08-11 23:38:15,707 | INFO |    ✓ Found 8 movies
2026-08-11 23:38:15,707 | INFO | [813/1901] Fetching Karanjia (KARJ)
2026-08-11 23:38:16,736 | INFO |    ↳ Status 200
2026-08-11 23:38:16,737 | INFO |    ✓ Found 8 movies
2026-08-11 23:38:16,737 | INFO | [814/1901] Fetching Kareli (KARE)
2026-08-11 23:38:16,920 | INFO |    ↳ Status 403
2026-08-11 23:38:16,920 | WARNING |    ⚠ Blocked (403) retry 2
2026-08-11 23:38:17,026 | INFO | 🌐 Session warmed
2026-08-11 23:38:17,377 | INFO | [815/1901] Fetching Karepalli (KRPL)
2026-08-11 23:38:18,364 | INFO |    ↳ Status 200
2026-08-11 23:38:18,364 | INFO |    ✓ Found 8 movies
2026-08-11 23:38:18,364 | INFO | [816/1901] Fetching Kargi Road (KRRD)
2026-08-11 23:38:18,503 | INFO |    ↳ Status 403
2026-08-11 23:38:18,503 | WARNING |    ⚠ Blocked (403) retry 1
2026-08-11 23:38:18,695 | INFO | 🌐 Session warmed
2026-08-11 23:38:18,938 | INFO | [817/1901] Fetching Karimangalam (KARI)
2026-08-11 23:38:19,679 | INFO |    ↳ Status 403
2026-08-11 23:38:19,679 | WARNING |    ⚠ Blocked (403) retry 1
2026-08-11 23:38:19,881 | INFO | 🌐 Session warmed
2026-08-11 23:38:19,917 | INFO |    ↳ Status 403
2026-08-11 23:38:19,917 | WARNING |    ⚠ Blocked (403) retry 3
2026-08-11 23:38:19,925 | INFO |    ↳ Status 200
2026-08-11 23:38:19,925 | INFO |    ✓ Found 7 movies
2026-08-11 23:38:19,925 | INFO | [818/1901] Fetching Karimganj (KRNJ)
2026-08-11 23:38:20,007 | INFO | 🌐 Session warmed
2026-08-11 23:38:20,915 | INFO |    ↳ Status 403
2026-08-11 23:38:20,915 | WARNING |    ⚠ Blocked (403) retry 2
2026-08-11 23:38:20,994 | INFO | 🌐 Session warmed
2026-08-11 23:38:21,446 | INFO |    ↳ Status 200
2026-08-11 23:38:21,446 | INFO |    ✓ Found 8 movies
2026-08-11 23:38:21,447 | INFO | [819/1901] Fetching Karimnagar (KARIM)
2026-08-11 23:38:21,885 | INFO |    ↳ Status 403
2026-08-11 23:38:21,885 | WARNING |    ⚠ Blocked (403) retry 2
2026-08-11 23:38:21,968 | INFO | 🌐 Session warmed
2026-08-11 23:38:22,393 | INFO |    ↳ Status 200
2026-08-11 23:38:22,394 | INFO |    ✓ Found 8 movies
2026-08-11 23:38:22,394 | INFO | [820/1901] Fetching Kariyad (KRYD)
2026-08-11 23:38:23,958 | INFO |    ↳ Status 403
2026-08-11 23:38:23,958 | WARNING |    ⚠ Blocked (403) retry 3
2026-08-11 23:38:24,007 | INFO | [821/1901] Fetching Karjat (KART)
2026-08-11 23:38:24,029 | INFO | 🌐 Session warmed
2026-08-11 23:38:24,082 | INFO |    ↳ Status 200
2026-08-11 23:38:24,082 | INFO |    ✓ Found 8 movies
2026-08-11 23:38:24,082 | INFO | [822/1901] Fetching Karkala (KARK)
2026-08-11 23:38:25,160 | INFO |    ↳ Status 403
2026-08-11 23:38:25,160 | WARNING |    ⚠ Blocked (403) retry 1
2026-08-11 23:38:25,233 | INFO | 🌐 Session warmed
2026-08-11 23:38:25,258 | INFO |    ↳ Status 403
2026-08-11 23:38:25,258 | WARNING |    ⚠ Blocked (403) retry 3
2026-08-11 23:38:25,341 | INFO | 🌐 Session warmed
2026-08-11 23:38:25,574 | INFO |    ↳ Status 200
2026-08-11 23:38:25,574 | INFO |    ✓ Found 8 movies
2026-08-11 23:38:25,574 | INFO | [823/1901] Fetching Karmala (KMML)
2026-08-11 23:38:26,871 | INFO |    ↳ Status 403
2026-08-11 23:38:26,871 | WARNING |    ⚠ Blocked (403) retry 2
2026-08-11 23:38:26,941 | INFO | 🌐 Session warmed
2026-08-11 23:38:27,293 | INFO |    ↳ Status 200
2026-08-11 23:38:27,293 | INFO |    ✓ Found 8 movies
2026-08-11 23:38:27,293 | INFO | [824/1901] Fetching Karmamthody (KRMA)
2026-08-11 23:38:28,029 | INFO | [825/1901] Fetching Karnal (KARN)
2026-08-11 23:38:28,431 | INFO |    ↳ Status 200
2026-08-11 23:38:28,431 | INFO |    ✓ Found 8 movies
2026-08-11 23:38:28,431 | INFO | [826/1901] Fetching Karunagapally (KARG)
2026-08-11 23:38:29,093 | INFO |    ↳ Status 403
2026-08-11 23:38:29,093 | WARNING |    ⚠ Blocked (403) retry 1
2026-08-11 23:38:29,159 | INFO | 🌐 Session warmed
2026-08-11 23:38:29,341 | INFO | [827/1901] Fetching Karur (KARU)
2026-08-11 23:38:29,471 | INFO |    ↳ Status 200
2026-08-11 23:38:29,471 | INFO |    ✓ Found 8 movies
2026-08-11 23:38:29,471 | INFO | [828/1901] Fetching Karwar (KWAR)
2026-08-11 23:38:29,888 | INFO |    ↳ Status 403
2026-08-11 23:38:29,888 | WARNING |    ⚠ Blocked (403) retry 3
2026-08-11 23:38:29,977 | INFO | 🌐 Session warmed
2026-08-11 23:38:30,575 | INFO |    ↳ Status 403
2026-08-11 23:38:30,575 | WARNING |    ⚠ Blocked (403) retry 1
2026-08-11 23:38:30,657 | INFO | 🌐 Session warmed
2026-08-11 23:38:31,278 | INFO |    ↳ Status 200
2026-08-11 23:38:31,278 | INFO |    ✓ Found 8 movies
2026-08-11 23:38:31,278 | INFO | [829/1901] Fetching Kasaragod (KASA)
2026-08-11 23:38:31,280 | INFO |    ↳ Status 403
2026-08-11 23:38:31,280 | WARNING |    ⚠ Blocked (403) retry 2
2026-08-11 23:38:31,353 | INFO | 🌐 Session warmed
2026-08-11 23:38:33,025 | INFO |    ↳ Status 403
2026-08-11 23:38:33,025 | WARNING |    ⚠ Blocked (403) retry 2
2026-08-11 23:38:33,110 | INFO | 🌐 Session warmed
2026-08-11 23:38:33,361 | INFO |    ↳ Status 200
2026-08-11 23:38:33,361 | INFO |    ✓ Found 8 movies
2026-08-11 23:38:33,361 | INFO | [830/1901] Fetching Kasdol (KASD)
2026-08-11 23:38:33,978 | INFO | [831/1901] Fetching Kasganj (KASG)
2026-08-11 23:38:34,647 | INFO |    ↳ Status 403
2026-08-11 23:38:34,647 | WARNING |    ⚠ Blocked (403) retry 3
2026-08-11 23:38:34,740 | INFO | 🌐 Session warmed
2026-08-11 23:38:34,741 | INFO |    ↳ Status 403
2026-08-11 23:38:34,742 | WARNING |    ⚠ Blocked (403) retry 1
2026-08-11 23:38:34,820 | INFO | 🌐 Session warmed
2026-08-11 23:38:34,983 | INFO |    ↳ Status 200
2026-08-11 23:38:34,983 | INFO |    ✓ Found 7 movies
2026-08-11 23:38:34,983 | INFO | [832/1901] Fetching Kashig (KSHG)
2026-08-11 23:38:36,244 | INFO |    ↳ Status 403
2026-08-11 23:38:36,245 | WARNING |    ⚠ Blocked (403) retry 3
2026-08-11 23:38:36,328 | INFO | 🌐 Session warmed
2026-08-11 23:38:36,501 | INFO |    ↳ Status 200
2026-08-11 23:38:36,501 | INFO |    ✓ Found 8 movies
2026-08-11 23:38:36,502 | INFO | [833/1901] Fetching Kashipur (KASH)
2026-08-11 23:38:37,021 | INFO |    ↳ Status 403
2026-08-11 23:38:37,021 | WARNING |    ⚠ Blocked (403) retry 2
2026-08-11 23:38:37,093 | INFO | 🌐 Session warmed
2026-08-11 23:38:38,071 | INFO |    ↳ Status 200
2026-08-11 23:38:38,072 | INFO |    ✓ Found 8 movies
2026-08-11 23:38:38,072 | INFO | [834/1901] Fetching Kashti (KAST)
2026-08-11 23:38:38,740 | INFO | [835/1901] Fetching Kasibugga (KSBG)
2026-08-11 23:38:39,485 | INFO |    ↳ Status 200
2026-08-11 23:38:39,485 | INFO |    ✓ Found 8 movies
2026-08-11 23:38:39,486 | INFO | [836/1901] Fetching Katghora (KATG)
2026-08-11 23:38:39,557 | INFO |    ↳ Status 403
2026-08-11 23:38:39,557 | WARNING |    ⚠ Blocked (403) retry 1
2026-08-11 23:38:39,645 | INFO | 🌐 Session warmed
2026-08-11 23:38:40,282 | INFO |    ↳ Status 403
2026-08-11 23:38:40,282 | WARNING |    ⚠ Blocked (403) retry 3
2026-08-11 23:38:40,329 | INFO | [837/1901] Fetching Kathipudi (KATP)
2026-08-11 23:38:40,372 | INFO | 🌐 Session warmed
2026-08-11 23:38:40,782 | INFO |    ↳ Status 200
2026-08-11 23:38:40,783 | INFO |    ✓ Found 8 movies
2026-08-11 23:38:40,783 | INFO | [838/1901] Fetching Kathmandu (KATM)
2026-08-11 23:38:41,242 | INFO |    ↳ Status 403
2026-08-11 23:38:41,242 | WARNING |    ⚠ Blocked (403) retry 1
2026-08-11 23:38:41,318 | INFO | 🌐 Session warmed
2026-08-11 23:38:41,765 | INFO |    ↳ Status 403
2026-08-11 23:38:41,765 | WARNING |    ⚠ Blocked (403) retry 2
2026-08-11 23:38:41,853 | INFO | 🌐 Session warmed
2026-08-11 23:38:42,097 | INFO |    ↳ Status 200
2026-08-11 23:38:42,097 | INFO |    ✓ Found 3 movies
2026-08-11 23:38:42,097 | INFO | [839/1901] Fetching Kathua (KATH)
2026-08-11 23:38:43,374 | INFO |    ↳ Status 403
2026-08-11 23:38:43,374 | WARNING |    ⚠ Blocked (403) retry 2
2026-08-11 23:38:43,412 | INFO |    ↳ Status 200
2026-08-11 23:38:43,412 | INFO |    ✓ Found 8 movies
2026-08-11 23:38:43,412 | INFO | [840/1901] Fetching Katihar (KATI)
2026-08-11 23:38:43,447 | INFO | 🌐 Session warmed
2026-08-11 23:38:44,373 | INFO | [841/1901] Fetching Katni (KATN)
2026-08-11 23:38:44,841 | INFO |    ↳ Status 403
2026-08-11 23:38:44,842 | WARNING |    ⚠ Blocked (403) retry 3
2026-08-11 23:38:44,915 | INFO | 🌐 Session warmed
2026-08-11 23:38:45,125 | INFO |    ↳ Status 200
2026-08-11 23:38:45,125 | INFO |    ✓ Found 8 movies
2026-08-11 23:38:45,125 | INFO | [842/1901] Fetching Katra (KATR)
2026-08-11 23:38:45,527 | INFO |    ↳ Status 403
2026-08-11 23:38:45,527 | WARNING |    ⚠ Blocked (403) retry 1
2026-08-11 23:38:45,614 | INFO | 🌐 Session warmed
2026-08-11 23:38:46,296 | INFO |    ↳ Status 403
2026-08-11 23:38:46,296 | WARNING |    ⚠ Blocked (403) retry 3
2026-08-11 23:38:46,381 | INFO | 🌐 Session warmed
2026-08-11 23:38:47,571 | INFO |    ↳ Status 200
2026-08-11 23:38:47,571 | INFO |    ✓ Found 8 movies
2026-08-11 23:38:47,571 | INFO | [843/1901] Fetching Katrenikona (KTRN)
2026-08-11 23:38:47,598 | INFO |    ↳ Status 403
2026-08-11 23:38:47,598 | WARNING |    ⚠ Blocked (403) retry 2
2026-08-11 23:38:47,670 | INFO | 🌐 Session warmed
2026-08-11 23:38:48,608 | INFO |    ↳ Status 200
2026-08-11 23:38:48,609 | INFO |    ✓ Found 8 movies
2026-08-11 23:38:48,609 | INFO | [844/1901] Fetching Kattappana (AWCK)
2026-08-11 23:38:48,916 | INFO | [845/1901] Fetching Katwa (KATW)
2026-08-11 23:38:49,824 | INFO |    ↳ Status 403
2026-08-11 23:38:49,824 | WARNING |    ⚠ Blocked (403) retry 1
2026-08-11 23:38:49,919 | INFO | 🌐 Session warmed
2026-08-11 23:38:50,208 | INFO |    ↳ Status 200
2026-08-11 23:38:50,208 | INFO |    ✓ Found 8 movies
2026-08-11 23:38:50,209 | INFO | [846/1901] Fetching Kavali (KVLI)
2026-08-11 23:38:50,381 | INFO | [847/1901] Fetching Kaveripattinam (KANM)
2026-08-11 23:38:50,601 | INFO |    ↳ Status 403
2026-08-11 23:38:50,602 | WARNING |    ⚠ Blocked (403) retry 3
2026-08-11 23:38:50,680 | INFO | 🌐 Session warmed
2026-08-11 23:38:51,322 | INFO |    ↳ Status 403
2026-08-11 23:38:51,322 | WARNING |    ⚠ Blocked (403) retry 1
2026-08-11 23:38:51,409 | INFO | 🌐 Session warmed
2026-08-11 23:38:51,517 | INFO |    ↳ Status 200
2026-08-11 23:38:51,517 | INFO |    ✓ Found 8 movies
2026-08-11 23:38:51,518 | INFO | [848/1901] Fetching Kaviti (KAVT)
2026-08-11 23:38:52,092 | INFO |    ↳ Status 403
2026-08-11 23:38:52,092 | WARNING |    ⚠ Blocked (403) retry 2
2026-08-11 23:38:52,158 | INFO | 🌐 Session warmed
2026-08-11 23:38:53,096 | INFO |    ↳ Status 200
2026-08-11 23:38:53,096 | INFO |    ✓ Found 8 movies
2026-08-11 23:38:53,097 | INFO | [849/1901] Fetching Kawardha (KAWA)
2026-08-11 23:38:53,306 | INFO |    ↳ Status 403
2026-08-11 23:38:53,306 | WARNING |    ⚠ Blocked (403) retry 2
2026-08-11 23:38:53,375 | INFO | 🌐 Session warmed
2026-08-11 23:38:54,355 | INFO |    ↳ Status 200
2026-08-11 23:38:54,355 | INFO |    ✓ Found 7 movies
2026-08-11 23:38:54,355 | INFO | [850/1901] Fetching Kayamkulam (KAYA)
2026-08-11 23:38:54,681 | INFO | [851/1901] Fetching Kazhakkoottam (KAZK)
2026-08-11 23:38:54,924 | INFO |    ↳ Status 403
2026-08-11 23:38:54,924 | WARNING |    ⚠ Blocked (403) retry 3
2026-08-11 23:38:55,013 | INFO | 🌐 Session warmed
2026-08-11 23:38:55,837 | INFO |    ↳ Status 403
2026-08-11 23:38:55,837 | WARNING |    ⚠ Blocked (403) retry 1
2026-08-11 23:38:55,917 | INFO | 🌐 Session warmed
2026-08-11 23:38:56,309 | INFO |    ↳ Status 200
2026-08-11 23:38:56,309 | INFO |    ✓ Found 8 movies
2026-08-11 23:38:56,309 | INFO | [852/1901] Fetching Kazipet (KAZI)
2026-08-11 23:38:56,633 | INFO |    ↳ Status 403
2026-08-11 23:38:56,634 | WARNING |    ⚠ Blocked (403) retry 3
2026-08-11 23:38:56,714 | INFO | 🌐 Session warmed
2026-08-11 23:38:57,855 | INFO |    ↳ Status 403
2026-08-11 23:38:57,855 | WARNING |    ⚠ Blocked (403) retry 2
2026-08-11 23:38:57,862 | INFO |    ↳ Status 200
2026-08-11 23:38:57,862 | INFO |    ✓ Found 8 movies
2026-08-11 23:38:57,862 | INFO | [853/1901] Fetching Kekri (KEKR)
2026-08-11 23:38:57,958 | INFO | 🌐 Session warmed
2026-08-11 23:38:59,013 | INFO | [854/1901] Fetching Kendrapara (KNDR)
2026-08-11 23:39:00,334 | INFO |    ↳ Status 403
2026-08-11 23:39:00,334 | WARNING |    ⚠ Blocked (403) retry 1
2026-08-11 23:39:00,390 | INFO |    ↳ Status 200
2026-08-11 23:39:00,390 | INFO |    ✓ Found 8 movies
2026-08-11 23:39:00,390 | INFO | [855/1901] Fetching Keonjhar (KNJH)
2026-08-11 23:39:00,441 | INFO | 🌐 Session warmed
2026-08-11 23:39:00,715 | INFO | [856/1901] Fetching Kesamudram (KESA)
2026-08-11 23:39:01,368 | INFO |    ↳ Status 403
2026-08-11 23:39:01,368 | WARNING |    ⚠ Blocked (403) retry 3
2026-08-11 23:39:01,391 | INFO |    ↳ Status 200
2026-08-11 23:39:01,391 | INFO |    ✓ Found 8 movies
2026-08-11 23:39:01,391 | INFO | [857/1901] Fetching Kesinga (KEGA)
2026-08-11 23:39:01,459 | INFO | 🌐 Session warmed
2026-08-11 23:39:01,741 | INFO |    ↳ Status 403
2026-08-11 23:39:01,741 | WARNING |    ⚠ Blocked (403) retry 1
2026-08-11 23:39:01,836 | INFO | 🌐 Session warmed
2026-08-11 23:39:02,673 | INFO |    ↳ Status 403
2026-08-11 23:39:02,673 | WARNING |    ⚠ Blocked (403) retry 2
2026-08-11 23:39:02,754 | INFO | 🌐 Session warmed
2026-08-11 23:39:02,962 | INFO |    ↳ Status 200
2026-08-11 23:39:02,962 | INFO |    ✓ Found 8 movies
2026-08-11 23:39:02,962 | INFO | [858/1901] Fetching Kevadia (KEVA)
2026-08-11 23:39:04,033 | INFO |    ↳ Status 200
2026-08-11 23:39:04,033 | INFO |    ✓ Found 8 movies
2026-08-11 23:39:04,033 | INFO | [859/1901] Fetching Khachrod (KHCU)
2026-08-11 23:39:04,133 | INFO |    ↳ Status 403
2026-08-11 23:39:04,133 | WARNING |    ⚠ Blocked (403) retry 2
2026-08-11 23:39:04,220 | INFO | 🌐 Session warmed
2026-08-11 23:39:05,289 | INFO |    ↳ Status 200
2026-08-11 23:39:05,289 | INFO |    ✓ Found 8 movies
2026-08-11 23:39:05,290 | INFO | [860/1901] Fetching Khadda (KADA)
2026-08-11 23:39:05,460 | INFO | [861/1901] Fetching Khajani (KHAI)
2026-08-11 23:39:05,759 | INFO |    ↳ Status 403
2026-08-11 23:39:05,759 | WARNING |    ⚠ Blocked (403) retry 3
2026-08-11 23:39:05,835 | INFO | 🌐 Session warmed
2026-08-11 23:39:06,438 | INFO |    ↳ Status 403
2026-08-11 23:39:06,439 | WARNING |    ⚠ Blocked (403) retry 1
2026-08-11 23:39:06,522 | INFO | 🌐 Session warmed
2026-08-11 23:39:07,001 | INFO |    ↳ Status 200
2026-08-11 23:39:07,001 | INFO |    ✓ Found 8 movies
2026-08-11 23:39:07,001 | INFO | [862/1901] Fetching Khajipet (KHAJ)
2026-08-11 23:39:07,352 | INFO |    ↳ Status 403
2026-08-11 23:39:07,352 | WARNING |    ⚠ Blocked (403) retry 3
2026-08-11 23:39:07,426 | INFO | 🌐 Session warmed
2026-08-11 23:39:08,519 | INFO |    ↳ Status 403
2026-08-11 23:39:08,519 | WARNING |    ⚠ Blocked (403) retry 2
2026-08-11 23:39:08,580 | INFO |    ↳ Status 200
2026-08-11 23:39:08,580 | INFO |    ✓ Found 8 movies
2026-08-11 23:39:08,580 | INFO | [863/1901] Fetching Khajuraho (KHRH)
2026-08-11 23:39:08,598 | INFO | 🌐 Session warmed
2026-08-11 23:39:09,683 | INFO |    ↳ Status 200
2026-08-11 23:39:09,683 | INFO |    ✓ Found 8 movies
2026-08-11 23:39:09,684 | INFO | [864/1901] Fetching Khalilabad (KHBD)
2026-08-11 23:39:09,835 | INFO | [865/1901] Fetching Khambhat (KHBH)
2026-08-11 23:39:10,997 | INFO |    ↳ Status 403
2026-08-11 23:39:10,997 | WARNING |    ⚠ Blocked (403) retry 1
2026-08-11 23:39:11,104 | INFO | 🌐 Session warmed
2026-08-11 23:39:11,162 | INFO |    ↳ Status 200
2026-08-11 23:39:11,163 | INFO |    ✓ Found 8 movies
2026-08-11 23:39:11,163 | INFO | [866/1901] Fetching Khamgaon (KHMG)
2026-08-11 23:39:11,426 | INFO | [867/1901] Fetching Khammam (KHAM)
2026-08-11 23:39:11,949 | INFO |    ↳ Status 403
2026-08-11 23:39:11,949 | WARNING |    ⚠ Blocked (403) retry 3
2026-08-11 23:39:12,034 | INFO | 🌐 Session warmed
2026-08-11 23:39:12,073 | INFO |    ↳ Status 403
2026-08-11 23:39:12,073 | WARNING |    ⚠ Blocked (403) retry 1
2026-08-11 23:39:12,150 | INFO | 🌐 Session warmed
2026-08-11 23:39:12,792 | INFO |    ↳ Status 200
2026-08-11 23:39:12,792 | INFO |    ✓ Found 8 movies
2026-08-11 23:39:12,793 | INFO | [868/1901] Fetching Khanapur (KHPR)
2026-08-11 23:39:12,834 | INFO |    ↳ Status 403
2026-08-11 23:39:12,834 | WARNING |    ⚠ Blocked (403) retry 2
2026-08-11 23:39:12,918 | INFO | 🌐 Session warmed
2026-08-11 23:39:14,027 | INFO |    ↳ Status 200
2026-08-11 23:39:14,027 | INFO |    ✓ Found 8 movies
2026-08-11 23:39:14,027 | INFO | [869/1901] Fetching Khandela (KHND)
2026-08-11 23:39:14,553 | INFO |    ↳ Status 403
2026-08-11 23:39:14,553 | WARNING |    ⚠ Blocked (403) retry 2
2026-08-11 23:39:14,644 | INFO | 🌐 Session warmed
2026-08-11 23:39:15,677 | INFO |    ↳ Status 200
2026-08-11 23:39:15,677 | INFO |    ✓ Found 8 movies
2026-08-11 23:39:15,677 | INFO | [870/1901] Fetching Khandwa (KHDW)
2026-08-11 23:39:16,035 | INFO | [871/1901] Fetching Khanna (KHAN)
2026-08-11 23:39:16,148 | INFO |    ↳ Status 403
2026-08-11 23:39:16,148 | WARNING |    ⚠ Blocked (403) retry 3
2026-08-11 23:39:16,217 | INFO | 🌐 Session warmed
2026-08-11 23:39:16,773 | INFO |    ↳ Status 200
2026-08-11 23:39:16,774 | INFO |    ✓ Found 8 movies
2026-08-11 23:39:16,774 | INFO | [872/1901] Fetching Kharagpur (KGPR)
2026-08-11 23:39:17,057 | INFO |    ↳ Status 403
2026-08-11 23:39:17,057 | WARNING |    ⚠ Blocked (403) retry 1
2026-08-11 23:39:17,151 | INFO | 🌐 Session warmed
2026-08-11 23:39:17,318 | INFO |    ↳ Status 403
2026-08-11 23:39:17,318 | WARNING |    ⚠ Blocked (403) retry 3
2026-08-11 23:39:17,388 | INFO | 🌐 Session warmed
2026-08-11 23:39:18,515 | INFO |    ↳ Status 200
2026-08-11 23:39:18,515 | INFO |    ✓ Found 7 movies
2026-08-11 23:39:18,515 | INFO | [873/1901] Fetching Kharghar (KHAG)
2026-08-11 23:39:19,238 | INFO |    ↳ Status 403
2026-08-11 23:39:19,239 | WARNING |    ⚠ Blocked (403) retry 2
2026-08-11 23:39:19,314 | INFO | 🌐 Session warmed
2026-08-11 23:39:19,681 | INFO |    ↳ Status 200
2026-08-11 23:39:19,681 | INFO |    ✓ Found 8 movies
2026-08-11 23:39:19,681 | INFO | [874/1901] Fetching Khargone (KHAR)
2026-08-11 23:39:20,217 | INFO | [875/1901] Fetching Khariar Road (KHRR)
2026-08-11 23:39:21,070 | INFO |    ↳ Status 200
2026-08-11 23:39:21,070 | INFO |    ✓ Found 8 movies
2026-08-11 23:39:21,070 | INFO | [876/1901] Fetching Kharsia (KHAS)
2026-08-11 23:39:21,193 | INFO |    ↳ Status 403
2026-08-11 23:39:21,193 | WARNING |    ⚠ Blocked (403) retry 1
2026-08-11 23:39:21,280 | INFO | 🌐 Session warmed
2026-08-11 23:39:21,388 | INFO | [877/1901] Fetching Khategaon (KTEG)
2026-08-11 23:39:22,036 | INFO |    ↳ Status 403
2026-08-11 23:39:22,036 | WARNING |    ⚠ Blocked (403) retry 3
2026-08-11 23:39:22,120 | INFO | 🌐 Session warmed
2026-08-11 23:39:22,164 | INFO |    ↳ Status 403
2026-08-11 23:39:22,165 | WARNING |    ⚠ Blocked (403) retry 1
2026-08-11 23:39:22,248 | INFO | 🌐 Session warmed
2026-08-11 23:39:22,386 | INFO |    ↳ Status 200
2026-08-11 23:39:22,386 | INFO |    ✓ Found 7 movies
2026-08-11 23:39:22,386 | INFO | [878/1901] Fetching Khatima (KHTM)
2026-08-11 23:39:23,503 | INFO |    ↳ Status 403
2026-08-11 23:39:23,503 | WARNING |    ⚠ Blocked (403) retry 2
2026-08-11 23:39:23,567 | INFO | 🌐 Session warmed
2026-08-11 23:39:24,010 | INFO |    ↳ Status 200
2026-08-11 23:39:24,011 | INFO |    ✓ Found 8 movies
2026-08-11 23:39:24,011 | INFO | [879/1901] Fetching Khatta (KHAT)
2026-08-11 23:39:24,495 | INFO |    ↳ Status 403
2026-08-11 23:39:24,495 | WARNING |    ⚠ Blocked (403) retry 2
2026-08-11 23:39:24,579 | INFO | 🌐 Session warmed
2026-08-11 23:39:25,919 | INFO |    ↳ Status 200
2026-08-11 23:39:25,919 | INFO |    ✓ Found 8 movies
2026-08-11 23:39:25,920 | INFO | [880/1901] Fetching Khed (KHED)
2026-08-11 23:39:26,121 | INFO | [881/1901] Fetching Kheda (KHDA)
2026-08-11 23:39:26,517 | INFO |    ↳ Status 403
2026-08-11 23:39:26,517 | WARNING |    ⚠ Blocked (403) retry 3
2026-08-11 23:39:26,617 | INFO | 🌐 Session warmed
2026-08-11 23:39:26,913 | INFO |    ↳ Status 200
2026-08-11 23:39:26,913 | INFO |    ✓ Found 8 movies
2026-08-11 23:39:26,913 | INFO | [882/1901] Fetching Khedbrahma (KHMA)
2026-08-11 23:39:27,256 | INFO |    ↳ Status 403
2026-08-11 23:39:27,256 | WARNING |    ⚠ Blocked (403) retry 1
2026-08-11 23:39:27,343 | INFO | 🌐 Session warmed
2026-08-11 23:39:27,864 | INFO |    ↳ Status 403
2026-08-11 23:39:27,864 | WARNING |    ⚠ Blocked (403) retry 3
2026-08-11 23:39:27,952 | INFO | 🌐 Session warmed
2026-08-11 23:39:28,490 | INFO |    ↳ Status 200
2026-08-11 23:39:28,490 | INFO |    ✓ Found 8 movies
2026-08-11 23:39:28,490 | INFO | [883/1901] Fetching Khila (KHIL)
2026-08-11 23:39:29,498 | INFO |    ↳ Status 403
2026-08-11 23:39:29,498 | WARNING |    ⚠ Blocked (403) retry 2
2026-08-11 23:39:29,562 | INFO | 🌐 Session warmed
2026-08-11 23:39:30,111 | INFO |    ↳ Status 200
2026-08-11 23:39:30,112 | INFO |    ✓ Found 8 movies
2026-08-11 23:39:30,112 | INFO | [884/1901] Fetching Khopoli (KHOP)
2026-08-11 23:39:30,618 | INFO | [885/1901] Fetching Khowai (KHOW)
2026-08-11 23:39:31,483 | INFO |    ↳ Status 200
2026-08-11 23:39:31,483 | INFO |    ✓ Found 8 movies
2026-08-11 23:39:31,483 | INFO | [886/1901] Fetching Khurja (KHUR)
2026-08-11 23:39:31,702 | INFO |    ↳ Status 403
2026-08-11 23:39:31,702 | WARNING |    ⚠ Blocked (403) retry 1
2026-08-11 23:39:31,772 | INFO | 🌐 Session warmed
2026-08-11 23:39:31,953 | INFO | [887/1901] Fetching Kichha (KCHA)
2026-08-11 23:39:32,345 | INFO |    ↳ Status 403
2026-08-11 23:39:32,345 | WARNING |    ⚠ Blocked (403) retry 3
2026-08-11 23:39:32,425 | INFO | 🌐 Session warmed
2026-08-11 23:39:32,895 | INFO |    ↳ Status 200
2026-08-11 23:39:32,896 | INFO |    ✓ Found 8 movies
2026-08-11 23:39:32,896 | INFO | [888/1901] Fetching Kim (KIMG)
2026-08-11 23:39:33,311 | INFO |    ↳ Status 403
2026-08-11 23:39:33,311 | WARNING |    ⚠ Blocked (403) retry 1
2026-08-11 23:39:33,388 | INFO | 🌐 Session warmed
2026-08-11 23:39:33,947 | INFO |    ↳ Status 403
2026-08-11 23:39:33,947 | WARNING |    ⚠ Blocked (403) retry 2
2026-08-11 23:39:33,984 | INFO |    ↳ Status 200
2026-08-11 23:39:33,984 | INFO |    ✓ Found 8 movies
2026-08-11 23:39:33,984 | INFO | [889/1901] Fetching Kinathukadavu (KIAV)
2026-08-11 23:39:34,021 | INFO | 🌐 Session warmed
2026-08-11 23:39:35,080 | INFO |    ↳ Status 200
2026-08-11 23:39:35,080 | INFO |    ✓ Found 8 movies
2026-08-11 23:39:35,080 | INFO | [890/1901] Fetching Kinnaur (KNRU)
2026-08-11 23:39:35,181 | INFO |    ↳ Status 403
2026-08-11 23:39:35,181 | WARNING |    ⚠ Blocked (403) retry 2
2026-08-11 23:39:35,263 | INFO | 🌐 Session warmed
2026-08-11 23:39:36,159 | INFO |    ↳ Status 200
2026-08-11 23:39:36,159 | INFO |    ✓ Found 8 movies
2026-08-11 23:39:36,159 | INFO | [891/1901] Fetching Kirlampudi (KIDI)
2026-08-11 23:39:36,425 | INFO | [892/1901] Fetching Kishanganj (KSGJ)
2026-08-11 23:39:36,708 | INFO |    ↳ Status 403
2026-08-11 23:39:36,708 | WARNING |    ⚠ Blocked (403) retry 3
2026-08-11 23:39:36,786 | INFO | 🌐 Session warmed
2026-08-11 23:39:37,275 | INFO |    ↳ Status 403
2026-08-11 23:39:37,275 | WARNING |    ⚠ Blocked (403) retry 1
2026-08-11 23:39:37,353 | INFO | 🌐 Session warmed
2026-08-11 23:39:37,904 | INFO |    ↳ Status 200
2026-08-11 23:39:37,904 | INFO |    ✓ Found 8 movies
2026-08-11 23:39:37,904 | INFO | [893/1901] Fetching Kishangarh (KISH)
2026-08-11 23:39:38,653 | INFO |    ↳ Status 403
2026-08-11 23:39:38,654 | WARNING |    ⚠ Blocked (403) retry 3
2026-08-11 23:39:38,736 | INFO | 🌐 Session warmed
2026-08-11 23:39:39,489 | INFO |    ↳ Status 200
2026-08-11 23:39:39,490 | INFO |    ✓ Found 8 movies
2026-08-11 23:39:39,490 | INFO | [894/1901] Fetching Kodad (KODA)
2026-08-11 23:39:39,584 | INFO |    ↳ Status 403
2026-08-11 23:39:39,584 | WARNING |    ⚠ Blocked (403) retry 2
2026-08-11 23:39:39,653 | INFO | 🌐 Session warmed
2026-08-11 23:39:40,786 | INFO | [895/1901] Fetching Kodagu (Coorg) (COOR)
2026-08-11 23:39:40,979 | INFO |    ↳ Status 200
2026-08-11 23:39:40,979 | INFO |    ✓ Found 8 movies
2026-08-11 23:39:40,979 | INFO | [896/1901] Fetching Kodaikanal (KODI)
2026-08-11 23:39:42,046 | INFO |    ↳ Status 403
2026-08-11 23:39:42,046 | WARNING |    ⚠ Blocked (403) retry 1
2026-08-11 23:39:42,093 | INFO |    ↳ Status 200
2026-08-11 23:39:42,093 | INFO |    ✓ Found 8 movies
2026-08-11 23:39:42,094 | INFO | [897/1901] Fetching Kodakara (KDKR)
2026-08-11 23:39:42,120 | INFO | 🌐 Session warmed
2026-08-11 23:39:42,487 | INFO |    ↳ Status 403
2026-08-11 23:39:42,487 | WARNING |    ⚠ Blocked (403) retry 3
2026-08-11 23:39:42,590 | INFO | 🌐 Session warmed
2026-08-11 23:39:42,736 | INFO | [898/1901] Fetching Kodaly (KOLY)
2026-08-11 23:39:43,547 | INFO |    ↳ Status 403
2026-08-11 23:39:43,547 | WARNING |    ⚠ Blocked (403) retry 1
2026-08-11 23:39:43,620 | INFO | 🌐 Session warmed
2026-08-11 23:39:43,737 | INFO |    ↳ Status 200
2026-08-11 23:39:43,737 | INFO |    ✓ Found 8 movies
2026-08-11 23:39:43,737 | INFO | [899/1901] Fetching Koderma (KODZ)
2026-08-11 23:39:44,183 | INFO |    ↳ Status 403
2026-08-11 23:39:44,183 | WARNING |    ⚠ Blocked (403) retry 2
2026-08-11 23:39:44,278 | INFO | 🌐 Session warmed
2026-08-11 23:39:45,291 | INFO |    ↳ Status 200
2026-08-11 23:39:45,292 | INFO |    ✓ Found 8 movies
2026-08-11 23:39:45,292 | INFO | [900/1901] Fetching Kodumur (KODM)
2026-08-11 23:39:45,891 | INFO |    ↳ Status 403
2026-08-11 23:39:45,891 | WARNING |    ⚠ Blocked (403) retry 2
2026-08-11 23:39:45,966 | INFO | 🌐 Session warmed
2026-08-11 23:39:46,590 | INFO | [901/1901] Fetching Kodumuru (KODM)
2026-08-11 23:39:46,698 | INFO |    ↳ Status 200
2026-08-11 23:39:46,698 | INFO |    ✓ Found 8 movies
2026-08-11 23:39:46,698 | INFO | [902/1901] Fetching Kodungallur (KODU)
2026-08-11 23:39:47,275 | INFO |    ↳ Status 403
2026-08-11 23:39:47,275 | WARNING |    ⚠ Blocked (403) retry 3
2026-08-11 23:39:47,335 | INFO |    ↳ Status 403
2026-08-11 23:39:47,335 | WARNING |    ⚠ Blocked (403) retry 1
2026-08-11 23:39:47,364 | INFO | 🌐 Session warmed
2026-08-11 23:39:47,404 | INFO | 🌐 Session warmed
2026-08-11 23:39:47,801 | INFO |    ↳ Status 200
2026-08-11 23:39:47,802 | INFO |    ✓ Found 8 movies
2026-08-11 23:39:47,802 | INFO | [903/1901] Fetching Kohima (KOHI)
2026-08-11 23:39:48,971 | INFO |    ↳ Status 403
2026-08-11 23:39:48,971 | WARNING |    ⚠ Blocked (403) retry 3
2026-08-11 23:39:49,059 | INFO | 🌐 Session warmed
2026-08-11 23:39:49,324 | INFO |    ↳ Status 200
2026-08-11 23:39:49,324 | INFO |    ✓ Found 4 movies
2026-08-11 23:39:49,324 | INFO | [904/1901] Fetching Koilkuntla (KOIL)
2026-08-11 23:39:49,634 | INFO |    ↳ Status 403
2026-08-11 23:39:49,634 | WARNING |    ⚠ Blocked (403) retry 2
2026-08-11 23:39:49,727 | INFO | 🌐 Session warmed
2026-08-11 23:39:50,282 | INFO |    ↳ Status 200
2026-08-11 23:39:50,282 | INFO |    ✓ Found 8 movies
2026-08-11 23:39:50,282 | INFO | [905/1901] Fetching Kokrajhar (KKJR)
2026-08-11 23:39:51,305 | INFO |    ↳ Status 200
2026-08-11 23:39:51,305 | INFO |    ✓ Found 8 movies
2026-08-11 23:39:51,305 | INFO | [906/1901] Fetching Kolar (OLAR)
2026-08-11 23:39:51,364 | INFO | [907/1901] Fetching Kolhapur (KOLH)
2026-08-11 23:39:52,087 | INFO |    ↳ Status 403
2026-08-11 23:39:52,087 | WARNING |    ⚠ Blocked (403) retry 1
2026-08-11 23:39:52,156 | INFO | 🌐 Session warmed
2026-08-11 23:39:52,723 | INFO |    ↳ Status 403
2026-08-11 23:39:52,724 | WARNING |    ⚠ Blocked (403) retry 3
2026-08-11 23:39:52,801 | INFO | 🌐 Session warmed
2026-08-11 23:39:52,928 | INFO |    ↳ Status 200
2026-08-11 23:39:52,928 | INFO |    ✓ Found 8 movies
2026-08-11 23:39:52,928 | INFO | [908/1901] Fetching Kollam (KOLM)
2026-08-11 23:39:53,060 | INFO | [909/1901] Fetching Kollapur (KOLL)
2026-08-11 23:39:54,424 | INFO |    ↳ Status 403
2026-08-11 23:39:54,424 | WARNING |    ⚠ Blocked (403) retry 2
2026-08-11 23:39:54,427 | INFO |    ↳ Status 403
2026-08-11 23:39:54,427 | WARNING |    ⚠ Blocked (403) retry 1
2026-08-11 23:39:54,521 | INFO | 🌐 Session warmed
2026-08-11 23:39:54,545 | INFO | 🌐 Session warmed
2026-08-11 23:39:54,699 | INFO |    ↳ Status 200
2026-08-11 23:39:54,699 | INFO |    ✓ Found 8 movies
2026-08-11 23:39:54,699 | INFO | [910/1901] Fetching Kollengode (KOLE)
2026-08-11 23:39:56,564 | INFO |    ↳ Status 200
2026-08-11 23:39:56,564 | INFO |    ✓ Found 8 movies
2026-08-11 23:39:56,564 | INFO | [911/1901] Fetching Komarapalayam (KOMA)
2026-08-11 23:39:56,589 | INFO |    ↳ Status 403
2026-08-11 23:39:56,589 | WARNING |    ⚠ Blocked (403) retry 2
2026-08-11 23:39:56,673 | INFO | 🌐 Session warmed
2026-08-11 23:39:56,801 | INFO | [912/1901] Fetching Kommugudem (KOMG)
2026-08-11 23:39:57,730 | INFO |    ↳ Status 200
2026-08-11 23:39:57,730 | INFO |    ✓ Found 8 movies
2026-08-11 23:39:57,730 | INFO | [913/1901] Fetching Kondagaon (KNGN)
2026-08-11 23:39:57,739 | INFO |    ↳ Status 403
2026-08-11 23:39:57,739 | WARNING |    ⚠ Blocked (403) retry 3
2026-08-11 23:39:57,831 | INFO | 🌐 Session warmed
2026-08-11 23:39:58,048 | INFO |    ↳ Status 403
2026-08-11 23:39:58,048 | WARNING |    ⚠ Blocked (403) retry 1
2026-08-11 23:39:58,159 | INFO | 🌐 Session warmed
2026-08-11 23:39:58,729 | INFO |    ↳ Status 200
2026-08-11 23:39:58,729 | INFO |    ✓ Found 7 movies
2026-08-11 23:39:58,729 | INFO | [914/1901] Fetching Kondlahalli (KNAI)
2026-08-11 23:40:00,029 | INFO |    ↳ Status 403
2026-08-11 23:40:00,029 | WARNING |    ⚠ Blocked (403) retry 3
2026-08-11 23:40:00,098 | INFO | 🌐 Session warmed
2026-08-11 23:40:00,170 | INFO |    ↳ Status 403
2026-08-11 23:40:00,170 | WARNING |    ⚠ Blocked (403) retry 2
2026-08-11 23:40:00,267 | INFO | 🌐 Session warmed
2026-08-11 23:40:01,011 | INFO |    ↳ Status 200
2026-08-11 23:40:01,011 | INFO |    ✓ Found 8 movies
2026-08-11 23:40:01,011 | INFO | [915/1901] Fetching Konithiwada (KNTH)
2026-08-11 23:40:01,831 | INFO | [916/1901] Fetching Konni (KONI)
2026-08-11 23:40:02,639 | INFO |    ↳ Status 200
2026-08-11 23:40:02,639 | INFO |    ✓ Found 8 movies
2026-08-11 23:40:02,639 | INFO | [917/1901] Fetching Koothattukulam (KTTM)
2026-08-11 23:40:03,094 | INFO |    ↳ Status 403
2026-08-11 23:40:03,094 | WARNING |    ⚠ Blocked (403) retry 1
2026-08-11 23:40:03,179 | INFO | 🌐 Session warmed
2026-08-11 23:40:03,263 | INFO |    ↳ Status 403
2026-08-11 23:40:03,263 | WARNING |    ⚠ Blocked (403) retry 3
2026-08-11 23:40:03,365 | INFO | 🌐 Session warmed
2026-08-11 23:40:03,763 | INFO |    ↳ Status 200
2026-08-11 23:40:03,764 | INFO |    ✓ Found 8 movies
2026-08-11 23:40:03,764 | INFO | [918/1901] Fetching Kopargaon (KOPG)
2026-08-11 23:40:04,098 | INFO | [919/1901] Fetching Koppam (KOPP)
2026-08-11 23:40:04,828 | INFO |    ↳ Status 403
2026-08-11 23:40:04,828 | WARNING |    ⚠ Blocked (403) retry 2
2026-08-11 23:40:04,904 | INFO | 🌐 Session warmed
2026-08-11 23:40:05,203 | INFO |    ↳ Status 200
2026-08-11 23:40:05,203 | INFO |    ✓ Found 8 movies
2026-08-11 23:40:05,203 | INFO | [920/1901] Fetching Koraput (KOPT)
2026-08-11 23:40:05,393 | INFO |    ↳ Status 403
2026-08-11 23:40:05,393 | WARNING |    ⚠ Blocked (403) retry 1
2026-08-11 23:40:05,462 | INFO | 🌐 Session warmed
2026-08-11 23:40:06,147 | INFO |    ↳ Status 200
2026-08-11 23:40:06,147 | INFO |    ✓ Found 8 movies
2026-08-11 23:40:06,147 | INFO | [921/1901] Fetching Koratagere (ORAG)
2026-08-11 23:40:07,365 | INFO | [922/1901] Fetching Korba (KRBA)
2026-08-11 23:40:07,449 | INFO |    ↳ Status 200
2026-08-11 23:40:07,449 | INFO |    ✓ Found 8 movies
2026-08-11 23:40:07,450 | INFO | [923/1901] Fetching Korutla (KCKA)
2026-08-11 23:40:07,736 | INFO |    ↳ Status 403
2026-08-11 23:40:07,736 | WARNING |    ⚠ Blocked (403) retry 2
2026-08-11 23:40:07,806 | INFO | 🌐 Session warmed
2026-08-11 23:40:07,857 | INFO |    ↳ Status 403
2026-08-11 23:40:07,857 | WARNING |    ⚠ Blocked (403) retry 3
2026-08-11 23:40:07,950 | INFO | 🌐 Session warmed
2026-08-11 23:40:08,315 | INFO |    ↳ Status 403
2026-08-11 23:40:08,315 | WARNING |    ⚠ Blocked (403) retry 1
2026-08-11 23:40:08,379 | INFO | 🌐 Session warmed
2026-08-11 23:40:08,827 | INFO |    ↳ Status 200
2026-08-11 23:40:08,827 | INFO |    ✓ Found 8 movies
2026-08-11 23:40:08,827 | INFO | [924/1901] Fetching Korwa (KORW)
2026-08-11 23:40:10,321 | INFO |    ↳ Status 403
2026-08-11 23:40:10,321 | WARNING |    ⚠ Blocked (403) retry 2
2026-08-11 23:40:10,324 | INFO |    ↳ Status 200
2026-08-11 23:40:10,324 | INFO |    ✓ Found 8 movies
2026-08-11 23:40:10,324 | INFO | [925/1901] Fetching Kosamba (KOSA)
2026-08-11 23:40:10,400 | INFO | 🌐 Session warmed
2026-08-11 23:40:10,714 | INFO |    ↳ Status 403
2026-08-11 23:40:10,714 | WARNING |    ⚠ Blocked (403) retry 3
2026-08-11 23:40:10,788 | INFO | 🌐 Session warmed
2026-08-11 23:40:11,502 | INFO |    ↳ Status 200
2026-08-11 23:40:11,502 | INFO |    ✓ Found 8 movies
2026-08-11 23:40:11,502 | INFO | [926/1901] Fetching Kosgi (KOSG)
2026-08-11 23:40:11,950 | INFO | [927/1901] Fetching Kota (KOTA)
2026-08-11 23:40:12,736 | INFO |    ↳ Status 200
2026-08-11 23:40:12,736 | INFO |    ✓ Found 8 movies
2026-08-11 23:40:12,736 | INFO | [928/1901] Fetching Kota (AP) (KOAN)
2026-08-11 23:40:12,938 | INFO |    ↳ Status 403
2026-08-11 23:40:12,938 | WARNING |    ⚠ Blocked (403) retry 1
2026-08-11 23:40:13,020 | INFO | 🌐 Session warmed
2026-08-11 23:40:13,360 | INFO |    ↳ Status 403
2026-08-11 23:40:13,360 | WARNING |    ⚠ Blocked (403) retry 3
2026-08-11 23:40:13,444 | INFO | 🌐 Session warmed
2026-08-11 23:40:14,003 | INFO |    ↳ Status 200
2026-08-11 23:40:14,003 | INFO |    ✓ Found 8 movies
2026-08-11 23:40:14,003 | INFO | [929/1901] Fetching Kotabommali (KTAB)
2026-08-11 23:40:14,788 | INFO | [930/1901] Fetching Kotananduru (KTND)
2026-08-11 23:40:15,264 | INFO |    ↳ Status 200
2026-08-11 23:40:15,265 | INFO |    ✓ Found 8 movies
2026-08-11 23:40:15,265 | INFO | [931/1901] Fetching Kotdwara (KOTD)
2026-08-11 23:40:15,419 | INFO |    ↳ Status 403
2026-08-11 23:40:15,419 | WARNING |    ⚠ Blocked (403) retry 2
2026-08-11 23:40:15,483 | INFO |    ↳ Status 403
2026-08-11 23:40:15,483 | WARNING |    ⚠ Blocked (403) retry 1
2026-08-11 23:40:15,510 | INFO | 🌐 Session warmed
2026-08-11 23:40:15,554 | INFO | 🌐 Session warmed
2026-08-11 23:40:16,660 | INFO |    ↳ Status 200
2026-08-11 23:40:16,660 | INFO |    ✓ Found 8 movies
2026-08-11 23:40:16,661 | INFO | [932/1901] Fetching Kothacheruvu (KTCR)
2026-08-11 23:40:17,445 | INFO | [933/1901] Fetching Kothagudem (KTGM)
2026-08-11 23:40:17,816 | INFO |    ↳ Status 200
2026-08-11 23:40:17,816 | INFO |    ✓ Found 8 movies
2026-08-11 23:40:17,816 | INFO | [934/1901] Fetching Kothakota (KOTL)
2026-08-11 23:40:17,952 | INFO |    ↳ Status 403
2026-08-11 23:40:17,952 | WARNING |    ⚠ Blocked (403) retry 2
2026-08-11 23:40:18,028 | INFO | 🌐 Session warmed
2026-08-11 23:40:18,187 | INFO |    ↳ Status 403
2026-08-11 23:40:18,187 | WARNING |    ⚠ Blocked (403) retry 1
2026-08-11 23:40:18,255 | INFO | 🌐 Session warmed
2026-08-11 23:40:18,880 | INFO |    ↳ Status 403
2026-08-11 23:40:18,880 | WARNING |    ⚠ Blocked (403) retry 3
2026-08-11 23:40:18,960 | INFO | 🌐 Session warmed
2026-08-11 23:40:19,325 | INFO |    ↳ Status 200
2026-08-11 23:40:19,325 | INFO |    ✓ Found 8 movies
2026-08-11 23:40:19,325 | INFO | [935/1901] Fetching Kothamangalam (KTMM)
2026-08-11 23:40:20,625 | INFO |    ↳ Status 403
2026-08-11 23:40:20,625 | WARNING |    ⚠ Blocked (403) retry 2
2026-08-11 23:40:20,710 | INFO | 🌐 Session warmed
2026-08-11 23:40:20,919 | INFO |    ↳ Status 200
2026-08-11 23:40:20,919 | INFO |    ✓ Found 8 movies
2026-08-11 23:40:20,919 | INFO | [936/1901] Fetching Kothapalli (KOTC)
2026-08-11 23:40:21,043 | INFO |    ↳ Status 403
2026-08-11 23:40:21,043 | WARNING |    ⚠ Blocked (403) retry 3
2026-08-11 23:40:21,114 | INFO | 🌐 Session warmed
2026-08-11 23:40:22,039 | INFO |    ↳ Status 200
2026-08-11 23:40:22,039 | INFO |    ✓ Found 8 movies
2026-08-11 23:40:22,039 | INFO | [937/1901] Fetching Kothapeta (KTPE)
2026-08-11 23:40:22,960 | INFO | [938/1901] Fetching Kothavalasa (KTVL)
2026-08-11 23:40:23,217 | INFO |    ↳ Status 200
2026-08-11 23:40:23,217 | INFO |    ✓ Found 8 movies
2026-08-11 23:40:23,217 | INFO | [939/1901] Fetching Kotkapura (KOTK)
2026-08-11 23:40:23,751 | INFO |    ↳ Status 403
2026-08-11 23:40:23,751 | WARNING |    ⚠ Blocked (403) retry 3
2026-08-11 23:40:23,824 | INFO | 🌐 Session warmed
2026-08-11 23:40:23,941 | INFO |    ↳ Status 403
2026-08-11 23:40:23,941 | WARNING |    ⚠ Blocked (403) retry 1
2026-08-11 23:40:24,017 | INFO | 🌐 Session warmed
2026-08-11 23:40:24,800 | INFO |    ↳ Status 200
2026-08-11 23:40:24,800 | INFO |    ✓ Found 7 movies
2026-08-11 23:40:24,801 | INFO | [940/1901] Fetching Kotma (KOTM)
2026-08-11 23:40:25,115 | INFO | [941/1901] Fetching Kotpad (KTPD)
2026-08-11 23:40:25,885 | INFO |    ↳ Status 403
2026-08-11 23:40:25,886 | WARNING |    ⚠ Blocked (403) retry 2
2026-08-11 23:40:25,935 | INFO |    ↳ Status 200
2026-08-11 23:40:25,935 | INFO |    ✓ Found 8 movies
2026-08-11 23:40:25,935 | INFO | [942/1901] Fetching Kotputli (KPLI)
2026-08-11 23:40:25,967 | INFO | 🌐 Session warmed
2026-08-11 23:40:25,975 | INFO |    ↳ Status 403
2026-08-11 23:40:25,975 | WARNING |    ⚠ Blocked (403) retry 1
2026-08-11 23:40:26,040 | INFO | 🌐 Session warmed
2026-08-11 23:40:27,203 | INFO |    ↳ Status 200
2026-08-11 23:40:27,203 | INFO |    ✓ Found 8 movies
2026-08-11 23:40:27,203 | INFO | [943/1901] Fetching Kottakkal (KOKK)
2026-08-11 23:40:27,825 | INFO | [944/1901] Fetching Kottayam (KTYM)
2026-08-11 23:40:28,097 | INFO |    ↳ Status 403
2026-08-11 23:40:28,097 | WARNING |    ⚠ Blocked (403) retry 2
2026-08-11 23:40:28,175 | INFO | 🌐 Session warmed
2026-08-11 23:40:28,282 | INFO |    ↳ Status 200
2026-08-11 23:40:28,282 | INFO |    ✓ Found 8 movies
2026-08-11 23:40:28,283 | INFO | [945/1901] Fetching Kottayi (KOTT)
2026-08-11 23:40:28,728 | INFO |    ↳ Status 403
2026-08-11 23:40:28,728 | WARNING |    ⚠ Blocked (403) retry 1
2026-08-11 23:40:28,828 | INFO | 🌐 Session warmed
2026-08-11 23:40:29,098 | INFO |    ↳ Status 403
2026-08-11 23:40:29,098 | WARNING |    ⚠ Blocked (403) retry 3
2026-08-11 23:40:29,194 | INFO | 🌐 Session warmed
2026-08-11 23:40:29,648 | INFO |    ↳ Status 200
2026-08-11 23:40:29,648 | INFO |    ✓ Found 8 movies
2026-08-11 23:40:29,648 | INFO | [946/1901] Fetching Kottiyam (KTTY)
2026-08-11 23:40:30,785 | INFO |    ↳ Status 403
2026-08-11 23:40:30,785 | WARNING |    ⚠ Blocked (403) retry 2
2026-08-11 23:40:30,860 | INFO | 🌐 Session warmed
2026-08-11 23:40:30,981 | INFO |    ↳ Status 200
2026-08-11 23:40:30,981 | INFO |    ✓ Found 8 movies
2026-08-11 23:40:30,981 | INFO | [947/1901] Fetching Kotturu (KTUR)
2026-08-11 23:40:31,056 | INFO |    ↳ Status 403
2026-08-11 23:40:31,057 | WARNING |    ⚠ Blocked (403) retry 3
2026-08-11 23:40:31,127 | INFO | 🌐 Session warmed
2026-08-11 23:40:32,627 | INFO |    ↳ Status 200
2026-08-11 23:40:32,627 | INFO |    ✓ Found 8 movies
2026-08-11 23:40:32,627 | INFO | [948/1901] Fetching Kovilpatti (KOVI)
2026-08-11 23:40:33,194 | INFO | [949/1901] Fetching Kovur (Nellore) (KOVR)
2026-08-11 23:40:33,964 | INFO |    ↳ Status 403
2026-08-11 23:40:33,964 | WARNING |    ⚠ Blocked (403) retry 3
2026-08-11 23:40:34,060 | INFO | 🌐 Session warmed
2026-08-11 23:40:34,215 | INFO |    ↳ Status 200
2026-08-11 23:40:34,215 | INFO |    ✓ Found 8 movies
2026-08-11 23:40:34,215 | INFO | [950/1901] Fetching Kovvur (KOVU)
2026-08-11 23:40:34,288 | INFO |    ↳ Status 403
2026-08-11 23:40:34,288 | WARNING |    ⚠ Blocked (403) retry 1
2026-08-11 23:40:34,359 | INFO | 🌐 Session warmed
2026-08-11 23:40:35,128 | INFO | [951/1901] Fetching Koyyalagudem (KOEM)
2026-08-11 23:40:35,231 | INFO |    ↳ Status 200
2026-08-11 23:40:35,231 | INFO |    ✓ Found 8 movies
2026-08-11 23:40:35,231 | INFO | [952/1901] Fetching Kozhikode (KOZH)
2026-08-11 23:40:35,985 | INFO |    ↳ Status 403
2026-08-11 23:40:35,985 | WARNING |    ⚠ Blocked (403) retry 1
2026-08-11 23:40:36,076 | INFO | 🌐 Session warmed
2026-08-11 23:40:36,161 | INFO |    ↳ Status 403
2026-08-11 23:40:36,161 | WARNING |    ⚠ Blocked (403) retry 2
2026-08-11 23:40:36,274 | INFO | 🌐 Session warmed
2026-08-11 23:40:37,468 | INFO |    ↳ Status 200
2026-08-11 23:40:37,468 | INFO |    ✓ Found 8 movies
2026-08-11 23:40:37,468 | INFO | [953/1901] Fetching Kozhinjampara (KOZA)
2026-08-11 23:40:37,805 | INFO |    ↳ Status 403
2026-08-11 23:40:37,806 | WARNING |    ⚠ Blocked (403) retry 2
2026-08-11 23:40:37,885 | INFO | 🌐 Session warmed
2026-08-11 23:40:38,060 | INFO | [954/1901] Fetching Krishnagiri (KRHN)
2026-08-11 23:40:38,663 | INFO |    ↳ Status 200
2026-08-11 23:40:38,664 | INFO |    ✓ Found 8 movies
2026-08-11 23:40:38,664 | INFO | [955/1901] Fetching Krishnanagar (KNWB)
2026-08-11 23:40:39,382 | INFO |    ↳ Status 403
2026-08-11 23:40:39,382 | WARNING |    ⚠ Blocked (403) retry 1
2026-08-11 23:40:39,457 | INFO | 🌐 Session warmed
2026-08-11 23:40:39,629 | INFO |    ↳ Status 403
2026-08-11 23:40:39,629 | WARNING |    ⚠ Blocked (403) retry 3
2026-08-11 23:40:39,721 | INFO | 🌐 Session warmed
2026-08-11 23:40:39,828 | INFO |    ↳ Status 200
2026-08-11 23:40:39,828 | INFO |    ✓ Found 7 movies
2026-08-11 23:40:39,828 | INFO | [956/1901] Fetching Krishnarajanagara (KRJT)
2026-08-11 23:40:40,919 | INFO |    ↳ Status 403
2026-08-11 23:40:40,919 | WARNING |    ⚠ Blocked (403) retry 3
2026-08-11 23:40:40,996 | INFO | 🌐 Session warmed
2026-08-11 23:40:41,511 | INFO |    ↳ Status 200
2026-08-11 23:40:41,512 | INFO |    ✓ Found 8 movies
2026-08-11 23:40:41,512 | INFO | [957/1901] Fetching Krishnarajpete (K.R.Pete) (KEKE)
2026-08-11 23:40:41,873 | INFO |    ↳ Status 403
2026-08-11 23:40:41,873 | WARNING |    ⚠ Blocked (403) retry 2
2026-08-11 23:40:41,945 | INFO | 🌐 Session warmed
2026-08-11 23:40:42,980 | INFO |    ↳ Status 200
2026-08-11 23:40:42,980 | INFO |    ✓ Found 8 movies
2026-08-11 23:40:42,980 | INFO | [958/1901] Fetching Krosuru (KRSR)
2026-08-11 23:40:43,721 | INFO | [959/1901] Fetching Kruthivennu (KRTH)
2026-08-11 23:40:44,239 | INFO |    ↳ Status 200
2026-08-11 23:40:44,239 | INFO |    ✓ Found 8 movies
2026-08-11 23:40:44,240 | INFO | [960/1901] Fetching Kuchaman City (KHCY)
2026-08-11 23:40:44,637 | INFO |    ↳ Status 403
2026-08-11 23:40:44,637 | WARNING |    ⚠ Blocked (403) retry 3
2026-08-11 23:40:44,730 | INFO | 🌐 Session warmed
2026-08-11 23:40:44,957 | INFO |    ↳ Status 403
2026-08-11 23:40:44,957 | WARNING |    ⚠ Blocked (403) retry 1
2026-08-11 23:40:44,996 | INFO | [961/1901] Fetching Kuchipudi (KCPD)
2026-08-11 23:40:45,023 | INFO | 🌐 Session warmed
2026-08-11 23:40:46,360 | INFO |    ↳ Status 403
2026-08-11 23:40:46,360 | WARNING |    ⚠ Blocked (403) retry 1
2026-08-11 23:40:46,372 | INFO |    ↳ Status 200
2026-08-11 23:40:46,372 | INFO |    ✓ Found 8 movies
2026-08-11 23:40:46,373 | INFO | [962/1901] Fetching Kudus (KUDU)
2026-08-11 23:40:46,443 | INFO | 🌐 Session warmed
2026-08-11 23:40:47,156 | INFO |    ↳ Status 403
2026-08-11 23:40:47,156 | WARNING |    ⚠ Blocked (403) retry 2
2026-08-11 23:40:47,225 | INFO | 🌐 Session warmed
2026-08-11 23:40:47,473 | INFO |    ↳ Status 200
2026-08-11 23:40:47,474 | INFO |    ✓ Found 8 movies
2026-08-11 23:40:47,474 | INFO | [963/1901] Fetching Kujang (KUAG)
2026-08-11 23:40:48,432 | INFO |    ↳ Status 403
2026-08-11 23:40:48,432 | WARNING |    ⚠ Blocked (403) retry 2
2026-08-11 23:40:48,521 | INFO | 🌐 Session warmed
2026-08-11 23:40:48,730 | INFO | [964/1901] Fetching Kukshi (KUKS)
2026-08-11 23:40:48,755 | INFO |    ↳ Status 200
2026-08-11 23:40:48,755 | INFO |    ✓ Found 8 movies
2026-08-11 23:40:48,755 | INFO | [965/1901] Fetching Kulithalai (KULI)
2026-08-11 23:40:49,909 | INFO |    ↳ Status 403
2026-08-11 23:40:49,909 | WARNING |    ⚠ Blocked (403) retry 1
2026-08-11 23:40:49,992 | INFO | 🌐 Session warmed
2026-08-11 23:40:50,246 | INFO |    ↳ Status 403
2026-08-11 23:40:50,246 | WARNING |    ⚠ Blocked (403) retry 3
2026-08-11 23:40:50,318 | INFO | 🌐 Session warmed
2026-08-11 23:40:50,919 | INFO |    ↳ Status 200
2026-08-11 23:40:50,919 | INFO |    ✓ Found 8 movies
2026-08-11 23:40:50,919 | INFO | [966/1901] Fetching Kullu (KULU)
2026-08-11 23:40:51,250 | INFO |    ↳ Status 403
2026-08-11 23:40:51,250 | WARNING |    ⚠ Blocked (403) retry 3
2026-08-11 23:40:51,320 | INFO | 🌐 Session warmed
2026-08-11 23:40:51,896 | INFO |    ↳ Status 200
2026-08-11 23:40:51,896 | INFO |    ✓ Found 8 movies
2026-08-11 23:40:51,896 | INFO | [967/1901] Fetching Kumarakom (KMOA)
2026-08-11 23:40:51,930 | INFO |    ↳ Status 403
2026-08-11 23:40:51,930 | WARNING |    ⚠ Blocked (403) retry 2
2026-08-11 23:40:51,998 | INFO | 🌐 Session warmed
2026-08-11 23:40:53,774 | INFO |    ↳ Status 200
2026-08-11 23:40:53,775 | INFO |    ✓ Found 8 movies
2026-08-11 23:40:53,775 | INFO | [968/1901] Fetching Kumbakonam (KUMB)
2026-08-11 23:40:54,318 | INFO | [969/1901] Fetching Kumily (KUMI)
2026-08-11 23:40:54,767 | INFO |    ↳ Status 200
2026-08-11 23:40:54,767 | INFO |    ✓ Found 8 movies
2026-08-11 23:40:54,767 | INFO | [970/1901] Fetching Kunda (KUDD)
2026-08-11 23:40:54,846 | INFO |    ↳ Status 403
2026-08-11 23:40:54,846 | WARNING |    ⚠ Blocked (403) retry 3
2026-08-11 23:40:54,920 | INFO | 🌐 Session warmed
2026-08-11 23:40:54,998 | INFO |    ↳ Status 403
2026-08-11 23:40:54,998 | WARNING |    ⚠ Blocked (403) retry 1
2026-08-11 23:40:55,069 | INFO | 🌐 Session warmed
2026-08-11 23:40:55,320 | INFO | [971/1901] Fetching Kundapura (KUNA)
2026-08-11 23:40:55,924 | INFO |    ↳ Status 200
2026-08-11 23:40:55,925 | INFO |    ✓ Found 8 movies
2026-08-11 23:40:55,925 | INFO | [972/1901] Fetching Kunigal (KUUN)
2026-08-11 23:40:56,071 | INFO |    ↳ Status 403
2026-08-11 23:40:56,071 | WARNING |    ⚠ Blocked (403) retry 1
2026-08-11 23:40:56,159 | INFO | 🌐 Session warmed
2026-08-11 23:40:56,812 | INFO |    ↳ Status 403
2026-08-11 23:40:56,812 | WARNING |    ⚠ Blocked (403) retry 2
2026-08-11 23:40:56,909 | INFO | 🌐 Session warmed
2026-08-11 23:40:57,326 | INFO |    ↳ Status 200
2026-08-11 23:40:57,326 | INFO |    ✓ Found 8 movies
2026-08-11 23:40:57,326 | INFO | [973/1901] Fetching Kunkuri (KKRI)
2026-08-11 23:40:57,987 | INFO |    ↳ Status 403
2026-08-11 23:40:57,987 | WARNING |    ⚠ Blocked (403) retry 2
2026-08-11 23:40:58,064 | INFO | 🌐 Session warmed
2026-08-11 23:40:58,921 | INFO | [974/1901] Fetching Kunnamkulam (KUNN)
2026-08-11 23:40:59,546 | INFO |    ↳ Status 200
2026-08-11 23:40:59,546 | INFO |    ✓ Found 7 movies
2026-08-11 23:40:59,546 | INFO | [975/1901] Fetching Kuravilangad (KURA)
2026-08-11 23:40:59,797 | INFO |    ↳ Status 403
2026-08-11 23:40:59,797 | WARNING |    ⚠ Blocked (403) retry 3
2026-08-11 23:40:59,908 | INFO | 🌐 Session warmed
2026-08-11 23:41:00,208 | INFO |    ↳ Status 403
2026-08-11 23:41:00,208 | WARNING |    ⚠ Blocked (403) retry 1
2026-08-11 23:41:00,278 | INFO | 🌐 Session warmed
2026-08-11 23:41:01,108 | INFO |    ↳ Status 200
2026-08-11 23:41:01,109 | INFO |    ✓ Found 8 movies
2026-08-11 23:41:01,109 | INFO | [976/1901] Fetching Kurnool (KURN)
2026-08-11 23:41:01,309 | INFO |    ↳ Status 403
2026-08-11 23:41:01,309 | WARNING |    ⚠ Blocked (403) retry 3
2026-08-11 23:41:01,399 | INFO | 🌐 Session warmed
2026-08-11 23:41:02,307 | INFO |    ↳ Status 403
2026-08-11 23:41:02,307 | WARNING |    ⚠ Blocked (403) retry 2
2026-08-11 23:41:02,393 | INFO | 🌐 Session warmed
2026-08-11 23:41:02,758 | INFO |    ↳ Status 200
2026-08-11 23:41:02,758 | INFO |    ✓ Found 8 movies
2026-08-11 23:41:02,758 | INFO | [977/1901] Fetching Kurseong (KURS)
2026-08-11 23:41:03,908 | INFO | [978/1901] Fetching Kurud (KRDU)
2026-08-11 23:41:04,097 | INFO |    ↳ Status 200
2026-08-11 23:41:04,097 | INFO |    ✓ Found 7 movies
2026-08-11 23:41:04,097 | INFO | [979/1901] Fetching Kurukshetra (KURU)
2026-08-11 23:41:05,230 | INFO |    ↳ Status 403
2026-08-11 23:41:05,230 | WARNING |    ⚠ Blocked (403) retry 1
2026-08-11 23:41:05,319 | INFO | 🌐 Session warmed
2026-08-11 23:41:05,398 | INFO |    ↳ Status 200
2026-08-11 23:41:05,398 | INFO |    ✓ Found 7 movies
2026-08-11 23:41:05,398 | INFO | [980/1901] Fetching Kurumaseri (KURY)
2026-08-11 23:41:05,399 | INFO | [981/1901] Fetching Kurundwad (KURD)
2026-08-11 23:41:05,706 | INFO |    ↳ Status 403
2026-08-11 23:41:05,706 | WARNING |    ⚠ Blocked (403) retry 3
2026-08-11 23:41:05,791 | INFO | 🌐 Session warmed
2026-08-11 23:41:06,459 | INFO |    ↳ Status 403
2026-08-11 23:41:06,459 | WARNING |    ⚠ Blocked (403) retry 1
2026-08-11 23:41:06,539 | INFO | 🌐 Session warmed
2026-08-11 23:41:06,777 | INFO |    ↳ Status 200
2026-08-11 23:41:06,777 | INFO |    ✓ Found 8 movies
2026-08-11 23:41:06,777 | INFO | [982/1901] Fetching Kushalnagar (KUSA)
2026-08-11 23:41:06,995 | INFO |    ↳ Status 403
2026-08-11 23:41:06,995 | WARNING |    ⚠ Blocked (403) retry 2
2026-08-11 23:41:07,071 | INFO | 🌐 Session warmed
2026-08-11 23:41:07,743 | INFO |    ↳ Status 200
2026-08-11 23:41:07,744 | INFO |    ✓ Found 8 movies
2026-08-11 23:41:07,744 | INFO | [983/1901] Fetching Kushinagar (KUSH)
2026-08-11 23:41:08,656 | INFO |    ↳ Status 403
2026-08-11 23:41:08,657 | WARNING |    ⚠ Blocked (403) retry 2
2026-08-11 23:41:08,725 | INFO | 🌐 Session warmed
2026-08-11 23:41:09,440 | INFO |    ↳ Status 200
2026-08-11 23:41:09,440 | INFO |    ✓ Found 8 movies
2026-08-11 23:41:09,440 | INFO | [984/1901] Fetching Kusumgram (KKKL)
2026-08-11 23:41:09,791 | INFO | [985/1901] Fetching Kutch (KTCH)
2026-08-11 23:41:10,055 | INFO |    ↳ Status 403
2026-08-11 23:41:10,055 | WARNING |    ⚠ Blocked (403) retry 3
2026-08-11 23:41:10,138 | INFO | 🌐 Session warmed
2026-08-11 23:41:10,887 | INFO |    ↳ Status 403
2026-08-11 23:41:10,887 | WARNING |    ⚠ Blocked (403) retry 1
2026-08-11 23:41:10,960 | INFO | 🌐 Session warmed
2026-08-11 23:41:11,634 | INFO |    ↳ Status 200
2026-08-11 23:41:11,635 | INFO |    ✓ Found 8 movies
2026-08-11 23:41:11,635 | INFO | [986/1901] Fetching Kuthuparamba (KUTH)
2026-08-11 23:41:11,768 | INFO |    ↳ Status 403
2026-08-11 23:41:11,768 | WARNING |    ⚠ Blocked (403) retry 3
2026-08-11 23:41:11,854 | INFO | 🌐 Session warmed
2026-08-11 23:41:13,158 | INFO |    ↳ Status 403
2026-08-11 23:41:13,158 | WARNING |    ⚠ Blocked (403) retry 2
2026-08-11 23:41:13,230 | INFO | 🌐 Session warmed
2026-08-11 23:41:13,285 | INFO |    ↳ Status 200
2026-08-11 23:41:13,285 | INFO |    ✓ Found 8 movies
2026-08-11 23:41:13,285 | INFO | [987/1901] Fetching Ladakh (LEHA)
2026-08-11 23:41:14,139 | INFO | [988/1901] Fetching Lakhanpur (ALKP)
2026-08-11 23:41:14,317 | INFO |    ↳ Status 200
2026-08-11 23:41:14,317 | INFO |    ✓ Found 8 movies
2026-08-11 23:41:14,317 | INFO | [989/1901] Fetching Lakhimpur (LAHA)
2026-08-11 23:41:15,136 | INFO |    ↳ Status 403
2026-08-11 23:41:15,136 | WARNING |    ⚠ Blocked (403) retry 1
2026-08-11 23:41:15,229 | INFO | 🌐 Session warmed
2026-08-11 23:41:15,690 | INFO |    ↳ Status 200
2026-08-11 23:41:15,690 | INFO |    ✓ Found 8 movies
2026-08-11 23:41:15,690 | INFO | [990/1901] Fetching Lakhimpur Kheri (LKPK)
2026-08-11 23:41:15,855 | INFO | [991/1901] Fetching Lakhisarai (LASK)
2026-08-11 23:41:16,202 | INFO |    ↳ Status 403
2026-08-11 23:41:16,202 | WARNING |    ⚠ Blocked (403) retry 3
2026-08-11 23:41:16,279 | INFO | 🌐 Session warmed
2026-08-11 23:41:16,826 | INFO |    ↳ Status 200
2026-08-11 23:41:16,826 | INFO |    ✓ Found 8 movies
2026-08-11 23:41:16,827 | INFO | [992/1901] Fetching Lakkavaram (LRAM)
2026-08-11 23:41:17,189 | INFO |    ↳ Status 403
2026-08-11 23:41:17,189 | WARNING |    ⚠ Blocked (403) retry 1
2026-08-11 23:41:17,269 | INFO | 🌐 Session warmed
2026-08-11 23:41:17,366 | INFO |    ↳ Status 403
2026-08-11 23:41:17,366 | WARNING |    ⚠ Blocked (403) retry 2
2026-08-11 23:41:17,451 | INFO | 🌐 Session warmed
2026-08-11 23:41:18,363 | INFO |    ↳ Status 200
2026-08-11 23:41:18,364 | INFO |    ✓ Found 8 movies
2026-08-11 23:41:18,364 | INFO | [993/1901] Fetching Lakshmeshwara (LKSH)
2026-08-11 23:41:19,060 | INFO |    ↳ Status 403
2026-08-11 23:41:19,060 | WARNING |    ⚠ Blocked (403) retry 2
2026-08-11 23:41:19,146 | INFO | 🌐 Session warmed
2026-08-11 23:41:19,997 | INFO |    ↳ Status 200
2026-08-11 23:41:19,997 | INFO |    ✓ Found 8 movies
2026-08-11 23:41:19,997 | INFO | [994/1901] Fetching Lakshmikantapur (LKMP)
2026-08-11 23:41:20,107 | INFO |    ↳ Status 403
2026-08-11 23:41:20,107 | WARNING |    ⚠ Blocked (403) retry 3
2026-08-11 23:41:20,186 | INFO | 🌐 Session warmed
2026-08-11 23:41:20,279 | INFO | [995/1901] Fetching Lalgudi (LALG)
2026-08-11 23:41:21,250 | INFO |    ↳ Status 403
2026-08-11 23:41:21,250 | WARNING |    ⚠ Blocked (403) retry 1
2026-08-11 23:41:21,342 | INFO | 🌐 Session warmed
2026-08-11 23:41:21,535 | INFO |    ↳ Status 200
2026-08-11 23:41:21,535 | INFO |    ✓ Found 8 movies
2026-08-11 23:41:21,536 | INFO | [996/1901] Fetching Lalitpur (LLTP)
2026-08-11 23:41:21,812 | INFO |    ↳ Status 403
2026-08-11 23:41:21,812 | WARNING |    ⚠ Blocked (403) retry 3
2026-08-11 23:41:21,891 | INFO | 🌐 Session warmed
2026-08-11 23:41:23,001 | INFO |    ↳ Status 200
2026-08-11 23:41:23,001 | INFO |    ✓ Found 8 movies
2026-08-11 23:41:23,001 | INFO | [997/1901] Fetching Lansdowne (LADW)
2026-08-11 23:41:23,404 | INFO |    ↳ Status 403
2026-08-11 23:41:23,404 | WARNING |    ⚠ Blocked (403) retry 2
2026-08-11 23:41:23,496 | INFO | 🌐 Session warmed
2026-08-11 23:41:24,187 | INFO | [998/1901] Fetching Latur (LAT)
2026-08-11 23:41:24,346 | INFO |    ↳ Status 200
2026-08-11 23:41:24,346 | INFO |    ✓ Found 8 movies
2026-08-11 23:41:24,346 | INFO | [999/1901] Fetching Lavasa (LAVA)
2026-08-11 23:41:24,945 | INFO |    ↳ Status 403
2026-08-11 23:41:24,945 | WARNING |    ⚠ Blocked (403) retry 1
2026-08-11 23:41:25,033 | INFO | 🌐 Session warmed
2026-08-11 23:41:25,886 | INFO |    ↳ Status 200
2026-08-11 23:41:25,886 | INFO |    ✓ Found 8 movies
2026-08-11 23:41:25,887 | INFO | [1000/1901] Fetching Leeja (LEEJ)
2026-08-11 23:41:25,891 | INFO | [1001/1901] Fetching Leh (LEHL)
2026-08-11 23:41:26,262 | INFO |    ↳ Status 403
2026-08-11 23:41:26,262 | WARNING |    ⚠ Blocked (403) retry 3
2026-08-11 23:41:26,332 | INFO | 🌐 Session warmed
2026-08-11 23:41:26,990 | INFO |    ↳ Status 403
2026-08-11 23:41:26,990 | WARNING |    ⚠ Blocked (403) retry 1
2026-08-11 23:41:27,067 | INFO | 🌐 Session warmed
2026-08-11 23:41:27,088 | INFO |    ↳ Status 403
2026-08-11 23:41:27,089 | WARNING |    ⚠ Blocked (403) retry 2
2026-08-11 23:41:27,173 | INFO | 🌐 Session warmed
2026-08-11 23:41:27,438 | INFO |    ↳ Status 200
2026-08-11 23:41:27,438 | INFO |    ✓ Found 8 movies
2026-08-11 23:41:27,438 | INFO | [1002/1901] Fetching Lingasugur (LING)
2026-08-11 23:41:29,132 | INFO |    ↳ Status 403
2026-08-11 23:41:29,132 | WARNING |    ⚠ Blocked (403) retry 2
2026-08-11 23:41:29,206 | INFO | 🌐 Session warmed
2026-08-11 23:41:29,723 | INFO |    ↳ Status 200
2026-08-11 23:41:29,723 | INFO |    ✓ Found 8 movies
2026-08-11 23:41:29,723 | INFO | [1003/1901] Fetching Lohardaga (LOHA)
2026-08-11 23:41:30,332 | INFO | [1004/1901] Fetching Lonand (LONZ)
2026-08-11 23:41:30,520 | INFO |    ↳ Status 403
2026-08-11 23:41:30,520 | WARNING |    ⚠ Blocked (403) retry 3
2026-08-11 23:41:30,606 | INFO | 🌐 Session warmed
2026-08-11 23:41:31,040 | INFO |    ↳ Status 403
2026-08-11 23:41:31,040 | WARNING |    ⚠ Blocked (403) retry 1
2026-08-11 23:41:31,113 | INFO | 🌐 Session warmed
2026-08-11 23:41:31,467 | INFO |    ↳ Status 200
2026-08-11 23:41:31,467 | INFO |    ✓ Found 8 movies
2026-08-11 23:41:31,467 | INFO | [1005/1901] Fetching Lonar (LONA)
2026-08-11 23:41:32,530 | INFO |    ↳ Status 403
2026-08-11 23:41:32,530 | WARNING |    ⚠ Blocked (403) retry 3
2026-08-11 23:41:32,600 | INFO | 🌐 Session warmed
2026-08-11 23:41:32,611 | INFO |    ↳ Status 200
2026-08-11 23:41:32,612 | INFO |    ✓ Found 8 movies
2026-08-11 23:41:32,612 | INFO | [1006/1901] Fetching Lonavala (LNVL)
2026-08-11 23:41:33,388 | INFO |    ↳ Status 403
2026-08-11 23:41:33,388 | WARNING |    ⚠ Blocked (403) retry 2
2026-08-11 23:41:33,472 | INFO | 🌐 Session warmed
2026-08-11 23:41:33,609 | INFO |    ↳ Status 200
2026-08-11 23:41:33,610 | INFO |    ✓ Found 8 movies
2026-08-11 23:41:33,610 | INFO | [1007/1901] Fetching Loni (LONI)
2026-08-11 23:41:34,606 | INFO | [1008/1901] Fetching Lucknow (LUCK)
2026-08-11 23:41:34,651 | INFO |    ↳ Status 200
2026-08-11 23:41:34,651 | INFO |    ✓ Found 8 movies
2026-08-11 23:41:34,651 | INFO | [1009/1901] Fetching Ludhiana (LUDH)
2026-08-11 23:41:35,709 | INFO |    ↳ Status 200
2026-08-11 23:41:35,709 | INFO |    ✓ Found 7 movies
2026-08-11 23:41:35,709 | INFO | [1010/1901] Fetching Lunawada (LUNA)
2026-08-11 23:41:35,962 | INFO |    ↳ Status 403
2026-08-11 23:41:35,962 | WARNING |    ⚠ Blocked (403) retry 1
2026-08-11 23:41:36,059 | INFO | 🌐 Session warmed
2026-08-11 23:41:36,601 | INFO | [1011/1901] Fetching Luxettipet (LAKS)
2026-08-11 23:41:36,887 | INFO |    ↳ Status 403
2026-08-11 23:41:36,887 | WARNING |    ⚠ Blocked (403) retry 3
2026-08-11 23:41:36,960 | INFO | 🌐 Session warmed
2026-08-11 23:41:37,764 | INFO |    ↳ Status 403
2026-08-11 23:41:37,764 | WARNING |    ⚠ Blocked (403) retry 2
2026-08-11 23:41:37,847 | INFO |    ↳ Status 403
2026-08-11 23:41:37,847 | WARNING |    ⚠ Blocked (403) retry 1
2026-08-11 23:41:37,854 | INFO | 🌐 Session warmed
2026-08-11 23:41:37,872 | INFO |    ↳ Status 200
2026-08-11 23:41:37,872 | INFO |    ✓ Found 8 movies
2026-08-11 23:41:37,872 | INFO | [1012/1901] Fetching MUNNAR (MUNN)
2026-08-11 23:41:37,936 | INFO | 🌐 Session warmed
2026-08-11 23:41:39,432 | INFO |    ↳ Status 200
2026-08-11 23:41:39,433 | INFO |    ✓ Found 8 movies
2026-08-11 23:41:39,433 | INFO | [1013/1901] Fetching Macherla (MACH)
2026-08-11 23:41:40,275 | INFO |    ↳ Status 403
2026-08-11 23:41:40,275 | WARNING |    ⚠ Blocked (403) retry 2
2026-08-11 23:41:40,369 | INFO | 🌐 Session warmed
2026-08-11 23:41:40,526 | INFO |    ↳ Status 403
2026-08-11 23:41:40,527 | WARNING |    ⚠ Blocked (403) retry 3
2026-08-11 23:41:40,608 | INFO | 🌐 Session warmed
2026-08-11 23:41:40,960 | INFO | [1014/1901] Fetching Machilipatnam (MAPM)
2026-08-11 23:41:41,168 | INFO |    ↳ Status 200
2026-08-11 23:41:41,169 | INFO |    ✓ Found 8 movies
2026-08-11 23:41:41,169 | INFO | [1015/1901] Fetching Madalu (MADA)
2026-08-11 23:41:41,816 | INFO |    ↳ Status 403
2026-08-11 23:41:41,816 | WARNING |    ⚠ Blocked (403) retry 1
2026-08-11 23:41:41,889 | INFO | 🌐 Session warmed
2026-08-11 23:41:42,879 | INFO |    ↳ Status 200
2026-08-11 23:41:42,879 | INFO |    ✓ Found 8 movies
2026-08-11 23:41:42,879 | INFO | [1016/1901] Fetching Madanapalle (MDNP)
2026-08-11 23:41:43,058 | INFO |    ↳ Status 403
2026-08-11 23:41:43,058 | WARNING |    ⚠ Blocked (403) retry 3
2026-08-11 23:41:43,153 | INFO | 🌐 Session warmed
2026-08-11 23:41:43,845 | INFO |    ↳ Status 403
2026-08-11 23:41:43,846 | WARNING |    ⚠ Blocked (403) retry 2
2026-08-11 23:41:43,919 | INFO | 🌐 Session warmed
2026-08-11 23:41:44,237 | INFO |    ↳ Status 200
2026-08-11 23:41:44,238 | INFO |    ✓ Found 8 movies
2026-08-11 23:41:44,238 | INFO | [1017/1901] Fetching Maddur (MADD)
2026-08-11 23:41:44,608 | INFO | [1018/1901] Fetching Madhavaram (MDHA)
2026-08-11 23:41:45,215 | INFO |    ↳ Status 200
2026-08-11 23:41:45,215 | INFO |    ✓ Found 8 movies
2026-08-11 23:41:45,215 | INFO | [1019/1901] Fetching Madhepura (MHEA)
2026-08-11 23:41:45,463 | INFO |    ↳ Status 403
2026-08-11 23:41:45,463 | WARNING |    ⚠ Blocked (403) retry 1
2026-08-11 23:41:45,540 | INFO | 🌐 Session warmed
2026-08-11 23:41:46,656 | INFO |    ↳ Status 200
2026-08-11 23:41:46,656 | INFO |    ✓ Found 8 movies
2026-08-11 23:41:46,656 | INFO | [1020/1901] Fetching Madhira (MADR)
2026-08-11 23:41:47,153 | INFO | [1021/1901] Fetching Madhubani (MADZ)
2026-08-11 23:41:47,304 | INFO |    ↳ Status 403
2026-08-11 23:41:47,304 | WARNING |    ⚠ Blocked (403) retry 3
2026-08-11 23:41:47,305 | INFO |    ↳ Status 403
2026-08-11 23:41:47,305 | WARNING |    ⚠ Blocked (403) retry 2
2026-08-11 23:41:47,420 | INFO | 🌐 Session warmed
2026-08-11 23:41:47,421 | INFO | 🌐 Session warmed
2026-08-11 23:41:47,950 | INFO |    ↳ Status 403
2026-08-11 23:41:47,950 | WARNING |    ⚠ Blocked (403) retry 1
2026-08-11 23:41:47,973 | INFO |    ↳ Status 200
2026-08-11 23:41:47,973 | INFO |    ✓ Found 8 movies
2026-08-11 23:41:47,973 | INFO | [1022/1901] Fetching Madikeri (MADI)
2026-08-11 23:41:48,053 | INFO | 🌐 Session warmed
2026-08-11 23:41:49,998 | INFO |    ↳ Status 403
2026-08-11 23:41:49,998 | WARNING |    ⚠ Blocked (403) retry 2
2026-08-11 23:41:50,089 | INFO | 🌐 Session warmed
2026-08-11 23:41:50,107 | INFO |    ↳ Status 200
2026-08-11 23:41:50,108 | INFO |    ✓ Found 8 movies
2026-08-11 23:41:50,108 | INFO | [1023/1901] Fetching Madugula (MDGL)
2026-08-11 23:41:50,679 | INFO |    ↳ Status 403
2026-08-11 23:41:50,679 | WARNING |    ⚠ Blocked (403) retry 3
2026-08-11 23:41:50,747 | INFO | 🌐 Session warmed
2026-08-11 23:41:51,420 | INFO | [1024/1901] Fetching Madurai (MADU)
2026-08-11 23:41:51,571 | INFO |    ↳ Status 200
2026-08-11 23:41:51,571 | INFO |    ✓ Found 8 movies
2026-08-11 23:41:51,571 | INFO | [1025/1901] Fetching Magadi (MAGA)
2026-08-11 23:41:52,795 | INFO |    ↳ Status 403
2026-08-11 23:41:52,795 | WARNING |    ⚠ Blocked (403) retry 1
2026-08-11 23:41:52,879 | INFO | 🌐 Session warmed
2026-08-11 23:41:52,966 | INFO |    ↳ Status 403
2026-08-11 23:41:52,966 | WARNING |    ⚠ Blocked (403) retry 3
2026-08-11 23:41:53,041 | INFO | 🌐 Session warmed
2026-08-11 23:41:53,275 | INFO |    ↳ Status 200
2026-08-11 23:41:53,276 | INFO |    ✓ Found 8 movies
2026-08-11 23:41:53,276 | INFO | [1026/1901] Fetching Mahabaleshwar (MABL)
2026-08-11 23:41:54,322 | INFO |    ↳ Status 200
2026-08-11 23:41:54,322 | INFO |    ✓ Found 8 movies
2026-08-11 23:41:54,322 | INFO | [1027/1901] Fetching Mahabubabad (MAHA)
2026-08-11 23:41:54,747 | INFO | [1028/1901] Fetching Mahad (MHAD)
2026-08-11 23:41:55,152 | INFO |    ↳ Status 403
2026-08-11 23:41:55,152 | WARNING |    ⚠ Blocked (403) retry 2
2026-08-11 23:41:55,245 | INFO | 🌐 Session warmed
2026-08-11 23:41:56,030 | INFO |    ↳ Status 200
2026-08-11 23:41:56,030 | INFO |    ✓ Found 8 movies
2026-08-11 23:41:56,030 | INFO | [1029/1901] Fetching Mahalingpur (MAGP)
2026-08-11 23:41:56,051 | INFO |    ↳ Status 403
2026-08-11 23:41:56,051 | WARNING |    ⚠ Blocked (403) retry 1
2026-08-11 23:41:56,153 | INFO | 🌐 Session warmed
2026-08-11 23:41:57,041 | INFO | [1030/1901] Fetching Maharajganj (RAJG)
2026-08-11 23:41:57,886 | INFO |    ↳ Status 403
2026-08-11 23:41:57,886 | WARNING |    ⚠ Blocked (403) retry 1
2026-08-11 23:41:57,900 | INFO |    ↳ Status 403
2026-08-11 23:41:57,900 | WARNING |    ⚠ Blocked (403) retry 3
2026-08-11 23:41:57,962 | INFO | 🌐 Session warmed
2026-08-11 23:41:58,007 | INFO | 🌐 Session warmed
2026-08-11 23:41:58,169 | INFO |    ↳ Status 200
2026-08-11 23:41:58,169 | INFO |    ✓ Found 8 movies
2026-08-11 23:41:58,169 | INFO | [1031/1901] Fetching Mahasamund (MAMU)
2026-08-11 23:41:58,196 | INFO |    ↳ Status 403
2026-08-11 23:41:58,196 | WARNING |    ⚠ Blocked (403) retry 2
2026-08-11 23:41:58,264 | INFO | 🌐 Session warmed
2026-08-11 23:41:59,557 | INFO |    ↳ Status 200
2026-08-11 23:41:59,557 | INFO |    ✓ Found 7 movies
2026-08-11 23:41:59,557 | INFO | [1032/1901] Fetching Mahbubnagar (MAHB)
2026-08-11 23:42:00,319 | INFO |    ↳ Status 403
2026-08-11 23:42:00,319 | WARNING |    ⚠ Blocked (403) retry 2
2026-08-11 23:42:00,413 | INFO | 🌐 Session warmed
2026-08-11 23:42:00,821 | INFO |    ↳ Status 200
2026-08-11 23:42:00,821 | INFO |    ✓ Found 8 movies
2026-08-11 23:42:00,822 | INFO | [1033/1901] Fetching Mahemdavad (MAHM)
2026-08-11 23:42:01,477 | INFO |    ↳ Status 403
2026-08-11 23:42:01,477 | WARNING |    ⚠ Blocked (403) retry 3
2026-08-11 23:42:01,543 | INFO | 🌐 Session warmed
2026-08-11 23:42:01,909 | INFO |    ↳ Status 200
2026-08-11 23:42:01,910 | INFO |    ✓ Found 8 movies
2026-08-11 23:42:01,910 | INFO | [1034/1901] Fetching Maheshtala (MAHS)
2026-08-11 23:42:02,007 | INFO | [1035/1901] Fetching Maheshwar (MAHE)
2026-08-11 23:42:02,680 | INFO |    ↳ Status 403
2026-08-11 23:42:02,680 | WARNING |    ⚠ Blocked (403) retry 1
2026-08-11 23:42:02,751 | INFO | 🌐 Session warmed
2026-08-11 23:42:03,071 | INFO |    ↳ Status 200
2026-08-11 23:42:03,071 | INFO |    ✓ Found 8 movies
2026-08-11 23:42:03,071 | INFO | [1036/1901] Fetching Maheshwaram (MHSR)
2026-08-11 23:42:03,215 | INFO |    ↳ Status 403
2026-08-11 23:42:03,215 | WARNING |    ⚠ Blocked (403) retry 3
2026-08-11 23:42:03,305 | INFO | 🌐 Session warmed
2026-08-11 23:42:05,141 | INFO |    ↳ Status 403
2026-08-11 23:42:05,141 | WARNING |    ⚠ Blocked (403) retry 2
2026-08-11 23:42:05,145 | INFO |    ↳ Status 200
2026-08-11 23:42:05,145 | INFO |    ✓ Found 8 movies
2026-08-11 23:42:05,145 | INFO | [1037/1901] Fetching Mahishadal (MMAI)
2026-08-11 23:42:05,233 | INFO | 🌐 Session warmed
2026-08-11 23:42:05,543 | INFO | [1038/1901] Fetching Mahudha (MAHU)
2026-08-11 23:42:06,229 | INFO |    ↳ Status 403
2026-08-11 23:42:06,229 | WARNING |    ⚠ Blocked (403) retry 1
2026-08-11 23:42:06,259 | INFO |    ↳ Status 200
2026-08-11 23:42:06,259 | INFO |    ✓ Found 7 movies
2026-08-11 23:42:06,259 | INFO | [1039/1901] Fetching Mahuva (MAHV)
2026-08-11 23:42:06,323 | INFO | 🌐 Session warmed
2026-08-11 23:42:07,306 | INFO | [1040/1901] Fetching Makrana (MAKA)
2026-08-11 23:42:07,481 | INFO |    ↳ Status 200
2026-08-11 23:42:07,482 | INFO |    ✓ Found 8 movies
2026-08-11 23:42:07,482 | INFO | [1041/1901] Fetching Makthal (MAKT)
2026-08-11 23:42:08,224 | INFO |    ↳ Status 403
2026-08-11 23:42:08,224 | WARNING |    ⚠ Blocked (403) retry 1
2026-08-11 23:42:08,325 | INFO | 🌐 Session warmed
2026-08-11 23:42:08,579 | INFO |    ↳ Status 403
2026-08-11 23:42:08,579 | WARNING |    ⚠ Blocked (403) retry 3
2026-08-11 23:42:08,596 | INFO |    ↳ Status 200
2026-08-11 23:42:08,596 | INFO |    ✓ Found 8 movies
2026-08-11 23:42:08,596 | INFO | [1042/1901] Fetching Malappuram (MALP)
2026-08-11 23:42:08,671 | INFO | 🌐 Session warmed
2026-08-11 23:42:08,712 | INFO |    ↳ Status 403
2026-08-11 23:42:08,712 | WARNING |    ⚠ Blocked (403) retry 2
2026-08-11 23:42:08,780 | INFO | 🌐 Session warmed
2026-08-11 23:42:10,146 | INFO |    ↳ Status 200
2026-08-11 23:42:10,146 | INFO |    ✓ Found 8 movies
2026-08-11 23:42:10,147 | INFO | [1043/1901] Fetching Malda (MALD)
2026-08-11 23:42:10,475 | INFO |    ↳ Status 403
2026-08-11 23:42:10,475 | WARNING |    ⚠ Blocked (403) retry 2
2026-08-11 23:42:10,621 | INFO | 🌐 Session warmed
2026-08-11 23:42:11,169 | INFO |    ↳ Status 200
2026-08-11 23:42:11,169 | INFO |    ✓ Found 7 movies
2026-08-11 23:42:11,169 | INFO | [1044/1901] Fetching Malebennur (MEBN)
2026-08-11 23:42:11,550 | INFO |    ↳ Status 403
2026-08-11 23:42:11,551 | WARNING |    ⚠ Blocked (403) retry 3
2026-08-11 23:42:11,635 | INFO | 🌐 Session warmed
2026-08-11 23:42:12,556 | INFO |    ↳ Status 200
2026-08-11 23:42:12,556 | INFO |    ✓ Found 8 movies
2026-08-11 23:42:12,556 | INFO | [1045/1901] Fetching Malegaon (MALE)
2026-08-11 23:42:12,671 | INFO | [1046/1901] Fetching Malerkotla (MALR)
2026-08-11 23:42:13,315 | INFO |    ↳ Status 403
2026-08-11 23:42:13,315 | WARNING |    ⚠ Blocked (403) retry 1
2026-08-11 23:42:13,382 | INFO | 🌐 Session warmed
2026-08-11 23:42:13,502 | INFO |    ↳ Status 200
2026-08-11 23:42:13,502 | INFO |    ✓ Found 8 movies
2026-08-11 23:42:13,502 | INFO | [1047/1901] Fetching Malikipuram (MALK)
2026-08-11 23:42:13,958 | INFO |    ↳ Status 403
2026-08-11 23:42:13,958 | WARNING |    ⚠ Blocked (403) retry 3
2026-08-11 23:42:14,046 | INFO | 🌐 Session warmed
2026-08-11 23:42:15,177 | INFO |    ↳ Status 403
2026-08-11 23:42:15,177 | WARNING |    ⚠ Blocked (403) retry 2
2026-08-11 23:42:15,256 | INFO | 🌐 Session warmed
2026-08-11 23:42:15,635 | INFO | [1048/1901] Fetching Malkangiri (MALG)
2026-08-11 23:42:15,712 | INFO |    ↳ Status 200
2026-08-11 23:42:15,712 | INFO |    ✓ Found 8 movies
2026-08-11 23:42:15,712 | INFO | [1049/1901] Fetching Malkapur (MAMA)
2026-08-11 23:42:16,260 | INFO |    ↳ Status 403
2026-08-11 23:42:16,260 | WARNING |    ⚠ Blocked (403) retry 1
2026-08-11 23:42:16,340 | INFO | 🌐 Session warmed
2026-08-11 23:42:16,984 | INFO |    ↳ Status 200
2026-08-11 23:42:16,984 | INFO |    ✓ Found 8 movies
2026-08-11 23:42:16,984 | INFO | [1050/1901] Fetching Mall (MAAL)
2026-08-11 23:42:18,010 | INFO |    ↳ Status 403
2026-08-11 23:42:18,010 | WARNING |    ⚠ Blocked (403) retry 3
2026-08-11 23:42:18,046 | INFO | [1051/1901] Fetching Malout (MALO)
2026-08-11 23:42:18,075 | INFO | 🌐 Session warmed
2026-08-11 23:42:18,156 | INFO |    ↳ Status 403
2026-08-11 23:42:18,156 | WARNING |    ⚠ Blocked (403) retry 2
2026-08-11 23:42:18,247 | INFO | 🌐 Session warmed
2026-08-11 23:42:18,492 | INFO |    ↳ Status 200
2026-08-11 23:42:18,492 | INFO |    ✓ Found 8 movies
2026-08-11 23:42:18,492 | INFO | [1052/1901] Fetching Malur (MLLR)
2026-08-11 23:42:19,285 | INFO |    ↳ Status 403
2026-08-11 23:42:19,285 | WARNING |    ⚠ Blocked (403) retry 1
2026-08-11 23:42:19,361 | INFO | 🌐 Session warmed
2026-08-11 23:42:19,634 | INFO |    ↳ Status 200
2026-08-11 23:42:19,634 | INFO |    ✓ Found 8 movies
2026-08-11 23:42:19,634 | INFO | [1053/1901] Fetching Mamallapuram (MMLL)
2026-08-11 23:42:20,728 | INFO |    ↳ Status 200
2026-08-11 23:42:20,728 | INFO |    ✓ Found 8 movies
2026-08-11 23:42:20,728 | INFO | [1054/1901] Fetching Manali (MANA)
2026-08-11 23:42:21,199 | INFO |    ↳ Status 403
2026-08-11 23:42:21,199 | WARNING |    ⚠ Blocked (403) retry 2
2026-08-11 23:42:21,223 | INFO |    ↳ Status 403
2026-08-11 23:42:21,223 | WARNING |    ⚠ Blocked (403) retry 3
2026-08-11 23:42:21,300 | INFO | 🌐 Session warmed
2026-08-11 23:42:21,314 | INFO | 🌐 Session warmed
2026-08-11 23:42:21,687 | INFO |    ↳ Status 200
2026-08-11 23:42:21,687 | INFO |    ✓ Found 8 movies
2026-08-11 23:42:21,687 | INFO | [1055/1901] Fetching Manamadurai (MNMI)
2026-08-11 23:42:22,076 | INFO | [1056/1901] Fetching Mananthavady (MAVY)
2026-08-11 23:42:22,682 | INFO |    ↳ Status 200
2026-08-11 23:42:22,682 | INFO |    ✓ Found 8 movies
2026-08-11 23:42:22,683 | INFO | [1057/1901] Fetching Manapparai (MAPI)
2026-08-11 23:42:23,096 | INFO |    ↳ Status 403
2026-08-11 23:42:23,096 | WARNING |    ⚠ Blocked (403) retry 1
2026-08-11 23:42:23,215 | INFO | 🌐 Session warmed
2026-08-11 23:42:23,832 | INFO |    ↳ Status 200
2026-08-11 23:42:23,832 | INFO |    ✓ Found 8 movies
2026-08-11 23:42:23,832 | INFO | [1058/1901] Fetching Manawar (MANW)
2026-08-11 23:42:24,138 | INFO |    ↳ Status 403
2026-08-11 23:42:24,138 | WARNING |    ⚠ Blocked (403) retry 3
2026-08-11 23:42:24,205 | INFO | 🌐 Session warmed
2026-08-11 23:42:24,921 | INFO |    ↳ Status 200
2026-08-11 23:42:24,922 | INFO |    ✓ Found 8 movies
2026-08-11 23:42:24,922 | INFO | [1059/1901] Fetching Mancherial (MANC)
2026-08-11 23:42:25,315 | INFO | [1060/1901] Fetching Mandapeta (MAND)
2026-08-11 23:42:25,609 | INFO |    ↳ Status 403
2026-08-11 23:42:25,609 | WARNING |    ⚠ Blocked (403) retry 2
2026-08-11 23:42:25,676 | INFO | 🌐 Session warmed
2026-08-11 23:42:26,027 | INFO |    ↳ Status 403
2026-08-11 23:42:26,027 | WARNING |    ⚠ Blocked (403) retry 1
2026-08-11 23:42:26,097 | INFO | 🌐 Session warmed
2026-08-11 23:42:26,516 | INFO |    ↳ Status 200
2026-08-11 23:42:26,516 | INFO |    ✓ Found 8 movies
2026-08-11 23:42:26,516 | INFO | [1061/1901] Fetching Mandarmoni (MNWS)
2026-08-11 23:42:27,936 | INFO |    ↳ Status 200
2026-08-11 23:42:27,936 | INFO |    ✓ Found 7 movies
2026-08-11 23:42:27,936 | INFO | [1062/1901] Fetching Mandasa (MDAS)
2026-08-11 23:42:28,135 | INFO |    ↳ Status 403
2026-08-11 23:42:28,135 | WARNING |    ⚠ Blocked (403) retry 2
2026-08-11 23:42:28,198 | INFO | 🌐 Session warmed
2026-08-11 23:42:28,206 | INFO | [1063/1901] Fetching Mandav (MMND)
2026-08-11 23:42:28,369 | INFO |    ↳ Status 403
2026-08-11 23:42:28,369 | WARNING |    ⚠ Blocked (403) retry 3
2026-08-11 23:42:28,456 | INFO | 🌐 Session warmed
2026-08-11 23:42:29,071 | INFO |    ↳ Status 403
2026-08-11 23:42:29,071 | WARNING |    ⚠ Blocked (403) retry 1
2026-08-11 23:42:29,159 | INFO | 🌐 Session warmed
2026-08-11 23:42:29,553 | INFO |    ↳ Status 200
2026-08-11 23:42:29,553 | INFO |    ✓ Found 8 movies
2026-08-11 23:42:29,553 | INFO | [1064/1901] Fetching Mandawa (MARJ)
2026-08-11 23:42:31,175 | INFO |    ↳ Status 403
2026-08-11 23:42:31,175 | WARNING |    ⚠ Blocked (403) retry 2
2026-08-11 23:42:31,254 | INFO | 🌐 Session warmed
2026-08-11 23:42:31,338 | INFO |    ↳ Status 403
2026-08-11 23:42:31,338 | WARNING |    ⚠ Blocked (403) retry 3
2026-08-11 23:42:31,422 | INFO | 🌐 Session warmed
2026-08-11 23:42:31,485 | INFO |    ↳ Status 200
2026-08-11 23:42:31,485 | INFO |    ✓ Found 8 movies
2026-08-11 23:42:31,485 | INFO | [1065/1901] Fetching Mandi (MIHP)
2026-08-11 23:42:32,457 | INFO | [1066/1901] Fetching Mandi Dabwali (DABW)
2026-08-11 23:42:32,641 | INFO |    ↳ Status 200
2026-08-11 23:42:32,641 | INFO |    ✓ Found 8 movies
2026-08-11 23:42:32,641 | INFO | [1067/1901] Fetching Mandi Gobindgarh (MBBH)
2026-08-11 23:42:33,633 | INFO |    ↳ Status 403
2026-08-11 23:42:33,633 | WARNING |    ⚠ Blocked (403) retry 1
2026-08-11 23:42:33,699 | INFO | 🌐 Session warmed
2026-08-11 23:42:33,814 | INFO |    ↳ Status 200
2026-08-11 23:42:33,815 | INFO |    ✓ Found 7 movies
2026-08-11 23:42:33,815 | INFO | [1068/1901] Fetching Mandla (MADL)
2026-08-11 23:42:34,136 | INFO |    ↳ Status 403
2026-08-11 23:42:34,136 | WARNING |    ⚠ Blocked (403) retry 3
2026-08-11 23:42:34,207 | INFO | 🌐 Session warmed
2026-08-11 23:42:35,337 | INFO |    ↳ Status 200
2026-08-11 23:42:35,338 | INFO |    ✓ Found 8 movies
2026-08-11 23:42:35,338 | INFO | [1069/1901] Fetching Mandsaur (MNDS)
2026-08-11 23:42:35,422 | INFO | [1070/1901] Fetching Mandvi (MAVI)
2026-08-11 23:42:35,683 | INFO |    ↳ Status 403
2026-08-11 23:42:35,683 | WARNING |    ⚠ Blocked (403) retry 2
2026-08-11 23:42:35,774 | INFO | 🌐 Session warmed
2026-08-11 23:42:36,246 | INFO |    ↳ Status 403
2026-08-11 23:42:36,246 | WARNING |    ⚠ Blocked (403) retry 1
2026-08-11 23:42:36,328 | INFO | 🌐 Session warmed
2026-08-11 23:42:36,521 | INFO |    ↳ Status 200
2026-08-11 23:42:36,521 | INFO |    ✓ Found 8 movies
2026-08-11 23:42:36,521 | INFO | [1071/1901] Fetching Mandwa (MNDW)
2026-08-11 23:42:37,848 | INFO |    ↳ Status 200
2026-08-11 23:42:37,848 | INFO |    ✓ Found 8 movies
2026-08-11 23:42:37,848 | INFO | [1072/1901] Fetching Mandya (MND)
2026-08-11 23:42:38,208 | INFO | [1073/1901] Fetching Manendragarh (MANE)
2026-08-11 23:42:38,329 | INFO |    ↳ Status 403
2026-08-11 23:42:38,329 | WARNING |    ⚠ Blocked (403) retry 2
2026-08-11 23:42:38,401 | INFO | 🌐 Session warmed
2026-08-11 23:42:38,779 | INFO |    ↳ Status 403
2026-08-11 23:42:38,779 | WARNING |    ⚠ Blocked (403) retry 3
2026-08-11 23:42:38,839 | INFO |    ↳ Status 200
2026-08-11 23:42:38,839 | INFO |    ✓ Found 8 movies
2026-08-11 23:42:38,839 | INFO | [1074/1901] Fetching Mangalagiri (MGLR)
2026-08-11 23:42:38,868 | INFO | 🌐 Session warmed
2026-08-11 23:42:39,019 | INFO |    ↳ Status 403
2026-08-11 23:42:39,019 | WARNING |    ⚠ Blocked (403) retry 1
2026-08-11 23:42:39,088 | INFO | 🌐 Session warmed
2026-08-11 23:42:39,835 | INFO |    ↳ Status 200
2026-08-11 23:42:39,835 | INFO |    ✓ Found 8 movies
2026-08-11 23:42:39,835 | INFO | [1075/1901] Fetching Mangaldoi (MANG)
2026-08-11 23:42:41,117 | INFO |    ↳ Status 403
2026-08-11 23:42:41,117 | WARNING |    ⚠ Blocked (403) retry 2
2026-08-11 23:42:41,154 | INFO |    ↳ Status 200
2026-08-11 23:42:41,154 | INFO |    ✓ Found 8 movies
2026-08-11 23:42:41,154 | INFO | [1076/1901] Fetching Mangaluru (Mangalore) (MLR)
2026-08-11 23:42:41,210 | INFO | 🌐 Session warmed
2026-08-11 23:42:41,599 | INFO |    ↳ Status 403
2026-08-11 23:42:41,599 | WARNING |    ⚠ Blocked (403) retry 3
2026-08-11 23:42:41,669 | INFO | 🌐 Session warmed
2026-08-11 23:42:42,608 | INFO |    ↳ Status 200
2026-08-11 23:42:42,608 | INFO |    ✓ Found 8 movies
2026-08-11 23:42:42,608 | INFO | [1077/1901] Fetching Mangalwedha (MNGW)
2026-08-11 23:42:42,869 | INFO | [1078/1901] Fetching Mangar (MNGR)
2026-08-11 23:42:43,681 | INFO |    ↳ Status 200
2026-08-11 23:42:43,682 | INFO |    ✓ Found 8 movies
2026-08-11 23:42:43,682 | INFO | [1079/1901] Fetching Manikonda (AP) (MNAP)
2026-08-11 23:42:43,937 | INFO |    ↳ Status 403
2026-08-11 23:42:43,937 | WARNING |    ⚠ Blocked (403) retry 1
2026-08-11 23:42:44,023 | INFO | 🌐 Session warmed
2026-08-11 23:42:44,457 | INFO |    ↳ Status 403
2026-08-11 23:42:44,457 | WARNING |    ⚠ Blocked (403) retry 3
2026-08-11 23:42:44,529 | INFO | 🌐 Session warmed
2026-08-11 23:42:45,401 | INFO |    ↳ Status 200
2026-08-11 23:42:45,401 | INFO |    ✓ Found 8 movies
2026-08-11 23:42:45,401 | INFO | [1080/1901] Fetching Manipal (MANI)
2026-08-11 23:42:45,670 | INFO | [1081/1901] Fetching Manjeri (MAJR)
2026-08-11 23:42:46,140 | INFO |    ↳ Status 403
2026-08-11 23:42:46,140 | WARNING |    ⚠ Blocked (403) retry 2
2026-08-11 23:42:46,214 | INFO | 🌐 Session warmed
2026-08-11 23:42:46,708 | INFO |    ↳ Status 403
2026-08-11 23:42:46,708 | WARNING |    ⚠ Blocked (403) retry 1
2026-08-11 23:42:46,778 | INFO | 🌐 Session warmed
2026-08-11 23:42:46,949 | INFO |    ↳ Status 200
2026-08-11 23:42:46,949 | INFO |    ✓ Found 8 movies
2026-08-11 23:42:46,949 | INFO | [1082/1901] Fetching Manmad (MNMD)
2026-08-11 23:42:47,849 | INFO |    ↳ Status 200
2026-08-11 23:42:47,849 | INFO |    ✓ Found 8 movies
2026-08-11 23:42:47,849 | INFO | [1083/1901] Fetching Mannargudi (MANB)
2026-08-11 23:42:48,529 | INFO | [1084/1901] Fetching Mannarkkad (MKKA)
2026-08-11 23:42:48,685 | INFO |    ↳ Status 403
2026-08-11 23:42:48,685 | WARNING |    ⚠ Blocked (403) retry 2
2026-08-11 23:42:48,773 | INFO | 🌐 Session warmed
2026-08-11 23:42:48,988 | INFO |    ↳ Status 403
2026-08-11 23:42:48,988 | WARNING |    ⚠ Blocked (403) retry 3
2026-08-11 23:42:49,064 | INFO | 🌐 Session warmed
2026-08-11 23:42:49,443 | INFO |    ↳ Status 200
2026-08-11 23:42:49,443 | INFO |    ✓ Found 8 movies
2026-08-11 23:42:49,443 | INFO | [1085/1901] Fetching Mannur (MANR)
2026-08-11 23:42:49,453 | INFO |    ↳ Status 403
2026-08-11 23:42:49,453 | WARNING |    ⚠ Blocked (403) retry 1
2026-08-11 23:42:49,546 | INFO | 🌐 Session warmed
2026-08-11 23:42:50,681 | INFO |    ↳ Status 200
2026-08-11 23:42:50,682 | INFO |    ✓ Found 8 movies
2026-08-11 23:42:50,682 | INFO | [1086/1901] Fetching Mansa (MNSA)
2026-08-11 23:42:51,544 | INFO |    ↳ Status 403
2026-08-11 23:42:51,544 | WARNING |    ⚠ Blocked (403) retry 2
2026-08-11 23:42:51,641 | INFO | 🌐 Session warmed
2026-08-11 23:42:51,753 | INFO |    ↳ Status 403
2026-08-11 23:42:51,753 | WARNING |    ⚠ Blocked (403) retry 3
2026-08-11 23:42:51,825 | INFO | 🌐 Session warmed
2026-08-11 23:42:52,580 | INFO |    ↳ Status 200
2026-08-11 23:42:52,580 | INFO |    ✓ Found 7 movies
2026-08-11 23:42:52,580 | INFO | [1087/1901] Fetching Manthani (MATY)
2026-08-11 23:42:53,064 | INFO | [1088/1901] Fetching Manuguru (MNGU)
2026-08-11 23:42:54,016 | INFO |    ↳ Status 200
2026-08-11 23:42:54,016 | INFO |    ✓ Found 8 movies
2026-08-11 23:42:54,016 | INFO | [1089/1901] Fetching Manvi (MLAK)
2026-08-11 23:42:54,199 | INFO |    ↳ Status 403
2026-08-11 23:42:54,200 | WARNING |    ⚠ Blocked (403) retry 1
2026-08-11 23:42:54,286 | INFO | 🌐 Session warmed
2026-08-11 23:42:54,820 | INFO |    ↳ Status 403
2026-08-11 23:42:54,820 | WARNING |    ⚠ Blocked (403) retry 3
2026-08-11 23:42:54,910 | INFO | 🌐 Session warmed
2026-08-11 23:42:55,737 | INFO |    ↳ Status 200
2026-08-11 23:42:55,737 | INFO |    ✓ Found 8 movies
2026-08-11 23:42:55,737 | INFO | [1090/1901] Fetching Maraimalai Nagar (MMNR)
2026-08-11 23:42:55,826 | INFO | [1091/1901] Fetching Marayur (MAYR)
2026-08-11 23:42:56,469 | INFO |    ↳ Status 403
2026-08-11 23:42:56,469 | WARNING |    ⚠ Blocked (403) retry 1
2026-08-11 23:42:56,560 | INFO | 🌐 Session warmed
2026-08-11 23:42:56,649 | INFO |    ↳ Status 403
2026-08-11 23:42:56,650 | WARNING |    ⚠ Blocked (403) retry 2
2026-08-11 23:42:56,737 | INFO | 🌐 Session warmed
2026-08-11 23:42:56,883 | INFO |    ↳ Status 200
2026-08-11 23:42:56,883 | INFO |    ✓ Found 8 movies
2026-08-11 23:42:56,883 | INFO | [1092/1901] Fetching Margao (MARG)
2026-08-11 23:42:57,894 | INFO |    ↳ Status 200
2026-08-11 23:42:57,894 | INFO |    ✓ Found 5 movies
2026-08-11 23:42:57,894 | INFO | [1093/1901] Fetching Margherita (MARH)
2026-08-11 23:42:58,768 | INFO |    ↳ Status 403
2026-08-11 23:42:58,768 | WARNING |    ⚠ Blocked (403) retry 2
2026-08-11 23:42:58,840 | INFO | 🌐 Session warmed
2026-08-11 23:42:58,910 | INFO | [1094/1901] Fetching Markapur (MARK)
2026-08-11 23:42:59,260 | INFO |    ↳ Status 200
2026-08-11 23:42:59,261 | INFO |    ✓ Found 8 movies
2026-08-11 23:42:59,261 | INFO | [1095/1901] Fetching Marpalle (MRPL)
2026-08-11 23:42:59,438 | INFO |    ↳ Status 403
2026-08-11 23:42:59,438 | WARNING |    ⚠ Blocked (403) retry 3
2026-08-11 23:42:59,505 | INFO | 🌐 Session warmed
2026-08-11 23:42:59,711 | INFO |    ↳ Status 403
2026-08-11 23:42:59,711 | WARNING |    ⚠ Blocked (403) retry 1
2026-08-11 23:42:59,795 | INFO | 🌐 Session warmed
2026-08-11 23:43:00,891 | INFO |    ↳ Status 200
2026-08-11 23:43:00,891 | INFO |    ✓ Found 8 movies
2026-08-11 23:43:00,891 | INFO | [1096/1901] Fetching Marripeda (MARR)
2026-08-11 23:43:01,581 | INFO |    ↳ Status 403
2026-08-11 23:43:01,581 | WARNING |    ⚠ Blocked (403) retry 3
2026-08-11 23:43:01,669 | INFO | 🌐 Session warmed
2026-08-11 23:43:01,823 | INFO |    ↳ Status 403
2026-08-11 23:43:01,823 | WARNING |    ⚠ Blocked (403) retry 2
2026-08-11 23:43:01,911 | INFO | 🌐 Session warmed
2026-08-11 23:43:02,415 | INFO |    ↳ Status 200
2026-08-11 23:43:02,415 | INFO |    ✓ Found 8 movies
2026-08-11 23:43:02,416 | INFO | [1097/1901] Fetching Marthandam (MRDM)
2026-08-11 23:43:03,505 | INFO | [1098/1901] Fetching Martur (MART)
2026-08-11 23:43:03,721 | INFO |    ↳ Status 200
2026-08-11 23:43:03,721 | INFO |    ✓ Found 8 movies
2026-08-11 23:43:03,722 | INFO | [1099/1901] Fetching Maslandapur (MASL)
2026-08-11 23:43:04,495 | INFO |    ↳ Status 403
2026-08-11 23:43:04,495 | WARNING |    ⚠ Blocked (403) retry 1
2026-08-11 23:43:04,536 | INFO |    ↳ Status 403
2026-08-11 23:43:04,537 | WARNING |    ⚠ Blocked (403) retry 3
2026-08-11 23:43:04,608 | INFO | 🌐 Session warmed
2026-08-11 23:43:04,621 | INFO | 🌐 Session warmed
2026-08-11 23:43:04,748 | INFO |    ↳ Status 200
2026-08-11 23:43:04,749 | INFO |    ✓ Found 8 movies
2026-08-11 23:43:04,749 | INFO | [1100/1901] Fetching Math Chandipur (MPUR)
2026-08-11 23:43:05,670 | INFO | [1101/1901] Fetching Mathabhanga (MABH)
2026-08-11 23:43:06,033 | INFO |    ↳ Status 200
2026-08-11 23:43:06,034 | INFO |    ✓ Found 7 movies
2026-08-11 23:43:06,034 | INFO | [1102/1901] Fetching Mathura (MATH)
2026-08-11 23:43:06,605 | INFO |    ↳ Status 403
2026-08-11 23:43:06,605 | WARNING |    ⚠ Blocked (403) retry 1
2026-08-11 23:43:06,671 | INFO | 🌐 Session warmed
2026-08-11 23:43:06,990 | INFO |    ↳ Status 403
2026-08-11 23:43:06,990 | WARNING |    ⚠ Blocked (403) retry 2
2026-08-11 23:43:07,077 | INFO | 🌐 Session warmed
2026-08-11 23:43:07,300 | INFO |    ↳ Status 200
2026-08-11 23:43:07,300 | INFO |    ✓ Found 8 movies
2026-08-11 23:43:07,300 | INFO | [1103/1901] Fetching Mattannur (MATT)
2026-08-11 23:43:08,383 | INFO |    ↳ Status 200
2026-08-11 23:43:08,383 | INFO |    ✓ Found 8 movies
2026-08-11 23:43:08,383 | INFO | [1104/1901] Fetching Mau (MAAU)
2026-08-11 23:43:08,622 | INFO | [1105/1901] Fetching Mavelikkara (MVLR)
2026-08-11 23:43:08,624 | INFO |    ↳ Status 403
2026-08-11 23:43:08,624 | WARNING |    ⚠ Blocked (403) retry 2
2026-08-11 23:43:08,692 | INFO | 🌐 Session warmed
2026-08-11 23:43:09,509 | INFO |    ↳ Status 200
2026-08-11 23:43:09,509 | INFO |    ✓ Found 8 movies
2026-08-11 23:43:09,510 | INFO | [1106/1901] Fetching Mayannur (MAYA)
2026-08-11 23:43:09,871 | INFO |    ↳ Status 403
2026-08-11 23:43:09,871 | WARNING |    ⚠ Blocked (403) retry 1
2026-08-11 23:43:09,961 | INFO | 🌐 Session warmed
2026-08-11 23:43:10,121 | INFO |    ↳ Status 403
2026-08-11 23:43:10,121 | WARNING |    ⚠ Blocked (403) retry 3
2026-08-11 23:43:10,208 | INFO | 🌐 Session warmed
2026-08-11 23:43:10,698 | INFO |    ↳ Status 200
2026-08-11 23:43:10,698 | INFO |    ✓ Found 8 movies
2026-08-11 23:43:10,698 | INFO | [1107/1901] Fetching Mayiladuthurai (MAYI)
2026-08-11 23:43:11,665 | INFO |    ↳ Status 403
2026-08-11 23:43:11,666 | WARNING |    ⚠ Blocked (403) retry 3
2026-08-11 23:43:11,669 | INFO |    ↳ Status 200
2026-08-11 23:43:11,669 | INFO |    ✓ Found 8 movies
2026-08-11 23:43:11,669 | INFO | [1108/1901] Fetching Medak (MDAK)
2026-08-11 23:43:11,748 | INFO | 🌐 Session warmed
2026-08-11 23:43:12,357 | INFO |    ↳ Status 403
2026-08-11 23:43:12,357 | WARNING |    ⚠ Blocked (403) retry 2
2026-08-11 23:43:12,425 | INFO | 🌐 Session warmed
2026-08-11 23:43:12,616 | INFO |    ↳ Status 200
2026-08-11 23:43:12,617 | INFO |    ✓ Found 8 movies
2026-08-11 23:43:12,617 | INFO | [1109/1901] Fetching Medarametla (MDRM)
2026-08-11 23:43:14,208 | INFO | [1110/1901] Fetching Medchal (MDCH)
2026-08-11 23:43:14,896 | INFO |    ↳ Status 403
2026-08-11 23:43:14,896 | WARNING |    ⚠ Blocked (403) retry 1
2026-08-11 23:43:14,979 | INFO | 🌐 Session warmed
2026-08-11 23:43:15,087 | INFO |    ↳ Status 200
2026-08-11 23:43:15,087 | INFO |    ✓ Found 8 movies
2026-08-11 23:43:15,087 | INFO | [1111/1901] Fetching Medininagar (FFF)
2026-08-11 23:43:15,285 | INFO |    ↳ Status 403
2026-08-11 23:43:15,285 | WARNING |    ⚠ Blocked (403) retry 3
2026-08-11 23:43:15,364 | INFO | 🌐 Session warmed
2026-08-11 23:43:15,748 | INFO | [1112/1901] Fetching Meerut (MERT)
2026-08-11 23:43:16,013 | INFO |    ↳ Status 200
2026-08-11 23:43:16,013 | INFO |    ✓ Found 8 movies
2026-08-11 23:43:16,013 | INFO | [1113/1901] Fetching Mehkar (MEHK)
2026-08-11 23:43:16,610 | INFO |    ↳ Status 403
2026-08-11 23:43:16,610 | WARNING |    ⚠ Blocked (403) retry 2
2026-08-11 23:43:16,687 | INFO | 🌐 Session warmed
2026-08-11 23:43:16,697 | INFO |    ↳ Status 403
2026-08-11 23:43:16,697 | WARNING |    ⚠ Blocked (403) retry 1
2026-08-11 23:43:16,768 | INFO | 🌐 Session warmed
2026-08-11 23:43:17,083 | INFO |    ↳ Status 200
2026-08-11 23:43:17,083 | INFO |    ✓ Found 8 movies
2026-08-11 23:43:17,083 | INFO | [1114/1901] Fetching Mehsana (MEHS)
2026-08-11 23:43:18,153 | INFO |    ↳ Status 200
2026-08-11 23:43:18,153 | INFO |    ✓ Found 8 movies
2026-08-11 23:43:18,153 | INFO | [1115/1901] Fetching Melattur (MELA)
2026-08-11 23:43:18,477 | INFO |    ↳ Status 403
2026-08-11 23:43:18,477 | WARNING |    ⚠ Blocked (403) retry 2
2026-08-11 23:43:18,541 | INFO | 🌐 Session warmed
2026-08-11 23:43:19,158 | INFO |    ↳ Status 200
2026-08-11 23:43:19,158 | INFO |    ✓ Found 8 movies
2026-08-11 23:43:19,158 | INFO | [1116/1901] Fetching Melli (MELL)
2026-08-11 23:43:19,364 | INFO | [1117/1901] Fetching Memari (MMRR)
2026-08-11 23:43:19,841 | INFO |    ↳ Status 403
2026-08-11 23:43:19,841 | WARNING |    ⚠ Blocked (403) retry 3
2026-08-11 23:43:19,992 | INFO | 🌐 Session warmed
2026-08-11 23:43:20,352 | INFO |    ↳ Status 403
2026-08-11 23:43:20,352 | WARNING |    ⚠ Blocked (403) retry 1
2026-08-11 23:43:20,444 | INFO | 🌐 Session warmed
2026-08-11 23:43:20,738 | INFO |    ↳ Status 200
2026-08-11 23:43:20,738 | INFO |    ✓ Found 8 movies
2026-08-11 23:43:20,738 | INFO | [1118/1901] Fetching Metpally (METT)
2026-08-11 23:43:21,518 | INFO |    ↳ Status 403
2026-08-11 23:43:21,518 | WARNING |    ⚠ Blocked (403) retry 3
2026-08-11 23:43:21,586 | INFO | 🌐 Session warmed
2026-08-11 23:43:21,913 | INFO |    ↳ Status 200
2026-08-11 23:43:21,913 | INFO |    ✓ Found 8 movies
2026-08-11 23:43:21,913 | INFO | [1119/1901] Fetching Mettuppalayam (MTPM)
2026-08-11 23:43:22,260 | INFO |    ↳ Status 403
2026-08-11 23:43:22,260 | WARNING |    ⚠ Blocked (403) retry 2
2026-08-11 23:43:22,341 | INFO | 🌐 Session warmed
2026-08-11 23:43:22,974 | INFO |    ↳ Status 200
2026-08-11 23:43:22,974 | INFO |    ✓ Found 8 movies
2026-08-11 23:43:22,974 | INFO | [1120/1901] Fetching Mettur (METZ)
2026-08-11 23:43:23,992 | INFO | [1121/1901] Fetching Mhow (MHOW)
2026-08-11 23:43:24,297 | INFO |    ↳ Status 200
2026-08-11 23:43:24,297 | INFO |    ✓ Found 8 movies
2026-08-11 23:43:24,297 | INFO | [1122/1901] Fetching Midnapore (MDIP)
2026-08-11 23:43:25,126 | INFO |    ↳ Status 403
2026-08-11 23:43:25,126 | WARNING |    ⚠ Blocked (403) retry 1
2026-08-11 23:43:25,202 | INFO | 🌐 Session warmed
2026-08-11 23:43:25,570 | INFO |    ↳ Status 403
2026-08-11 23:43:25,570 | WARNING |    ⚠ Blocked (403) retry 3
2026-08-11 23:43:25,587 | INFO | [1123/1901] Fetching Miraj (MIRJ)
2026-08-11 23:43:25,643 | INFO | 🌐 Session warmed
2026-08-11 23:43:25,914 | INFO |    ↳ Status 200
2026-08-11 23:43:25,914 | INFO |    ✓ Found 8 movies
2026-08-11 23:43:25,914 | INFO | [1124/1901] Fetching Mirganj (MRGJ)
2026-08-11 23:43:26,752 | INFO |    ↳ Status 403
2026-08-11 23:43:26,752 | WARNING |    ⚠ Blocked (403) retry 1
2026-08-11 23:43:26,830 | INFO | 🌐 Session warmed
2026-08-11 23:43:27,225 | INFO |    ↳ Status 200
2026-08-11 23:43:27,225 | INFO |    ✓ Found 8 movies
2026-08-11 23:43:27,225 | INFO | [1125/1901] Fetching Miryalaguda (MRGD)
2026-08-11 23:43:27,246 | INFO |    ↳ Status 403
2026-08-11 23:43:27,246 | WARNING |    ⚠ Blocked (403) retry 2
2026-08-11 23:43:27,320 | INFO | 🌐 Session warmed
2026-08-11 23:43:28,367 | INFO |    ↳ Status 200
2026-08-11 23:43:28,367 | INFO |    ✓ Found 8 movies
2026-08-11 23:43:28,368 | INFO | [1126/1901] Fetching Mirzapur (MIZP)
2026-08-11 23:43:29,046 | INFO |    ↳ Status 403
2026-08-11 23:43:29,046 | WARNING |    ⚠ Blocked (403) retry 2
2026-08-11 23:43:29,146 | INFO | 🌐 Session warmed
2026-08-11 23:43:29,313 | INFO |    ↳ Status 200
2026-08-11 23:43:29,313 | INFO |    ✓ Found 8 movies
2026-08-11 23:43:29,313 | INFO | [1127/1901] Fetching Moga (MOGA)
2026-08-11 23:43:29,643 | INFO | [1128/1901] Fetching Mohali (MOHL)
2026-08-11 23:43:30,210 | INFO |    ↳ Status 403
2026-08-11 23:43:30,210 | WARNING |    ⚠ Blocked (403) retry 3
2026-08-11 23:43:30,303 | INFO | 🌐 Session warmed
2026-08-11 23:43:30,769 | INFO |    ↳ Status 403
2026-08-11 23:43:30,769 | WARNING |    ⚠ Blocked (403) retry 1
2026-08-11 23:43:30,837 | INFO | 🌐 Session warmed
2026-08-11 23:43:30,895 | INFO |    ↳ Status 200
2026-08-11 23:43:30,895 | INFO |    ✓ Found 7 movies
2026-08-11 23:43:30,896 | INFO | [1129/1901] Fetching Mokama (MOKA)
2026-08-11 23:43:31,849 | INFO |    ↳ Status 403
2026-08-11 23:43:31,849 | WARNING |    ⚠ Blocked (403) retry 3
2026-08-11 23:43:31,927 | INFO | 🌐 Session warmed
2026-08-11 23:43:32,231 | INFO |    ↳ Status 200
2026-08-11 23:43:32,231 | INFO |    ✓ Found 8 movies
2026-08-11 23:43:32,231 | INFO | [1130/1901] Fetching Molakalmuru (MOLA)
2026-08-11 23:43:33,017 | INFO |    ↳ Status 403
2026-08-11 23:43:33,017 | WARNING |    ⚠ Blocked (403) retry 2
2026-08-11 23:43:33,102 | INFO | 🌐 Session warmed
2026-08-11 23:43:33,933 | INFO |    ↳ Status 200
2026-08-11 23:43:33,933 | INFO |    ✓ Found 8 movies
2026-08-11 23:43:33,933 | INFO | [1131/1901] Fetching Mominpet (MOMT)
2026-08-11 23:43:34,303 | INFO | [1132/1901] Fetching Moodbidri (MOOD)
2026-08-11 23:43:35,477 | INFO |    ↳ Status 403
2026-08-11 23:43:35,477 | WARNING |    ⚠ Blocked (403) retry 1
2026-08-11 23:43:35,562 | INFO | 🌐 Session warmed
2026-08-11 23:43:35,603 | INFO |    ↳ Status 200
2026-08-11 23:43:35,603 | INFO |    ✓ Found 8 movies
2026-08-11 23:43:35,603 | INFO | [1133/1901] Fetching Moradabad (MORA)
2026-08-11 23:43:35,928 | INFO | [1134/1901] Fetching Moranhat (MORH)
2026-08-11 23:43:36,037 | INFO |    ↳ Status 403
2026-08-11 23:43:36,037 | WARNING |    ⚠ Blocked (403) retry 3
2026-08-11 23:43:36,119 | INFO | 🌐 Session warmed
2026-08-11 23:43:37,064 | INFO |    ↳ Status 200
2026-08-11 23:43:37,065 | INFO |    ✓ Found 8 movies
2026-08-11 23:43:37,065 | INFO | [1135/1901] Fetching Morbi (MOBI)
2026-08-11 23:43:37,297 | INFO |    ↳ Status 403
2026-08-11 23:43:37,297 | WARNING |    ⚠ Blocked (403) retry 1
2026-08-11 23:43:37,381 | INFO | 🌐 Session warmed
2026-08-11 23:43:37,446 | INFO |    ↳ Status 403
2026-08-11 23:43:37,446 | WARNING |    ⚠ Blocked (403) retry 2
2026-08-11 23:43:37,513 | INFO | 🌐 Session warmed
2026-08-11 23:43:38,378 | INFO |    ↳ Status 200
2026-08-11 23:43:38,379 | INFO |    ✓ Found 8 movies
2026-08-11 23:43:38,379 | INFO | [1136/1901] Fetching Morena (MRMP)
2026-08-11 23:43:39,068 | INFO |    ↳ Status 403
2026-08-11 23:43:39,068 | WARNING |    ⚠ Blocked (403) retry 2
2026-08-11 23:43:39,141 | INFO | 🌐 Session warmed
2026-08-11 23:43:39,908 | INFO |    ↳ Status 200
2026-08-11 23:43:39,909 | INFO |    ✓ Found 8 movies
2026-08-11 23:43:39,909 | INFO | [1137/1901] Fetching Morigaon (MRGO)
2026-08-11 23:43:40,119 | INFO | [1138/1901] Fetching Morinda (MORI)
2026-08-11 23:43:40,915 | INFO |    ↳ Status 403
2026-08-11 23:43:40,915 | WARNING |    ⚠ Blocked (403) retry 3
2026-08-11 23:43:40,924 | INFO |    ↳ Status 200
2026-08-11 23:43:40,924 | INFO |    ✓ Found 8 movies
2026-08-11 23:43:40,924 | INFO | [1139/1901] Fetching Mothkur (MTKR)
2026-08-11 23:43:40,997 | INFO | 🌐 Session warmed
2026-08-11 23:43:41,523 | INFO |    ↳ Status 403
2026-08-11 23:43:41,523 | WARNING |    ⚠ Blocked (403) retry 1
2026-08-11 23:43:41,618 | INFO | 🌐 Session warmed
2026-08-11 23:43:42,344 | INFO |    ↳ Status 200
2026-08-11 23:43:42,345 | INFO |    ✓ Found 8 movies
2026-08-11 23:43:42,345 | INFO | [1140/1901] Fetching Motihari (MOTI)
2026-08-11 23:43:42,524 | INFO |    ↳ Status 403
2026-08-11 23:43:42,524 | WARNING |    ⚠ Blocked (403) retry 3
2026-08-11 23:43:42,595 | INFO | 🌐 Session warmed
2026-08-11 23:43:43,615 | INFO |    ↳ Status 200
2026-08-11 23:43:43,615 | INFO |    ✓ Found 8 movies
2026-08-11 23:43:43,616 | INFO | [1141/1901] Fetching Moyna (MAYN)
2026-08-11 23:43:43,639 | INFO |    ↳ Status 403
2026-08-11 23:43:43,639 | WARNING |    ⚠ Blocked (403) retry 2
2026-08-11 23:43:43,721 | INFO | 🌐 Session warmed
2026-08-11 23:43:44,998 | INFO | [1142/1901] Fetching Mudalagi (MUDG)
2026-08-11 23:43:45,109 | INFO |    ↳ Status 200
2026-08-11 23:43:45,109 | INFO |    ✓ Found 7 movies
2026-08-11 23:43:45,109 | INFO | [1143/1901] Fetching Muddebihal (MUDD)
2026-08-11 23:43:45,871 | INFO |    ↳ Status 403
2026-08-11 23:43:45,871 | WARNING |    ⚠ Blocked (403) retry 1
2026-08-11 23:43:45,937 | INFO | 🌐 Session warmed
2026-08-11 23:43:46,415 | INFO |    ↳ Status 200
2026-08-11 23:43:46,415 | INFO |    ✓ Found 8 movies
2026-08-11 23:43:46,415 | INFO | [1144/1901] Fetching Mudhol (MUDL)
2026-08-11 23:43:46,588 | INFO |    ↳ Status 403
2026-08-11 23:43:46,588 | WARNING |    ⚠ Blocked (403) retry 3
2026-08-11 23:43:46,595 | INFO | [1145/1901] Fetching Mudigere (MDGR)
2026-08-11 23:43:46,680 | INFO | 🌐 Session warmed
2026-08-11 23:43:47,408 | INFO |    ↳ Status 200
2026-08-11 23:43:47,408 | INFO |    ✓ Found 8 movies
2026-08-11 23:43:47,408 | INFO | [1146/1901] Fetching Mughalsarai (MGSI)
2026-08-11 23:43:47,469 | INFO |    ↳ Status 403
2026-08-11 23:43:47,469 | WARNING |    ⚠ Blocked (403) retry 1
2026-08-11 23:43:47,541 | INFO | 🌐 Session warmed
2026-08-11 23:43:47,569 | INFO |    ↳ Status 403
2026-08-11 23:43:47,569 | WARNING |    ⚠ Blocked (403) retry 2
2026-08-11 23:43:47,654 | INFO | 🌐 Session warmed
2026-08-11 23:43:48,913 | INFO |    ↳ Status 200
2026-08-11 23:43:48,913 | INFO |    ✓ Found 8 movies
2026-08-11 23:43:48,913 | INFO | [1147/1901] Fetching Mukerian (MUKE)
2026-08-11 23:43:49,703 | INFO |    ↳ Status 403
2026-08-11 23:43:49,703 | WARNING |    ⚠ Blocked (403) retry 2
2026-08-11 23:43:49,792 | INFO | 🌐 Session warmed
2026-08-11 23:43:50,186 | INFO |    ↳ Status 200
2026-08-11 23:43:50,186 | INFO |    ✓ Found 7 movies
2026-08-11 23:43:50,187 | INFO | [1148/1901] Fetching Mukkam (MUKM)
2026-08-11 23:43:50,538 | INFO |    ↳ Status 403
2026-08-11 23:43:50,538 | WARNING |    ⚠ Blocked (403) retry 3
2026-08-11 23:43:50,631 | INFO | 🌐 Session warmed
2026-08-11 23:43:50,680 | INFO | [1149/1901] Fetching Muktsar (MKST)
2026-08-11 23:43:51,430 | INFO |    ↳ Status 200
2026-08-11 23:43:51,430 | INFO |    ✓ Found 8 movies
2026-08-11 23:43:51,431 | INFO | [1150/1901] Fetching Mulbagal (MULB)
2026-08-11 23:43:52,014 | INFO |    ↳ Status 403
2026-08-11 23:43:52,014 | WARNING |    ⚠ Blocked (403) retry 1
2026-08-11 23:43:52,086 | INFO | 🌐 Session warmed
2026-08-11 23:43:52,498 | INFO |    ↳ Status 403
2026-08-11 23:43:52,498 | WARNING |    ⚠ Blocked (403) retry 3
2026-08-11 23:43:52,502 | INFO |    ↳ Status 200
2026-08-11 23:43:52,502 | INFO |    ✓ Found 8 movies
2026-08-11 23:43:52,502 | INFO | [1151/1901] Fetching Mulkanoor (MULK)
2026-08-11 23:43:52,595 | INFO | 🌐 Session warmed
2026-08-11 23:43:53,952 | INFO |    ↳ Status 200
2026-08-11 23:43:53,952 | INFO |    ✓ Found 8 movies
2026-08-11 23:43:53,952 | INFO | [1152/1901] Fetching Mullanpur (MULL)
2026-08-11 23:43:54,424 | INFO |    ↳ Status 403
2026-08-11 23:43:54,424 | WARNING |    ⚠ Blocked (403) retry 2
2026-08-11 23:43:54,506 | INFO | 🌐 Session warmed
2026-08-11 23:43:54,631 | INFO | [1153/1901] Fetching Mulleria (MULZ)
2026-08-11 23:43:55,407 | INFO |    ↳ Status 200
2026-08-11 23:43:55,407 | INFO |    ✓ Found 7 movies
2026-08-11 23:43:55,407 | INFO | [1154/1901] Fetching Mulugu (MULU)
2026-08-11 23:43:55,483 | INFO |    ↳ Status 403
2026-08-11 23:43:55,483 | WARNING |    ⚠ Blocked (403) retry 1
2026-08-11 23:43:55,558 | INFO | 🌐 Session warmed
2026-08-11 23:43:56,399 | INFO |    ↳ Status 200
2026-08-11 23:43:56,399 | INFO |    ✓ Found 8 movies
2026-08-11 23:43:56,399 | INFO | [1155/1901] Fetching Mulugu Ghanpur (GHNP)
2026-08-11 23:43:56,596 | INFO | [1156/1901] Fetching Mummidivaram (MUMM)
2026-08-11 23:43:57,295 | INFO |    ↳ Status 403
2026-08-11 23:43:57,295 | WARNING |    ⚠ Blocked (403) retry 1
2026-08-11 23:43:57,390 | INFO | 🌐 Session warmed
2026-08-11 23:43:57,684 | INFO |    ↳ Status 403
2026-08-11 23:43:57,684 | WARNING |    ⚠ Blocked (403) retry 2
2026-08-11 23:43:57,754 | INFO | 🌐 Session warmed
2026-08-11 23:43:57,779 | INFO |    ↳ Status 403
2026-08-11 23:43:57,779 | WARNING |    ⚠ Blocked (403) retry 3
2026-08-11 23:43:57,867 | INFO | 🌐 Session warmed
2026-08-11 23:43:58,277 | INFO |    ↳ Status 200
2026-08-11 23:43:58,277 | INFO |    ✓ Found 8 movies
2026-08-11 23:43:58,277 | INFO | [1157/1901] Fetching Mundakayam (MUAM)
2026-08-11 23:43:59,638 | INFO |    ↳ Status 403
2026-08-11 23:43:59,638 | WARNING |    ⚠ Blocked (403) retry 2
2026-08-11 23:43:59,735 | INFO | 🌐 Session warmed
2026-08-11 23:43:59,810 | INFO |    ↳ Status 200
2026-08-11 23:43:59,811 | INFO |    ✓ Found 8 movies
2026-08-11 23:43:59,811 | INFO | [1158/1901] Fetching Mundargi (MNDR)
2026-08-11 23:44:00,917 | INFO |    ↳ Status 403
2026-08-11 23:44:00,917 | WARNING |    ⚠ Blocked (403) retry 3
2026-08-11 23:44:01,013 | INFO | 🌐 Session warmed
2026-08-11 23:44:01,659 | INFO |    ↳ Status 200
2026-08-11 23:44:01,659 | INFO |    ✓ Found 8 movies
2026-08-11 23:44:01,659 | INFO | [1159/1901] Fetching Mundra (MUDA)
2026-08-11 23:44:01,867 | INFO | [1160/1901] Fetching Mungra Badshahpur (BDPR)
2026-08-11 23:44:02,717 | INFO |    ↳ Status 403
2026-08-11 23:44:02,717 | WARNING |    ⚠ Blocked (403) retry 1
2026-08-11 23:44:02,759 | INFO |    ↳ Status 403
2026-08-11 23:44:02,760 | WARNING |    ⚠ Blocked (403) retry 3
2026-08-11 23:44:02,796 | INFO | 🌐 Session warmed
2026-08-11 23:44:02,850 | INFO | 🌐 Session warmed
2026-08-11 23:44:03,140 | INFO |    ↳ Status 200
2026-08-11 23:44:03,140 | INFO |    ✓ Found 8 movies
2026-08-11 23:44:03,140 | INFO | [1161/1901] Fetching Muniguda (MUNI)
2026-08-11 23:44:04,124 | INFO |    ↳ Status 200
2026-08-11 23:44:04,124 | INFO |    ✓ Found 8 movies
2026-08-11 23:44:04,124 | INFO | [1162/1901] Fetching Muradnagar (MRDG)
2026-08-11 23:44:04,898 | INFO |    ↳ Status 403
2026-08-11 23:44:04,899 | WARNING |    ⚠ Blocked (403) retry 2
2026-08-11 23:44:04,996 | INFO | 🌐 Session warmed
2026-08-11 23:44:05,013 | INFO | [1163/1901] Fetching Murshidabad (MURS)
2026-08-11 23:44:05,638 | INFO |    ↳ Status 403
2026-08-11 23:44:05,638 | WARNING |    ⚠ Blocked (403) retry 1
2026-08-11 23:44:05,714 | INFO | 🌐 Session warmed
2026-08-11 23:44:05,786 | INFO |    ↳ Status 200
2026-08-11 23:44:05,786 | INFO |    ✓ Found 8 movies
2026-08-11 23:44:05,786 | INFO | [1164/1901] Fetching Murtizapur (MUUR)
2026-08-11 23:44:06,836 | INFO |    ↳ Status 200
2026-08-11 23:44:06,837 | INFO |    ✓ Found 8 movies
2026-08-11 23:44:06,837 | INFO | [1165/1901] Fetching Musiri (MUSI)
2026-08-11 23:44:06,850 | INFO | [1166/1901] Fetching Mussoorie (MSS)
2026-08-11 23:44:07,437 | INFO |    ↳ Status 403
2026-08-11 23:44:07,437 | WARNING |    ⚠ Blocked (403) retry 2
2026-08-11 23:44:07,514 | INFO | 🌐 Session warmed
2026-08-11 23:44:07,979 | INFO |    ↳ Status 200
2026-08-11 23:44:07,979 | INFO |    ✓ Found 8 movies
2026-08-11 23:44:07,979 | INFO | [1167/1901] Fetching Muvattupuzha (MUVA)
2026-08-11 23:44:08,093 | INFO |    ↳ Status 403
2026-08-11 23:44:08,093 | WARNING |    ⚠ Blocked (403) retry 3
2026-08-11 23:44:08,182 | INFO | 🌐 Session warmed
2026-08-11 23:44:08,199 | INFO |    ↳ Status 403
2026-08-11 23:44:08,200 | WARNING |    ⚠ Blocked (403) retry 1
2026-08-11 23:44:08,267 | INFO | 🌐 Session warmed
2026-08-11 23:44:09,377 | INFO |    ↳ Status 200
2026-08-11 23:44:09,377 | INFO |    ✓ Found 8 movies
2026-08-11 23:44:09,377 | INFO | [1168/1901] Fetching Muzaffarnagar (MUZ)
2026-08-11 23:44:10,181 | INFO |    ↳ Status 403
2026-08-11 23:44:10,182 | WARNING |    ⚠ Blocked (403) retry 2
2026-08-11 23:44:10,268 | INFO | 🌐 Session warmed
2026-08-11 23:44:10,425 | INFO |    ↳ Status 403
2026-08-11 23:44:10,425 | WARNING |    ⚠ Blocked (403) retry 3
2026-08-11 23:44:10,508 | INFO | 🌐 Session warmed
2026-08-11 23:44:10,981 | INFO |    ↳ Status 200
2026-08-11 23:44:10,981 | INFO |    ✓ Found 8 movies
2026-08-11 23:44:10,981 | INFO | [1169/1901] Fetching Muzaffarpur (MUZA)
2026-08-11 23:44:12,183 | INFO | [1170/1901] Fetching Mydukur (MYDU)
2026-08-11 23:44:12,424 | INFO |    ↳ Status 200
2026-08-11 23:44:12,424 | INFO |    ✓ Found 8 movies
2026-08-11 23:44:12,424 | INFO | [1171/1901] Fetching Mylavaram (MYLA)
2026-08-11 23:44:12,931 | INFO |    ↳ Status 403
2026-08-11 23:44:12,932 | WARNING |    ⚠ Blocked (403) retry 3
2026-08-11 23:44:12,955 | INFO |    ↳ Status 403
2026-08-11 23:44:12,955 | WARNING |    ⚠ Blocked (403) retry 1
2026-08-11 23:44:13,029 | INFO | 🌐 Session warmed
2026-08-11 23:44:13,039 | INFO | 🌐 Session warmed
2026-08-11 23:44:13,640 | INFO |    ↳ Status 200
2026-08-11 23:44:13,640 | INFO |    ✓ Found 8 movies
2026-08-11 23:44:13,640 | INFO | [1172/1901] Fetching Mysuru (Mysore) (MYS)
2026-08-11 23:44:14,508 | INFO | [1173/1901] Fetching Nabadwip (NABB)
2026-08-11 23:44:15,223 | INFO |    ↳ Status 403
2026-08-11 23:44:15,223 | WARNING |    ⚠ Blocked (403) retry 2
2026-08-11 23:44:15,242 | INFO |    ↳ Status 200
2026-08-11 23:44:15,243 | INFO |    ✓ Found 8 movies
2026-08-11 23:44:15,243 | INFO | [1174/1901] Fetching Nabarangpur (NAGU)
2026-08-11 23:44:15,312 | INFO | 🌐 Session warmed
2026-08-11 23:44:15,649 | INFO |    ↳ Status 403
2026-08-11 23:44:15,650 | WARNING |    ⚠ Blocked (403) retry 1
2026-08-11 23:44:15,719 | INFO | 🌐 Session warmed
2026-08-11 23:44:16,906 | INFO |    ↳ Status 200
2026-08-11 23:44:16,906 | INFO |    ✓ Found 8 movies
2026-08-11 23:44:16,906 | INFO | [1175/1901] Fetching Nabha (NABH)
2026-08-11 23:44:17,029 | INFO | [1176/1901] Fetching Nadia (NDWB)
2026-08-11 23:44:17,822 | INFO |    ↳ Status 403
2026-08-11 23:44:17,822 | WARNING |    ⚠ Blocked (403) retry 2
2026-08-11 23:44:17,906 | INFO | 🌐 Session warmed
2026-08-11 23:44:18,018 | INFO |    ↳ Status 403
2026-08-11 23:44:18,018 | WARNING |    ⚠ Blocked (403) retry 1
2026-08-11 23:44:18,101 | INFO | 🌐 Session warmed
2026-08-11 23:44:18,362 | INFO |    ↳ Status 200
2026-08-11 23:44:18,363 | INFO |    ✓ Found 7 movies
2026-08-11 23:44:18,363 | INFO | [1177/1901] Fetching Nadiad (NADI)
2026-08-11 23:44:18,667 | INFO |    ↳ Status 403
2026-08-11 23:44:18,667 | WARNING |    ⚠ Blocked (403) retry 3
2026-08-11 23:44:18,742 | INFO | 🌐 Session warmed
2026-08-11 23:44:19,704 | INFO |    ↳ Status 200
2026-08-11 23:44:19,704 | INFO |    ✓ Found 8 movies
2026-08-11 23:44:19,704 | INFO | [1178/1901] Fetching Nagamangala (NAGA)
2026-08-11 23:44:19,732 | INFO |    ↳ Status 403
2026-08-11 23:44:19,732 | WARNING |    ⚠ Blocked (403) retry 2
2026-08-11 23:44:19,816 | INFO | 🌐 Session warmed
2026-08-11 23:44:20,890 | INFO |    ↳ Status 200
2026-08-11 23:44:20,890 | INFO |    ✓ Found 8 movies
2026-08-11 23:44:20,890 | INFO | [1179/1901] Fetching Nagaon (NAAM)
2026-08-11 23:44:21,204 | INFO |    ↳ Status 403
2026-08-11 23:44:21,204 | WARNING |    ⚠ Blocked (403) retry 3
2026-08-11 23:44:21,278 | INFO | 🌐 Session warmed
2026-08-11 23:44:22,079 | INFO |    ↳ Status 200
2026-08-11 23:44:22,079 | INFO |    ✓ Found 8 movies
2026-08-11 23:44:22,079 | INFO | [1180/1901] Fetching Nagapattinam (NGPT)
2026-08-11 23:44:22,711 | INFO |    ↳ Status 403
2026-08-11 23:44:22,711 | WARNING |    ⚠ Blocked (403) retry 3
2026-08-11 23:44:22,743 | INFO | [1181/1901] Fetching Nagari (NAGI)
2026-08-11 23:44:22,792 | INFO | 🌐 Session warmed
2026-08-11 23:44:23,021 | INFO |    ↳ Status 200
2026-08-11 23:44:23,021 | INFO |    ✓ Found 8 movies
2026-08-11 23:44:23,021 | INFO | [1182/1901] Fetching Nagarkurnool (NGKL)
2026-08-11 23:44:23,988 | INFO |    ↳ Status 200
2026-08-11 23:44:23,988 | INFO |    ✓ Found 8 movies
2026-08-11 23:44:23,988 | INFO | [1183/1901] Fetching Nagaur (NAGR)
2026-08-11 23:44:24,095 | INFO |    ↳ Status 403
2026-08-11 23:44:24,095 | WARNING |    ⚠ Blocked (403) retry 1
2026-08-11 23:44:24,199 | INFO | 🌐 Session warmed
2026-08-11 23:44:25,070 | INFO |    ↳ Status 200
2026-08-11 23:44:25,070 | INFO |    ✓ Found 8 movies
2026-08-11 23:44:25,071 | INFO | [1184/1901] Fetching Nagayalanka (NYLK)
2026-08-11 23:44:25,278 | INFO | [1185/1901] Fetching Nagda (NAGD)
2026-08-11 23:44:26,216 | INFO |    ↳ Status 403
2026-08-11 23:44:26,216 | WARNING |    ⚠ Blocked (403) retry 1
2026-08-11 23:44:26,232 | INFO |    ↳ Status 403
2026-08-11 23:44:26,232 | WARNING |    ⚠ Blocked (403) retry 2
2026-08-11 23:44:26,317 | INFO | 🌐 Session warmed
2026-08-11 23:44:26,338 | INFO | 🌐 Session warmed
2026-08-11 23:44:26,697 | INFO |    ↳ Status 200
2026-08-11 23:44:26,697 | INFO |    ✓ Found 8 movies
2026-08-11 23:44:26,697 | INFO | [1186/1901] Fetching Nagercoil (NAGE)
2026-08-11 23:44:26,793 | INFO | [1187/1901] Fetching Nagothane (NAGO)
2026-08-11 23:44:27,790 | INFO |    ↳ Status 403
2026-08-11 23:44:27,791 | WARNING |    ⚠ Blocked (403) retry 1
2026-08-11 23:44:27,804 | INFO |    ↳ Status 200
2026-08-11 23:44:27,804 | INFO |    ✓ Found 8 movies
2026-08-11 23:44:27,804 | INFO | [1188/1901] Fetching Nagpur (NAGP)
2026-08-11 23:44:27,864 | INFO | 🌐 Session warmed
2026-08-11 23:44:28,120 | INFO |    ↳ Status 403
2026-08-11 23:44:28,120 | WARNING |    ⚠ Blocked (403) retry 2
2026-08-11 23:44:28,206 | INFO | 🌐 Session warmed
2026-08-11 23:44:29,192 | INFO |    ↳ Status 200
2026-08-11 23:44:29,193 | INFO |    ✓ Found 8 movies
2026-08-11 23:44:29,193 | INFO | [1189/1901] Fetching Naharlagun (NAHA)
2026-08-11 23:44:29,572 | INFO |    ↳ Status 403
2026-08-11 23:44:29,572 | WARNING |    ⚠ Blocked (403) retry 3
2026-08-11 23:44:29,660 | INFO | 🌐 Session warmed
2026-08-11 23:44:29,939 | INFO |    ↳ Status 403
2026-08-11 23:44:29,939 | WARNING |    ⚠ Blocked (403) retry 2
2026-08-11 23:44:30,028 | INFO | 🌐 Session warmed
2026-08-11 23:44:30,169 | INFO |    ↳ Status 200
2026-08-11 23:44:30,169 | INFO |    ✓ Found 8 movies
2026-08-11 23:44:30,169 | INFO | [1190/1901] Fetching Naidupeta (NDPT)
2026-08-11 23:44:30,887 | INFO |    ↳ Status 403
2026-08-11 23:44:30,887 | WARNING |    ⚠ Blocked (403) retry 3
2026-08-11 23:44:30,969 | INFO | 🌐 Session warmed
2026-08-11 23:44:31,302 | INFO |    ↳ Status 200
2026-08-11 23:44:31,302 | INFO |    ✓ Found 8 movies
2026-08-11 23:44:31,302 | INFO | [1191/1901] Fetching Naihati (NHTA)
2026-08-11 23:44:32,677 | INFO |    ↳ Status 200
2026-08-11 23:44:32,677 | INFO |    ✓ Found 7 movies
2026-08-11 23:44:32,678 | INFO | [1192/1901] Fetching Nainital (NAIN)
2026-08-11 23:44:33,304 | INFO |    ↳ Status 403
2026-08-11 23:44:33,304 | WARNING |    ⚠ Blocked (403) retry 3
2026-08-11 23:44:33,375 | INFO | 🌐 Session warmed
2026-08-11 23:44:33,660 | INFO | [1193/1901] Fetching Najafgarh (NAJA)
2026-08-11 23:44:34,051 | INFO |    ↳ Status 200
2026-08-11 23:44:34,052 | INFO |    ✓ Found 8 movies
2026-08-11 23:44:34,052 | INFO | [1194/1901] Fetching Najibabad (NAJI)
2026-08-11 23:44:34,799 | INFO |    ↳ Status 403
2026-08-11 23:44:34,800 | WARNING |    ⚠ Blocked (403) retry 1
2026-08-11 23:44:34,881 | INFO | 🌐 Session warmed
2026-08-11 23:44:34,969 | INFO | [1195/1901] Fetching Nakhatrana (NKHT)
2026-08-11 23:44:35,126 | INFO |    ↳ Status 200
2026-08-11 23:44:35,126 | INFO |    ✓ Found 8 movies
2026-08-11 23:44:35,127 | INFO | [1196/1901] Fetching Nakodar (NAKO)
2026-08-11 23:44:36,135 | INFO |    ↳ Status 403
2026-08-11 23:44:36,135 | WARNING |    ⚠ Blocked (403) retry 1
2026-08-11 23:44:36,219 | INFO | 🌐 Session warmed
2026-08-11 23:44:36,279 | INFO |    ↳ Status 200
2026-08-11 23:44:36,279 | INFO |    ✓ Found 7 movies
2026-08-11 23:44:36,279 | INFO | [1197/1901] Fetching Nakrekal (NKRL)
2026-08-11 23:44:37,175 | INFO |    ↳ Status 403
2026-08-11 23:44:37,175 | WARNING |    ⚠ Blocked (403) retry 2
2026-08-11 23:44:37,246 | INFO | 🌐 Session warmed
2026-08-11 23:44:37,375 | INFO | [1198/1901] Fetching Nalbari (NALB)
2026-08-11 23:44:37,698 | INFO |    ↳ Status 200
2026-08-11 23:44:37,698 | INFO |    ✓ Found 8 movies
2026-08-11 23:44:37,699 | INFO | [1199/1901] Fetching Nalgonda (NALK)
2026-08-11 23:44:37,944 | INFO |    ↳ Status 403
2026-08-11 23:44:37,944 | WARNING |    ⚠ Blocked (403) retry 2
2026-08-11 23:44:38,027 | INFO | 🌐 Session warmed
2026-08-11 23:44:38,184 | INFO |    ↳ Status 403
2026-08-11 23:44:38,184 | WARNING |    ⚠ Blocked (403) retry 1
2026-08-11 23:44:38,281 | INFO | 🌐 Session warmed
2026-08-11 23:44:38,898 | INFO |    ↳ Status 200
2026-08-11 23:44:38,898 | INFO |    ✓ Found 8 movies
2026-08-11 23:44:38,898 | INFO | [1200/1901] Fetching Nallajerla (NALJ)
2026-08-11 23:44:40,048 | INFO |    ↳ Status 403
2026-08-11 23:44:40,048 | WARNING |    ⚠ Blocked (403) retry 3
2026-08-11 23:44:40,115 | INFO | 🌐 Session warmed
2026-08-11 23:44:40,290 | INFO |    ↳ Status 403
2026-08-11 23:44:40,290 | WARNING |    ⚠ Blocked (403) retry 2
2026-08-11 23:44:40,365 | INFO | 🌐 Session warmed
2026-08-11 23:44:40,619 | INFO |    ↳ Status 200
2026-08-11 23:44:40,619 | INFO |    ✓ Found 8 movies
2026-08-11 23:44:40,619 | INFO | [1201/1901] Fetching Namakkal (NMKL)
2026-08-11 23:44:40,931 | INFO |    ↳ Status 403
2026-08-11 23:44:40,931 | WARNING |    ⚠ Blocked (403) retry 3
2026-08-11 23:44:40,998 | INFO | 🌐 Session warmed
2026-08-11 23:44:41,744 | INFO |    ↳ Status 200
2026-08-11 23:44:41,744 | INFO |    ✓ Found 8 movies
2026-08-11 23:44:41,744 | INFO | [1202/1901] Fetching Namchi (NAMI)
2026-08-11 23:44:42,688 | INFO |    ↳ Status 200
2026-08-11 23:44:42,688 | INFO |    ✓ Found 3 movies
2026-08-11 23:44:42,689 | INFO | [1203/1901] Fetching Namkhana (RAMS)
2026-08-11 23:44:43,137 | INFO |    ↳ Status 403
2026-08-11 23:44:43,137 | WARNING |    ⚠ Blocked (403) retry 3
2026-08-11 23:44:43,204 | INFO | 🌐 Session warmed
2026-08-11 23:44:44,108 | INFO |    ↳ Status 200
2026-08-11 23:44:44,108 | INFO |    ✓ Found 7 movies
2026-08-11 23:44:44,109 | INFO | [1204/1901] Fetching Namsai (NAMS)
2026-08-11 23:44:44,115 | INFO | [1205/1901] Fetching Nandakumar (NAKM)
2026-08-11 23:44:44,881 | INFO |    ↳ Status 403
2026-08-11 23:44:44,881 | WARNING |    ⚠ Blocked (403) retry 1
2026-08-11 23:44:44,953 | INFO | 🌐 Session warmed
2026-08-11 23:44:44,998 | INFO | [1206/1901] Fetching Nanded (NAND)
2026-08-11 23:44:45,285 | INFO |    ↳ Status 200
2026-08-11 23:44:45,285 | INFO |    ✓ Found 8 movies
2026-08-11 23:44:45,286 | INFO | [1207/1901] Fetching Nandigama (NDGM)
2026-08-11 23:44:46,400 | INFO |    ↳ Status 403
2026-08-11 23:44:46,400 | WARNING |    ⚠ Blocked (403) retry 1
2026-08-11 23:44:46,462 | INFO |    ↳ Status 200
2026-08-11 23:44:46,462 | INFO |    ✓ Found 8 movies
2026-08-11 23:44:46,462 | INFO | [1208/1901] Fetching Nandikotkur (NDKT)
2026-08-11 23:44:46,490 | INFO | 🌐 Session warmed
2026-08-11 23:44:46,904 | INFO |    ↳ Status 403
2026-08-11 23:44:46,904 | WARNING |    ⚠ Blocked (403) retry 2
2026-08-11 23:44:46,996 | INFO | 🌐 Session warmed
2026-08-11 23:44:47,204 | INFO | [1209/1901] Fetching Nandipet (NANZ)
2026-08-11 23:44:48,184 | INFO |    ↳ Status 403
2026-08-11 23:44:48,184 | WARNING |    ⚠ Blocked (403) retry 1
2026-08-11 23:44:48,258 | INFO | 🌐 Session warmed
2026-08-11 23:44:48,409 | INFO |    ↳ Status 200
2026-08-11 23:44:48,409 | INFO |    ✓ Found 8 movies
2026-08-11 23:44:48,409 | INFO | [1210/1901] Fetching Nandurbar (NDNB)
2026-08-11 23:44:48,879 | INFO |    ↳ Status 403
2026-08-11 23:44:48,879 | WARNING |    ⚠ Blocked (403) retry 2
2026-08-11 23:44:48,962 | INFO | 🌐 Session warmed
2026-08-11 23:44:49,617 | INFO |    ↳ Status 200
2026-08-11 23:44:49,617 | INFO |    ✓ Found 8 movies
2026-08-11 23:44:49,617 | INFO | [1211/1901] Fetching Nandyal (NADY)
2026-08-11 23:44:50,268 | INFO |    ↳ Status 403
2026-08-11 23:44:50,268 | WARNING |    ⚠ Blocked (403) retry 3
2026-08-11 23:44:50,370 | INFO | 🌐 Session warmed
2026-08-11 23:44:50,600 | INFO |    ↳ Status 403
2026-08-11 23:44:50,600 | WARNING |    ⚠ Blocked (403) retry 2
2026-08-11 23:44:50,708 | INFO | 🌐 Session warmed
2026-08-11 23:44:51,399 | INFO |    ↳ Status 200
2026-08-11 23:44:51,399 | INFO |    ✓ Found 8 movies
2026-08-11 23:44:51,399 | INFO | [1212/1901] Fetching Nanjanagudu (NJGU)
2026-08-11 23:44:51,637 | INFO |    ↳ Status 403
2026-08-11 23:44:51,637 | WARNING |    ⚠ Blocked (403) retry 3
2026-08-11 23:44:51,711 | INFO | 🌐 Session warmed
2026-08-11 23:44:52,505 | INFO |    ↳ Status 200
2026-08-11 23:44:52,505 | INFO |    ✓ Found 8 movies
2026-08-11 23:44:52,505 | INFO | [1213/1901] Fetching Nanpara (NANP)
2026-08-11 23:44:53,546 | INFO |    ↳ Status 200
2026-08-11 23:44:53,546 | INFO |    ✓ Found 8 movies
2026-08-11 23:44:53,547 | INFO | [1214/1901] Fetching Narasannapeta (NRPT)
2026-08-11 23:44:54,016 | INFO |    ↳ Status 403
2026-08-11 23:44:54,016 | WARNING |    ⚠ Blocked (403) retry 3
2026-08-11 23:44:54,113 | INFO | 🌐 Session warmed
2026-08-11 23:44:54,370 | INFO | [1215/1901] Fetching Narayankhed (NARY)
2026-08-11 23:44:55,250 | INFO |    ↳ Status 200
2026-08-11 23:44:55,250 | INFO |    ✓ Found 8 movies
2026-08-11 23:44:55,250 | INFO | [1216/1901] Fetching Narayanpet (NRYN)
2026-08-11 23:44:55,531 | INFO |    ↳ Status 403
2026-08-11 23:44:55,532 | WARNING |    ⚠ Blocked (403) retry 1
2026-08-11 23:44:55,606 | INFO | 🌐 Session warmed
2026-08-11 23:44:55,712 | INFO | [1217/1901] Fetching Narayanpur (NRYA)
2026-08-11 23:44:56,752 | INFO |    ↳ Status 200
2026-08-11 23:44:56,752 | INFO |    ✓ Found 8 movies
2026-08-11 23:44:56,752 | INFO | [1218/1901] Fetching Narayanpur (Assam) (NSAZ)
2026-08-11 23:44:56,923 | INFO |    ↳ Status 403
2026-08-11 23:44:56,923 | WARNING |    ⚠ Blocked (403) retry 1
2026-08-11 23:44:57,000 | INFO | 🌐 Session warmed
2026-08-11 23:44:57,407 | INFO |    ↳ Status 403
2026-08-11 23:44:57,407 | WARNING |    ⚠ Blocked (403) retry 2
2026-08-11 23:44:57,479 | INFO | 🌐 Session warmed
2026-08-11 23:44:58,113 | INFO | [1219/1901] Fetching Narayanpur (CH) (NRYA)
2026-08-11 23:44:58,176 | INFO |    ↳ Status 200
2026-08-11 23:44:58,176 | INFO |    ✓ Found 8 movies
2026-08-11 23:44:58,176 | INFO | [1220/1901] Fetching Nargund (NRGD)
2026-08-11 23:44:58,631 | INFO |    ↳ Status 403
2026-08-11 23:44:58,631 | WARNING |    ⚠ Blocked (403) retry 2
2026-08-11 23:44:58,704 | INFO | 🌐 Session warmed
2026-08-11 23:44:58,979 | INFO |    ↳ Status 403
2026-08-11 23:44:58,979 | WARNING |    ⚠ Blocked (403) retry 1
2026-08-11 23:44:59,052 | INFO | 🌐 Session warmed
2026-08-11 23:44:59,652 | INFO |    ↳ Status 200
2026-08-11 23:44:59,652 | INFO |    ✓ Found 8 movies
2026-08-11 23:44:59,652 | INFO | [1221/1901] Fetching Narnaul (NARN)
2026-08-11 23:45:00,573 | INFO |    ↳ Status 403
2026-08-11 23:45:00,573 | WARNING |    ⚠ Blocked (403) retry 3
2026-08-11 23:45:00,658 | INFO | 🌐 Session warmed
2026-08-11 23:45:00,768 | INFO |    ↳ Status 200
2026-08-11 23:45:00,768 | INFO |    ✓ Found 7 movies
2026-08-11 23:45:00,769 | INFO | [1222/1901] Fetching Narsampet (NASP)
2026-08-11 23:45:01,145 | INFO |    ↳ Status 403
2026-08-11 23:45:01,145 | WARNING |    ⚠ Blocked (403) retry 2
2026-08-11 23:45:01,231 | INFO | 🌐 Session warmed
2026-08-11 23:45:01,850 | INFO |    ↳ Status 403
2026-08-11 23:45:01,855 | INFO |    ↳ Status 200
2026-08-11 23:45:01,899 | WARNING |    ⚠ Blocked (403) retry 3
2026-08-11 23:45:01,899 | INFO |    ✓ Found 8 movies
2026-08-11 23:45:01,900 | INFO | [1223/1901] Fetching Narsapur (NARP)
2026-08-11 23:45:01,996 | INFO | 🌐 Session warmed
2026-08-11 23:45:03,439 | INFO |    ↳ Status 200
2026-08-11 23:45:03,439 | INFO |    ✓ Found 8 movies
2026-08-11 23:45:03,439 | INFO | [1224/1901] Fetching Narsapur (Medak) (NRPR)
2026-08-11 23:45:04,409 | INFO |    ↳ Status 403
2026-08-11 23:45:04,409 | WARNING |    ⚠ Blocked (403) retry 3
2026-08-11 23:45:04,493 | INFO | 🌐 Session warmed
2026-08-11 23:45:04,658 | INFO | [1225/1901] Fetching Narsinghpur (NARR)
2026-08-11 23:45:04,926 | INFO |    ↳ Status 200
2026-08-11 23:45:04,926 | INFO |    ✓ Found 8 movies
2026-08-11 23:45:04,926 | INFO | [1226/1901] Fetching Narsipatnam (NARS)
2026-08-11 23:45:05,909 | INFO |    ↳ Status 403
2026-08-11 23:45:05,909 | WARNING |    ⚠ Blocked (403) retry 1
2026-08-11 23:45:05,981 | INFO | 🌐 Session warmed
2026-08-11 23:45:05,996 | INFO | [1227/1901] Fetching Narwana (NARA)
2026-08-11 23:45:06,620 | INFO |    ↳ Status 200
2026-08-11 23:45:06,621 | INFO |    ✓ Found 8 movies
2026-08-11 23:45:06,621 | INFO | [1228/1901] Fetching Nashik (NASK)
2026-08-11 23:45:06,869 | INFO |    ↳ Status 403
2026-08-11 23:45:06,869 | WARNING |    ⚠ Blocked (403) retry 1
2026-08-11 23:45:06,948 | INFO | 🌐 Session warmed
2026-08-11 23:45:07,601 | INFO |    ↳ Status 403
2026-08-11 23:45:07,601 | WARNING |    ⚠ Blocked (403) retry 2
2026-08-11 23:45:07,680 | INFO |    ↳ Status 200
2026-08-11 23:45:07,681 | INFO |    ✓ Found 8 movies
2026-08-11 23:45:07,681 | INFO | [1229/1901] Fetching Natham (NATH)
2026-08-11 23:45:07,683 | INFO | 🌐 Session warmed
2026-08-11 23:45:08,493 | INFO | [1230/1901] Fetching Nathdwara (NATW)
2026-08-11 23:45:09,209 | INFO |    ↳ Status 200
2026-08-11 23:45:09,209 | INFO |    ✓ Found 8 movies
2026-08-11 23:45:09,209 | INFO | [1231/1901] Fetching Nautanwa (NAUT)
2026-08-11 23:45:09,211 | INFO |    ↳ Status 403
2026-08-11 23:45:09,211 | WARNING |    ⚠ Blocked (403) retry 1
2026-08-11 23:45:09,279 | INFO |    ↳ Status 403
2026-08-11 23:45:09,279 | WARNING |    ⚠ Blocked (403) retry 2
2026-08-11 23:45:09,285 | INFO | 🌐 Session warmed
2026-08-11 23:45:09,353 | INFO | 🌐 Session warmed
2026-08-11 23:45:10,427 | INFO |    ↳ Status 200
2026-08-11 23:45:10,427 | INFO |    ✓ Found 8 movies
2026-08-11 23:45:10,427 | INFO | [1232/1901] Fetching Navsari (NVSR)
2026-08-11 23:45:10,567 | INFO |    ↳ Status 403
2026-08-11 23:45:10,567 | WARNING |    ⚠ Blocked (403) retry 3
2026-08-11 23:45:10,639 | INFO | 🌐 Session warmed
2026-08-11 23:45:11,445 | INFO |    ↳ Status 403
2026-08-11 23:45:11,445 | WARNING |    ⚠ Blocked (403) retry 2
2026-08-11 23:45:11,519 | INFO | 🌐 Session warmed
2026-08-11 23:45:12,101 | INFO |    ↳ Status 200
2026-08-11 23:45:12,102 | INFO |    ✓ Found 8 movies
2026-08-11 23:45:12,102 | INFO | [1233/1901] Fetching Nawada (NAWD)
2026-08-11 23:45:12,640 | INFO |    ↳ Status 403
2026-08-11 23:45:12,640 | WARNING |    ⚠ Blocked (403) retry 3
2026-08-11 23:45:12,718 | INFO | 🌐 Session warmed
2026-08-11 23:45:13,624 | INFO |    ↳ Status 200
2026-08-11 23:45:13,624 | INFO |    ✓ Found 8 movies
2026-08-11 23:45:13,624 | INFO | [1234/1901] Fetching Nawalgarh (NANA)
2026-08-11 23:45:14,639 | INFO | [1235/1901] Fetching Nawanshahr (NAVN)
2026-08-11 23:45:14,919 | INFO |    ↳ Status 403
2026-08-11 23:45:14,919 | WARNING |    ⚠ Blocked (403) retry 3
2026-08-11 23:45:14,991 | INFO | 🌐 Session warmed
2026-08-11 23:45:15,118 | INFO |    ↳ Status 200
2026-08-11 23:45:15,118 | INFO |    ✓ Found 8 movies
2026-08-11 23:45:15,118 | INFO | [1236/1901] Fetching Nawapara (NAWA)
2026-08-11 23:45:15,430 | INFO |    ↳ Status 403
2026-08-11 23:45:15,430 | WARNING |    ⚠ Blocked (403) retry 1
2026-08-11 23:45:15,497 | INFO | 🌐 Session warmed
2026-08-11 23:45:16,718 | INFO | [1237/1901] Fetching Nayagarh (NAYG)
2026-08-11 23:45:16,780 | INFO |    ↳ Status 200
2026-08-11 23:45:16,781 | INFO |    ✓ Found 7 movies
2026-08-11 23:45:16,781 | INFO | [1238/1901] Fetching Nazira (NZRA)
2026-08-11 23:45:17,700 | INFO |    ↳ Status 403
2026-08-11 23:45:17,700 | WARNING |    ⚠ Blocked (403) retry 2
2026-08-11 23:45:17,778 | INFO | 🌐 Session warmed
2026-08-11 23:45:17,876 | INFO |    ↳ Status 403
2026-08-11 23:45:17,876 | WARNING |    ⚠ Blocked (403) retry 1
2026-08-11 23:45:17,920 | INFO |    ↳ Status 200
2026-08-11 23:45:17,920 | INFO |    ✓ Found 8 movies
2026-08-11 23:45:17,920 | INFO | [1239/1901] Fetching Nazirpur (NAZR)
2026-08-11 23:45:17,967 | INFO | 🌐 Session warmed
2026-08-11 23:45:18,974 | INFO |    ↳ Status 200
2026-08-11 23:45:18,974 | INFO |    ✓ Found 7 movies
2026-08-11 23:45:18,974 | INFO | [1240/1901] Fetching Nedumbassery (NEDM)
2026-08-11 23:45:18,991 | INFO | [1241/1901] Fetching Nedumkandam (NEDU)
2026-08-11 23:45:20,011 | INFO |    ↳ Status 403
2026-08-11 23:45:20,011 | WARNING |    ⚠ Blocked (403) retry 1
2026-08-11 23:45:20,117 | INFO | 🌐 Session warmed
2026-08-11 23:45:20,136 | INFO |    ↳ Status 403
2026-08-11 23:45:20,136 | WARNING |    ⚠ Blocked (403) retry 2
2026-08-11 23:45:20,212 | INFO | 🌐 Session warmed
2026-08-11 23:45:20,288 | INFO |    ↳ Status 200
2026-08-11 23:45:20,288 | INFO |    ✓ Found 8 movies
2026-08-11 23:45:20,288 | INFO | [1242/1901] Fetching Neelapalli (NELP)
2026-08-11 23:45:20,980 | INFO |    ↳ Status 403
2026-08-11 23:45:20,980 | WARNING |    ⚠ Blocked (403) retry 3
2026-08-11 23:45:21,047 | INFO | 🌐 Session warmed
2026-08-11 23:45:21,873 | INFO |    ↳ Status 200
2026-08-11 23:45:21,873 | INFO |    ✓ Found 8 movies
2026-08-11 23:45:21,873 | INFO | [1243/1901] Fetching Neemrana (NEEM)
2026-08-11 23:45:22,135 | INFO |    ↳ Status 403
2026-08-11 23:45:22,135 | WARNING |    ⚠ Blocked (403) retry 2
2026-08-11 23:45:22,205 | INFO | 🌐 Session warmed
2026-08-11 23:45:23,320 | INFO |    ↳ Status 403
2026-08-11 23:45:23,321 | WARNING |    ⚠ Blocked (403) retry 3
2026-08-11 23:45:23,392 | INFO | 🌐 Session warmed
2026-08-11 23:45:23,462 | INFO |    ↳ Status 200
2026-08-11 23:45:23,463 | INFO |    ✓ Found 8 movies
2026-08-11 23:45:23,463 | INFO | [1244/1901] Fetching Neemuch (NMCH)
2026-08-11 23:45:25,048 | INFO | [1245/1901] Fetching Nelakondapalli (NELA)
2026-08-11 23:45:25,174 | INFO |    ↳ Status 200
2026-08-11 23:45:25,174 | INFO |    ✓ Found 8 movies
2026-08-11 23:45:25,174 | INFO | [1246/1901] Fetching Nelamangala (NMGL)
2026-08-11 23:45:25,483 | INFO |    ↳ Status 403
2026-08-11 23:45:25,483 | WARNING |    ⚠ Blocked (403) retry 3
2026-08-11 23:45:25,561 | INFO | 🌐 Session warmed
2026-08-11 23:45:26,138 | INFO |    ↳ Status 403
2026-08-11 23:45:26,138 | WARNING |    ⚠ Blocked (403) retry 1
2026-08-11 23:45:26,230 | INFO | 🌐 Session warmed
2026-08-11 23:45:26,552 | INFO |    ↳ Status 200
2026-08-11 23:45:26,552 | INFO |    ✓ Found 8 movies
2026-08-11 23:45:26,552 | INFO | [1247/1901] Fetching Nellimarla (NLEM)
2026-08-11 23:45:27,392 | INFO | [1248/1901] Fetching Nellimoodu (NELM)
2026-08-11 23:45:27,562 | INFO |    ↳ Status 200
2026-08-11 23:45:27,562 | INFO |    ✓ Found 8 movies
2026-08-11 23:45:27,562 | INFO | [1249/1901] Fetching Nellore (NELL)
2026-08-11 23:45:28,530 | INFO |    ↳ Status 403
2026-08-11 23:45:28,530 | WARNING |    ⚠ Blocked (403) retry 2
2026-08-11 23:45:28,617 | INFO | 🌐 Session warmed
2026-08-11 23:45:28,618 | INFO |    ↳ Status 403
2026-08-11 23:45:28,618 | WARNING |    ⚠ Blocked (403) retry 1
2026-08-11 23:45:28,698 | INFO | 🌐 Session warmed
2026-08-11 23:45:29,040 | INFO |    ↳ Status 200
2026-08-11 23:45:29,040 | INFO |    ✓ Found 8 movies
2026-08-11 23:45:29,040 | INFO | [1250/1901] Fetching Nemmara (NENM)
2026-08-11 23:45:29,562 | INFO | [1251/1901] Fetching Nenmara (NENM)
2026-08-11 23:45:30,023 | INFO |    ↳ Status 200
2026-08-11 23:45:30,023 | INFO |    ✓ Found 8 movies
2026-08-11 23:45:30,023 | INFO | [1252/1901] Fetching Nepalgunj (NEPJ)
2026-08-11 23:45:30,309 | INFO |    ↳ Status 403
2026-08-11 23:45:30,309 | WARNING |    ⚠ Blocked (403) retry 1
2026-08-11 23:45:30,386 | INFO | 🌐 Session warmed
2026-08-11 23:45:30,796 | INFO |    ↳ Status 403
2026-08-11 23:45:30,796 | WARNING |    ⚠ Blocked (403) retry 2
2026-08-11 23:45:30,879 | INFO | 🌐 Session warmed
2026-08-11 23:45:31,033 | INFO |    ↳ Status 200
2026-08-11 23:45:31,033 | INFO |    ✓ Found 8 movies
2026-08-11 23:45:31,034 | INFO | [1253/1901] Fetching Ner Parsopant (NERP)
2026-08-11 23:45:31,595 | INFO |    ↳ Status 403
2026-08-11 23:45:31,595 | WARNING |    ⚠ Blocked (403) retry 3
2026-08-11 23:45:31,681 | INFO | 🌐 Session warmed
2026-08-11 23:45:32,194 | INFO |    ↳ Status 200
2026-08-11 23:45:32,194 | INFO |    ✓ Found 8 movies
2026-08-11 23:45:32,194 | INFO | [1254/1901] Fetching Neral (NERA)
2026-08-11 23:45:32,470 | INFO |    ↳ Status 403
2026-08-11 23:45:32,471 | WARNING |    ⚠ Blocked (403) retry 2
2026-08-11 23:45:32,559 | INFO | 🌐 Session warmed
2026-08-11 23:45:33,650 | INFO |    ↳ Status 200
2026-08-11 23:45:33,651 | INFO |    ✓ Found 8 movies
2026-08-11 23:45:33,651 | INFO | [1255/1901] Fetching Nereducharla (NDRL)
2026-08-11 23:45:33,794 | INFO |    ↳ Status 403
2026-08-11 23:45:33,794 | WARNING |    ⚠ Blocked (403) retry 3
2026-08-11 23:45:33,858 | INFO | 🌐 Session warmed
2026-08-11 23:45:34,564 | INFO |    ↳ Status 200
2026-08-11 23:45:34,564 | INFO |    ✓ Found 8 movies
2026-08-11 23:45:34,564 | INFO | [1256/1901] Fetching New Tehri (TEHR)
2026-08-11 23:45:35,214 | INFO |    ↳ Status 403
2026-08-11 23:45:35,214 | WARNING |    ⚠ Blocked (403) retry 3
2026-08-11 23:45:35,290 | INFO | 🌐 Session warmed
2026-08-11 23:45:35,682 | INFO | [1257/1901] Fetching Neyveli (NYVL)
2026-08-11 23:45:36,154 | INFO |    ↳ Status 200
2026-08-11 23:45:36,154 | INFO |    ✓ Found 8 movies
2026-08-11 23:45:36,154 | INFO | [1258/1901] Fetching Nichlaul (NCUL)
2026-08-11 23:45:36,661 | INFO |    ↳ Status 403
2026-08-11 23:45:36,661 | WARNING |    ⚠ Blocked (403) retry 1
2026-08-11 23:45:36,756 | INFO | 🌐 Session warmed
2026-08-11 23:45:37,288 | INFO |    ↳ Status 200
2026-08-11 23:45:37,289 | INFO |    ✓ Found 8 movies
2026-08-11 23:45:37,289 | INFO | [1259/1901] Fetching Nidadavolu (NDVD)
2026-08-11 23:45:37,859 | INFO | [1260/1901] Fetching Nilagiri (NIGA)
2026-08-11 23:45:38,837 | INFO |    ↳ Status 403
2026-08-11 23:45:38,837 | WARNING |    ⚠ Blocked (403) retry 2
2026-08-11 23:45:38,924 | INFO | 🌐 Session warmed
2026-08-11 23:45:39,094 | INFO |    ↳ Status 403
2026-08-11 23:45:39,094 | WARNING |    ⚠ Blocked (403) retry 1
2026-08-11 23:45:39,164 | INFO | 🌐 Session warmed
2026-08-11 23:45:39,290 | INFO | [1261/1901] Fetching Nilakottai (NILA)
2026-08-11 23:45:39,583 | INFO |    ↳ Status 200
2026-08-11 23:45:39,583 | INFO |    ✓ Found 8 movies
2026-08-11 23:45:39,583 | INFO | [1262/1901] Fetching Nilanga (NLNG)
2026-08-11 23:45:40,011 | INFO |    ↳ Status 403
2026-08-11 23:45:40,011 | WARNING |    ⚠ Blocked (403) retry 1
2026-08-11 23:45:40,082 | INFO | 🌐 Session warmed
2026-08-11 23:45:41,254 | INFO |    ↳ Status 200
2026-08-11 23:45:41,254 | INFO |    ✓ Found 8 movies
2026-08-11 23:45:41,255 | INFO | [1263/1901] Fetching Nilgiris (NILG)
2026-08-11 23:45:41,390 | INFO |    ↳ Status 403
2026-08-11 23:45:41,390 | WARNING |    ⚠ Blocked (403) retry 2
2026-08-11 23:45:41,482 | INFO | 🌐 Session warmed
2026-08-11 23:45:41,736 | INFO |    ↳ Status 403
2026-08-11 23:45:41,737 | WARNING |    ⚠ Blocked (403) retry 3
2026-08-11 23:45:41,810 | INFO | 🌐 Session warmed
2026-08-11 23:45:42,097 | INFO |    ↳ Status 403
2026-08-11 23:45:42,097 | WARNING |    ⚠ Blocked (403) retry 2
2026-08-11 23:45:42,182 | INFO | 🌐 Session warmed
2026-08-11 23:45:42,523 | INFO |    ↳ Status 200
2026-08-11 23:45:42,523 | INFO |    ✓ Found 8 movies
2026-08-11 23:45:42,523 | INFO | [1264/1901] Fetching Nimapara (NIMA)
2026-08-11 23:45:44,685 | INFO |    ↳ Status 200
2026-08-11 23:45:44,685 | INFO |    ✓ Found 8 movies
2026-08-11 23:45:44,685 | INFO | [1265/1901] Fetching Nimbahera (NIPA)
2026-08-11 23:45:44,701 | INFO |    ↳ Status 403
2026-08-11 23:45:44,701 | WARNING |    ⚠ Blocked (403) retry 3
2026-08-11 23:45:44,775 | INFO | 🌐 Session warmed
2026-08-11 23:45:45,026 | INFO |    ↳ Status 403
2026-08-11 23:45:45,026 | WARNING |    ⚠ Blocked (403) retry 3
2026-08-11 23:45:45,119 | INFO | 🌐 Session warmed
2026-08-11 23:45:45,772 | INFO |    ↳ Status 200
2026-08-11 23:45:45,772 | INFO |    ✓ Found 8 movies
2026-08-11 23:45:45,772 | INFO | [1266/1901] Fetching Nindra (NNDR)
2026-08-11 23:45:45,810 | INFO | [1267/1901] Fetching Nipani (NIPN)
2026-08-11 23:45:46,564 | INFO |    ↳ Status 403
2026-08-11 23:45:46,564 | WARNING |    ⚠ Blocked (403) retry 1
2026-08-11 23:45:46,634 | INFO | 🌐 Session warmed
2026-08-11 23:45:46,967 | INFO |    ↳ Status 200
2026-08-11 23:45:46,967 | INFO |    ✓ Found 8 movies
2026-08-11 23:45:46,967 | INFO | [1268/1901] Fetching Niphad (NIPD)
2026-08-11 23:45:48,586 | INFO |    ↳ Status 200
2026-08-11 23:45:48,586 | INFO |    ✓ Found 8 movies
2026-08-11 23:45:48,586 | INFO | [1269/1901] Fetching Nirjuli (NIRJ)
2026-08-11 23:45:48,775 | INFO | [1270/1901] Fetching Nizamabad (NIZA)
2026-08-11 23:45:49,000 | INFO |    ↳ Status 403
2026-08-11 23:45:49,000 | WARNING |    ⚠ Blocked (403) retry 2
2026-08-11 23:45:49,099 | INFO | 🌐 Session warmed
2026-08-11 23:45:49,119 | INFO | [1271/1901] Fetching Nokha (NKHA)
2026-08-11 23:45:50,098 | INFO |    ↳ Status 403
2026-08-11 23:45:50,099 | WARNING |    ⚠ Blocked (403) retry 1
2026-08-11 23:45:50,105 | INFO |    ↳ Status 200
2026-08-11 23:45:50,105 | INFO |    ✓ Found 8 movies
2026-08-11 23:45:50,105 | INFO | [1272/1901] Fetching Nooranad (NOOR)
2026-08-11 23:45:50,168 | INFO | 🌐 Session warmed
2026-08-11 23:45:50,394 | INFO |    ↳ Status 403
2026-08-11 23:45:50,394 | WARNING |    ⚠ Blocked (403) retry 1
2026-08-11 23:45:50,463 | INFO | 🌐 Session warmed
2026-08-11 23:45:51,415 | INFO |    ↳ Status 200
2026-08-11 23:45:51,415 | INFO |    ✓ Found 8 movies
2026-08-11 23:45:51,415 | INFO | [1273/1901] Fetching Nurpur (NURP)
2026-08-11 23:45:51,888 | INFO |    ↳ Status 403
2026-08-11 23:45:51,888 | WARNING |    ⚠ Blocked (403) retry 2
2026-08-11 23:45:51,963 | INFO | 🌐 Session warmed
2026-08-11 23:45:52,250 | INFO |    ↳ Status 403
2026-08-11 23:45:52,250 | WARNING |    ⚠ Blocked (403) retry 3
2026-08-11 23:45:52,331 | INFO | 🌐 Session warmed
2026-08-11 23:45:52,377 | INFO |    ↳ Status 403
2026-08-11 23:45:52,377 | WARNING |    ⚠ Blocked (403) retry 2
2026-08-11 23:45:52,450 | INFO | 🌐 Session warmed
2026-08-11 23:45:52,577 | INFO |    ↳ Status 200
2026-08-11 23:45:52,577 | INFO |    ✓ Found 8 movies
2026-08-11 23:45:52,577 | INFO | [1274/1901] Fetching Nuzvid (NZVD)
2026-08-11 23:45:53,889 | INFO |    ↳ Status 200
2026-08-11 23:45:53,889 | INFO |    ✓ Found 8 movies
2026-08-11 23:45:53,889 | INFO | [1275/1901] Fetching Nyamathi (NYNT)
2026-08-11 23:45:54,936 | INFO |    ↳ Status 403
2026-08-11 23:45:54,936 | WARNING |    ⚠ Blocked (403) retry 3
2026-08-11 23:45:55,000 | INFO | 🌐 Session warmed
2026-08-11 23:45:55,199 | INFO |    ↳ Status 200
2026-08-11 23:45:55,199 | INFO |    ✓ Found 8 movies
2026-08-11 23:45:55,199 | INFO | [1276/1901] Fetching Oddanchatram (ODDA)
2026-08-11 23:45:55,480 | INFO |    ↳ Status 403
2026-08-11 23:45:55,480 | WARNING |    ⚠ Blocked (403) retry 3
2026-08-11 23:45:55,565 | INFO | 🌐 Session warmed
2026-08-11 23:45:56,209 | INFO |    ↳ Status 200
2026-08-11 23:45:56,209 | INFO |    ✓ Found 8 movies
2026-08-11 23:45:56,209 | INFO | [1277/1901] Fetching Ojhar (HJOR)
2026-08-11 23:45:56,331 | INFO | [1278/1901] Fetching Okha (OKAH)
2026-08-11 23:45:57,397 | INFO |    ↳ Status 403
2026-08-11 23:45:57,397 | WARNING |    ⚠ Blocked (403) retry 1
2026-08-11 23:45:57,425 | INFO |    ↳ Status 200
2026-08-11 23:45:57,425 | INFO |    ✓ Found 8 movies
2026-08-11 23:45:57,425 | INFO | [1279/1901] Fetching Ongole (ONGL)
2026-08-11 23:45:57,473 | INFO | 🌐 Session warmed
2026-08-11 23:45:59,000 | INFO | [1280/1901] Fetching Ooty (OOTY)
2026-08-11 23:45:59,060 | INFO |    ↳ Status 200
2026-08-11 23:45:59,060 | INFO |    ✓ Found 8 movies
2026-08-11 23:45:59,060 | INFO | [1281/1901] Fetching Orai (ORAI)
2026-08-11 23:45:59,566 | INFO | [1282/1901] Fetching Orchha (ORHH)
2026-08-11 23:45:59,689 | INFO |    ↳ Status 403
2026-08-11 23:45:59,689 | WARNING |    ⚠ Blocked (403) retry 2
2026-08-11 23:45:59,779 | INFO | 🌐 Session warmed
2026-08-11 23:45:59,984 | INFO |    ↳ Status 403
2026-08-11 23:45:59,984 | WARNING |    ⚠ Blocked (403) retry 1
2026-08-11 23:46:00,066 | INFO | 🌐 Session warmed
2026-08-11 23:46:00,310 | INFO |    ↳ Status 200
2026-08-11 23:46:00,310 | INFO |    ✓ Found 8 movies
2026-08-11 23:46:00,310 | INFO | [1283/1901] Fetching Ottapalam (OTTP)
2026-08-11 23:46:00,443 | INFO |    ↳ Status 403
2026-08-11 23:46:00,443 | WARNING |    ⚠ Blocked (403) retry 1
2026-08-11 23:46:00,532 | INFO | 🌐 Session warmed
2026-08-11 23:46:01,425 | INFO |    ↳ Status 200
2026-08-11 23:46:01,425 | INFO |    ✓ Found 8 movies
2026-08-11 23:46:01,426 | INFO | [1284/1901] Fetching P. Dharmavaram (PDHR)
2026-08-11 23:46:02,157 | INFO |    ↳ Status 403
2026-08-11 23:46:02,157 | WARNING |    ⚠ Blocked (403) retry 2
2026-08-11 23:46:02,242 | INFO | 🌐 Session warmed
2026-08-11 23:46:02,853 | INFO |    ↳ Status 403
2026-08-11 23:46:02,853 | WARNING |    ⚠ Blocked (403) retry 3
2026-08-11 23:46:02,885 | INFO |    ↳ Status 403
2026-08-11 23:46:02,885 | WARNING |    ⚠ Blocked (403) retry 2
2026-08-11 23:46:02,937 | INFO | 🌐 Session warmed
2026-08-11 23:46:02,969 | INFO | 🌐 Session warmed
2026-08-11 23:46:03,103 | INFO |    ↳ Status 200
2026-08-11 23:46:03,103 | INFO |    ✓ Found 8 movies
2026-08-11 23:46:03,103 | INFO | [1285/1901] Fetching P.Gannavaram (PPGG)
2026-08-11 23:46:04,363 | INFO |    ↳ Status 200
2026-08-11 23:46:04,363 | INFO |    ✓ Found 8 movies
2026-08-11 23:46:04,363 | INFO | [1286/1901] Fetching Padampur (PADA)
2026-08-11 23:46:05,271 | INFO |    ↳ Status 403
2026-08-11 23:46:05,271 | WARNING |    ⚠ Blocked (403) retry 3
2026-08-11 23:46:05,360 | INFO | 🌐 Session warmed
2026-08-11 23:46:05,750 | INFO |    ↳ Status 200
2026-08-11 23:46:05,750 | INFO |    ✓ Found 8 movies
2026-08-11 23:46:05,750 | INFO | [1287/1901] Fetching Padrauna (PADR)
2026-08-11 23:46:06,117 | INFO |    ↳ Status 403
2026-08-11 23:46:06,117 | WARNING |    ⚠ Blocked (403) retry 3
2026-08-11 23:46:06,202 | INFO | 🌐 Session warmed
2026-08-11 23:46:06,938 | INFO | [1288/1901] Fetching Padubidri (PUYI)
2026-08-11 23:46:07,708 | INFO |    ↳ Status 200
2026-08-11 23:46:07,708 | INFO |    ✓ Found 8 movies
2026-08-11 23:46:07,708 | INFO | [1289/1901] Fetching Pakala (PAKA)
2026-08-11 23:46:08,296 | INFO |    ↳ Status 403
2026-08-11 23:46:08,296 | WARNING |    ⚠ Blocked (403) retry 1
2026-08-11 23:46:08,380 | INFO | 🌐 Session warmed
2026-08-11 23:46:09,360 | INFO | [1290/1901] Fetching Pala (PALL)
2026-08-11 23:46:09,920 | INFO |    ↳ Status 200
2026-08-11 23:46:09,920 | INFO |    ✓ Found 8 movies
2026-08-11 23:46:09,920 | INFO | [1291/1901] Fetching Palakkad (PLKK)
2026-08-11 23:46:10,203 | INFO | [1292/1901] Fetching Palakollu (PLKL)
2026-08-11 23:46:10,641 | INFO |    ↳ Status 403
2026-08-11 23:46:10,641 | WARNING |    ⚠ Blocked (403) retry 2
2026-08-11 23:46:10,717 | INFO | 🌐 Session warmed
2026-08-11 23:46:10,730 | INFO |    ↳ Status 403
2026-08-11 23:46:10,730 | WARNING |    ⚠ Blocked (403) retry 1
2026-08-11 23:46:10,815 | INFO | 🌐 Session warmed
2026-08-11 23:46:11,152 | INFO |    ↳ Status 403
2026-08-11 23:46:11,152 | WARNING |    ⚠ Blocked (403) retry 1
2026-08-11 23:46:11,214 | INFO |    ↳ Status 200
2026-08-11 23:46:11,214 | INFO |    ✓ Found 8 movies
2026-08-11 23:46:11,214 | INFO | [1293/1901] Fetching Palakonda (PALK)
2026-08-11 23:46:11,234 | INFO | 🌐 Session warmed
2026-08-11 23:46:12,489 | INFO |    ↳ Status 403
2026-08-11 23:46:12,489 | WARNING |    ⚠ Blocked (403) retry 2
2026-08-11 23:46:12,560 | INFO |    ↳ Status 200
2026-08-11 23:46:12,560 | INFO |    ✓ Found 8 movies
2026-08-11 23:46:12,560 | INFO | [1294/1901] Fetching Palakurthy (PLAT)
2026-08-11 23:46:12,572 | INFO | 🌐 Session warmed
2026-08-11 23:46:13,355 | INFO |    ↳ Status 403
2026-08-11 23:46:13,355 | WARNING |    ⚠ Blocked (403) retry 2
2026-08-11 23:46:13,430 | INFO | 🌐 Session warmed
2026-08-11 23:46:13,533 | INFO |    ↳ Status 200
2026-08-11 23:46:13,533 | INFO |    ✓ Found 8 movies
2026-08-11 23:46:13,534 | INFO | [1295/1901] Fetching Palamaner (PLMN)
2026-08-11 23:46:13,975 | INFO |    ↳ Status 403
2026-08-11 23:46:13,975 | WARNING |    ⚠ Blocked (403) retry 3
2026-08-11 23:46:14,057 | INFO | 🌐 Session warmed
2026-08-11 23:46:14,769 | INFO |    ↳ Status 200
2026-08-11 23:46:14,769 | INFO |    ✓ Found 8 movies
2026-08-11 23:46:14,769 | INFO | [1296/1901] Fetching Palampur (PALM)
2026-08-11 23:46:15,843 | INFO |    ↳ Status 403
2026-08-11 23:46:15,843 | WARNING |    ⚠ Blocked (403) retry 3
2026-08-11 23:46:15,916 | INFO | 🌐 Session warmed
2026-08-11 23:46:16,336 | INFO |    ↳ Status 403
2026-08-11 23:46:16,336 | WARNING |    ⚠ Blocked (403) retry 3
2026-08-11 23:46:16,374 | INFO |    ↳ Status 200
2026-08-11 23:46:16,375 | INFO |    ✓ Found 8 movies
2026-08-11 23:46:16,375 | INFO | [1297/1901] Fetching Palani (PALA)
2026-08-11 23:46:16,408 | INFO | 🌐 Session warmed
2026-08-11 23:46:17,849 | INFO |    ↳ Status 200
2026-08-11 23:46:17,850 | INFO |    ✓ Found 8 movies
2026-08-11 23:46:17,850 | INFO | [1298/1901] Fetching Palanpur (PALN)
2026-08-11 23:46:18,057 | INFO | [1299/1901] Fetching Palapetty (PALT)
2026-08-11 23:46:19,168 | INFO |    ↳ Status 200
2026-08-11 23:46:19,168 | INFO |    ✓ Found 8 movies
2026-08-11 23:46:19,168 | INFO | [1300/1901] Fetching Palasa (PALS)
2026-08-11 23:46:19,364 | INFO |    ↳ Status 403
2026-08-11 23:46:19,364 | WARNING |    ⚠ Blocked (403) retry 1
2026-08-11 23:46:19,447 | INFO | 🌐 Session warmed
2026-08-11 23:46:19,916 | INFO | [1301/1901] Fetching Palghar (PALG)
2026-08-11 23:46:20,408 | INFO | [1302/1901] Fetching Pali (PAAL)
2026-08-11 23:46:20,657 | INFO |    ↳ Status 200
2026-08-11 23:46:20,658 | INFO |    ✓ Found 8 movies
2026-08-11 23:46:20,658 | INFO | [1303/1901] Fetching Palia Kalan (PAKN)
2026-08-11 23:46:20,728 | INFO |    ↳ Status 403
2026-08-11 23:46:20,728 | WARNING |    ⚠ Blocked (403) retry 1
2026-08-11 23:46:20,805 | INFO | 🌐 Session warmed
2026-08-11 23:46:21,571 | INFO |    ↳ Status 403
2026-08-11 23:46:21,571 | WARNING |    ⚠ Blocked (403) retry 1
2026-08-11 23:46:21,652 | INFO | 🌐 Session warmed
2026-08-11 23:46:21,749 | INFO |    ↳ Status 403
2026-08-11 23:46:21,749 | WARNING |    ⚠ Blocked (403) retry 2
2026-08-11 23:46:21,834 | INFO | 🌐 Session warmed
2026-08-11 23:46:22,891 | INFO |    ↳ Status 200
2026-08-11 23:46:22,891 | INFO |    ✓ Found 8 movies
2026-08-11 23:46:22,892 | INFO | [1304/1901] Fetching Palitana (PALI)
2026-08-11 23:46:23,192 | INFO |    ↳ Status 403
2026-08-11 23:46:23,193 | WARNING |    ⚠ Blocked (403) retry 2
2026-08-11 23:46:23,285 | INFO | 🌐 Session warmed
2026-08-11 23:46:23,611 | INFO |    ↳ Status 403
2026-08-11 23:46:23,611 | WARNING |    ⚠ Blocked (403) retry 2
2026-08-11 23:46:23,679 | INFO | 🌐 Session warmed
2026-08-11 23:46:24,465 | INFO |    ↳ Status 200
2026-08-11 23:46:24,466 | INFO |    ✓ Found 8 movies
2026-08-11 23:46:24,466 | INFO | [1305/1901] Fetching Palladam (PLDM)
2026-08-11 23:46:24,605 | INFO |    ↳ Status 403
2026-08-11 23:46:24,605 | WARNING |    ⚠ Blocked (403) retry 3
2026-08-11 23:46:24,681 | INFO | 🌐 Session warmed
2026-08-11 23:46:25,954 | INFO |    ↳ Status 403
2026-08-11 23:46:25,954 | WARNING |    ⚠ Blocked (403) retry 3
2026-08-11 23:46:26,040 | INFO | 🌐 Session warmed
2026-08-11 23:46:26,394 | INFO |    ↳ Status 200
2026-08-11 23:46:26,394 | INFO |    ✓ Found 8 movies
2026-08-11 23:46:26,395 | INFO | [1306/1901] Fetching Pallickathodu (PKTU)
2026-08-11 23:46:27,043 | INFO |    ↳ Status 403
2026-08-11 23:46:27,043 | WARNING |    ⚠ Blocked (403) retry 3
2026-08-11 23:46:27,128 | INFO | 🌐 Session warmed
2026-08-11 23:46:27,369 | INFO |    ↳ Status 200
2026-08-11 23:46:27,370 | INFO |    ✓ Found 8 movies
2026-08-11 23:46:27,370 | INFO | [1307/1901] Fetching Pallipalayam (PLLI)
2026-08-11 23:46:28,682 | INFO | [1308/1901] Fetching Palluruthy (PALY)
2026-08-11 23:46:29,110 | INFO |    ↳ Status 200
2026-08-11 23:46:29,110 | INFO |    ✓ Found 8 movies
2026-08-11 23:46:29,110 | INFO | [1309/1901] Fetching Palwal (PLWL)
2026-08-11 23:46:30,028 | INFO |    ↳ Status 403
2026-08-11 23:46:30,028 | WARNING |    ⚠ Blocked (403) retry 1
2026-08-11 23:46:30,040 | INFO | [1310/1901] Fetching Palwancha (PLWA)
2026-08-11 23:46:30,099 | INFO | 🌐 Session warmed
2026-08-11 23:46:30,707 | INFO |    ↳ Status 200
2026-08-11 23:46:30,707 | INFO |    ✓ Found 7 movies
2026-08-11 23:46:30,707 | INFO | [1311/1901] Fetching Pamarru (PAMA)
2026-08-11 23:46:31,128 | INFO | [1312/1901] Fetching Pamidi (PAMI)
2026-08-11 23:46:31,359 | INFO |    ↳ Status 403
2026-08-11 23:46:31,360 | WARNING |    ⚠ Blocked (403) retry 1
2026-08-11 23:46:31,430 | INFO | 🌐 Session warmed
2026-08-11 23:46:31,849 | INFO |    ↳ Status 403
2026-08-11 23:46:31,849 | WARNING |    ⚠ Blocked (403) retry 1
2026-08-11 23:46:31,924 | INFO | 🌐 Session warmed
2026-08-11 23:46:32,228 | INFO |    ↳ Status 403
2026-08-11 23:46:32,228 | WARNING |    ⚠ Blocked (403) retry 2
2026-08-11 23:46:32,319 | INFO | 🌐 Session warmed
2026-08-11 23:46:32,356 | INFO |    ↳ Status 200
2026-08-11 23:46:32,356 | INFO |    ✓ Found 8 movies
2026-08-11 23:46:32,357 | INFO | [1313/1901] Fetching Pamuru (PMMR)
2026-08-11 23:46:33,497 | INFO |    ↳ Status 200
2026-08-11 23:46:33,497 | INFO |    ✓ Found 8 movies
2026-08-11 23:46:33,498 | INFO | [1314/1901] Fetching Panachamoodu (PAMO)
2026-08-11 23:46:33,575 | INFO |    ↳ Status 403
2026-08-11 23:46:33,575 | WARNING |    ⚠ Blocked (403) retry 2
2026-08-11 23:46:33,639 | INFO | 🌐 Session warmed
2026-08-11 23:46:33,773 | INFO |    ↳ Status 403
2026-08-11 23:46:33,773 | WARNING |    ⚠ Blocked (403) retry 2
2026-08-11 23:46:33,856 | INFO | 🌐 Session warmed
2026-08-11 23:46:35,138 | INFO |    ↳ Status 403
2026-08-11 23:46:35,138 | WARNING |    ⚠ Blocked (403) retry 3
2026-08-11 23:46:35,224 | INFO | 🌐 Session warmed
2026-08-11 23:46:35,789 | INFO |    ↳ Status 200
2026-08-11 23:46:35,789 | INFO |    ✓ Found 8 movies
2026-08-11 23:46:35,789 | INFO | [1315/1901] Fetching Panaji (PANA)
2026-08-11 23:46:36,569 | INFO |    ↳ Status 403
2026-08-11 23:46:36,569 | WARNING |    ⚠ Blocked (403) retry 3
2026-08-11 23:46:36,637 | INFO | 🌐 Session warmed
2026-08-11 23:46:36,715 | INFO |    ↳ Status 403
2026-08-11 23:46:36,716 | WARNING |    ⚠ Blocked (403) retry 3
2026-08-11 23:46:36,809 | INFO | 🌐 Session warmed
2026-08-11 23:46:37,326 | INFO |    ↳ Status 200
2026-08-11 23:46:37,326 | INFO |    ✓ Found 5 movies
2026-08-11 23:46:37,326 | INFO | [1316/1901] Fetching Panapakkam (PANP)
2026-08-11 23:46:38,861 | INFO |    ↳ Status 200
2026-08-11 23:46:38,861 | INFO |    ✓ Found 8 movies
2026-08-11 23:46:38,861 | INFO | [1317/1901] Fetching Panchgani (PANC)
2026-08-11 23:46:39,224 | INFO | [1318/1901] Fetching Panchkula (PNCH)
2026-08-11 23:46:40,101 | INFO |    ↳ Status 403
2026-08-11 23:46:40,102 | WARNING |    ⚠ Blocked (403) retry 1
2026-08-11 23:46:40,177 | INFO | 🌐 Session warmed
2026-08-11 23:46:40,638 | INFO | [1319/1901] Fetching Pandalam (PADM)
2026-08-11 23:46:40,810 | INFO | [1320/1901] Fetching Pandavapura (PAVA)
2026-08-11 23:46:40,881 | INFO |    ↳ Status 200
2026-08-11 23:46:40,881 | INFO |    ✓ Found 8 movies
2026-08-11 23:46:40,881 | INFO | [1321/1901] Fetching Pandhana (PAND)
2026-08-11 23:46:41,435 | INFO |    ↳ Status 403
2026-08-11 23:46:41,435 | WARNING |    ⚠ Blocked (403) retry 1
2026-08-11 23:46:41,513 | INFO | 🌐 Session warmed
2026-08-11 23:46:41,944 | INFO |    ↳ Status 403
2026-08-11 23:46:41,945 | WARNING |    ⚠ Blocked (403) retry 2
2026-08-11 23:46:42,032 | INFO | 🌐 Session warmed
2026-08-11 23:46:42,217 | INFO |    ↳ Status 403
2026-08-11 23:46:42,217 | WARNING |    ⚠ Blocked (403) retry 1
2026-08-11 23:46:42,288 | INFO | 🌐 Session warmed
2026-08-11 23:46:42,454 | INFO |    ↳ Status 200
2026-08-11 23:46:42,454 | INFO |    ✓ Found 8 movies
2026-08-11 23:46:42,454 | INFO | [1322/1901] Fetching Pandharkawada (PANR)
2026-08-11 23:46:43,712 | INFO |    ↳ Status 200
2026-08-11 23:46:43,712 | INFO |    ✓ Found 8 movies
2026-08-11 23:46:43,712 | INFO | [1323/1901] Fetching Pandharpur (PNDH)
2026-08-11 23:46:43,751 | INFO |    ↳ Status 403
2026-08-11 23:46:43,751 | WARNING |    ⚠ Blocked (403) retry 2
2026-08-11 23:46:43,842 | INFO | 🌐 Session warmed
2026-08-11 23:46:44,251 | INFO |    ↳ Status 403
2026-08-11 23:46:44,251 | WARNING |    ⚠ Blocked (403) retry 2
2026-08-11 23:46:44,345 | INFO | 🌐 Session warmed
2026-08-11 23:46:44,854 | INFO |    ↳ Status 403
2026-08-11 23:46:44,854 | WARNING |    ⚠ Blocked (403) retry 3
2026-08-11 23:46:44,945 | INFO | 🌐 Session warmed
2026-08-11 23:46:45,280 | INFO |    ↳ Status 200
2026-08-11 23:46:45,280 | INFO |    ✓ Found 8 movies
2026-08-11 23:46:45,280 | INFO | [1324/1901] Fetching Pandua (PANU)
2026-08-11 23:46:46,928 | INFO |    ↳ Status 403
2026-08-11 23:46:46,928 | WARNING |    ⚠ Blocked (403) retry 3
2026-08-11 23:46:46,960 | INFO |    ↳ Status 200
2026-08-11 23:46:46,960 | INFO |    ✓ Found 8 movies
2026-08-11 23:46:46,960 | INFO | [1325/1901] Fetching Panipat (PAN)
2026-08-11 23:46:47,007 | INFO | 🌐 Session warmed
2026-08-11 23:46:47,292 | INFO |    ↳ Status 403
2026-08-11 23:46:47,292 | WARNING |    ⚠ Blocked (403) retry 3
2026-08-11 23:46:47,384 | INFO | 🌐 Session warmed
2026-08-11 23:46:48,131 | INFO |    ↳ Status 200
2026-08-11 23:46:48,131 | INFO |    ✓ Found 7 movies
2026-08-11 23:46:48,131 | INFO | [1326/1901] Fetching Panna (PANN)
2026-08-11 23:46:48,946 | INFO | [1327/1901] Fetching Panruti (PANT)
2026-08-11 23:46:49,198 | INFO |    ↳ Status 200
2026-08-11 23:46:49,198 | INFO |    ✓ Found 8 movies
2026-08-11 23:46:49,198 | INFO | [1328/1901] Fetching Pansemal (PNSM)
2026-08-11 23:46:49,641 | INFO |    ↳ Status 403
2026-08-11 23:46:49,641 | WARNING |    ⚠ Blocked (403) retry 1
2026-08-11 23:46:49,723 | INFO | 🌐 Session warmed
2026-08-11 23:46:50,685 | INFO |    ↳ Status 200
2026-08-11 23:46:50,685 | INFO |    ✓ Found 8 movies
2026-08-11 23:46:50,685 | INFO | [1329/1901] Fetching Paonta Sahib (POTA)
2026-08-11 23:46:51,008 | INFO | [1330/1901] Fetching Papanasam (PAPA)
2026-08-11 23:46:51,384 | INFO | [1331/1901] Fetching Paradeep (PARD)
2026-08-11 23:46:51,568 | INFO |    ↳ Status 403
2026-08-11 23:46:51,568 | WARNING |    ⚠ Blocked (403) retry 2
2026-08-11 23:46:51,592 | INFO |    ↳ Status 200
2026-08-11 23:46:51,592 | INFO |    ✓ Found 8 movies
2026-08-11 23:46:51,592 | INFO | [1332/1901] Fetching Paralakhemundi (PRKM)
2026-08-11 23:46:51,653 | INFO | 🌐 Session warmed
2026-08-11 23:46:52,113 | INFO |    ↳ Status 403
2026-08-11 23:46:52,113 | WARNING |    ⚠ Blocked (403) retry 1
2026-08-11 23:46:52,188 | INFO | 🌐 Session warmed
2026-08-11 23:46:52,314 | INFO |    ↳ Status 403
2026-08-11 23:46:52,314 | WARNING |    ⚠ Blocked (403) retry 1
2026-08-11 23:46:52,395 | INFO | 🌐 Session warmed
2026-08-11 23:46:52,782 | INFO |    ↳ Status 200
2026-08-11 23:46:52,782 | INFO |    ✓ Found 8 movies
2026-08-11 23:46:52,782 | INFO | [1333/1901] Fetching Parappanangadi (PAVP)
2026-08-11 23:46:53,818 | INFO |    ↳ Status 403
2026-08-11 23:46:53,818 | WARNING |    ⚠ Blocked (403) retry 2
2026-08-11 23:46:53,833 | INFO |    ↳ Status 200
2026-08-11 23:46:53,833 | INFO |    ✓ Found 8 movies
2026-08-11 23:46:53,833 | INFO | [1334/1901] Fetching Paratwada (PARA)
2026-08-11 23:46:53,902 | INFO | 🌐 Session warmed
2026-08-11 23:46:54,343 | INFO |    ↳ Status 403
2026-08-11 23:46:54,343 | WARNING |    ⚠ Blocked (403) retry 3
2026-08-11 23:46:54,396 | INFO |    ↳ Status 403
2026-08-11 23:46:54,396 | WARNING |    ⚠ Blocked (403) retry 2
2026-08-11 23:46:54,436 | INFO | 🌐 Session warmed
2026-08-11 23:46:54,469 | INFO | 🌐 Session warmed
2026-08-11 23:46:55,184 | INFO |    ↳ Status 200
2026-08-11 23:46:55,184 | INFO |    ✓ Found 8 movies
2026-08-11 23:46:55,184 | INFO | [1335/1901] Fetching Parbhani (PARB)
2026-08-11 23:46:56,150 | INFO |    ↳ Status 200
2026-08-11 23:46:56,150 | INFO |    ✓ Found 8 movies
2026-08-11 23:46:56,150 | INFO | [1336/1901] Fetching Parchur (PARC)
2026-08-11 23:46:56,834 | INFO |    ↳ Status 403
2026-08-11 23:46:56,834 | WARNING |    ⚠ Blocked (403) retry 3
2026-08-11 23:46:56,931 | INFO | 🌐 Session warmed
2026-08-11 23:46:57,456 | INFO |    ↳ Status 200
2026-08-11 23:46:57,456 | INFO |    ✓ Found 8 movies
2026-08-11 23:46:57,456 | INFO | [1337/1901] Fetching Parigi (Telangana) (PARI)
2026-08-11 23:46:57,546 | INFO |    ↳ Status 403
2026-08-11 23:46:57,546 | WARNING |    ⚠ Blocked (403) retry 3
2026-08-11 23:46:57,622 | INFO | 🌐 Session warmed
2026-08-11 23:46:58,436 | INFO | [1338/1901] Fetching Parkal (PARL)
2026-08-11 23:46:58,929 | INFO |    ↳ Status 200
2026-08-11 23:46:58,929 | INFO |    ✓ Found 8 movies
2026-08-11 23:46:58,930 | INFO | [1339/1901] Fetching Parli (PRLI)
2026-08-11 23:46:59,779 | INFO |    ↳ Status 403
2026-08-11 23:46:59,779 | WARNING |    ⚠ Blocked (403) retry 1
2026-08-11 23:46:59,866 | INFO | 🌐 Session warmed
2026-08-11 23:47:00,272 | INFO |    ↳ Status 200
2026-08-11 23:47:00,272 | INFO |    ✓ Found 8 movies
2026-08-11 23:47:00,273 | INFO | [1340/1901] Fetching Parvathipuram (PRVT)
2026-08-11 23:47:00,932 | INFO | [1341/1901] Fetching Parwanoo (PARW)
2026-08-11 23:47:01,602 | INFO |    ↳ Status 403
2026-08-11 23:47:01,602 | WARNING |    ⚠ Blocked (403) retry 1
2026-08-11 23:47:01,622 | INFO | [1342/1901] Fetching Pasighat (PSHG)
2026-08-11 23:47:01,671 | INFO | 🌐 Session warmed
2026-08-11 23:47:01,740 | INFO |    ↳ Status 200
2026-08-11 23:47:01,740 | INFO |    ✓ Found 8 movies
2026-08-11 23:47:01,740 | INFO | [1343/1901] Fetching Patan (PATA)
2026-08-11 23:47:02,109 | INFO |    ↳ Status 403
2026-08-11 23:47:02,109 | WARNING |    ⚠ Blocked (403) retry 2
2026-08-11 23:47:02,205 | INFO | 🌐 Session warmed
2026-08-11 23:47:02,734 | INFO |    ↳ Status 403
2026-08-11 23:47:02,734 | WARNING |    ⚠ Blocked (403) retry 1
2026-08-11 23:47:02,802 | INFO | 🌐 Session warmed
2026-08-11 23:47:03,434 | INFO |    ↳ Status 200
2026-08-11 23:47:03,434 | INFO |    ✓ Found 8 movies
2026-08-11 23:47:03,434 | INFO | [1344/1901] Fetching Patan (CG) (TNPR)
2026-08-11 23:47:03,565 | INFO |    ↳ Status 403
2026-08-11 23:47:03,566 | WARNING |    ⚠ Blocked (403) retry 2
2026-08-11 23:47:03,644 | INFO | 🌐 Session warmed
2026-08-11 23:47:04,565 | INFO |    ↳ Status 200
2026-08-11 23:47:04,566 | INFO |    ✓ Found 8 movies
2026-08-11 23:47:04,566 | INFO | [1345/1901] Fetching Patan (Satara) (PATM)
2026-08-11 23:47:05,150 | INFO |    ↳ Status 403
2026-08-11 23:47:05,150 | WARNING |    ⚠ Blocked (403) retry 2
2026-08-11 23:47:05,229 | INFO | 🌐 Session warmed
2026-08-11 23:47:05,353 | INFO |    ↳ Status 403
2026-08-11 23:47:05,353 | WARNING |    ⚠ Blocked (403) retry 3
2026-08-11 23:47:05,438 | INFO | 🌐 Session warmed
2026-08-11 23:47:05,640 | INFO |    ↳ Status 200
2026-08-11 23:47:05,640 | INFO |    ✓ Found 8 movies
2026-08-11 23:47:05,640 | INFO | [1346/1901] Fetching Pathalgaon (PAHT)
2026-08-11 23:47:06,762 | INFO |    ↳ Status 403
2026-08-11 23:47:06,762 | WARNING |    ⚠ Blocked (403) retry 3
2026-08-11 23:47:06,806 | INFO |    ↳ Status 200
2026-08-11 23:47:06,806 | INFO |    ✓ Found 7 movies
2026-08-11 23:47:06,807 | INFO | [1347/1901] Fetching Pathanamthitta (PTNM)
2026-08-11 23:47:06,856 | INFO | 🌐 Session warmed
2026-08-11 23:47:07,994 | INFO |    ↳ Status 200
2026-08-11 23:47:07,994 | INFO |    ✓ Found 8 movies
2026-08-11 23:47:07,994 | INFO | [1348/1901] Fetching Pathanapuram (PTPM)
2026-08-11 23:47:08,206 | INFO |    ↳ Status 403
2026-08-11 23:47:08,206 | WARNING |    ⚠ Blocked (403) retry 3
2026-08-11 23:47:08,298 | INFO | 🌐 Session warmed
2026-08-11 23:47:09,438 | INFO | [1349/1901] Fetching Pathankot (PATH)
2026-08-11 23:47:09,967 | INFO |    ↳ Status 200
2026-08-11 23:47:09,967 | INFO |    ✓ Found 8 movies
2026-08-11 23:47:09,967 | INFO | [1350/1901] Fetching Pathapatnam (PTPT)
2026-08-11 23:47:10,613 | INFO |    ↳ Status 403
2026-08-11 23:47:10,613 | WARNING |    ⚠ Blocked (403) retry 1
2026-08-11 23:47:10,706 | INFO | 🌐 Session warmed
2026-08-11 23:47:10,856 | INFO | [1351/1901] Fetching Pathsala (PATS)
2026-08-11 23:47:11,392 | INFO |    ↳ Status 200
2026-08-11 23:47:11,392 | INFO |    ✓ Found 8 movies
2026-08-11 23:47:11,392 | INFO | [1352/1901] Fetching Patiala (PATI)
2026-08-11 23:47:12,051 | INFO |    ↳ Status 403
2026-08-11 23:47:12,051 | WARNING |    ⚠ Blocked (403) retry 1
2026-08-11 23:47:12,144 | INFO | 🌐 Session warmed
2026-08-11 23:47:12,298 | INFO | [1353/1901] Fetching Patna (PATN)
2026-08-11 23:47:12,501 | INFO |    ↳ Status 200
2026-08-11 23:47:12,501 | INFO |    ✓ Found 7 movies
2026-08-11 23:47:12,501 | INFO | [1354/1901] Fetching Patran (PATR)
2026-08-11 23:47:13,071 | INFO |    ↳ Status 403
2026-08-11 23:47:13,071 | WARNING |    ⚠ Blocked (403) retry 2
2026-08-11 23:47:13,148 | INFO | 🌐 Session warmed
2026-08-11 23:47:13,416 | INFO |    ↳ Status 403
2026-08-11 23:47:13,416 | WARNING |    ⚠ Blocked (403) retry 1
2026-08-11 23:47:13,485 | INFO | 🌐 Session warmed
2026-08-11 23:47:13,873 | INFO |    ↳ Status 200
2026-08-11 23:47:13,874 | INFO |    ✓ Found 7 movies
2026-08-11 23:47:13,874 | INFO | [1355/1901] Fetching Patratu (PARY)
2026-08-11 23:47:14,218 | INFO |    ↳ Status 403
2026-08-11 23:47:14,218 | WARNING |    ⚠ Blocked (403) retry 2
2026-08-11 23:47:14,319 | INFO | 🌐 Session warmed
2026-08-11 23:47:15,052 | INFO |    ↳ Status 200
2026-08-11 23:47:15,052 | INFO |    ✓ Found 8 movies
2026-08-11 23:47:15,052 | INFO | [1356/1901] Fetching Pattambi (PTMB)
2026-08-11 23:47:15,292 | INFO |    ↳ Status 403
2026-08-11 23:47:15,292 | WARNING |    ⚠ Blocked (403) retry 2
2026-08-11 23:47:15,363 | INFO | 🌐 Session warmed
2026-08-11 23:47:15,852 | INFO |    ↳ Status 403
2026-08-11 23:47:15,852 | WARNING |    ⚠ Blocked (403) retry 3
2026-08-11 23:47:15,920 | INFO | 🌐 Session warmed
2026-08-11 23:47:16,111 | INFO |    ↳ Status 200
2026-08-11 23:47:16,111 | INFO |    ✓ Found 8 movies
2026-08-11 23:47:16,111 | INFO | [1357/1901] Fetching Pattukkottai (PATU)
2026-08-11 23:47:17,088 | INFO |    ↳ Status 200
2026-08-11 23:47:17,088 | INFO |    ✓ Found 8 movies
2026-08-11 23:47:17,089 | INFO | [1358/1901] Fetching Pavagada (PAGD)
2026-08-11 23:47:17,470 | INFO |    ↳ Status 403
2026-08-11 23:47:17,471 | WARNING |    ⚠ Blocked (403) retry 3
2026-08-11 23:47:17,563 | INFO | 🌐 Session warmed
2026-08-11 23:47:18,370 | INFO |    ↳ Status 403
2026-08-11 23:47:18,370 | WARNING |    ⚠ Blocked (403) retry 3
2026-08-11 23:47:18,457 | INFO | 🌐 Session warmed
2026-08-11 23:47:18,720 | INFO |    ↳ Status 200
2026-08-11 23:47:18,720 | INFO |    ✓ Found 8 movies
2026-08-11 23:47:18,720 | INFO | [1359/1901] Fetching Payakaraopeta (PATE)
2026-08-11 23:47:19,723 | INFO |    ↳ Status 200
2026-08-11 23:47:19,723 | INFO |    ✓ Found 8 movies
2026-08-11 23:47:19,723 | INFO | [1360/1901] Fetching Payyanur (PAYY)
2026-08-11 23:47:19,920 | INFO | [1361/1901] Fetching Payyoli (PAYO)
2026-08-11 23:47:21,310 | INFO |    ↳ Status 403
2026-08-11 23:47:21,310 | WARNING |    ⚠ Blocked (403) retry 1
2026-08-11 23:47:21,398 | INFO | 🌐 Session warmed
2026-08-11 23:47:21,400 | INFO |    ↳ Status 200
2026-08-11 23:47:21,400 | INFO |    ✓ Found 8 movies
2026-08-11 23:47:21,400 | INFO | [1362/1901] Fetching Pazhayannur (PLYN)
2026-08-11 23:47:21,563 | INFO | [1363/1901] Fetching Pebbair (PEIR)
2026-08-11 23:47:22,458 | INFO | [1364/1901] Fetching Pedana (PEDZ)
2026-08-11 23:47:22,877 | INFO |    ↳ Status 403
2026-08-11 23:47:22,877 | WARNING |    ⚠ Blocked (403) retry 1
2026-08-11 23:47:22,913 | INFO |    ↳ Status 200
2026-08-11 23:47:22,914 | INFO |    ✓ Found 8 movies
2026-08-11 23:47:22,914 | INFO | [1365/1901] Fetching Pedanandipadu (PEDN)
2026-08-11 23:47:22,946 | INFO | 🌐 Session warmed
2026-08-11 23:47:23,308 | INFO |    ↳ Status 403
2026-08-11 23:47:23,308 | WARNING |    ⚠ Blocked (403) retry 2
2026-08-11 23:47:23,376 | INFO | 🌐 Session warmed
2026-08-11 23:47:23,840 | INFO |    ↳ Status 403
2026-08-11 23:47:23,840 | WARNING |    ⚠ Blocked (403) retry 1
2026-08-11 23:47:23,911 | INFO | 🌐 Session warmed
2026-08-11 23:47:24,532 | INFO |    ↳ Status 200
2026-08-11 23:47:24,532 | INFO |    ✓ Found 8 movies
2026-08-11 23:47:24,532 | INFO | [1366/1901] Fetching Pedapadu (PEDD)
2026-08-11 23:47:24,658 | INFO |    ↳ Status 403
2026-08-11 23:47:24,658 | WARNING |    ⚠ Blocked (403) retry 2
2026-08-11 23:47:24,741 | INFO | 🌐 Session warmed
2026-08-11 23:47:25,687 | INFO |    ↳ Status 200
2026-08-11 23:47:25,687 | INFO |    ✓ Found 8 movies
2026-08-11 23:47:25,687 | INFO | [1367/1901] Fetching Peddapalli (PEDA)
2026-08-11 23:47:25,913 | INFO |    ↳ Status 403
2026-08-11 23:47:25,913 | WARNING |    ⚠ Blocked (403) retry 2
2026-08-11 23:47:25,990 | INFO | 🌐 Session warmed
2026-08-11 23:47:26,439 | INFO |    ↳ Status 403
2026-08-11 23:47:26,439 | WARNING |    ⚠ Blocked (403) retry 3
2026-08-11 23:47:26,505 | INFO | 🌐 Session warmed
2026-08-11 23:47:26,868 | INFO |    ↳ Status 200
2026-08-11 23:47:26,868 | INFO |    ✓ Found 8 movies
2026-08-11 23:47:26,868 | INFO | [1368/1901] Fetching Peddapuram (PEDP)
2026-08-11 23:47:27,704 | INFO |    ↳ Status 403
2026-08-11 23:47:27,704 | WARNING |    ⚠ Blocked (403) retry 3
2026-08-11 23:47:27,796 | INFO | 🌐 Session warmed
2026-08-11 23:47:28,647 | INFO |    ↳ Status 200
2026-08-11 23:47:28,647 | INFO |    ✓ Found 8 movies
2026-08-11 23:47:28,647 | INFO | [1369/1901] Fetching Pen (PEN)
2026-08-11 23:47:28,812 | INFO |    ↳ Status 403
2026-08-11 23:47:28,812 | WARNING |    ⚠ Blocked (403) retry 3
2026-08-11 23:47:28,885 | INFO | 🌐 Session warmed
2026-08-11 23:47:29,756 | INFO |    ↳ Status 200
2026-08-11 23:47:29,757 | INFO |    ✓ Found 8 movies
2026-08-11 23:47:29,757 | INFO | [1370/1901] Fetching Pendra (PEND)
2026-08-11 23:47:30,506 | INFO | [1371/1901] Fetching Pennagaram (PENM)
2026-08-11 23:47:30,701 | INFO |    ↳ Status 200
2026-08-11 23:47:30,702 | INFO |    ✓ Found 7 movies
2026-08-11 23:47:30,702 | INFO | [1372/1901] Fetching Penuganchiprolu (PENU)
2026-08-11 23:47:31,340 | INFO |    ↳ Status 403
2026-08-11 23:47:31,340 | WARNING |    ⚠ Blocked (403) retry 1
2026-08-11 23:47:31,415 | INFO | 🌐 Session warmed
2026-08-11 23:47:31,797 | INFO | [1373/1901] Fetching Penugonda (PDDG)
2026-08-11 23:47:32,420 | INFO |    ↳ Status 403
2026-08-11 23:47:32,420 | WARNING |    ⚠ Blocked (403) retry 1
2026-08-11 23:47:32,423 | INFO |    ↳ Status 200
2026-08-11 23:47:32,423 | INFO |    ✓ Found 8 movies
2026-08-11 23:47:32,423 | INFO | [1374/1901] Fetching Peralam (PERL)
2026-08-11 23:47:32,509 | INFO | 🌐 Session warmed
2026-08-11 23:47:32,885 | INFO | [1375/1901] Fetching Perambalur (PERA)
2026-08-11 23:47:33,764 | INFO |    ↳ Status 403
2026-08-11 23:47:33,764 | WARNING |    ⚠ Blocked (403) retry 2
2026-08-11 23:47:33,859 | INFO | 🌐 Session warmed
2026-08-11 23:47:34,223 | INFO |    ↳ Status 403
2026-08-11 23:47:34,223 | WARNING |    ⚠ Blocked (403) retry 1
2026-08-11 23:47:34,293 | INFO | 🌐 Session warmed
2026-08-11 23:47:34,485 | INFO |    ↳ Status 403
2026-08-11 23:47:34,486 | WARNING |    ⚠ Blocked (403) retry 2
2026-08-11 23:47:34,490 | INFO |    ↳ Status 200
2026-08-11 23:47:34,490 | INFO |    ✓ Found 8 movies
2026-08-11 23:47:34,490 | INFO | [1376/1901] Fetching Peravoor (PPVR)
2026-08-11 23:47:34,591 | INFO | 🌐 Session warmed
2026-08-11 23:47:36,038 | INFO |    ↳ Status 200
2026-08-11 23:47:36,038 | INFO |    ✓ Found 8 movies
2026-08-11 23:47:36,038 | INFO | [1377/1901] Fetching Peringamala (PRGM)
2026-08-11 23:47:36,218 | INFO |    ↳ Status 403
2026-08-11 23:47:36,218 | WARNING |    ⚠ Blocked (403) retry 2
2026-08-11 23:47:36,321 | INFO | 🌐 Session warmed
2026-08-11 23:47:36,979 | INFO |    ↳ Status 200
2026-08-11 23:47:36,979 | INFO |    ✓ Found 8 movies
2026-08-11 23:47:36,980 | INFO | [1378/1901] Fetching Peringottukurissi (PERN)
2026-08-11 23:47:37,123 | INFO |    ↳ Status 403
2026-08-11 23:47:37,123 | WARNING |    ⚠ Blocked (403) retry 3
2026-08-11 23:47:37,214 | INFO | 🌐 Session warmed
2026-08-11 23:47:37,979 | INFO |    ↳ Status 403
2026-08-11 23:47:37,979 | WARNING |    ⚠ Blocked (403) retry 3
2026-08-11 23:47:38,103 | INFO | 🌐 Session warmed
2026-08-11 23:47:38,393 | INFO |    ↳ Status 200
2026-08-11 23:47:38,393 | INFO |    ✓ Found 8 movies
2026-08-11 23:47:38,393 | INFO | [1379/1901] Fetching Perinthalmanna (PNTM)
2026-08-11 23:47:39,356 | INFO |    ↳ Status 403
2026-08-11 23:47:39,356 | WARNING |    ⚠ Blocked (403) retry 3
2026-08-11 23:47:39,441 | INFO | 🌐 Session warmed
2026-08-11 23:47:39,666 | INFO |    ↳ Status 200
2026-08-11 23:47:39,666 | INFO |    ✓ Found 8 movies
2026-08-11 23:47:39,667 | INFO | [1380/1901] Fetching Periyapatna (PERI)
2026-08-11 23:47:40,869 | INFO |    ↳ Status 200
2026-08-11 23:47:40,869 | INFO |    ✓ Found 8 movies
2026-08-11 23:47:40,870 | INFO | [1381/1901] Fetching Pernambut (PERM)
2026-08-11 23:47:41,215 | INFO | [1382/1901] Fetching Perundurai (PEDR)
2026-08-11 23:47:41,992 | INFO |    ↳ Status 200
2026-08-11 23:47:41,992 | INFO |    ✓ Found 8 movies
2026-08-11 23:47:41,992 | INFO | [1383/1901] Fetching Petlad (PETL)
2026-08-11 23:47:42,104 | INFO | [1384/1901] Fetching Phagwara (PHAG)
2026-08-11 23:47:42,231 | INFO |    ↳ Status 403
2026-08-11 23:47:42,231 | WARNING |    ⚠ Blocked (403) retry 1
2026-08-11 23:47:42,301 | INFO | 🌐 Session warmed
2026-08-11 23:47:42,971 | INFO |    ↳ Status 200
2026-08-11 23:47:42,972 | INFO |    ✓ Found 8 movies
2026-08-11 23:47:42,972 | INFO | [1385/1901] Fetching Phalodi (PHLD)
2026-08-11 23:47:43,017 | INFO |    ↳ Status 403
2026-08-11 23:47:43,017 | WARNING |    ⚠ Blocked (403) retry 1
2026-08-11 23:47:43,094 | INFO | 🌐 Session warmed
2026-08-11 23:47:43,441 | INFO | [1386/1901] Fetching Phaltan (PHAL)
2026-08-11 23:47:44,360 | INFO |    ↳ Status 403
2026-08-11 23:47:44,360 | WARNING |    ⚠ Blocked (403) retry 1
2026-08-11 23:47:44,368 | INFO |    ↳ Status 403
2026-08-11 23:47:44,368 | WARNING |    ⚠ Blocked (403) retry 2
2026-08-11 23:47:44,392 | INFO |    ↳ Status 200
2026-08-11 23:47:44,392 | INFO |    ✓ Found 8 movies
2026-08-11 23:47:44,392 | INFO | [1387/1901] Fetching Phulbani (PHBN)
2026-08-11 23:47:44,438 | INFO | 🌐 Session warmed
2026-08-11 23:47:44,456 | INFO | 🌐 Session warmed
2026-08-11 23:47:45,467 | INFO |    ↳ Status 403
2026-08-11 23:47:45,467 | WARNING |    ⚠ Blocked (403) retry 2
2026-08-11 23:47:45,555 | INFO | 🌐 Session warmed
2026-08-11 23:47:45,920 | INFO |    ↳ Status 200
2026-08-11 23:47:45,920 | INFO |    ✓ Found 8 movies
2026-08-11 23:47:45,920 | INFO | [1388/1901] Fetching Piduguralla (PIDU)
2026-08-11 23:47:46,798 | INFO |    ↳ Status 403
2026-08-11 23:47:46,798 | WARNING |    ⚠ Blocked (403) retry 2
2026-08-11 23:47:46,875 | INFO | 🌐 Session warmed
2026-08-11 23:47:47,177 | INFO |    ↳ Status 200
2026-08-11 23:47:47,178 | INFO |    ✓ Found 8 movies
2026-08-11 23:47:47,178 | INFO | [1389/1901] Fetching Pilani (PILA)
2026-08-11 23:47:47,333 | INFO |    ↳ Status 403
2026-08-11 23:47:47,333 | WARNING |    ⚠ Blocked (403) retry 3
2026-08-11 23:47:47,422 | INFO | 🌐 Session warmed
2026-08-11 23:47:48,410 | INFO |    ↳ Status 403
2026-08-11 23:47:48,410 | WARNING |    ⚠ Blocked (403) retry 3
2026-08-11 23:47:48,505 | INFO | 🌐 Session warmed
2026-08-11 23:47:48,626 | INFO |    ↳ Status 200
2026-08-11 23:47:48,626 | INFO |    ✓ Found 8 movies
2026-08-11 23:47:48,626 | INFO | [1390/1901] Fetching Pileru (PLRU)
2026-08-11 23:47:49,999 | INFO |    ↳ Status 403
2026-08-11 23:47:49,999 | WARNING |    ⚠ Blocked (403) retry 3
2026-08-11 23:47:50,073 | INFO | 🌐 Session warmed
2026-08-11 23:47:50,223 | INFO |    ↳ Status 200
2026-08-11 23:47:50,224 | INFO |    ✓ Found 8 movies
2026-08-11 23:47:50,224 | INFO | [1391/1901] Fetching Pilibhit (PIHI)
2026-08-11 23:47:51,423 | INFO | [1392/1901] Fetching Pimpalner (PPAL)
2026-08-11 23:47:51,842 | INFO |    ↳ Status 200
2026-08-11 23:47:51,842 | INFO |    ✓ Found 8 movies
2026-08-11 23:47:51,843 | INFO | [1393/1901] Fetching Pimpri (PIMP)
2026-08-11 23:47:52,505 | INFO | [1394/1901] Fetching Pinjore (PINJ)
2026-08-11 23:47:52,799 | INFO |    ↳ Status 403
2026-08-11 23:47:52,799 | WARNING |    ⚠ Blocked (403) retry 1
2026-08-11 23:47:52,887 | INFO | 🌐 Session warmed
2026-08-11 23:47:53,283 | INFO |    ↳ Status 200
2026-08-11 23:47:53,283 | INFO |    ✓ Found 8 movies
2026-08-11 23:47:53,283 | INFO | [1395/1901] Fetching Pipariya (PIPY)
2026-08-11 23:47:53,807 | INFO |    ↳ Status 403
2026-08-11 23:47:53,807 | WARNING |    ⚠ Blocked (403) retry 1
2026-08-11 23:47:53,889 | INFO | 🌐 Session warmed
2026-08-11 23:47:54,073 | INFO | [1396/1901] Fetching Pipraich (PIPR)
2026-08-11 23:47:54,628 | INFO |    ↳ Status 403
2026-08-11 23:47:54,629 | WARNING |    ⚠ Blocked (403) retry 2
2026-08-11 23:47:54,694 | INFO | 🌐 Session warmed
2026-08-11 23:47:54,956 | INFO |    ↳ Status 200
2026-08-11 23:47:54,956 | INFO |    ✓ Found 8 movies
2026-08-11 23:47:54,957 | INFO | [1397/1901] Fetching Pithampur (PITH)
2026-08-11 23:47:55,231 | INFO |    ↳ Status 403
2026-08-11 23:47:55,231 | WARNING |    ⚠ Blocked (403) retry 1
2026-08-11 23:47:55,315 | INFO | 🌐 Session warmed
2026-08-11 23:47:56,037 | INFO |    ↳ Status 403
2026-08-11 23:47:56,037 | WARNING |    ⚠ Blocked (403) retry 2
2026-08-11 23:47:56,135 | INFO | 🌐 Session warmed
2026-08-11 23:47:56,595 | INFO |    ↳ Status 200
2026-08-11 23:47:56,595 | INFO |    ✓ Found 8 movies
2026-08-11 23:47:56,595 | INFO | [1398/1901] Fetching Pithapuram (PITA)
2026-08-11 23:47:57,189 | INFO |    ↳ Status 403
2026-08-11 23:47:57,189 | WARNING |    ⚠ Blocked (403) retry 2
2026-08-11 23:47:57,271 | INFO | 🌐 Session warmed
2026-08-11 23:47:57,710 | INFO |    ↳ Status 403
2026-08-11 23:47:57,711 | WARNING |    ⚠ Blocked (403) retry 3
2026-08-11 23:47:57,784 | INFO | 🌐 Session warmed
2026-08-11 23:47:58,515 | INFO |    ↳ Status 200
2026-08-11 23:47:58,515 | INFO |    ✓ Found 8 movies
2026-08-11 23:47:58,515 | INFO | [1399/1901] Fetching Pithora (PHOR)
2026-08-11 23:47:59,242 | INFO |    ↳ Status 403
2026-08-11 23:47:59,243 | WARNING |    ⚠ Blocked (403) retry 3
2026-08-11 23:47:59,319 | INFO | 🌐 Session warmed
2026-08-11 23:47:59,467 | INFO |    ↳ Status 200
2026-08-11 23:47:59,467 | INFO |    ✓ Found 7 movies
2026-08-11 23:47:59,467 | INFO | [1400/1901] Fetching Pithoragarh (PITO)
2026-08-11 23:48:00,050 | INFO |    ↳ Status 403
2026-08-11 23:48:00,051 | WARNING |    ⚠ Blocked (403) retry 3
2026-08-11 23:48:00,138 | INFO | 🌐 Session warmed
2026-08-11 23:48:00,632 | INFO |    ↳ Status 200
2026-08-11 23:48:00,632 | INFO |    ✓ Found 8 movies
2026-08-11 23:48:00,632 | INFO | [1401/1901] Fetching Pitlam (PILM)
2026-08-11 23:48:01,785 | INFO | [1402/1901] Fetching Pochampally (POCH)
2026-08-11 23:48:02,225 | INFO |    ↳ Status 200
2026-08-11 23:48:02,225 | INFO |    ✓ Found 8 movies
2026-08-11 23:48:02,225 | INFO | [1403/1901] Fetching Podalakur (PODA)
2026-08-11 23:48:03,168 | INFO |    ↳ Status 403
2026-08-11 23:48:03,168 | WARNING |    ⚠ Blocked (403) retry 1
2026-08-11 23:48:03,238 | INFO | 🌐 Session warmed
2026-08-11 23:48:03,319 | INFO | [1404/1901] Fetching Podili (PODI)
2026-08-11 23:48:03,535 | INFO |    ↳ Status 200
2026-08-11 23:48:03,536 | INFO |    ✓ Found 8 movies
2026-08-11 23:48:03,536 | INFO | [1405/1901] Fetching Polavaram (PLAB)
2026-08-11 23:48:04,108 | INFO |    ↳ Status 403
2026-08-11 23:48:04,108 | WARNING |    ⚠ Blocked (403) retry 1
2026-08-11 23:48:04,138 | INFO | [1406/1901] Fetching Pollachi (POLL)
2026-08-11 23:48:04,204 | INFO | 🌐 Session warmed
2026-08-11 23:48:04,955 | INFO |    ↳ Status 200
2026-08-11 23:48:04,955 | INFO |    ✓ Found 8 movies
2026-08-11 23:48:04,955 | INFO | [1407/1901] Fetching Pondicherry (POND)
2026-08-11 23:48:04,972 | INFO |    ↳ Status 403
2026-08-11 23:48:04,972 | WARNING |    ⚠ Blocked (403) retry 1
2026-08-11 23:48:05,045 | INFO | 🌐 Session warmed
2026-08-11 23:48:05,575 | INFO |    ↳ Status 403
2026-08-11 23:48:05,576 | WARNING |    ⚠ Blocked (403) retry 2
2026-08-11 23:48:05,646 | INFO | 🌐 Session warmed
2026-08-11 23:48:06,328 | INFO |    ↳ Status 200
2026-08-11 23:48:06,328 | INFO |    ✓ Found 8 movies
2026-08-11 23:48:06,329 | INFO | [1408/1901] Fetching Ponduru (PONU)
2026-08-11 23:48:06,408 | INFO |    ↳ Status 403
2026-08-11 23:48:06,408 | WARNING |    ⚠ Blocked (403) retry 2
2026-08-11 23:48:06,477 | INFO | 🌐 Session warmed
2026-08-11 23:48:06,935 | INFO |    ↳ Status 403
2026-08-11 23:48:06,935 | WARNING |    ⚠ Blocked (403) retry 2
2026-08-11 23:48:07,008 | INFO | 🌐 Session warmed
2026-08-11 23:48:07,857 | INFO |    ↳ Status 200
2026-08-11 23:48:07,858 | INFO |    ✓ Found 8 movies
2026-08-11 23:48:07,858 | INFO | [1409/1901] Fetching Ponkunnam (PONK)
2026-08-11 23:48:08,526 | INFO |    ↳ Status 403
2026-08-11 23:48:08,526 | WARNING |    ⚠ Blocked (403) retry 3
2026-08-11 23:48:08,608 | INFO | 🌐 Session warmed
2026-08-11 23:48:08,832 | INFO |    ↳ Status 200
2026-08-11 23:48:08,832 | INFO |    ✓ Found 8 movies
2026-08-11 23:48:08,832 | INFO | [1410/1901] Fetching Ponnamaravathi (PONM)
2026-08-11 23:48:09,297 | INFO |    ↳ Status 403
2026-08-11 23:48:09,298 | WARNING |    ⚠ Blocked (403) retry 3
2026-08-11 23:48:09,374 | INFO | 🌐 Session warmed
2026-08-11 23:48:09,668 | INFO |    ↳ Status 403
2026-08-11 23:48:09,668 | WARNING |    ⚠ Blocked (403) retry 3
2026-08-11 23:48:09,744 | INFO | 🌐 Session warmed
2026-08-11 23:48:10,153 | INFO |    ↳ Status 200
2026-08-11 23:48:10,153 | INFO |    ✓ Found 8 movies
2026-08-11 23:48:10,153 | INFO | [1411/1901] Fetching Ponnani (PONN)
2026-08-11 23:48:11,444 | INFO |    ↳ Status 200
2026-08-11 23:48:11,444 | INFO |    ✓ Found 8 movies
2026-08-11 23:48:11,444 | INFO | [1412/1901] Fetching Ponneri (PONE)
2026-08-11 23:48:12,608 | INFO | [1413/1901] Fetching Poovar (POOV)
2026-08-11 23:48:12,708 | INFO |    ↳ Status 200
2026-08-11 23:48:12,708 | INFO |    ✓ Found 8 movies
2026-08-11 23:48:12,709 | INFO | [1414/1901] Fetching Porbandar (PORB)
2026-08-11 23:48:13,240 | INFO |    ↳ Status 403
2026-08-11 23:48:13,240 | WARNING |    ⚠ Blocked (403) retry 1
2026-08-11 23:48:13,307 | INFO | 🌐 Session warmed
2026-08-11 23:48:13,375 | INFO | [1415/1901] Fetching Port Blair (PORT)
2026-08-11 23:48:13,744 | INFO | [1416/1901] Fetching Porumamilla (PORU)
2026-08-11 23:48:14,195 | INFO |    ↳ Status 200
2026-08-11 23:48:14,195 | INFO |    ✓ Found 8 movies
2026-08-11 23:48:14,195 | INFO | [1417/1901] Fetching Pratapgarh (Rajasthan) (PTRT)
2026-08-11 23:48:14,420 | INFO |    ↳ Status 403
2026-08-11 23:48:14,421 | WARNING |    ⚠ Blocked (403) retry 1
2026-08-11 23:48:14,493 | INFO | 🌐 Session warmed
2026-08-11 23:48:14,762 | INFO |    ↳ Status 403
2026-08-11 23:48:14,762 | WARNING |    ⚠ Blocked (403) retry 1
2026-08-11 23:48:14,847 | INFO | 🌐 Session warmed
2026-08-11 23:48:15,235 | INFO |    ↳ Status 200
2026-08-11 23:48:15,235 | INFO |    ✓ Found 8 movies
2026-08-11 23:48:15,235 | INFO | [1418/1901] Fetching Pratapgarh (UP) (PRAT)
2026-08-11 23:48:15,411 | INFO |    ↳ Status 403
2026-08-11 23:48:15,411 | WARNING |    ⚠ Blocked (403) retry 2
2026-08-11 23:48:15,510 | INFO | 🌐 Session warmed
2026-08-11 23:48:16,334 | INFO |    ↳ Status 200
2026-08-11 23:48:16,335 | INFO |    ✓ Found 8 movies
2026-08-11 23:48:16,335 | INFO | [1419/1901] Fetching Prayagraj (Allahabad) (ALLH)
2026-08-11 23:48:16,890 | INFO |    ↳ Status 403
2026-08-11 23:48:16,890 | WARNING |    ⚠ Blocked (403) retry 2
2026-08-11 23:48:16,920 | INFO |    ↳ Status 403
2026-08-11 23:48:16,921 | WARNING |    ⚠ Blocked (403) retry 2
2026-08-11 23:48:16,967 | INFO | 🌐 Session warmed
2026-08-11 23:48:16,996 | INFO | 🌐 Session warmed
2026-08-11 23:48:17,839 | INFO |    ↳ Status 200
2026-08-11 23:48:17,839 | INFO |    ✓ Found 8 movies
2026-08-11 23:48:17,839 | INFO | [1420/1901] Fetching Proddatur (PROD)
2026-08-11 23:48:18,377 | INFO |    ↳ Status 403
2026-08-11 23:48:18,377 | WARNING |    ⚠ Blocked (403) retry 3
2026-08-11 23:48:18,446 | INFO | 🌐 Session warmed
2026-08-11 23:48:19,197 | INFO |    ↳ Status 200
2026-08-11 23:48:19,198 | INFO |    ✓ Found 8 movies
2026-08-11 23:48:19,198 | INFO | [1421/1901] Fetching Pudukkottai (PUDH)
2026-08-11 23:48:19,658 | INFO |    ↳ Status 403
2026-08-11 23:48:19,658 | WARNING |    ⚠ Blocked (403) retry 3
2026-08-11 23:48:19,726 | INFO | 🌐 Session warmed
2026-08-11 23:48:19,745 | INFO |    ↳ Status 403
2026-08-11 23:48:19,745 | WARNING |    ⚠ Blocked (403) retry 3
2026-08-11 23:48:19,846 | INFO | 🌐 Session warmed
2026-08-11 23:48:20,655 | INFO |    ↳ Status 200
2026-08-11 23:48:20,655 | INFO |    ✓ Found 8 movies
2026-08-11 23:48:20,655 | INFO | [1422/1901] Fetching Pulgaon (PUON)
2026-08-11 23:48:21,737 | INFO |    ↳ Status 200
2026-08-11 23:48:21,737 | INFO |    ✓ Found 8 movies
2026-08-11 23:48:21,737 | INFO | [1423/1901] Fetching Puliampatti (PAPT)
2026-08-11 23:48:22,447 | INFO | [1424/1901] Fetching Pulivendula (PLVN)
2026-08-11 23:48:22,881 | INFO |    ↳ Status 200
2026-08-11 23:48:22,882 | INFO |    ✓ Found 8 movies
2026-08-11 23:48:22,882 | INFO | [1425/1901] Fetching Puliyangudi (PULI)
2026-08-11 23:48:23,352 | INFO |    ↳ Status 403
2026-08-11 23:48:23,352 | WARNING |    ⚠ Blocked (403) retry 1
2026-08-11 23:48:23,569 | INFO | 🌐 Session warmed
2026-08-11 23:48:23,726 | INFO | [1426/1901] Fetching Pulluvila (PULA)
2026-08-11 23:48:23,847 | INFO | [1427/1901] Fetching Pulpally (PULP)
2026-08-11 23:48:24,529 | INFO |    ↳ Status 200
2026-08-11 23:48:24,529 | INFO |    ✓ Found 8 movies
2026-08-11 23:48:24,529 | INFO | [1428/1901] Fetching Pulwama (PULW)
2026-08-11 23:48:24,542 | INFO |    ↳ Status 403
2026-08-11 23:48:24,542 | WARNING |    ⚠ Blocked (403) retry 1
2026-08-11 23:48:24,639 | INFO | 🌐 Session warmed
2026-08-11 23:48:24,961 | INFO |    ↳ Status 403
2026-08-11 23:48:24,961 | WARNING |    ⚠ Blocked (403) retry 1
2026-08-11 23:48:25,040 | INFO | 🌐 Session warmed
2026-08-11 23:48:25,401 | INFO |    ↳ Status 403
2026-08-11 23:48:25,401 | WARNING |    ⚠ Blocked (403) retry 2
2026-08-11 23:48:25,487 | INFO | 🌐 Session warmed
2026-08-11 23:48:25,783 | INFO |    ↳ Status 200
2026-08-11 23:48:25,783 | INFO |    ✓ Found 8 movies
2026-08-11 23:48:25,783 | INFO | [1429/1901] Fetching Punalur (PUNA)
2026-08-11 23:48:26,782 | INFO |    ↳ Status 403
2026-08-11 23:48:26,782 | WARNING |    ⚠ Blocked (403) retry 2
2026-08-11 23:48:26,855 | INFO | 🌐 Session warmed
2026-08-11 23:48:27,020 | INFO |    ↳ Status 403
2026-08-11 23:48:27,020 | WARNING |    ⚠ Blocked (403) retry 2
2026-08-11 23:48:27,098 | INFO | 🌐 Session warmed
2026-08-11 23:48:27,207 | INFO |    ↳ Status 200
2026-08-11 23:48:27,207 | INFO |    ✓ Found 8 movies
2026-08-11 23:48:27,207 | INFO | [1430/1901] Fetching Punganur (PGNR)
2026-08-11 23:48:28,720 | INFO |    ↳ Status 403
2026-08-11 23:48:28,720 | WARNING |    ⚠ Blocked (403) retry 3
2026-08-11 23:48:28,808 | INFO | 🌐 Session warmed
2026-08-11 23:48:28,820 | INFO |    ↳ Status 200
2026-08-11 23:48:28,820 | INFO |    ✓ Found 8 movies
2026-08-11 23:48:28,820 | INFO | [1431/1901] Fetching Puranpur (PAPN)
2026-08-11 23:48:29,765 | INFO |    ↳ Status 403
2026-08-11 23:48:29,765 | WARNING |    ⚠ Blocked (403) retry 3
2026-08-11 23:48:29,848 | INFO | 🌐 Session warmed
2026-08-11 23:48:30,054 | INFO |    ↳ Status 200
2026-08-11 23:48:30,054 | INFO |    ✓ Found 8 movies
2026-08-11 23:48:30,054 | INFO | [1432/1901] Fetching Puri (PURI)
2026-08-11 23:48:30,257 | INFO |    ↳ Status 403
2026-08-11 23:48:30,257 | WARNING |    ⚠ Blocked (403) retry 3
2026-08-11 23:48:30,346 | INFO | 🌐 Session warmed
2026-08-11 23:48:31,251 | INFO |    ↳ Status 200
2026-08-11 23:48:31,251 | INFO |    ✓ Found 8 movies
2026-08-11 23:48:31,251 | INFO | [1433/1901] Fetching Purnea (PURN)
2026-08-11 23:48:32,457 | INFO |    ↳ Status 200
2026-08-11 23:48:32,457 | INFO |    ✓ Found 8 movies
2026-08-11 23:48:32,457 | INFO | [1434/1901] Fetching Purulia (PURU)
2026-08-11 23:48:32,808 | INFO | [1435/1901] Fetching Pusad (PUSD)
2026-08-11 23:48:33,849 | INFO | [1436/1901] Fetching Pusapatirega (PREG)
2026-08-11 23:48:33,950 | INFO |    ↳ Status 403
2026-08-11 23:48:33,950 | WARNING |    ⚠ Blocked (403) retry 1
2026-08-11 23:48:34,027 | INFO | 🌐 Session warmed
2026-08-11 23:48:34,038 | INFO |    ↳ Status 200
2026-08-11 23:48:34,038 | INFO |    ✓ Found 7 movies
2026-08-11 23:48:34,038 | INFO | [1437/1901] Fetching Pushkar (PUSH)
2026-08-11 23:48:34,346 | INFO | [1438/1901] Fetching Puthenvelikara (PUTH)
2026-08-11 23:48:34,886 | INFO |    ↳ Status 403
2026-08-11 23:48:34,887 | WARNING |    ⚠ Blocked (403) retry 1
2026-08-11 23:48:34,956 | INFO | 🌐 Session warmed
2026-08-11 23:48:35,291 | INFO |    ↳ Status 403
2026-08-11 23:48:35,291 | WARNING |    ⚠ Blocked (403) retry 1
2026-08-11 23:48:35,380 | INFO | 🌐 Session warmed
2026-08-11 23:48:36,193 | INFO |    ↳ Status 200
2026-08-11 23:48:36,193 | INFO |    ✓ Found 8 movies
2026-08-11 23:48:36,193 | INFO | [1439/1901] Fetching Puthenvelikkara (PUTD)
2026-08-11 23:48:36,309 | INFO |    ↳ Status 403
2026-08-11 23:48:36,310 | WARNING |    ⚠ Blocked (403) retry 2
2026-08-11 23:48:36,392 | INFO | 🌐 Session warmed
2026-08-11 23:48:36,954 | INFO |    ↳ Status 403
2026-08-11 23:48:36,955 | WARNING |    ⚠ Blocked (403) retry 2
2026-08-11 23:48:37,030 | INFO | 🌐 Session warmed
2026-08-11 23:48:37,058 | INFO |    ↳ Status 403
2026-08-11 23:48:37,058 | WARNING |    ⚠ Blocked (403) retry 2
2026-08-11 23:48:37,154 | INFO | 🌐 Session warmed
2026-08-11 23:48:37,745 | INFO |    ↳ Status 200
2026-08-11 23:48:37,746 | INFO |    ✓ Found 8 movies
2026-08-11 23:48:37,746 | INFO | [1440/1901] Fetching Puthoor (PUTR)
2026-08-11 23:48:39,115 | INFO |    ↳ Status 200
2026-08-11 23:48:39,115 | INFO |    ✓ Found 8 movies
2026-08-11 23:48:39,115 | INFO | [1441/1901] Fetching Puttur (Andhra Pradesh) (PUTT)
2026-08-11 23:48:39,520 | INFO |    ↳ Status 403
2026-08-11 23:48:39,520 | WARNING |    ⚠ Blocked (403) retry 3
2026-08-11 23:48:39,607 | INFO | 🌐 Session warmed
2026-08-11 23:48:39,953 | INFO |    ↳ Status 403
2026-08-11 23:48:39,953 | WARNING |    ⚠ Blocked (403) retry 3
2026-08-11 23:48:40,024 | INFO | 🌐 Session warmed
2026-08-11 23:48:40,500 | INFO |    ↳ Status 403
2026-08-11 23:48:40,500 | WARNING |    ⚠ Blocked (403) retry 3
2026-08-11 23:48:40,571 | INFO | 🌐 Session warmed
2026-08-11 23:48:40,805 | INFO |    ↳ Status 200
2026-08-11 23:48:40,805 | INFO |    ✓ Found 8 movies
2026-08-11 23:48:40,806 | INFO | [1442/1901] Fetching Puttur (Karnataka) (PTTU)
2026-08-11 23:48:41,927 | INFO |    ↳ Status 200
2026-08-11 23:48:41,927 | INFO |    ✓ Found 8 movies
2026-08-11 23:48:41,927 | INFO | [1443/1901] Fetching Rabkavi Banhatti (RBKH)
2026-08-11 23:48:42,967 | INFO |    ↳ Status 200
2026-08-11 23:48:42,967 | INFO |    ✓ Found 8 movies
2026-08-11 23:48:42,967 | INFO | [1444/1901] Fetching Radhamoni (RDHM)
2026-08-11 23:48:43,607 | INFO | [1445/1901] Fetching Raebareli (RAEB)
2026-08-11 23:48:44,024 | INFO | [1446/1901] Fetching Raghopur (RAHO)
2026-08-11 23:48:44,367 | INFO |    ↳ Status 200
2026-08-11 23:48:44,367 | INFO |    ✓ Found 7 movies
2026-08-11 23:48:44,367 | INFO | [1447/1901] Fetching Raghunathganj (RAGH)
2026-08-11 23:48:44,571 | INFO | [1448/1901] Fetching Rahata (RAHA)
2026-08-11 23:48:44,801 | INFO |    ↳ Status 403
2026-08-11 23:48:44,801 | WARNING |    ⚠ Blocked (403) retry 1
2026-08-11 23:48:44,882 | INFO | 🌐 Session warmed
2026-08-11 23:48:44,896 | INFO |    ↳ Status 403
2026-08-11 23:48:44,896 | WARNING |    ⚠ Blocked (403) retry 1
2026-08-11 23:48:44,965 | INFO | 🌐 Session warmed
2026-08-11 23:48:45,281 | INFO |    ↳ Status 403
2026-08-11 23:48:45,281 | WARNING |    ⚠ Blocked (403) retry 1
2026-08-11 23:48:45,382 | INFO | 🌐 Session warmed
2026-08-11 23:48:46,034 | INFO |    ↳ Status 200
2026-08-11 23:48:46,034 | INFO |    ✓ Found 7 movies
2026-08-11 23:48:46,034 | INFO | [1449/1901] Fetching Rahimatpur (RAHI)
2026-08-11 23:48:46,547 | INFO |    ↳ Status 403
2026-08-11 23:48:46,547 | WARNING |    ⚠ Blocked (403) retry 2
2026-08-11 23:48:46,627 | INFO | 🌐 Session warmed
2026-08-11 23:48:47,029 | INFO |    ↳ Status 403
2026-08-11 23:48:47,029 | WARNING |    ⚠ Blocked (403) retry 2
2026-08-11 23:48:47,073 | INFO |    ↳ Status 200
2026-08-11 23:48:47,073 | INFO |    ✓ Found 8 movies
2026-08-11 23:48:47,073 | INFO | [1450/1901] Fetching Rahuri (RAHU)
2026-08-11 23:48:47,114 | INFO | 🌐 Session warmed
2026-08-11 23:48:47,334 | INFO |    ↳ Status 403
2026-08-11 23:48:47,334 | WARNING |    ⚠ Blocked (403) retry 2
2026-08-11 23:48:47,403 | INFO | 🌐 Session warmed
2026-08-11 23:48:48,526 | INFO |    ↳ Status 200
2026-08-11 23:48:48,526 | INFO |    ✓ Found 8 movies
2026-08-11 23:48:48,526 | INFO | [1451/1901] Fetching Raibag (RAIB)
2026-08-11 23:48:49,857 | INFO |    ↳ Status 403
2026-08-11 23:48:49,857 | WARNING |    ⚠ Blocked (403) retry 3
2026-08-11 23:48:49,941 | INFO | 🌐 Session warmed
2026-08-11 23:48:50,011 | INFO |    ↳ Status 403
2026-08-11 23:48:50,011 | WARNING |    ⚠ Blocked (403) retry 3
2026-08-11 23:48:50,082 | INFO | 🌐 Session warmed
2026-08-11 23:48:50,222 | INFO |    ↳ Status 200
2026-08-11 23:48:50,222 | INFO |    ✓ Found 8 movies
2026-08-11 23:48:50,222 | INFO | [1452/1901] Fetching Raichur (RAUR)
2026-08-11 23:48:50,255 | INFO |    ↳ Status 403
2026-08-11 23:48:50,255 | WARNING |    ⚠ Blocked (403) retry 3
2026-08-11 23:48:50,630 | INFO | 🌐 Session warmed
2026-08-11 23:48:51,670 | INFO |    ↳ Status 200
2026-08-11 23:48:51,670 | INFO |    ✓ Found 8 movies
2026-08-11 23:48:51,670 | INFO | [1453/1901] Fetching Raigad (RAI)
2026-08-11 23:48:52,736 | INFO |    ↳ Status 200
2026-08-11 23:48:52,736 | INFO |    ✓ Found 8 movies
2026-08-11 23:48:52,736 | INFO | [1454/1901] Fetching Raiganj (RAIJ)
2026-08-11 23:48:53,941 | INFO | [1455/1901] Fetching Raigarh (RAIG)
2026-08-11 23:48:54,082 | INFO | [1456/1901] Fetching Raikal (RYKL)
2026-08-11 23:48:54,233 | INFO |    ↳ Status 200
2026-08-11 23:48:54,233 | INFO |    ✓ Found 7 movies
2026-08-11 23:48:54,233 | INFO | [1457/1901] Fetching Raikot (RKOT)
2026-08-11 23:48:54,593 | INFO |    ↳ Status 403
2026-08-11 23:48:54,593 | WARNING |    ⚠ Blocked (403) retry 1
2026-08-11 23:48:54,630 | INFO | [1458/1901] Fetching Railway Koduru (RLKD)
2026-08-11 23:48:54,691 | INFO | 🌐 Session warmed
2026-08-11 23:48:54,947 | INFO |    ↳ Status 403
2026-08-11 23:48:54,947 | WARNING |    ⚠ Blocked (403) retry 1
2026-08-11 23:48:55,037 | INFO | 🌐 Session warmed
2026-08-11 23:48:55,526 | INFO |    ↳ Status 403
2026-08-11 23:48:55,526 | WARNING |    ⚠ Blocked (403) retry 1
2026-08-11 23:48:55,627 | INFO | 🌐 Session warmed
2026-08-11 23:48:56,393 | INFO |    ↳ Status 403
2026-08-11 23:48:56,393 | WARNING |    ⚠ Blocked (403) retry 2
2026-08-11 23:48:56,464 | INFO | 🌐 Session warmed
2026-08-11 23:48:56,644 | INFO |    ↳ Status 200
2026-08-11 23:48:56,644 | INFO |    ✓ Found 8 movies
2026-08-11 23:48:56,644 | INFO | [1459/1901] Fetching Raipur (RAIPUR)
2026-08-11 23:48:56,660 | INFO |    ↳ Status 403
2026-08-11 23:48:56,660 | WARNING |    ⚠ Blocked (403) retry 2
2026-08-11 23:48:56,738 | INFO | 🌐 Session warmed
2026-08-11 23:48:57,670 | INFO |    ↳ Status 200
2026-08-11 23:48:57,670 | INFO |    ✓ Found 7 movies
2026-08-11 23:48:57,670 | INFO | [1460/1901] Fetching Raipuriya (YAYA)
2026-08-11 23:48:57,796 | INFO |    ↳ Status 403
2026-08-11 23:48:57,796 | WARNING |    ⚠ Blocked (403) retry 2
2026-08-11 23:48:57,875 | INFO | 🌐 Session warmed
2026-08-11 23:48:59,070 | INFO |    ↳ Status 200
2026-08-11 23:48:59,070 | INFO |    ✓ Found 8 movies
2026-08-11 23:48:59,071 | INFO | [1461/1901] Fetching Raisinghnagar (RSNG)
2026-08-11 23:48:59,405 | INFO |    ↳ Status 403
2026-08-11 23:48:59,405 | WARNING |    ⚠ Blocked (403) retry 3
2026-08-11 23:48:59,435 | INFO |    ↳ Status 403
2026-08-11 23:48:59,435 | WARNING |    ⚠ Blocked (403) retry 3
2026-08-11 23:48:59,478 | INFO | 🌐 Session warmed
2026-08-11 23:48:59,512 | INFO | 🌐 Session warmed
2026-08-11 23:49:00,782 | INFO |    ↳ Status 200
2026-08-11 23:49:00,783 | INFO |    ✓ Found 8 movies
2026-08-11 23:49:00,783 | INFO | [1462/1901] Fetching Raja Ka Bagh (RJKB)
2026-08-11 23:49:00,786 | INFO |    ↳ Status 403
2026-08-11 23:49:00,786 | WARNING |    ⚠ Blocked (403) retry 3
2026-08-11 23:49:00,874 | INFO | 🌐 Session warmed
2026-08-11 23:49:01,801 | INFO |    ↳ Status 200
2026-08-11 23:49:01,801 | INFO |    ✓ Found 8 movies
2026-08-11 23:49:01,802 | INFO | [1463/1901] Fetching Rajakumari (RAAJ)
2026-08-11 23:49:02,795 | INFO |    ↳ Status 200
2026-08-11 23:49:02,795 | INFO |    ✓ Found 8 movies
2026-08-11 23:49:02,795 | INFO | [1464/1901] Fetching Rajam (RJAM)
2026-08-11 23:49:03,478 | INFO | [1465/1901] Fetching Rajamahendravaram (Rajahmundry) (RJMU)
2026-08-11 23:49:03,512 | INFO | [1466/1901] Fetching Rajapalayam (RAYM)
2026-08-11 23:49:04,086 | INFO |    ↳ Status 200
2026-08-11 23:49:04,086 | INFO |    ✓ Found 8 movies
2026-08-11 23:49:04,086 | INFO | [1467/1901] Fetching Rajapur (RJPR)
2026-08-11 23:49:04,378 | INFO |    ↳ Status 403
2026-08-11 23:49:04,378 | WARNING |    ⚠ Blocked (403) retry 1
2026-08-11 23:49:04,451 | INFO | 🌐 Session warmed
2026-08-11 23:49:04,611 | INFO |    ↳ Status 403
2026-08-11 23:49:04,611 | WARNING |    ⚠ Blocked (403) retry 1
2026-08-11 23:49:04,694 | INFO | 🌐 Session warmed
2026-08-11 23:49:04,874 | INFO | [1468/1901] Fetching Rajarampalli (RJRP)
2026-08-11 23:49:05,317 | INFO |    ↳ Status 200
2026-08-11 23:49:05,318 | INFO |    ✓ Found 8 movies
2026-08-11 23:49:05,318 | INFO | [1469/1901] Fetching Rajavommangi (RJVM)
2026-08-11 23:49:05,589 | INFO |    ↳ Status 403
2026-08-11 23:49:05,589 | WARNING |    ⚠ Blocked (403) retry 1
2026-08-11 23:49:05,672 | INFO | 🌐 Session warmed
2026-08-11 23:49:06,535 | INFO |    ↳ Status 403
2026-08-11 23:49:06,535 | WARNING |    ⚠ Blocked (403) retry 2
2026-08-11 23:49:06,538 | INFO |    ↳ Status 200
2026-08-11 23:49:06,538 | INFO |    ✓ Found 8 movies
2026-08-11 23:49:06,538 | INFO | [1470/1901] Fetching Rajgangpur (RJGR)
2026-08-11 23:49:06,629 | INFO | 🌐 Session warmed
2026-08-11 23:49:06,650 | INFO |    ↳ Status 403
2026-08-11 23:49:06,650 | WARNING |    ⚠ Blocked (403) retry 2
2026-08-11 23:49:06,731 | INFO | 🌐 Session warmed
2026-08-11 23:49:07,646 | INFO |    ↳ Status 403
2026-08-11 23:49:07,646 | WARNING |    ⚠ Blocked (403) retry 2
2026-08-11 23:49:07,716 | INFO | 🌐 Session warmed
2026-08-11 23:49:08,271 | INFO |    ↳ Status 200
2026-08-11 23:49:08,271 | INFO |    ✓ Found 8 movies
2026-08-11 23:49:08,271 | INFO | [1471/1901] Fetching Rajgurunagar (RAJR)
2026-08-11 23:49:09,259 | INFO |    ↳ Status 200
2026-08-11 23:49:09,259 | INFO |    ✓ Found 8 movies
2026-08-11 23:49:09,259 | INFO | [1472/1901] Fetching Rajiana (RIJA)
2026-08-11 23:49:09,450 | INFO |    ↳ Status 403
2026-08-11 23:49:09,451 | WARNING |    ⚠ Blocked (403) retry 3
2026-08-11 23:49:09,530 | INFO | 🌐 Session warmed
2026-08-11 23:49:09,799 | INFO |    ↳ Status 403
2026-08-11 23:49:09,799 | WARNING |    ⚠ Blocked (403) retry 3
2026-08-11 23:49:09,890 | INFO | 🌐 Session warmed
2026-08-11 23:49:10,321 | INFO |    ↳ Status 200
2026-08-11 23:49:10,321 | INFO |    ✓ Found 7 movies
2026-08-11 23:49:10,321 | INFO | [1473/1901] Fetching Rajkot (RAJK)
2026-08-11 23:49:10,453 | INFO |    ↳ Status 403
2026-08-11 23:49:10,453 | WARNING |    ⚠ Blocked (403) retry 3
2026-08-11 23:49:10,532 | INFO | 🌐 Session warmed
2026-08-11 23:49:11,709 | INFO |    ↳ Status 200
2026-08-11 23:49:11,709 | INFO |    ✓ Found 8 movies
2026-08-11 23:49:11,709 | INFO | [1474/1901] Fetching Rajnandgaon (RAJA)
2026-08-11 23:49:12,747 | INFO |    ↳ Status 200
2026-08-11 23:49:12,747 | INFO |    ✓ Found 7 movies
2026-08-11 23:49:12,747 | INFO | [1475/1901] Fetching Rajpipla (RJPA)
2026-08-11 23:49:13,530 | INFO | [1476/1901] Fetching Rajpur (RAJP)
2026-08-11 23:49:13,890 | INFO | [1477/1901] Fetching Rajpura (RARA)
2026-08-11 23:49:14,130 | INFO |    ↳ Status 200
2026-08-11 23:49:14,130 | INFO |    ✓ Found 8 movies
2026-08-11 23:49:14,130 | INFO | [1478/1901] Fetching Rajsamand (RAJS)
2026-08-11 23:49:14,380 | INFO |    ↳ Status 403
2026-08-11 23:49:14,380 | WARNING |    ⚠ Blocked (403) retry 1
2026-08-11 23:49:14,474 | INFO | 🌐 Session warmed
2026-08-11 23:49:14,532 | INFO | [1479/1901] Fetching Rajula (RJLA)
2026-08-11 23:49:15,246 | INFO |    ↳ Status 403
2026-08-11 23:49:15,246 | WARNING |    ⚠ Blocked (403) retry 1
2026-08-11 23:49:15,326 | INFO | 🌐 Session warmed
2026-08-11 23:49:15,812 | INFO |    ↳ Status 403
2026-08-11 23:49:15,812 | WARNING |    ⚠ Blocked (403) retry 1
2026-08-11 23:49:15,843 | INFO |    ↳ Status 200
2026-08-11 23:49:15,843 | INFO |    ✓ Found 8 movies
2026-08-11 23:49:15,843 | INFO | [1480/1901] Fetching Ramachandrapuram (RCPR)
2026-08-11 23:49:15,898 | INFO | 🌐 Session warmed
2026-08-11 23:49:16,667 | INFO |    ↳ Status 403
2026-08-11 23:49:16,667 | WARNING |    ⚠ Blocked (403) retry 2
2026-08-11 23:49:16,764 | INFO | 🌐 Session warmed
2026-08-11 23:49:17,384 | INFO |    ↳ Status 403
2026-08-11 23:49:17,384 | WARNING |    ⚠ Blocked (403) retry 2
2026-08-11 23:49:17,455 | INFO | 🌐 Session warmed
2026-08-11 23:49:17,486 | INFO |    ↳ Status 200
2026-08-11 23:49:17,486 | INFO |    ✓ Found 8 movies
2026-08-11 23:49:17,486 | INFO | [1481/1901] Fetching Ramanagara (RANG)
2026-08-11 23:49:17,821 | INFO |    ↳ Status 403
2026-08-11 23:49:17,821 | WARNING |    ⚠ Blocked (403) retry 2
2026-08-11 23:49:17,909 | INFO | 🌐 Session warmed
2026-08-11 23:49:19,008 | INFO |    ↳ Status 200
2026-08-11 23:49:19,008 | INFO |    ✓ Found 8 movies
2026-08-11 23:49:19,008 | INFO | [1482/1901] Fetching Ramanathapuram (RAPU)
2026-08-11 23:49:20,006 | INFO |    ↳ Status 403
2026-08-11 23:49:20,006 | WARNING |    ⚠ Blocked (403) retry 3
2026-08-11 23:49:20,074 | INFO | 🌐 Session warmed
2026-08-11 23:49:20,332 | INFO |    ↳ Status 200
2026-08-11 23:49:20,332 | INFO |    ✓ Found 8 movies
2026-08-11 23:49:20,332 | INFO | [1483/1901] Fetching Ramayampet (RAMP)
2026-08-11 23:49:20,725 | INFO |    ↳ Status 403
2026-08-11 23:49:20,725 | WARNING |    ⚠ Blocked (403) retry 3
2026-08-11 23:49:20,811 | INFO | 🌐 Session warmed
2026-08-11 23:49:21,267 | INFO |    ↳ Status 403
2026-08-11 23:49:21,267 | WARNING |    ⚠ Blocked (403) retry 3
2026-08-11 23:49:21,350 | INFO | 🌐 Session warmed
2026-08-11 23:49:21,568 | INFO |    ↳ Status 200
2026-08-11 23:49:21,568 | INFO |    ✓ Found 8 movies
2026-08-11 23:49:21,568 | INFO | [1484/1901] Fetching Ramdurg (RAMD)
2026-08-11 23:49:22,538 | INFO |    ↳ Status 200
2026-08-11 23:49:22,539 | INFO |    ✓ Found 8 movies
2026-08-11 23:49:22,539 | INFO | [1485/1901] Fetching Rameswarpur (RMPR)
2026-08-11 23:49:23,734 | INFO |    ↳ Status 200
2026-08-11 23:49:23,734 | INFO |    ✓ Found 7 movies
2026-08-11 23:49:23,735 | INFO | [1486/1901] Fetching Ramgarh (GGHH)
2026-08-11 23:49:24,074 | INFO | [1487/1901] Fetching Ramgarhwa (RGHA)
2026-08-11 23:49:24,809 | INFO |    ↳ Status 200
2026-08-11 23:49:24,810 | INFO |    ✓ Found 8 movies
2026-08-11 23:49:24,810 | INFO | [1488/1901] Fetching Ramjibanpur (PUUR)
2026-08-11 23:49:24,811 | INFO | [1489/1901] Fetching Ramnagar (RAMN)
2026-08-11 23:49:25,350 | INFO | [1490/1901] Fetching Rampachodavaram (RACD)
2026-08-11 23:49:25,491 | INFO |    ↳ Status 403
2026-08-11 23:49:25,491 | WARNING |    ⚠ Blocked (403) retry 1
2026-08-11 23:49:25,561 | INFO | 🌐 Session warmed
2026-08-11 23:49:26,130 | INFO |    ↳ Status 403
2026-08-11 23:49:26,130 | WARNING |    ⚠ Blocked (403) retry 1
2026-08-11 23:49:26,195 | INFO | 🌐 Session warmed
2026-08-11 23:49:26,497 | INFO |    ↳ Status 403
2026-08-11 23:49:26,497 | WARNING |    ⚠ Blocked (403) retry 1
2026-08-11 23:49:26,568 | INFO | 🌐 Session warmed
2026-08-11 23:49:26,739 | INFO |    ↳ Status 200
2026-08-11 23:49:26,739 | INFO |    ✓ Found 8 movies
2026-08-11 23:49:26,739 | INFO | [1491/1901] Fetching Rampur (RAMU)
2026-08-11 23:49:27,825 | INFO |    ↳ Status 403
2026-08-11 23:49:27,826 | WARNING |    ⚠ Blocked (403) retry 2
2026-08-11 23:49:27,894 | INFO | 🌐 Session warmed
2026-08-11 23:49:28,456 | INFO |    ↳ Status 200
2026-08-11 23:49:28,456 | INFO |    ✓ Found 8 movies
2026-08-11 23:49:28,456 | INFO | [1492/1901] Fetching Ramtek (RMTE)
2026-08-11 23:49:28,517 | INFO |    ↳ Status 403
2026-08-11 23:49:28,517 | WARNING |    ⚠ Blocked (403) retry 2
2026-08-11 23:49:28,584 | INFO |    ↳ Status 403
2026-08-11 23:49:28,584 | WARNING |    ⚠ Blocked (403) retry 2
2026-08-11 23:49:28,617 | INFO | 🌐 Session warmed
2026-08-11 23:49:28,672 | INFO | 🌐 Session warmed
2026-08-11 23:49:29,416 | INFO |    ↳ Status 200
2026-08-11 23:49:29,417 | INFO |    ✓ Found 8 movies
2026-08-11 23:49:29,417 | INFO | [1493/1901] Fetching Ranaghat (RANA)
2026-08-11 23:49:30,816 | INFO |    ↳ Status 403
2026-08-11 23:49:30,816 | WARNING |    ⚠ Blocked (403) retry 3
2026-08-11 23:49:30,905 | INFO | 🌐 Session warmed
2026-08-11 23:49:30,996 | INFO |    ↳ Status 200
2026-08-11 23:49:30,996 | INFO |    ✓ Found 7 movies
2026-08-11 23:49:30,996 | INFO | [1494/1901] Fetching Ranastalam (RNST)
2026-08-11 23:49:31,287 | INFO |    ↳ Status 403
2026-08-11 23:49:31,288 | WARNING |    ⚠ Blocked (403) retry 3
2026-08-11 23:49:31,368 | INFO | 🌐 Session warmed
2026-08-11 23:49:31,672 | INFO |    ↳ Status 403
2026-08-11 23:49:31,672 | WARNING |    ⚠ Blocked (403) retry 3
2026-08-11 23:49:31,758 | INFO | 🌐 Session warmed
2026-08-11 23:49:32,014 | INFO |    ↳ Status 200
2026-08-11 23:49:32,014 | INFO |    ✓ Found 8 movies
2026-08-11 23:49:32,014 | INFO | [1495/1901] Fetching Ranchi (RANC)
2026-08-11 23:49:33,644 | INFO |    ↳ Status 200
2026-08-11 23:49:33,645 | INFO |    ✓ Found 8 movies
2026-08-11 23:49:33,645 | INFO | [1496/1901] Fetching Ranebennur (RANE)
2026-08-11 23:49:34,689 | INFO |    ↳ Status 200
2026-08-11 23:49:34,689 | INFO |    ✓ Found 8 movies
2026-08-11 23:49:34,689 | INFO | [1497/1901] Fetching Rangia (RAAA)
2026-08-11 23:49:34,905 | INFO | [1498/1901] Fetching Raniganj (RNGJ)
2026-08-11 23:49:35,368 | INFO | [1499/1901] Fetching Ranipet (RANI)
2026-08-11 23:49:35,758 | INFO | [1500/1901] Fetching Ranni (RANN)
2026-08-11 23:49:36,266 | INFO |    ↳ Status 403
2026-08-11 23:49:36,266 | WARNING |    ⚠ Blocked (403) retry 1
2026-08-11 23:49:36,303 | INFO |    ↳ Status 403
2026-08-11 23:49:36,303 | WARNING |    ⚠ Blocked (403) retry 1
2026-08-11 23:49:36,336 | INFO | 🌐 Session warmed
2026-08-11 23:49:36,410 | INFO | 🌐 Session warmed
2026-08-11 23:49:36,769 | INFO |    ↳ Status 403
2026-08-11 23:49:36,769 | WARNING |    ⚠ Blocked (403) retry 1
2026-08-11 23:49:36,795 | INFO |    ↳ Status 200
2026-08-11 23:49:36,795 | INFO |    ✓ Found 8 movies
2026-08-11 23:49:36,795 | INFO | [1501/1901] Fetching Rapur (RAPR)
2026-08-11 23:49:36,854 | INFO | 🌐 Session warmed
2026-08-11 23:49:38,046 | INFO |    ↳ Status 200
2026-08-11 23:49:38,046 | INFO |    ✓ Found 8 movies
2026-08-11 23:49:38,046 | INFO | [1502/1901] Fetching Rasipuram (RSPM)
2026-08-11 23:49:38,097 | INFO |    ↳ Status 403
2026-08-11 23:49:38,097 | WARNING |    ⚠ Blocked (403) retry 2
2026-08-11 23:49:38,179 | INFO | 🌐 Session warmed
2026-08-11 23:49:38,239 | INFO |    ↳ Status 403
2026-08-11 23:49:38,239 | WARNING |    ⚠ Blocked (403) retry 2
2026-08-11 23:49:38,312 | INFO | 🌐 Session warmed
2026-08-11 23:49:38,733 | INFO |    ↳ Status 403
2026-08-11 23:49:38,733 | WARNING |    ⚠ Blocked (403) retry 2
2026-08-11 23:49:38,834 | INFO | 🌐 Session warmed
2026-08-11 23:49:39,654 | INFO |    ↳ Status 200
2026-08-11 23:49:39,654 | INFO |    ✓ Found 8 movies
2026-08-11 23:49:39,654 | INFO | [1503/1901] Fetching Rath (ATRH)
2026-08-11 23:49:40,661 | INFO |    ↳ Status 200
2026-08-11 23:49:40,661 | INFO |    ✓ Found 8 movies
2026-08-11 23:49:40,661 | INFO | [1504/1901] Fetching Ratlam (RATL)
2026-08-11 23:49:40,807 | INFO |    ↳ Status 403
2026-08-11 23:49:40,807 | WARNING |    ⚠ Blocked (403) retry 3
2026-08-11 23:49:40,878 | INFO | 🌐 Session warmed
2026-08-11 23:49:41,705 | INFO |    ↳ Status 403
2026-08-11 23:49:41,705 | WARNING |    ⚠ Blocked (403) retry 3
2026-08-11 23:49:41,800 | INFO | 🌐 Session warmed
2026-08-11 23:49:42,036 | INFO |    ↳ Status 403
2026-08-11 23:49:42,036 | WARNING |    ⚠ Blocked (403) retry 3
2026-08-11 23:49:42,118 | INFO | 🌐 Session warmed
2026-08-11 23:49:42,341 | INFO |    ↳ Status 200
2026-08-11 23:49:42,341 | INFO |    ✓ Found 8 movies
2026-08-11 23:49:42,341 | INFO | [1505/1901] Fetching Ratnagiri (RATN)
2026-08-11 23:49:43,690 | INFO |    ↳ Status 200
2026-08-11 23:49:43,690 | INFO |    ✓ Found 8 movies
2026-08-11 23:49:43,690 | INFO | [1506/1901] Fetching Ratnagiri (Odisha) (RATO)
2026-08-11 23:49:44,878 | INFO | [1507/1901] Fetching Ravulapalem (RVPL)
2026-08-11 23:49:45,459 | INFO |    ↳ Status 200
2026-08-11 23:49:45,459 | INFO |    ✓ Found 8 movies
2026-08-11 23:49:45,459 | INFO | [1508/1901] Fetching Raxaul (RAXA)
2026-08-11 23:49:45,801 | INFO | [1509/1901] Fetching Rayachoti (RYCT)
2026-08-11 23:49:45,802 | INFO |    ↳ Status 403
2026-08-11 23:49:45,802 | WARNING |    ⚠ Blocked (403) retry 1
2026-08-11 23:49:45,910 | INFO | 🌐 Session warmed
2026-08-11 23:49:46,119 | INFO | [1510/1901] Fetching Rayagada (RADA)
2026-08-11 23:49:46,707 | INFO |    ↳ Status 403
2026-08-11 23:49:46,707 | WARNING |    ⚠ Blocked (403) retry 1
2026-08-11 23:49:46,793 | INFO | 🌐 Session warmed
2026-08-11 23:49:46,919 | INFO |    ↳ Status 200
2026-08-11 23:49:46,919 | INFO |    ✓ Found 8 movies
2026-08-11 23:49:46,919 | INFO | [1511/1901] Fetching Rayakottai (RTTA)
2026-08-11 23:49:47,017 | INFO |    ↳ Status 403
2026-08-11 23:49:47,017 | WARNING |    ⚠ Blocked (403) retry 1
2026-08-11 23:49:47,089 | INFO | 🌐 Session warmed
2026-08-11 23:49:47,884 | INFO |    ↳ Status 403
2026-08-11 23:49:47,884 | WARNING |    ⚠ Blocked (403) retry 2
2026-08-11 23:49:47,948 | INFO | 🌐 Session warmed
2026-08-11 23:49:48,053 | INFO |    ↳ Status 200
2026-08-11 23:49:48,053 | INFO |    ✓ Found 8 movies
2026-08-11 23:49:48,053 | INFO | [1512/1901] Fetching Rayavaram (RAYA)
2026-08-11 23:49:48,754 | INFO |    ↳ Status 403
2026-08-11 23:49:48,754 | WARNING |    ⚠ Blocked (403) retry 2
2026-08-11 23:49:48,828 | INFO | 🌐 Session warmed
2026-08-11 23:49:49,305 | INFO |    ↳ Status 403
2026-08-11 23:49:49,305 | WARNING |    ⚠ Blocked (403) retry 2
2026-08-11 23:49:49,380 | INFO | 🌐 Session warmed
2026-08-11 23:49:49,678 | INFO |    ↳ Status 200
2026-08-11 23:49:49,678 | INFO |    ✓ Found 8 movies
2026-08-11 23:49:49,678 | INFO | [1513/1901] Fetching Razole (RAZO)
2026-08-11 23:49:50,689 | INFO |    ↳ Status 403
2026-08-11 23:49:50,689 | WARNING |    ⚠ Blocked (403) retry 3
2026-08-11 23:49:50,759 | INFO | 🌐 Session warmed
2026-08-11 23:49:51,236 | INFO |    ↳ Status 200
2026-08-11 23:49:51,236 | INFO |    ✓ Found 8 movies
2026-08-11 23:49:51,236 | INFO | [1514/1901] Fetching Rentachintala (RENT)
2026-08-11 23:49:51,910 | INFO |    ↳ Status 403
2026-08-11 23:49:51,910 | WARNING |    ⚠ Blocked (403) retry 3
2026-08-11 23:49:51,983 | INFO | 🌐 Session warmed
2026-08-11 23:49:52,089 | INFO |    ↳ Status 403
2026-08-11 23:49:52,089 | WARNING |    ⚠ Blocked (403) retry 3
2026-08-11 23:49:52,159 | INFO | 🌐 Session warmed
2026-08-11 23:49:52,629 | INFO |    ↳ Status 200
2026-08-11 23:49:52,629 | INFO |    ✓ Found 8 movies
2026-08-11 23:49:52,629 | INFO | [1515/1901] Fetching Renukoot (RENU)
2026-08-11 23:49:54,222 | INFO |    ↳ Status 200
2026-08-11 23:49:54,222 | INFO |    ✓ Found 8 movies
2026-08-11 23:49:54,222 | INFO | [1516/1901] Fetching Repalle (REPA)
2026-08-11 23:49:54,760 | INFO | [1517/1901] Fetching Revdanda (REVD)
2026-08-11 23:49:55,574 | INFO |    ↳ Status 403
2026-08-11 23:49:55,574 | WARNING |    ⚠ Blocked (403) retry 1
2026-08-11 23:49:55,659 | INFO | 🌐 Session warmed
2026-08-11 23:49:55,983 | INFO |    ↳ Status 200
2026-08-11 23:49:55,983 | INFO |    ✓ Found 8 movies
2026-08-11 23:49:55,983 | INFO | [1518/1901] Fetching Rewa (RWAA)
2026-08-11 23:49:55,984 | INFO | [1519/1901] Fetching Rewari (REWA)
2026-08-11 23:49:56,159 | INFO | [1520/1901] Fetching RiBhoi (RIBH)
2026-08-11 23:49:56,916 | INFO |    ↳ Status 403
2026-08-11 23:49:56,916 | WARNING |    ⚠ Blocked (403) retry 1
2026-08-11 23:49:57,004 | INFO | 🌐 Session warmed
2026-08-11 23:49:57,228 | INFO |    ↳ Status 200
2026-08-11 23:49:57,228 | INFO |    ✓ Found 8 movies
2026-08-11 23:49:57,229 | INFO | [1521/1901] Fetching Ringas (RGAS)
2026-08-11 23:49:57,238 | INFO |    ↳ Status 403
2026-08-11 23:49:57,239 | WARNING |    ⚠ Blocked (403) retry 1
2026-08-11 23:49:57,331 | INFO | 🌐 Session warmed
2026-08-11 23:49:58,006 | INFO |    ↳ Status 403
2026-08-11 23:49:58,006 | WARNING |    ⚠ Blocked (403) retry 2
2026-08-11 23:49:58,105 | INFO | 🌐 Session warmed
2026-08-11 23:49:58,905 | INFO |    ↳ Status 200
2026-08-11 23:49:58,905 | INFO |    ✓ Found 8 movies
2026-08-11 23:49:58,906 | INFO | [1522/1901] Fetching Rishikesh (RKES)
2026-08-11 23:49:59,074 | INFO |    ↳ Status 403
2026-08-11 23:49:59,074 | WARNING |    ⚠ Blocked (403) retry 2
2026-08-11 23:49:59,121 | INFO |    ↳ Status 403
2026-08-11 23:49:59,121 | WARNING |    ⚠ Blocked (403) retry 2
2026-08-11 23:49:59,160 | INFO | 🌐 Session warmed
2026-08-11 23:49:59,210 | INFO | 🌐 Session warmed
2026-08-11 23:50:00,486 | INFO |    ↳ Status 200
2026-08-11 23:50:00,486 | INFO |    ✓ Found 8 movies
2026-08-11 23:50:00,486 | INFO | [1523/1901] Fetching Rishra (RSRA)
2026-08-11 23:50:01,526 | INFO |    ↳ Status 403
2026-08-11 23:50:01,527 | WARNING |    ⚠ Blocked (403) retry 3
2026-08-11 23:50:01,617 | INFO |    ↳ Status 200
2026-08-11 23:50:01,617 | INFO |    ✓ Found 7 movies
2026-08-11 23:50:01,617 | INFO | [1524/1901] Fetching Robertsganj (ROBE)
2026-08-11 23:50:01,621 | INFO | 🌐 Session warmed
2026-08-11 23:50:02,080 | INFO |    ↳ Status 403
2026-08-11 23:50:02,080 | WARNING |    ⚠ Blocked (403) retry 3
2026-08-11 23:50:02,159 | INFO | 🌐 Session warmed
2026-08-11 23:50:02,488 | INFO |    ↳ Status 403
2026-08-11 23:50:02,488 | WARNING |    ⚠ Blocked (403) retry 3
2026-08-11 23:50:02,577 | INFO | 🌐 Session warmed
2026-08-11 23:50:03,076 | INFO |    ↳ Status 200
2026-08-11 23:50:03,076 | INFO |    ✓ Found 8 movies
2026-08-11 23:50:03,076 | INFO | [1525/1901] Fetching Rohtak (ROH)
2026-08-11 23:50:04,729 | INFO |    ↳ Status 200
2026-08-11 23:50:04,729 | INFO |    ✓ Found 7 movies
2026-08-11 23:50:04,729 | INFO | [1526/1901] Fetching Ron (RONC)
2026-08-11 23:50:05,622 | INFO | [1527/1901] Fetching Rongjeng (RNG)
2026-08-11 23:50:06,159 | INFO | [1528/1901] Fetching Roorkee (ROOR)
2026-08-11 23:50:06,247 | INFO |    ↳ Status 200
2026-08-11 23:50:06,247 | INFO |    ✓ Found 8 movies
2026-08-11 23:50:06,247 | INFO | [1529/1901] Fetching Rourkela (RKOR)
2026-08-11 23:50:06,353 | INFO |    ↳ Status 403
2026-08-11 23:50:06,353 | WARNING |    ⚠ Blocked (403) retry 1
2026-08-11 23:50:06,427 | INFO | 🌐 Session warmed
2026-08-11 23:50:06,578 | INFO | [1530/1901] Fetching Routhulapudi (ROUT)
2026-08-11 23:50:07,034 | INFO |    ↳ Status 403
2026-08-11 23:50:07,034 | WARNING |    ⚠ Blocked (403) retry 1
2026-08-11 23:50:07,119 | INFO | 🌐 Session warmed
2026-08-11 23:50:07,282 | INFO |    ↳ Status 403
2026-08-11 23:50:07,282 | WARNING |    ⚠ Blocked (403) retry 1
2026-08-11 23:50:07,351 | INFO | 🌐 Session warmed
2026-08-11 23:50:07,518 | INFO |    ↳ Status 200
2026-08-11 23:50:07,518 | INFO |    ✓ Found 8 movies
2026-08-11 23:50:07,519 | INFO | [1531/1901] Fetching Rudauli (RUDU)
2026-08-11 23:50:08,815 | INFO |    ↳ Status 403
2026-08-11 23:50:08,815 | WARNING |    ⚠ Blocked (403) retry 2
2026-08-11 23:50:08,829 | INFO |    ↳ Status 200
2026-08-11 23:50:08,829 | INFO |    ✓ Found 8 movies
2026-08-11 23:50:08,829 | INFO | [1532/1901] Fetching Rudrapur (RUDP)
2026-08-11 23:50:08,892 | INFO | 🌐 Session warmed
2026-08-11 23:50:09,096 | INFO |    ↳ Status 403
2026-08-11 23:50:09,096 | WARNING |    ⚠ Blocked (403) retry 2
2026-08-11 23:50:09,166 | INFO | 🌐 Session warmed
2026-08-11 23:50:09,507 | INFO |    ↳ Status 403
2026-08-11 23:50:09,507 | WARNING |    ⚠ Blocked (403) retry 2
2026-08-11 23:50:09,575 | INFO | 🌐 Session warmed
2026-08-11 23:50:10,309 | INFO |    ↳ Status 200
2026-08-11 23:50:10,309 | INFO |    ✓ Found 8 movies
2026-08-11 23:50:10,309 | INFO | [1533/1901] Fetching Rupnagar (RUPN)
2026-08-11 23:50:11,891 | INFO |    ↳ Status 403
2026-08-11 23:50:11,892 | WARNING |    ⚠ Blocked (403) retry 3
2026-08-11 23:50:11,947 | INFO |    ↳ Status 200
2026-08-11 23:50:11,947 | INFO |    ✓ Found 7 movies
2026-08-11 23:50:11,947 | INFO | [1534/1901] Fetching Sabbavaram (SABB)
2026-08-11 23:50:11,974 | INFO | 🌐 Session warmed
2026-08-11 23:50:12,381 | INFO |    ↳ Status 403
2026-08-11 23:50:12,382 | WARNING |    ⚠ Blocked (403) retry 3
2026-08-11 23:50:12,475 | INFO | 🌐 Session warmed
2026-08-11 23:50:12,582 | INFO |    ↳ Status 403
2026-08-11 23:50:12,582 | WARNING |    ⚠ Blocked (403) retry 3
2026-08-11 23:50:12,662 | INFO | 🌐 Session warmed
2026-08-11 23:50:13,523 | INFO |    ↳ Status 200
2026-08-11 23:50:13,523 | INFO |    ✓ Found 8 movies
2026-08-11 23:50:13,523 | INFO | [1535/1901] Fetching Sadasivpet (SADA)
2026-08-11 23:50:14,534 | INFO |    ↳ Status 200
2026-08-11 23:50:14,534 | INFO |    ✓ Found 8 movies
2026-08-11 23:50:14,534 | INFO | [1536/1901] Fetching Safidon (SAFI)
2026-08-11 23:50:15,658 | INFO |    ↳ Status 200
2026-08-11 23:50:15,658 | INFO |    ✓ Found 7 movies
2026-08-11 23:50:15,658 | INFO | [1537/1901] Fetching Sagar (SAMP)
2026-08-11 23:50:15,974 | INFO | [1538/1901] Fetching Sagwara (SAGA)
2026-08-11 23:50:16,476 | INFO | [1539/1901] Fetching Saharanpur (SAHA)
2026-08-11 23:50:16,663 | INFO | [1540/1901] Fetching Saharsa (SAHH)
2026-08-11 23:50:17,209 | INFO |    ↳ Status 200
2026-08-11 23:50:17,209 | INFO |    ✓ Found 8 movies
2026-08-11 23:50:17,209 | INFO | [1541/1901] Fetching Sahibganj (SBBB)
2026-08-11 23:50:17,211 | INFO |    ↳ Status 403
2026-08-11 23:50:17,211 | WARNING |    ⚠ Blocked (403) retry 1
2026-08-11 23:50:17,291 | INFO | 🌐 Session warmed
2026-08-11 23:50:17,519 | INFO |    ↳ Status 403
2026-08-11 23:50:17,519 | WARNING |    ⚠ Blocked (403) retry 1
2026-08-11 23:50:17,595 | INFO | 🌐 Session warmed
2026-08-11 23:50:18,083 | INFO |    ↳ Status 403
2026-08-11 23:50:18,083 | WARNING |    ⚠ Blocked (403) retry 1
2026-08-11 23:50:18,166 | INFO | 🌐 Session warmed
2026-08-11 23:50:18,324 | INFO |    ↳ Status 200
2026-08-11 23:50:18,324 | INFO |    ✓ Found 8 movies
2026-08-11 23:50:18,324 | INFO | [1542/1901] Fetching Sahjanwa (SAHJ)
2026-08-11 23:50:19,254 | INFO |    ↳ Status 403
2026-08-11 23:50:19,254 | WARNING |    ⚠ Blocked (403) retry 2
2026-08-11 23:50:19,335 | INFO | 🌐 Session warmed
2026-08-11 23:50:19,439 | INFO |    ↳ Status 403
2026-08-11 23:50:19,439 | WARNING |    ⚠ Blocked (403) retry 2
2026-08-11 23:50:19,520 | INFO | 🌐 Session warmed
2026-08-11 23:50:19,789 | INFO |    ↳ Status 200
2026-08-11 23:50:19,789 | INFO |    ✓ Found 8 movies
2026-08-11 23:50:19,789 | INFO | [1543/1901] Fetching Sakleshpur (SASA)
2026-08-11 23:50:20,414 | INFO |    ↳ Status 403
2026-08-11 23:50:20,414 | WARNING |    ⚠ Blocked (403) retry 2
2026-08-11 23:50:20,513 | INFO | 🌐 Session warmed
2026-08-11 23:50:21,174 | INFO |    ↳ Status 200
2026-08-11 23:50:21,174 | INFO |    ✓ Found 8 movies
2026-08-11 23:50:21,174 | INFO | [1544/1901] Fetching Sakti (SAKT)
2026-08-11 23:50:22,307 | INFO |    ↳ Status 403
2026-08-11 23:50:22,307 | WARNING |    ⚠ Blocked (403) retry 3
2026-08-11 23:50:22,388 | INFO | 🌐 Session warmed
2026-08-11 23:50:22,547 | INFO |    ↳ Status 200
2026-08-11 23:50:22,547 | INFO |    ✓ Found 7 movies
2026-08-11 23:50:22,547 | INFO | [1545/1901] Fetching Salem (SALM)
2026-08-11 23:50:22,753 | INFO |    ↳ Status 403
2026-08-11 23:50:22,753 | WARNING |    ⚠ Blocked (403) retry 3
2026-08-11 23:50:22,838 | INFO | 🌐 Session warmed
2026-08-11 23:50:23,869 | INFO |    ↳ Status 403
2026-08-11 23:50:23,869 | WARNING |    ⚠ Blocked (403) retry 3
2026-08-11 23:50:23,955 | INFO | 🌐 Session warmed
2026-08-11 23:50:24,230 | INFO |    ↳ Status 200
2026-08-11 23:50:24,231 | INFO |    ✓ Found 8 movies
2026-08-11 23:50:24,231 | INFO | [1546/1901] Fetching Saligrama (SGMA)
2026-08-11 23:50:25,902 | INFO |    ↳ Status 200
2026-08-11 23:50:25,902 | INFO |    ✓ Found 8 movies
2026-08-11 23:50:25,902 | INFO | [1547/1901] Fetching Salihundam (SAHM)
2026-08-11 23:50:26,388 | INFO | [1548/1901] Fetching Salur (SALU)
2026-08-11 23:50:26,838 | INFO | [1549/1901] Fetching Samalkota (SAMA)
2026-08-11 23:50:27,111 | INFO |    ↳ Status 200
2026-08-11 23:50:27,112 | INFO |    ✓ Found 8 movies
2026-08-11 23:50:27,112 | INFO | [1550/1901] Fetching Samastipur (SMST)
2026-08-11 23:50:27,615 | INFO |    ↳ Status 403
2026-08-11 23:50:27,615 | WARNING |    ⚠ Blocked (403) retry 1
2026-08-11 23:50:27,701 | INFO | 🌐 Session warmed
2026-08-11 23:50:27,943 | INFO |    ↳ Status 403
2026-08-11 23:50:27,943 | WARNING |    ⚠ Blocked (403) retry 1
2026-08-11 23:50:27,955 | INFO | [1551/1901] Fetching Sambalpur (SAMB)
2026-08-11 23:50:28,033 | INFO | 🌐 Session warmed
2026-08-11 23:50:28,353 | INFO |    ↳ Status 200
2026-08-11 23:50:28,354 | INFO |    ✓ Found 8 movies
2026-08-11 23:50:28,354 | INFO | [1552/1901] Fetching Sambhal (SAML)
2026-08-11 23:50:28,738 | INFO |    ↳ Status 403
2026-08-11 23:50:28,738 | WARNING |    ⚠ Blocked (403) retry 1
2026-08-11 23:50:28,824 | INFO | 🌐 Session warmed
2026-08-11 23:50:29,527 | INFO |    ↳ Status 403
2026-08-11 23:50:29,527 | WARNING |    ⚠ Blocked (403) retry 2
2026-08-11 23:50:29,595 | INFO | 🌐 Session warmed
2026-08-11 23:50:30,008 | INFO |    ↳ Status 200
2026-08-11 23:50:30,008 | INFO |    ✓ Found 8 movies
2026-08-11 23:50:30,009 | INFO | [1553/1901] Fetching Sambhar (SABH)
2026-08-11 23:50:30,151 | INFO |    ↳ Status 403
2026-08-11 23:50:30,151 | WARNING |    ⚠ Blocked (403) retry 2
2026-08-11 23:50:30,227 | INFO | 🌐 Session warmed
2026-08-11 23:50:31,064 | INFO |    ↳ Status 403
2026-08-11 23:50:31,064 | WARNING |    ⚠ Blocked (403) retry 2
2026-08-11 23:50:31,147 | INFO | 🌐 Session warmed
2026-08-11 23:50:31,363 | INFO |    ↳ Status 200
2026-08-11 23:50:31,363 | INFO |    ✓ Found 8 movies
2026-08-11 23:50:31,363 | INFO | [1554/1901] Fetching Samsi (SAMS)
2026-08-11 23:50:32,776 | INFO |    ↳ Status 200
2026-08-11 23:50:32,777 | INFO |    ✓ Found 7 movies
2026-08-11 23:50:32,777 | INFO | [1555/1901] Fetching Sanand (SANA)
2026-08-11 23:50:32,963 | INFO |    ↳ Status 403
2026-08-11 23:50:32,963 | WARNING |    ⚠ Blocked (403) retry 3
2026-08-11 23:50:33,044 | INFO | 🌐 Session warmed
2026-08-11 23:50:33,533 | INFO |    ↳ Status 403
2026-08-11 23:50:33,534 | WARNING |    ⚠ Blocked (403) retry 3
2026-08-11 23:50:33,603 | INFO | 🌐 Session warmed
2026-08-11 23:50:34,421 | INFO |    ↳ Status 403
2026-08-11 23:50:34,421 | WARNING |    ⚠ Blocked (403) retry 3
2026-08-11 23:50:34,502 | INFO |    ↳ Status 200
2026-08-11 23:50:34,502 | INFO |    ✓ Found 8 movies
2026-08-11 23:50:34,502 | INFO | [1556/1901] Fetching Sanawad (SNWD)
2026-08-11 23:50:34,509 | INFO | 🌐 Session warmed
2026-08-11 23:50:35,433 | INFO |    ↳ Status 200
2026-08-11 23:50:35,433 | INFO |    ✓ Found 8 movies
2026-08-11 23:50:35,433 | INFO | [1557/1901] Fetching Sangamner (SMNE)
2026-08-11 23:50:36,578 | INFO |    ↳ Status 200
2026-08-11 23:50:36,578 | INFO |    ✓ Found 8 movies
2026-08-11 23:50:36,578 | INFO | [1558/1901] Fetching Sangareddy (SARE)
2026-08-11 23:50:37,044 | INFO | [1559/1901] Fetching Sangaria (SAGR)
2026-08-11 23:50:37,604 | INFO | [1560/1901] Fetching Sangli (SANG)
2026-08-11 23:50:38,090 | INFO |    ↳ Status 200
2026-08-11 23:50:38,090 | INFO |    ✓ Found 8 movies
2026-08-11 23:50:38,090 | INFO | [1561/1901] Fetching Sangola (SNGO)
2026-08-11 23:50:38,105 | INFO |    ↳ Status 403
2026-08-11 23:50:38,105 | WARNING |    ⚠ Blocked (403) retry 1
2026-08-11 23:50:38,204 | INFO | 🌐 Session warmed
2026-08-11 23:50:38,510 | INFO | [1562/1901] Fetching Sangrur (SANR)
2026-08-11 23:50:38,979 | INFO |    ↳ Status 403
2026-08-11 23:50:38,979 | WARNING |    ⚠ Blocked (403) retry 1
2026-08-11 23:50:39,062 | INFO | 🌐 Session warmed
2026-08-11 23:50:39,273 | INFO |    ↳ Status 403
2026-08-11 23:50:39,273 | WARNING |    ⚠ Blocked (403) retry 1
2026-08-11 23:50:39,348 | INFO | 🌐 Session warmed
2026-08-11 23:50:39,418 | INFO |    ↳ Status 200
2026-08-11 23:50:39,418 | INFO |    ✓ Found 8 movies
2026-08-11 23:50:39,418 | INFO | [1563/1901] Fetching Sankarankoil (SAKL)
2026-08-11 23:50:40,374 | INFO |    ↳ Status 403
2026-08-11 23:50:40,374 | WARNING |    ⚠ Blocked (403) retry 2
2026-08-11 23:50:40,459 | INFO | 🌐 Session warmed
2026-08-11 23:50:40,854 | INFO |    ↳ Status 403
2026-08-11 23:50:40,854 | WARNING |    ⚠ Blocked (403) retry 2
2026-08-11 23:50:40,940 | INFO | 🌐 Session warmed
2026-08-11 23:50:41,012 | INFO |    ↳ Status 200
2026-08-11 23:50:41,012 | INFO |    ✓ Found 8 movies
2026-08-11 23:50:41,013 | INFO | [1564/1901] Fetching Sankarapuram (SKPM)
2026-08-11 23:50:41,686 | INFO |    ↳ Status 403
2026-08-11 23:50:41,686 | WARNING |    ⚠ Blocked (403) retry 2
2026-08-11 23:50:41,749 | INFO | 🌐 Session warmed
2026-08-11 23:50:42,534 | INFO |    ↳ Status 200
2026-08-11 23:50:42,534 | INFO |    ✓ Found 8 movies
2026-08-11 23:50:42,534 | INFO | [1565/1901] Fetching Sankeshwar (SKHW)
2026-08-11 23:50:43,091 | INFO |    ↳ Status 403
2026-08-11 23:50:43,091 | WARNING |    ⚠ Blocked (403) retry 3
2026-08-11 23:50:43,171 | INFO | 🌐 Session warmed
2026-08-11 23:50:43,635 | INFO |    ↳ Status 200
2026-08-11 23:50:43,635 | INFO |    ✓ Found 8 movies
2026-08-11 23:50:43,635 | INFO | [1566/1901] Fetching Sankri (SANK)
2026-08-11 23:50:43,714 | INFO |    ↳ Status 403
2026-08-11 23:50:43,714 | WARNING |    ⚠ Blocked (403) retry 3
2026-08-11 23:50:43,796 | INFO | 🌐 Session warmed
2026-08-11 23:50:44,795 | INFO |    ↳ Status 200
2026-08-11 23:50:44,796 | INFO |    ✓ Found 8 movies
2026-08-11 23:50:44,796 | INFO | [1567/1901] Fetching Santhebennur (STHB)
2026-08-11 23:50:45,026 | INFO |    ↳ Status 403
2026-08-11 23:50:45,026 | WARNING |    ⚠ Blocked (403) retry 3
2026-08-11 23:50:45,113 | INFO | 🌐 Session warmed
2026-08-11 23:50:46,526 | INFO |    ↳ Status 200
2026-08-11 23:50:46,526 | INFO |    ✓ Found 8 movies
2026-08-11 23:50:46,526 | INFO | [1568/1901] Fetching Sanwer (SAWR)
2026-08-11 23:50:47,171 | INFO | [1569/1901] Fetching Saoner (SAOR)
2026-08-11 23:50:47,796 | INFO | [1570/1901] Fetching Saraipali (SPAL)
2026-08-11 23:50:47,998 | INFO |    ↳ Status 200
2026-08-11 23:50:47,998 | INFO |    ✓ Found 8 movies
2026-08-11 23:50:47,998 | INFO | [1571/1901] Fetching Sarangarh (SARH)
2026-08-11 23:50:48,022 | INFO |    ↳ Status 403
2026-08-11 23:50:48,022 | WARNING |    ⚠ Blocked (403) retry 1
2026-08-11 23:50:48,106 | INFO | 🌐 Session warmed
2026-08-11 23:50:49,042 | INFO |    ↳ Status 403
2026-08-11 23:50:49,042 | WARNING |    ⚠ Blocked (403) retry 1
2026-08-11 23:50:49,113 | INFO | [1572/1901] Fetching Sarangpur (SARA)
2026-08-11 23:50:49,121 | INFO | 🌐 Session warmed
2026-08-11 23:50:49,389 | INFO |    ↳ Status 200
2026-08-11 23:50:49,389 | INFO |    ✓ Found 7 movies
2026-08-11 23:50:49,390 | INFO | [1573/1901] Fetching Sarapaka (SARP)
2026-08-11 23:50:49,811 | INFO |    ↳ Status 403
2026-08-11 23:50:49,811 | WARNING |    ⚠ Blocked (403) retry 2
2026-08-11 23:50:49,881 | INFO | 🌐 Session warmed
2026-08-11 23:50:49,912 | INFO |    ↳ Status 403
2026-08-11 23:50:49,912 | WARNING |    ⚠ Blocked (403) retry 1
2026-08-11 23:50:50,007 | INFO | 🌐 Session warmed
2026-08-11 23:50:51,062 | INFO |    ↳ Status 200
2026-08-11 23:50:51,062 | INFO |    ✓ Found 8 movies
2026-08-11 23:50:51,062 | INFO | [1574/1901] Fetching Sardhana (DDDD)
2026-08-11 23:50:51,098 | INFO |    ↳ Status 403
2026-08-11 23:50:51,098 | WARNING |    ⚠ Blocked (403) retry 2
2026-08-11 23:50:51,179 | INFO | 🌐 Session warmed
2026-08-11 23:50:51,845 | INFO |    ↳ Status 403
2026-08-11 23:50:51,845 | WARNING |    ⚠ Blocked (403) retry 2
2026-08-11 23:50:51,928 | INFO | 🌐 Session warmed
2026-08-11 23:50:52,611 | INFO |    ↳ Status 403
2026-08-11 23:50:52,611 | WARNING |    ⚠ Blocked (403) retry 3
2026-08-11 23:50:52,712 | INFO | 🌐 Session warmed
2026-08-11 23:50:52,741 | INFO |    ↳ Status 200
2026-08-11 23:50:52,741 | INFO |    ✓ Found 8 movies
2026-08-11 23:50:52,741 | INFO | [1575/1901] Fetching Sardulgarh (SARD)
2026-08-11 23:50:53,950 | INFO |    ↳ Status 200
2026-08-11 23:50:53,951 | INFO |    ✓ Found 7 movies
2026-08-11 23:50:53,951 | INFO | [1576/1901] Fetching Sarnath (SART)
2026-08-11 23:50:54,451 | INFO |    ↳ Status 403
2026-08-11 23:50:54,451 | WARNING |    ⚠ Blocked (403) retry 3
2026-08-11 23:50:54,524 | INFO | 🌐 Session warmed
2026-08-11 23:50:54,793 | INFO |    ↳ Status 403
2026-08-11 23:50:54,793 | WARNING |    ⚠ Blocked (403) retry 3
2026-08-11 23:50:54,890 | INFO | 🌐 Session warmed
2026-08-11 23:50:55,592 | INFO |    ↳ Status 200
2026-08-11 23:50:55,592 | INFO |    ✓ Found 8 movies
2026-08-11 23:50:55,592 | INFO | [1577/1901] Fetching Sarni (SARN)
2026-08-11 23:50:56,645 | INFO |    ↳ Status 200
2026-08-11 23:50:56,645 | INFO |    ✓ Found 8 movies
2026-08-11 23:50:56,645 | INFO | [1578/1901] Fetching Sarsiwa (SARS)
2026-08-11 23:50:56,712 | INFO | [1579/1901] Fetching Sasaram (SARM)
2026-08-11 23:50:57,491 | INFO |    ↳ Status 403
2026-08-11 23:50:57,491 | WARNING |    ⚠ Blocked (403) retry 1
2026-08-11 23:50:57,565 | INFO | 🌐 Session warmed
2026-08-11 23:50:58,369 | INFO |    ↳ Status 200
2026-08-11 23:50:58,369 | INFO |    ✓ Found 7 movies
2026-08-11 23:50:58,369 | INFO | [1580/1901] Fetching Satana (STNA)
2026-08-11 23:50:58,524 | INFO | [1581/1901] Fetching Satara (SATA)
2026-08-11 23:50:58,891 | INFO | [1582/1901] Fetching Sathankulam (SNTK)
2026-08-11 23:50:59,473 | INFO |    ↳ Status 403
2026-08-11 23:50:59,474 | WARNING |    ⚠ Blocked (403) retry 1
2026-08-11 23:50:59,545 | INFO | 🌐 Session warmed
2026-08-11 23:50:59,556 | INFO |    ↳ Status 403
2026-08-11 23:50:59,556 | WARNING |    ⚠ Blocked (403) retry 2
2026-08-11 23:50:59,639 | INFO | 🌐 Session warmed
2026-08-11 23:50:59,693 | INFO |    ↳ Status 403
2026-08-11 23:50:59,693 | WARNING |    ⚠ Blocked (403) retry 1
2026-08-11 23:50:59,776 | INFO | 🌐 Session warmed
2026-08-11 23:51:00,703 | INFO |    ↳ Status 200
2026-08-11 23:51:00,703 | INFO |    ✓ Found 8 movies
2026-08-11 23:51:00,703 | INFO | [1583/1901] Fetching Sathupally (SATH)
2026-08-11 23:51:01,644 | INFO |    ↳ Status 403
2026-08-11 23:51:01,644 | WARNING |    ⚠ Blocked (403) retry 2
2026-08-11 23:51:01,676 | INFO |    ↳ Status 200
2026-08-11 23:51:01,676 | INFO |    ✓ Found 8 movies
2026-08-11 23:51:01,676 | INFO | [1584/1901] Fetching Sathyamangalam (STHY)
2026-08-11 23:51:01,721 | INFO | 🌐 Session warmed
2026-08-11 23:51:02,041 | INFO |    ↳ Status 403
2026-08-11 23:51:02,041 | WARNING |    ⚠ Blocked (403) retry 2
2026-08-11 23:51:02,142 | INFO | 🌐 Session warmed
2026-08-11 23:51:02,619 | INFO |    ↳ Status 200
2026-08-11 23:51:02,619 | INFO |    ✓ Found 8 movies
2026-08-11 23:51:02,619 | INFO | [1585/1901] Fetching Satmile (SATI)
2026-08-11 23:51:02,686 | INFO |    ↳ Status 403
2026-08-11 23:51:02,686 | WARNING |    ⚠ Blocked (403) retry 3
2026-08-11 23:51:02,757 | INFO | 🌐 Session warmed
2026-08-11 23:51:04,508 | INFO |    ↳ Status 200
2026-08-11 23:51:04,508 | INFO |    ✓ Found 8 movies
2026-08-11 23:51:04,508 | INFO | [1586/1901] Fetching Satna (SATN)
2026-08-11 23:51:05,001 | INFO |    ↳ Status 403
2026-08-11 23:51:05,001 | WARNING |    ⚠ Blocked (403) retry 3
2026-08-11 23:51:05,120 | INFO | 🌐 Session warmed
2026-08-11 23:51:05,360 | INFO |    ↳ Status 403
2026-08-11 23:51:05,360 | WARNING |    ⚠ Blocked (403) retry 3
2026-08-11 23:51:05,431 | INFO | 🌐 Session warmed
2026-08-11 23:51:05,716 | INFO |    ↳ Status 200
2026-08-11 23:51:05,716 | INFO |    ✓ Found 8 movies
2026-08-11 23:51:05,717 | INFO | [1587/1901] Fetching Sattenapalle (SATL)
2026-08-11 23:51:06,757 | INFO | [1588/1901] Fetching Saundatti (SAUN)
2026-08-11 23:51:07,679 | INFO |    ↳ Status 403
2026-08-11 23:51:07,679 | WARNING |    ⚠ Blocked (403) retry 1
2026-08-11 23:51:07,682 | INFO |    ↳ Status 200
2026-08-11 23:51:07,682 | INFO |    ✓ Found 8 movies
2026-08-11 23:51:07,682 | INFO | [1589/1901] Fetching Sawai Madhopur (SWMP)
2026-08-11 23:51:07,756 | INFO | 🌐 Session warmed
2026-08-11 23:51:09,121 | INFO | [1590/1901] Fetching Sawantwadi (SAWA)
2026-08-11 23:51:09,298 | INFO |    ↳ Status 200
2026-08-11 23:51:09,299 | INFO |    ✓ Found 8 movies
2026-08-11 23:51:09,299 | INFO | [1591/1901] Fetching Sayan (SYAN)
2026-08-11 23:51:09,431 | INFO | [1592/1901] Fetching Secunderabad (SCBD)
2026-08-11 23:51:10,154 | INFO |    ↳ Status 403
2026-08-11 23:51:10,154 | WARNING |    ⚠ Blocked (403) retry 2
2026-08-11 23:51:10,242 | INFO | 🌐 Session warmed
2026-08-11 23:51:10,269 | INFO |    ↳ Status 403
2026-08-11 23:51:10,269 | WARNING |    ⚠ Blocked (403) retry 1
2026-08-11 23:51:10,308 | INFO |    ↳ Status 403
2026-08-11 23:51:10,308 | WARNING |    ⚠ Blocked (403) retry 1
2026-08-11 23:51:10,353 | INFO | 🌐 Session warmed
2026-08-11 23:51:10,406 | INFO | 🌐 Session warmed
2026-08-11 23:51:10,643 | INFO |    ↳ Status 200
2026-08-11 23:51:10,643 | INFO |    ✓ Found 8 movies
2026-08-11 23:51:10,643 | INFO | [1593/1901] Fetching Seethanagaram (SEET)
2026-08-11 23:51:12,164 | INFO |    ↳ Status 200
2026-08-11 23:51:12,165 | INFO |    ✓ Found 8 movies
2026-08-11 23:51:12,165 | INFO | [1594/1901] Fetching Sehmalpur (SEHL)
2026-08-11 23:51:12,453 | INFO |    ↳ Status 403
2026-08-11 23:51:12,453 | WARNING |    ⚠ Blocked (403) retry 2
2026-08-11 23:51:12,525 | INFO |    ↳ Status 403
2026-08-11 23:51:12,525 | WARNING |    ⚠ Blocked (403) retry 2
2026-08-11 23:51:12,530 | INFO | 🌐 Session warmed
2026-08-11 23:51:12,608 | INFO | 🌐 Session warmed
2026-08-11 23:51:13,434 | INFO |    ↳ Status 403
2026-08-11 23:51:13,434 | WARNING |    ⚠ Blocked (403) retry 3
2026-08-11 23:51:13,529 | INFO | 🌐 Session warmed
2026-08-11 23:51:13,607 | INFO |    ↳ Status 200
2026-08-11 23:51:13,607 | INFO |    ✓ Found 8 movies
2026-08-11 23:51:13,608 | INFO | [1595/1901] Fetching Sehore (SEHO)
2026-08-11 23:51:14,891 | INFO |    ↳ Status 200
2026-08-11 23:51:14,892 | INFO |    ✓ Found 8 movies
2026-08-11 23:51:14,892 | INFO | [1596/1901] Fetching Selu (SELU)
2026-08-11 23:51:15,380 | INFO |    ↳ Status 403
2026-08-11 23:51:15,380 | WARNING |    ⚠ Blocked (403) retry 3
2026-08-11 23:51:15,455 | INFO | 🌐 Session warmed
2026-08-11 23:51:15,659 | INFO |    ↳ Status 403
2026-08-11 23:51:15,659 | WARNING |    ⚠ Blocked (403) retry 3
2026-08-11 23:51:15,731 | INFO | 🌐 Session warmed
2026-08-11 23:51:16,191 | INFO |    ↳ Status 200
2026-08-11 23:51:16,191 | INFO |    ✓ Found 8 movies
2026-08-11 23:51:16,192 | INFO | [1597/1901] Fetching Semiliguda (SIMI)
2026-08-11 23:51:17,512 | INFO |    ↳ Status 200
2026-08-11 23:51:17,513 | INFO |    ✓ Found 8 movies
2026-08-11 23:51:17,513 | INFO | [1598/1901] Fetching Senapati (SENA)
2026-08-11 23:51:17,529 | INFO | [1599/1901] Fetching Sendhwa (SEND)
2026-08-11 23:51:18,743 | INFO |    ↳ Status 403
2026-08-11 23:51:18,743 | WARNING |    ⚠ Blocked (403) retry 1
2026-08-11 23:51:18,823 | INFO | 🌐 Session warmed
2026-08-11 23:51:19,456 | INFO | [1600/1901] Fetching Sendurai (SEAI)
2026-08-11 23:51:19,726 | INFO |    ↳ Status 200
2026-08-11 23:51:19,726 | INFO |    ✓ Found 8 movies
2026-08-11 23:51:19,726 | INFO | [1601/1901] Fetching Sengottai (SENG)
2026-08-11 23:51:19,731 | INFO | [1602/1901] Fetching Seoni (SEON)
2026-08-11 23:51:20,249 | INFO |    ↳ Status 403
2026-08-11 23:51:20,249 | WARNING |    ⚠ Blocked (403) retry 1
2026-08-11 23:51:20,317 | INFO | 🌐 Session warmed
2026-08-11 23:51:20,505 | INFO |    ↳ Status 403
2026-08-11 23:51:20,505 | WARNING |    ⚠ Blocked (403) retry 1
2026-08-11 23:51:20,588 | INFO | 🌐 Session warmed
2026-08-11 23:51:21,128 | INFO |    ↳ Status 403
2026-08-11 23:51:21,128 | WARNING |    ⚠ Blocked (403) retry 2
2026-08-11 23:51:21,200 | INFO | 🌐 Session warmed
2026-08-11 23:51:22,037 | INFO |    ↳ Status 200
2026-08-11 23:51:22,037 | INFO |    ✓ Found 8 movies
2026-08-11 23:51:22,037 | INFO | [1603/1901] Fetching Seoni Malwa (SEMA)
2026-08-11 23:51:22,277 | INFO |    ↳ Status 403
2026-08-11 23:51:22,277 | WARNING |    ⚠ Blocked (403) retry 2
2026-08-11 23:51:22,343 | INFO |    ↳ Status 403
2026-08-11 23:51:22,343 | WARNING |    ⚠ Blocked (403) retry 2
2026-08-11 23:51:22,366 | INFO | 🌐 Session warmed
2026-08-11 23:51:22,436 | INFO | 🌐 Session warmed
2026-08-11 23:51:23,348 | INFO |    ↳ Status 200
2026-08-11 23:51:23,348 | INFO |    ✓ Found 8 movies
2026-08-11 23:51:23,348 | INFO | [1604/1901] Fetching Serampore (SERA)
2026-08-11 23:51:23,990 | INFO |    ↳ Status 403
2026-08-11 23:51:23,991 | WARNING |    ⚠ Blocked (403) retry 3
2026-08-11 23:51:24,071 | INFO | 🌐 Session warmed
2026-08-11 23:51:24,809 | INFO |    ↳ Status 200
2026-08-11 23:51:24,809 | INFO |    ✓ Found 7 movies
2026-08-11 23:51:24,809 | INFO | [1605/1901] Fetching Shadnagar (SHAD)
2026-08-11 23:51:25,251 | INFO |    ↳ Status 403
2026-08-11 23:51:25,251 | WARNING |    ⚠ Blocked (403) retry 3
2026-08-11 23:51:25,320 | INFO | 🌐 Session warmed
2026-08-11 23:51:25,580 | INFO |    ↳ Status 403
2026-08-11 23:51:25,581 | WARNING |    ⚠ Blocked (403) retry 3
2026-08-11 23:51:25,670 | INFO | 🌐 Session warmed
2026-08-11 23:51:25,762 | INFO |    ↳ Status 200
2026-08-11 23:51:25,762 | INFO |    ✓ Found 8 movies
2026-08-11 23:51:25,762 | INFO | [1606/1901] Fetching Shahada (SHHA)
2026-08-11 23:51:27,388 | INFO |    ↳ Status 200
2026-08-11 23:51:27,388 | INFO |    ✓ Found 8 movies
2026-08-11 23:51:27,388 | INFO | [1607/1901] Fetching Shahapur (SHAP)
2026-08-11 23:51:28,071 | INFO | [1608/1901] Fetching Shahdol (SHAH)
2026-08-11 23:51:28,587 | INFO |    ↳ Status 200
2026-08-11 23:51:28,587 | INFO |    ✓ Found 8 movies
2026-08-11 23:51:28,587 | INFO | [1609/1901] Fetching Shahjahanpur (SHJH)
2026-08-11 23:51:29,320 | INFO | [1610/1901] Fetching Shahpur (SUPH)
2026-08-11 23:51:29,421 | INFO |    ↳ Status 403
2026-08-11 23:51:29,421 | WARNING |    ⚠ Blocked (403) retry 1
2026-08-11 23:51:29,506 | INFO | 🌐 Session warmed
2026-08-11 23:51:29,670 | INFO | [1611/1901] Fetching Shahpura (SHAA)
2026-08-11 23:51:30,083 | INFO |    ↳ Status 200
2026-08-11 23:51:30,083 | INFO |    ✓ Found 8 movies
2026-08-11 23:51:30,083 | INFO | [1612/1901] Fetching Shajapur (SJUR)
2026-08-11 23:51:30,706 | INFO |    ↳ Status 403
2026-08-11 23:51:30,706 | WARNING |    ⚠ Blocked (403) retry 1
2026-08-11 23:51:30,779 | INFO | 🌐 Session warmed
2026-08-11 23:51:31,065 | INFO |    ↳ Status 403
2026-08-11 23:51:31,065 | WARNING |    ⚠ Blocked (403) retry 1
2026-08-11 23:51:31,154 | INFO | 🌐 Session warmed
2026-08-11 23:51:31,218 | INFO |    ↳ Status 200
2026-08-11 23:51:31,218 | INFO |    ✓ Found 8 movies
2026-08-11 23:51:31,218 | INFO | [1613/1901] Fetching Shamgarh (SGAH)
2026-08-11 23:51:31,649 | INFO |    ↳ Status 403
2026-08-11 23:51:31,649 | WARNING |    ⚠ Blocked (403) retry 2
2026-08-11 23:51:31,742 | INFO | 🌐 Session warmed
2026-08-11 23:51:32,685 | INFO |    ↳ Status 200
2026-08-11 23:51:32,685 | INFO |    ✓ Found 8 movies
2026-08-11 23:51:32,685 | INFO | [1614/1901] Fetching Shamli (SHAM)
2026-08-11 23:51:33,162 | INFO |    ↳ Status 403
2026-08-11 23:51:33,162 | WARNING |    ⚠ Blocked (403) retry 2
2026-08-11 23:51:33,249 | INFO | 🌐 Session warmed
2026-08-11 23:51:33,532 | INFO |    ↳ Status 403
2026-08-11 23:51:33,532 | WARNING |    ⚠ Blocked (403) retry 2
2026-08-11 23:51:33,604 | INFO | 🌐 Session warmed
2026-08-11 23:51:33,908 | INFO |    ↳ Status 200
2026-08-11 23:51:33,908 | INFO |    ✓ Found 8 movies
2026-08-11 23:51:33,908 | INFO | [1615/1901] Fetching Shankarampet (SHAN)
2026-08-11 23:51:34,830 | INFO |    ↳ Status 403
2026-08-11 23:51:34,830 | WARNING |    ⚠ Blocked (403) retry 3
2026-08-11 23:51:34,908 | INFO | 🌐 Session warmed
2026-08-11 23:51:34,985 | INFO |    ↳ Status 200
2026-08-11 23:51:34,985 | INFO |    ✓ Found 8 movies
2026-08-11 23:51:34,985 | INFO | [1616/1901] Fetching Shankarpally (SKRP)
2026-08-11 23:51:36,300 | INFO |    ↳ Status 403
2026-08-11 23:51:36,300 | WARNING |    ⚠ Blocked (403) retry 3
2026-08-11 23:51:36,323 | INFO |    ↳ Status 200
2026-08-11 23:51:36,323 | INFO |    ✓ Found 8 movies
2026-08-11 23:51:36,324 | INFO | [1617/1901] Fetching Shankarpur (SHNC)
2026-08-11 23:51:36,371 | INFO | 🌐 Session warmed
2026-08-11 23:51:36,509 | INFO |    ↳ Status 403
2026-08-11 23:51:36,509 | WARNING |    ⚠ Blocked (403) retry 3
2026-08-11 23:51:36,599 | INFO | 🌐 Session warmed
2026-08-11 23:51:37,565 | INFO |    ↳ Status 200
2026-08-11 23:51:37,565 | INFO |    ✓ Found 7 movies
2026-08-11 23:51:37,565 | INFO | [1618/1901] Fetching Shela (SHEL)
2026-08-11 23:51:38,858 | INFO |    ↳ Status 200
2026-08-11 23:51:38,858 | INFO |    ✓ Found 8 movies
2026-08-11 23:51:38,858 | INFO | [1619/1901] Fetching Sheopur (SHPR)
2026-08-11 23:51:38,908 | INFO | [1620/1901] Fetching Sheorinarayan (SHEO)
2026-08-11 23:51:39,723 | INFO |    ↳ Status 403
2026-08-11 23:51:39,723 | WARNING |    ⚠ Blocked (403) retry 1
2026-08-11 23:51:39,805 | INFO | 🌐 Session warmed
2026-08-11 23:51:40,371 | INFO | [1621/1901] Fetching Shikaripur (SHKR)
2026-08-11 23:51:40,599 | INFO | [1622/1901] Fetching Shikarpur (SHIP)
2026-08-11 23:51:41,094 | INFO |    ↳ Status 200
2026-08-11 23:51:41,094 | INFO |    ✓ Found 8 movies
2026-08-11 23:51:41,094 | INFO | [1623/1901] Fetching Shikrapur (SKHR)
2026-08-11 23:51:41,560 | INFO |    ↳ Status 403
2026-08-11 23:51:41,560 | WARNING |    ⚠ Blocked (403) retry 1
2026-08-11 23:51:41,630 | INFO |    ↳ Status 403
2026-08-11 23:51:41,630 | WARNING |    ⚠ Blocked (403) retry 2
2026-08-11 23:51:41,631 | INFO | 🌐 Session warmed
2026-08-11 23:51:41,696 | INFO | 🌐 Session warmed
2026-08-11 23:51:41,708 | INFO |    ↳ Status 403
2026-08-11 23:51:41,708 | WARNING |    ⚠ Blocked (403) retry 1
2026-08-11 23:51:41,791 | INFO | 🌐 Session warmed
2026-08-11 23:51:42,252 | INFO |    ↳ Status 200
2026-08-11 23:51:42,252 | INFO |    ✓ Found 8 movies
2026-08-11 23:51:42,252 | INFO | [1624/1901] Fetching Shillong (SHLG)
2026-08-11 23:51:43,561 | INFO |    ↳ Status 200
2026-08-11 23:51:43,561 | INFO |    ✓ Found 3 movies
2026-08-11 23:51:43,561 | INFO | [1625/1901] Fetching Shimla (SMLA)
2026-08-11 23:51:43,646 | INFO |    ↳ Status 403
2026-08-11 23:51:43,646 | WARNING |    ⚠ Blocked (403) retry 2
2026-08-11 23:51:43,740 | INFO |    ↳ Status 403
2026-08-11 23:51:43,740 | WARNING |    ⚠ Blocked (403) retry 2
2026-08-11 23:51:43,744 | INFO | 🌐 Session warmed
2026-08-11 23:51:43,826 | INFO | 🌐 Session warmed
2026-08-11 23:51:44,567 | INFO |    ↳ Status 403
2026-08-11 23:51:44,567 | WARNING |    ⚠ Blocked (403) retry 3
2026-08-11 23:51:44,661 | INFO | 🌐 Session warmed
2026-08-11 23:51:45,769 | INFO |    ↳ Status 200
2026-08-11 23:51:45,769 | INFO |    ✓ Found 8 movies
2026-08-11 23:51:45,769 | INFO | [1626/1901] Fetching Shindkheda (SHDK)
2026-08-11 23:51:46,636 | INFO |    ↳ Status 403
2026-08-11 23:51:46,636 | WARNING |    ⚠ Blocked (403) retry 3
2026-08-11 23:51:46,722 | INFO | 🌐 Session warmed
2026-08-11 23:51:46,858 | INFO |    ↳ Status 200
2026-08-11 23:51:46,858 | INFO |    ✓ Found 8 movies
2026-08-11 23:51:46,859 | INFO | [1627/1901] Fetching Shirahatti (SHTI)
2026-08-11 23:51:47,156 | INFO |    ↳ Status 403
2026-08-11 23:51:47,157 | WARNING |    ⚠ Blocked (403) retry 3
2026-08-11 23:51:47,230 | INFO | 🌐 Session warmed
2026-08-11 23:51:48,451 | INFO |    ↳ Status 200
2026-08-11 23:51:48,452 | INFO |    ✓ Found 8 movies
2026-08-11 23:51:48,452 | INFO | [1628/1901] Fetching Shirali (SHIR)
2026-08-11 23:51:48,661 | INFO | [1629/1901] Fetching Shirpur (SRUR)
2026-08-11 23:51:49,580 | INFO |    ↳ Status 200
2026-08-11 23:51:49,580 | INFO |    ✓ Found 8 movies
2026-08-11 23:51:49,580 | INFO | [1630/1901] Fetching Shirur (SHRU)
2026-08-11 23:51:49,868 | INFO |    ↳ Status 403
2026-08-11 23:51:49,868 | WARNING |    ⚠ Blocked (403) retry 1
2026-08-11 23:51:49,964 | INFO | 🌐 Session warmed
2026-08-11 23:51:50,687 | INFO |    ↳ Status 200
2026-08-11 23:51:50,687 | INFO |    ✓ Found 8 movies
2026-08-11 23:51:50,687 | INFO | [1631/1901] Fetching Shivamogga (SHIA)
2026-08-11 23:51:50,722 | INFO | [1632/1901] Fetching Shivpuri (SHIV)
2026-08-11 23:51:51,230 | INFO | [1633/1901] Fetching Shopian (SPHN)
2026-08-11 23:51:51,372 | INFO |    ↳ Status 403
2026-08-11 23:51:51,372 | WARNING |    ⚠ Blocked (403) retry 1
2026-08-11 23:51:51,449 | INFO | 🌐 Session warmed
2026-08-11 23:51:51,792 | INFO |    ↳ Status 403
2026-08-11 23:51:51,792 | WARNING |    ⚠ Blocked (403) retry 2
2026-08-11 23:51:51,876 | INFO | 🌐 Session warmed
2026-08-11 23:51:52,057 | INFO |    ↳ Status 200
2026-08-11 23:51:52,057 | INFO |    ✓ Found 8 movies
2026-08-11 23:51:52,057 | INFO | [1634/1901] Fetching Shoranur (SHNR)
2026-08-11 23:51:52,160 | INFO |    ↳ Status 403
2026-08-11 23:51:52,160 | WARNING |    ⚠ Blocked (403) retry 1
2026-08-11 23:51:52,259 | INFO | 🌐 Session warmed
2026-08-11 23:51:53,200 | INFO |    ↳ Status 200
2026-08-11 23:51:53,201 | INFO |    ✓ Found 8 movies
2026-08-11 23:51:53,201 | INFO | [1635/1901] Fetching Shrigonda (SHRI)
2026-08-11 23:51:53,641 | INFO |    ↳ Status 403
2026-08-11 23:51:53,641 | WARNING |    ⚠ Blocked (403) retry 2
2026-08-11 23:51:53,736 | INFO | 🌐 Session warmed
2026-08-11 23:51:53,961 | INFO |    ↳ Status 403
2026-08-11 23:51:53,961 | WARNING |    ⚠ Blocked (403) retry 2
2026-08-11 23:51:54,043 | INFO | 🌐 Session warmed
2026-08-11 23:51:54,512 | INFO |    ↳ Status 200
2026-08-11 23:51:54,512 | INFO |    ✓ Found 8 movies
2026-08-11 23:51:54,512 | INFO | [1636/1901] Fetching Shrirampur (SHUR)
2026-08-11 23:51:54,607 | INFO |    ↳ Status 403
2026-08-11 23:51:54,607 | WARNING |    ⚠ Blocked (403) retry 3
2026-08-11 23:51:54,685 | INFO | 🌐 Session warmed
2026-08-11 23:51:55,785 | INFO |    ↳ Status 200
2026-08-11 23:51:55,785 | INFO |    ✓ Found 8 movies
2026-08-11 23:51:55,785 | INFO | [1637/1901] Fetching Shujalpur (SHLP)
2026-08-11 23:51:56,502 | INFO |    ↳ Status 403
2026-08-11 23:51:56,502 | WARNING |    ⚠ Blocked (403) retry 3
2026-08-11 23:51:56,588 | INFO | 🌐 Session warmed
2026-08-11 23:51:56,700 | INFO |    ↳ Status 403
2026-08-11 23:51:56,700 | WARNING |    ⚠ Blocked (403) retry 3
2026-08-11 23:51:56,763 | INFO | 🌐 Session warmed
2026-08-11 23:51:57,426 | INFO |    ↳ Status 200
2026-08-11 23:51:57,426 | INFO |    ✓ Found 8 movies
2026-08-11 23:51:57,426 | INFO | [1638/1901] Fetching Shuklaganj (SKLG)
2026-08-11 23:51:58,559 | INFO |    ↳ Status 200
2026-08-11 23:51:58,560 | INFO |    ✓ Found 8 movies
2026-08-11 23:51:58,560 | INFO | [1639/1901] Fetching Siddharthnagar (SIDZ)
2026-08-11 23:51:58,686 | INFO | [1640/1901] Fetching Siddhpur (SIDD)
2026-08-11 23:51:59,452 | INFO |    ↳ Status 403
2026-08-11 23:51:59,452 | WARNING |    ⚠ Blocked (403) retry 1
2026-08-11 23:51:59,522 | INFO | 🌐 Session warmed
2026-08-11 23:51:59,774 | INFO |    ↳ Status 200
2026-08-11 23:51:59,774 | INFO |    ✓ Found 8 movies
2026-08-11 23:51:59,774 | INFO | [1641/1901] Fetching Siddipet (SDDP)
2026-08-11 23:52:00,588 | INFO | [1642/1901] Fetching Sidlaghatta (SIDL)
2026-08-11 23:52:00,763 | INFO | [1643/1901] Fetching Sihora (SIHO)
2026-08-11 23:52:01,283 | INFO |    ↳ Status 403
2026-08-11 23:52:01,283 | WARNING |    ⚠ Blocked (403) retry 1
2026-08-11 23:52:01,364 | INFO | 🌐 Session warmed
2026-08-11 23:52:01,903 | INFO |    ↳ Status 403
2026-08-11 23:52:01,903 | WARNING |    ⚠ Blocked (403) retry 2
2026-08-11 23:52:01,978 | INFO | 🌐 Session warmed
2026-08-11 23:52:02,073 | INFO |    ↳ Status 403
2026-08-11 23:52:02,073 | WARNING |    ⚠ Blocked (403) retry 1
2026-08-11 23:52:02,116 | INFO |    ↳ Status 200
2026-08-11 23:52:02,117 | INFO |    ✓ Found 8 movies
2026-08-11 23:52:02,117 | INFO | [1644/1901] Fetching Sikar (SIKR)
2026-08-11 23:52:02,153 | INFO | 🌐 Session warmed
2026-08-11 23:52:03,249 | INFO |    ↳ Status 200
2026-08-11 23:52:03,249 | INFO |    ✓ Found 8 movies
2026-08-11 23:52:03,249 | INFO | [1645/1901] Fetching Silchar (SIL)
2026-08-11 23:52:03,537 | INFO |    ↳ Status 403
2026-08-11 23:52:03,537 | WARNING |    ⚠ Blocked (403) retry 2
2026-08-11 23:52:03,632 | INFO | 🌐 Session warmed
2026-08-11 23:52:04,302 | INFO |    ↳ Status 403
2026-08-11 23:52:04,302 | WARNING |    ⚠ Blocked (403) retry 2
2026-08-11 23:52:04,385 | INFO | 🌐 Session warmed
2026-08-11 23:52:04,417 | INFO |    ↳ Status 200
2026-08-11 23:52:04,417 | INFO |    ✓ Found 8 movies
2026-08-11 23:52:04,417 | INFO | [1646/1901] Fetching Siliguri (SILI)
2026-08-11 23:52:04,757 | INFO |    ↳ Status 403
2026-08-11 23:52:04,757 | WARNING |    ⚠ Blocked (403) retry 3
2026-08-11 23:52:04,833 | INFO | 🌐 Session warmed
2026-08-11 23:52:06,586 | INFO |    ↳ Status 403
2026-08-11 23:52:06,586 | WARNING |    ⚠ Blocked (403) retry 3
2026-08-11 23:52:06,664 | INFO |    ↳ Status 200
2026-08-11 23:52:06,664 | INFO |    ✓ Found 7 movies
2026-08-11 23:52:06,664 | INFO | [1647/1901] Fetching Silvassa (SILV)
2026-08-11 23:52:06,671 | INFO | 🌐 Session warmed
2026-08-11 23:52:07,387 | INFO |    ↳ Status 403
2026-08-11 23:52:07,388 | WARNING |    ⚠ Blocked (403) retry 3
2026-08-11 23:52:07,460 | INFO | 🌐 Session warmed
2026-08-11 23:52:08,164 | INFO |    ↳ Status 200
2026-08-11 23:52:08,164 | INFO |    ✓ Found 8 movies
2026-08-11 23:52:08,165 | INFO | [1648/1901] Fetching Sindhanur (SIND)
2026-08-11 23:52:08,833 | INFO | [1649/1901] Fetching Sindhudurg (SNDH)
2026-08-11 23:52:09,590 | INFO |    ↳ Status 403
2026-08-11 23:52:09,590 | WARNING |    ⚠ Blocked (403) retry 1
2026-08-11 23:52:09,611 | INFO |    ↳ Status 200
2026-08-11 23:52:09,612 | INFO |    ✓ Found 8 movies
2026-08-11 23:52:09,612 | INFO | [1650/1901] Fetching Singapore (SING)
2026-08-11 23:52:09,663 | INFO | 🌐 Session warmed
2026-08-11 23:52:10,671 | INFO | [1651/1901] Fetching Singarayakonda (SIGN)
2026-08-11 23:52:11,021 | INFO |    ↳ Status 200
2026-08-11 23:52:11,021 | INFO |    ✓ Found 3 movies
2026-08-11 23:52:11,021 | INFO | [1652/1901] Fetching Singrauli (SNGR)
2026-08-11 23:52:11,460 | INFO | [1653/1901] Fetching Sinnar (SINA)
2026-08-11 23:52:11,907 | INFO |    ↳ Status 403
2026-08-11 23:52:11,907 | WARNING |    ⚠ Blocked (403) retry 1
2026-08-11 23:52:11,961 | INFO |    ↳ Status 403
2026-08-11 23:52:11,961 | WARNING |    ⚠ Blocked (403) retry 2
2026-08-11 23:52:11,993 | INFO | 🌐 Session warmed
2026-08-11 23:52:12,028 | INFO | 🌐 Session warmed
2026-08-11 23:52:12,531 | INFO |    ↳ Status 403
2026-08-11 23:52:12,531 | WARNING |    ⚠ Blocked (403) retry 1
2026-08-11 23:52:12,597 | INFO | 🌐 Session warmed
2026-08-11 23:52:12,715 | INFO |    ↳ Status 200
2026-08-11 23:52:12,715 | INFO |    ✓ Found 8 movies
2026-08-11 23:52:12,715 | INFO | [1654/1901] Fetching Sira (SIRA)
2026-08-11 23:52:14,095 | INFO |    ↳ Status 200
2026-08-11 23:52:14,096 | INFO |    ✓ Found 8 movies
2026-08-11 23:52:14,096 | INFO | [1655/1901] Fetching Sircilla (SIRC)
2026-08-11 23:52:14,347 | INFO |    ↳ Status 403
2026-08-11 23:52:14,348 | WARNING |    ⚠ Blocked (403) retry 2
2026-08-11 23:52:14,440 | INFO | 🌐 Session warmed
2026-08-11 23:52:14,904 | INFO |    ↳ Status 403
2026-08-11 23:52:14,904 | WARNING |    ⚠ Blocked (403) retry 2
2026-08-11 23:52:14,950 | INFO |    ↳ Status 403
2026-08-11 23:52:14,950 | WARNING |    ⚠ Blocked (403) retry 3
2026-08-11 23:52:14,977 | INFO | 🌐 Session warmed
2026-08-11 23:52:15,022 | INFO | 🌐 Session warmed
2026-08-11 23:52:15,350 | INFO |    ↳ Status 200
2026-08-11 23:52:15,350 | INFO |    ✓ Found 8 movies
2026-08-11 23:52:15,350 | INFO | [1656/1901] Fetching Sirmaur (SIRM)
2026-08-11 23:52:16,359 | INFO |    ↳ Status 200
2026-08-11 23:52:16,359 | INFO |    ✓ Found 8 movies
2026-08-11 23:52:16,359 | INFO | [1657/1901] Fetching Sirohi (SIRO)
2026-08-11 23:52:17,751 | INFO |    ↳ Status 403
2026-08-11 23:52:17,752 | WARNING |    ⚠ Blocked (403) retry 3
2026-08-11 23:52:17,754 | INFO |    ↳ Status 403
2026-08-11 23:52:17,754 | WARNING |    ⚠ Blocked (403) retry 3
2026-08-11 23:52:17,852 | INFO | 🌐 Session warmed
2026-08-11 23:52:17,854 | INFO | 🌐 Session warmed
2026-08-11 23:52:18,543 | INFO |    ↳ Status 200
2026-08-11 23:52:18,543 | INFO |    ✓ Found 8 movies
2026-08-11 23:52:18,543 | INFO | [1658/1901] Fetching Sirsa (SISA)
2026-08-11 23:52:19,022 | INFO | [1659/1901] Fetching Sirsi (SRSI)
2026-08-11 23:52:19,501 | INFO |    ↳ Status 200
2026-08-11 23:52:19,501 | INFO |    ✓ Found 7 movies
2026-08-11 23:52:19,502 | INFO | [1660/1901] Fetching Siruguppa (SPPA)
2026-08-11 23:52:20,146 | INFO |    ↳ Status 403
2026-08-11 23:52:20,147 | WARNING |    ⚠ Blocked (403) retry 1
2026-08-11 23:52:20,216 | INFO | 🌐 Session warmed
2026-08-11 23:52:20,517 | INFO |    ↳ Status 200
2026-08-11 23:52:20,517 | INFO |    ✓ Found 8 movies
2026-08-11 23:52:20,517 | INFO | [1661/1901] Fetching Sitamarhi (SIMA)
2026-08-11 23:52:21,481 | INFO |    ↳ Status 200
2026-08-11 23:52:21,481 | INFO |    ✓ Found 8 movies
2026-08-11 23:52:21,481 | INFO | [1662/1901] Fetching Sitapur (SITA)
2026-08-11 23:52:21,852 | INFO | [1663/1901] Fetching Sivaganga (SHVG)
2026-08-11 23:52:21,854 | INFO | [1664/1901] Fetching Sivakasi (SIV)
2026-08-11 23:52:22,491 | INFO |    ↳ Status 403
2026-08-11 23:52:22,491 | WARNING |    ⚠ Blocked (403) retry 2
2026-08-11 23:52:22,573 | INFO | 🌐 Session warmed
2026-08-11 23:52:22,877 | INFO |    ↳ Status 403
2026-08-11 23:52:22,877 | WARNING |    ⚠ Blocked (403) retry 1
2026-08-11 23:52:22,967 | INFO | 🌐 Session warmed
2026-08-11 23:52:23,064 | INFO |    ↳ Status 200
2026-08-11 23:52:23,064 | INFO |    ✓ Found 8 movies
2026-08-11 23:52:23,064 | INFO | [1665/1901] Fetching Sivasagar (SVSG)
2026-08-11 23:52:23,156 | INFO |    ↳ Status 403
2026-08-11 23:52:23,156 | WARNING |    ⚠ Blocked (403) retry 1
2026-08-11 23:52:23,248 | INFO | 🌐 Session warmed
2026-08-11 23:52:24,589 | INFO |    ↳ Status 200
2026-08-11 23:52:24,590 | INFO |    ✓ Found 8 movies
2026-08-11 23:52:24,590 | INFO | [1666/1901] Fetching Siwan (SWNB)
2026-08-11 23:52:24,973 | INFO |    ↳ Status 403
2026-08-11 23:52:24,973 | WARNING |    ⚠ Blocked (403) retry 2
2026-08-11 23:52:25,070 | INFO | 🌐 Session warmed
2026-08-11 23:52:25,444 | INFO |    ↳ Status 403
2026-08-11 23:52:25,444 | WARNING |    ⚠ Blocked (403) retry 2
2026-08-11 23:52:25,516 | INFO | 🌐 Session warmed
2026-08-11 23:52:25,596 | INFO |    ↳ Status 403
2026-08-11 23:52:25,596 | WARNING |    ⚠ Blocked (403) retry 3
2026-08-11 23:52:25,687 | INFO | 🌐 Session warmed
2026-08-11 23:52:26,128 | INFO |    ↳ Status 200
2026-08-11 23:52:26,128 | INFO |    ✓ Found 8 movies
2026-08-11 23:52:26,129 | INFO | [1667/1901] Fetching Solan (SCO)
2026-08-11 23:52:27,601 | INFO |    ↳ Status 200
2026-08-11 23:52:27,601 | INFO |    ✓ Found 8 movies
2026-08-11 23:52:27,601 | INFO | [1668/1901] Fetching Solapur (SOLA)
2026-08-11 23:52:28,074 | INFO |    ↳ Status 403
2026-08-11 23:52:28,074 | WARNING |    ⚠ Blocked (403) retry 3
2026-08-11 23:52:28,166 | INFO | 🌐 Session warmed
2026-08-11 23:52:28,247 | INFO |    ↳ Status 403
2026-08-11 23:52:28,248 | WARNING |    ⚠ Blocked (403) retry 3
2026-08-11 23:52:28,342 | INFO | 🌐 Session warmed
2026-08-11 23:52:28,545 | INFO |    ↳ Status 200
2026-08-11 23:52:28,545 | INFO |    ✓ Found 8 movies
2026-08-11 23:52:28,545 | INFO | [1669/1901] Fetching Solukhumbu (SOLU)
2026-08-11 23:52:29,688 | INFO | [1670/1901] Fetching Sompeta (SOMA)
2026-08-11 23:52:30,051 | INFO |    ↳ Status 200
2026-08-11 23:52:30,051 | INFO |    ✓ Found 3 movies
2026-08-11 23:52:30,051 | INFO | [1671/1901] Fetching Sonari (SOYW)
2026-08-11 23:52:30,780 | INFO |    ↳ Status 403
2026-08-11 23:52:30,780 | WARNING |    ⚠ Blocked (403) retry 1
2026-08-11 23:52:30,854 | INFO | 🌐 Session warmed
2026-08-11 23:52:31,256 | INFO |    ↳ Status 200
2026-08-11 23:52:31,256 | INFO |    ✓ Found 8 movies
2026-08-11 23:52:31,256 | INFO | [1672/1901] Fetching Songadh (SONG)
2026-08-11 23:52:32,167 | INFO | [1673/1901] Fetching Sonipat (RAIH)
2026-08-11 23:52:32,342 | INFO | [1674/1901] Fetching Sonkatch (SONH)
2026-08-11 23:52:32,482 | INFO |    ↳ Status 200
2026-08-11 23:52:32,483 | INFO |    ✓ Found 8 movies
2026-08-11 23:52:32,483 | INFO | [1675/1901] Fetching Soron (SORO)
2026-08-11 23:52:32,755 | INFO |    ↳ Status 403
2026-08-11 23:52:32,755 | WARNING |    ⚠ Blocked (403) retry 2
2026-08-11 23:52:32,848 | INFO | 🌐 Session warmed
2026-08-11 23:52:33,313 | INFO |    ↳ Status 403
2026-08-11 23:52:33,313 | WARNING |    ⚠ Blocked (403) retry 1
2026-08-11 23:52:33,398 | INFO |    ↳ Status 403
2026-08-11 23:52:33,398 | WARNING |    ⚠ Blocked (403) retry 1
2026-08-11 23:52:33,409 | INFO | 🌐 Session warmed
2026-08-11 23:52:33,494 | INFO | 🌐 Session warmed
2026-08-11 23:52:34,227 | INFO |    ↳ Status 200
2026-08-11 23:52:34,227 | INFO |    ✓ Found 8 movies
2026-08-11 23:52:34,227 | INFO | [1676/1901] Fetching South 24 Parganas (SPAR)
2026-08-11 23:52:35,570 | INFO |    ↳ Status 403
2026-08-11 23:52:35,570 | WARNING |    ⚠ Blocked (403) retry 2
2026-08-11 23:52:35,654 | INFO |    ↳ Status 403
2026-08-11 23:52:35,654 | WARNING |    ⚠ Blocked (403) retry 2
2026-08-11 23:52:35,659 | INFO | 🌐 Session warmed
2026-08-11 23:52:35,727 | INFO | 🌐 Session warmed
2026-08-11 23:52:35,843 | INFO |    ↳ Status 200
2026-08-11 23:52:35,843 | INFO |    ✓ Found 7 movies
2026-08-11 23:52:35,843 | INFO | [1677/1901] Fetching Sri Ganganagar (SRIG)
2026-08-11 23:52:36,150 | INFO |    ↳ Status 403
2026-08-11 23:52:36,150 | WARNING |    ⚠ Blocked (403) retry 3
2026-08-11 23:52:36,240 | INFO | 🌐 Session warmed
2026-08-11 23:52:37,734 | INFO |    ↳ Status 200
2026-08-11 23:52:37,734 | INFO |    ✓ Found 8 movies
2026-08-11 23:52:37,734 | INFO | [1678/1901] Fetching Sri Sathya Sai (SRRS)
2026-08-11 23:52:38,825 | INFO |    ↳ Status 403
2026-08-11 23:52:38,825 | WARNING |    ⚠ Blocked (403) retry 3
2026-08-11 23:52:38,861 | INFO |    ↳ Status 403
2026-08-11 23:52:38,861 | WARNING |    ⚠ Blocked (403) retry 3
2026-08-11 23:52:38,920 | INFO | 🌐 Session warmed
2026-08-11 23:52:38,951 | INFO | 🌐 Session warmed
2026-08-11 23:52:39,292 | INFO |    ↳ Status 200
2026-08-11 23:52:39,292 | INFO |    ✓ Found 8 movies
2026-08-11 23:52:39,292 | INFO | [1679/1901] Fetching Srikakulam (SRKL)
2026-08-11 23:52:40,240 | INFO | [1680/1901] Fetching Srinagar (SRNG)
2026-08-11 23:52:40,834 | INFO |    ↳ Status 200
2026-08-11 23:52:40,834 | INFO |    ✓ Found 8 movies
2026-08-11 23:52:40,834 | INFO | [1681/1901] Fetching Srirangapatna (SRIR)
2026-08-11 23:52:41,113 | INFO |    ↳ Status 403
2026-08-11 23:52:41,113 | WARNING |    ⚠ Blocked (403) retry 1
2026-08-11 23:52:41,196 | INFO | 🌐 Session warmed
2026-08-11 23:52:41,846 | INFO |    ↳ Status 200
2026-08-11 23:52:41,847 | INFO |    ✓ Found 8 movies
2026-08-11 23:52:41,847 | INFO | [1682/1901] Fetching Srivaikuntam (SRTA)
2026-08-11 23:52:42,920 | INFO | [1683/1901] Fetching Srivilliputhur (SRIV)
2026-08-11 23:52:42,951 | INFO | [1684/1901] Fetching Station Ghanpur (STGH)
2026-08-11 23:52:43,395 | INFO |    ↳ Status 200
2026-08-11 23:52:43,395 | INFO |    ✓ Found 8 movies
2026-08-11 23:52:43,395 | INFO | [1685/1901] Fetching Sugauli (SSBI)
2026-08-11 23:52:43,549 | INFO |    ↳ Status 403
2026-08-11 23:52:43,549 | WARNING |    ⚠ Blocked (403) retry 2
2026-08-11 23:52:43,645 | INFO | 🌐 Session warmed
2026-08-11 23:52:43,743 | INFO |    ↳ Status 403
2026-08-11 23:52:43,743 | WARNING |    ⚠ Blocked (403) retry 1
2026-08-11 23:52:43,813 | INFO | 🌐 Session warmed
2026-08-11 23:52:44,031 | INFO |    ↳ Status 403
2026-08-11 23:52:44,031 | WARNING |    ⚠ Blocked (403) retry 1
2026-08-11 23:52:44,109 | INFO | 🌐 Session warmed
2026-08-11 23:52:44,596 | INFO |    ↳ Status 200
2026-08-11 23:52:44,596 | INFO |    ✓ Found 8 movies
2026-08-11 23:52:44,597 | INFO | [1686/1901] Fetching Sujangarh (SJNG)
2026-08-11 23:52:45,507 | INFO |    ↳ Status 403
2026-08-11 23:52:45,508 | WARNING |    ⚠ Blocked (403) retry 2
2026-08-11 23:52:45,515 | INFO |    ↳ Status 200
2026-08-11 23:52:45,515 | INFO |    ✓ Found 8 movies
2026-08-11 23:52:45,516 | INFO | [1687/1901] Fetching Sukma (SUKU)
2026-08-11 23:52:45,597 | INFO | 🌐 Session warmed
2026-08-11 23:52:46,431 | INFO |    ↳ Status 403
2026-08-11 23:52:46,432 | WARNING |    ⚠ Blocked (403) retry 3
2026-08-11 23:52:46,492 | INFO |    ↳ Status 403
2026-08-11 23:52:46,492 | WARNING |    ⚠ Blocked (403) retry 2
2026-08-11 23:52:46,496 | INFO | 🌐 Session warmed
2026-08-11 23:52:46,563 | INFO | 🌐 Session warmed
2026-08-11 23:52:47,191 | INFO |    ↳ Status 200
2026-08-11 23:52:47,191 | INFO |    ✓ Found 8 movies
2026-08-11 23:52:47,191 | INFO | [1688/1901] Fetching Sultanabad (SULX)
2026-08-11 23:52:48,399 | INFO |    ↳ Status 403
2026-08-11 23:52:48,399 | WARNING |    ⚠ Blocked (403) retry 3
2026-08-11 23:52:48,476 | INFO | 🌐 Session warmed
2026-08-11 23:52:49,249 | INFO |    ↳ Status 403
2026-08-11 23:52:49,249 | WARNING |    ⚠ Blocked (403) retry 3
2026-08-11 23:52:49,332 | INFO | 🌐 Session warmed
2026-08-11 23:52:49,500 | INFO |    ↳ Status 200
2026-08-11 23:52:49,500 | INFO |    ✓ Found 8 movies
2026-08-11 23:52:49,500 | INFO | [1689/1901] Fetching Sultanpur (SLUT)
2026-08-11 23:52:50,496 | INFO | [1690/1901] Fetching Sulthan Bathery (SULY)
2026-08-11 23:52:50,876 | INFO |    ↳ Status 200
2026-08-11 23:52:50,876 | INFO |    ✓ Found 8 movies
2026-08-11 23:52:50,876 | INFO | [1691/1901] Fetching Sumerpur (SURJ)
2026-08-11 23:52:51,561 | INFO |    ↳ Status 403
2026-08-11 23:52:51,561 | WARNING |    ⚠ Blocked (403) retry 1
2026-08-11 23:52:51,630 | INFO | 🌐 Session warmed
2026-08-11 23:52:52,476 | INFO | [1692/1901] Fetching Sundar Nagar (SUNR)
2026-08-11 23:52:52,491 | INFO |    ↳ Status 200
2026-08-11 23:52:52,491 | INFO |    ✓ Found 8 movies
2026-08-11 23:52:52,491 | INFO | [1693/1901] Fetching Sundargarh (SUND)
2026-08-11 23:52:53,332 | INFO | [1694/1901] Fetching Supaul (SPUL)
2026-08-11 23:52:53,564 | INFO |    ↳ Status 200
2026-08-11 23:52:53,564 | INFO |    ✓ Found 8 movies
2026-08-11 23:52:53,565 | INFO | [1695/1901] Fetching Surajpur (SURA)
2026-08-11 23:52:53,569 | INFO |    ↳ Status 403
2026-08-11 23:52:53,569 | WARNING |    ⚠ Blocked (403) retry 1
2026-08-11 23:52:53,637 | INFO | 🌐 Session warmed
2026-08-11 23:52:53,831 | INFO |    ↳ Status 403
2026-08-11 23:52:53,831 | WARNING |    ⚠ Blocked (403) retry 2
2026-08-11 23:52:53,900 | INFO | 🌐 Session warmed
2026-08-11 23:52:54,162 | INFO |    ↳ Status 403
2026-08-11 23:52:54,162 | WARNING |    ⚠ Blocked (403) retry 1
2026-08-11 23:52:54,247 | INFO | 🌐 Session warmed
2026-08-11 23:52:54,481 | INFO |    ↳ Status 200
2026-08-11 23:52:54,482 | INFO |    ✓ Found 7 movies
2026-08-11 23:52:54,482 | INFO | [1696/1901] Fetching Surat (SURT)
2026-08-11 23:52:55,753 | INFO |    ↳ Status 403
2026-08-11 23:52:55,753 | WARNING |    ⚠ Blocked (403) retry 2
2026-08-11 23:52:55,835 | INFO | 🌐 Session warmed
2026-08-11 23:52:55,955 | INFO |    ↳ Status 200
2026-08-11 23:52:55,955 | INFO |    ✓ Found 8 movies
2026-08-11 23:52:55,955 | INFO | [1697/1901] Fetching Surathkal (SRTK)
2026-08-11 23:52:56,014 | INFO |    ↳ Status 403
2026-08-11 23:52:56,014 | WARNING |    ⚠ Blocked (403) retry 2
2026-08-11 23:52:56,100 | INFO | 🌐 Session warmed
2026-08-11 23:52:57,087 | INFO |    ↳ Status 403
2026-08-11 23:52:57,087 | WARNING |    ⚠ Blocked (403) retry 3
2026-08-11 23:52:57,161 | INFO | 🌐 Session warmed
2026-08-11 23:52:58,076 | INFO |    ↳ Status 200
2026-08-11 23:52:58,076 | INFO |    ✓ Found 8 movies
2026-08-11 23:52:58,076 | INFO | [1698/1901] Fetching Surendranagar (SRDN)
2026-08-11 23:52:58,817 | INFO |    ↳ Status 403
2026-08-11 23:52:58,817 | WARNING |    ⚠ Blocked (403) retry 3
2026-08-11 23:52:58,911 | INFO | 🌐 Session warmed
2026-08-11 23:52:59,367 | INFO |    ↳ Status 200
2026-08-11 23:52:59,368 | INFO |    ✓ Found 8 movies
2026-08-11 23:52:59,368 | INFO | [1699/1901] Fetching Suri (BSRI)
2026-08-11 23:52:59,464 | INFO |    ↳ Status 403
2026-08-11 23:52:59,464 | WARNING |    ⚠ Blocked (403) retry 3
2026-08-11 23:52:59,535 | INFO | 🌐 Session warmed
2026-08-11 23:53:00,859 | INFO |    ↳ Status 200
2026-08-11 23:53:00,859 | INFO |    ✓ Found 7 movies
2026-08-11 23:53:00,859 | INFO | [1700/1901] Fetching Suryapet (SURY)
2026-08-11 23:53:01,161 | INFO | [1701/1901] Fetching T.Narasapuram (TNRP)
2026-08-11 23:53:02,344 | INFO |    ↳ Status 200
2026-08-11 23:53:02,344 | INFO |    ✓ Found 8 movies
2026-08-11 23:53:02,344 | INFO | [1702/1901] Fetching Tadepalligudem (TADP)
2026-08-11 23:53:02,563 | INFO |    ↳ Status 403
2026-08-11 23:53:02,563 | WARNING |    ⚠ Blocked (403) retry 1
2026-08-11 23:53:02,655 | INFO | 🌐 Session warmed
2026-08-11 23:53:02,911 | INFO | [1703/1901] Fetching Tadikalapudi (TADK)
2026-08-11 23:53:03,392 | INFO |    ↳ Status 200
2026-08-11 23:53:03,392 | INFO |    ✓ Found 8 movies
2026-08-11 23:53:03,392 | INFO | [1704/1901] Fetching Tadipatri (TDPT)
2026-08-11 23:53:03,536 | INFO | [1705/1901] Fetching Talcher (TALC)
2026-08-11 23:53:03,548 | INFO |    ↳ Status 403
2026-08-11 23:53:03,549 | WARNING |    ⚠ Blocked (403) retry 1
2026-08-11 23:53:03,648 | INFO | 🌐 Session warmed
2026-08-11 23:53:04,747 | INFO |    ↳ Status 403
2026-08-11 23:53:04,747 | WARNING |    ⚠ Blocked (403) retry 1
2026-08-11 23:53:04,834 | INFO | 🌐 Session warmed
2026-08-11 23:53:05,038 | INFO |    ↳ Status 200
2026-08-11 23:53:05,039 | INFO |    ✓ Found 8 movies
2026-08-11 23:53:05,039 | INFO | [1706/1901] Fetching Taliparamba (TALI)
2026-08-11 23:53:05,039 | INFO |    ↳ Status 403
2026-08-11 23:53:05,039 | WARNING |    ⚠ Blocked (403) retry 2
2026-08-11 23:53:05,134 | INFO | 🌐 Session warmed
2026-08-11 23:53:05,629 | INFO |    ↳ Status 403
2026-08-11 23:53:05,629 | WARNING |    ⚠ Blocked (403) retry 2
2026-08-11 23:53:05,703 | INFO | 🌐 Session warmed
2026-08-11 23:53:06,148 | INFO |    ↳ Status 200
2026-08-11 23:53:06,148 | INFO |    ✓ Found 8 movies
2026-08-11 23:53:06,149 | INFO | [1707/1901] Fetching Tallapudi (TTPP)
2026-08-11 23:53:06,912 | INFO |    ↳ Status 403
2026-08-11 23:53:06,912 | WARNING |    ⚠ Blocked (403) retry 2
2026-08-11 23:53:06,984 | INFO | 🌐 Session warmed
2026-08-11 23:53:07,242 | INFO |    ↳ Status 200
2026-08-11 23:53:07,242 | INFO |    ✓ Found 8 movies
2026-08-11 23:53:07,242 | INFO | [1708/1901] Fetching Tallarevu (TALL)
2026-08-11 23:53:08,097 | INFO |    ↳ Status 403
2026-08-11 23:53:08,097 | WARNING |    ⚠ Blocked (403) retry 3
2026-08-11 23:53:08,164 | INFO | 🌐 Session warmed
2026-08-11 23:53:08,205 | INFO |    ↳ Status 200
2026-08-11 23:53:08,205 | INFO |    ✓ Found 8 movies
2026-08-11 23:53:08,205 | INFO | [1709/1901] Fetching Talwandi Bhai (TALW)
2026-08-11 23:53:09,002 | INFO |    ↳ Status 403
2026-08-11 23:53:09,002 | WARNING |    ⚠ Blocked (403) retry 3
2026-08-11 23:53:09,090 | INFO | 🌐 Session warmed
2026-08-11 23:53:09,560 | INFO |    ↳ Status 200
2026-08-11 23:53:09,561 | INFO |    ✓ Found 7 movies
2026-08-11 23:53:09,561 | INFO | [1710/1901] Fetching Tamluk (TMLU)
2026-08-11 23:53:09,823 | INFO |    ↳ Status 403
2026-08-11 23:53:09,823 | WARNING |    ⚠ Blocked (403) retry 3
2026-08-11 23:53:09,891 | INFO | 🌐 Session warmed
2026-08-11 23:53:10,660 | INFO |    ↳ Status 200
2026-08-11 23:53:10,661 | INFO |    ✓ Found 7 movies
2026-08-11 23:53:10,661 | INFO | [1711/1901] Fetching Tanda (TNDA)
2026-08-11 23:53:12,165 | INFO | [1712/1901] Fetching Tandur (TAND)
2026-08-11 23:53:12,214 | INFO |    ↳ Status 200
2026-08-11 23:53:12,215 | INFO |    ✓ Found 7 movies
2026-08-11 23:53:12,215 | INFO | [1713/1901] Fetching Tangla (TAAA)
2026-08-11 23:53:13,090 | INFO | [1714/1901] Fetching Tangutur (TANG)
2026-08-11 23:53:13,578 | INFO |    ↳ Status 403
2026-08-11 23:53:13,578 | WARNING |    ⚠ Blocked (403) retry 1
2026-08-11 23:53:13,681 | INFO | 🌐 Session warmed
2026-08-11 23:53:13,748 | INFO |    ↳ Status 403
2026-08-11 23:53:13,749 | WARNING |    ⚠ Blocked (403) retry 1
2026-08-11 23:53:13,817 | INFO | 🌐 Session warmed
2026-08-11 23:53:13,851 | INFO |    ↳ Status 200
2026-08-11 23:53:13,851 | INFO |    ✓ Found 8 movies
2026-08-11 23:53:13,852 | INFO | [1715/1901] Fetching Tanuku (TANK)
2026-08-11 23:53:13,891 | INFO | [1716/1901] Fetching Tarapur (TRPM)
2026-08-11 23:53:14,698 | INFO |    ↳ Status 403
2026-08-11 23:53:14,699 | WARNING |    ⚠ Blocked (403) retry 1
2026-08-11 23:53:14,771 | INFO | 🌐 Session warmed
2026-08-11 23:53:15,226 | INFO |    ↳ Status 200
2026-08-11 23:53:15,226 | INFO |    ✓ Found 8 movies
2026-08-11 23:53:15,226 | INFO | [1717/1901] Fetching Tarikere (TERE)
2026-08-11 23:53:16,102 | INFO |    ↳ Status 403
2026-08-11 23:53:16,102 | WARNING |    ⚠ Blocked (403) retry 2
2026-08-11 23:53:16,169 | INFO |    ↳ Status 403
2026-08-11 23:53:16,169 | WARNING |    ⚠ Blocked (403) retry 2
2026-08-11 23:53:16,173 | INFO | 🌐 Session warmed
2026-08-11 23:53:16,251 | INFO | 🌐 Session warmed
2026-08-11 23:53:16,341 | INFO |    ↳ Status 200
2026-08-11 23:53:16,342 | INFO |    ✓ Found 8 movies
2026-08-11 23:53:16,342 | INFO | [1718/1901] Fetching Tasgaon (TASG)
2026-08-11 23:53:16,531 | INFO |    ↳ Status 403
2026-08-11 23:53:16,531 | WARNING |    ⚠ Blocked (403) retry 2
2026-08-11 23:53:16,604 | INFO | 🌐 Session warmed
2026-08-11 23:53:17,925 | INFO |    ↳ Status 200
2026-08-11 23:53:17,925 | INFO |    ✓ Found 8 movies
2026-08-11 23:53:17,925 | INFO | [1719/1901] Fetching Tatipaka (TATI)
2026-08-11 23:53:19,169 | INFO |    ↳ Status 403
2026-08-11 23:53:19,169 | WARNING |    ⚠ Blocked (403) retry 3
2026-08-11 23:53:19,259 | INFO | 🌐 Session warmed
2026-08-11 23:53:19,436 | INFO |    ↳ Status 403
2026-08-11 23:53:19,436 | WARNING |    ⚠ Blocked (403) retry 3
2026-08-11 23:53:19,529 | INFO | 🌐 Session warmed
2026-08-11 23:53:19,553 | INFO |    ↳ Status 200
2026-08-11 23:53:19,553 | INFO |    ✓ Found 8 movies
2026-08-11 23:53:19,553 | INFO | [1720/1901] Fetching Tawang (TAWA)
2026-08-11 23:53:19,854 | INFO |    ↳ Status 403
2026-08-11 23:53:19,854 | WARNING |    ⚠ Blocked (403) retry 3
2026-08-11 23:53:19,930 | INFO | 🌐 Session warmed
2026-08-11 23:53:21,772 | INFO |    ↳ Status 200
2026-08-11 23:53:21,772 | INFO |    ✓ Found 8 movies
2026-08-11 23:53:21,772 | INFO | [1721/1901] Fetching Tekkali (TKLI)
2026-08-11 23:53:23,259 | INFO | [1722/1901] Fetching Tembhurni (TMBH)
2026-08-11 23:53:23,281 | INFO |    ↳ Status 200
2026-08-11 23:53:23,281 | INFO |    ✓ Found 8 movies
2026-08-11 23:53:23,281 | INFO | [1723/1901] Fetching Tenali (TENA)
2026-08-11 23:53:23,529 | INFO | [1724/1901] Fetching Tenkasi (TENK)
2026-08-11 23:53:23,930 | INFO | [1725/1901] Fetching Terdal (TERD)
2026-08-11 23:53:24,183 | INFO |    ↳ Status 403
2026-08-11 23:53:24,184 | WARNING |    ⚠ Blocked (403) retry 1
2026-08-11 23:53:24,402 | INFO | 🌐 Session warmed
2026-08-11 23:53:24,597 | INFO |    ↳ Status 403
2026-08-11 23:53:24,597 | WARNING |    ⚠ Blocked (403) retry 1
2026-08-11 23:53:24,636 | INFO |    ↳ Status 403
2026-08-11 23:53:24,637 | WARNING |    ⚠ Blocked (403) retry 1
2026-08-11 23:53:24,668 | INFO | 🌐 Session warmed
2026-08-11 23:53:24,706 | INFO | 🌐 Session warmed
2026-08-11 23:53:24,948 | INFO |    ↳ Status 200
2026-08-11 23:53:24,949 | INFO |    ✓ Found 8 movies
2026-08-11 23:53:24,949 | INFO | [1726/1901] Fetching Tezpur (TEZP)
2026-08-11 23:53:26,260 | INFO |    ↳ Status 403
2026-08-11 23:53:26,260 | WARNING |    ⚠ Blocked (403) retry 2
2026-08-11 23:53:26,279 | INFO |    ↳ Status 200
2026-08-11 23:53:26,279 | INFO |    ✓ Found 8 movies
2026-08-11 23:53:26,279 | INFO | [1727/1901] Fetching Tezu (TEZU)
2026-08-11 23:53:26,337 | INFO | 🌐 Session warmed
2026-08-11 23:53:26,375 | INFO |    ↳ Status 403
2026-08-11 23:53:26,375 | WARNING |    ⚠ Blocked (403) retry 2
2026-08-11 23:53:26,457 | INFO | 🌐 Session warmed
2026-08-11 23:53:26,935 | INFO |    ↳ Status 403
2026-08-11 23:53:26,935 | WARNING |    ⚠ Blocked (403) retry 2
2026-08-11 23:53:26,997 | INFO | 🌐 Session warmed
2026-08-11 23:53:27,725 | INFO |    ↳ Status 200
2026-08-11 23:53:27,725 | INFO |    ✓ Found 8 movies
2026-08-11 23:53:27,725 | INFO | [1728/1901] Fetching Thalassery (THAY)
2026-08-11 23:53:28,723 | INFO |    ↳ Status 200
2026-08-11 23:53:28,723 | INFO |    ✓ Found 8 movies
2026-08-11 23:53:28,723 | INFO | [1729/1901] Fetching Thalayolaparambu (THAL)
2026-08-11 23:53:29,193 | INFO |    ↳ Status 403
2026-08-11 23:53:29,193 | WARNING |    ⚠ Blocked (403) retry 3
2026-08-11 23:53:29,274 | INFO | 🌐 Session warmed
2026-08-11 23:53:29,279 | INFO |    ↳ Status 403
2026-08-11 23:53:29,279 | WARNING |    ⚠ Blocked (403) retry 3
2026-08-11 23:53:29,364 | INFO | 🌐 Session warmed
2026-08-11 23:53:29,873 | INFO |    ↳ Status 200
2026-08-11 23:53:29,873 | INFO |    ✓ Found 8 movies
2026-08-11 23:53:29,873 | INFO | [1730/1901] Fetching Thalikulam (THAI)
2026-08-11 23:53:30,344 | INFO |    ↳ Status 403
2026-08-11 23:53:30,345 | WARNING |    ⚠ Blocked (403) retry 3
2026-08-11 23:53:30,433 | INFO | 🌐 Session warmed
2026-08-11 23:53:31,334 | INFO |    ↳ Status 200
2026-08-11 23:53:31,334 | INFO |    ✓ Found 8 movies
2026-08-11 23:53:31,334 | INFO | [1731/1901] Fetching Thallada (THDA)
2026-08-11 23:53:32,342 | INFO |    ↳ Status 200
2026-08-11 23:53:32,342 | INFO |    ✓ Found 8 movies
2026-08-11 23:53:32,343 | INFO | [1732/1901] Fetching Thamarassery (TMRY)
2026-08-11 23:53:33,274 | INFO | [1733/1901] Fetching Thanipadi (THPD)
2026-08-11 23:53:33,364 | INFO | [1734/1901] Fetching Thanjavur (TANJ)
2026-08-11 23:53:33,732 | INFO |    ↳ Status 200
2026-08-11 23:53:33,732 | INFO |    ✓ Found 8 movies
2026-08-11 23:53:33,732 | INFO | [1735/1901] Fetching Tharad (THRD)
2026-08-11 23:53:34,251 | INFO |    ↳ Status 403
2026-08-11 23:53:34,251 | WARNING |    ⚠ Blocked (403) retry 1
2026-08-11 23:53:34,349 | INFO | 🌐 Session warmed
2026-08-11 23:53:34,433 | INFO | [1736/1901] Fetching Theni (THEN)
2026-08-11 23:53:34,646 | INFO |    ↳ Status 403
2026-08-11 23:53:34,646 | WARNING |    ⚠ Blocked (403) retry 1
2026-08-11 23:53:34,738 | INFO | 🌐 Session warmed
2026-08-11 23:53:35,137 | INFO |    ↳ Status 403
2026-08-11 23:53:35,137 | WARNING |    ⚠ Blocked (403) retry 1
2026-08-11 23:53:35,227 | INFO | 🌐 Session warmed
2026-08-11 23:53:35,355 | INFO |    ↳ Status 200
2026-08-11 23:53:35,355 | INFO |    ✓ Found 8 movies
2026-08-11 23:53:35,355 | INFO | [1737/1901] Fetching Thimmapuram (Addu Road) (TMPR)
2026-08-11 23:53:36,657 | INFO |    ↳ Status 403
2026-08-11 23:53:36,657 | WARNING |    ⚠ Blocked (403) retry 2
2026-08-11 23:53:36,741 | INFO |    ↳ Status 403
2026-08-11 23:53:36,741 | WARNING |    ⚠ Blocked (403) retry 2
2026-08-11 23:53:36,747 | INFO | 🌐 Session warmed
2026-08-11 23:53:36,803 | INFO | 🌐 Session warmed
2026-08-11 23:53:37,008 | INFO |    ↳ Status 403
2026-08-11 23:53:37,008 | WARNING |    ⚠ Blocked (403) retry 2
2026-08-11 23:53:37,058 | INFO |    ↳ Status 200
2026-08-11 23:53:37,059 | INFO |    ✓ Found 8 movies
2026-08-11 23:53:37,059 | INFO | [1738/1901] Fetching Thirubuvanai (THRU)
2026-08-11 23:53:37,104 | INFO | 🌐 Session warmed
2026-08-11 23:53:38,345 | INFO |    ↳ Status 200
2026-08-11 23:53:38,345 | INFO |    ✓ Found 8 movies
2026-08-11 23:53:38,345 | INFO | [1739/1901] Fetching Thirumalagiri (THRM)
2026-08-11 23:53:39,546 | INFO |    ↳ Status 200
2026-08-11 23:53:39,546 | INFO |    ✓ Found 8 movies
2026-08-11 23:53:39,546 | INFO | [1740/1901] Fetching Thiruthuraipoondi (THND)
2026-08-11 23:53:39,740 | INFO |    ↳ Status 403
2026-08-11 23:53:39,740 | WARNING |    ⚠ Blocked (403) retry 3
2026-08-11 23:53:39,810 | INFO |    ↳ Status 403
2026-08-11 23:53:39,810 | WARNING |    ⚠ Blocked (403) retry 3
2026-08-11 23:53:39,813 | INFO | 🌐 Session warmed
2026-08-11 23:53:39,884 | INFO | 🌐 Session warmed
2026-08-11 23:53:39,898 | INFO |    ↳ Status 403
2026-08-11 23:53:39,898 | WARNING |    ⚠ Blocked (403) retry 3
2026-08-11 23:53:39,975 | INFO | 🌐 Session warmed
2026-08-11 23:53:40,991 | INFO |    ↳ Status 200
2026-08-11 23:53:40,991 | INFO |    ✓ Found 8 movies
2026-08-11 23:53:40,992 | INFO | [1741/1901] Fetching Thiruttani (THTN)
2026-08-11 23:53:42,404 | INFO |    ↳ Status 200
2026-08-11 23:53:42,404 | INFO |    ✓ Found 8 movies
2026-08-11 23:53:42,404 | INFO | [1742/1901] Fetching Thiruvalla (THVL)
2026-08-11 23:53:43,813 | INFO | [1743/1901] Fetching Thiruvarur (THVR)
2026-08-11 23:53:43,884 | INFO | [1744/1901] Fetching Thodupuzha (THOD)
2026-08-11 23:53:43,960 | INFO |    ↳ Status 200
2026-08-11 23:53:43,960 | INFO |    ✓ Found 8 movies
2026-08-11 23:53:43,960 | INFO | [1745/1901] Fetching Thoothukudi (THOO)
2026-08-11 23:53:43,975 | INFO | [1746/1901] Fetching Thorrur (THOR)
2026-08-11 23:53:44,856 | INFO |    ↳ Status 403
2026-08-11 23:53:44,856 | WARNING |    ⚠ Blocked (403) retry 1
2026-08-11 23:53:44,937 | INFO | 🌐 Session warmed
2026-08-11 23:53:45,065 | INFO |    ↳ Status 403
2026-08-11 23:53:45,065 | WARNING |    ⚠ Blocked (403) retry 1
2026-08-11 23:53:45,153 | INFO | 🌐 Session warmed
2026-08-11 23:53:45,307 | INFO |    ↳ Status 403
2026-08-11 23:53:45,307 | WARNING |    ⚠ Blocked (403) retry 1
2026-08-11 23:53:45,383 | INFO | 🌐 Session warmed
2026-08-11 23:53:45,657 | INFO |    ↳ Status 200
2026-08-11 23:53:45,657 | INFO |    ✓ Found 8 movies
2026-08-11 23:53:45,657 | INFO | [1747/1901] Fetching Thottiyam (THYM)
2026-08-11 23:53:46,828 | INFO |    ↳ Status 200
2026-08-11 23:53:46,828 | INFO |    ✓ Found 8 movies
2026-08-11 23:53:46,828 | INFO | [1748/1901] Fetching Thriprayar (THPR)
2026-08-11 23:53:47,242 | INFO |    ↳ Status 403
2026-08-11 23:53:47,242 | WARNING |    ⚠ Blocked (403) retry 2
2026-08-11 23:53:47,309 | INFO | 🌐 Session warmed
2026-08-11 23:53:47,367 | INFO |    ↳ Status 403
2026-08-11 23:53:47,367 | WARNING |    ⚠ Blocked (403) retry 2
2026-08-11 23:53:47,448 | INFO | 🌐 Session warmed
2026-08-11 23:53:47,597 | INFO |    ↳ Status 403
2026-08-11 23:53:47,597 | WARNING |    ⚠ Blocked (403) retry 2
2026-08-11 23:53:47,671 | INFO | 🌐 Session warmed
2026-08-11 23:53:48,227 | INFO |    ↳ Status 200
2026-08-11 23:53:48,227 | INFO |    ✓ Found 8 movies
2026-08-11 23:53:48,228 | INFO | [1749/1901] Fetching Thrissur (THSR)
2026-08-11 23:53:50,327 | INFO |    ↳ Status 403
2026-08-11 23:53:50,327 | WARNING |    ⚠ Blocked (403) retry 3
2026-08-11 23:53:50,358 | INFO |    ↳ Status 200
2026-08-11 23:53:50,358 | INFO |    ✓ Found 8 movies
2026-08-11 23:53:50,358 | INFO | [1750/1901] Fetching Thullur (THUL)
2026-08-11 23:53:50,420 | INFO | 🌐 Session warmed
2026-08-11 23:53:50,478 | INFO |    ↳ Status 403
2026-08-11 23:53:50,478 | WARNING |    ⚠ Blocked (403) retry 3
2026-08-11 23:53:50,558 | INFO | 🌐 Session warmed
2026-08-11 23:53:50,683 | INFO |    ↳ Status 403
2026-08-11 23:53:50,683 | WARNING |    ⚠ Blocked (403) retry 3
2026-08-11 23:53:50,775 | INFO | 🌐 Session warmed
2026-08-11 23:53:51,364 | INFO |    ↳ Status 200
2026-08-11 23:53:51,364 | INFO |    ✓ Found 8 movies
2026-08-11 23:53:51,364 | INFO | [1751/1901] Fetching Thuraiyur (THYR)
2026-08-11 23:53:52,908 | INFO |    ↳ Status 200
2026-08-11 23:53:52,908 | INFO |    ✓ Found 8 movies
2026-08-11 23:53:52,908 | INFO | [1752/1901] Fetching Tilda Neora (TNO)
2026-08-11 23:53:53,853 | INFO |    ↳ Status 200
2026-08-11 23:53:53,853 | INFO |    ✓ Found 7 movies
2026-08-11 23:53:53,854 | INFO | [1753/1901] Fetching Tindivanam (TNVM)
2026-08-11 23:53:54,421 | INFO | [1754/1901] Fetching Tinsukia (TINS)
2026-08-11 23:53:54,558 | INFO | [1755/1901] Fetching Tiptur (TIPT)
2026-08-11 23:53:54,775 | INFO | [1756/1901] Fetching Tiruchendur (TRCD)
2026-08-11 23:53:54,796 | INFO |    ↳ Status 200
2026-08-11 23:53:54,796 | INFO |    ✓ Found 8 movies
2026-08-11 23:53:54,796 | INFO | [1757/1901] Fetching Tirukoilur (TRKR)
2026-08-11 23:53:55,788 | INFO |    ↳ Status 403
2026-08-11 23:53:55,788 | WARNING |    ⚠ Blocked (403) retry 1
2026-08-11 23:53:55,861 | INFO | 🌐 Session warmed
2026-08-11 23:53:55,862 | INFO |    ↳ Status 403
2026-08-11 23:53:55,862 | WARNING |    ⚠ Blocked (403) retry 1
2026-08-11 23:53:55,932 | INFO | 🌐 Session warmed
2026-08-11 23:53:56,050 | INFO |    ↳ Status 403
2026-08-11 23:53:56,050 | WARNING |    ⚠ Blocked (403) retry 1
2026-08-11 23:53:56,119 | INFO | 🌐 Session warmed
2026-08-11 23:53:56,582 | INFO |    ↳ Status 200
2026-08-11 23:53:56,582 | INFO |    ✓ Found 8 movies
2026-08-11 23:53:56,582 | INFO | [1758/1901] Fetching Tirumakudalu Narasipura (TINA)
2026-08-11 23:53:57,661 | INFO |    ↳ Status 403
2026-08-11 23:53:57,661 | WARNING |    ⚠ Blocked (403) retry 2
2026-08-11 23:53:57,736 | INFO | 🌐 Session warmed
2026-08-11 23:53:58,054 | INFO |    ↳ Status 403
2026-08-11 23:53:58,054 | WARNING |    ⚠ Blocked (403) retry 2
2026-08-11 23:53:58,129 | INFO | 🌐 Session warmed
2026-08-11 23:53:58,270 | INFO |    ↳ Status 403
2026-08-11 23:53:58,270 | WARNING |    ⚠ Blocked (403) retry 2
2026-08-11 23:53:58,352 | INFO | 🌐 Session warmed
2026-08-11 23:53:59,078 | INFO |    ↳ Status 200
2026-08-11 23:53:59,078 | INFO |    ✓ Found 8 movies
2026-08-11 23:53:59,078 | INFO | [1759/1901] Fetching Tirunelveli (TIRV)
2026-08-11 23:54:00,207 | INFO |    ↳ Status 200
2026-08-11 23:54:00,208 | INFO |    ✓ Found 8 movies
2026-08-11 23:54:00,208 | INFO | [1760/1901] Fetching Tirupati (TIRU)
2026-08-11 23:54:00,406 | INFO |    ↳ Status 403
2026-08-11 23:54:00,406 | WARNING |    ⚠ Blocked (403) retry 3
2026-08-11 23:54:00,487 | INFO | 🌐 Session warmed
2026-08-11 23:54:01,442 | INFO |    ↳ Status 403
2026-08-11 23:54:01,442 | WARNING |    ⚠ Blocked (403) retry 3
2026-08-11 23:54:01,507 | INFO | 🌐 Session warmed
2026-08-11 23:54:01,736 | INFO |    ↳ Status 403
2026-08-11 23:54:01,736 | WARNING |    ⚠ Blocked (403) retry 3
2026-08-11 23:54:01,748 | INFO |    ↳ Status 200
2026-08-11 23:54:01,748 | INFO |    ✓ Found 8 movies
2026-08-11 23:54:01,748 | INFO | [1761/1901] Fetching Tirupattur (TRPR)
2026-08-11 23:54:01,828 | INFO | 🌐 Session warmed
2026-08-11 23:54:03,177 | INFO |    ↳ Status 200
2026-08-11 23:54:03,177 | INFO |    ✓ Found 8 movies
2026-08-11 23:54:03,177 | INFO | [1762/1901] Fetching Tirupur (TIRP)
2026-08-11 23:54:04,488 | INFO | [1763/1901] Fetching Tirur (TRUR)
2026-08-11 23:54:04,550 | INFO |    ↳ Status 200
2026-08-11 23:54:04,550 | INFO |    ✓ Found 8 movies
2026-08-11 23:54:04,550 | INFO | [1764/1901] Fetching Tiruvallur (TRVL)
2026-08-11 23:54:05,487 | INFO |    ↳ Status 403
2026-08-11 23:54:05,487 | WARNING |    ⚠ Blocked (403) retry 1
2026-08-11 23:54:05,507 | INFO | [1765/1901] Fetching Tiruvannamalai (TVNM)
2026-08-11 23:54:05,578 | INFO | 🌐 Session warmed
2026-08-11 23:54:05,674 | INFO |    ↳ Status 200
2026-08-11 23:54:05,674 | INFO |    ✓ Found 8 movies
2026-08-11 23:54:05,674 | INFO | [1766/1901] Fetching Tiruvarur (TIVA)
2026-08-11 23:54:05,829 | INFO | [1767/1901] Fetching Tiruvuru (TRVR)
2026-08-11 23:54:06,835 | INFO |    ↳ Status 403
2026-08-11 23:54:06,835 | WARNING |    ⚠ Blocked (403) retry 1
2026-08-11 23:54:06,905 | INFO | 🌐 Session warmed
2026-08-11 23:54:07,163 | INFO |    ↳ Status 403
2026-08-11 23:54:07,163 | WARNING |    ⚠ Blocked (403) retry 1
2026-08-11 23:54:07,255 | INFO | 🌐 Session warmed
2026-08-11 23:54:07,322 | INFO |    ↳ Status 200
2026-08-11 23:54:07,322 | INFO |    ✓ Found 8 movies
2026-08-11 23:54:07,322 | INFO | [1768/1901] Fetching Titagarh (TTGH)
2026-08-11 23:54:07,838 | INFO |    ↳ Status 403
2026-08-11 23:54:07,838 | WARNING |    ⚠ Blocked (403) retry 2
2026-08-11 23:54:07,924 | INFO | 🌐 Session warmed
2026-08-11 23:54:08,817 | INFO |    ↳ Status 200
2026-08-11 23:54:08,817 | INFO |    ✓ Found 7 movies
2026-08-11 23:54:08,818 | INFO | [1769/1901] Fetching Titlagarh (TITL)
2026-08-11 23:54:08,910 | INFO |    ↳ Status 403
2026-08-11 23:54:08,910 | WARNING |    ⚠ Blocked (403) retry 2
2026-08-11 23:54:08,991 | INFO | 🌐 Session warmed
2026-08-11 23:54:09,013 | INFO |    ↳ Status 403
2026-08-11 23:54:09,013 | WARNING |    ⚠ Blocked (403) retry 2
2026-08-11 23:54:09,084 | INFO | 🌐 Session warmed
2026-08-11 23:54:10,578 | INFO |    ↳ Status 200
2026-08-11 23:54:10,578 | INFO |    ✓ Found 8 movies
2026-08-11 23:54:10,578 | INFO | [1770/1901] Fetching Tittakudi (TITT)
2026-08-11 23:54:11,143 | INFO |    ↳ Status 403
2026-08-11 23:54:11,143 | WARNING |    ⚠ Blocked (403) retry 3
2026-08-11 23:54:11,235 | INFO | 🌐 Session warmed
2026-08-11 23:54:11,713 | INFO |    ↳ Status 403
2026-08-11 23:54:11,713 | WARNING |    ⚠ Blocked (403) retry 3
2026-08-11 23:54:11,796 | INFO | 🌐 Session warmed
2026-08-11 23:54:11,931 | INFO |    ↳ Status 200
2026-08-11 23:54:11,932 | INFO |    ✓ Found 8 movies
2026-08-11 23:54:11,932 | INFO | [1771/1901] Fetching Tonk (TONK)
2026-08-11 23:54:11,938 | INFO |    ↳ Status 403
2026-08-11 23:54:11,938 | WARNING |    ⚠ Blocked (403) retry 3
2026-08-11 23:54:12,070 | INFO | 🌐 Session warmed
2026-08-11 23:54:13,877 | INFO |    ↳ Status 200
2026-08-11 23:54:13,877 | INFO |    ✓ Found 8 movies
2026-08-11 23:54:13,877 | INFO | [1772/1901] Fetching Toopran (TOOP)
2026-08-11 23:54:15,235 | INFO | [1773/1901] Fetching Trichy (TRIC)
2026-08-11 23:54:15,452 | INFO |    ↳ Status 200
2026-08-11 23:54:15,452 | INFO |    ✓ Found 8 movies
2026-08-11 23:54:15,452 | INFO | [1774/1901] Fetching Trivandrum (TRIV)
2026-08-11 23:54:15,797 | INFO | [1775/1901] Fetching Tumakuru (Tumkur) (TUMK)
2026-08-11 23:54:16,071 | INFO | [1776/1901] Fetching Tumsar (TUSR)
2026-08-11 23:54:16,090 | INFO |    ↳ Status 403
2026-08-11 23:54:16,090 | WARNING |    ⚠ Blocked (403) retry 1
2026-08-11 23:54:16,175 | INFO | 🌐 Session warmed
2026-08-11 23:54:16,492 | INFO |    ↳ Status 403
2026-08-11 23:54:16,492 | WARNING |    ⚠ Blocked (403) retry 1
2026-08-11 23:54:16,564 | INFO | 🌐 Session warmed
2026-08-11 23:54:16,635 | INFO |    ↳ Status 200
2026-08-11 23:54:16,635 | INFO |    ✓ Found 8 movies
2026-08-11 23:54:16,635 | INFO | [1777/1901] Fetching Tura (TURA)
2026-08-11 23:54:17,188 | INFO |    ↳ Status 403
2026-08-11 23:54:17,188 | WARNING |    ⚠ Blocked (403) retry 1
2026-08-11 23:54:17,269 | INFO | 🌐 Session warmed
2026-08-11 23:54:18,154 | INFO |    ↳ Status 200
2026-08-11 23:54:18,154 | INFO |    ✓ Found 8 movies
2026-08-11 23:54:18,154 | INFO | [1778/1901] Fetching Turputallu (TUPP)
2026-08-11 23:54:18,481 | INFO |    ↳ Status 403
2026-08-11 23:54:18,481 | WARNING |    ⚠ Blocked (403) retry 2
2026-08-11 23:54:18,565 | INFO | 🌐 Session warmed
2026-08-11 23:54:18,952 | INFO |    ↳ Status 403
2026-08-11 23:54:18,953 | WARNING |    ⚠ Blocked (403) retry 2
2026-08-11 23:54:19,042 | INFO | 🌐 Session warmed
2026-08-11 23:54:19,514 | INFO |    ↳ Status 200
2026-08-11 23:54:19,514 | INFO |    ✓ Found 8 movies
2026-08-11 23:54:19,515 | INFO | [1779/1901] Fetching Turuvekere (TUKE)
2026-08-11 23:54:19,540 | INFO |    ↳ Status 403
2026-08-11 23:54:19,540 | WARNING |    ⚠ Blocked (403) retry 2
2026-08-11 23:54:19,627 | INFO | 🌐 Session warmed
2026-08-11 23:54:21,207 | INFO |    ↳ Status 200
2026-08-11 23:54:21,208 | INFO |    ✓ Found 8 movies
2026-08-11 23:54:21,208 | INFO | [1780/1901] Fetching Udaipur (UDAI)
2026-08-11 23:54:21,264 | INFO |    ↳ Status 403
2026-08-11 23:54:21,264 | WARNING |    ⚠ Blocked (403) retry 3
2026-08-11 23:54:21,345 | INFO | 🌐 Session warmed
2026-08-11 23:54:21,785 | INFO |    ↳ Status 403
2026-08-11 23:54:21,785 | WARNING |    ⚠ Blocked (403) retry 3
2026-08-11 23:54:21,858 | INFO | 🌐 Session warmed
2026-08-11 23:54:22,318 | INFO |    ↳ Status 200
2026-08-11 23:54:22,318 | INFO |    ✓ Found 8 movies
2026-08-11 23:54:22,318 | INFO | [1781/1901] Fetching Udaynarayanpur (UDAY)
2026-08-11 23:54:22,988 | INFO |    ↳ Status 403
2026-08-11 23:54:22,988 | WARNING |    ⚠ Blocked (403) retry 3
2026-08-11 23:54:23,063 | INFO | 🌐 Session warmed
2026-08-11 23:54:24,165 | INFO |    ↳ Status 200
2026-08-11 23:54:24,165 | INFO |    ✓ Found 7 movies
2026-08-11 23:54:24,165 | INFO | [1782/1901] Fetching Udgir (UDGR)
2026-08-11 23:54:25,242 | INFO |    ↳ Status 200
2026-08-11 23:54:25,242 | INFO |    ✓ Found 8 movies
2026-08-11 23:54:25,242 | INFO | [1783/1901] Fetching Udhampur (UDHM)
2026-08-11 23:54:25,345 | INFO | [1784/1901] Fetching Udumalpet (UDMP)
2026-08-11 23:54:25,858 | INFO | [1785/1901] Fetching Udupi (UDUP)
2026-08-11 23:54:26,269 | INFO |    ↳ Status 403
2026-08-11 23:54:26,269 | WARNING |    ⚠ Blocked (403) retry 1
2026-08-11 23:54:26,334 | INFO | 🌐 Session warmed
2026-08-11 23:54:27,063 | INFO | [1786/1901] Fetching Ujhani (UJHA)
2026-08-11 23:54:27,098 | INFO |    ↳ Status 403
2026-08-11 23:54:27,099 | WARNING |    ⚠ Blocked (403) retry 1
2026-08-11 23:54:27,157 | INFO |    ↳ Status 200
2026-08-11 23:54:27,158 | INFO |    ✓ Found 8 movies
2026-08-11 23:54:27,158 | INFO | [1787/1901] Fetching Ujjain (UJJN)
2026-08-11 23:54:27,182 | INFO | 🌐 Session warmed
2026-08-11 23:54:27,876 | INFO |    ↳ Status 403
2026-08-11 23:54:27,876 | WARNING |    ⚠ Blocked (403) retry 1
2026-08-11 23:54:27,974 | INFO | 🌐 Session warmed
2026-08-11 23:54:28,069 | INFO |    ↳ Status 403
2026-08-11 23:54:28,069 | WARNING |    ⚠ Blocked (403) retry 2
2026-08-11 23:54:28,149 | INFO | 🌐 Session warmed
2026-08-11 23:54:28,506 | INFO |    ↳ Status 200
2026-08-11 23:54:28,507 | INFO |    ✓ Found 8 movies
2026-08-11 23:54:28,507 | INFO | [1788/1901] Fetching Ulikkal (ULLI)
2026-08-11 23:54:29,516 | INFO |    ↳ Status 403
2026-08-11 23:54:29,516 | WARNING |    ⚠ Blocked (403) retry 2
2026-08-11 23:54:29,540 | INFO |    ↳ Status 200
2026-08-11 23:54:29,540 | INFO |    ✓ Found 8 movies
2026-08-11 23:54:29,540 | INFO | [1789/1901] Fetching Uluberia (ULUR)
2026-08-11 23:54:29,598 | INFO | 🌐 Session warmed
2026-08-11 23:54:29,908 | INFO |    ↳ Status 403
2026-08-11 23:54:29,908 | WARNING |    ⚠ Blocked (403) retry 2
2026-08-11 23:54:29,991 | INFO | 🌐 Session warmed
2026-08-11 23:54:30,567 | INFO |    ↳ Status 200
2026-08-11 23:54:30,567 | INFO |    ✓ Found 7 movies
2026-08-11 23:54:30,568 | INFO | [1790/1901] Fetching Ulundurpet (ULPT)
2026-08-11 23:54:31,277 | INFO |    ↳ Status 403
2026-08-11 23:54:31,277 | WARNING |    ⚠ Blocked (403) retry 3
2026-08-11 23:54:31,346 | INFO | 🌐 Session warmed
2026-08-11 23:54:32,031 | INFO |    ↳ Status 200
2026-08-11 23:54:32,031 | INFO |    ✓ Found 8 movies
2026-08-11 23:54:32,031 | INFO | [1791/1901] Fetching Umaria (UMR)
2026-08-11 23:54:32,639 | INFO |    ↳ Status 403
2026-08-11 23:54:32,639 | WARNING |    ⚠ Blocked (403) retry 3
2026-08-11 23:54:32,652 | INFO |    ↳ Status 403
2026-08-11 23:54:32,652 | WARNING |    ⚠ Blocked (403) retry 3
2026-08-11 23:54:32,733 | INFO | 🌐 Session warmed
2026-08-11 23:54:32,733 | INFO | 🌐 Session warmed
2026-08-11 23:54:33,401 | INFO |    ↳ Status 200
2026-08-11 23:54:33,401 | INFO |    ✓ Found 8 movies
2026-08-11 23:54:33,401 | INFO | [1792/1901] Fetching Umbergaon (UMER)
2026-08-11 23:54:34,715 | INFO |    ↳ Status 200
2026-08-11 23:54:34,715 | INFO |    ✓ Found 8 movies
2026-08-11 23:54:34,715 | INFO | [1793/1901] Fetching Umbraj (UMBR)
2026-08-11 23:54:35,346 | INFO | [1794/1901] Fetching Umerkote (UMEK)
2026-08-11 23:54:35,994 | INFO |    ↳ Status 403
2026-08-11 23:54:35,995 | WARNING |    ⚠ Blocked (403) retry 1
2026-08-11 23:54:36,079 | INFO | 🌐 Session warmed
2026-08-11 23:54:36,121 | INFO |    ↳ Status 200
2026-08-11 23:54:36,121 | INFO |    ✓ Found 8 movies
2026-08-11 23:54:36,121 | INFO | [1795/1901] Fetching Umred (UMRD)
2026-08-11 23:54:36,733 | INFO | [1796/1901] Fetching Una (BEEL)
2026-08-11 23:54:36,733 | INFO | [1797/1901] Fetching Una (Gujarat) (UNAU)
2026-08-11 23:54:37,388 | INFO |    ↳ Status 403
2026-08-11 23:54:37,388 | WARNING |    ⚠ Blocked (403) retry 1
2026-08-11 23:54:37,473 | INFO | 🌐 Session warmed
2026-08-11 23:54:37,635 | INFO |    ↳ Status 403
2026-08-11 23:54:37,636 | WARNING |    ⚠ Blocked (403) retry 1
2026-08-11 23:54:37,721 | INFO | 🌐 Session warmed
2026-08-11 23:54:37,823 | INFO |    ↳ Status 200
2026-08-11 23:54:37,823 | INFO |    ✓ Found 8 movies
2026-08-11 23:54:37,823 | INFO | [1798/1901] Fetching Undavalli (UVLI)
2026-08-11 23:54:37,942 | INFO |    ↳ Status 403
2026-08-11 23:54:37,942 | WARNING |    ⚠ Blocked (403) retry 2
2026-08-11 23:54:38,032 | INFO | 🌐 Session warmed
2026-08-11 23:54:38,811 | INFO |    ↳ Status 200
2026-08-11 23:54:38,811 | INFO |    ✓ Found 8 movies
2026-08-11 23:54:38,811 | INFO | [1799/1901] Fetching Unnao (UNNA)
2026-08-11 23:54:39,748 | INFO |    ↳ Status 403
2026-08-11 23:54:39,748 | WARNING |    ⚠ Blocked (403) retry 2
2026-08-11 23:54:39,758 | INFO |    ↳ Status 200
2026-08-11 23:54:39,758 | INFO |    ✓ Found 8 movies
2026-08-11 23:54:39,758 | INFO | [1800/1901] Fetching Uppada (UPDA)
2026-08-11 23:54:39,827 | INFO | 🌐 Session warmed
2026-08-11 23:54:39,926 | INFO |    ↳ Status 403
2026-08-11 23:54:39,926 | WARNING |    ⚠ Blocked (403) retry 2
2026-08-11 23:54:40,007 | INFO | 🌐 Session warmed
2026-08-11 23:54:40,880 | INFO |    ↳ Status 403
2026-08-11 23:54:40,880 | WARNING |    ⚠ Blocked (403) retry 3
2026-08-11 23:54:40,954 | INFO | 🌐 Session warmed
2026-08-11 23:54:41,256 | INFO |    ↳ Status 200
2026-08-11 23:54:41,256 | INFO |    ✓ Found 8 movies
2026-08-11 23:54:41,256 | INFO | [1801/1901] Fetching Uthamapalayam (UTHM)
2026-08-11 23:54:42,476 | INFO |    ↳ Status 200
2026-08-11 23:54:42,476 | INFO |    ✓ Found 8 movies
2026-08-11 23:54:42,476 | INFO | [1802/1901] Fetching Uthangarai (UHGR)
2026-08-11 23:54:42,589 | INFO |    ↳ Status 403
2026-08-11 23:54:42,589 | WARNING |    ⚠ Blocked (403) retry 3
2026-08-11 23:54:42,685 | INFO | 🌐 Session warmed
2026-08-11 23:54:43,071 | INFO |    ↳ Status 403
2026-08-11 23:54:43,071 | WARNING |    ⚠ Blocked (403) retry 3
2026-08-11 23:54:43,166 | INFO | 🌐 Session warmed
2026-08-11 23:54:44,027 | INFO |    ↳ Status 200
2026-08-11 23:54:44,027 | INFO |    ✓ Found 8 movies
2026-08-11 23:54:44,027 | INFO | [1803/1901] Fetching Uthiramerur (UTHI)
2026-08-11 23:54:44,954 | INFO | [1804/1901] Fetching Uthukottai (UTHU)
2026-08-11 23:54:45,076 | INFO |    ↳ Status 200
2026-08-11 23:54:45,076 | INFO |    ✓ Found 8 movies
2026-08-11 23:54:45,076 | INFO | [1805/1901] Fetching Utraula (UTRA)
2026-08-11 23:54:45,576 | INFO |    ↳ Status 403
2026-08-11 23:54:45,577 | WARNING |    ⚠ Blocked (403) retry 1
2026-08-11 23:54:45,648 | INFO | 🌐 Session warmed
2026-08-11 23:54:46,192 | INFO |    ↳ Status 200
2026-08-11 23:54:46,192 | INFO |    ✓ Found 8 movies
2026-08-11 23:54:46,192 | INFO | [1806/1901] Fetching Uttara Kannada (UTK)
2026-08-11 23:54:46,686 | INFO | [1807/1901] Fetching Uttarkashi (UTTA)
2026-08-11 23:54:47,166 | INFO | [1808/1901] Fetching Vadakara (VDKR)
2026-08-11 23:54:47,465 | INFO |    ↳ Status 200
2026-08-11 23:54:47,465 | INFO |    ✓ Found 8 movies
2026-08-11 23:54:47,465 | INFO | [1809/1901] Fetching Vadakkencherry (VDCY)
2026-08-11 23:54:47,656 | INFO |    ↳ Status 403
2026-08-11 23:54:47,656 | WARNING |    ⚠ Blocked (403) retry 2
2026-08-11 23:54:47,731 | INFO | 🌐 Session warmed
2026-08-11 23:54:48,000 | INFO |    ↳ Status 403
2026-08-11 23:54:48,000 | WARNING |    ⚠ Blocked (403) retry 1
2026-08-11 23:54:48,024 | INFO |    ↳ Status 403
2026-08-11 23:54:48,025 | WARNING |    ⚠ Blocked (403) retry 1
2026-08-11 23:54:48,101 | INFO | 🌐 Session warmed
2026-08-11 23:54:48,103 | INFO | 🌐 Session warmed
2026-08-11 23:54:48,448 | INFO |    ↳ Status 200
2026-08-11 23:54:48,448 | INFO |    ✓ Found 8 movies
2026-08-11 23:54:48,449 | INFO | [1810/1901] Fetching Vadalur (VADA)
2026-08-11 23:54:49,402 | INFO |    ↳ Status 200
2026-08-11 23:54:49,402 | INFO |    ✓ Found 8 movies
2026-08-11 23:54:49,402 | INFO | [1811/1901] Fetching Vadanappally (VADN)
2026-08-11 23:54:49,809 | INFO |    ↳ Status 403
2026-08-11 23:54:49,809 | WARNING |    ⚠ Blocked (403) retry 2
2026-08-11 23:54:49,887 | INFO | 🌐 Session warmed
2026-08-11 23:54:50,117 | INFO |    ↳ Status 403
2026-08-11 23:54:50,117 | WARNING |    ⚠ Blocked (403) retry 2
2026-08-11 23:54:50,211 | INFO | 🌐 Session warmed
2026-08-11 23:54:50,935 | INFO |    ↳ Status 200
2026-08-11 23:54:50,935 | INFO |    ✓ Found 8 movies
2026-08-11 23:54:50,935 | INFO | [1812/1901] Fetching Vadodara (VAD)
2026-08-11 23:54:50,983 | INFO |    ↳ Status 403
2026-08-11 23:54:50,983 | WARNING |    ⚠ Blocked (403) retry 3
2026-08-11 23:54:51,057 | INFO | 🌐 Session warmed
2026-08-11 23:54:52,388 | INFO |    ↳ Status 200
2026-08-11 23:54:52,388 | INFO |    ✓ Found 8 movies
2026-08-11 23:54:52,388 | INFO | [1813/1901] Fetching Vaduj (VADJ)
2026-08-11 23:54:52,780 | INFO |    ↳ Status 403
2026-08-11 23:54:52,780 | WARNING |    ⚠ Blocked (403) retry 3
2026-08-11 23:54:52,872 | INFO | 🌐 Session warmed
2026-08-11 23:54:53,412 | INFO |    ↳ Status 200
2026-08-11 23:54:53,412 | INFO |    ✓ Found 8 movies
2026-08-11 23:54:53,412 | INFO | [1814/1901] Fetching Vaijapur (VAIJ)
2026-08-11 23:54:53,569 | INFO |    ↳ Status 403
2026-08-11 23:54:53,569 | WARNING |    ⚠ Blocked (403) retry 3
2026-08-11 23:54:53,633 | INFO | 🌐 Session warmed
2026-08-11 23:54:54,727 | INFO |    ↳ Status 200
2026-08-11 23:54:54,727 | INFO |    ✓ Found 8 movies
2026-08-11 23:54:54,727 | INFO | [1815/1901] Fetching Valanchery (VALA)
2026-08-11 23:54:55,057 | INFO | [1816/1901] Fetching Valaparla (VLAP)
2026-08-11 23:54:55,900 | INFO |    ↳ Status 403
2026-08-11 23:54:55,901 | WARNING |    ⚠ Blocked (403) retry 1
2026-08-11 23:54:55,968 | INFO | 🌐 Session warmed
2026-08-11 23:54:56,108 | INFO |    ↳ Status 200
2026-08-11 23:54:56,108 | INFO |    ✓ Found 8 movies
2026-08-11 23:54:56,108 | INFO | [1817/1901] Fetching Valigonda (VALI)
2026-08-11 23:54:56,872 | INFO | [1818/1901] Fetching Valluru (VALL)
2026-08-11 23:54:57,504 | INFO |    ↳ Status 200
2026-08-11 23:54:57,505 | INFO |    ✓ Found 8 movies
2026-08-11 23:54:57,505 | INFO | [1819/1901] Fetching Valsad (VLSD)
2026-08-11 23:54:57,633 | INFO | [1820/1901] Fetching Vaniyambadi (VANI)
2026-08-11 23:54:57,917 | INFO |    ↳ Status 403
2026-08-11 23:54:57,917 | WARNING |    ⚠ Blocked (403) retry 1
2026-08-11 23:54:58,000 | INFO | 🌐 Session warmed
2026-08-11 23:54:58,137 | INFO |    ↳ Status 403
2026-08-11 23:54:58,137 | WARNING |    ⚠ Blocked (403) retry 2
2026-08-11 23:54:58,214 | INFO | 🌐 Session warmed
2026-08-11 23:54:58,770 | INFO |    ↳ Status 403
2026-08-11 23:54:58,770 | WARNING |    ⚠ Blocked (403) retry 1
2026-08-11 23:54:58,851 | INFO | 🌐 Session warmed
2026-08-11 23:54:59,026 | INFO |    ↳ Status 200
2026-08-11 23:54:59,026 | INFO |    ✓ Found 8 movies
2026-08-11 23:54:59,026 | INFO | [1821/1901] Fetching Vapi (VAPI)
2026-08-11 23:55:00,065 | INFO |    ↳ Status 403
2026-08-11 23:55:00,065 | WARNING |    ⚠ Blocked (403) retry 2
2026-08-11 23:55:00,149 | INFO | 🌐 Session warmed
2026-08-11 23:55:00,712 | INFO |    ↳ Status 200
2026-08-11 23:55:00,712 | INFO |    ✓ Found 8 movies
2026-08-11 23:55:00,713 | INFO | [1822/1901] Fetching Varadaiahpalem (VARA)
2026-08-11 23:55:01,190 | INFO |    ↳ Status 403
2026-08-11 23:55:01,191 | INFO |    ↳ Status 403
2026-08-11 23:55:01,191 | WARNING |    ⚠ Blocked (403) retry 2
2026-08-11 23:55:01,191 | WARNING |    ⚠ Blocked (403) retry 3
2026-08-11 23:55:01,299 | INFO | 🌐 Session warmed
2026-08-11 23:55:01,301 | INFO | 🌐 Session warmed
2026-08-11 23:55:01,869 | INFO |    ↳ Status 200
2026-08-11 23:55:01,869 | INFO |    ✓ Found 8 movies
2026-08-11 23:55:01,869 | INFO | [1823/1901] Fetching Varadiyam (VRYM)
2026-08-11 23:55:03,524 | INFO |    ↳ Status 403
2026-08-11 23:55:03,524 | WARNING |    ⚠ Blocked (403) retry 3
2026-08-11 23:55:03,605 | INFO | 🌐 Session warmed
2026-08-11 23:55:03,734 | INFO |    ↳ Status 200
2026-08-11 23:55:03,734 | INFO |    ✓ Found 8 movies
2026-08-11 23:55:03,734 | INFO | [1824/1901] Fetching Varanasi (VAR)
2026-08-11 23:55:04,266 | INFO |    ↳ Status 403
2026-08-11 23:55:04,266 | WARNING |    ⚠ Blocked (403) retry 3
2026-08-11 23:55:04,349 | INFO | 🌐 Session warmed
2026-08-11 23:55:05,297 | INFO |    ↳ Status 200
2026-08-11 23:55:05,297 | INFO |    ✓ Found 8 movies
2026-08-11 23:55:05,297 | INFO | [1825/1901] Fetching Varkala (VKAL)
2026-08-11 23:55:05,299 | INFO | [1826/1901] Fetching Vasind (VASI)
2026-08-11 23:55:06,562 | INFO |    ↳ Status 200
2026-08-11 23:55:06,562 | INFO |    ✓ Found 8 movies
2026-08-11 23:55:06,562 | INFO | [1827/1901] Fetching Vatsavai (VAST)
2026-08-11 23:55:06,584 | INFO |    ↳ Status 403
2026-08-11 23:55:06,584 | WARNING |    ⚠ Blocked (403) retry 1
2026-08-11 23:55:06,667 | INFO | 🌐 Session warmed
2026-08-11 23:55:07,593 | INFO |    ↳ Status 200
2026-08-11 23:55:07,594 | INFO |    ✓ Found 8 movies
2026-08-11 23:55:07,594 | INFO | [1828/1901] Fetching Vazhapadi (VAZH)
2026-08-11 23:55:07,605 | INFO | [1829/1901] Fetching Vedasandur (VEDA)
2026-08-11 23:55:08,349 | INFO | [1830/1901] Fetching Veeraghattam (VEER)
2026-08-11 23:55:08,759 | INFO |    ↳ Status 403
2026-08-11 23:55:08,759 | WARNING |    ⚠ Blocked (403) retry 2
2026-08-11 23:55:08,828 | INFO | 🌐 Session warmed
2026-08-11 23:55:09,005 | INFO |    ↳ Status 403
2026-08-11 23:55:09,005 | WARNING |    ⚠ Blocked (403) retry 1
2026-08-11 23:55:09,076 | INFO |    ↳ Status 200
2026-08-11 23:55:09,076 | INFO |    ✓ Found 8 movies
2026-08-11 23:55:09,076 | INFO | [1831/1901] Fetching Velangi (VELG)
2026-08-11 23:55:09,084 | INFO | 🌐 Session warmed
2026-08-11 23:55:09,210 | INFO |    ↳ Status 403
2026-08-11 23:55:09,210 | WARNING |    ⚠ Blocked (403) retry 1
2026-08-11 23:55:09,298 | INFO | 🌐 Session warmed
2026-08-11 23:55:10,483 | INFO |    ↳ Status 200
2026-08-11 23:55:10,483 | INFO |    ✓ Found 8 movies
2026-08-11 23:55:10,483 | INFO | [1832/1901] Fetching Velanja (VELA)
2026-08-11 23:55:11,109 | INFO |    ↳ Status 403
2026-08-11 23:55:11,110 | WARNING |    ⚠ Blocked (403) retry 2
2026-08-11 23:55:11,192 | INFO | 🌐 Session warmed
2026-08-11 23:55:11,645 | INFO |    ↳ Status 200
2026-08-11 23:55:11,645 | INFO |    ✓ Found 8 movies
2026-08-11 23:55:11,645 | INFO | [1833/1901] Fetching Velanthavalam (VELM)
2026-08-11 23:55:11,704 | INFO |    ↳ Status 403
2026-08-11 23:55:11,704 | WARNING |    ⚠ Blocked (403) retry 2
2026-08-11 23:55:11,793 | INFO | 🌐 Session warmed
2026-08-11 23:55:11,985 | INFO |    ↳ Status 403
2026-08-11 23:55:11,985 | WARNING |    ⚠ Blocked (403) retry 3
2026-08-11 23:55:12,060 | INFO | 🌐 Session warmed
2026-08-11 23:55:13,361 | INFO |    ↳ Status 200
2026-08-11 23:55:13,361 | INFO |    ✓ Found 8 movies
2026-08-11 23:55:13,361 | INFO | [1834/1901] Fetching Vellakoil (VELI)
2026-08-11 23:55:13,974 | INFO |    ↳ Status 403
2026-08-11 23:55:13,974 | WARNING |    ⚠ Blocked (403) retry 3
2026-08-11 23:55:14,058 | INFO | 🌐 Session warmed
2026-08-11 23:55:14,849 | INFO |    ↳ Status 200
2026-08-11 23:55:14,849 | INFO |    ✓ Found 8 movies
2026-08-11 23:55:14,849 | INFO | [1835/1901] Fetching Vellampalli (VMPL)
2026-08-11 23:55:14,998 | INFO |    ↳ Status 403
2026-08-11 23:55:14,998 | WARNING |    ⚠ Blocked (403) retry 3
2026-08-11 23:55:15,072 | INFO | 🌐 Session warmed
2026-08-11 23:55:15,921 | INFO |    ↳ Status 200
2026-08-11 23:55:15,921 | INFO |    ✓ Found 8 movies
2026-08-11 23:55:15,921 | INFO | [1836/1901] Fetching Vellore (VELL)
2026-08-11 23:55:16,061 | INFO | [1837/1901] Fetching Velugodu (VLGD)
2026-08-11 23:55:16,808 | INFO |    ↳ Status 403
2026-08-11 23:55:16,808 | WARNING |    ⚠ Blocked (403) retry 1
2026-08-11 23:55:16,894 | INFO | 🌐 Session warmed
2026-08-11 23:55:17,042 | INFO |    ↳ Status 200
2026-08-11 23:55:17,042 | INFO |    ✓ Found 8 movies
2026-08-11 23:55:17,043 | INFO | [1838/1901] Fetching Vempalli (VAIM)
2026-08-11 23:55:18,059 | INFO | [1839/1901] Fetching Vemulawada (VERU)
2026-08-11 23:55:18,607 | INFO |    ↳ Status 403
2026-08-11 23:55:18,607 | WARNING |    ⚠ Blocked (403) retry 2
2026-08-11 23:55:18,694 | INFO | 🌐 Session warmed
2026-08-11 23:55:19,072 | INFO | [1840/1901] Fetching Vengurla (VENG)
2026-08-11 23:55:19,281 | INFO |    ↳ Status 200
2026-08-11 23:55:19,281 | INFO |    ✓ Found 8 movies
2026-08-11 23:55:19,281 | INFO | [1841/1901] Fetching Venkatapuram (VNKT)
2026-08-11 23:55:19,379 | INFO |    ↳ Status 403
2026-08-11 23:55:19,379 | WARNING |    ⚠ Blocked (403) retry 1
2026-08-11 23:55:19,448 | INFO | 🌐 Session warmed
2026-08-11 23:55:20,394 | INFO |    ↳ Status 403
2026-08-11 23:55:20,394 | WARNING |    ⚠ Blocked (403) retry 1
2026-08-11 23:55:20,493 | INFO | 🌐 Session warmed
2026-08-11 23:55:20,520 | INFO |    ↳ Status 200
2026-08-11 23:55:20,520 | INFO |    ✓ Found 8 movies
2026-08-11 23:55:20,520 | INFO | [1842/1901] Fetching Veraval (VRAL)
2026-08-11 23:55:21,087 | INFO |    ↳ Status 403
2026-08-11 23:55:21,087 | WARNING |    ⚠ Blocked (403) retry 2
2026-08-11 23:55:21,178 | INFO | 🌐 Session warmed
2026-08-11 23:55:21,688 | INFO |    ↳ Status 403
2026-08-11 23:55:21,688 | WARNING |    ⚠ Blocked (403) retry 3
2026-08-11 23:55:21,761 | INFO | 🌐 Session warmed
2026-08-11 23:55:22,641 | INFO |    ↳ Status 200
2026-08-11 23:55:22,641 | INFO |    ✓ Found 8 movies
2026-08-11 23:55:22,641 | INFO | [1843/1901] Fetching Vetapalem (VLEM)
2026-08-11 23:55:22,731 | INFO |    ↳ Status 403
2026-08-11 23:55:22,731 | WARNING |    ⚠ Blocked (403) retry 2
2026-08-11 23:55:22,817 | INFO | 🌐 Session warmed
2026-08-11 23:55:24,108 | INFO |    ↳ Status 403
2026-08-11 23:55:24,108 | WARNING |    ⚠ Blocked (403) retry 3
2026-08-11 23:55:24,176 | INFO | 🌐 Session warmed
2026-08-11 23:55:24,365 | INFO |    ↳ Status 200
2026-08-11 23:55:24,365 | INFO |    ✓ Found 8 movies
2026-08-11 23:55:24,365 | INFO | [1844/1901] Fetching Vettaikaranpudur (VETA)
2026-08-11 23:55:25,707 | INFO |    ↳ Status 403
2026-08-11 23:55:25,707 | WARNING |    ⚠ Blocked (403) retry 3
2026-08-11 23:55:25,761 | INFO | [1845/1901] Fetching Vettavalam (VETT)
2026-08-11 23:55:25,785 | INFO | 🌐 Session warmed
2026-08-11 23:55:26,460 | INFO |    ↳ Status 200
2026-08-11 23:55:26,460 | INFO |    ✓ Found 8 movies
2026-08-11 23:55:26,460 | INFO | [1846/1901] Fetching Vidisha (VIDI)
2026-08-11 23:55:26,947 | INFO |    ↳ Status 403
2026-08-11 23:55:26,947 | WARNING |    ⚠ Blocked (403) retry 1
2026-08-11 23:55:27,015 | INFO | 🌐 Session warmed
2026-08-11 23:55:28,056 | INFO |    ↳ Status 200
2026-08-11 23:55:28,056 | INFO |    ✓ Found 8 movies
2026-08-11 23:55:28,056 | INFO | [1847/1901] Fetching Vijapur (VIUR)
2026-08-11 23:55:28,177 | INFO | [1848/1901] Fetching Vijayapura (Bengaluru Rural) (VIJP)
2026-08-11 23:55:29,286 | INFO |    ↳ Status 200
2026-08-11 23:55:29,286 | INFO |    ✓ Found 8 movies
2026-08-11 23:55:29,286 | INFO | [1849/1901] Fetching Vijayapura (Bijapur) (VJPR)
2026-08-11 23:55:29,295 | INFO |    ↳ Status 403
2026-08-11 23:55:29,295 | WARNING |    ⚠ Blocked (403) retry 2
2026-08-11 23:55:29,370 | INFO | 🌐 Session warmed
2026-08-11 23:55:29,582 | INFO |    ↳ Status 403
2026-08-11 23:55:29,582 | WARNING |    ⚠ Blocked (403) retry 1
2026-08-11 23:55:29,668 | INFO | 🌐 Session warmed
2026-08-11 23:55:29,786 | INFO | [1850/1901] Fetching Vijayarai (VRAI)
2026-08-11 23:55:30,992 | INFO |    ↳ Status 403
2026-08-11 23:55:30,992 | WARNING |    ⚠ Blocked (403) retry 1
2026-08-11 23:55:31,086 | INFO | 🌐 Session warmed
2026-08-11 23:55:31,103 | INFO |    ↳ Status 200
2026-08-11 23:55:31,103 | INFO |    ✓ Found 8 movies
2026-08-11 23:55:31,104 | INFO | [1851/1901] Fetching Vijayawada (VIJA)
2026-08-11 23:55:31,675 | INFO |    ↳ Status 403
2026-08-11 23:55:31,675 | WARNING |    ⚠ Blocked (403) retry 2
2026-08-11 23:55:31,769 | INFO | 🌐 Session warmed
2026-08-11 23:55:32,243 | INFO |    ↳ Status 200
2026-08-11 23:55:32,243 | INFO |    ✓ Found 8 movies
2026-08-11 23:55:32,243 | INFO | [1852/1901] Fetching Vikarabad (VKBD)
2026-08-11 23:55:32,387 | INFO |    ↳ Status 403
2026-08-11 23:55:32,387 | WARNING |    ⚠ Blocked (403) retry 3
2026-08-11 23:55:32,483 | INFO | 🌐 Session warmed
2026-08-11 23:55:32,940 | INFO |    ↳ Status 403
2026-08-11 23:55:32,940 | WARNING |    ⚠ Blocked (403) retry 2
2026-08-11 23:55:33,010 | INFO | 🌐 Session warmed
2026-08-11 23:55:33,928 | INFO |    ↳ Status 200
2026-08-11 23:55:33,928 | INFO |    ✓ Found 8 movies
2026-08-11 23:55:33,928 | INFO | [1853/1901] Fetching Vikasnagar (VKNG)
2026-08-11 23:55:34,488 | INFO |    ↳ Status 403
2026-08-11 23:55:34,488 | WARNING |    ⚠ Blocked (403) retry 3
2026-08-11 23:55:34,561 | INFO | 🌐 Session warmed
2026-08-11 23:55:35,053 | INFO |    ↳ Status 200
2026-08-11 23:55:35,053 | INFO |    ✓ Found 8 movies
2026-08-11 23:55:35,053 | INFO | [1854/1901] Fetching Vikravandi (VIVI)
2026-08-11 23:55:36,035 | INFO |    ↳ Status 403
2026-08-11 23:55:36,035 | WARNING |    ⚠ Blocked (403) retry 3
2026-08-11 23:55:36,112 | INFO | 🌐 Session warmed
2026-08-11 23:55:36,483 | INFO | [1855/1901] Fetching Villupuram (VILL)
2026-08-11 23:55:36,714 | INFO |    ↳ Status 200
2026-08-11 23:55:36,714 | INFO |    ✓ Found 8 movies
2026-08-11 23:55:36,714 | INFO | [1856/1901] Fetching Vinukonda (VNKD)
2026-08-11 23:55:37,461 | INFO |    ↳ Status 403
2026-08-11 23:55:37,461 | WARNING |    ⚠ Blocked (403) retry 1
2026-08-11 23:55:37,545 | INFO | 🌐 Session warmed
2026-08-11 23:55:37,713 | INFO |    ↳ Status 200
2026-08-11 23:55:37,713 | INFO |    ✓ Found 8 movies
2026-08-11 23:55:37,713 | INFO | [1857/1901] Fetching Viralimalai (VIRA)
2026-08-11 23:55:38,561 | INFO | [1858/1901] Fetching Virudhachalam (VIDM)
2026-08-11 23:55:39,179 | INFO |    ↳ Status 200
2026-08-11 23:55:39,179 | INFO |    ✓ Found 8 movies
2026-08-11 23:55:39,179 | INFO | [1859/1901] Fetching Virudhunagar (VIRU)
2026-08-11 23:55:39,375 | INFO |    ↳ Status 403
2026-08-11 23:55:39,375 | WARNING |    ⚠ Blocked (403) retry 1
2026-08-11 23:55:39,470 | INFO | 🌐 Session warmed
2026-08-11 23:55:39,616 | INFO |    ↳ Status 403
2026-08-11 23:55:39,616 | WARNING |    ⚠ Blocked (403) retry 2
2026-08-11 23:55:39,718 | INFO | 🌐 Session warmed
2026-08-11 23:55:40,112 | INFO | [1860/1901] Fetching Visnagar (VISN)
2026-08-11 23:55:40,718 | INFO |    ↳ Status 200
2026-08-11 23:55:40,719 | INFO |    ✓ Found 8 movies
2026-08-11 23:55:40,719 | INFO | [1861/1901] Fetching Vissannapeta (VSNP)
2026-08-11 23:55:41,101 | INFO |    ↳ Status 403
2026-08-11 23:55:41,102 | WARNING |    ⚠ Blocked (403) retry 2
2026-08-11 23:55:41,170 | INFO | 🌐 Session warmed
2026-08-11 23:55:41,444 | INFO |    ↳ Status 403
2026-08-11 23:55:41,444 | WARNING |    ⚠ Blocked (403) retry 1
2026-08-11 23:55:41,528 | INFO | 🌐 Session warmed
2026-08-11 23:55:42,238 | INFO |    ↳ Status 200
2026-08-11 23:55:42,239 | INFO |    ✓ Found 8 movies
2026-08-11 23:55:42,239 | INFO | [1862/1901] Fetching Vita (VITA)
2026-08-11 23:55:42,417 | INFO |    ↳ Status 403
2026-08-11 23:55:42,417 | WARNING |    ⚠ Blocked (403) retry 3
2026-08-11 23:55:42,487 | INFO | 🌐 Session warmed
2026-08-11 23:55:43,780 | INFO |    ↳ Status 403
2026-08-11 23:55:43,780 | WARNING |    ⚠ Blocked (403) retry 2
2026-08-11 23:55:43,824 | INFO |    ↳ Status 200
2026-08-11 23:55:43,824 | INFO |    ✓ Found 8 movies
2026-08-11 23:55:43,825 | INFO | [1863/1901] Fetching Vithlapur (VTHC)
2026-08-11 23:55:43,854 | INFO | 🌐 Session warmed
2026-08-11 23:55:44,262 | INFO |    ↳ Status 403
2026-08-11 23:55:44,262 | WARNING |    ⚠ Blocked (403) retry 3
2026-08-11 23:55:44,337 | INFO | 🌐 Session warmed
2026-08-11 23:55:45,308 | INFO |    ↳ Status 200
2026-08-11 23:55:45,308 | INFO |    ✓ Found 8 movies
2026-08-11 23:55:45,308 | INFO | [1864/1901] Fetching Vizag (Visakhapatnam) (VIZA)
2026-08-11 23:55:46,487 | INFO | [1865/1901] Fetching Vizianagaram (VIZI)
2026-08-11 23:55:47,046 | INFO |    ↳ Status 200
2026-08-11 23:55:47,046 | INFO |    ✓ Found 8 movies
2026-08-11 23:55:47,046 | INFO | [1866/1901] Fetching Vrindavan (VRIN)
2026-08-11 23:55:47,258 | INFO |    ↳ Status 403
2026-08-11 23:55:47,258 | WARNING |    ⚠ Blocked (403) retry 3
2026-08-11 23:55:47,339 | INFO | 🌐 Session warmed
2026-08-11 23:55:47,386 | INFO |    ↳ Status 403
2026-08-11 23:55:47,386 | WARNING |    ⚠ Blocked (403) retry 1
2026-08-11 23:55:47,482 | INFO | 🌐 Session warmed
2026-08-11 23:55:48,145 | INFO |    ↳ Status 200
2026-08-11 23:55:48,145 | INFO |    ✓ Found 8 movies
2026-08-11 23:55:48,145 | INFO | [1867/1901] Fetching Vuyyuru (VYUR)
2026-08-11 23:55:48,338 | INFO | [1868/1901] Fetching Vyara (VYAR)
2026-08-11 23:55:49,442 | INFO |    ↳ Status 403
2026-08-11 23:55:49,442 | WARNING |    ⚠ Blocked (403) retry 1
2026-08-11 23:55:49,493 | INFO |    ↳ Status 403
2026-08-11 23:55:49,493 | WARNING |    ⚠ Blocked (403) retry 2
2026-08-11 23:55:49,522 | INFO | 🌐 Session warmed
2026-08-11 23:55:49,579 | INFO | 🌐 Session warmed
2026-08-11 23:55:49,654 | INFO |    ↳ Status 200
2026-08-11 23:55:49,655 | INFO |    ✓ Found 8 movies
2026-08-11 23:55:49,655 | INFO | [1869/1901] Fetching Wadakkancherry (WADA)
2026-08-11 23:55:50,927 | INFO |    ↳ Status 200
2026-08-11 23:55:50,928 | INFO |    ✓ Found 8 movies
2026-08-11 23:55:50,928 | INFO | [1870/1901] Fetching Wai (WAIP)
2026-08-11 23:55:51,339 | INFO | [1871/1901] Fetching Waluj (WALU)
2026-08-11 23:55:51,864 | INFO |    ↳ Status 403
2026-08-11 23:55:51,864 | WARNING |    ⚠ Blocked (403) retry 2
2026-08-11 23:55:51,945 | INFO | 🌐 Session warmed
2026-08-11 23:55:52,223 | INFO |    ↳ Status 200
2026-08-11 23:55:52,223 | INFO |    ✓ Found 8 movies
2026-08-11 23:55:52,224 | INFO | [1872/1901] Fetching Wanaparthy (WANA)
2026-08-11 23:55:52,523 | INFO |    ↳ Status 403
2026-08-11 23:55:52,523 | WARNING |    ⚠ Blocked (403) retry 3
2026-08-11 23:55:52,609 | INFO | 🌐 Session warmed
2026-08-11 23:55:52,724 | INFO |    ↳ Status 403
2026-08-11 23:55:52,724 | WARNING |    ⚠ Blocked (403) retry 1
2026-08-11 23:55:52,812 | INFO | 🌐 Session warmed
2026-08-11 23:55:53,328 | INFO |    ↳ Status 200
2026-08-11 23:55:53,328 | INFO |    ✓ Found 8 movies
2026-08-11 23:55:53,328 | INFO | [1873/1901] Fetching Wani (WANI)
2026-08-11 23:55:54,560 | INFO |    ↳ Status 200
2026-08-11 23:55:54,560 | INFO |    ✓ Found 8 movies
2026-08-11 23:55:54,560 | INFO | [1874/1901] Fetching Warangal (WAR)
2026-08-11 23:55:54,731 | INFO |    ↳ Status 403
2026-08-11 23:55:54,731 | WARNING |    ⚠ Blocked (403) retry 3
2026-08-11 23:55:54,796 | INFO | 🌐 Session warmed
2026-08-11 23:55:55,140 | INFO |    ↳ Status 403
2026-08-11 23:55:55,140 | WARNING |    ⚠ Blocked (403) retry 2
2026-08-11 23:55:55,225 | INFO | 🌐 Session warmed
2026-08-11 23:55:56,276 | INFO |    ↳ Status 200
2026-08-11 23:55:56,276 | INFO |    ✓ Found 8 movies
2026-08-11 23:55:56,276 | INFO | [1875/1901] Fetching Wardha (WARD)
2026-08-11 23:55:56,609 | INFO | [1876/1901] Fetching Warora (WRRA)
2026-08-11 23:55:57,867 | INFO |    ↳ Status 403
2026-08-11 23:55:57,868 | WARNING |    ⚠ Blocked (403) retry 1
2026-08-11 23:55:57,871 | INFO |    ↳ Status 200
2026-08-11 23:55:57,871 | INFO |    ✓ Found 8 movies
2026-08-11 23:55:57,871 | INFO | [1877/1901] Fetching Washim (WASH)
2026-08-11 23:55:57,943 | INFO | 🌐 Session warmed
2026-08-11 23:55:58,037 | INFO |    ↳ Status 403
2026-08-11 23:55:58,037 | WARNING |    ⚠ Blocked (403) retry 3
2026-08-11 23:55:58,128 | INFO | 🌐 Session warmed
2026-08-11 23:55:58,797 | INFO | [1878/1901] Fetching Wayanad (WAYA)
2026-08-11 23:55:58,814 | INFO |    ↳ Status 200
2026-08-11 23:55:58,814 | INFO |    ✓ Found 8 movies
2026-08-11 23:55:58,814 | INFO | [1879/1901] Fetching West Kameng (WTKN)
2026-08-11 23:55:59,751 | INFO |    ↳ Status 403
2026-08-11 23:55:59,751 | WARNING |    ⚠ Blocked (403) retry 2
2026-08-11 23:55:59,833 | INFO | 🌐 Session warmed
2026-08-11 23:56:00,119 | INFO |    ↳ Status 403
2026-08-11 23:56:00,119 | WARNING |    ⚠ Blocked (403) retry 1
2026-08-11 23:56:00,181 | INFO |    ↳ Status 200
2026-08-11 23:56:00,181 | INFO |    ✓ Found 8 movies
2026-08-11 23:56:00,181 | INFO | [1880/1901] Fetching Wyra (WWAR)
2026-08-11 23:56:00,219 | INFO | 🌐 Session warmed
2026-08-11 23:56:01,251 | INFO |    ↳ Status 200
2026-08-11 23:56:01,251 | INFO |    ✓ Found 8 movies
2026-08-11 23:56:01,251 | INFO | [1881/1901] Fetching Yadagirigutta (YADG)
2026-08-11 23:56:02,128 | INFO | [1882/1901] Fetching Yamunanagar (YAMU)
2026-08-11 23:56:02,315 | INFO |    ↳ Status 403
2026-08-11 23:56:02,315 | WARNING |    ⚠ Blocked (403) retry 2
2026-08-11 23:56:02,403 | INFO | 🌐 Session warmed
2026-08-11 23:56:02,894 | INFO |    ↳ Status 200
2026-08-11 23:56:02,894 | INFO |    ✓ Found 8 movies
2026-08-11 23:56:02,894 | INFO | [1883/1901] Fetching Yanam (YANM)
2026-08-11 23:56:03,240 | INFO |    ↳ Status 403
2026-08-11 23:56:03,240 | WARNING |    ⚠ Blocked (403) retry 3
2026-08-11 23:56:03,311 | INFO | 🌐 Session warmed
2026-08-11 23:56:03,482 | INFO |    ↳ Status 403
2026-08-11 23:56:03,482 | WARNING |    ⚠ Blocked (403) retry 1
2026-08-11 23:56:03,554 | INFO | 🌐 Session warmed
2026-08-11 23:56:03,998 | INFO |    ↳ Status 200
2026-08-11 23:56:03,998 | INFO |    ✓ Found 8 movies
2026-08-11 23:56:03,998 | INFO | [1884/1901] Fetching Yangon (MYAN)
2026-08-11 23:56:05,325 | INFO |    ↳ Status 200
2026-08-11 23:56:05,325 | INFO |    ✓ Found 3 movies
2026-08-11 23:56:05,325 | INFO | [1885/1901] Fetching Yavatmal (YAVA)
2026-08-11 23:56:05,432 | INFO |    ↳ Status 403
2026-08-11 23:56:05,433 | WARNING |    ⚠ Blocked (403) retry 3
2026-08-11 23:56:05,523 | INFO | 🌐 Session warmed
2026-08-11 23:56:05,835 | INFO |    ↳ Status 403
2026-08-11 23:56:05,835 | WARNING |    ⚠ Blocked (403) retry 2
2026-08-11 23:56:05,923 | INFO | 🌐 Session warmed
2026-08-11 23:56:06,566 | INFO |    ↳ Status 200
2026-08-11 23:56:06,566 | INFO |    ✓ Found 8 movies
2026-08-11 23:56:06,566 | INFO | [1886/1901] Fetching Yelagiri (YLGA)
2026-08-11 23:56:07,312 | INFO | [1887/1901] Fetching Yelburga (YELB)
2026-08-11 23:56:07,604 | INFO |    ↳ Status 200
2026-08-11 23:56:07,604 | INFO |    ✓ Found 8 movies
2026-08-11 23:56:07,604 | INFO | [1888/1901] Fetching Yeleswaram (YELE)
2026-08-11 23:56:07,973 | INFO |    ↳ Status 403
2026-08-11 23:56:07,973 | WARNING |    ⚠ Blocked (403) retry 1
2026-08-11 23:56:08,059 | INFO | 🌐 Session warmed
2026-08-11 23:56:08,801 | INFO |    ↳ Status 200
2026-08-11 23:56:08,802 | INFO |    ✓ Found 8 movies
2026-08-11 23:56:08,802 | INFO | [1889/1901] Fetching Yellamanchili (YLMN)
2026-08-11 23:56:08,810 | INFO |    ↳ Status 403
2026-08-11 23:56:08,810 | WARNING |    ⚠ Blocked (403) retry 3
2026-08-11 23:56:08,899 | INFO | 🌐 Session warmed
2026-08-11 23:56:09,523 | INFO | [1890/1901] Fetching Yellandu (YRLL)
2026-08-11 23:56:09,986 | INFO |    ↳ Status 403
2026-08-11 23:56:09,986 | WARNING |    ⚠ Blocked (403) retry 2
2026-08-11 23:56:10,066 | INFO | 🌐 Session warmed
2026-08-11 23:56:10,147 | INFO |    ↳ Status 200
2026-08-11 23:56:10,147 | INFO |    ✓ Found 8 movies
2026-08-11 23:56:10,148 | INFO | [1891/1901] Fetching Yellareddy (YLLR)
2026-08-11 23:56:10,164 | INFO |    ↳ Status 403
2026-08-11 23:56:10,164 | WARNING |    ⚠ Blocked (403) retry 1
2026-08-11 23:56:10,236 | INFO | 🌐 Session warmed
2026-08-11 23:56:11,649 | INFO |    ↳ Status 200
2026-08-11 23:56:11,649 | INFO |    ✓ Found 8 movies
2026-08-11 23:56:11,649 | INFO | [1892/1901] Fetching Yellareddypet (YLRD)
2026-08-11 23:56:11,921 | INFO |    ↳ Status 403
2026-08-11 23:56:11,921 | WARNING |    ⚠ Blocked (403) retry 2
2026-08-11 23:56:12,005 | INFO | 🌐 Session warmed
2026-08-11 23:56:12,900 | INFO | [1893/1901] Fetching Yemmiganur (YEMM)
2026-08-11 23:56:13,139 | INFO |    ↳ Status 200
2026-08-11 23:56:13,139 | INFO |    ✓ Found 8 movies
2026-08-11 23:56:13,139 | INFO | [1894/1901] Fetching Yeola (YEOL)
2026-08-11 23:56:13,405 | INFO |    ↳ Status 403
2026-08-11 23:56:13,405 | WARNING |    ⚠ Blocked (403) retry 3
2026-08-11 23:56:13,494 | INFO | 🌐 Session warmed
2026-08-11 23:56:13,794 | INFO |    ↳ Status 403
2026-08-11 23:56:13,794 | WARNING |    ⚠ Blocked (403) retry 1
2026-08-11 23:56:13,879 | INFO | 🌐 Session warmed
2026-08-11 23:56:14,703 | INFO |    ↳ Status 200
2026-08-11 23:56:14,703 | INFO |    ✓ Found 8 movies
2026-08-11 23:56:14,703 | INFO | [1895/1901] Fetching Yerragondapalem (YERA)
2026-08-11 23:56:14,885 | INFO |    ↳ Status 403
2026-08-11 23:56:14,885 | WARNING |    ⚠ Blocked (403) retry 3
2026-08-11 23:56:14,967 | INFO | 🌐 Session warmed
2026-08-11 23:56:16,009 | INFO |    ↳ Status 403
2026-08-11 23:56:16,009 | WARNING |    ⚠ Blocked (403) retry 2
2026-08-11 23:56:16,060 | INFO |    ↳ Status 200
2026-08-11 23:56:16,060 | INFO |    ✓ Found 8 movies
2026-08-11 23:56:16,061 | INFO | [1896/1901] Fetching Yerraguntla (YERR)
2026-08-11 23:56:16,076 | INFO | 🌐 Session warmed
2026-08-11 23:56:17,487 | INFO |    ↳ Status 200
2026-08-11 23:56:17,488 | INFO |    ✓ Found 8 movies
2026-08-11 23:56:17,488 | INFO | [1897/1901] Fetching Yewat (YEWE)
2026-08-11 23:56:17,495 | INFO | [1898/1901] Fetching Yuksom (YUKS)
2026-08-11 23:56:18,206 | INFO |    ↳ Status 403
2026-08-11 23:56:18,206 | WARNING |    ⚠ Blocked (403) retry 1
2026-08-11 23:56:18,286 | INFO | 🌐 Session warmed
2026-08-11 23:56:18,496 | INFO |    ↳ Status 200
2026-08-11 23:56:18,496 | INFO |    ✓ Found 8 movies
2026-08-11 23:56:18,496 | INFO | [1899/1901] Fetching Zaheerabad (ZAGE)
2026-08-11 23:56:18,968 | INFO | [1900/1901] Fetching Zarap (ZARA)
2026-08-11 23:56:19,272 | INFO |    ↳ Status 403
2026-08-11 23:56:19,272 | WARNING |    ⚠ Blocked (403) retry 3
2026-08-11 23:56:19,362 | INFO | 🌐 Session warmed
2026-08-11 23:56:19,451 | INFO |    ↳ Status 200
2026-08-11 23:56:19,451 | INFO |    ✓ Found 8 movies
2026-08-11 23:56:19,451 | INFO | [1901/1901] Fetching Ziro (ZIRO)
2026-08-11 23:56:20,304 | INFO |    ↳ Status 403
2026-08-11 23:56:20,304 | WARNING |    ⚠ Blocked (403) retry 1
2026-08-11 23:56:20,376 | INFO | 🌐 Session warmed
2026-08-11 23:56:20,378 | INFO |    ↳ Status 403
2026-08-11 23:56:20,378 | WARNING |    ⚠ Blocked (403) retry 2
2026-08-11 23:56:20,468 | INFO | 🌐 Session warmed
2026-08-11 23:56:20,671 | INFO |    ↳ Status 200
2026-08-11 23:56:20,671 | INFO |    ✓ Found 8 movies
2026-08-11 23:56:22,655 | INFO |    ↳ Status 403
2026-08-11 23:56:22,655 | WARNING |    ⚠ Blocked (403) retry 2
2026-08-11 23:56:22,742 | INFO | 🌐 Session warmed
2026-08-11 23:56:23,279 | INFO |    ↳ Status 403
2026-08-11 23:56:23,279 | WARNING |    ⚠ Blocked (403) retry 3
2026-08-11 23:56:23,351 | INFO | 🌐 Session warmed
2026-08-11 23:56:25,427 | INFO |    ↳ Status 403
2026-08-11 23:56:25,427 | WARNING |    ⚠ Blocked (403) retry 3
2026-08-11 23:56:25,509 | INFO | 🌐 Session warmed
2026-08-11 23:56:29,517 | INFO | 
🏆 Top 20 Trending Movies

2026-08-11 23:56:29,517 | INFO |  1. Toxic: A Fairy Tale for Grown-ups | Points: 5256 | Cities: 705
2026-08-11 23:56:29,517 | INFO |  2. Awarapan 2                     | Points: 3528 | Cities: 477
2026-08-11 23:56:29,517 | INFO |  3. Spider-Man: Brand New Day      | Points: 3225 | Cities: 703
2026-08-11 23:56:29,517 | INFO |  4. Vishwanath and Sons            | Points: 2460 | Cities: 363
2026-08-11 23:56:29,517 | INFO |  5. Batwara 1947                   | Points: 1918 | Cities: 344
2026-08-11 23:56:29,517 | INFO |  6. The Odyssey                    | Points: 1059 | Cities: 442
2026-08-11 23:56:29,517 | INFO |  7. Main Vaapas Aaunga             | Points: 902  | Cities: 258
2026-08-11 23:56:29,517 | INFO |  8. Korean Kanakaraju              | Points: 778  | Cities: 168
2026-08-11 23:56:29,517 | INFO |  9. Hushar Pittalu                 | Points: 760  | Cities: 168
2026-08-11 23:56:29,517 | INFO | 10. DC                             | Points: 702  | Cities: 127
2026-08-11 23:56:29,517 | INFO | 11. Hanuman Ansh                   | Points: 512  | Cities: 188
2026-08-11 23:56:29,517 | INFO | 12. Chennai Love Story             | Points: 504  | Cities: 168
2026-08-11 23:56:29,517 | INFO | 13. Life Today                     | Points: 414  | Cities: 69
2026-08-11 23:56:29,517 | INFO | 14. Guruthwakarshane               | Points: 400  | Cities: 50
2026-08-11 23:56:29,517 | INFO | 15. Digger                         | Points: 393  | Cities: 84
2026-08-11 23:56:29,517 | INFO | 16. Ramayana                       | Points: 376  | Cities: 182
2026-08-11 23:56:29,517 | INFO | 17. Jana Nayagan                   | Points: 358  | Cities: 74
2026-08-11 23:56:29,517 | INFO | 18. Shaun the Sheep: The Beast of Mossy Bottom | Points: 350  | Cities: 50
2026-08-11 23:56:29,517 | INFO | 19. Khalifa                        | Points: 330  | Cities: 55
2026-08-11 23:56:29,517 | INFO | 20. Kalyanam Kamaniyam Jeevitam    | Points: 328  | Cities: 41
2026-08-11 23:56:29,517 | INFO | 
📊 Run Summary
2026-08-11 23:56:29,517 | INFO |    Success Cities : 905
2026-08-11 23:56:29,517 | INFO |    Failed Cities  : 0
2026-08-11 23:56:29,517 | INFO |    Success Rate   : 47.61%
2026-08-11 23:56:29,518 | INFO | 
✅ Rankings saved to Data/2026/Rankings_2026-08-12.json

